date,equity,cash,stock_val,etf_sh,etf_val
2020-01-02,1000000.0,1000000.0,0.0,0,0.0
2020-01-03,1000000.0,1000000.0,0.0,0,0.0
2020-01-06,1000000.0,1000000.0,0.0,0,0.0
2020-01-07,1000000.0,1000000.0,0.0,0,0.0
2020-01-08,1000000.0,1000000.0,0.0,0,0.0
2020-01-09,1000000.0,1000000.0,0.0,0,0.0
2020-01-10,1000000.0,1000000.0,0.0,0,0.0
2020-01-13,1000000.0,1000000.0,0.0,0,0.0
2020-01-14,1000000.0,1000000.0,0.0,0,0.0
2020-01-15,1000000.0,1000000.0,0.0,0,0.0
2020-01-16,1000000.0,1000000.0,0.0,0,0.0
2020-01-17,1000000.0,1000000.0,0.0,0,0.0
2020-01-20,1000000.0,1000000.0,0.0,0,0.0
2020-01-21,1000000.0,1000000.0,0.0,0,0.0
2020-01-22,1000000.0,1000000.0,0.0,0,0.0
2020-01-23,1000000.0,1000000.0,0.0,0,0.0
2020-02-03,1000000.0,1000000.0,0.0,0,0.0
2020-02-04,1000000.0,1000000.0,0.0,0,0.0
2020-02-05,1000000.0,1000000.0,0.0,0,0.0
2020-02-06,1000000.0,1000000.0,0.0,0,0.0
2020-02-07,1000000.0,1000000.0,0.0,0,0.0
2020-02-10,1000000.0,1000000.0,0.0,0,0.0
2020-02-11,1000000.0,1000000.0,0.0,0,0.0
2020-02-12,1000000.0,1000000.0,0.0,0,0.0
2020-02-13,1000000.0,1000000.0,0.0,0,0.0
2020-02-14,1000000.0,1000000.0,0.0,0,0.0
2020-02-17,1000000.0,1000000.0,0.0,0,0.0
2020-02-18,1000000.0,1000000.0,0.0,0,0.0
2020-02-19,1000000.0,1000000.0,0.0,0,0.0
2020-02-20,1000000.0,1000000.0,0.0,0,0.0
2020-02-21,1000000.0,1000000.0,0.0,0,0.0
2020-02-24,1000000.0,1000000.0,0.0,0,0.0
2020-02-25,1000000.0,1000000.0,0.0,0,0.0
2020-02-26,1000000.0,1000000.0,0.0,0,0.0
2020-02-27,1000000.0,1000000.0,0.0,0,0.0
2020-02-28,1000000.0,1000000.0,0.0,0,0.0
2020-03-02,1004324.3473688001,609388.3473688001,394936.0,0,0.0
2020-03-03,1012205.3473688001,609388.3473688001,402817.0,0,0.0
2020-03-04,1012018.3473688001,609388.3473688001,402630.0,0,0.0
2020-03-05,1018821.3473688001,609388.3473688001,409433.0,0,0.0
2020-03-06,1012591.3473688001,609388.3473688001,403203.0,0,0.0
2020-03-09,991568.3473688001,609388.3473688001,382180.0,0,0.0
2020-03-10,1013532.6106947601,422098.6106947601,591434.0,0,0.0
2020-03-11,1011657.6106947601,422098.6106947601,589559.0,0,0.0
2020-03-12,989483.6106947601,422098.6106947601,567385.0,0,0.0
2020-03-13,985169.9883532801,5121.188353280188,758372.0,121600,221676.8
2020-03-16,929215.5883532802,5121.188353280188,707768.0,121600,216326.4
2020-03-17,925192.8634811102,161.8634811101649,925031.0,0,0.0
2020-03-18,905423.8634811102,161.8634811101649,905262.0,0,0.0
2020-03-19,882234.8634811102,161.8634811101649,882073.0,0,0.0
2020-03-20,894101.8634811102,161.8634811101649,893940.0,0,0.0
2020-03-23,851187.8634811102,161.8634811101649,851026.0,0,0.0
2020-03-24,880761.8634811102,161.8634811101649,880600.0,0,0.0
2020-03-25,920141.8634811102,161.8634811101649,919980.0,0,0.0
2020-03-26,914737.8634811102,161.8634811101649,914576.0,0,0.0
2020-03-27,908264.8634811102,161.8634811101649,908103.0,0,0.0
2020-03-30,905504.8634811102,161.8634811101649,905343.0,0,0.0
2020-03-31,908887.8634811102,161.8634811101649,908726.0,0,0.0
2020-04-01,910129.8634811102,161.8634811101649,909968.0,0,0.0
2020-04-02,922524.8634811102,161.8634811101649,922363.0,0,0.0
2020-04-03,908301.8634811102,161.8634811101649,908140.0,0,0.0
2020-04-07,928206.8634811102,161.8634811101649,928045.0,0,0.0
2020-04-08,918524.8634811102,161.8634811101649,918363.0,0,0.0
2020-04-09,912123.8634811102,161.8634811101649,911962.0,0,0.0
2020-04-10,917502.8634811102,161.8634811101649,917341.0,0,0.0
2020-04-13,899380.8634811102,161.8634811101649,899219.0,0,0.0
2020-04-14,940851.8634811102,161.8634811101649,940690.0,0,0.0
2020-04-15,949070.2453313102,5028.045331310306,560867.0,203600,383175.19999999995
2020-04-16,943108.6453313102,5028.045331310306,557145.0,203600,380935.6
2020-04-17,961812.4850784703,5027.885078470339,1167.0,499800,955617.6
2020-04-20,961800.4850784703,5027.885078470339,1155.0,499800,955617.6
2020-04-21,942293.2850784704,5027.885078470339,1140.0,499800,936125.4
2020-04-22,931800.4850784704,5027.885078470339,1143.0,499800,925629.6000000001
2020-04-23,941284.6850784704,5027.885078470339,1131.0,499800,935125.8
2020-04-24,935266.0850784703,5027.885078470339,1110.0,499800,929128.2
2020-04-27,954749.2850784702,5027.885078470339,1101.0,499800,948620.3999999999
2020-04-28,963706.6850784703,5027.885078470339,1062.0,499800,957616.7999999999
2020-04-29,973816.7249539304,3778.1249539303826,204204.0,396600,765834.6
2020-04-30,1000548.7249539304,3778.1249539303826,215072.0,396600,781698.6
2020-05-06,994462.3249539305,3778.1249539303826,218504.0,396600,772180.2000000001
2020-05-07,982083.9249539304,3778.1249539303826,215644.0,396600,762661.8
2020-05-08,994370.7249539304,3778.1249539303826,220792.0,396600,769800.6
2020-05-11,1010726.8913756504,205129.6913756504,0.0,410600,805597.2
2020-05-12,999875.1581246504,5042.558124650437,197251.0,412400,797581.6
2020-05-13,989561.3581246503,5042.558124650437,196010.0,412400,788508.7999999999
2020-05-14,973402.7581246505,5042.558124650437,191811.0,412400,776549.2
2020-05-15,985701.7581246505,5042.558124650437,193800.0,412400,786859.2
2020-05-18,1006258.9581246504,5042.558124650437,202810.0,412400,798406.4
2020-05-19,1022815.9581246504,5042.558124650437,198747.0,412400,819026.4
2020-05-20,1007193.7581246505,5042.558124650437,192610.0,412400,809541.2000000001
2020-05-21,1011465.7581246505,5042.558124650437,194820.0,412400,811603.2
2020-05-22,1009041.1581246504,5042.558124650437,198169.0,412400,805829.6
2020-05-25,1027733.3581246505,5042.558124650437,203252.0,412400,819438.8
2020-05-26,1036877.9296632105,4625.129663210479,599783.0,214200,432469.80000000005
2020-05-27,1029664.9296632105,4625.129663210479,592570.0,214200,432469.80000000005
2020-05-28,1032346.7296632105,4625.129663210479,590111.0,214200,437610.60000000003
2020-05-29,1029661.9296632104,4625.129663210479,590425.0,214200,434611.8
2020-06-01,1052161.7296632105,4625.129663210479,612068.0,214200,435468.6
2020-06-02,1055535.3296632105,4625.129663210479,614799.0,214200,436111.2
2020-06-03,1058684.5296632105,4625.129663210479,612379.0,214200,441680.39999999997
2020-06-04,975857.1296632104,4625.129663210479,527838.0,214200,443393.99999999994
2020-06-05,975834.5296632105,4625.129663210479,524174.0,214200,447035.4
2020-06-08,991073.5296632105,4625.129663210479,532987.0,214200,453461.4
2020-06-09,995542.5296632105,4625.129663210479,531030.0,214200,459887.39999999997
2020-06-10,993945.5296632105,4625.129663210479,530504.0,214200,458816.39999999997
2020-06-11,970254.9296632104,4625.129663210479,519237.0,214200,446392.8
2020-06-12,957781.1296632105,4625.129663210479,520472.0,214200,432684.0
2020-06-15,942590.3296632105,4625.129663210479,517919.0,214200,420046.2
2020-06-16,978535.7296632105,4625.129663210479,533087.0,214200,440823.6
2020-06-17,989071.9296632105,4625.129663210479,539125.0,214200,445321.80000000005
2020-06-18,996956.5665752306,555704.5665752306,0.0,214200,441252.0
2020-06-19,999526.9665752306,555704.5665752306,0.0,214200,443822.4
2020-06-22,993912.7895873307,5065.389587330632,0.0,482600,988847.4
2020-06-23,1002116.9895873306,5065.389587330632,0.0,482600,997051.6
2020-06-24,1004529.9895873307,5065.389587330632,0.0,482600,999464.6000000001
2020-06-29,973160.9895873305,5065.389587330632,0.0,482600,968095.5999999999
2020-06-30,976539.1895873306,5065.389587330632,0.0,482600,971473.7999999999
2020-07-01,991017.1895873307,5065.389587330632,0.0,482600,985951.8
2020-07-02,998738.7895873307,5065.389587330632,0.0,482600,993673.4
2020-07-03,1004529.9895873307,5065.389587330632,0.0,482600,999464.6000000001
2020-07-06,1011768.9895873306,5065.389587330632,0.0,482600,1006703.6
2020-07-07,1003082.1895873307,5065.389587330632,0.0,482600,998016.8
2020-07-08,998738.7895873307,5065.389587330632,0.0,482600,993673.4
2020-07-09,1000186.5895873306,5065.389587330632,0.0,482600,995121.2
2020-07-10,988121.5895873306,5065.389587330632,0.0,482600,983056.2
2020-07-13,1012734.1895873307,5065.389587330632,0.0,482600,1007668.8
2020-07-14,1005012.5895873307,5065.389587330632,0.0,482600,999947.2000000001
2020-07-15,1019973.1895873307,5065.389587330632,0.0,482600,1014907.8
2020-07-16,1016112.3895873307,5065.389587330632,0.0,482600,1011047.0000000001
2020-07-17,1021420.9895873306,5065.389587330632,0.0,482600,1016355.6
2020-07-20,1017077.5895873306,5065.389587330632,0.0,482600,1012012.2
2020-07-21,1033968.5895873307,5065.389587330632,0.0,482600,1028903.2000000001
2020-07-22,1031072.9895873306,5065.389587330632,0.0,482600,1026007.6
2020-07-23,1041690.1895873307,5065.389587330632,0.0,482600,1036624.8
2020-07-24,1021903.5895873307,5065.389587330632,0.0,482600,1016838.2000000001
2020-07-27,1022868.7895873307,5065.389587330632,0.0,482600,1017803.4
2020-07-28,1028659.9895873306,5065.389587330632,0.0,482600,1023594.6
2020-07-29,1026246.9895873307,5065.389587330632,0.0,482600,1021181.6000000001
2020-07-30,1030107.7895873307,5065.389587330632,0.0,482600,1025042.4
2020-07-31,1034933.7895873305,5065.389587330632,0.0,482600,1029868.3999999999
2020-08-03,1035898.9895873307,5065.389587330632,0.0,482600,1030833.6000000001
2020-08-04,1044585.7895873305,5065.389587330632,0.0,482600,1039520.3999999999
2020-08-05,1047963.9895873306,5065.389587330632,0.0,482600,1042898.6
2020-08-06,1055202.9895873307,5065.389587330632,0.0,482600,1050137.6
2020-08-07,1066302.7895873305,5065.389587330632,0.0,482600,1061237.4
2020-08-10,1073059.1895873307,5065.389587330632,0.0,482600,1067993.8
2020-08-11,1069198.3895873306,5065.389587330632,0.0,482600,1064133.0
2020-08-12,1060511.5895873306,5065.389587330632,0.0,482600,1055446.2
2020-08-13,1072576.5895873308,5065.389587330632,0.0,482600,1067511.2000000002
2020-08-14,1072576.5895873308,5065.389587330632,0.0,482600,1067511.2000000002
2020-08-17,1072576.5895873308,5065.389587330632,0.0,482600,1067511.2000000002
2020-08-18,1071128.7895873308,5065.389587330632,0.0,482600,1066063.4000000001
2020-08-19,1077402.5895873306,5065.389587330632,0.0,482600,1072337.2
2020-08-20,1064854.9895873307,5065.389587330632,0.0,482600,1059789.6
2020-08-21,1069680.9895873307,5065.389587330632,0.0,482600,1064615.6
2020-08-24,1079815.5895873306,5065.389587330632,0.0,482600,1074750.2
2020-08-25,1107323.7895873305,5065.389587330632,0.0,482600,1102258.4
2020-08-26,1095258.7895873305,5065.389587330632,0.0,482600,1090193.4
2020-08-27,1109736.7895873308,5065.389587330632,0.0,482600,1104671.4000000001
2020-08-28,1117940.9895873307,5065.389587330632,0.0,482600,1112875.6
2020-08-31,1127592.9895873307,5065.389587330632,0.0,482600,1122527.6
2020-09-01,1112632.3895873306,5065.389587330632,0.0,482600,1107567.0
2020-09-02,1124599.9479581907,4951.9479581906635,193050.0,397000,926598.0
2020-09-03,1178127.9479581907,4951.9479581906635,194571.0,397000,978605.0
2020-09-04,1115257.0008120507,4388.500812050654,391439.99999999994,310500,719428.5
2020-09-07,1066433.5008120507,4388.500812050654,375840.0,310500,686205.0
2020-09-08,1065147.1083501307,5908.208350130764,762332.0,131900,296906.89999999997
2020-09-09,1017673.1830682558,6657.183068255748,924296.0,40000,86720.0
2020-09-10,1000000.9220777757,178.92207777574367,999822.0,0,0.0
2020-09-11,1028940.9220777757,178.92207777574367,1028762.0,0,0.0
2020-09-14,1037942.9220777757,178.92207777574367,1037764.0,0,0.0
2020-09-15,1038542.9220777757,178.92207777574367,1038364.0,0,0.0
2020-09-16,1027045.9220777757,178.92207777574367,1026867.0,0,0.0
2020-09-17,1035232.9220777757,178.92207777574367,1035054.0,0,0.0
2020-09-18,1060608.9220777757,178.92207777574367,1060430.0,0,0.0
2020-09-21,1055855.9220777757,178.92207777574367,1055677.0,0,0.0
2020-09-22,1033651.9220777757,178.92207777574367,1033473.0,0,0.0
2020-09-23,1038150.9220777757,178.92207777574367,1037972.0,0,0.0
2020-09-24,1009423.9220777757,178.92207777574367,1009245.0,0,0.0
2020-09-25,1005244.9220777757,178.92207777574367,1005066.0,0,0.0
2020-09-28,1014248.9220777757,178.92207777574367,1014070.0,0,0.0
2020-09-29,1017382.9220777757,178.92207777574367,1017204.0,0,0.0
2020-09-30,1006423.9220777757,178.92207777574367,1006245.0,0,0.0
2020-10-09,1047650.9220777757,178.92207777574367,1047472.0,0,0.0
2020-10-12,1076599.8894127358,204711.88941273576,871888.0,0,0.0
2020-10-13,1062112.3222355358,5217.622235535788,1054876.0,900,2018.6999999999998
2020-10-14,1037046.2222355357,5217.622235535788,1029818.0,900,2010.6
2020-10-15,1036696.7222355357,5217.622235535788,1029500.0,900,1979.1
2020-10-16,1021787.1260659158,2223.126065915788,1019564.0,0,0.0
2020-10-19,1026809.1260659158,2223.126065915788,1024586.0,0,0.0
2020-10-20,1041453.1260659158,2223.126065915788,1039230.0,0,0.0
2020-10-21,1020457.1260659158,2223.126065915788,1018234.0,0,0.0
2020-10-22,1021918.1260659158,2223.126065915788,1019695.0,0,0.0
2020-10-23,1012012.1260659158,2223.126065915788,1009789.0,0,0.0
2020-10-26,1008938.1260659158,2223.126065915788,1006715.0,0,0.0
2020-10-27,1017345.1260659158,2223.126065915788,1015122.0,0,0.0
2020-10-28,1046767.4724788558,689835.4724788558,356932.0,0,0.0
2020-10-29,1040545.4724788558,689835.4724788558,350710.0,0,0.0
2020-10-30,1036045.4724788558,689835.4724788558,346210.0,0,0.0
2020-11-02,1040039.4724788558,689835.4724788558,350204.0,0,0.0
2020-11-03,1042706.4724788558,689835.4724788558,352871.0,0,0.0
2020-11-04,1041837.3714928558,5036.371492855833,352857.0,319600,683944.0
2020-11-05,1062651.571492856,5036.371492855833,365042.0,319600,692573.2
2020-11-06,1061258.9714928558,5036.371492855833,360773.0,319600,695449.6000000001
2020-11-09,1101940.387993086,5003.3879930858675,185312.0,412500,911625.0
2020-11-10,1094551.387993086,5003.3879930858675,182048.0,412500,907500.0000000001
2020-11-11,1087828.387993086,5003.3879930858675,171200.0,412500,911625.0
2020-11-12,1090993.265146276,5183.265146275877,361832.0,327000,723978.0
2020-11-13,1088951.265146276,5183.265146275877,360444.0,327000,723324.0000000001
2020-11-16,1097985.1144085159,5173.71440851588,554283.0,240200,538528.4
2020-11-17,1067429.5144085158,5173.71440851588,525649.0,240200,536606.8
2020-11-18,1047114.3013146658,5166.3013146658595,895956.0,66000,145992.0
2020-11-19,1064469.301314666,5166.3013146658595,913377.0,66000,145926.0
2020-11-20,1073835.301314666,5166.3013146658595,923337.0,66000,145332.0
2020-11-23,1097284.301314666,5166.3013146658595,946984.0,66000,145134.0
2020-11-24,1086682.301314666,5166.3013146658595,934204.0,66000,147312.0
2020-11-25,1071568.301314666,5166.3013146658595,917968.0,66000,148434.0
2020-11-26,1069299.301314666,5166.3013146658595,915699.0,66000,148434.0
2020-11-27,1090154.301314666,5166.3013146658595,936950.0,66000,148038.0
2020-11-30,1101178.301314666,5166.3013146658595,948700.0,66000,147312.0
2020-12-01,1124340.301314666,5166.3013146658595,970278.0,66000,148896.0
2020-12-02,1122966.301314666,5166.3013146658595,969300.0,66000,148500.0
2020-12-03,1139847.301314666,5166.3013146658595,985587.0,66000,149094.0
2020-12-04,1157302.301314666,5166.3013146658595,1003438.0,66000,148698.0
2020-12-07,1181692.0735658559,5109.073565855884,842938.0,147500,333645.0
2020-12-08,1184142.5735658559,5109.073565855884,846126.0,147500,332907.5
2020-12-09,1191100.071979956,438662.5719799559,416580.00000000006,147500,335857.5
2020-12-10,1198401.194703896,5068.194703895977,621673.0,252500,571660.0
2020-12-11,1190260.694703896,5068.194703895977,613280.0,252500,571912.5
2020-12-14,1186404.194703896,5068.194703895977,607656.0,252500,573680.0
2020-12-15,1186930.398041096,5057.398041096021,811419.0,164500,370453.99999999994
2020-12-16,1194155.063799746,5219.063799746058,1011649.0,78100,177287.0
2020-12-17,1213253.8637997461,5219.063799746058,1030123.0,78100,177911.8
2020-12-18,1221728.563799746,5219.063799746058,1038051.0,78100,178458.5
2020-12-21,1241577.904315546,469498.0043155461,594090.0,78100,177989.9
2020-12-22,1234500.804315546,469498.0043155461,588653.0,78100,176349.8
2020-12-23,1240620.755077146,685169.7550771461,378945.0,78100,176505.99999999997
2020-12-24,1240522.355077146,685169.7550771461,378378.0,78100,176974.6
2020-12-25,1235635.955077146,685169.7550771461,373023.0,78100,177443.19999999998
2020-12-28,1245252.055077146,685169.7550771461,381780.0,78100,178302.3
2020-12-29,1248593.155077146,685169.7550771461,383481.0,78100,179942.4
2020-12-30,1249941.655077146,685169.7550771461,386001.0,78100,178770.90000000002
2020-12-31,1254396.955077146,685169.7550771461,390222.0,78100,179005.19999999998
2021-01-04,1259507.755077146,685169.7550771461,396270.0,78100,178067.99999999997
2021-01-05,1270210.7396359863,1094876.2396359863,0.0,78100,175334.5
2021-01-06,1270523.1396359862,1094876.2396359863,0.0,78100,175646.9
2021-01-07,1273178.5396359863,1094876.2396359863,0.0,78100,178302.3
2021-01-08,1275912.0396359863,1094876.2396359863,0.0,78100,181035.80000000002
2021-01-11,1275131.0396359863,1094876.2396359863,0.0,78100,180254.8
2021-01-12,1275443.4396359862,1094876.2396359863,0.0,78100,180567.19999999998
2021-01-13,1274974.8396359864,1094876.2396359863,0.0,78100,180098.6
2021-01-14,1276146.3396359864,1094876.2396359863,0.0,78100,181270.1
2021-01-15,1274584.3396359864,1094876.2396359863,0.0,78100,179708.1
2021-01-18,1274037.6396359862,1094876.2396359863,0.0,78100,179161.4
2021-01-19,1275365.3396359864,1094876.2396359863,0.0,78100,180489.1
2021-01-20,1275052.9396359862,1094876.2396359863,0.0,78100,180176.69999999998
2021-01-21,1278176.9396359862,1094876.2396359863,0.0,78100,183300.7
2021-01-22,1277239.7396359863,1094876.2396359863,0.0,78100,182363.5
2021-01-25,1278255.0396359863,1094876.2396359863,0.0,78100,183378.8
2021-01-26,1276614.9396359862,1094876.2396359863,0.0,78100,181738.69999999998
2021-01-27,1277474.0396359863,1094876.2396359863,0.0,78100,182597.80000000002
2021-01-28,1272709.9396359862,1094876.2396359863,0.0,78100,177833.7
2021-01-29,1273809.2758510862,205008.3758510864,391572.0,296900,677228.9
2021-02-01,1268817.2399610863,28285.939961086435,567459.0,296900,673072.2999999999
2021-02-02,1284399.0277635865,4955.027763586462,771422.0,220400,508022.00000000006
2021-02-03,1280095.4277635864,4955.027763586462,761388.0,220400,513752.39999999997
2021-02-04,1292536.4199709615,5086.419970961517,969638.0,136400,317812.0
2021-02-05,1293047.0199709616,5086.419970961517,964829.0,136400,323131.60000000003
2021-02-08,1293640.4199709615,5086.419970961517,965286.0,136400,323268.0
2021-02-09,1304590.0199709614,5086.419970961517,974326.0,136400,325177.6
2021-02-10,1323335.2199709616,5086.419970961517,993344.0,136400,324904.8
2021-02-18,1328930.4199709615,5086.419970961517,998530.0,136400,325314.0
2021-02-19,1335667.6199709615,5086.419970961517,1006222.0,136400,324359.2
2021-02-22,1315114.4199709615,5086.419970961517,986760.0,136400,323268.0
2021-02-23,1324892.4199709615,5086.419970961517,996538.0,136400,323268.0
2021-02-24,1300114.8199709617,5086.419970961517,974352.0,136400,320676.4
2021-02-25,1321075.3804853014,405007.3804853015,346770.0,238200,569298.0
2021-02-26,1295127.0523523015,5007.652352301513,728623.0,241400,561496.4
2021-03-01,1334192.8523523016,5007.652352301513,763585.0,241400,565600.2
2021-03-02,1349320.4523523015,5007.652352301513,770505.0,241400,573807.7999999999
2021-03-03,1355877.0523523015,5007.652352301513,777303.0,241400,573566.4
2021-03-04,1296250.4523523017,5007.652352301513,729505.0,241400,561737.8
2021-03-05,1293672.2523523015,5007.652352301513,732479.0,241400,556185.6
2021-03-08,1271346.8523523016,5007.652352301513,698325.0,241400,568014.2000000001
2021-03-09,1256377.6523523014,5007.652352301513,678045.0,241400,573325.0
2021-03-10,1260823.0288164816,5018.028816481543,878498.0,159000,377307.00000000006
2021-03-11,1280090.0288164816,5018.028816481543,891723.0,159000,383349.0
2021-03-12,1272369.8372602165,4318.937260216597,1081526.0,77300,186524.9
2021-03-15,1202138.3372602165,4318.937260216597,1010135.0,77300,187684.4
2021-03-16,1217549.7905158666,1508.7905158666254,1216041.0,0,0.0
2021-03-17,1232615.7905158666,1508.7905158666254,1231107.0,0,0.0
2021-03-18,1241172.7905158666,1508.7905158666254,1239664.0,0,0.0
2021-03-19,1164085.7905158666,1508.7905158666254,1162577.0,0,0.0
2021-03-22,1147893.7905158666,1508.7905158666254,1146385.0,0,0.0
2021-03-23,1123714.7905158666,1508.7905158666254,1122206.0,0,0.0
2021-03-24,1071852.7905158666,1508.7905158666254,1070344.0,0,0.0
2021-03-25,1084650.7905158666,1508.7905158666254,1083142.0,0,0.0
2021-03-26,1150716.7905158666,1508.7905158666254,1149208.0,0,0.0
2021-03-29,1125523.7905158666,1508.7905158666254,1124015.0,0,0.0
2021-03-30,1137659.7905158666,1508.7905158666254,1136151.0,0,0.0
2021-03-31,1135259.7905158666,1508.7905158666254,1133751.0,0,0.0
2021-04-01,1172221.7905158666,1508.7905158666254,1170713.0,0,0.0
2021-04-02,1190598.1289896667,5184.928989666689,1001634.0,73600,183779.19999999998
2021-04-06,1174374.9289896667,5184.928989666689,982982.0000000001,73600,186208.0
2021-04-07,1156842.5289896666,5184.928989666689,965744.0,73600,185913.59999999998
2021-04-08,1149937.5289896668,5184.928989666689,958103.0,73600,186649.6
2021-04-09,1130812.5289896668,5184.928989666689,938610.0,73600,187017.6
2021-04-12,1123092.7289896668,5184.928989666689,929639.0,73600,188268.8
2021-04-13,1154173.7182744667,1503.7182744667225,1152670.0,0,0.0
2021-04-14,1176886.8802162868,382198.88021628675,794688.0,0,0.0
2021-04-15,1164671.225942487,187824.2259424868,976847.0,0,0.0
2021-04-16,1155328.2441641868,1134.2441641868209,1154194.0,0,0.0
2021-04-19,1211605.3538011669,5013.353801166872,569074.0,247100,637518.0
2021-04-20,1205675.3538011669,5013.353801166872,568086.0,247100,632576.0
2021-04-21,1204841.653801167,5013.353801166872,571453.0,247100,628375.3
2021-04-22,1202186.153801167,5013.353801166872,565091.0,247100,632081.7999999999
2021-04-23,1212681.8538011669,5013.353801166872,581270.0,247100,626398.5
2021-04-26,1219315.3538011669,5013.353801166872,581726.0,247100,632576.0
2021-04-27,1217020.653801167,5013.353801166872,576219.0,247100,635788.3
2021-04-28,1217495.253801167,5013.353801166872,577682.0,247100,634799.9
2021-04-29,1218272.3538011669,5013.353801166872,575741.0,247100,637518.0
2021-04-30,1215682.3538011669,5013.353801166872,573151.0,247100,637518.0
2021-05-06,1201142.7881721668,5124.788172166938,750817.0,173500,445201.0
2021-05-07,1189166.288172167,5124.788172166938,736585.0,173500,447456.50000000006
2021-05-10,1197157.7756186668,5180.275618666945,930634.0,101100,261343.5
2021-05-11,1197235.8756186669,5180.275618666945,934655.0,101100,257400.59999999998
2021-05-12,1217130.537358632,5136.737358631974,751069.0,182400,460924.80000000005
2021-05-13,1202430.737358632,5136.737358631974,744942.0,182400,452352.0
2021-05-14,1227702.458275082,4466.2582750819565,964134.0,102900,259102.19999999998
2021-05-17,1264820.458275082,4466.2582750819565,999194.0,102900,261160.19999999998
2021-05-18,1268923.9329807619,5099.43298076198,610014.0,256900,653810.5
2021-05-19,1294023.032980762,5099.43298076198,645646.0,256900,643277.6
2021-05-20,1293868.332980762,5099.43298076198,646262.0,256900,642506.9
2021-05-21,1296835.132980762,5099.43298076198,641008.0,256900,650727.7
2021-05-24,1304369.732980762,5099.43298076198,647515.0,256900,651755.2999999999
2021-05-25,1319774.495889457,5043.195889456962,829276.0,190300,485455.30000000005
2021-05-26,1318454.1958894571,5043.195889456962,830049.0,190300,483362.0
2021-05-27,1318624.795889457,5043.195889456962,833645.0,190300,479936.6
2021-05-28,1313969.9450706718,5074.545070671924,993800.0,124200,315095.39999999997
2021-05-31,1312874.9450706718,5074.545070671924,993326.0,124200,314474.4
2021-06-01,1365913.563339062,5147.7633390619885,819250.0,213700,541515.7999999999
2021-06-02,1368875.8633390618,5147.7633390619885,822426.0,213700,541302.1
2021-06-03,1352654.6633390621,5147.7633390619885,805350.0,213700,542156.9
2021-06-04,1365117.8633390618,5147.7633390619885,818668.0,213700,541302.1
2021-06-07,1367053.6633390621,5147.7633390619885,815475.0,213700,546430.9
2021-06-08,1382601.997841787,5083.997841787117,523480.0,334000,854038.0
2021-06-09,1381639.997841787,5083.997841787117,522184.0,334000,854372.0
2021-06-10,1390380.589534087,4516.789534087147,732810.0,256200,653053.7999999999
2021-06-11,1377676.1895340872,4516.789534087147,718056.0,256200,655103.4
2021-06-15,1365531.0507976871,5785.250797687186,900208.0,178600,459537.8
2021-06-16,1336461.5334872273,4252.933487227216,1072219.0,101400,259989.6
2021-06-17,1332765.4255539472,4307.425553947251,1269785.0,23000,58673.0
2021-06-18,1359041.4255539472,4307.425553947251,1295785.0,23000,58949.00000000001
2021-06-21,1338477.4255539472,4307.425553947251,1276003.0,23000,58167.0
2021-06-22,1368457.4255539472,4307.425553947251,1304879.0,23000,59271.0
2021-06-23,1385752.4255539472,4307.425553947251,1321645.0,23000,59800.0
2021-06-24,1367838.4255539472,4307.425553947251,1303823.0,23000,59708.0
2021-06-25,1394669.4255539472,4307.425553947251,1330493.0,23000,59869.00000000001
2021-06-28,1399320.4255539472,4307.425553947251,1335029.0,23000,59984.0
2021-06-29,1361990.4255539472,4307.425553947251,1297676.0,23000,60007.0
2021-06-30,1382668.4255539472,4307.425553947251,1318193.0,23000,60168.0
2021-07-01,1355657.4255539472,4307.425553947251,1291021.0,23000,60329.00000000001
2021-07-02,1338779.4255539472,4307.425553947251,1273637.0,23000,60835.0
2021-07-05,1345682.4255539472,4307.425553947251,1280218.0,23000,61156.99999999999
2021-07-06,1361500.5836009472,659140.5836009473,702360.0,0,0.0
2021-07-07,1363689.8002769472,5027.800276947324,705366.0,245600,653296.0
2021-07-08,1361266.0002769474,5027.800276947324,704907.0,245600,651331.2000000001
2021-07-09,1368715.9047738074,5049.9047738074605,1103574.0,98000,260092.0
2021-07-12,1376523.9047738074,5049.9047738074605,1109128.0,98000,262346.0
2021-07-13,1384089.9047738074,5049.9047738074605,1116890.0,98000,262150.0
2021-07-14,1378740.9047738074,5049.9047738074605,1111933.0,98000,261757.99999999997
2021-07-15,1386713.9047738074,5049.9047738074605,1119612.0,98000,262052.0
2021-07-16,1360899.9047738074,5049.9047738074605,1094386.0,98000,261464.00000000003
2021-07-19,1395455.7885803273,5061.188580327493,761705.0,237600,628689.6
2021-07-20,1409453.7885803273,5061.188580327493,778079.0,237600,626313.6
2021-07-21,1408306.1885803274,5061.188580327493,772417.0,237600,630828.0
2021-07-22,1452355.7885803273,5061.188580327493,812665.0,237600,634629.6
2021-07-23,1444172.7148699826,4078.614869982528,1004454.0,163100,435640.1
2021-07-26,1413658.9148699825,4078.614869982528,970352.0,163100,439228.3
2021-07-27,1351393.4906809824,5110.090680982553,1104367.0,89400,241916.4
2021-07-28,1358660.2906809824,5110.090680982553,1111902.0,89400,241648.19999999998
2021-07-29,1359320.0139262625,5234.513926262527,1309585.0,16500,44500.5
2021-07-30,1308837.5139262625,5234.513926262527,1259383.0,16500,44220.0
2021-08-02,1401002.8042288974,5159.804228897533,1394491.0,500,1352.0
2021-08-03,1427999.9469728975,628149.4469728975,798505.0,500,1345.5
2021-08-04,1426611.3538853975,5021.353885397548,797890.0,231000,623700.0
2021-08-05,1415226.9166601975,5157.51666019758,567925.0,312600,842144.4
2021-08-06,1416678.3166601977,5157.51666019758,565000.0,312600,846520.8
2021-08-09,1428891.5166601976,5157.51666019758,575025.0,312600,848709.0
2021-08-10,1475178.7166601978,5157.51666019758,622250.0,312600,847771.2000000001
2021-08-11,1469679.1166601977,5157.51666019758,615500.0,312600,849021.6000000001
2021-08-12,1449604.3166601977,5157.51666019758,594800.0,312600,849646.8
2021-08-13,1462431.1166601977,5157.51666019758,602000.0,312600,855273.6000000001
2021-08-16,1458742.5166601976,5157.51666019758,601750.0,312600,851835.0
2021-08-17,1428736.6048473977,5090.904847397641,960195.0,169700,463450.69999999995
2021-08-18,1439210.2048473975,5090.904847397641,971008.0,169700,463111.3
2021-08-19,1431752.4048473975,5090.904847397641,971017.0,169700,455644.5
2021-08-20,1393174.9048473977,5090.904847397641,929894.0,169700,458190.00000000006
2021-08-23,1413677.2773299627,5021.877329962672,1131296.0,101300,277359.4
2021-08-24,1437020.7773299627,5021.877329962672,1153120.0,101300,278878.9
2021-08-25,1459909.0773299625,5021.877329962672,1176920.0,101300,277967.2
2021-08-26,1421689.6773299626,5021.877329962672,1138498.0,101300,278169.8
2021-08-27,1421326.2773299627,5021.877329962672,1137932.0,101300,278372.4
2021-08-30,1432750.6300309128,5041.0300309126615,905896.0,189200,521813.6
2021-08-31,1414711.0300309127,5041.0300309126615,883694.0,189200,525976.0
2021-09-01,1432525.8300309125,5041.0300309126615,901698.0,189200,525786.7999999999
2021-09-02,1409193.4300309126,5041.0300309126615,881582.0,189200,522570.4
2021-09-03,1424318.6300309128,5041.0300309126615,894626.0,189200,524651.6
2021-09-06,1454529.0300309127,5041.0300309126615,925404.0,189200,524084.0
2021-09-07,1455427.0300309127,5041.0300309126615,926302.0,189200,524084.0
2021-09-08,1434113.4300309126,5041.0300309126615,907448.0,189200,521624.4
2021-09-09,1432764.6300309128,5041.0300309126615,907802.0,189200,519921.60000000003
2021-09-10,1452571.8300309128,5041.0300309126615,927420.0,189200,520110.80000000005
2021-09-13,1428973.8300309128,5041.0300309126615,907606.0,189200,516326.80000000005
2021-09-14,1433787.1654904727,5110.765490472724,699482.0,267300,729194.4
2021-09-15,1404661.0654904726,5110.765490472724,674900.0,267300,724650.2999999999
2021-09-16,1402234.0654904728,5110.765490472724,669800.0,267300,727323.3
2021-09-17,1423073.5654904728,5110.765490472724,686630.0,267300,731332.8
2021-09-22,1380836.7654904728,5110.765490472724,659362.0,267300,716364.0
2021-09-23,1383315.8268677527,5008.726867752734,851342.0,195100,526965.1
2021-09-24,1404582.526867753,5008.726867752734,869292.0,195100,530281.8
2021-09-27,1448957.1582549328,205080.65825493285,173124.0,391500,1070752.5
2021-09-28,1432159.592199333,10776.092199332867,360810.0,391500,1060573.5
2021-09-29,1403929.5444189329,4710.344418932917,548394.0,318900,850825.2000000001
2021-09-30,1443866.956990513,5077.956990512925,781454.0,245000,657335.0
2021-10-08,1419130.956990513,5077.956990512925,757208.0,245000,656845.0
2021-10-11,1414893.956990513,5077.956990512925,756891.0,245000,652925.0
2021-10-12,1380514.956990513,5077.956990512925,729127.0,245000,646310.0
2021-10-13,1408501.956990513,5077.956990512925,753684.0,245000,649740.0
2021-10-14,1403100.956990513,5077.956990512925,742403.0,245000,655620.0
2021-10-15,1417404.956990513,5077.956990512925,748377.0,245000,663950.0
2021-10-18,1444080.956990513,5077.956990512925,775053.0,245000,663950.0
2021-10-19,1456849.956990513,5077.956990512925,783412.0,245000,668360.0
2021-10-20,1458413.956990513,5077.956990512925,783261.0,245000,670075.0
2021-10-21,1464142.956990513,5077.956990512925,788990.0,245000,670075.0
2021-10-22,1440072.956990513,5077.956990512925,761980.0,245000,673015.0
2021-10-25,1468786.7561371229,5001.956137122965,550682.0,332400,913102.7999999999
2021-10-26,1484146.356137123,5001.956137122965,559726.0,332400,919418.4
2021-10-27,1472995.556137123,5001.956137122965,549240.0,332400,918753.6
2021-10-28,1443358.251810143,5211.751810142987,720990.0,260500,717156.5
2021-10-29,1463251.751810143,5211.751810142987,739581.0,260500,718459.0
2021-11-01,1448909.751810143,5211.751810142987,716382.0,260500,727316.0
2021-11-02,1452046.751810143,5211.751810142987,721082.0,260500,725753.0
2021-11-03,1463095.251810143,5211.751810142987,727181.0,260500,730702.5
2021-11-04,1465175.751810143,5211.751810142987,725354.0,260500,734610.0
2021-11-05,1475706.751810143,5211.751810142987,732759.0,260500,737736.0
2021-11-08,1509477.251810143,5211.751810142987,765748.0,260500,738517.5
2021-11-09,1518506.741300453,5114.741300453083,365622.0,405000,1147770.0
2021-11-10,1506182.741300453,5114.741300453083,358158.0,405000,1142910.0
2021-11-11,1510733.741300453,5114.741300453083,365544.0,405000,1140075.0
2021-11-12,1504199.741300453,5114.741300453083,359820.0,405000,1139265.0
2021-11-15,1509131.741300453,5114.741300453083,357057.0,405000,1146960.0
2021-11-16,1524622.645776453,4862.445776453096,574285.0,334800,945475.2
2021-11-17,1528196.6381696733,4994.53816967312,770660.0,264700,752542.1
2021-11-18,1520032.6381696733,4994.53816967312,765143.0,264700,749895.1000000001
2021-11-19,1530451.2381696731,4994.53816967312,770797.0,264700,754659.7
2021-11-22,1532976.438169673,4994.53816967312,774381.0,264700,753600.9
2021-11-23,1523208.938169673,4994.53816967312,771231.0,264700,746983.4
2021-11-24,1518596.938169673,4994.53816967312,763972.0,264700,749630.3999999999
2021-11-25,1523376.2381696731,4994.53816967312,763722.0,264700,754659.7
2021-11-26,1504540.1381696733,4994.53816967312,756268.0,264700,743277.6
2021-11-29,1537117.7381696734,4994.53816967312,789375.0,264700,742748.2000000001
2021-11-30,1537997.6974857734,415745.79748577316,580907.0,194100,541344.9
2021-12-01,1546299.6766621233,205188.2766621232,591607.0,269800,749504.4
2021-12-02,1535924.6034487232,5123.603448723212,783329.0,272800,747472.0
2021-12-03,1540610.0034487233,5123.603448723212,783104.0,272800,752382.4
2021-12-06,1550281.2726096483,5208.272609648266,777823.0,279000,767250.0
2021-12-07,1582917.2726096483,5208.272609648266,801252.0,279000,776457.0
2021-12-08,1594475.2726096483,5208.272609648266,800813.0,279000,788454.0
2021-12-09,1603156.1066513683,415202.1066513683,399500.0,279000,788454.0
2021-12-10,1607524.0382581684,5117.238258168334,408007.0,424600,1194399.8
2021-12-13,1625200.2382581683,5117.238258168334,412096.00000000006,424600,1207987.0
2021-12-14,1605830.4382581683,5117.238258168334,406738.00000000006,424600,1193975.2
2021-12-15,1593633.4382581683,5117.238258168334,400910.0,424600,1187606.2
2021-12-16,1619530.8382581682,5117.238258168334,401756.0,424600,1212657.5999999999
2021-12-17,1579641.4402717683,4624.640271768323,580216.0,354400,994800.7999999999
2021-12-20,1551130.4402717683,4624.640271768323,567653.0,354400,978852.8
2021-12-21,1562934.7266039934,5139.926603993426,948521.0,219400,609273.8
2021-12-22,1569956.9266039934,5139.926603993426,950497.0,219400,614320.0
2021-12-23,1581588.9266039934,5139.926603993426,955547.0,219400,620902.0
2021-12-24,1546628.3266039933,5139.926603993426,917076.0,219400,624412.4
2021-12-27,1545871.1342854183,5157.43428541844,1088260.0,158700,452453.7
2021-12-28,1576005.8342854185,5157.43428541844,1113475.0,158700,457373.4
2021-12-29,1570860.0342854182,5157.43428541844,1107377.0,158700,458325.6
2021-12-30,1573087.3342854185,5157.43428541844,1109763.0,158700,458166.9
2021-12-31,1595362.7342854184,5157.43428541844,1133308.0,158700,456897.3
2022-01-04,1584481.3342854183,5157.43428541844,1119570.0,158700,459753.89999999997
2022-01-05,1529138.6342854183,5157.43428541844,1065973.0,158700,458008.2
2022-01-06,1505710.3342854185,5157.43428541844,1053495.0,158700,447057.9
2022-01-07,1501380.9342854184,5157.43428541844,1046309.0,158700,449914.5
2022-01-10,1494506.6342854183,5157.43428541844,1042450.0,158700,446899.19999999995
2022-01-11,1473404.2342854184,5157.43428541844,1023252.0,158700,444994.8
2022-01-12,1529594.6342854183,5157.43428541844,1074364.0,158700,450073.19999999995
2022-01-13,1523028.7342854184,5157.43428541844,1068909.0,158700,448962.30000000005
2022-01-14,1523145.8342854185,5157.43428541844,1073311.0,158700,444677.4
2022-01-17,1566508.2342854184,5157.43428541844,1117943.0,158700,443407.8
2022-01-18,1545108.5342854182,5157.43428541844,1098289.0,158700,441662.1
2022-01-19,1504985.7342854184,5157.43428541844,1065149.0,158700,434679.3
2022-01-20,1497972.2342854184,5157.43428541844,1060516.0,158700,432298.80000000005
2022-01-21,1478340.4342854184,5157.43428541844,1049454.0,158700,423729.0
2022-01-24,1484100.0342854182,5157.43428541844,1060292.0,158700,418650.6
2022-01-25,1444279.9342854186,5157.43428541844,1025709.0,158700,413413.5
2022-01-26,1483079.1342854183,5157.43428541844,1065143.0,158700,412778.7
2022-01-27,1442752.8342854185,5157.43428541844,1032593.0,158700,405002.4
2022-01-28,1419898.3342854185,5157.43428541844,1002597.0,158700,412143.9
2022-02-07,1470126.3147903986,5252.314790398525,1427172.0,14000,37702.0
2022-02-08,1420484.3147903986,5252.314790398525,1377614.0,14000,37618.0
2022-02-09,1437808.3147903986,5252.314790398525,1394448.0,14000,38108.0
2022-02-10,1389832.3147903986,5252.314790398525,1346024.0,14000,38556.0
2022-02-11,1324310.4817743986,2698.481774398526,1321612.0,0,0.0
2022-02-14,1340494.4817743986,2698.481774398526,1337796.0,0,0.0
2022-02-15,1391740.4817743986,2698.481774398526,1389042.0,0,0.0
2022-02-16,1395058.4817743986,2698.481774398526,1392360.0,0,0.0
2022-02-17,1419600.4817743986,2698.481774398526,1416902.0,0,0.0
2022-02-18,1402110.4817743986,2698.481774398526,1399412.0,0,0.0
2022-02-21,1387256.4817743986,2698.481774398526,1384558.0,0,0.0
2022-02-22,1380208.4817743986,2698.481774398526,1377510.0,0,0.0
2022-02-23,1444498.4817743986,2698.481774398526,1441800.0,0,0.0
2022-02-24,1430410.4817743986,2698.481774398526,1427712.0,0,0.0
2022-02-25,1461706.4817743986,2698.481774398526,1459008.0,0,0.0
2022-02-28,1493194.4817743986,2698.481774398526,1490496.0,0,0.0
2022-03-01,1520867.8532143985,645243.8532143985,875624.0,0,0.0
2022-03-02,1500467.8532143985,645243.8532143985,855224.0,0,0.0
2022-03-03,1491950.2438144987,205094.6438144985,847256.0,168300,439599.60000000003
2022-03-04,1445861.7284602185,5048.728460218546,1003441.0,169000,437372.0
2022-03-07,1384150.7284602185,5048.728460218546,947476.0,169000,431625.99999999994
2022-03-08,1354745.9623065987,5068.362306598523,1341764.0,3200,7913.599999999999
2022-03-09,1391411.3623065986,5068.362306598523,1378343.0,3200,8000.0
2022-03-10,1438004.2711065984,5045.271106598523,1424815.0,3200,8144.0
2022-03-11,1442572.0711065985,5045.271106598523,1429386.0,3200,8140.8
2022-03-14,1371214.6711065983,5045.271106598523,1358051.0,3200,8118.4
2022-03-15,1340229.8711065985,5045.271106598523,1327175.0,3200,8009.6
2022-03-16,1441842.2711065984,5045.271106598523,1428573.0,3200,8224.0
2022-03-17,1484831.2711065984,5045.271106598523,1471402.0,3200,8384.0
2022-03-18,1469206.8711065985,5045.271106598523,1455720.0,3200,8441.6
2022-03-21,1509706.2711065984,5045.271106598523,1496101.0,3200,8560.0
2022-03-22,1499084.8711065985,5045.271106598523,1485470.0,3200,8569.6
2022-03-23,1510994.6711065983,5045.271106598523,1497239.0,3200,8710.4
2022-03-24,1503362.8711065985,5045.271106598523,1489716.0,3200,8601.6
2022-03-25,1449656.0711065985,5045.271106598523,1435878.0,3200,8732.800000000001
2022-03-28,1411597.2711065984,5045.271106598523,1397800.0,3200,8752.0
2022-03-29,1401979.2711065984,5045.271106598523,1396934.0,3200,0.0
2022-03-30,1467290.2711065984,5045.271106598523,1457797.0,3200,4448.0
2022-03-31,1435741.6711065983,5045.271106598523,1426258.0,3200,4438.4
2022-04-01,1467678.4711065984,5045.271106598523,1458246.0,3200,4387.2
2022-04-06,1475505.4711065984,5045.271106598523,1466073.0,3200,4387.2
2022-04-07,1457176.6711065983,5045.271106598523,1447805.0,3200,4326.400000000001
2022-04-08,1469518.2711065984,5045.271106598523,1460105.0,3200,4368.0
2022-04-11,1390432.8711065985,5045.271106598523,1381058.0,3200,4329.6
2022-04-12,1432622.7687065983,5036.368706598524,1423340.0,3200,4246.4
2022-04-13,1421033.9687065985,5036.368706598524,1411716.0,3200,4281.6
2022-04-14,1440186.7687065983,5036.368706598524,1430840.0,3200,4310.4
2022-04-15,1413255.1687065985,5036.368706598524,1403950.0,3200,4268.8
2022-04-18,1418817.1687065985,5036.368706598524,1409544.0,3200,4236.8
2022-04-19,1423131.1687065985,5036.368706598524,1413826.0,3200,4268.8
2022-04-20,1381560.3687065984,5036.368706598524,1372188.0,3200,4336.0
2022-04-21,1355360.9603065986,5119.760306598524,1345988.0,3100,4253.200000000001
2022-04-22,1369456.1603065985,5119.760306598524,1360139.0,3100,4197.400000000001
2022-04-25,1306030.7603065986,5119.760306598524,1296850.0,3100,4061.0
2022-04-26,1310916.1603065985,5119.760306598524,1301661.0,3100,4135.400000000001
2022-04-27,1354543.9603065986,5119.760306598524,1345388.0,3100,4036.2000000000003
2022-04-28,1331451.6603065985,5119.760306598524,1322243.0,3100,4088.8999999999996
2022-04-29,1382692.7603065986,5119.760306598524,1373419.0,3100,4154.0
2022-05-05,1363548.6101779386,773389.5101779385,586002.0,3100,4157.099999999999
2022-05-06,1357615.4101779384,773389.5101779385,580168.0,3100,4057.8999999999996
2022-05-09,1351995.1869059384,575940.9869059385,772018.0,3100,4036.2000000000003
2022-05-10,1360811.7869059385,575940.9869059385,780909.0,3100,3961.8
2022-05-11,1405629.2398307384,376169.5398307385,1025501.0,3100,3958.7
2022-05-12,1385330.0398307384,376169.5398307385,1005270.0,3100,3890.4999999999995
2022-05-13,1371072.0398307384,376169.5398307385,990950.0,3100,3952.4999999999995
2022-05-16,1370871.2085872535,5026.0085872536,1190092.0,137200,175753.19999999998
2022-05-17,1380139.4085872534,5026.0085872536,1198537.0,137200,176576.4
2022-05-18,1395942.8085872536,5026.0085872536,1212694.0,137200,178222.8
2022-05-19,1384063.2085872535,5026.0085872536,1207400.0,137200,171637.19999999998
2022-05-20,1408196.6085872536,5026.0085872536,1232631.0,137200,170539.6
2022-05-23,1396729.4085872537,5026.0085872536,1220615.0,137200,171088.40000000002
2022-05-24,1352771.4085872537,5026.0085872536,1178029.0,137200,169716.40000000002
2022-05-25,1356814.6085872536,5026.0085872536,1180563.0,137200,171225.6
2022-05-26,1341578.8085872536,5026.0085872536,1163818.0,137200,172734.8
2022-05-27,1360371.4085872534,5026.0085872536,1178769.0,137200,176576.4
2022-05-30,1387663.1118408586,5024.811840858631,989022.0,300700,393616.3
2022-05-31,1399657.6118408586,5024.811840858631,1002520.0,300700,392112.8
2022-06-01,1418479.7118408587,5024.811840858631,1020440.0,300700,393014.89999999997
2022-06-02,1423139.7091122586,447413.3091122586,587222.0,300700,388504.4
2022-06-06,1454628.5613738184,1064921.3613738185,0.0,300700,389707.2
2022-06-07,1452523.6613738185,1064921.3613738185,0.0,300700,387602.3
2022-06-08,1457334.8613738185,1064921.3613738185,0.0,300700,392413.5
2022-06-09,1454027.1613738185,1064921.3613738185,0.0,300700,389105.8
2022-06-10,1447111.0613738184,1064921.3613738185,0.0,300700,382189.69999999995
2022-06-13,1431173.9613738186,1064921.3613738185,0.0,300700,366252.6
2022-06-14,1427264.8613738185,1064921.3613738185,0.0,300700,362343.5
2022-06-15,1423355.7613738184,1064921.3613738185,0.0,300700,358434.39999999997
2022-06-16,1422152.9613738186,1064921.3613738185,0.0,300700,357231.6
2022-06-17,1416439.6613738185,1064921.3613738185,0.0,300700,351518.3
2022-06-20,1415838.2613738184,1064921.3613738185,0.0,300700,350916.9
2022-06-21,1420048.0613738184,1064921.3613738185,0.0,300700,355126.7
2022-06-22,1420348.7613738184,1064921.3613738185,0.0,300700,355427.39999999997
2022-06-23,1422754.3613738185,1064921.3613738185,0.0,300700,357833.0
2022-06-24,1436338.3756118987,865278.0756118986,207514.0,300700,363546.30000000005
2022-06-27,1443722.5756118987,865278.0756118986,207080.0,300700,371364.50000000006
2022-06-28,1449531.9756118986,865278.0756118986,212288.0,300700,371965.9
2022-06-29,1435169.6756118988,865278.0756118986,206646.0,300700,363245.6
2022-06-30,1432934.5756118987,865278.0756118986,208320.0,300700,359336.5
2022-07-01,1431173.7756118986,865278.0756118986,207762.0,300700,358133.7
2022-07-04,1432832.2756118984,865278.0756118986,204909.99999999997,300700,362644.2
2022-07-05,1431561.2756118986,865278.0756118986,200632.0,300700,365651.2
2022-07-06,1430129.0756118987,865278.0756118986,201004.0,300700,363847.0
2022-07-07,1433250.7756118986,865278.0756118986,200818.0,300700,367154.7
2022-07-08,1440173.0756118987,865278.0756118986,205034.0,300700,369861.0
2022-07-11,1433852.1756118988,865278.0756118986,200818.0,300700,367756.10000000003
2022-07-12,1432605.9756118986,865278.0756118986,201375.99999999997,300700,365951.9
2022-07-13,1429428.3234078987,679644.4234078985,383832.0,300700,365951.9
2022-07-14,1427501.9509276387,482395.1509276385,583064.0,300700,362042.8
2022-07-15,1430392.4509276387,482395.1509276385,584451.0,300700,363546.30000000005
2022-07-18,1442601.9949909635,5023.994990963547,785679.0,527000,651899.0
2022-07-19,1435130.9949909635,5023.994990963547,786113.0,527000,643994.0
2022-07-20,1457569.9949909635,5023.994990963547,789053.0,527000,663493.0
2022-07-21,1452687.9949909635,5023.994990963547,782590.0,527000,665074.0
2022-07-22,1455843.9949909635,5023.994990963547,781003.0,527000,669817.0
2022-07-25,1445158.9949909635,5023.994990963547,776115.0,527000,664020.0
2022-07-26,1451837.9949909635,5023.994990963547,783321.0,527000,663493.0
2022-07-27,1449575.9949909635,5023.994990963547,778951.0,527000,665601.0
2022-07-28,1463398.9949909635,5023.994990963547,785396.0,527000,672979.0
2022-07-29,1463870.9949909635,5023.994990963547,771639.0,527000,687208.0
2022-08-01,1474027.9949909635,5023.994990963547,778634.0,527000,690370.0
2022-08-02,1457822.9949909635,5023.994990963547,764537.0,527000,688262.0
2022-08-03,1439591.9949909635,5023.994990963547,746306.0,527000,688262.0
2022-08-04,1463008.0254283936,5101.725428393542,959720.0,377700,498186.3
2022-08-05,1481167.3156567737,5070.915656773577,770934.0,532600,705162.4
2022-08-08,1474861.7156567737,5070.915656773577,762498.0,532600,707292.8
2022-08-09,1471235.1796525735,5047.279652573583,953772.0,387900,512415.89999999997
2022-08-10,1452289.9796525736,5047.279652573583,937930.0,387900,509312.69999999995
2022-08-11,1494564.2106320686,5017.810632068567,1156462.0,248200,333084.4
2022-08-12,1485494.2106320686,5017.810632068567,1147392.0,248200,333084.4
2022-08-15,1482484.0106320686,5017.810632068567,1139666.0,248200,337800.2
2022-08-16,1488368.4106320688,5017.810632068567,1142572.0,248200,340778.6
2022-08-17,1507952.6106320687,5017.810632068567,1161908.0,248200,341026.80000000005
2022-08-18,1490174.8106320687,5017.810632068567,1146364.0,248200,338793.0
2022-08-19,1484255.2106320686,5017.810632068567,1139948.0,248200,339289.4
2022-08-22,1486486.4106320688,5017.810632068567,1145654.0,248200,335814.6
2022-08-23,1471356.8106320687,5017.810632068567,1134992.0,248200,331347.0
2022-08-24,1449276.8106320687,5017.810632068567,1112912.0,248200,331347.0
2022-08-25,1470644.0106320686,5017.810632068567,1130308.0,248200,335318.2
2022-08-26,1479519.4106320688,5017.810632068567,1137446.0,248200,337055.60000000003
2022-08-29,1458766.6106320687,5017.810632068567,1127614.0,248200,326134.8
2022-08-30,1463237.4106320688,5017.810632068567,1131092.0,248200,327127.60000000003
2022-08-31,1451973.2966250286,586996.2966250286,541076.0,248200,323901.0
2022-09-01,1436268.1712800888,196485.77128008867,921590.0,248200,318192.4
2022-09-02,1418736.7712800887,196485.77128008867,900832.0,248200,321419.0
2022-09-05,1413698.9784108186,5065.778410818705,1404502.0,3200,4131.2
2022-09-06,1445804.9784108186,5065.778410818705,1436608.0,3200,4131.2
2022-09-07,1472527.9784108186,5065.778410818705,1463363.0,3200,4099.2
2022-09-08,1463206.5784108187,5065.778410818705,1453968.0,3200,4172.8
2022-09-09,1474333.1784108186,5065.778410818705,1465069.0,3200,4198.400000000001
2022-09-13,1485444.7784108187,5065.778410818705,1476075.0,3200,4304.0
2022-09-14,1464330.7784108187,5065.778410818705,1455137.0,3200,4128.0
2022-09-15,1413011.9784108186,5065.778410818705,1403815.0,3200,4131.2
2022-09-16,1404800.7784108187,5065.778410818705,1395671.0,3200,4064.0
2022-09-19,1414151.1784108186,5065.778410818705,1405031.0,3200,4054.3999999999996
2022-09-20,1449623.5784108187,5065.778410818705,1440449.0,3200,4108.8
2022-09-21,1416594.1784108186,5065.778410818705,1407474.0,3200,4054.3999999999996
2022-09-22,1419809.7784108187,5065.778410818705,1410760.0,3200,3984.0000000000005
2022-09-23,1407288.3784108188,5065.778410818705,1398261.0,3200,3961.6
2022-09-26,1470465.7072430586,420848.5072430587,1045726.0,3200,3891.2
2022-09-27,1473658.0471839188,220907.84718391873,1248811.0,3200,3939.2000000000003
2022-09-28,1426278.2391839188,205079.03918391874,1201500.0,16200,19699.2
2022-09-29,1431294.8855710186,5033.485571018759,1406082.0,16300,20179.4
2022-09-30,1397479.9855710187,5033.485571018759,1372642.0,16300,19804.5
2022-10-10,1396695.7625710187,24731.762571018757,1371964.0,0,0.0
2022-10-11,1423973.1210710187,5065.621071018759,1399266.0,16300,19641.5
2022-10-12,1471547.8120481188,205031.01204811875,1097564.0,139400,168952.8
2022-10-13,1449239.4249446588,5087.624944658783,1248947.0,162400,195204.8
2022-10-14,1481948.6249446587,5087.624944658783,1275485.0,162400,201376.0
2022-10-17,1470732.0249446589,5087.624944658783,1268166.0000000002,162400,197478.4
2022-10-18,1507187.0249446586,5087.624944658783,1298125.0,162400,203974.4
2022-10-19,1480714.8249446587,5087.624944658783,1272140.0,162400,203487.19999999998
2022-10-20,1465412.052178409,5008.252178408795,1422026.0,30900,38377.8
2022-10-21,1472617.052178409,5008.252178408795,1429540.0,30900,38068.8
2022-10-24,1421683.852178409,5008.252178408795,1377618.0,30900,39057.6
2022-10-25,1421919.406214584,44603.406214583796,1377316.0,0,0.0
2022-10-26,1420712.0460945338,5073.846094533794,1376158.0,30700,39480.200000000004
2022-10-27,1416082.446094534,5073.846094533794,1371160.0,30700,39848.6
2022-10-28,1367730.8807993839,472016.88079938374,895714.0,0,0.0
2022-10-31,1396548.1105093837,5070.11050938374,1295118.0,73000,96360.0
2022-11-01,1477485.1105093837,5070.11050938374,1375690.0,73000,96725.0
2022-11-02,1500765.1105093837,5070.11050938374,1399846.0,73000,95849.0
2022-11-03,1490186.1105093837,5070.11050938374,1391092.0,73000,94024.0
2022-11-04,1548386.3864005439,949797.3864005439,505514.0,73000,93075.0
2022-11-07,1550201.3864005439,949797.3864005439,506672.0,73000,93732.0
2022-11-08,1546354.3864005439,949797.3864005439,501876.0,73000,94681.0
2022-11-09,1535353.3864005439,949797.3864005439,490510.0,73000,95046.0
2022-11-10,1531106.3864005439,949797.3864005439,487650.0,73000,93659.0
2022-11-11,1554414.3864005439,949797.3864005439,506870.0,73000,97747.0
2022-11-14,1560194.660194064,750598.6601940639,712944.0,73000,96652.0
2022-11-15,1585870.660194064,750598.6601940639,738474.0,73000,96798.0
2022-11-16,1581293.660194064,750598.6601940639,733167.0,73000,97528.0
2022-11-17,1573803.660194064,750598.6601940639,725750.0,73000,97455.0
2022-11-18,1569281.660194064,750598.6601940639,721885.0,73000,96798.0
2022-11-21,1561740.660194064,750598.6601940639,713614.0,73000,97528.0
2022-11-22,1558393.660194064,750598.6601940639,710486.0,73000,97309.0
2022-11-23,1562361.660194064,750598.6601940639,713140.0,73000,98623.0
2022-11-24,1554069.660194064,750598.6601940639,704118.0,73000,99353.0
2022-11-25,1548689.660194064,750598.6601940639,698300.0,73000,99791.0
2022-11-28,1542992.660194064,750598.6601940639,693041.0,73000,99353.0
2022-11-29,1569062.660194064,750598.6601940639,720206.0,73000,98258.0
2022-11-30,1574551.660194064,750598.6601940639,726352.0,73000,97601.0
2022-12-01,1590782.758514064,1081848.758514064,409435.0,73000,99499.0
2022-12-02,1588024.758514064,1081848.758514064,407042.0,73000,99134.0
2022-12-05,1591190.758514064,1081848.758514064,411741.0,73000,97601.0
2022-12-06,1594338.758514064,1081848.758514064,416422.0,73000,96068.0
2022-12-07,1596701.1317348639,1086720.1317348639,415227.0,73000,94754.0
2022-12-08,1593951.1317348639,1086720.1317348639,412696.0,73000,94535.0
2022-12-09,1592703.1317348639,1086720.1317348639,410718.0,73000,95265.0
2022-12-12,1593992.1317348639,1086720.1317348639,412810.0,73000,94462.0
2022-12-13,1581789.1317348639,1086720.1317348639,399147.0,73000,95922.0
2022-12-14,1569538.3117858039,894597.3117858039,578216.0,73000,96725.0
2022-12-15,1583038.3117858039,894597.3117858039,592592.0,73000,95849.0
2022-12-16,1568999.3117858039,894597.3117858039,580670.0,73000,93732.0
2022-12-19,1562641.3117858039,894597.3117858039,575334.0,73000,92710.0
2022-12-20,1566192.3117858039,894597.3117858039,580272.0,73000,91322.99999999999
2022-12-21,1556103.3117858039,894597.3117858039,569088.0,73000,92418.0
2022-12-22,1550644.3117858039,894597.3117858039,562534.0,73000,93513.0
2022-12-23,1534837.0657710037,697369.0657710038,745050.0,73000,92418.0
2022-12-26,1593479.3143593238,498150.3143593238,1002619.0,73000,92710.0
2022-12-27,1623240.3143593238,498150.3143593238,1032088.0,73000,93002.0
2022-12-28,1619596.523725824,5000.523725823907,1030082.0,463900,584514.0
2022-12-29,1603999.123725824,5000.523725823907,1021907.0,463900,577091.6
2022-12-30,1617980.023725824,5000.523725823907,1030785.0,463900,582194.5
2023-01-03,1641803.1327543838,443364.1327543839,618564.0,463900,579875.0
2023-01-04,1621108.6327543838,443364.1327543839,600189.0,463900,577555.5
2023-01-05,1655120.429950364,875858.0299503638,201243.0,463900,578019.4
2023-01-06,1659249.2299503637,875858.0299503638,209083.0,463900,574308.2
2023-01-09,1664711.6299503637,875858.0299503638,207123.00000000003,463900,581730.6
2023-01-10,1663398.2299503637,875858.0299503638,208593.0,463900,578947.2
2023-01-11,1666276.429950364,875858.0299503638,207760.0,463900,582658.4
2023-01-12,1673164.8867793037,679029.2867793038,407766.0,463900,586369.6
2023-01-13,1669867.1867793037,679029.2867793038,405860.0,463900,584977.8999999999
2023-01-16,1671730.0867793038,679029.2867793038,407259.0,463900,585441.8
2023-01-17,1676479.5867793038,679029.2867793038,409689.0,463900,587761.2999999999
2023-01-18,1683028.8200353838,898640.1200353839,193844.0,463900,590544.7
2023-01-19,1670212.3200353838,898640.1200353839,192625.0,463900,578947.2
2023-01-20,1673716.1200353839,898640.1200353839,195201.0,463900,579875.0
2023-01-30,1695928.720035384,898640.1200353839,201641.0,463900,595647.6
2023-01-31,1691699.8200353838,898640.1200353839,202515.0,463900,590544.7
2023-02-01,1707642.4174758638,1109211.4174758638,0.0,463900,598431.0
2023-02-02,1713673.1174758638,1109211.4174758638,0.0,463900,604461.7
2023-02-03,1718776.017475864,1109211.4174758638,0.0,463900,609564.6
2023-02-06,1716456.517475864,1109211.4174758638,0.0,463900,607245.1
2023-02-07,1717384.3174758637,1109211.4174758638,0.0,463900,608172.9
2023-02-08,1723878.9174758638,1109211.4174758638,0.0,463900,614667.5
2023-02-09,1721559.4174758638,1109211.4174758638,0.0,463900,612348.0
2023-02-10,1713209.2174758639,1109211.4174758638,0.0,463900,603997.8
2023-02-13,1716456.517475864,1109211.4174758638,0.0,463900,607245.1
2023-02-14,1724342.8174758637,1109211.4174758638,0.0,463900,615131.4
2023-02-15,1722951.1174758638,1109211.4174758638,0.0,463900,613739.7
2023-02-16,1729909.617475864,1109211.4174758638,0.0,463900,620698.2000000001
2023-02-17,1719703.8174758637,1109211.4174758638,0.0,463900,610492.4
2023-02-20,1721746.0102118636,942601.7102118639,168188.0,463900,610956.2999999999
2023-02-21,1719100.6255174638,748917.9255174638,361082.0,463900,609100.7
2023-02-22,1706111.946981464,585111.7469814639,518858.0,463900,602142.2000000001
2023-02-23,1713245.947033464,385059.94703346386,725116.0,463900,603070.0
2023-02-24,1700956.711145264,5032.611145263945,710054.0,754300,985870.1
2023-02-27,1690552.9111452638,5032.611145263945,704176.0,754300,981344.2999999999
2023-02-28,1694806.9111452638,5032.611145263945,708430.0,754300,981344.2999999999
2023-03-01,1693408.9111452638,5032.611145263945,714575.0,754300,973801.2999999999
2023-03-02,1665173.011145264,5032.611145263945,696145.0,754300,963995.4
2023-03-03,1681931.211145264,5032.611145263945,702343.0,754300,974555.6
2023-03-06,1708677.411145264,5032.611145263945,710986.0,754300,992658.8
2023-03-07,1700305.611145264,5032.611145263945,699597.0,754300,995676.0
2023-03-08,1681806.675812514,4942.675812513975,891856.0,602000,785008.0
2023-03-09,1673329.675812514,4942.675812513975,881573.0,602000,786814.0
2023-03-10,1658258.675812514,4942.675812513975,885766.0,602000,767550.0
2023-03-13,1642870.675812514,4942.675812513975,869174.0,602000,768754.0
2023-03-14,1614271.675812514,4942.675812513975,856227.0,602000,753101.9999999999
2023-03-15,1626918.675812514,4942.675812513975,856232.0,602000,765744.0
2023-03-16,1606796.675812514,4942.675812513975,840926.0,602000,760928.0
2023-03-17,1606557.675812514,4942.675812513975,830453.0,602000,771162.0
2023-03-20,1618061.138386834,4434.938386834023,1237437.0,298800,376189.19999999995
2023-03-21,1665078.738386834,4434.938386834023,1277881.0,298800,382762.8
2023-03-22,1674315.938386834,4434.938386834023,1282935.0,298800,386946.0
2023-03-23,1679550.326088934,4693.5260889340425,1493694.0,142200,181162.80000000002
2023-03-24,1691819.7260889339,4693.5260889340425,1505679.0,142200,181447.2
2023-03-27,1707805.9260889338,4693.5260889340425,1519390.0,142200,183722.4
2023-03-28,1683518.7260889339,4693.5260889340425,1495245.0,142200,183580.19999999998
2023-03-29,1700513.7260889339,4693.5260889340425,1511529.0,142200,184291.2
2023-03-30,1704837.526088934,4693.5260889340425,1514573.0,142200,185571.0
2023-03-31,1730455.1182205742,541392.5182205741,1003065.0,142200,185997.6
2023-04-03,1740863.9066930742,965806.7066930742,586500.0,142200,188557.2
2023-04-04,1727891.5066930742,965806.7066930742,572390.0,142200,189694.80000000002
2023-04-06,1725277.9066930742,965806.7066930742,571625.0,142200,187846.19999999998
2023-04-07,1724883.9066930742,965806.7066930742,570520.0,142200,188557.2
2023-04-10,1750751.7066930742,965806.7066930742,596530.0,142200,188415.0
2023-04-11,1736855.256660874,781604.8566608742,765840.0,142200,189410.40000000002
2023-04-12,1713880.6076298743,405010.60762987426,743620.0,425000,565250.0
2023-04-13,1712730.5843951243,5072.584395124308,1107698.0,452800,599960.0
2023-04-14,1733933.1843951242,5072.584395124308,1125731.0,452800,603129.6
2023-04-17,1747094.7843951243,5072.584395124308,1135723.0,452800,606299.2
2023-04-18,1739359.3843951244,5072.584395124308,1127082.0,452800,607204.7999999999
2023-04-19,1731456.3843951244,5072.584395124308,1119179.0,452800,607204.7999999999
2023-04-20,1698952.5843951243,5072.584395124308,1087128.0,452800,606752.0
2023-04-21,1671127.8794617245,5125.279461724351,1255717.0,307100,410285.60000000003
2023-04-24,1651326.6794617246,5125.279461724351,1236530.0,307100,409671.4
2023-04-25,1634605.6013847792,5036.201384779386,1417204.0,158600,212365.4
2023-04-26,1726259.2013847793,5036.201384779386,1510285.0,158600,210938.0
2023-04-27,1725962.0013847793,5036.201384779386,1511098.0,158600,209827.8
2023-04-28,1712573.0013847793,5036.201384779386,1494537.0,158600,212999.8
2023-05-04,1704063.8013847794,5036.201384779386,1487931.0,158600,211096.6
2023-05-05,1697400.8013847794,5036.201384779386,1482061.0,158600,210303.6
2023-05-08,1689957.6013847794,5036.201384779386,1471763.0,158600,213158.40000000002
2023-05-09,1679113.2013847793,5036.201384779386,1460760.0,158600,213317.0
2023-05-10,1709737.2013847793,5036.201384779386,1491384.0,158600,213317.0
2023-05-11,1753167.4013847793,5036.201384779386,1533704.0,158600,214427.2
2023-05-12,1729516.0013847793,5036.201384779386,1509894.0,158600,214585.8
2023-05-15,1787668.0013847793,5036.201384779386,1568046.0,158600,214585.8
2023-05-16,1780496.4013847793,5036.201384779386,1561033.0,158600,214427.2
2023-05-17,1760835.2013847793,5036.201384779386,1540896.0,158600,214903.0
2023-05-18,1747591.0013847793,5036.201384779386,1524797.0,158600,217757.8
2023-05-19,1754207.6013847792,5036.201384779386,1528083.0,158600,221088.4
2023-05-22,1771605.0278023793,205049.02780237945,1178610.0,279500,387946.0
2023-05-23,1745566.5256883793,5056.1256883794795,1350051.0,280100,390459.39999999997
2023-05-24,1747163.2256883793,5056.1256883794795,1355289.0,280100,386818.1
2023-05-25,1752205.1359479246,5041.135947924515,1554930.0,139300,192233.99999999997
2023-05-26,1728080.8359479245,5041.135947924515,1530945.0,139300,192094.7
2023-05-29,1706424.2359479247,5041.135947924515,1505388.0,139300,195995.1
2023-05-30,1706677.0359479245,5041.135947924515,1504805.0,139300,196830.9
2023-05-31,1681723.7359479247,5041.135947924515,1481384.0,139300,195298.59999999998
2023-06-01,1680450.5999566244,5059.399956624558,1642678.0,23300,32713.199999999997
2023-06-02,1726167.9999566246,5059.399956624558,1688209.0,23300,32899.6
2023-06-05,1682204.7999566244,5059.399956624558,1643640.0,23300,33505.4
2023-06-06,1672355.2999566244,5059.399956624558,1633907.0,23300,33388.9
2023-06-07,1621741.3999566245,5059.399956624558,1583130.0,23300,33552.0
2023-06-08,1623909.2999566244,5059.399956624558,1585461.0,23300,33388.9
2023-06-09,1601108.6999566245,5059.399956624558,1562474.0,23300,33575.3
2023-06-12,1615128.2999566244,5059.399956624558,1576214.0,23300,33854.9
2023-06-13,1596110.6999566245,5059.399956624558,1556777.0,23300,34274.3
2023-06-14,1581640.1999566245,5059.399956624558,1542190.0,23300,34390.8
2023-06-15,1668905.9999566246,5059.399956624558,1629549.0,23300,34297.6
2023-06-16,1684930.9230450646,357854.7230450645,1292499.0,23300,34577.2
2023-06-19,1661632.9230450646,357854.7230450645,1269201.0,23300,34577.2
2023-06-20,1660991.8230450647,357854.7230450645,1268490.0,23300,34647.100000000006
2023-06-21,1626134.8230450647,357854.7230450645,1233633.0,23300,34647.100000000006
2023-06-26,1608237.3230450647,357854.7230450645,1215852.0,23300,34530.6
2023-06-27,1593521.9577690144,465.95776901452336,1593056.0,0,0.0
2023-06-28,1571190.9577690144,465.95776901452336,1570725.0,0,0.0
2023-06-29,1539745.9577690144,465.95776901452336,1539280.0,0,0.0
2023-06-30,1585243.9577690144,465.95776901452336,1584778.0,0,0.0
2023-07-03,1617480.9577690144,465.95776901452336,1617015.0,0,0.0
2023-07-04,1627242.9577690144,465.95776901452336,1626777.0,0,0.0
2023-07-05,1609579.9577690144,465.95776901452336,1609114.0,0,0.0
2023-07-06,1589538.9577690144,465.95776901452336,1589073.0,0,0.0
2023-07-07,1564700.9577690144,465.95776901452336,1564235.0,0,0.0
2023-07-10,1605383.9577690144,465.95776901452336,1604918.0,0,0.0
2023-07-11,1612522.9577690144,465.95776901452336,1612057.0,0,0.0
2023-07-12,1599892.9577690144,465.95776901452336,1599427.0,0,0.0
2023-07-13,1620438.9577690144,465.95776901452336,1619973.0,0,0.0
2023-07-14,1609731.9577690144,465.95776901452336,1609266.0,0,0.0
2023-07-17,1598316.9577690144,465.95776901452336,1597851.0,0,0.0
2023-07-18,1598823.9577690144,465.95776901452336,1598358.0,0,0.0
2023-07-19,1590192.9577690144,465.95776901452336,1589727.0,0,0.0
2023-07-20,1577647.9577690144,465.95776901452336,1577182.0,0,0.0
2023-07-21,1592237.9577690144,465.95776901452336,1591772.0,0,0.0
2023-07-24,1558101.9577690144,465.95776901452336,1557636.0,0,0.0
2023-07-25,1635354.5446025347,627897.5446025346,1007457.0,0,0.0
2023-07-26,1625949.5446025347,627897.5446025346,998052.0,0,0.0
2023-07-27,1646243.5446025347,627897.5446025346,1018346.0,0,0.0
2023-07-28,1645852.5446025347,627897.5446025346,1017955.0,0,0.0
2023-07-31,1661598.5446025347,627897.5446025346,1033701.0,0,0.0
2023-08-01,1648508.7467543096,5000.64675430971,1220786.0,272900,422722.1
2023-08-02,1630644.9467543098,5000.64675430971,1206197.0,272900,419447.3
2023-08-03,1640142.0687417348,5139.568741734742,1416452.0,143500,218550.5
2023-08-04,1644094.5687417348,5139.568741734742,1419974.0,143500,218981.0
2023-08-07,1607280.8334455697,4284.63344556978,1584173.0,12400,18823.2
2023-08-08,1608286.2334455699,4284.63344556978,1585042.0,12400,18959.6
2023-08-09,1609947.2334455699,4284.63344556978,1586703.0,12400,18959.6
2023-08-10,1614039.0334455697,4284.63344556978,1590894.0,12400,18860.399999999998
2023-08-11,1584675.4334455698,4284.63344556978,1561518.0,12400,18872.8
2023-08-14,1602549.3810504498,178877.3810504498,1404762.0,12400,18910.0
2023-08-15,1591343.6721598897,1020.6721598898002,1590323.0,0,0.0
2023-08-16,1589148.6721598897,1020.6721598898002,1588128.0,0,0.0
2023-08-17,1579100.6721598897,1020.6721598898002,1578080.0,0,0.0
2023-08-18,1554757.6721598897,1020.6721598898002,1553737.0,0,0.0
2023-08-21,1510171.6721598897,1020.6721598898002,1509151.0,0,0.0
2023-08-22,1503009.6721598897,1020.6721598898002,1501989.0,0,0.0
2023-08-23,1462381.6721598897,1020.6721598898002,1461361.0,0,0.0
2023-08-24,1493703.6721598897,1020.6721598898002,1492683.0,0,0.0
2023-08-25,1475672.6721598897,1020.6721598898002,1474652.0,0,0.0
2023-08-28,1517730.60336269,610476.60336269,907254.0,0,0.0
2023-08-29,1554016.60336269,610476.60336269,943540.0,0,0.0
2023-08-30,1551196.60336269,610476.60336269,940720.0,0,0.0
2023-08-31,1536176.60336269,610476.60336269,925700.0,0,0.0
2023-09-01,1529631.60336269,610476.60336269,919155.0,0,0.0
2023-09-04,1548759.60336269,610476.60336269,938283.0,0,0.0
2023-09-05,1539114.60336269,610476.60336269,928638.0,0,0.0
2023-09-06,1531724.60336269,610476.60336269,921248.0,0,0.0
2023-09-07,1510027.33587944,205037.33587944,900057.0,263800,404933.0
2023-09-08,1505308.43829044,5124.038290440051,1090870.0,265100,409314.4
2023-09-11,1517578.6382904402,5124.038290440051,1105261.0,265100,407193.60000000003
2023-09-12,1528655.1382904402,5124.038290440051,1115012.0,265100,408519.1
2023-09-13,1502753.03829044,5124.038290440051,1092026.0,265100,405603.0
2023-09-14,1484141.73829044,5124.038290440051,1071559.0,265100,407458.69999999995
2023-09-15,1482196.8382904402,5124.038290440051,1066698.0,265100,410374.8
2023-09-18,1498858.1382904402,5124.038290440051,1087866.0,265100,405868.1
2023-09-19,1480491.03829044,5124.038290440051,1069764.0,265100,405603.0
2023-09-20,1462897.8382904402,5124.038290440051,1052701.0,265100,405072.8
2023-09-21,1447096.23829044,5124.038290440051,1041141.0,265100,400831.2
2023-09-22,1470018.3382904402,5124.038290440051,1069100.0,265100,395794.30000000005
2023-09-25,1459609.03829044,5124.038290440051,1059486.0,265100,394999.0
2023-09-26,1440670.3382904402,5124.038290440051,1042403.0,265100,393143.30000000005
2023-09-27,1452525.86663931,5109.366639310046,1248439.0,134900,198977.5
2023-09-28,1445325.26663931,5109.366639310046,1241778.0,134900,198437.90000000002
2023-10-09,1456535.36663931,5109.366639310046,1253123.0,134900,198303.0
2023-10-10,1453787.36663931,5109.366639310046,1247677.0,134900,201001.0
2023-10-11,1460636.3593198701,5000.059319870052,1042362.0,275700,413274.30000000005
2023-10-12,1501857.05931987,5000.059319870052,1080550.0,275700,416307.0
2023-10-13,1468061.95931987,5000.059319870052,1050339.0,275700,412722.9
2023-10-16,1443181.07123819,5098.671238190102,1201864.0,157900,236218.4
2023-10-17,1452073.97123819,5098.671238190102,1209020.0,157900,237955.3
2023-10-18,1461433.75483459,5061.254834590109,1391206.0,43300,65166.49999999999
2023-10-19,1412421.75483459,5061.254834590109,1343060.0,43300,64300.50000000001
2023-10-20,1424402.952883165,68675.95288316511,1355727.0,0,0.0
2023-10-23,1408686.530501865,5071.330501865108,1340090.0,43600,63525.200000000004
2023-10-24,1397406.3305018651,5071.330501865108,1328897.0,43600,63438.0
2023-10-25,1407172.9305018652,5071.330501865108,1338620.0,43600,63481.6
2023-10-26,1441597.1305018652,5071.330501865108,1374047.0,43600,62478.8
2023-10-27,1474297.1305018652,5071.330501865108,1406747.0,43600,62478.8
2023-10-30,1483543.530501865,5071.330501865108,1416255.0,43600,62217.200000000004
2023-10-31,1468416.9305018652,5071.330501865108,1400954.0,43600,62391.6
2023-11-01,1472260.9305018652,5071.330501865108,1404144.0,43600,63045.6
2023-11-02,1457234.1305018652,5071.330501865108,1388376.0,43600,63786.8
2023-11-03,1480593.9305018652,5071.330501865108,1410733.0,43600,64789.6
2023-11-06,1525461.669366145,709283.2693661451,751040.0,43600,65138.4
2023-11-07,1518120.469366145,709283.2693661451,743786.0,43600,65051.2
2023-11-08,1518220.469366145,709283.2693661451,743668.0,43600,65269.200000000004
2023-11-09,1516603.2693661451,709283.2693661451,741702.0,43600,65618.0
2023-11-10,1505903.3696577454,511694.5696577452,929114.0,43600,65094.8
2023-11-13,1504847.3696577454,511694.5696577452,927186.0,43600,65966.8
2023-11-14,1506788.7723981452,5050.772398145229,1125274.0,248000,376464.0
2023-11-15,1522044.7723981452,5050.772398145229,1135322.0,248000,381672.0
2023-11-16,1514912.7723981452,5050.772398145229,1127694.0,248000,382168.0
2023-11-17,1508942.7723981452,5050.772398145229,1121972.0,248000,381920.0
2023-11-20,1506274.7723981452,5050.772398145229,1123272.0,248000,377952.0
2023-11-21,1513454.7723981452,5050.772398145229,1128964.0,248000,379440.0
2023-11-22,1501412.7723981452,5050.772398145229,1117418.0,248000,378944.0
2023-11-23,1502916.3268440953,5006.826844095234,1302452.0,127500,195457.5
2023-11-24,1469307.3268440953,5006.826844095234,1268588.0,127500,195712.5
2023-11-27,1436287.6416823452,5002.441682345239,1426990.0,2800,4295.2
2023-11-28,1439175.4416823452,5002.441682345239,1429875.0,2800,4298.0
2023-11-29,1405658.7520823453,9282.75208234524,1396376.0,0,0.0
2023-11-30,1400137.7520823453,9282.75208234524,1390855.0,0,0.0
2023-12-01,1388978.5967823453,5118.29678234524,1379705.0,2700,4155.3
2023-12-04,1379020.1967823452,5118.29678234524,1369725.0,2700,4176.9
2023-12-05,1362658.0967823453,5118.29678234524,1353398.0,2700,4141.8
2023-12-06,1377476.6462033452,1367.6462033452399,1376109.0,0,0.0
2023-12-07,1369348.6462033452,1367.6462033452399,1367981.0,0,0.0
2023-12-08,1365952.6462033452,1367.6462033452399,1364585.0,0,0.0
2023-12-11,1370534.6462033452,1367.6462033452399,1369167.0,0,0.0
2023-12-12,1365280.6462033452,1367.6462033452399,1363913.0,0,0.0
2023-12-13,1331873.6462033452,1367.6462033452399,1330506.0,0,0.0
2023-12-14,1323221.6462033452,1367.6462033452399,1321854.0,0,0.0
2023-12-15,1332817.6462033452,1367.6462033452399,1331450.0,0,0.0
2023-12-18,1320599.6462033452,1367.6462033452399,1319232.0,0,0.0
2023-12-19,1320641.6462033452,1367.6462033452399,1319274.0,0,0.0
2023-12-20,1302859.6462033452,1367.6462033452399,1301492.0,0,0.0
2023-12-21,1326031.6462033452,1367.6462033452399,1324664.0,0,0.0
2023-12-22,1337462.6462033452,1367.6462033452399,1336095.0,0,0.0
2023-12-25,1338253.6462033452,1367.6462033452399,1336886.0,0,0.0
2023-12-26,1335682.6462033452,1367.6462033452399,1334315.0,0,0.0
2023-12-27,1333164.6462033452,1367.6462033452399,1331797.0,0,0.0
2023-12-28,1378374.6462033452,1367.6462033452399,1377007.0,0,0.0
2023-12-29,1380133.47116328,5031.77116328018,1032220.0,213900,342881.7
2024-01-02,1355367.0711632802,5031.77116328018,1006598.0,213900,343737.3
2024-01-03,1354023.2711632801,5031.77116328018,1007821.0,213900,341170.5
2024-01-04,1340935.9853793802,5068.985379380247,1194446.0,89000,141421.0
2024-01-05,1336352.9853793802,5068.985379380247,1190486.0,89000,140798.0
2024-01-08,1313527.5248216803,2996.524821680243,1310531.0,0,0.0
2024-01-09,1325502.5248216803,2996.524821680243,1322506.0,0,0.0
2024-01-10,1305601.5248216803,2996.524821680243,1302605.0,0,0.0
2024-01-11,1344254.5248216803,2996.524821680243,1341258.0,0,0.0
2024-01-12,1332388.5248216803,2996.524821680243,1329392.0,0,0.0
2024-01-15,1327035.5248216803,2996.524821680243,1324039.0,0,0.0
2024-01-16,1334861.5248216803,2996.524821680243,1331865.0,0,0.0
2024-01-17,1294088.5248216803,2996.524821680243,1291092.0,0,0.0
2024-01-18,1322248.5248216803,2996.524821680243,1319252.0,0,0.0
2024-01-19,1315033.5248216803,2996.524821680243,1312037.0,0,0.0
2024-01-22,1295798.5248216803,2996.524821680243,1292802.0,0,0.0
2024-01-23,1333976.5248216803,2996.524821680243,1330980.0,0,0.0
2024-01-24,1346744.5248216803,2996.524821680243,1343748.0,0,0.0
2024-01-25,1356627.7429776802,5049.742977680231,971730.0,228000,379848.0
2024-01-26,1334403.7429776802,5049.742977680231,952242.0,228000,377112.0
2024-01-29,1299930.7429776802,5049.742977680231,916173.0,228000,378708.0
2024-01-30,1284889.5735008803,779.573500880244,1284110.0,0,0.0
2024-01-31,1248791.5735008803,779.573500880244,1248012.0,0,0.0
2024-02-01,1272778.5735008803,779.573500880244,1271999.0,0,0.0
2024-02-02,1239921.5735008803,779.573500880244,1239142.0,0,0.0
2024-02-05,1234280.5735008803,779.573500880244,1233501.0,0,0.0
2024-02-06,1296487.5735008803,779.573500880244,1295708.0,0,0.0
2024-02-07,1320835.5735008803,779.573500880244,1320056.0,0,0.0
2024-02-08,1343835.4202900003,352671.4202900003,991164.0,0,0.0
2024-02-19,1353461.3006084254,5011.000608425238,1001224.0,199900,347226.30000000005
2024-02-20,1330533.9006084253,5011.000608425238,979496.0,199900,346026.9
2024-02-21,1349279.3006084252,5011.000608425238,1001040.0,199900,343228.3
2024-02-22,1356144.9006084253,5011.000608425238,1003108.0,199900,348025.9
2024-02-23,1362274.4006084253,5011.000608425238,1004240.0,199900,353023.4
2024-02-26,1372763.5006084251,5011.000608425238,1016928.0,199900,350824.5
2024-02-27,1410914.900608425,5011.000608425238,1053880.0,199900,352023.89999999997
2024-02-28,1386584.7006084253,5011.000608425238,1025152.0,199900,356421.7
2024-02-29,1404417.8006084252,5011.000608425238,1045184.0,199900,354222.8
2024-03-01,1413984.900608425,5011.000608425238,1052952.0,199900,356021.89999999997
2024-03-04,1403107.6006084252,5011.000608425238,1039476.0,199900,358620.60000000003
2024-03-05,1404032.1006084252,5011.000608425238,1041400.0,199900,357621.1
2024-03-06,1410020.900608425,5011.000608425238,1048988.0,199900,356021.89999999997
2024-03-07,1390829.400608425,5011.000608425238,1030795.9999999999,199900,355022.4
2024-03-08,1399115.0006084251,5011.000608425238,1034284.0,199900,359820.0
2024-03-11,1450823.6006084252,5011.000608425238,1087192.0,199900,358620.60000000003
2024-03-12,1459842.190669865,1102420.9906698652,0.0,199900,357421.2
2024-03-13,1458842.690669865,1102420.9906698652,0.0,199900,356421.7
2024-03-14,1459042.5906698653,1102420.9906698652,0.0,199900,356621.60000000003
2024-03-15,1457243.4906698652,1102420.9906698652,0.0,199900,354822.5
2024-03-18,1458442.890669865,1102420.9906698652,0.0,199900,356021.89999999997
2024-03-19,1457043.5906698653,1102420.9906698652,0.0,199900,354622.6
2024-03-20,1460241.9906698652,1102420.9906698652,0.0,199900,357821.0
2024-03-21,1467438.390669865,1102420.9906698652,0.0,199900,365017.4
2024-03-22,1469637.2906698652,1102420.9906698652,0.0,199900,367216.3
2024-03-25,1466939.700836565,903966.2008365651,198156.0,199900,364817.5
2024-03-26,1470593.0008365652,903966.2008365651,200410.0,199900,366216.8
2024-03-27,1471766.8008365652,903966.2008365651,199185.0,199900,368615.60000000003
2024-03-28,1483104.0375849651,705055.8375849652,404635.0,199900,373413.2
2024-03-29,1476589.2375849653,705055.8375849652,400519.0,199900,371014.4
2024-04-01,1481699.8172285852,5012.51722858526,606363.0,470700,870324.3
2024-04-02,1461005.917228585,5012.51722858526,588964.0,470700,867029.4
2024-04-03,1438251.4109004554,5005.01090045529,778760.0,363200,654486.4
2024-04-08,1427465.4109004554,5005.01090045529,766158.0,363200,656302.4
2024-04-09,1389711.6109004552,5005.01090045529,726225.0,363200,658481.6
2024-04-10,1349828.0109004553,5005.01090045529,687431.0,363200,657392.0
2024-04-11,1326762.5466788553,5080.346678855294,869497.0,252900,452185.2
2024-04-12,1320910.1466788552,5080.346678855294,860104.0,252900,455725.8
2024-04-15,1298052.9094682953,5071.909468295298,1039795.0,142000,253186.0
2024-04-16,1270643.9094682953,5071.909468295298,1018350.0,142000,247222.00000000003
2024-04-17,1328580.9094682953,5071.909468295298,1077281.0,142000,246228.0
2024-04-18,1282181.9094682953,5071.909468295298,1031450.0,142000,245660.0
2024-04-19,1224222.9094682953,5071.909468295298,976473.0,142000,242678.0
2024-04-22,1181222.9094682953,5071.909468295298,932479.0,142000,243672.0
2024-04-23,1177232.9094682953,5071.909468295298,926785.0,142000,245376.0
2024-04-24,1234385.9094682953,5071.909468295298,978542.0,142000,250772.0
2024-04-25,1251208.9094682953,5071.909468295298,999199.0,142000,246938.0
2024-04-26,1306962.9094682953,5071.909468295298,1053959.0,142000,247932.0
2024-04-29,1307997.0655804153,432256.06558041525,626673.0,142000,249068.0
2024-04-30,1286338.6256637652,5056.025663765322,604980.0,384700,676302.6
2024-05-06,1280486.3256637654,5056.025663765322,598743.0,384700,676687.2999999999
2024-05-07,1277667.1471155654,4717.347115565353,788895.0,272400,484054.8
2024-05-08,1266464.9471155654,4717.347115565353,775786.0,272400,485961.60000000003
2024-05-09,1275846.9471155652,4717.347115565353,786530.0,272400,484599.6
2024-05-10,1254426.9471155652,4717.347115565353,759662.0,272400,490047.6
2024-05-13,1235831.1471155654,4717.347115565353,738887.0,272400,492226.8
2024-05-14,1277545.1471155654,4717.347115565353,780601.0,272400,492226.8
2024-05-15,1306394.7471155655,4717.347115565353,804275.0,272400,497402.4
2024-05-16,1295485.3471155653,4717.347115565353,786828.0,272400,503940.0
2024-05-17,1292128.9471155654,4717.347115565353,785106.0,272400,502305.60000000003
2024-05-20,1333363.9471155654,4717.347115565353,829065.0,272400,499581.60000000003
2024-05-21,1342570.9320407803,5004.432040780433,377678.0,523100,959888.5
2024-05-22,1349049.8320407805,5004.432040780433,379449.0,523100,964596.4
2024-05-23,1345526.3320407805,5004.432040780433,373310.0,523100,967211.9
2024-05-24,1317200.2320407806,5004.432040780433,361200.0,523100,950995.8
2024-05-27,1332645.7594148605,4828.559414860443,567991.0,414300,759826.2000000001
2024-05-28,1317807.9594148605,4828.559414860443,551496.0,414300,761483.4
2024-05-29,1305219.1137445155,4003.9137445154483,741907.0,305800,559308.2
2024-05-30,1295606.7137445156,4003.9137445154483,739328.0,305800,552274.8
2024-05-31,1304435.5137445154,4003.9137445154483,747851.0,305800,552580.6
2024-06-03,1311188.9137445155,4003.9137445154483,746042.0,305800,561143.0
2024-06-04,1312570.3137445156,4003.9137445154483,746506.0,305800,562060.4
2024-06-05,1301912.5137445154,4003.9137445154483,733096.0,305800,564812.6
2024-06-06,1310608.3137445156,4003.9137445154483,733841.0,305800,572763.4
2024-06-07,1295819.9745920154,4843.374592015432,916835.0,198800,374141.6
2024-06-11,1308430.5745920155,4843.374592015432,928054.0,198800,375533.2
2024-06-12,1315772.9745920154,4843.374592015432,934800.0,198800,376129.6
2024-06-13,1324791.5745920155,4843.374592015432,940439.0,198800,379509.2
2024-06-14,1344969.7745920154,4843.374592015432,961810.0,198800,378316.4
2024-06-17,1348737.7745920154,4843.374592015432,967566.0,198800,376328.4
2024-06-18,1372323.9745920154,4843.374592015432,989363.0,198800,378117.6
2024-06-19,1374871.5745920155,4843.374592015432,991513.0,198800,378515.2
2024-06-20,1351366.1745920153,4843.374592015432,964628.0,198800,381894.8
2024-06-21,1356183.5745920155,4843.374592015432,970837.0,198800,380503.2
2024-06-24,1316927.3745920155,4843.374592015432,932376.0,198800,379708.0
2024-06-25,1295281.9745920154,4843.374592015432,911327.0,198800,379111.6
2024-06-26,1347804.7745920154,4843.374592015432,958681.0,198800,384280.4
2024-06-27,1331105.7745920154,4843.374592015432,939000.0,198800,387262.39999999997
2024-06-28,1346645.1745920153,4843.374592015432,949967.0,198800,391834.8
2024-07-01,1354378.9745920154,4843.374592015432,958496.0,198800,391039.60000000003
2024-07-02,1347463.1745920153,4843.374592015432,950785.0,198800,391834.8
2024-07-03,1355599.5745920155,4843.374592015432,953355.0,198800,397401.2
2024-07-04,1330950.9745920154,4843.374592015432,933080.0,198800,393027.60000000003
2024-07-05,1347180.7745920154,4843.374592015432,946129.0,198800,396208.4
2024-07-08,1335916.5745920155,4843.374592015432,933672.0,198800,397401.2
2024-07-09,1365838.2480711155,5012.648071115458,755838.0,303100,604987.6
2024-07-10,1372618.4298900855,5071.929890085419,361350.0,506900,1006196.5
2024-07-11,1392059.5298900853,5071.929890085419,371160.0,506900,1015827.6
2024-07-12,1369472.5298900853,5071.929890085419,363780.0,506900,1000620.6
2024-07-15,1389686.1666701706,4703.766670170444,562024.0,406600,822958.4
2024-07-16,1409344.5666701705,4703.766670170444,580056.0,406600,824584.8
2024-07-17,1420202.6407693704,389944.84076937055,195508.0,406600,834749.7999999999
2024-07-18,1410288.1699794456,205054.26997944555,196396.0,497700,1008837.9
2024-07-19,1382482.8204418458,5042.520441845612,392492.0,497700,984948.3
2024-07-22,1372147.7204418457,5042.520441845612,393604.0,497700,973501.2
2024-07-23,1382181.6204418456,5042.520441845612,390200.0,497700,986939.1000000001
2024-07-24,1373377.6185857705,4380.61858577063,587701.0,397000,781296.0
2024-07-25,1326122.6185857705,4380.61858577063,563075.0,397000,758667.0
2024-07-26,1338873.7415077207,4409.141507720691,974501.0,186800,359963.60000000003
2024-07-29,1362285.7415077207,4409.141507720691,989507.0,186800,368369.6
2024-07-30,1337299.7415077207,4409.141507720691,966389.0,186800,366501.6
2024-07-31,1371501.5415077207,4409.141507720691,1003206.0,186800,363886.39999999997
2024-08-01,1381015.7415077207,4409.141507720691,1008237.0,186800,368369.6
2024-08-02,1325456.7415077207,4409.141507720691,963886.0,186800,357161.6
2024-08-05,1255594.1415077206,4409.141507720691,917747.0,186800,333438.0
2024-08-06,1257165.3415077208,4409.141507720691,915769.0,186800,336987.2
2024-08-07,1257271.9415077206,4409.141507720691,914568.0,186800,338294.8
2024-08-08,1242975.3415077208,4409.141507720691,902513.0,186800,336053.2
2024-08-09,1253502.9778258207,3961.477825820708,1106228.0,78100,143313.5
2024-08-12,1255311.4778258207,3961.477825820708,1106084.0,78100,145266.0
2024-08-13,1267922.1778258206,3961.477825820708,1116586.0,78100,147374.7
2024-08-14,1270353.6778258206,3961.477825820708,1116284.0,78100,150108.19999999998
2024-08-15,1271382.2778258207,3961.477825820708,1115282.0,78100,152138.8
2024-08-16,1293203.9778258207,3961.477825820708,1134995.0,78100,154247.5
2024-08-19,1295617.6778258206,3961.477825820708,1139986.0,78100,151670.19999999998
2024-08-20,1282169.0778258208,3961.477825820708,1124663.0,78100,153544.6
2024-08-21,1290366.1778258206,3961.477825820708,1132782.0,78100,153622.7
2024-08-22,1286159.5778258208,3961.477825820708,1128263.0,78100,153935.1
2024-08-23,1277875.8778258206,3961.477825820708,1120526.0,78100,153388.4
2024-08-26,1280756.2778258207,3961.477825820708,1122313.0,78100,154481.8
2024-08-27,1269588.2778258207,3961.477825820708,1111145.0,78100,154481.8
2024-08-28,1263331.1778258206,3961.477825820708,1103404.0,78100,155965.7
2024-08-29,1248059.8778258206,3961.477825820708,1089929.0,78100,154169.4
2024-08-30,1282261.2778258207,3961.477825820708,1123818.0,78100,154481.8
2024-09-02,1254178.3778258206,3961.477825820708,1094095.0,78100,156121.9
2024-09-03,1244170.2778258207,3961.477825820708,1084165.0,78100,156043.8
2024-09-04,1207043.3778258206,3961.477825820708,1053208.0,78100,149873.9
2024-09-05,1202004.0917987358,300.0917987357575,1201704.0,0,0.0
2024-09-06,1187772.0917987358,300.0917987357575,1187472.0,0,0.0
2024-09-09,1171674.0917987358,300.0917987357575,1171374.0,0,0.0
2024-09-10,1178242.0917987358,300.0917987357575,1177942.0,0,0.0
2024-09-11,1176138.0917987358,300.0917987357575,1175838.0,0,0.0
2024-09-12,1184396.0917987358,300.0917987357575,1184096.0,0,0.0
2024-09-13,1209911.0917987358,300.0917987357575,1209611.0,0,0.0
2024-09-18,1218265.0917987358,300.0917987357575,1217965.0,0,0.0
2024-09-19,1240823.0917987358,300.0917987357575,1240523.0,0,0.0
2024-09-20,1261365.9936229158,205069.99362291585,862842.0,98200,193454.0
2024-09-23,1259778.9575853758,5126.75758537587,1057647.0,99800,197005.2
2024-09-24,1324200.573605056,509106.5736050559,619486.0,99800,195608.0
2024-09-25,1344385.776225056,932859.7762250559,217415.0,99800,194111.0
2024-09-26,1347281.176225056,932859.7762250559,220011.0,99800,194410.4
2024-09-27,1350876.976225056,932859.7762250559,226501.0,99800,191516.2
2024-09-30,1369721.176225056,932859.7762250559,246443.00000000003,99800,190418.4
2024-10-08,1377251.1762250557,932859.7762250559,255469.99999999997,99800,188921.4
2024-10-09,1361859.776225056,932859.7762250559,236885.0,99800,192115.0
2024-10-10,1376635.576225056,932859.7762250559,248567.00000000003,99800,195208.8
2024-10-11,1367998.376225056,932859.7762250559,238831.99999999997,99800,196306.6
2024-10-14,1371274.176225056,932859.7762250559,240012.0,99800,198402.4
2024-10-15,1369787.3762250561,932859.7762250559,232637.0,99800,204290.6
2024-10-16,1367432.976225056,932859.7762250559,232578.0,99800,201995.2
2024-10-17,1363392.776225056,932859.7762250559,226442.00000000003,99800,204091.0
2024-10-18,1366139.3762250561,932859.7762250559,230985.0,99800,202294.6
2024-10-21,1364769.176225056,932859.7762250559,230513.0,99800,201396.39999999997
2024-10-22,1363217.576225056,932859.7762250559,230159.0,99800,200198.8
2024-10-23,1363934.976225056,932859.7762250559,231575.0,99800,199500.2
2024-10-24,1356882.576225056,932859.7762250559,225321.0,99800,198701.80000000002
2024-10-25,1357059.576225056,932859.7762250559,225498.0,99800,198701.80000000002
2024-10-28,1362046.3762250561,932859.7762250559,228389.0,99800,200797.6
2024-10-29,1359046.776225056,932859.7762250559,226088.0,99800,200099.0
2024-10-30,1362490.776225056,932859.7762250559,228035.0,99800,201596.0
2024-10-31,1348885.576225056,932859.7762250559,216825.0,99800,199200.8
2024-11-01,1346980.576225056,932859.7762250559,217415.0,99800,196705.80000000002
2024-11-04,1346359.176225056,932859.7762250559,217592.00000000003,99800,195907.4
2024-11-05,1352531.576225056,932859.7762250559,223964.0,99800,195707.80000000002
2024-11-06,1357429.976225056,932859.7762250559,222076.0,99800,202494.19999999998
2024-11-07,1361681.776225056,932859.7762250559,224731.00000000003,99800,204091.0
2024-11-08,1360056.176225056,932859.7762250559,221309.0,99800,205887.40000000002
2024-11-11,1363476.976225056,932859.7762250559,222135.0,99800,208482.19999999998
2024-11-12,1360444.1762250557,932859.7762250559,216706.99999999997,99800,210877.4
2024-11-13,1370860.7762250558,932859.7762250559,228919.99999999997,99800,209081.00000000003
2024-11-14,1367183.3762250561,932859.7762250559,222548.0,99800,211775.59999999998
2024-11-15,1358893.176225056,932859.7762250559,217651.0,99800,208382.4
2024-11-18,1359228.3762250561,932859.7762250559,216589.0,99800,209779.59999999998
2024-11-19,1356972.576225056,932859.7762250559,213934.0,99800,210178.8
2024-11-20,1357512.3762250561,932859.7762250559,213875.0,99800,210777.6
2024-11-21,1357485.3762250561,932859.7762250559,214347.0,99800,210278.60000000003
2024-11-22,1351828.3384938561,205026.13849385595,207503.0,441400,939299.2000000001
2024-11-25,1372566.968240896,5044.068240895982,403765.0,442700,963757.9
2024-11-26,1375487.768240896,5044.068240895982,404915.0,442700,965528.7000000001
2024-11-27,1382750.068240896,5044.068240895982,412620.00000000006,442700,965086.0000000001
2024-11-28,1368986.123764676,5070.723764676,597695.0000000001,351800,766220.4
2024-11-29,1379005.323764676,5070.723764676,606307.0,351800,767627.6
2024-12-02,1401550.9237646759,5070.723764676,622872.0,351800,773608.2
2024-12-03,1396276.323764676,5070.723764676,611265.0,351800,779940.6
2024-12-04,1394788.323764676,5070.723764676,609777.0,351800,779940.6
2024-12-05,1397993.123764676,5070.723764676,607353.0,351800,785569.4
2024-12-06,1396579.123764676,5070.723764676,607698.0,351800,783810.4
2024-12-09,1397657.323764676,5070.723764676,609128.0,351800,783458.6
2024-12-10,1399229.323764676,5070.723764676,617736.0,351800,776422.6
2024-12-11,1422497.323764676,5070.723764676,633968.0,351800,783458.6
2024-12-12,1424043.3237646762,5070.723764676,633755.0,351800,785217.6000000001
2024-12-13,1412781.923764676,5070.723764676,618272.0,351800,789439.2000000001
2024-12-16,1415421.9237646759,5070.723764676,610358.0,351800,799993.2
2024-12-17,1422116.9237646759,5070.723764676,624088.9999999999,351800,792957.2
2024-12-18,1425303.673524276,424541.473524276,216600.0,351800,784162.2000000001
2024-12-19,1399119.0735242758,424541.473524276,215745.0,351800,758832.6
2024-12-20,1390031.896789876,5080.096789875999,211755.0,547200,1173196.8
2024-12-23,1419842.896789876,5080.096789875999,214206.0,547200,1200556.8
2024-12-24,1421621.296789876,5080.096789875999,220361.99999999997,547200,1196179.2
2024-12-25,1426215.4967898761,5080.096789875999,218936.99999999997,547200,1202198.4000000001
2024-12-26,1431049.096789876,5080.096789875999,222129.0,547200,1203840.0
2024-12-27,1428917.296789876,5080.096789875999,224922.0,547200,1198915.2
2024-12-30,1411726.096789876,5080.096789875999,221958.0,547200,1184688.0
2024-12-31,1401876.496789876,5080.096789875999,213750.0,547200,1183046.4
2025-01-02,1392190.649662236,6515.04966223595,391974.0,455200,993701.6
2025-01-03,1372600.666403001,4862.6664030009415,576339.0,364700,791399.0
2025-01-06,1381136.596416801,5151.896416800999,770834.0,273700,605150.7
2025-01-07,1394577.743830241,4508.443830241042,986338.0,184100,403731.3
2025-01-08,1381836.443830241,4508.443830241042,974149.0,184100,403179.0
2025-01-09,1377542.043830241,4508.443830241042,970591.0,184100,402442.6
2025-01-10,1355362.743830241,4508.443830241042,950805.0,184100,400049.3
2025-01-13,1348958.343830241,4508.443830241042,950660.0,184100,393789.89999999997
2025-01-14,1418768.643830241,4508.443830241042,1016236.0,184100,398024.2
2025-01-15,1406962.243830241,4508.443830241042,1005166.0,184100,397287.8
2025-01-16,1412271.743830241,4508.443830241042,1004032.0,184100,403731.3
2025-01-17,1415206.543830241,4508.443830241042,1007335.0,184100,403363.1
2025-01-20,1425621.543830241,4508.443830241042,1015909.0,184100,405204.10000000003
2025-01-21,1435069.443830241,4508.443830241042,1025541.0,184100,405020.00000000006
2025-01-22,1439309.3876211112,5109.987621111068,791423.0,289800,642776.4
2025-01-23,1439691.987621111,5109.987621111068,795573.0,289800,639009.0
2025-01-24,1449734.187621111,5109.987621111068,803007.0,289800,641617.2
2025-01-27,1416190.7876211111,5109.987621111068,774680.0,289800,636400.8
2025-02-05,1416170.5876211112,5109.987621111068,775819.0,289800,635241.6000000001
2025-02-06,1435921.482490851,5173.4824908511,985653.0,202500,445095.0
2025-02-07,1469863.3636050113,821201.3636050111,204782.0,202500,443880.00000000006
2025-02-10,1474246.863605011,821201.3636050111,210178.0,202500,442867.49999999994
2025-02-11,1475108.863605011,821201.3636050111,211850.0,202500,442057.49999999994
2025-02-12,1474248.863605011,821201.3636050111,212610.0,202500,440437.49999999994
2025-02-13,1466459.3636050113,821201.3636050111,205428.0,202500,439830.00000000006
2025-02-14,1465350.8636050113,821201.3636050111,204117.0,202500,440032.5
2025-02-17,1480190.3636050113,821201.3636050111,219564.0,202500,439425.0
2025-02-18,1479484.8636050113,821201.3636050111,215821.0,202500,442462.5
2025-02-19,1478897.3636050113,821201.3636050111,217056.0,202500,440640.00000000006
2025-02-20,1478872.3636050113,821201.3636050111,217436.0,202500,440235.0
2025-02-21,1482973.3636050113,821201.3636050111,225587.0,202500,436185.0
2025-02-24,1469063.8636050113,821201.3636050111,217550.0,202500,430312.5
2025-02-25,1456801.3636050113,821201.3636050111,211565.0,202500,424035.0
2025-02-26,1457846.8636050113,821201.3636050111,213218.0,202500,423427.50000000006
2025-02-27,1448753.3636050113,821201.3636050111,205542.0,202500,422010.0
2025-02-28,1424334.3636050113,821201.3636050111,191653.0,202500,411480.0
2025-03-03,1426817.166838211,628779.1668382111,378863.0,202500,419174.99999999994
2025-03-04,1426941.897815511,431135.39781551115,584529.0,202500,411277.5
2025-03-05,1429704.397815511,431135.39781551115,588709.0,202500,409860.0
2025-03-06,1440700.897815511,431135.39781551115,599503.0,202500,410062.5
2025-03-07,1421428.897815511,431135.39781551115,585091.0,202500,405202.5
2025-03-10,1423377.8075437362,5016.207543736149,587977.0,415400,830384.6000000001
2025-03-11,1400442.807543736,5016.207543736149,585812.0,415400,809614.6
2025-03-12,1405555.407543736,5016.207543736149,595494.0,415400,805045.2
2025-03-13,1391795.0075437361,5016.207543736149,584226.0,415400,802552.7999999999
2025-03-14,1399109.207543736,5016.207543736149,592371.0,415400,801722.0
2025-03-17,1400831.807543736,5016.207543736149,594509.0,415400,801306.6
2025-03-18,1434094.407543736,5016.207543736149,619879.0,415400,809199.2
2025-03-19,1405886.407543736,5016.207543736149,597902.0,415400,802968.2000000001
2025-03-20,1423403.6075437362,5016.207543736149,595480.0,415400,822907.4
2025-03-21,1402500.407543736,5016.207543736149,577900.0,415400,819584.2000000001
2025-03-24,1421567.8075437362,5016.207543736149,586167.0,415400,830384.6000000001
2025-03-25,1422613.0075437361,5016.207543736149,579735.0,415400,837861.7999999999
2025-03-26,1416777.6075437362,5016.207543736149,576392.0,415400,835369.4
2025-03-27,1397597.407543736,5016.207543736149,568843.0,415400,823738.2000000001
2025-03-28,1386605.407543736,5016.207543736149,566159.0,415400,815430.2000000001
2025-03-31,1372140.003259236,5149.503259236148,769146.0,313500,597844.5
2025-04-01,1380758.003259236,5149.503259236148,768359.0,313500,607249.5
2025-04-02,1393243.003259236,5149.503259236148,780844.0,313500,607249.5
2025-04-03,1342731.003259236,5149.503259236148,742872.0,313500,594709.5
2025-04-07,1141162.0535182112,5127.853518211149,793610.0,200600,342424.2
2025-04-08,1124477.4535182111,5127.853518211149,763084.0,200600,356265.6
2025-04-09,1122519.9663014612,1408.966301461216,1121111.0,0,0.0
2025-04-10,1203021.9663014612,1408.966301461216,1201613.0,0,0.0
2025-04-11,1217523.9663014612,1408.966301461216,1216115.0,0,0.0
2025-04-14,1254076.9663014612,1408.966301461216,1252668.0,0,0.0
2025-04-15,1237732.9663014612,1408.966301461216,1236324.0,0,0.0
2025-04-16,1198878.9663014612,1408.966301461216,1197470.0,0,0.0
2025-04-17,1195603.9663014612,1408.966301461216,1194195.0,0,0.0
2025-04-18,1226849.9663014612,1408.966301461216,1225441.0,0,0.0
2025-04-21,1259686.9663014612,1408.966301461216,1258278.0,0,0.0
2025-04-22,1245655.9663014612,1408.966301461216,1244247.0,0,0.0
2025-04-23,1321466.9663014612,1408.966301461216,1320058.0,0,0.0
2025-04-24,1294616.9663014612,1408.966301461216,1293208.0,0,0.0
2025-04-25,1350947.9663014612,1408.966301461216,1349539.0,0,0.0
2025-04-28,1315929.9663014612,1408.966301461216,1314521.0,0,0.0
2025-04-29,1310027.9663014612,1408.966301461216,1308619.0,0,0.0
2025-04-30,1313955.9663014612,1408.966301461216,1312547.0,0,0.0
2025-05-06,1363349.9663014612,1408.966301461216,1361941.0,0,0.0
2025-05-07,1368332.513438261,5047.113438261236,1184155.0,93200,179130.4
2025-05-08,1434470.6278984211,1253662.6278984211,0.0,93200,180808.0
2025-05-09,1434657.027898421,1253662.6278984211,0.0,93200,180994.4
2025-05-12,1437331.2383302213,1055843.6383302212,198535.99999999997,93200,182951.6
2025-05-13,1436796.038330221,1055843.6383302212,196696.0,93200,184256.4
2025-05-14,1441393.2383302213,1055843.6383302212,197938.0,93200,187611.59999999998
2025-05-15,1436316.4383302212,1055843.6383302212,194166.0,93200,186306.80000000002
2025-05-16,1439170.092322541,862031.6923225411,389620.0,93200,187518.4
2025-05-19,1440036.892322541,862031.6923225411,391046.0,93200,186959.19999999998
2025-05-20,1441945.692322541,862031.6923225411,391184.0,93200,188730.0
2025-05-21,1436085.692322541,862031.6923225411,386721.99999999994,93200,187331.99999999997
2025-05-22,1432932.492322541,862031.6923225411,385526.0,93200,185374.80000000002
2025-05-23,1428466.892322541,862031.6923225411,381340.0,93200,185095.2
2025-05-26,1434084.892322541,862031.6923225411,386492.0,93200,185561.2
2025-05-27,1429952.092322541,862031.6923225411,381800.0,93200,186120.40000000002
2025-05-28,1424579.9694277411,676818.5694277412,560243.0,93200,187518.4
2025-05-29,1433056.0936861413,5013.29368614126,567694.0,423400,860348.8
2025-05-30,1412218.8936861414,5013.29368614126,558712.0,423400,848493.6
2025-06-03,1414167.2936861413,5013.29368614126,558120.0,423400,851033.9999999999
2025-06-04,1428969.8936861414,5013.29368614126,564878.0,423400,859078.6
2025-06-05,1436550.2936861413,5013.29368614126,574152.0,423400,857385.0
2025-06-06,1433950.8936861414,5013.29368614126,571976.0,423400,856961.6
2025-06-09,1438994.2936861413,5013.29368614126,572362.0,423400,861619.0000000001
2025-06-10,1426294.6936861412,5013.29368614126,559239.0,423400,862042.4
2025-06-11,1432735.6936861412,5013.29368614126,561446.0,423400,866276.3999999999
2025-06-12,1428631.2936861413,5013.29368614126,559882.0,423400,863736.0
2025-06-13,1423855.4936861414,5013.29368614126,562304.0,423400,856538.2000000001
2025-06-16,1429511.376619466,5153.176619466263,703110.0,353900,721248.2
2025-06-17,1420131.376619466,5153.176619466263,693730.0,353900,721248.2
2025-06-18,1420258.6766194664,5153.176619466263,694919.0,353900,720186.5
2025-06-19,1414614.6766194664,5153.176619466263,692814.0,353900,716647.5
2025-06-20,1411453.4766194662,5153.176619466263,688945.0,353900,717355.3
2025-06-23,1424880.1663791463,395832.6663791463,312400.0,353900,716647.5
2025-06-24,1451115.5663791462,395832.6663791463,325895.0,353900,729387.9
2025-06-25,1453067.2125578963,5059.712557896331,326919.0,542900,1121088.5
2025-06-26,1460923.2823864114,5080.8823864113365,142000.0,634400,1313842.4000000001
2025-06-27,1471920.2823864114,5080.8823864113365,140309.0,634400,1326530.4000000001
2025-06-30,1479541.6823864111,5080.8823864113365,140952.0,634400,1333508.7999999998
2025-07-01,1475293.2823864114,5080.8823864113365,140510.0,634400,1329702.4000000001
2025-07-02,1484624.8823864113,5080.8823864113365,140960.0,634400,1338584.0
2025-07-03,1487762.4823864112,5080.8823864113365,141560.0,634400,1341121.5999999999
2025-07-04,1495402.8823864113,5080.8823864113365,142222.0,634400,1348100.0
2025-07-07,1491713.2823864112,5080.8823864113365,141070.0,634400,1345562.4
2025-07-08,1492254.2823864112,5080.8823864113365,141611.0,634400,1345562.4
2025-07-09,1487456.0823864113,5080.8823864113365,141888.0,634400,1340487.2
2025-07-10,1492966.2129031564,5084.712903156353,0.0,701500,1487881.5
2025-07-11,1495070.7129031564,5084.712903156353,0.0,701500,1489986.0
2025-07-14,1483145.2129031566,5084.712903156353,0.0,701500,1478060.5000000002
2025-07-15,1499981.2129031562,5084.712903156353,0.0,701500,1494896.4999999998
2025-07-16,1488757.2129031566,5084.712903156353,0.0,701500,1483672.5000000002
2025-07-17,1499981.2129031562,5084.712903156353,0.0,701500,1494896.4999999998
2025-07-18,1508399.2129031562,5084.712903156353,0.0,701500,1503314.4999999998
2025-07-21,1506294.7129031564,5084.712903156353,0.0,701500,1501210.0
2025-07-22,1503488.7129031564,5084.712903156353,0.0,701500,1498404.0
2025-07-23,1509100.7129031564,5084.712903156353,0.0,701500,1504016.0
2025-07-24,1515414.2129031564,5084.712903156353,0.0,701500,1510329.5
2025-07-25,1523130.7129031564,5084.712903156353,0.0,701500,1518046.0
2025-07-28,1537862.2129031564,5084.712903156353,0.0,701500,1532777.5
2025-07-29,1537160.7129031564,5084.712903156353,0.0,701500,1532076.0
2025-07-30,1534354.7129031564,5084.712903156353,0.0,701500,1529270.0
2025-07-31,1549787.7129031564,5084.712903156353,0.0,701500,1544703.0
2025-08-01,1528742.7129031564,5084.712903156353,0.0,701500,1523658.0
2025-08-04,1511906.7129031564,5084.712903156353,0.0,701500,1506822.0
2025-08-05,1539265.2129031562,5084.712903156353,0.0,701500,1534180.4999999998
2025-08-06,1530145.7129031564,5084.712903156353,0.0,701500,1525061.0
2025-08-07,1530145.7129031564,5084.712903156353,0.0,701500,1525061.0
2025-08-08,1530145.7129031564,5084.712903156353,0.0,701500,1525061.0
2025-08-11,1542772.7129031566,5084.712903156353,0.0,701500,1537688.0000000002
2025-08-12,1539265.2129031562,5084.712903156353,0.0,701500,1534180.4999999998
2025-08-13,1551190.7129031566,5084.712903156353,0.0,701500,1546106.0000000002
2025-08-14,1550489.2129031564,5084.712903156353,0.0,701500,1545404.5
2025-08-15,1560310.2129031564,5084.712903156353,0.0,701500,1555225.5
2025-08-18,1550489.2129031564,5084.712903156353,0.0,701500,1545404.5
2025-08-19,1546280.2129031564,5084.712903156353,0.0,701500,1541195.5
2025-08-20,1537862.2129031564,5084.712903156353,0.0,701500,1532777.5
2025-08-21,1536459.2129031562,5084.712903156353,0.0,701500,1531374.4999999998
2025-08-22,1527339.7129031564,5084.712903156353,0.0,701500,1522255.0
2025-08-25,1548384.7129031566,5084.712903156353,0.0,701500,1543300.0000000002
2025-08-26,1542071.2129031564,5084.712903156353,0.0,701500,1536986.5
2025-08-27,1552593.7129031564,5084.712903156353,0.0,701500,1547509.0
2025-08-28,1544175.7129031564,5084.712903156353,0.0,701500,1539091.0
2025-08-29,1544877.2129031564,5084.712903156353,0.0,701500,1539792.5
2025-09-01,1537862.2129031564,5084.712903156353,0.0,701500,1532777.5
2025-09-02,1539265.2129031562,5084.712903156353,0.0,701500,1534180.4999999998
2025-09-03,1532250.2129031564,5084.712903156353,0.0,701500,1527165.5
2025-09-04,1540668.2129031564,5084.712903156353,0.0,701500,1535583.5
2025-09-05,1551190.7129031566,5084.712903156353,0.0,701500,1546106.0000000002
2025-09-08,1544877.2129031564,5084.712903156353,0.0,701500,1539792.5
2025-09-09,1546981.7129031564,5084.712903156353,0.0,701500,1541897.0
2025-09-10,1553295.2129031564,5084.712903156353,0.0,701500,1548210.5
2025-09-11,1555399.7129031564,5084.712903156353,0.0,701500,1550315.0
2025-09-12,1563817.7129031564,5084.712903156353,0.0,701500,1558733.0
2025-09-15,1568728.2129031564,5084.712903156353,0.0,701500,1563643.5
2025-09-16,1575041.7129031564,5084.712903156353,0.0,701500,1569957.0
2025-09-17,1569429.7129031564,5084.712903156353,0.0,701500,1564345.0
2025-09-18,1577146.2129031564,5084.712903156353,0.0,701500,1572061.5
2025-09-19,1584862.7129031562,5084.712903156353,0.0,701500,1579777.9999999998
2025-09-22,1596788.2129031564,5084.712903156353,0.0,701500,1591703.5
2025-09-23,1610116.7129031562,5084.712903156353,0.0,701500,1605031.9999999998
2025-09-24,1604504.7129031562,5084.712903156353,0.0,701500,1599419.9999999998
2025-09-25,1597489.7129031564,5084.712903156353,0.0,701500,1592405.0
2025-09-26,1593982.2129031564,5084.712903156353,0.0,701500,1588897.5
2025-09-29,1605206.2129031564,5084.712903156353,0.0,701500,1600121.5
2025-09-30,1607310.7129031562,5084.712903156353,0.0,701500,1602225.9999999998
2025-10-09,1633967.7129031564,5084.712903156353,0.0,701500,1628883.0
2025-10-10,1638878.2129031566,5084.712903156353,0.0,701500,1633793.5000000002
2025-10-13,1614325.7129031564,5084.712903156353,0.0,701500,1609241.0
2025-10-14,1592579.2129031564,5084.712903156353,0.0,701500,1587494.5
2025-10-15,1613919.6424290813,5090.142429081367,177060.0,625500,1431769.5
2025-10-16,1617842.6424290813,5090.142429081367,183485.0,625500,1429267.5
2025-10-17,1607396.6424290813,5090.142429081367,186800.0,625500,1415506.5
2025-10-20,1658375.6424290813,5090.142429081367,201500.0,625500,1451785.5
2025-10-21,1680753.1424290813,5090.142429081367,220750.0,625500,1454913.0
2025-10-22,1695914.1424290813,5090.142429081367,222150.0,625500,1468674.0
2025-10-23,1696706.1424290813,5090.142429081367,220440.0,625500,1471176.0
2025-10-24,1718135.9429538813,5011.942953881429,0.0,725900,1713124.0
2025-10-27,1758060.4429538813,5011.942953881429,0.0,725900,1753048.5
2025-10-28,1762415.8429538812,5011.942953881429,0.0,725900,1757403.9
2025-10-29,1796533.1429538813,5011.942953881429,0.0,725900,1791521.2
2025-10-30,1800162.6429538813,5011.942953881429,0.0,725900,1795150.7
2025-10-31,1786370.5429538814,5011.942953881429,0.0,725900,1781358.6
2025-11-03,1804518.0429538814,5011.942953881429,0.0,725900,1799506.1
2025-11-04,1758060.4429538813,5011.942953881429,0.0,725900,1753048.5
2025-11-05,1738461.1429538813,5011.942953881429,0.0,725900,1733449.2
2025-11-06,1739187.0429538812,5011.942953881429,0.0,725900,1734175.0999999999
2025-11-07,1735557.5429538812,5011.942953881429,0.0,725900,1730545.5999999999
2025-11-10,1764593.5429538812,5011.942953881429,0.0,725900,1759581.5999999999
2025-11-11,1768948.9429538813,5011.942953881429,0.0,725900,1763937.0
2025-11-12,1792903.6429538813,5011.942953881429,0.0,725900,1787891.7
2025-11-13,1811051.1429538813,5011.942953881429,0.0,725900,1806039.2
2025-11-14,1782015.1429538813,5011.942953881429,0.0,725900,1777003.2
2025-11-17,1786370.5429538814,5011.942953881429,0.0,725900,1781358.6
2025-11-18,1746446.0429538814,5011.942953881429,0.0,725900,1741434.1
2025-11-19,1717410.0429538814,5011.942953881429,0.0,725900,1712398.1
2025-11-20,1756608.6429538813,5011.942953881429,0.0,725900,1751596.7
2025-11-21,1714506.4429538813,5011.942953881429,0.0,725900,1709494.5
2025-11-24,1737135.8288341314,16524.828834131447,185275.0,642400,1535336.0
2025-11-25,1758033.5432016216,5125.743201621459,585285.0,485700,1167622.8
2025-11-26,1788027.6432016217,5125.743201621459,594394.0,485700,1188507.9000000001
2025-11-27,1785569.8432016214,5125.743201621459,598736.0,485700,1181708.0999999999
2025-11-28,1806939.8432016214,5125.743201621459,605535.0,485700,1196279.1
2025-12-01,1807182.7432016213,5125.743201621459,607235.0,485700,1194822.0
2025-12-02,1806198.7432016213,5125.743201621459,606251.0,485700,1194822.0
2025-12-03,1805777.0432016216,5125.743201621459,601458.0,485700,1199193.3
2025-12-04,1804414.4432016215,5125.743201621459,603981.0,485700,1195307.7
2025-12-05,1800985.4432016215,5125.743201621459,605409.0,485700,1190450.7
2025-12-08,1818228.5432016216,5125.743201621459,626052.0,485700,1187050.8
2025-12-09,1818529.7432016213,5125.743201621459,638010.0,485700,1175394.0
2025-12-10,1820104.8432016214,5125.743201621459,628414.0,485700,1186565.1
2025-12-11,1806760.1432016212,5125.743201621459,620412.0,485700,1181222.4
2025-12-12,1810862.8432016214,5125.743201621459,614315.0,485700,1191422.0999999999
2025-12-15,1792033.6432016217,5125.743201621459,598400.0,485700,1188507.9000000001
2025-12-16,1774049.7432016213,5125.743201621459,593530.0,485700,1175394.0
2025-12-17,1802632.2432016213,5125.743201621459,614827.0,485700,1182679.5
2025-12-18,1779630.9432016215,5125.743201621459,596197.0,485700,1178308.2000000002
2025-12-19,1798420.4432016215,5125.743201621459,602844.0,485700,1190450.7
2025-12-22,1809855.2248257413,218886.02482574145,398090.0,485700,1192879.2
2025-12-23,1816453.9248257414,218886.02482574145,409060.0,485700,1188507.9000000001
2025-12-24,1826802.4901794915,5033.990179491491,415790.0,572700,1405978.5
2025-12-25,1834601.1805388418,5168.980538841512,186505.0,668400,1642927.2000000002
2025-12-26,1837316.3805388415,5168.980538841512,187215.0,668400,1644932.4
2025-12-29,1825398.7805388416,5168.980538841512,184655.0,668400,1635574.8
2025-12-30,1819996.5805388417,5168.980538841512,184600.0,668400,1630227.6
2025-12-31,1814347.7805388416,5168.980538841512,183630.0,668400,1625548.8
2026-01-05,1843530.1805388415,5168.980538841512,188750.0,668400,1649611.2
2026-01-06,1841106.7805388416,5168.980538841512,186995.0,668400,1648942.8
2026-01-07,1838279.9805388416,5168.980538841512,185505.0,668400,1647606.0
2026-01-08,1832701.1805388418,5168.980538841512,184605.0,668400,1642927.2000000002
2026-01-09,1836262.8300622916,5073.830062291523,384955.0,587900,1446234.0
2026-01-12,1830520.0300622918,5073.830062291523,380388.0,587900,1445058.2000000002
2026-01-13,1825612.7506415416,10804.750641541556,567588.0,507000,1247220.0
2026-01-14,1810841.7489634417,5207.948963441619,931741.0,356400,873892.7999999999
2026-01-15,1843419.9489634417,5207.948963441619,966814.0,356400,871398.0
2026-01-16,1845114.5507943665,5098.550794366627,1145251.0,283000,694765.0
2026-01-19,1837433.5507943665,5098.550794366627,1141532.0,283000,690803.0
2026-01-20,1822700.2901725667,5113.090172566674,1304192.0,211100,513395.2
2026-01-21,1825304.7901725667,5113.090172566674,1307852.0,211100,512339.7
2026-01-22,1826809.9901725668,5113.090172566674,1302602.0,211100,519094.9
2026-01-23,1804040.4901725668,5113.090172566674,1285110.0,211100,513817.4
2026-01-26,1782149.2901725667,5113.090172566674,1267863.0,211100,509173.2
2026-01-27,1782023.4901725666,5113.090172566674,1265204.0,211100,511706.39999999997
2026-01-28,1778840.3901725668,5113.090172566674,1260121.0,211100,513606.3
2026-01-29,1770918.5901725667,5113.090172566674,1253888.0,211100,511917.49999999994
2026-01-30,1800386.424758962,5225.324758961728,1478335.0,129900,316826.10000000003
2026-02-02,1812621.5127786617,5031.912778661761,1272380.0,226400,535209.6
2026-02-03,1815611.9127786618,5031.912778661761,1272880.0,226400,537700.0
2026-02-04,1838304.1274655368,5181.627465536774,1407760.0,179100,425362.5
2026-02-05,1829703.4274655369,5181.627465536774,1400413.0,179100,424108.8
2026-02-06,1822471.060700687,205073.86070068704,770268.0,364200,847129.2000000001
2026-02-09,1860488.0315787871,5066.831578787074,956077.0,377400,899344.2
2026-02-10,1864045.431578787,5066.831578787074,955483.0,377400,903495.6000000001
2026-02-11,1846942.831578787,5066.831578787074,938003.0,377400,903873.0
2026-02-12,1842143.431578787,5066.831578787074,935468.0,377400,901608.6
2026-02-13,1846269.6315787872,5066.831578787074,942236.0,377400,898966.8
2026-02-24,1842605.831578787,5066.831578787074,937440.0,377400,900098.9999999999
2026-02-25,1857764.6315787872,5066.831578787074,953731.0,377400,898966.8
2026-02-26,1872974.431578787,5066.831578787074,968186.0,377400,899721.6
2026-02-27,1854140.6315787872,5066.831578787074,948220.0,377400,900853.8
2026-03-02,1844740.0315787871,5066.831578787074,949764.0,377400,889909.2000000001
2026-03-03,1807239.421889387,5214.82188938712,1106600.0,293800,695424.6
2026-03-04,1771435.2218893874,5214.82188938712,1079316.0,293800,686904.4
2026-03-05,1803142.8393678872,5177.239367887147,1303100.0,209600,494865.60000000003
2026-03-06,1800517.2393678871,5177.239367887147,1302780.0,209600,492560.0
2026-03-09,1761794.6393678873,5177.239367887147,1275795.0,209600,480822.4
2026-03-10,1831370.839367887,5177.239367887147,1341808.0,209600,484385.6
2026-03-11,1839450.0393678872,5177.239367887147,1349468.0,209600,484804.80000000005
2026-03-12,1825510.0393678872,5177.239367887147,1334480.0,209600,485852.8
2026-03-13,1813284.8393678872,5177.239367887147,1328962.0,209600,479145.60000000003
2026-03-16,1815151.639367887,5177.239367887147,1332296.0,209600,477678.39999999997
2026-03-17,1819328.0393678872,5177.239367887147,1335634.0,209600,478516.8
2026-03-18,1818736.454953007,179482.05495300711,1160528.0,209600,478726.39999999997
2026-03-19,1782740.454953007,179482.05495300711,1129772.0,209600,473486.39999999997
2026-03-20,1777090.812646457,563.612646457128,1327054.0,200300,449473.20000000007
2026-03-23,1703824.312646457,563.612646457128,1272816.0,200300,430444.7
2026-03-24,1744460.265359882,5135.265359882145,1703628.0,16300,35697.0
2026-03-25,1850931.165359882,5135.265359882145,1809724.0,16300,36071.9
2026-03-26,1816037.965359882,5135.265359882145,1774733.0,16300,36169.7
2026-03-27,1828328.965359882,5135.265359882145,1787187.0,16300,36006.700000000004
2026-03-30,1790244.565359882,5135.265359882145,1749722.0,16300,35387.299999999996
2026-03-31,1788400.465359882,5135.265359882145,1747992.0,16300,35273.200000000004
2026-04-01,1856729.665359882,5135.265359882145,1815115.0,16300,36479.4
2026-04-02,1812577.065359882,5135.265359882145,1771484.0,16300,35957.8
2026-04-03,1799708.065359882,5135.265359882145,1758615.0,16300,35957.8
2026-04-07,1822922.3653598821,5135.265359882145,1781813.0,16300,35974.1
2026-04-08,1937171.7950472422,1467094.7950472422,432749.99999999994,16300,37327.0
2026-04-09,1927927.2950472422,1467094.7950472422,423750.0,16300,37082.5
2026-04-10,1926361.9950472421,1467094.7950472422,421875.0,16300,37392.2
2026-04-13,1925025.0950472422,1467094.7950472422,420749.99999999994,16300,37180.3
2026-04-14,1939796.695047242,1467094.7950472422,434999.99999999994,16300,37701.9
2026-04-15,1951276.7346722423,1913183.6346722422,0.0,16300,38093.100000000006
2026-04-16,1951733.1346722422,1913183.6346722422,0.0,16300,38549.5
2026-04-17,1951667.9346722423,1913183.6346722422,0.0,16300,38484.3
2026-04-20,1951651.6346722422,1913183.6346722422,0.0,16300,38468.0
2026-04-21,1951814.6346722422,1913183.6346722422,0.0,16300,38631.0
2026-04-22,1951863.5346722421,1913183.6346722422,0.0,16300,38679.9
2026-04-23,1951798.3346722422,1913183.6346722422,0.0,16300,38614.700000000004
2026-04-24,1951749.4346722423,1913183.6346722422,0.0,16300,38565.8
2026-04-27,1952042.8346722422,1913183.6346722422,0.0,16300,38859.2
2026-04-28,1952417.7346722423,1913183.6346722422,0.0,16300,39234.1
2026-04-29,1952482.9346722423,1913183.6346722422,0.0,16300,39299.3
2026-04-30,1952613.3346722422,1913183.6346722422,0.0,16300,39429.7
2026-05-06,1953183.8346722422,1913183.6346722422,0.0,16300,40000.200000000004
2026-05-07,1953640.2346722423,1913183.6346722422,0.0,16300,40456.600000000006
2026-05-08,1953656.5346722421,1913183.6346722422,0.0,16300,40472.9
2026-05-11,1953803.2346722423,1913183.6346722422,0.0,16300,40619.6
2026-05-12,1953558.7346722423,1913183.6346722422,0.0,16300,40375.1
2026-05-13,1953738.0346722421,1913183.6346722422,0.0,16300,40554.4
2026-05-14,1953754.3346722422,1913183.6346722422,0.0,16300,40570.7
2026-05-15,1953607.6346722422,1913183.6346722422,0.0,16300,40424.0
2026-05-18,1952955.6346722422,1913183.6346722422,0.0,16300,39772.0
2026-05-19,1952955.6346722422,1913183.6346722422,0.0,16300,39772.0
2026-05-20,1952825.2346722423,1913183.6346722422,0.0,16300,39641.6
2026-05-21,1953151.2346722423,1913183.6346722422,0.0,16300,39967.6
2026-05-22,1953689.1346722422,1913183.6346722422,0.0,16300,40505.5
2026-05-25,1954683.4346722423,1913183.6346722422,0.0,16300,41499.799999999996
2026-05-26,1954406.3346722422,1913183.6346722422,0.0,16300,41222.7
2026-05-27,1954601.9346722423,1913183.6346722422,0.0,16300,41418.299999999996
2026-05-28,1954324.8346722422,1913183.6346722422,0.0,16300,41141.2
2026-05-29,1954862.7346722423,1913183.6346722422,0.0,16300,41679.1
2026-06-01,1955971.1346722422,1913183.6346722422,0.0,16300,42787.5
2026-06-02,1955742.9346722423,1913183.6346722422,0.0,16300,42559.3
2026-06-03,1955596.2346722423,1913183.6346722422,0.0,16300,42412.6
2026-06-04,1955009.4346722423,1913183.6346722422,0.0,16300,41825.799999999996
2026-06-05,1955042.0346722421,1913183.6346722422,0.0,16300,41858.4
2026-06-08,1954178.1346722422,1913183.6346722422,0.0,16300,40994.5
2026-06-09,1954781.2346722423,1913183.6346722422,0.0,16300,41597.6
2026-06-10,1954178.1346722422,1913183.6346722422,0.0,16300,40994.5
2026-06-11,1953901.0346722421,1913183.6346722422,0.0,16300,40717.4
2026-06-12,1954178.1346722422,1913183.6346722422,0.0,16300,40994.5
2026-06-15,1955139.8346722422,1913183.6346722422,0.0,16300,41956.2
2026-06-16,1955335.4346722423,1913183.6346722422,0.0,16300,42151.799999999996
2026-06-17,1955205.0346722421,1913183.6346722422,0.0,16300,42021.399999999994
2026-06-18,1954976.8346722422,1913183.6346722422,0.0,16300,41793.200000000004
2026-06-22,1954993.1346722422,1913183.6346722422,0.0,16300,41809.5
2026-06-23,1954015.1346722422,1913183.6346722422,0.0,16300,40831.5
2026-06-24,1954308.5346722421,1913183.6346722422,0.0,16300,41124.9
2026-06-25,1954227.0346722421,1913183.6346722422,0.0,16300,41043.399999999994
2026-06-26,1953640.2346722423,1913183.6346722422,0.0,16300,40456.600000000006
2026-06-29,1953575.0346722421,1913183.6346722422,0.0,16300,40391.4
2026-06-30,1953656.5346722421,1913183.6346722422,0.0,16300,40472.9
2026-07-01,1953786.9346722423,1913183.6346722422,0.0,16300,40603.3
2026-07-02,1943113.9926594421,1723665.0926594422,178976.0,16300,40472.9
2026-07-03,1941087.9926594421,1723665.0926594422,176624.0,16300,40798.9
2026-07-06,1947078.2035194424,1534426.9035194423,371722.0,16300,40929.3
2026-07-07,1936692.0821286421,1339601.6821286422,555884.0,16300,41206.4
2026-07-08,1918429.5821286421,1339601.6821286422,538029.0,16300,40798.9
2026-07-09,1928816.8643116422,1143905.3643116422,743917.0,16300,40994.5
2026-07-10,1891378.4643116423,1143905.3643116422,706283.0,16300,41190.100000000006
2026-07-13,1834261.9643116423,1143905.3643116422,649248.0,16300,41108.6
2026-07-14,1856372.3643116422,1143905.3643116422,671065.0,16300,41402.0
2026-07-15,1842693.5643116422,1143905.3643116422,656995.0,16300,41793.200000000004
2026-07-16,1804049.6175116424,963678.5175116423,798366.0,16300,42005.1
2026-07-17,1731134.4175116422,963678.5175116423,726657.0,16300,40798.9
2026-07-20,1701782.2570996422,777243.8570996423,883821.0,16300,40717.4
2026-07-21,1760318.6570996423,777243.8570996423,941901.0,16300,41173.799999999996
2026-07-22,1724563.7570996422,777243.8570996423,906195.0,16300,41124.9
2026-07-23,1752725.0570996422,777243.8570996423,934340.0,16300,41141.2
2026-07-24,1705967.6570996423,777243.8570996423,887876.0,16300,40847.799999999996
2026-07-27,1735437.8570996423,777243.8570996423,917118.0,16300,41076.0
2026-07-28,1655579.0570996422,777243.8570996423,837846.0,16300,40489.2
2026-07-29,1641412.1570996423,777243.8570996423,823239.0,16300,40929.3
2026-07-30,1630762.5570996422,777243.8570996423,813111.0,16300,40407.700000000004
2026-07-31,1639264.2810329925,5012.98103299248,822088.0,323700,812163.2999999999
2026-08-03,1622007.0810329923,5012.98103299248,797062.0,323700,819932.1
2026-08-04,1673277.3810329924,5012.98103299248,832471.0,323700,835793.3999999999
2026-08-05,1747052.2810329925,5012.98103299248,878084.0,323700,863955.3
2026-08-06,1757537.9810329925,5012.98103299248,881772.0,323700,870753.0
2026-08-07,1812488.4810329925,5012.98103299248,935104.0,323700,872371.5
2026-08-10,1808243.1810329924,5012.98103299248,930535.0,323700,872695.2000000001
2026-08-11,1822101.1870521926,5116.387052192527,591254.0,451300,1225730.8
2026-08-12,1825707.7870521925,5116.387052192527,602984.0,451300,1217607.4
2026-08-13,1808903.6870521926,5116.387052192527,580313.0,451300,1223474.3
2026-08-14,1875731.7870521925,5116.387052192527,616904.0,451300,1253711.4
2026-08-17,1891390.7870521927,5116.387052192527,646102.0,451300,1240172.4000000001
2026-08-18,1868313.1601267527,5137.560126752593,329134.0,570700,1534041.6
2026-08-19,1814136.9601267525,5137.560126752593,301210.0,570700,1507789.4
2026-08-20,1836831.0601267526,5137.560126752593,305071.0,570700,1526622.5
2026-08-21,1834630.2654530928,4539.465453092649,506382.0,495400,1323708.8
2026-08-24,1813231.2654530928,4539.465453092649,484983.0,495400,1323708.8
2026-08-25,1826619.6471937727,1826619.6471937727,0.0,0,0.0
