etf_code,etf_name,exchange,list_date,delist_date,found_date,fund_manager,status,index_code,index_name,index_publisher,publisher_confidence,index_category,asset_class,domestic_a_share_flag,passive_index_flag,cross_mixed_flag,is_csi_publisher,eligible,exclusion_reason,match_level,bench_idx_name,benchmark,data_source,retrieval_date,has_daily,history_start,history_end,n_days,close,daily_amount,adv20,adv60,fund_share,fund_size,premium_max,zero_amt_days,adj_factor_last,last_amount,fund_share_first_date,fund_share_last_date
158028.SZ,招商中证稀有金属主题ETF,SZ,,,20260902,招商基金管理有限公司,L,,中证稀有金属主题,中证指数有限公司,RULE_BASED,,EQUITY,True,False,False,True,False,NOT_PASSIVE,L5_RULE,中证稀有金属主题,中证稀有金属主题指数收益率×100%,Tushare fund_basic.benchmark + index_basic,2026-09-04 10:05:42,False,,,0,,,,,22618.7769,,,0,,,20260828,20260828
562110.SH,东方红中证云计算50ETF,SH,,,20260902,上海东方证券资产管理有限公司,L,,中证云计算50,中证指数有限公司,RULE_BASED,,EQUITY,True,False,False,True,False,NOT_PASSIVE,L5_RULE,中证云计算50,中证云计算50指数收益率×100%,Tushare fund_basic.benchmark + index_basic,2026-09-04 10:05:42,False,,,0,,,,,32548.1273,,,0,,,20260828,20260828
158032.SZ,景顺长城中证细分化工产业主题ETF,SZ,,,20260902,景顺长城基金管理有限公司,L,000813.CSI,中证细分化工产业主题,中证指数有限公司,INDEX_BASIC,主题指数,EQUITY,True,False,False,True,False,NOT_PASSIVE,L2B_EX_REVSUB,中证细分化工产业主题,中证细分化工产业主题指数收益率×100%,Tushare fund_basic.benchmark + index_basic,2026-09-04 10:05:42,False,,,0,,,,,27233.5501,,,0,,,20260828,20260828
159025.SZ,华安中证家电龙头ETF,SZ,,,20260902,华安基金管理有限公司,L,931021.CSI,中证家电龙头,中证指数有限公司,INDEX_BASIC,主题指数,EQUITY,True,False,False,True,False,NOT_PASSIVE,L2B_EX_REVSUB,中证家电龙头,中证家电龙头指数收益率×100%,Tushare fund_basic.benchmark + index_basic,2026-09-04 10:05:42,False,,,0,,,,,21593.5046,,,0,,,20260828,20260828
561610.SH,鑫元中证绿色电力ETF,SH,,,20260902,鑫元基金管理有限公司,L,,中证绿色电力,中证指数有限公司,RULE_BASED,,EQUITY,True,False,False,True,False,NOT_PASSIVE,L5_RULE,中证绿色电力,中证绿色电力指数收益率×100%,Tushare fund_basic.benchmark + index_basic,2026-09-04 10:05:42,False,,,0,,,,,23812.376,,,0,,,20260828,20260828
515440.SH,南方中证A股ETF,SH,,,20260902,南方基金管理股份有限公司,L,930903.CSI,中证A股,中证指数有限公司、上海证券交易所,INDEX_BASIC,综合指数,EQUITY,True,False,False,True,False,NOT_PASSIVE,L1_EX_EXACT,中证A股,中证A股指数收益率×100%,Tushare fund_basic.benchmark + index_basic,2026-09-04 10:05:42,False,,,0,,,,,20717.9311,,,0,,,20260828,20260828
562150.SH,鹏华中证全指红利质量ETF,SH,,,20260831,鹏华基金管理有限公司,L,,中证全指红利质量,中证指数有限公司,RULE_BASED,,EQUITY,True,False,False,True,False,NOT_PASSIVE,L5_RULE,中证全指红利质量,中证全指红利质量指数收益率×100%,Tushare fund_basic.benchmark + index_basic,2026-09-04 10:05:42,False,,,0,,,,,24756.748,,,0,,,20260826,20260826
589430.SH,华宝上证科创板芯片设计主题ETF,SH,20260904,,20260827,华宝基金管理有限公司,L,932040.CSI,上证科创板芯片设计主题,中证指数有限公司,INDEX_BASIC,主题指数,EQUITY,True,False,False,True,False,NOT_PASSIVE,L2B_EX_REVSUB,上证科创板芯片设计主题,上证科创板芯片设计主题指数收益率×100%,Tushare fund_basic.benchmark + index_basic,2026-09-04 10:05:42,False,,,0,,,,,25684.9936,,,0,,,20260824,20260828
158013.SZ,易方达国证航天航空行业ETF,SZ,20260907,,20260826,易方达基金管理有限公司,L,,国证航天航空行业,深圳证券信息有限公司,RULE_BASED,,EQUITY,True,False,False,False,False,NOT_PASSIVE,L5_RULE,国证航天航空行业,国证航天航空行业指数收益率×100%,Tushare fund_basic.benchmark + index_basic,2026-09-04 10:05:42,False,,,0,,,,,20934.5203,,,0,,,20260821,20260831
561530.SH,银华中证银行ETF,SH,20260903,,20260826,银华基金管理股份有限公司,L,399986.SZ,中证银行,中证指数有限公司,INDEX_BASIC,行业指数,EQUITY,True,False,False,True,False,NOT_PASSIVE,L1_EX_EXACT,中证银行,中证银行指数收益率×100%,Tushare fund_basic.benchmark + index_basic,2026-09-04 10:05:42,True,20260903,20260903,1,1.01,146756095.0,,,23133.4034,233647374.34,,0,1.0,146756.095,20260821,20260903
158011.SZ,国泰创业板软件ETF,SZ,20260904,,20260826,国泰基金管理有限公司,L,395004.SZ,创业板软件,深圳证券交易所,INDEX_BASIC,其他指数,EQUITY,True,False,False,False,False,NOT_PASSIVE,L2B_EX_REVSUB,创业板软件,创业板软件指数收益率×100%,Tushare fund_basic.benchmark + index_basic,2026-09-04 10:05:42,False,,,0,,,,,20984.2654,,,0,,,20260821,20260828
158027.SZ,易方达中证工业互联网主题ETF,SZ,20260902,,20260824,易方达基金管理有限公司,L,,中证工业互联网主题,中证指数有限公司,RULE_BASED,,EQUITY,True,False,False,True,False,NOT_PASSIVE,L5_RULE,中证工业互联网主题,中证工业互联网主题指数收益率×100%,Tushare fund_basic.benchmark + index_basic,2026-09-04 10:05:42,True,20260902,20260903,2,0.978,9655661.899999999,,,20714.3045,202585898.00999996,,0,1.0,9655.6619,20260819,20260903
561690.SH,农银汇理沪深300质量ETF,SH,20260907,,20260821,农银汇理基金管理有限公司,L,,沪深300质量,UNKNOWN,RULE_BASED,,EQUITY,True,False,False,False,False,NOT_PASSIVE,L5_RULE,沪深300质量,沪深300质量指数收益率×100%,Tushare fund_basic.benchmark + index_basic,2026-09-04 10:05:42,False,,,0,,,,,43138.0633,,,0,,,20260817,20260831
158023.SZ,万家中证800红利低波动ETF,SZ,20260907,,20260821,万家基金管理有限公司,L,,中证800红利低波动,中证指数有限公司,RULE_BASED,,EQUITY,True,False,False,True,False,NOT_PASSIVE,L5_RULE,中证800红利低波动,中证800红利低波动指数收益率×100%,Tushare fund_basic.benchmark + index_basic,2026-09-04 10:05:42,False,,,0,,,,,35008.0789,,,0,,,20260818,20260831
562180.SH,招商中证A500红利低波动ETF,SH,20260901,,20260821,招商基金管理有限公司,L,,中证A500红利低波动,中证指数有限公司,RULE_BASED,,EQUITY,True,False,False,True,False,NOT_PASSIVE,L5_RULE,中证A500红利低波动,中证A500红利低波动指数收益率×100%,Tushare fund_basic.benchmark + index_basic,2026-09-04 10:05:42,True,20260901,20260903,3,1.013,13249985.0,,,12515.0,126776949.99999999,,0,1.0,13249.985,20260818,20260903
158010.SZ,嘉实中证医疗ETF,SZ,20260827,,20260819,嘉实基金管理有限公司,L,399989.SZ,中证医疗,中证指数有限公司,INDEX_BASIC,主题指数,EQUITY,True,False,False,True,False,NOT_PASSIVE,L1_EX_EXACT,中证医疗,中证医疗指数收益率×100%,Tushare fund_basic.benchmark + index_basic,2026-09-04 10:05:42,True,20260827,20260903,6,0.974,1973865.1,,,25321.3319,246629772.706,,0,1.0,1973.8651,20260814,20260903
159096.SZ,华夏国证价值100ETF,SZ,20260828,,20260819,华夏基金管理有限公司,L,,国证价值100,深圳证券信息有限公司,RULE_BASED,,EQUITY,True,False,False,False,False,NOT_PASSIVE,L5_RULE,国证价值100,国证价值100指数收益率×100%,Tushare fund_basic.benchmark + index_basic,2026-09-04 10:05:42,True,20260828,20260903,5,1.003,17125801.200000003,,,19263.1305,193209198.915,,0,1.0,17125.8012,20260814,20260903
158017.SZ,易方达中证细分化工产业主题ETF,SZ,20260827,,20260819,易方达基金管理有限公司,L,000813.CSI,中证细分化工产业主题,中证指数有限公司,INDEX_BASIC,主题指数,EQUITY,True,False,False,True,False,NOT_PASSIVE,L2B_EX_REVSUB,中证细分化工产业主题,中证细分化工产业主题指数收益率×100%,Tushare fund_basic.benchmark + index_basic,2026-09-04 10:05:42,True,20260827,20260903,6,1.013,9046200.8,,,8259.4582,83668311.56599997,,0,1.0,9046.2008,20260814,20260903
158019.SZ,永赢中证电池主题ETF,SZ,20260827,,20260819,永赢基金管理有限公司,L,,中证电池主题,中证指数有限公司,RULE_BASED,,EQUITY,True,False,False,True,False,NOT_PASSIVE,L5_RULE,中证电池主题,中证电池主题指数收益率×100%,Tushare fund_basic.benchmark + index_basic,2026-09-04 10:05:42,True,20260827,20260903,6,0.94,8736705.700000001,,,27728.1913,260644998.22,,0,1.0,8736.7057,20260814,20260903
158008.SZ,华夏国证新能源电池ETF,SZ,20260828,,20260819,华夏基金管理有限公司,L,,国证新能源电池,深圳证券信息有限公司,RULE_BASED,,EQUITY,True,False,False,False,False,NOT_PASSIVE,L5_RULE,国证新能源电池,国证新能源电池指数收益率×100%,Tushare fund_basic.benchmark + index_basic,2026-09-04 10:05:42,True,20260828,20260903,5,0.96,8257313.7,,,24841.3126,238476600.95999998,,0,1.0,8257.3137,20260814,20260903
561730.SH,华夏中证A股ETF,SH,20260828,,20260819,华夏基金管理有限公司,L,930903.CSI,中证A股,中证指数有限公司、上海证券交易所,INDEX_BASIC,综合指数,EQUITY,True,False,False,True,False,NOT_PASSIVE,L1_EX_EXACT,中证A股,中证A股指数收益率×100%,Tushare fund_basic.benchmark + index_basic,2026-09-04 10:05:42,True,20260828,20260903,5,1.0,13534253.0,,,10274.81,102748100.0,,0,1.0,13534.253,20260814,20260903
158001.SZ,嘉实国证价值100ETF,SZ,20260827,,20260819,嘉实基金管理有限公司,L,,国证价值100,深圳证券信息有限公司,RULE_BASED,,EQUITY,True,False,False,False,False,NOT_PASSIVE,L5_RULE,国证价值100,国证价值100指数收益率×100%,Tushare fund_basic.benchmark + index_basic,2026-09-04 10:05:42,True,20260827,20260903,6,1.006,10184998.2,,,16039.2624,161354979.744,,0,1.0,10184.9982,20260814,20260903
158005.SZ,博时中证工程机械主题ETF,SZ,20260824,,20260814,博时基金管理有限公司,L,931752.CSI,中证工程机械主题,中证指数有限公司,INDEX_BASIC,主题指数,EQUITY,True,False,False,True,False,NOT_PASSIVE,L2B_EX_REVSUB,中证工程机械主题,中证工程机械主题指数收益率×100%,Tushare fund_basic.benchmark + index_basic,2026-09-04 10:05:42,True,20260824,20260903,9,0.973,4667955.2,,,16006.1376,155739718.848,,0,1.0,4667.9552,20260811,20260903
589460.SH,华宝上证科创板200ETF,SH,20260821,,20260813,华宝基金管理有限公司,L,,上证科创板200,中证指数有限公司/上海证券交易所,RULE_BASED,,EQUITY,True,False,False,True,False,NOT_PASSIVE,L5_RULE,上证科创板200,上证科创板200指数收益率×100%,Tushare fund_basic.benchmark + index_basic,2026-09-04 10:05:42,True,20260821,20260903,10,0.956,10808226.0,,,21463.09,205187140.4,,0,1.0,10808.226,20260810,20260903
159073.SZ,汇添富国证粮食产业ETF,SZ,20260820,,20260812,汇添富基金管理股份有限公司,L,,国证粮食产业,深圳证券信息有限公司,RULE_BASED,,EQUITY,True,False,False,False,False,NOT_PASSIVE,L5_RULE,国证粮食产业,国证粮食产业指数收益率×100%,Tushare fund_basic.benchmark + index_basic,2026-09-04 10:05:42,True,20260820,20260903,11,1.068,17944042.700000003,,,6217.3864,66401686.752000004,,0,1.0,17944.0427,20260807,20260903
158012.SZ,南方中证云计算50ETF,SZ,20260820,,20260812,南方基金管理股份有限公司,L,,中证云计算50,中证指数有限公司,RULE_BASED,,EQUITY,True,False,False,True,False,NOT_PASSIVE,L5_RULE,中证云计算50,中证云计算50指数收益率×100%,Tushare fund_basic.benchmark + index_basic,2026-09-04 10:05:42,True,20260820,20260903,11,0.946,7070690.1,,,27782.5566,262822985.436,,0,1.0,7070.6901,20260807,20260903
517230.SH,永赢中证沪港深云计算产业ETF,SH,20260820,,20260812,永赢基金管理有限公司,L,930851.CSI,中证沪港深云计算产业,中证指数有限公司、上海证券交易所,INDEX_BASIC,主题指数,EQUITY,False,False,True,True,False,NOT_PASSIVE;CROSS/MIXED;NOT_DOMESTIC_A_SHARE,L2B_EX_REVSUB,中证沪港深云计算产业,中证沪港深云计算产业指数(人民币)收益率×100%,Tushare fund_basic.benchmark + index_basic,2026-09-04 10:05:42,True,20260820,20260903,11,0.959,1595105.0,,,16054.58,153963422.2,,0,1.0,1595.105,20260807,20260903
159082.SZ,华夏中证细分化工产业主题ETF,SZ,20260821,,20260812,华夏基金管理有限公司,L,000813.CSI,中证细分化工产业主题,中证指数有限公司,INDEX_BASIC,主题指数,EQUITY,True,False,False,True,False,NOT_PASSIVE,L2B_EX_REVSUB,中证细分化工产业主题,中证细分化工产业主题指数收益率×100%,Tushare fund_basic.benchmark + index_basic,2026-09-04 10:05:42,True,20260821,20260903,10,1.002,3933831.8,,,7653.1212,76684274.424,,0,1.0,3933.8318,20260807,20260903
561410.SH,工银瑞信中证光伏产业ETF,SH,20260824,,20260812,工银瑞信基金管理有限公司,L,931151.CSI,中证光伏产业,中证指数有限公司、上海证券交易所,INDEX_BASIC,主题指数,EQUITY,True,False,False,True,False,NOT_PASSIVE,L2B_EX_REVSUB,中证光伏产业,中证光伏产业指数收益率×100%,Tushare fund_basic.benchmark + index_basic,2026-09-04 10:05:42,True,20260824,20260903,9,0.938,6046563.0,,,20461.33,191927275.4,,0,1.0,6046.563,20260807,20260903
159043.SZ,华安中证全指食品ETF,SZ,20260824,,20260812,华安基金管理有限公司,L,,中证全指食品,中证指数有限公司,RULE_BASED,,EQUITY,True,False,False,True,False,NOT_PASSIVE,L5_RULE,中证全指食品,中证全指食品指数收益率×100%,Tushare fund_basic.benchmark + index_basic,2026-09-04 10:05:42,True,20260824,20260903,9,0.996,2127635.1,,,8477.0695,84431612.22,,0,1.0,2127.6351,20260807,20260903
159095.SZ,银华中证云计算50ETF,SZ,20260818,,20260810,银华基金管理股份有限公司,L,,中证云计算50,中证指数有限公司,RULE_BASED,,EQUITY,True,False,False,True,False,NOT_PASSIVE,L5_RULE,中证云计算50,中证云计算50指数收益率×100%,Tushare fund_basic.benchmark + index_basic,2026-09-04 10:05:42,True,20260818,20260903,13,0.953,3317984.7,,,21746.8139,207247136.46699998,,0,1.0,3317.9847,20260805,20260903
159083.SZ,嘉实中证红利低波动100ETF,SZ,20260813,,20260805,嘉实基金管理有限公司,L,,中证红利低波动100,中证指数有限公司,RULE_BASED,,EQUITY,True,False,False,True,False,NOT_PASSIVE,L5_RULE,中证红利低波动100,中证红利低波动100指数收益率×100%,Tushare fund_basic.benchmark + index_basic,2026-09-04 10:05:42,True,20260813,20260903,16,1.003,12090265.2,,,15637.0472,156839583.41599998,,0,1.0,12090.2652,20260731,20260903
159058.SZ,大成中证全指证券公司ETF,SZ,20260813,,20260805,大成基金管理有限公司,L,,中证全指证券公司,中证指数有限公司,RULE_BASED,,EQUITY,True,False,False,True,False,NOT_PASSIVE,L5_RULE,中证全指证券公司,中证全指证券公司指数收益率×100%,Tushare fund_basic.benchmark + index_basic,2026-09-04 10:05:42,True,20260813,20260903,16,0.999,7374789.8,,,8033.1247,80250915.753,,0,1.0,7374.7898,20260731,20260903
159098.SZ,招商国证价值100ETF,SZ,20260814,,20260805,招商基金管理有限公司,L,,国证价值100,深圳证券信息有限公司,RULE_BASED,,EQUITY,True,False,False,False,False,NOT_PASSIVE,L5_RULE,国证价值100,国证价值100指数收益率×100%,Tushare fund_basic.benchmark + index_basic,2026-09-04 10:05:42,True,20260814,20260903,15,1.012,5564753.5,,,10689.1589,108174288.068,,0,1.0,5564.7535,20260731,20260903
561890.SH,易方达中证A股ETF,SH,20260807,,20260730,易方达基金管理有限公司,L,930903.CSI,中证A股,中证指数有限公司、上海证券交易所,INDEX_BASIC,综合指数,EQUITY,True,False,False,True,False,NOT_PASSIVE,L1_EX_EXACT,中证A股,中证A股指数收益率×100%,Tushare fund_basic.benchmark + index_basic,2026-09-04 10:05:42,True,20260807,20260903,20,1.009,1262114.0,17247068.200000003,,4111.26,41482613.4,,0,1.0,1262.114,20260727,20260903
158009.SZ,南方国证航天航空行业ETF,SZ,20260806,,20260729,南方基金管理股份有限公司,L,,国证航天航空行业,深圳证券信息有限公司,RULE_BASED,,EQUITY,True,False,False,False,False,NOT_PASSIVE,L5_RULE,国证航天航空行业,国证航天航空行业指数收益率×100%,Tushare fund_basic.benchmark + index_basic,2026-09-04 10:05:42,True,20260806,20260903,21,1.042,11915122.7,11746060.065000001,,3837.3819,39985519.398,,0,1.0,11915.1227,20260724,20260903
159077.SZ,鑫元中证电池主题ETF,SZ,20260812,,20260729,鑫元基金管理有限公司,L,,中证电池主题,中证指数有限公司,RULE_BASED,,EQUITY,True,False,False,True,False,NOT_PASSIVE,L5_RULE,中证电池主题,中证电池主题指数收益率×100%,Tushare fund_basic.benchmark + index_basic,2026-09-04 10:05:42,True,20260812,20260903,17,0.91,624691.7999999999,,,3224.2574,29340742.34,,0,1.0,624.6918,20260724,20260903
561810.SH,华泰柏瑞中证全指医疗器械ETF,SH,20260807,,20260729,华泰柏瑞基金管理有限公司,L,,中证全指医疗器械,中证指数有限公司,RULE_BASED,,EQUITY,True,False,False,True,False,NOT_PASSIVE,L5_RULE,中证全指医疗器械,中证全指医疗器械指数收益率×100%,Tushare fund_basic.benchmark + index_basic,2026-09-04 10:05:42,True,20260807,20260903,20,1.003,5974456.0,12936911.750000002,,6663.84,66838315.199999996,,0,1.0,5974.456,20260724,20260903
158006.SZ,博时中证细分化工产业主题ETF,SZ,20260807,,20260729,博时基金管理有限公司,L,000813.CSI,中证细分化工产业主题,中证指数有限公司,INDEX_BASIC,主题指数,EQUITY,True,False,False,True,False,NOT_PASSIVE,L2B_EX_REVSUB,中证细分化工产业主题,中证细分化工产业主题指数收益率×100%,Tushare fund_basic.benchmark + index_basic,2026-09-04 10:05:42,True,20260807,20260903,20,1.029,1730134.3,10781499.565000001,,4204.6012,43265346.348,,0,1.0,1730.1343,20260724,20260903
561390.SH,平安中证稀有金属主题ETF,SH,20260817,,20260729,平安基金管理有限公司,L,,中证稀有金属主题,中证指数有限公司,RULE_BASED,,EQUITY,True,False,False,True,False,NOT_PASSIVE,L5_RULE,中证稀有金属主题,中证稀有金属主题指数收益率×100%,Tushare fund_basic.benchmark + index_basic,2026-09-04 10:05:42,True,20260817,20260903,14,0.963,2356799.0,,,8912.81,85830360.3,,0,1.0,2356.799,20260724,20260903
561620.SH,华泰柏瑞中证细分化工产业主题ETF,SH,20260805,,20260727,华泰柏瑞基金管理有限公司,L,000813.CSI,中证细分化工产业主题,中证指数有限公司,INDEX_BASIC,主题指数,EQUITY,True,False,False,True,False,NOT_PASSIVE,L2B_EX_REVSUB,中证细分化工产业主题,中证细分化工产业主题指数收益率×100%,Tushare fund_basic.benchmark + index_basic,2026-09-04 10:05:42,True,20260805,20260903,22,1.036,11450983.0,10978438.75,,3472.7,35977172.0,,0,1.0,11450.983,20260722,20260903
512420.SH,华安中证工程机械主题ETF,SH,20260807,,20260727,华安基金管理有限公司,L,931752.CSI,中证工程机械主题,中证指数有限公司,INDEX_BASIC,主题指数,EQUITY,True,False,False,True,False,NOT_PASSIVE,L2B_EX_REVSUB,中证工程机械主题,中证工程机械主题指数收益率×100%,Tushare fund_basic.benchmark + index_basic,2026-09-04 10:05:42,True,20260807,20260903,20,0.954,4777503.0,11305860.6,,7523.89,71777910.6,,0,1.0,4777.503,20260722,20260903
561020.SH,招商中证全指食品ETF,SH,20260804,,20260724,招商基金管理有限公司,L,,中证全指食品,中证指数有限公司,RULE_BASED,,EQUITY,True,False,False,True,False,NOT_PASSIVE,L5_RULE,中证全指食品,中证全指食品指数收益率×100%,Tushare fund_basic.benchmark + index_basic,2026-09-04 10:05:42,True,20260804,20260903,23,1.018,2457538.0,4744519.050000001,,3002.22,30562599.599999998,,0,1.0,2457.538,20260721,20260903
159099.SZ,华宝中证云计算50ETF,SZ,20260730,,20260722,华宝基金管理有限公司,L,,中证云计算50,中证指数有限公司,RULE_BASED,,EQUITY,True,False,False,True,False,NOT_PASSIVE,L5_RULE,中证云计算50,中证云计算50指数收益率×100%,Tushare fund_basic.benchmark + index_basic,2026-09-04 10:05:42,True,20260730,20260903,26,0.985,7820704.399999999,12620385.82,,10361.0546,102056387.81,,0,1.0,7820.7044,20260717,20260903
159093.SZ,汇添富中证细分化工产业主题ETF,SZ,20260730,,20260722,汇添富基金管理股份有限公司,L,000813.CSI,中证细分化工产业主题,中证指数有限公司,INDEX_BASIC,主题指数,EQUITY,True,False,False,True,False,NOT_PASSIVE,L2B_EX_REVSUB,中证细分化工产业主题,中证细分化工产业主题指数收益率×100%,Tushare fund_basic.benchmark + index_basic,2026-09-04 10:05:42,True,20260730,20260903,26,1.039,4355272.0,6250803.444999999,,2868.147,29800047.33,,0,1.0,4355.272,20260717,20260903
561400.SH,鑫元中证畜牧养殖产业ETF,SH,20260803,,20260720,鑫元基金管理有限公司,L,,中证畜牧养殖产业,中证指数有限公司,RULE_BASED,,EQUITY,True,False,False,True,False,NOT_PASSIVE,L5_RULE,中证畜牧养殖产业,中证畜牧养殖产业指数收益率×100%,Tushare fund_basic.benchmark + index_basic,2026-09-04 10:05:42,True,20260803,20260903,24,1.021,1212045.0,6428977.75,,4051.9,41369898.99999999,,0,1.0,1212.045,20260715,20260903
159086.SZ,广发中证金融科技主题ETF,SZ,20260730,,20260720,广发基金管理有限公司,L,,中证金融科技主题,中证指数有限公司,RULE_BASED,,EQUITY,True,False,False,True,False,NOT_PASSIVE,L5_RULE,中证金融科技主题,中证金融科技主题指数同期收益率×100%,Tushare fund_basic.benchmark + index_basic,2026-09-04 10:05:42,True,20260730,20260903,26,1.073,3970617.2,5209472.72,,2839.9823,30473010.079,,0,1.0,3970.6172,20260714,20260903
159087.SZ,万家中证细分化工产业主题ETF,SZ,20260803,,20260717,万家基金管理有限公司,L,000813.CSI,中证细分化工产业主题,中证指数有限公司,INDEX_BASIC,主题指数,EQUITY,True,False,False,True,False,NOT_PASSIVE,L2B_EX_REVSUB,中证细分化工产业主题,中证细分化工产业主题指数收益率×100%,Tushare fund_basic.benchmark + index_basic,2026-09-04 10:05:42,True,20260803,20260903,24,1.043,2218561.7,6049064.200000001,,3499.215,36496812.449999996,,0,1.0,2218.5617,20260714,20260903
159079.SZ,兴全国证价值100ETF,SZ,20260803,,20260717,兴证全球基金管理有限公司,L,,国证价值100,深圳证券信息有限公司,RULE_BASED,,EQUITY,True,False,False,False,False,NOT_PASSIVE,L5_RULE,国证价值100,国证价值100指数收益率×100%,Tushare fund_basic.benchmark + index_basic,2026-09-04 10:05:42,True,20260803,20260903,24,1.011,4570040.600000001,7047454.045000001,,8480.683,85739705.13000001,,0,1.0,4570.0406,20260714,20260903
561490.SH,财通资管中证全指红利质量ETF,SH,20260731,,20260716,财通证券资产管理有限公司,L,,中证全指红利质量,中证指数有限公司,RULE_BASED,,EQUITY,True,False,False,True,False,NOT_PASSIVE,L5_RULE,中证全指红利质量,中证全指红利质量指数收益率×100%,Tushare fund_basic.benchmark + index_basic,2026-09-04 10:05:42,True,20260731,20260903,25,1.031,7158388.0,10795703.35,,8863.13,91378870.29999998,,0,1.0,7158.388,20260710,20260903
515840.SH,南方中证全指食品ETF,SH,20260723,,20260715,南方基金管理股份有限公司,L,,中证全指食品,中证指数有限公司,RULE_BASED,,EQUITY,True,False,False,True,False,NOT_PASSIVE,L5_RULE,中证全指食品,中证全指食品指数收益率×100%,Tushare fund_basic.benchmark + index_basic,2026-09-04 10:05:42,True,20260723,20260903,31,1.031,7333646.0,6266820.85,,3342.64,34462618.4,,0,1.0,7333.646,20260710,20260903
588530.SH,中银证券中证科创创业人工智能ETF,SH,20260729,,20260715,中银国际证券股份有限公司,L,931071.CSI,中证科创创业人工智能,中证指数有限公司,INDEX_BASIC,主题指数,EQUITY,True,False,False,True,False,NOT_PASSIVE,L2B_EX_REVSUB,中证科创创业人工智能,中证科创创业人工智能指数收益率×100%,Tushare fund_basic.benchmark + index_basic,2026-09-04 10:05:42,True,20260729,20260903,27,0.914,1937132.0,9519994.7,,22503.33,205680436.20000005,,0,1.0,1937.132,20260710,20260903
561630.SH,华泰柏瑞中证全指红利质量ETF,SH,20260722,,20260713,华泰柏瑞基金管理有限公司,L,,中证全指红利质量,中证指数有限公司,RULE_BASED,,EQUITY,True,False,False,True,False,NOT_PASSIVE,L5_RULE,中证全指红利质量,中证全指红利质量指数收益率×100%,Tushare fund_basic.benchmark + index_basic,2026-09-04 10:05:42,True,20260722,20260903,32,1.052,5614865.0,5603893.45,,4289.8,45128696.0,,0,1.0,5614.865,20260708,20260903
159059.SZ,大成中证全指电力公用事业ETF,SZ,20260720,,20260710,大成基金管理有限公司,L,,中证全指电力公用事业,中证指数有限公司,RULE_BASED,,EQUITY,True,False,False,True,False,NOT_PASSIVE,L5_RULE,中证全指电力公用事业,中证全指电力公用事业指数收益率×100%,Tushare fund_basic.benchmark + index_basic,2026-09-04 10:05:42,True,20260720,20260903,34,1.026,9076602.7,8069530.109999999,,5583.0063,57281644.638000004,,0,1.0,9076.6027,20260707,20260903
159085.SZ,永赢国证价值100ETF,SZ,20260720,,20260710,永赢基金管理有限公司,L,,国证价值100,深圳证券信息有限公司,RULE_BASED,,EQUITY,True,False,False,False,False,NOT_PASSIVE,L5_RULE,国证价值100,国证价值100指数收益率×100%,Tushare fund_basic.benchmark + index_basic,2026-09-04 10:05:42,True,20260720,20260903,34,1.046,5107397.9,2724226.6399999997,,2953.5454,30894084.884,,0,1.0,5107.3979,20260707,20260903
159069.SZ,华泰柏瑞创业板新能源ETF,SZ,20260721,,20260709,华泰柏瑞基金管理有限公司,L,,创业板新能源,深圳证券信息有限公司,RULE_BASED,,EQUITY,True,False,False,False,False,NOT_PASSIVE,L5_RULE,创业板新能源,创业板新能源指数收益率×100%,Tushare fund_basic.benchmark + index_basic,2026-09-04 10:05:42,True,20260721,20260903,33,0.974,8003816.7,13167265.295,,4077.044,39710408.56,,0,1.0,8003.8167,20260706,20260903
589410.SH,嘉实上证科创板人工智能ETF,SH,20260716,,20260708,嘉实基金管理有限公司,L,931071.CSI,上证科创板人工智能,中证指数有限公司,INDEX_BASIC,主题指数,EQUITY,True,False,False,True,False,NOT_PASSIVE,L2B_EX_REVSUB,上证科创板人工智能,上证科创板人工智能指数收益率×100%,Tushare fund_basic.benchmark + index_basic,2026-09-04 10:05:42,True,20260716,20260903,36,0.822,6302716.0,7607587.25,,56056.56,460784923.2,,0,1.0,6302.716,20260703,20260903
561250.SH,鹏华中证稀有金属主题ETF,SH,20260722,,20260708,鹏华基金管理有限公司,L,,中证稀有金属主题,中证指数有限公司,RULE_BASED,,EQUITY,True,False,False,True,False,NOT_PASSIVE,L5_RULE,中证稀有金属主题,中证稀有金属主题指数收益率×100%,Tushare fund_basic.benchmark + index_basic,2026-09-04 10:05:42,True,20260722,20260903,32,0.998,2709390.0,9673392.400000002,,7175.22,71608695.6,,0,1.0,2709.39,20260703,20260903
159072.SZ,景顺长城国证粮食产业ETF,SZ,20260717,,20260707,景顺长城基金管理有限公司,L,,国证粮食产业,深圳证券信息有限公司,RULE_BASED,,EQUITY,True,False,False,False,False,NOT_PASSIVE,L5_RULE,国证粮食产业,国证粮食产业指数收益率×100%,Tushare fund_basic.benchmark + index_basic,2026-09-04 10:05:42,True,20260717,20260903,35,1.16,11069583.1,14311997.299999999,,4628.5157,53690782.12,,0,1.0,11069.5831,20260702,20260903
159075.SZ,华夏中证工业互联网主题ETF,SZ,20260717,,20260706,华夏基金管理有限公司,L,,中证工业互联网主题,中证指数有限公司,RULE_BASED,,EQUITY,True,False,False,True,False,NOT_PASSIVE,L5_RULE,中证工业互联网主题,中证工业互联网主题指数收益率×100%,Tushare fund_basic.benchmark + index_basic,2026-09-04 10:05:42,True,20260717,20260903,35,0.9,1076609.0999999999,3777416.924999999,,17619.7165,158577448.5,,0,1.0,1076.6091,20260701,20260903
516440.SH,南方中证工程机械主题ETF,SH,20260709,,20260701,南方基金管理股份有限公司,L,931752.CSI,中证工程机械主题,中证指数有限公司,INDEX_BASIC,主题指数,EQUITY,True,False,False,True,False,NOT_PASSIVE,L2B_EX_REVSUB,中证工程机械主题,中证工程机械主题指数收益率×100%,Tushare fund_basic.benchmark + index_basic,2026-09-04 10:05:42,True,20260709,20260903,41,0.935,6265331.0,7595699.8,,13612.66,127278371.0,,0,1.0,6265.331,20260626,20260903
159067.SZ,鹏华国证绿色电力ETF,SZ,20260713,,20260630,鹏华基金管理有限公司,L,,国证绿色电力,深圳证券信息有限公司,RULE_BASED,,EQUITY,True,False,False,False,False,NOT_PASSIVE,L5_RULE,国证绿色电力,国证绿色电力指数收益率×100%,Tushare fund_basic.benchmark + index_basic,2026-09-04 10:05:42,True,20260713,20260903,39,1.023,227173.30000000002,853728.5850000001,,1890.8737,19343637.950999998,,0,1.0,227.1733,20260625,20260903
159076.SZ,华宝创业板新能源ETF,SZ,20260708,,20260630,华宝基金管理有限公司,L,,创业板新能源,深圳证券信息有限公司,RULE_BASED,,EQUITY,True,False,False,False,False,NOT_PASSIVE,L5_RULE,创业板新能源,创业板新能源指数收益率×100%,Tushare fund_basic.benchmark + index_basic,2026-09-04 10:05:42,True,20260708,20260903,42,0.814,8644045.4,13397572.869999997,,24637.3015,200547634.20999998,,0,1.0,8644.0454,20260625,20260903
159078.SZ,富国中证A股ETF,SZ,20260708,,20260630,富国基金管理有限公司,L,930903.CSI,中证A股,中证指数有限公司、上海证券交易所,INDEX_BASIC,综合指数,EQUITY,True,False,False,True,False,NOT_PASSIVE,L1_EX_EXACT,中证A股,中证A股指数收益率×100%,Tushare fund_basic.benchmark + index_basic,2026-09-04 10:05:42,True,20260708,20260903,42,0.937,12375490.100000001,8971102.195,,17226.246,161409925.02,,0,1.0,12375.4901,20260625,20260903
512410.SH,广发中证银行ETF,SH,20260708,,20260630,广发基金管理有限公司,L,399986.SZ,中证银行,中证指数有限公司,INDEX_BASIC,行业指数,EQUITY,True,False,False,True,False,NOT_PASSIVE,L1_EX_EXACT,中证银行,中证银行指数收益率×100%,Tushare fund_basic.benchmark + index_basic,2026-09-04 10:05:42,True,20260708,20260903,42,1.121,17206796.0,17432980.799999997,,4227.17,47386575.7,,0,1.0,17206.796,20260624,20260903
561420.SH,汇添富沪深300自由现金流ETF,SH,20260708,,20260630,汇添富基金管理股份有限公司,L,,沪深300自由现金流,UNKNOWN,RULE_BASED,,EQUITY,True,False,False,False,False,NOT_PASSIVE,L5_RULE,沪深300自由现金流,沪深300自由现金流指数收益率×100%,Tushare fund_basic.benchmark + index_basic,2026-09-04 10:05:42,True,20260708,20260903,42,1.099,4446063.0,7242048.15,,101023.7,1110250463.0,,0,1.0,4446.063,20260625,20260903
589390.SH,招商上证科创板芯片设计主题ETF,SH,20260710,,20260630,招商基金管理有限公司,L,932040.CSI,上证科创板芯片设计主题,中证指数有限公司,INDEX_BASIC,主题指数,EQUITY,True,False,False,True,False,NOT_PASSIVE,L2B_EX_REVSUB,上证科创板芯片设计主题,上证科创板芯片设计主题指数收益率×100%,Tushare fund_basic.benchmark + index_basic,2026-09-04 10:05:42,True,20260710,20260903,40,0.745,38183638.0,25333077.75,,137581.05,1024978822.5,,0,1.0,38183.638,20260625,20260903
589400.SH,富国上证科创板芯片设计主题ETF,SH,20260709,,20260630,富国基金管理有限公司,L,932040.CSI,上证科创板芯片设计主题,中证指数有限公司,INDEX_BASIC,主题指数,EQUITY,True,False,False,True,False,NOT_PASSIVE,L2B_EX_REVSUB,上证科创板芯片设计主题,上证科创板芯片设计主题指数收益率×100%,Tushare fund_basic.benchmark + index_basic,2026-09-04 10:05:42,True,20260709,20260903,41,0.747,12778544.0,11558538.549999999,,30778.52,229915544.4,,0,1.0,12778.544,20260625,20260903
589420.SH,永赢上证科创板芯片设计主题ETF,SH,20260709,,20260630,永赢基金管理有限公司,L,932040.CSI,上证科创板芯片设计主题,中证指数有限公司,INDEX_BASIC,主题指数,EQUITY,True,False,False,True,False,NOT_PASSIVE,L2B_EX_REVSUB,上证科创板芯片设计主题,上证科创板芯片设计主题指数收益率×100%,Tushare fund_basic.benchmark + index_basic,2026-09-04 10:05:42,True,20260709,20260903,41,0.749,9373979.0,12388758.5,,36248.15,271498643.5,,0,1.0,9373.979,20260625,20260903
560730.SH,国泰海通中证红利低波动ETF,SH,20260716,,20260630,上海国泰海通证券资产管理有限公司,L,,中证红利低波动,中证指数有限公司,RULE_BASED,,EQUITY,True,False,False,True,False,NOT_PASSIVE,L5_RULE,中证红利低波动,中证红利低波动指数收益率×100%,Tushare fund_basic.benchmark + index_basic,2026-09-04 10:05:42,True,20260716,20260903,36,1.055,4496514.0,3536068.6500000004,,7883.63,83172296.5,,0,1.0,4496.514,20260625,20260903
159068.SZ,华夏中证全指软件ETF,SZ,20260708,,20260629,华夏基金管理有限公司,L,,中证全指软件,中证指数有限公司,RULE_BASED,,EQUITY,True,False,False,True,False,NOT_PASSIVE,L5_RULE,中证全指软件,中证全指软件指数收益率×100%,Tushare fund_basic.benchmark + index_basic,2026-09-04 10:05:42,True,20260708,20260903,42,1.004,4280965.4,7368623.379999999,,6033.657,60577916.28,,0,1.0,4280.9654,20260624,20260903
159161.SZ,东财中证工程机械主题ETF,SZ,20260707,,20260629,东财基金管理有限公司,L,931752.CSI,中证工程机械主题,中证指数有限公司,INDEX_BASIC,主题指数,EQUITY,True,False,False,True,False,NOT_PASSIVE,L2B_EX_REVSUB,中证工程机械主题,中证工程机械主题指数收益率×100%,Tushare fund_basic.benchmark + index_basic,2026-09-04 10:05:42,True,20260707,20260903,43,0.929,646989.7,850342.3050000002,,6833.126,63479740.54000001,,0,1.0,646.9897,20260624,20260903
561470.SH,天弘中证畜牧养殖产业ETF,SH,20260709,,20260629,天弘基金管理有限公司,L,,中证畜牧养殖产业,中证指数有限公司,RULE_BASED,,EQUITY,True,False,False,True,False,NOT_PASSIVE,L5_RULE,中证畜牧养殖产业,中证畜牧养殖产业指数收益率×100%,Tushare fund_basic.benchmark + index_basic,2026-09-04 10:05:42,True,20260709,20260903,41,1.042,2698615.0,3951251.4,,4293.6,44739312.0,,0,1.0,2698.615,20260624,20260903
515480.SH,南方中证红利低波动100ETF,SH,20260706,,20260626,南方基金管理股份有限公司,L,,中证红利低波动100,中证指数有限公司,RULE_BASED,,EQUITY,True,False,False,True,False,NOT_PASSIVE,L5_RULE,中证红利低波动100,中证红利低波动100指数收益率×100%,Tushare fund_basic.benchmark + index_basic,2026-09-04 10:05:42,True,20260706,20260903,44,1.068,3343158.0,3995401.8999999994,,2534.07,27063867.6,,0,1.0,3343.158,20260623,20260903
159066.SZ,建信中证A股ETF,SZ,20260706,,20260624,建信基金管理有限责任公司,L,930903.CSI,中证A股,中证指数有限公司、上海证券交易所,INDEX_BASIC,综合指数,EQUITY,True,False,False,True,False,NOT_PASSIVE,L1_EX_EXACT,中证A股,中证A股指数收益率×100%,Tushare fund_basic.benchmark + index_basic,2026-09-04 10:05:42,True,20260706,20260903,44,0.915,6435471.7,7239773.569999999,,20873.3027,190990719.705,,0,1.0,6435.4717,20260618,20260903
510140.SH,华夏上证综合ETF,SH,20260703,,20260624,华夏基金管理有限公司,L,,上证综合,中证指数有限公司/上海证券交易所,RULE_BASED,,EQUITY,True,False,False,True,False,NOT_PASSIVE,L5_RULE,上证综合,上证综合指数收益率×100%,Tushare fund_basic.benchmark + index_basic,2026-09-04 10:05:42,True,20260703,20260903,45,1.037,6879924.0,8769683.35,,8323.05,86310028.5,,0,1.0,6879.924,20260618,20260903
560920.SH,招商中证工程机械主题ETF,SH,20260703,,20260624,招商基金管理有限公司,L,931752.CSI,中证工程机械主题,中证指数有限公司,INDEX_BASIC,主题指数,EQUITY,True,False,False,True,False,NOT_PASSIVE,L2B_EX_REVSUB,中证工程机械主题,中证工程机械主题指数收益率×100%,Tushare fund_basic.benchmark + index_basic,2026-09-04 10:05:42,True,20260703,20260903,45,0.963,3490800.0,2668134.25,,4437.33,42731487.9,,0,1.0,3490.8,20260618,20260903
561460.SH,天弘中证人工智能主题ETF,SH,20260703,,20260624,天弘基金管理有限公司,L,931071.CSI,中证人工智能主题,中证指数有限公司,INDEX_BASIC,主题指数,EQUITY,True,False,False,True,False,NOT_PASSIVE,L2B_EX_REVSUB,中证人工智能主题,中证人工智能主题指数收益率×100%,Tushare fund_basic.benchmark + index_basic,2026-09-04 10:05:42,True,20260703,20260903,45,0.801,25744370.0,23289365.45,,129852.0,1040114520.0,,0,1.0,25744.37,20260618,20260903
589350.SH,银华上证科创板芯片设计主题ETF,SH,20260630,,20260618,银华基金管理股份有限公司,L,932040.CSI,上证科创板芯片设计主题,中证指数有限公司,INDEX_BASIC,主题指数,EQUITY,True,False,False,True,False,NOT_PASSIVE,L2B_EX_REVSUB,上证科创板芯片设计主题,上证科创板芯片设计主题指数收益率×100%,Tushare fund_basic.benchmark + index_basic,2026-09-04 10:05:42,True,20260630,20260903,48,0.755,14677031.0,17853695.9,,23028.15,173862532.5,,0,1.0,14677.031,20260612,20260903
159070.SZ,嘉实中证工程机械主题ETF,SZ,20260626,,20260617,嘉实基金管理有限公司,L,931752.CSI,中证工程机械主题,中证指数有限公司,INDEX_BASIC,主题指数,EQUITY,True,False,False,True,False,NOT_PASSIVE,L2B_EX_REVSUB,中证工程机械主题,中证工程机械主题指数收益率×100%,Tushare fund_basic.benchmark + index_basic,2026-09-04 10:05:42,True,20260626,20260903,50,0.929,2641253.2,3721882.840000001,,10436.6883,96956834.30700001,,0,1.0,2641.2532,20260612,20260903
561430.SH,博时中证全指红利质量ETF,SH,20260630,,20260617,博时基金管理有限公司,L,,中证全指红利质量,中证指数有限公司,RULE_BASED,,EQUITY,True,False,False,True,False,NOT_PASSIVE,L5_RULE,中证全指红利质量,中证全指红利质量指数收益率×100%,Tushare fund_basic.benchmark + index_basic,2026-09-04 10:05:42,True,20260630,20260903,48,1.059,2776313.0,2005823.8000000005,,3572.32,37830868.8,,0,1.0,2776.313,20260612,20260903
589290.SH,汇添富上证科创板芯片设计主题ETF,SH,20260626,,20260617,汇添富基金管理股份有限公司,L,932040.CSI,上证科创板芯片设计主题,中证指数有限公司,INDEX_BASIC,主题指数,EQUITY,True,False,False,True,False,NOT_PASSIVE,L2B_EX_REVSUB,上证科创板芯片设计主题,上证科创板芯片设计主题指数收益率×100%,Tushare fund_basic.benchmark + index_basic,2026-09-04 10:05:42,True,20260626,20260903,50,0.776,8959147.0,7589580.3999999985,,14784.89,114730746.4,,0,1.0,8959.147,20260612,20260903
589310.SH,鑫元上证科创板人工智能ETF,SH,20260703,,20260617,鑫元基金管理有限公司,L,931071.CSI,上证科创板人工智能,中证指数有限公司,INDEX_BASIC,主题指数,EQUITY,True,False,False,True,False,NOT_PASSIVE,L2B_EX_REVSUB,上证科创板人工智能,上证科创板人工智能指数收益率×100%,Tushare fund_basic.benchmark + index_basic,2026-09-04 10:05:42,True,20260703,20260903,45,0.808,1564766.0,4065570.7,,31349.18,253301374.4,,0,1.0,1564.766,20260612,20260903
589360.SH,国泰上证科创板50成份ETF,SH,20260626,,20260617,国泰基金管理有限公司,L,,上证科创板50成份,中证指数有限公司/上海证券交易所,RULE_BASED,,EQUITY,True,False,False,True,False,NOT_PASSIVE,L5_RULE,上证科创板50成份,上证科创板50成份指数收益率×100%,Tushare fund_basic.benchmark + index_basic,2026-09-04 10:05:42,True,20260626,20260903,50,0.833,71544680.0,70199996.59999998,,268117.4,2233417942.0,,0,1.0,71544.68,20260612,20260903
159045.SZ,大成中证稀有金属主题ETF,SZ,20260624,,20260615,大成基金管理有限公司,L,,中证稀有金属主题,中证指数有限公司,RULE_BASED,,EQUITY,True,False,False,True,False,NOT_PASSIVE,L5_RULE,中证稀有金属主题,中证稀有金属主题指数收益率×100%,Tushare fund_basic.benchmark + index_basic,2026-09-04 10:05:42,True,20260624,20260903,52,0.792,7005304.8,7911289.460000002,,16833.0213,133317528.69600001,,0,1.0,7005.3048,20260610,20260903
159061.SZ,南方国证绿色电力ETF,SZ,20260624,,20260615,南方基金管理股份有限公司,L,,国证绿色电力,深圳证券信息有限公司,RULE_BASED,,EQUITY,True,False,False,False,False,NOT_PASSIVE,L5_RULE,国证绿色电力,国证绿色电力指数收益率×100%,Tushare fund_basic.benchmark + index_basic,2026-09-04 10:05:42,True,20260624,20260903,52,0.93,10518662.6,6283449.275000001,,21484.023,199801413.9,,0,1.0,10518.6626,20260610,20260903
159065.SZ,景顺长城中证工程机械主题ETF,SZ,20260626,,20260612,景顺长城基金管理有限公司,L,931752.CSI,中证工程机械主题,中证指数有限公司,INDEX_BASIC,主题指数,EQUITY,True,False,False,True,False,NOT_PASSIVE,L2B_EX_REVSUB,中证工程机械主题,中证工程机械主题指数收益率×100%,Tushare fund_basic.benchmark + index_basic,2026-09-04 10:05:42,True,20260626,20260903,50,0.912,313421.2,1355715.42,,10735.0818,97903946.016,,0,1.0,313.4212,20260609,20260903
159062.SZ,南方中证稀有金属主题ETF,SZ,20260618,,20260610,南方基金管理股份有限公司,L,,中证稀有金属主题,中证指数有限公司,RULE_BASED,,EQUITY,True,False,False,True,False,NOT_PASSIVE,L5_RULE,中证稀有金属主题,中证稀有金属主题指数收益率×100%,Tushare fund_basic.benchmark + index_basic,2026-09-04 10:05:42,True,20260618,20260903,55,0.805,6957828.1,13677322.965,,11770.1256,94749511.08000001,,0,1.0,6957.8281,20260605,20260903
159071.SZ,华宝国证新能源电池ETF,SZ,20260618,,20260610,华宝基金管理有限公司,L,,国证新能源电池,深圳证券信息有限公司,RULE_BASED,,EQUITY,True,False,False,False,False,NOT_PASSIVE,L5_RULE,国证新能源电池,国证新能源电池指数收益率×100%,Tushare fund_basic.benchmark + index_basic,2026-09-04 10:05:42,True,20260618,20260903,55,0.82,10144842.7,8186560.309999998,,12091.1738,99147625.16,,0,1.0,10144.8427,20260605,20260903
159063.SZ,南方国证粮食产业ETF,SZ,20260615,,20260605,南方基金管理股份有限公司,L,,国证粮食产业,深圳证券信息有限公司,RULE_BASED,,EQUITY,True,False,False,False,False,NOT_PASSIVE,L5_RULE,国证粮食产业,国证粮食产业指数收益率×100%,Tushare fund_basic.benchmark + index_basic,2026-09-04 10:05:42,True,20260615,20260903,58,1.077,18589254.2,17281044.45,,5648.6647,60836118.819,,0,1.0,18589.2542,20260602,20260903
159011.SZ,华安中证畜牧养殖产业ETF,SZ,20260616,,20260603,华安基金管理有限公司,L,,中证畜牧养殖产业,中证指数有限公司,RULE_BASED,,EQUITY,True,False,False,True,False,NOT_PASSIVE,L5_RULE,中证畜牧养殖产业,中证畜牧养殖产业指数收益率×100%,Tushare fund_basic.benchmark + index_basic,2026-09-04 10:05:42,True,20260616,20260903,57,1.069,5315418.899999999,5479908.36,,2650.5168,28334024.592,,0,1.0,5315.4189,20260529,20260903
159023.SZ,万家中证畜牧养殖产业ETF,SZ,20260615,,20260603,万家基金管理有限公司,L,,中证畜牧养殖产业,中证指数有限公司,RULE_BASED,,EQUITY,True,False,False,True,False,NOT_PASSIVE,L5_RULE,中证畜牧养殖产业,中证畜牧养殖产业指数收益率×100%,Tushare fund_basic.benchmark + index_basic,2026-09-04 10:05:42,True,20260615,20260903,58,1.075,6949249.899999999,6444083.76,,4077.7943,43836288.725,,0,1.0,6949.2499,20260529,20260903
159036.SZ,华宝中证全指软件开发ETF,SZ,20260611,,20260603,华宝基金管理有限公司,L,,中证全指软件开发,中证指数有限公司,RULE_BASED,,EQUITY,True,False,False,True,False,NOT_PASSIVE,L5_RULE,中证全指软件开发,中证全指软件开发指数收益率×100%,Tushare fund_basic.benchmark + index_basic,2026-09-04 10:05:42,True,20260611,20260903,60,0.935,8037471.4,17428574.555000003,21398633.37,28474.0164,266232053.34,,0,1.0,8037.4714,20260529,20260903
159039.SZ,华安国证机器人产业ETF,SZ,20260618,,20260603,华安基金管理有限公司,L,980022.SZ,国证机器人产业,深圳证券信息有限公司,INDEX_BASIC,主题指数,EQUITY,True,False,False,False,False,NOT_PASSIVE,L2B_EX_REVSUB,国证机器人产业,国证机器人产业指数收益率×100%,Tushare fund_basic.benchmark + index_basic,2026-09-04 10:05:42,True,20260618,20260903,55,0.832,41068254.2,44974174.545,,102846.1422,855679903.104,,0,1.0,41068.2542,20260529,20260903
159046.SZ,天弘国证绿色电力ETF,SZ,20260611,,20260603,天弘基金管理有限公司,L,,国证绿色电力,深圳证券信息有限公司,RULE_BASED,,EQUITY,True,False,False,False,False,NOT_PASSIVE,L5_RULE,国证绿色电力,国证绿色电力指数收益率×100%,Tushare fund_basic.benchmark + index_basic,2026-09-04 10:05:42,True,20260611,20260903,60,0.921,17818582.5,11056959.045,17022280.871666666,51497.6854,474293682.53400004,,0,1.0,17818.5825,20260529,20260903
159052.SZ,嘉实国证新能源电池ETF,SZ,20260611,,20260603,嘉实基金管理有限公司,L,,国证新能源电池,深圳证券信息有限公司,RULE_BASED,,EQUITY,True,False,False,False,False,NOT_PASSIVE,L5_RULE,国证新能源电池,国证新能源电池指数收益率×100%,Tushare fund_basic.benchmark + index_basic,2026-09-04 10:05:42,True,20260611,20260903,60,0.828,3676660.0,3937255.4750000006,11526566.488333333,19692.6092,163054804.176,,0,1.0,3676.66,20260529,20260903
159048.SZ,大成国证机器人产业ETF,SZ,20260610,,20260602,大成基金管理有限公司,L,980022.SZ,国证机器人产业,深圳证券信息有限公司,INDEX_BASIC,主题指数,EQUITY,True,False,False,False,False,NOT_PASSIVE,L2B_EX_REVSUB,国证机器人产业,国证机器人产业指数收益率×100%,Tushare fund_basic.benchmark + index_basic,2026-09-04 10:05:42,True,20260610,20260903,61,0.854,11170676.5,16297005.140000002,21727251.01666667,19380.3897,165508528.038,,0,1.0,11170.6765,20260528,20260903
159051.SZ,易方达中证全指医疗器械ETF,SZ,20260609,,20260529,易方达基金管理有限公司,L,,中证全指医疗器械,中证指数有限公司,RULE_BASED,,EQUITY,True,False,False,True,False,NOT_PASSIVE,L5_RULE,中证全指医疗器械,中证全指医疗器械指数收益率×100%,Tushare fund_basic.benchmark + index_basic,2026-09-04 10:05:42,True,20260609,20260903,62,1.022,509465.3,4121448.8249999993,5251375.415,8611.7894,88012487.668,,0,1.0,509.4653,20260526,20260903
159053.SZ,华夏中证稀有金属主题ETF,SZ,20260609,,20260529,华夏基金管理有限公司,L,,中证稀有金属主题,中证指数有限公司,RULE_BASED,,EQUITY,True,False,False,True,False,NOT_PASSIVE,L5_RULE,中证稀有金属主题,中证稀有金属主题指数收益率×100%,Tushare fund_basic.benchmark + index_basic,2026-09-04 10:05:42,True,20260609,20260903,62,0.886,11935285.6,18037044.829999994,25753786.90166667,16019.8132,141935544.952,,0,1.0,11935.2856,20260526,20260903
159056.SZ,富国中证全指医疗器械ETF,SZ,20260609,,20260529,富国基金管理有限公司,L,,中证全指医疗器械,中证指数有限公司,RULE_BASED,,EQUITY,True,False,False,True,False,NOT_PASSIVE,L5_RULE,中证全指医疗器械,中证全指医疗器械指数收益率×100%,Tushare fund_basic.benchmark + index_basic,2026-09-04 10:05:42,True,20260609,20260903,62,1.02,4810238.3,11327973.684999999,10456790.53,6093.4358,62153045.160000004,,0,1.0,4810.2383,20260526,20260903
159057.SZ,鹏华中证全指医疗器械ETF,SZ,20260615,,20260529,鹏华基金管理有限公司,L,,中证全指医疗器械,中证指数有限公司,RULE_BASED,,EQUITY,True,False,False,True,False,NOT_PASSIVE,L5_RULE,中证全指医疗器械,中证全指医疗器械指数收益率×100%,Tushare fund_basic.benchmark + index_basic,2026-09-04 10:05:42,True,20260615,20260903,58,1.005,395108.2,3213606.3349999995,,2671.5334,26848910.669999994,,0,1.0,395.1082,20260526,20260903
159037.SZ,鹏华国证价值100ETF,SZ,20260611,,20260528,鹏华基金管理有限公司,L,,国证价值100,深圳证券信息有限公司,RULE_BASED,,EQUITY,True,False,False,False,False,NOT_PASSIVE,L5_RULE,国证价值100,国证价值100指数收益率×100%,Tushare fund_basic.benchmark + index_basic,2026-09-04 10:05:42,True,20260611,20260903,60,1.007,2462449.7,1834822.58,5742326.734999999,6724.9832,67720580.82399999,,0,1.0,2462.4497,20260522,20260903
159050.SZ,广发国证机器人产业ETF,SZ,20260609,,20260528,广发基金管理有限公司,L,980022.SZ,国证机器人产业,深圳证券信息有限公司,INDEX_BASIC,主题指数,EQUITY,True,False,False,False,False,NOT_PASSIVE,L2B_EX_REVSUB,国证机器人产业,国证机器人产业指数收益率×100%,Tushare fund_basic.benchmark + index_basic,2026-09-04 10:05:42,True,20260609,20260903,62,0.847,15388398.1,29966750.970000003,50808213.45833333,65570.3612,555380959.364,,0,1.0,15388.3981,20260522,20260903
159055.SZ,富国中证稀有金属主题ETF,SZ,20260609,,20260528,富国基金管理有限公司,L,,中证稀有金属主题,中证指数有限公司,RULE_BASED,,EQUITY,True,False,False,True,False,NOT_PASSIVE,L5_RULE,中证稀有金属主题,中证稀有金属主题指数收益率×100%,Tushare fund_basic.benchmark + index_basic,2026-09-04 10:05:42,True,20260609,20260903,62,0.899,7412148.8,10109522.530000001,17414476.171666667,12129.3952,109043262.84800002,,0,1.0,7412.1488,20260525,20260903
159033.SZ,国泰国证粮食产业ETF,SZ,20260605,,20260527,国泰基金管理有限公司,L,,国证粮食产业,深圳证券信息有限公司,RULE_BASED,,EQUITY,True,False,False,False,False,NOT_PASSIVE,L5_RULE,国证粮食产业,国证粮食产业指数收益率×100%,Tushare fund_basic.benchmark + index_basic,2026-09-04 10:05:42,True,20260605,20260903,64,1.016,19544468.9,32600124.94,24483027.988333333,10132.3473,102944648.568,,0,1.0,19544.4689,20260522,20260903
159041.SZ,鹏华中证农业主题ETF,SZ,20260610,,20260527,鹏华基金管理有限公司,L,000949.CSI,中证农业主题,中证指数有限公司,INDEX_BASIC,主题指数,EQUITY,True,False,False,True,False,NOT_PASSIVE,L2B_EX_REVSUB,中证农业主题,中证农业主题指数收益率×100%,Tushare fund_basic.benchmark + index_basic,2026-09-04 10:05:42,True,20260610,20260903,61,1.035,4263308.0,5787463.075,5809176.926666667,5347.1832,55343346.120000005,,0,1.0,4263.308,20260522,20260903
159042.SZ,汇添富国证价值100ETF,SZ,20260609,,20260527,汇添富基金管理股份有限公司,L,,国证价值100,深圳证券信息有限公司,RULE_BASED,,EQUITY,True,False,False,False,False,NOT_PASSIVE,L5_RULE,国证价值100,国证价值100指数收益率×100%,Tushare fund_basic.benchmark + index_basic,2026-09-04 10:05:42,True,20260609,20260903,62,1.009,4679220.8,3418715.1449999996,5828115.063333333,9080.1105,91618314.945,,0,1.0,4679.2208,20260522,20260903
159060.SZ,浦银国证粮食产业ETF,SZ,20260610,,20260527,浦银基金管理有限公司,L,,国证粮食产业,深圳证券信息有限公司,RULE_BASED,,EQUITY,True,False,False,False,False,NOT_PASSIVE,L5_RULE,国证粮食产业,国证粮食产业指数收益率×100%,Tushare fund_basic.benchmark + index_basic,2026-09-04 10:05:42,True,20260610,20260903,61,1.06,6343914.6,6219077.15,5932066.198333333,2148.3423,22772428.38,,0,1.0,6343.9146,20260522,20260903
560670.SH,华泰柏瑞中证银行ETF,SH,20260608,,20260522,华泰柏瑞基金管理有限公司,L,399986.SZ,中证银行,中证指数有限公司,INDEX_BASIC,行业指数,EQUITY,True,False,False,True,False,NOT_PASSIVE,L1_EX_EXACT,中证银行,中证银行指数收益率×100%,Tushare fund_basic.benchmark + index_basic,2026-09-04 10:05:42,True,20260608,20260903,63,1.087,12142831.0,15619493.900000002,16265945.066666665,4147.4,45082238.0,,0,1.0,12142.831,20260519,20260903
517130.SH,嘉实中证沪港深云计算产业ETF,SH,20260601,,20260521,嘉实基金管理有限公司,L,930851.CSI,中证沪港深云计算产业,中证指数有限公司、上海证券交易所,INDEX_BASIC,主题指数,EQUITY,False,False,True,True,False,NOT_PASSIVE;CROSS/MIXED;NOT_DOMESTIC_A_SHARE,L2B_EX_REVSUB,中证沪港深云计算产业,中证沪港深云计算产业指数(人民币)收益率×100%,Tushare fund_basic.benchmark + index_basic,2026-09-04 10:05:42,True,20260601,20260903,68,0.938,4745488.0,6564132.6,10134680.866666667,18865.4,176957452.0,,0,1.0,4745.488,20260518,20260903
510910.SH,南方上证综合ETF,SH,20260603,,20260521,南方基金管理股份有限公司,L,,上证综合,中证指数有限公司/上海证券交易所,RULE_BASED,,EQUITY,True,False,False,True,False,NOT_PASSIVE,L5_RULE,上证综合,上证综合指数收益率×100%,Tushare fund_basic.benchmark + index_basic,2026-09-04 10:05:42,True,20260603,20260903,66,0.986,23154995.0,28791178.65,36520544.616666675,15079.6,148684856.0,,0,1.0,23154.995,20260518,20260903
560720.SH,工银瑞信中证红利低波动100ETF,SH,20260605,,20260521,工银瑞信基金管理有限公司,L,,中证红利低波动100,中证指数有限公司,RULE_BASED,,EQUITY,True,False,False,True,False,NOT_PASSIVE,L5_RULE,中证红利低波动100,中证红利低波动100指数收益率×100%,Tushare fund_basic.benchmark + index_basic,2026-09-04 10:05:42,True,20260605,20260903,64,0.993,6726787.0,4306122.899999999,7522893.550000002,9654.8,95872164.0,,0,1.0,6726.787,20260518,20260903
589330.SH,东财上证科创板200ETF,SH,20260529,,20260521,东财基金管理有限公司,L,,上证科创板200,中证指数有限公司/上海证券交易所,RULE_BASED,,EQUITY,True,False,False,True,False,NOT_PASSIVE,L5_RULE,上证科创板200,上证科创板200指数收益率×100%,Tushare fund_basic.benchmark + index_basic,2026-09-04 10:05:42,True,20260529,20260903,69,0.858,1924836.0,5477276.6,9615372.000000002,17090.2,146633916.0,,0,1.0,1924.836,20260515,20260903
561030.SH,华泰柏瑞中证工程机械主题ETF,SH,20260529,,20260520,华泰柏瑞基金管理有限公司,L,931752.CSI,中证工程机械主题,中证指数有限公司,INDEX_BASIC,主题指数,EQUITY,True,False,False,True,False,NOT_PASSIVE,L2B_EX_REVSUB,中证工程机械主题,中证工程机械主题指数收益率×100%,Tushare fund_basic.benchmark + index_basic,2026-09-04 10:05:42,True,20260529,20260903,69,0.869,2401491.0,3838404.2499999995,6277344.933333332,18655.0,162111950.0,,0,1.0,2401.491,20260515,20260903
159031.SZ,博时国证粮食产业ETF,SZ,20260601,,20260520,博时基金管理有限公司,L,,国证粮食产业,深圳证券信息有限公司,RULE_BASED,,EQUITY,True,False,False,False,False,NOT_PASSIVE,L5_RULE,国证粮食产业,国证粮食产业指数收益率×100%,Tushare fund_basic.benchmark + index_basic,2026-09-04 10:05:42,True,20260601,20260903,68,0.998,10572123.9,12556312.405000001,6629102.010000001,51302.8624,512002566.752,,0,1.0,10572.1239,20260515,20260903
589320.SH,嘉实上证科创板200ETF,SH,20260528,,20260520,嘉实基金管理有限公司,L,,上证科创板200,中证指数有限公司/上海证券交易所,RULE_BASED,,EQUITY,True,False,False,True,False,NOT_PASSIVE,L5_RULE,上证科创板200,上证科创板200指数收益率×100%,Tushare fund_basic.benchmark + index_basic,2026-09-04 10:05:42,True,20260528,20260903,70,0.842,2151698.0,3391065.2500000005,10885935.349999998,11405.3,96032626.0,,0,1.0,2151.698,20260515,20260903
588470.SH,华安中证科创创业人工智能ETF,SH,20260528,,20260518,华安基金管理有限公司,L,931071.CSI,中证科创创业人工智能,中证指数有限公司,INDEX_BASIC,主题指数,EQUITY,True,False,False,True,False,NOT_PASSIVE,L2B_EX_REVSUB,中证科创创业人工智能,中证科创创业人工智能指数收益率×100%,Tushare fund_basic.benchmark + index_basic,2026-09-04 10:05:42,True,20260528,20260903,70,0.821,10128637.0,14847594.099999998,34273353.51666667,28090.7,230624647.0,,0,1.0,10128.637,20260513,20260903
588510.SH,华夏中证科创创业人工智能ETF,SH,20260529,,20260515,华夏基金管理有限公司,L,931071.CSI,中证科创创业人工智能,中证指数有限公司,INDEX_BASIC,主题指数,EQUITY,True,False,False,True,False,NOT_PASSIVE,L2B_EX_REVSUB,中证科创创业人工智能,中证科创创业人工智能指数收益率×100%,Tushare fund_basic.benchmark + index_basic,2026-09-04 10:05:42,True,20260529,20260903,69,0.837,6406779.0,13672418.849999998,22811810.466666665,32117.5,268823475.0,,0,1.0,6406.779,20260512,20260903
560830.SH,华夏中证全指电力公用事业ETF,SH,20260526,,20260515,华夏基金管理有限公司,L,,中证全指电力公用事业,中证指数有限公司,RULE_BASED,,EQUITY,True,False,False,True,False,NOT_PASSIVE,L5_RULE,中证全指电力公用事业,中证全指电力公用事业指数收益率×100%,Tushare fund_basic.benchmark + index_basic,2026-09-04 10:05:42,True,20260526,20260903,72,0.903,18639357.0,18588907.400000002,25893882.116666667,69001.9,623087157.0,,0,1.0,18639.357,20260512,20260903
560480.SH,招商中证全指电力公用事业ETF,SH,20260526,,20260514,招商基金管理有限公司,L,,中证全指电力公用事业,中证指数有限公司,RULE_BASED,,EQUITY,True,False,False,True,False,NOT_PASSIVE,L5_RULE,中证全指电力公用事业,中证全指电力公用事业指数收益率×100%,Tushare fund_basic.benchmark + index_basic,2026-09-04 10:05:42,True,20260526,20260903,72,0.898,6410278.0,6903722.3999999985,11076641.650000002,13730.3,123298094.0,,0,1.0,6410.278,20260511,20260903
560790.SH,鹏华中证软件服务ETF,SH,20260525,,20260514,鹏华基金管理有限公司,L,930601.CSI,中证软件服务,中证指数有限公司,INDEX_BASIC,主题指数,EQUITY,True,False,False,True,False,NOT_PASSIVE,L2B_EX_REVSUB,中证软件服务,中证软件服务指数收益率×100%,Tushare fund_basic.benchmark + index_basic,2026-09-04 10:05:42,True,20260525,20260903,73,0.825,2601328.0,4715954.349999999,4913915.616666666,22545.59,186001117.5,,0,1.0,2601.328,20260508,20260903
560250.SH,富国中证全指红利质量ETF,SH,20260522,,20260513,富国基金管理有限公司,L,,中证全指红利质量,中证指数有限公司,RULE_BASED,,EQUITY,True,False,False,True,False,NOT_PASSIVE,L5_RULE,中证全指红利质量,中证全指红利质量指数收益率×100%,Tushare fund_basic.benchmark + index_basic,2026-09-04 10:05:42,True,20260522,20260903,74,1.004,3954463.0,6108745.600000001,6468097.083333332,13933.3,139890332.0,,0,1.0,3954.463,20260508,20260903
560910.SH,华泰柏瑞中证电池主题ETF,SH,20260521,,20260513,华泰柏瑞基金管理有限公司,L,,中证电池主题,中证指数有限公司,RULE_BASED,,EQUITY,True,False,False,True,False,NOT_PASSIVE,L5_RULE,中证电池主题,中证电池主题指数收益率×100%,Tushare fund_basic.benchmark + index_basic,2026-09-04 10:05:42,True,20260521,20260903,75,0.721,7659541.0,9979074.250000002,11435473.933333334,19772.1,142556841.0,,0,1.0,7659.541,20260508,20260903
561050.SH,易方达中证稀有金属主题ETF,SH,20260522,,20260513,易方达基金管理有限公司,L,,中证稀有金属主题,中证指数有限公司,RULE_BASED,,EQUITY,True,False,False,True,False,NOT_PASSIVE,L5_RULE,中证稀有金属主题,中证稀有金属主题指数收益率×100%,Tushare fund_basic.benchmark + index_basic,2026-09-04 10:05:42,True,20260522,20260903,74,0.854,4197713.0,14484852.850000001,19562744.266666662,23025.0,196633500.0,,0,1.0,4197.713,20260508,20260903
159038.SZ,易方达国证粮食产业ETF,SZ,20260521,,20260512,易方达基金管理有限公司,L,,国证粮食产业,深圳证券信息有限公司,RULE_BASED,,EQUITY,True,False,False,False,False,NOT_PASSIVE,L5_RULE,国证粮食产业,国证粮食产业指数收益率×100%,Tushare fund_basic.benchmark + index_basic,2026-09-04 10:05:42,True,20260521,20260903,75,0.967,31071971.900000002,30409497.710000005,15220115.488333333,18602.6939,179888050.01299995,,0,1.0,31071.9719,20260507,20260903
159012.SZ,鹏华中证科创创业50ETF,SZ,20260520,,20260511,鹏华基金管理有限公司,L,931643.CSI,中证科创创业50,中证指数有限公司,INDEX_BASIC,规模指数,EQUITY,True,False,False,True,False,NOT_PASSIVE,L2B_EX_REVSUB,中证科创创业50,中证科创创业50指数收益率×100%,Tushare fund_basic.benchmark + index_basic,2026-09-04 10:05:42,True,20260520,20260903,76,0.86,10332808.8,8471531.87,11218821.206666665,12888.1148,110837787.28,,0,1.0,10332.8088,20260511,20260903
589280.SH,华宝上证科创板综合增强策略ETF,SH,20260520,,20260508,华宝基金管理有限公司,L,,上证科创板综合,中证指数有限公司/上海证券交易所,RULE_BASED,,EQUITY,True,False,False,True,False,NOT_PASSIVE,L5_RULE,上证科创板综合,上证科创板综合指数收益率×100%,Tushare fund_basic.benchmark + index_basic,2026-09-04 10:05:42,True,20260520,20260903,76,0.918,5930835.0,7527973.149999999,9534687.200000003,14906.9,136845342.0,,0,1.0,5930.835,20260513,20260903
560930.SH,易方达中证全指电力公用事业ETF,SH,20260514,,20260506,易方达基金管理有限公司,L,,中证全指电力公用事业,中证指数有限公司,RULE_BASED,,EQUITY,True,True,False,True,True,,L5_RULE,中证全指电力公用事业,中证全指电力公用事业指数收益率×100%,Tushare fund_basic.benchmark + index_basic,2026-09-04 10:05:42,True,20260514,20260903,80,0.885,4260432.0,6374902.05,12547755.4,20502.4,181446240.0,,0,1.0,4260.432,20260507,20260903
159027.SZ,大成中证畜牧养殖产业ETF,SZ,20260515,,20260506,大成基金管理有限公司,L,,中证畜牧养殖产业,中证指数有限公司,RULE_BASED,,EQUITY,True,True,False,True,True,,L5_RULE,中证畜牧养殖产业,中证畜牧养殖产业指数收益率×100%,Tushare fund_basic.benchmark + index_basic,2026-09-04 10:05:42,True,20260515,20260903,79,0.917,3480280.6999999997,4705911.225000001,7174129.898333333,10947.2283,100386083.511,,0,1.0,3480.2807,20260508,20260903
159035.SZ,天弘中证软件服务ETF,SZ,20260515,,20260506,天弘基金管理有限公司,L,930601.CSI,中证软件服务,中证指数有限公司,INDEX_BASIC,主题指数,EQUITY,True,True,False,True,True,,L2B_EX_REVSUB,中证软件服务,中证软件服务指数收益率×100%,Tushare fund_basic.benchmark + index_basic,2026-09-04 10:05:42,True,20260515,20260903,79,0.821,13586161.6,12228577.21,11643582.465000002,60685.9726,498231835.04599994,,0,1.0,13586.1616,20260508,20260903
516840.SH,南方中证全指汽车ETF,SH,20260513,,20260430,南方基金管理股份有限公司,L,,中证全指汽车,中证指数有限公司,RULE_BASED,,EQUITY,True,True,False,True,True,,L5_RULE,中证全指汽车,中证全指汽车指数×100%,Tushare fund_basic.benchmark + index_basic,2026-09-04 10:05:42,True,20260513,20260903,81,0.736,4093832.0,4934183.35,5122157.033333335,13527.7,99563872.0,,0,1.0,4093.832,20260506,20260903
159016.SZ,广发中证证券公司30ETF,SZ,20260514,,20260430,广发基金管理有限公司,L,,中证证券公司30,中证指数有限公司,RULE_BASED,,EQUITY,True,True,False,True,True,,L5_RULE,中证证券公司30,中证证券公司30指数收益率×100%,Tushare fund_basic.benchmark + index_basic,2026-09-04 10:05:42,True,20260514,20260903,80,1.02,21086753.3,27016254.055000003,41105895.321666665,33404.0154,340720957.0799999,,0,1.0,21086.7533,20260507,20260903
560320.SH,富国中证全指食品ETF,SH,20260513,,20260429,富国基金管理有限公司,L,,中证全指食品,中证指数有限公司,RULE_BASED,,EQUITY,True,True,False,True,True,,L5_RULE,中证全指食品,中证全指食品指数收益率×100%,Tushare fund_basic.benchmark + index_basic,2026-09-04 10:05:42,True,20260513,20260903,81,0.936,6154616.0,4627570.55,5114746.566666666,11833.2,110758752.0,,0,1.0,6154.616,20260506,20260903
560420.SH,前海开源中证全指食品ETF,SH,20260519,,20260429,前海开源基金管理有限公司,L,,中证全指食品,中证指数有限公司,RULE_BASED,,EQUITY,True,True,False,True,True,,L5_RULE,中证全指食品,中证全指食品指数收益率×100%,Tushare fund_basic.benchmark + index_basic,2026-09-04 10:05:42,True,20260519,20260903,77,0.934,589838.0,1280267.3499999999,2381261.5666666664,13078.02,122148706.80000001,,0,1.0,589.838,20260512,20260903
560460.SH,平安中证全指电力公用事业ETF,SH,20260515,,20260429,平安基金管理有限公司,L,,中证全指电力公用事业,中证指数有限公司,RULE_BASED,,EQUITY,True,True,False,True,True,,L5_RULE,中证全指电力公用事业,中证全指电力公用事业指数收益率×100%,Tushare fund_basic.benchmark + index_basic,2026-09-04 10:05:42,True,20260515,20260903,79,0.905,4568012.0,4933885.55,8495114.616666665,28103.7,254338485.0,,0,1.0,4568.012,20260508,20260903
588480.SH,中金中证科创创业人工智能ETF,SH,20260512,,20260429,中金基金管理有限公司,L,931071.CSI,中证科创创业人工智能,中证指数有限公司,INDEX_BASIC,主题指数,EQUITY,True,True,False,True,True,,L2B_EX_REVSUB,中证科创创业人工智能,中证科创创业人工智能指数收益率×100%,Tushare fund_basic.benchmark + index_basic,2026-09-04 10:05:42,True,20260512,20260903,82,0.879,3380909.0,8038977.099999999,14236086.233333334,23971.7,210711243.0,,0,1.0,3380.909,20260511,20260903
159021.SZ,华夏国证大盘价值ETF,SZ,20260515,,20260429,华夏基金管理有限公司,L,399373.SZ,国证大盘价值,深圳证券信息有限公司,INDEX_BASIC,风格指数,EQUITY,True,True,False,False,True,,L2B_EX_REVSUB,国证大盘价值,国证大盘价值指数收益率×100%,Tushare fund_basic.benchmark + index_basic,2026-09-04 10:05:42,True,20260515,20260903,79,1.025,3849588.6999999997,3869913.2249999987,5475807.6033333335,7390.7712,75755404.8,,0,1.0,3849.5887,20260508,20260903
512140.SH,华安中证全指电力公用事业ETF,SH,20260511,,20260427,华安基金管理有限公司,L,,中证全指电力公用事业,中证指数有限公司,RULE_BASED,,EQUITY,True,True,False,True,True,,L5_RULE,中证全指电力公用事业,中证全指电力公用事业指数收益率×100%,Tushare fund_basic.benchmark + index_basic,2026-09-04 10:05:42,True,20260511,20260903,83,0.919,9987720.0,9203511.5,15291729.666666664,14104.9,129624031.0,,0,1.0,9987.72,20260510,20260903
159182.SZ,南方中证全指家用电器ETF,SZ,20260508,,20260424,南方基金管理股份有限公司,L,,中证全指家用电器,中证指数有限公司,RULE_BASED,,EQUITY,True,True,False,True,True,,L5_RULE,中证全指家用电器,中证全指家用电器指数收益率×100%,Tushare fund_basic.benchmark + index_basic,2026-09-04 10:05:42,True,20260508,20260903,84,0.943,267160.39999999997,151760.885,554767.7016666668,3648.5663,34405980.209,,0,1.0,267.1604,20260424,20260903
159030.SZ,华夏国证粮食产业ETF,SZ,20260512,,20260424,华夏基金管理有限公司,L,,国证粮食产业,深圳证券信息有限公司,RULE_BASED,,EQUITY,True,True,False,False,True,,L5_RULE,国证粮食产业,国证粮食产业指数收益率×100%,Tushare fund_basic.benchmark + index_basic,2026-09-04 10:05:42,True,20260512,20260903,82,0.9,66824812.2,39461529.165,17778958.778333332,41396.8176,372571358.40000004,,0,1.0,66824.8122,20260511,20260903
159193.SZ,银华国证新能源电池ETF,SZ,20260506,,20260423,银华基金管理股份有限公司,L,,国证新能源电池,深圳证券信息有限公司,RULE_BASED,,EQUITY,True,True,False,False,True,,L5_RULE,国证新能源电池,国证新能源电池指数收益率×100%,Tushare fund_basic.benchmark + index_basic,2026-09-04 10:05:42,True,20260506,20260903,86,0.779,9371792.799999999,8125217.57,11999674.1,22908.0335,178453580.965,,0,1.0,9371.7928,20260505,20260903
512430.SH,华泰柏瑞中证家居家电ETF,SH,20260430,,20260422,华泰柏瑞基金管理有限公司,L,931241.CSI,中证家居家电,中证指数有限公司,INDEX_BASIC,主题指数,EQUITY,True,True,False,True,True,,L2B_EX_REVSUB,中证家居家电,中证家居家电指数收益率×100%,Tushare fund_basic.benchmark + index_basic,2026-09-04 10:05:42,True,20260430,20260903,87,0.901,2139225.0,1489037.15,1914073.9666666666,2872.0,25876720.0,,0,1.0,2139.225,20260422,20260903
159192.SZ,汇添富中证家电龙头ETF,SZ,20260430,,20260422,汇添富基金管理股份有限公司,L,931021.CSI,中证家电龙头,中证指数有限公司,INDEX_BASIC,主题指数,EQUITY,True,True,False,True,True,,L2B_EX_REVSUB,中证家电龙头,中证家电龙头指数收益率×100%,Tushare fund_basic.benchmark + index_basic,2026-09-04 10:05:42,True,20260430,20260903,86,0.967,179486.19999999998,385371.79000000004,1915757.1183333332,1798.7065,17393491.855,,0,1.0,179.4862,20260429,20260903
560450.SH,天弘中证全指电力公用事业ETF,SH,20260430,,20260422,天弘基金管理有限公司,L,,中证全指电力公用事业,中证指数有限公司,RULE_BASED,,EQUITY,True,True,False,True,True,,L5_RULE,中证全指电力公用事业,中证全指电力公用事业指数收益率×100%,Tushare fund_basic.benchmark + index_basic,2026-09-04 10:05:42,True,20260430,20260903,87,0.941,12610903.0,12884367.999999998,18359794.666666664,24456.9,230139429.0,,0,1.0,12610.903,20260422,20260903
159017.SZ,工银瑞信国证石油天然气ETF,SZ,20260508,,20260422,工银瑞信基金管理有限公司,L,,国证石油天然气,深圳证券信息有限公司,RULE_BASED,,EQUITY,True,True,False,False,True,,L5_RULE,国证石油天然气,国证石油天然气指数收益率×100%,Tushare fund_basic.benchmark + index_basic,2026-09-04 10:05:42,True,20260508,20260903,84,0.925,6131424.2,6166654.044999999,6297370.545000001,15125.6813,139912552.025,,0,1.0,6131.4242,20260422,20260903
159178.SZ,汇添富国证消费电子主题ETF,SZ,20260428,,20260420,汇添富基金管理股份有限公司,L,,国证消费电子主题,深圳证券信息有限公司,RULE_BASED,,EQUITY,True,True,False,False,True,,L5_RULE,国证消费电子主题,国证消费电子主题指数收益率×100%,Tushare fund_basic.benchmark + index_basic,2026-09-04 10:05:42,True,20260428,20260903,89,1.016,14576750.200000001,16014434.92,19924241.59333333,9743.2994,98991921.904,,0,1.0,14576.7502,20260420,20260903
159013.SZ,大成中证工业互联网主题ETF,SZ,20260428,,20260417,大成基金管理有限公司,L,,中证工业互联网主题,中证指数有限公司,RULE_BASED,,EQUITY,True,True,False,True,True,,L5_RULE,中证工业互联网主题,中证工业互联网主题指数收益率×100%,Tushare fund_basic.benchmark + index_basic,2026-09-04 10:05:42,True,20260428,20260903,89,0.99,2028717.5999999999,2351587.1700000004,4840637.718333333,3957.8881,39183092.19,,0,1.0,2028.7176,20260417,20260903
159020.SZ,易方达中证畜牧养殖产业ETF,SZ,20260427,,20260417,易方达基金管理有限公司,L,,中证畜牧养殖产业,中证指数有限公司,RULE_BASED,,EQUITY,True,True,False,True,True,,L5_RULE,中证畜牧养殖产业,中证畜牧养殖产业指数收益率×100%,Tushare fund_basic.benchmark + index_basic,2026-09-04 10:05:42,True,20260427,20260903,90,0.922,4161464.8,7473715.444999999,8828347.12833333,12556.7082,115772849.60399999,,0,1.0,4161.4648,20260417,20260903
515640.SH,华夏中证全指家用电器ETF,SH,20260424,,20260416,华夏基金管理有限公司,L,,中证全指家用电器,中证指数有限公司,RULE_BASED,,EQUITY,True,True,False,True,True,,L5_RULE,中证全指家用电器,中证全指家用电器指数收益率×100%,Tushare fund_basic.benchmark + index_basic,2026-09-04 10:05:42,True,20260424,20260903,91,0.971,267939.0,230957.8,694674.7499999999,1705.0,16555550.0,,0,1.0,267.939,20260416,20260903
159018.SZ,广发国证石油天然气ETF,SZ,20260427,,20260416,广发基金管理有限公司,L,,国证石油天然气,深圳证券信息有限公司,RULE_BASED,,EQUITY,True,True,False,False,True,,L5_RULE,国证石油天然气,国证石油天然气指数同期收益率×100%,Tushare fund_basic.benchmark + index_basic,2026-09-04 10:05:42,True,20260427,20260903,90,0.91,7269792.4,4878779.93,5400755.056666666,2990.4203,27212824.730000004,,0,1.0,7269.7924,20260416,20260903
159026.SZ,南方国证石油天然气ETF,SZ,20260424,,20260416,南方基金管理股份有限公司,L,,国证石油天然气,深圳证券信息有限公司,RULE_BASED,,EQUITY,True,True,False,False,True,,L5_RULE,国证石油天然气,国证石油天然气指数收益率×100%,Tushare fund_basic.benchmark + index_basic,2026-09-04 10:05:42,True,20260424,20260903,91,0.929,8166202.5,6781762.495000001,6514964.961666668,4551.3446,42281991.334,,0,1.0,8166.2025,20260416,20260903
159008.SZ,景顺长城中证全指证券公司ETF,SZ,20260428,,20260415,景顺长城基金管理有限公司,L,,中证全指证券公司,中证指数有限公司,RULE_BASED,,EQUITY,True,True,False,True,True,,L5_RULE,中证全指证券公司,中证全指证券公司指数收益率×100%,Tushare fund_basic.benchmark + index_basic,2026-09-04 10:05:42,True,20260428,20260903,89,1.027,5835825.300000001,6106380.984999999,11741487.983333334,10978.4531,112748713.337,,0,1.0,5835.8253,20260415,20260903
159019.SZ,华宝国证石油天然气ETF,SZ,20260423,,20260415,华宝基金管理有限公司,L,,国证石油天然气,深圳证券信息有限公司,RULE_BASED,,EQUITY,True,True,False,False,True,,L5_RULE,国证石油天然气,国证石油天然气指数收益率×100%,Tushare fund_basic.benchmark + index_basic,2026-09-04 10:05:42,True,20260423,20260903,92,0.93,13645948.5,16410685.769999996,16712650.076666664,4432.7711,41224771.230000004,,0,1.0,13645.9485,20260415,20260903
159022.SZ,富国中证科创创业人工智能ETF,SZ,20260424,,20260415,富国基金管理有限公司,L,931071.CSI,中证科创创业人工智能,中证指数有限公司,INDEX_BASIC,主题指数,EQUITY,True,True,False,True,True,,L2B_EX_REVSUB,中证科创创业人工智能,中证科创创业人工智能指数收益率×100%,Tushare fund_basic.benchmark + index_basic,2026-09-04 10:05:42,True,20260424,20260903,91,0.98,11626224.200000001,17237579.39,29333867.633333333,17763.0967,174078347.65999997,,0,1.0,11626.2242,20260415,20260903
589270.SH,前海开源上证科创板100ETF,SH,20260428,,20260409,前海开源基金管理有限公司,L,,上证科创板100,中证指数有限公司/上海证券交易所,RULE_BASED,,EQUITY,True,True,False,True,True,,L5_RULE,上证科创板100,上证科创板100指数收益率×100%,Tushare fund_basic.benchmark + index_basic,2026-09-04 10:05:42,True,20260428,20260903,89,1.103,2321008.0,3071852.2,3727724.7999999993,2451.66,27041809.8,,0,1.0,2321.008,20260409,20260903
159007.SZ,华泰柏瑞中证畜牧养殖产业ETF,SZ,20260417,,20260408,华泰柏瑞基金管理有限公司,L,,中证畜牧养殖产业,中证指数有限公司,RULE_BASED,,EQUITY,True,True,False,True,True,,L5_RULE,中证畜牧养殖产业,中证畜牧养殖产业指数收益率×100%,Tushare fund_basic.benchmark + index_basic,2026-09-04 10:05:42,True,20260417,20260903,96,0.893,16913764.599999998,15419828.299999999,17278296.686666664,18660.3274,166636723.68199998,,0,1.0,16913.7646,20260408,20260903
159009.SZ,易方达创业板新能源ETF,SZ,20260414,,20260403,易方达基金管理有限公司,L,,创业板新能源,深圳证券信息有限公司,RULE_BASED,,EQUITY,True,True,False,False,True,,L5_RULE,创业板新能源,创业板新能源指数收益率×100%,Tushare fund_basic.benchmark + index_basic,2026-09-04 10:05:42,True,20260414,20260903,99,0.837,986599.2999999999,1995396.8200000003,3471131.041666667,14539.2703,121693692.411,,0,1.0,986.5993,20260403,20260903
560410.SH,鹏华中证电池主题ETF,SH,20260417,,20260402,鹏华基金管理有限公司,L,,中证电池主题,中证指数有限公司,RULE_BASED,,EQUITY,True,True,False,True,True,,L5_RULE,中证电池主题,中证电池主题指数收益率×100%,Tushare fund_basic.benchmark + index_basic,2026-09-04 10:05:42,True,20260417,20260903,96,0.804,1459744.0,1428791.6,2665547.283333333,5878.61,47264024.400000006,,0,1.0,1459.744,20260402,20260903
159199.SZ,平安国证石油天然气ETF,SZ,20260409,,20260330,平安基金管理有限公司,L,,国证石油天然气,深圳证券信息有限公司,RULE_BASED,,EQUITY,True,True,False,False,True,,L5_RULE,国证石油天然气,国证石油天然气指数收益率×100%,Tushare fund_basic.benchmark + index_basic,2026-09-04 10:05:42,True,20260409,20260903,102,0.898,410877.5,484808.805,1409826.9966666668,6615.4938,59407134.324,,0,1.0,410.8775,20260408,20260903
159176.SZ,华宝中证全指家用电器ETF,SZ,20260403,,20260326,华宝基金管理有限公司,L,,中证全指家用电器,中证指数有限公司,RULE_BASED,,EQUITY,True,True,False,True,True,,L5_RULE,中证全指家用电器,中证全指家用电器指数收益率×100%,Tushare fund_basic.benchmark + index_basic,2026-09-04 10:05:42,True,20260403,20260903,105,1.006,8784173.1,8444947.030000001,9197183.553333335,2130.3341,21431161.046,,0,1.0,8784.1731,20260402,20260903
159173.SZ,南方中证全指农牧渔ETF,SZ,20260402,,20260325,南方基金管理股份有限公司,L,,中证全指农牧渔,中证指数有限公司,RULE_BASED,,EQUITY,True,True,False,True,True,,L5_RULE,中证全指农牧渔,中证全指农牧渔指数收益率×100%,Tushare fund_basic.benchmark + index_basic,2026-09-04 10:05:42,True,20260402,20260903,106,0.911,6665142.300000001,6040192.325000001,7179082.435000001,4945.5388,45053858.468,,0,1.0,6665.1423,20260401,20260903
159180.SZ,银华国证工业软件主题ETF,SZ,20260403,,20260325,银华基金管理股份有限公司,L,980034.CNI,国证工业软件主题,深圳证券信息有限公司,INDEX_BASIC,主题指数,EQUITY,True,True,False,False,True,,L2B_EX_REVSUB,国证工业软件主题,国证工业软件主题指数收益率×100%,Tushare fund_basic.benchmark + index_basic,2026-09-04 10:05:42,True,20260403,20260903,105,1.012,2467381.1999999997,4028797.2350000003,5283940.166666668,3315.5926,33553797.112,,0,1.0,2467.3812,20260402,20260903
159197.SZ,招商国证石油天然气ETF,SZ,20260402,,20260325,招商基金管理有限公司,L,,国证石油天然气,深圳证券信息有限公司,RULE_BASED,,EQUITY,True,True,False,False,True,,L5_RULE,国证石油天然气,国证石油天然气指数收益率×100%,Tushare fund_basic.benchmark + index_basic,2026-09-04 10:05:42,True,20260402,20260903,106,0.906,10750411.1,7392575.025000001,10452834.370000003,3938.829,35685790.74,,0,1.0,10750.4111,20260401,20260903
589260.SH,国泰上证科创板芯片设计主题ETF,SH,20260402,,20260325,国泰基金管理有限公司,L,932040.CSI,上证科创板芯片设计主题,中证指数有限公司,INDEX_BASIC,主题指数,EQUITY,True,True,False,True,True,,L2B_EX_REVSUB,上证科创板芯片设计主题,上证科创板芯片设计主题指数收益率×100%,Tushare fund_basic.benchmark + index_basic,2026-09-04 10:05:42,True,20260402,20260903,106,1.222,11943669.0,7826613.7,12939932.133333331,7915.6,96728632.0,,0,1.0,11943.669,20260401,20260903
516370.SH,汇添富中证全指电力公用事业ETF,SH,20260403,,20260325,汇添富基金管理股份有限公司,L,,中证全指电力公用事业,中证指数有限公司,RULE_BASED,,EQUITY,True,True,False,True,True,,L5_RULE,中证全指电力公用事业,中证全指电力公用事业指数收益率×100%,Tushare fund_basic.benchmark + index_basic,2026-09-04 10:05:42,True,20260403,20260903,105,0.921,8312010.0,11199043.75,21698429.46666667,29140.8,268386768.0,,0,1.0,8312.01,20260402,20260903
159187.SZ,景顺长城创业板新能源ETF,SZ,20260401,,20260324,景顺长城基金管理有限公司,L,,创业板新能源,深圳证券信息有限公司,RULE_BASED,,EQUITY,True,True,False,False,True,,L5_RULE,创业板新能源,创业板新能源指数收益率×100%,Tushare fund_basic.benchmark + index_basic,2026-09-04 10:05:42,True,20260401,20260903,107,0.814,3115705.4,3736319.7,4756993.715,6817.6266,55495480.524,,0,1.0,3115.7054,20260331,20260903
159195.SZ,华安国证石油天然气ETF,SZ,20260402,,20260320,华安基金管理有限公司,L,,国证石油天然气,深圳证券信息有限公司,RULE_BASED,,EQUITY,True,True,False,False,True,,L5_RULE,国证石油天然气,国证石油天然气指数收益率×100%,Tushare fund_basic.benchmark + index_basic,2026-09-04 10:05:42,True,20260402,20260903,106,0.903,10421438.299999999,11690329.455,13778080.831666669,7349.0164,66361618.092,,0,1.0,10421.4383,20260401,20260903
159160.SZ,东财中证电池主题ETF,SZ,20260327,,20260319,东财基金管理有限公司,L,,中证电池主题,中证指数有限公司,RULE_BASED,,EQUITY,True,True,False,True,True,,L5_RULE,中证电池主题,中证电池主题指数收益率×100%,Tushare fund_basic.benchmark + index_basic,2026-09-04 10:05:42,True,20260327,20260903,110,0.797,12139264.6,14957675.719999999,21107476.035000004,24581.9254,195917945.43800002,,0,1.0,12139.2646,20260326,20260903
512450.SH,广发中证畜牧养殖产业ETF,SH,20260401,,20260318,广发基金管理有限公司,L,,中证畜牧养殖产业,中证指数有限公司,RULE_BASED,,EQUITY,True,True,False,True,True,,L5_RULE,中证畜牧养殖产业,中证畜牧养殖产业指数收益率×100%,Tushare fund_basic.benchmark + index_basic,2026-09-04 10:05:42,True,20260401,20260903,107,0.907,4179723.0,3702619.6499999994,5403141.199999999,10386.7,94207369.0,,0,1.0,4179.723,20260331,20260903
159190.SZ,天弘创业板新能源ETF,SZ,20260330,,20260318,天弘基金管理有限公司,L,,创业板新能源,深圳证券信息有限公司,RULE_BASED,,EQUITY,True,True,False,False,True,,L5_RULE,创业板新能源,创业板新能源指数收益率×100%,Tushare fund_basic.benchmark + index_basic,2026-09-04 10:05:42,True,20260330,20260903,109,0.808,14591609.5,13340618.575000001,14904307.341666665,7406.9299,59847993.592,,0,1.0,14591.6095,20260329,20260903
589250.SH,浦银上证科创板芯片设计主题ETF,SH,20260401,,20260318,浦银基金管理有限公司,L,932040.CSI,上证科创板芯片设计主题,中证指数有限公司,INDEX_BASIC,主题指数,EQUITY,True,True,False,True,True,,L2B_EX_REVSUB,上证科创板芯片设计主题,上证科创板芯片设计主题指数收益率×100%,Tushare fund_basic.benchmark + index_basic,2026-09-04 10:05:42,True,20260401,20260903,107,1.221,4456988.0,8568910.25,14484355.033333331,7510.13,91698687.30000001,,0,1.0,4456.988,20260331,20260903
159177.SZ,鹏华中证工程机械主题ETF,SZ,20260402,,20260317,鹏华基金管理有限公司,L,931752.CSI,中证工程机械主题,中证指数有限公司,INDEX_BASIC,主题指数,EQUITY,True,True,False,True,True,,L2B_EX_REVSUB,中证工程机械主题,中证工程机械主题指数收益率×100%,Tushare fund_basic.benchmark + index_basic,2026-09-04 10:05:42,True,20260402,20260903,106,0.927,6526145.9,7407503.350000001,10973090.946666665,4561.9279,42289071.633,,0,1.0,6526.1459,20260401,20260903
159183.SZ,招商中证新能源汽车ETF,SZ,20260324,,20260313,招商基金管理有限公司,L,,中证新能源汽车,中证指数有限公司,RULE_BASED,,EQUITY,True,True,False,True,True,,L5_RULE,中证新能源汽车,中证新能源汽车指数收益率×100%,Tushare fund_basic.benchmark + index_basic,2026-09-04 10:05:42,True,20260324,20260903,113,0.836,6415817.2,4744402.470000001,6231998.323333333,4638.7793,38780194.948,,0,1.0,6415.8172,20260323,20260903
512460.SH,华夏中证电池主题ETF,SH,20260320,,20260311,华夏基金管理有限公司,L,,中证电池主题,中证指数有限公司,RULE_BASED,,EQUITY,True,True,False,True,True,,L5_RULE,中证电池主题,中证电池主题指数收益率×100%,Tushare fund_basic.benchmark + index_basic,2026-09-04 10:05:42,True,20260320,20260903,115,0.807,10811719.0,14945922.3,19291469.983333334,30382.3,245185161.00000003,,0,1.0,10811.719,20260319,20260903
159166.SZ,长城国证自由现金流ETF,SZ,20260318,,20260311,长城基金管理有限公司,L,980092.SZ,国证自由现金流,深圳证券信息有限公司,INDEX_BASIC,策略指数,EQUITY,True,True,False,False,True,,L2B_EX_REVSUB,国证自由现金流,国证自由现金流指数收益率×100%,Tushare fund_basic.benchmark + index_basic,2026-09-04 10:05:42,True,20260318,20260903,117,0.857,774682.0,1284361.3200000003,1845718.6316666666,55581.6059,476334362.56299996,,0,1.0,774.682,20260317,20260903
159172.SZ,汇添富中证畜牧养殖产业ETF,SZ,20260320,,20260311,汇添富基金管理股份有限公司,L,,中证畜牧养殖产业,中证指数有限公司,RULE_BASED,,EQUITY,True,True,False,True,True,,L5_RULE,中证畜牧养殖产业,中证畜牧养殖产业指数收益率×100%,Tushare fund_basic.benchmark + index_basic,2026-09-04 10:05:42,True,20260320,20260903,115,0.846,13822389.9,12206827.62,14152486.264999995,38582.9293,326411581.878,,0,1.0,13822.3899,20260319,20260903
159181.SZ,易方达国证石油天然气ETF,SZ,20260319,,20260311,易方达基金管理有限公司,L,,国证石油天然气,深圳证券信息有限公司,RULE_BASED,,EQUITY,True,True,False,False,True,,L5_RULE,国证石油天然气,国证石油天然气指数收益率×100%,Tushare fund_basic.benchmark + index_basic,2026-09-04 10:05:42,True,20260319,20260903,116,0.888,13625447.899999999,5775937.545000001,9379668.795,13440.5335,119351937.48,,0,1.0,13625.4479,20260318,20260903
159189.SZ,华夏国证石油天然气ETF,SZ,20260319,,20260311,华夏基金管理有限公司,L,,国证石油天然气,深圳证券信息有限公司,RULE_BASED,,EQUITY,True,True,False,False,True,,L5_RULE,国证石油天然气,国证石油天然气指数收益率×100%,Tushare fund_basic.benchmark + index_basic,2026-09-04 10:05:42,True,20260319,20260903,116,0.892,10524571.9,12995401.31,13693776.076666664,10708.3187,95518202.804,,0,1.0,10524.5719,20260318,20260903
560210.SH,景顺长城中证全指农牧渔ETF,SH,20260320,,20260311,景顺长城基金管理有限公司,L,,中证全指农牧渔,中证指数有限公司,RULE_BASED,,EQUITY,True,True,False,True,True,,L5_RULE,中证全指农牧渔,中证全指农牧渔指数收益率×100%,Tushare fund_basic.benchmark + index_basic,2026-09-04 10:05:42,True,20260320,20260903,115,0.835,5301818.0,8781903.700000001,7977720.366666669,51452.2,429625870.0,,0,1.0,5301.818,20260319,20260903
560400.SH,华泰柏瑞中证全指证券公司ETF,SH,20260319,,20260309,华泰柏瑞基金管理有限公司,L,,中证全指证券公司,中证指数有限公司,RULE_BASED,,EQUITY,True,True,False,True,True,,L5_RULE,中证全指证券公司,中证全指证券公司指数收益率×100%,Tushare fund_basic.benchmark + index_basic,2026-09-04 10:05:42,True,20260319,20260903,116,0.996,18901515.0,23431465.8,30129444.183333334,17049.3,169811028.0,,0,1.0,18901.515,20260318,20260903
515460.SH,南方中证全指红利质量ETF,SH,20260316,,20260304,南方基金管理股份有限公司,L,,中证全指红利质量,中证指数有限公司,RULE_BASED,,EQUITY,True,True,False,True,True,,L5_RULE,中证全指红利质量,中证全指红利质量指数收益率×100%,Tushare fund_basic.benchmark + index_basic,2026-09-04 10:05:42,True,20260316,20260903,119,0.924,12467728.0,12491041.05,14233645.366666667,27509.1,254184084.0,,0,1.0,12467.728,20260315,20260903
159175.SZ,易方达中证电池主题ETF,SZ,20260305,,20260225,易方达基金管理有限公司,L,,中证电池主题,中证指数有限公司,RULE_BASED,,EQUITY,True,True,False,True,True,,L5_RULE,中证电池主题,中证电池主题指数×100%,Tushare fund_basic.benchmark + index_basic,2026-09-04 10:05:42,True,20260305,20260903,126,0.865,10918570.299999999,20537021.810000002,28984845.878333334,49227.0382,425813880.43,,0,1.0,10918.5703,20260304,20260903
560270.SH,工银瑞信中证全指电力公用事业ETF,SH,20260306,,20260211,工银瑞信基金管理有限公司,L,,中证全指电力公用事业,中证指数有限公司,RULE_BASED,,EQUITY,True,True,False,True,True,,L5_RULE,中证全指电力公用事业,中证全指电力公用事业指数收益率×100%,Tushare fund_basic.benchmark + index_basic,2026-09-04 10:05:42,True,20260306,20260903,125,0.949,10989002.0,9453266.25,12245428.666666668,16443.9,156052611.0,,0,1.0,10989.002,20260305,20260903
560310.SH,博时中证光伏产业ETF,SH,20260302,,20260211,博时基金管理有限公司,L,931151.CSI,中证光伏产业,中证指数有限公司、上海证券交易所,INDEX_BASIC,主题指数,EQUITY,True,True,False,True,True,,L2B_EX_REVSUB,中证光伏产业,中证光伏产业指数收益率×100%,Tushare fund_basic.benchmark + index_basic,2026-09-04 10:05:42,True,20260302,20260903,129,0.733,1743574.0,1490612.6,2139212.7666666666,18812.2,137893426.0,,0,1.0,1743.574,20260301,20260903
560370.SH,易方达中证全指红利质量ETF,SH,20260226,,20260210,易方达基金管理有限公司,L,,中证全指红利质量,中证指数有限公司,RULE_BASED,,EQUITY,True,True,False,True,True,,L5_RULE,中证全指红利质量,中证全指红利质量指数收益率×100%,Tushare fund_basic.benchmark + index_basic,2026-09-04 10:05:42,True,20260226,20260903,131,0.912,1807404.0,1780405.2500000002,3325045.583333333,21458.4,195700608.0,,0,1.0048,1807.404,20260225,20260903
159156.SZ,万家国证新能源车电池ETF,SZ,20260212,,20260204,万家基金管理有限公司,L,,国证新能源车电池,深圳证券信息有限公司,RULE_BASED,,EQUITY,True,True,False,False,True,,L5_RULE,国证新能源车电池,国证新能源车电池指数收益率×100%,Tushare fund_basic.benchmark + index_basic,2026-09-04 10:05:42,True,20260212,20260903,135,0.846,3994334.1,3944382.7099999995,5288846.253333332,21946.1253,185664220.038,,0,1.0,3994.3341,20260211,20260903
159159.SZ,国投瑞银中证全指公用事业ETF,SZ,20260212,,20260204,国投瑞银基金管理有限公司,L,,中证全指公用事业,中证指数有限公司,RULE_BASED,,EQUITY,True,True,False,True,True,,L5_RULE,中证全指公用事业,中证全指公用事业指数收益率×100%,Tushare fund_basic.benchmark + index_basic,2026-09-04 10:05:42,True,20260212,20260903,135,1.019,1783470.7000000002,2530742.6399999997,4971824.985000001,11731.8582,119547635.05799998,,0,1.0,1783.4707,20260211,20260903
159165.SZ,永赢中证畜牧养殖产业ETF,SZ,20260212,,20260204,永赢基金管理有限公司,L,,中证畜牧养殖产业,中证指数有限公司,RULE_BASED,,EQUITY,True,True,False,True,True,,L5_RULE,中证畜牧养殖产业,中证畜牧养殖产业指数收益率×100%,Tushare fund_basic.benchmark + index_basic,2026-09-04 10:05:42,True,20260212,20260903,135,0.873,6005875.2,8328608.739999999,8264043.7683333345,10757.1257,93909707.361,,0,1.0,6005.8752,20260211,20260903
563560.SH,兴业中证科技优势成长50策略ETF,SH,20260227,,20260204,兴业基金管理有限公司,L,,中证科技优势成长50策略,中证指数有限公司,RULE_BASED,,EQUITY,True,True,False,True,True,,L5_RULE,中证科技优势成长50策略,中证科技优势成长50策略指数收益率×100%,Tushare fund_basic.benchmark + index_basic,2026-09-04 10:05:42,True,20260227,20260903,130,1.183,6515946.0,6566579.6,8814459.466666669,5476.9,64791727.0,,0,1.0,6515.946,20260226,20260903
515970.SH,华夏中证工程机械主题ETF,SH,20260212,,20260204,华夏基金管理有限公司,L,931752.CSI,中证工程机械主题,中证指数有限公司,INDEX_BASIC,主题指数,EQUITY,True,True,False,True,True,,L2B_EX_REVSUB,中证工程机械主题,中证工程机械主题指数收益率×100%,Tushare fund_basic.benchmark + index_basic,2026-09-04 10:05:42,True,20260212,20260903,135,0.835,137360238.0,83290102.15,86714881.7,53108.8,443458480.0,,0,1.0,137360.238,20260211,20260903
159148.SZ,富国国证石油天然气ETF,SZ,20260211,,20260203,富国基金管理有限公司,L,,国证石油天然气,深圳证券信息有限公司,RULE_BASED,,EQUITY,True,True,False,False,True,,L5_RULE,国证石油天然气,国证石油天然气指数×100%,Tushare fund_basic.benchmark + index_basic,2026-09-04 10:05:42,True,20260211,20260903,136,0.991,9451661.0,13078469.39,16733189.251666667,24246.6601,240284401.591,,0,1.0,9451.661,20260210,20260903
530060.SH,易方达上证综合ETF,SH,20260210,,20260130,易方达基金管理有限公司,L,,上证综合,中证指数有限公司/上海证券交易所,RULE_BASED,,EQUITY,True,True,False,True,True,,L5_RULE,上证综合,上证综合指数收益率×100%,Tushare fund_basic.benchmark + index_basic,2026-09-04 10:05:42,True,20260210,20260903,137,1.0,34396643.0,54960576.14999999,88026834.35,87319.3,873193000.0,,0,1.0,34396.643,20260209,20260903
159153.SZ,鹏华国证消费电子主题ETF,SZ,20260209,,20260129,鹏华基金管理有限公司,L,,国证消费电子主题,深圳证券信息有限公司,RULE_BASED,,EQUITY,True,True,False,False,True,,L5_RULE,国证消费电子主题,国证消费电子主题指数收益率×100%,Tushare fund_basic.benchmark + index_basic,2026-09-04 10:05:42,True,20260209,20260903,138,1.156,10640633.5,12459656.729999999,22730139.083333332,9572.5988,110659242.12799999,,0,1.0,10640.6335,20260208,20260903
560230.SH,富国中证光伏产业ETF,SH,20260206,,20260128,富国基金管理有限公司,L,931151.CSI,中证光伏产业,中证指数有限公司、上海证券交易所,INDEX_BASIC,主题指数,EQUITY,True,True,False,True,True,,L2B_EX_REVSUB,中证光伏产业,中证光伏产业指数收益率×100%,Tushare fund_basic.benchmark + index_basic,2026-09-04 10:05:42,True,20260206,20260903,139,0.727,2260182.0,2268267.0000000005,5313192.1,8588.9,62441303.0,,0,1.0,2260.182,20260205,20260903
560710.SH,富国中证智选船舶产业ETF,SH,20260206,,20260128,富国基金管理有限公司,L,932420.CSI,中证智选船舶产业,中证指数有限公司,INDEX_BASIC,主题指数,EQUITY,True,True,False,True,True,,L2B_EX_REVSUB,中证智选船舶产业,中证智选船舶产业指数收益率×100%,Tushare fund_basic.benchmark + index_basic,2026-09-04 10:05:42,True,20260206,20260903,139,0.916,35742274.0,43113313.55,73166861.73333333,173658.0,1590707280.0,,0,1.0,35742.274,20260205,20260903
589170.SH,鹏华上证科创板芯片设计主题ETF,SH,20260206,,20260128,鹏华基金管理有限公司,L,932040.CSI,上证科创板芯片设计主题,中证指数有限公司,INDEX_BASIC,主题指数,EQUITY,True,True,False,True,True,,L2B_EX_REVSUB,上证科创板芯片设计主题,上证科创板芯片设计主题指数收益率×100%,Tushare fund_basic.benchmark + index_basic,2026-09-04 10:05:42,True,20260206,20260903,139,1.059,4304618.0,7510805.100000001,12218786.166666664,14790.9,156635631.0,,0,1.0,4304.618,20260205,20260903
516230.SH,招商中证光伏产业ETF,SH,20260203,,20260123,招商基金管理有限公司,L,931151.CSI,中证光伏产业,中证指数有限公司、上海证券交易所,INDEX_BASIC,主题指数,EQUITY,True,True,False,True,True,,L2B_EX_REVSUB,中证光伏产业,中证光伏产业指数收益率×100%,Tushare fund_basic.benchmark + index_basic,2026-09-04 10:05:42,True,20260203,20260903,142,0.748,6916382.0,7823871.450000001,8508659.249999998,74892.1,560192908.0,,0,1.0,6916.382,20260202,20260903
159247.SZ,汇添富创业板ETF,SZ,20260202,,20260122,汇添富基金管理股份有限公司,L,395004.SZ,创业板,深圳证券交易所,INDEX_BASIC,其他指数,EQUITY,True,True,False,False,True,,L1_EX_EXACT,创业板,创业板指数收益率×100%,Tushare fund_basic.benchmark + index_basic,2026-09-04 10:05:42,True,20260202,20260903,143,0.996,81466622.7,69009193.815,70139023.58333333,55598.4966,553761026.136,,0,1.0,81466.6227,20260201,20260903
589160.SH,广发上证科创板芯片ETF,SH,20260130,,20260121,广发基金管理有限公司,L,,上证科创板芯片,中证指数有限公司/上海证券交易所,RULE_BASED,,EQUITY,True,True,False,True,True,,L5_RULE,上证科创板芯片,上证科创板芯片指数收益率×100%,Tushare fund_basic.benchmark + index_basic,2026-09-04 10:05:42,True,20260130,20260903,144,1.238,24079186.0,33736325.05,50969848.10000001,29029.6,359386448.0,,0,1.0,24079.186,20260129,20260903
560160.SH,易方达中证全指食品ETF,SH,20260127,,20260119,易方达基金管理有限公司,L,,中证全指食品,中证指数有限公司,RULE_BASED,,EQUITY,True,True,False,True,True,,L5_RULE,中证全指食品,中证全指食品指数收益率×100%,Tushare fund_basic.benchmark + index_basic,2026-09-04 10:05:42,True,20260127,20260903,147,0.928,1360255.0,3318403.7,4119765.166666667,11070.6,102735168.0,,0,1.0,1360.255,20260126,20260903
589190.SH,华宝上证科创板芯片ETF,SH,20260127,,20260119,华宝基金管理有限公司,L,,上证科创板芯片,中证指数有限公司/上海证券交易所,RULE_BASED,,EQUITY,True,True,False,True,True,,L5_RULE,上证科创板芯片,上证科创板芯片指数收益率×100%,Tushare fund_basic.benchmark + index_basic,2026-09-04 10:05:42,True,20260127,20260903,147,0.618,108444505.0,88960969.80000001,113599877.48333333,357756.2,2210933316.0,,0,2.0,108444.505,20260126,20260903
159158.SZ,景顺长城中证全指电力公用事业ETF,SZ,20260127,,20260116,景顺长城基金管理有限公司,L,,中证全指电力公用事业,中证指数有限公司,RULE_BASED,,EQUITY,True,True,False,True,True,,L5_RULE,中证全指电力公用事业,中证全指电力公用事业指数收益率×100%,Tushare fund_basic.benchmark + index_basic,2026-09-04 10:05:42,True,20260127,20260903,147,1.003,22512151.5,27174320.799999997,39572365.00500001,87703.5344,879666450.032,,0,1.0,22512.1515,20260126,20260903
589220.SH,国泰上证科创板200ETF,SH,20260126,,20260116,国泰基金管理有限公司,L,,上证科创板200,中证指数有限公司/上海证券交易所,RULE_BASED,,EQUITY,True,True,False,True,True,,L5_RULE,上证科创板200,上证科创板200指数收益率×100%,Tushare fund_basic.benchmark + index_basic,2026-09-04 10:05:42,True,20260126,20260903,148,0.996,48269012.0,40337515.65,39930397.366666675,32249.58,321205816.8,,0,1.0,48269.012,20260125,20260903
589230.SH,南方上证科创板人工智能ETF,SH,20260202,,20260116,南方基金管理股份有限公司,L,931071.CSI,上证科创板人工智能,中证指数有限公司,INDEX_BASIC,主题指数,EQUITY,True,True,False,True,True,,L2B_EX_REVSUB,上证科创板人工智能,上证科创板人工智能指数收益率×100%,Tushare fund_basic.benchmark + index_basic,2026-09-04 10:05:42,True,20260202,20260903,143,0.848,17815698.0,17459592.95,26883953.150000006,24605.3,208652944.0,,0,1.0,17815.698,20260201,20260903
589070.SH,天弘上证科创板芯片设计主题ETF,SH,20260123,,20260115,天弘基金管理有限公司,L,932040.CSI,上证科创板芯片设计主题,中证指数有限公司,INDEX_BASIC,主题指数,EQUITY,True,True,False,True,True,,L2B_EX_REVSUB,上证科创板芯片设计主题,上证科创板芯片设计主题指数收益率×100%,Tushare fund_basic.benchmark + index_basic,2026-09-04 10:05:42,True,20260123,20260903,149,1.051,281329552.0,259337456.65,199572558.01666662,200129.3,2103358942.9999998,,0,1.0,281329.552,20260122,20260903
159147.SZ,南方中证电池主题ETF,SZ,20260123,,20260114,南方基金管理股份有限公司,L,,中证电池主题,中证指数有限公司,RULE_BASED,,EQUITY,True,True,False,True,True,,L5_RULE,中证电池主题,中证电池主题指数×100%,Tushare fund_basic.benchmark + index_basic,2026-09-04 10:05:42,True,20260123,20260903,149,0.813,28236494.8,32554371.610000003,36062708.57833334,212190.9552,1725112465.7759998,,0,1.0,28236.4948,20260122,20260903
159155.SZ,大成中证电池主题ETF,SZ,20260121,,20260113,大成基金管理有限公司,L,,中证电池主题,中证指数有限公司,RULE_BASED,,EQUITY,True,True,False,True,True,,L5_RULE,中证电池主题,中证电池主题指数收益率×100%,Tushare fund_basic.benchmark + index_basic,2026-09-04 10:05:42,True,20260121,20260903,151,0.815,16981636.8,25033187.46,26339543.136666667,66551.3298,542393337.87,,0,1.0,16981.6368,20260120,20260903
159146.SZ,华宝中证全指电力公用事业ETF,SZ,20260120,,20260112,华宝基金管理有限公司,L,,中证全指电力公用事业,中证指数有限公司,RULE_BASED,,EQUITY,True,True,False,True,True,,L5_RULE,中证全指电力公用事业,中证全指电力公用事业指数收益率×100%,Tushare fund_basic.benchmark + index_basic,2026-09-04 10:05:42,True,20260120,20260903,152,1.011,18707487.400000002,23076006.330000006,37887443.021666676,70544.0849,713200698.339,,0,1.0,18707.4874,20260119,20260903
159145.SZ,广发国证工业软件主题ETF,SZ,20260119,,20260108,广发基金管理有限公司,L,980034.CNI,国证工业软件主题,深圳证券信息有限公司,INDEX_BASIC,主题指数,EQUITY,True,True,False,False,True,,L2B_EX_REVSUB,国证工业软件主题,国证工业软件主题指数收益率×100%,Tushare fund_basic.benchmark + index_basic,2026-09-04 10:05:42,True,20260119,20260903,153,0.832,1860162.8,3917411.535,5508875.47,6958.1845,57892095.04,,0,1.0,1860.1628,20260118,20260903
159149.SZ,工银瑞信创业板新能源ETF,SZ,20260120,,20260107,工银瑞信基金管理有限公司,L,,创业板新能源,深圳证券信息有限公司,RULE_BASED,,EQUITY,True,True,False,False,True,,L5_RULE,创业板新能源,创业板新能源指数收益率×100%,Tushare fund_basic.benchmark + index_basic,2026-09-04 10:05:42,True,20260120,20260903,152,0.819,6095382.5,5755913.3549999995,8279348.080000002,5451.5298,44648029.062,,0,1.0,6095.3825,20260119,20260903
159138.SZ,易方达中证工程机械主题ETF,SZ,20260113,,20251231,易方达基金管理有限公司,L,931752.CSI,中证工程机械主题,中证指数有限公司,INDEX_BASIC,主题指数,EQUITY,True,True,False,True,True,,L2B_EX_REVSUB,中证工程机械主题,中证工程机械主题指数收益率×100%,Tushare fund_basic.benchmark + index_basic,2026-09-04 10:05:42,True,20260113,20260903,157,0.896,6143784.1,9228834.21,12968317.96166667,29426.7924,263664059.904,,0,1.0,6143.7841,20260112,20260903
159151.SZ,华夏中证全指食品ETF,SZ,20260114,,20251231,华夏基金管理有限公司,L,,中证全指食品,中证指数有限公司,RULE_BASED,,EQUITY,True,True,False,True,True,,L5_RULE,中证全指食品,中证全指食品指数收益率×100%,Tushare fund_basic.benchmark + index_basic,2026-09-04 10:05:42,True,20260114,20260903,156,0.925,6899870.899999999,12213833.965,13601641.415,18165.1063,168027233.275,,0,1.0,6899.8709,20260113,20260903
563870.SH,鹏华中证通用航空主题ETF,SH,20260115,,20251231,鹏华基金管理有限公司,L,,中证通用航空主题,中证指数有限公司,RULE_BASED,,EQUITY,True,True,False,True,True,,L5_RULE,中证通用航空主题,中证通用航空主题指数收益率×100%,Tushare fund_basic.benchmark + index_basic,2026-09-04 10:05:42,True,20260115,20260903,155,0.649,664156.0,1162604.4,2261777.6,10630.39,68991231.10000001,,0,1.0,664.156,20260114,20260903
589030.SH,易方达上证科创板芯片设计主题ETF,SH,20260119,,20251231,易方达基金管理有限公司,L,932040.CSI,上证科创板芯片设计主题,中证指数有限公司,INDEX_BASIC,主题指数,EQUITY,True,True,False,True,True,,L2B_EX_REVSUB,上证科创板芯片设计主题,上证科创板芯片设计主题指数收益率×100%,Tushare fund_basic.benchmark + index_basic,2026-09-04 10:05:42,True,20260119,20260903,153,1.124,81463724.0,87604154.4,113183473.76666667,89207.7,1002694548.0000001,,0,1.0,81463.724,20260118,20260903
560130.SH,鹏华中证全指食品ETF,SH,20260113,,20251230,鹏华基金管理有限公司,L,,中证全指食品,中证指数有限公司,RULE_BASED,,EQUITY,True,True,False,True,True,,L5_RULE,中证全指食品,中证全指食品指数收益率×100%,Tushare fund_basic.benchmark + index_basic,2026-09-04 10:05:42,True,20260113,20260903,157,0.92,122561.0,250628.05000000002,436012.4,6977.62,64194104.0,,0,1.0,122.561,20260112,20260903
159293.SZ,建信创业板综合增强策略ETF,SZ,20260113,,20251230,建信基金管理有限责任公司,L,,创业板综合,深圳证券信息有限公司,RULE_BASED,,EQUITY,True,False,False,False,False,NOT_PASSIVE,L5_RULE,创业板综合,创业板综合指数收益率×100%,Tushare fund_basic.benchmark + index_basic,2026-09-04 10:05:42,True,20260113,20260903,157,1.054,7276263.3,4916557.449999999,5284474.173333334,2315.9397,24410004.438,,0,1.0,7276.2633,20260112,20260903
589130.SH,易方达上证科创板芯片ETF,SH,20260108,,20251229,易方达基金管理有限公司,L,,上证科创板芯片,中证指数有限公司/上海证券交易所,RULE_BASED,,EQUITY,True,True,False,True,True,,L5_RULE,上证科创板芯片,上证科创板芯片指数收益率×100%,Tushare fund_basic.benchmark + index_basic,2026-09-04 10:05:42,True,20260108,20260903,160,1.352,180960163.0,245453611.49999997,261301613.70000002,337478.0,4562702560.0,,0,1.0,180960.163,20260107,20260903
563930.SH,招商上证综合增强策略ETF,SH,20260106,,20251225,招商基金管理有限公司,L,,上证综合,中证指数有限公司/上海证券交易所,RULE_BASED,,EQUITY,True,False,False,True,False,NOT_PASSIVE,L5_RULE,上证综合,上证综合指数收益率×100%,Tushare fund_basic.benchmark + index_basic,2026-09-04 10:05:42,True,20260106,20260903,162,1.059,813022.0,3521166.8000000003,2929404.1999999997,2859.2,30278928.0,,0,1.0,813.022,20260105,20260903
159243.SZ,招商创业板人工智能ETF,SZ,20260105,,20251224,招商基金管理有限公司,L,970070.SZ,创业板人工智能,深圳证券信息有限公司、深圳证券交易所,INDEX_BASIC,主题指数,EQUITY,True,True,False,False,True,,L1_EX_EXACT,创业板人工智能,创业板人工智能指数收益率×100%,Tushare fund_basic.benchmark + index_basic,2026-09-04 10:05:42,True,20260105,20260903,163,1.226,39651837.3,41399778.72,50798391.07666666,13903.0224,170451054.62399998,,0,1.0,39651.8373,20260104,20260903
563790.SH,鹏华中证卫星产业ETF,SH,20260105,,20251218,鹏华基金管理有限公司,L,931594.CSI,中证卫星产业,中证指数有限公司,INDEX_BASIC,主题指数,EQUITY,True,True,False,True,True,,L2B_EX_REVSUB,中证卫星产业,中证卫星产业指数收益率×100%,Tushare fund_basic.benchmark + index_basic,2026-09-04 10:05:42,True,20260105,20260903,163,0.825,37324631.0,56800623.80000002,85034761.36666667,118644.7,978818775.0,,0,1.0,37324.631,20260104,20260903
588410.SH,鹏华中证科创创业人工智能ETF,SH,20260105,,20251217,鹏华基金管理有限公司,L,931071.CSI,中证科创创业人工智能,中证指数有限公司,INDEX_BASIC,主题指数,EQUITY,True,True,False,True,True,,L2B_EX_REVSUB,中证科创创业人工智能,中证科创创业人工智能指数收益率×100%,Tushare fund_basic.benchmark + index_basic,2026-09-04 10:05:42,True,20260105,20260903,163,1.178,3986047.0,5267040.350000001,7825824.1,11325.0,133408500.0,,0,1.0,3986.047,20260104,20260903
588420.SH,摩根中证科创创业人工智能ETF,SH,20260105,,20251217,摩根基金管理(中国)有限公司,L,931071.CSI,中证科创创业人工智能,中证指数有限公司,INDEX_BASIC,主题指数,EQUITY,True,True,False,True,True,,L2B_EX_REVSUB,中证科创创业人工智能,中证科创创业人工智能指数收益率×100%,Tushare fund_basic.benchmark + index_basic,2026-09-04 10:05:42,True,20260105,20260903,163,1.158,8087848.0,18662547.7,26644314.4,33764.8,390996384.0,,0,1.0,8087.848,20260104,20260903
588430.SH,工银瑞信中证科创创业人工智能ETF,SH,20251229,,20251217,工银瑞信基金管理有限公司,L,931071.CSI,中证科创创业人工智能,中证指数有限公司,INDEX_BASIC,主题指数,EQUITY,True,True,False,True,True,,L2B_EX_REVSUB,中证科创创业人工智能,中证科创创业人工智能指数收益率×100%,Tushare fund_basic.benchmark + index_basic,2026-09-04 10:05:42,True,20251229,20260903,166,1.2,5359029.0,7705220.050000001,11356662.183333335,9645.8,115749600.0,,0,1.0,5359.029,20251228,20260903
589150.SH,平安上证科创板50成份ETF,SH,20260106,,20251217,平安基金管理有限公司,L,,上证科创板50成份,中证指数有限公司/上海证券交易所,RULE_BASED,,EQUITY,True,True,False,True,True,,L5_RULE,上证科创板50成份,上证科创板50成份指数收益率×100%,Tushare fund_basic.benchmark + index_basic,2026-09-04 10:05:42,True,20260106,20260903,162,1.169,13194562.0,20126572.2,28313265.416666664,82743.72,967274086.8000001,,0,1.0,13194.562,20260105,20260903
562070.SH,华宝沪深300增强策略ETF,SH,20251225,,20251217,华宝基金管理有限公司,L,000300.SH,沪深300,中证指数有限公司、上海证券交易所,INDEX_BASIC,规模指数,EQUITY,True,False,False,True,False,NOT_PASSIVE,L1_EX_EXACT,沪深300,沪深300指数收益率×100%,Tushare fund_basic.benchmark + index_basic,2026-09-04 10:05:42,True,20251225,20260903,168,1.045,6289402.0,8397648.7,10191690.216666667,54954.2,574271390.0,,0,1.0,6289.402,20251224,20260903
159136.SZ,广发中证A50ETF,SZ,20251225,,20251216,广发基金管理有限公司,L,930050.CSI,中证A50,中证指数有限公司,INDEX_BASIC,规模指数,EQUITY,True,True,False,True,True,,L1_EX_EXACT,中证A50,中证A50指数收益率×100%,Tushare fund_basic.benchmark + index_basic,2026-09-04 10:05:42,True,20251225,20260903,168,1.009,249482.8,1092748.6549999998,1627228.6649999998,10941.4074,110398800.666,,0,1.0,249.4828,20251224,20260903
589210.SH,广发上证科创板芯片设计主题ETF,SH,20251223,,20251211,广发基金管理有限公司,L,932040.CSI,上证科创板芯片设计主题,中证指数有限公司,INDEX_BASIC,主题指数,EQUITY,True,True,False,True,True,,L2B_EX_REVSUB,上证科创板芯片设计主题,上证科创板芯片设计主题指数收益率×100%,Tushare fund_basic.benchmark + index_basic,2026-09-04 10:05:42,True,20251223,20260903,170,0.665,59206519.0,45949141.8,43983901.63333333,134493.8,894383770.0,,0,1.9985,59206.519,20251222,20260903
159139.SZ,华泰柏瑞中证科创创业人工智能ETF,SZ,20251219,,20251210,华泰柏瑞基金管理有限公司,L,931071.CSI,中证科创创业人工智能,中证指数有限公司,INDEX_BASIC,主题指数,EQUITY,True,True,False,True,True,,L2B_EX_REVSUB,中证科创创业人工智能,中证科创创业人工智能指数收益率×100%,Tushare fund_basic.benchmark + index_basic,2026-09-04 10:05:42,True,20251219,20260903,172,1.227,24254265.4,39055283.31,44206621.09,18010.921,220994000.67,,0,1.0,24254.2654,20251218,20260903
159140.SZ,易方达中证科创创业人工智能ETF,SZ,20251218,,20251210,易方达基金管理有限公司,L,931071.CSI,中证科创创业人工智能,中证指数有限公司,INDEX_BASIC,主题指数,EQUITY,True,True,False,True,True,,L2B_EX_REVSUB,中证科创创业人工智能,中证科创创业人工智能指数收益率×100%,Tushare fund_basic.benchmark + index_basic,2026-09-04 10:05:42,True,20251218,20260903,173,1.233,69309109.5,76574976.60000002,88353404.50666666,50393.6834,621354116.322,,0,1.0,69309.1095,20251217,20260903
563850.SH,广发中证全指食品ETF,SH,20251219,,20251210,广发基金管理有限公司,L,,中证全指食品,中证指数有限公司,RULE_BASED,,EQUITY,True,True,False,True,True,,L5_RULE,中证全指食品,中证全指食品指数×100%,Tushare fund_basic.benchmark + index_basic,2026-09-04 10:05:42,True,20251219,20260903,172,0.955,1589241.0,2412406.3,2695309.5333333337,11488.17,109712023.5,,0,1.0,1589.241,20251218,20260903
517950.SH,交银中证智选沪深港科技50ETF,SH,20251218,,20251210,交银施罗德基金管理有限公司,L,,中证智选沪深港科技50,中证指数有限公司,RULE_BASED,,EQUITY,False,True,True,True,False,CROSS/MIXED;NOT_DOMESTIC_A_SHARE,L5_RULE,中证智选沪深港科技50,中证智选沪深港科技50指数收益率×100%,Tushare fund_basic.benchmark + index_basic,2026-09-04 10:05:42,True,20251218,20260903,173,1.156,1001266.0,6038952.100000001,9721240.7,4862.32,56208419.199999996,,0,1.0,1001.266,20251217,20260903
516250.SH,富国中证工程机械主题ETF,SH,20251222,,20251210,富国基金管理有限公司,L,931752.CSI,中证工程机械主题,中证指数有限公司,INDEX_BASIC,主题指数,EQUITY,True,True,False,True,True,,L2B_EX_REVSUB,中证工程机械主题,中证工程机械主题指数×100%,Tushare fund_basic.benchmark + index_basic,2026-09-04 10:05:42,True,20251222,20260903,171,0.935,4265680.0,6720733.4,11435116.083333336,6387.8,59725930.0,,0,1.0,4265.68,20251221,20260903
159142.SZ,景顺长城中证科创创业人工智能ETF,SZ,20251212,,20251205,景顺长城基金管理有限公司,L,931071.CSI,中证科创创业人工智能,中证指数有限公司,INDEX_BASIC,主题指数,EQUITY,True,True,False,True,True,,L2B_EX_REVSUB,中证科创创业人工智能,中证科创创业人工智能指数收益率×100%,Tushare fund_basic.benchmark + index_basic,2026-09-04 10:05:42,True,20251212,20260903,177,1.175,56083306.900000006,110827089.595,130458205.19999999,117726.0142,1383280666.8500001,,0,1.0,56083.3069,20251211,20260903
563960.SH,兴全沪深300质量ETF,SH,20260108,,20251205,兴证全球基金管理有限公司,L,,沪深300质量,UNKNOWN,RULE_BASED,,EQUITY,True,True,False,False,True,,L5_RULE,沪深300质量,沪深300质量指数收益率×100%,Tushare fund_basic.benchmark + index_basic,2026-09-04 10:05:42,True,20260108,20260903,160,0.959,3697381.0,1698582.75,3376055.8833333333,35851.2,343813008.0,,0,1.0,3697.381,20260107,20260903
159141.SZ,永赢中证科创创业人工智能ETF,SZ,20251211,,20251203,永赢基金管理有限公司,L,931071.CSI,中证科创创业人工智能,中证指数有限公司,INDEX_BASIC,主题指数,EQUITY,True,True,False,True,True,,L2B_EX_REVSUB,中证科创创业人工智能,中证科创创业人工智能指数收益率×100%,Tushare fund_basic.benchmark + index_basic,2026-09-04 10:05:42,True,20251211,20260903,178,1.146,209624731.1,128731075.58499998,130482360.48,129106.073,1479555596.58,,0,1.0,209624.7311,20251210,20260903
159253.SZ,博时中证银行ETF,SZ,20251208,,20251127,博时基金管理有限公司,L,399986.SZ,中证银行,中证指数有限公司,INDEX_BASIC,行业指数,EQUITY,True,True,False,True,True,,L1_EX_EXACT,中证银行,中证银行指数收益率×100%,Tushare fund_basic.benchmark + index_basic,2026-09-04 10:05:42,True,20251208,20260903,181,1.004,14849538.200000001,8872774.225000001,7910066.156666668,51170.4979,513751798.916,,0,1.0,14849.5382,20251207,20260903
159123.SZ,嘉实中证光伏产业ETF,SZ,20251127,,20251119,嘉实基金管理有限公司,L,931151.CSI,中证光伏产业,中证指数有限公司、上海证券交易所,INDEX_BASIC,主题指数,EQUITY,True,True,False,True,True,,L2B_EX_REVSUB,中证光伏产业,中证光伏产业指数收益率×100%,Tushare fund_basic.benchmark + index_basic,2026-09-04 10:05:42,True,20251127,20260903,188,0.866,6651978.600000001,6374484.8,7731876.615,39104.7026,338646724.516,,0,1.0,6651.9786,20251126,20260903
159133.SZ,天弘中证细分化工产业主题ETF,SZ,20251125,,20251117,天弘基金管理有限公司,L,000813.CSI,中证细分化工产业主题,中证指数有限公司,INDEX_BASIC,主题指数,EQUITY,True,True,False,True,True,,L2B_EX_REVSUB,中证细分化工产业主题,中证细分化工产业主题指数收益率×100%,Tushare fund_basic.benchmark + index_basic,2026-09-04 10:05:42,True,20251125,20260903,190,1.104,34703251.4,39075061.824999996,41492060.49499999,155641.3345,1718280332.88,,0,1.0,34703.2514,20251124,20260903
563510.SH,易方达中证A500红利低波动ETF,SH,20251201,,20251117,易方达基金管理有限公司,L,,中证A500红利低波动,中证指数有限公司,RULE_BASED,,EQUITY,True,True,False,True,True,,L5_RULE,中证A500红利低波动,中证A500红利低波动指数收益率×100%,Tushare fund_basic.benchmark + index_basic,2026-09-04 10:05:42,True,20251201,20260903,186,1.021,6849793.0,7850497.55,9089874.149999999,28053.7,286428277.0,,0,1.0,6849.793,20251130,20260903
515730.SH,永赢中证家居家电ETF,SH,20251125,,20251114,永赢基金管理有限公司,L,931241.CSI,中证家居家电,中证指数有限公司,INDEX_BASIC,主题指数,EQUITY,True,True,False,True,True,,L2B_EX_REVSUB,中证家居家电,中证家居家电指数收益率×100%,Tushare fund_basic.benchmark + index_basic,2026-09-04 10:05:42,True,20251125,20260903,190,0.839,1569078.0,1494096.55,1511239.3666666665,3989.2,33469388.0,,0,1.0,1569.078,20251124,20260903
512620.SH,天弘中证农业主题ETF,SH,20251121,,20251112,天弘基金管理有限公司,L,000949.CSI,中证农业主题,中证指数有限公司,INDEX_BASIC,主题指数,EQUITY,True,True,False,True,True,,L2B_EX_REVSUB,中证农业主题,中证农业主题指数收益率×100%,Tushare fund_basic.benchmark + index_basic,2026-09-04 10:05:42,True,20251121,20260903,192,0.91,11979754.0,10958761.25,13257612.866666665,141466.6,1287346060.0,,0,1.0,11979.754,20251120,20260903
159108.SZ,博时国证工业软件主题ETF,SZ,20251124,,20251112,博时基金管理有限公司,L,980034.CNI,国证工业软件主题,深圳证券信息有限公司,INDEX_BASIC,主题指数,EQUITY,True,True,False,False,True,,L2B_EX_REVSUB,国证工业软件主题,国证工业软件主题指数收益率×100%,Tushare fund_basic.benchmark + index_basic,2026-09-04 10:05:42,True,20251124,20260903,191,0.955,2743181.0999999996,3711541.345,6847241.26,11473.8511,109575278.005,,0,1.0,2743.1811,20251123,20260903
159129.SZ,嘉实中证细分化工产业主题ETF,SZ,20251114,,20251106,嘉实基金管理有限公司,L,000813.CSI,中证细分化工产业主题,中证指数有限公司,INDEX_BASIC,主题指数,EQUITY,True,True,False,True,True,,L2B_EX_REVSUB,中证细分化工产业主题,中证细分化工产业主题指数收益率×100%,Tushare fund_basic.benchmark + index_basic,2026-09-04 10:05:42,True,20251114,20260903,197,1.075,22526306.7,22747370.335000005,30137436.080000006,111590.6595,1199599589.625,,0,1.0,22526.3067,20251113,20260903
515370.SH,华夏中证光伏产业ETF,SH,20251118,,20251106,华夏基金管理有限公司,L,931151.CSI,中证光伏产业,中证指数有限公司、上海证券交易所,INDEX_BASIC,主题指数,EQUITY,True,True,False,True,True,,L2B_EX_REVSUB,中证光伏产业,中证光伏产业指数收益率×100%,Tushare fund_basic.benchmark + index_basic,2026-09-04 10:05:42,True,20251118,20260903,195,0.774,10502015.0,15828413.9,22236225.366666667,96571.3,747461862.0,,0,1.0,10502.015,20251117,20260903
563530.SH,易方达中证卫星产业ETF,SH,20251114,,20251105,易方达基金管理有限公司,L,931594.CSI,中证卫星产业,中证指数有限公司,INDEX_BASIC,主题指数,EQUITY,True,True,False,True,True,,L2B_EX_REVSUB,中证卫星产业,中证卫星产业指数收益率×100%,Tushare fund_basic.benchmark + index_basic,2026-09-04 10:05:42,True,20251114,20260903,197,1.098,60289211.0,102732762.75000001,158376797.46666664,156574.8,1719191304.0000002,,0,1.0,60289.211,20251113,20260903
159119.SZ,招商中证800自由现金流ETF,SZ,20251113,,20251103,招商基金管理有限公司,L,,中证800自由现金流,中证指数有限公司,RULE_BASED,,EQUITY,True,True,False,True,True,,L5_RULE,中证800自由现金流,中证800自由现金流指数收益率×100%,Tushare fund_basic.benchmark + index_basic,2026-09-04 10:05:42,True,20251113,20260903,198,0.974,9644742.3,8083893.135000001,8310659.541666664,14505.4229,141282819.046,,0,1.0205,9644.7423,20251112,20260903
563380.SH,华泰柏瑞中证全指航空航天ETF,SH,20251107,,20251029,华泰柏瑞基金管理有限公司,L,,中证全指航空航天,中证指数有限公司,RULE_BASED,,EQUITY,True,True,False,True,True,,L5_RULE,中证全指航空航天,中证全指航空航天指数收益率×100%,Tushare fund_basic.benchmark + index_basic,2026-09-04 10:05:42,True,20251107,20260903,202,0.966,38261497.0,40601655.550000004,60113684.766666666,85795.0,828779700.0,,0,1.0,38261.497,20251106,20260903
563570.SH,兴业中证金融科技主题ETF,SH,20251111,,20251029,兴业基金管理有限公司,L,,中证金融科技主题,中证指数有限公司,RULE_BASED,,EQUITY,True,True,False,True,True,,L5_RULE,中证金融科技主题,中证金融科技主题指数收益率×100%,Tushare fund_basic.benchmark + index_basic,2026-09-04 10:05:42,True,20251111,20260903,200,0.745,5673634.0,12679995.200000001,12169097.066666665,10437.4,77758630.0,,0,1.0,5673.634,20251110,20260903
561660.SH,平安中证通用航空主题ETF,SH,20251110,,20251029,平安基金管理有限公司,L,,中证通用航空主题,中证指数有限公司,RULE_BASED,,EQUITY,True,True,False,True,True,,L5_RULE,中证通用航空主题,中证通用航空主题指数收益率×100%,Tushare fund_basic.benchmark + index_basic,2026-09-04 10:05:42,True,20251110,20260903,201,0.896,2748449.0,3389515.8499999996,5217564.9,6971.0,62460160.0,,0,1.0,2748.449,20251109,20260903
563590.SH,国寿安保中证A500红利低波动ETF,SH,20251105,,20251027,国寿安保基金管理有限公司,L,,中证A500红利低波动,中证指数有限公司,RULE_BASED,,EQUITY,True,True,False,True,True,,L5_RULE,中证A500红利低波动,中证A500红利低波动指数收益率×100%,Tushare fund_basic.benchmark + index_basic,2026-09-04 10:05:42,True,20251105,20260903,204,0.996,130622.99999999999,156021.8,326844.14999999997,6094.44,60700622.39999999,,0,1.0,130.623,20251104,20260903
563980.SH,鑫元中证800红利低波动ETF,SH,20251107,,20251024,鑫元基金管理有限公司,L,,中证800红利低波动,中证指数有限公司,RULE_BASED,,EQUITY,True,True,False,True,True,,L5_RULE,中证800红利低波动,中证800红利低波动指数收益率×100%,Tushare fund_basic.benchmark + index_basic,2026-09-04 10:05:42,True,20251107,20260903,202,0.982,4781222.0,4899898.6,4453409.533333333,18896.7,185565594.0,,0,1.0094,4781.222,20251106,20260903
159260.SZ,博时中证全指证券公司ETF,SZ,20251104,,20251024,博时基金管理有限公司,L,,中证全指证券公司,中证指数有限公司,RULE_BASED,,EQUITY,True,True,False,True,True,,L5_RULE,中证全指证券公司,中证全指证券公司指数收益率×100%,Tushare fund_basic.benchmark + index_basic,2026-09-04 10:05:42,True,20251104,20260903,205,0.87,7127042.2,11007614.695,15657818.563333333,102121.3576,888455811.12,,0,1.0,7127.0422,20251103,20260903
159295.SZ,西部利得创业板综合ETF,SZ,20251104,,20251023,西部利得基金管理有限公司,L,,创业板综合,深圳证券信息有限公司,RULE_BASED,,EQUITY,True,True,False,False,True,,L5_RULE,创业板综合,创业板综合指数收益率×100%,Tushare fund_basic.benchmark + index_basic,2026-09-04 10:05:42,True,20251104,20260903,205,1.021,12746116.0,10101299.730000002,7784457.831666666,8695.8239,88784362.019,,0,1.0,12746.116,20251103,20260903
159122.SZ,富国创业板新能源ETF,SZ,20251103,,20251022,富国基金管理有限公司,L,,创业板新能源,深圳证券信息有限公司,RULE_BASED,,EQUITY,True,True,False,False,True,,L5_RULE,创业板新能源,创业板新能源指数收益率×100%,Tushare fund_basic.benchmark + index_basic,2026-09-04 10:05:42,True,20251103,20260903,206,0.856,1553411.0,1718062.4350000003,3593469.046666667,6916.0935,59201760.36,,0,1.0,1553.411,20251102,20260903
563750.SH,汇添富中证500ETF,SH,20251030,,20251022,汇添富基金管理股份有限公司,L,000905.SH,中证500,中证指数有限公司,INDEX_BASIC,规模指数,EQUITY,True,True,False,True,True,,L1_EX_EXACT,中证500,中证500指数收益率×100%,Tushare fund_basic.benchmark + index_basic,2026-09-04 10:05:42,True,20251030,20260903,208,1.086,16509008.999999998,13780327.3,22718267.36666667,33973.7,368954382.0,,0,1.0,16509.009,20251029,20260903
510670.SH,华夏上证180ETF,SH,20251029,,20251020,华夏基金管理有限公司,L,000010.SH,上证180,中证指数有限公司、上海证券交易所,INDEX_BASIC,规模指数,EQUITY,True,True,False,True,True,,L1_EX_EXACT,上证180,上证180指数收益率×100%,Tushare fund_basic.benchmark + index_basic,2026-09-04 10:05:42,True,20251029,20260903,209,0.994,280800.0,1102510.1500000001,2700614.866666666,17799.3,176925042.0,,0,1.0,280.8,20251028,20260903
512630.SH,广发中证卫星产业ETF,SH,20251022,,20251013,广发基金管理有限公司,L,931594.CSI,中证卫星产业,中证指数有限公司,INDEX_BASIC,主题指数,EQUITY,True,True,False,True,True,,L2B_EX_REVSUB,中证卫星产业,中证卫星产业指数收益率×100%,Tushare fund_basic.benchmark + index_basic,2026-09-04 10:05:42,True,20251022,20260903,214,1.098,85944712.0,131996929.49999997,196422583.04999998,163642.6,1796795748.0000002,,0,1.0,85944.712,20251021,20260903
530100.SH,易方达上证580ETF,SH,20251022,,20251010,易方达基金管理有限公司,L,950580.CSI,上证580,中证指数有限公司、上海证券交易所,INDEX_BASIC,规模指数,EQUITY,True,True,False,True,True,,L1_EX_EXACT,上证580,上证580指数收益率×100%,Tushare fund_basic.benchmark + index_basic,2026-09-04 10:05:42,True,20251022,20260903,214,1.147,1290148.0,3380877.5,4148509.3000000007,12069.6,138438312.0,,0,1.0,1290.148,20251021,20260903
589950.SH,富国上证科创板100ETF,SH,20251017,,20250929,富国基金管理有限公司,L,,上证科创板100,中证指数有限公司/上海证券交易所,RULE_BASED,,EQUITY,True,True,False,True,True,,L5_RULE,上证科创板100,上证科创板100指数收益率×100%,Tushare fund_basic.benchmark + index_basic,2026-09-04 10:05:42,True,20251017,20260903,217,1.301,2557684.0,4893083.0,5826687.283333333,36087.3,469495773.0,,0,1.0,2557.684,20251016,20260903
563670.SH,鹏华中证金融科技主题ETF,SH,20251014,,20250926,鹏华基金管理有限公司,L,,中证金融科技主题,中证指数有限公司,RULE_BASED,,EQUITY,True,True,False,True,True,,L5_RULE,中证金融科技主题,中证金融科技主题指数收益率×100%,Tushare fund_basic.benchmark + index_basic,2026-09-04 10:05:42,True,20251014,20260903,220,0.685,814778.0,1185203.5999999999,1953425.1666666667,17898.7,122606095.00000001,,0,1.0,814.778,20251013,20260903
588140.SH,广发上证科创板200ETF,SH,20251015,,20250926,广发基金管理有限公司,L,,上证科创板200,中证指数有限公司/上海证券交易所,RULE_BASED,,EQUITY,True,True,False,True,True,,L5_RULE,上证科创板200,上证科创板200指数收益率×100%,Tushare fund_basic.benchmark + index_basic,2026-09-04 10:05:42,True,20251015,20260903,219,1.189,3245239.0,8704661.15,9208446.45,21775.1,258905939.0,,0,1.0,3245.239,20251014,20260903
589110.SH,国泰上证科创板人工智能ETF,SH,20251015,,20250926,国泰基金管理有限公司,L,931071.CSI,上证科创板人工智能,中证指数有限公司,INDEX_BASIC,主题指数,EQUITY,True,True,False,True,True,,L2B_EX_REVSUB,上证科创板人工智能,上证科创板人工智能指数收益率×100%,Tushare fund_basic.benchmark + index_basic,2026-09-04 10:05:42,True,20251015,20260903,219,0.908,5074640.0,8833551.25,11897032.716666667,54041.3,490695004.0,,0,1.0,5074.64,20251014,20260903
159106.SZ,前海开源中证民企300ETF,SZ,20251022,,20250926,前海开源基金管理有限公司,L,,中证民企300,中证指数有限公司,RULE_BASED,,EQUITY,True,True,False,True,True,,L5_RULE,中证民企300,中证民企300指数收益率×100%,Tushare fund_basic.benchmark + index_basic,2026-09-04 10:05:42,True,20251022,20260903,214,1.027,322463.39999999997,1669706.6600000004,1422882.1199999996,3957.9488,40648134.176,,0,1.0,322.4634,20251021,20260903
563890.SH,创金合信中证国有企业红利ETF,SH,20251017,,20250924,创金合信基金管理有限公司,L,,中证国有企业红利,中证指数有限公司,RULE_BASED,,EQUITY,True,True,False,True,True,,L5_RULE,中证国有企业红利,中证国有企业红利指数收益率×100%,Tushare fund_basic.benchmark + index_basic,2026-09-04 10:05:42,True,20251017,20260903,217,1.075,37587.0,341976.3,407433.3666666667,2233.6,24011200.0,,0,1.0,37.587,20251016,20260903
563690.SH,永赢中证红利低波动ETF,SH,20251010,,20250923,永赢基金管理有限公司,L,,中证红利低波动,中证指数有限公司,RULE_BASED,,EQUITY,True,True,False,True,True,,L5_RULE,中证红利低波动,中证红利低波动指数收益率×100%,Tushare fund_basic.benchmark + index_basic,2026-09-04 10:05:42,True,20251010,20260903,222,1.035,4433921.0,1969898.0000000005,2043185.4333333333,3488.2,36102870.0,,0,1.0,4433.921,20251009,20260903
530380.SH,易方达上证380ETF,SH,20250930,,20250922,易方达基金管理有限公司,L,000009.SH,上证380,中证指数有限公司、上海证券交易所,INDEX_BASIC,规模指数,EQUITY,True,True,False,True,True,,L1_EX_EXACT,上证380,上证380指数收益率×100%,Tushare fund_basic.benchmark + index_basic,2026-09-04 10:05:42,True,20250930,20260903,224,1.099,822327.0,3298439.2500000005,4451638.483333333,13470.5,148040795.0,,0,1.0,822.327,20250929,20260903
515720.SH,富国中证金融科技主题ETF,SH,20251009,,20250922,富国基金管理有限公司,L,,中证金融科技主题,中证指数有限公司,RULE_BASED,,EQUITY,True,True,False,True,True,,L5_RULE,中证金融科技主题,中证金融科技主题指数收益率×100%,Tushare fund_basic.benchmark + index_basic,2026-09-04 10:05:42,True,20251009,20260903,223,0.713,6563918.0,10363840.899999999,12178285.316666668,44061.1,314155643.0,,0,1.0,6563.918,20251008,20260903
159275.SZ,华宝中证全指农牧渔ETF,SZ,20250929,,20250919,华宝基金管理有限公司,L,,中证全指农牧渔,中证指数有限公司,RULE_BASED,,EQUITY,True,True,False,True,True,,L5_RULE,中证全指农牧渔,中证全指农牧渔指数收益率×100%,Tushare fund_basic.benchmark + index_basic,2026-09-04 10:05:42,True,20250929,20260903,225,0.879,9329536.0,10991251.555,11369491.666666664,25530.2909,224411257.011,,0,1.0,9329.536,20250928,20260903
159279.SZ,华安创业板人工智能ETF,SZ,20250929,,20250917,华安基金管理有限公司,L,970070.SZ,创业板人工智能,深圳证券信息有限公司、深圳证券交易所,INDEX_BASIC,主题指数,EQUITY,True,True,False,False,True,,L1_EX_EXACT,创业板人工智能,创业板人工智能指数收益率×100%,Tushare fund_basic.benchmark + index_basic,2026-09-04 10:05:42,True,20250929,20260903,225,1.363,30066555.7,70930820.62,80778498.56666668,15538.7534,211793208.842,,0,1.0,30066.5557,20250928,20260903
159288.SZ,银华创业板综合ETF,SZ,20250926,,20250917,银华基金管理股份有限公司,L,,创业板综合,深圳证券信息有限公司,RULE_BASED,,EQUITY,True,True,False,False,True,,L5_RULE,创业板综合,创业板综合指数收益率×100%,Tushare fund_basic.benchmark + index_basic,2026-09-04 10:05:42,True,20250926,20260903,226,0.979,1155469.2,1872375.3099999998,2333008.4116666666,9217.4931,90239257.449,,0,1.0,1155.4692,20250925,20260903
589780.SH,富国上证科创板200ETF,SH,20250926,,20250917,富国基金管理有限公司,L,,上证科创板200,中证指数有限公司/上海证券交易所,RULE_BASED,,EQUITY,True,True,False,True,True,,L5_RULE,上证科创板200,上证科创板200指数收益率×100%,Tushare fund_basic.benchmark + index_basic,2026-09-04 10:05:42,True,20250926,20260903,226,1.202,5317657.0,2973511.55,3505410.3000000003,6921.5,83196430.0,,0,1.0,5317.657,20250925,20260903
563600.SH,易方达中证A500增强策略ETF,SH,20250926,,20250910,易方达基金管理有限公司,L,000510.SH,中证A500,中证指数有限公司,INDEX_BASIC,规模指数,EQUITY,True,False,False,True,False,NOT_PASSIVE,L1_EX_EXACT,中证A500,中证A500指数收益率×100%,Tushare fund_basic.benchmark + index_basic,2026-09-04 10:05:42,True,20250926,20260903,226,1.036,251171.0,3215757.8000000003,3822302.383333334,6648.3,68876388.0,,0,1.0,251.171,20250925,20260903
560570.SH,国联安中证A500红利低波动ETF,SH,20250918,,20250910,国联安基金管理有限公司,L,,中证A500红利低波动,中证指数有限公司,RULE_BASED,,EQUITY,True,True,False,True,True,,L5_RULE,中证A500红利低波动,中证A500红利低波动指数收益率×100%,Tushare fund_basic.benchmark + index_basic,2026-09-04 10:05:42,True,20250918,20260903,232,1.015,15291453.0,23692813.650000002,22772616.883333325,115454.12,1171859318.0,,0,1.0148,15291.453,20250917,20260903
589120.SH,汇添富上证科创板创新药ETF,SH,20250919,,20250910,汇添富基金管理股份有限公司,L,980086.CNI,上证科创板创新药,深圳证券信息有限公司,INDEX_BASIC,主题指数,EQUITY,True,True,False,False,True,,L2B_EX_REVSUB,上证科创板创新药,上证科创板创新药指数收益率×100%,Tushare fund_basic.benchmark + index_basic,2026-09-04 10:05:42,True,20250919,20260903,231,0.832,117838410.0,219004460.35,201355692.9166667,141262.0,1175299840.0,,0,1.0,117838.41,20250918,20260903
589960.SH,易方达上证科创板新能源ETF,SH,20250922,,20250910,易方达基金管理有限公司,L,,上证科创板新能源,中证指数有限公司/上海证券交易所,RULE_BASED,,EQUITY,True,True,False,True,True,,L5_RULE,上证科创板新能源,上证科创板新能源指数收益率×100%,Tushare fund_basic.benchmark + index_basic,2026-09-04 10:05:42,True,20250922,20260903,230,0.827,24273734.0,30128100.65,35010136.449999996,16631.6,137543332.0,,0,1.0,24273.734,20250910,20260903
159107.SZ,富国创业板软件ETF,SZ,20250922,,20250910,富国基金管理有限公司,L,395004.SZ,创业板软件,深圳证券交易所,INDEX_BASIC,其他指数,EQUITY,True,True,False,False,True,,L2B_EX_REVSUB,创业板软件,创业板软件指数收益率×100%,Tushare fund_basic.benchmark + index_basic,2026-09-04 10:05:42,True,20250922,20260903,230,0.752,51070455.9,72670052.49499999,62349912.898333326,76282.3006,573642900.512,,0,1.0,51070.4559,20250921,20260903
159290.SZ,东财创业板综合增强策略ETF,SZ,20250917,,20250909,东财基金管理有限公司,L,,创业板综合,深圳证券信息有限公司,RULE_BASED,,EQUITY,True,False,False,False,False,NOT_PASSIVE,L5_RULE,创业板综合,创业板综合指数收益率×100%,Tushare fund_basic.benchmark + index_basic,2026-09-04 10:05:42,True,20250917,20260903,233,1.134,1127383.8,3105623.18,5270091.408333333,4510.0396,51143849.063999996,,0,1.0,1127.3838,20250916,20260903
159272.SZ,富国国证机器人产业ETF,SZ,20250919,,20250908,富国基金管理有限公司,L,980022.SZ,国证机器人产业,深圳证券信息有限公司,INDEX_BASIC,主题指数,EQUITY,True,True,False,False,True,,L2B_EX_REVSUB,国证机器人产业,国证机器人产业指数收益率×100%,Tushare fund_basic.benchmark + index_basic,2026-09-04 10:05:42,True,20250919,20260903,231,0.8,71967566.8,141962961.54999998,210085208.28000003,369216.469,2953731752.0,,0,1.0,71967.5668,20250918,20260903
563230.SH,富国中证卫星产业ETF,SH,20250917,,20250904,富国基金管理有限公司,L,931594.CSI,中证卫星产业,中证指数有限公司,INDEX_BASIC,主题指数,EQUITY,True,True,False,True,True,,L2B_EX_REVSUB,中证卫星产业,中证卫星产业指数收益率×100%,Tushare fund_basic.benchmark + index_basic,2026-09-04 10:05:42,True,20250917,20260903,233,1.093,101331053.0,231514703.50000006,345563373.99999994,334323.7,3654158041.0,,0,1.0,101331.053,20250916,20260903
159289.SZ,鹏华创业板综合ETF,SZ,20250915,,20250903,鹏华基金管理有限公司,L,,创业板综合,深圳证券信息有限公司,RULE_BASED,,EQUITY,True,True,False,False,True,,L5_RULE,创业板综合,创业板综合指数收益率×100%,Tushare fund_basic.benchmark + index_basic,2026-09-04 10:05:42,True,20250915,20260903,235,1.068,4167553.3,3399801.7100000004,3320042.34,3890.264,41548019.52,,0,1.0,4167.5533,20250914,20260903
159299.SZ,易方达中证金融科技主题ETF,SZ,20250911,,20250903,易方达基金管理有限公司,L,,中证金融科技主题,中证指数有限公司,RULE_BASED,,EQUITY,True,True,False,True,True,,L5_RULE,中证金融科技主题,中证金融科技主题指数收益率×100%,Tushare fund_basic.benchmark + index_basic,2026-09-04 10:05:42,True,20250911,20260903,237,0.716,14522722.799999999,20714909.605,22466501.51166667,66447.2981,475762654.39599997,,0,1.0,14522.7228,20250910,20260903
159298.SZ,大成创业板50ETF,SZ,20250908,,20250829,大成基金管理有限公司,L,399673.SZ,创业板50,深圳证券信息有限公司、深圳证券交易所,INDEX_BASIC,规模指数,EQUITY,True,True,False,False,True,,L1_EX_EXACT,创业板50,创业板50指数收益率×100%,Tushare fund_basic.benchmark + index_basic,2026-09-04 10:05:42,True,20250908,20260903,240,1.154,8403739.4,7786598.02,10246928.084999997,16228.1082,187272368.628,,0,1.0,8403.7394,20250907,20260903
159103.SZ,汇添富中证金融科技主题ETF,SZ,20250910,,20250829,汇添富基金管理股份有限公司,L,,中证金融科技主题,中证指数有限公司,RULE_BASED,,EQUITY,True,True,False,True,True,,L5_RULE,中证金融科技主题,中证金融科技主题指数收益率×100%,Tushare fund_basic.benchmark + index_basic,2026-09-04 10:05:42,True,20250910,20260903,238,0.675,6495661.5,6873329.419999999,8679531.623333335,31340.6771,211549570.425,,0,1.0,6495.6615,20250909,20260903
159296.SZ,华宝中证A500红利低波动ETF,SZ,20250904,,20250827,华宝基金管理有限公司,L,,中证A500红利低波动,中证指数有限公司,RULE_BASED,,EQUITY,True,True,False,True,True,,L5_RULE,中证A500红利低波动,中证A500红利低波动指数收益率×100%,Tushare fund_basic.benchmark + index_basic,2026-09-04 10:05:42,True,20250904,20260903,242,1.02,6171042.1,3231552.7350000003,3914089.5916666673,4404.2941,44923799.82,,0,1.0,6171.0421,20250903,20260903
588550.SH,易方达上证科创板综合增强策略ETF,SH,20250912,,20250827,易方达基金管理有限公司,L,,上证科创板综合,中证指数有限公司/上海证券交易所,RULE_BASED,,EQUITY,True,False,False,True,False,NOT_PASSIVE,L5_RULE,上证科创板综合,上证科创板综合指数收益率×100%,Tushare fund_basic.benchmark + index_basic,2026-09-04 10:05:42,True,20250912,20260903,236,1.323,2728500.0,6061863.5,7334667.966666666,6329.0,83732670.0,,0,1.0,2728.5,20250911,20260903
589020.SH,鹏华上证科创板半导体材料设备主题ETF,SH,20250904,,20250827,鹏华基金管理有限公司,L,931743.CSI,上证科创板半导体材料设备主题,中证指数有限公司,INDEX_BASIC,主题指数,EQUITY,True,True,False,True,True,,L2B_EX_REVSUB,上证科创板半导体材料设备主题,上证科创板半导体材料设备主题指数收益率×100%,Tushare fund_basic.benchmark + index_basic,2026-09-04 10:05:42,True,20250904,20260903,242,1.138,599052043.0,991578268.8000001,1072310090.8333334,452443.8,5148810444.0,,0,1.9992,599052.043,20250903,20260903
561680.SH,平安中证A500红利低波动ETF,SH,20250905,,20250827,平安基金管理有限公司,L,,中证A500红利低波动,中证指数有限公司,RULE_BASED,,EQUITY,True,True,False,True,True,,L5_RULE,中证A500红利低波动,中证A500红利低波动指数收益率×100%,Tushare fund_basic.benchmark + index_basic,2026-09-04 10:05:42,True,20250905,20260903,241,1.01,1927424.0,792552.1999999998,1474971.6999999997,5816.9,58750690.0,,0,1.0,1927.424,20250904,20260903
589820.SH,建信上证科创板200ETF,SH,20250915,,20250827,建信基金管理有限责任公司,L,,上证科创板200,中证指数有限公司/上海证券交易所,RULE_BASED,,EQUITY,True,True,False,True,True,,L5_RULE,上证科创板200,上证科创板200指数收益率×100%,Tushare fund_basic.benchmark + index_basic,2026-09-04 10:05:42,True,20250915,20260903,235,1.217,11435072.0,14439365.199999997,12223517.783333335,12972.02,157869483.4,,0,1.0,11435.072,20250827,20260903
563320.SH,华泰柏瑞中证通用航空主题ETF,SH,20250903,,20250825,华泰柏瑞基金管理有限公司,L,,中证通用航空主题,中证指数有限公司,RULE_BASED,,EQUITY,True,True,False,True,True,,L5_RULE,中证通用航空主题,中证通用航空主题指数收益率×100%,Tushare fund_basic.benchmark + index_basic,2026-09-04 10:05:42,True,20250903,20260903,243,0.853,12712865.0,12753473.149999999,17564560.91666667,22189.2,189273876.0,,0,1.0,12712.865,20250902,20260903
589560.SH,汇添富上证科创板人工智能ETF,SH,20250905,,20250825,汇添富基金管理股份有限公司,L,931071.CSI,上证科创板人工智能,中证指数有限公司,INDEX_BASIC,主题指数,EQUITY,True,True,False,True,True,,L2B_EX_REVSUB,上证科创板人工智能,上证科创板人工智能指数收益率×100%,Tushare fund_basic.benchmark + index_basic,2026-09-04 10:05:42,True,20250905,20260903,241,0.932,7873470.0,7893763.65,10300972.016666666,25635.5,238922860.0,,0,1.0,7873.47,20250904,20260903
560770.SH,招商中证机器人ETF,SH,20250901,,20250821,招商基金管理有限公司,L,,中证机器人,中证指数有限公司,RULE_BASED,,EQUITY,True,True,False,True,True,,L5_RULE,中证机器人,中证机器人指数收益率×100%,Tushare fund_basic.benchmark + index_basic,2026-09-04 10:05:42,True,20250901,20260903,245,0.953,15345920.0,24043751.45,32631166.4,165163.3,1574006249.0,,0,1.0,15345.92,20250831,20260903
530530.SH,华夏上证580ETF,SH,20250829,,20250820,华夏基金管理有限公司,L,950580.CSI,上证580,中证指数有限公司、上海证券交易所,INDEX_BASIC,规模指数,EQUITY,True,True,False,True,True,,L1_EX_EXACT,上证580,上证580指数收益率×100%,Tushare fund_basic.benchmark + index_basic,2026-09-04 10:05:42,True,20250829,20260903,246,1.141,726822.0,1423506.3999999997,2745753.4833333334,13446.0,153418860.0,,0,1.0,726.822,20250820,20260903
159259.SZ,易方达国证成长100ETF,SZ,20250828,,20250820,易方达基金管理有限公司,L,,国证成长100,深圳证券信息有限公司,RULE_BASED,,EQUITY,True,True,False,False,True,,L5_RULE,国证成长100,国证成长100指数收益率×100%,Tushare fund_basic.benchmark + index_basic,2026-09-04 10:05:42,True,20250828,20260903,247,1.311,456468690.9,538683538.2049999,595722271.95,499569.6403,6549357984.333,,0,1.0,456468.6909,20250820,20260903
159291.SZ,招商创业板综合增强策略ETF,SZ,20250901,,20250820,招商基金管理有限公司,L,,创业板综合,深圳证券信息有限公司,RULE_BASED,,EQUITY,True,False,False,False,False,NOT_PASSIVE,L5_RULE,创业板综合,创业板综合指数收益率×100%,Tushare fund_basic.benchmark + index_basic,2026-09-04 10:05:42,True,20250901,20260903,245,1.162,1790227.7,1899370.745,2090624.4433333331,1745.7388,20285484.856,,0,1.0,1790.2277,20250831,20260903
159292.SZ,华宝创业板综合增强策略ETF,SZ,20250902,,20250820,华宝基金管理有限公司,L,,创业板综合,深圳证券信息有限公司,RULE_BASED,,EQUITY,True,False,False,False,False,NOT_PASSIVE,L5_RULE,创业板综合,创业板综合指数收益率×100%,Tushare fund_basic.benchmark + index_basic,2026-09-04 10:05:42,True,20250902,20260903,244,1.162,1280751.5,3597801.4949999996,3810409.5283333333,17218.9531,200084235.02199998,,0,1.0,1280.7515,20250901,20260903
588690.SH,银华上证科创板综合增强策略ETF,SH,20250829,,20250820,银华基金管理股份有限公司,L,,上证科创板综合,中证指数有限公司/上海证券交易所,RULE_BASED,,EQUITY,True,False,False,True,False,NOT_PASSIVE,L5_RULE,上证科创板综合,上证科创板综合指数收益率×100%,Tushare fund_basic.benchmark + index_basic,2026-09-04 10:05:42,True,20250829,20260903,246,1.18,365069.0,1290565.5,3974103.8833333324,5163.6,60930480.0,,0,1.0,365.069,20250820,20260903
159500.SZ,富国中证500ETF,SZ,20250829,,20250820,富国基金管理有限公司,L,000905.SH,中证500,中证指数有限公司,INDEX_BASIC,规模指数,EQUITY,True,True,False,True,True,,L1_EX_EXACT,中证500,中证500指数收益率×100%,Tushare fund_basic.benchmark + index_basic,2026-09-04 10:05:42,True,20250829,20260903,246,1.168,12727297.8,20686170.375,26305641.23,21053.8865,245909394.32,,0,1.0,12727.2978,20250820,20260903
159287.SZ,博时创业板综合ETF,SZ,20250827,,20250815,博时基金管理有限公司,L,,创业板综合,深圳证券信息有限公司,RULE_BASED,,EQUITY,True,True,False,False,True,,L5_RULE,创业板综合,创业板综合指数收益率×100%,Tushare fund_basic.benchmark + index_basic,2026-09-04 10:05:42,True,20250827,20260903,248,1.093,3162290.1,8291630.805000001,5978592.563333334,10956.8753,119758647.029,,0,1.0,3162.2901,20250815,20260903
159283.SZ,南方中证通用航空主题ETF,SZ,20250821,,20250813,南方基金管理股份有限公司,L,,中证通用航空主题,中证指数有限公司,RULE_BASED,,EQUITY,True,True,False,True,True,,L5_RULE,中证通用航空主题,中证通用航空主题指数×100%,Tushare fund_basic.benchmark + index_basic,2026-09-04 10:05:42,True,20250821,20260903,252,0.869,14613476.9,10718271.595,12970628.848333333,29843.7981,259342605.489,,0,1.0,14613.4769,20250820,20260903
589090.SH,鹏华上证科创板人工智能ETF,SH,20250827,,20250813,鹏华基金管理有限公司,L,931071.CSI,上证科创板人工智能,中证指数有限公司,INDEX_BASIC,主题指数,EQUITY,True,True,False,True,True,,L2B_EX_REVSUB,上证科创板人工智能,上证科创板人工智能指数收益率×100%,Tushare fund_basic.benchmark + index_basic,2026-09-04 10:05:42,True,20250827,20260903,248,1.046,4291003.0,6608198.249999999,8255022.85,18443.1,192914826.0,,0,1.0,4291.003,20250826,20260903
159369.SZ,易方达创业板50ETF,SZ,20250821,,20250813,易方达基金管理有限公司,L,399673.SZ,创业板50,深圳证券信息有限公司、深圳证券交易所,INDEX_BASIC,规模指数,EQUITY,True,True,False,False,True,,L1_EX_EXACT,创业板50,创业板50指数收益率×100%,Tushare fund_basic.benchmark + index_basic,2026-09-04 10:05:42,True,20250821,20260903,252,1.33,27160725.1,35207793.41,36366578.23,40675.3492,540982144.3599999,,0,1.0,27160.7251,20250820,20260903
512370.SH,华夏中证A500增强策略ETF,SH,20250818,,20250806,华夏基金管理有限公司,L,000510.SH,中证A500,中证指数有限公司,INDEX_BASIC,规模指数,EQUITY,True,False,False,True,False,NOT_PASSIVE,L1_EX_EXACT,中证A500,中证A500指数收益率×100%,Tushare fund_basic.benchmark + index_basic,2026-09-04 10:05:42,True,20250818,20260903,255,1.19,1838696.0,3275009.85,5209986.133333333,29631.3,352612470.0,,0,1.0,1838.696,20250817,20260903
563620.SH,兴业中证全指自由现金流ETF,SH,20250820,,20250806,兴业基金管理有限公司,L,,中证全指自由现金流,中证指数有限公司,RULE_BASED,,EQUITY,True,True,False,True,True,,L5_RULE,中证全指自由现金流,中证全指自由现金流指数收益率×100%,Tushare fund_basic.benchmark + index_basic,2026-09-04 10:05:42,True,20250820,20260903,253,1.076,8859442.0,2749658.8000000003,2553909.45,5004.9,53852724.0,,0,1.0,8859.442,20250819,20260903
589850.SH,东财上证科创板50成份ETF,SH,20250811,,20250801,东财基金管理有限公司,L,,上证科创板50成份,中证指数有限公司/上海证券交易所,RULE_BASED,,EQUITY,True,True,False,True,True,,L5_RULE,上证科创板50成份,上证科创板50成份指数收益率×100%,Tushare fund_basic.benchmark + index_basic,2026-09-04 10:05:42,True,20250811,20260903,260,1.55,101100415.0,132594425.54999998,174003603.96666664,76905.7,1192038350.0,,0,1.0,101100.415,20250810,20260903
159278.SZ,鹏华国证机器人产业ETF,SZ,20250812,,20250730,鹏华基金管理有限公司,L,980022.SZ,国证机器人产业,深圳证券信息有限公司,INDEX_BASIC,主题指数,EQUITY,True,True,False,False,True,,L2B_EX_REVSUB,国证机器人产业,国证机器人产业指数×100%,Tushare fund_basic.benchmark + index_basic,2026-09-04 10:05:42,True,20250812,20260903,259,0.941,70617917.0,126614957.28499998,208506271.38166672,203454.5853,1914507647.6729999,,0,1.0,70617.917,20250811,20260903
589050.SH,兴业上证科创板综合价格ETF,SH,20250818,,20250730,兴业基金管理有限公司,L,,上证科创板综合价格,中证指数有限公司/上海证券交易所,RULE_BASED,,EQUITY,True,True,False,True,True,,L5_RULE,上证科创板综合价格,上证科创板综合价格指数收益率×100%,Tushare fund_basic.benchmark + index_basic,2026-09-04 10:05:42,True,20250818,20260903,255,1.328,4272964.0,3788865.6,5015188.399999999,5096.8,67685504.0,,0,1.0,4272.964,20250817,20260903
159273.SZ,汇添富中证沪港深云计算产业ETF,SZ,20250806,,20250728,汇添富基金管理股份有限公司,L,930851.CSI,中证沪港深云计算产业,中证指数有限公司、上海证券交易所,INDEX_BASIC,主题指数,EQUITY,False,True,True,True,False,CROSS/MIXED;NOT_DOMESTIC_A_SHARE,L2B_EX_REVSUB,中证沪港深云计算产业,中证沪港深云计算产业指数收益率×100%,Tushare fund_basic.benchmark + index_basic,2026-09-04 10:05:42,True,20250806,20260903,263,1.386,11163340.5,23777739.630000003,37432570.63333333,70977.7501,983751616.3859999,,0,1.0,11163.3405,20250805,20260903
512030.SH,易方达中证A50增强策略ETF,SH,20250813,,20250728,易方达基金管理有限公司,L,930050.CSI,中证A50,中证指数有限公司,INDEX_BASIC,规模指数,EQUITY,True,False,False,True,False,NOT_PASSIVE,L1_EX_EXACT,中证A50,中证A50指数收益率×100%,Tushare fund_basic.benchmark + index_basic,2026-09-04 10:05:42,True,20250813,20260903,258,1.102,792833.0,3149207.5,3791234.4166666665,4324.0,47650480.00000001,,0,1.0,792.833,20250812,20260903
159255.SZ,易方达国证通用航空产业ETF,SZ,20250804,,20250725,易方达基金管理有限公司,L,,国证通用航空产业,深圳证券信息有限公司,RULE_BASED,,EQUITY,True,True,False,False,True,,L5_RULE,国证通用航空产业,国证通用航空产业指数收益率×100%,Tushare fund_basic.benchmark + index_basic,2026-09-04 10:05:42,True,20250804,20260903,265,0.87,3067989.2,3065784.2599999993,5363794.758333333,7033.8868,61194815.16,,0,1.0,3067.9892,20250803,20260903
159256.SZ,华夏创业板软件ETF,SZ,20250804,,20250724,华夏基金管理有限公司,L,395004.SZ,创业板软件,深圳证券交易所,INDEX_BASIC,其他指数,EQUITY,True,True,False,False,True,,L2B_EX_REVSUB,创业板软件,创业板软件指数收益率×100%,Tushare fund_basic.benchmark + index_basic,2026-09-04 10:05:42,True,20250804,20260903,265,0.826,77788480.7,90790635.73499998,86948979.77333334,58818.3766,485839790.71599996,,0,1.0,77788.4807,20250803,20260903
159258.SZ,南方中证机器人ETF,SZ,20250801,,20250724,南方基金管理股份有限公司,L,,中证机器人,中证指数有限公司,RULE_BASED,,EQUITY,True,True,False,True,True,,L5_RULE,中证机器人,中证机器人指数收益率×100%,Tushare fund_basic.benchmark + index_basic,2026-09-04 10:05:42,True,20250801,20260903,266,1.078,24188021.5,32968205.11000001,37675040.025,133176.5664,1435643385.792,,0,1.0,24188.0215,20250731,20260903
560120.SH,华夏中证500自由现金流ETF,SH,20250805,,20250723,华夏基金管理有限公司,L,,中证500自由现金流,中证指数有限公司,RULE_BASED,,EQUITY,True,True,False,True,True,,L5_RULE,中证500自由现金流,中证500自由现金流指数收益率×100%,Tushare fund_basic.benchmark + index_basic,2026-09-04 10:05:42,True,20250805,20260903,264,1.207,13089569.0,18861581.35,22235783.483333327,57868.9,698477623.0,,0,1.0018,13089.569,20250804,20260903
588980.SH,广发上证科创板100ETF,SH,20250801,,20250723,广发基金管理有限公司,L,,上证科创板100,中证指数有限公司/上海证券交易所,RULE_BASED,,EQUITY,True,True,False,True,True,,L5_RULE,上证科创板100,上证科创板100指数收益率×100%,Tushare fund_basic.benchmark + index_basic,2026-09-04 10:05:42,True,20250801,20260903,266,1.595,2636189.0,2336385.9000000004,3138865.516666667,1442.0,22999900.0,,0,1.0,2636.189,20250731,20260903
589200.SH,工银瑞信上证科创板200ETF,SH,20250808,,20250723,工银瑞信基金管理有限公司,L,,上证科创板200,中证指数有限公司/上海证券交易所,RULE_BASED,,EQUITY,True,True,False,True,True,,L5_RULE,上证科创板200,上证科创板200指数收益率×100%,Tushare fund_basic.benchmark + index_basic,2026-09-04 10:05:42,True,20250808,20260903,261,1.34,4212102.0,3650409.65,4379579.366666668,2250.7,30159380.0,,0,1.0,4212.102,20250807,20260903
589720.SH,国泰上证科创板创新药ETF,SH,20250801,,20250723,国泰基金管理有限公司,L,980086.CNI,上证科创板创新药,深圳证券信息有限公司,INDEX_BASIC,主题指数,EQUITY,True,True,False,False,True,,L2B_EX_REVSUB,上证科创板创新药,上证科创板创新药指数收益率×100%,Tushare fund_basic.benchmark + index_basic,2026-09-04 10:05:42,True,20250801,20260903,266,0.901,589675573.0,1015725409.0499997,889723223.9500002,514882.3,4639089523.0,,0,1.0,589675.573,20250731,20260903
159267.SZ,华安国证航天航空行业ETF,SZ,20250801,,20250721,华安基金管理有限公司,L,,国证航天航空行业,深圳证券信息有限公司,RULE_BASED,,EQUITY,True,True,False,False,True,,L5_RULE,国证航天航空行业,国证航天航空行业指数收益率×100%,Tushare fund_basic.benchmark + index_basic,2026-09-04 10:05:42,True,20250801,20260903,266,0.875,94971004.0,96620408.13,132336320.59166665,261750.6126,2290317860.25,,0,1.0,94971.004,20250731,20260903
562870.SH,嘉实中证全指证券公司ETF,SH,20250725,,20250717,嘉实基金管理有限公司,L,,中证全指证券公司,中证指数有限公司,RULE_BASED,,EQUITY,True,True,False,True,True,,L5_RULE,中证全指证券公司,中证全指证券公司指数收益率×100%,Tushare fund_basic.benchmark + index_basic,2026-09-04 10:05:42,True,20250725,20260903,271,0.932,9043022.0,10271620.700000001,17870617.000000004,58800.52,548020846.4,,0,1.0,9043.022,20250724,20260903
159276.SZ,汇添富国证自由现金流ETF,SZ,20250728,,20250717,汇添富基金管理股份有限公司,L,980092.SZ,国证自由现金流,深圳证券信息有限公司,INDEX_BASIC,策略指数,EQUITY,True,True,False,False,True,,L2B_EX_REVSUB,国证自由现金流,国证自由现金流指数收益率×100%,Tushare fund_basic.benchmark + index_basic,2026-09-04 10:05:42,True,20250728,20260903,270,1.098,417646.3,14612023.725000003,9171094.191666665,55569.6658,610154930.4840001,,0,1.0,417.6463,20250727,20260903
563580.SH,万家中证800自由现金流ETF,SH,20250725,,20250716,万家基金管理有限公司,L,,中证800自由现金流,中证指数有限公司,RULE_BASED,,EQUITY,True,True,False,True,True,,L5_RULE,中证800自由现金流,中证800自由现金流指数收益率×100%,Tushare fund_basic.benchmark + index_basic,2026-09-04 10:05:42,True,20250725,20260903,271,1.125,4122816.0,5475398.25,7586398.85,24364.8,274104000.0,,0,1.0,4122.816,20250724,20260903
159242.SZ,大成创业板人工智能ETF,SZ,20250724,,20250716,大成基金管理有限公司,L,970070.SZ,创业板人工智能,深圳证券信息有限公司、深圳证券交易所,INDEX_BASIC,主题指数,EQUITY,True,True,False,False,True,,L1_EX_EXACT,创业板人工智能,创业板人工智能指数收益率×100%,Tushare fund_basic.benchmark + index_basic,2026-09-04 10:05:42,True,20250724,20260903,272,2.026,76642668.30000001,120521912.60000001,134686826.46666664,42627.8583,863640409.1579999,,0,1.0,76642.6683,20250723,20260903
159257.SZ,汇添富国证通用航空产业ETF,SZ,20250728,,20250716,汇添富基金管理股份有限公司,L,,国证通用航空产业,深圳证券信息有限公司,RULE_BASED,,EQUITY,True,True,False,False,True,,L5_RULE,国证通用航空产业,国证通用航空产业指数收益率×100%,Tushare fund_basic.benchmark + index_basic,2026-09-04 10:05:42,True,20250728,20260903,270,0.865,8964746.5,7034343.73,7613397.106666667,14841.6949,128380660.885,,0,1.0,8964.7465,20250727,20260903
159270.SZ,南方创业板200ETF,SZ,20250724,,20250716,南方基金管理股份有限公司,L,395004.SZ,创业板200,深圳证券交易所,INDEX_BASIC,其他指数,EQUITY,True,True,False,False,True,,L2B_EX_REVSUB,创业板200,创业板200指数收益率×100%,Tushare fund_basic.benchmark + index_basic,2026-09-04 10:05:42,True,20250724,20260903,272,1.114,8188490.7,11892524.755,12248957.976666667,9276.3649,103338704.98600002,,0,1.0,8188.4907,20250723,20260903
588920.SH,鹏华上证科创板芯片ETF,SH,20250728,,20250716,鹏华基金管理有限公司,L,,上证科创板芯片,中证指数有限公司/上海证券交易所,RULE_BASED,,EQUITY,True,True,False,True,True,,L5_RULE,上证科创板芯片,上证科创板芯片指数收益率×100%,Tushare fund_basic.benchmark + index_basic,2026-09-04 10:05:42,True,20250728,20260903,270,1.092,19101207.0,28952459.4,48706357.449999996,32687.6,356948592.0,,0,2.0,19101.207,20250727,20260903
589550.SH,华夏上证智选科创板价值50策略ETF,SH,20250728,,20250716,华夏基金管理有限公司,L,,上证智选科创板价值50策略,中证指数有限公司/上海证券交易所,RULE_BASED,,EQUITY,True,True,False,True,True,,L5_RULE,上证智选科创板价值50策略,上证智选科创板价值50策略指数收益率×100%,Tushare fund_basic.benchmark + index_basic,2026-09-04 10:05:42,True,20250728,20260903,270,1.3,2245259.0,2447998.6,3249519.283333333,2529.55,32884150.0,,0,1.0,2245.259,20250727,20260903
159248.SZ,万家中证人工智能主题ETF,SZ,20250724,,20250710,万家基金管理有限公司,L,931071.CSI,中证人工智能主题,中证指数有限公司,INDEX_BASIC,主题指数,EQUITY,True,True,False,True,True,,L2B_EX_REVSUB,中证人工智能主题,中证人工智能主题指数收益率×100%,Tushare fund_basic.benchmark + index_basic,2026-09-04 10:05:42,True,20250724,20260903,272,1.739,8110051.0,18146575.615,25178783.843333334,13309.5652,231453338.82799998,,0,1.0,8110.051,20250723,20260903
512060.SH,天弘中证A100ETF,SH,20250718,,20250709,天弘基金管理有限公司,L,000903.SH,中证A100,中证指数有限公司,INDEX_BASIC,规模指数,EQUITY,True,True,False,True,True,,L1_EX_EXACT,中证A100,中证A100指数收益率×100%,Tushare fund_basic.benchmark + index_basic,2026-09-04 10:05:42,True,20250718,20260903,276,1.19,990134.0,1814488.6,2558509.3333333335,1092.8,13004320.0,,0,1.0,990.134,20250717,20260903
159311.SZ,易方达中证数字经济主题ETF,SZ,20250715,,20250707,易方达基金管理有限公司,L,,中证数字经济主题,中证指数有限公司,RULE_BASED,,EQUITY,True,True,False,True,True,,L5_RULE,中证数字经济主题,中证数字经济主题指数收益率×100%,Tushare fund_basic.benchmark + index_basic,2026-09-04 10:05:42,True,20250715,20260903,279,1.435,3553092.8,1429693.28,2761593.8216666663,3938.3993,56516029.955000006,,0,1.0,3553.0928,20250714,20260903
159246.SZ,富国创业板人工智能ETF,SZ,20250710,,20250702,富国基金管理有限公司,L,970070.SZ,创业板人工智能,深圳证券信息有限公司、深圳证券交易所,INDEX_BASIC,主题指数,EQUITY,True,True,False,False,True,,L1_EX_EXACT,创业板人工智能,创业板人工智能指数收益率×100%,Tushare fund_basic.benchmark + index_basic,2026-09-04 10:05:42,True,20250710,20260903,282,1.13,62637949.4,153646844.70499995,194778784.64166668,323365.5606,3654030834.78,,0,1.9991,62637.9494,20250709,20260903
159263.SZ,易方达国证价值100ETF,SZ,20250708,,20250630,易方达基金管理有限公司,L,,国证价值100,深圳证券信息有限公司,RULE_BASED,,EQUITY,True,True,False,False,True,,L5_RULE,国证价值100,国证价值100指数收益率×100%,Tushare fund_basic.benchmark + index_basic,2026-09-04 10:05:42,True,20250708,20260903,284,1.159,246472701.29999998,278681553.495,310660363.87166667,628010.5126,7278641841.034,,0,1.0,246472.7013,20250630,20260903
588520.SH,永赢上证科创板综合价格增强策略ETF,SH,20250708,,20250627,永赢基金管理有限公司,L,,上证科创板综合价格,中证指数有限公司/上海证券交易所,RULE_BASED,,EQUITY,True,False,False,True,False,NOT_PASSIVE,L5_RULE,上证科创板综合价格,上证科创板综合价格指数收益率×100%,Tushare fund_basic.benchmark + index_basic,2026-09-04 10:05:42,True,20250708,20260903,284,1.37,4070016.0,2717015.6500000004,3691199.8333333335,1295.7,17751090.0,,0,1.0,4070.016,20250707,20260903
159223.SZ,永赢国证自由现金流ETF,SZ,20250703,,20250625,永赢基金管理有限公司,L,980092.SZ,国证自由现金流,深圳证券信息有限公司,INDEX_BASIC,策略指数,EQUITY,True,True,False,False,True,,L2B_EX_REVSUB,国证自由现金流,国证自由现金流指数收益率×100%,Tushare fund_basic.benchmark + index_basic,2026-09-04 10:05:42,True,20250703,20260903,287,1.136,11832139.4,6950366.159999999,8599404.738333333,17784.4755,202031641.67999998,,0,1.0,11832.1394,20250702,20260903
159261.SZ,鹏华创业板新能源ETF,SZ,20250707,,20250625,鹏华基金管理有限公司,L,,创业板新能源,深圳证券信息有限公司,RULE_BASED,,EQUITY,True,True,False,False,True,,L5_RULE,创业板新能源,创业板新能源指数收益率×100%,Tushare fund_basic.benchmark + index_basic,2026-09-04 10:05:42,True,20250707,20260903,285,1.324,6874785.5,5493224.915,5922422.865,4981.4904,65954932.896000005,,0,1.0,6874.7855,20250706,20260903
159249.SZ,工银瑞信中证A500增强策略ETF,SZ,20250702,,20250620,工银瑞信基金管理有限公司,L,000510.SH,中证A500,中证指数有限公司,INDEX_BASIC,规模指数,EQUITY,True,False,False,True,False,NOT_PASSIVE,L1_EX_EXACT,中证A500,中证A500指数收益率×100%,Tushare fund_basic.benchmark + index_basic,2026-09-04 10:05:42,True,20250702,20260903,288,1.385,10054763.5,12259837.42,15417150.805000002,10819.1923,149845813.355,,0,1.0,10054.7635,20250701,20260903
589380.SH,富国上证科创板人工智能ETF,SH,20250701,,20250620,富国基金管理有限公司,L,931071.CSI,上证科创板人工智能,中证指数有限公司,INDEX_BASIC,主题指数,EQUITY,True,True,False,True,True,,L2B_EX_REVSUB,上证科创板人工智能,上证科创板人工智能指数收益率×100%,Tushare fund_basic.benchmark + index_basic,2026-09-04 10:05:42,True,20250701,20260903,289,1.397,2566249.0,5566641.5,8334295.333333333,9969.43,139272937.1,,0,1.0,2566.249,20250630,20260903
563630.SH,国联安中证A500增强策略ETF,SH,20250701,,20250619,国联安基金管理有限公司,L,000510.SH,中证A500,中证指数有限公司,INDEX_BASIC,规模指数,EQUITY,True,False,False,True,False,NOT_PASSIVE,L1_EX_EXACT,中证A500,中证A500指数收益率×100%,Tushare fund_basic.benchmark + index_basic,2026-09-04 10:05:42,True,20250701,20260903,289,1.263,573330.0,2694098.35,2843108.6,3794.71,47927187.3,,0,1.0,573.33,20250630,20260903
159550.SZ,东财中证沪港深互联网ETF,SZ,20250627,,20250618,东财基金管理有限公司,L,399675.SZ,中证沪港深互联网,深圳证券信息有限公司、深圳证券交易所,INDEX_BASIC,行业指数,EQUITY,False,True,True,False,False,CROSS/MIXED;NOT_DOMESTIC_A_SHARE,L2B_EX_REVSUB,中证沪港深互联网,中证沪港深互联网指数收益率×100%,Tushare fund_basic.benchmark + index_basic,2026-09-04 10:05:42,True,20250627,20260903,291,0.792,2025489.5,5353727.184999998,6717835.181666667,19582.8785,155096397.72,,0,1.0,2025.4895,20250626,20260903
159203.SZ,博时国证大盘成长ETF,SZ,20250630,,20250618,博时基金管理有限公司,L,399372.SZ,国证大盘成长,深圳证券信息有限公司,INDEX_BASIC,风格指数,EQUITY,True,True,False,False,True,,L2B_EX_REVSUB,国证大盘成长,国证大盘成长指数收益率×100%,Tushare fund_basic.benchmark + index_basic,2026-09-04 10:05:42,True,20250630,20260903,289,1.334,81379.2,489486.06999999995,736478.4250000002,979.1913,13062411.942,,0,1.0,81.3792,20250629,20260903
561090.SH,华安中证A500增强策略ETF,SH,20250702,,20250618,华安基金管理有限公司,L,000510.SH,中证A500,中证指数有限公司,INDEX_BASIC,规模指数,EQUITY,True,False,False,True,False,NOT_PASSIVE,L1_EX_EXACT,中证A500,中证A500指数收益率×100%,Tushare fund_basic.benchmark + index_basic,2026-09-04 10:05:42,True,20250702,20260903,288,1.211,7097681.0,10756126.999999998,13903834.65,20997.4,254278514.00000003,,0,1.0,7097.681,20250701,20260903
561770.SH,博时中证A100ETF,SH,20250624,,20250616,博时基金管理有限公司,L,000903.SH,中证A100,中证指数有限公司,INDEX_BASIC,规模指数,EQUITY,True,True,False,True,True,,L1_EX_EXACT,中证A100,中证A100指数收益率×100%,Tushare fund_basic.benchmark + index_basic,2026-09-04 10:05:42,True,20250624,20260903,294,1.237,576429.0,982292.6,1838252.8833333335,3555.0,43975350.0,,0,1.0,576.429,20250623,20260903
562050.SH,华宝中证制药ETF,SH,20250619,,20250611,华宝基金管理有限公司,L,,中证制药,中证指数有限公司,RULE_BASED,,EQUITY,True,True,False,True,True,,L5_RULE,中证制药,中证制药指数收益率×100%,Tushare fund_basic.benchmark + index_basic,2026-09-04 10:05:42,True,20250619,20260903,297,0.916,5921208.0,8173470.350000001,14186985.716666667,9946.8,91112688.0,,0,1.0,5921.208,20250618,20260903
159228.SZ,长城中证红利低波动100ETF,SZ,20250618,,20250605,长城基金管理有限公司,L,,中证红利低波动100,中证指数有限公司,RULE_BASED,,EQUITY,True,True,False,True,True,,L5_RULE,中证红利低波动100,中证红利低波动100指数收益率×100%,Tushare fund_basic.benchmark + index_basic,2026-09-04 10:05:42,True,20250618,20260903,298,1.033,696452.1,634406.02,705154.4616666668,10421.2692,107651710.836,,0,1.0,696.4521,20250617,20260903
159240.SZ,天弘中证A500增强策略ETF,SZ,20250617,,20250605,天弘基金管理有限公司,L,000510.SH,中证A500,中证指数有限公司,INDEX_BASIC,规模指数,EQUITY,True,False,False,True,False,NOT_PASSIVE,L1_EX_EXACT,中证A500,中证A500指数收益率×100%,Tushare fund_basic.benchmark + index_basic,2026-09-04 10:05:42,True,20250617,20260903,298,1.281,826787.1,1737391.545,2480270.958333333,1761.9776,22570933.055999998,,0,1.0,826.7871,20250616,20260903
588270.SH,易方达上证科创板200ETF,SH,20250616,,20250605,易方达基金管理有限公司,L,,上证科创板200,中证指数有限公司/上海证券交易所,RULE_BASED,,EQUITY,True,True,False,True,True,,L5_RULE,上证科创板200,上证科创板200指数收益率×100%,Tushare fund_basic.benchmark + index_basic,2026-09-04 10:05:42,True,20250616,20260903,300,1.656,16579436.000000002,32451655.350000005,29635225.450000003,30441.0,504102960.0,,0,1.0,16579.436,20250615,20260903
588670.SH,嘉实上证科创板综合增强策略ETF,SH,20250613,,20250605,嘉实基金管理有限公司,L,,上证科创板综合,中证指数有限公司/上海证券交易所,RULE_BASED,,EQUITY,True,False,False,True,False,NOT_PASSIVE,L5_RULE,上证科创板综合,上证科创板综合指数收益率×100%,Tushare fund_basic.benchmark + index_basic,2026-09-04 10:05:42,True,20250613,20260903,301,1.716,3821316.0,2373564.1500000004,4180742.566666667,3979.2,68283072.0,,0,1.0,3821.316,20250612,20260903
589180.SH,汇添富上证科创板新材料ETF,SH,20250616,,20250605,汇添富基金管理股份有限公司,L,,上证科创板新材料,中证指数有限公司/上海证券交易所,RULE_BASED,,EQUITY,True,True,False,True,True,,L5_RULE,上证科创板新材料,上证科创板新材料指数收益率×100%,Tushare fund_basic.benchmark + index_basic,2026-09-04 10:05:42,True,20250616,20260903,300,1.659,26258387.0,40288009.55,51508641.35000001,14031.8,232787562.0,,0,1.0,26258.387,20250615,20260903
512130.SH,鹏华中证全指自由现金流ETF,SH,20250701,,20250605,鹏华基金管理有限公司,L,,中证全指自由现金流,中证指数有限公司,RULE_BASED,,EQUITY,True,True,False,True,True,,L5_RULE,中证全指自由现金流,中证全指自由现金流指数收益率×100%,Tushare fund_basic.benchmark + index_basic,2026-09-04 10:05:42,True,20250701,20260903,289,1.171,840217.0,1315835.7000000002,922030.1666666665,1489.5,17442045.0,,0,1.0,840.217,20250630,20260903
159205.SZ,东财创业板ETF,SZ,20250612,,20250604,东财基金管理有限公司,L,395004.SZ,创业板,深圳证券交易所,INDEX_BASIC,其他指数,EQUITY,True,True,False,False,True,,L1_EX_EXACT,创业板,创业板指数收益率×100%,Tushare fund_basic.benchmark + index_basic,2026-09-04 10:05:42,True,20250612,20260903,302,1.63,112481785.69999999,127030487.24499999,150338736.63833332,65505.6064,1067741384.3199999,,0,1.0,112481.7857,20250611,20260903
159238.SZ,景顺长城沪深300增强策略ETF,SZ,20250609,,20250528,景顺长城基金管理有限公司,L,000300.SH,沪深300,中证指数有限公司、上海证券交易所,INDEX_BASIC,规模指数,EQUITY,True,False,False,True,False,NOT_PASSIVE,L1_EX_EXACT,沪深300,沪深300指数收益率×100%,Tushare fund_basic.benchmark + index_basic,2026-09-04 10:05:42,True,20250609,20260903,305,1.287,3689922.9,5607188.76,8994331.198333332,5501.6186,70805831.382,,0,1.0,3689.9229,20250608,20260903
159387.SZ,国泰创业板新能源ETF,SZ,20250610,,20250528,国泰基金管理有限公司,L,,创业板新能源,深圳证券信息有限公司,RULE_BASED,,EQUITY,True,True,False,False,True,,L5_RULE,创业板新能源,创业板新能源指数收益率×100%,Tushare fund_basic.benchmark + index_basic,2026-09-04 10:05:42,True,20250610,20260903,304,0.703,320922733.59999996,268587178.16499996,296499210.66666675,138318.9648,972382322.5439998,,0,1.9989,320922.7336,20250609,20260903
589580.SH,兴银上证科创板综合价格ETF,SH,20250611,,20250527,兴银基金管理有限责任公司,L,,上证科创板综合价格,中证指数有限公司/上海证券交易所,RULE_BASED,,EQUITY,True,True,False,True,True,,L5_RULE,上证科创板综合价格,上证科创板综合价格指数收益率×100%,Tushare fund_basic.benchmark + index_basic,2026-09-04 10:05:42,True,20250611,20260903,303,1.523,1678418.0,1479429.1,1752527.6833333333,1435.48,21862360.4,,0,1.0,1678.418,20250610,20260903
588710.SH,华泰柏瑞上证科创板半导体材料设备主题ETF,SH,20250604,,20250526,华泰柏瑞基金管理有限公司,L,931743.CSI,上证科创板半导体材料设备主题,中证指数有限公司,INDEX_BASIC,主题指数,EQUITY,True,True,False,True,True,,L2B_EX_REVSUB,上证科创板半导体材料设备主题,上证科创板半导体材料设备主题指数收益率×100%,Tushare fund_basic.benchmark + index_basic,2026-09-04 10:05:42,True,20250604,20260903,308,0.965,688352406.0,1449032677.1499999,1598201722.7166667,1158688.5,11181344025.0,,0,3.0009,688352.406,20250603,20260903
159372.SZ,万家创业板50ETF,SZ,20250609,,20250526,万家基金管理有限公司,L,399673.SZ,创业板50,深圳证券信息有限公司、深圳证券交易所,INDEX_BASIC,规模指数,EQUITY,True,True,False,False,True,,L1_EX_EXACT,创业板50,创业板50指数收益率×100%,Tushare fund_basic.benchmark + index_basic,2026-09-04 10:05:42,True,20250609,20260903,305,1.746,3990362.7,4904313.404999999,5567103.858333333,6345.1588,110786472.648,,0,1.0,3990.3627,20250608,20260903
561750.SH,博时中证A50ETF,SH,20250530,,20250522,博时基金管理有限公司,L,930050.CSI,中证A50,中证指数有限公司,INDEX_BASIC,规模指数,EQUITY,True,True,False,True,True,,L1_EX_EXACT,中证A50,中证A50指数收益率×100%,Tushare fund_basic.benchmark + index_basic,2026-09-04 10:05:42,True,20250530,20260903,310,1.157,54478.0,1405050.7999999998,2520366.3166666664,6149.6,71150872.0,,0,1.0,54.478,20250529,20260903
159389.SZ,嘉实中证诚通国企数字经济ETF,SZ,20250530,,20250522,嘉实基金管理有限公司,L,,中证诚通国企数字经济,中证指数有限公司,RULE_BASED,,EQUITY,True,True,False,True,True,,L5_RULE,中证诚通国企数字经济,中证诚通国企数字经济指数收益率×100%,Tushare fund_basic.benchmark + index_basic,2026-09-04 10:05:42,True,20250530,20260903,310,1.799,8145615.7,10817760.635,15268686.508333333,13409.3364,241233961.836,,0,1.0,8145.6157,20250529,20260903
563760.SH,中银中证全指自由现金流ETF,SH,20250606,,20250521,中银基金管理有限公司,L,,中证全指自由现金流,中证指数有限公司,RULE_BASED,,EQUITY,True,True,False,True,True,,L5_RULE,中证全指自由现金流,中证全指自由现金流指数收益率×100%,Tushare fund_basic.benchmark + index_basic,2026-09-04 10:05:42,True,20250606,20260903,306,1.171,89409160.0,92351938.89999999,84392931.19999999,69991.32,819598357.2000002,,0,1.0,89409.16,20250605,20260903
159230.SZ,华夏国证通用航空产业ETF,SZ,20250530,,20250521,华夏基金管理有限公司,L,,国证通用航空产业,深圳证券信息有限公司,RULE_BASED,,EQUITY,True,True,False,False,True,,L5_RULE,国证通用航空产业,国证通用航空产业指数收益率×100%,Tushare fund_basic.benchmark + index_basic,2026-09-04 10:05:42,True,20250530,20260903,310,0.974,15420032.3,14158524.745000003,18820684.625000004,30130.4228,293470318.07199997,,0,1.0,15420.0323,20250529,20260903
159233.SZ,平安中证全指自由现金流ETF,SZ,20250604,,20250521,平安基金管理有限公司,L,,中证全指自由现金流,中证指数有限公司,RULE_BASED,,EQUITY,True,True,False,True,True,,L5_RULE,中证全指自由现金流,中证全指自由现金流指数收益率×100%,Tushare fund_basic.benchmark + index_basic,2026-09-04 10:05:42,True,20250604,20260903,308,1.194,32850032.5,30832645.295,38740400.451666676,62362.3418,744606361.092,,0,1.0,32850.0325,20250603,20260903
159241.SZ,天弘国证航天航空行业ETF,SZ,20250529,,20250521,天弘基金管理有限公司,L,,国证航天航空行业,深圳证券信息有限公司,RULE_BASED,,EQUITY,True,True,False,False,True,,L5_RULE,国证航天航空行业,国证航天航空行业指数收益率×100%,Tushare fund_basic.benchmark + index_basic,2026-09-04 10:05:42,True,20250529,20260903,311,1.06,87199444.5,92895618.27999999,109854008.50333333,132807.4265,1407758720.9,,0,1.0,87199.4445,20250528,20260903
588940.SH,富国上证科创板50成份ETF,SH,20250603,,20250521,富国基金管理有限公司,L,,上证科创板50成份,中证指数有限公司/上海证券交易所,RULE_BASED,,EQUITY,True,True,False,True,True,,L5_RULE,上证科创板50成份,上证科创板50成份指数收益率×100%,Tushare fund_basic.benchmark + index_basic,2026-09-04 10:05:42,True,20250603,20260903,309,0.836,92373506.0,131565419.55,180681075.4333333,297884.0,2490310240.0,,0,2.0,92373.506,20250602,20260903
561220.SH,工银瑞信中证诚通国企数字经济ETF,SH,20250530,,20250521,工银瑞信基金管理有限公司,L,,中证诚通国企数字经济,中证指数有限公司,RULE_BASED,,EQUITY,True,True,False,True,True,,L5_RULE,中证诚通国企数字经济,中证诚通国企数字经济指数收益率×100%,Tushare fund_basic.benchmark + index_basic,2026-09-04 10:05:42,True,20250530,20260903,310,1.77,6221703.0,5506584.399999999,7800411.233333332,4755.3,84168810.0,,0,1.0,6221.703,20250529,20260903
159385.SZ,富国中证诚通国企数字经济ETF,SZ,20250530,,20250521,富国基金管理有限公司,L,,中证诚通国企数字经济,中证指数有限公司,RULE_BASED,,EQUITY,True,True,False,True,True,,L5_RULE,中证诚通国企数字经济,中证诚通国企数字经济指数收益率×100%,Tushare fund_basic.benchmark + index_basic,2026-09-04 10:05:42,True,20250530,20260903,310,1.776,6624751.5,7628685.695,14168521.669999998,5100.2525,90580484.39999999,,0,1.0,6624.7515,20250529,20260903
589700.SH,南方上证科创板成长ETF,SH,20250605,,20250521,南方基金管理股份有限公司,L,,上证科创板成长,中证指数有限公司/上海证券交易所,RULE_BASED,,EQUITY,True,True,False,True,True,,L5_RULE,上证科创板成长,上证科创板成长指数收益率×100%,Tushare fund_basic.benchmark + index_basic,2026-09-04 10:05:42,True,20250605,20260903,307,2.133,6975491.0,12039237.25,8438061.316666666,3029.1,64610703.0,,0,1.0,6975.491,20250604,20260903
159226.SZ,国泰中证A500增强策略ETF,SZ,20250529,,20250520,国泰基金管理有限公司,L,000510.SH,中证A500,中证指数有限公司,INDEX_BASIC,规模指数,EQUITY,True,False,False,True,False,NOT_PASSIVE,L1_EX_EXACT,中证A500,中证A500指数收益率×100%,Tushare fund_basic.benchmark + index_basic,2026-09-04 10:05:42,True,20250529,20260903,311,1.259,10109939.3,16232774.380000003,19260845.426666666,8709.484,109652403.55999999,,0,1.0,10109.9393,20250528,20260903
563830.SH,博时中证全指自由现金流ETF,SH,20250522,,20250514,博时基金管理有限公司,L,,中证全指自由现金流,中证指数有限公司,RULE_BASED,,EQUITY,True,True,False,True,True,,L5_RULE,中证全指自由现金流,中证全指自由现金流指数收益率×100%,Tushare fund_basic.benchmark + index_basic,2026-09-04 10:05:42,True,20250522,20260903,316,1.169,39047.0,1642618.9999999995,3679287.4166666665,13489.6,157693424.0,,0,1.029,39.047,20250521,20260903
159218.SZ,招商中证卫星产业ETF,SZ,20250522,,20250514,招商基金管理有限公司,L,931594.CSI,中证卫星产业,中证指数有限公司,INDEX_BASIC,主题指数,EQUITY,True,True,False,True,True,,L2B_EX_REVSUB,中证卫星产业,中证卫星产业指数收益率×100%,Tushare fund_basic.benchmark + index_basic,2026-09-04 10:05:42,True,20250522,20260903,316,1.339,71010066.2,118603178.285,196178636.76333338,203161.639,2720334346.21,,0,1.0,71010.0662,20250521,20260903
588130.SH,华夏上证科创板生物医药ETF,SH,20250528,,20250514,华夏基金管理有限公司,L,399441.SZ,上证科创板生物医药,深圳证券信息有限公司,INDEX_BASIC,主题指数,EQUITY,True,True,False,False,True,,L2B_EX_REVSUB,上证科创板生物医药,上证科创板生物医药指数收益率×100%,Tushare fund_basic.benchmark + index_basic,2026-09-04 10:05:42,True,20250528,20260903,312,1.008,84697657.0,113698692.8,72796465.35,45708.26,460739260.8,,0,1.0,84697.657,20250527,20260903
563060.SH,易方达中证国资央企50ETF,SH,20250519,,20250508,易方达基金管理有限公司,L,,中证国资央企50,中证指数有限公司,RULE_BASED,,EQUITY,True,True,False,True,True,,L5_RULE,中证国资央企50,中证国资央企50指数收益率×100%,Tushare fund_basic.benchmark + index_basic,2026-09-04 10:05:42,True,20250519,20260903,319,1.089,319032.0,3232640.5500000007,2506938.4833333334,18052.7,196593903.0,,0,1.0,319.032,20250518,20260903
563550.SH,摩根中证A500增强策略ETF,SH,20250516,,20250508,摩根基金管理(中国)有限公司,L,000510.SH,中证A500,中证指数有限公司,INDEX_BASIC,规模指数,EQUITY,True,False,False,True,False,NOT_PASSIVE,L1_EX_EXACT,中证A500,中证A500指数收益率×100%,Tushare fund_basic.benchmark + index_basic,2026-09-04 10:05:42,True,20250516,20260903,320,1.244,19062950.0,11613425.25,12823708.933333335,8255.9,102703396.0,,0,1.0,19062.95,20250515,20260903
563770.SH,招商中证全指自由现金流ETF,SH,20250516,,20250508,招商基金管理有限公司,L,,中证全指自由现金流,中证指数有限公司,RULE_BASED,,EQUITY,True,True,False,True,True,,L5_RULE,中证全指自由现金流,中证全指自由现金流指数收益率×100%,Tushare fund_basic.benchmark + index_basic,2026-09-04 10:05:42,True,20250516,20260903,320,1.184,7555834.0,7018562.100000001,8324526.2,2730.7,32331488.0,,0,1.0,7555.834,20250515,20260903
159229.SZ,广发中证800自由现金流ETF,SZ,20250515,,20250506,广发基金管理有限公司,L,,中证800自由现金流,中证指数有限公司,RULE_BASED,,EQUITY,True,True,False,True,True,,L5_RULE,中证800自由现金流,中证800自由现金流指数收益率×100%,Tushare fund_basic.benchmark + index_basic,2026-09-04 10:05:42,True,20250515,20260903,320,1.204,3089092.0,5476323.465000001,12283804.241666663,14155.6022,170433450.488,,0,1.0,3089.092,20250514,20260903
563680.SH,汇添富中证800自由现金流ETF,SH,20250515,,20250430,汇添富基金管理股份有限公司,L,,中证800自由现金流,中证指数有限公司,RULE_BASED,,EQUITY,True,True,False,True,True,,L5_RULE,中证800自由现金流,中证800自由现金流指数收益率×100%,Tushare fund_basic.benchmark + index_basic,2026-09-04 10:05:42,True,20250515,20260903,321,1.192,1877859.0,3957162.4999999995,4778594.916666667,10395.9,123919128.0,,0,1.0,1877.859,20250514,20260903
563780.SH,方正富邦中证全指自由现金流ETF,SH,20250513,,20250430,方正富邦基金管理有限公司,L,,中证全指自由现金流,中证指数有限公司,RULE_BASED,,EQUITY,True,True,False,True,True,,L5_RULE,中证全指自由现金流,中证全指自由现金流指数收益率×100%,Tushare fund_basic.benchmark + index_basic,2026-09-04 10:05:42,True,20250513,20260903,323,1.217,2737070.0,4187761.6500000013,7711844.749999999,24202.71,294546980.70000005,,0,1.0,2737.07,20250512,20260903
159221.SZ,嘉实国证自由现金流ETF,SZ,20250513,,20250430,嘉实基金管理有限公司,L,980092.SZ,国证自由现金流,深圳证券信息有限公司,INDEX_BASIC,策略指数,EQUITY,True,True,False,False,True,,L2B_EX_REVSUB,国证自由现金流,国证自由现金流指数收益率×100%,Tushare fund_basic.benchmark + index_basic,2026-09-04 10:05:42,True,20250513,20260903,323,1.17,84288396.39999999,31282704.504999995,45519435.94,112501.3233,1316265482.61,,0,1.0365,84288.3964,20250512,20260903
159227.SZ,华夏国证航天航空行业ETF,SZ,20250516,,20250430,华夏基金管理有限公司,L,,国证航天航空行业,深圳证券信息有限公司,RULE_BASED,,EQUITY,True,True,False,False,True,,L5_RULE,国证航天航空行业,国证航天航空行业指数收益率×100%,Tushare fund_basic.benchmark + index_basic,2026-09-04 10:05:42,True,20250516,20260903,320,1.03,151982126.1,191815986.995,287937635.84333336,456491.1199,4701858534.97,,0,1.0,151982.1261,20250515,20260903
159236.SZ,工银瑞信中证全指自由现金流ETF,SZ,20250516,,20250430,工银瑞信基金管理有限公司,L,,中证全指自由现金流,中证指数有限公司,RULE_BASED,,EQUITY,True,True,False,True,True,,L5_RULE,中证全指自由现金流,中证全指自由现金流指数收益率×100%,Tushare fund_basic.benchmark + index_basic,2026-09-04 10:05:42,True,20250516,20260903,320,1.199,3224635.3,3081584.0500000003,5382201.396666667,3772.2161,45228871.039000005,,0,1.0,3224.6353,20250515,20260903
159392.SZ,富国国证通用航空产业ETF,SZ,20250514,,20250430,富国基金管理有限公司,L,,国证通用航空产业,深圳证券信息有限公司,RULE_BASED,,EQUITY,True,True,False,False,True,,L5_RULE,国证通用航空产业,国证通用航空产业指数收益率×100%,Tushare fund_basic.benchmark + index_basic,2026-09-04 10:05:42,True,20250514,20260903,322,0.954,1927211.9,3954388.079999999,6566333.236666667,18528.55,176762367.0,,0,1.0,1927.2119,20250513,20260903
561870.SH,华富中证全指自由现金流ETF,SH,20250509,,20250429,华富基金管理有限公司,L,,中证全指自由现金流,中证指数有限公司,RULE_BASED,,EQUITY,True,True,False,True,True,,L5_RULE,中证全指自由现金流,中证全指自由现金流指数收益率×100%,Tushare fund_basic.benchmark + index_basic,2026-09-04 10:05:42,True,20250509,20260903,325,1.175,613668.0,2282826.099999999,3521614.2000000007,8976.5,105473875.0,,0,1.0253,613.668,20250508,20260903
159208.SZ,万家国证航天航空行业ETF,SZ,20250512,,20250428,万家基金管理有限公司,L,,国证航天航空行业,深圳证券信息有限公司,RULE_BASED,,EQUITY,True,True,False,False,True,,L5_RULE,国证航天航空行业,国证航天航空行业指数收益率×100%,Tushare fund_basic.benchmark + index_basic,2026-09-04 10:05:42,True,20250512,20260903,324,1.079,10937518.6,13682736.764999999,23176025.621666666,32646.2783,352253342.857,,0,1.0,10937.5186,20250511,20260903
589980.SH,汇添富上证科创板100ETF,SH,20250512,,20250425,汇添富基金管理股份有限公司,L,,上证科创板100,中证指数有限公司/上海证券交易所,RULE_BASED,,EQUITY,True,True,False,True,True,,L5_RULE,上证科创板100,上证科创板100指数收益率×100%,Tushare fund_basic.benchmark + index_basic,2026-09-04 10:05:42,True,20250512,20260903,324,1.8,2726090.0,4418926.600000001,5183257.333333334,12912.2,232419600.0,,0,1.0,2726.09,20250511,20260903
563900.SH,摩根沪深300自由现金流ETF,SH,20250507,,20250424,摩根基金管理(中国)有限公司,L,,沪深300自由现金流,UNKNOWN,RULE_BASED,,EQUITY,True,True,False,False,True,,L5_RULE,沪深300自由现金流,沪深300自由现金流指数收益率×100%,Tushare fund_basic.benchmark + index_basic,2026-09-04 10:05:42,True,20250507,20260903,327,1.174,19651160.0,24864160.649999995,27469595.416666664,45596.57,535303731.79999995,,0,1.032,19651.16,20250506,20260903
159219.SZ,融通深证100ETF,SZ,20250513,,20250424,融通基金管理有限公司,L,399330.SZ,深证100,深圳证券信息有限公司、深圳证券交易所,INDEX_BASIC,规模指数,EQUITY,True,True,False,False,True,,L1_EX_EXACT,深证100,深证100指数收益率×100%,Tushare fund_basic.benchmark + index_basic,2026-09-04 10:05:42,True,20250513,20260903,323,1.323,1059306.4,1909320.4550000003,2050287.8116666665,1038.8018,13743347.814,,0,1.0,1059.3064,20250512,20260903
563390.SH,华泰柏瑞中证全指自由现金流ETF,SH,20250430,,20250423,华泰柏瑞基金管理有限公司,L,,中证全指自由现金流,中证指数有限公司,RULE_BASED,,EQUITY,True,True,False,True,True,,L5_RULE,中证全指自由现金流,中证全指自由现金流指数收益率×100%,Tushare fund_basic.benchmark + index_basic,2026-09-04 10:05:42,True,20250430,20260903,329,1.217,24233754.0,55248391.25000001,55811750.516666666,214334.4,2608449648.0,,0,1.0,24233.754,20250429,20260903
159232.SZ,南方中证全指自由现金流ETF,SZ,20250430,,20250423,南方基金管理股份有限公司,L,,中证全指自由现金流,中证指数有限公司,RULE_BASED,,EQUITY,True,True,False,True,True,,L5_RULE,中证全指自由现金流,中证全指自由现金流指数收益率×100%,Tushare fund_basic.benchmark + index_basic,2026-09-04 10:05:42,True,20250430,20260903,329,1.197,190653079.8,181721973.115,199654367.03833336,211094.8566,2526805433.5020003,,0,1.0332,190653.0798,20250429,20260903
159235.SZ,大成中证全指自由现金流ETF,SZ,20250430,,20250423,大成基金管理有限公司,L,,中证全指自由现金流,中证指数有限公司,RULE_BASED,,EQUITY,True,True,False,True,True,,L5_RULE,中证全指自由现金流,中证全指自由现金流指数收益率×100%,Tushare fund_basic.benchmark + index_basic,2026-09-04 10:05:42,True,20250430,20260903,329,1.223,64407892.4,74213470.9,79981328.64333336,189372.9545,2316031233.5350003,,0,1.0,64407.8924,20250429,20260903
561080.SH,华安中证全指自由现金流ETF,SH,20250430,,20250423,华安基金管理有限公司,L,,中证全指自由现金流,中证指数有限公司,RULE_BASED,,EQUITY,True,True,False,True,True,,L5_RULE,中证全指自由现金流,中证全指自由现金流指数收益率×100%,Tushare fund_basic.benchmark + index_basic,2026-09-04 10:05:42,True,20250430,20260903,329,1.187,1645295.0,1716085.7000000002,2855519.7166666673,2425.0,28784750.0,,0,1.0,1645.295,20250429,20260903
159382.SZ,南方创业板人工智能ETF,SZ,20250509,,20250423,南方基金管理股份有限公司,L,970070.SZ,创业板人工智能,深圳证券信息有限公司、深圳证券交易所,INDEX_BASIC,主题指数,EQUITY,True,True,False,False,True,,L1_EX_EXACT,创业板人工智能,创业板人工智能指数收益率×100%,Tushare fund_basic.benchmark + index_basic,2026-09-04 10:05:42,True,20250509,20260903,325,2.543,155320089.79999998,205535631.86,247840408.69833338,80305.5714,2042170680.7020001,,0,1.0,155320.0898,20250508,20260903
159213.SZ,汇添富中证机器人ETF,SZ,20250430,,20250421,汇添富基金管理股份有限公司,L,,中证机器人,中证指数有限公司,RULE_BASED,,EQUITY,True,True,False,True,True,,L5_RULE,中证机器人,中证机器人指数收益率×100%,Tushare fund_basic.benchmark + index_basic,2026-09-04 10:05:42,True,20250430,20260903,329,1.15,20102986.2,32681416.809999995,44656093.02000001,47823.7566,549973200.9,,0,1.0,20102.9862,20250429,20260903
159231.SZ,华宝国证通用航空产业ETF,SZ,20250429,,20250418,华宝基金管理有限公司,L,,国证通用航空产业,深圳证券信息有限公司,RULE_BASED,,EQUITY,True,True,False,False,True,,L5_RULE,国证通用航空产业,国证通用航空产业指数收益率×100%,Tushare fund_basic.benchmark + index_basic,2026-09-04 10:05:42,True,20250429,20260903,330,0.501,7110426.8,7323107.365000001,8715424.556666667,33309.186,166879021.86,,0,2.0,7110.4268,20250428,20260903
516460.SH,鹏华中证800自由现金流ETF,SH,20250428,,20250417,鹏华基金管理有限公司,L,,中证800自由现金流,中证指数有限公司,RULE_BASED,,EQUITY,True,True,False,True,True,,L5_RULE,中证800自由现金流,中证800自由现金流指数收益率×100%,Tushare fund_basic.benchmark + index_basic,2026-09-04 10:05:42,True,20250428,20260903,331,1.227,2167071.0,4551531.2,12985367.18333333,42069.3,516190311.00000006,,0,1.0,2167.071,20250427,20260903
563700.SH,易方达中证红利价值ETF,SH,20250428,,20250416,易方达基金管理有限公司,L,,中证红利价值,中证指数有限公司,RULE_BASED,,EQUITY,True,True,False,True,True,,L5_RULE,中证红利价值,中证红利价值指数收益率×100%,Tushare fund_basic.benchmark + index_basic,2026-09-04 10:05:42,True,20250428,20260903,331,1.088,5822117.0,9314165.599999998,8088225.600000001,36315.0,395107200.0,,0,1.0495,5822.117,20250427,20260903
563990.SH,富国中证800自由现金流ETF,SH,20250424,,20250416,富国基金管理有限公司,L,,中证800自由现金流,中证指数有限公司,RULE_BASED,,EQUITY,True,True,False,True,True,,L5_RULE,中证800自由现金流,中证800自由现金流指数收益率×100%,Tushare fund_basic.benchmark + index_basic,2026-09-04 10:05:42,True,20250424,20260903,333,1.247,2698312.0,7806920.6,12140149.766666668,30457.3,379802531.00000006,,0,1.0,2698.312,20250423,20260903
510320.SH,中金沪深300ETF,SH,20250425,,20250416,中金基金管理有限公司,L,000300.SH,沪深300,中证指数有限公司、上海证券交易所,INDEX_BASIC,规模指数,EQUITY,True,True,False,True,True,,L1_EX_EXACT,沪深300,沪深300指数收益率×100%,Tushare fund_basic.benchmark + index_basic,2026-09-04 10:05:42,True,20250425,20260903,332,1.243,21072804.0,18691478.65,23443189.399999995,63406.85,788147145.5000001,,0,1.0,21072.804,20250424,20260903
588850.SH,嘉实上证科创板工业机械ETF,SH,20250424,,20250416,嘉实基金管理有限公司,L,,上证科创板工业机械,中证指数有限公司/上海证券交易所,RULE_BASED,,EQUITY,True,True,False,True,True,,L5_RULE,上证科创板工业机械,上证科创板工业机械指数收益率×100%,Tushare fund_basic.benchmark + index_basic,2026-09-04 10:05:42,True,20250424,20260903,333,1.774,15514417.0,23907338.049999997,33505035.96666666,7677.9,136205946.0,,0,1.0,15514.417,20250423,20260903
159222.SZ,易方达国证自由现金流ETF,SZ,20250417,,20250409,易方达基金管理有限公司,L,980092.SZ,国证自由现金流,深圳证券信息有限公司,INDEX_BASIC,策略指数,EQUITY,True,True,False,False,True,,L2B_EX_REVSUB,国证自由现金流,国证自由现金流指数收益率×100%,Tushare fund_basic.benchmark + index_basic,2026-09-04 10:05:42,True,20250417,20260903,338,1.262,111521979.39999999,102188311.70000002,96570233.21333332,174037.0402,2196347447.324,,0,1.0,111521.9794,20250416,20260903
159225.SZ,银华国证自由现金流ETF,SZ,20250417,,20250409,银华基金管理股份有限公司,L,980092.SZ,国证自由现金流,深圳证券信息有限公司,INDEX_BASIC,策略指数,EQUITY,True,True,False,False,True,,L2B_EX_REVSUB,国证自由现金流,国证自由现金流指数收益率×100%,Tushare fund_basic.benchmark + index_basic,2026-09-04 10:05:42,True,20250417,20260903,338,1.24,3665896.1,3895726.024999999,6773010.641666667,26774.4804,332003556.96,,0,1.0,3665.8961,20250416,20260903
589300.SH,嘉实上证科创板综合ETF,SH,20250417,,20250409,嘉实基金管理有限公司,L,,上证科创板综合,中证指数有限公司/上海证券交易所,RULE_BASED,,EQUITY,True,True,False,True,True,,L5_RULE,上证科创板综合,上证科创板综合指数收益率×100%,Tushare fund_basic.benchmark + index_basic,2026-09-04 10:05:42,True,20250417,20260903,338,1.681,935130.0,1961836.1,3367142.8166666673,4158.25,69900182.5,,0,1.004,935.13,20250416,20260903
562080.SH,华宝沪深300自由现金流ETF,SH,20250415,,20250407,华宝基金管理有限公司,L,,沪深300自由现金流,UNKNOWN,RULE_BASED,,EQUITY,True,True,False,False,True,,L5_RULE,沪深300自由现金流,沪深300自由现金流指数收益率×100%,Tushare fund_basic.benchmark + index_basic,2026-09-04 10:05:42,True,20250415,20260903,340,0.625,25213098.0,29944090.65,29071756.566666666,59475.72,371723250.0,,0,2.0,25213.098,20250414,20260903
588040.SH,鹏华上证科创板50成份ETF,SH,20250414,,20250403,鹏华基金管理有限公司,L,,上证科创板50成份,中证指数有限公司/上海证券交易所,RULE_BASED,,EQUITY,True,True,False,True,True,,L5_RULE,上证科创板50成份,上证科创板50成份指数收益率×100%,Tushare fund_basic.benchmark + index_basic,2026-09-04 10:05:42,True,20250414,20260903,341,1.64,12802739.0,19117483.15,28526020.31666667,13388.9,219577960.0,,0,1.0,12802.739,20250413,20260903
159391.SZ,博时国证大盘价值ETF,SZ,20250421,,20250403,博时基金管理有限公司,L,399373.SZ,国证大盘价值,深圳证券信息有限公司,INDEX_BASIC,风格指数,EQUITY,True,True,False,False,True,,L2B_EX_REVSUB,国证大盘价值,国证大盘价值指数收益率×100%,Tushare fund_basic.benchmark + index_basic,2026-09-04 10:05:42,True,20250421,20260903,335,1.128,5279196.100000001,1764243.2949999997,2040489.765,8407.6398,94838176.944,,0,1.0,5279.1961,20250420,20260903
512250.SH,招商中证A50ETF,SH,20250414,,20250403,招商基金管理有限公司,L,930050.CSI,中证A50,中证指数有限公司,INDEX_BASIC,规模指数,EQUITY,True,True,False,True,True,,L1_EX_EXACT,中证A50,中证A50指数收益率×100%,Tushare fund_basic.benchmark + index_basic,2026-09-04 10:05:42,True,20250414,20260903,341,1.202,58940.0,479069.05000000005,1691726.4499999997,11960.01,143759320.2,,0,1.0441,58.94,20250413,20260903
159211.SZ,富国深证100ETF,SZ,20250414,,20250402,富国基金管理有限公司,L,399330.SZ,深证100,深圳证券信息有限公司、深圳证券交易所,INDEX_BASIC,规模指数,EQUITY,True,True,False,False,True,,L1_EX_EXACT,深证100,深证100指数收益率×100%,Tushare fund_basic.benchmark + index_basic,2026-09-04 10:05:42,True,20250414,20260903,340,1.395,1312063.7999999998,3456010.0749999997,3529631.4883333337,2368.3294,33038195.13,,0,1.0,1312.0638,20250413,20260903
159216.SZ,大成深证100ETF,SZ,20250411,,20250402,大成基金管理有限公司,L,399330.SZ,深证100,深圳证券信息有限公司、深圳证券交易所,INDEX_BASIC,规模指数,EQUITY,True,True,False,False,True,,L1_EX_EXACT,深证100,深证100指数收益率×100%,Tushare fund_basic.benchmark + index_basic,2026-09-04 10:05:42,True,20250411,20260903,341,1.427,1742094.4,4781337.105,4787019.976666666,1554.825,22187352.75,,0,1.0,1742.0944,20250410,20260903
159377.SZ,国泰创业板医药卫生ETF,SZ,20250415,,20250402,国泰基金管理有限公司,L,395004.SZ,创业板医药卫生,深圳证券交易所,INDEX_BASIC,其他指数,EQUITY,True,True,False,False,True,,L2B_EX_REVSUB,创业板医药卫生,创业板医药卫生指数收益率×100%,Tushare fund_basic.benchmark + index_basic,2026-09-04 10:05:42,True,20250415,20260903,339,0.99,14307452.799999999,30293732.245,27012575.14666667,12212.9399,120908105.01,,0,1.0,14307.4528,20250414,20260903
560820.SH,新华中证A50ETF,SH,20250418,,20250328,新华基金管理股份有限公司,L,930050.CSI,中证A50,中证指数有限公司,INDEX_BASIC,规模指数,EQUITY,True,True,False,True,True,,L1_EX_EXACT,中证A50,中证A50指数收益率×100%,Tushare fund_basic.benchmark + index_basic,2026-09-04 10:05:42,True,20250418,20260903,334,1.192,7391.0,39868.5,81439.68333333333,4092.6,48783792.0,,0,1.0,7.391,20250417,20260903
159207.SZ,广发中证智选高股息策略ETF,SZ,20250409,,20250327,广发基金管理有限公司,L,,中证智选高股息策略,中证指数有限公司,RULE_BASED,,EQUITY,True,True,False,True,True,,L5_RULE,中证智选高股息策略,中证智选高股息策略指数收益率×100%,Tushare fund_basic.benchmark + index_basic,2026-09-04 10:05:42,True,20250409,20260903,344,1.151,75733691.5,100611780.32000001,125774154.25833333,225848.3345,2599514330.0950003,,0,1.0512,75733.6915,20250408,20260903
159212.SZ,南方深证100ETF,SZ,20250409,,20250327,南方基金管理股份有限公司,L,399330.SZ,深证100,深圳证券信息有限公司、深圳证券交易所,INDEX_BASIC,规模指数,EQUITY,True,True,False,False,True,,L1_EX_EXACT,深证100,深证100指数收益率×100%,Tushare fund_basic.benchmark + index_basic,2026-09-04 10:05:42,True,20250409,20260903,344,1.422,7423324.899999999,15459880.105,18852366.096666664,7520.4367,106940609.874,,0,1.0,7423.3249,20250408,20260903
588720.SH,中银上证科创板50成份ETF,SH,20250415,,20250327,中银基金管理有限公司,L,,上证科创板50成份,中证指数有限公司/上海证券交易所,RULE_BASED,,EQUITY,True,True,False,True,True,,L5_RULE,上证科创板50成份,上证科创板50成份指数收益率×100%,Tushare fund_basic.benchmark + index_basic,2026-09-04 10:05:42,True,20250415,20260903,340,1.649,12495845.0,10000456.899999999,13182181.35,10974.18,180964228.2,,0,1.0,12495.845,20250414,20260903
159215.SZ,平安中证A500ETF,SZ,20250407,,20250326,平安基金管理有限公司,L,000510.SH,中证A500,中证指数有限公司,INDEX_BASIC,规模指数,EQUITY,True,True,False,True,True,,L1_EX_EXACT,中证A500,中证A500指数收益率×100%,Tushare fund_basic.benchmark + index_basic,2026-09-04 10:05:42,True,20250407,20260903,346,1.29,11149344.0,15677008.524999997,21257953.220000006,96158.2803,1240441815.8700001,,0,1.0,11149.344,20250406,20260903
589010.SH,华夏上证科创板人工智能ETF,SH,20250409,,20250326,华夏基金管理有限公司,L,931071.CSI,上证科创板人工智能,中证指数有限公司,INDEX_BASIC,主题指数,EQUITY,True,True,False,True,True,,L2B_EX_REVSUB,上证科创板人工智能,上证科创板人工智能指数收益率×100%,Tushare fund_basic.benchmark + index_basic,2026-09-04 10:05:42,True,20250409,20260903,344,1.382,54429199.0,76406200.55000001,129823218.86666667,93279.3,1289119926.0,,0,1.0,54429.199,20250408,20260903
589100.SH,国泰上证科创板芯片ETF,SH,20250407,,20250326,国泰基金管理有限公司,L,,上证科创板芯片,中证指数有限公司/上海证券交易所,RULE_BASED,,EQUITY,True,True,False,True,True,,L5_RULE,上证科创板芯片,上证科创板芯片指数收益率×100%,Tushare fund_basic.benchmark + index_basic,2026-09-04 10:05:42,True,20250407,20260903,346,0.879,39663242.0,50302390.6,75008181.39999999,92344.25,811705957.5,,0,2.5005,39663.242,20250406,20260903
159388.SZ,国泰创业板人工智能ETF,SZ,20250407,,20250326,国泰基金管理有限公司,L,970070.SZ,创业板人工智能,深圳证券信息有限公司、深圳证券交易所,INDEX_BASIC,主题指数,EQUITY,True,True,False,False,True,,L1_EX_EXACT,创业板人工智能,创业板人工智能指数收益率×100%,Tushare fund_basic.benchmark + index_basic,2026-09-04 10:05:42,True,20250407,20260903,346,0.982,85223658.1,142152136.32000002,173669763.58499998,86873.6984,853099718.2879999,,0,2.5011,85223.6581,20250406,20260903
159390.SZ,国联中证A50ETF,SZ,20250409,,20250326,国联基金管理有限公司,L,930050.CSI,中证A50,中证指数有限公司,INDEX_BASIC,规模指数,EQUITY,True,True,False,True,True,,L1_EX_EXACT,中证A50,中证A50指数收益率×100%,Tushare fund_basic.benchmark + index_basic,2026-09-04 10:05:42,True,20250409,20260903,344,1.232,4847971.0,7292424.595,11041736.88,10926.8771,134619125.872,,0,1.0502,4847.971,20250331,20260903
512240.SH,鹏华中证A50ETF,SH,20250407,,20250326,鹏华基金管理有限公司,L,930050.CSI,中证A50,中证指数有限公司,INDEX_BASIC,规模指数,EQUITY,True,True,False,True,True,,L1_EX_EXACT,中证A50,中证A50指数收益率×100%,Tushare fund_basic.benchmark + index_basic,2026-09-04 10:05:42,True,20250407,20260903,346,1.143,4595716.0,3152312.6,2763108.95,2168.6,24787098.0,,0,1.0,4595.716,20250406,20260903
563650.SH,兴业中证A500ETF,SH,20250403,,20250325,兴业基金管理有限公司,L,000510.SH,中证A500,中证指数有限公司,INDEX_BASIC,规模指数,EQUITY,True,True,False,True,True,,L1_EX_EXACT,中证A500,中证A500指数收益率×100%,Tushare fund_basic.benchmark + index_basic,2026-09-04 10:05:42,True,20250403,20260903,347,1.27,5052150.0,10137149.849999998,10242384.566666668,14090.9,178954430.0,,0,1.0,5052.15,20250402,20260903
588170.SH,华夏上证科创板半导体材料设备主题ETF,SH,20250408,,20250324,华夏基金管理有限公司,L,931743.CSI,上证科创板半导体材料设备主题,中证指数有限公司,INDEX_BASIC,主题指数,EQUITY,True,True,False,True,True,,L2B_EX_REVSUB,上证科创板半导体材料设备主题,上证科创板半导体材料设备主题指数收益率×100%,Tushare fund_basic.benchmark + index_basic,2026-09-04 10:05:42,True,20250408,20260903,345,0.935,3914331561.0,6280621382.200001,6635932349.65,4485944.7,41943582945.0,,0,3.0,3914331.561,20250407,20260903
563660.SH,银河中证A500ETF,SH,20250402,,20250320,银河基金管理有限公司,L,000510.SH,中证A500,中证指数有限公司,INDEX_BASIC,规模指数,EQUITY,True,True,False,True,True,,L1_EX_EXACT,中证A500,中证A500指数收益率×100%,Tushare fund_basic.benchmark + index_basic,2026-09-04 10:05:42,True,20250402,20260903,348,1.238,1704195.0,1809992.3999999997,3828451.4,6308.52,78099477.60000001,,0,1.0221,1704.195,20250320,20260903
588910.SH,建信上证智选科创板创新价值ETF,SH,20250407,,20250320,建信基金管理有限责任公司,L,,上证智选科创板创新价值,中证指数有限公司/上海证券交易所,RULE_BASED,,EQUITY,True,True,False,True,True,,L5_RULE,上证智选科创板创新价值,上证智选科创板创新价值指数收益率×100%,Tushare fund_basic.benchmark + index_basic,2026-09-04 10:05:42,True,20250407,20260903,346,1.46,9295563.0,12718054.499999996,14027630.766666668,10004.91,146071686.0,,0,1.0,9295.563,20250320,20260903
560630.SH,万家中证机器人ETF,SH,20250401,,20250319,万家基金管理有限公司,L,,中证机器人,中证指数有限公司,RULE_BASED,,EQUITY,True,True,False,True,True,,L5_RULE,中证机器人,中证机器人指数收益率×100%,Tushare fund_basic.benchmark + index_basic,2026-09-04 10:05:42,True,20250401,20260903,349,1.083,4411253.0,9086824.05,13293049.583333334,15239.4,165042702.0,,0,1.0,4411.253,20250331,20260903
589060.SH,东财上证科创板综合价格ETF,SH,20250327,,20250319,东财基金管理有限公司,L,,上证科创板综合价格,中证指数有限公司/上海证券交易所,RULE_BASED,,EQUITY,True,True,False,True,True,,L5_RULE,上证科创板综合价格,上证科创板综合价格指数收益率×100%,Tushare fund_basic.benchmark + index_basic,2026-09-04 10:05:42,True,20250327,20260903,352,1.611,2435302.0,6398037.1,9084950.683333334,8213.79,132324156.90000002,,0,1.0,2435.302,20250326,20260903
588770.SH,摩根上证科创板新一代信息技术ETF,SH,20250324,,20250314,摩根基金管理(中国)有限公司,L,,上证科创板新一代信息技术,中证指数有限公司/上海证券交易所,RULE_BASED,,EQUITY,True,True,False,True,True,,L5_RULE,上证科创板新一代信息技术,上证科创板新一代信息技术指数收益率×100%,Tushare fund_basic.benchmark + index_basic,2026-09-04 10:05:42,True,20250324,20260903,355,1.79,6421087.0,12979628.35,24205344.45,31159.71,557758809.0,,0,1.0,6421.087,20250323,20260903
159368.SZ,华夏创业板新能源ETF,SZ,20250324,,20250314,华夏基金管理有限公司,L,,创业板新能源,深圳证券信息有限公司,RULE_BASED,,EQUITY,True,True,False,False,True,,L5_RULE,创业板新能源,创业板新能源指数收益率×100%,Tushare fund_basic.benchmark + index_basic,2026-09-04 10:05:42,True,20250324,20260903,355,0.637,158321804.20000002,169494862.53500003,203352010.70166662,94457.9682,601697257.434,,0,2.0,158321.8042,20250323,20260903
159381.SZ,华夏创业板人工智能ETF,SZ,20250324,,20250314,华夏基金管理有限公司,L,970070.SZ,创业板人工智能,深圳证券信息有限公司、深圳证券交易所,INDEX_BASIC,主题指数,EQUITY,True,True,False,False,True,,L1_EX_EXACT,创业板人工智能,创业板人工智能指数收益率×100%,Tushare fund_basic.benchmark + index_basic,2026-09-04 10:05:42,True,20250324,20260903,355,1.137,301954644.2,475004970.13499993,585934812.3,177115.3206,2013801195.2220001,,0,1.9993,301954.6442,20250323,20260903
159209.SZ,招商中证全指红利质量ETF,SZ,20250325,,20250312,招商基金管理有限公司,L,,中证全指红利质量,中证指数有限公司,RULE_BASED,,EQUITY,True,True,False,True,True,,L5_RULE,中证全指红利质量,中证全指红利质量指数收益率×100%,Tushare fund_basic.benchmark + index_basic,2026-09-04 10:05:42,True,20250325,20260903,354,1.156,89195843.5,92955085.835,108914412.31333332,221163.5053,2556650121.2679996,,0,1.0371,89195.8435,20250324,20260903
588250.SH,鹏华上证科创板生物医药ETF,SH,20250321,,20250312,鹏华基金管理有限公司,L,399441.SZ,上证科创板生物医药,深圳证券信息有限公司,INDEX_BASIC,主题指数,EQUITY,True,True,False,False,True,,L2B_EX_REVSUB,上证科创板生物医药,上证科创板生物医药指数收益率×100%,Tushare fund_basic.benchmark + index_basic,2026-09-04 10:05:42,True,20250321,20260903,356,1.027,5383709.0,12385569.400000002,15273251.100000003,26967.5,276956225.0,,0,1.0,5383.709,20250320,20260903
159206.SZ,永赢国证商用卫星通信产业ETF,SZ,20250314,,20250306,永赢基金管理有限公司,L,980018.SZ,国证商用卫星通信产业,深圳证券信息有限公司,INDEX_BASIC,主题指数,EQUITY,True,True,False,False,True,,L2B_EX_REVSUB,国证商用卫星通信产业,国证商用卫星通信产业指数收益率×100%,Tushare fund_basic.benchmark + index_basic,2026-09-04 10:05:42,True,20250314,20260903,361,1.36,344756747.6,634224142.845,1078932392.5583332,948595.3365,12900896576.400002,,0,1.0,344756.7476,20250313,20260903
562810.SH,嘉实上证综合增强策略ETF,SH,20250313,,20250305,嘉实基金管理有限公司,L,,上证综合,中证指数有限公司/上海证券交易所,RULE_BASED,,EQUITY,True,False,False,True,False,NOT_PASSIVE,L5_RULE,上证综合,上证综合指数收益率×100%,Tushare fund_basic.benchmark + index_basic,2026-09-04 10:05:42,True,20250313,20260903,362,1.167,3808056.0,5894414.5,8515442.533333333,5045.1,58876317.0,,0,1.0122,3808.056,20250312,20260903
589520.SH,华宝上证科创板人工智能ETF,SH,20250313,,20250305,华宝基金管理有限公司,L,931071.CSI,上证科创板人工智能,中证指数有限公司,INDEX_BASIC,主题指数,EQUITY,True,True,False,True,True,,L2B_EX_REVSUB,上证科创板人工智能,上证科创板人工智能指数收益率×100%,Tushare fund_basic.benchmark + index_basic,2026-09-04 10:05:42,True,20250313,20260903,362,0.588,17413440.0,29727300.7,45474709.73333333,84310.46,495745504.8000001,,0,2.0,17413.44,20250312,20260903
589630.SH,国泰上证科创板综合ETF,SH,20250312,,20250304,国泰基金管理有限公司,L,,上证科创板综合,中证指数有限公司/上海证券交易所,RULE_BASED,,EQUITY,True,True,False,True,True,,L5_RULE,上证科创板综合,上证科创板综合指数收益率×100%,Tushare fund_basic.benchmark + index_basic,2026-09-04 10:05:42,True,20250312,20260903,363,0.762,23055420.0,27340766.3,29472998.316666666,34325.8,261562596.0,,0,2.0,23055.42,20250311,20260903
588660.SH,兴银中证科创创业50ETF,SH,20250317,,20250228,兴银基金管理有限责任公司,L,931643.CSI,中证科创创业50,中证指数有限公司,INDEX_BASIC,规模指数,EQUITY,True,True,False,True,True,,L2B_EX_REVSUB,中证科创创业50,中证科创创业50指数收益率×100%,Tushare fund_basic.benchmark + index_basic,2026-09-04 10:05:42,True,20250317,20260903,360,1.74,4929654.0,4741092.25,9073435.049999999,3934.4,68458560.0,,0,1.0,4929.654,20250316,20260903
589600.SH,富国上证科创板综合价格ETF,SH,20250307,,20250228,富国基金管理有限公司,L,,上证科创板综合价格,中证指数有限公司/上海证券交易所,RULE_BASED,,EQUITY,True,True,False,True,True,,L5_RULE,上证科创板综合价格,上证科创板综合价格指数收益率×100%,Tushare fund_basic.benchmark + index_basic,2026-09-04 10:05:42,True,20250307,20260903,366,1.538,18659069.0,17192340.1,17200424.183333334,22153.5,340720830.0,,0,1.0,18659.069,20250306,20260903
588840.SH,万家上证科创板50成份ETF,SH,20250310,,20250226,万家基金管理有限公司,L,,上证科创板50成份,中证指数有限公司/上海证券交易所,RULE_BASED,,EQUITY,True,True,False,True,True,,L5_RULE,上证科创板50成份,上证科创板50成份指数收益率×100%,Tushare fund_basic.benchmark + index_basic,2026-09-04 10:05:42,True,20250310,20260903,365,1.495,7547633.0,8156416.650000001,12576555.533333331,6123.6,91547820.0,,0,1.0,7547.633,20250309,20260903
589000.SH,华夏上证科创板综合ETF,SH,20250305,,20250226,华夏基金管理有限公司,L,,上证科创板综合,中证指数有限公司/上海证券交易所,RULE_BASED,,EQUITY,True,True,False,True,True,,L5_RULE,上证科创板综合,上证科创板综合指数收益率×100%,Tushare fund_basic.benchmark + index_basic,2026-09-04 10:05:42,True,20250305,20260903,368,1.534,89408324.0,89946786.55000001,126238531.33333331,106750.78,1637556965.2,,0,1.0,89408.324,20250304,20260903
589080.SH,汇添富上证科创板综合ETF,SH,20250305,,20250226,汇添富基金管理股份有限公司,L,,上证科创板综合,中证指数有限公司/上海证券交易所,RULE_BASED,,EQUITY,True,True,False,True,True,,L5_RULE,上证科创板综合,上证科创板综合指数收益率×100%,Tushare fund_basic.benchmark + index_basic,2026-09-04 10:05:42,True,20250305,20260903,368,1.528,34820035.0,44593908.85,40779912.95,14806.1,226237208.0,,0,1.0,34820.035,20250304,20260903
589660.SH,南方上证科创板综合ETF,SH,20250305,,20250226,南方基金管理股份有限公司,L,,上证科创板综合,中证指数有限公司/上海证券交易所,RULE_BASED,,EQUITY,True,True,False,True,True,,L5_RULE,上证科创板综合,上证科创板综合指数收益率×100%,Tushare fund_basic.benchmark + index_basic,2026-09-04 10:05:42,True,20250305,20260903,368,1.545,73686134.0,71637744.60000001,58078880.05,26553.0,410243850.0,,0,1.0,73686.134,20250304,20260903
589680.SH,鹏华上证科创板综合ETF,SH,20250305,,20250226,鹏华基金管理有限公司,L,,上证科创板综合,中证指数有限公司/上海证券交易所,RULE_BASED,,EQUITY,True,True,False,True,True,,L5_RULE,上证科创板综合,上证科创板综合指数收益率×100%,Tushare fund_basic.benchmark + index_basic,2026-09-04 10:05:42,True,20250305,20260903,368,1.491,138065088.0,170005976.29999998,166509229.31666666,140494.37,2094771056.7,,0,1.0,138065.088,20250304,20260903
589770.SH,招商上证科创板综合ETF,SH,20250305,,20250226,招商基金管理有限公司,L,,上证科创板综合,中证指数有限公司/上海证券交易所,RULE_BASED,,EQUITY,True,True,False,True,True,,L5_RULE,上证科创板综合,上证科创板综合指数收益率×100%,Tushare fund_basic.benchmark + index_basic,2026-09-04 10:05:42,True,20250305,20260903,368,1.557,10819626.0,20427177.799999997,22356711.233333334,15356.92,239107244.39999998,,0,1.0,10819.626,20250304,20260903
589860.SH,天弘上证科创板综合ETF,SH,20250305,,20250226,天弘基金管理有限公司,L,,上证科创板综合,中证指数有限公司/上海证券交易所,RULE_BASED,,EQUITY,True,True,False,True,True,,L5_RULE,上证科创板综合,上证科创板综合指数收益率×100%,Tushare fund_basic.benchmark + index_basic,2026-09-04 10:05:42,True,20250305,20260903,368,1.536,24272143.0,32440705.800000004,32257929.3,16222.4,249176064.0,,0,1.0,24272.143,20250304,20260903
589890.SH,景顺长城上证科创板综合价格ETF,SH,20250305,,20250226,景顺长城基金管理有限公司,L,,上证科创板综合价格,中证指数有限公司/上海证券交易所,RULE_BASED,,EQUITY,True,True,False,True,True,,L5_RULE,上证科创板综合价格,上证科创板综合价格指数收益率×100%,Tushare fund_basic.benchmark + index_basic,2026-09-04 10:05:42,True,20250305,20260903,368,1.534,3798047.0,5796438.0,8891591.483333334,8498.7,130370058.0,,0,1.0,3798.047,20250304,20260903
589900.SH,博时上证科创板综合ETF,SH,20250305,,20250226,博时基金管理有限公司,L,,上证科创板综合,中证指数有限公司/上海证券交易所,RULE_BASED,,EQUITY,True,True,False,True,True,,L5_RULE,上证科创板综合,上证科创板综合指数收益率×100%,Tushare fund_basic.benchmark + index_basic,2026-09-04 10:05:42,True,20250305,20260903,368,1.536,28206419.0,23202175.25,27960764.016666666,17390.82,267122995.20000002,,0,1.0,28206.419,20250304,20260903
589990.SH,华泰柏瑞上证科创板综合ETF,SH,20250305,,20250226,华泰柏瑞基金管理有限公司,L,,上证科创板综合,中证指数有限公司/上海证券交易所,RULE_BASED,,EQUITY,True,True,False,True,True,,L5_RULE,上证科创板综合,上证科创板综合指数收益率×100%,Tushare fund_basic.benchmark + index_basic,2026-09-04 10:05:42,True,20250305,20260903,368,1.603,5021409.0,8027400.299999999,10778691.833333334,11009.0,176474270.0,,0,1.0,5021.409,20250304,20260903
159393.SZ,万家沪深300ETF,SZ,20250310,,20250225,万家基金管理有限公司,L,000300.SH,沪深300,中证指数有限公司、上海证券交易所,INDEX_BASIC,规模指数,EQUITY,True,True,False,True,True,,L1_EX_EXACT,沪深300,沪深300指数收益率×100%,Tushare fund_basic.benchmark + index_basic,2026-09-04 10:05:42,True,20250310,20260903,365,4.906,19781081.099999998,24115731.055000003,32265406.081666667,8884.6342,435880153.852,,0,0.2553,19781.0811,20250309,20260903
589800.SH,易方达上证科创板综合ETF,SH,20250304,,20250225,易方达基金管理有限公司,L,,上证科创板综合,中证指数有限公司/上海证券交易所,RULE_BASED,,EQUITY,True,True,False,True,True,,L5_RULE,上证科创板综合,上证科创板综合指数收益率×100%,Tushare fund_basic.benchmark + index_basic,2026-09-04 10:05:42,True,20250304,20260903,369,1.546,76262212.0,89147896.25,125033708.36666667,111998.82,1731501757.2,,0,1.0,76262.212,20250303,20260903
589500.SH,工银瑞信上证科创板综合价格ETF,SH,20250303,,20250224,工银瑞信基金管理有限公司,L,,上证科创板综合价格,中证指数有限公司/上海证券交易所,RULE_BASED,,EQUITY,True,True,False,True,True,,L5_RULE,上证科创板综合价格,上证科创板综合价格指数收益率×100%,Tushare fund_basic.benchmark + index_basic,2026-09-04 10:05:42,True,20250303,20260903,370,1.557,6422840.0,7617789.0,11419142.183333335,8006.4,124659648.0,,0,1.0,6422.84,20250302,20260903
589880.SH,建信上证科创板综合ETF,SH,20250228,,20250220,建信基金管理有限责任公司,L,,上证科创板综合,中证指数有限公司/上海证券交易所,RULE_BASED,,EQUITY,True,True,False,True,True,,L5_RULE,上证科创板综合,上证科创板综合指数收益率×100%,Tushare fund_basic.benchmark + index_basic,2026-09-04 10:05:42,True,20250228,20260903,371,1.514,17910323.0,33255759.249999996,44590263.983333334,44999.6,681293944.0,,0,1.0,17910.323,20250220,20260903
159201.SZ,华夏国证自由现金流ETF,SZ,20250227,,20250219,华夏基金管理有限公司,L,980092.SZ,国证自由现金流,深圳证券信息有限公司,INDEX_BASIC,策略指数,EQUITY,True,True,False,False,True,,L2B_EX_REVSUB,国证自由现金流,国证自由现金流指数收益率×100%,Tushare fund_basic.benchmark + index_basic,2026-09-04 10:05:42,True,20250227,20260903,372,1.177,554538579.6,300864361.435,410596887.14666665,1384427.5939,16294712780.203001,,0,1.0,554538.5796,20250226,20260903
159399.SZ,国泰富时中国A股自由现金流聚焦ETF,SZ,20250227,,20250219,国泰基金管理有限公司,L,980092.SZ,富时中国A股自由现金流聚焦,深圳证券信息有限公司,INDEX_BASIC,策略指数,EQUITY,True,True,False,False,True,,L2B_EX_REVSUB,富时中国A股自由现金流聚焦,富时中国A股自由现金流聚焦指数(FTSEChinaAFreeCashFlowFocusIndex)收益率×100%,Tushare fund_basic.benchmark + index_basic,2026-09-04 10:05:42,True,20250227,20260903,372,1.006,146984576.0,166018810.02499998,176590077.0233333,436719.4835,4393398004.01,,0,1.047,146984.576,20250226,20260903
588240.SH,鹏华上证科创板200ETF,SH,20250225,,20250213,鹏华基金管理有限公司,L,,上证科创板200,中证指数有限公司/上海证券交易所,RULE_BASED,,EQUITY,True,True,False,True,True,,L5_RULE,上证科创板200,上证科创板200指数收益率×100%,Tushare fund_basic.benchmark + index_basic,2026-09-04 10:05:42,True,20250225,20260903,374,1.626,70241317.0,62396711.5,51353520.61666666,11963.3,194523258.0,,0,1.0,70241.317,20250224,20260903
588960.SH,富国上证科创板新能源ETF,SH,20250219,,20250206,富国基金管理有限公司,L,,上证科创板新能源,中证指数有限公司/上海证券交易所,RULE_BASED,,EQUITY,True,True,False,True,True,,L5_RULE,上证科创板新能源,上证科创板新能源指数收益率×100%,Tushare fund_basic.benchmark + index_basic,2026-09-04 10:05:42,True,20250219,20260903,378,1.078,7760163.0,7843026.7,15511491.716666665,14357.98,154779024.4,,0,1.0,7760.163,20250218,20260903
159383.SZ,华泰柏瑞创业板50ETF,SZ,20250214,,20250205,华泰柏瑞基金管理有限公司,L,399673.SZ,创业板50,深圳证券信息有限公司、深圳证券交易所,INDEX_BASIC,规模指数,EQUITY,True,True,False,False,True,,L1_EX_EXACT,创业板50,创业板50指数收益率×100%,Tushare fund_basic.benchmark + index_basic,2026-09-04 10:05:42,True,20250214,20260903,381,1.627,8437015.9,9632414.385,11295460.256666668,5109.2486,83127474.722,,0,1.0,8437.0159,20250213,20260903
159367.SZ,华夏创业板50ETF,SZ,20250214,,20250124,华夏基金管理有限公司,L,399673.SZ,创业板50,深圳证券信息有限公司、深圳证券交易所,INDEX_BASIC,规模指数,EQUITY,True,True,False,False,True,,L1_EX_EXACT,创业板50,创业板50指数收益率×100%,Tushare fund_basic.benchmark + index_basic,2026-09-04 10:05:42,True,20250214,20260903,380,1.639,14991508.9,19267972.310000002,24441301.81333334,18007.9029,295149528.531,,0,1.0,14991.5089,20250213,20260903
159371.SZ,富国创业板50ETF,SZ,20250212,,20250124,富国基金管理有限公司,L,399673.SZ,创业板50,深圳证券信息有限公司、深圳证券交易所,INDEX_BASIC,规模指数,EQUITY,True,True,False,False,True,,L1_EX_EXACT,创业板50,创业板50指数收益率×100%,Tushare fund_basic.benchmark + index_basic,2026-09-04 10:05:42,True,20250212,20260903,383,1.631,9354310.4,9075151.245,11214517.966666665,18622.1172,303726731.532,,0,1.0,9354.3104,20250211,20260903
159386.SZ,永赢中证A500ETF,SZ,20250211,,20250124,永赢基金管理有限公司,L,000510.SH,中证A500,中证指数有限公司,INDEX_BASIC,规模指数,EQUITY,True,True,False,True,True,,L1_EX_EXACT,中证A500,中证A500指数收益率×100%,Tushare fund_basic.benchmark + index_basic,2026-09-04 10:05:42,True,20250211,20260903,384,1.266,10418225.8,12388036.2,20762660.939999994,5786.9559,73262861.694,,0,1.0,10418.2258,20250210,20260903
159373.SZ,嘉实创业板50ETF,SZ,20250210,,20250123,嘉实基金管理有限公司,L,399673.SZ,创业板50,深圳证券信息有限公司、深圳证券交易所,INDEX_BASIC,规模指数,EQUITY,True,True,False,False,True,,L1_EX_EXACT,创业板50,创业板50指数收益率×100%,Tushare fund_basic.benchmark + index_basic,2026-09-04 10:05:42,True,20250210,20260903,385,1.664,14795576.7,34625739.74499999,48071373.986666664,14255.7494,237215670.016,,0,1.0,14795.5767,20250209,20260903
563860.SH,海富通中证A500ETF,SH,20250212,,20250122,海富通基金管理有限公司,L,000510.SH,中证A500,中证指数有限公司,INDEX_BASIC,规模指数,EQUITY,True,True,False,True,True,,L1_EX_EXACT,中证A500,中证A500指数收益率×100%,Tushare fund_basic.benchmark + index_basic,2026-09-04 10:05:42,True,20250212,20260903,383,1.29,19801019.0,25387420.049999997,29852926.300000004,18284.43,235869147.0,,0,1.0,19801.019,20250211,20260903
560750.SH,申万菱信中证A500ETF,SH,20250207,,20250122,申万菱信基金管理有限公司,L,000510.SH,中证A500,中证指数有限公司,INDEX_BASIC,规模指数,EQUITY,True,True,False,True,True,,L1_EX_EXACT,中证A500,中证A500指数收益率×100%,Tushare fund_basic.benchmark + index_basic,2026-09-04 10:05:42,True,20250207,20260903,386,1.318,3208037.0,5667651.05,8580060.2,7855.48,103535226.4,,0,1.0,3208.037,20250206,20260903
159336.SZ,融通中证诚通央企红利ETF,SZ,20250212,,20250122,融通基金管理有限公司,L,,中证诚通央企红利,中证指数有限公司,RULE_BASED,,EQUITY,True,True,False,True,True,,L5_RULE,中证诚通央企红利,中证诚通央企红利指数收益率×100%,Tushare fund_basic.benchmark + index_basic,2026-09-04 10:05:42,True,20250212,20260903,383,1.231,3138248.0,4975127.78,9660643.080000002,30490.509,375338165.79,,0,1.0271,3138.248,20250211,20260903
588870.SH,汇添富上证科创板50成份ETF,SH,20250127,,20250120,汇添富基金管理股份有限公司,L,,上证科创板50成份,中证指数有限公司/上海证券交易所,RULE_BASED,,EQUITY,True,True,False,True,True,,L5_RULE,上证科创板50成份,上证科创板50成份指数收益率×100%,Tushare fund_basic.benchmark + index_basic,2026-09-04 10:05:42,True,20250127,20260903,389,1.639,155094566.0,122486027.44999997,144177022.83333334,85755.2,1405527728.0,,0,1.0,155094.566,20250126,20260903
530800.SH,银华上证180ETF,SH,20250127,,20250117,银华基金管理股份有限公司,L,000010.SH,上证180,中证指数有限公司、上海证券交易所,INDEX_BASIC,规模指数,EQUITY,True,True,False,True,True,,L1_EX_EXACT,上证180,上证180指数收益率×100%,Tushare fund_basic.benchmark + index_basic,2026-09-04 10:05:42,True,20250127,20260903,389,1.204,1253154.0,1439534.7,2076552.6666666665,1820.18,21914967.2,,0,1.0,1253.154,20250126,20260903
588730.SH,易方达上证科创板人工智能ETF,SH,20250124,,20250116,易方达基金管理有限公司,L,931071.CSI,上证科创板人工智能,中证指数有限公司,INDEX_BASIC,主题指数,EQUITY,True,True,False,True,True,,L2B_EX_REVSUB,上证科创板人工智能,上证科创板人工智能指数收益率×100%,Tushare fund_basic.benchmark + index_basic,2026-09-04 10:05:42,True,20250124,20260903,390,1.463,46418724.0,87039761.30000001,148775064.16666663,72439.63,1059791786.9000001,,0,1.0,46418.724,20250123,20260903
530280.SH,平安上证180ETF,SH,20250124,,20250115,平安基金管理有限公司,L,000010.SH,上证180,中证指数有限公司、上海证券交易所,INDEX_BASIC,规模指数,EQUITY,True,True,False,True,True,,L1_EX_EXACT,上证180,上证180指数收益率×100%,Tushare fund_basic.benchmark + index_basic,2026-09-04 10:05:42,True,20250124,20260903,390,1.203,3855.0,229363.59999999998,328899.7833333333,2993.4,36010602.0,,0,1.0,3.855,20250123,20260903
588760.SH,广发上证科创板人工智能ETF,SH,20250123,,20250115,广发基金管理有限公司,L,931071.CSI,上证科创板人工智能,中证指数有限公司,INDEX_BASIC,主题指数,EQUITY,True,True,False,True,True,,L2B_EX_REVSUB,上证科创板人工智能,上证科创板人工智能指数收益率×100%,Tushare fund_basic.benchmark + index_basic,2026-09-04 10:05:42,True,20250123,20260903,391,0.74,108624862.0,160666754.05,265173488.01666668,243753.2,1803773680.0,,0,2.0,108624.862,20250122,20260903
588950.SH,景顺长城上证科创板50成份ETF,SH,20250124,,20250115,景顺长城基金管理有限公司,L,,上证科创板50成份,中证指数有限公司/上海证券交易所,RULE_BASED,,EQUITY,True,True,False,True,True,,L5_RULE,上证科创板50成份,上证科创板50成份指数收益率×100%,Tushare fund_basic.benchmark + index_basic,2026-09-04 10:05:42,True,20250124,20260903,390,1.688,84889547.0,76631637.10000001,90053750.30000001,71372.97,1204775733.6,,0,1.0,84889.547,20250123,20260903
561880.SH,华富中证A100ETF,SH,20250124,,20250115,华富基金管理有限公司,L,000903.SH,中证A100,中证指数有限公司,INDEX_BASIC,规模指数,EQUITY,True,True,False,True,True,,L1_EX_EXACT,中证A100,中证A100指数收益率×100%,Tushare fund_basic.benchmark + index_basic,2026-09-04 10:05:42,True,20250124,20260903,390,1.255,6397233.0,2543728.8,3803505.2166666663,8638.9,108418194.99999999,,0,1.0183,6397.233,20250123,20260903
512080.SH,中金中证A500ETF,SH,20250121,,20250114,中金基金管理有限公司,L,000510.SH,中证A500,中证指数有限公司,INDEX_BASIC,规模指数,EQUITY,True,True,False,True,True,,L1_EX_EXACT,中证A500,中证A500指数收益率×100%,Tushare fund_basic.benchmark + index_basic,2026-09-04 10:05:42,True,20250121,20260903,393,1.287,19754831.0,47230249.95,34986058.033333324,77618.61,998951510.6999999,,0,1.0,19754.831,20250120,20260903
159370.SZ,工银瑞信创业板50ETF,SZ,20250120,,20250110,工银瑞信基金管理有限公司,L,399673.SZ,创业板50,深圳证券信息有限公司、深圳证券交易所,INDEX_BASIC,规模指数,EQUITY,True,True,False,False,True,,L1_EX_EXACT,创业板50,创业板50指数收益率×100%,Tushare fund_basic.benchmark + index_basic,2026-09-04 10:05:42,True,20250120,20260903,394,1.726,2914372.9,6443840.6450000005,9185064.063333333,23431.6009,404429431.534,,0,1.0,2914.3729,20250119,20260903
159379.SZ,融通中证A500ETF,SZ,20250123,,20250109,融通基金管理有限公司,L,000510.SH,中证A500,中证指数有限公司,INDEX_BASIC,规模指数,EQUITY,True,True,False,True,True,,L1_EX_EXACT,中证A500,中证A500指数收益率×100%,Tushare fund_basic.benchmark + index_basic,2026-09-04 10:05:42,True,20250123,20260903,391,1.345,678831.2,2196504.955,2771554.4433333334,15882.1471,213614878.495,,0,1.0,678.8312,20250122,20260903
530080.SH,天弘上证180ETF,SH,20250123,,20250108,天弘基金管理有限公司,L,000010.SH,上证180,中证指数有限公司、上海证券交易所,INDEX_BASIC,规模指数,EQUITY,True,True,False,True,True,,L1_EX_EXACT,上证180,上证180指数收益率×100%,Tushare fund_basic.benchmark + index_basic,2026-09-04 10:05:42,True,20250123,20260903,391,1.234,5436495.0,5983934.65,6881822.983333332,2491.7,30747578.0,,0,1.0,5436.495,20250122,20260903
588930.SH,银华上证科创板人工智能ETF,SH,20250114,,20250106,银华基金管理股份有限公司,L,931071.CSI,上证科创板人工智能,中证指数有限公司,INDEX_BASIC,主题指数,EQUITY,True,True,False,True,True,,L2B_EX_REVSUB,上证科创板人工智能,上证科创板人工智能指数收益率×100%,Tushare fund_basic.benchmark + index_basic,2026-09-04 10:05:42,True,20250114,20260903,398,1.531,20207269.0,43930808.9,72072928.26666667,61732.9,945130699.0,,0,1.0,20207.269,20250113,20260903
159378.SZ,永赢国证通用航空产业ETF,SZ,20250110,,20250102,永赢基金管理有限公司,L,,国证通用航空产业,深圳证券信息有限公司,RULE_BASED,,EQUITY,True,True,False,False,True,,L5_RULE,国证通用航空产业,国证通用航空产业指数收益率×100%,Tushare fund_basic.benchmark + index_basic,2026-09-04 10:05:42,True,20250110,20260903,400,1.033,24257027.7,26542014.77,30912613.78333333,55477.1072,573078517.3759999,,0,1.0,24257.0277,20250109,20260903
588790.SH,博时上证科创板人工智能ETF,SH,20250109,,20241231,博时基金管理有限公司,L,931071.CSI,上证科创板人工智能,中证指数有限公司,INDEX_BASIC,主题指数,EQUITY,True,True,False,True,True,,L2B_EX_REVSUB,上证科创板人工智能,上证科创板人工智能指数收益率×100%,Tushare fund_basic.benchmark + index_basic,2026-09-04 10:05:42,True,20250109,20260903,401,0.782,120171128.0,214976052.29999995,333775579.09999996,328938.4,2572298288.0,,0,1.9985,120171.128,20241231,20260903
530300.SH,华泰柏瑞上证180ETF,SH,20250110,,20241230,华泰柏瑞基金管理有限公司,L,000010.SH,上证180,中证指数有限公司、上海证券交易所,INDEX_BASIC,规模指数,EQUITY,True,True,False,True,True,,L1_EX_EXACT,上证180,上证180指数收益率×100%,Tushare fund_basic.benchmark + index_basic,2026-09-04 10:05:42,True,20250110,20260903,400,1.236,654359.0,2332485.7999999993,4885432.499999999,3364.3,41582748.0,,0,1.0,654.359,20250109,20260903
530580.SH,南方上证180ETF,SH,20250108,,20241230,南方基金管理股份有限公司,L,000010.SH,上证180,中证指数有限公司、上海证券交易所,INDEX_BASIC,规模指数,EQUITY,True,True,False,True,True,,L1_EX_EXACT,上证180,上证180指数收益率×100%,Tushare fund_basic.benchmark + index_basic,2026-09-04 10:05:42,True,20250108,20260903,402,1.171,8367847.0,15010919.5,14091762.633333333,5314.9,62237479.0,,0,1.0,8367.847,20250107,20260903
588810.SH,富国上证科创板芯片ETF,SH,20250109,,20241230,富国基金管理有限公司,L,,上证科创板芯片,中证指数有限公司/上海证券交易所,RULE_BASED,,EQUITY,True,True,False,True,True,,L5_RULE,上证科创板芯片,上证科创板芯片指数收益率×100%,Tushare fund_basic.benchmark + index_basic,2026-09-04 10:05:42,True,20250109,20260903,401,2.436,302829574.0,134508826.1,153849806.71666667,90032.4,2193189264.0,,0,1.0,302829.574,20250108,20260903
159375.SZ,国泰创业板50ETF,SZ,20250110,,20241230,国泰基金管理有限公司,L,399673.SZ,创业板50,深圳证券信息有限公司、深圳证券交易所,INDEX_BASIC,规模指数,EQUITY,True,True,False,False,True,,L1_EX_EXACT,创业板50,创业板50指数收益率×100%,Tushare fund_basic.benchmark + index_basic,2026-09-04 10:05:42,True,20250110,20260903,400,0.698,12806274.0,16419735.529999997,17373454.10333333,38559.535,269145554.3,,0,2.4989,12806.274,20250109,20260903
159376.SZ,浦银中证A500ETF,SZ,20250113,,20241230,浦银基金管理有限公司,L,000510.SH,中证A500,中证指数有限公司,INDEX_BASIC,规模指数,EQUITY,True,True,False,True,True,,L1_EX_EXACT,中证A500,中证A500指数收益率×100%,Tushare fund_basic.benchmark + index_basic,2026-09-04 10:05:42,True,20250113,20260903,399,1.306,3369395.4,3910805.8899999997,7671681.791666666,4592.2317,59974546.002000004,,0,1.0,3369.3954,20250112,20260903
159380.SZ,东财中证A500ETF,SZ,20250108,,20241230,东财基金管理有限公司,L,000510.SH,中证A500,中证指数有限公司,INDEX_BASIC,规模指数,EQUITY,True,True,False,True,True,,L1_EX_EXACT,中证A500,中证A500指数收益率×100%,Tushare fund_basic.benchmark + index_basic,2026-09-04 10:05:42,True,20250108,20260903,402,1.34,3811855.8,9830942.025,12170779.925,15780.4337,211457811.58,,0,1.0,3811.8558,20250107,20260903
530680.SH,兴业上证180ETF,SH,20250108,,20241225,兴业基金管理有限公司,L,000010.SH,上证180,中证指数有限公司、上海证券交易所,INDEX_BASIC,规模指数,EQUITY,True,True,False,True,True,,L1_EX_EXACT,上证180,上证180指数收益率×100%,Tushare fund_basic.benchmark + index_basic,2026-09-04 10:05:42,True,20250108,20260903,402,1.169,697070.0,2741952.5500000003,6550510.666666667,10689.19,124956631.10000001,,0,1.0156,697.07,20250107,20260903
510040.SH,鹏华上证180ETF,SH,20250106,,20241225,鹏华基金管理有限公司,L,000010.SH,上证180,中证指数有限公司、上海证券交易所,INDEX_BASIC,规模指数,EQUITY,True,True,False,True,True,,L1_EX_EXACT,上证180,上证180指数收益率×100%,Tushare fund_basic.benchmark + index_basic,2026-09-04 10:05:42,True,20250106,20260903,404,1.163,748019.0,2023765.9,4018471.5166666666,2648.0,30796240.0,,0,1.0,748.019,20250105,20260903
560190.SH,鹏华中证全指公用事业ETF,SH,20250106,,20241225,鹏华基金管理有限公司,L,,中证全指公用事业,中证指数有限公司,RULE_BASED,,EQUITY,True,True,False,True,True,,L5_RULE,中证全指公用事业,中证全指公用事业指数收益率×100%,Tushare fund_basic.benchmark + index_basic,2026-09-04 10:05:42,True,20250106,20260903,404,1.025,575727.0,453222.70000000007,993374.3833333333,2683.4,27504849.999999996,,0,1.0,575.727,20250105,20260903
588820.SH,华夏上证科创板200ETF,SH,20250106,,20241223,华夏基金管理有限公司,L,,上证科创板200,中证指数有限公司/上海证券交易所,RULE_BASED,,EQUITY,True,True,False,True,True,,L5_RULE,上证科创板200,上证科创板200指数收益率×100%,Tushare fund_basic.benchmark + index_basic,2026-09-04 10:05:42,True,20250106,20260903,404,1.891,19938447.0,24774797.000000004,29357455.016666666,15140.0,286297400.0,,0,1.0,19938.447,20250105,20260903
560380.SH,南方中证A100ETF,SH,20241227,,20241219,南方基金管理股份有限公司,L,000903.SH,中证A100,中证指数有限公司,INDEX_BASIC,规模指数,EQUITY,True,True,False,True,True,,L1_EX_EXACT,中证A100,中证A100指数收益率×100%,Tushare fund_basic.benchmark + index_basic,2026-09-04 10:05:42,True,20241227,20260903,409,1.242,7953014.0,9247061.3,11380463.966666667,14086.1,174949362.0,,0,1.0,7953.014,20241226,20260903
530180.SH,易方达上证180ETF,SH,20241226,,20241218,易方达基金管理有限公司,L,000010.SH,上证180,中证指数有限公司、上海证券交易所,INDEX_BASIC,规模指数,EQUITY,True,True,False,True,True,,L1_EX_EXACT,上证180,上证180指数收益率×100%,Tushare fund_basic.benchmark + index_basic,2026-09-04 10:05:42,True,20241226,20260903,410,1.201,9534142.0,7539167.349999999,8994924.666666666,5795.2,69600352.0,,0,1.0,9534.142,20241225,20260903
588750.SH,汇添富上证科创板芯片ETF,SH,20241226,,20241218,汇添富基金管理股份有限公司,L,,上证科创板芯片,中证指数有限公司/上海证券交易所,RULE_BASED,,EQUITY,True,True,False,True,True,,L5_RULE,上证科创板芯片,上证科创板芯片指数收益率×100%,Tushare fund_basic.benchmark + index_basic,2026-09-04 10:05:42,True,20241226,20260903,410,2.274,187393735.0,270370881.1,447288885.0,324422.8,7377374472.0,,0,1.0,187393.735,20241225,20260903
588230.SH,华泰柏瑞上证科创板200ETF,SH,20241224,,20241216,华泰柏瑞基金管理有限公司,L,,上证科创板200,中证指数有限公司/上海证券交易所,RULE_BASED,,EQUITY,True,True,False,True,True,,L5_RULE,上证科创板200,上证科创板200指数收益率×100%,Tushare fund_basic.benchmark + index_basic,2026-09-04 10:05:42,True,20241224,20260903,412,1.765,129970464.0,124120289.60000002,127581005.60000001,73493.9,1297167335.0,,0,1.0,129970.464,20241223,20260903
588780.SH,国联安上证科创板芯片设计主题ETF,SH,20241226,,20241211,国联安基金管理有限公司,L,932040.CSI,上证科创板芯片设计主题,中证指数有限公司,INDEX_BASIC,主题指数,EQUITY,True,True,False,True,True,,L2B_EX_REVSUB,上证科创板芯片设计主题,上证科创板芯片设计主题指数收益率×100%,Tushare fund_basic.benchmark + index_basic,2026-09-04 10:05:42,True,20241226,20260903,410,0.967,150202507.0,196184828.60000002,276743683.68333334,103190.2,997849234.0,,0,2.0,150202.507,20241225,20260903
159363.SZ,华宝创业板人工智能ETF,SZ,20241216,,20241206,华宝基金管理有限公司,L,970070.SZ,创业板人工智能,深圳证券信息有限公司、深圳证券交易所,INDEX_BASIC,主题指数,EQUITY,True,True,False,False,True,,L1_EX_EXACT,创业板人工智能,创业板人工智能指数收益率×100%,Tushare fund_basic.benchmark + index_basic,2026-09-04 10:05:42,True,20241216,20260903,418,1.2,783117537.6999999,1229782926.915,1426160313.0016665,576816.9924,6921803908.8,,0,1.9983,783117.5377,20241215,20260903
560810.SH,融通中证诚通央企ESGETF,SH,20241209,,20241125,融通基金管理有限公司,L,931243.CSI,中证诚通央企ESG,中证指数有限公司,INDEX_BASIC,主题指数,EQUITY,True,True,False,True,True,,L2B_EX_REVSUB,中证诚通央企ESG,中证诚通央企ESG指数收益率×100%,Tushare fund_basic.benchmark + index_basic,2026-09-04 10:05:42,True,20241209,20260903,423,1.272,614717.0,502395.15000000014,1119579.95,18111.6,230379552.0,,0,1.0,614.717,20241208,20260903
159355.SZ,华宝中证800红利低波动ETF,SZ,20241203,,20241125,华宝基金管理有限公司,L,,中证800红利低波动,中证指数有限公司,RULE_BASED,,EQUITY,True,True,False,True,True,,L5_RULE,中证800红利低波动,中证800红利低波动指数收益率×100%,Tushare fund_basic.benchmark + index_basic,2026-09-04 10:05:42,True,20241203,20260903,427,1.054,4284609.8,1787971.805,2416301.623333333,8623.4277,90890927.958,,0,1.041,4284.6098,20241202,20260903
563500.SH,华宝中证A500ETF,SH,20241202,,20241122,华宝基金管理有限公司,L,000510.SH,中证A500,中证指数有限公司,INDEX_BASIC,规模指数,EQUITY,True,True,False,True,True,,L1_EX_EXACT,中证A500,中证A500指数收益率×100%,Tushare fund_basic.benchmark + index_basic,2026-09-04 10:05:42,True,20241202,20260903,428,0.625,11744578.0,12647312.05,21265787.816666663,76595.87,478724187.5,,0,2.1067,11744.578,20241201,20260903
159356.SZ,万家中证A500ETF,SZ,20241206,,20241122,万家基金管理有限公司,L,000510.SH,中证A500,中证指数有限公司,INDEX_BASIC,规模指数,EQUITY,True,True,False,True,True,,L1_EX_EXACT,中证A500,中证A500指数收益率×100%,Tushare fund_basic.benchmark + index_basic,2026-09-04 10:05:42,True,20241206,20260903,424,1.28,56694776.1,49892139.24999999,66499489.30666667,72512.0647,928154428.16,,0,1.0,56694.7761,20241205,20260903
159358.SZ,大成中证A500ETF,SZ,20241129,,20241122,大成基金管理有限公司,L,000510.SH,中证A500,中证指数有限公司,INDEX_BASIC,规模指数,EQUITY,True,True,False,True,True,,L1_EX_EXACT,中证A500,中证A500指数收益率×100%,Tushare fund_basic.benchmark + index_basic,2026-09-04 10:05:42,True,20241129,20260903,429,1.303,63083545.5,85417345.38500002,83573312.58833332,87210.642,1136354665.26,,0,1.0,63083.5455,20241128,20260903
159357.SZ,博时中证A500ETF,SZ,20241128,,20241121,博时基金管理有限公司,L,000510.SH,中证A500,中证指数有限公司,INDEX_BASIC,规模指数,EQUITY,True,True,False,True,True,,L1_EX_EXACT,中证A500,中证A500指数收益率×100%,Tushare fund_basic.benchmark + index_basic,2026-09-04 10:05:42,True,20241128,20260903,430,1.271,14005824.1,23787581.884999998,24931429.711666666,122283.3841,1554221811.9109998,,0,1.0078,14005.8241,20241127,20260903
512020.SH,鹏华中证A500ETF,SH,20241202,,20241121,鹏华基金管理有限公司,L,000510.SH,中证A500,中证指数有限公司,INDEX_BASIC,规模指数,EQUITY,True,True,False,True,True,,L1_EX_EXACT,中证A500,中证A500指数收益率×100%,Tushare fund_basic.benchmark + index_basic,2026-09-04 10:05:42,True,20241202,20260903,428,1.278,81028180.0,82447499.2,79059110.71666665,110901.27,1417318230.6000001,,0,1.0,81028.18,20241201,20260903
159360.SZ,天弘中证A500ETF,SZ,20241128,,20241120,天弘基金管理有限公司,L,000510.SH,中证A500,中证指数有限公司,INDEX_BASIC,规模指数,EQUITY,True,True,False,True,True,,L1_EX_EXACT,中证A500,中证A500指数收益率×100%,Tushare fund_basic.benchmark + index_basic,2026-09-04 10:05:42,True,20241128,20260903,430,1.3,42725497.8,54386257.98000001,57045500.26166667,127718.4526,1660339883.8,,0,1.0,42725.4978,20241127,20260903
159359.SZ,华安中证A500ETF,SZ,20241202,,20241119,华安基金管理有限公司,L,000510.SH,中证A500,中证指数有限公司,INDEX_BASIC,规模指数,EQUITY,True,True,False,True,True,,L1_EX_EXACT,中证A500,中证A500指数收益率×100%,Tushare fund_basic.benchmark + index_basic,2026-09-04 10:05:42,True,20241202,20260903,428,1.261,29346397.799999997,34593291.7,37645442.52833333,68014.0424,857657074.6639999,,0,1.0,29346.3978,20241201,20260903
159362.SZ,工银瑞信中证A500ETF,SZ,20241202,,20241119,工银瑞信基金管理有限公司,L,000510.SH,中证A500,中证指数有限公司,INDEX_BASIC,规模指数,EQUITY,True,True,False,True,True,,L1_EX_EXACT,中证A500,中证A500指数收益率×100%,Tushare fund_basic.benchmark + index_basic,2026-09-04 10:05:42,True,20241202,20260903,428,1.291,63834764.8,36385063.61,51536500.40833333,161618.0191,2086488626.5809999,,0,1.0069,63834.7648,20241201,20260903
530050.SH,东财上证50ETF,SH,20241204,,20241118,东财基金管理有限公司,L,000016.SH,上证50,中证指数有限公司、上海证券交易所,INDEX_BASIC,规模指数,EQUITY,True,True,False,True,True,,L1_EX_EXACT,上证50,上证50指数收益率×100%,Tushare fund_basic.benchmark + index_basic,2026-09-04 10:05:42,True,20241204,20260903,426,1.191,3666647.0,5595781.2,6475258.066666666,12581.3,149843283.0,,0,1.0,3666.647,20241203,20260903
563880.SH,汇添富中证A500ETF,SH,20241125,,20241118,汇添富基金管理股份有限公司,L,000510.SH,中证A500,中证指数有限公司,INDEX_BASIC,规模指数,EQUITY,True,True,False,True,True,,L1_EX_EXACT,中证A500,中证A500指数收益率×100%,Tushare fund_basic.benchmark + index_basic,2026-09-04 10:05:42,True,20241125,20260903,433,1.244,117877524.0,111314055.40000002,128309509.0,155599.64,1935659521.6000004,,0,1.0,117877.524,20241124,20260903
159361.SZ,易方达中证A500ETF,SZ,20241119,,20241112,易方达基金管理有限公司,L,000510.SH,中证A500,中证指数有限公司,INDEX_BASIC,规模指数,EQUITY,True,True,False,True,True,,L1_EX_EXACT,中证A500,中证A500指数收益率×100%,Tushare fund_basic.benchmark + index_basic,2026-09-04 10:05:42,True,20241119,20260903,437,1.227,1287057738.3999999,1430485088.9399998,1597863455.8016665,2325209.0279,28530314772.333004,,0,1.0,1287057.7384,20241118,20260903
563800.SH,广发中证A500ETF,SH,20241118,,20241111,广发基金管理有限公司,L,000510.SH,中证A500,中证指数有限公司,INDEX_BASIC,规模指数,EQUITY,True,True,False,True,True,,L1_EX_EXACT,中证A500,中证A500指数收益率×100%,Tushare fund_basic.benchmark + index_basic,2026-09-04 10:05:42,True,20241118,20260903,438,1.202,376058667.0,386939475.85,438826086.71666664,899897.81,10816771676.199999,,0,1.0,376058.667,20241117,20260903
563520.SH,永赢沪深300ETF,SH,20241118,,20241108,永赢基金管理有限公司,L,000300.SH,沪深300,中证指数有限公司、上海证券交易所,INDEX_BASIC,规模指数,EQUITY,True,True,False,True,True,,L1_EX_EXACT,沪深300,沪深300指数收益率×100%,Tushare fund_basic.benchmark + index_basic,2026-09-04 10:05:42,True,20241118,20260903,438,1.188,17950055.0,20274299.299999997,25598525.099999994,43906.5,521609220.0,,0,1.0,17950.055,20241117,20260903
512050.SH,华夏中证A500ETF,SH,20241115,,20241108,华夏基金管理有限公司,L,000510.SH,中证A500,中证指数有限公司,INDEX_BASIC,规模指数,EQUITY,True,True,False,True,True,,L1_EX_EXACT,中证A500,中证A500指数收益率×100%,Tushare fund_basic.benchmark + index_basic,2026-09-04 10:05:42,True,20241115,20260903,439,1.199,1230694565.0,1467587792.2500002,1766547372.5833333,1615699.22,19372233647.8,,0,1.0,1230694.565,20241114,20260903
159328.SZ,易方达中证家电龙头ETF,SZ,20241115,,20241107,易方达基金管理有限公司,L,931021.CSI,中证家电龙头,中证指数有限公司,INDEX_BASIC,主题指数,EQUITY,True,True,False,True,True,,L2B_EX_REVSUB,中证家电龙头,中证家电龙头指数收益率×100%,Tushare fund_basic.benchmark + index_basic,2026-09-04 10:05:42,True,20241115,20260903,439,1.058,7167871.0,3939627.985,4085429.9483333337,9155.67,96866988.60000001,,0,1.0,7167.871,20241114,20260903
588070.SH,万家上证科创板成长ETF,SH,20241114,,20241106,万家基金管理有限公司,L,,上证科创板成长,中证指数有限公司/上海证券交易所,RULE_BASED,,EQUITY,True,True,False,True,True,,L5_RULE,上证科创板成长,上证科创板成长指数收益率×100%,Tushare fund_basic.benchmark + index_basic,2026-09-04 10:05:42,True,20241114,20260903,440,2.154,10943907.0,14281148.150000002,10838113.183333334,4043.7,87101298.0,,0,1.0,10943.907,20241113,20260903
159325.SZ,南方中证半导体行业精选ETF,SZ,20241108,,20241031,南方基金管理股份有限公司,L,,中证半导体行业精选,中证指数有限公司,RULE_BASED,,EQUITY,True,True,False,True,True,,L5_RULE,中证半导体行业精选,中证半导体行业精选指数收益率×100%,Tushare fund_basic.benchmark + index_basic,2026-09-04 10:05:42,True,20241108,20260903,444,2.053,95324364.3,134547836.63500002,212729552.66,52646.0528,1080823463.984,,0,1.0,95324.3643,20241107,20260903
562970.SH,易方达中证光伏产业ETF,SH,20241107,,20241030,易方达基金管理有限公司,L,931151.CSI,中证光伏产业,中证指数有限公司、上海证券交易所,INDEX_BASIC,主题指数,EQUITY,True,True,False,True,True,,L2B_EX_REVSUB,中证光伏产业,中证光伏产业指数收益率×100%,Tushare fund_basic.benchmark + index_basic,2026-09-04 10:05:42,True,20241107,20260903,445,0.948,12694339.0,15428956.849999998,18543680.133333333,36844.8,349288704.0,,0,1.0,12694.339,20241106,20260903
530880.SH,银河上证国有企业红利ETF,SH,20241112,,20241030,银河基金管理有限公司,L,,上证国有企业红利,中证指数有限公司/上海证券交易所,RULE_BASED,,EQUITY,True,True,False,True,True,,L5_RULE,上证国有企业红利,上证国有企业红利指数收益率×100%,Tushare fund_basic.benchmark + index_basic,2026-09-04 10:05:42,True,20241112,20260903,442,1.13,1672547.0,1442829.2,2740901.1833333336,3933.6,44449679.99999999,,0,1.0433,1672.547,20241111,20260903
159590.SZ,汇添富中证全指软件ETF,SZ,20241106,,20241028,汇添富基金管理股份有限公司,L,,中证全指软件,中证指数有限公司,RULE_BASED,,EQUITY,True,True,False,True,True,,L5_RULE,中证全指软件,中证全指软件指数收益率×100%,Tushare fund_basic.benchmark + index_basic,2026-09-04 10:05:42,True,20241106,20260903,446,0.89,36354130.1,54939951.54,50542356.16500001,76436.1746,680281953.94,,0,1.0,36354.1301,20241105,20260903
560510.SH,泰康中证A500ETF,SH,20241015,,20240927,泰康基金管理有限公司,L,000510.SH,中证A500,中证指数有限公司,INDEX_BASIC,规模指数,EQUITY,True,True,False,True,True,,L1_EX_EXACT,中证A500,中证A500指数收益率×100%,Tushare fund_basic.benchmark + index_basic,2026-09-04 10:05:42,True,20241015,20260903,462,1.175,45913190.0,47378967.550000004,61287610.583333336,253102.69,2973956607.5,,0,1.0343,45913.19,20241015,20260903
560610.SH,招商中证A500ETF,SH,20241015,,20240926,招商基金管理有限公司,L,000510.SH,中证A500,中证指数有限公司,INDEX_BASIC,规模指数,EQUITY,True,True,False,True,True,,L1_EX_EXACT,中证A500,中证A500指数收益率×100%,Tushare fund_basic.benchmark + index_basic,2026-09-04 10:05:42,True,20241015,20260903,462,1.175,106506073.0,125198447.00000001,128525375.41666666,524298.84,6160511370.0,,0,1.0296,106506.073,20241015,20260903
159338.SZ,国泰中证A500ETF,SZ,20241015,,20240926,国泰基金管理有限公司,L,000510.SH,中证A500,中证指数有限公司,INDEX_BASIC,规模指数,EQUITY,True,True,False,True,True,,L1_EX_EXACT,中证A500,中证A500指数收益率×100%,Tushare fund_basic.benchmark + index_basic,2026-09-04 10:05:42,True,20241015,20260903,462,1.203,2624470523.3999996,3317493846.545,3605692337.0716667,2108008.6664,25359344256.792,,0,1.0,2624470.5234,20241015,20260903
159339.SZ,银华中证A500ETF,SZ,20241015,,20240926,银华基金管理股份有限公司,L,000510.SH,中证A500,中证指数有限公司,INDEX_BASIC,规模指数,EQUITY,True,True,False,True,True,,L1_EX_EXACT,中证A500,中证A500指数收益率×100%,Tushare fund_basic.benchmark + index_basic,2026-09-04 10:05:42,True,20241015,20260903,462,1.214,69762421.4,80597157.04,90477354.58000001,181708.6841,2205943424.9740005,,0,1.0,69762.4214,20241015,20260903
563220.SH,富国中证A500ETF,SH,20241015,,20240925,富国基金管理有限公司,L,000510.SH,中证A500,中证指数有限公司,INDEX_BASIC,规模指数,EQUITY,True,True,False,True,True,,L1_EX_EXACT,中证A500,中证A500指数收益率×100%,Tushare fund_basic.benchmark + index_basic,2026-09-04 10:05:42,True,20241015,20260903,462,1.252,161510105.0,230145291.20000005,372132940.8333333,638901.37,7999045152.4,,0,1.0,161510.105,20241015,20260903
563360.SH,华泰柏瑞中证A500ETF,SH,20241015,,20240925,华泰柏瑞基金管理有限公司,L,000510.SH,中证A500,中证指数有限公司,INDEX_BASIC,规模指数,EQUITY,True,True,False,True,True,,L1_EX_EXACT,中证A500,中证A500指数收益率×100%,Tushare fund_basic.benchmark + index_basic,2026-09-04 10:05:42,True,20241015,20260903,462,1.27,3736467391.0,4297384381.85,4156615248.733333,3121998.74,39649383998.00001,,0,1.0,3736467.391,20241015,20260903
159352.SZ,南方中证A500ETF,SZ,20241015,,20240925,南方基金管理股份有限公司,L,000510.SH,中证A500,中证指数有限公司,INDEX_BASIC,规模指数,EQUITY,True,True,False,True,True,,L1_EX_EXACT,中证A500,中证A500指数收益率×100%,Tushare fund_basic.benchmark + index_basic,2026-09-04 10:05:42,True,20241015,20260903,462,1.252,3472931468.2999997,3489069190.715,3374791239.9433336,2670610.1746,33436039385.992,,0,1.0107,3472931.4683,20241015,20260903
560530.SH,摩根中证A500ETF,SH,20241015,,20240924,摩根基金管理(中国)有限公司,L,000510.SH,中证A500,中证指数有限公司,INDEX_BASIC,规模指数,EQUITY,True,True,False,True,True,,L1_EX_EXACT,中证A500,中证A500指数收益率×100%,Tushare fund_basic.benchmark + index_basic,2026-09-04 10:05:42,True,20241015,20260903,462,1.205,70263998.0,86646364.84999998,116797201.98333333,400662.37,4827981558.5,,0,1.0288,70263.998,20241015,20260903
159353.SZ,景顺长城中证A500ETF,SZ,20241015,,20240924,景顺长城基金管理有限公司,L,000510.SH,中证A500,中证指数有限公司,INDEX_BASIC,规模指数,EQUITY,True,True,False,True,True,,L1_EX_EXACT,中证A500,中证A500指数收益率×100%,Tushare fund_basic.benchmark + index_basic,2026-09-04 10:05:42,True,20241015,20260903,462,1.223,183834842.4,189361620.73,216606728.73166665,429816.1812,5256651896.076,,0,1.0063,183834.8424,20241015,20260903
159351.SZ,嘉实中证A500ETF,SZ,20241015,,20240920,嘉实基金管理有限公司,L,000510.SH,中证A500,中证指数有限公司,INDEX_BASIC,规模指数,EQUITY,True,True,False,True,True,,L1_EX_EXACT,中证A500,中证A500指数收益率×100%,Tushare fund_basic.benchmark + index_basic,2026-09-04 10:05:42,True,20241015,20260903,462,1.203,444230025.5,477822300.7649999,518071285.4599999,716912.3357,8624455398.471003,,0,1.0255,444230.0255,20241015,20260903
159305.SZ,广发国证新能源电池ETF,SZ,20240927,,20240918,广发基金管理有限公司,L,,国证新能源电池,深圳证券信息有限公司,RULE_BASED,,EQUITY,True,True,False,False,True,,L5_RULE,国证新能源电池,国证新能源电池指数收益率×100%,Tushare fund_basic.benchmark + index_basic,2026-09-04 10:05:42,True,20240927,20260903,468,0.802,34269063.699999996,36935547.18500001,66341515.62333333,119364.0302,957299522.204,,0,1.9991,34269.0637,20240927,20260903
560620.SH,万家中证全指公用事业ETF,SH,20241009,,20240911,万家基金管理有限公司,L,,中证全指公用事业,中证指数有限公司,RULE_BASED,,EQUITY,True,True,False,True,True,,L5_RULE,中证全指公用事业,中证全指公用事业指数收益率×100%,Tushare fund_basic.benchmark + index_basic,2026-09-04 10:05:42,True,20241009,20260903,466,0.96,253130.0,481091.5,505095.4166666667,2636.7,25312320.0,,0,1.0,253.13,20241009,20260903
561930.SH,招商沪深300ETF,SH,20240920,,20240906,招商基金管理有限公司,L,000300.SH,沪深300,中证指数有限公司、上海证券交易所,INDEX_BASIC,规模指数,EQUITY,True,True,False,True,True,,L1_EX_EXACT,沪深300,沪深300指数收益率×100%,Tushare fund_basic.benchmark + index_basic,2026-09-04 10:05:42,True,20240920,20260903,474,1.556,10229799.0,14735824.799999999,22272762.933333334,18726.06,291377493.6,,0,1.0,10229.799,20240920,20260903
530000.SH,天弘上证50ETF,SH,20240913,,20240904,天弘基金管理有限公司,L,000016.SH,上证50,中证指数有限公司、上海证券交易所,INDEX_BASIC,规模指数,EQUITY,True,True,False,True,True,,L1_EX_EXACT,上证50,上证50指数收益率×100%,Tushare fund_basic.benchmark + index_basic,2026-09-04 10:05:42,True,20240913,20260903,477,1.392,3709394.0,6258809.25,24271442.550000004,93802.94,1305736924.8,,0,1.0,3709.394,20240913,20260903
560890.SH,新华中证红利低波动ETF,SH,20240920,20260401,20240902,新华基金管理股份有限公司,D,,中证红利低波动,中证指数有限公司,RULE_BASED,,EQUITY,True,True,False,True,True,,L5_RULE,中证红利低波动,中证红利低波动指数收益率×100%,Tushare fund_basic.benchmark + index_basic,2026-09-04 10:05:42,True,20240920,20260212,340,1.186,606369.0,1167773.4000000001,2140416.0,598.12,7093703.199999999,,0,1.0208,606.369,20240920,20260212
159337.SZ,东财中证500ETF,SZ,20240920,,20240902,东财基金管理有限公司,L,000905.SH,中证500,中证指数有限公司,INDEX_BASIC,规模指数,EQUITY,True,True,False,True,True,,L1_EX_EXACT,中证500,中证500指数收益率×100%,Tushare fund_basic.benchmark + index_basic,2026-09-04 10:05:42,True,20240920,20260903,474,1.781,10493184.4,17533400.405,22385346.848333333,27771.0611,494602598.191,,0,1.0,10493.1844,20240920,20260903
159326.SZ,华夏中证电网设备主题ETF,SZ,20240909,,20240829,华夏基金管理有限公司,L,931994.CSI,中证电网设备主题,中证指数有限公司,INDEX_BASIC,主题指数,EQUITY,True,True,False,True,True,,L2B_EX_REVSUB,中证电网设备主题,中证电网设备主题指数收益率×100%,Tushare fund_basic.benchmark + index_basic,2026-09-04 10:05:42,True,20240909,20260903,481,1.651,466974140.59999996,659131335.81,894979658.1383333,1170526.5525,19325393381.775,,0,1.0,466974.1406,20240909,20260903
159335.SZ,融通中证诚通央企科技创新ETF,SZ,20240905,,20240822,融通基金管理有限公司,L,932052.CSI,中证诚通央企科技创新,中证指数有限公司,INDEX_BASIC,主题指数,EQUITY,True,True,False,True,True,,L2B_EX_REVSUB,中证诚通央企科技创新,中证诚通央企科技创新指数收益率×100%,Tushare fund_basic.benchmark + index_basic,2026-09-04 10:05:42,True,20240905,20260903,483,1.512,2603549.1,4264883.305000001,4686739.54,6248.3689,94475337.768,,0,1.0,2603.5491,20240905,20260903
159587.SZ,广发国证粮食产业ETF,SZ,20240821,,20240808,广发基金管理有限公司,L,,国证粮食产业,深圳证券信息有限公司,RULE_BASED,,EQUITY,True,True,False,False,True,,L5_RULE,国证粮食产业,国证粮食产业指数收益率×100%,Tushare fund_basic.benchmark + index_basic,2026-09-04 10:05:42,True,20240821,20260903,492,1.239,96725530.19999999,68246957.17999999,33235284.33833333,34144.7031,423052871.40900004,,0,1.0,96725.5302,20240808,20260903
588860.SH,工银瑞信上证科创板生物医药ETF,SH,20240823,,20240808,工银瑞信基金管理有限公司,L,399441.SZ,上证科创板生物医药,深圳证券信息有限公司,INDEX_BASIC,主题指数,EQUITY,True,True,False,False,True,,L2B_EX_REVSUB,上证科创板生物医药,上证科创板生物医药指数收益率×100%,Tushare fund_basic.benchmark + index_basic,2026-09-04 10:05:42,True,20240823,20260903,492,0.661,3864104.0,14886778.5,16550389.316666672,35688.94,235903893.4,,0,2.0,3864.104,20240808,20260903
588990.SH,博时上证科创板芯片ETF,SH,20240816,,20240808,博时基金管理有限公司,L,,上证科创板芯片,中证指数有限公司/上海证券交易所,RULE_BASED,,EQUITY,True,True,False,True,True,,L5_RULE,上证科创板芯片,上证科创板芯片指数收益率×100%,Tushare fund_basic.benchmark + index_basic,2026-09-04 10:05:42,True,20240816,20260903,497,3.56,33086578.999999996,43788133.15,71584944.1,20174.54,718213624.0,,0,1.0,33086.579,20240808,20260903
159330.SZ,东财沪深300ETF,SZ,20240819,,20240801,东财基金管理有限公司,L,000300.SH,沪深300,中证指数有限公司、上海证券交易所,INDEX_BASIC,规模指数,EQUITY,True,True,False,True,True,,L1_EX_EXACT,沪深300,沪深300指数收益率×100%,Tushare fund_basic.benchmark + index_basic,2026-09-04 10:05:42,True,20240819,20260903,496,1.428,13659939.899999999,25458638.865000002,36060361.245,42280.1009,603759840.852,,0,1.0,13659.9399,20240801,20260903
588830.SH,鹏华上证科创板新能源ETF,SH,20240809,,20240731,鹏华基金管理有限公司,L,,上证科创板新能源,中证指数有限公司/上海证券交易所,RULE_BASED,,EQUITY,True,True,False,True,True,,L5_RULE,上证科创板新能源,上证科创板新能源指数收益率×100%,Tushare fund_basic.benchmark + index_basic,2026-09-04 10:05:42,True,20240809,20260903,502,1.168,61475140.0,91216713.69999999,100036462.78333335,60184.79,702958347.1999999,,0,1.0,61475.14,20240808,20260903
159327.SZ,万家中证半导体材料设备主题ETF,SZ,20240805,,20240724,万家基金管理有限公司,L,,中证半导体材料设备主题,中证指数有限公司,RULE_BASED,,EQUITY,True,True,False,True,True,,L5_RULE,中证半导体材料设备主题,中证半导体材料设备主题指数收益率×100%,Tushare fund_basic.benchmark + index_basic,2026-09-04 10:05:42,True,20240805,20260903,506,1.087,120694952.0,240366582.07,336441408.08833325,290857.4091,3161620036.917,,0,3.0,120694.952,20240805,20260903
159332.SZ,富国中证中央企业红利ETF,SZ,20240801,,20240716,富国基金管理有限公司,L,,中证中央企业红利,中证指数有限公司,RULE_BASED,,EQUITY,True,True,False,True,True,,L5_RULE,中证中央企业红利,中证中央企业红利指数收益率×100%,Tushare fund_basic.benchmark + index_basic,2026-09-04 10:05:42,True,20240801,20260903,508,1.242,1622522.7,2374756.375,3226541.4699999997,8602.1477,106838674.434,,0,1.0469,1622.5227,20240716,20260903
159301.SZ,华夏中证全指公用事业ETF,SZ,20240722,,20240710,华夏基金管理有限公司,L,,中证全指公用事业,中证指数有限公司,RULE_BASED,,EQUITY,True,True,False,True,True,,L5_RULE,中证全指公用事业,中证全指公用事业指数收益率×100%,Tushare fund_basic.benchmark + index_basic,2026-09-04 10:05:42,True,20240722,20260903,516,0.974,23319478.0,23397139.184999995,22900867.67833333,12195.8357,118787439.718,,0,1.0,23319.478,20240710,20260903
159579.SZ,华安深证主板50ETF,SZ,20240719,20250320,20240705,华安基金管理有限公司,D,399750.SZ,深证主板50,深圳证券信息有限公司、深圳证券交易所,INDEX_BASIC,规模指数,EQUITY,True,True,False,False,True,,L4_NORM_EX,深证主板50,深证主板50指数收益率×100%,Tushare fund_basic.benchmark + index_basic,2026-09-04 10:05:42,True,20240719,20250310,153,1.105,485102.0,238499.85,300999.1499999999,386.7637,4273738.885,,0,1.0,485.102,20240705,20250312
159583.SZ,富国中证通信设备主题ETF,SZ,20240708,,20240628,富国基金管理有限公司,L,,中证通信设备主题,中证指数有限公司,RULE_BASED,,EQUITY,True,True,False,True,True,,L5_RULE,中证通信设备主题,中证通信设备主题指数收益率×100%,Tushare fund_basic.benchmark + index_basic,2026-09-04 10:05:42,True,20240708,20260903,525,1.6,324599458.2,532136858.735,623817017.8233331,243459.2902,3895348643.2000003,,0,2.0,324599.4582,20240628,20260903
588500.SH,易方达上证科创板100增强策略ETF,SH,20240719,,20240627,易方达基金管理有限公司,L,,上证科创板100,中证指数有限公司/上海证券交易所,RULE_BASED,,EQUITY,True,False,False,True,False,NOT_PASSIVE,L5_RULE,上证科创板100,上证科创板100指数收益率×100%,Tushare fund_basic.benchmark + index_basic,2026-09-04 10:05:42,True,20240719,20260903,517,2.484,11521040.0,14746038.1,11939337.733333336,4564.7,113387148.0,,0,1.0,11521.04,20240627,20260903
588680.SH,广发上证科创板100增强策略ETF,SH,20240705,,20240627,广发基金管理有限公司,L,,上证科创板100,中证指数有限公司/上海证券交易所,RULE_BASED,,EQUITY,True,False,False,True,False,NOT_PASSIVE,L5_RULE,上证科创板100,上证科创板100指数收益率×100%,Tushare fund_basic.benchmark + index_basic,2026-09-04 10:05:42,True,20240705,20260903,527,2.553,1454876.0,3734910.000000001,4764058.466666666,3236.1,82617633.0,,0,1.0,1454.876,20240627,20260903
159800.SZ,鹏华中证800ETF,SZ,20240712,,20240627,鹏华基金管理有限公司,L,000906.SH,中证800,中证指数有限公司,INDEX_BASIC,规模指数,EQUITY,True,True,False,True,True,,L1_EX_EXACT,中证800,中证800指数收益率×100%,Tushare fund_basic.benchmark + index_basic,2026-09-04 10:05:42,True,20240712,20260903,522,1.413,479940.3,616270.6400000001,1016938.3516666668,2673.6802,37779101.225999996,,0,1.0,479.9403,20240627,20260903
159552.SZ,招商中证2000增强策略ETF,SZ,20240628,,20240619,招商基金管理有限公司,L,932000.CSI,中证2000,中证指数有限公司,INDEX_BASIC,规模指数,EQUITY,True,False,False,True,False,NOT_PASSIVE,L1_EX_EXACT,中证2000,中证2000指数收益率×100%,Tushare fund_basic.benchmark + index_basic,2026-09-04 10:05:42,True,20240628,20260903,531,2.265,227330235.1,175550837.94000003,117703083.33666666,73979.0319,1675625072.535,,0,1.0,227330.2351,20240628,20260903
560360.SH,万家中证软件服务ETF,SH,20240624,,20240613,万家基金管理有限公司,L,930601.CSI,中证软件服务,中证指数有限公司,INDEX_BASIC,主题指数,EQUITY,True,True,False,True,True,,L2B_EX_REVSUB,中证软件服务,中证软件服务指数收益率×100%,Tushare fund_basic.benchmark + index_basic,2026-09-04 10:05:42,True,20240624,20260903,536,1.225,5065618.0,8009398.4,8047361.816666666,22434.5,274822625.0,,0,1.0,5065.618,20240624,20260903
159558.SZ,易方达中证半导体材料设备主题ETF,SZ,20240618,,20240606,易方达基金管理有限公司,L,,中证半导体材料设备主题,中证指数有限公司,RULE_BASED,,EQUITY,True,True,False,True,True,,L5_RULE,中证半导体材料设备主题,中证半导体材料设备主题指数收益率×100%,Tushare fund_basic.benchmark + index_basic,2026-09-04 10:05:42,True,20240618,20260903,540,1.064,996739272.6,1690294151.22,2087233834.5516665,1910656.3923,20329384014.072002,,0,3.0,996739.2726,20240618,20260903
159578.SZ,南方深证主板50ETF,SZ,20240607,,20240530,南方基金管理股份有限公司,L,399750.SZ,深证主板50,深圳证券信息有限公司、深圳证券交易所,INDEX_BASIC,规模指数,EQUITY,True,True,False,False,True,,L4_NORM_EX,深证主板50,深证主板50指数×100%,Tushare fund_basic.benchmark + index_basic,2026-09-04 10:05:42,True,20240607,20260903,544,1.18,329516.39999999997,253943.80499999996,538926.6633333333,1999.8831,23598620.58,,0,1.0,329.5164,20240607,20260903
159533.SZ,博时中证2000ETF,SZ,20240607,,20240528,博时基金管理有限公司,L,932000.CSI,中证2000,中证指数有限公司,INDEX_BASIC,规模指数,EQUITY,True,True,False,True,True,,L1_EX_EXACT,中证2000,中证2000指数收益率×100%,Tushare fund_basic.benchmark + index_basic,2026-09-04 10:05:42,True,20240607,20260903,544,1.949,6277993.8,5591501.995,5136590.400000001,1345.8785,26231171.965,,0,1.0,6277.9938,20240607,20260903
159542.SZ,大成中证工程机械主题ETF,SZ,20240607,,20240528,大成基金管理有限公司,L,931752.CSI,中证工程机械主题,中证指数有限公司,INDEX_BASIC,主题指数,EQUITY,True,True,False,True,True,,L2B_EX_REVSUB,中证工程机械主题,中证工程机械主题指数收益率×100%,Tushare fund_basic.benchmark + index_basic,2026-09-04 10:05:42,True,20240607,20260903,545,1.311,5097378.5,3779260.37,4698994.555,1459.285,19131226.349999998,,0,1.0,5097.3785,20240607,20260903
563090.SH,易方达上证50增强策略ETF,SH,20240606,,20240527,易方达基金管理有限公司,L,000016.SH,上证50,中证指数有限公司、上海证券交易所,INDEX_BASIC,规模指数,EQUITY,True,False,False,True,False,NOT_PASSIVE,L1_EX_EXACT,上证50,上证50指数收益率×100%,Tushare fund_basic.benchmark + index_basic,2026-09-04 10:05:42,True,20240606,20260903,547,1.427,6318691.0,4816711.7,6460112.416666666,5484.8,78268096.0,,0,1.0,6318.691,20240606,20260903
159588.SZ,景顺长城国证石油天然气ETF,SZ,20240531,,20240523,景顺长城基金管理有限公司,L,,国证石油天然气,深圳证券信息有限公司,RULE_BASED,,EQUITY,True,True,False,False,True,,L5_RULE,国证石油天然气,国证石油天然气指数收益率×100%,Tushare fund_basic.benchmark + index_basic,2026-09-04 10:05:42,True,20240531,20260903,551,1.259,11284014.4,16057648.879999999,20993401.428333335,42928.4857,540469634.9629999,,0,1.0,11284.0144,20240531,20260903
159300.SZ,富国沪深300ETF,SZ,20240605,,20240523,富国基金管理有限公司,L,000300.SH,沪深300,中证指数有限公司、上海证券交易所,INDEX_BASIC,规模指数,EQUITY,True,True,False,True,True,,L1_EX_EXACT,沪深300,沪深300指数收益率×100%,Tushare fund_basic.benchmark + index_basic,2026-09-04 10:05:42,True,20240605,20260903,548,4.959,49176348.7,75977774.9,132888367.81,37625.8097,1865863903.0229998,,0,0.2789,49176.3487,20240605,20260903
159597.SZ,易方达创业板成长ETF,SZ,20240527,,20240508,易方达基金管理有限公司,L,395004.SZ,创业板成长,深圳证券交易所,INDEX_BASIC,其他指数,EQUITY,True,True,False,False,True,,L2B_EX_REVSUB,创业板成长,创业板成长指数收益率×100%,Tushare fund_basic.benchmark + index_basic,2026-09-04 10:05:42,True,20240527,20260903,555,0.771,30761070.1,36312803.895,51264049.20666666,110925.7137,855237252.627,,0,3.0,30761.0701,20240527,20260903
159525.SZ,富国中证红利低波动ETF,SZ,20240520,,20240507,富国基金管理有限公司,L,,中证红利低波动,中证指数有限公司,RULE_BASED,,EQUITY,True,True,False,True,True,,L5_RULE,中证红利低波动,中证红利低波动指数收益率×100%,Tushare fund_basic.benchmark + index_basic,2026-09-04 10:05:42,True,20240520,20260903,560,1.118,25292620.0,22037018.564999998,20409099.930000003,44574.3741,498341502.438,,0,1.0,25292.62,20240520,20260903
159528.SZ,富国中证国有企业改革ETF,SZ,20240520,,20240507,富国基金管理有限公司,L,,中证国有企业改革,中证指数有限公司,RULE_BASED,,EQUITY,True,True,False,True,True,,L5_RULE,中证国有企业改革,中证国有企业改革指数收益率×100%,Tushare fund_basic.benchmark + index_basic,2026-09-04 10:05:42,True,20240520,20260903,559,1.246,55597.4,224839.42500000005,620930.4600000001,732.0773,9121683.158,,0,1.0,55.5974,20240520,20260903
562700.SH,华夏中证汽车零部件主题ETF,SH,20240514,,20240506,华夏基金管理有限公司,L,,中证汽车零部件主题,中证指数有限公司,RULE_BASED,,EQUITY,True,True,False,True,True,,L5_RULE,中证汽车零部件主题,中证汽车零部件主题指数收益率×100%,Tushare fund_basic.benchmark + index_basic,2026-09-04 10:05:42,True,20240514,20260903,564,1.219,18343260.0,18491272.4,19699298.93333333,9775.0,119157250.00000001,,0,1.0,18343.26,20240514,20260903
563180.SH,银华中证高股息策略ETF,SH,20240514,,20240506,银华基金管理股份有限公司,L,931053.CSI,中证高股息策略,中证指数有限公司,INDEX_BASIC,策略指数,EQUITY,True,True,False,True,True,,L2B_EX_REVSUB,中证高股息策略,中证高股息策略指数收益率×100%,Tushare fund_basic.benchmark + index_basic,2026-09-04 10:05:42,True,20240514,20260903,564,1.176,4798707.0,5282757.649999999,6005723.150000001,10042.0,118093920.0,,0,1.0,4798.707,20240514,20260903
588450.SH,招商上证科创板50成份增强策略ETF,SH,20240522,,20240506,招商基金管理有限公司,L,,上证科创板50成份,中证指数有限公司/上海证券交易所,RULE_BASED,,EQUITY,True,False,False,True,False,NOT_PASSIVE,L5_RULE,上证科创板50成份,上证科创板50成份指数收益率×100%,Tushare fund_basic.benchmark + index_basic,2026-09-04 10:05:42,True,20240522,20260903,558,2.116,7672209.0,11049862.049999999,15280600.666666668,6056.87,128163369.2,,0,1.0,7672.209,20240522,20260903
510720.SH,国泰上证国有企业红利ETF,SH,20240515,,20240430,国泰基金管理有限公司,L,,上证国有企业红利,中证指数有限公司/上海证券交易所,RULE_BASED,,EQUITY,True,True,False,True,True,,L5_RULE,上证国有企业红利,上证国有企业红利指数收益率×100%,Tushare fund_basic.benchmark + index_basic,2026-09-04 10:05:42,True,20240515,20260903,563,1.072,113372440.0,124605563.1,185445667.6333333,164576.6,1764261152.0,,0,1.0968,113372.44,20240515,20260903
159306.SZ,平安中证汽车零部件主题ETF,SZ,20240514,,20240429,平安基金管理有限公司,L,,中证汽车零部件主题,中证指数有限公司,RULE_BASED,,EQUITY,True,True,False,True,True,,L5_RULE,中证汽车零部件主题,中证汽车零部件主题指数收益率×100%,Tushare fund_basic.benchmark + index_basic,2026-09-04 10:05:42,True,20240514,20260903,563,1.165,741913.0,1344271.2600000002,1697270.0133333334,2124.4616,24749977.64,,0,1.0,741.913,20240514,20260903
562340.SH,银华中证500质量成长ETF,SH,20240508,,20240425,银华基金管理股份有限公司,L,930939.CSI,中证500质量成长,中证指数有限公司,INDEX_BASIC,策略指数,EQUITY,True,True,False,True,True,,L4_NORM_EX,中证500质量成长,中证500质量成长指数收益率×100%,Tushare fund_basic.benchmark + index_basic,2026-09-04 10:05:42,True,20240508,20260903,567,1.435,408666.0,505941.14999999997,581720.7999999999,914.43,13122070.5,,0,1.0,408.666,20240425,20260903
510950.SH,广发上证50ETF,SH,20240510,,20240424,广发基金管理有限公司,L,000016.SH,上证50,中证指数有限公司、上海证券交易所,INDEX_BASIC,规模指数,EQUITY,True,True,False,True,True,,L1_EX_EXACT,上证50,上证50指数收益率×100%,Tushare fund_basic.benchmark + index_basic,2026-09-04 10:05:42,True,20240510,20260903,566,0.999,3840966.0,13726918.7,16821763.733333334,10102.08,100919779.2,,0,1.2882,3840.966,20240424,20260903
562570.SH,华夏中证信息技术应用创新产业ETF,SH,20240430,,20240419,华夏基金管理有限公司,L,399935.SZ,中证信息技术应用创新产业,中证指数有限公司,INDEX_BASIC,行业指数,EQUITY,True,True,False,True,True,,L2B_EX_REVSUB,中证信息技术应用创新产业,中证信息技术应用创新产业指数收益率×100%,Tushare fund_basic.benchmark + index_basic,2026-09-04 10:05:42,True,20240430,20260903,571,1.362,11514784.0,31682603.599999994,26617269.149999995,29928.1,407620722.0,,0,1.0,11514.784,20240419,20260903
159599.SZ,东财中证芯片产业ETF,SZ,20240508,,20240419,东财基金管理有限公司,L,,中证芯片产业,中证指数有限公司,RULE_BASED,,EQUITY,True,True,False,True,True,,L5_RULE,中证芯片产业,中证芯片产业指数收益率×100%,Tushare fund_basic.benchmark + index_basic,2026-09-04 10:05:42,True,20240508,20260903,568,2.707,107451241.8,177297849.07500005,276350711.02500004,71832.2066,1944497832.662,,0,1.0,107451.2418,20240419,20260903
562260.SH,海富通中证汽车零部件主题ETF,SH,20240510,20250728,20240419,海富通基金管理有限公司,D,,中证汽车零部件主题,中证指数有限公司,RULE_BASED,,EQUITY,True,True,False,True,True,,L5_RULE,中证汽车零部件主题,中证汽车零部件主题指数收益率×100%,Tushare fund_basic.benchmark + index_basic,2026-09-04 10:05:42,True,20240510,20250619,270,1.08,270228.0,586390.1,734420.2499999999,1033.15,11158020.0,,0,1.0,270.228,20240419,20250620
159310.SZ,天弘中证芯片产业ETF,SZ,20240430,,20240418,天弘基金管理有限公司,L,,中证芯片产业,中证指数有限公司,RULE_BASED,,EQUITY,True,True,False,True,True,,L5_RULE,中证芯片产业,中证芯片产业指数收益率×100%,Tushare fund_basic.benchmark + index_basic,2026-09-04 10:05:42,True,20240430,20260903,571,2.736,13387173.2,21667959.754999995,36199052.84499999,49798.108,1362476234.88,,0,1.0,13387.1732,20240418,20260903
159526.SZ,嘉实中证机器人ETF,SZ,20240424,,20240416,嘉实基金管理有限公司,L,,中证机器人,中证指数有限公司,RULE_BASED,,EQUITY,True,True,False,True,True,,L5_RULE,中证机器人,中证机器人指数收益率×100%,Tushare fund_basic.benchmark + index_basic,2026-09-04 10:05:42,True,20240424,20260903,575,1.416,12581561.700000001,26889594.58,36347156.633333325,57396.2964,812731557.0239999,,0,1.0,12581.5617,20240416,20260903
159307.SZ,博时中证红利低波动100ETF,SZ,20240425,,20240416,博时基金管理有限公司,L,,中证红利低波动100,中证指数有限公司,RULE_BASED,,EQUITY,True,True,False,True,True,,L5_RULE,中证红利低波动100,中证红利低波动100指数收益率×100%,Tushare fund_basic.benchmark + index_basic,2026-09-04 10:05:42,True,20240425,20260903,574,1.034,131822123.8,85619372.845,119990591.59666666,704490.3552,7284430272.768001,,0,1.1039,131822.1238,20240416,20260903
588890.SH,南方上证科创板芯片ETF,SH,20240423,,20240415,南方基金管理股份有限公司,L,,上证科创板芯片,中证指数有限公司/上海证券交易所,RULE_BASED,,EQUITY,True,True,False,True,True,,L5_RULE,上证科创板芯片,上证科创板芯片指数×100%,Tushare fund_basic.benchmark + index_basic,2026-09-04 10:05:42,True,20240423,20260903,576,1.282,94115504.0,155036831.9,224295293.25000003,280143.0,3591433260.0,,0,3.0008,94115.504,20240415,20260903
562820.SH,嘉实中证全指集成电路ETF,SH,20240422,,20240412,嘉实基金管理有限公司,L,,中证全指集成电路,中证指数有限公司,RULE_BASED,,EQUITY,True,True,False,True,True,,L5_RULE,中证全指集成电路,中证全指集成电路指数收益率×100%,Tushare fund_basic.benchmark + index_basic,2026-09-04 10:05:42,True,20240422,20260903,577,0.946,19577391.0,35333920.3,53844404.10000001,41640.8,393921968.0,,0,3.0,19577.391,20240412,20260903
159582.SZ,博时中证半导体产业ETF,SZ,20240416,,20240408,博时基金管理有限公司,L,931865.CSI,中证半导体产业,中证指数有限公司,INDEX_BASIC,主题指数,EQUITY,True,True,False,True,True,,L2B_EX_REVSUB,中证半导体产业,中证半导体产业指数收益率×100%,Tushare fund_basic.benchmark + index_basic,2026-09-04 10:05:42,True,20240416,20260903,581,0.733,67157120.1,101878685.17999999,139739909.4316667,105560.8105,773760740.965,,0,5.001,67157.1201,20240408,20260903
560520.SH,大成中证红利低波动100ETF,SH,20240418,,20240408,大成基金管理有限公司,L,,中证红利低波动100,中证指数有限公司,RULE_BASED,,EQUITY,True,True,False,True,True,,L5_RULE,中证红利低波动100,中证红利低波动100指数收益率×100%,Tushare fund_basic.benchmark + index_basic,2026-09-04 10:05:42,True,20240418,20260903,578,1.105,684084.0,745967.3,666327.1833333335,5075.1,56079855.0,,0,1.0,684.084,20240408,20260903
560690.SH,鹏华中证电信主题ETF,SH,20240422,,20240401,鹏华基金管理有限公司,L,,中证电信主题,中证指数有限公司,RULE_BASED,,EQUITY,True,True,False,True,True,,L5_RULE,中证电信主题,中证电信主题指数收益率×100%,Tushare fund_basic.benchmark + index_basic,2026-09-04 10:05:42,True,20240422,20260903,577,2.172,1948145.0,4121207.8499999996,4448800.5,1963.9,42655908.0,,0,1.0,1948.145,20240401,20260903
560850.SH,汇添富中证信息技术应用创新产业ETF,SH,20240415,,20240401,汇添富基金管理股份有限公司,L,399935.SZ,中证信息技术应用创新产业,中证指数有限公司,INDEX_BASIC,行业指数,EQUITY,True,True,False,True,True,,L2B_EX_REVSUB,中证信息技术应用创新产业,中证信息技术应用创新产业指数收益率×100%,Tushare fund_basic.benchmark + index_basic,2026-09-04 10:05:42,True,20240415,20260903,582,1.344,4450399.0,4048844.2000000007,6084124.8166666655,6816.4,91612416.0,,0,1.0,4450.399,20240401,20260903
562560.SH,华夏中证全指信息技术ETF,SH,20240412,,20240327,华夏基金管理有限公司,L,,中证全指信息技术,中证指数有限公司,RULE_BASED,,EQUITY,True,True,False,True,True,,L5_RULE,中证全指信息技术,中证全指信息技术指数收益率×100%,Tushare fund_basic.benchmark + index_basic,2026-09-04 10:05:42,True,20240412,20260903,583,2.203,1713961.0,1351564.2,3118486.0500000003,2276.55,50152396.5,,0,1.0,1713.961,20240327,20260903
159553.SZ,海富通中证2000增强策略ETF,SZ,20240415,,20240327,海富通基金管理有限公司,L,932000.CSI,中证2000,中证指数有限公司,INDEX_BASIC,规模指数,EQUITY,True,False,False,True,False,NOT_PASSIVE,L1_EX_EXACT,中证2000,中证2000指数收益率×100%,Tushare fund_basic.benchmark + index_basic,2026-09-04 10:05:42,True,20240415,20260903,580,1.847,433979.2,1008147.6250000002,2076093.0949999997,1532.6751,28308509.097,,0,1.0,433.9792,20240327,20260903
562580.SH,华夏中证全指可选消费ETF,SH,20240326,,20240318,华夏基金管理有限公司,L,,中证全指可选消费,中证指数有限公司,RULE_BASED,,EQUITY,True,True,False,True,True,,L5_RULE,中证全指可选消费,中证全指可选消费指数收益率×100%,Tushare fund_basic.benchmark + index_basic,2026-09-04 10:05:42,True,20240326,20260903,594,1.081,3388293.0,3925053.3499999996,4277803.366666666,4222.33,45643387.3,,0,1.0,3388.293,20240318,20260903
560150.SH,泰康中证红利低波动ETF,SH,20240408,,20240315,泰康基金管理有限公司,L,,中证红利低波动,中证指数有限公司,RULE_BASED,,EQUITY,True,True,False,True,True,,L5_RULE,中证红利低波动,中证红利低波动指数收益率×100%,Tushare fund_basic.benchmark + index_basic,2026-09-04 10:05:42,True,20240408,20260903,587,1.147,5117230.0,6841059.650000001,7046945.300000001,67827.93,777986357.0999999,,0,1.0504,5117.23,20240315,20260903
159589.SZ,广发中证红利ETF,SZ,20240326,,20240314,广发基金管理有限公司,L,000922.CSI,中证红利,中证指数有限公司,INDEX_BASIC,策略指数,EQUITY,True,True,False,True,True,,L1_EX_EXACT,中证红利,中证红利指数收益率×100%,Tushare fund_basic.benchmark + index_basic,2026-09-04 10:05:42,True,20240326,20260903,593,1.115,12598148.9,10726199.4,11266692.001666667,24259.0005,270487855.575,,0,1.0505,12598.1489,20240314,20260903
562890.SH,嘉实中证A50ETF,SH,20240318,,20240307,嘉实基金管理有限公司,L,930050.CSI,中证A50,中证指数有限公司,INDEX_BASIC,规模指数,EQUITY,True,True,False,True,True,,L1_EX_EXACT,中证A50,中证A50指数收益率×100%,Tushare fund_basic.benchmark + index_basic,2026-09-04 10:05:42,True,20240318,20260903,600,1.367,13262891.0,12724347.5,15613881.766666664,27205.1,371893717.0,,0,1.0,13262.891,20240307,20260903
159586.SZ,南方中证全指计算机ETF,SZ,20240315,,20240307,南方基金管理股份有限公司,L,,中证全指计算机,中证指数有限公司,RULE_BASED,,EQUITY,True,True,False,True,True,,L5_RULE,中证全指计算机,中证全指计算机指数收益率×100%,Tushare fund_basic.benchmark + index_basic,2026-09-04 10:05:42,True,20240315,20260903,599,1.058,12832949.1,13229434.040000003,13886914.168333333,25652.5923,271404426.53400004,,0,1.0,12832.9491,20240307,20260903
159591.SZ,富国中证A50ETF,SZ,20240318,,20240307,富国基金管理有限公司,L,930050.CSI,中证A50,中证指数有限公司,INDEX_BASIC,规模指数,EQUITY,True,True,False,True,True,,L1_EX_EXACT,中证A50,中证A50指数收益率×100%,Tushare fund_basic.benchmark + index_basic,2026-09-04 10:05:42,True,20240318,20260903,600,1.366,14994189.1,21621042.355000004,26825026.61,33090.5682,452017161.61200005,,0,1.0,14994.1891,20240307,20260903
159596.SZ,华宝中证A50ETF,SZ,20240318,,20240307,华宝基金管理有限公司,L,930050.CSI,中证A50,中证指数有限公司,INDEX_BASIC,规模指数,EQUITY,True,True,False,True,True,,L1_EX_EXACT,中证A50,中证A50指数收益率×100%,Tushare fund_basic.benchmark + index_basic,2026-09-04 10:05:42,True,20240318,20260903,600,0.647,15815466.3,18226682.499999996,18801350.815,51568.304,333646926.88,,0,2.0817,15815.4663,20240307,20260903
563080.SH,易方达中证A50ETF,SH,20240318,,20240306,易方达基金管理有限公司,L,930050.CSI,中证A50,中证指数有限公司,INDEX_BASIC,规模指数,EQUITY,True,True,False,True,True,,L1_EX_EXACT,中证A50,中证A50指数收益率×100%,Tushare fund_basic.benchmark + index_basic,2026-09-04 10:05:42,True,20240318,20260903,600,1.366,36323389.0,37350613.7,37629793.900000006,109858.84,1500671754.4,,0,1.0,36323.389,20240306,20260903
563350.SH,华泰柏瑞中证A50ETF,SH,20240318,,20240306,华泰柏瑞基金管理有限公司,L,930050.CSI,中证A50,中证指数有限公司,INDEX_BASIC,规模指数,EQUITY,True,True,False,True,True,,L1_EX_EXACT,中证A50,中证A50指数收益率×100%,Tushare fund_basic.benchmark + index_basic,2026-09-04 10:05:42,True,20240318,20260903,600,1.403,11570809.0,11646757.750000002,16772909.016666668,17199.76,241312632.79999995,,0,1.0,11570.809,20240306,20260903
159581.SZ,万家中证红利ETF,SZ,20240315,,20240306,万家基金管理有限公司,L,000922.CSI,中证红利,中证指数有限公司,INDEX_BASIC,策略指数,EQUITY,True,True,False,True,True,,L1_EX_EXACT,中证红利,中证红利指数收益率×100%,Tushare fund_basic.benchmark + index_basic,2026-09-04 10:05:42,True,20240315,20260903,601,1.08,26268102.4,23731769.254999995,29612234.268333334,125922.5708,1359963764.64,,0,1.0949,26268.1024,20240306,20260903
159592.SZ,银华中证A50ETF,SZ,20240318,,20240306,银华基金管理股份有限公司,L,930050.CSI,中证A50,中证指数有限公司,INDEX_BASIC,规模指数,EQUITY,True,True,False,True,True,,L1_EX_EXACT,中证A50,中证A50指数收益率×100%,Tushare fund_basic.benchmark + index_basic,2026-09-04 10:05:42,True,20240318,20260903,600,1.334,15172173.1,18039347.029999997,25825123.308333337,59631.046,795478153.64,,0,1.0,15172.1731,20240306,20260903
159595.SZ,大成中证A50ETF,SZ,20240318,,20240306,大成基金管理有限公司,L,930050.CSI,中证A50,中证指数有限公司,INDEX_BASIC,规模指数,EQUITY,True,True,False,True,True,,L1_EX_EXACT,中证A50,中证A50指数收益率×100%,Tushare fund_basic.benchmark + index_basic,2026-09-04 10:05:42,True,20240318,20260903,600,1.355,75849476.89999999,87301167.02999999,101532089.95666666,92711.3255,1256238460.525,,0,1.0,75849.4769,20240306,20260903
561230.SH,工银瑞信中证A50ETF,SH,20240318,,20240306,工银瑞信基金管理有限公司,L,930050.CSI,中证A50,中证指数有限公司,INDEX_BASIC,规模指数,EQUITY,True,True,False,True,True,,L1_EX_EXACT,中证A50,中证A50指数收益率×100%,Tushare fund_basic.benchmark + index_basic,2026-09-04 10:05:42,True,20240318,20260903,600,1.321,16008009.0,16993257.350000005,21876981.95,45247.78,597723173.8,,0,1.0535,16008.009,20240306,20260903
560350.SH,摩根中证A50ETF,SH,20240312,,20240305,摩根基金管理(中国)有限公司,L,930050.CSI,中证A50,中证指数有限公司,INDEX_BASIC,规模指数,EQUITY,True,True,False,True,True,,L1_EX_EXACT,中证A50,中证A50指数收益率×100%,Tushare fund_basic.benchmark + index_basic,2026-09-04 10:05:42,True,20240312,20260903,604,1.255,26916017.0,23771505.899999995,31124958.25,84153.21,1056122785.5000001,,0,1.0588,26916.017,20240305,20260903
159593.SZ,平安中证A50ETF,SZ,20240312,,20240304,平安基金管理有限公司,L,930050.CSI,中证A50,中证指数有限公司,INDEX_BASIC,规模指数,EQUITY,True,True,False,True,True,,L1_EX_EXACT,中证A50,中证A50指数收益率×100%,Tushare fund_basic.benchmark + index_basic,2026-09-04 10:05:42,True,20240312,20260903,604,1.349,36277481.9,56692838.919999994,59560412.68666667,185619.604,2504008457.96,,0,1.0,36277.4819,20240304,20260903
159565.SZ,易方达中证汽车零部件主题ETF,SZ,20240226,,20240208,易方达基金管理有限公司,L,,中证汽车零部件主题,中证指数有限公司,RULE_BASED,,EQUITY,True,True,False,True,True,,L5_RULE,中证汽车零部件主题,中证汽车零部件主题指数收益率×100%,Tushare fund_basic.benchmark + index_basic,2026-09-04 10:05:42,True,20240226,20260903,615,1.319,22838475.5,26308557.22,29630060.03666667,13262.7231,174935317.68899998,,0,1.0,22838.4755,20240208,20260903
159563.SZ,华夏创业板综合ETF,SZ,20240223,,20240201,华夏基金管理有限公司,L,,创业板综合,深圳证券信息有限公司,RULE_BASED,,EQUITY,True,True,False,False,True,,L5_RULE,创业板综合,创业板综合指数收益率×100%,Tushare fund_basic.benchmark + index_basic,2026-09-04 10:05:42,True,20240223,20260903,614,1.76,3287303.6999999997,4251517.9350000005,4600254.446666667,2536.0773,44634960.48,,0,1.0,3287.3037,20240201,20260903
159566.SZ,易方达国证新能源电池ETF,SZ,20240208,,20240131,易方达基金管理有限公司,L,,国证新能源电池,深圳证券信息有限公司,RULE_BASED,,EQUITY,True,True,False,False,True,,L5_RULE,国证新能源电池,国证新能源电池指数收益率×100%,Tushare fund_basic.benchmark + index_basic,2026-09-04 10:05:42,True,20240208,20260903,621,1.799,398872359.5,308270309.295,362440836.06999993,258073.9776,4642750857.024,,0,1.0,398872.3595,20240131,20260903
159547.SZ,华夏中证红利低波动ETF,SZ,20240206,,20240125,华夏基金管理有限公司,L,,中证红利低波动,中证指数有限公司,RULE_BASED,,EQUITY,True,True,False,True,True,,L5_RULE,中证红利低波动,中证红利低波动指数收益率×100%,Tushare fund_basic.benchmark + index_basic,2026-09-04 10:05:42,True,20240206,20260903,620,1.227,128311011.8,128614282.97999997,156898490.70333332,125228.6075,1536555014.025,,0,1.0201,128311.0118,20240125,20260903
159527.SZ,广发中证云计算与大数据主题ETF,SZ,20240201,,20240122,广发基金管理有限公司,L,930851.CSI,中证云计算与大数据主题,中证指数有限公司、上海证券交易所,INDEX_BASIC,主题指数,EQUITY,True,True,False,True,True,,L2B_EX_REVSUB,中证云计算与大数据主题,中证云计算与大数据主题指数收益率×100%,Tushare fund_basic.benchmark + index_basic,2026-09-04 10:05:42,True,20240201,20260903,624,0.713,10747295.0,17116250.25,23113016.918333326,44830.135,319638862.55,,0,3.0013,10747.295,20240122,20260903
159530.SZ,易方达国证机器人产业ETF,SZ,20240118,,20240110,易方达基金管理有限公司,L,980022.SZ,国证机器人产业,深圳证券信息有限公司,INDEX_BASIC,主题指数,EQUITY,True,True,False,False,True,,L2B_EX_REVSUB,国证机器人产业,国证机器人产业指数收益率×100%,Tushare fund_basic.benchmark + index_basic,2026-09-04 10:05:42,True,20240118,20260903,636,1.326,424150423.1,726575741.0450001,1067686387.4699999,1266261.3169,16790625062.094002,,0,1.0,424150.4231,20240110,20260903
159556.SZ,平安中证2000增强策略ETF,SZ,20240110,,20231227,平安基金管理有限公司,L,932000.CSI,中证2000,中证指数有限公司,INDEX_BASIC,规模指数,EQUITY,True,False,False,True,False,NOT_PASSIVE,L1_EX_EXACT,中证2000,中证2000指数收益率×100%,Tushare fund_basic.benchmark + index_basic,2026-09-04 10:05:42,True,20240110,20260903,641,1.23,2001999.6,1199247.7750000001,1876420.7600000002,1555.6089,19133989.47,,0,1.0,2001.9996,20231227,20260903
588700.SH,嘉实上证科创板生物医药ETF,SH,20240105,,20231227,嘉实基金管理有限公司,L,399441.SZ,上证科创板生物医药,深圳证券信息有限公司,INDEX_BASIC,主题指数,EQUITY,True,True,False,False,True,,L2B_EX_REVSUB,上证科创板生物医药,上证科创板生物医药指数收益率×100%,Tushare fund_basic.benchmark + index_basic,2026-09-04 10:05:42,True,20240105,20260903,645,0.989,33508464.999999996,88426576.05,69686507.21666667,45283.62,447855001.8,,0,1.0,33508.465,20231227,20260903
561200.SH,工银瑞信中证A100ETF,SH,20240105,,20231222,工银瑞信基金管理有限公司,L,000903.SH,中证A100,中证指数有限公司,INDEX_BASIC,规模指数,EQUITY,True,True,False,True,True,,L1_EX_EXACT,中证A100,中证A100指数收益率×100%,Tushare fund_basic.benchmark + index_basic,2026-09-04 10:05:42,True,20240105,20260903,632,1.449,3878387.0,2335853.2500000005,3260971.416666666,3347.05,48498754.5,,0,1.0,3878.387,20231222,20260903
159576.SZ,广发深证100ETF,SZ,20240103,,20231221,广发基金管理有限公司,L,399330.SZ,深证100,深圳证券信息有限公司、深圳证券交易所,INDEX_BASIC,规模指数,EQUITY,True,True,False,False,True,,L1_EX_EXACT,深证100,深证100指数收益率×100%,Tushare fund_basic.benchmark + index_basic,2026-09-04 10:05:42,True,20240103,20260903,647,1.497,1777997.5999999999,4792393.600000001,8115137.471666667,3750.9612,56151889.164000005,,0,1.0166,1777.9976,20231221,20260903
159571.SZ,富国创业板200ETF,SZ,20240102,,20231220,富国基金管理有限公司,L,395004.SZ,创业板200,深圳证券交易所,INDEX_BASIC,其他指数,EQUITY,True,True,False,False,True,,L2B_EX_REVSUB,创业板200,创业板200指数收益率×100%,Tushare fund_basic.benchmark + index_basic,2026-09-04 10:05:42,True,20240102,20260903,647,1.424,1599609.7,816279.955,622041.2216666667,1998.1814,28454103.136,,0,1.0,1599.6097,20231220,20260903
159575.SZ,银华创业板200ETF,SZ,20240102,,20231220,银华基金管理股份有限公司,L,395004.SZ,创业板200,深圳证券交易所,INDEX_BASIC,其他指数,EQUITY,True,True,False,False,True,,L2B_EX_REVSUB,创业板200,创业板200指数收益率×100%,Tushare fund_basic.benchmark + index_basic,2026-09-04 10:05:42,True,20240102,20260903,646,1.397,1095694.9,1252760.5699999998,2336313.6816666666,1141.0425,15940363.725,,0,1.0,1095.6949,20231220,20260903
159572.SZ,易方达创业板200ETF,SZ,20231225,,20231215,易方达基金管理有限公司,L,395004.SZ,创业板200,深圳证券交易所,INDEX_BASIC,其他指数,EQUITY,True,True,False,False,True,,L2B_EX_REVSUB,创业板200,创业板200指数收益率×100%,Tushare fund_basic.benchmark + index_basic,2026-09-04 10:05:42,True,20231225,20260903,653,1.432,13742953.299999999,14554418.06,18613402.476666663,18974.9107,271720721.224,,0,1.0,13742.9533,20231215,20260903
159573.SZ,华夏创业板200ETF,SZ,20231225,,20231215,华夏基金管理有限公司,L,395004.SZ,创业板200,深圳证券交易所,INDEX_BASIC,其他指数,EQUITY,True,True,False,False,True,,L2B_EX_REVSUB,创业板200,创业板200指数收益率×100%,Tushare fund_basic.benchmark + index_basic,2026-09-04 10:05:42,True,20231225,20260903,653,1.44,13197995.7,16498374.744999997,20009862.94666667,7745.6297,111537067.67999999,,0,1.0,13197.9957,20231215,20260903
588900.SH,南方上证科创板100ETF,SH,20231218,,20231208,南方基金管理股份有限公司,L,,上证科创板100,中证指数有限公司/上海证券交易所,RULE_BASED,,EQUITY,True,True,False,True,True,,L5_RULE,上证科创板100,上证科创板100指数×100%,Tushare fund_basic.benchmark + index_basic,2026-09-04 10:05:42,True,20231218,20260903,658,1.789,2936136.0,9132726.75,11418932.016666668,35878.3,641862787.0,,0,1.0,2936.136,20231208,20260903
563020.SH,易方达中证红利低波动ETF,SH,20231214,,20231206,易方达基金管理有限公司,L,,中证红利低波动,中证指数有限公司,RULE_BASED,,EQUITY,True,True,False,True,True,,L5_RULE,中证红利低波动,中证红利低波动指数收益率×100%,Tushare fund_basic.benchmark + index_basic,2026-09-04 10:05:42,True,20231214,20260903,660,1.192,479160283.0,306187576.75,322697684.75,1046791.0,12477748720.0,,0,1.0988,479160.283,20231206,20260903
560300.SH,汇添富中证电信主题ETF,SH,20231218,,20231205,汇添富基金管理股份有限公司,L,,中证电信主题,中证指数有限公司,RULE_BASED,,EQUITY,True,True,False,True,True,,L5_RULE,中证电信主题,中证电信主题指数收益率×100%,Tushare fund_basic.benchmark + index_basic,2026-09-04 10:05:42,True,20231218,20260903,658,2.259,205832.0,1513423.8,2213646.066666667,2780.34,62807880.599999994,,0,1.0,205.832,20231205,20260903
159555.SZ,银华中证2000增强策略ETF,SZ,20231212,,20231201,银华基金管理股份有限公司,L,932000.CSI,中证2000,中证指数有限公司,INDEX_BASIC,规模指数,EQUITY,True,False,False,True,False,NOT_PASSIVE,L1_EX_EXACT,中证2000,中证2000指数×100%,Tushare fund_basic.benchmark + index_basic,2026-09-04 10:05:42,True,20231212,20260903,661,1.776,5297982.100000001,5383861.944999998,6085621.474999999,3746.2705,66533764.08,,0,1.0,5297.9821,20231201,20260903
560780.SH,广发中证半导体材料设备主题ETF,SH,20231212,,20231201,广发基金管理有限公司,L,,中证半导体材料设备主题,中证指数有限公司,RULE_BASED,,EQUITY,True,True,False,True,True,,L5_RULE,中证半导体材料设备主题,中证半导体材料设备主题指数收益率×100%,Tushare fund_basic.benchmark + index_basic,2026-09-04 10:05:42,True,20231212,20260903,662,1.001,479908176.0,782596771.8,1053424505.6666666,1299448.8,13007482487.999998,,0,3.0,479908.176,20231201,20260903
159559.SZ,景顺长城国证机器人产业ETF,SZ,20231212,,20231130,景顺长城基金管理有限公司,L,980022.SZ,国证机器人产业,深圳证券信息有限公司,INDEX_BASIC,主题指数,EQUITY,True,True,False,False,True,,L2B_EX_REVSUB,国证机器人产业,国证机器人产业指数收益率×100%,Tushare fund_basic.benchmark + index_basic,2026-09-04 10:05:42,True,20231212,20260903,662,1.199,53615311.300000004,96683665.615,156559590.28333336,192857.6622,2312363369.7780004,,0,1.0,53615.3113,20231130,20260903
159350.SZ,富国深证50ETF,SZ,20231211,,20231130,富国基金管理有限公司,L,399850.SZ,深证50,深圳证券信息有限公司、深圳证券交易所,INDEX_BASIC,规模指数,EQUITY,True,True,False,False,True,,L1_EX_EXACT,深证50,深证50指数收益率×100%,Tushare fund_basic.benchmark + index_basic,2026-09-04 10:05:42,True,20231211,20260903,663,1.517,26153090.599999998,59991721.36000001,63073940.94833334,13300.9642,201775626.91399997,,0,1.0,26153.0906,20231130,20260903
159150.SZ,易方达深证50ETF,SZ,20231211,,20231129,易方达基金管理有限公司,L,399850.SZ,深证50,深圳证券信息有限公司、深圳证券交易所,INDEX_BASIC,规模指数,EQUITY,True,True,False,False,True,,L1_EX_EXACT,深证50,深证50指数收益率×100%,Tushare fund_basic.benchmark + index_basic,2026-09-04 10:05:42,True,20231211,20260903,663,1.553,12555680.1,10281989.365,12100172.364999998,9799.7623,152190308.519,,0,1.0,12555.6801,20231129,20260903
562600.SH,华夏中证全指医疗器械ETF,SH,20231211,,20231123,华夏基金管理有限公司,L,,中证全指医疗器械,中证指数有限公司,RULE_BASED,,EQUITY,True,True,False,True,True,,L5_RULE,中证全指医疗器械,中证全指医疗器械指数收益率×100%,Tushare fund_basic.benchmark + index_basic,2026-09-04 10:05:42,True,20231211,20260903,663,0.778,19104348.0,26526296.000000004,32061639.18333333,45193.74,351607297.2,,0,1.0,19104.348,20231123,20260903
159549.SZ,天弘中证红利低波动100ETF,SZ,20231211,,20231123,天弘基金管理有限公司,L,,中证红利低波动100,中证指数有限公司,RULE_BASED,,EQUITY,True,True,False,True,True,,L5_RULE,中证红利低波动100,中证红利低波动100指数收益率×100%,Tushare fund_basic.benchmark + index_basic,2026-09-04 10:05:42,True,20231211,20260903,663,1.194,10190921.5,7153956.109999999,16541468.661666665,477352.3884,5699587517.495999,,0,1.0,10190.9215,20231123,20260903
159661.SZ,嘉实中证A100ETF,SZ,20231201,,20231123,嘉实基金管理有限公司,L,000903.SH,中证A100,中证指数有限公司,INDEX_BASIC,规模指数,EQUITY,True,True,False,True,True,,L1_EX_EXACT,中证A100,中证A100指数收益率×100%,Tushare fund_basic.benchmark + index_basic,2026-09-04 10:05:42,True,20231201,20260903,668,1.406,4359699.5,5311915.285000001,7246230.635,2720.8213,38254747.478,,0,1.0,4359.6995,20231123,20260903
159505.SZ,博时国证2000ETF,SZ,20231204,,20231123,博时基金管理有限公司,L,399303.SZ,国证2000,深圳证券信息有限公司,INDEX_BASIC,规模指数,EQUITY,True,True,False,False,True,,L1_EX_EXACT,国证2000,国证2000指数收益率×100%,Tushare fund_basic.benchmark + index_basic,2026-09-04 10:05:42,True,20231204,20260903,666,1.599,3410315.4,3408356.860000001,5162898.866666667,1910.4786,30548552.814,,0,1.0,3410.3154,20231123,20260903
510980.SH,汇添富上证综合ETF,SH,20231201,,20231122,汇添富基金管理股份有限公司,L,,上证综合,中证指数有限公司/上海证券交易所,RULE_BASED,,EQUITY,True,True,False,True,True,,L5_RULE,上证综合,上证综合指数收益率×100%,Tushare fund_basic.benchmark + index_basic,2026-09-04 10:05:42,True,20231201,20260903,669,1.406,57548034.0,102780246.85000001,161937183.26666668,61179.8,860187988.0,,0,1.0,57548.034,20231122,20260903
561010.SH,华安中证全指软件开发ETF,SH,20231211,,20231121,华安基金管理有限公司,L,,中证全指软件开发,中证指数有限公司,RULE_BASED,,EQUITY,True,True,False,True,True,,L5_RULE,中证全指软件开发,中证全指软件开发指数收益率×100%,Tushare fund_basic.benchmark + index_basic,2026-09-04 10:05:42,True,20231211,20260903,663,0.87,9893779.0,15580353.699999997,13342559.283333333,29035.6,252609720.0,,0,1.0,9893.779,20231121,20260903
159543.SZ,工银瑞信国证2000ETF,SZ,20231120,,20231109,工银瑞信基金管理有限公司,L,399303.SZ,国证2000,深圳证券信息有限公司,INDEX_BASIC,规模指数,EQUITY,True,True,False,False,True,,L1_EX_EXACT,国证2000,国证2000指数收益率×100%,Tushare fund_basic.benchmark + index_basic,2026-09-04 10:05:42,True,20231120,20260903,678,1.507,4636273.600000001,2716873.6449999996,3037494.3299999996,4219.6551,63590202.35699999,,0,1.0,4636.2736,20231109,20260903
159560.SZ,景顺长城中证芯片产业ETF,SZ,20231120,,20231109,景顺长城基金管理有限公司,L,,中证芯片产业,中证指数有限公司,RULE_BASED,,EQUITY,True,True,False,True,True,,L5_RULE,中证芯片产业,中证芯片产业指数收益率×100%,Tushare fund_basic.benchmark + index_basic,2026-09-04 10:05:42,True,20231120,20260903,678,2.208,14082791.1,22897743.31,35715588.47,19791.646,436999543.68,,0,1.0,14082.7911,20231109,20260903
159551.SZ,国泰中证机器人ETF,SZ,20231116,,20231108,国泰基金管理有限公司,L,,中证机器人,中证指数有限公司,RULE_BASED,,EQUITY,True,True,False,True,True,,L5_RULE,中证机器人,中证机器人指数收益率×100%,Tushare fund_basic.benchmark + index_basic,2026-09-04 10:05:42,True,20231116,20260903,680,1.24,13265079.799999999,20262210.245,30001675.088333327,29292.0923,363221944.52,,0,1.0,13265.0798,20231108,20260903
588210.SH,易方达上证科创板100ETF,SH,20231116,,20231108,易方达基金管理有限公司,L,,上证科创板100,中证指数有限公司/上海证券交易所,RULE_BASED,,EQUITY,True,True,False,True,True,,L5_RULE,上证科创板100,上证科创板100指数收益率×100%,Tushare fund_basic.benchmark + index_basic,2026-09-04 10:05:42,True,20231116,20260903,680,1.751,12937222.0,19031627.650000002,18145237.28333333,25075.4,439070254.0,,0,1.0,12937.222,20231108,20260903
588800.SH,华夏上证科创板100ETF,SH,20231116,,20231108,华夏基金管理有限公司,L,,上证科创板100,中证指数有限公司/上海证券交易所,RULE_BASED,,EQUITY,True,True,False,True,True,,L5_RULE,上证科创板100,上证科创板100指数收益率×100%,Tushare fund_basic.benchmark + index_basic,2026-09-04 10:05:42,True,20231116,20260903,680,1.724,331755953.0,301829285.15000004,301444230.1333333,171487.7,2956447948.0,,0,1.0,331755.953,20231108,20260903
588880.SH,华泰柏瑞上证科创板100ETF,SH,20231116,,20231108,华泰柏瑞基金管理有限公司,L,,上证科创板100,中证指数有限公司/上海证券交易所,RULE_BASED,,EQUITY,True,True,False,True,True,,L5_RULE,上证科创板100,上证科创板100指数收益率×100%,Tushare fund_basic.benchmark + index_basic,2026-09-04 10:05:42,True,20231116,20260903,680,1.728,5482892.0,8467742.999999998,12250775.766666668,11136.8,192443904.0,,0,1.0,5482.892,20231108,20260903
561780.SH,博时中证1000增强策略ETF,SH,20231110,,20231102,博时基金管理有限公司,L,000852.SH,中证1000,中证指数有限公司,INDEX_BASIC,规模指数,EQUITY,True,False,False,True,False,NOT_PASSIVE,L1_EX_EXACT,中证1000,中证1000指数收益率×100%,Tushare fund_basic.benchmark + index_basic,2026-09-04 10:05:42,True,20231110,20260903,684,1.549,1265058.0,3418087.1500000004,3487153.2500000005,1935.58,29982134.2,,0,1.0,1265.058,20231102,20260903
563330.SH,华泰柏瑞中证A股ETF,SH,20231107,,20231030,华泰柏瑞基金管理有限公司,L,930903.CSI,中证A股,中证指数有限公司、上海证券交易所,INDEX_BASIC,综合指数,EQUITY,True,True,False,True,True,,L1_EX_EXACT,中证A股,中证A股指数收益率×100%,Tushare fund_basic.benchmark + index_basic,2026-09-04 10:05:42,True,20231107,20260903,687,4.176,29084744.0,39018485.099999994,38921471.99999999,3076.06,128456265.60000001,,0,0.333,29084.744,20231030,20260903
159520.SZ,工银瑞信中证消费龙头ETF,SZ,20231031,,20231019,工银瑞信基金管理有限公司,L,931068.CSI,中证消费龙头,中证指数有限公司,INDEX_BASIC,主题指数,EQUITY,True,True,False,True,True,,L2B_EX_REVSUB,中证消费龙头,中证消费龙头指数收益率×100%,Tushare fund_basic.benchmark + index_basic,2026-09-04 10:05:42,True,20231031,20260903,692,0.934,4186624.5,6301236.005000001,6063695.663333334,15317.7649,143067924.166,,0,1.0,4186.6245,20231019,20260903
159541.SZ,万家创业板综合ETF,SZ,20231031,,20231018,万家基金管理有限公司,L,,创业板综合,深圳证券信息有限公司,RULE_BASED,,EQUITY,True,True,False,False,True,,L5_RULE,创业板综合,创业板综合指数收益率×100%,Tushare fund_basic.benchmark + index_basic,2026-09-04 10:05:42,True,20231031,20260903,692,1.493,6239378.800000001,8491635.200000001,11019536.391666666,6459.3326,96437835.71800001,,0,1.0,6239.3788,20231018,20260903
560280.SH,广发中证工程机械主题ETF,SH,20231030,,20231018,广发基金管理有限公司,L,931752.CSI,中证工程机械主题,中证指数有限公司,INDEX_BASIC,主题指数,EQUITY,True,True,False,True,True,,L2B_EX_REVSUB,中证工程机械主题,中证工程机械主题指数收益率×100%,Tushare fund_basic.benchmark + index_basic,2026-09-04 10:05:42,True,20231030,20260903,693,1.494,122358843.0,144744729.89999998,169267518.26666668,147825.2,2208508488.0,,0,1.0,122358.843,20231018,20260903
159546.SZ,国泰中证全指集成电路ETF,SZ,20231020,,20231011,国泰基金管理有限公司,L,,中证全指集成电路,中证指数有限公司,RULE_BASED,,EQUITY,True,True,False,True,True,,L5_RULE,中证全指集成电路,中证全指集成电路指数收益率×100%,Tushare fund_basic.benchmark + index_basic,2026-09-04 10:05:42,True,20231020,20260903,699,0.761,30482523.4,52930539.87000001,82972194.9366667,74992.7822,570695072.542,,0,3.0012,30482.5234,20231011,20260903
562590.SH,华夏中证半导体材料设备主题ETF,SH,20231018,,20231009,华夏基金管理有限公司,L,,中证半导体材料设备主题,中证指数有限公司,RULE_BASED,,EQUITY,True,True,False,True,True,,L5_RULE,中证半导体材料设备主题,中证半导体材料设备主题指数收益率×100%,Tushare fund_basic.benchmark + index_basic,2026-09-04 10:05:42,True,20231018,20260903,701,0.958,364309247.0,555819374.3000001,753016288.8166667,920898.9,8822211462.0,,0,3.0008,364309.247,20231009,20260903
563200.SH,富国中证2000ETF,SH,20231018,,20230928,富国基金管理有限公司,L,932000.CSI,中证2000,中证指数有限公司,INDEX_BASIC,规模指数,EQUITY,True,True,False,True,True,,L1_EX_EXACT,中证2000,中证2000指数收益率×100%,Tushare fund_basic.benchmark + index_basic,2026-09-04 10:05:42,True,20231018,20260903,701,1.539,11660936.0,13656464.200000003,14106548.4,5145.88,79195093.2,,0,1.0,11660.936,20230928,20260903
560020.SH,汇添富中证红利ETF,SH,20231016,,20230926,汇添富基金管理股份有限公司,L,000922.CSI,中证红利,中证指数有限公司,INDEX_BASIC,策略指数,EQUITY,True,True,False,True,True,,L1_EX_EXACT,中证红利,中证红利指数收益率×100%,Tushare fund_basic.benchmark + index_basic,2026-09-04 10:05:42,True,20231016,20260903,703,1.136,5646476.0,4707784.750000001,4576212.833333334,13156.2,149454432.0,,0,1.0749,5646.476,20230926,20260903
562030.SH,华宝中证信息技术应用创新产业ETF,SH,20231012,,20230926,华宝基金管理有限公司,L,399935.SZ,中证信息技术应用创新产业,中证指数有限公司,INDEX_BASIC,行业指数,EQUITY,True,True,False,True,True,,L2B_EX_REVSUB,中证信息技术应用创新产业,中证信息技术应用创新产业指数收益率×100%,Tushare fund_basic.benchmark + index_basic,2026-09-04 10:05:42,True,20231012,20260903,705,0.503,1286819.0,2895525.2500000005,5798150.766666668,13697.39,68897871.7,,0,1.9982,1286.819,20230926,20260903
159537.SZ,国泰国证信息技术创新主题ETF,SZ,20231010,,20230920,国泰基金管理有限公司,L,,国证信息技术创新主题,深圳证券信息有限公司,RULE_BASED,,EQUITY,True,True,False,False,True,,L5_RULE,国证信息技术创新主题,国证信息技术创新主题指数收益率×100%,Tushare fund_basic.benchmark + index_basic,2026-09-04 10:05:42,True,20231010,20260903,706,0.881,7367886.9,4995139.52,12545472.356666667,15028.5204,132401264.724,,0,2.0,7367.8869,20230920,20260903
159539.SZ,广发国证信息技术创新主题ETF,SZ,20230928,,20230920,广发基金管理有限公司,L,,国证信息技术创新主题,深圳证券信息有限公司,RULE_BASED,,EQUITY,True,True,False,False,True,,L5_RULE,国证信息技术创新主题,国证信息技术创新主题指数收益率×100%,Tushare fund_basic.benchmark + index_basic,2026-09-04 10:05:42,True,20230928,20260903,707,1.756,2347538.0,3649263.2450000006,9240462.49333333,5056.5182,88792459.59200001,,0,1.0,2347.538,20230920,20260903
159540.SZ,易方达国证信息技术创新主题ETF,SZ,20230928,,20230920,易方达基金管理有限公司,L,,国证信息技术创新主题,深圳证券信息有限公司,RULE_BASED,,EQUITY,True,True,False,False,True,,L5_RULE,国证信息技术创新主题,国证信息技术创新主题指数收益率×100%,Tushare fund_basic.benchmark + index_basic,2026-09-04 10:05:42,True,20230928,20260903,709,1.89,10601138.2,23583472.575,38589432.361666664,12250.5191,231534810.98999998,,0,1.0,10601.1382,20230920,20260903
159535.SZ,嘉实中证2000ETF,SZ,20230922,,20230914,嘉实基金管理有限公司,L,932000.CSI,中证2000,中证指数有限公司,INDEX_BASIC,规模指数,EQUITY,True,True,False,True,True,,L1_EX_EXACT,中证2000,中证2000指数收益率×100%,Tushare fund_basic.benchmark + index_basic,2026-09-04 10:05:42,True,20230922,20260903,713,1.508,8938818.0,6791218.23,8072772.346666667,2598.1088,39179480.704,,0,1.0,8938.818,20230914,20260903
159538.SZ,富国国证信息技术创新主题ETF,SZ,20230922,,20230914,富国基金管理有限公司,L,,国证信息技术创新主题,深圳证券信息有限公司,RULE_BASED,,EQUITY,True,True,False,False,True,,L5_RULE,国证信息技术创新主题,国证信息技术创新主题指数收益率×100%,Tushare fund_basic.benchmark + index_basic,2026-09-04 10:05:42,True,20230922,20260903,712,0.89,7387204.7,9608106.465,27449280.06,21660.8966,192781979.74,,0,1.999,7387.2047,20230914,20260903
159522.SZ,景顺长城国证2000ETF,SZ,20231016,20240828,20230913,景顺长城基金管理有限公司,D,399303.SZ,国证2000,深圳证券信息有限公司,INDEX_BASIC,规模指数,EQUITY,True,True,False,False,True,,L1_EX_EXACT,国证2000,国证2000指数收益率×100%,Tushare fund_basic.benchmark + index_basic,2026-09-04 10:05:42,True,20231016,20240819,208,0.777,1734945.0,2270598.6,1572085.366666667,1089.6935,8466918.495000001,,0,1.0,1734.945,20230913,20240821
159532.SZ,易方达中证2000ETF,SZ,20230921,,20230913,易方达基金管理有限公司,L,932000.CSI,中证2000,中证指数有限公司,INDEX_BASIC,规模指数,EQUITY,True,True,False,True,True,,L1_EX_EXACT,中证2000,中证2000指数收益率×100%,Tushare fund_basic.benchmark + index_basic,2026-09-04 10:05:42,True,20230921,20260903,714,1.661,40079212.5,43803846.49,47473720.24666666,15956.4791,265037117.851,,0,1.0,40079.2125,20230913,20260903
159536.SZ,汇添富中证2000ETF,SZ,20230921,,20230913,汇添富基金管理股份有限公司,L,932000.CSI,中证2000,中证指数有限公司,INDEX_BASIC,规模指数,EQUITY,True,True,False,True,True,,L1_EX_EXACT,中证2000,中证2000指数收益率×100%,Tushare fund_basic.benchmark + index_basic,2026-09-04 10:05:42,True,20230921,20260903,714,1.41,12740951.5,13495537.645,18136106.195000004,5326.1589,75098840.49,,0,1.0,12740.9515,20230913,20260903
561370.SH,国泰中证2000ETF,SH,20230921,,20230913,国泰基金管理有限公司,L,932000.CSI,中证2000,中证指数有限公司,INDEX_BASIC,规模指数,EQUITY,True,True,False,True,True,,L1_EX_EXACT,中证2000,中证2000指数收益率×100%,Tushare fund_basic.benchmark + index_basic,2026-09-04 10:05:42,True,20230921,20260903,714,1.431,2581043.0,2653582.1500000004,2343673.283333334,3235.6,46301436.0,,0,1.0,2581.043,20230913,20260903
560220.SH,广发中证2000ETF,SH,20230918,,20230908,广发基金管理有限公司,L,932000.CSI,中证2000,中证指数有限公司,INDEX_BASIC,规模指数,EQUITY,True,True,False,True,True,,L1_EX_EXACT,中证2000,中证2000指数收益率×100%,Tushare fund_basic.benchmark + index_basic,2026-09-04 10:05:42,True,20230918,20260903,717,1.44,7062771.0,8693080.750000002,7680752.2,6071.7,87432480.0,,0,1.0465,7062.771,20230908,20260903
159531.SZ,南方中证2000ETF,SZ,20230918,,20230907,南方基金管理股份有限公司,L,932000.CSI,中证2000,中证指数有限公司,INDEX_BASIC,规模指数,EQUITY,True,True,False,True,True,,L1_EX_EXACT,中证2000,中证2000指数收益率×100%,Tushare fund_basic.benchmark + index_basic,2026-09-04 10:05:42,True,20230918,20260903,717,1.472,174289163.6,210060941.73499998,208419421.54166663,101660.8406,1496447573.632,,0,1.0,174289.1636,20230907,20260903
562660.SH,华夏中证2000ETF,SH,20230914,,20230906,华夏基金管理有限公司,L,932000.CSI,中证2000,中证指数有限公司,INDEX_BASIC,规模指数,EQUITY,True,True,False,True,True,,L1_EX_EXACT,中证2000,中证2000指数收益率×100%,Tushare fund_basic.benchmark + index_basic,2026-09-04 10:05:42,True,20230914,20260903,719,1.895,67364197.0,60951570.499999985,55139627.55,36687.4,695226230.0,,0,1.0,67364.197,20230906,20260903
563300.SH,华泰柏瑞中证2000ETF,SH,20230914,,20230906,华泰柏瑞基金管理有限公司,L,932000.CSI,中证2000,中证指数有限公司,INDEX_BASIC,规模指数,EQUITY,True,True,False,True,True,,L1_EX_EXACT,中证2000,中证2000指数收益率×100%,Tushare fund_basic.benchmark + index_basic,2026-09-04 10:05:42,True,20230914,20260903,719,1.445,762208473.0,827758490.5999999,780064896.45,459367.4,6637858930.0,,0,1.0,762208.473,20230906,20260903
588030.SH,博时上证科创板100ETF,SH,20230915,,20230906,博时基金管理有限公司,L,,上证科创板100,中证指数有限公司/上海证券交易所,RULE_BASED,,EQUITY,True,True,False,True,True,,L5_RULE,上证科创板100,上证科创板100指数收益率×100%,Tushare fund_basic.benchmark + index_basic,2026-09-04 10:05:42,True,20230915,20260903,718,1.738,123531339.0,207388600.25,244101504.31666672,230983.81,4014498617.8,,0,1.0,123531.339,20230906,20260903
560260.SH,广发中证医疗ETF,SH,20230915,,20230906,广发基金管理有限公司,L,399989.SZ,中证医疗,中证指数有限公司,INDEX_BASIC,主题指数,EQUITY,True,True,False,True,True,,L1_EX_EXACT,中证医疗,中证医疗指数收益率×100%,Tushare fund_basic.benchmark + index_basic,2026-09-04 10:05:42,True,20230915,20260903,718,0.86,9226354.0,15568137.400000002,11762687.616666667,171566.47,1475471642.0,,0,1.0,9226.354,20230906,20260903
588120.SH,国泰上证科创板100ETF,SH,20230915,,20230906,国泰基金管理有限公司,L,,上证科创板100,中证指数有限公司/上海证券交易所,RULE_BASED,,EQUITY,True,True,False,True,True,,L5_RULE,上证科创板100,上证科创板100指数收益率×100%,Tushare fund_basic.benchmark + index_basic,2026-09-04 10:05:42,True,20230915,20260903,718,0.884,65869407.00000001,73044035.10000001,87785566.91666664,90762.2,802337848.0,,0,1.999,65869.407,20230906,20260903
588190.SH,银华上证科创板100ETF,SH,20230915,,20230906,银华基金管理股份有限公司,L,,上证科创板100,中证指数有限公司/上海证券交易所,RULE_BASED,,EQUITY,True,True,False,True,True,,L5_RULE,上证科创板100,上证科创板100指数收益率×100%,Tushare fund_basic.benchmark + index_basic,2026-09-04 10:05:42,True,20230915,20260903,718,1.732,73265568.0,108078326.15,152536980.28333333,135761.83,2351394895.5999994,,0,1.0,73265.568,20230906,20260903
588220.SH,鹏华上证科创板100ETF,SH,20230915,,20230906,鹏华基金管理有限公司,L,,上证科创板100,中证指数有限公司/上海证券交易所,RULE_BASED,,EQUITY,True,True,False,True,True,,L5_RULE,上证科创板100,上证科创板100指数收益率×100%,Tushare fund_basic.benchmark + index_basic,2026-09-04 10:05:42,True,20230915,20260903,718,1.743,545224336.0,677154502.15,599161625.45,378869.79,6603700439.700001,,0,1.0,545224.336,20230906,20260903
561060.SH,华安中证国有企业红利ETF,SH,20230921,,20230906,华安基金管理有限公司,L,,中证国有企业红利,中证指数有限公司,RULE_BASED,,EQUITY,True,True,False,True,True,,L5_RULE,中证国有企业红利,中证国有企业红利指数收益率×100%,Tushare fund_basic.benchmark + index_basic,2026-09-04 10:05:42,True,20230921,20260903,714,1.174,869168.0,1799852.75,4697957.7,4706.5,55254310.0,,0,1.0259,869.168,20230906,20260903
159523.SZ,华夏中证智选300成长创新策略ETF,SZ,20230919,,20230905,华夏基金管理有限公司,L,,中证智选300成长创新策略,中证指数有限公司,RULE_BASED,,EQUITY,True,True,False,True,True,,L5_RULE,中证智选300成长创新策略,中证智选300成长创新策略指数收益率×100%,Tushare fund_basic.benchmark + index_basic,2026-09-04 10:05:42,True,20230919,20260903,716,1.241,5508622.5,8237367.07,10958002.211666668,7051.7348,87512028.868,,0,1.0,5508.6225,20230905,20260903
560590.SH,鹏华中证1000增强策略ETF,SH,20230925,,20230901,鹏华基金管理有限公司,L,000852.SH,中证1000,中证指数有限公司,INDEX_BASIC,规模指数,EQUITY,True,False,False,True,False,NOT_PASSIVE,L1_EX_EXACT,中证1000,中证1000指数收益率×100%,Tushare fund_basic.benchmark + index_basic,2026-09-04 10:05:42,True,20230925,20260903,711,1.447,5492888.0,2703814.3499999996,3797205.4333333336,2271.0,32861370.0,,0,1.0,5492.888,20230901,20260903
561280.SH,工银瑞信中证1000增强策略ETF,SH,20230922,,20230831,工银瑞信基金管理有限公司,L,000852.SH,中证1000,中证指数有限公司,INDEX_BASIC,规模指数,EQUITY,True,False,False,True,False,NOT_PASSIVE,L1_EX_EXACT,中证1000,中证1000指数收益率×100%,Tushare fund_basic.benchmark + index_basic,2026-09-04 10:05:42,True,20230922,20260903,713,1.617,10062124.0,8313811.8,8972006.266666666,8484.77,137198730.9,,0,1.0,10062.124,20230831,20260903
159515.SZ,鹏扬中证国有企业红利ETF,SZ,20230906,,20230825,鹏扬基金管理有限公司,L,,中证国有企业红利,中证指数有限公司,RULE_BASED,,EQUITY,True,True,False,True,True,,L5_RULE,中证国有企业红利,中证国有企业红利指数收益率×100%,Tushare fund_basic.benchmark + index_basic,2026-09-04 10:05:42,True,20230906,20260903,724,1.211,1031286.7000000001,1670559.9150000003,2496187.7016666667,3458.6631,41884410.141,,0,1.0,1031.2867,20230825,20260903
159521.SZ,平安国证2000ETF,SZ,20230907,,20230825,平安基金管理有限公司,L,399303.SZ,国证2000,深圳证券信息有限公司,INDEX_BASIC,规模指数,EQUITY,True,True,False,False,True,,L1_EX_EXACT,国证2000,国证2000指数收益率×100%,Tushare fund_basic.benchmark + index_basic,2026-09-04 10:05:42,True,20230907,20260903,723,1.268,7831625.3,4296364.11,3785689.1200000006,1827.4435,23171983.580000002,,0,1.0,7831.6253,20230825,20260903
159517.SZ,银华中证800增强策略ETF,SZ,20230905,,20230823,银华基金管理股份有限公司,L,000906.SH,中证800,中证指数有限公司,INDEX_BASIC,规模指数,EQUITY,True,False,False,True,False,NOT_PASSIVE,L1_EX_EXACT,中证800,中证800指数收益率×100%,Tushare fund_basic.benchmark + index_basic,2026-09-04 10:05:42,True,20230905,20260903,724,1.341,3453291.1,4806583.869999999,4241638.638333334,874.2624,11723858.784,,0,1.0,3453.2911,20230823,20260903
588020.SH,易方达上证科创板成长ETF,SH,20230831,,20230823,易方达基金管理有限公司,L,,上证科创板成长,中证指数有限公司/上海证券交易所,RULE_BASED,,EQUITY,True,True,False,True,True,,L5_RULE,上证科创板成长,上证科创板成长指数收益率×100%,Tushare fund_basic.benchmark + index_basic,2026-09-04 10:05:42,True,20230831,20260903,729,0.842,371080309.0,317173052.99999994,266863518.06666666,220137.3,1853556066.0,,0,3.001,371080.309,20230823,20260903
588110.SH,广发上证科创板成长ETF,SH,20230831,,20230823,广发基金管理有限公司,L,,上证科创板成长,中证指数有限公司/上海证券交易所,RULE_BASED,,EQUITY,True,True,False,True,True,,L5_RULE,上证科创板成长,上证科创板成长指数收益率×100%,Tushare fund_basic.benchmark + index_basic,2026-09-04 10:05:42,True,20230831,20260903,729,0.619,40945634.0,69650412.95,58025366.63333333,104503.2,646874808.0,,0,3.9984,40945.634,20230823,20260903
561980.SH,招商中证半导体产业ETF,SH,20230901,,20230821,招商基金管理有限公司,L,931865.CSI,中证半导体产业,中证指数有限公司,INDEX_BASIC,主题指数,EQUITY,True,True,False,True,True,,L2B_EX_REVSUB,中证半导体产业,中证半导体产业指数收益率×100%,Tushare fund_basic.benchmark + index_basic,2026-09-04 10:05:42,True,20230901,20260903,728,0.662,252346459.0,355270987.7,570025289.0333333,861555.0,5703494100.0,,0,5.0024,252346.459,20230821,20260903
159510.SZ,华夏中证智选300价值稳健策略ETF,SZ,20230816,,20230731,华夏基金管理有限公司,L,,中证智选300价值稳健策略,中证指数有限公司,RULE_BASED,,EQUITY,True,True,False,True,True,,L5_RULE,中证智选300价值稳健策略,中证智选300价值稳健策略指数收益率×100%,Tushare fund_basic.benchmark + index_basic,2026-09-04 10:05:42,True,20230816,20260903,740,1.266,4213853.5,2932335.9899999998,4809184.206666667,6612.8342,83718480.972,,0,1.0,4213.8535,20230731,20260903
159511.SZ,南方中证通信服务ETF,SZ,20230807,,20230728,南方基金管理股份有限公司,L,,中证通信服务,中证指数有限公司,RULE_BASED,,EQUITY,True,True,False,True,True,,L5_RULE,中证通信服务,中证通信服务指数×100%,Tushare fund_basic.benchmark + index_basic,2026-09-04 10:05:42,True,20230807,20260903,747,2.306,11794438.200000001,20787018.81,30029368.59833333,14494.4573,334242185.338,,0,1.0,11794.4382,20230728,20260903
562850.SH,嘉实中证国新央企现代能源ETF,SH,20230809,,20230727,嘉实基金管理有限公司,L,932037.CSI,中证国新央企现代能源,中证指数有限公司,INDEX_BASIC,主题指数,EQUITY,True,True,False,True,True,,L2B_EX_REVSUB,中证国新央企现代能源,中证国新央企现代能源指数×100%,Tushare fund_basic.benchmark + index_basic,2026-09-04 10:05:42,True,20230809,20260903,745,1.275,6528142.0,9088310.399999999,12725479.35,17698.15,225651412.49999997,,0,1.0,6528.142,20230727,20260903
561260.SH,工银瑞信中证国新央企现代能源ETF,SH,20230809,,20230727,工银瑞信基金管理有限公司,L,932037.CSI,中证国新央企现代能源,中证指数有限公司,INDEX_BASIC,主题指数,EQUITY,True,True,False,True,True,,L2B_EX_REVSUB,中证国新央企现代能源,中证国新央企现代能源指数收益率×100%,Tushare fund_basic.benchmark + index_basic,2026-09-04 10:05:42,True,20230809,20260903,745,1.256,3250527.0,4808442.9,4940241.666666667,2309.52,29007571.2,,0,1.0,3250.527,20230727,20260903
561790.SH,博时中证国新央企现代能源ETF,SH,20230809,,20230727,博时基金管理有限公司,L,932037.CSI,中证国新央企现代能源,中证指数有限公司,INDEX_BASIC,主题指数,EQUITY,True,True,False,True,True,,L2B_EX_REVSUB,中证国新央企现代能源,中证国新央企现代能源指数收益率×100%,Tushare fund_basic.benchmark + index_basic,2026-09-04 10:05:42,True,20230809,20260903,745,1.268,4059984.0,2318602.8499999996,1933504.683333333,5603.4,71051112.0,,0,1.0,4059.984,20230727,20260903
159698.SZ,鹏华国证粮食产业ETF,SZ,20230818,,20230726,鹏华基金管理有限公司,L,,国证粮食产业,深圳证券信息有限公司,RULE_BASED,,EQUITY,True,True,False,False,True,,L5_RULE,国证粮食产业,国证粮食产业指数收益率×100%,Tushare fund_basic.benchmark + index_basic,2026-09-04 10:05:42,True,20230818,20260903,738,0.957,168764484.20000002,161823601.71999997,82145308.10166666,176994.4378,1693836769.746,,0,1.0,168764.4842,20230726,20260903
159516.SZ,国泰中证半导体材料设备主题ETF,SZ,20230727,,20230719,国泰基金管理有限公司,L,,中证半导体材料设备主题,中证指数有限公司,RULE_BASED,,EQUITY,True,True,False,True,True,,L5_RULE,中证半导体材料设备主题,中证半导体材料设备主题指数收益率×100%,Tushare fund_basic.benchmark + index_basic,2026-09-04 10:05:42,True,20230727,20260903,754,0.678,2028416378.7,3785992352.9649997,5389184908.041668,6185935.9972,41940646061.01601,,0,3.9979,2028416.3787,20230719,20260903
560950.SH,汇添富中证500增强策略ETF,SH,20230731,,20230719,汇添富基金管理股份有限公司,L,000905.SH,中证500,中证指数有限公司,INDEX_BASIC,规模指数,EQUITY,True,False,False,True,False,NOT_PASSIVE,L1_EX_EXACT,中证500,中证500指数收益率×100%,Tushare fund_basic.benchmark + index_basic,2026-09-04 10:05:42,True,20230731,20260903,752,1.369,2054606.0000000002,1249418.0499999998,1187858.3666666672,1548.3,21196227.0,,0,1.0,2054.606,20230719,20260903
159512.SZ,广发中证全指汽车ETF,SZ,20230725,,20230713,广发基金管理有限公司,L,,中证全指汽车,中证指数有限公司,RULE_BASED,,EQUITY,True,True,False,True,True,,L5_RULE,中证全指汽车,中证全指汽车指数×100%,Tushare fund_basic.benchmark + index_basic,2026-09-04 10:05:42,True,20230725,20260903,756,1.022,13332493.399999999,15476759.544999998,15121958.866666665,11126.4855,113712681.81,,0,1.0,13332.4934,20230713,20260903
159686.SZ,易方达中证A100ETF,SZ,20230719,,20230711,易方达基金管理有限公司,L,000903.SH,中证A100,中证指数有限公司,INDEX_BASIC,规模指数,EQUITY,True,True,False,True,True,,L1_EX_EXACT,中证A100,中证A100指数收益率×100%,Tushare fund_basic.benchmark + index_basic,2026-09-04 10:05:42,True,20230719,20260903,759,1.266,6695823.3,12852179.75,14222270.746666668,7781.5386,98514278.676,,0,1.0,6695.8233,20230711,20260903
563010.SH,易方达中证电信主题ETF,SH,20230713,,20230705,易方达基金管理有限公司,L,,中证电信主题,中证指数有限公司,RULE_BASED,,EQUITY,True,True,False,True,True,,L5_RULE,中证电信主题,中证电信主题指数收益率×100%,Tushare fund_basic.benchmark + index_basic,2026-09-04 10:05:42,True,20230713,20260903,764,2.15,8320968.000000001,10706938.299999999,12671804.166666666,8818.93,189606995.0,,0,1.0,8320.968,20230705,20260903
159503.SZ,鹏扬国证财富管理ETF,SZ,20230720,20240719,20230629,鹏扬基金管理有限公司,D,,国证财富管理,深圳证券信息有限公司,RULE_BASED,,EQUITY,True,True,False,False,True,,L5_RULE,国证财富管理,国证财富管理指数收益率×100%,Tushare fund_basic.benchmark + index_basic,2026-09-04 10:05:42,True,20230720,20240711,237,0.918,4217760.0,6427531.7,6728908.333333334,877.7361,8057617.398,,0,1.0,4217.76,20230629,20240718
159508.SZ,华安国证生物医药ETF,SZ,20230714,,20230629,华安基金管理有限公司,L,399441.SZ,国证生物医药,深圳证券信息有限公司,INDEX_BASIC,主题指数,EQUITY,True,True,False,False,True,,L2B_EX_REVSUB,国证生物医药,国证生物医药指数收益率×100%,Tushare fund_basic.benchmark + index_basic,2026-09-04 10:05:42,True,20230714,20260903,762,0.808,4421946.0,16481225.07,12763877.519999998,9343.1598,75492731.184,,0,1.0,4421.946,20230629,20260903
562380.SH,银华中证国新央企科技引领ETF,SH,20230706,,20230626,银华基金管理股份有限公司,L,932038.CSI,中证国新央企科技引领,中证指数有限公司,INDEX_BASIC,主题指数,EQUITY,True,True,False,True,True,,L2B_EX_REVSUB,中证国新央企科技引领,中证国新央企科技引领指数收益率×100%,Tushare fund_basic.benchmark + index_basic,2026-09-04 10:05:42,True,20230706,20260903,769,1.236,1021238.0,4960828.5,9325781.166666664,7512.89,92859320.4,,0,1.0,1021.238,20230626,20260903
563050.SH,易方达中证国新央企科技引领ETF,SH,20230706,,20230621,易方达基金管理有限公司,L,932038.CSI,中证国新央企科技引领,中证指数有限公司,INDEX_BASIC,主题指数,EQUITY,True,True,False,True,True,,L2B_EX_REVSUB,中证国新央企科技引领,中证国新央企科技引领指数收益率×100%,Tushare fund_basic.benchmark + index_basic,2026-09-04 10:05:42,True,20230706,20260903,769,1.31,6775100.0,9631409.000000002,14601867.283333331,14320.84,187603004.0,,0,1.0,6775.1,20230621,20260903
560170.SH,南方中证国新央企科技引领ETF,SH,20230706,,20230621,南方基金管理股份有限公司,L,932038.CSI,中证国新央企科技引领,中证指数有限公司,INDEX_BASIC,主题指数,EQUITY,True,True,False,True,True,,L2B_EX_REVSUB,中证国新央企科技引领,中证国新央企科技引领指数收益率×100%,Tushare fund_basic.benchmark + index_basic,2026-09-04 10:05:42,True,20230706,20260903,769,1.224,27014225.0,30270851.900000002,50858675.016666666,38249.55,468174492.0,,0,1.0,27014.225,20230621,20260903
159673.SZ,鹏华沪深300ETF,SZ,20230717,,20230621,鹏华基金管理有限公司,L,000300.SH,沪深300,中证指数有限公司、上海证券交易所,INDEX_BASIC,规模指数,EQUITY,True,True,False,True,True,,L1_EX_EXACT,沪深300,沪深300指数收益率×100%,Tushare fund_basic.benchmark + index_basic,2026-09-04 10:05:42,True,20230717,20260903,762,1.273,68194924.7,63867534.25500002,89617373.27166666,176152.8385,2242425634.105,,0,1.0,68194.9247,20230621,20260903
560030.SH,汇添富中证800价值ETF,SH,20230710,,20230620,汇添富基金管理股份有限公司,L,,中证800价值,中证指数有限公司,RULE_BASED,,EQUITY,True,True,False,True,True,,L5_RULE,中证800价值,中证800价值指数收益率×100%,Tushare fund_basic.benchmark + index_basic,2026-09-04 10:05:42,True,20230710,20260903,766,1.321,436249.0,434640.35000000003,494093.64999999997,2343.2,30953672.0,,0,1.0,436.249,20230620,20260903
159507.SZ,广发国证通信ETF,SZ,20230621,,20230608,广发基金管理有限公司,L,399389.SZ,国证通信,深圳证券信息有限公司,INDEX_BASIC,主题指数,EQUITY,True,True,False,False,True,,L1_EX_EXACT,国证通信,国证通信指数×100%,Tushare fund_basic.benchmark + index_basic,2026-09-04 10:05:42,True,20230621,20260903,776,0.849,34751552.4,59638050.595,87741804.46000001,83083.0902,705375435.7980001,,0,3.001,34751.5524,20230608,20260903
562920.SH,易方达中证信息安全主题ETF,SH,20230612,,20230531,易方达基金管理有限公司,L,399994.SZ,中证信息安全主题,中证指数有限公司,INDEX_BASIC,主题指数,EQUITY,True,True,False,True,True,,L4_NORM_EX,中证信息安全主题,中证信息安全主题指数收益率×100%,Tushare fund_basic.benchmark + index_basic,2026-09-04 10:05:42,True,20230612,20260903,785,0.944,5716883.0,8009554.299999999,8724700.416666666,8906.9,84081136.0,,0,1.0,5716.883,20230531,20260903
560070.SH,汇添富中证国新央企股东回报ETF,SH,20230606,,20230524,汇添富基金管理股份有限公司,L,932039.CSI,中证国新央企股东回报,中证指数有限公司,INDEX_BASIC,策略指数,EQUITY,True,True,False,True,True,,L2B_EX_REVSUB,中证国新央企股东回报,中证国新央企股东回报指数×100%,Tushare fund_basic.benchmark + index_basic,2026-09-04 10:05:42,True,20230606,20260903,789,1.194,566529.0,1809935.5000000002,3598118.6999999997,8236.23,98340586.2,,0,1.0821,566.529,20230524,20260903
560700.SH,广发中证国新央企股东回报ETF,SH,20230606,,20230524,广发基金管理有限公司,L,932039.CSI,中证国新央企股东回报,中证指数有限公司,INDEX_BASIC,策略指数,EQUITY,True,True,False,True,True,,L2B_EX_REVSUB,中证国新央企股东回报,中证国新央企股东回报指数×100%,Tushare fund_basic.benchmark + index_basic,2026-09-04 10:05:42,True,20230606,20260903,789,1.226,7651084.0,8567400.450000001,12329437.866666667,44803.69,549293239.4,,0,1.1072,7651.084,20230524,20260903
561960.SH,招商中证国新央企股东回报ETF,SH,20230606,,20230524,招商基金管理有限公司,L,932039.CSI,中证国新央企股东回报,中证指数有限公司,INDEX_BASIC,策略指数,EQUITY,True,True,False,True,True,,L2B_EX_REVSUB,中证国新央企股东回报,中证国新央企股东回报指数收益率×100%,Tushare fund_basic.benchmark + index_basic,2026-09-04 10:05:42,True,20230606,20260903,789,1.298,876520.0,585881.05,1371213.65,5678.52,73707189.60000001,,0,1.0221,876.52,20230524,20260903
562930.SH,易方达中证软件服务ETF,SH,20230605,,20230522,易方达基金管理有限公司,L,930601.CSI,中证软件服务,中证指数有限公司,INDEX_BASIC,主题指数,EQUITY,True,True,False,True,True,,L2B_EX_REVSUB,中证软件服务,中证软件服务指数收益率×100%,Tushare fund_basic.benchmark + index_basic,2026-09-04 10:05:42,True,20230605,20260903,790,0.705,38507494.0,82169683.1,66737580.083333336,171343.7,1207973085.0,,0,1.0,38507.494,20230522,20260903
561580.SH,华泰柏瑞中证中央企业红利ETF,SH,20230530,,20230518,华泰柏瑞基金管理有限公司,L,,中证中央企业红利,中证指数有限公司,RULE_BASED,,EQUITY,True,True,False,True,True,,L5_RULE,中证中央企业红利,中证中央企业红利指数收益率×100%,Tushare fund_basic.benchmark + index_basic,2026-09-04 10:05:42,True,20230530,20260903,794,1.27,89684345.0,81230598.6,91002053.43333334,189687.07,2409025789.0,,0,1.1229,89684.345,20230518,20260903
560330.SH,申万菱信沪深300价值ETF,SH,20230523,,20230511,申万菱信基金管理有限公司,L,,沪深300价值,UNKNOWN,RULE_BASED,,EQUITY,True,True,False,False,True,,L5_RULE,沪深300价值,沪深300价值指数收益率×100%,Tushare fund_basic.benchmark + index_basic,2026-09-04 10:05:42,True,20230523,20260903,799,1.255,135060.0,386827.6500000001,729447.35,1713.0,21498150.0,,0,1.0,135.06,20230511,20260903
159692.SZ,东财中证证券公司30ETF,SZ,20230523,,20230505,东财基金管理有限公司,L,,中证证券公司30,中证指数有限公司,RULE_BASED,,EQUITY,True,True,False,True,True,,L5_RULE,中证证券公司30,中证证券公司30指数收益率×100%,Tushare fund_basic.benchmark + index_basic,2026-09-04 10:05:42,True,20230523,20260903,799,1.222,72186864.3,87851514.71,127669032.845,144145.5969,1761459194.118,,0,1.0,72186.8643,20230505,20260903
560580.SH,南方中证全指电力公用事业ETF,SH,20230512,,20230427,南方基金管理股份有限公司,L,,中证全指电力公用事业,中证指数有限公司,RULE_BASED,,EQUITY,True,True,False,True,True,,L5_RULE,中证全指电力公用事业,中证全指电力公用事业指数×100%,Tushare fund_basic.benchmark + index_basic,2026-09-04 10:05:42,True,20230512,20260903,806,1.104,7046412.0,10661848.150000002,16467338.833333332,43500.3,480243312.00000006,,0,1.0,7046.412,20230511,20260903
159695.SZ,嘉实国证通信ETF,SZ,20230510,,20230427,嘉实基金管理有限公司,L,399389.SZ,国证通信,深圳证券信息有限公司,INDEX_BASIC,主题指数,EQUITY,True,True,False,False,True,,L1_EX_EXACT,国证通信,国证通信指数收益率×100%,Tushare fund_basic.benchmark + index_basic,2026-09-04 10:05:42,True,20230510,20260903,808,0.932,27683919.7,59499326.965,83417867.90333335,84943.6258,791674592.4560001,,0,3.0011,27683.9197,20230510,20260903
159622.SZ,东财中证沪港深创新药产业ETF,SZ,20230509,,20230421,东财基金管理有限公司,L,980086.CNI,中证沪港深创新药产业,深圳证券信息有限公司,INDEX_BASIC,主题指数,EQUITY,False,True,True,False,False,CROSS/MIXED;NOT_DOMESTIC_A_SHARE,L2B_EX_REVSUB,中证沪港深创新药产业,中证沪港深创新药产业指数收益率×100%,Tushare fund_basic.benchmark + index_basic,2026-09-04 10:05:42,True,20230509,20260903,809,1.192,86104633.10000001,150089070.79500002,166192994.245,115460.3238,1376287059.6959999,,0,1.0,86104.6331,20230509,20260903
159697.SZ,鹏华国证石油天然气ETF,SZ,20230504,,20230417,鹏华基金管理有限公司,L,,国证石油天然气,深圳证券信息有限公司,RULE_BASED,,EQUITY,True,True,False,False,True,,L5_RULE,国证石油天然气,国证石油天然气指数收益率×100%,Tushare fund_basic.benchmark + index_basic,2026-09-04 10:05:42,True,20230504,20260903,812,1.328,39405013.2,47016374.575,69412540.37166667,100902.2006,1339981223.9680002,,0,1.0,39405.0132,20230504,20260903
159670.SZ,国联安中证消费50ETF,SZ,20230509,,20230414,国联安基金管理有限公司,L,000126.SH,中证消费50,中证指数有限公司、上海证券交易所,INDEX_BASIC,主题指数,EQUITY,True,True,False,True,True,,L2B_EX_REVSUB,中证消费50,中证消费50指数收益率×100%,Tushare fund_basic.benchmark + index_basic,2026-09-04 10:05:42,True,20230509,20260903,809,0.873,1730391.9000000001,2999984.3950000005,3299534.473333333,5570.6921,48632142.033,,0,1.0,1730.3919,20230509,20260903
560180.SH,南方沪深300ESG基准ETF,SH,20230421,,20230413,南方基金管理股份有限公司,L,,沪深300ESG基准,UNKNOWN,RULE_BASED,,EQUITY,True,True,False,False,True,,L5_RULE,沪深300ESG基准,沪深300ESG基准指数×100%,Tushare fund_basic.benchmark + index_basic,2026-09-04 10:05:42,True,20230421,20260903,818,1.181,3435755.0,2640262.85,4534521.833333333,1560.3,18427143.0,,0,1.0,3435.755,20230413,20260903
562330.SH,银华中证500价值ETF,SH,20230418,,20230407,银华基金管理股份有限公司,L,,中证500价值,中证指数有限公司,RULE_BASED,,EQUITY,True,True,False,True,True,,L5_RULE,中证500价值,中证500价值指数收益率×100%,Tushare fund_basic.benchmark + index_basic,2026-09-04 10:05:42,True,20230418,20260903,821,1.246,1149899.0,2057279.5500000003,1485743.0500000005,1201.89,14975549.400000002,,0,1.0,1149.899,20230407,20260903
562960.SH,易方达中证绿色电力ETF,SH,20230412,,20230403,易方达基金管理有限公司,L,,中证绿色电力,中证指数有限公司,RULE_BASED,,EQUITY,True,True,False,True,True,,L5_RULE,中证绿色电力,中证绿色电力指数收益率×100%,Tushare fund_basic.benchmark + index_basic,2026-09-04 10:05:42,True,20230412,20260903,825,1.143,21764730.0,33478804.349999998,47982553.8,123139.1,1407479913.0,,0,1.0,21764.73,20230403,20260903
561950.SH,招商中证500增强策略ETF,SH,20230424,,20230329,招商基金管理有限公司,L,000905.SH,中证500,中证指数有限公司,INDEX_BASIC,规模指数,EQUITY,True,False,False,True,False,NOT_PASSIVE,L1_EX_EXACT,中证500,中证500指数收益率×100%,Tushare fund_basic.benchmark + index_basic,2026-09-04 10:05:42,True,20230424,20260903,817,1.377,7052050.0,6002131.3,5833977.7,7215.6,99358812.0,,0,1.0,7052.05,20230329,20260903
159672.SZ,博时中证主要消费ETF,SZ,20230403,,20230323,博时基金管理有限公司,L,,中证主要消费,中证指数有限公司,RULE_BASED,,EQUITY,True,True,False,True,True,,L5_RULE,中证主要消费,中证主要消费指数收益率×100%,Tushare fund_basic.benchmark + index_basic,2026-09-04 10:05:42,True,20230403,20260903,831,0.629,2356466.4,3041373.8249999997,4200408.135000001,13188.7409,82957180.261,,0,1.0,2356.4664,20230323,20260903
159676.SZ,富国创业板增强策略ETF,SZ,20230412,,20230323,富国基金管理有限公司,L,395004.SZ,创业板,深圳证券交易所,INDEX_BASIC,其他指数,EQUITY,True,False,False,False,False,NOT_PASSIVE,L1_EX_EXACT,创业板,创业板指数收益率×100%,Tushare fund_basic.benchmark + index_basic,2026-09-04 10:05:42,True,20230412,20260903,825,1.548,17461537.5,19565774.71,19978404.745000005,13656.4183,211401355.284,,0,1.0,17461.5375,20230323,20260903
159685.SZ,天弘中证1000增强策略ETF,SZ,20230403,,20230315,天弘基金管理有限公司,L,000852.SH,中证1000,中证指数有限公司,INDEX_BASIC,规模指数,EQUITY,True,False,False,True,False,NOT_PASSIVE,L1_EX_EXACT,中证1000,中证1000指数收益率×100%,Tushare fund_basic.benchmark + index_basic,2026-09-04 10:05:42,True,20230403,20260903,829,1.461,1335009.1,2403909.0500000007,3573785.4549999996,1944.0067,28401937.887000002,,0,1.0,1335.0091,20230315,20260903
561920.SH,招商中证疫苗与生物技术ETF,SH,20230329,,20230315,招商基金管理有限公司,L,,中证疫苗与生物技术,中证指数有限公司,RULE_BASED,,EQUITY,True,True,False,True,True,,L5_RULE,中证疫苗与生物技术,中证疫苗与生物技术指数收益率×100%,Tushare fund_basic.benchmark + index_basic,2026-09-04 10:05:42,True,20230329,20260903,834,0.656,1752012.0,5598583.199999999,2828236.7166666663,6269.2,41125952.0,,0,1.0,1752.012,20230315,20260903
562550.SH,华夏中证绿色电力ETF,SH,20230327,,20230307,华夏基金管理有限公司,L,,中证绿色电力,中证指数有限公司,RULE_BASED,,EQUITY,True,True,False,True,True,,L5_RULE,中证绿色电力,中证绿色电力指数收益率×100%,Tushare fund_basic.benchmark + index_basic,2026-09-04 10:05:42,True,20230327,20260903,836,1.139,77240854.0,84579333.10000002,124575834.84999998,150291.93,1711825082.7,,0,1.0,77240.854,20230307,20260903
159653.SZ,国联安国证ESG300ETF,SZ,20230324,,20230306,国联安基金管理有限公司,L,399378.SZ,国证ESG300,深圳证券信息有限公司,INDEX_BASIC,策略指数,EQUITY,True,True,False,False,True,,L2B_EX_REVSUB,国证ESG300,国证ESG300指数收益率×100%,Tushare fund_basic.benchmark + index_basic,2026-09-04 10:05:42,True,20230324,20260903,803,1.181,13789.400000000001,28607.824999999997,41698.315,5297.2068,62560012.308000006,,0,1.0,13.7894,20230306,20260903
159689.SZ,南方中证主要消费ETF,SZ,20230313,,20230303,南方基金管理股份有限公司,L,,中证主要消费,中证指数有限公司,RULE_BASED,,EQUITY,True,True,False,True,True,,L5_RULE,中证主要消费,中证主要消费指数×100%,Tushare fund_basic.benchmark + index_basic,2026-09-04 10:05:42,True,20230313,20260903,845,0.635,842532.2,2610317.125,3091474.9966666666,8614.7787,54703844.74500001,,0,1.0,842.5322,20230303,20260903
561170.SH,富国中证绿色电力ETF,SH,20230316,,20230302,富国基金管理有限公司,L,,中证绿色电力,中证指数有限公司,RULE_BASED,,EQUITY,True,True,False,True,True,,L5_RULE,中证绿色电力,中证绿色电力指数收益率×100%,Tushare fund_basic.benchmark + index_basic,2026-09-04 10:05:42,True,20230316,20260903,843,1.147,37674888.0,37834192.54999999,46366443.85,53403.27,612535506.9,,0,1.0,37674.888,20230302,20260903
560090.SH,汇添富中证全指证券公司ETF,SH,20230315,,20230227,汇添富基金管理股份有限公司,L,,中证全指证券公司,中证指数有限公司,RULE_BASED,,EQUITY,True,True,False,True,True,,L5_RULE,中证全指证券公司,中证全指证券公司指数收益率×100%,Tushare fund_basic.benchmark + index_basic,2026-09-04 10:05:42,True,20230315,20260903,844,1.179,92214167.0,100327788.64999998,129261796.41666667,228736.5,2696803335.0,,0,1.0,92214.167,20230227,20260903
159657.SZ,鹏华国证疫苗与生物科技ETF,SZ,20230313,,20230222,鹏华基金管理有限公司,L,,国证疫苗与生物科技,深圳证券信息有限公司,RULE_BASED,,EQUITY,True,True,False,False,True,,L5_RULE,国证疫苗与生物科技,国证疫苗与生物科技指数收益率×100%,Tushare fund_basic.benchmark + index_basic,2026-09-04 10:05:42,True,20230313,20260903,846,0.588,2338539.8,6774609.309999998,3383198.33,16251.4819,95558713.572,,0,1.0,2338.5398,20230222,20260903
563030.SH,易方达中证500增强策略ETF,SH,20230313,,20230217,易方达基金管理有限公司,L,000905.SH,中证500,中证指数有限公司,INDEX_BASIC,规模指数,EQUITY,True,False,False,True,False,NOT_PASSIVE,L1_EX_EXACT,中证500,中证500指数收益率×100%,Tushare fund_basic.benchmark + index_basic,2026-09-04 10:05:42,True,20230313,20260903,846,1.575,4060831.0,5379317.95,6548814.583333334,12716.9,200291175.0,,0,1.0,4060.831,20230217,20260903
159671.SZ,工银瑞信中证稀有金属主题ETF,SZ,20230310,,20230217,工银瑞信基金管理有限公司,L,,中证稀有金属主题,中证指数有限公司,RULE_BASED,,EQUITY,True,True,False,True,True,,L5_RULE,中证稀有金属主题,中证稀有金属主题指数收益率×100%,Tushare fund_basic.benchmark + index_basic,2026-09-04 10:05:42,True,20230310,20260903,847,1.299,39469807.5,47495871.57999999,70033971.76166666,90055.1737,1169816706.363,,0,1.0,39469.8075,20230217,20260903
562860.SH,嘉实中证疫苗与生物技术ETF,SH,20230224,,20230216,嘉实基金管理有限公司,L,,中证疫苗与生物技术,中证指数有限公司,RULE_BASED,,EQUITY,True,True,False,True,True,,L5_RULE,中证疫苗与生物技术,中证疫苗与生物技术指数收益率×100%,Tushare fund_basic.benchmark + index_basic,2026-09-04 10:05:42,True,20230224,20260903,857,0.65,13017554.0,22969464.849999998,15023736.83333333,33289.5,216381750.0,,0,1.0,13017.554,20230216,20260903
159678.SZ,博时中证500增强策略ETF,SZ,20230227,,20230213,博时基金管理有限公司,L,000905.SH,中证500,中证指数有限公司,INDEX_BASIC,规模指数,EQUITY,True,False,False,True,False,NOT_PASSIVE,L1_EX_EXACT,中证500,中证500指数收益率×100%,Tushare fund_basic.benchmark + index_basic,2026-09-04 10:05:42,True,20230227,20260903,856,1.538,1612636.2999999998,4237085.91,6444165.1383333355,8914.3694,137103001.372,,0,1.0,1612.6363,20230213,20260903
159679.SZ,国泰中证1000增强策略ETF,SZ,20230222,,20230209,国泰基金管理有限公司,L,000852.SH,中证1000,中证指数有限公司,INDEX_BASIC,规模指数,EQUITY,True,False,False,True,False,NOT_PASSIVE,L1_EX_EXACT,中证1000,中证1000指数收益率×100%,Tushare fund_basic.benchmark + index_basic,2026-09-04 10:05:42,True,20230222,20260903,859,1.286,5655592.7,6063803.6,6341394.868333334,5528.9156,71101854.616,,0,1.0,5655.5927,20230209,20260903
159666.SZ,华夏中证全指运输ETF,SZ,20230213,,20230113,华夏基金管理有限公司,L,,中证全指运输,中证指数有限公司,RULE_BASED,,EQUITY,True,True,False,True,True,,L5_RULE,中证全指运输,中证全指运输指数收益率×100%,Tushare fund_basic.benchmark + index_basic,2026-09-04 10:05:42,True,20230213,20260903,866,0.992,19969331.8,22689235.130000003,21405683.544999998,11083.2905,109946241.75999999,,0,1.0,19969.3318,20230113,20260903
159669.SZ,国泰国证绿色电力ETF,SZ,20230111,,20221229,国泰基金管理有限公司,L,,国证绿色电力,深圳证券信息有限公司,RULE_BASED,,EQUITY,True,True,False,False,True,,L5_RULE,国证绿色电力,国证绿色电力指数收益率×100%,Tushare fund_basic.benchmark + index_basic,2026-09-04 10:05:42,True,20230111,20260903,884,1.115,2469805.5,3729520.0149999997,6052677.188333333,20025.4781,223284080.815,,0,1.0,2469.8055,20221229,20260903
159683.SZ,嘉实中证内地运输主题ETF,SZ,20230109,20250115,20221229,嘉实基金管理有限公司,D,000945.CSI,中证内地运输主题,中证指数有限公司,INDEX_BASIC,主题指数,EQUITY,True,True,False,True,True,,L4_NORM_CSI,中证内地运输主题,中证内地运输主题指数收益率×100%,Tushare fund_basic.benchmark + index_basic,2026-09-04 10:05:42,True,20230109,20250106,483,0.949,3851276.0,3277317.0500000007,3018378.033333333,1711.5396,16242510.804,,0,1.0,3851.276,20221229,20250108
560960.SH,摩根中证碳中和60ETF,SH,20230113,20250626,20221229,摩根基金管理(中国)有限公司,D,931772.CSI,中证碳中和60,中证指数有限公司、上海证券交易所,INDEX_BASIC,主题指数,EQUITY,True,True,False,True,True,,L2B_EX_REVSUB,中证碳中和60,中证碳中和60指数收益率×100%,Tushare fund_basic.benchmark + index_basic,2026-09-04 10:05:42,True,20230113,20250421,547,0.752,1826679.0,4978103.949999999,7160232.433333334,1559.89,11730372.8,,0,1.0,1826.679,20221229,20250421
562320.SH,银华沪深300价值ETF,SH,20230112,,20221229,银华基金管理股份有限公司,L,,沪深300价值,UNKNOWN,RULE_BASED,,EQUITY,True,True,False,False,True,,L5_RULE,沪深300价值,沪深300价值指数×100%,Tushare fund_basic.benchmark + index_basic,2026-09-04 10:05:42,True,20230112,20260903,883,1.357,6601041.0,6346152.449999999,7944033.5,5529.55,75035993.5,,0,1.0,6601.041,20221229,20260903
159656.SZ,万家沪深300成长ETF,SZ,20230116,,20221228,万家基金管理有限公司,L,,沪深300成长,UNKNOWN,RULE_BASED,,EQUITY,True,True,False,False,True,,L5_RULE,沪深300成长,沪深300成长指数收益率×100%,Tushare fund_basic.benchmark + index_basic,2026-09-04 10:05:42,True,20230116,20260903,881,1.183,7905879.7,10410492.129999999,15970127.003333334,22423.8451,265274087.53300002,,0,1.0,7905.8797,20221228,20260903
588320.SH,广发中证科创创业50增强策略ETF,SH,20230106,,20221228,广发基金管理有限公司,L,931643.CSI,中证科创创业50,中证指数有限公司,INDEX_BASIC,规模指数,EQUITY,True,False,False,True,False,NOT_PASSIVE,L2B_EX_REVSUB,中证科创创业50,中证科创创业50指数收益率×100%,Tushare fund_basic.benchmark + index_basic,2026-09-04 10:05:42,True,20230106,20260903,886,1.668,6241000.0,10875303.45,16199769.966666667,8382.46,139819432.79999998,,0,1.0,6241.0,20221228,20260903
159682.SZ,景顺长城创业板50ETF,SZ,20230103,,20221223,景顺长城基金管理有限公司,L,399673.SZ,创业板50,深圳证券信息有限公司、深圳证券交易所,INDEX_BASIC,规模指数,EQUITY,True,True,False,False,True,,L1_EX_EXACT,创业板50,创业板50指数收益率×100%,Tushare fund_basic.benchmark + index_basic,2026-09-04 10:05:42,True,20230103,20260903,890,1.51,168120064.2,271576949.86,422411336.07500005,336230.767,5077084581.7,,0,1.0,168120.0642,20221223,20260903
159665.SZ,工银瑞信国证半导体芯片ETF,SZ,20230106,,20221222,工银瑞信基金管理有限公司,L,,国证半导体芯片,深圳证券信息有限公司,RULE_BASED,,EQUITY,True,True,False,False,True,,L5_RULE,国证半导体芯片,国证半导体芯片指数收益率×100%,Tushare fund_basic.benchmark + index_basic,2026-09-04 10:05:42,True,20230106,20260903,887,2.356,30200277.7,53819076.5,88407093.835,25157.686,592715082.1600001,,0,1.0,30200.2777,20221222,20260903
159681.SZ,鹏华创业板50ETF,SZ,20230103,,20221221,鹏华基金管理有限公司,L,399673.SZ,创业板50,深圳证券信息有限公司、深圳证券交易所,INDEX_BASIC,规模指数,EQUITY,True,True,False,False,True,,L1_EX_EXACT,创业板50,创业板50指数收益率×100%,Tushare fund_basic.benchmark + index_basic,2026-09-04 10:05:42,True,20230103,20260903,890,1.532,93758237.8,101564148.08500001,167083490.69833332,106777.2337,1635827220.284,,0,1.0,93758.2378,20221221,20260903
561000.SH,华安沪深300增强策略ETF,SH,20230111,,20221221,华安基金管理有限公司,L,000300.SH,沪深300,中证指数有限公司、上海证券交易所,INDEX_BASIC,规模指数,EQUITY,True,False,False,True,False,NOT_PASSIVE,L1_EX_EXACT,沪深300,沪深300指数收益率×100%,Tushare fund_basic.benchmark + index_basic,2026-09-04 10:05:42,True,20230111,20260903,884,1.303,7121830.0,6090657.350000001,5651845.366666666,4992.0,65045760.0,,0,1.0,7121.83,20221221,20260903
562010.SH,华宝中证绿色能源ETF,SH,20230103,,20221216,华宝基金管理有限公司,L,931733.CSI,中证绿色能源,中证指数有限公司,INDEX_BASIC,主题指数,EQUITY,True,True,False,True,True,,L2B_EX_REVSUB,中证绿色能源,中证绿色能源指数收益率×100%,Tushare fund_basic.benchmark + index_basic,2026-09-04 10:05:42,True,20230103,20260903,890,0.838,158009.0,438220.6499999999,640877.3666666665,1829.87,15334310.6,,0,1.0,158.009,20221216,20260903
588370.SH,南方上证科创板50成份增强策略ETF,SH,20221213,,20221201,南方基金管理股份有限公司,L,,上证科创板50成份,中证指数有限公司/上海证券交易所,RULE_BASED,,EQUITY,True,False,False,True,False,NOT_PASSIVE,L5_RULE,上证科创板50成份,上证科创板50成份指数收益率×100%,Tushare fund_basic.benchmark + index_basic,2026-09-04 10:05:42,True,20221213,20260903,904,1.725,4657834.0,8120978.600000002,11365071.666666666,7327.2,126394200.0,,0,1.0,4657.834,20221201,20260903
588460.SH,鹏华上证科创板50成份增强策略ETF,SH,20230105,,20221201,鹏华基金管理有限公司,L,,上证科创板50成份,中证指数有限公司/上海证券交易所,RULE_BASED,,EQUITY,True,False,False,True,False,NOT_PASSIVE,L5_RULE,上证科创板50成份,上证科创板50成份指数收益率×100%,Tushare fund_basic.benchmark + index_basic,2026-09-04 10:05:42,True,20230105,20260903,888,2.008,32422101.0,56387615.25000001,86996830.15000002,64951.4,1304224112.0,,0,1.0,32422.101,20221201,20260903
561320.SH,国泰中证内地运输主题ETF,SH,20221208,,20221130,国泰基金管理有限公司,L,000945.CSI,中证内地运输主题,中证指数有限公司,INDEX_BASIC,主题指数,EQUITY,True,True,False,True,True,,L4_NORM_CSI,中证内地运输主题,中证内地运输主题指数收益率×100%,Tushare fund_basic.benchmark + index_basic,2026-09-04 10:05:42,True,20221208,20260903,907,0.947,1027328.0,1362864.2,2065028.466666666,3436.9,32547443.0,,0,1.0,1027.328,20221130,20260903
159675.SZ,嘉实创业板增强策略ETF,SZ,20221202,,20221124,嘉实基金管理有限公司,L,395004.SZ,创业板,深圳证券交易所,INDEX_BASIC,其他指数,EQUITY,True,False,False,False,False,NOT_PASSIVE,L1_EX_EXACT,创业板,创业板指数收益率×100%,Tushare fund_basic.benchmark + index_basic,2026-09-04 10:05:42,True,20221202,20260903,911,1.377,7213410.3,8286332.6899999995,10591803.746666668,6534.6691,89982393.507,,0,1.0,7213.4103,20221124,20260903
159677.SZ,银华中证1000增强策略ETF,SZ,20221205,,20221124,银华基金管理股份有限公司,L,000852.SH,中证1000,中证指数有限公司,INDEX_BASIC,规模指数,EQUITY,True,False,False,True,False,NOT_PASSIVE,L1_EX_EXACT,中证1000,中证1000指数收益率×100%,Tushare fund_basic.benchmark + index_basic,2026-09-04 10:05:42,True,20221205,20260903,908,1.455,4851716.4,7288830.010000001,10236126.481666667,2690.4091,39145452.405,,0,1.0,4851.7164,20221124,20260903
159662.SZ,南方国证交通运输行业ETF,SZ,20221201,,20221123,南方基金管理股份有限公司,L,932122.CSI,国证交通运输行业,中证指数有限公司,INDEX_BASIC,行业指数,EQUITY,True,True,False,True,True,,L2B_EX_REVSUB,国证交通运输行业,国证交通运输行业指数×100%,Tushare fund_basic.benchmark + index_basic,2026-09-04 10:05:42,True,20221201,20260903,911,0.987,5828709.8,7712174.705,7578894.12,8011.3946,79072464.70199999,,0,1.0,5828.7098,20221123,20260903
561590.SH,华泰柏瑞中证1000增强策略ETF,SH,20221212,,20221123,华泰柏瑞基金管理有限公司,L,000852.SH,中证1000,中证指数有限公司,INDEX_BASIC,规模指数,EQUITY,True,False,False,True,False,NOT_PASSIVE,L1_EX_EXACT,中证1000,中证1000指数收益率×100%,Tushare fund_basic.benchmark + index_basic,2026-09-04 10:05:42,True,20221212,20260903,905,1.504,6164971.0,7207687.049999999,9018457.733333332,10149.96,152655398.39999998,,0,1.0,6164.971,20221123,20260903
159680.SZ,招商中证1000增强策略ETF,SZ,20221130,,20221118,招商基金管理有限公司,L,000852.SH,中证1000,中证指数有限公司,INDEX_BASIC,规模指数,EQUITY,True,False,False,True,False,NOT_PASSIVE,L1_EX_EXACT,中证1000,中证1000指数收益率×100%,Tushare fund_basic.benchmark + index_basic,2026-09-04 10:05:42,True,20221130,20260903,913,1.662,110122227.19999999,108633052.69999997,102590762.50499998,104143.8087,1730870100.5939999,,0,1.0,110122.2272,20221118,20260903
560980.SH,广发中证光伏龙头30ETF,SH,20221129,,20221116,广发基金管理有限公司,L,931798.CSI,中证光伏龙头30,中证指数有限公司,INDEX_BASIC,主题指数,EQUITY,True,True,False,True,True,,L2B_EX_REVSUB,中证光伏龙头30,中证光伏龙头30指数收益率×100%,Tushare fund_basic.benchmark + index_basic,2026-09-04 10:05:42,True,20221129,20260903,914,0.615,15683467.0,18757251.149999995,22811487.816666666,34352.2,211266030.0,,0,1.0,15683.467,20221116,20260903
159627.SZ,华夏中证A100ETF,SZ,20221130,,20221108,华夏基金管理有限公司,L,000903.SH,中证A100,中证指数有限公司,INDEX_BASIC,规模指数,EQUITY,True,True,False,True,True,,L1_EX_EXACT,中证A100,中证A100指数收益率×100%,Tushare fund_basic.benchmark + index_basic,2026-09-04 10:05:42,True,20221130,20260903,911,1.28,3608853.3000000003,5851665.795,8076926.628333334,2111.6776,27029473.28,,0,1.0,3608.8533,20221108,20260903
561710.SH,博时中证疫苗与生物技术ETF,SH,20221125,20240920,20221108,博时基金管理有限公司,D,,中证疫苗与生物技术,中证指数有限公司,RULE_BASED,,EQUITY,True,True,False,True,True,,L5_RULE,中证疫苗与生物技术,中证疫苗与生物技术指数×100%,Tushare fund_basic.benchmark + index_basic,2026-09-04 10:05:42,True,20221125,20240725,404,0.52,2617569.0,3641901.35,2669688.8833333333,3759.61,19549972.0,,0,1.0,2617.569,20221108,20240725
561180.SH,富国中证A100ETF,SH,20221121,,20221103,富国基金管理有限公司,L,000903.SH,中证A100,中证指数有限公司,INDEX_BASIC,规模指数,EQUITY,True,True,False,True,True,,L1_EX_EXACT,中证A100,中证A100指数收益率×100%,Tushare fund_basic.benchmark + index_basic,2026-09-04 10:05:42,True,20221121,20260903,919,1.292,1872440.0,1771942.35,2214205.6,4960.96,64095603.2,,0,1.0,1872.44,20221103,20260903
588350.SH,鹏扬中证科创创业50ETF,SH,20221110,,20221026,鹏扬基金管理有限公司,L,931643.CSI,中证科创创业50,中证指数有限公司,INDEX_BASIC,规模指数,EQUITY,True,True,False,True,True,,L2B_EX_REVSUB,中证科创创业50,中证科创创业50指数收益率×100%,Tushare fund_basic.benchmark + index_basic,2026-09-04 10:05:42,True,20221110,20260903,927,1.632,5312164.0,4432975.050000001,7622837.716666667,65854.6,1074747072.0,,0,1.0,5312.164,20221026,20260903
159630.SZ,汇添富中证A100ETF,SZ,20221101,,20221020,汇添富基金管理股份有限公司,L,000903.SH,中证A100,中证指数有限公司,INDEX_BASIC,规模指数,EQUITY,True,True,False,True,True,,L1_EX_EXACT,中证A100,中证A100指数收益率×100%,Tushare fund_basic.benchmark + index_basic,2026-09-04 10:05:42,True,20221101,20260903,933,1.348,115645.1,223208.21000000002,725092.2833333333,1511.3744,20373326.912,,0,1.0,115.6451,20221020,20260903
560680.SH,广发中证主要消费ETF,SH,20221031,,20221019,广发基金管理有限公司,L,,中证主要消费,中证指数有限公司,RULE_BASED,,EQUITY,True,True,False,True,True,,L5_RULE,中证主要消费,中证主要消费指数×100%,Tushare fund_basic.benchmark + index_basic,2026-09-04 10:05:42,True,20221031,20260903,935,0.732,9050319.0,13939685.700000001,15443483.016666666,33822.56,247581139.2,,0,1.0,9050.319,20221019,20260903
159663.SZ,华夏中证机床ETF,SZ,20221026,,20221012,华夏基金管理有限公司,L,931866.CSI,中证机床,中证指数有限公司,INDEX_BASIC,主题指数,EQUITY,True,True,False,True,True,,L1_EX_EXACT,中证机床,中证机床指数收益率×100%,Tushare fund_basic.benchmark + index_basic,2026-09-04 10:05:42,True,20221026,20260903,938,0.973,66125751.8,82584084.20000002,110945284.685,43303.517,421343220.40999997,,0,2.0,66125.7518,20221012,20260903
159667.SZ,国泰中证机床ETF,SZ,20221026,,20221012,国泰基金管理有限公司,L,931866.CSI,中证机床,中证指数有限公司,INDEX_BASIC,主题指数,EQUITY,True,True,False,True,True,,L1_EX_EXACT,中证机床,中证机床指数收益率×100%,Tushare fund_basic.benchmark + index_basic,2026-09-04 10:05:42,True,20221026,20260903,938,0.65,95417972.2,188792534.845,255381547.48166665,351005.0718,2281532966.7,,0,2.9988,95417.9722,20221012,20260903
588010.SH,博时上证科创板新材料ETF,SH,20221026,,20220930,博时基金管理有限公司,L,,上证科创板新材料,中证指数有限公司/上海证券交易所,RULE_BASED,,EQUITY,True,True,False,True,True,,L5_RULE,上证科创板新材料,上证科创板新材料指数收益率×100%,Tushare fund_basic.benchmark + index_basic,2026-09-04 10:05:42,True,20221026,20260903,938,1.011,83481824.0,170811702.65000004,225200049.48333332,95792.58,968462983.8,,0,1.0,83481.824,20220930,20260903
588160.SH,南方上证科创板新材料ETF,SH,20221026,,20220930,南方基金管理股份有限公司,L,,上证科创板新材料,中证指数有限公司/上海证券交易所,RULE_BASED,,EQUITY,True,True,False,True,True,,L5_RULE,上证科创板新材料,上证科创板新材料指数×100%,Tushare fund_basic.benchmark + index_basic,2026-09-04 10:05:42,True,20221026,20260903,938,1.039,156996369.0,237681293.45,175368806.03333336,89199.6,926783843.9999999,,0,1.0,156996.369,20220930,20260903
588200.SH,嘉实上证科创板芯片ETF,SH,20221026,,20220930,嘉实基金管理有限公司,L,,上证科创板芯片,中证指数有限公司/上海证券交易所,RULE_BASED,,EQUITY,True,True,False,True,True,,L5_RULE,上证科创板芯片,上证科创板芯片指数收益率×100%,Tushare fund_basic.benchmark + index_basic,2026-09-04 10:05:42,True,20221026,20260903,938,1.135,2549806674.0,3316527136.3,5404252495.35,4298668.43,48789886680.5,,0,2.9992,2549806.674,20220930,20260903
588290.SH,华安上证科创板芯片ETF,SH,20221026,,20220930,华安基金管理有限公司,L,,上证科创板芯片,中证指数有限公司/上海证券交易所,RULE_BASED,,EQUITY,True,True,False,True,True,,L5_RULE,上证科创板芯片,上证科创板芯片指数收益率×100%,Tushare fund_basic.benchmark + index_basic,2026-09-04 10:05:42,True,20221026,20260903,938,1.111,174588329.0,241202654.5,399718101.3333334,490169.1,5445778701.0,,0,3.0,174588.329,20220930,20260903
159658.SZ,华安中证数字经济主题ETF,SZ,20221012,,20220927,华安基金管理有限公司,L,,中证数字经济主题,中证指数有限公司,RULE_BASED,,EQUITY,True,True,False,True,True,,L5_RULE,中证数字经济主题,中证数字经济主题指数收益率×100%,Tushare fund_basic.benchmark + index_basic,2026-09-04 10:05:42,True,20221012,20260903,948,1.703,5775398.8,6674574.235,12032880.375,4439.4877,75604475.531,,0,1.0,5775.3988,20220927,20260903
560080.SH,汇添富中证中药ETF,SH,20221017,,20220926,汇添富基金管理股份有限公司,L,930641.CSI,中证中药,中证指数有限公司,INDEX_BASIC,主题指数,EQUITY,True,True,False,True,True,,L1_EX_EXACT,中证中药,中证中药指数收益率×100%,Tushare fund_basic.benchmark + index_basic,2026-09-04 10:05:42,True,20221017,20260903,945,0.954,24395379.0,61245405.449999996,79345752.48333333,228176.5,2176803810.0,,0,1.0,24395.379,20220926,20260903
159645.SZ,富国国证疫苗与生物科技ETF,SZ,20220926,,20220916,富国基金管理有限公司,L,,国证疫苗与生物科技,深圳证券信息有限公司,RULE_BASED,,EQUITY,True,True,False,False,True,,L5_RULE,国证疫苗与生物科技,国证疫苗与生物科技指数收益率×100%,Tushare fund_basic.benchmark + index_basic,2026-09-04 10:05:42,True,20220926,20260903,953,0.609,715933.1,5747053.129999998,3004013.5949999997,7154.074,43568310.66,,0,1.0,715.9331,20220916,20260903
562310.SH,银华沪深300成长ETF,SH,20220909,,20220901,银华基金管理股份有限公司,L,,沪深300成长,UNKNOWN,RULE_BASED,,EQUITY,True,True,False,False,True,,L5_RULE,沪深300成长,沪深300成长指数收益率×100%,Tushare fund_basic.benchmark + index_basic,2026-09-04 10:05:42,True,20220909,20260903,965,1.04,6156513.0,18099129.25,28454832.05,42257.23,439475192.00000006,,0,1.0,6156.513,20220901,20260903
159637.SZ,东财中证新能源汽车ETF,SZ,20220901,,20220819,东财基金管理有限公司,L,,中证新能源汽车,中证指数有限公司,RULE_BASED,,EQUITY,True,True,False,True,True,,L5_RULE,中证新能源汽车,中证新能源汽车指数收益率×100%,Tushare fund_basic.benchmark + index_basic,2026-09-04 10:05:42,True,20220901,20260903,971,0.79,21646253.400000002,13726690.69,13582081.131666668,62176.8094,491196794.26000005,,0,1.0,21646.2534,20220819,20260903
159631.SZ,招商中证A100ETF,SZ,20220826,,20220818,招商基金管理有限公司,L,000903.SH,中证A100,中证指数有限公司,INDEX_BASIC,规模指数,EQUITY,True,True,False,True,True,,L1_EX_EXACT,中证A100,中证A100指数收益率×100%,Tushare fund_basic.benchmark + index_basic,2026-09-04 10:05:42,True,20220826,20260903,975,1.226,4470615.2,2769206.1399999997,5053855.438333334,3933.2605,48221773.73,,0,1.0,4470.6152,20220818,20260903
159623.SZ,博时中证成渝地区双城经济圈成份ETF,SZ,20220909,,20220815,博时基金管理有限公司,L,,中证成渝地区双城经济圈成份,中证指数有限公司,RULE_BASED,,EQUITY,True,True,False,True,True,,L5_RULE,中证成渝地区双城经济圈成份,中证成渝地区双城经济圈成份指数收益率×100%,Tushare fund_basic.benchmark + index_basic,2026-09-04 10:05:42,True,20220909,20260903,965,0.96,3336898.2,7529907.64,12098927.773333335,308927.1695,2965700827.2,,0,1.0294,3336.8982,20220815,20260903
159646.SZ,华泰柏瑞国证疫苗与生物科技ETF,SZ,20220822,20240605,20220811,华泰柏瑞基金管理有限公司,D,,国证疫苗与生物科技,深圳证券信息有限公司,RULE_BASED,,EQUITY,True,True,False,False,True,,L5_RULE,国证疫苗与生物科技,国证疫苗与生物科技指数收益率×100%,Tushare fund_basic.benchmark + index_basic,2026-09-04 10:05:42,True,20220822,20240529,427,0.628,2962133.0,1099902.55,2303718.4333333336,1770.7502,11120311.256,,0,1.0,2962.133,20220811,20240604
159643.SZ,国泰国证疫苗与生物科技ETF,SZ,20220822,,20220810,国泰基金管理有限公司,L,,国证疫苗与生物科技,深圳证券信息有限公司,RULE_BASED,,EQUITY,True,True,False,False,True,,L5_RULE,国证疫苗与生物科技,国证疫苗与生物科技指数收益率×100%,Tushare fund_basic.benchmark + index_basic,2026-09-04 10:05:42,True,20220822,20260903,979,0.547,8105593.7,22540659.3,12625489.298333334,29239.0617,159937667.499,,0,1.0,8105.5937,20220810,20260903
159638.SZ,嘉实中证智选航空航天科技ETF,SZ,20220812,,20220805,嘉实基金管理有限公司,L,,中证智选航空航天科技,中证指数有限公司,RULE_BASED,,EQUITY,True,True,False,True,True,,L5_RULE,中证智选航空航天科技,中证智选航空航天科技指数收益率×100%,Tushare fund_basic.benchmark + index_basic,2026-09-04 10:05:42,True,20220812,20260903,985,0.843,31597553.8,36762699.64,48719360.49,144834.1932,1220952248.6759999,,0,1.0,31597.5538,20220805,20260903
560110.SH,汇添富中证1000ETF,SH,20220808,,20220729,汇添富基金管理股份有限公司,L,000852.SH,中证1000,中证指数有限公司,INDEX_BASIC,规模指数,EQUITY,True,True,False,True,True,,L1_EX_EXACT,中证1000,中证1000指数收益率×100%,Tushare fund_basic.benchmark + index_basic,2026-09-04 10:05:42,True,20220808,20260903,989,1.147,17988119.0,27866968.649999995,38131383.08333333,34690.35,397898314.5,,0,1.0,17988.119,20220729,20260903
562530.SH,华夏中证智选1000价值稳健策略ETF,SH,20220812,,20220728,华夏基金管理有限公司,L,,中证智选1000价值稳健策略,中证指数有限公司,RULE_BASED,,EQUITY,True,True,False,True,True,,L5_RULE,中证智选1000价值稳健策略,中证智选1000价值稳健策略指数收益率×100%,Tushare fund_basic.benchmark + index_basic,2026-09-04 10:05:42,True,20220812,20260903,985,1.258,6888348.0,9758650.55,8536614.749999998,15914.4,200203152.0,,0,1.0,6888.348,20220728,20260903
560010.SH,广发中证1000ETF,SH,20220804,,20220728,广发基金管理有限公司,L,000852.SH,中证1000,中证指数有限公司,INDEX_BASIC,规模指数,EQUITY,True,True,False,True,True,,L1_EX_EXACT,中证1000,中证1000指数收益率×100%,Tushare fund_basic.benchmark + index_basic,2026-09-04 10:05:42,True,20220804,20260903,990,3.163,577965016.0,776688797.5000001,978051338.3500001,184662.17,5840864437.1,,0,0.3539,577965.016,20220728,20260903
159633.SZ,易方达中证1000ETF,SZ,20220804,,20220728,易方达基金管理有限公司,L,000852.SH,中证1000,中证指数有限公司,INDEX_BASIC,规模指数,EQUITY,True,True,False,True,True,,L1_EX_EXACT,中证1000,中证1000指数收益率×100%,Tushare fund_basic.benchmark + index_basic,2026-09-04 10:05:42,True,20220804,20260903,991,3.254,916350151.4,1001894064.4750001,924315525.8866668,97616.2658,3176433289.1319995,,0,0.3553,916350.1514,20220728,20260903
561150.SH,富国中证500ESG基准ETF,SH,20220808,20221227,20220728,富国基金管理有限公司,D,,中证500ESG基准,中证指数有限公司,RULE_BASED,,EQUITY,True,True,False,True,True,,L5_RULE,中证500ESG基准,中证500ESG基准指数收益率×100%,Tushare fund_basic.benchmark + index_basic,2026-09-04 10:05:42,True,20220808,20221115,66,1.003,1129130.0,8197539.75,7966120.283333335,448.6619,4500078.857,,0,1.0,1129.13,20220728,20221115
159629.SZ,富国中证1000ETF,SZ,20220803,,20220727,富国基金管理有限公司,L,000852.SH,中证1000,中证指数有限公司,INDEX_BASIC,规模指数,EQUITY,True,True,False,True,True,,L1_EX_EXACT,中证1000,中证1000指数收益率×100%,Tushare fund_basic.benchmark + index_basic,2026-09-04 10:05:42,True,20220803,20260903,992,3.175,516190745.6,635230766.5250001,506494293.2083334,82525.2663,2620177205.0249996,,0,0.3521,516190.7456,20220727,20260903
561510.SH,华泰柏瑞中证中药ETF,SH,20220804,,20220726,华泰柏瑞基金管理有限公司,L,930641.CSI,中证中药,中证指数有限公司,INDEX_BASIC,主题指数,EQUITY,True,True,False,True,True,,L1_EX_EXACT,中证中药,中证中药指数收益率×100%,Tushare fund_basic.benchmark + index_basic,2026-09-04 10:05:42,True,20220804,20260903,991,0.935,1542225.0,1908330.7,3137803.066666667,6520.6,60967610.0,,0,1.0,1542.225,20220726,20260903
159616.SZ,建信中证农牧主题ETF,SZ,20220808,,20220721,建信基金管理有限责任公司,L,931778.CSI,中证农牧主题,中证指数有限公司,INDEX_BASIC,主题指数,EQUITY,True,True,False,True,True,,L2B_EX_REVSUB,中证农牧主题,中证农牧主题指数收益率×100%,Tushare fund_basic.benchmark + index_basic,2026-09-04 10:05:42,True,20220808,20260903,989,0.798,13593185.299999999,13554285.92,13187380.416666668,6656.1112,53115767.376,,0,1.0,13593.1853,20220721,20260903
562000.SH,华宝中证A100ETF,SH,20220801,,20220721,华宝基金管理有限公司,L,000903.SH,中证A100,中证指数有限公司,INDEX_BASIC,规模指数,EQUITY,True,True,False,True,True,,L1_EX_EXACT,中证A100,中证A100指数收益率×100%,Tushare fund_basic.benchmark + index_basic,2026-09-04 10:05:42,True,20220801,20260903,994,0.594,2942399.0,4474637.100000001,6691889.066666666,59673.79,354462312.59999996,,0,2.0,2942.399,20220721,20260903
562390.SH,银华中证中药ETF,SH,20220728,,20220720,银华基金管理股份有限公司,L,930641.CSI,中证中药,中证指数有限公司,INDEX_BASIC,主题指数,EQUITY,True,True,False,True,True,,L1_EX_EXACT,中证中药,中证中药指数收益率×100%,Tushare fund_basic.benchmark + index_basic,2026-09-04 10:05:42,True,20220728,20260903,996,0.867,676348.0,1853842.0499999998,4101866.7333333334,8042.9,69731943.0,,0,1.0,676.348,20220720,20260903
159647.SZ,鹏华中证中药ETF,SZ,20220728,,20220720,鹏华基金管理有限公司,L,930641.CSI,中证中药,中证指数有限公司,INDEX_BASIC,主题指数,EQUITY,True,True,False,True,True,,L1_EX_EXACT,中证中药,中证中药指数收益率×100%,Tushare fund_basic.benchmark + index_basic,2026-09-04 10:05:42,True,20220728,20260903,996,0.885,9861434.9,42855367.61,36969570.203333326,101496.1752,898241150.52,,0,1.0,9861.4349,20220720,20260903
159620.SZ,华夏中证智选500成长创新策略ETF,SZ,20220805,,20220719,华夏基金管理有限公司,L,931590.CSI,中证智选500成长创新策略,中证指数有限公司,INDEX_BASIC,策略指数,EQUITY,True,True,False,True,True,,L2B_EX_REVSUB,中证智选500成长创新策略,中证智选500成长创新策略指数收益率×100%,Tushare fund_basic.benchmark + index_basic,2026-09-04 10:05:42,True,20220805,20260903,988,1.256,3803626.4,5279919.379999999,5277192.003333333,2914.0934,36601013.104,,0,1.0,3803.6264,20220719,20260903
159641.SZ,招商中证上海环交所碳中和ETF,SZ,20220722,,20220714,招商基金管理有限公司,L,,中证上海环交所碳中和,中证指数有限公司,RULE_BASED,,EQUITY,True,True,False,True,True,,L5_RULE,中证上海环交所碳中和,中证上海环交所碳中和指数收益率×100%,Tushare fund_basic.benchmark + index_basic,2026-09-04 10:05:42,True,20220722,20260903,1000,0.976,4217039.0,2872812.69,5413149.316666666,8771.9131,85613871.85599999,,0,1.0,4217.039,20220714,20260903
560060.SH,汇添富中证上海环交所碳中和ETF,SH,20220721,,20220713,汇添富基金管理股份有限公司,L,,中证上海环交所碳中和,中证指数有限公司,RULE_BASED,,EQUITY,True,True,False,True,True,,L5_RULE,中证上海环交所碳中和,中证上海环交所碳中和指数收益率×100%,Tushare fund_basic.benchmark + index_basic,2026-09-04 10:05:42,True,20220721,20260903,1001,0.904,755868.0,628838.3000000002,832270.0499999999,7609.0,68785360.0,,0,1.0,755.868,20220713,20260903
159640.SZ,工银瑞信中证上海环交所碳中和ETF,SZ,20220721,,20220713,工银瑞信基金管理有限公司,L,,中证上海环交所碳中和,中证指数有限公司,RULE_BASED,,EQUITY,True,True,False,True,True,,L5_RULE,中证上海环交所碳中和,中证上海环交所碳中和指数收益率×100%,Tushare fund_basic.benchmark + index_basic,2026-09-04 10:05:42,True,20220721,20260903,1001,0.918,2463015.3,1882420.4949999999,2382947.0566666666,5984.5198,54937891.764,,0,1.0,2463.0153,20220713,20260903
159642.SZ,大成中证上海环交所碳中和ETF,SZ,20220721,,20220713,大成基金管理有限公司,L,,中证上海环交所碳中和,中证指数有限公司,RULE_BASED,,EQUITY,True,True,False,True,True,,L5_RULE,中证上海环交所碳中和,中证上海环交所碳中和指数收益率×100%,Tushare fund_basic.benchmark + index_basic,2026-09-04 10:05:42,True,20220721,20260903,1001,0.924,871103.7999999999,129106.865,218539.19000000003,2343.9923,21658488.852,,0,1.0,871.1038,20220713,20260903
562990.SH,易方达中证上海环交所碳中和ETF,SH,20220719,,20220711,易方达基金管理有限公司,L,,中证上海环交所碳中和,中证指数有限公司,RULE_BASED,,EQUITY,True,True,False,True,True,,L5_RULE,中证上海环交所碳中和,中证上海环交所碳中和指数收益率×100%,Tushare fund_basic.benchmark + index_basic,2026-09-04 10:05:42,True,20220719,20260903,1003,0.951,4925958.0,5529889.05,7366782.833333334,37675.6,358294956.0,,0,1.0,4925.958,20220711,20260903
159639.SZ,南方中证上海环交所碳中和ETF,SZ,20220719,,20220711,南方基金管理股份有限公司,L,,中证上海环交所碳中和,中证指数有限公司,RULE_BASED,,EQUITY,True,True,False,True,True,,L5_RULE,中证上海环交所碳中和,中证上海环交所碳中和指数收益率×100%,Tushare fund_basic.benchmark + index_basic,2026-09-04 10:05:42,True,20220719,20260903,1003,0.941,2752297.3000000003,3983797.245,5971593.489999999,20529.0171,193178050.91099998,,0,1.0,2752.2973,20220711,20260903
560550.SH,广发中证上海环交所碳中和ETF,SH,20220719,,20220711,广发基金管理有限公司,L,,中证上海环交所碳中和,中证指数有限公司,RULE_BASED,,EQUITY,True,True,False,True,True,,L5_RULE,中证上海环交所碳中和,中证上海环交所碳中和指数收益率×100%,Tushare fund_basic.benchmark + index_basic,2026-09-04 10:05:42,True,20220719,20260903,1003,0.947,675354.0,653802.2,870633.9166666667,12359.74,117046737.8,,0,1.0,675.354,20220711,20260903
561190.SH,富国中证上海环交所碳中和ETF,SH,20220719,,20220711,富国基金管理有限公司,L,,中证上海环交所碳中和,中证指数有限公司,RULE_BASED,,EQUITY,True,True,False,True,True,,L5_RULE,中证上海环交所碳中和,中证上海环交所碳中和指数收益率×100%,Tushare fund_basic.benchmark + index_basic,2026-09-04 10:05:42,True,20220719,20260903,1003,0.946,3325153.0,2698702.5000000005,4028252.333333333,19331.8,182878828.0,,0,1.0,3325.153,20220711,20260903
561700.SH,博时中证全指电力公用事业ETF,SH,20220715,,20220701,博时基金管理有限公司,L,,中证全指电力公用事业,中证指数有限公司,RULE_BASED,,EQUITY,True,True,False,True,True,,L5_RULE,中证全指电力公用事业,中证全指电力公用事业指数收益率×100%,Tushare fund_basic.benchmark + index_basic,2026-09-04 10:05:42,True,20220715,20260903,1005,1.105,5370697.0,7172524.099999998,12550413.033333335,35031.36,387096528.0,,0,1.0,5370.697,20220701,20260903
562350.SH,银华中证全指电力公用事业ETF,SH,20220712,,20220630,银华基金管理股份有限公司,L,,中证全指电力公用事业,中证指数有限公司,RULE_BASED,,EQUITY,True,True,False,True,True,,L5_RULE,中证全指电力公用事业,中证全指电力公用事业指数收益率×100%,Tushare fund_basic.benchmark + index_basic,2026-09-04 10:05:42,True,20220712,20260903,1008,1.097,8423366.0,13233578.799999999,18322802.8,13041.09,143060757.29999998,,0,1.0,8423.366,20220630,20260903
561160.SH,富国中证电池主题ETF,SH,20220708,,20220630,富国基金管理有限公司,L,,中证电池主题,中证指数有限公司,RULE_BASED,,EQUITY,True,True,False,True,True,,L5_RULE,中证电池主题,中证电池主题指数收益率×100%,Tushare fund_basic.benchmark + index_basic,2026-09-04 10:05:42,True,20220708,20260903,1010,0.698,28846557.0,39279081.2,68950044.53333335,229883.5,1604586830.0,,0,1.0,28846.557,20220630,20260903
159628.SZ,万家国证2000ETF,SZ,20220718,,20220629,万家基金管理有限公司,L,399303.SZ,国证2000,深圳证券信息有限公司,INDEX_BASIC,规模指数,EQUITY,True,True,False,False,True,,L1_EX_EXACT,国证2000,国证2000指数收益率×100%,Tushare fund_basic.benchmark + index_basic,2026-09-04 10:05:42,True,20220718,20260903,1004,1.389,58697817.7,94409211.11499998,86714285.27666666,32028.325,444873434.25,,0,1.0,58697.8177,20220629,20260903
159635.SZ,华夏中证基建ETF,SZ,20220712,,20220628,华夏基金管理有限公司,L,930608.CSI,中证基建,中证指数有限公司,INDEX_BASIC,主题指数,EQUITY,True,True,False,True,True,,L1_EX_EXACT,中证基建,中证基建指数收益率×100%,Tushare fund_basic.benchmark + index_basic,2026-09-04 10:05:42,True,20220712,20260903,1008,0.993,23074290.3,25901439.54,29592281.633333337,13884.698,137875051.14,,0,1.0,23074.2903,20220628,20260903
159609.SZ,浦银中证光伏产业ETF,SZ,20220708,,20220616,浦银基金管理有限公司,L,931151.CSI,中证光伏产业,中证指数有限公司、上海证券交易所,INDEX_BASIC,主题指数,EQUITY,True,True,False,True,True,,L2B_EX_REVSUB,中证光伏产业,中证光伏产业指数收益率×100%,Tushare fund_basic.benchmark + index_basic,2026-09-04 10:05:42,True,20220708,20260903,1010,0.472,8828049.3,6736610.3100000005,10458830.093333332,31890.3414,150522411.408,,0,1.0,8828.0493,20220616,20260903
560650.SH,民生加银中证企业核心竞争力50ETF,SH,20220627,20260824,20220613,民生加银基金管理有限公司,D,931526.CSI,中证企业核心竞争力50,中证指数有限公司,INDEX_BASIC,主题指数,EQUITY,True,True,False,True,True,,L2B_EX_REVSUB,中证企业核心竞争力50,中证企业核心竞争力50指数收益率×100%,Tushare fund_basic.benchmark + index_basic,2026-09-04 10:05:42,True,20220627,20260701,971,1.068,2759703.0,1063079.8499999999,944263.3833333334,791.92,8457705.6,,0,1.0,2759.703,20220613,20260820
560990.SH,中金中证科技先锋ETF,SH,20220627,,20220610,中金基金管理有限公司,L,,中证科技先锋,中证指数有限公司,RULE_BASED,,EQUITY,True,True,False,True,True,,L5_RULE,中证科技先锋,中证科技先锋指数收益率×100%,Tushare fund_basic.benchmark + index_basic,2026-09-04 10:05:42,True,20220627,20260903,1019,1.108,474727.0,939588.7499999999,1631110.2166666666,1518.71,16827306.8,,0,1.0,474.727,20220610,20260903
159617.SZ,华夏中证智选500价值稳健策略ETF,SZ,20220630,,20220609,华夏基金管理有限公司,L,931587.CSI,中证智选500价值稳健策略,中证指数有限公司,INDEX_BASIC,策略指数,EQUITY,True,True,False,True,True,,L2B_EX_REVSUB,中证智选500价值稳健策略,中证智选500价值稳健策略指数收益率×100%,Tushare fund_basic.benchmark + index_basic,2026-09-04 10:05:42,True,20220630,20260903,1015,1.366,1088744.3,2443296.43,2717712.2450000006,3041.8382,41551509.81200001,,0,1.0,1088.7443,20220609,20260903
159603.SZ,天弘中证科创创业50ETF,SZ,20220608,,20220526,天弘基金管理有限公司,L,931643.CSI,中证科创创业50,中证指数有限公司,INDEX_BASIC,规模指数,EQUITY,True,True,False,True,True,,L2B_EX_REVSUB,中证科创创业50,中证科创创业50指数收益率×100%,Tushare fund_basic.benchmark + index_basic,2026-09-04 10:05:42,True,20220608,20260903,1032,1.612,5729836.8,26285331.709999997,28349618.061666667,262407.1922,4230003938.2640004,,0,1.0,5729.8368,20220526,20260903
560900.SH,摩根中证创新药产业ETF,SH,20220602,,20220519,摩根基金管理(中国)有限公司,L,980086.CNI,中证创新药产业,深圳证券信息有限公司,INDEX_BASIC,主题指数,EQUITY,True,True,False,False,True,,L2B_EX_REVSUB,中证创新药产业,中证创新药产业指数收益率×100%,Tushare fund_basic.benchmark + index_basic,2026-09-04 10:05:42,True,20220602,20260903,1035,0.916,9708306.0,21942520.2,23894407.10000001,21496.91,196911695.6,,0,1.0,9708.306,20220519,20260903
588100.SH,嘉实上证科创板新一代信息技术ETF,SH,20220527,,20220518,嘉实基金管理有限公司,L,,上证科创板新一代信息技术,中证指数有限公司/上海证券交易所,RULE_BASED,,EQUITY,True,True,False,True,True,,L5_RULE,上证科创板新一代信息技术,上证科创板新一代信息技术指数收益率×100%,Tushare fund_basic.benchmark + index_basic,2026-09-04 10:05:42,True,20220527,20260903,1039,0.849,14628790.0,11626389.749999998,20669032.983333338,20874.62,177225523.79999998,,0,3.001,14628.79,20220518,20260903
588260.SH,华安上证科创板新一代信息技术ETF,SH,20220527,,20220518,华安基金管理有限公司,L,,上证科创板新一代信息技术,中证指数有限公司/上海证券交易所,RULE_BASED,,EQUITY,True,True,False,True,True,,L5_RULE,上证科创板新一代信息技术,上证科创板新一代信息技术指数收益率×100%,Tushare fund_basic.benchmark + index_basic,2026-09-04 10:05:42,True,20220527,20260903,1039,2.464,2021229.0,3832029.3,6216684.2,4674.6,115182144.0,,0,1.0,2021.229,20220518,20260903
517990.SH,招商中证沪港深500医药卫生ETF,SH,20220519,,20220509,招商基金管理有限公司,L,000857.SH,中证沪港深500医药卫生,中证指数有限公司,INDEX_BASIC,行业指数,EQUITY,False,True,True,True,False,CROSS/MIXED;NOT_DOMESTIC_A_SHARE,L2B_EX_REVSUB,中证沪港深500医药卫生,中证沪港深500医药卫生指数(人民币)收益率×100%,Tushare fund_basic.benchmark + index_basic,2026-09-04 10:05:42,True,20220519,20260903,1045,0.912,1807318.0,2929715.6999999997,2870527.733333334,4698.79,42852964.800000004,,0,1.0,1807.318,20220509,20260903
517850.SH,汇添富中证沪港深张江自主创新50ETF,SH,20220516,,20220428,汇添富基金管理股份有限公司,L,931826.CSI,中证沪港深张江自主创新50,中证指数有限公司,INDEX_BASIC,主题指数,EQUITY,False,True,True,True,False,CROSS/MIXED;NOT_DOMESTIC_A_SHARE,L2B_EX_REVSUB,中证沪港深张江自主创新50,中证沪港深张江自主创新50指数收益率×100%,Tushare fund_basic.benchmark + index_basic,2026-09-04 10:05:42,True,20220516,20260903,1048,1.245,252215.0,797685.35,1301937.5666666667,3818.52,47540574.00000001,,0,1.0,252.215,20220428,20260903
159797.SZ,汇添富中证全指医疗器械ETF,SZ,20220516,,20220428,汇添富基金管理股份有限公司,L,,中证全指医疗器械,中证指数有限公司,RULE_BASED,,EQUITY,True,True,False,True,True,,L5_RULE,中证全指医疗器械,中证全指医疗器械指数收益率×100%,Tushare fund_basic.benchmark + index_basic,2026-09-04 10:05:42,True,20220516,20260903,1048,0.675,1146396.4000000001,4912118.715,4901015.968333333,39498.9247,266617741.72500005,,0,1.0,1146.3964,20220428,20260903
159798.SZ,易方达中证消费50ETF,SZ,20220511,,20220428,易方达基金管理有限公司,L,000126.SH,中证消费50,中证指数有限公司、上海证券交易所,INDEX_BASIC,主题指数,EQUITY,True,True,False,True,True,,L2B_EX_REVSUB,中证消费50,中证消费50指数收益率×100%,Tushare fund_basic.benchmark + index_basic,2026-09-04 10:05:42,True,20220511,20260903,1051,0.864,11547199.0,13988932.61,16152209.208333336,17424.539,150548016.96,,0,1.0,11547.199,20220428,20260903
561560.SH,华泰柏瑞中证全指电力公用事业ETF,SH,20220516,,20220426,华泰柏瑞基金管理有限公司,L,,中证全指电力公用事业,中证指数有限公司,RULE_BASED,,EQUITY,True,True,False,True,True,,L5_RULE,中证全指电力公用事业,中证全指电力公用事业指数收益率×100%,Tushare fund_basic.benchmark + index_basic,2026-09-04 10:05:42,True,20220516,20260903,1048,1.271,44102926.0,59929465.849999994,97864148.01666668,192912.42,2451916858.2000003,,0,1.0,44102.926,20220426,20260903
159625.SZ,嘉实国证绿色电力ETF,SZ,20220429,,20220421,嘉实基金管理有限公司,L,,国证绿色电力,深圳证券信息有限公司,RULE_BASED,,EQUITY,True,True,False,False,True,,L5_RULE,国证绿色电力,国证绿色电力指数收益率×100%,Tushare fund_basic.benchmark + index_basic,2026-09-04 10:05:42,True,20220429,20260903,1056,1.209,33096502.3,31466819.17,57040143.61666667,201091.3777,2431194756.393,,0,1.0,33096.5023,20220421,20260903
159618.SZ,华安中证光伏产业ETF,SZ,20220422,,20220408,华安基金管理有限公司,L,931151.CSI,中证光伏产业,中证指数有限公司、上海证券交易所,INDEX_BASIC,主题指数,EQUITY,True,True,False,True,True,,L2B_EX_REVSUB,中证光伏产业,中证光伏产业指数收益率×100%,Tushare fund_basic.benchmark + index_basic,2026-09-04 10:05:42,True,20220422,20260903,1061,0.64,1488689.0,1644423.68,2167505.623333333,7913.1407,50644100.480000004,,0,1.0,1488.689,20220408,20260903
517760.SH,浦银安盛中证沪港深消费龙头ETF,SH,20220419,20240529,20220401,浦银基金管理有限公司,D,931068.CSI,中证沪港深消费龙头,中证指数有限公司,INDEX_BASIC,主题指数,EQUITY,False,True,True,True,False,CROSS/MIXED;NOT_DOMESTIC_A_SHARE,L2B_EX_REVSUB,中证沪港深消费龙头,中证沪港深消费龙头指数收益率×100%,Tushare fund_basic.benchmark + index_basic,2026-09-04 10:05:42,True,20220419,20240322,465,0.848,93343.0,196612.5,499129.6166666667,355.2626,3012626.8479999998,,0,1.0,93.343,20220401,20240326
560880.SH,广发中证全指家用电器ETF,SH,20220412,,20220330,广发基金管理有限公司,L,,中证全指家用电器,中证指数有限公司,RULE_BASED,,EQUITY,True,True,False,True,True,,L5_RULE,中证全指家用电器,中证全指家用电器指数收益率×100%,Tushare fund_basic.benchmark + index_basic,2026-09-04 10:05:42,True,20220412,20260903,1069,1.542,18426872.0,17337245.45,18755561.93333333,19373.2,298734744.0,,0,1.0,18426.872,20220330,20260903
517900.SH,招商中证银行AH价格优选ETF,SH,20220325,,20220315,招商基金管理有限公司,L,,中证银行AH价格优选,中证指数有限公司,RULE_BASED,,EQUITY,True,True,False,True,True,,L5_RULE,中证银行AH价格优选,中证银行AH价格优选指数(人民币)×100%,Tushare fund_basic.benchmark + index_basic,2026-09-04 10:05:42,True,20220325,20260903,1079,1.576,44288437.0,39242194.1,37309174.400000006,37799.35,595717756.0,,0,1.0,44288.437,20220315,20260903
562520.SH,华夏中证智选1000成长创新策略ETF,SH,20220322,,20220308,华夏基金管理有限公司,L,,中证智选1000成长创新策略,中证指数有限公司,RULE_BASED,,EQUITY,True,True,False,True,True,,L5_RULE,中证智选1000成长创新策略,中证智选1000成长创新策略指数收益率×100%,Tushare fund_basic.benchmark + index_basic,2026-09-04 10:05:42,True,20220322,20260903,1082,1.37,2753713.0,6904924.049999999,7985181.3,2856.8,39138160.0,,0,1.0,2753.713,20220308,20260903
517780.SH,浦银安盛中华交易服务沪深港300ETF,SH,20220318,20231114,20220308,浦银基金管理有限公司,D,,中华交易服务沪深港300,中华交易服务有限公司,RULE_BASED,,EQUITY,False,True,True,False,False,CROSS/MIXED;NOT_DOMESTIC_A_SHARE,L5_RULE,中华交易服务沪深港300,中华交易服务沪深港300指数收益率×100%,Tushare fund_basic.benchmark + index_basic,2026-09-04 10:05:42,True,20220318,20230120,204,1.07,754679.0,393854.4,533526.4166666667,945.11,10112677.0,,0,1.0,754.679,20220308,20230131
159787.SZ,易方达中证全指建筑材料ETF,SZ,20220315,,20220304,易方达基金管理有限公司,L,,中证全指建筑材料,中证指数有限公司,RULE_BASED,,EQUITY,True,True,False,True,True,,L5_RULE,中证全指建筑材料,中证全指建筑材料指数收益率×100%,Tushare fund_basic.benchmark + index_basic,2026-09-04 10:05:42,True,20220315,20260903,1087,0.593,1743250.2999999998,1865395.7550000001,1663874.0133333332,13202.1633,78288828.369,,0,1.0,1743.2503,20220304,20260903
517500.SH,国泰中证沪港深动漫游戏ETF,SH,20220315,20231221,20220303,国泰基金管理有限公司,D,930901.CSI,中证沪港深动漫游戏,中证指数有限公司、上海证券交易所,INDEX_BASIC,主题指数,EQUITY,False,True,True,True,False,CROSS/MIXED;NOT_DOMESTIC_A_SHARE,L2B_EX_REVSUB,中证沪港深动漫游戏,中证沪港深动漫游戏指数收益率×100%,Tushare fund_basic.benchmark + index_basic,2026-09-04 10:05:42,True,20220315,20231113,405,1.232,1482379.0,1506027.9500000002,1351814.416666667,411.3,5067216.0,,0,1.0,1482.379,20220303,20231113
560600.SH,方正富邦中证医药及医疗器械创新ETF,SH,20220315,20231229,20220303,方正富邦基金管理有限公司,D,,中证医药及医疗器械创新,中证指数有限公司,RULE_BASED,,EQUITY,True,True,False,True,True,,L5_RULE,中证医药及医疗器械创新,中证医药及医疗器械创新指数收益率×100%,Tushare fund_basic.benchmark + index_basic,2026-09-04 10:05:42,True,20220315,20231109,400,0.691,3923982.0,1362394.4500000002,1117550.9666666666,2970.5799,20526707.108999997,,0,1.0,3923.982,20220303,20231110
159796.SZ,汇添富中证电池主题ETF,SZ,20220314,,20220303,汇添富基金管理股份有限公司,L,,中证电池主题,中证指数有限公司,RULE_BASED,,EQUITY,True,True,False,True,True,,L5_RULE,中证电池主题,中证电池主题指数收益率×100%,Tushare fund_basic.benchmark + index_basic,2026-09-04 10:05:42,True,20220314,20260903,1088,0.81,136836271.4,206021596.85499996,294038786.7,610246.755,4942998715.5,,0,1.0,136836.2714,20220303,20260903
159791.SZ,华夏沪深300ESG基准ETF,SZ,20220308,,20220224,华夏基金管理有限公司,L,,沪深300ESG基准,UNKNOWN,RULE_BASED,,EQUITY,True,True,False,False,True,,L5_RULE,沪深300ESG基准,沪深300ESG基准指数收益率×100%,Tushare fund_basic.benchmark + index_basic,2026-09-04 10:05:42,True,20220308,20260903,1088,1.095,380364.3,2275026.5849999995,2909089.5050000004,2908.3347,31846264.965,,0,1.0,380.3643,20220224,20260903
159769.SZ,银华中证消费电子主题ETF,SZ,20220303,20240710,20220218,银华基金管理股份有限公司,D,,中证消费电子主题,中证指数有限公司,RULE_BASED,,EQUITY,True,True,False,True,True,,L5_RULE,中证消费电子主题,中证消费电子主题指数收益率×100%,Tushare fund_basic.benchmark + index_basic,2026-09-04 10:05:42,True,20220303,20240702,566,0.696,2825366.0,2232253.55,2274736.4500000007,3644.532,25365942.72,,0,1.0,2825.366,20220218,20240709
159619.SZ,国泰中证基建ETF,SZ,20220218,,20220209,国泰基金管理有限公司,L,930608.CSI,中证基建,中证指数有限公司,INDEX_BASIC,主题指数,EQUITY,True,True,False,True,True,,L1_EX_EXACT,中证基建,中证基建指数收益率×100%,Tushare fund_basic.benchmark + index_basic,2026-09-04 10:05:42,True,20220218,20260903,1104,0.937,3098661.3000000003,2989783.7399999998,3326544.2366666673,7498.1007,70257203.559,,0,1.0,3098.6613,20220209,20260903
159768.SZ,银华中证内地地产主题ETF,SZ,20220216,,20220127,银华基金管理股份有限公司,L,,中证内地地产主题,中证指数有限公司,RULE_BASED,,EQUITY,True,True,False,True,True,,L5_RULE,中证内地地产主题,中证内地地产主题指数收益率×100%,Tushare fund_basic.benchmark + index_basic,2026-09-04 10:05:42,True,20220216,20260903,1106,0.433,43473698.900000006,42444699.805,38802873.8,89945.0311,389461984.6629999,,0,1.0,43473.6989,20220127,20260903
159795.SZ,汇添富中证智能汽车主题ETF,SZ,20220214,,20220127,汇添富基金管理股份有限公司,L,399432.SZ,中证智能汽车主题,深圳证券信息有限公司,INDEX_BASIC,主题指数,EQUITY,True,True,False,False,True,,L2B_EX_REVSUB,中证智能汽车主题,中证智能汽车主题指数×100%,Tushare fund_basic.benchmark + index_basic,2026-09-04 10:05:42,True,20220214,20260903,1108,0.871,1068979.2,1672875.83,2737971.5783333336,2916.9473,25406610.983,,0,1.0,1068.9792,20220127,20260903
560100.SH,南方中证500增强策略ETF,SH,20220216,,20220126,南方基金管理股份有限公司,L,000905.SH,中证500,中证指数有限公司,INDEX_BASIC,规模指数,EQUITY,True,False,False,True,False,NOT_PASSIVE,L1_EX_EXACT,中证500,中证500指数收益率×100%,Tushare fund_basic.benchmark + index_basic,2026-09-04 10:05:42,True,20220216,20260903,1106,1.335,9682570.0,10673052.45,14834433.166666664,5358.03,71529700.5,,0,1.0,9682.57,20220126,20260903
561120.SH,富国中证全指家用电器ETF,SH,20220215,,20220125,富国基金管理有限公司,L,,中证全指家用电器,中证指数有限公司,RULE_BASED,,EQUITY,True,True,False,True,True,,L5_RULE,中证全指家用电器,中证全指家用电器指数×100%,Tushare fund_basic.benchmark + index_basic,2026-09-04 10:05:42,True,20220215,20260903,1107,1.274,11634787.0,9350152.35,9633302.9,2815.99,35875712.599999994,,0,1.0,11634.787,20220125,20260903
159778.SZ,鹏华中证工业互联网主题ETF,SZ,20220217,,20220125,鹏华基金管理有限公司,L,,中证工业互联网主题,中证指数有限公司,RULE_BASED,,EQUITY,True,True,False,True,True,,L5_RULE,中证工业互联网主题,中证工业互联网主题指数收益率×100%,Tushare fund_basic.benchmark + index_basic,2026-09-04 10:05:42,True,20220217,20260903,1105,1.18,476231.7,1538862.08,2441368.7766666673,4025.5382,47501350.76,,0,1.0,476.2317,20220125,20260903
517550.SH,招商中证沪港深消费龙头ETF,SH,20220208,,20220120,招商基金管理有限公司,L,931068.CSI,中证沪港深消费龙头,中证指数有限公司,INDEX_BASIC,主题指数,EQUITY,False,True,True,True,False,CROSS/MIXED;NOT_DOMESTIC_A_SHARE,L2B_EX_REVSUB,中证沪港深消费龙头,中证沪港深消费龙头指数(人民币)收益率×100%,Tushare fund_basic.benchmark + index_basic,2026-09-04 10:05:42,True,20220208,20260903,1112,0.653,2509380.0,4319137.1,5129335.649999999,8041.74,52512562.2,,0,1.0,2509.38,20220120,20260903
561100.SH,富国中证消费电子主题ETF,SH,20220208,,20220120,富国基金管理有限公司,L,,中证消费电子主题,中证指数有限公司,RULE_BASED,,EQUITY,True,True,False,True,True,,L5_RULE,中证消费电子主题,中证消费电子主题指数收益率×100%,Tushare fund_basic.benchmark + index_basic,2026-09-04 10:05:42,True,20220208,20260903,1112,1.582,44035311.0,55380308.25,78977857.51666665,60474.69,956709595.8000001,,0,1.0,44035.311,20220120,20260903
159613.SZ,嘉实中证信息安全主题ETF,SZ,20220127,,20220119,嘉实基金管理有限公司,L,399994.SZ,中证信息安全主题,中证指数有限公司,INDEX_BASIC,主题指数,EQUITY,True,True,False,True,True,,L4_NORM_EX,中证信息安全主题,中证信息安全主题指数收益率×100%,Tushare fund_basic.benchmark + index_basic,2026-09-04 10:05:42,True,20220127,20260903,1115,0.891,7982085.100000001,9399540.12,12590784.590000002,10659.0217,94971883.347,,0,1.0,7982.0851,20220119,20260903
159738.SZ,华泰柏瑞中证沪港深云计算产业ETF,SZ,20220128,,20220118,华泰柏瑞基金管理有限公司,L,930851.CSI,中证沪港深云计算产业,中证指数有限公司、上海证券交易所,INDEX_BASIC,主题指数,EQUITY,False,True,True,True,False,CROSS/MIXED;NOT_DOMESTIC_A_SHARE,L2B_EX_REVSUB,中证沪港深云计算产业,中证沪港深云计算产业指数收益率×100%,Tushare fund_basic.benchmark + index_basic,2026-09-04 10:05:42,True,20220128,20260903,1114,2.009,22555522.6,24903367.825000003,29246858.391666666,13099.2667,263164268.003,,0,1.0,22555.5226,20220118,20260903
562950.SH,易方达中证消费电子主题ETF,SH,20220120,,20220112,易方达基金管理有限公司,L,,中证消费电子主题,中证指数有限公司,RULE_BASED,,EQUITY,True,True,False,True,True,,L5_RULE,中证消费电子主题,中证消费电子主题指数收益率×100%,Tushare fund_basic.benchmark + index_basic,2026-09-04 10:05:42,True,20220120,20260903,1120,1.525,101382376.0,113685403.14999999,142210719.9333333,104925.83,1600118907.5,,0,1.0,101382.376,20220112,20260903
159775.SZ,建信国证新能源车电池ETF,SZ,20220124,,20220107,建信基金管理有限责任公司,L,,国证新能源车电池,深圳证券信息有限公司,RULE_BASED,,EQUITY,True,True,False,False,True,,L5_RULE,国证新能源车电池,国证新能源车电池指数收益率×100%,Tushare fund_basic.benchmark + index_basic,2026-09-04 10:05:42,True,20220124,20260903,1118,0.751,16708002.0,18921707.43,20376300.50666667,67864.8961,509665369.711,,0,1.0,16708.002,20220107,20260903
516530.SH,银华中证现代物流ETF,SH,20220117,,20220104,银华基金管理股份有限公司,L,,中证现代物流,中证指数有限公司,RULE_BASED,,EQUITY,True,True,False,True,True,,L5_RULE,中证现代物流,中证现代物流指数×100%,Tushare fund_basic.benchmark + index_basic,2026-09-04 10:05:42,True,20220117,20260903,1123,1.024,2952288.0,997649.4,887966.2333333332,1680.23,17205555.2,,0,1.0,2952.288,20220104,20260903
517270.SH,浦银安盛中证沪港深科技龙头ETF,SH,20220112,20240520,20211230,浦银基金管理有限公司,D,931087.CSI,中证沪港深科技龙头,中证指数有限公司,INDEX_BASIC,主题指数,EQUITY,False,True,True,True,False,CROSS/MIXED;NOT_DOMESTIC_A_SHARE,L2B_EX_REVSUB,中证沪港深科技龙头,中证沪港深科技龙头指数收益率×100%,Tushare fund_basic.benchmark + index_basic,2026-09-04 10:05:42,True,20220112,20240301,514,0.663,869765.0,921904.0499999998,631525.7166666668,1709.16,11331730.8,,0,1.0,869.765,20211230,20240305
562910.SH,易方达中证装备产业ETF,SH,20220110,,20211229,易方达基金管理有限公司,L,,中证装备产业,中证指数有限公司,RULE_BASED,,EQUITY,True,True,False,True,True,,L5_RULE,中证装备产业,中证装备产业指数收益率×100%,Tushare fund_basic.benchmark + index_basic,2026-09-04 10:05:42,True,20220110,20260903,1128,0.809,3099267.0,8564511.65,15859974.616666669,29822.73,241265885.70000002,,0,1.0,3099.267,20211229,20260903
516810.SH,华夏中证农业主题ETF,SH,20220111,,20211229,华夏基金管理有限公司,L,000949.CSI,中证农业主题,中证指数有限公司,INDEX_BASIC,主题指数,EQUITY,True,True,False,True,True,,L2B_EX_REVSUB,中证农业主题,中证农业主题指数收益率×100%,Tushare fund_basic.benchmark + index_basic,2026-09-04 10:05:42,True,20220111,20260903,1127,0.77,73312145.0,80283064.95,86532275.91666669,52547.89,404618753.0,,0,1.0,73312.145,20211229,20260903
159611.SZ,广发中证全指电力公用事业ETF,SZ,20220107,,20211229,广发基金管理有限公司,L,,中证全指电力公用事业,中证指数有限公司,RULE_BASED,,EQUITY,True,True,False,True,True,,L5_RULE,中证全指电力公用事业,中证全指电力公用事业指数×100%,Tushare fund_basic.benchmark + index_basic,2026-09-04 10:05:42,True,20220107,20260903,1129,1.047,366465153.79999995,413868484.975,582993434.4333334,936316.29,9803231556.3,,0,1.0,366465.1538,20211229,20260903
159728.SZ,南方国证在线消费ETF,SZ,20220111,,20211229,南方基金管理股份有限公司,L,399361.SZ,国证在线消费,深圳证券信息有限公司,INDEX_BASIC,主题指数,EQUITY,True,True,False,False,True,,L2B_EX_REVSUB,国证在线消费,国证在线消费指数×100%,Tushare fund_basic.benchmark + index_basic,2026-09-04 10:05:42,True,20220111,20260903,1124,0.787,5715956.8,5779653.045000001,6640331.600000001,4591.0129,36131271.523,,0,1.0,5715.9568,20211229,20260903
159743.SZ,博时中证湖北新旧动能转换ETF,SZ,20220111,,20211229,博时基金管理有限公司,L,,中证湖北新旧动能转换,中证指数有限公司,RULE_BASED,,EQUITY,True,True,False,True,True,,L5_RULE,中证湖北新旧动能转换,中证湖北新旧动能转换指数收益率×100%,Tushare fund_basic.benchmark + index_basic,2026-09-04 10:05:42,True,20220111,20260903,1127,1.386,1193252.4000000001,849674.38,1487688.9599999997,10994.11,152378364.6,,0,1.0,1193.2524,20211229,20260903
560800.SH,鹏扬中证数字经济主题ETF,SH,20220107,,20211222,鹏扬基金管理有限公司,L,,中证数字经济主题,中证指数有限公司,RULE_BASED,,EQUITY,True,True,False,True,True,,L5_RULE,中证数字经济主题,中证数字经济主题指数收益率×100%,Tushare fund_basic.benchmark + index_basic,2026-09-04 10:05:42,True,20220107,20260903,1129,1.137,4072531.0,7793753.1,13128601.816666663,29395.11,334222400.7,,0,1.0,4072.531,20211222,20260903
562510.SH,华夏中证旅游主题ETF,SH,20211230,,20211221,华夏基金管理有限公司,L,930633.CSI,中证旅游主题,中证指数有限公司,INDEX_BASIC,主题指数,EQUITY,True,True,False,True,True,,L2B_EX_REVSUB,中证旅游主题,中证旅游主题指数收益率×100%,Tushare fund_basic.benchmark + index_basic,2026-09-04 10:05:42,True,20211230,20260903,1134,0.577,55627610.0,38506163.89999999,44611374.23333333,112509.5,649179815.0,,0,1.0,55627.61,20211221,20260903
159758.SZ,华夏中证红利质量ETF,SZ,20211228,,20211220,华夏基金管理有限公司,L,932315.CSI,中证红利质量,中证指数有限公司,INDEX_BASIC,策略指数,EQUITY,True,True,False,True,True,,L1_EX_EXACT,中证红利质量,中证红利质量指数收益率×100%,Tushare fund_basic.benchmark + index_basic,2026-09-04 10:05:42,True,20211228,20260903,1136,1.13,32869009.700000003,38172665.67,62954323.99999999,130229.0777,1471588578.0099998,,0,1.0,32869.0097,20211220,20260903
562300.SH,银华中证内地低碳经济主题ETF,SH,20220105,,20211220,银华基金管理股份有限公司,L,,中证内地低碳经济主题,中证指数有限公司,RULE_BASED,,EQUITY,True,True,False,True,True,,L5_RULE,中证内地低碳经济主题,中证内地低碳经济主题指数×100%,Tushare fund_basic.benchmark + index_basic,2026-09-04 10:05:42,True,20220105,20260903,1131,0.646,259583.00000000003,1058000.2,1014667.5333333334,5549.5,35849770.0,,0,1.0,259.583,20211220,20260903
562500.SH,华夏中证机器人ETF,SH,20211229,,20211217,华夏基金管理有限公司,L,,中证机器人,中证指数有限公司,RULE_BASED,,EQUITY,True,True,False,True,True,,L5_RULE,中证机器人,中证机器人指数收益率×100%,Tushare fund_basic.benchmark + index_basic,2026-09-04 10:05:42,True,20211229,20260903,1135,0.954,260537057.0,562037650.5,792322125.3999999,1848718.73,17636776684.2,,0,1.0,260537.057,20211217,20260903
517090.SH,国泰富时中国国企开放共赢ETF,SH,20211228,,20211217,国泰基金管理有限公司,L,,富时中国国企开放共赢,FTSE Russell,RULE_BASED,,EQUITY,True,True,False,False,True,,L5_RULE,富时中国国企开放共赢,富时中国国企开放共赢指数收益率×100%,Tushare fund_basic.benchmark + index_basic,2026-09-04 10:05:42,True,20211228,20260903,1136,1.597,3391013.0,4522707.45,5920635.133333333,5307.5,84760775.0,,0,1.0,3391.013,20211217,20260903
517180.SH,南方富时中国国企开放共赢ETF,SH,20211228,,20211217,南方基金管理股份有限公司,L,,富时中国国企开放共赢,FTSE Russell,RULE_BASED,,EQUITY,True,True,False,False,True,,L5_RULE,富时中国国企开放共赢,富时中国国企开放共赢指数收益率×100%,Tushare fund_basic.benchmark + index_basic,2026-09-04 10:05:42,True,20211228,20260903,1136,1.515,7720494.0,8992008.549999999,8759674.016666666,8949.63,135586894.49999997,,0,1.0979,7720.494,20211217,20260903
159606.SZ,易方达中证500质量成长ETF,SZ,20211229,,20211217,易方达基金管理有限公司,L,930939.CSI,中证500质量成长,中证指数有限公司,INDEX_BASIC,策略指数,EQUITY,True,True,False,True,True,,L4_NORM_EX,中证500质量成长,中证500质量成长指数收益率×100%,Tushare fund_basic.benchmark + index_basic,2026-09-04 10:05:42,True,20211229,20260903,1135,1.355,12065677.7,16550318.22,17767188.363333333,39622.2838,536881945.49,,0,1.0,12065.6777,20211217,20260903
159719.SZ,平安富时中国国企开放共赢ETF,SZ,20211228,,20211217,平安基金管理有限公司,L,,富时中国国企开放共赢,FTSE Russell,RULE_BASED,,EQUITY,True,True,False,False,True,,L5_RULE,富时中国国企开放共赢,富时中国国企开放共赢指数收益率×100%,Tushare fund_basic.benchmark + index_basic,2026-09-04 10:05:42,True,20211228,20260903,1132,1.605,4040017.1,4147950.4749999996,3943495.508333334,2019.5986,32414557.53,,0,1.0,4040.0171,20211217,20260903
159608.SZ,广发中证稀有金属主题ETF,SZ,20211223,,20211215,广发基金管理有限公司,L,,中证稀有金属主题,中证指数有限公司,RULE_BASED,,EQUITY,True,True,False,True,True,,L5_RULE,中证稀有金属主题,中证稀有金属主题指数×100%,Tushare fund_basic.benchmark + index_basic,2026-09-04 10:05:42,True,20211223,20260903,1139,1.059,64864295.9,124325552.28500001,168318152.77500004,339121.0066,3591291459.8939996,,0,1.0,64864.2959,20211215,20260903
159701.SZ,招商中证物联网主题ETF,SZ,20211223,,20211215,招商基金管理有限公司,L,,中证物联网主题,中证指数有限公司,RULE_BASED,,EQUITY,True,True,False,True,True,,L5_RULE,中证物联网主题,中证物联网主题指数收益率×100%,Tushare fund_basic.benchmark + index_basic,2026-09-04 10:05:42,True,20211223,20260903,1138,1.24,297595.5,663315.2399999999,1953457.5266666664,570.5601,7074945.24,,0,1.0,297.5955,20211215,20260903
516350.SH,易方达中证芯片产业ETF,SH,20211223,,20211215,易方达基金管理有限公司,L,,中证芯片产业,中证指数有限公司,RULE_BASED,,EQUITY,True,True,False,True,True,,L5_RULE,中证芯片产业,中证芯片产业指数收益率×100%,Tushare fund_basic.benchmark + index_basic,2026-09-04 10:05:42,True,20211223,20260903,1139,1.587,73818435.0,195408683.95,257937325.83333334,142641.53,2263721081.1,,0,1.0,73818.435,20211215,20260903
159610.SZ,景顺长城中证500增强策略ETF,SZ,20220110,,20211213,景顺长城基金管理有限公司,L,000905.SH,中证500,中证指数有限公司,INDEX_BASIC,规模指数,EQUITY,True,False,False,True,False,NOT_PASSIVE,L1_EX_EXACT,中证500,中证500指数收益率×100%,Tushare fund_basic.benchmark + index_basic,2026-09-04 10:05:42,True,20220110,20260903,1128,1.254,1991807.2,5672990.889999999,10878129.730000002,16256.8207,203860531.578,,0,1.0,1991.8072,20211213,20260903
159730.SZ,博时国证龙头家电ETF,SZ,20211224,,20211213,博时基金管理有限公司,L,980028.SZ,国证龙头家电,深圳证券信息有限公司,INDEX_BASIC,主题指数,EQUITY,True,True,False,False,True,,L2B_EX_REVSUB,国证龙头家电,国证龙头家电指数收益率×95%+银行活期存款利率(税后)×5%,Tushare fund_basic.benchmark + index_basic,2026-09-04 10:05:42,True,20211224,20260903,1137,1.031,213043.80000000002,649482.2399999999,1337795.7333333332,4257.134,43891051.54,,0,1.0,213.0438,20211213,20260903
517390.SH,天弘中证沪港深云计算产业ETF,SH,20211223,,20211210,天弘基金管理有限公司,L,930851.CSI,中证沪港深云计算产业,中证指数有限公司、上海证券交易所,INDEX_BASIC,主题指数,EQUITY,False,True,True,True,False,CROSS/MIXED;NOT_DOMESTIC_A_SHARE,L2B_EX_REVSUB,中证沪港深云计算产业,中证沪港深云计算产业指数×100%,Tushare fund_basic.benchmark + index_basic,2026-09-04 10:05:42,True,20211223,20260903,1139,1.896,9602602.0,9124061.35,10790276.35,13011.26,246693489.6,,0,1.0,9602.602,20211210,20260903
588150.SH,南方上证科创板50成份ETF,SH,20211220,,20211210,南方基金管理股份有限公司,L,,上证科创板50成份,中证指数有限公司/上海证券交易所,RULE_BASED,,EQUITY,True,True,False,True,True,,L5_RULE,上证科创板50成份,上证科创板50成份指数×100%,Tushare fund_basic.benchmark + index_basic,2026-09-04 10:05:42,True,20211220,20260903,1142,1.146,35500546.0,39407299.49999999,48500171.80000001,39093.26,448008759.59999996,,0,1.0,35500.546,20211210,20260903
159706.SZ,华安深证100ETF,SZ,20211220,,20211209,华安基金管理有限公司,L,399330.SZ,深证100,深圳证券信息有限公司、深圳证券交易所,INDEX_BASIC,规模指数,EQUITY,True,True,False,False,True,,L1_EX_EXACT,深证100,深证100指数收益率×100%,Tushare fund_basic.benchmark + index_basic,2026-09-04 10:05:42,True,20211220,20260903,1142,0.901,1450209.9000000001,2885608.9550000005,4340874.675,4038.68,36388506.800000004,,0,1.0,1450.2099,20211209,20260903
516690.SH,银华中证细分化工产业主题ETF,SH,20211221,20240827,20211207,银华基金管理股份有限公司,D,000813.CSI,中证细分化工产业主题,中证指数有限公司,INDEX_BASIC,主题指数,EQUITY,True,True,False,True,True,,L2B_EX_REVSUB,中证细分化工产业主题,中证细分化工产业主题指数收益率×100%,Tushare fund_basic.benchmark + index_basic,2026-09-04 10:05:42,True,20211221,20240606,595,0.578,1655634.0,3588615.3000000003,3926868.4999999995,4174.3,24127454.0,,0,1.0,1655.634,20211207,20240605
159760.SZ,泰康国证公共卫生与医疗健康ETF,SZ,20211220,,20211206,泰康基金管理有限公司,L,,国证公共卫生与医疗健康,深圳证券信息有限公司,RULE_BASED,,EQUITY,True,True,False,False,True,,L5_RULE,国证公共卫生与医疗健康,国证公共卫生与医疗健康指数收益率×100%,Tushare fund_basic.benchmark + index_basic,2026-09-04 10:05:42,True,20211220,20260903,1142,0.585,235599.1,1456289.9250000003,1718925.4283333335,13236.0223,77430730.455,,0,1.0,235.5991,20211206,20260903
562900.SH,易方达中证现代农业主题ETF,SH,20211213,,20211202,易方达基金管理有限公司,L,,中证现代农业主题,中证指数有限公司,RULE_BASED,,EQUITY,True,True,False,True,True,,L5_RULE,中证现代农业主题,中证现代农业主题指数收益率×100%,Tushare fund_basic.benchmark + index_basic,2026-09-04 10:05:42,True,20211213,20260903,1147,0.708,13304125.0,15503500.950000001,14023751.75,24070.63,170420060.39999998,,0,1.0,13304.125,20211202,20260903
159731.SZ,华夏中证石化产业ETF,SZ,20211210,,20211202,华夏基金管理有限公司,L,,中证石化产业,中证指数有限公司,RULE_BASED,,EQUITY,True,True,False,True,True,,L5_RULE,中证石化产业,中证石化产业指数收益率×100%,Tushare fund_basic.benchmark + index_basic,2026-09-04 10:05:42,True,20211210,20260903,1147,0.955,47123456.5,58018852.96,69802080.60333334,70237.5802,670768890.91,,0,1.0,47123.4565,20211202,20260903
561550.SH,华泰柏瑞中证500增强策略ETF,SH,20211210,,20211202,华泰柏瑞基金管理有限公司,L,000905.SH,中证500,中证指数有限公司,INDEX_BASIC,规模指数,EQUITY,True,False,False,True,False,NOT_PASSIVE,L1_EX_EXACT,中证500,中证500指数收益率×100%,Tushare fund_basic.benchmark + index_basic,2026-09-04 10:05:42,True,20211210,20260903,1148,1.401,33199665.0,61575145.6,87314322.53333335,133498.96,1870320429.6000001,,0,1.0,33199.665,20211202,20260903
561990.SH,招商沪深300增强策略ETF,SH,20211210,,20211202,招商基金管理有限公司,L,000300.SH,沪深300,中证指数有限公司、上海证券交易所,INDEX_BASIC,规模指数,EQUITY,True,False,False,True,False,NOT_PASSIVE,L1_EX_EXACT,沪深300,沪深300指数收益率×100%,Tushare fund_basic.benchmark + index_basic,2026-09-04 10:05:42,True,20211210,20260903,1148,1.018,18758538.0,19651512.600000005,25718289.999999996,34064.92,346780885.6,,0,1.0,18758.538,20211202,20260903
561300.SH,国泰沪深300增强策略ETF,SH,20211210,,20211201,国泰基金管理有限公司,L,000300.SH,沪深300,中证指数有限公司、上海证券交易所,INDEX_BASIC,规模指数,EQUITY,True,False,False,True,False,NOT_PASSIVE,L1_EX_EXACT,沪深300,沪深300指数×100%,Tushare fund_basic.benchmark + index_basic,2026-09-04 10:05:42,True,20211210,20260903,1148,1.063,25550109.0,31007084.800000004,33183097.800000004,51196.5,544218795.0,,0,1.0,25550.109,20211201,20260903
517160.SH,南方中证长江保护主题ETF,SH,20220105,,20211126,南方基金管理股份有限公司,L,931554.CSI,中证长江保护主题,中证指数有限公司,INDEX_BASIC,主题指数,EQUITY,True,True,False,True,True,,L2B_EX_REVSUB,中证长江保护主题,中证长江保护主题指数×100%,Tushare fund_basic.benchmark + index_basic,2026-09-04 10:05:42,True,20220105,20260903,1128,0.946,10033.0,122569.95000000003,616040.95,182677.75,1728131515.0,,0,1.0,10.033,20211126,20260903
517330.SH,易方达中证长江保护主题ETF,SH,20220105,,20211126,易方达基金管理有限公司,L,931554.CSI,中证长江保护主题,中证指数有限公司,INDEX_BASIC,主题指数,EQUITY,True,True,False,True,True,,L2B_EX_REVSUB,中证长江保护主题,中证长江保护主题指数×100%,Tushare fund_basic.benchmark + index_basic,2026-09-04 10:05:42,True,20220105,20260903,1127,0.959,26469.0,274223.25,594744.2166666667,180916.9,1734993071.0,,0,1.0,26.469,20211126,20260903
517770.SH,浦银中证沪港深游戏及文化传媒ETF,SH,20211203,,20211125,浦银基金管理有限公司,L,,中证沪港深游戏及文化传媒,中证指数有限公司,RULE_BASED,,EQUITY,False,True,True,True,False,CROSS/MIXED;NOT_DOMESTIC_A_SHARE,L5_RULE,中证沪港深游戏及文化传媒,中证沪港深游戏及文化传媒指数收益率×100%,Tushare fund_basic.benchmark + index_basic,2026-09-04 10:05:42,True,20211203,20260903,1153,0.857,10083483.0,9773540.25,9756568.633333337,19594.78,167927264.6,,0,1.0,10083.483,20211125,20260903
159789.SZ,建信中证饮料主题ETF,SZ,20211220,20231025,20211125,建信基金管理有限责任公司,D,,中证饮料主题,中证指数有限公司,RULE_BASED,,EQUITY,True,True,False,True,True,,L5_RULE,中证饮料主题,中证饮料主题指数×100%,Tushare fund_basic.benchmark + index_basic,2026-09-04 10:05:42,True,20211220,20231017,441,0.754,2319560.0,1258376.6,1622305.1166666665,4987.9039,37608795.406,,0,1.0,2319.56,20211125,20231017
159748.SZ,富国中证沪港深创新药产业ETF,SZ,20211203,,20211124,富国基金管理有限公司,L,980086.CNI,中证沪港深创新药产业,深圳证券信息有限公司,INDEX_BASIC,主题指数,EQUITY,False,True,True,False,False,CROSS/MIXED;NOT_DOMESTIC_A_SHARE,L2B_EX_REVSUB,中证沪港深创新药产业,中证沪港深创新药产业指数×100%,Tushare fund_basic.benchmark + index_basic,2026-09-04 10:05:42,True,20211203,20260903,1153,0.845,47050595.699999996,102399164.13000003,123198195.99499999,145969.2128,1233439848.1599998,,0,1.0,47050.5957,20211124,20260903
159761.SZ,国泰中证新材料主题ETF,SZ,20211213,,20211124,国泰基金管理有限公司,L,,中证新材料主题,中证指数有限公司,RULE_BASED,,EQUITY,True,True,False,True,True,,L5_RULE,中证新材料主题,中证新材料主题指数收益率×100%,Tushare fund_basic.benchmark + index_basic,2026-09-04 10:05:42,True,20211213,20260903,1147,0.783,2232843.4000000004,7611669.169999999,16847897.099999998,19173.4117,150127813.611,,0,1.0,2232.8434,20211124,20260903
517960.SH,摩根中证沪港深科技100ETF,SH,20211223,20240904,20211122,摩根基金管理(中国)有限公司,D,,中证沪港深科技100,中证指数有限公司,RULE_BASED,,EQUITY,False,True,True,True,False,CROSS/MIXED;NOT_DOMESTIC_A_SHARE,L5_RULE,中证沪港深科技100,中证沪港深科技100指数收益率×100%,Tushare fund_basic.benchmark + index_basic,2026-09-04 10:05:42,True,20211223,20240702,606,0.792,2382.0,1041489.6000000001,958270.1666666666,5818.2,46080144.0,,0,1.0,2.382,20211122,20240705
588310.SH,方正富邦中证科创创业50ETF,SH,20211202,,20211122,方正富邦基金管理有限公司,L,931643.CSI,中证科创创业50,中证指数有限公司,INDEX_BASIC,规模指数,EQUITY,True,True,False,True,True,,L2B_EX_REVSUB,中证科创创业50,中证科创创业50指数收益率×100%,Tushare fund_basic.benchmark + index_basic,2026-09-04 10:05:42,True,20211202,20260903,1154,1.124,558137.0,3012495.6500000004,3303777.333333333,3063.75,34436550.0,,0,1.0,558.137,20211122,20260903
159779.SZ,招商中证消费电子主题ETF,SZ,20211126,,20211118,招商基金管理有限公司,L,,中证消费电子主题,中证指数有限公司,RULE_BASED,,EQUITY,True,True,False,True,True,,L5_RULE,中证消费电子主题,中证消费电子主题指数收益率×100%,Tushare fund_basic.benchmark + index_basic,2026-09-04 10:05:42,True,20211126,20260903,1158,1.421,8235460.4,10162768.084999999,17540017.403333336,13886.9337,197333327.877,,0,1.0,8235.4604,20211118,20260903
517880.SH,华泰柏瑞中证沪港深品牌消费50ETF,SH,20211201,,20211117,华泰柏瑞基金管理有限公司,L,000126.SH,中证沪港深品牌消费50,中证指数有限公司、上海证券交易所,INDEX_BASIC,主题指数,EQUITY,False,True,True,True,False,CROSS/MIXED;NOT_DOMESTIC_A_SHARE,L2B_EX_REVSUB,中证沪港深品牌消费50,中证沪港深品牌消费50指数收益率×100%,Tushare fund_basic.benchmark + index_basic,2026-09-04 10:05:42,True,20211201,20260903,1154,0.733,4012052.0,3164954.3,3069902.4999999995,4933.71,36164094.3,,0,1.0,4012.052,20211117,20260903
517280.SH,天弘中证沪港深线上消费主题ETF,SH,20211203,20240826,20211116,天弘基金管理有限公司,D,931480.CSI,中证沪港深线上消费主题,中证指数有限公司,INDEX_BASIC,主题指数,EQUITY,False,True,True,True,False,CROSS/MIXED;NOT_DOMESTIC_A_SHARE,L2B_EX_REVSUB,中证沪港深线上消费主题,中证沪港深线上消费主题指数×100%,Tushare fund_basic.benchmark + index_basic,2026-09-04 10:05:42,True,20211203,20240705,627,0.641,2369831.0,2732675.15,5800267.1499999985,1455.25,9328152.5,,0,1.0,2369.831,20211116,20240705
159896.SZ,南方中证物联网主题ETF,SZ,20211124,,20211115,南方基金管理股份有限公司,L,,中证物联网主题,中证指数有限公司,RULE_BASED,,EQUITY,True,True,False,True,True,,L5_RULE,中证物联网主题,中证物联网主题指数收益率×100%,Tushare fund_basic.benchmark + index_basic,2026-09-04 10:05:42,True,20211124,20260903,1158,1.269,1884782.3,5331681.6,4282163.284999999,3805.596,48293013.239999995,,0,1.0,1884.7823,20211115,20260903
561310.SH,国泰中证消费电子主题ETF,SH,20211125,,20211110,国泰基金管理有限公司,L,,中证消费电子主题,中证指数有限公司,RULE_BASED,,EQUITY,True,True,False,True,True,,L5_RULE,中证消费电子主题,中证消费电子主题指数收益率×100%,Tushare fund_basic.benchmark + index_basic,2026-09-04 10:05:42,True,20211125,20260903,1159,0.695,7369832.0,8738629.799999999,12818647.733333334,10483.31,72859004.5,,0,1.9988,7369.832,20211110,20260903
159793.SZ,平安中证沪港深线上消费主题ETF,SZ,20211124,,20211109,平安基金管理有限公司,L,931480.CSI,中证沪港深线上消费主题,中证指数有限公司,INDEX_BASIC,主题指数,EQUITY,False,True,True,True,False,CROSS/MIXED;NOT_DOMESTIC_A_SHARE,L2B_EX_REVSUB,中证沪港深线上消费主题,中证沪港深线上消费主题指数收益率×100%,Tushare fund_basic.benchmark + index_basic,2026-09-04 10:05:42,True,20211124,20260903,1159,0.766,705972.8,1226096.885,1972801.238333333,4375.8908,33519323.528,,0,1.0,705.9728,20211109,20260903
516730.SH,浦银中证证券公司30ETF,SH,20211112,,20211104,浦银基金管理有限公司,L,,中证证券公司30,中证指数有限公司,RULE_BASED,,EQUITY,True,True,False,True,True,,L5_RULE,中证证券公司30,中证证券公司30指数收益率×100%,Tushare fund_basic.benchmark + index_basic,2026-09-04 10:05:42,True,20211112,20260903,1168,0.996,1286727.0,2855243.1999999997,6723850.583333333,22738.08,226471276.80000004,,0,1.0,1286.727,20211104,20260903
159707.SZ,华宝中证800地产ETF,SZ,20211112,,20211104,华宝基金管理有限公司,L,399965.SZ,中证800地产,中证指数有限公司,INDEX_BASIC,行业指数,EQUITY,True,True,False,True,True,,L4_NORM_EX,中证800地产,中证800地产指数收益率×100%,Tushare fund_basic.benchmark + index_basic,2026-09-04 10:05:42,True,20211112,20260903,1168,0.483,73859900.7,84347219.885,71537031.15166669,121354.8214,586143787.362,,0,1.0,73859.9007,20211104,20260903
159739.SZ,鹏华中证云计算与大数据主题ETF,SZ,20211117,,20211103,鹏华基金管理有限公司,L,930851.CSI,中证云计算与大数据主题,中证指数有限公司、上海证券交易所,INDEX_BASIC,主题指数,EQUITY,True,True,False,True,True,,L2B_EX_REVSUB,中证云计算与大数据主题,中证云计算与大数据主题指数收益率×100%,Tushare fund_basic.benchmark + index_basic,2026-09-04 10:05:42,True,20211117,20260903,1165,0.796,6358213.300000001,14354711.315000003,31954141.221666664,40756.123,324418739.08000004,,0,2.0,6358.2133,20211103,20260903
516750.SH,富国中证全指建筑材料ETF,SH,20211105,,20211028,富国基金管理有限公司,L,,中证全指建筑材料,中证指数有限公司,RULE_BASED,,EQUITY,True,True,False,True,True,,L5_RULE,中证全指建筑材料,中证全指建筑材料指数收益率×100%,Tushare fund_basic.benchmark + index_basic,2026-09-04 10:05:42,True,20211105,20260903,1173,0.583,7864049.0,8228700.75,7965097.716666667,13916.73,81134535.89999999,,0,1.0,7864.049,20211028,20260903
159862.SZ,银华中证细分食品饮料产业主题ETF,SZ,20211108,,20211026,银华基金管理股份有限公司,L,,中证细分食品饮料产业主题,中证指数有限公司,RULE_BASED,,EQUITY,True,True,False,True,True,,L5_RULE,中证细分食品饮料产业主题,中证细分食品饮料产业主题指数收益率×100%,Tushare fund_basic.benchmark + index_basic,2026-09-04 10:05:42,True,20211108,20260903,1170,0.543,1082603.8,2390390.1500000004,3387549.1383333337,30900.0623,167787338.289,,0,1.0,1082.6038,20211026,20260903
159770.SZ,天弘中证机器人ETF,SZ,20211108,,20211026,天弘基金管理有限公司,L,,中证机器人,中证指数有限公司,RULE_BASED,,EQUITY,True,True,False,True,True,,L5_RULE,中证机器人,中证机器人指数×100%,Tushare fund_basic.benchmark + index_basic,2026-09-04 10:05:42,True,20211108,20260903,1172,0.99,75553033.3,136316925.63499996,200800348.87999997,605058.7762,5990081884.38,,0,1.0,75553.0333,20211026,20260903
159877.SZ,南方中证全指医疗保健设备与服务ETF,SZ,20211103,,20211022,南方基金管理股份有限公司,L,,中证全指医疗保健设备与服务,中证指数有限公司,RULE_BASED,,EQUITY,True,True,False,True,True,,L5_RULE,中证全指医疗保健设备与服务,中证全指医疗保健设备与服务指数收益率×100%,Tushare fund_basic.benchmark + index_basic,2026-09-04 10:05:42,True,20211103,20260903,1174,0.509,443405.7,3034459.5200000005,2673657.78,24679.2292,125617276.62800002,,0,1.0,443.4057,20211022,20260903
516620.SH,国泰中证影视主题ETF,SH,20211105,,20211020,国泰基金管理有限公司,L,930781.CSI,中证影视主题,中证指数有限公司,INDEX_BASIC,主题指数,EQUITY,True,True,False,True,True,,L2B_EX_REVSUB,中证影视主题,中证影视主题指数收益率×100%,Tushare fund_basic.benchmark + index_basic,2026-09-04 10:05:42,True,20211105,20260903,1173,0.859,87866852.0,42802145.8,34452439.133333325,30476.75,261795282.5,,0,1.0,87866.852,20211020,20260903
159895.SZ,易方达中证物联网主题ETF,SZ,20211021,,20211013,易方达基金管理有限公司,L,,中证物联网主题,中证指数有限公司,RULE_BASED,,EQUITY,True,True,False,True,True,,L5_RULE,中证物联网主题,中证物联网主题指数收益率×100%,Tushare fund_basic.benchmark + index_basic,2026-09-04 10:05:42,True,20211021,20260903,1179,1.366,3980366.8,5048318.955000001,4642162.090000001,7524.1864,102780386.224,,0,1.0,3980.3668,20211013,20260903
517660.SH,天弘中证沪港深物联网主题ETF,SH,20211025,,20211012,天弘基金管理有限公司,L,,中证沪港深物联网主题,中证指数有限公司,RULE_BASED,,EQUITY,False,True,True,True,False,CROSS/MIXED;NOT_DOMESTIC_A_SHARE,L5_RULE,中证沪港深物联网主题,中证沪港深物联网主题指数×100%,Tushare fund_basic.benchmark + index_basic,2026-09-04 10:05:42,True,20211025,20260903,1182,1.24,204595.0,1383954.75,2085681.4166666667,3988.07,49452068.0,,0,1.0,204.595,20211012,20260903
588280.SH,华安上证科创板50成份ETF,SH,20211029,,20211012,华安基金管理有限公司,L,,上证科创板50成份,中证指数有限公司/上海证券交易所,RULE_BASED,,EQUITY,True,True,False,True,True,,L5_RULE,上证科创板50成份,上证科创板50成份指数收益率×100%,Tushare fund_basic.benchmark + index_basic,2026-09-04 10:05:42,True,20211029,20260903,1178,1.16,22710622.0,32931290.400000006,43470911.31666666,39612.1,459500359.99999994,,0,1.0,22710.622,20211012,20260903
159853.SZ,南方中证科技100ETF,SZ,20211015,20231127,20210929,南方基金管理股份有限公司,D,,中证科技100,中证指数有限公司,RULE_BASED,,EQUITY,True,True,False,True,True,,L5_RULE,中证科技100,中证科技100指数×100%,Tushare fund_basic.benchmark + index_basic,2026-09-04 10:05:42,True,20211015,20231124,515,0.791,2406633.0,4280458.549999999,4718745.249999999,925.1992,7318325.672,,0,1.0,2406.633,20210929,20231124
516130.SH,华宝中证消费龙头ETF,SH,20211013,,20210928,华宝基金管理有限公司,L,931068.CSI,中证消费龙头,中证指数有限公司,INDEX_BASIC,主题指数,EQUITY,True,True,False,True,True,,L2B_EX_REVSUB,中证消费龙头,中证消费龙头指数收益率×100%,Tushare fund_basic.benchmark + index_basic,2026-09-04 10:05:42,True,20211013,20260903,1190,0.69,9277605.0,15493278.999999998,13554296.616666667,157989.0,1090124100.0,,0,1.0,9277.605,20210928,20260903
159723.SZ,汇添富中证沪港深科技龙头ETF,SZ,20211015,,20210927,汇添富基金管理股份有限公司,L,931087.CSI,中证沪港深科技龙头,中证指数有限公司,INDEX_BASIC,主题指数,EQUITY,False,True,True,True,False,CROSS/MIXED;NOT_DOMESTIC_A_SHARE,L2B_EX_REVSUB,中证沪港深科技龙头,中证沪港深科技龙头指数收益率×100%,Tushare fund_basic.benchmark + index_basic,2026-09-04 10:05:42,True,20211015,20260903,1187,1.039,865516.5,715609.335,1465083.8483333334,2902.5575,30157572.424999997,,0,1.0,865.5165,20210927,20260903
561130.SH,富国中证新华社民族品牌工程ETF,SH,20211018,,20210927,富国基金管理有限公司,L,931403.CSI,中证新华社民族品牌工程,中证指数有限公司、上海证券交易所,INDEX_BASIC,主题指数,EQUITY,True,True,False,True,True,,L2B_EX_REVSUB,中证新华社民族品牌工程,中证新华社民族品牌工程指数收益率×100%,Tushare fund_basic.benchmark + index_basic,2026-09-04 10:05:42,True,20211018,20260903,1187,1.019,7431981.0,9813296.749999998,15182039.25,8593.52,87567968.8,,0,1.0,7431.981,20210927,20260903
159777.SZ,国联安创业板科技ETF,SZ,20211018,,20210927,国联安基金管理有限公司,L,395004.SZ,创业板科技,深圳证券交易所,INDEX_BASIC,其他指数,EQUITY,True,True,False,False,True,,L2B_EX_REVSUB,创业板科技,创业板科技指数收益率×100%,Tushare fund_basic.benchmark + index_basic,2026-09-04 10:05:42,True,20211018,20260903,1185,1.179,1667381.0,3037786.78,4196733.421666667,2828.0565,33342786.135,,0,1.0,1667.381,20210927,20260903
516860.SH,博时中证金融科技主题ETF,SH,20211011,,20210924,博时基金管理有限公司,L,,中证金融科技主题,中证指数有限公司,RULE_BASED,,EQUITY,True,True,False,True,True,,L5_RULE,中证金融科技主题,中证金融科技主题指数收益率×100%,Tushare fund_basic.benchmark + index_basic,2026-09-04 10:05:42,True,20211011,20260903,1192,1.093,55097512.0,53189611.55000001,63808944.583333336,115652.2,1264078546.0,,0,1.0,55097.512,20210924,20260903
159773.SZ,华泰柏瑞创业板科技ETF,SZ,20211008,,20210923,华泰柏瑞基金管理有限公司,L,395004.SZ,创业板科技,深圳证券交易所,INDEX_BASIC,其他指数,EQUITY,True,True,False,False,True,,L2B_EX_REVSUB,创业板科技,创业板科技指数收益率×100%,Tushare fund_basic.benchmark + index_basic,2026-09-04 10:05:42,True,20211008,20260903,1193,1.259,4795250.5,10096310.105,11580549.773333332,14590.312,183692028.07999998,,0,1.0,4795.2505,20210923,20260903
562360.SH,银华中证机器人ETF,SH,20211015,,20210922,银华基金管理股份有限公司,L,,中证机器人,中证指数有限公司,RULE_BASED,,EQUITY,True,True,False,True,True,,L5_RULE,中证机器人,中证机器人指数×100%,Tushare fund_basic.benchmark + index_basic,2026-09-04 10:05:42,True,20211015,20260903,1188,1.03,11400062.0,17678592.050000004,22627531.716666665,29247.4,301248220.0,,0,1.0,11400.062,20210922,20260903
560000.SH,浦银安盛中证智能电动汽车ETF,SH,20210930,20260715,20210917,浦银基金管理有限公司,D,,中证智能电动汽车,中证指数有限公司,RULE_BASED,,EQUITY,True,True,False,True,True,,L5_RULE,中证智能电动汽车,中证智能电动汽车指数收益率×100%,Tushare fund_basic.benchmark + index_basic,2026-09-04 10:05:42,True,20210930,20260430,1108,0.939,104589.0,783826.8500000001,473735.76666666666,702.29,6594503.1,,0,1.0,104.589,20210917,20260713
510770.SH,申万菱信上证G60战略新兴产业成份ETF,SH,20210928,,20210916,申万菱信基金管理有限公司,L,,上证G60战略新兴产业成份,中证指数有限公司/上海证券交易所,RULE_BASED,,EQUITY,True,True,False,True,True,,L5_RULE,上证G60战略新兴产业成份,上证G60战略新兴产业成份指数收益率×100%,Tushare fund_basic.benchmark + index_basic,2026-09-04 10:05:42,True,20210928,20260903,1195,0.876,1947169.0,3277775.4,5835029.333333334,2161.07,18930973.2,,0,1.0,1947.169,20210916,20260903
562800.SH,嘉实中证稀有金属主题ETF,SH,20210927,,20210915,嘉实基金管理有限公司,L,,中证稀有金属主题,中证指数有限公司,RULE_BASED,,EQUITY,True,True,False,True,True,,L5_RULE,中证稀有金属主题,中证稀有金属主题指数收益率×100%,Tushare fund_basic.benchmark + index_basic,2026-09-04 10:05:42,True,20210927,20260903,1197,0.92,129883127.0,250143011.65,358660932.1166666,570464.5,5248273400.0,,0,1.0,129883.127,20210915,20260903
517030.SH,易方达中证沪港深300ETF,SH,20210927,,20210915,易方达基金管理有限公司,L,931395.CSI,中证沪港深300,中证指数有限公司、上海证券交易所,INDEX_BASIC,规模指数,EQUITY,False,True,True,True,False,CROSS/MIXED;NOT_DOMESTIC_A_SHARE,L2B_EX_REVSUB,中证沪港深300,中证沪港深300指数收益率×100%,Tushare fund_basic.benchmark + index_basic,2026-09-04 10:05:42,True,20210927,20260903,1196,1.129,123160.0,1306352.25,829363.9,8404.03,94881498.7,,0,1.0,123.16,20210915,20260903
159717.SZ,鹏华国证ESG300ETF,SZ,20210929,,20210915,鹏华基金管理有限公司,L,399378.SZ,国证ESG300,深圳证券信息有限公司,INDEX_BASIC,策略指数,EQUITY,True,True,False,False,True,,L2B_EX_REVSUB,国证ESG300,国证ESG300指数收益率×100%,Tushare fund_basic.benchmark + index_basic,2026-09-04 10:05:42,True,20210929,20260903,1193,1.039,210883.7,1162660.255,1481852.476666667,2787.3183,28960237.137,,0,1.0,210.8837,20210915,20260903
159733.SZ,景顺长城中证消费电子主题ETF,SZ,20210929,20240306,20210915,景顺长城基金管理有限公司,D,,中证消费电子主题,中证指数有限公司,RULE_BASED,,EQUITY,True,True,False,True,True,,L5_RULE,中证消费电子主题,中证消费电子主题指数收益率×100%,Tushare fund_basic.benchmark + index_basic,2026-09-04 10:05:42,True,20210929,20240223,579,0.617,3649327.0,4979589.0,3776463.316666667,4315.6925,26627822.725,,0,1.0,3649.327,20210915,20240227
159736.SZ,天弘中证食品饮料ETF,SZ,20210927,,20210909,天弘基金管理有限公司,L,000807.CSI,中证食品饮料,中证指数有限公司,INDEX_BASIC,行业指数,EQUITY,True,True,False,True,True,,L2B_EX_REVSUB,中证食品饮料,中证食品饮料指数收益率×100%,Tushare fund_basic.benchmark + index_basic,2026-09-04 10:05:42,True,20210927,20260903,1197,0.586,14993418.600000001,18244868.215,25615726.445,748239.4457,4384683151.802,,0,1.0,14993.4186,20210909,20260903
516190.SH,华夏中证文娱传媒ETF,SH,20210917,,20210909,华夏基金管理有限公司,L,,中证文娱传媒,中证指数有限公司,RULE_BASED,,EQUITY,True,True,False,True,True,,L5_RULE,中证文娱传媒,中证文娱传媒指数收益率×100%,Tushare fund_basic.benchmark + index_basic,2026-09-04 10:05:42,True,20210917,20260903,1201,0.995,12443099.0,15443351.149999997,18953909.649999995,11781.85,117229407.5,,0,1.0,12443.099,20210909,20260903
516560.SH,华宝中证养老产业ETF,SH,20210916,,20210908,华宝基金管理有限公司,L,399812.SZ,中证养老产业,中证指数有限公司、上海证券交易所,INDEX_BASIC,主题指数,EQUITY,True,True,False,True,True,,L2B_EX_REVSUB,中证养老产业,中证养老产业指数收益率×100%,Tushare fund_basic.benchmark + index_basic,2026-09-04 10:05:42,True,20210916,20260903,1202,0.758,2623492.0,3181662.0,3862039.6333333333,21125.8,160133564.0,,0,1.0,2623.492,20210908,20260903
517110.SH,国泰中证沪港深创新药产业ETF,SH,20210930,,20210908,国泰基金管理有限公司,L,980086.CNI,中证沪港深创新药产业,深圳证券信息有限公司,INDEX_BASIC,主题指数,EQUITY,False,True,True,False,False,CROSS/MIXED;NOT_DOMESTIC_A_SHARE,L2B_EX_REVSUB,中证沪港深创新药产业,中证沪港深创新药产业指数收益率×100%,Tushare fund_basic.benchmark + index_basic,2026-09-04 10:05:42,True,20210930,20260903,1194,0.794,39460206.0,61400938.599999994,56953954.35000001,134109.85,1064832209.0,,0,1.0,39460.206,20210908,20260903
516210.SH,华安中证银行ETF,SH,20210924,,20210903,华安基金管理有限公司,L,399986.SZ,中证银行,中证指数有限公司,INDEX_BASIC,行业指数,EQUITY,True,True,False,True,True,,L1_EX_EXACT,中证银行,中证银行指数收益率×100%,Tushare fund_basic.benchmark + index_basic,2026-09-04 10:05:42,True,20210924,20260903,1198,1.436,11450012.0,14001495.750000002,12863535.016666668,7543.1,108318916.0,,0,1.0,11450.012,20210903,20260903
159889.SZ,国泰中证智能汽车主题ETF,SZ,20210909,,20210901,国泰基金管理有限公司,L,399432.SZ,中证智能汽车主题,深圳证券信息有限公司,INDEX_BASIC,主题指数,EQUITY,True,True,False,False,True,,L2B_EX_REVSUB,中证智能汽车主题,中证智能汽车主题指数收益率×100%,Tushare fund_basic.benchmark + index_basic,2026-09-04 10:05:42,True,20210909,20260903,1206,0.886,457036.60000000003,1149000.8499999999,1652372.3500000003,2840.0796,25163105.256,,0,1.0,457.0366,20210901,20260903
159715.SZ,易方达中证稀土产业ETF,SZ,20210910,,20210901,易方达基金管理有限公司,L,930598.CSI,中证稀土产业,中证指数有限公司,INDEX_BASIC,主题指数,EQUITY,True,True,False,True,True,,L2B_EX_REVSUB,中证稀土产业,中证稀土产业指数收益率×100%,Tushare fund_basic.benchmark + index_basic,2026-09-04 10:05:42,True,20210910,20260903,1206,1.15,31834268.3,55469178.47,87464434.12499999,51703.0274,594584815.0999999,,0,1.0,31834.2683,20210901,20260903
561600.SH,平安中证消费电子主题ETF,SH,20210909,,20210830,平安基金管理有限公司,L,,中证消费电子主题,中证指数有限公司,RULE_BASED,,EQUITY,True,True,False,True,True,,L5_RULE,中证消费电子主题,中证消费电子主题指数收益率×100%,Tushare fund_basic.benchmark + index_basic,2026-09-04 10:05:42,True,20210909,20260903,1207,0.721,17499701.0,19637649.95,36861901.95,29654.8,213811108.0,,0,2.0,17499.701,20210830,20260903
560560.SH,泰康中证内地低碳经济主题ETF,SH,20210913,,20210827,泰康基金管理有限公司,L,,中证内地低碳经济主题,中证指数有限公司,RULE_BASED,,EQUITY,True,True,False,True,True,,L5_RULE,中证内地低碳经济主题,中证内地低碳经济主题指数收益率×100%,Tushare fund_basic.benchmark + index_basic,2026-09-04 10:05:42,True,20210913,20260903,1205,0.646,418356.0,666993.85,950662.75,7019.01,45342804.6,,0,1.0,418.356,20210827,20260903
516630.SH,华夏中证云计算与大数据主题ETF,SH,20210903,,20210824,华夏基金管理有限公司,L,930851.CSI,中证云计算与大数据主题,中证指数有限公司、上海证券交易所,INDEX_BASIC,主题指数,EQUITY,True,True,False,True,True,,L2B_EX_REVSUB,中证云计算与大数据主题,中证云计算与大数据主题指数收益率×100%,Tushare fund_basic.benchmark + index_basic,2026-09-04 10:05:42,True,20210903,20260903,1211,1.645,37532484.0,54997881.050000004,73983189.18333334,47315.6,778341620.0,,0,1.0,37532.484,20210824,20260903
516640.SH,富国中证芯片产业ETF,SH,20210827,,20210819,富国基金管理有限公司,L,,中证芯片产业,中证指数有限公司,RULE_BASED,,EQUITY,True,True,False,True,True,,L5_RULE,中证芯片产业,中证芯片产业指数×100%,Tushare fund_basic.benchmark + index_basic,2026-09-04 10:05:42,True,20210827,20260903,1216,1.401,91591767.0,159216390.7,254649620.30000004,132448.28,1855600402.8,,0,1.0,91591.767,20210819,20260903
588390.SH,博时中证科创创业50ETF,SH,20210830,,20210819,博时基金管理有限公司,L,931643.CSI,中证科创创业50,中证指数有限公司,INDEX_BASIC,规模指数,EQUITY,True,True,False,True,True,,L2B_EX_REVSUB,中证科创创业50,中证科创创业50指数收益率×100%,Tushare fund_basic.benchmark + index_basic,2026-09-04 10:05:42,True,20210830,20260903,1215,1.147,5534781.0,7579630.05,9874596.799999999,16493.59,189181477.3,,0,1.0,5534.781,20210819,20260903
159763.SZ,建信中证新材料主题ETF,SZ,20210913,,20210819,建信基金管理有限责任公司,L,,中证新材料主题,中证指数有限公司,RULE_BASED,,EQUITY,True,True,False,True,True,,L5_RULE,中证新材料主题,中证新材料主题指数×100%,Tushare fund_basic.benchmark + index_basic,2026-09-04 10:05:42,True,20210913,20260903,1205,0.709,7320839.9,4663810.970000001,6964835.585000002,8870.7747,62893792.622999996,,0,1.0,7320.8399,20210819,20260903
561350.SH,国泰中证500ETF,SH,20210901,,20210818,国泰基金管理有限公司,L,000905.SH,中证500,中证指数有限公司,INDEX_BASIC,规模指数,EQUITY,True,True,False,True,True,,L1_EX_EXACT,中证500,中证500指数收益率×100%,Tushare fund_basic.benchmark + index_basic,2026-09-04 10:05:42,True,20210901,20260903,1213,1.235,44336226.0,35214253.699999996,33693618.06666667,8870.0,109544500.00000001,,0,1.0,44336.226,20210818,20260903
516790.SH,华泰柏瑞中证全指医疗保健设备与服务ETF,SH,20210823,,20210812,华泰柏瑞基金管理有限公司,L,,中证全指医疗保健设备与服务,中证指数有限公司,RULE_BASED,,EQUITY,True,True,False,True,True,,L5_RULE,中证全指医疗保健设备与服务,中证全指医疗保健设备与服务指数收益率×100%,Tushare fund_basic.benchmark + index_basic,2026-09-04 10:05:42,True,20210823,20260903,1220,0.514,2611713.0,3317403.75,3743479.333333333,18268.22,93898650.8,,0,1.0,2611.713,20210812,20260903
159732.SZ,华夏国证消费电子主题ETF,SZ,20210823,,20210812,华夏基金管理有限公司,L,,国证消费电子主题,深圳证券信息有限公司,RULE_BASED,,EQUITY,True,True,False,False,True,,L5_RULE,国证消费电子主题,国证消费电子主题指数收益率×100%,Tushare fund_basic.benchmark + index_basic,2026-09-04 10:05:42,True,20210823,20260903,1220,1.33,339047413.3,387443987.08,567841416.065,241644.7904,3213875712.32,,0,1.0,339047.4133,20210812,20260903
561800.SH,华富中证稀有金属主题ETF,SH,20210824,,20210811,华富基金管理有限公司,L,,中证稀有金属主题,中证指数有限公司,RULE_BASED,,EQUITY,True,True,False,True,True,,L5_RULE,中证稀有金属主题,中证稀有金属主题指数收益率×100%,Tushare fund_basic.benchmark + index_basic,2026-09-04 10:05:42,True,20210824,20260903,1219,0.992,12141255.0,18591305.249999996,26615056.733333334,20457.72,202940582.4,,0,1.0,12141.255,20210811,20260903
159875.SZ,嘉实中证新能源ETF,SZ,20210817,,20210809,嘉实基金管理有限公司,L,,中证新能源,中证指数有限公司,RULE_BASED,,EQUITY,True,True,False,True,True,,L5_RULE,中证新能源,中证新能源指数收益率×100%,Tushare fund_basic.benchmark + index_basic,2026-09-04 10:05:42,True,20210817,20260903,1224,0.563,39701736.5,53428788.760000005,85018445.50499998,237916.2899,1339468712.1369998,,0,1.0,39701.7365,20210809,20260903
516290.SH,汇添富中证光伏产业ETF,SH,20210823,,20210809,汇添富基金管理股份有限公司,L,931151.CSI,中证光伏产业,中证指数有限公司、上海证券交易所,INDEX_BASIC,主题指数,EQUITY,True,True,False,True,True,,L2B_EX_REVSUB,中证光伏产业,中证光伏产业指数收益率×100%,Tushare fund_basic.benchmark + index_basic,2026-09-04 10:05:42,True,20210823,20260903,1220,0.502,9249871.0,11080666.05,17706027.85,74319.69,373084843.8,,0,1.0,9249.871,20210809,20260903
159767.SZ,兴银国证新能源车电池ETF,SZ,20210823,,20210806,兴银基金管理有限责任公司,L,,国证新能源车电池,深圳证券信息有限公司,RULE_BASED,,EQUITY,True,True,False,False,True,,L5_RULE,国证新能源车电池,国证新能源车电池指数收益率×100%,Tushare fund_basic.benchmark + index_basic,2026-09-04 10:05:42,True,20210823,20260903,1220,0.738,1908065.1,2940849.1050000004,5367256.436666667,24687.3672,182192769.936,,0,1.0,1908.0651,20210806,20260903
159840.SZ,工银瑞信国证新能源车电池ETF,SZ,20210820,,20210805,工银瑞信基金管理有限公司,L,,国证新能源车电池,深圳证券信息有限公司,RULE_BASED,,EQUITY,True,True,False,False,True,,L5_RULE,国证新能源车电池,国证新能源车电池指数收益率×100%,Tushare fund_basic.benchmark + index_basic,2026-09-04 10:05:42,True,20210820,20260903,1221,0.732,56434216.800000004,62111622.86,94352771.45833331,195957.4851,1434408790.932,,0,1.0,56434.2168,20210805,20260903
516930.SH,民生加银中证生物科技主题ETF,SH,20210818,,20210805,民生加银基金管理有限公司,L,,中证生物科技主题,中证指数有限公司,RULE_BASED,,EQUITY,True,True,False,True,True,,L5_RULE,中证生物科技主题,中证生物科技主题指数×100%,Tushare fund_basic.benchmark + index_basic,2026-09-04 10:05:42,True,20210818,20260903,1223,0.497,221123.0,618791.5,781408.0333333333,10613.96,52751381.199999996,,0,1.0,221.123,20210805,20260903
560660.SH,新华中证云计算50ETF,SH,20210825,,20210805,新华基金管理股份有限公司,L,,中证云计算50,中证指数有限公司,RULE_BASED,,EQUITY,True,True,False,True,True,,L5_RULE,中证云计算50,中证云计算50指数收益率×100%,Tushare fund_basic.benchmark + index_basic,2026-09-04 10:05:42,True,20210825,20260903,1218,1.086,4671284.0,7603890.450000001,12864643.716666665,12893.8,140026668.0,,0,2.0,4671.284,20210805,20260903
159713.SZ,富国中证稀土产业ETF,SZ,20210816,,20210805,富国基金管理有限公司,L,930598.CSI,中证稀土产业,中证指数有限公司,INDEX_BASIC,主题指数,EQUITY,True,True,False,True,True,,L2B_EX_REVSUB,中证稀土产业,中证稀土产业指数收益率×100%,Tushare fund_basic.benchmark + index_basic,2026-09-04 10:05:42,True,20210816,20260903,1225,1.244,29378075.799999997,53556705.99,81977241.17333332,51025.5051,634757283.444,,0,1.0,29378.0758,20210805,20260903
516710.SH,华夏中证新材料主题ETF,SH,20210817,,20210804,华夏基金管理有限公司,L,,中证新材料主题,中证指数有限公司,RULE_BASED,,EQUITY,True,True,False,True,True,,L5_RULE,中证新材料主题,中证新材料主题指数收益率×100%,Tushare fund_basic.benchmark + index_basic,2026-09-04 10:05:42,True,20210817,20260903,1224,0.735,1506161.0,3034576.8500000006,5799766.6833333345,7427.2,54589920.0,,0,1.0,1506.161,20210804,20260903
517800.SH,方正富邦中证沪港深人工智能50ETF,SH,20210826,,20210804,方正富邦基金管理有限公司,L,931071.CSI,中证沪港深人工智能50,中证指数有限公司,INDEX_BASIC,主题指数,EQUITY,False,True,True,True,False,CROSS/MIXED;NOT_DOMESTIC_A_SHARE,L2B_EX_REVSUB,中证沪港深人工智能50,中证沪港深人工智能50指数收益率×100%,Tushare fund_basic.benchmark + index_basic,2026-09-04 10:05:42,True,20210826,20260903,1217,0.961,2600910.0,5085783.5,8724054.15,21353.97,205211651.7,,0,1.0,2600.91,20210804,20260903
560500.SH,鹏扬中证500质量成长ETF,SH,20210901,,20210804,鹏扬基金管理有限公司,L,930939.CSI,中证500质量成长,中证指数有限公司,INDEX_BASIC,策略指数,EQUITY,True,True,False,True,True,,L4_NORM_EX,中证500质量成长,中证500质量成长指数收益率×100%,Tushare fund_basic.benchmark + index_basic,2026-09-04 10:05:42,True,20210901,20260903,1213,1.391,3292925.0,2292548.5000000005,3880344.3666666667,29433.9,409425549.0,,0,1.0,3292.925,20210804,20260903
561910.SH,招商中证电池主题ETF,SH,20210812,,20210804,招商基金管理有限公司,L,,中证电池主题,中证指数有限公司,RULE_BASED,,EQUITY,True,True,False,True,True,,L5_RULE,中证电池主题,中证电池主题指数收益率×100%,Tushare fund_basic.benchmark + index_basic,2026-09-04 10:05:42,True,20210812,20260903,1227,0.692,57592455.0,87506191.1,127402183.56666668,479007.66,3314733007.2,,0,1.0,57592.455,20210804,20260903
517010.SH,易方达中证沪港深500ETF,SH,20210812,,20210803,易方达基金管理有限公司,L,,中证沪港深500,中证指数有限公司,RULE_BASED,,EQUITY,False,True,True,True,False,CROSS/MIXED;NOT_DOMESTIC_A_SHARE,L5_RULE,中证沪港深500,中证沪港深500指数收益率×100%,Tushare fund_basic.benchmark + index_basic,2026-09-04 10:05:42,True,20210812,20260903,1226,1.112,1179946.0,2753625.8500000006,2751750.7333333334,7814.42,86896350.4,,0,1.0,1179.946,20210803,20260903
159790.SZ,华夏中证内地低碳经济主题ETF,SZ,20210806,,20210730,华夏基金管理有限公司,L,,中证内地低碳经济主题,中证指数有限公司,RULE_BASED,,EQUITY,True,True,False,True,True,,L5_RULE,中证内地低碳经济主题,中证内地低碳经济主题指数收益率×100%,Tushare fund_basic.benchmark + index_basic,2026-09-04 10:05:42,True,20210806,20260903,1231,0.678,11969193.5,21814528.35,29860010.965,154852.8485,1049902312.83,,0,1.0,11969.1935,20210730,20260903
159846.SZ,建信中证1000ETF,SZ,20210816,20220105,20210729,建信基金管理有限责任公司,D,000852.SH,中证1000,中证指数有限公司,INDEX_BASIC,规模指数,EQUITY,True,True,False,True,True,,L1_EX_EXACT,中证1000,中证1000指数×100%,Tushare fund_basic.benchmark + index_basic,2026-09-04 10:05:42,True,20210816,20211227,89,1.006,2492176.0,763218.1000000001,1160271.7666666666,1979.0361,19909103.166,,0,1.0,2492.176,20210729,20211227
159786.SZ,银华中证虚拟现实主题ETF,SZ,20210806,,20210729,银华基金管理股份有限公司,L,,中证虚拟现实主题,中证指数有限公司,RULE_BASED,,EQUITY,True,True,False,True,True,,L5_RULE,中证虚拟现实主题,中证虚拟现实主题指数收益率×100%,Tushare fund_basic.benchmark + index_basic,2026-09-04 10:05:42,True,20210806,20260903,1231,1.144,10320735.4,11455614.175,20359240.864999995,8170.1174,93466143.056,,0,1.0,10320.7354,20210729,20260903
159864.SZ,国泰中证光伏产业ETF,SZ,20210810,,20210728,国泰基金管理有限公司,L,931151.CSI,中证光伏产业,中证指数有限公司、上海证券交易所,INDEX_BASIC,主题指数,EQUITY,True,True,False,True,True,,L2B_EX_REVSUB,中证光伏产业,中证光伏产业指数收益率×100%,Tushare fund_basic.benchmark + index_basic,2026-09-04 10:05:42,True,20210810,20260903,1229,0.53,7336860.899999999,10138882.94,17321407.973333333,63052.6827,334179218.31,,0,1.0,7336.8609,20210728,20260903
516920.SH,汇添富中证芯片产业ETF,SH,20210816,,20210727,汇添富基金管理股份有限公司,L,,中证芯片产业,中证指数有限公司,RULE_BASED,,EQUITY,True,True,False,True,True,,L5_RULE,中证芯片产业,中证芯片产业指数收益率×100%,Tushare fund_basic.benchmark + index_basic,2026-09-04 10:05:42,True,20210816,20260903,1225,1.36,28618686.0,35990165.599999994,65461927.900000006,48696.3,662269680.0,,0,1.0,28618.686,20210727,20260903
159838.SZ,博时中证医药50ETF,SZ,20210730,,20210722,博时基金管理有限公司,L,931140.CSI,中证医药50,中证指数有限公司,INDEX_BASIC,主题指数,EQUITY,True,True,False,True,True,,L2B_EX_REVSUB,中证医药50,中证医药50指数收益率×100%,Tushare fund_basic.benchmark + index_basic,2026-09-04 10:05:42,True,20210730,20260903,1236,0.584,1367098.4000000001,4294654.89,5166165.901666666,22576.3462,131845861.808,,0,1.0,1367.0984,20210722,20260903
516720.SH,浦银中证ESG120策略ETF,SH,20210813,,20210722,浦银基金管理有限公司,L,931476.CSI,中证ESG120策略,中证指数有限公司,INDEX_BASIC,策略指数,EQUITY,True,True,False,True,True,,L2B_EX_REVSUB,中证ESG120策略,中证ESG120策略指数收益率×100%,Tushare fund_basic.benchmark + index_basic,2026-09-04 10:05:42,True,20210813,20260903,1219,1.141,5480.0,75395.34999999998,427271.7166666667,933.78,10654429.8,,0,1.0,5.48,20210722,20260903
516260.SH,华夏中证物联网主题ETF,SH,20210802,,20210722,华夏基金管理有限公司,L,,中证物联网主题,中证指数有限公司,RULE_BASED,,EQUITY,True,True,False,True,True,,L5_RULE,中证物联网主题,中证物联网主题指数收益率×100%,Tushare fund_basic.benchmark + index_basic,2026-09-04 10:05:42,True,20210802,20260903,1235,1.336,2106379.0,1271263.75,2340861.2500000005,4388.26,58627153.6,,0,1.0,2106.379,20210722,20260903
159757.SZ,景顺长城国证新能源车电池ETF,SZ,20210809,,20210721,景顺长城基金管理有限公司,L,,国证新能源车电池,深圳证券信息有限公司,RULE_BASED,,EQUITY,True,True,False,False,True,,L5_RULE,国证新能源车电池,国证新能源车电池指数收益率×100%,Tushare fund_basic.benchmark + index_basic,2026-09-04 10:05:42,True,20210809,20260903,1230,0.755,6293883.7,9771681.760000002,12811184.119999997,24793.1891,187188577.705,,0,1.0,6293.8837,20210721,20260903
159752.SZ,申万菱信中证内地新能源主题ETF,SZ,20210728,,20210720,申万菱信基金管理有限公司,L,,中证内地新能源主题,中证指数有限公司,RULE_BASED,,EQUITY,True,True,False,True,True,,L5_RULE,中证内地新能源主题,中证内地新能源主题指数收益率×100%,Tushare fund_basic.benchmark + index_basic,2026-09-04 10:05:42,True,20210728,20260903,1238,0.57,8292888.399999999,5704583.46,8175942.003333334,35995.8917,205176582.68999997,,0,1.0,8292.8884,20210720,20260903
516580.SH,博时中证新能源ETF,SH,20210726,,20210715,博时基金管理有限公司,L,,中证新能源,中证指数有限公司,RULE_BASED,,EQUITY,True,True,False,True,True,,L5_RULE,中证新能源,中证新能源指数收益率×100%,Tushare fund_basic.benchmark + index_basic,2026-09-04 10:05:42,True,20210726,20260903,1240,0.559,3340059.0,3333573.6999999997,3548465.566666667,14812.41,82801371.9,,0,1.0,3340.059,20210715,20260903
588060.SH,广发上证科创板50成份ETF,SH,20210729,,20210715,广发基金管理有限公司,L,,上证科创板50成份,中证指数有限公司/上海证券交易所,RULE_BASED,,EQUITY,True,True,False,True,True,,L5_RULE,上证科创板50成份,上证科创板50成份指数收益率×100%,Tushare fund_basic.benchmark + index_basic,2026-09-04 10:05:42,True,20210729,20260903,1237,1.025,337084344.0,396843452.0,549713696.9833333,736914.0,7553368499.999999,,0,1.0,337084.344,20210715,20260903
159710.SZ,建信中证智能电动汽车ETF,SZ,20210809,20240125,20210715,建信基金管理有限责任公司,D,,中证智能电动汽车,中证指数有限公司,RULE_BASED,,EQUITY,True,True,False,True,True,,L5_RULE,中证智能电动汽车,中证智能电动汽车指数×100%,Tushare fund_basic.benchmark + index_basic,2026-09-04 10:05:42,True,20210809,20240117,594,0.484,6326667.0,2986416.2,1596619.4333333336,4234.4933,20494947.572,,0,1.0,6326.667,20210715,20240124
159766.SZ,富国中证旅游主题ETF,SZ,20210723,,20210715,富国基金管理有限公司,L,930633.CSI,中证旅游主题,中证指数有限公司,INDEX_BASIC,主题指数,EQUITY,True,True,False,True,True,,L2B_EX_REVSUB,中证旅游主题,中证旅游主题指数收益率×100%,Tushare fund_basic.benchmark + index_basic,2026-09-04 10:05:42,True,20210723,20260903,1241,0.568,209917369.70000002,144097125.29,161995493.09166667,560714.0963,3184856066.9839997,,0,1.0,209917.3697,20210715,20260903
562880.SH,嘉实中证电池主题ETF,SH,20210720,,20210713,嘉实基金管理有限公司,L,,中证电池主题,中证指数有限公司,RULE_BASED,,EQUITY,True,True,False,True,True,,L5_RULE,中证电池主题,中证电池主题指数收益率×100%,Tushare fund_basic.benchmark + index_basic,2026-09-04 10:05:42,True,20210720,20260903,1244,0.716,12078306.0,21689688.15,43597373.35,89389.96,640032113.6,,0,1.0,12078.306,20210713,20260903
516100.SH,华夏中证金融科技主题ETF,SH,20210723,,20210713,华夏基金管理有限公司,L,,中证金融科技主题,中证指数有限公司,RULE_BASED,,EQUITY,True,True,False,True,True,,L5_RULE,中证金融科技主题,中证金融科技主题指数收益率×100%,Tushare fund_basic.benchmark + index_basic,2026-09-04 10:05:42,True,20210723,20260903,1241,1.061,33077528.0,37817563.3,42458099.06666666,113175.97,1200797041.7,,0,1.0,33077.528,20210713,20260903
516890.SH,平安中证新材料主题ETF,SH,20210728,,20210709,平安基金管理有限公司,L,,中证新材料主题,中证指数有限公司,RULE_BASED,,EQUITY,True,True,False,True,True,,L5_RULE,中证新材料主题,中证新材料主题指数收益率×100%,Tushare fund_basic.benchmark + index_basic,2026-09-04 10:05:42,True,20210728,20260903,1238,0.762,307264.0,582952.0,1214975.7,3331.14,25383286.8,,0,1.0,307.264,20210709,20260903
516270.SH,华安中证内地新能源主题ETF,SH,20210723,,20210709,华安基金管理有限公司,L,,中证内地新能源主题,中证指数有限公司,RULE_BASED,,EQUITY,True,True,False,True,True,,L5_RULE,中证内地新能源主题,中证内地新能源主题指数收益率×100%,Tushare fund_basic.benchmark + index_basic,2026-09-04 10:05:42,True,20210723,20260903,1241,0.55,7703194.0,9057744.049999997,11832989.850000001,30440.9,167424950.0,,0,1.0,7703.194,20210709,20260903
159847.SZ,易方达中证医疗ETF,SZ,20210719,,20210708,易方达基金管理有限公司,L,399989.SZ,中证医疗,中证指数有限公司,INDEX_BASIC,主题指数,EQUITY,True,True,False,True,True,,L1_EX_EXACT,中证医疗,中证医疗指数收益率×100%,Tushare fund_basic.benchmark + index_basic,2026-09-04 10:05:42,True,20210719,20260903,1245,0.406,15208498.5,33691404.73,32571813.31666667,385282.5354,1564247093.7240002,,0,1.0,15208.4985,20210708,20260903
517120.SH,华泰柏瑞中证沪港深创新药产业ETF,SH,20210719,,20210708,华泰柏瑞基金管理有限公司,L,980086.CNI,中证沪港深创新药产业,深圳证券信息有限公司,INDEX_BASIC,主题指数,EQUITY,False,True,True,False,False,CROSS/MIXED;NOT_DOMESTIC_A_SHARE,L2B_EX_REVSUB,中证沪港深创新药产业,中证沪港深创新药产业指数×100%,Tushare fund_basic.benchmark + index_basic,2026-09-04 10:05:42,True,20210719,20260903,1245,0.764,15263498.0,28826956.800000004,39067894.25000001,57296.64,437746329.6,,0,1.0,15263.498,20210708,20260903
159729.SZ,汇添富中证沪港深互联网ETF,SZ,20210721,,20210708,汇添富基金管理股份有限公司,L,399675.SZ,中证沪港深互联网,深圳证券信息有限公司、深圳证券交易所,INDEX_BASIC,行业指数,EQUITY,False,True,True,False,False,CROSS/MIXED;NOT_DOMESTIC_A_SHARE,L2B_EX_REVSUB,中证沪港深互联网,中证沪港深互联网指数收益率×100%,Tushare fund_basic.benchmark + index_basic,2026-09-04 10:05:42,True,20210721,20260903,1243,0.687,108571.4,405229.045,739311.3566666667,6676.0633,45864554.87100001,,0,1.0,108.5714,20210708,20260903
159720.SZ,泰康中证智能电动汽车ETF,SZ,20210720,,20210707,泰康基金管理有限公司,L,,中证智能电动汽车,中证指数有限公司,RULE_BASED,,EQUITY,True,True,False,True,True,,L5_RULE,中证智能电动汽车,中证智能电动汽车指数收益率×100%,Tushare fund_basic.benchmark + index_basic,2026-09-04 10:05:42,True,20210720,20260903,1244,0.697,395696.8,877356.6100000001,928027.1766666665,4581.2357,31931212.828999996,,0,1.0,395.6968,20210707,20260903
561900.SH,招商沪深300ESG基准ETF,SH,20210715,,20210706,招商基金管理有限公司,L,,沪深300ESG基准,UNKNOWN,RULE_BASED,,EQUITY,True,True,False,False,True,,L5_RULE,沪深300ESG基准,沪深300ESG基准指数收益率×100%,Tushare fund_basic.benchmark + index_basic,2026-09-04 10:05:42,True,20210715,20260903,1247,0.972,2067855.0,3310760.8,4082918.183333333,2633.44,25597036.8,,0,1.0,2067.855,20210706,20260903
588330.SH,华宝中证科创创业50ETF,SH,20210706,,20210629,华宝基金管理有限公司,L,931643.CSI,中证科创创业50,中证指数有限公司,INDEX_BASIC,规模指数,EQUITY,True,True,False,True,True,,L2B_EX_REVSUB,中证科创创业50,中证科创创业50指数收益率×100%,Tushare fund_basic.benchmark + index_basic,2026-09-04 10:05:42,True,20210706,20260903,1254,1.064,43203014.0,68563625.5,97876192.33333334,118773.78,1263753019.2,,0,1.0,43203.014,20210629,20260903
588360.SH,国泰中证科创创业50ETF,SH,20210706,,20210629,国泰基金管理有限公司,L,931643.CSI,中证科创创业50,中证指数有限公司,INDEX_BASIC,规模指数,EQUITY,True,True,False,True,True,,L2B_EX_REVSUB,中证科创创业50,中证科创创业50指数收益率×100%,Tushare fund_basic.benchmark + index_basic,2026-09-04 10:05:42,True,20210706,20260903,1254,1.141,19888391.0,25744229.3,30666318.200000003,21908.18,249972333.8,,0,1.0,19888.391,20210629,20260903
588380.SH,富国中证科创创业50ETF,SH,20210706,,20210629,富国基金管理有限公司,L,931643.CSI,中证科创创业50,中证指数有限公司,INDEX_BASIC,规模指数,EQUITY,True,True,False,True,True,,L2B_EX_REVSUB,中证科创创业50,中证科创创业50指数×100%,Tushare fund_basic.benchmark + index_basic,2026-09-04 10:05:42,True,20210706,20260903,1254,1.065,84911537.0,101797872.65,128629859.41666666,272677.0,2904010050.0,,0,1.0,84911.537,20210629,20260903
159782.SZ,银华中证科创创业50ETF,SZ,20210707,,20210629,银华基金管理股份有限公司,L,931643.CSI,中证科创创业50,中证指数有限公司,INDEX_BASIC,规模指数,EQUITY,True,True,False,True,True,,L2B_EX_REVSUB,中证科创创业50,中证科创创业50指数收益率×100%,Tushare fund_basic.benchmark + index_basic,2026-09-04 10:05:42,True,20210707,20260903,1253,1.047,27303108.7,30643427.430000003,43710579.79333333,58219.0267,609553209.5489999,,0,1.0,27303.1087,20210629,20260903
159781.SZ,易方达中证科创创业50ETF,SZ,20210705,,20210628,易方达基金管理有限公司,L,931643.CSI,中证科创创业50,中证指数有限公司,INDEX_BASIC,规模指数,EQUITY,True,True,False,True,True,,L2B_EX_REVSUB,中证科创创业50,中证科创创业50指数收益率×100%,Tushare fund_basic.benchmark + index_basic,2026-09-04 10:05:42,True,20210705,20260903,1255,1.042,287053109.5,462839374.58500004,662617434.8983334,1579386.0533,16457202675.386,,0,1.0,287053.1095,20210628,20260903
588300.SH,招商中证科创创业50ETF,SH,20210705,,20210625,招商基金管理有限公司,L,931643.CSI,中证科创创业50,中证指数有限公司,INDEX_BASIC,规模指数,EQUITY,True,True,False,True,True,,L2B_EX_REVSUB,中证科创创业50,中证科创创业50指数收益率×100%,Tushare fund_basic.benchmark + index_basic,2026-09-04 10:05:42,True,20210705,20260903,1255,1.084,28910779.0,44228152.7,66422826.733333334,152821.05,1656580182.0,,0,1.0,28910.779,20210625,20260903
588400.SH,嘉实中证科创创业50ETF,SH,20210705,,20210625,嘉实基金管理有限公司,L,931643.CSI,中证科创创业50,中证指数有限公司,INDEX_BASIC,规模指数,EQUITY,True,True,False,True,True,,L2B_EX_REVSUB,中证科创创业50,中证科创创业50指数收益率×100%,Tushare fund_basic.benchmark + index_basic,2026-09-04 10:05:42,True,20210705,20260903,1255,1.064,36536891.0,41995395.2,44634858.36666667,137460.06,1462575038.4,,0,1.0,36536.891,20210625,20260903
516830.SH,富国沪深300ESG基准ETF,SH,20210705,,20210624,富国基金管理有限公司,L,,沪深300ESG基准,UNKNOWN,RULE_BASED,,EQUITY,True,True,False,False,True,,L5_RULE,沪深300ESG基准,沪深300ESG基准指数×100%,Tushare fund_basic.benchmark + index_basic,2026-09-04 10:05:42,True,20210705,20260903,1255,1.022,6470803.0,5809358.05,5998617.416666667,8967.69,91649791.8,,0,1.0,6470.803,20210624,20260903
516870.SH,银华中证800汽车与零部件ETF,SH,20210709,20220126,20210624,银华基金管理股份有限公司,D,,中证800汽车与零部件,中证指数有限公司,RULE_BASED,,EQUITY,True,True,False,True,True,,L5_RULE,中证800汽车与零部件,中证800汽车与零部件指数收益率×100%,Tushare fund_basic.benchmark + index_basic,2026-09-04 10:05:42,True,20210709,20211104,78,1.119,1607213.0,4989941.199999999,7210138.2,798.88,8939467.2,,0,1.0,1607.213,20210624,20211213
159859.SZ,天弘国证生物医药ETF,SZ,20210707,,20210624,天弘基金管理有限公司,L,399441.SZ,国证生物医药,深圳证券信息有限公司,INDEX_BASIC,主题指数,EQUITY,True,True,False,False,True,,L2B_EX_REVSUB,国证生物医药,国证生物医药指数×100%,Tushare fund_basic.benchmark + index_basic,2026-09-04 10:05:42,True,20210707,20260903,1253,0.392,113657912.3,239977971.35999998,218099908.47500002,1060064.0054,4155450901.168,,0,1.0,113657.9123,20210624,20260903
588180.SH,国联安上证科创板50成份ETF,SH,20210701,,20210624,国联安基金管理有限公司,L,,上证科创板50成份,中证指数有限公司/上海证券交易所,RULE_BASED,,EQUITY,True,True,False,True,True,,L5_RULE,上证科创板50成份,上证科创板50成份指数收益率×100%,Tushare fund_basic.benchmark + index_basic,2026-09-04 10:05:42,True,20210701,20260903,1257,1.055,18208008.0,25756879.750000004,43065208.916666664,74185.37,782655653.5,,0,1.0,18208.008,20210624,20260903
159780.SZ,南方中证科创创业50ETF,SZ,20210705,,20210624,南方基金管理股份有限公司,L,931643.CSI,中证科创创业50,中证指数有限公司,INDEX_BASIC,规模指数,EQUITY,True,True,False,True,True,,L2B_EX_REVSUB,中证科创创业50,中证科创创业50指数收益率×100%,Tushare fund_basic.benchmark + index_basic,2026-09-04 10:05:42,True,20210705,20260903,1255,1.044,69176658.5,128262434.35999998,189399823.79666668,359524.8583,3753439520.652,,0,1.0,69176.6585,20210624,20260903
159783.SZ,华夏中证科创创业50ETF,SZ,20210705,,20210624,华夏基金管理有限公司,L,931643.CSI,中证科创创业50,中证指数有限公司,INDEX_BASIC,规模指数,EQUITY,True,True,False,True,True,,L2B_EX_REVSUB,中证科创创业50,中证科创创业50指数收益率×100%,Tushare fund_basic.benchmark + index_basic,2026-09-04 10:05:42,True,20210705,20260903,1255,1.049,125055965.1,181454268.32500002,259376466.5,533485.9442,5596267554.658,,0,1.0,125055.9651,20210624,20260903
516970.SH,广发中证基建工程ETF,SH,20210705,,20210623,广发基金管理有限公司,L,399995.SZ,中证基建工程,中证指数有限公司,INDEX_BASIC,行业指数,EQUITY,True,True,False,True,True,,L4_NORM_EX,中证基建工程,中证基建工程指数收益率×100%,Tushare fund_basic.benchmark + index_basic,2026-09-04 10:05:42,True,20210705,20260903,1255,1.101,21646227.0,35468236.1,39300967.03333333,117254.25,1290969292.5,,0,1.0,21646.227,20210623,20260903
517360.SH,华安中证沪港深科技100ETF,SH,20210705,,20210618,华安基金管理有限公司,L,,中证沪港深科技100,中证指数有限公司,RULE_BASED,,EQUITY,False,True,True,True,False,CROSS/MIXED;NOT_DOMESTIC_A_SHARE,L5_RULE,中证沪港深科技100,中证沪港深科技100指数收益率×100%,Tushare fund_basic.benchmark + index_basic,2026-09-04 10:05:42,True,20210705,20260903,1255,0.941,31054.0,333668.19999999995,374736.2333333333,2508.3,23603103.0,,0,1.0,31.054,20210618,20260903
159899.SZ,招商中证全指软件ETF,SZ,20210628,,20210618,招商基金管理有限公司,L,,中证全指软件,中证指数有限公司,RULE_BASED,,EQUITY,True,True,False,True,True,,L5_RULE,中证全指软件,中证全指软件指数收益率×100%,Tushare fund_basic.benchmark + index_basic,2026-09-04 10:05:42,True,20210628,20260903,1260,0.71,15397274.1,26806770.13,25861842.040000007,96997.7729,688684187.5899999,,0,1.0,15397.2741,20210618,20260903
510990.SH,工银瑞信中证180ESGETF,SH,20210701,,20210618,工银瑞信基金管理有限公司,L,931088.CSI,中证180ESG,中证指数有限公司,INDEX_BASIC,主题指数,EQUITY,True,True,False,True,True,,L2B_EX_REVSUB,中证180ESG,中证180ESG指数收益率×100%,Tushare fund_basic.benchmark + index_basic,2026-09-04 10:05:42,True,20210701,20260903,1257,1.059,7484699.0,5832113.6,5404895.316666667,4094.86,43364567.4,,0,1.0,7484.699,20210618,20260903
159708.SZ,西部利得深证红利ETF,SZ,20210702,,20210618,西部利得基金管理有限公司,L,399324.SZ,深证红利,深圳证券信息有限公司、深圳证券交易所,INDEX_BASIC,策略指数,EQUITY,True,True,False,False,True,,L1_EX_EXACT,深证红利,深证红利指数收益率×100%,Tushare fund_basic.benchmark + index_basic,2026-09-04 10:05:42,True,20210702,20260903,1256,0.802,8015731.300000001,8777445.57,11910025.991666663,17752.8306,142377701.412,,0,1.0,8015.7313,20210618,20260903
159709.SZ,工银瑞信深证物联网50ETF,SZ,20210702,,20210618,工银瑞信基金管理有限公司,L,399285.SZ,深证物联网50,深圳证券信息有限公司、深圳证券交易所,INDEX_BASIC,主题指数,EQUITY,True,True,False,False,True,,L2B_EX_REVSUB,深证物联网50,深证物联网50指数收益率×100%,Tushare fund_basic.benchmark + index_basic,2026-09-04 10:05:42,True,20210702,20260903,1256,1.668,75356.7,447513.39999999997,1231525.8466666667,2148.406,35835412.08,,0,1.0,75.3567,20210618,20260903
159716.SZ,华宝深证100ETF,SZ,20210628,,20210618,华宝基金管理有限公司,L,399330.SZ,深证100,深圳证券信息有限公司、深圳证券交易所,INDEX_BASIC,规模指数,EQUITY,True,True,False,False,True,,L1_EX_EXACT,深证100,深证100指数收益率×100%,Tushare fund_basic.benchmark + index_basic,2026-09-04 10:05:42,True,20210628,20260903,1255,1.086,3452065.6,3384961.625,3605943.473333333,5566.6732,60454070.95200001,,0,1.0,3452.0656,20210618,20260903
159721.SZ,永赢深证100ETF,SZ,20210625,,20210617,永赢基金管理有限公司,L,399330.SZ,深证100,深圳证券信息有限公司、深圳证券交易所,INDEX_BASIC,规模指数,EQUITY,True,True,False,False,True,,L1_EX_EXACT,深证100,深证100指数收益率×100%,Tushare fund_basic.benchmark + index_basic,2026-09-04 10:05:42,True,20210625,20260903,1257,1.023,3815121.8,2731099.0900000003,3605413.7583333333,6943.1696,71028625.00799999,,0,1.0,3815.1218,20210617,20260903
561500.SH,华泰柏瑞中证企业核心竞争力50ETF,SH,20210628,,20210617,华泰柏瑞基金管理有限公司,L,931526.CSI,中证企业核心竞争力50,中证指数有限公司,INDEX_BASIC,主题指数,EQUITY,True,True,False,True,True,,L2B_EX_REVSUB,中证企业核心竞争力50,中证企业核心竞争力50指数收益率×100%,Tushare fund_basic.benchmark + index_basic,2026-09-04 10:05:42,True,20210628,20260903,1260,0.791,1893830.0,859790.85,2817626.0666666664,5460.03,43188837.300000004,,0,1.0,1893.83,20210617,20260903
159872.SZ,鹏华中证车联网主题ETF,SZ,20210701,,20210616,鹏华基金管理有限公司,L,930725.CSI,中证车联网主题,中证指数有限公司,INDEX_BASIC,主题指数,EQUITY,True,True,False,True,True,,L4_NORM_EX,中证车联网主题,中证车联网主题指数收益率×100%,Tushare fund_basic.benchmark + index_basic,2026-09-04 10:05:42,True,20210701,20260903,1257,0.839,1140635.4,649706.3749999999,1094878.3816666664,5929.9732,49752475.147999994,,0,1.0,1140.6354,20210616,20260903
516400.SH,富国中证ESG120策略ETF,SH,20210701,20220126,20210616,富国基金管理有限公司,D,931476.CSI,中证ESG120策略,中证指数有限公司,INDEX_BASIC,策略指数,EQUITY,True,True,False,True,True,,L2B_EX_REVSUB,中证ESG120策略,中证ESG120策略指数×100%,Tushare fund_basic.benchmark + index_basic,2026-09-04 10:05:42,True,20210701,20211214,112,0.94,4302827.0,431044.39999999997,469382.2833333334,545.8957,5131419.58,,0,1.0,4302.827,20210616,20211214
516980.SH,华富中证证券公司先锋策略ETF,SH,20210624,,20210615,华富基金管理有限公司,L,399975.SZ,中证证券公司先锋策略,中证指数有限公司,INDEX_BASIC,行业指数,EQUITY,True,True,False,True,True,,L2B_EX_REVSUB,中证证券公司先锋策略,中证证券公司先锋策略指数收益率×100%,Tushare fund_basic.benchmark + index_basic,2026-09-04 10:05:42,True,20210624,20260903,1259,1.075,2095088.0000000002,2168219.0500000003,5485073.116666667,5501.6,59142200.0,,0,1.0,2095.088,20210615,20260903
159755.SZ,广发国证新能源车电池ETF,SZ,20210624,,20210615,广发基金管理有限公司,L,,国证新能源车电池,深圳证券信息有限公司,RULE_BASED,,EQUITY,True,True,False,False,True,,L5_RULE,国证新能源车电池,国证新能源车电池指数收益率×100%,Tushare fund_basic.benchmark + index_basic,2026-09-04 10:05:42,True,20210624,20260903,1262,0.905,234032285.20000002,320619930.85999995,453750209.03,789264.6746,7142845305.13,,0,1.0,234032.2852,20210615,20260903
159725.SZ,工银瑞信中证线上消费主题ETF,SZ,20210702,,20210611,工银瑞信基金管理有限公司,L,931480.CSI,中证线上消费主题,中证指数有限公司,INDEX_BASIC,主题指数,EQUITY,True,True,False,True,True,,L2B_EX_REVSUB,中证线上消费主题,中证线上消费主题指数收益率×100%,Tushare fund_basic.benchmark + index_basic,2026-09-04 10:05:42,True,20210702,20260903,1256,0.772,4472563.9,7048305.960000001,7606495.405,12042.4924,92968041.328,,0,1.0,4472.5639,20210611,20260903
516570.SH,易方达中证石化产业ETF,SH,20210618,,20210609,易方达基金管理有限公司,L,,中证石化产业,中证指数有限公司,RULE_BASED,,EQUITY,True,True,False,True,True,,L5_RULE,中证石化产业,中证石化产业指数收益率×100%,Tushare fund_basic.benchmark + index_basic,2026-09-04 10:05:42,True,20210618,20260903,1266,1.044,24286173.0,35096079.50000001,41265891.61666666,112535.76,1174873334.4,,0,1.0,24286.173,20210609,20260903
516820.SH,平安中证医药及医疗器械创新ETF,SH,20210701,,20210609,平安基金管理有限公司,L,,中证医药及医疗器械创新,中证指数有限公司,RULE_BASED,,EQUITY,True,True,False,True,True,,L5_RULE,中证医药及医疗器械创新,中证医药及医疗器械创新指数收益率×100%,Tushare fund_basic.benchmark + index_basic,2026-09-04 10:05:42,True,20210701,20260903,1257,0.35,21072676.0,53281389.4,58799458.03333333,459841.52,1609445320.0,,0,1.0,21072.676,20210609,20260903
159745.SZ,国泰中证全指建筑材料ETF,SZ,20210618,,20210609,国泰基金管理有限公司,L,,中证全指建筑材料,中证指数有限公司,RULE_BASED,,EQUITY,True,True,False,True,True,,L5_RULE,中证全指建筑材料,中证全指建筑材料指数收益率×100%,Tushare fund_basic.benchmark + index_basic,2026-09-04 10:05:42,True,20210618,20260903,1266,0.536,44955523.800000004,50500070.55,54115942.375,136868.8265,733616910.0400001,,0,1.0,44955.5238,20210609,20260903
516380.SH,华宝中证智能电动汽车ETF,SH,20210618,,20210604,华宝基金管理有限公司,L,,中证智能电动汽车,中证指数有限公司,RULE_BASED,,EQUITY,True,True,False,True,True,,L5_RULE,中证智能电动汽车,中证智能电动汽车指数收益率×100%,Tushare fund_basic.benchmark + index_basic,2026-09-04 10:05:42,True,20210618,20260903,1266,0.848,328415.0,501518.95,849183.0166666665,8444.93,71613006.39999999,,0,1.0,328.415,20210604,20260903
516910.SH,富国中证现代物流ETF,SH,20210611,,20210603,富国基金管理有限公司,L,,中证现代物流,中证指数有限公司,RULE_BASED,,EQUITY,True,True,False,True,True,,L5_RULE,中证现代物流,中证现代物流指数×100%,Tushare fund_basic.benchmark + index_basic,2026-09-04 10:05:42,True,20210611,20260903,1270,1.191,21101747.0,15368268.099999998,16572580.849999998,5864.18,69842383.8,,0,1.0,21101.747,20210603,20260903
159897.SZ,建信中证物联网主题ETF,SZ,20210621,20220519,20210603,建信基金管理有限责任公司,D,,中证物联网主题,中证指数有限公司,RULE_BASED,,EQUITY,True,True,False,True,True,,L5_RULE,中证物联网主题,中证物联网主题指数收益率×100%,Tushare fund_basic.benchmark + index_basic,2026-09-04 10:05:42,True,20210621,20220511,215,0.771,711234.0,362717.7,1085159.3666666665,2024.6047,15609702.237,,0,1.0,711.234,20210603,20220512
516390.SH,汇添富中证新能源汽车产业ETF,SH,20210618,,20210603,汇添富基金管理股份有限公司,L,,中证新能源汽车产业,中证指数有限公司,RULE_BASED,,EQUITY,True,True,False,True,True,,L5_RULE,中证新能源汽车产业,中证新能源汽车产业指数收益率×100%,Tushare fund_basic.benchmark + index_basic,2026-09-04 10:05:42,True,20210618,20260903,1266,0.838,2819541.0,3411253.1000000006,4781725.766666668,18276.1,153153718.0,,0,1.0,2819.541,20210603,20260903
516480.SH,国联安中证新材料主题ETF,SH,20210611,20251014,20210527,国联安基金管理有限公司,D,,中证新材料主题,中证指数有限公司,RULE_BASED,,EQUITY,True,True,False,True,True,,L5_RULE,中证新材料主题,中证新材料主题指数×100%,Tushare fund_basic.benchmark + index_basic,2026-09-04 10:05:42,True,20210611,20250804,1006,0.637,70018.0,216392.05000000002,418870.2833333334,1814.61,11559065.700000001,,0,1.0,70.018,20210527,20250805
159891.SZ,建信中证全指医疗保健设备与服务ETF,SZ,20210615,,20210527,建信基金管理有限责任公司,L,,中证全指医疗保健设备与服务,中证指数有限公司,RULE_BASED,,EQUITY,True,True,False,True,True,,L5_RULE,中证全指医疗保健设备与服务,中证全指医疗保健设备与服务指数收益率×100%,Tushare fund_basic.benchmark + index_basic,2026-09-04 10:05:42,True,20210615,20260903,1269,0.382,10564035.0,10435887.724999998,11905687.848333335,34902.4837,133327487.734,,0,1.0,10564.035,20210527,20260903
159898.SZ,招商中证全指医疗器械ETF,SZ,20210604,,20210527,招商基金管理有限公司,L,,中证全指医疗器械,中证指数有限公司,RULE_BASED,,EQUITY,True,True,False,True,True,,L5_RULE,中证全指医疗器械,中证全指医疗器械指数收益率×100%,Tushare fund_basic.benchmark + index_basic,2026-09-04 10:05:42,True,20210604,20260903,1275,0.493,10039510.399999999,13635511.355,16383640.340000002,89609.8825,441776720.725,,0,1.0,10039.5104,20210527,20260903
159703.SZ,天弘中证新材料主题ETF,SZ,20210608,,20210527,天弘基金管理有限公司,L,,中证新材料主题,中证指数有限公司,RULE_BASED,,EQUITY,True,True,False,True,True,,L5_RULE,中证新材料主题,中证新材料主题指数×100%,Tushare fund_basic.benchmark + index_basic,2026-09-04 10:05:42,True,20210608,20260903,1273,0.881,3534027.3000000003,5118027.53,6483075.696666667,5958.1591,52491381.671000004,,0,1.0,3534.0273,20210527,20260903
516320.SH,华夏中证装备产业ETF,SH,20210608,,20210527,华夏基金管理有限公司,L,,中证装备产业,中证指数有限公司,RULE_BASED,,EQUITY,True,True,False,True,True,,L5_RULE,中证装备产业,中证装备产业指数收益率×100%,Tushare fund_basic.benchmark + index_basic,2026-09-04 10:05:42,True,20210608,20260903,1273,0.904,1535111.0,3877529.2500000005,6014066.283333333,8858.93,80084727.2,,0,1.0,1535.111,20210527,20260903
517350.SH,广发中证沪港深科技龙头ETF,SH,20210603,,20210520,广发基金管理有限公司,L,931087.CSI,中证沪港深科技龙头,中证指数有限公司,INDEX_BASIC,主题指数,EQUITY,False,True,True,True,False,CROSS/MIXED;NOT_DOMESTIC_A_SHARE,L2B_EX_REVSUB,中证沪港深科技龙头,中证沪港深科技龙头指数×100%,Tushare fund_basic.benchmark + index_basic,2026-09-04 10:05:42,True,20210603,20260903,1276,0.892,1245189.0,1191956.7,1698609.0166666664,4904.2,43745464.0,,0,1.0,1245.189,20210520,20260903
516310.SH,易方达中证银行ETF,SH,20210528,,20210520,易方达基金管理有限公司,L,399986.SZ,中证银行,中证指数有限公司,INDEX_BASIC,行业指数,EQUITY,True,True,False,True,True,,L1_EX_EXACT,中证银行,中证银行指数收益率×100%,Tushare fund_basic.benchmark + index_basic,2026-09-04 10:05:42,True,20210528,20260903,1280,1.391,163216414.0,228764263.54999998,205097079.55000004,156355.85,2174909873.5,,0,1.0,163216.414,20210520,20260903
159888.SZ,华夏中证智能汽车主题ETF,SZ,20210521,,20210513,华夏基金管理有限公司,L,399432.SZ,中证智能汽车主题,深圳证券信息有限公司,INDEX_BASIC,主题指数,EQUITY,True,True,False,False,True,,L2B_EX_REVSUB,中证智能汽车主题,中证智能汽车主题指数收益率×100%,Tushare fund_basic.benchmark + index_basic,2026-09-04 10:05:42,True,20210521,20260903,1285,1.02,18951826.9,18393589.945,22958034.658333335,7044.6068,71854989.36,,0,1.0,18951.8269,20210513,20260903
159887.SZ,富国中证800银行ETF,SZ,20210520,,20210512,富国基金管理有限公司,L,,中证800银行,中证指数有限公司,RULE_BASED,,EQUITY,True,True,False,True,True,,L5_RULE,中证800银行,中证800银行指数收益率×100%,Tushare fund_basic.benchmark + index_basic,2026-09-04 10:05:42,True,20210520,20260903,1286,1.372,97893139.7,111383830.95500001,105937461.08333333,55951.595,767655883.4000001,,0,1.0,97893.1397,20210512,20260903
159836.SZ,天弘创业板300ETF,SZ,20210525,,20210511,天弘基金管理有限公司,L,395004.SZ,创业板300,深圳证券交易所,INDEX_BASIC,其他指数,EQUITY,True,True,False,False,True,,L2B_EX_REVSUB,创业板300,创业板300指数收益率×100%,Tushare fund_basic.benchmark + index_basic,2026-09-04 10:05:42,True,20210525,20260903,1283,1.229,2975281.8000000003,2946917.645,3754621.2600000002,11774.7113,144711201.87700003,,0,1.0,2975.2818,20210511,20260903
516700.SH,华宝中证大数据产业ETF,SH,20210519,,20210511,华宝基金管理有限公司,L,399282.SZ,中证大数据产业,深圳证券信息有限公司、深圳证券交易所,INDEX_BASIC,主题指数,EQUITY,True,True,False,False,True,,L4_NORM_EX,中证大数据产业,中证大数据产业指数收益率×100%,Tushare fund_basic.benchmark + index_basic,2026-09-04 10:05:42,True,20210519,20260903,1287,0.907,12241018.0,18827524.15,22506830.900000002,17062.2,154754154.0,,0,1.0,12241.018,20210511,20260903
516360.SH,华宝中证新材料主题ETF,SH,20210513,,20210430,华宝基金管理有限公司,L,,中证新材料主题,中证指数有限公司,RULE_BASED,,EQUITY,True,True,False,True,True,,L5_RULE,中证新材料主题,中证新材料主题指数收益率×100%,Tushare fund_basic.benchmark + index_basic,2026-09-04 10:05:42,True,20210513,20260903,1291,1.008,2028516.0,2948363.1000000006,4616291.95,5755.18,58012214.4,,0,1.0,2028.516,20210430,20260903
516590.SH,易方达中证智能电动汽车ETF,SH,20210512,,20210429,易方达基金管理有限公司,L,,中证智能电动汽车,中证指数有限公司,RULE_BASED,,EQUITY,True,True,False,True,True,,L5_RULE,中证智能电动汽车,中证智能电动汽车指数收益率×100%,Tushare fund_basic.benchmark + index_basic,2026-09-04 10:05:42,True,20210512,20260903,1292,1.066,348025.0,2083653.6499999997,3175647.216666666,5201.5,55447990.0,,0,1.0,348.025,20210429,20260903
516610.SH,大成中证全指医疗保健设备与服务ETF,SH,20210513,,20210429,大成基金管理有限公司,L,,中证全指医疗保健设备与服务,中证指数有限公司,RULE_BASED,,EQUITY,True,True,False,True,True,,L5_RULE,中证全指医疗保健设备与服务,中证全指医疗保健设备与服务指数收益率×100%,Tushare fund_basic.benchmark + index_basic,2026-09-04 10:05:42,True,20210513,20260903,1291,0.428,1092794.0,4306548.399999999,4718861.1,23197.48,99285214.39999999,,0,1.0,1092.794,20210429,20260903
516950.SH,银华中证基建ETF,SH,20210514,,20210429,银华基金管理股份有限公司,L,930608.CSI,中证基建,中证指数有限公司,INDEX_BASIC,主题指数,EQUITY,True,True,False,True,True,,L1_EX_EXACT,中证基建,中证基建指数×100%,Tushare fund_basic.benchmark + index_basic,2026-09-04 10:05:42,True,20210514,20260903,1290,1.033,11984483.0,6897893.050000001,8605557.883333335,10782.1,111379092.99999999,,0,1.0,11984.483,20210429,20260903
159702.SZ,汇添富中证人工智能主题ETF,SZ,20210518,20221129,20210429,汇添富基金管理股份有限公司,D,931071.CSI,中证人工智能主题,中证指数有限公司,INDEX_BASIC,主题指数,EQUITY,True,True,False,True,True,,L2B_EX_REVSUB,中证人工智能主题,中证人工智能主题指数收益率×100%,Tushare fund_basic.benchmark + index_basic,2026-09-04 10:05:42,True,20210518,20221118,368,0.783,496442.0,2763144.5000000005,1266183.5500000003,1593.1077,12474033.291000001,,0,1.0,496.442,20210429,20221122
159883.SZ,永赢中证全指医疗器械ETF,SZ,20210430,,20210422,永赢基金管理有限公司,L,,中证全指医疗器械,中证指数有限公司,RULE_BASED,,EQUITY,True,True,False,True,True,,L5_RULE,中证全指医疗器械,中证全指医疗器械指数收益率×100%,Tushare fund_basic.benchmark + index_basic,2026-09-04 10:05:42,True,20210430,20260903,1297,0.441,55500069.4,82974462.55,91363981.24166669,899403.7843,3966370688.763,,0,1.0,55500.0694,20210422,20260903
516900.SH,华安中证申万食品饮料ETF,SH,20210428,,20210416,华安基金管理有限公司,L,801120.SI,中证申万食品饮料,上海申银万国证券研究所有限公司,INDEX_BASIC,行业指数,EQUITY,True,True,False,False,True,,L4_NORM_EX,中证申万食品饮料,中证申万食品饮料指数收益率×100%,Tushare fund_basic.benchmark + index_basic,2026-09-04 10:05:42,True,20210428,20260903,1298,0.491,7002419.0,5618243.3,6873389.416666667,28022.9,137592439.0,,0,1.0,7002.419,20210416,20260903
159886.SZ,富国中证细分机械设备产业主题ETF,SZ,20210428,,20210415,富国基金管理有限公司,L,000812.CSI,中证细分机械设备产业主题,中证指数有限公司,INDEX_BASIC,主题指数,EQUITY,True,True,False,True,True,,L2B_EX_REVSUB,中证细分机械设备产业主题,中证细分机械设备产业主题指数收益率×100%,Tushare fund_basic.benchmark + index_basic,2026-09-04 10:05:42,True,20210428,20260903,1299,0.872,3702124.1,3733775.2450000006,5553627.063333334,7144.2555,62297907.96,,0,1.0,3702.1241,20210415,20260903
516070.SH,易方达中证内地低碳经济主题ETF,SH,20210423,,20210415,易方达基金管理有限公司,L,,中证内地低碳经济主题,中证指数有限公司,RULE_BASED,,EQUITY,True,True,False,True,True,,L5_RULE,中证内地低碳经济主题,中证内地低碳经济主题指数收益率×100%,Tushare fund_basic.benchmark + index_basic,2026-09-04 10:05:42,True,20210423,20260903,1301,0.559,3261948.0,2520587.5999999996,5018869.816666667,29164.6,163030114.00000003,,0,1.9735,3261.948,20210415,20260903
516960.SH,国泰中证细分机械设备产业主题ETF,SH,20210507,,20210407,国泰基金管理有限公司,L,000812.CSI,中证细分机械设备产业主题,中证指数有限公司,INDEX_BASIC,主题指数,EQUITY,True,True,False,True,True,,L2B_EX_REVSUB,中证细分机械设备产业主题,中证细分机械设备产业主题指数收益率×100%,Tushare fund_basic.benchmark + index_basic,2026-09-04 10:05:42,True,20210507,20260903,1295,0.845,566662.0,274371.35000000003,845171.3499999999,1605.11,13563179.499999998,,0,1.0,566.662,20210407,20260903
517170.SH,华夏中证沪港深500ETF,SH,20210420,,20210407,华夏基金管理有限公司,L,,中证沪港深500,中证指数有限公司,RULE_BASED,,EQUITY,False,True,True,True,False,CROSS/MIXED;NOT_DOMESTIC_A_SHARE,L5_RULE,中证沪港深500,中证沪港深500指数收益率×100%,Tushare fund_basic.benchmark + index_basic,2026-09-04 10:05:42,True,20210420,20260903,1297,0.998,441634.0,493987.85,799868.8500000001,1613.18,16099536.4,,0,1.0,441.634,20210407,20260903
516110.SH,国泰中证800汽车与零部件ETF,SH,20210507,,20210407,国泰基金管理有限公司,L,,中证800汽车与零部件,中证指数有限公司,RULE_BASED,,EQUITY,True,True,False,True,True,,L5_RULE,中证800汽车与零部件,中证800汽车与零部件指数收益率×100%,Tushare fund_basic.benchmark + index_basic,2026-09-04 10:05:42,True,20210507,20260903,1295,1.112,13001400.0,20257771.7,30730636.03333333,21562.31,239772887.20000002,,0,1.0,13001.4,20210407,20260903
159885.SZ,鹏华中证内地低碳经济主题ETF,SZ,20210414,,20210406,鹏华基金管理有限公司,L,,中证内地低碳经济主题,中证指数有限公司,RULE_BASED,,EQUITY,True,True,False,True,True,,L5_RULE,中证内地低碳经济主题,中证内地低碳经济主题指数收益率×100%,Tushare fund_basic.benchmark + index_basic,2026-09-04 10:05:42,True,20210414,20260903,1309,0.686,1674428.3,653684.235,1117225.435,24846.7316,170448578.77600002,,0,1.5004,1674.4283,20210406,20260903
516330.SH,华泰柏瑞中证物联网主题ETF,SH,20210409,,20210331,华泰柏瑞基金管理有限公司,L,,中证物联网主题,中证指数有限公司,RULE_BASED,,EQUITY,True,True,False,True,True,,L5_RULE,中证物联网主题,中证物联网主题指数收益率×100%,Tushare fund_basic.benchmark + index_basic,2026-09-04 10:05:42,True,20210409,20260903,1311,1.548,211021.0,487591.75000000006,1048446.0999999999,847.13,13113572.4,,0,1.0,211.021,20210331,20260903
516550.SH,嘉实中证大农业ETF,SH,20210408,,20210330,嘉实基金管理有限公司,L,399814.SZ,中证大农业,中证指数有限公司,INDEX_BASIC,主题指数,EQUITY,True,True,False,True,True,,L2B_EX_REVSUB,中证大农业,中证大农业指数收益率×100%,Tushare fund_basic.benchmark + index_basic,2026-09-04 10:05:42,True,20210408,20260903,1313,0.705,8980967.0,8028211.749999999,8197633.183333334,26041.44,183592152.0,,0,1.0,8980.967,20210330,20260903
516510.SH,易方达中证云计算与大数据主题ETF,SH,20210407,,20210329,易方达基金管理有限公司,L,930851.CSI,中证云计算与大数据主题,中证指数有限公司、上海证券交易所,INDEX_BASIC,主题指数,EQUITY,True,True,False,True,True,,L2B_EX_REVSUB,中证云计算与大数据主题,中证云计算与大数据主题指数收益率×100%,Tushare fund_basic.benchmark + index_basic,2026-09-04 10:05:42,True,20210407,20260903,1314,1.682,124626223.0,160819900.0,202685229.31666663,149189.0,2509358980.0,,0,1.0,124626.223,20210329,20260903
159890.SZ,招商中证云计算与大数据主题ETF,SZ,20210402,,20210325,招商基金管理有限公司,L,930851.CSI,中证云计算与大数据主题,中证指数有限公司、上海证券交易所,INDEX_BASIC,主题指数,EQUITY,True,True,False,True,True,,L2B_EX_REVSUB,中证云计算与大数据主题,中证云计算与大数据主题指数收益率×100%,Tushare fund_basic.benchmark + index_basic,2026-09-04 10:05:42,True,20210402,20260903,1316,1.725,17683476.299999997,23156166.764999997,35336100.43166667,22559.0688,389143936.8,,0,1.0,17683.4763,20210325,20260903
159861.SZ,国泰中证环保产业50ETF,SZ,20210402,,20210319,国泰基金管理有限公司,L,000827.SH,中证环保产业50,中证指数有限公司、上海证券交易所,INDEX_BASIC,主题指数,EQUITY,True,True,False,True,True,,L2B_EX_REVSUB,中证环保产业50,中证环保产业50指数收益率×100%,Tushare fund_basic.benchmark + index_basic,2026-09-04 10:05:42,True,20210402,20260903,1316,0.998,5080530.800000001,3457903.3899999997,4272673.8533333335,10011.7535,99917299.93,,0,1.0,5080.5308,20210319,20260903
516670.SH,招商中证畜牧养殖ETF,SH,20210326,,20210318,招商基金管理有限公司,L,,中证畜牧养殖,中证指数有限公司,RULE_BASED,,EQUITY,True,True,False,True,True,,L5_RULE,中证畜牧养殖,中证畜牧养殖指数收益率×100%,Tushare fund_basic.benchmark + index_basic,2026-09-04 10:05:42,True,20210326,20260903,1321,0.612,31401549.0,40316884.8,44456448.116666675,335226.63,2051586975.6,,0,1.0,31401.549,20210318,20260903
159845.SZ,华夏中证1000ETF,SZ,20210331,,20210318,华夏基金管理有限公司,L,000852.SH,中证1000,中证指数有限公司,INDEX_BASIC,规模指数,EQUITY,True,True,False,True,True,,L1_EX_EXACT,中证1000,中证1000指数收益率×100%,Tushare fund_basic.benchmark + index_basic,2026-09-04 10:05:42,True,20210331,20260903,1318,3.16,1502139820.8000002,2117841546.78,2679400344.61,189642.5606,5992704914.96,,0,0.2634,1502139.8208,20210318,20260903
159873.SZ,天弘中证全指医疗保健设备与服务ETF,SZ,20210329,,20210316,天弘基金管理有限公司,L,,中证全指医疗保健设备与服务,中证指数有限公司,RULE_BASED,,EQUITY,True,True,False,True,True,,L5_RULE,中证全指医疗保健设备与服务,中证全指医疗保健设备与服务指数×100%,Tushare fund_basic.benchmark + index_basic,2026-09-04 10:05:42,True,20210329,20260903,1320,0.525,5457678.600000001,10443402.604999999,11747647.301666666,47092.0,247233000.0,,0,1.0,5457.6786,20210316,20260903
516300.SH,华泰柏瑞中证1000ETF,SH,20210324,,20210315,华泰柏瑞基金管理有限公司,L,000852.SH,中证1000,中证指数有限公司,INDEX_BASIC,规模指数,EQUITY,True,True,False,True,True,,L1_EX_EXACT,中证1000,中证1000指数收益率×100%,Tushare fund_basic.benchmark + index_basic,2026-09-04 10:05:42,True,20210324,20260903,1323,3.203,6989151.0,14066399.800000003,13710956.849999998,3901.26,124957357.8,,0,0.4217,6989.151,20210315,20260903
159858.SZ,南方中证创新药产业ETF,SZ,20210325,,20210312,南方基金管理股份有限公司,L,980086.CNI,中证创新药产业,深圳证券信息有限公司,INDEX_BASIC,主题指数,EQUITY,True,True,False,False,True,,L2B_EX_REVSUB,中证创新药产业,中证创新药产业指数收益率×100%,Tushare fund_basic.benchmark + index_basic,2026-09-04 10:05:42,True,20210325,20260903,1322,0.686,22685905.8,43563538.575,42529449.141666666,103309.8318,708705446.148,,0,1.0,22685.9058,20210312,20260903
159835.SZ,建信中证创新药产业ETF,SZ,20210329,,20210311,建信基金管理有限责任公司,L,980086.CNI,中证创新药产业,深圳证券信息有限公司,INDEX_BASIC,主题指数,EQUITY,True,True,False,False,True,,L2B_EX_REVSUB,中证创新药产业,中证创新药产业指数×100%,Tushare fund_basic.benchmark + index_basic,2026-09-04 10:05:42,True,20210329,20260903,1320,0.66,11773920.299999999,24812058.42,27799629.858333338,36550.4143,241232734.37999997,,0,1.0,11773.9203,20210311,20260903
516090.SH,易方达中证新能源ETF,SH,20210319,,20210311,易方达基金管理有限公司,L,,中证新能源,中证指数有限公司,RULE_BASED,,EQUITY,True,True,False,True,True,,L5_RULE,中证新能源,中证新能源指数收益率×100%,Tushare fund_basic.benchmark + index_basic,2026-09-04 10:05:42,True,20210319,20260903,1325,0.471,30842572.0,37089545.7,52062262.88333335,167084.48,786967900.8,,0,1.9715,30842.572,20210311,20260903
516850.SH,华夏中证新能源ETF,SH,20210319,,20210309,华夏基金管理有限公司,L,,中证新能源,中证指数有限公司,RULE_BASED,,EQUITY,True,True,False,True,True,,L5_RULE,中证新能源,中证新能源指数收益率×100%,Tushare fund_basic.benchmark + index_basic,2026-09-04 10:05:42,True,20210319,20260903,1326,0.875,11524580.0,12645599.599999998,14854130.65,14223.7,124457375.0,,0,1.0,11524.58,20210309,20260903
516150.SH,嘉实中证稀土产业ETF,SH,20210317,,20210309,嘉实基金管理有限公司,L,930598.CSI,中证稀土产业,中证指数有限公司,INDEX_BASIC,主题指数,EQUITY,True,True,False,True,True,,L2B_EX_REVSUB,中证稀土产业,中证稀土产业指数收益率×100%,Tushare fund_basic.benchmark + index_basic,2026-09-04 10:05:42,True,20210317,20260903,1328,1.702,71927512.0,163422349.8,228363834.51666668,381007.7,6484751054.0,,0,1.0,71927.512,20210309,20260903
516200.SH,华安中证全指证券公司ETF,SH,20210322,,20210309,华安基金管理有限公司,L,,中证全指证券公司,中证指数有限公司,RULE_BASED,,EQUITY,True,True,False,True,True,,L5_RULE,中证全指证券公司,中证全指证券公司指数收益率×100%,Tushare fund_basic.benchmark + index_basic,2026-09-04 10:05:42,True,20210322,20260903,1325,1.05,17175868.0,12140481.2,14174802.566666666,44460.4,466834200.0,,0,1.0,17175.868,20210309,20260903
517060.SH,华宝中证沪港深500ETF,SH,20210326,20221111,20210305,华宝基金管理有限公司,D,,中证沪港深500,中证指数有限公司,RULE_BASED,,EQUITY,False,True,True,True,False,CROSS/MIXED;NOT_DOMESTIC_A_SHARE,L5_RULE,中证沪港深500,中证沪港深500指数收益率×100%,Tushare fund_basic.benchmark + index_basic,2026-09-04 10:05:42,True,20210326,20220216,215,0.866,2268692.0,4037631.95,1512371.3666666667,2176.72,18850395.199999996,,0,1.0,2268.692,20210305,20220218
516500.SH,华夏中证生物科技主题ETF,SH,20210317,,20210304,华夏基金管理有限公司,L,,中证生物科技主题,中证指数有限公司,RULE_BASED,,EQUITY,True,True,False,True,True,,L5_RULE,中证生物科技主题,中证生物科技主题指数收益率×100%,Tushare fund_basic.benchmark + index_basic,2026-09-04 10:05:42,True,20210317,20260903,1328,0.639,6270479.0,10355181.7,12264532.850000001,20493.72,130954870.8,,0,1.0,6270.479,20210304,20260903
516760.SH,平安中证畜牧养殖ETF,SH,20210312,,20210304,平安基金管理有限公司,L,,中证畜牧养殖,中证指数有限公司,RULE_BASED,,EQUITY,True,True,False,True,True,,L5_RULE,中证畜牧养殖,中证畜牧养殖指数收益率×100%,Tushare fund_basic.benchmark + index_basic,2026-09-04 10:05:42,True,20210312,20260903,1331,0.585,3479025.0,5334088.399999999,6235419.083333332,29721.51,173870833.5,,0,1.0,3479.025,20210304,20260903
159851.SZ,华宝中证金融科技主题ETF,SZ,20210319,,20210304,华宝基金管理有限公司,L,,中证金融科技主题,中证指数有限公司,RULE_BASED,,EQUITY,True,True,False,True,True,,L5_RULE,中证金融科技主题,中证金融科技主题指数收益率×100%,Tushare fund_basic.benchmark + index_basic,2026-09-04 10:05:42,True,20210319,20260903,1326,0.634,205092722.5,255483597.34500006,285887631.51000005,998390.4148,6329795229.832,,0,1.9989,205092.7225,20210304,20260903
159842.SZ,银华中证全指证券公司ETF,SZ,20210319,,20210303,银华基金管理股份有限公司,L,,中证全指证券公司,中证指数有限公司,RULE_BASED,,EQUITY,True,True,False,True,True,,L5_RULE,中证全指证券公司,中证全指证券公司指数收益率×100%,Tushare fund_basic.benchmark + index_basic,2026-09-04 10:05:42,True,20210319,20260903,1326,1.045,283862293.3,309720329.915,411989327.6766666,901825.0631,9424071909.394999,,0,1.0,283862.2933,20210303,20260903
516220.SH,国泰中证细分化工产业主题ETF,SH,20210310,,20210302,国泰基金管理有限公司,L,000813.CSI,中证细分化工产业主题,中证指数有限公司,INDEX_BASIC,主题指数,EQUITY,True,True,False,True,True,,L2B_EX_REVSUB,中证细分化工产业主题,中证细分化工产业主题指数收益率×100%,Tushare fund_basic.benchmark + index_basic,2026-09-04 10:05:42,True,20210310,20260903,1333,0.908,10185698.0,13479783.749999998,18257382.466666665,25717.0,233510360.0,,0,1.0,10185.698,20210302,20260903
159865.SZ,国泰中证畜牧养殖ETF,SZ,20210308,,20210301,国泰基金管理有限公司,L,,中证畜牧养殖,中证指数有限公司,RULE_BASED,,EQUITY,True,True,False,True,True,,L5_RULE,中证畜牧养殖,中证畜牧养殖指数收益率×100%,Tushare fund_basic.benchmark + index_basic,2026-09-04 10:05:42,True,20210308,20260903,1335,0.543,175841042.3,208747188.63499996,207842069.73000002,1214145.5659,6592810422.837001,,0,1.0,175841.0423,20210301,20260903
516120.SH,富国中证细分化工产业主题ETF,SH,20210309,,20210301,富国基金管理有限公司,L,000813.CSI,中证细分化工产业主题,中证指数有限公司,INDEX_BASIC,主题指数,EQUITY,True,True,False,True,True,,L2B_EX_REVSUB,中证细分化工产业主题,中证细分化工产业主题指数收益率×100%,Tushare fund_basic.benchmark + index_basic,2026-09-04 10:05:42,True,20210309,20260903,1334,0.887,74245760.0,89388033.35000001,110056978.26666667,503208.2,4463456734.0,,0,1.0,74245.76,20210301,20260903
516780.SH,华泰柏瑞中证稀土产业ETF,SH,20210308,,20210226,华泰柏瑞基金管理有限公司,L,930598.CSI,中证稀土产业,中证指数有限公司,INDEX_BASIC,主题指数,EQUITY,True,True,False,True,True,,L2B_EX_REVSUB,中证稀土产业,中证稀土产业指数×100%,Tushare fund_basic.benchmark + index_basic,2026-09-04 10:05:42,True,20210308,20260903,1335,0.832,33246478.000000004,88216608.70000002,113913461.50000001,239259.97,1990642950.3999999,,0,1.999,33246.478,20210226,20260903
516020.SH,华宝中证细分化工产业主题ETF,SH,20210308,,20210226,华宝基金管理有限公司,L,000813.CSI,中证细分化工产业主题,中证指数有限公司,INDEX_BASIC,主题指数,EQUITY,True,True,False,True,True,,L2B_EX_REVSUB,中证细分化工产业主题,中证细分化工产业主题指数收益率×100%,Tushare fund_basic.benchmark + index_basic,2026-09-04 10:05:42,True,20210308,20260903,1335,0.866,81852211.0,111828677.7,152481103.99999997,349132.62,3023488489.2,,0,1.0,81852.211,20210226,20260903
516770.SH,华泰柏瑞中证动漫游戏ETF,SH,20210305,,20210225,华泰柏瑞基金管理有限公司,L,930901.CSI,中证动漫游戏,中证指数有限公司、上海证券交易所,INDEX_BASIC,主题指数,EQUITY,True,True,False,True,True,,L2B_EX_REVSUB,中证动漫游戏,中证动漫游戏指数收益率×100%,Tushare fund_basic.benchmark + index_basic,2026-09-04 10:05:42,True,20210305,20260903,1336,1.155,33169646.0,45881541.15,46300798.8,26804.8,309595440.0,,0,1.0,33169.646,20210225,20260903
159867.SZ,鹏华中证畜牧养殖ETF,SZ,20210305,,20210225,鹏华基金管理有限公司,L,,中证畜牧养殖,中证指数有限公司,RULE_BASED,,EQUITY,True,True,False,True,True,,L5_RULE,中证畜牧养殖,中证畜牧养殖指数收益率×100%,Tushare fund_basic.benchmark + index_basic,2026-09-04 10:05:42,True,20210305,20260903,1336,0.555,28250869.299999997,33069447.895000003,34644780.78333333,159464.3594,885027194.67,,0,1.0,28250.8693,20210225,20260903
159869.SZ,华夏中证动漫游戏ETF,SZ,20210305,,20210225,华夏基金管理有限公司,L,930901.CSI,中证动漫游戏,中证指数有限公司、上海证券交易所,INDEX_BASIC,主题指数,EQUITY,True,True,False,True,True,,L2B_EX_REVSUB,中证动漫游戏,中证动漫游戏指数收益率×100%,Tushare fund_basic.benchmark + index_basic,2026-09-04 10:05:42,True,20210305,20260903,1336,1.097,560023611.8,504644187.2099999,630580746.8016666,804708.2127,8827649093.319,,0,1.0,560023.6118,20210225,20260903
516010.SH,国泰中证动漫游戏ETF,SH,20210305,,20210225,国泰基金管理有限公司,L,930901.CSI,中证动漫游戏,中证指数有限公司、上海证券交易所,INDEX_BASIC,主题指数,EQUITY,True,True,False,True,True,,L2B_EX_REVSUB,中证动漫游戏,中证动漫游戏指数收益率×100%,Tushare fund_basic.benchmark + index_basic,2026-09-04 10:05:42,True,20210305,20260903,1336,1.09,115781142.0,95400561.05,112800232.48333333,246769.3,2689785370.0,,0,1.0,115781.142,20210225,20260903
159870.SZ,鹏华中证细分化工产业主题ETF,SZ,20210303,,20210223,鹏华基金管理有限公司,L,000813.CSI,中证细分化工产业主题,中证指数有限公司,INDEX_BASIC,主题指数,EQUITY,True,True,False,True,True,,L2B_EX_REVSUB,中证细分化工产业主题,中证细分化工产业主题指数收益率×100%,Tushare fund_basic.benchmark + index_basic,2026-09-04 10:05:42,True,20210303,20260903,1338,0.81,310847060.2,399175018.19,562616777.9783332,1696160.7019,13738901685.390001,,0,1.0,310847.0602,20210223,20260903
159863.SZ,鹏华中证光伏产业ETF,SZ,20210311,,20210222,鹏华基金管理有限公司,L,931151.CSI,中证光伏产业,中证指数有限公司、上海证券交易所,INDEX_BASIC,主题指数,EQUITY,True,True,False,True,True,,L2B_EX_REVSUB,中证光伏产业,中证光伏产业指数收益率×100%,Tushare fund_basic.benchmark + index_basic,2026-09-04 10:05:42,True,20210311,20260903,1332,0.545,3374787.8000000003,3171415.395,4358339.510000001,29672.9352,161717496.84,,0,1.4996,3374.7878,20210222,20260903
516520.SH,华泰柏瑞中证智能汽车主题ETF,SH,20210301,,20210209,华泰柏瑞基金管理有限公司,L,399432.SZ,中证智能汽车主题,深圳证券信息有限公司,INDEX_BASIC,主题指数,EQUITY,True,True,False,False,True,,L2B_EX_REVSUB,中证智能汽车主题,中证智能汽车主题指数收益率×100%,Tushare fund_basic.benchmark + index_basic,2026-09-04 10:05:42,True,20210301,20260903,1340,1.047,20283258.0,38486378.1,57313009.53333333,78976.55,826884478.5,,0,1.0,20283.258,20210209,20260903
516600.SH,工银瑞信中证消费服务领先ETF,SH,20210226,,20210209,工银瑞信基金管理有限公司,L,000806.CSI,中证消费服务领先,中证指数有限公司、上海证券交易所,INDEX_BASIC,主题指数,EQUITY,True,True,False,True,True,,L2B_EX_REVSUB,中证消费服务领先,中证消费服务领先指数收益率×100%,Tushare fund_basic.benchmark + index_basic,2026-09-04 10:05:42,True,20210226,20260903,1341,0.612,636912.0,1385229.8,1729909.6333333333,11033.21,67523245.19999999,,0,1.0,636.912,20210209,20260903
159848.SZ,国联安中证全指证券公司ETF,SZ,20210312,,20210209,国联安基金管理有限公司,L,,中证全指证券公司,中证指数有限公司,RULE_BASED,,EQUITY,True,True,False,True,True,,L5_RULE,中证全指证券公司,中证全指证券公司指数×100%,Tushare fund_basic.benchmark + index_basic,2026-09-04 10:05:42,True,20210312,20260903,1331,0.876,1621730.3,2702625.25,4943381.756666666,15331.1239,134300645.364,,0,1.0,1621.7303,20210209,20260903
159855.SZ,银华中证影视主题ETF,SZ,20210226,,20210209,银华基金管理股份有限公司,L,930781.CSI,中证影视主题,中证指数有限公司,INDEX_BASIC,主题指数,EQUITY,True,True,False,True,True,,L2B_EX_REVSUB,中证影视主题,中证影视主题指数收益率×100%,Tushare fund_basic.benchmark + index_basic,2026-09-04 10:05:42,True,20210226,20260903,1341,0.761,32849639.7,20963734.675,16341951.413333334,25242.5236,192095604.59600002,,0,1.0,32849.6397,20210209,20260903
517100.SH,富国中证沪港深500ETF,SH,20210302,,20210209,富国基金管理有限公司,L,,中证沪港深500,中证指数有限公司,RULE_BASED,,EQUITY,False,True,True,True,False,CROSS/MIXED;NOT_DOMESTIC_A_SHARE,L5_RULE,中证沪港深500,中证沪港深500指数收益率×100%,Tushare fund_basic.benchmark + index_basic,2026-09-04 10:05:42,True,20210302,20260903,1339,1.007,52390.0,661272.8500000001,1526955.35,14360.21,144607314.7,,0,1.0,52.39,20210209,20260903
516000.SH,华夏中证大数据产业ETF,SH,20210301,,20210209,华夏基金管理有限公司,L,399282.SZ,中证大数据产业,深圳证券信息有限公司、深圳证券交易所,INDEX_BASIC,主题指数,EQUITY,True,True,False,False,True,,L4_NORM_EX,中证大数据产业,中证大数据产业指数收益率×100%,Tushare fund_basic.benchmark + index_basic,2026-09-04 10:05:42,True,20210301,20260903,1340,0.957,60512197.0,41367061.85000001,48387840.81666667,45185.5,432425235.0,,0,1.0,60512.197,20210209,20260903
516060.SH,工银瑞信中证创新药产业ETF,SH,20210301,,20210209,工银瑞信基金管理有限公司,L,980086.CNI,中证创新药产业,深圳证券信息有限公司,INDEX_BASIC,主题指数,EQUITY,True,True,False,False,True,,L2B_EX_REVSUB,中证创新药产业,中证创新药产业指数收益率×100%,Tushare fund_basic.benchmark + index_basic,2026-09-04 10:05:42,True,20210301,20260903,1340,0.594,4995188.0,12327015.600000001,13559118.416666666,30023.74,178341015.6,,0,1.0,4995.188,20210209,20260903
516180.SH,平安中证光伏产业ETF,SH,20210303,,20210209,平安基金管理有限公司,L,931151.CSI,中证光伏产业,中证指数有限公司、上海证券交易所,INDEX_BASIC,主题指数,EQUITY,True,True,False,True,True,,L2B_EX_REVSUB,中证光伏产业,中证光伏产业指数收益率×100%,Tushare fund_basic.benchmark + index_basic,2026-09-04 10:05:42,True,20210303,20260903,1338,0.669,6575667.0,7459439.049999999,8226405.766666667,15098.7,101010303.0,,0,1.0,6575.667,20210209,20260903
159849.SZ,招商中证生物科技主题ETF,SZ,20210302,,20210208,招商基金管理有限公司,L,,中证生物科技主题,中证指数有限公司,RULE_BASED,,EQUITY,True,True,False,True,True,,L5_RULE,中证生物科技主题,中证生物科技主题指数收益率×100%,Tushare fund_basic.benchmark + index_basic,2026-09-04 10:05:42,True,20210302,20260903,1339,0.503,1530169.3,2918383.165,3190309.7416666667,15837.2396,79661315.188,,0,1.0,1530.1693,20210208,20260903
159857.SZ,天弘中证光伏产业ETF,SZ,20210224,,20210204,天弘基金管理有限公司,L,931151.CSI,中证光伏产业,中证指数有限公司、上海证券交易所,INDEX_BASIC,主题指数,EQUITY,True,True,False,True,True,,L2B_EX_REVSUB,中证光伏产业,中证光伏产业指数×100%,Tushare fund_basic.benchmark + index_basic,2026-09-04 10:05:42,True,20210224,20260903,1343,0.692,44318595.800000004,59168004.05500001,85306080.44000001,222951.5725,1542824881.6999998,,0,1.0,44318.5958,20210204,20260903
517000.SH,银华中证沪港深500ETF,SH,20210305,,20210204,银华基金管理股份有限公司,L,,中证沪港深500,中证指数有限公司,RULE_BASED,,EQUITY,False,True,True,True,False,CROSS/MIXED;NOT_DOMESTIC_A_SHARE,L5_RULE,中证沪港深500,中证沪港深500指数收益率×100%,Tushare fund_basic.benchmark + index_basic,2026-09-04 10:05:42,True,20210305,20260903,1336,0.999,132950.0,511341.5000000001,990681.7333333332,12279.3,122670207.0,,0,1.0,132.95,20210204,20260903
517300.SH,国寿安保中证沪港深300ETF,SH,20210224,,20210204,国寿安保基金管理有限公司,L,931395.CSI,中证沪港深300,中证指数有限公司、上海证券交易所,INDEX_BASIC,规模指数,EQUITY,False,True,True,True,False,CROSS/MIXED;NOT_DOMESTIC_A_SHARE,L2B_EX_REVSUB,中证沪港深300,中证沪港深300指数×100%,Tushare fund_basic.benchmark + index_basic,2026-09-04 10:05:42,True,20210224,20260903,1343,0.941,332561.0,1202377.35,4017719.2833333327,100243.45,943290864.5,,0,1.0,332.561,20210204,20260903
516660.SH,华安中证新能源汽车ETF,SH,20210226,,20210203,华安基金管理有限公司,L,,中证新能源汽车,中证指数有限公司,RULE_BASED,,EQUITY,True,True,False,True,True,,L5_RULE,中证新能源汽车,中证新能源汽车指数收益率×100%,Tushare fund_basic.benchmark + index_basic,2026-09-04 10:05:42,True,20210226,20260903,1341,0.956,1010470.0,1343448.35,1708630.6,15568.9,148838684.0,,0,1.0,1010.47,20210203,20260903
515230.SH,国泰中证全指软件ETF,SH,20210302,,20210203,国泰基金管理有限公司,L,,中证全指软件,中证指数有限公司,RULE_BASED,,EQUITY,True,True,False,True,True,,L5_RULE,中证全指软件,中证全指软件指数收益率×100%,Tushare fund_basic.benchmark + index_basic,2026-09-04 10:05:42,True,20210302,20260903,1339,0.695,155055571.0,244635214.04999998,226770943.75000003,794469.09,5521560175.5,,0,1.0,155055.571,20210203,20260903
516080.SH,易方达中证创新药产业ETF,SH,20210223,,20210203,易方达基金管理有限公司,L,980086.CNI,中证创新药产业,深圳证券信息有限公司,INDEX_BASIC,主题指数,EQUITY,True,True,False,False,True,,L2B_EX_REVSUB,中证创新药产业,中证创新药产业指数收益率×100%,Tushare fund_basic.benchmark + index_basic,2026-09-04 10:05:42,True,20210223,20260903,1344,0.68,124968395.0,289397419.6,266167414.8166667,529555.48,3600977264.0000005,,0,1.0,124968.395,20210203,20260903
159839.SZ,汇添富国证生物医药ETF,SZ,20210222,,20210201,汇添富基金管理股份有限公司,L,399441.SZ,国证生物医药,深圳证券信息有限公司,INDEX_BASIC,主题指数,EQUITY,True,True,False,False,True,,L2B_EX_REVSUB,国证生物医药,国证生物医药指数收益率×100%,Tushare fund_basic.benchmark + index_basic,2026-09-04 10:05:42,True,20210222,20260903,1345,0.365,29539686.2,70510263.11,72014298.61000001,263773.5165,962773335.2250001,,0,1.0,29539.6862,20210201,20260903
517080.SH,汇添富中证沪港深500ETF,SH,20210222,,20210201,汇添富基金管理股份有限公司,L,,中证沪港深500,中证指数有限公司,RULE_BASED,,EQUITY,False,True,True,True,False,CROSS/MIXED;NOT_DOMESTIC_A_SHARE,L5_RULE,中证沪港深500,中证沪港深500指数收益率×100%,Tushare fund_basic.benchmark + index_basic,2026-09-04 10:05:42,True,20210222,20260903,1345,0.989,867673.0,1024299.9999999998,1055632.1333333333,17316.6,171261174.0,,0,1.0,867.673,20210201,20260903
516800.SH,华宝中证智能制造主题ETF,SH,20210219,,20210129,华宝基金管理有限公司,L,930850.CSI,中证智能制造主题,中证指数有限公司、上海证券交易所,INDEX_BASIC,主题指数,EQUITY,True,True,False,True,True,,L2B_EX_REVSUB,中证智能制造主题,中证智能制造主题指数收益率×100%,Tushare fund_basic.benchmark + index_basic,2026-09-04 10:05:42,True,20210219,20260903,1346,0.96,8934631.0,8381040.3999999985,13610914.6,18230.8,175015680.0,,0,1.9986,8934.631,20210129,20260903
159852.SZ,嘉实中证软件服务ETF,SZ,20210209,,20210129,嘉实基金管理有限公司,L,930601.CSI,中证软件服务,中证指数有限公司,INDEX_BASIC,主题指数,EQUITY,True,True,False,True,True,,L2B_EX_REVSUB,中证软件服务,中证软件服务指数收益率×100%,Tushare fund_basic.benchmark + index_basic,2026-09-04 10:05:42,True,20210209,20260903,1349,0.677,313173468.5,559726504.9349998,506520950.4466667,1389862.3921,9409368394.517,,0,1.0,313173.4685,20210129,20260903
159841.SZ,天弘中证全指证券公司ETF,SZ,20210209,,20210128,天弘基金管理有限公司,L,,中证全指证券公司,中证指数有限公司,RULE_BASED,,EQUITY,True,True,False,True,True,,L5_RULE,中证全指证券公司,中证全指证券公司指数×100%,Tushare fund_basic.benchmark + index_basic,2026-09-04 10:05:42,True,20210209,20260903,1349,0.996,279188861.6,260219649.26000002,360223146.09166676,1197283.8465,11924947111.14,,0,1.0,279188.8616,20210128,20260903
159843.SZ,招商国证食品饮料行业ETF,SZ,20210205,,20210125,招商基金管理有限公司,L,,国证食品饮料行业,深圳证券信息有限公司,RULE_BASED,,EQUITY,True,True,False,False,True,,L5_RULE,国证食品饮料行业,国证食品饮料行业指数收益率×100%,Tushare fund_basic.benchmark + index_basic,2026-09-04 10:05:42,True,20210205,20260903,1351,0.537,3795363.1,6114159.78,8330783.41,60895.5141,327008910.717,,0,1.0,3795.3631,20210125,20260903
517050.SH,华泰柏瑞中证沪港深互联网ETF,SH,20210208,,20210125,华泰柏瑞基金管理有限公司,L,399675.SZ,中证沪港深互联网,深圳证券信息有限公司、深圳证券交易所,INDEX_BASIC,行业指数,EQUITY,False,True,True,False,False,CROSS/MIXED;NOT_DOMESTIC_A_SHARE,L2B_EX_REVSUB,中证沪港深互联网,中证沪港深互联网指数收益率×100%,Tushare fund_basic.benchmark + index_basic,2026-09-04 10:05:42,True,20210208,20260903,1350,0.657,1662120.0,1742979.45,2411073.15,34760.5,228376485.0,,0,1.0,1662.12,20210125,20260903
517200.SH,嘉实中证沪港深互联网ETF,SH,20210208,,20210125,嘉实基金管理有限公司,L,399675.SZ,中证沪港深互联网,深圳证券信息有限公司、深圳证券交易所,INDEX_BASIC,行业指数,EQUITY,False,True,True,False,False,CROSS/MIXED;NOT_DOMESTIC_A_SHARE,L2B_EX_REVSUB,中证沪港深互联网,中证沪港深互联网指数收益率×100%,Tushare fund_basic.benchmark + index_basic,2026-09-04 10:05:42,True,20210208,20260903,1350,0.581,1546654.0,1328758.3,1867610.8499999999,14478.2,84118342.0,,0,1.0,1546.654,20210125,20260903
159856.SZ,工银瑞信中证沪港深互联网ETF,SZ,20210201,,20210122,工银瑞信基金管理有限公司,L,399675.SZ,中证沪港深互联网,深圳证券信息有限公司、深圳证券交易所,INDEX_BASIC,行业指数,EQUITY,False,True,True,False,False,CROSS/MIXED;NOT_DOMESTIC_A_SHARE,L2B_EX_REVSUB,中证沪港深互联网,中证沪港深互联网指数收益率×100%,Tushare fund_basic.benchmark + index_basic,2026-09-04 10:05:42,True,20210201,20260903,1355,0.575,1601078.7,1658038.59,2559233.02,34737.2474,199739172.54999998,,0,1.0,1601.0787,20210122,20260903
516160.SH,南方中证新能源ETF,SH,20210204,,20210122,南方基金管理股份有限公司,L,,中证新能源,中证指数有限公司,RULE_BASED,,EQUITY,True,True,False,True,True,,L5_RULE,中证新能源,中证新能源指数收益率×100%,Tushare fund_basic.benchmark + index_basic,2026-09-04 10:05:42,True,20210204,20260903,1352,2.37,112086904.0,137293415.75,197113469.24999997,151014.2,3579036540.0,,0,0.3091,112086.904,20210122,20260903
516050.SH,工银瑞信中证科技龙头ETF,SH,20210205,,20210121,工银瑞信基金管理有限公司,L,,中证科技龙头,中证指数有限公司,RULE_BASED,,EQUITY,True,True,False,True,True,,L5_RULE,中证科技龙头,中证科技龙头指数收益率×100%,Tushare fund_basic.benchmark + index_basic,2026-09-04 10:05:42,True,20210205,20260903,1351,1.337,4563060.0,9081465.799999999,14592103.450000003,16122.8,215561836.0,,0,1.0,4563.06,20210121,20260903
159837.SZ,易方达中证生物科技主题ETF,SZ,20210127,,20210114,易方达基金管理有限公司,L,,中证生物科技主题,中证指数有限公司,RULE_BASED,,EQUITY,True,True,False,True,True,,L5_RULE,中证生物科技主题,中证生物科技主题指数收益率×100%,Tushare fund_basic.benchmark + index_basic,2026-09-04 10:05:42,True,20210127,20260903,1358,0.498,19590607.2,48496049.1,48026305.13666667,281815.2837,1403440112.8260002,,0,1.0,19590.6072,20210114,20260903
515400.SH,富国中证大数据产业ETF,SH,20210120,,20210107,富国基金管理有限公司,L,399282.SZ,中证大数据产业,深圳证券信息有限公司、深圳证券交易所,INDEX_BASIC,主题指数,EQUITY,True,True,False,False,True,,L4_NORM_EX,中证大数据产业,中证大数据产业指数收益率×100%,Tushare fund_basic.benchmark + index_basic,2026-09-04 10:05:42,True,20210120,20260903,1363,0.87,72501785.0,105967687.0,143571156.9,164363.14,1429959318.0000002,,0,1.0,72501.785,20210107,20260903
516880.SH,银华中证光伏产业ETF,SH,20210118,,20210105,银华基金管理股份有限公司,L,931151.CSI,中证光伏产业,中证指数有限公司、上海证券交易所,INDEX_BASIC,主题指数,EQUITY,True,True,False,True,True,,L2B_EX_REVSUB,中证光伏产业,中证光伏产业指数收益率×100%,Tushare fund_basic.benchmark + index_basic,2026-09-04 10:05:42,True,20210118,20260903,1365,0.691,10314808.0,13575036.15,20683810.96666667,91794.41,634299373.0999999,,0,1.0,10314.808,20210105,20260903
515170.SH,华夏中证细分食品饮料产业主题ETF,SH,20210113,,20201230,华夏基金管理有限公司,L,,中证细分食品饮料产业主题,中证指数有限公司,RULE_BASED,,EQUITY,True,True,False,True,True,,L5_RULE,中证细分食品饮料产业主题,中证细分食品饮料产业主题指数收益率×100%,Tushare fund_basic.benchmark + index_basic,2026-09-04 10:05:42,True,20210113,20260903,1368,0.464,35684086.0,78013164.64999999,93585882.76666667,862675.79,4002815665.6000004,,0,1.0,35684.086,20201230,20260903
515920.SH,博时中证智能消费主题ETF,SH,20210120,,20201230,博时基金管理有限公司,L,,中证智能消费主题,中证指数有限公司,RULE_BASED,,EQUITY,True,True,False,True,True,,L5_RULE,中证智能消费主题,中证智能消费主题指数×100%,Tushare fund_basic.benchmark + index_basic,2026-09-04 10:05:42,True,20210120,20260903,1363,1.191,1928042.0,2118874.0,5131588.583333334,6440.57,76707188.7,,0,1.0,1928.042,20201230,20260903
159828.SZ,国泰中证医疗ETF,SZ,20210112,,20201224,国泰基金管理有限公司,L,399989.SZ,中证医疗,中证指数有限公司,INDEX_BASIC,主题指数,EQUITY,True,True,False,True,True,,L1_EX_EXACT,中证医疗,中证医疗指数收益率×100%,Tushare fund_basic.benchmark + index_basic,2026-09-04 10:05:42,True,20210112,20260903,1369,0.423,33173628.299999997,71867097.605,69639151.06833333,462643.9464,1956983893.2719998,,0,1.0,33173.6283,20201224,20260903
515250.SH,富国中证智能汽车主题ETF,SH,20210108,,20201224,富国基金管理有限公司,L,399432.SZ,中证智能汽车主题,深圳证券信息有限公司,INDEX_BASIC,主题指数,EQUITY,True,True,False,False,True,,L2B_EX_REVSUB,中证智能汽车主题,中证智能汽车主题指数×100%,Tushare fund_basic.benchmark + index_basic,2026-09-04 10:05:42,True,20210108,20260903,1371,0.93,11501015.0,16163774.75,22750065.983333334,34294.45,318938385.0,,0,1.0,11501.015,20201224,20260903
515710.SH,华宝中证细分食品饮料产业主题ETF,SH,20210107,,20201224,华宝基金管理有限公司,L,,中证细分食品饮料产业主题,中证指数有限公司,RULE_BASED,,EQUITY,True,True,False,True,True,,L5_RULE,中证细分食品饮料产业主题,中证细分食品饮料产业主题指数收益率×100%,Tushare fund_basic.benchmark + index_basic,2026-09-04 10:05:42,True,20210107,20260903,1372,0.496,13321911.0,19362274.05,26052261.85,232459.98,1153001500.8,,0,1.0,13321.911,20201224,20260903
515290.SH,天弘中证银行ETF,SH,20201228,,20201211,天弘基金管理有限公司,L,399986.SZ,中证银行,中证指数有限公司,INDEX_BASIC,行业指数,EQUITY,True,True,False,True,True,,L1_EX_EXACT,中证银行,中证银行指数收益率×100%,Tushare fund_basic.benchmark + index_basic,2026-09-04 10:05:42,True,20201228,20260903,1379,1.513,52408631.0,84824877.89999999,104450703.03333333,250457.29,3789418797.7,,0,1.0,52408.631,20201211,20260903
159824.SZ,博时中证新能源汽车ETF,SZ,20210111,,20201210,博时基金管理有限公司,L,,中证新能源汽车,中证指数有限公司,RULE_BASED,,EQUITY,True,True,False,True,True,,L5_RULE,中证新能源汽车,中证新能源汽车指数收益率×100%,Tushare fund_basic.benchmark + index_basic,2026-09-04 10:05:42,True,20210111,20260903,1370,1.056,3718169.1999999997,3576577.96,5525662.234999999,8413.507,88846633.92,,0,1.0,3718.1692,20201210,20260903
159825.SZ,富国中证农业主题ETF,SZ,20201229,,20201210,富国基金管理有限公司,L,000949.CSI,中证农业主题,中证指数有限公司,INDEX_BASIC,主题指数,EQUITY,True,True,False,True,True,,L2B_EX_REVSUB,中证农业主题,中证农业主题指数收益率×100%,Tushare fund_basic.benchmark + index_basic,2026-09-04 10:05:42,True,20201229,20260903,1378,0.748,64548596.7,105936611.89500001,89459407.77666667,248507.7407,1858837900.436,,0,1.0,64548.5967,20201210,20260903
159827.SZ,银华中证农业主题ETF,SZ,20201218,,20201210,银华基金管理股份有限公司,L,000949.CSI,中证农业主题,中证指数有限公司,INDEX_BASIC,主题指数,EQUITY,True,True,False,True,True,,L2B_EX_REVSUB,中证农业主题,中证农业主题指数×100%,Tushare fund_basic.benchmark + index_basic,2026-09-04 10:05:42,True,20201218,20260903,1385,0.805,1015873.3999999999,2940382.3999999994,2906857.1400000006,8671.6463,69806752.715,,0,1.0,1015.8734,20201210,20260903
515790.SH,华泰柏瑞中证光伏产业ETF,SH,20201218,,20201207,华泰柏瑞基金管理有限公司,L,931151.CSI,中证光伏产业,中证指数有限公司、上海证券交易所,INDEX_BASIC,主题指数,EQUITY,True,True,False,True,True,,L2B_EX_REVSUB,中证光伏产业,中证光伏产业指数收益率×100%,Tushare fund_basic.benchmark + index_basic,2026-09-04 10:05:42,True,20201218,20260903,1385,0.81,88739779.0,175536315.55000004,242778999.36666664,598349.4,4846630140.0,,0,1.0,88739.779,20201207,20260903
515120.SH,广发中证创新药产业ETF,SH,20210104,,20201203,广发基金管理有限公司,L,980086.CNI,中证创新药产业,深圳证券信息有限公司,INDEX_BASIC,主题指数,EQUITY,True,True,False,False,True,,L2B_EX_REVSUB,中证创新药产业,中证创新药产业指数收益率×100%,Tushare fund_basic.benchmark + index_basic,2026-09-04 10:05:42,True,20210104,20260903,1375,0.638,431819463.0,801340679.5,837328999.0166667,1759599.36,11226243916.800001,,0,1.0,431819.463,20201203,20260903
515320.SH,华安中证电子50ETF,SH,20210108,,20201125,华安基金管理有限公司,L,,中证电子50,中证指数有限公司,RULE_BASED,,EQUITY,True,True,False,True,True,,L5_RULE,中证电子50,中证电子50指数收益率×100%,Tushare fund_basic.benchmark + index_basic,2026-09-04 10:05:42,True,20210108,20260903,1371,1.49,11585558.0,17251433.349999998,17761732.45,8930.9,133070410.0,,0,1.0,11585.558,20201125,20260903
510860.SH,兴业上证50ETF,SH,20210112,20220317,20201113,兴业基金管理有限公司,D,000016.SH,上证50,中证指数有限公司、上海证券交易所,INDEX_BASIC,规模指数,EQUITY,True,True,False,True,True,,L1_EX_EXACT,上证50,上证50指数收益率×100%,Tushare fund_basic.benchmark + index_basic,2026-09-04 10:05:42,True,20210112,20211227,232,0.906,498407.0,165657.2,164336.06666666668,1296.8697,11749639.482,,0,1.0,498.407,20201113,20211229
159821.SZ,中银证券创业板ETF,SZ,20201029,,20200929,中银国际证券股份有限公司,L,395004.SZ,创业板,深圳证券交易所,INDEX_BASIC,其他指数,EQUITY,True,True,False,False,True,,L1_EX_EXACT,创业板,创业板指数收益率×100%,Tushare fund_basic.benchmark + index_basic,2026-09-04 10:05:42,True,20201029,20260903,1417,1.25,1675177.3,2523571.1700000004,2980795.2800000003,6592.0,82400000.0,,0,1.0,1675.1773,20200929,20260903
588000.SH,华夏上证科创板50成份ETF,SH,20201116,,20200928,华夏基金管理有限公司,L,,上证科创板50成份,中证指数有限公司/上海证券交易所,RULE_BASED,,EQUITY,True,True,False,True,True,,L5_RULE,上证科创板50成份,上证科创板50成份指数收益率×100%,Tushare fund_basic.benchmark + index_basic,2026-09-04 10:05:42,True,20201116,20260903,1409,1.703,4700623804.0,6159256122.099998,8530901170.566667,5225666.82,88993105944.6,,0,1.0,4700623.804,20200928,20260903
588050.SH,工银瑞信上证科创板50成份ETF,SH,20201116,,20200928,工银瑞信基金管理有限公司,L,,上证科创板50成份,中证指数有限公司/上海证券交易所,RULE_BASED,,EQUITY,True,True,False,True,True,,L5_RULE,上证科创板50成份,上证科创板50成份指数收益率×100%,Tushare fund_basic.benchmark + index_basic,2026-09-04 10:05:42,True,20201116,20260903,1409,1.654,246784568.0,326164846.34999996,504111551.55,655124.13,10835753110.199999,,0,1.0,246784.568,20200928,20260903
588080.SH,易方达上证科创板50成份ETF,SH,20201116,,20200928,易方达基金管理有限公司,L,,上证科创板50成份,中证指数有限公司/上海证券交易所,RULE_BASED,,EQUITY,True,True,False,True,True,,L5_RULE,上证科创板50成份,上证科创板50成份指数收益率×100%,Tushare fund_basic.benchmark + index_basic,2026-09-04 10:05:42,True,20201116,20260903,1409,1.648,1209786807.0,1554362218.6,2081671837.6333334,2522562.81,41571835108.799995,,0,1.0097,1209786.807,20200928,20260903
588090.SH,华泰柏瑞上证科创板50成份ETF,SH,20201116,,20200928,华泰柏瑞基金管理有限公司,L,,上证科创板50成份,中证指数有限公司/上海证券交易所,RULE_BASED,,EQUITY,True,True,False,True,True,,L5_RULE,上证科创板50成份,上证科创板50成份指数收益率×100%,Tushare fund_basic.benchmark + index_basic,2026-09-04 10:05:42,True,20201116,20260903,1409,1.659,116542559.0,151964211.85,304416690.3166667,302107.28,5011959775.200001,,0,1.0,116542.559,20200928,20260903
515530.SH,泰康中证500ETF,SH,20201109,,20200918,泰康基金管理有限公司,L,000905.SH,中证500,中证指数有限公司,INDEX_BASIC,规模指数,EQUITY,True,True,False,True,True,,L1_EX_EXACT,中证500,中证500指数收益率×100%,Tushare fund_basic.benchmark + index_basic,2026-09-04 10:05:42,True,20201109,20260903,1414,4.293,4903575.0,4601246.9,4583899.233333333,1224.27,52557911.1,,0,1.0,4903.575,20200918,20260903
515760.SH,华夏中证浙江国资创新发展ETF,SH,20201012,,20200917,华夏基金管理有限公司,L,931372.CSI,中证浙江国资创新发展,中证指数有限公司,INDEX_BASIC,主题指数,EQUITY,True,True,False,True,True,,L2B_EX_REVSUB,中证浙江国资创新发展,中证浙江国资创新发展指数收益率×100%,Tushare fund_basic.benchmark + index_basic,2026-09-04 10:05:42,True,20201012,20260903,1434,1.38,429879.0,3324843.0499999993,3960274.066666667,9438.81,130255577.99999999,,0,1.0,429.879,20200917,20260903
510370.SH,兴业沪深300ETF,SH,20201027,,20200911,兴业基金管理有限公司,L,000300.SH,沪深300,中证指数有限公司、上海证券交易所,INDEX_BASIC,规模指数,EQUITY,True,True,False,True,True,,L1_EX_EXACT,沪深300,沪深300指数收益率×100%,Tushare fund_basic.benchmark + index_basic,2026-09-04 10:05:42,True,20201027,20260903,1423,1.022,2959415.0,2167197.4,4444804.933333333,8725.81,89177778.2,,0,1.0,2959.415,20200911,20260903
510760.SH,国泰上证综合ETF,SH,20200909,,20200821,国泰基金管理有限公司,L,,上证综合,中证指数有限公司/上海证券交易所,RULE_BASED,,EQUITY,True,True,False,True,True,,L5_RULE,上证综合,上证综合指数收益率×100%,Tushare fund_basic.benchmark + index_basic,2026-09-04 10:05:42,True,20200909,20260903,1451,1.349,196379050.0,236165769.2,321604238.3833334,299050.37,4034189491.2999997,,0,1.1479,196379.05,20200821,20260903
515500.SH,海富通中证长三角领先ETF,SH,20200918,20230410,20200813,海富通基金管理有限公司,D,,中证长三角领先,中证指数有限公司,RULE_BASED,,EQUITY,True,True,False,True,True,,L5_RULE,中证长三角领先,中证长三角领先指数收益率×100%,Tushare fund_basic.benchmark + index_basic,2026-09-04 10:05:42,True,20200918,20230131,562,0.962,31290.0,1089579.3,787884.8666666668,2340.4795,22515412.79,,0,1.0,31.29,20200813,20230201
159820.SZ,天弘中证500ETF,SZ,20200824,,20200807,天弘基金管理有限公司,L,000905.SH,中证500,中证指数有限公司,INDEX_BASIC,规模指数,EQUITY,True,True,False,True,True,,L1_EX_EXACT,中证500,中证500指数收益率×100%,Tushare fund_basic.benchmark + index_basic,2026-09-04 10:05:42,True,20200824,20260903,1463,1.35,12472431.5,10285347.745,13563310.366666667,135390.847,1827776434.5000002,,0,1.0,12472.4315,20200807,20260903
159808.SZ,融通创业板ETF,SZ,20200904,,20200805,融通基金管理有限公司,L,395004.SZ,创业板,深圳证券交易所,INDEX_BASIC,其他指数,EQUITY,True,True,False,False,True,,L1_EX_EXACT,创业板,创业板指数收益率×100%,Tushare fund_basic.benchmark + index_basic,2026-09-04 10:05:42,True,20200904,20260903,1454,1.285,2394348.1999999997,1716133.61,2692472.875,5148.479,66157955.15,,0,1.0,2394.3482,20200805,20260903
159815.SZ,招商中证浙江100ETF,SZ,20200818,20230428,20200803,招商基金管理有限公司,D,931163.CSI,中证浙江100,中证指数有限公司、上海证券交易所,INDEX_BASIC,主题指数,EQUITY,True,True,False,True,True,,L2B_EX_REVSUB,中证浙江100,中证浙江100指数收益率×100%,Tushare fund_basic.benchmark + index_basic,2026-09-04 10:05:42,True,20200818,20230419,644,0.972,162580.0,1663945.6000000003,1757743.8666666665,1203.8687,11701603.764,,0,1.0,162.58,20200803,20230421
159819.SZ,易方达中证人工智能主题ETF,SZ,20200923,,20200727,易方达基金管理有限公司,L,931071.CSI,中证人工智能主题,中证指数有限公司,INDEX_BASIC,主题指数,EQUITY,True,True,False,True,True,,L2B_EX_REVSUB,中证人工智能主题,中证人工智能主题指数收益率×100%,Tushare fund_basic.benchmark + index_basic,2026-09-04 10:05:42,True,20200923,20260903,1441,1.732,271279973.7,490176702.6699999,717041759.2516667,1208322.9669,20928153786.708004,,0,1.0,271279.9737,20200727,20260903
512350.SH,兴业中证福建50ETF,SH,20200910,20220317,20200727,兴业基金管理有限公司,D,930703.CSI,中证福建50,中证指数有限公司,INDEX_BASIC,主题指数,EQUITY,True,True,False,True,True,,L2B_EX_REVSUB,中证福建50,中证福建50指数收益率×100%,Tushare fund_basic.benchmark + index_basic,2026-09-04 10:05:42,True,20200910,20211222,308,1.13,11338.0,52919.200000000004,112241.63333333332,383.1132,4329179.159999999,,0,1.0,11.338,20200727,20211224
515260.SH,华宝中证电子50ETF,SH,20200731,,20200717,华宝基金管理有限公司,L,,中证电子50,中证指数有限公司,RULE_BASED,,EQUITY,True,True,False,True,True,,L5_RULE,中证电子50,中证电子50指数收益率×100%,Tushare fund_basic.benchmark + index_basic,2026-09-04 10:05:42,True,20200731,20260903,1479,0.826,57460427.0,68043789.69999999,86500240.61666667,89056.84,735609498.4,,0,1.9984,57460.427,20200717,20260903
515610.SH,中银中证800ETF,SH,20200818,20220930,20200716,中银基金管理有限公司,D,000906.SH,中证800,中证指数有限公司,INDEX_BASIC,规模指数,EQUITY,True,True,False,True,True,,L1_EX_EXACT,中证800,中证800指数收益率×100%,Tushare fund_basic.benchmark + index_basic,2026-09-04 10:05:42,True,20200818,20220804,471,0.893,639323.0,514354.75000000006,991767.2833333333,3585.74,32020658.2,,0,1.0,639.323,20200716,20220804
159999.SZ,永赢中证500ETF,SZ,20200812,20230320,20200714,永赢基金管理有限公司,D,000905.SH,中证500,中证指数有限公司,INDEX_BASIC,规模指数,EQUITY,True,True,False,True,True,,L1_EX_EXACT,中证500,中证500指数收益率×100%,Tushare fund_basic.benchmark + index_basic,2026-09-04 10:05:42,True,20200812,20230310,606,1.026,112303.0,57256.25,34286.58333333333,4234.4275,43445226.15,,0,1.0,112.303,20200714,20230314
510570.SH,兴业中证500ETF,SH,20200812,,20200630,兴业基金管理有限公司,L,000905.SH,中证500,中证指数有限公司,INDEX_BASIC,规模指数,EQUITY,True,True,False,True,True,,L1_EX_EXACT,中证500,中证500指数收益率×100%,Tushare fund_basic.benchmark + index_basic,2026-09-04 10:05:42,True,20200812,20260903,1453,1.225,3248133.0,3023376.75,3973137.7333333343,4806.06,58874235.000000015,,0,1.0,3248.133,20200630,20260903
515560.SH,建信中证全指证券公司ETF,SH,20200720,,20200629,建信基金管理有限责任公司,L,,中证全指证券公司,中证指数有限公司,RULE_BASED,,EQUITY,True,True,False,True,True,,L5_RULE,中证全指证券公司,中证全指证券公司指数收益率×100%,Tushare fund_basic.benchmark + index_basic,2026-09-04 10:05:42,True,20200720,20260903,1488,1.009,11469178.0,13979706.3,14570563.316666666,19288.33,194619249.70000002,,0,1.0,11469.178,20200629,20260903
159814.SZ,西部利得创业板大盘ETF,SZ,20200717,,20200619,西部利得基金管理有限公司,L,395004.SZ,创业板大盘,深圳证券交易所,INDEX_BASIC,其他指数,EQUITY,True,True,False,False,True,,L2B_EX_REVSUB,创业板大盘,创业板大盘指数收益率×100%,Tushare fund_basic.benchmark + index_basic,2026-09-04 10:05:42,True,20200717,20260903,1489,0.69,25207907.7,41645725.404999994,59213908.05666667,50824.652,350690098.79999995,,0,2.0599,25207.9077,20200619,20260903
159810.SZ,浦银创业板ETF,SZ,20200710,,20200612,浦银基金管理有限公司,L,395004.SZ,创业板,深圳证券交易所,INDEX_BASIC,其他指数,EQUITY,True,True,False,False,True,,L1_EX_EXACT,创业板,创业板指数收益率×100%,Tushare fund_basic.benchmark + index_basic,2026-09-04 10:05:42,True,20200710,20260903,1493,1.334,3677245.9,4639845.380000001,5880838.679999999,5747.5458,76672260.972,,0,1.0,3677.2459,20200612,20260903
515830.SH,工银瑞信中证800ETF,SH,20200717,20220615,20200601,工银瑞信基金管理有限公司,D,000906.SH,中证800,中证指数有限公司,INDEX_BASIC,规模指数,EQUITY,True,True,False,True,True,,L1_EX_EXACT,中证800,中证800指数收益率×100%,Tushare fund_basic.benchmark + index_basic,2026-09-04 10:05:42,True,20200717,20220330,378,4.76,171003.0,64289.2,56793.649999999994,115.31,5488756.0,,0,1.0,171.003,20200601,20220401
515100.SH,景顺长城中证红利低波动100ETF,SH,20200703,,20200522,景顺长城基金管理有限公司,L,,中证红利低波动100,中证指数有限公司,RULE_BASED,,EQUITY,True,True,False,True,True,,L5_RULE,中证红利低波动100,中证红利低波动100指数收益率×100%,Tushare fund_basic.benchmark + index_basic,2026-09-04 10:05:42,True,20200703,20260903,1499,1.419,177334200.0,126628848.25000001,155432267.28333333,362794.15,5148048988.5,,0,1.4408,177334.2,20200522,20260903
515820.SH,富国中证800ETF,SH,20200529,20230322,20200513,富国基金管理有限公司,D,000906.SH,中证800,中证指数有限公司,INDEX_BASIC,规模指数,EQUITY,True,True,False,True,True,,L1_EX_EXACT,中证800,中证800指数收益率×100%,Tushare fund_basic.benchmark + index_basic,2026-09-04 10:05:42,True,20200529,20220928,568,1.158,29324.0,630201.65,4491631.399999999,702.6092,8136214.535999999,,0,1.0,29.324,20200513,20220929
510690.SH,兴业上证180金融ETF,SH,20200622,20220303,20200508,兴业基金管理有限公司,D,,上证180金融股,中证指数有限公司/上海证券交易所,RULE_BASED,,EQUITY,True,True,False,True,True,,L5_RULE,上证180金融股,上证180金融股指数收益率×100%,Tushare fund_basic.benchmark + index_basic,2026-09-04 10:05:42,True,20200622,20211215,360,1.023,173379.0,330231.85,168515.08333333334,584.25,5976877.499999999,,0,1.0,173.379,20200508,20211217
515190.SH,中银证券中证500ETF,SH,20200527,,20200430,中银国际证券股份有限公司,L,000905.SH,中证500,中证指数有限公司,INDEX_BASIC,规模指数,EQUITY,True,True,False,True,True,,L1_EX_EXACT,中证500,中证500指数收益率×100%,Tushare fund_basic.benchmark + index_basic,2026-09-04 10:05:42,True,20200527,20260903,1512,1.636,3475917.0,2985270.85,4955600.133333335,29346.61,480110539.59999996,,0,1.0,3475.917,20200430,20260903
515960.SH,嘉实中证医药健康100策略ETF,SH,20200610,,20200424,嘉实基金管理有限公司,L,931166.CSI,中证医药健康100策略,中证指数有限公司、上海证券交易所,INDEX_BASIC,策略指数,EQUITY,True,True,False,True,True,,L2B_EX_REVSUB,中证医药健康100策略,中证医药健康100策略指数收益率×100%,Tushare fund_basic.benchmark + index_basic,2026-09-04 10:05:42,True,20200610,20260903,1514,0.834,3211028.0,5712166.500000001,7329939.033333332,23999.19,200153244.6,,0,1.0,3211.028,20200424,20260903
515620.SH,建信中证800ETF,SH,20200525,20210608,20200417,建信基金管理有限责任公司,D,000906.SH,中证800,中证指数有限公司,INDEX_BASIC,规模指数,EQUITY,True,True,False,True,True,,L1_EX_EXACT,中证800,中证800指数收益率×100%,Tushare fund_basic.benchmark + index_basic,2026-09-04 10:05:42,True,20200525,20210402,210,1.287,2226177.0,1933074.2000000002,1043914.8833333335,0.0,0.0,,0,1.0,2226.177,20200417,20210607
515670.SH,中银中证100ETF,SH,20200520,20240628,20200417,中银基金管理有限公司,D,,中证100,中证指数有限公司,RULE_BASED,,EQUITY,True,True,False,True,True,,L5_RULE,中证100,中证100指数收益率×100%,Tushare fund_basic.benchmark + index_basic,2026-09-04 10:05:42,True,20200520,20240408,929,0.904,2490972.0,4663841.249999999,4378228.7,3782.25,34191540.0,,0,1.0,2490.972,20200417,20240408
159813.SZ,鹏华国证半导体芯片ETF,SZ,20200525,,20200417,鹏华基金管理有限公司,L,,国证半导体芯片,深圳证券信息有限公司,RULE_BASED,,EQUITY,True,True,False,False,True,,L5_RULE,国证半导体芯片,国证半导体芯片指数收益率×100%,Tushare fund_basic.benchmark + index_basic,2026-09-04 10:05:42,True,20200525,20260903,1526,0.715,185239141.6,328116291.4,542215067.4366667,901872.482,6448388246.3,,0,2.999,185239.1416,20200417,20260903
515930.SH,永赢沪深300ETF,SH,20200508,20230731,20200413,永赢基金管理有限公司,D,000300.SH,沪深300,中证指数有限公司、上海证券交易所,INDEX_BASIC,规模指数,EQUITY,True,True,False,True,True,,L1_EX_EXACT,沪深300,沪深300指数收益率×100%,Tushare fund_basic.benchmark + index_basic,2026-09-04 10:05:42,True,20200508,20230609,751,4.88,802048.0,409252.55000000005,1554067.8833333328,407.47,19884536.0,,0,1.0,802.048,20200413,20230612
159802.SZ,广发中证800ETF,SZ,20200515,20200923,20200413,广发基金管理有限公司,D,000906.SH,中证800,中证指数有限公司,INDEX_BASIC,规模指数,EQUITY,True,True,False,True,True,,L1_EX_EXACT,中证800,中证800指数收益率×100%,Tushare fund_basic.benchmark + index_basic,2026-09-04 10:05:42,True,20200515,20200915,86,1.162,996567.0,1814529.0499999998,3359979.6,652.462,7581608.4399999995,,0,1.0,996.567,20200413,20200930
510200.SH,汇安上证证券ETF,SH,20200508,,20200409,汇安基金管理有限责任公司,L,950105.CSI,上证证券行业,中证指数有限公司、上海证券交易所,INDEX_BASIC,行业指数,EQUITY,True,True,False,True,True,,L2B_EX_REVSUB,上证证券行业,上证证券行业指数收益率×100%,Tushare fund_basic.benchmark + index_basic,2026-09-04 10:05:42,True,20200508,20260903,1537,1.196,2585156.0,3605783.1000000006,6283467.716666667,14338.55,171489058.0,,0,1.0,2585.156,20200409,20260903
515130.SH,博时沪深300ETF,SH,20200511,,20200403,博时基金管理有限公司,L,000300.SH,沪深300,中证指数有限公司、上海证券交易所,INDEX_BASIC,规模指数,EQUITY,True,True,False,True,True,,L1_EX_EXACT,沪深300,沪深300指数收益率×100%,Tushare fund_basic.benchmark + index_basic,2026-09-04 10:05:42,True,20200511,20260903,1536,1.529,6186475.0,8169162.999999999,12521350.95,9446.32,144434232.79999998,,0,1.0,6186.475,20200403,20260903
515280.SH,富国中证银行ETF,SH,20200417,20240925,20200401,富国基金管理有限公司,D,399986.SZ,中证银行,中证指数有限公司,INDEX_BASIC,行业指数,EQUITY,True,True,False,True,True,,L1_EX_EXACT,中证银行,中证银行指数收益率×100%,Tushare fund_basic.benchmark + index_basic,2026-09-04 10:05:42,True,20200417,20240809,1048,1.287,8308352.999999999,12781364.5,12190812.133333337,1741.86,22417738.2,,0,1.0,8308.353,20200401,20240812
159811.SZ,博时中证5G产业50ETF,SZ,20200422,,20200327,博时基金管理有限公司,L,,中证5G产业50,中证指数有限公司,RULE_BASED,,EQUITY,True,True,False,True,True,,L5_RULE,中证5G产业50,中证5G产业50指数收益率×100%,Tushare fund_basic.benchmark + index_basic,2026-09-04 10:05:42,True,20200422,20260903,1546,2.9,17138699.400000002,27647398.910000008,39894157.64833333,7554.3393,219075839.7,,0,1.0,17138.6994,20200327,20260903
159991.SZ,招商创业板大盘ETF,SZ,20200424,,20200320,招商基金管理有限公司,L,395004.SZ,创业板大盘,深圳证券交易所,INDEX_BASIC,其他指数,EQUITY,True,True,False,False,True,,L2B_EX_REVSUB,创业板大盘,创业板大盘指数收益率×100%,Tushare fund_basic.benchmark + index_basic,2026-09-04 10:05:42,True,20200424,20260903,1544,0.785,3259472.3,4226906.03,7288008.1899999995,10546.3172,82788590.02000001,,0,2.8401,3259.4723,20200320,20260903
159992.SZ,银华中证创新药产业ETF,SZ,20200410,,20200320,银华基金管理股份有限公司,L,980086.CNI,中证创新药产业,深圳证券信息有限公司,INDEX_BASIC,主题指数,EQUITY,True,True,False,False,True,,L2B_EX_REVSUB,中证创新药产业,中证创新药产业指数收益率×100%,Tushare fund_basic.benchmark + index_basic,2026-09-04 10:05:42,True,20200410,20260903,1554,0.851,644859236.1,1175731982.43,1170401245.4066663,1990258.1217,16937096615.667,,0,1.0,644859.2361,20200320,20260903
159998.SZ,天弘中证计算机主题ETF,SZ,20200413,,20200320,天弘基金管理有限公司,L,,中证计算机主题,中证指数有限公司,RULE_BASED,,EQUITY,True,True,False,True,True,,L5_RULE,中证计算机主题,中证计算机主题指数收益率×100%,Tushare fund_basic.benchmark + index_basic,2026-09-04 10:05:42,True,20200413,20260903,1553,0.976,95079522.0,87228572.02000001,114883155.365,160665.5354,1568095625.504,,0,1.0,95079.522,20200320,20260903
515690.SH,鹏华中证高股息龙头ETF,SH,20200513,20220426,20200320,鹏华基金管理有限公司,D,931373.CSI,中证高股息龙头,中证指数有限公司,INDEX_BASIC,策略指数,EQUITY,True,True,False,True,True,,L2B_EX_REVSUB,中证高股息龙头,中证高股息龙头指数收益率×100%,Tushare fund_basic.benchmark + index_basic,2026-09-04 10:05:42,True,20200513,20220310,445,1.28,102565.0,557924.95,385760.1666666667,708.8,9072640.0,,0,1.0303,102.565,20200320,20220310
515890.SH,博时中证红利ETF,SH,20200420,,20200320,博时基金管理有限公司,L,000922.CSI,中证红利,中证指数有限公司,INDEX_BASIC,策略指数,EQUITY,True,True,False,True,True,,L1_EX_EXACT,中证红利,中证红利指数收益率×100%,Tushare fund_basic.benchmark + index_basic,2026-09-04 10:05:42,True,20200420,20260903,1548,1.49,4774538.0,8488008.55,9210729.649999997,37744.39,562391411.0,,0,1.2906,4774.538,20200320,20260903
515510.SH,嘉实中证500成长估值ETF,SH,20200506,20230508,20200316,嘉实基金管理有限公司,D,930938.CSI,中证500成长估值,中证指数有限公司,INDEX_BASIC,策略指数,EQUITY,True,True,False,True,True,,L4_NORM_EX,中证500成长估值,中证500成长估值指数收益率×100%,Tushare fund_basic.benchmark + index_basic,2026-09-04 10:05:42,True,20200506,20230130,653,1.442,113239.0,544554.35,377270.38333333336,953.4005,13748035.209999999,,0,1.0,113.239,20200316,20230131
515950.SH,富国中证医药50ETF,SH,20200401,,20200316,富国基金管理有限公司,L,931140.CSI,中证医药50,中证指数有限公司,INDEX_BASIC,主题指数,EQUITY,True,True,False,True,True,,L2B_EX_REVSUB,中证医药50,中证医药50指数收益率×100%,Tushare fund_basic.benchmark + index_basic,2026-09-04 10:05:42,True,20200401,20260903,1560,0.944,7072515.0,12775257.450000001,14291836.849999998,53320.06,503341366.4,,0,1.1244,7072.515,20200316,20260903
159807.SZ,易方达中证科技50ETF,SZ,20200330,,20200316,易方达基金管理有限公司,L,,中证科技50,中证指数有限公司,RULE_BASED,,EQUITY,True,True,False,True,True,,L5_RULE,中证科技50,中证科技50指数收益率×100%,Tushare fund_basic.benchmark + index_basic,2026-09-04 10:05:42,True,20200330,20260903,1562,0.893,23921515.0,40566534.72,57613123.108333334,91805.1428,819819925.204,,0,1.9988,23921.515,20200316,20260903
513090.SH,易方达中证香港证券投资主题ETF,SH,20200326,,20200313,易方达基金管理有限公司,L,930709.CSI,中证香港证券投资主题,中证指数有限公司,INDEX_BASIC,主题指数,EQUITY,True,True,False,True,True,,L2B_EX_REVSUB,中证香港证券投资主题,中证香港证券投资主题指数收益率(使用估值汇率折算)×100%,Tushare fund_basic.benchmark + index_basic,2026-09-04 10:05:42,True,20200326,20260903,1564,1.871,5048628027.0,3309567543.6,5595655879.766667,976898.8,18277776548.0,,0,1.0,5048628.027,20200313,20260903
159806.SZ,国泰中证新能源汽车ETF,SZ,20200320,,20200310,国泰基金管理有限公司,L,,中证新能源汽车,中证指数有限公司,RULE_BASED,,EQUITY,True,True,False,True,True,,L5_RULE,中证新能源汽车,中证新能源汽车指数收益率×100%,Tushare fund_basic.benchmark + index_basic,2026-09-04 10:05:42,True,20200320,20260903,1568,0.687,8857500.0,14581085.945000002,18796254.32,85608.9446,588133449.4020001,,0,3.0011,8857.5,20200310,20260903
159978.SZ,建信中证沪港深粤港澳大湾区发展主题ETF,SZ,20200414,20230112,20200306,建信基金管理有限责任公司,D,931000.CSI,中证沪港深粤港澳大湾区发展主题,中证指数有限公司,INDEX_BASIC,主题指数,EQUITY,False,True,True,True,False,CROSS/MIXED;NOT_DOMESTIC_A_SHARE,L2B_EX_REVSUB,中证沪港深粤港澳大湾区发展主题,中证沪港深粤港澳大湾区发展主题指数收益率×100%,Tushare fund_basic.benchmark + index_basic,2026-09-04 10:05:42,True,20200414,20230103,663,0.995,751376.0,2096980.8999999997,1083630.8666666667,3291.9115,32754519.425,,0,1.0,751.376,20200306,20230105
159805.SZ,鹏华中证传媒ETF,SZ,20200417,,20200306,鹏华基金管理有限公司,L,399971.SZ,中证传媒,中证指数有限公司,INDEX_BASIC,主题指数,EQUITY,True,True,False,True,True,,L1_EX_EXACT,中证传媒,中证传媒指数收益率×100%,Tushare fund_basic.benchmark + index_basic,2026-09-04 10:05:42,True,20200417,20260903,1549,1.156,60565483.3,47881328.49999999,42582745.041666664,29645.248,342699066.88,,0,1.0,60565.4833,20200306,20260903
159804.SZ,国寿安保国证创业板中盘精选88ETF,SZ,20200331,,20200304,国寿安保基金管理有限公司,L,395004.SZ,国证创业板中盘精选88,深圳证券交易所,INDEX_BASIC,其他指数,EQUITY,True,True,False,False,True,,L2B_EX_REVSUB,国证创业板中盘精选88,国证创业板中盘精选88指数×100%,Tushare fund_basic.benchmark + index_basic,2026-09-04 10:05:42,True,20200331,20260903,1561,1.61,174047.0,155380.01,319621.81666666665,1589.9676,25598478.360000003,,0,1.0,174.047,20200304,20260903
515630.SH,鹏华中证800证券保险ETF,SH,20200403,,20200228,鹏华基金管理有限公司,L,,中证800证券保险,中证指数有限公司,RULE_BASED,,EQUITY,True,True,False,True,True,,L5_RULE,中证800证券保险,中证800证券保险指数收益率×100%,Tushare fund_basic.benchmark + index_basic,2026-09-04 10:05:42,True,20200403,20260903,1558,1.298,51908387.0,45926063.3,69869723.48333333,92521.77,1200932574.6000001,,0,1.0,51908.387,20200228,20260903
159996.SZ,国泰中证全指家用电器ETF,SZ,20200316,,20200227,国泰基金管理有限公司,L,,中证全指家用电器,中证指数有限公司,RULE_BASED,,EQUITY,True,True,False,True,True,,L5_RULE,中证全指家用电器,中证全指家用电器指数收益率×100%,Tushare fund_basic.benchmark + index_basic,2026-09-04 10:05:42,True,20200316,20260903,1572,1.448,95951947.3,85187099.085,74239355.49333335,47255.4846,684259417.008,,0,1.0,95951.9473,20200227,20260903
159997.SZ,天弘中证电子ETF,SZ,20200320,,20200227,天弘基金管理有限公司,L,,中证电子,中证指数有限公司,RULE_BASED,,EQUITY,True,True,False,True,True,,L5_RULE,中证电子,中证电子指数收益率×100%,Tushare fund_basic.benchmark + index_basic,2026-09-04 10:05:42,True,20200320,20260903,1568,2.051,98751981.5,99448237.705,116630834.09833333,70030.6634,1436328906.334,,0,1.0,98751.9815,20200227,20260903
159983.SZ,华夏粤港澳大湾区创新100ETF,SZ,20200423,20240105,20200225,华夏基金管理有限公司,D,,粤港澳大湾区创新100,UNKNOWN,RULE_BASED,,EQUITY,True,True,False,False,True,,L5_RULE,粤港澳大湾区创新100,粤港澳大湾区创新100指数收益率×100%,Tushare fund_basic.benchmark + index_basic,2026-09-04 10:05:42,True,20200423,20231225,893,0.942,285199.0,550844.15,484461.06666666665,2575.1867,24258258.714,,0,1.0,285.199,20200225,20231227
515030.SH,华夏中证新能源汽车ETF,SH,20200304,,20200220,华夏基金管理有限公司,L,,中证新能源汽车,中证指数有限公司,RULE_BASED,,EQUITY,True,True,False,True,True,,L5_RULE,中证新能源汽车,中证新能源汽车指数收益率×100%,Tushare fund_basic.benchmark + index_basic,2026-09-04 10:05:42,True,20200304,20260903,1580,1.574,104531224.0,131746428.19999999,153713160.35,149738.4,2356882416.0,,0,1.0,104531.224,20200220,20260903
515210.SH,国泰中证钢铁ETF,SH,20200302,,20200122,国泰基金管理有限公司,L,930606.CSI,中证钢铁,中证指数有限公司,INDEX_BASIC,主题指数,EQUITY,True,True,False,True,True,,L1_EX_EXACT,中证钢铁,中证钢铁指数收益率×100%,Tushare fund_basic.benchmark + index_basic,2026-09-04 10:05:42,True,20200302,20260903,1582,1.17,59808250.0,84336168.35,90815621.61666666,98622.61,1153884537.0,,0,1.1772,59808.25,20200122,20260903
159994.SZ,银华中证5G通信主题ETF,SZ,20200228,,20200122,银华基金管理股份有限公司,L,931079.CSI,中证5G通信主题,中证指数有限公司、上海证券交易所,INDEX_BASIC,主题指数,EQUITY,True,True,False,True,True,,L2B_EX_REVSUB,中证5G通信主题,中证5G通信主题指数×100%,Tushare fund_basic.benchmark + index_basic,2026-09-04 10:05:42,True,20200228,20260903,1583,1.231,128967024.1,237465867.6,387223876.52,398300.3358,4903077133.698,,0,2.0,128967.0241,20200122,20260903
515850.SH,富国中证全指证券公司ETF,SH,20200221,,20200121,富国基金管理有限公司,L,,中证全指证券公司,中证指数有限公司,RULE_BASED,,EQUITY,True,True,False,True,True,,L5_RULE,中证全指证券公司,中证全指证券公司指数收益率×100%,Tushare fund_basic.benchmark + index_basic,2026-09-04 10:05:42,True,20200221,20260903,1588,1.371,68243923.0,71815376.89999999,71857532.51666668,48129.1,659849961.0,,0,1.0,68243.923,20200121,20260903
515220.SH,国泰中证煤炭ETF,SH,20200302,,20200120,国泰基金管理有限公司,L,399998.SZ,中证煤炭,中证指数有限公司,INDEX_BASIC,行业指数,EQUITY,True,True,False,True,True,,L1_EX_EXACT,中证煤炭,中证煤炭指数收益率×100%,Tushare fund_basic.benchmark + index_basic,2026-09-04 10:05:42,True,20200302,20260903,1582,1.3,823321403.0,891107061.7,952288434.2833333,897017.69,11661229970.0,,0,2.3381,823321.403,20200120,20260903
159995.SZ,华夏国证半导体芯片ETF,SZ,20200210,,20200120,华夏基金管理有限公司,L,,国证半导体芯片,深圳证券信息有限公司,RULE_BASED,,EQUITY,True,True,False,False,True,,L5_RULE,国证半导体芯片,国证半导体芯片指数收益率×100%,Tushare fund_basic.benchmark + index_basic,2026-09-04 10:05:42,True,20200210,20260903,1597,1.115,492057798.59999996,781758096.2349999,1332625010.5050004,2439112.6012,27196105503.38,,0,1.9993,492057.7986,20200120,20260903
159801.SZ,广发国证半导体芯片ETF,SZ,20200218,,20200120,广发基金管理有限公司,L,,国证半导体芯片,深圳证券信息有限公司,RULE_BASED,,EQUITY,True,True,False,False,True,,L5_RULE,国证半导体芯片,国证半导体芯片指数收益率×100%,Tushare fund_basic.benchmark + index_basic,2026-09-04 10:05:42,True,20200218,20260903,1591,1.106,105204579.10000001,196393218.80500004,341756640.71333337,453812.0172,5019160910.232,,0,1.998,105204.5791,20200120,20260903
515090.SH,博时中证可持续发展100ETF,SH,20200220,,20200119,博时基金管理有限公司,L,931268.CSI,中证可持续发展100,中证指数有限公司,INDEX_BASIC,主题指数,EQUITY,True,True,False,True,True,,L2B_EX_REVSUB,中证可持续发展100,中证可持续发展100指数收益率×100%,Tushare fund_basic.benchmark + index_basic,2026-09-04 10:05:42,True,20200220,20260903,1588,1.364,600888.0,1830028.5,2045896.7000000004,1080.17,14733518.8,,0,1.0,600.888,20200119,20260903
515570.SH,山西证券中证红利潜力ETF,SH,20200409,20231218,20200117,山西证券股份有限公司,D,,中证红利潜力,中证指数有限公司,RULE_BASED,,EQUITY,True,True,False,True,True,,L5_RULE,中证红利潜力,中证红利潜力指数收益率×100%,Tushare fund_basic.benchmark + index_basic,2026-09-04 10:05:42,True,20200409,20231113,870,1.114,4805307.0,1599409.15,652439.0833333334,1144.3862,12748462.268000001,,0,1.0,4805.307,20200117,20231113
515700.SH,平安中证新能源汽车产业ETF,SH,20200210,,20191231,平安基金管理有限公司,L,,中证新能源汽车产业,中证指数有限公司,RULE_BASED,,EQUITY,True,True,False,True,True,,L5_RULE,中证新能源汽车产业,中证新能源汽车产业指数收益率×100%,Tushare fund_basic.benchmark + index_basic,2026-09-04 10:05:42,True,20200210,20260903,1597,2.107,26064106.0,41058371.65,58478936.28333334,65851.02,1387480991.4,,0,1.0,26064.106,20191231,20260903
515380.SH,泰康沪深300ETF,SH,20200323,,20191227,泰康基金管理有限公司,L,000300.SH,沪深300,中证指数有限公司、上海证券交易所,INDEX_BASIC,规模指数,EQUITY,True,True,False,True,True,,L1_EX_EXACT,沪深300,沪深300指数收益率×100%,Tushare fund_basic.benchmark + index_basic,2026-09-04 10:05:42,True,20200323,20260903,1567,5.372,9887272.0,12171636.2,22018661.333333336,66159.98,3554114125.6,,0,1.0,9887.272,20191227,20260903
159993.SZ,鹏华国证证券龙头ETF,SZ,20200207,,20191226,鹏华基金管理有限公司,L,399437.SZ,国证证券龙头,深圳证券信息有限公司,INDEX_BASIC,主题指数,EQUITY,True,True,False,False,True,,L2B_EX_REVSUB,国证证券龙头,国证证券龙头指数收益率×100%,Tushare fund_basic.benchmark + index_basic,2026-09-04 10:05:42,True,20200207,20260903,1598,1.187,69311161.5,125151669.84499998,154350290.41833335,319719.7982,3795074004.6340003,,0,1.0,69311.1615,20191226,20260903
515350.SH,民生加银沪深300ETF,SH,20200207,,20191224,民生加银基金管理有限公司,L,000300.SH,沪深300,中证指数有限公司、上海证券交易所,INDEX_BASIC,规模指数,EQUITY,True,True,False,True,True,,L1_EX_EXACT,沪深300,沪深300指数收益率×100%,Tushare fund_basic.benchmark + index_basic,2026-09-04 10:05:42,True,20200207,20260903,1598,6.192,4382037.0,4412115.199999999,5472536.2,1169.92,72441446.4,,0,1.0,4382.037,20191224,20260903
515980.SH,华富中证人工智能产业ETF,SH,20200210,,20191224,华富基金管理有限公司,L,931071.CSI,中证人工智能产业,中证指数有限公司,INDEX_BASIC,主题指数,EQUITY,True,True,False,True,True,,L2B_EX_REVSUB,中证人工智能产业,中证人工智能产业指数收益率×100%,Tushare fund_basic.benchmark + index_basic,2026-09-04 10:05:42,True,20200210,20260903,1597,1.018,198925333.0,231352557.29999992,335508381.4000001,631112.9,6424729322.0,,0,2.0,198925.333,20191224,20260903
512730.SH,鹏华中证银行ETF,SH,20200207,,20191219,鹏华基金管理有限公司,L,399986.SZ,中证银行,中证指数有限公司,INDEX_BASIC,行业指数,EQUITY,True,True,False,True,True,,L1_EX_EXACT,中证银行,中证银行指数收益率×100%,Tushare fund_basic.benchmark + index_basic,2026-09-04 10:05:42,True,20200207,20260903,1598,1.721,3666716.0,5563200.9,9557827.466666667,5158.39,88775891.9,,0,1.0,3666.716,20191219,20260903
159970.SZ,工银瑞信深证100ETF,SZ,20200110,,20191219,工银瑞信基金管理有限公司,L,399330.SZ,深证100,深圳证券信息有限公司、深圳证券交易所,INDEX_BASIC,规模指数,EQUITY,True,True,False,False,True,,L1_EX_EXACT,深证100,深证100指数收益率×100%,Tushare fund_basic.benchmark + index_basic,2026-09-04 10:05:42,True,20200110,20260903,1607,1.004,155931.6,645368.38,1092151.3083333333,1046.8704,10510578.816,,0,6.0,155.9316,20191219,20260903
159986.SZ,弘毅远方国证消费100ETF,SZ,20200120,20221027,20191219,弘毅远方基金管理有限公司,D,399364.SZ,国证消费100,深圳证券信息有限公司,INDEX_BASIC,主题指数,EQUITY,True,True,False,False,True,,L2B_EX_REVSUB,国证消费100,国证消费100指数收益率×100%,Tushare fund_basic.benchmark + index_basic,2026-09-04 10:05:42,True,20200120,20221019,664,1.045,558234.0,243752.1,172939.18333333332,3215.2218,33599067.809999995,,0,1.0,558.234,20191219,20221020
159979.SZ,广发粤港澳大湾区创新100ETF,SZ,20200214,20221221,20191216,广发基金管理有限公司,D,,粤港澳大湾区创新100,UNKNOWN,RULE_BASED,,EQUITY,True,True,False,False,True,,L5_RULE,粤港澳大湾区创新100,粤港澳大湾区创新100指数收益率×100%,Tushare fund_basic.benchmark + index_basic,2026-09-04 10:05:42,True,20200214,20221212,683,0.943,314954.0,252317.3,145689.31666666668,492.8947,4647997.021,,0,1.0,314.954,20191216,20221214
515390.SH,华安沪深300ETF,SH,20200110,,20191213,华安基金管理有限公司,L,000300.SH,沪深300,中证指数有限公司、上海证券交易所,INDEX_BASIC,规模指数,EQUITY,True,True,False,True,True,,L1_EX_EXACT,沪深300,沪深300指数收益率×100%,Tushare fund_basic.benchmark + index_basic,2026-09-04 10:05:42,True,20200110,20260903,1612,1.347,125667946.0,128514862.45000002,178873180.8,188668.3,2541362001.0,,0,1.0,125667.946,20191213,20260903
515070.SH,华夏中证人工智能主题ETF,SH,20191224,,20191209,华夏基金管理有限公司,L,931071.CSI,中证人工智能主题,中证指数有限公司,INDEX_BASIC,主题指数,EQUITY,True,True,False,True,True,,L2B_EX_REVSUB,中证人工智能主题,中证人工智能主题指数收益率×100%,Tushare fund_basic.benchmark + index_basic,2026-09-04 10:05:42,True,20191224,20260903,1624,1.096,96394441.0,140191373.8,234743256.09999996,752094.04,8242950678.400001,,0,2.0,96394.441,20191209,20260903
159990.SZ,银华巨潮小盘价值ETF,SZ,20200120,20240717,20191206,银华基金管理股份有限公司,D,,巨潮小盘价值,UNKNOWN,RULE_BASED,,EQUITY,True,True,False,False,True,,L5_RULE,巨潮小盘价值,巨潮小盘价值指数×100%,Tushare fund_basic.benchmark + index_basic,2026-09-04 10:05:42,True,20200120,20240709,1082,1.17,3537558.0,2101927.05,3728785.6,2091.9629,24475965.93,,0,1.0,3537.558,20191206,20240716
515330.SH,天弘沪深300ETF,SH,20191226,,20191205,天弘基金管理有限公司,L,000300.SH,沪深300,中证指数有限公司、上海证券交易所,INDEX_BASIC,规模指数,EQUITY,True,True,False,True,True,,L1_EX_EXACT,沪深300,沪深300指数收益率×100%,Tushare fund_basic.benchmark + index_basic,2026-09-04 10:05:42,True,20191226,20260903,1622,1.329,11933961.0,17037685.55,21274120.98333333,617370.95,8204859925.5,,0,1.0,11933.961,20191205,20260903
515870.SH,嘉实中证先进制造100策略ETF,SH,20200117,20230316,20191205,嘉实基金管理有限公司,D,931167.CSI,中证先进制造100策略,中证指数有限公司、上海证券交易所,INDEX_BASIC,策略指数,EQUITY,True,True,False,True,True,,L4_NORM_EX,中证先进制造100策略,中证先进制造100策略指数收益率×100%,Tushare fund_basic.benchmark + index_basic,2026-09-04 10:05:42,True,20200117,20230116,727,1.17,5931433.0,5286352.4,5481603.283333334,3149.89,36853713.0,,0,1.0,5931.433,20191205,20230116
515310.SH,汇添富沪深300ETF,SH,20191225,,20191204,汇添富基金管理股份有限公司,L,000300.SH,沪深300,中证指数有限公司、上海证券交易所,INDEX_BASIC,规模指数,EQUITY,True,True,False,True,True,,L1_EX_EXACT,沪深300,沪深300指数收益率×100%,Tushare fund_basic.benchmark + index_basic,2026-09-04 10:05:42,True,20191225,20260903,1623,1.374,12150861.0,24980797.449999996,37101434.68333333,31811.12,437084788.8,,0,1.0,12150.861,20191204,20260903
159984.SZ,南方粤港澳大湾区创新100ETF,SZ,20200117,20230710,20191129,南方基金管理股份有限公司,D,,粤港澳大湾区创新100,UNKNOWN,RULE_BASED,,EQUITY,True,True,False,False,True,,L5_RULE,粤港澳大湾区创新100,粤港澳大湾区创新100指数收益率×100%,Tushare fund_basic.benchmark + index_basic,2026-09-04 10:05:42,True,20200117,20230704,830,1.022,1644353.0,1222242.35,661515.2166666667,959.1565,9802579.43,,0,1.0,1644.353,20191129,20230704
515060.SH,华夏中证全指房地产ETF,SH,20200103,,20191128,华夏基金管理有限公司,L,,中证全指房地产,中证指数有限公司,RULE_BASED,,EQUITY,True,True,False,True,True,,L5_RULE,中证全指房地产,中证全指房地产指数收益率×100%,Tushare fund_basic.benchmark + index_basic,2026-09-04 10:05:42,True,20200103,20260903,1617,0.585,44384729.0,45610963.75,43799215.833333336,100447.81,587619688.5,,0,1.0,44384.729,20191128,20260903
515080.SH,招商中证红利ETF,SH,20191227,,20191128,招商基金管理有限公司,L,000922.CSI,中证红利,中证指数有限公司,INDEX_BASIC,策略指数,EQUITY,True,True,False,True,True,,L1_EX_EXACT,中证红利,中证红利指数收益率×100%,Tushare fund_basic.benchmark + index_basic,2026-09-04 10:05:42,True,20191227,20260903,1621,1.599,348779835.0,370969593.90000004,407707402.6166666,676214.89,10812676091.1,,0,1.3358,348779.835,20191128,20260903
515180.SH,易方达中证红利ETF,SH,20191220,,20191126,易方达基金管理有限公司,L,000922.CSI,中证红利,中证指数有限公司,INDEX_BASIC,策略指数,EQUITY,True,True,False,True,True,,L1_EX_EXACT,中证红利,中证红利指数收益率×100%,Tushare fund_basic.benchmark + index_basic,2026-09-04 10:05:42,True,20191220,20260903,1626,1.45,337783469.0,353203287.24999994,426199275.90000004,1265263.7,18346323650.0,,0,1.2959,337783.469,20191126,20260903
515660.SH,国联安沪深300ETF,SH,20191224,,20191125,国联安基金管理有限公司,L,000300.SH,沪深300,中证指数有限公司、上海证券交易所,INDEX_BASIC,规模指数,EQUITY,True,True,False,True,True,,L1_EX_EXACT,沪深300,沪深300指数收益率×100%,Tushare fund_basic.benchmark + index_basic,2026-09-04 10:05:42,True,20191224,20260903,1624,5.769,1169609.0,1108628.4,3707923.483333333,43359.42,2501404939.8,,0,1.0,1169.609,20191125,20260903
159982.SZ,鹏华中证500ETF,SZ,20200220,,20191121,鹏华基金管理有限公司,L,000905.SH,中证500,中证指数有限公司,INDEX_BASIC,规模指数,EQUITY,True,True,False,True,True,,L1_EX_EXACT,中证500,中证500指数收益率×100%,Tushare fund_basic.benchmark + index_basic,2026-09-04 10:05:42,True,20200220,20260903,1589,2.096,10895099.6,19347506.810000002,20417261.281666663,20221.1253,423834786.288,,0,1.0,10895.0996,20191121,20260903
515550.SH,国联中证500ETF,SH,20191225,,20191115,国联基金管理有限公司,L,000905.SH,中证500,中证指数有限公司,INDEX_BASIC,规模指数,EQUITY,True,True,False,True,True,,L1_EX_EXACT,中证500,中证500指数收益率×100%,Tushare fund_basic.benchmark + index_basic,2026-09-04 10:05:42,True,20191225,20260903,1608,1.748,1243798.0,2452194.4000000004,2362237.1000000006,2034.57,35564283.6,,0,1.0,1243.798,20191115,20260903
515750.SH,富国中证科技50策略ETF,SH,20191206,,20191115,富国基金管理有限公司,L,,中证科技50策略,中证指数有限公司,RULE_BASED,,EQUITY,True,True,False,True,True,,L5_RULE,中证科技50策略,中证科技50策略指数收益率×100%,Tushare fund_basic.benchmark + index_basic,2026-09-04 10:05:42,True,20191206,20260903,1636,2.027,6072081.0,10631693.3,13906971.499999998,26314.05,533385793.50000006,,0,1.0,6072.081,20191115,20260903
515590.SH,前海开源中证500等权重ETF,SH,20200120,,20191114,前海开源基金管理有限公司,L,,中证500等权重,中证指数有限公司,RULE_BASED,,EQUITY,True,True,False,True,True,,L5_RULE,中证500等权重,中证500等权重指数收益率×100%,Tushare fund_basic.benchmark + index_basic,2026-09-04 10:05:42,True,20200120,20260903,1603,1.909,932933.0,1294278.0499999998,2304992.2666666666,3611.37,68941053.3,,0,1.0,932.933,20191114,20260903
159975.SZ,招商深证100ETF,SZ,20200102,,20191107,招商基金管理有限公司,L,399330.SZ,深证100,深圳证券信息有限公司、深圳证券交易所,INDEX_BASIC,规模指数,EQUITY,True,True,False,False,True,,L1_EX_EXACT,深证100,深证100指数(价格)收益率×100%,Tushare fund_basic.benchmark + index_basic,2026-09-04 10:05:42,True,20200102,20260903,1618,0.736,4159809.5000000005,3463425.0399999996,4695088.926666668,5443.776,40066191.36,,0,10.0,4159.8095,20191107,20260903
515110.SH,易方达中证国企一带一路ETF,SH,20200115,,20191106,易方达基金管理有限公司,L,000859.CSI,中证国企一带一路,中证指数有限公司,INDEX_BASIC,主题指数,EQUITY,True,True,False,True,True,,L4_NORM_EX,中证国企一带一路,中证国企一带一路指数收益率×100%,Tushare fund_basic.benchmark + index_basic,2026-09-04 10:05:42,True,20200115,20260903,1609,1.653,10204543.0,10861024.35,9843705.700000001,21429.5,354229635.0,,0,1.0,10204.543,20191106,20260903
515150.SH,富国中证国企一带一路ETF,SH,20200115,,20191106,富国基金管理有限公司,L,000859.CSI,中证国企一带一路,中证指数有限公司,INDEX_BASIC,主题指数,EQUITY,True,True,False,True,True,,L4_NORM_EX,中证国企一带一路,中证国企一带一路指数收益率×100%,Tushare fund_basic.benchmark + index_basic,2026-09-04 10:05:42,True,20200115,20260903,1609,1.57,3659162.0,2651209.85,3016147.15,39870.32,625964024.0,,0,1.0,3659.162,20191106,20260903
515990.SH,汇添富中证国企一带一路ETF,SH,20200115,,20191106,汇添富基金管理股份有限公司,L,000859.CSI,中证国企一带一路,中证指数有限公司,INDEX_BASIC,主题指数,EQUITY,True,True,False,True,True,,L4_NORM_EX,中证国企一带一路,中证国企一带一路指数收益率×100%,Tushare fund_basic.benchmark + index_basic,2026-09-04 10:05:42,True,20200115,20260903,1604,1.533,2865393.0,2371133.8499999996,1995079.7166666663,5335.02,81785856.60000001,,0,1.0,2865.393,20191106,20260903
159976.SZ,工银瑞信粤港澳大湾区创新100ETF,SZ,20200117,,20191101,工银瑞信基金管理有限公司,L,,粤港澳大湾区创新100,UNKNOWN,RULE_BASED,,EQUITY,True,True,False,False,True,,L5_RULE,粤港澳大湾区创新100,粤港澳大湾区创新100指数收益率×100%,Tushare fund_basic.benchmark + index_basic,2026-09-04 10:05:42,True,20200117,20260903,1603,1.288,37169.5,76376.46999999999,153191.86833333332,6388.5872,82285003.136,,0,1.0,37.1695,20191101,20260903
159987.SZ,银华中证研发创新100ETF,SZ,20191118,20240903,20191101,银华基金管理股份有限公司,D,931159.CSI,中证研发创新100,中证指数有限公司,INDEX_BASIC,主题指数,EQUITY,True,True,False,True,True,,L2B_EX_REVSUB,中证研发创新100,中证研发创新100指数×100%,Tushare fund_basic.benchmark + index_basic,2026-09-04 10:05:42,True,20191118,20240826,1160,1.009,1167049.0,761332.25,935498.1166666666,3045.7627,30731745.643,,0,1.0,1167.049,20191101,20240902
515200.SH,申万菱信中证研发创新100ETF,SH,20191115,,20191025,申万菱信基金管理有限公司,L,931159.CSI,中证研发创新100,中证指数有限公司,INDEX_BASIC,主题指数,EQUITY,True,True,False,True,True,,L2B_EX_REVSUB,中证研发创新100,中证研发创新100指数×100%,Tushare fund_basic.benchmark + index_basic,2026-09-04 10:05:42,True,20191115,20260903,1651,2.442,629816.0,1767110.6,3664220.7833333327,3794.32,92657294.4,,0,1.0,629.816,20191025,20260903
515020.SH,华夏中证银行ETF,SH,20191203,,20191024,华夏基金管理有限公司,L,399986.SZ,中证银行,中证指数有限公司,INDEX_BASIC,行业指数,EQUITY,True,True,False,True,True,,L1_EX_EXACT,中证银行,中证银行指数收益率×100%,Tushare fund_basic.benchmark + index_basic,2026-09-04 10:05:42,True,20191203,20260903,1639,1.8,145713804.0,152122817.5,137882241.76666665,37284.53,671121540.0,,0,1.0,145713.804,20191024,20260903
510530.SH,工银瑞信中证500ETF,SH,20200103,,20191017,工银瑞信基金管理有限公司,L,000905.SH,中证500,中证指数有限公司,INDEX_BASIC,规模指数,EQUITY,True,True,False,True,True,,L1_EX_EXACT,中证500,中证500指数收益率×100%,Tushare fund_basic.benchmark + index_basic,2026-09-04 10:05:42,True,20200103,20260903,1617,8.737,2266188.0,6357389.1,7832657.616666668,4747.94,414827517.79999995,,0,1.0,2266.188,20191017,20260903
515650.SH,富国中证消费50ETF,SH,20191111,,20191014,富国基金管理有限公司,L,000126.SH,中证消费50,中证指数有限公司、上海证券交易所,INDEX_BASIC,主题指数,EQUITY,True,True,False,True,True,,L2B_EX_REVSUB,中证消费50,中证消费50指数收益率×100%,Tushare fund_basic.benchmark + index_basic,2026-09-04 10:05:42,True,20191111,20260903,1655,1.075,45209341.0,65765073.99999999,72640705.5,302118.4,3247772800.0,,0,1.0,45209.341,20191014,20260903
515800.SH,汇添富中证800ETF,SH,20191216,,20191008,汇添富基金管理股份有限公司,L,000906.SH,中证800,中证指数有限公司,INDEX_BASIC,规模指数,EQUITY,True,True,False,True,True,,L1_EX_EXACT,中证800,中证800指数收益率×100%,Tushare fund_basic.benchmark + index_basic,2026-09-04 10:05:42,True,20191216,20260903,1630,1.274,124873810.0,89349805.1,138338051.08333328,390793.72,4978711992.799999,,0,1.1191,124873.81,20191008,20260903
515810.SH,易方达中证800ETF,SH,20191025,,20191008,易方达基金管理有限公司,L,000906.SH,中证800,中证指数有限公司,INDEX_BASIC,规模指数,EQUITY,True,True,False,True,True,,L1_EX_EXACT,中证800,中证800指数收益率×100%,Tushare fund_basic.benchmark + index_basic,2026-09-04 10:05:42,True,20191025,20260903,1666,1.698,6128485.0,10261332.299999999,16371023.433333332,26390.88,448117142.4,,0,1.0,6128.485,20191008,20260903
515580.SH,华泰柏瑞中证科技100ETF,SH,20191028,,20190927,华泰柏瑞基金管理有限公司,L,,中证科技100,中证指数有限公司,RULE_BASED,,EQUITY,True,True,False,True,True,,L5_RULE,中证科技100,中证科技100指数收益率×100%,Tushare fund_basic.benchmark + index_basic,2026-09-04 10:05:42,True,20191028,20260903,1664,1.358,4047172.0,5188064.450000001,9858500.333333336,30203.14,410158641.20000005,,0,1.962,4047.172,20190927,20260903
515860.SH,嘉实中证新兴科技100策略ETF,SH,20191022,,20190926,嘉实基金管理有限公司,L,931165.CSI,中证新兴科技100策略,中证指数有限公司、上海证券交易所,INDEX_BASIC,策略指数,EQUITY,True,True,False,True,True,,L4_NORM_EX,中证新兴科技100策略,中证新兴科技100策略指数收益率×100%,Tushare fund_basic.benchmark + index_basic,2026-09-04 10:05:42,True,20191022,20260903,1669,2.09,3838802.0,6996259.3,8743601.516666668,10187.89,212926901.0,,0,1.0,3838.802,20190926,20260903
515360.SH,方正富邦沪深300ETF,SH,20191101,,20190924,方正富邦基金管理有限公司,L,000300.SH,沪深300,中证指数有限公司、上海证券交易所,INDEX_BASIC,规模指数,EQUITY,True,True,False,True,True,,L1_EX_EXACT,沪深300,沪深300指数收益率×100%,Tushare fund_basic.benchmark + index_basic,2026-09-04 10:05:42,True,20191101,20260903,1654,6.72,102784.0,1207326.5,1616481.2166666668,3727.93,250516896.0,,0,1.0,102.784,20190924,20260903
512970.SH,平安中证粤港澳大湾区发展主题ETF,SH,20191111,,20190923,平安基金管理有限公司,L,931000.CSI,中证粤港澳大湾区发展主题,中证指数有限公司,INDEX_BASIC,主题指数,EQUITY,True,True,False,True,True,,L2B_EX_REVSUB,中证粤港澳大湾区发展主题,中证粤港澳大湾区发展主题指数收益率×100%,Tushare fund_basic.benchmark + index_basic,2026-09-04 10:05:42,True,20191111,20260903,1654,1.486,41723.0,798604.85,1202413.3000000003,498.76,7411573.6,,0,1.0,41.723,20190923,20260903
159974.SZ,富国中证央企创新驱动ETF,SZ,20191218,,20190920,富国基金管理有限公司,L,,中证央企创新驱动,中证指数有限公司,RULE_BASED,,EQUITY,True,True,False,True,True,,L5_RULE,中证央企创新驱动,中证央企创新驱动指数收益率×100%,Tushare fund_basic.benchmark + index_basic,2026-09-04 10:05:42,True,20191218,20260903,1623,1.776,314896.6,933664.66,1404889.6999999997,4043.2422,71807981.472,,0,1.0,314.8966,20190920,20260903
515600.SH,广发中证央企创新驱动ETF,SH,20191218,,20190920,广发基金管理有限公司,L,,中证央企创新驱动,中证指数有限公司,RULE_BASED,,EQUITY,True,True,False,True,True,,L5_RULE,中证央企创新驱动,中证央企创新驱动指数收益率×100%,Tushare fund_basic.benchmark + index_basic,2026-09-04 10:05:42,True,20191218,20260903,1625,1.665,587216.0,1985462.1500000001,3587261.066666667,103779.74,1727932671.0,,0,1.0,587.216,20190920,20260903
515680.SH,嘉实中证央企创新驱动ETF,SH,20191218,,20190920,嘉实基金管理有限公司,L,,中证央企创新驱动,中证指数有限公司,RULE_BASED,,EQUITY,True,True,False,True,True,,L5_RULE,中证央企创新驱动,中证央企创新驱动指数收益率×100%,Tushare fund_basic.benchmark + index_basic,2026-09-04 10:05:42,True,20191218,20260903,1626,1.678,2557074.0,2912435.3000000003,3886439.733333333,109926.47,1844566166.6,,0,1.0,2557.074,20190920,20260903
515900.SH,博时中证央企创新驱动ETF,SH,20191218,,20190920,博时基金管理有限公司,L,,中证央企创新驱动,中证指数有限公司,RULE_BASED,,EQUITY,True,True,False,True,True,,L5_RULE,中证央企创新驱动,中证央企创新驱动指数收益率×100%,Tushare fund_basic.benchmark + index_basic,2026-09-04 10:05:42,True,20191218,20260903,1628,1.648,7864648.0,7030979.450000001,6891031.233333333,222604.65,3668524632.0,,0,1.0,7864.648,20190920,20260903
515010.SH,华夏中证全指证券公司ETF,SH,20191107,,20190917,华夏基金管理有限公司,L,,中证全指证券公司,中证指数有限公司,RULE_BASED,,EQUITY,True,True,False,True,True,,L5_RULE,中证全指证券公司,中证全指证券公司指数收益率×100%,Tushare fund_basic.benchmark + index_basic,2026-09-04 10:05:42,True,20191107,20260903,1657,1.264,64698855.0,59864073.94999999,82699130.68333335,207527.16,2623143302.4,,0,1.0,64698.855,20190917,20260903
515050.SH,华夏中证5G通信主题ETF,SH,20191016,,20190917,华夏基金管理有限公司,L,931079.CSI,中证5G通信主题,中证指数有限公司、上海证券交易所,INDEX_BASIC,主题指数,EQUITY,True,True,False,True,True,,L2B_EX_REVSUB,中证5G通信主题,中证5G通信主题指数收益率×100%,Tushare fund_basic.benchmark + index_basic,2026-09-04 10:05:42,True,20191016,20260903,1673,1.004,766362725.0,992357156.0999999,1572084356.0333333,1745720.54,17527034221.6,,0,3.0,766362.725,20190917,20260903
159977.SZ,天弘创业板ETF,SZ,20190927,,20190912,天弘基金管理有限公司,L,395004.SZ,创业板,深圳证券交易所,INDEX_BASIC,其他指数,EQUITY,True,True,False,False,True,,L1_EX_EXACT,创业板,创业板指数收益率×100%,Tushare fund_basic.benchmark + index_basic,2026-09-04 10:05:42,True,20190927,20260903,1681,1.729,207956848.8,236080905.05999997,257022606.8333333,370987.282,6414370105.780001,,0,2.0,207956.8488,20190912,20260903
510100.SH,易方达上证50ETF,SH,20191009,,20190906,易方达基金管理有限公司,L,000016.SH,上证50,中证指数有限公司、上海证券交易所,INDEX_BASIC,规模指数,EQUITY,True,True,False,True,True,,L1_EX_EXACT,上证50,上证50指数收益率×100%,Tushare fund_basic.benchmark + index_basic,2026-09-04 10:05:42,True,20191009,20260903,1677,2.988,236337422.0,268148614.79999998,387534771.71666664,93380.68,2790214718.3999996,,0,0.4645,236337.422,20190906,20260903
512530.SH,建信沪深300红利ETF,SH,20190923,,20190823,建信基金管理有限责任公司,L,,沪深300红利,UNKNOWN,RULE_BASED,,EQUITY,True,True,False,False,True,,L5_RULE,沪深300红利,沪深300红利指数×100%,Tushare fund_basic.benchmark + index_basic,2026-09-04 10:05:42,True,20190923,20260903,1685,1.66,9118190.0,8383409.199999998,7922834.233333332,9550.2,158533320.0,,0,1.0,9118.19,20190823,20260903
515880.SH,国泰中证全指通信设备ETF,SH,20190906,,20190816,国泰基金管理有限公司,L,,中证全指通信设备,中证指数有限公司,RULE_BASED,,EQUITY,True,True,False,True,True,,L5_RULE,中证全指通信设备,中证全指通信设备指数收益率×100%,Tushare fund_basic.benchmark + index_basic,2026-09-04 10:05:42,True,20190906,20260903,1695,0.646,1943248255.0,3306176608.2500005,4979749610.866666,6254777.4,40405862004.0,,0,5.9982,1943248.255,20190816,20260903
515300.SH,嘉实沪深300红利低波动ETF,SH,20190919,,20190808,嘉实基金管理有限公司,L,,沪深300红利低波动,UNKNOWN,RULE_BASED,,EQUITY,True,True,False,False,True,,L5_RULE,沪深300红利低波动,沪深300红利低波动指数收益率×100%,Tushare fund_basic.benchmark + index_basic,2026-09-04 10:05:42,True,20190919,20260903,1687,1.322,277789884.0,120646235.50000003,121123900.08333331,320467.52,4236580614.4,,0,1.2857,277789.884,20190808,20260903
512190.SH,浙商汇金中证浙江凤凰行动50ETF,SH,20190909,,20190805,浙江浙商证券资产管理有限公司,L,,中证浙江凤凰行动50,中证指数有限公司,RULE_BASED,,EQUITY,True,True,False,True,True,,L5_RULE,中证浙江凤凰行动50,中证浙江凤凰行动50指数收益率×100%,Tushare fund_basic.benchmark + index_basic,2026-09-04 10:05:42,True,20190909,20260903,1671,2.916,2151206.0,3343936.9499999993,2338549.3833333333,20151.84,587627654.4,,0,1.0,2151.206,20190805,20260903
159968.SZ,博时中证500ETF,SZ,20191031,,20190801,博时基金管理有限公司,L,000905.SH,中证500,中证指数有限公司,INDEX_BASIC,规模指数,EQUITY,True,True,False,True,True,,L1_EX_EXACT,中证500,中证500指数收益率×100%,Tushare fund_basic.benchmark + index_basic,2026-09-04 10:05:42,True,20191031,20260903,1662,10.199,13966958.5,11254751.87,15983828.979999999,6369.5098,649626304.502,,0,1.0,13966.9585,20190801,20260903
512650.SH,汇添富中证长三角一体化发展主题ETF,SH,20191025,,20190726,汇添富基金管理股份有限公司,L,,中证长三角一体化发展主题,中证指数有限公司,RULE_BASED,,EQUITY,True,True,False,True,True,,L5_RULE,中证长三角一体化发展主题,中证长三角一体化发展主题指数收益率×100%,Tushare fund_basic.benchmark + index_basic,2026-09-04 10:05:42,True,20191025,20260903,1665,1.334,496349.0,2312938.55,4672249.050000001,3094.16,41276094.400000006,,0,1.0,496.349,20190726,20260903
512790.SH,华安中证民企成长ETF,SH,20190906,20200731,20190726,华安基金管理有限公司,D,,中证民企成长,中证指数有限公司,RULE_BASED,,EQUITY,True,True,False,True,True,,L5_RULE,中证民企成长,中证民企成长指数收益率×100%,Tushare fund_basic.benchmark + index_basic,2026-09-04 10:05:42,True,20190906,20200612,183,1.157,745180.0,94397.4,158255.25000000003,298.46,3453182.2,,0,1.0,745.18,20190726,20200729
512710.SH,富国中证军工龙头ETF,SH,20190826,,20190723,富国基金管理有限公司,L,,中证军工龙头,中证指数有限公司,RULE_BASED,,EQUITY,True,True,False,True,True,,L5_RULE,中证军工龙头,中证军工龙头指数收益率×100%,Tushare fund_basic.benchmark + index_basic,2026-09-04 10:05:42,True,20190826,20260903,1703,0.636,242924731.0,258709632.19999996,329485551.6166667,1157065.84,7358938742.400001,,0,1.996,242924.731,20190723,20260903
515000.SH,华宝中证科技龙头ETF,SH,20190816,,20190722,华宝基金管理有限公司,L,,中证科技龙头,中证指数有限公司,RULE_BASED,,EQUITY,True,True,False,True,True,,L5_RULE,中证科技龙头,中证科技龙头指数收益率×100%,Tushare fund_basic.benchmark + index_basic,2026-09-04 10:05:42,True,20190816,20260903,1710,1.234,154528408.0,164935543.65000004,232373516.58333328,325257.93,4013682856.2,,0,1.9989,154528.408,20190722,20260903
159973.SZ,弘毅远方国证民企领先100ETF,SZ,20190809,,20190716,弘毅远方基金管理有限公司,L,931267.CSI,国证民企领先100,中证指数有限公司,INDEX_BASIC,主题指数,EQUITY,True,True,False,True,True,,L2B_EX_REVSUB,国证民企领先100,国证民企领先100指数收益率×100%,Tushare fund_basic.benchmark + index_basic,2026-09-04 10:05:42,True,20190809,20260903,1703,1.87,170723.19999999998,595479.3900000001,878570.1116666667,19997.6423,373955911.01000005,,0,1.0,170.7232,20190716,20260903
512930.SH,平安中证人工智能主题ETF,SH,20190823,,20190712,平安基金管理有限公司,L,931071.CSI,中证人工智能主题,中证指数有限公司,INDEX_BASIC,主题指数,EQUITY,True,True,False,True,True,,L2B_EX_REVSUB,中证人工智能主题,中证人工智能主题指数收益率×100%,Tushare fund_basic.benchmark + index_basic,2026-09-04 10:05:42,True,20190823,20260903,1705,0.614,78226696.0,137715299.8,203790216.1,485252.13,2979448078.2,,0,4.6347,78226.696,20190712,20260903
512720.SH,国泰中证计算机主题ETF,SH,20190816,,20190711,国泰基金管理有限公司,L,,中证计算机主题,中证指数有限公司,RULE_BASED,,EQUITY,True,True,False,True,True,,L5_RULE,中证计算机主题,中证计算机主题指数收益率×100%,Tushare fund_basic.benchmark + index_basic,2026-09-04 10:05:42,True,20190816,20260903,1710,1.179,24418020.0,33990617.20000001,35981496.18333333,35945.34,423795558.59999996,,0,1.1,24418.02,20190711,20260903
512670.SH,鹏华中证国防ETF,SH,20190801,,20190705,鹏华基金管理有限公司,L,399973.SZ,中证国防,中证指数有限公司,INDEX_BASIC,主题指数,EQUITY,True,True,False,True,True,,L1_EX_EXACT,中证国防,中证国防指数收益率×100%,Tushare fund_basic.benchmark + index_basic,2026-09-04 10:05:42,True,20190801,20260903,1720,0.784,81924475.0,75554057.35000001,86397578.76666667,220265.26,1726879638.4,,0,2.0044,81924.475,20190705,20260903
159969.SZ,银华深证100ETF,SZ,20190828,20260312,20190628,银华基金管理股份有限公司,D,399330.SZ,深证100,深圳证券信息有限公司、深圳证券交易所,INDEX_BASIC,规模指数,EQUITY,True,True,False,False,True,,L1_EX_EXACT,深证100,深证100指数收益率(价格)×100%,Tushare fund_basic.benchmark + index_basic,2026-09-04 10:05:42,True,20190828,20260302,1574,1.503,493666.0,387146.10000000003,846507.7666666667,1690.3014,25405230.042,,0,1.0,493.666,20190628,20260309
159967.SZ,华夏创业板动量成长ETF,SZ,20190715,,20190621,华夏基金管理有限公司,L,395004.SZ,创业板动量成长,深圳证券交易所,INDEX_BASIC,其他指数,EQUITY,True,True,False,False,True,,L2B_EX_REVSUB,创业板动量成长,创业板动量成长指数收益率×100%,Tushare fund_basic.benchmark + index_basic,2026-09-04 10:05:42,True,20190715,20260903,1734,0.754,583286919.3,732592949.25,1006800377.5983334,732370.5811,5522074181.4939995,,0,3.6379,583286.9193,20190621,20260903
159966.SZ,华夏创业板低波价值ETF,SZ,20190715,,20190614,华夏基金管理有限公司,L,395004.SZ,创业板低波价值,深圳证券交易所,INDEX_BASIC,其他指数,EQUITY,True,True,False,False,True,,L2B_EX_REVSUB,创业板低波价值,创业板低波价值指数收益率×100%,Tushare fund_basic.benchmark + index_basic,2026-09-04 10:05:42,True,20190715,20260903,1734,0.521,7138129.7,8100262.71,8963692.343333334,64529.9521,336201050.441,,0,3.0761,7138.1297,20190614,20260903
159971.SZ,富国创业板ETF,SZ,20190702,,20190611,富国基金管理有限公司,L,395004.SZ,创业板,深圳证券交易所,INDEX_BASIC,其他指数,EQUITY,True,True,False,False,True,,L1_EX_EXACT,创业板,创业板指数收益率×100%,Tushare fund_basic.benchmark + index_basic,2026-09-04 10:05:42,True,20190702,20260903,1741,1.159,110375118.60000001,122082387.08500001,132945291.7,181602.0288,2104767513.792,,0,1.9991,110375.1186,20190611,20260903
512910.SH,广发中证A100ETF,SH,20190701,,20190527,广发基金管理有限公司,L,000903.SH,中证A100,中证指数有限公司,INDEX_BASIC,规模指数,EQUITY,True,True,False,True,True,,L1_EX_EXACT,中证A100,中证A100指数收益率×100%,Tushare fund_basic.benchmark + index_basic,2026-09-04 10:05:42,True,20190701,20260903,1744,1.302,7578881.0,8240451.949999998,10570177.816666666,13112.88,170729697.6,,0,1.1606,7578.881,20190527,20260903
512750.SH,嘉实中证锐联基本面50ETF,SH,20190705,,20190523,嘉实基金管理有限公司,L,,中证锐联基本面50,中证指数有限公司,RULE_BASED,,EQUITY,True,True,False,True,True,,L5_RULE,中证锐联基本面50,中证锐联基本面50指数收益率×100%,Tushare fund_basic.benchmark + index_basic,2026-09-04 10:05:42,True,20190705,20260903,1740,1.461,3172359.0,3241294.8,3736247.55,4655.49,68016708.9,,0,1.0,3172.359,20190523,20260903
510350.SH,工银瑞信沪深300ETF,SH,20190816,,20190520,工银瑞信基金管理有限公司,L,000300.SH,沪深300,中证指数有限公司、上海证券交易所,INDEX_BASIC,规模指数,EQUITY,True,True,False,True,True,,L1_EX_EXACT,沪深300,沪深300指数收益率×100%,Tushare fund_basic.benchmark + index_basic,2026-09-04 10:05:42,True,20190816,20260903,1710,4.863,11438365.0,13996018.099999998,23594888.450000003,67691.47,3291836186.1000004,,0,1.0945,11438.365,20190520,20260903
512170.SH,华宝中证医疗ETF,SH,20190617,,20190520,华宝基金管理有限公司,L,399989.SZ,中证医疗,中证指数有限公司,INDEX_BASIC,主题指数,EQUITY,True,True,False,True,True,,L1_EX_EXACT,中证医疗,中证医疗指数收益率×100%,Tushare fund_basic.benchmark + index_basic,2026-09-04 10:05:42,True,20190617,20260903,1753,0.339,315160007.0,637514604.0999999,655730743.2833334,7164982.05,24289289149.5,,0,3.1192,315160.007,20190520,20260903
512760.SH,国泰CES半导体芯片行业ETF,SH,20190612,,20190516,国泰基金管理有限公司,L,,中华交易服务半导体芯片行业,中华交易服务有限公司,RULE_BASED,,EQUITY,False,True,True,False,False,CROSS/MIXED;NOT_DOMESTIC_A_SHARE,L5_RULE,中华交易服务半导体芯片行业,中华交易服务半导体芯片行业指数收益率×100%,Tushare fund_basic.benchmark + index_basic,2026-09-04 10:05:42,True,20190612,20260903,1756,1.066,229245794.0,428627849.20000005,667729355.0333333,969144.55,10331080903.0,,0,4.19,229245.794,20190516,20260903
512480.SH,国联安中证全指半导体产品与设备ETF,SH,20190612,,20190508,国联安基金管理有限公司,L,,中证全指半导体产品与设备,中证指数有限公司,RULE_BASED,,EQUITY,True,True,False,True,True,,L5_RULE,中证全指半导体产品与设备,中证全指半导体产品与设备指数收益率×100%,Tushare fund_basic.benchmark + index_basic,2026-09-04 10:05:42,True,20190612,20260903,1756,1.004,992671483.0,1422165756.7000003,1937632634.0166667,1978200.72,19861135228.8,,0,3.9276,992671.483,20190508,20260903
510890.SH,兴业上证红利低波动ETF,SH,20190624,20210907,20190422,兴业基金管理有限公司,D,,上证红利低波动,中证指数有限公司/上海证券交易所,RULE_BASED,,EQUITY,True,True,False,True,True,,L5_RULE,上证红利低波动,上证红利低波动指数收益率×100%,Tushare fund_basic.benchmark + index_basic,2026-09-04 10:05:42,True,20190624,20210628,487,1.15,57533.0,205487.64999999997,140331.43333333335,0.0,0.0,,0,1.0,57.533,20190422,20210906
512290.SH,国泰中证生物医药ETF,SH,20190520,,20190418,国泰基金管理有限公司,L,399441.SZ,中证生物医药,深圳证券信息有限公司,INDEX_BASIC,主题指数,EQUITY,True,True,False,False,True,,L2B_EX_REVSUB,中证生物医药,中证生物医药指数收益率×100%,Tushare fund_basic.benchmark + index_basic,2026-09-04 10:05:42,True,20190520,20260903,1773,1.038,76751240.0,135000666.4,168877088.2333333,315982.07,3279893886.6,,0,1.0,76751.24,20190418,20260903
512690.SH,鹏华中证酒ETF,SH,20190506,,20190404,鹏华基金管理有限公司,L,399987.SZ,中证酒,中证指数有限公司,INDEX_BASIC,主题指数,EQUITY,True,True,False,True,True,,L1_EX_EXACT,中证酒,中证酒指数收益率×100%,Tushare fund_basic.benchmark + index_basic,2026-09-04 10:05:42,True,20190506,20260903,1782,0.421,243705530.0,520224552.9499999,692378340.3500001,3168115.02,13337764234.199999,,0,2.667,243705.53,20190404,20260903
159965.SZ,国联央视财经50ETF,SZ,20190424,,20190319,国联基金管理有限公司,L,,央视财经50,UNKNOWN,RULE_BASED,,EQUITY,True,True,False,False,True,,L5_RULE,央视财经50,央视财经50指数收益率×100%,Tushare fund_basic.benchmark + index_basic,2026-09-04 10:05:42,True,20190424,20260903,1788,1.64,528015.4,333049.42,411984.33499999996,2142.6953,35140202.919999994,,0,1.0,528.0154,20190319,20260903
159964.SZ,平安创业板ETF,SZ,20190419,,20190315,平安基金管理有限公司,L,395004.SZ,创业板,深圳证券交易所,INDEX_BASIC,其他指数,EQUITY,True,True,False,False,True,,L1_EX_EXACT,创业板,创业板指数收益率×100%,Tushare fund_basic.benchmark + index_basic,2026-09-04 10:05:42,True,20190419,20260903,1791,2.173,3266761.4,6181001.005,10382617.376666667,17348.1881,376976127.413,,0,1.0,3266.7614,20190315,20260903
512270.SH,华安沪深300行业中性低波动ETF,SH,20190329,20210923,20190307,华安基金管理有限公司,D,,沪深300行业中性低波动,UNKNOWN,RULE_BASED,,EQUITY,True,True,False,False,True,,L5_RULE,沪深300行业中性低波动,沪深300行业中性低波动指数收益率×100%,Tushare fund_basic.benchmark + index_basic,2026-09-04 10:05:42,True,20190329,20210806,574,1.038,57539.0,107138.7,76272.03333333335,0.0,0.0,,0,1.0,57.539,20190307,20210922
159962.SZ,华夏中证四川国企改革ETF,SZ,20190418,20221109,20190306,华夏基金管理有限公司,D,399974.SZ,中证四川国企改革,中证指数有限公司,INDEX_BASIC,主题指数,EQUITY,True,True,False,True,True,,L2B_EX_REVSUB,中证四川国企改革,中证四川国企改革指数收益率×100%,Tushare fund_basic.benchmark + index_basic,2026-09-04 10:05:42,True,20190418,20221031,846,1.625,5200.0,754105.1500000001,360210.0666666667,1239.3138,20138849.249999996,,0,1.0,5.2,20190306,20221102
512590.SH,浦银安盛中证高股息精选ETF,SH,20190308,20230428,20190129,浦银基金管理有限公司,D,,中证高股息精选,中证指数有限公司,RULE_BASED,,EQUITY,True,True,False,True,True,,L5_RULE,中证高股息精选,中证高股息精选指数收益率×100%,Tushare fund_basic.benchmark + index_basic,2026-09-04 10:05:42,True,20190308,20230120,944,1.509,90652.0,2425416.8500000006,3930289.083333334,1050.3444,15849696.996,,0,1.0,90.652,20190129,20230131
512150.SH,汇安富时中国A50ETF,SH,20190121,,20181221,汇安基金管理有限责任公司,L,,富时中国A50,FTSE Russell,RULE_BASED,,EQUITY,True,True,False,False,True,,L5_RULE,富时中国A50,富时中国A50指数收益率×100%,Tushare fund_basic.benchmark + index_basic,2026-09-04 10:05:42,True,20190121,20260903,1849,1.884,160235.0,328890.8,748417.9833333333,1807.34,34050285.6,,0,1.0,160.235,20181221,20260903
512890.SH,华泰柏瑞中证红利低波动ETF,SH,20190118,,20181219,华泰柏瑞基金管理有限公司,L,,中证红利低波动,中证指数有限公司,RULE_BASED,,EQUITY,True,True,False,True,True,,L5_RULE,中证红利低波动,中证红利低波动指数收益率×100%,Tushare fund_basic.benchmark + index_basic,2026-09-04 10:05:42,True,20190118,20260903,1849,1.2,1268762085.0,822876417.2,927782844.4333334,2644911.08,31738932960.0,,0,2.0462,1268762.085,20181219,20260903
512870.SH,南华中证杭州湾区ETF,SH,20190222,,20181214,南华基金管理有限公司,L,931033.CSI,中证杭州湾区,中证指数有限公司,INDEX_BASIC,主题指数,EQUITY,True,True,False,True,True,,L2B_EX_REVSUB,中证杭州湾区,中证杭州湾区指数收益率×100%,Tushare fund_basic.benchmark + index_basic,2026-09-04 10:05:42,True,20190222,20260903,1778,1.448,535774.0,490737.4999999998,502129.3666666667,2241.06,32450548.8,,0,1.0,535.774,20181214,20260903
159908.SZ,博时创业板ETF,SZ,20181210,,20181210,博时基金管理有限公司,L,395004.SZ,创业板,深圳证券交易所,INDEX_BASIC,其他指数,EQUITY,True,True,False,False,True,,L1_EX_EXACT,创业板,创业板指数收益率×100%,Tushare fund_basic.benchmark + index_basic,2026-09-04 10:05:42,True,20110713,20260903,3582,3.109,27344673.1,54961408.52000001,57220739.03166666,32122.9029,998701051.161,,0,1.0,27344.6731,20180628,20260903
510850.SH,工银瑞信上证50ETF,SH,20190306,,20181207,工银瑞信基金管理有限公司,L,000016.SH,上证50,中证指数有限公司、上海证券交易所,INDEX_BASIC,规模指数,EQUITY,True,True,False,True,True,,L1_EX_EXACT,上证50,上证50指数收益率×100%,Tushare fund_basic.benchmark + index_basic,2026-09-04 10:05:42,True,20190306,20260903,1822,3.595,2822295.0,9786663.850000001,11389829.966666669,4609.89,165725545.5,,0,1.0,2822.295,20181207,20260903
510550.SH,方正富邦中证500ETF,SH,20190116,,20181130,方正富邦基金管理有限公司,L,000905.SH,中证500,中证指数有限公司,INDEX_BASIC,规模指数,EQUITY,True,True,False,True,True,,L1_EX_EXACT,中证500,中证500指数收益率×100%,Tushare fund_basic.benchmark + index_basic,2026-09-04 10:05:42,True,20190116,20260903,1852,1.991,827800.0,1178747.5500000003,1952194.0,2374.33,47272910.300000004,,0,1.0,827.8,20181130,20260903
512260.SH,华安中证500行业中性低波动ETF,SH,20190111,,20181130,华安基金管理有限公司,L,,中证500行业中性低波动,中证指数有限公司,RULE_BASED,,EQUITY,True,True,False,True,True,,L5_RULE,中证500行业中性低波动,中证500行业中性低波动指数收益率×100%,Tushare fund_basic.benchmark + index_basic,2026-09-04 10:05:42,True,20190111,20260903,1855,1.908,341469.0,863780.55,1599148.6833333333,1969.77,37583211.6,,0,1.0,341.469,20181130,20260903
512040.SH,富国中证价值ETF,SH,20181129,,20181107,富国基金管理有限公司,L,931052.CSI,中证国信价值,中证指数有限公司,INDEX_BASIC,策略指数,EQUITY,True,True,False,True,True,,L2B_EX_REVSUB,中证国信价值,中证国信价值指数收益率×100%,Tushare fund_basic.benchmark + index_basic,2026-09-04 10:05:42,True,20181129,20260903,1884,1.218,211658192.0,224886835.45,235171499.53333333,449671.59,5476999966.2,,0,2.247,211658.192,20181107,20260903
159961.SZ,方正富邦深证100ETF,SZ,20181219,,20181102,方正富邦基金管理有限公司,L,399330.SZ,深证100价格,深圳证券信息有限公司、深圳证券交易所,INDEX_BASIC,规模指数,EQUITY,True,True,False,False,True,,L2B_EX_REVSUB,深证100价格,深证100价格指数收益率×100%,Tushare fund_basic.benchmark + index_basic,2026-09-04 10:05:42,True,20181219,20260903,1854,2.148,3294854.8000000003,3010169.21,5449544.97,9824.5196,211030681.00800002,,0,1.0,3294.8548,20181102,20260903
512820.SH,汇添富中证银行ETF,SH,20181123,,20181023,汇添富基金管理股份有限公司,L,399986.SZ,中证银行,中证指数有限公司,INDEX_BASIC,行业指数,EQUITY,True,True,False,True,True,,L1_EX_EXACT,中证银行,中证银行指数收益率×100%,Tushare fund_basic.benchmark + index_basic,2026-09-04 10:05:42,True,20181123,20260903,1887,1.474,118836338.0,113654251.65000002,105369804.9,37030.19,545825000.6,,0,1.1558,118836.338,20181023,20260903
159959.SZ,银华中证央企结构调整ETF,SZ,20190118,,20181022,银华基金管理股份有限公司,L,,中证央企结构调整,中证指数有限公司,RULE_BASED,,EQUITY,True,True,False,True,True,,L5_RULE,中证央企结构调整,中证央企结构调整指数×100%,Tushare fund_basic.benchmark + index_basic,2026-09-04 10:05:42,True,20190118,20260903,1850,1.619,165251.7,339221.545,937096.6566666667,182689.178,2957737791.82,,0,1.0,165.2517,20181022,20260903
512950.SH,华夏中证央企结构调整ETF,SH,20190118,,20181019,华夏基金管理有限公司,L,,中证央企结构调整,中证指数有限公司,RULE_BASED,,EQUITY,True,True,False,True,True,,L5_RULE,中证央企结构调整,中证央企结构调整指数收益率×100%,Tushare fund_basic.benchmark + index_basic,2026-09-04 10:05:42,True,20190118,20260903,1850,1.495,11692618.0,12979518.049999999,13873996.9,404455.1,6046603745.0,,0,1.0,11692.618,20181019,20260903
512960.SH,博时中证央企结构调整ETF,SH,20190118,,20181019,博时基金管理有限公司,L,,中证央企结构调整,中证指数有限公司,RULE_BASED,,EQUITY,True,True,False,True,True,,L5_RULE,中证央企结构调整,中证央企结构调整指数收益率×100%,Tushare fund_basic.benchmark + index_basic,2026-09-04 10:05:42,True,20190118,20260903,1850,1.448,4771223.0,3800234.5999999996,6443783.916666667,385485.73,5581833370.4,,0,1.0309,4771.223,20181019,20260903
512850.SH,中信建投中证北京50ETF,SH,20181109,20210219,20180927,中信建投基金管理有限公司,D,931023.CSI,中证北京50,中证指数有限公司,INDEX_BASIC,主题指数,EQUITY,True,True,False,True,True,,L2B_EX_REVSUB,中证北京50,中证北京50指数收益率×100%,Tushare fund_basic.benchmark + index_basic,2026-09-04 10:05:42,True,20181109,20201208,494,1.241,8939.0,56850.24999999999,63790.399999999994,1853.2,22998212.000000004,,0,1.0,8.939,20180927,20210210
510600.SH,申万菱信上证50ETF,SH,20180920,,20180903,申万菱信基金管理有限公司,L,000016.SH,上证50,中证指数有限公司、上海证券交易所,INDEX_BASIC,规模指数,EQUITY,True,True,False,True,True,,L1_EX_EXACT,上证50,上证50指数×100%,Tushare fund_basic.benchmark + index_basic,2026-09-04 10:05:42,True,20180920,20260903,1928,3.886,924256.0,1899341.8,2833169.049999999,1301.51,50576678.6,,0,1.0,924.256,20180903,20260903
512770.SH,华夏战略新兴成指ETF,SH,20180816,,20180713,华夏基金管理有限公司,L,,中国战略新兴产业成份,UNKNOWN,RULE_BASED,,EQUITY,True,True,False,False,True,,L5_RULE,中国战略新兴产业成份,中国战略新兴产业成份指数(简称:新兴成指)指数收益率×100%,Tushare fund_basic.benchmark + index_basic,2026-09-04 10:05:42,True,20180816,20260903,1953,2.496,2650646.0,4613047.75,7634130.6,9826.78,245276428.8,,0,1.0,2650.646,20180713,20260903
512780.SH,广发中证京津冀协同发展主题ETF,SH,20180524,20230112,20180419,广发基金管理有限公司,D,,中证京津冀协同发展主题,中证指数有限公司,RULE_BASED,,EQUITY,True,True,False,True,True,,L5_RULE,中证京津冀协同发展主题,中证京津冀协同发展主题指数×100%,Tushare fund_basic.benchmark + index_basic,2026-09-04 10:05:42,True,20180524,20221017,1067,0.8,1408764.0,425109.14999999997,200473.08333333334,508.6513,4069210.4000000004,,0,1.0,1408.764,20180419,20221019
510590.SH,平安中证500ETF,SH,20180504,,20180323,平安基金管理有限公司,L,000905.SH,中证500,中证指数有限公司,INDEX_BASIC,规模指数,EQUITY,True,True,False,True,True,,L1_EX_EXACT,中证500,中证500指数收益率×100%,Tushare fund_basic.benchmark + index_basic,2026-09-04 10:05:42,True,20180504,20260903,2026,8.46,1359756.0,10006213.749999998,13178780.833333334,11638.61,984626406.0000001,,0,1.1226,1359.756,20180626,20260903
159956.SZ,建信创业板ETF,SZ,20180307,,20180206,建信基金管理有限责任公司,L,395004.SZ,创业板,深圳证券交易所,INDEX_BASIC,其他指数,EQUITY,True,True,False,False,True,,L1_EX_EXACT,创业板,创业板指数收益率×100%,Tushare fund_basic.benchmark + index_basic,2026-09-04 10:05:42,True,20180307,20260903,2063,2.11,6937538.3,6009698.885,7427185.181666667,4797.8674,101235002.14,,0,1.0,6937.5383,20180628,20260903
510380.SH,国寿安保沪深300ETF,SH,20180207,,20180119,国寿安保基金管理有限公司,L,000300.SH,沪深300,中证指数有限公司、上海证券交易所,INDEX_BASIC,规模指数,EQUITY,True,True,False,True,True,,L1_EX_EXACT,沪深300,沪深300指数×100%,Tushare fund_basic.benchmark + index_basic,2026-09-04 10:05:42,True,20180207,20260903,1963,1.375,1018587.0,4407610.35,3581162.6500000004,146180.24,2009978300.0,,0,1.0,1018.587,20180626,20260903
512980.SH,广发中证传媒ETF,SH,20180119,,20171227,广发基金管理有限公司,L,399971.SZ,中证传媒,中证指数有限公司,INDEX_BASIC,主题指数,EQUITY,True,True,False,True,True,,L1_EX_EXACT,中证传媒,中证传媒指数×100%,Tushare fund_basic.benchmark + index_basic,2026-09-04 10:05:42,True,20180119,20260903,2092,0.826,322612733.0,322543897.45,285559000.4833333,506392.44,4182801554.3999996,,0,1.0,322612.733,20180626,20260903
159958.SZ,工银瑞信创业板ETF,SZ,20180119,,20171225,工银瑞信基金管理有限公司,L,395004.SZ,创业板,深圳证券交易所,INDEX_BASIC,其他指数,EQUITY,True,True,False,False,True,,L1_EX_EXACT,创业板,创业板指数P×100%,Tushare fund_basic.benchmark + index_basic,2026-09-04 10:05:42,True,20180119,20260903,2092,2.013,11551469.4,9371390.845,11130733.871666666,23781.1448,478714444.82399994,,0,1.0,11551.4694,20180628,20260903
510390.SH,平安沪深300ETF,SH,20180126,,20171225,平安基金管理有限公司,L,000300.SH,沪深300,中证指数有限公司、上海证券交易所,INDEX_BASIC,规模指数,EQUITY,True,True,False,True,True,,L1_EX_EXACT,沪深300,沪深300指数×100%,Tushare fund_basic.benchmark + index_basic,2026-09-04 10:05:42,True,20180126,20260903,2087,5.24,2595020.0,5192179.75,11734178.899999999,13655.0,715522000.0,,0,1.1076,2595.02,20180626,20260903
510800.SH,建信上证50ETF,SH,20180115,,20171222,建信基金管理有限责任公司,L,,上海证券交易所50成份,UNKNOWN,RULE_BASED,,EQUITY,True,True,False,False,True,,L5_RULE,上海证券交易所50成份,上海证券交易所50成份指数×100%,Tushare fund_basic.benchmark + index_basic,2026-09-04 10:05:42,True,20180115,20260903,2096,1.403,1864074.0,2134021.2,3812358.85,17457.6,244930128.0,,0,1.0,1864.074,20180626,20260903
159957.SZ,华夏创业板ETF,SZ,20180104,,20171208,华夏基金管理有限公司,L,395004.SZ,创业板,深圳证券交易所,INDEX_BASIC,其他指数,EQUITY,True,True,False,False,True,,L1_EX_EXACT,创业板,创业板指数P×100%,Tushare fund_basic.benchmark + index_basic,2026-09-04 10:05:42,True,20180104,20260903,2103,2.182,192044230.7,202773584.235,268512155.5216666,119878.456,2615747909.92,,0,1.0,192044.2307,20180628,20260903
510820.SH,汇添富上证上海改革发展主题ETF,SH,20190709,20190820,20171201,汇添富基金管理股份有限公司,D,950082.CSI,上证上海改革发展主题,中证指数有限公司、上海证券交易所,INDEX_BASIC,主题指数,EQUITY,True,True,False,True,True,,L2B_EX_REVSUB,上证上海改革发展主题,上证上海改革发展主题指数×100%,Tushare fund_basic.benchmark + index_basic,2026-09-04 10:05:42,True,20190709,20190805,20,0.873,15533.0,76674.59999999998,,0.0,0.0,,0,1.0,15.533,20171201,20190819
512200.SH,南方中证全指房地产ETF,SH,20170925,,20170825,南方基金管理股份有限公司,L,,中证全指房地产,中证指数有限公司,RULE_BASED,,EQUITY,True,True,False,True,True,,L5_RULE,中证全指房地产,中证全指房地产指数×100%,Tushare fund_basic.benchmark + index_basic,2026-09-04 10:05:42,True,20170925,20260903,2170,1.216,167579876.0,138550063.8,135386398.46666667,303359.79,3688855046.4,,0,0.358,167579.876,20180626,20260903
512570.SH,易方达中证全指证券公司ETF,SH,20170811,,20170727,易方达基金管理有限公司,L,,中证全指证券公司,中证指数有限公司,RULE_BASED,,EQUITY,True,True,False,True,True,,L5_RULE,中证全指证券公司,中证全指证券公司指数×100%,Tushare fund_basic.benchmark + index_basic,2026-09-04 10:05:42,True,20170811,20260903,2198,1.105,152738736.0,166557025.50000003,198736225.8,400380.61,4424205740.5,,0,1.0,152738.736,20180626,20260903
512800.SH,华宝中证银行ETF,SH,20170803,,20170718,华宝基金管理有限公司,L,399986.SZ,中证银行,中证指数有限公司,INDEX_BASIC,行业指数,EQUITY,True,True,False,True,True,,L1_EX_EXACT,中证银行,中证银行指数×100%,Tushare fund_basic.benchmark + index_basic,2026-09-04 10:05:42,True,20170803,20260903,2207,0.84,970104733.0,967118991.9499999,1063399571.3833336,1173867.99,9860491116.0,,0,1.9989,970104.733,20180626,20260903
512560.SH,易方达中证军工ETF,SH,20170728,,20170714,易方达基金管理有限公司,L,399967.SZ,中证军工,中证指数有限公司,INDEX_BASIC,主题指数,EQUITY,True,True,False,True,True,,L1_EX_EXACT,中证军工,中证军工指数×100%,Tushare fund_basic.benchmark + index_basic,2026-09-04 10:05:42,True,20170728,20260903,2208,0.718,49557954.0,50088651.35,54687801.86666666,95412.7,685063186.0,,0,1.9295,49557.954,20180626,20260903
159955.SZ,嘉实创业板ETF,SZ,20170823,20221130,20170714,嘉实基金管理有限公司,D,395004.SZ,创业板,深圳证券交易所,INDEX_BASIC,其他指数,EQUITY,True,True,False,False,True,,L1_EX_EXACT,创业板,创业板指数P×100%,Tushare fund_basic.benchmark + index_basic,2026-09-04 10:05:42,True,20170823,20221121,1274,1.283,771020.0,479149.8,404372.6833333333,1023.4838,13131297.154,,0,1.0,771.02,20170714,20221123
512550.SH,嘉实富时中国A50ETF,SH,20170807,,20170703,嘉实基金管理有限公司,L,,富时中国A50,FTSE Russell,RULE_BASED,,EQUITY,True,True,False,False,True,,L5_RULE,富时中国A50,富时中国A50指数×100%,Tushare fund_basic.benchmark + index_basic,2026-09-04 10:05:42,True,20170807,20260903,2205,1.803,4739223.0,7083680.450000002,9001659.366666667,10890.6,196357518.0,,0,1.0,4739.223,20180626,20260903
512700.SH,南方中证银行ETF,SH,20170726,,20170628,南方基金管理股份有限公司,L,399986.SZ,中证银行,中证指数有限公司,INDEX_BASIC,行业指数,EQUITY,True,True,False,True,True,,L1_EX_EXACT,中证银行,中证银行指数×100%,Tushare fund_basic.benchmark + index_basic,2026-09-04 10:05:42,True,20170726,20260903,2213,1.504,128028972.0,111781049.35000001,107964417.61666666,69608.1,1046905824.0,,0,1.3159,128028.972,20180626,20260903
159953.SZ,广发中证全指工业ETF,SZ,20170714,20201217,20170613,广发基金管理有限公司,D,,中证全指工业,中证指数有限公司,RULE_BASED,,EQUITY,True,True,False,True,True,,L5_RULE,中证全指工业,中证全指工业指数×100%,Tushare fund_basic.benchmark + index_basic,2026-09-04 10:05:42,True,20170714,20201208,807,0.959,368177.0,390093.1,489043.9,516.6421,4954597.739,,0,1.0,368.177,20170613,20201231
159951.SZ,嘉实中关村A股ETF,SZ,20170710,20220824,20170607,嘉实基金管理有限公司,D,,中关村A股综合,UNKNOWN,RULE_BASED,,EQUITY,True,True,False,False,True,,L5_RULE,中关村A股综合,中关村A股综合指数×100%,Tushare fund_basic.benchmark + index_basic,2026-09-04 10:05:42,True,20170710,20220816,1222,0.855,1746337.0,299186.64999999997,169363.01666666666,632.291,5406088.050000001,,0,1.0,1746.337,20170607,20220816
159950.SZ,易方达深证成指ETF,SZ,20170510,20190712,20170427,易方达基金管理有限公司,D,,深圳证券交易所成份,UNKNOWN,RULE_BASED,,EQUITY,True,True,False,False,True,,L5_RULE,深圳证券交易所成份,深圳证券交易所成份指数×100%,Tushare fund_basic.benchmark + index_basic,2026-09-04 10:05:42,True,20170510,20190627,505,0.947,292262.0,175691.75,174035.40000000005,450.138,4262806.859999999,,0,1.0,292.262,20170427,20190630
159952.SZ,广发创业板ETF,SZ,20170519,,20170425,广发基金管理有限公司,L,395004.SZ,创业板,深圳证券交易所,INDEX_BASIC,其他指数,EQUITY,True,True,False,False,True,,L1_EX_EXACT,创业板,创业板指数×100%,Tushare fund_basic.benchmark + index_basic,2026-09-04 10:05:42,True,20170519,20260903,2257,2.022,514630298.7,774047802.8149999,837024606.8633332,548028.4929,11081136126.438,,0,1.0,514630.2987,20180628,20260903
512900.SH,南方中证全指证券公司ETF,SH,20170331,,20170310,南方基金管理股份有限公司,L,,中证全指证券公司,中证指数有限公司,RULE_BASED,,EQUITY,True,True,False,True,True,,L5_RULE,中证全指证券公司,中证全指证券公司指数×100%,Tushare fund_basic.benchmark + index_basic,2026-09-04 10:05:42,True,20170331,20260903,2291,1.089,60130309.0,60615132.849999994,75560327.98333332,745490.6,8118392634.0,,0,1.0,60130.309,20180626,20260903
512580.SH,广发中证环保产业ETF,SH,20170228,,20170125,广发基金管理有限公司,L,000827.SH,中证环保产业,中证指数有限公司、上海证券交易所,INDEX_BASIC,主题指数,EQUITY,True,True,False,True,True,,L2B_EX_REVSUB,中证环保产业,中证环保产业指数×100%,Tushare fund_basic.benchmark + index_basic,2026-09-04 10:05:42,True,20170228,20260903,2314,1.145,5148065.0,6368663.649999999,9168126.283333333,57147.17,654335096.5,,0,1.0,5148.065,20180626,20260903
512100.SH,南方中证1000ETF,SH,20161104,,20160929,南方基金管理股份有限公司,L,000852.SH,中证1000,中证指数有限公司,INDEX_BASIC,规模指数,EQUITY,True,True,False,True,True,,L1_EX_EXACT,中证1000,中证1000指数×100%,Tushare fund_basic.benchmark + index_basic,2026-09-04 10:05:42,True,20161104,20260903,2389,3.086,2096350804.0,3473692460.7000003,4123154782.4333334,611121.76,18859217513.6,,0,0.3726,2096350.804,20180626,20260903
512680.SH,广发中证军工ETF,SH,20161014,,20160830,广发基金管理有限公司,L,399967.SZ,中证军工,中证指数有限公司,INDEX_BASIC,主题指数,EQUITY,True,True,False,True,True,,L1_EX_EXACT,中证军工,中证军工指数×100%,Tushare fund_basic.benchmark + index_basic,2026-09-04 10:05:42,True,20161014,20260903,2405,1.168,73030410.0,58248493.34999999,73178706.13333334,309213.01,3611607956.7999997,,0,1.0,73030.41,20180626,20260903
512000.SH,华宝中证全指证券公司ETF,SH,20160914,,20160830,华宝基金管理有限公司,L,,中证全指证券公司,中证指数有限公司,RULE_BASED,,EQUITY,True,True,False,True,True,,L5_RULE,中证全指证券公司,中证全指证券公司指数×100%,Tushare fund_basic.benchmark + index_basic,2026-09-04 10:05:42,True,20160914,20260903,2420,0.526,956627509.0,1038854669.3,1352556862.8666663,7196703.54,37854660620.4,,0,2.0,956627.509,20180626,20260903
512810.SH,华宝中证军工ETF,SH,20160822,,20160805,华宝基金管理有限公司,L,399967.SZ,中证军工,中证指数有限公司,INDEX_BASIC,主题指数,EQUITY,True,True,False,True,True,,L1_EX_EXACT,中证军工,中证军工指数×100%,Tushare fund_basic.benchmark + index_basic,2026-09-04 10:05:42,True,20160822,20260903,2437,0.662,23304408.0,27230301.900000002,38502155.733333334,97958.35,648484277.0,,0,1.9983,23304.408,20180626,20260903
510810.SH,汇添富中证上海国企ETF,SH,20160829,,20160728,汇添富基金管理股份有限公司,L,,中证上海国企,中证指数有限公司,RULE_BASED,,EQUITY,True,True,False,True,True,,L5_RULE,中证上海国企,中证上海国企指数×100%,Tushare fund_basic.benchmark + index_basic,2026-09-04 10:05:42,True,20160829,20260903,2424,0.847,6043586.0,5696031.199999999,7602065.583333333,597059.37,5057092863.9,,0,1.1135,6043.586,20180626,20260903
512660.SH,国泰中证军工ETF,SH,20160808,,20160726,国泰基金管理有限公司,L,399967.SZ,中证军工,中证指数有限公司,INDEX_BASIC,主题指数,EQUITY,True,True,False,True,True,,L1_EX_EXACT,中证军工,中证军工指数×100%,Tushare fund_basic.benchmark + index_basic,2026-09-04 10:05:42,True,20160808,20260903,2447,1.14,256468193.0,281617906.9,326692179.18333334,650108.0,7411231199.999999,,0,1.0,256468.193,20180626,20260903
512880.SH,国泰中证全指证券公司ETF,SH,20160808,,20160726,国泰基金管理有限公司,L,,中证全指证券公司,中证指数有限公司,RULE_BASED,,EQUITY,True,True,False,True,True,,L5_RULE,中证全指证券公司,中证全指证券公司指数×100%,Tushare fund_basic.benchmark + index_basic,2026-09-04 10:05:42,True,20160808,20260903,2447,1.098,1960710626.0,1886036211.5500004,2615152093.4166665,5616229.15,61666196067.00001,,0,1.0,1960710.626,20180626,20260903
159949.SZ,华安创业板50ETF,SZ,20160722,,20160630,华安基金管理有限公司,L,399673.SZ,创业板50,深圳证券信息有限公司、深圳证券交易所,INDEX_BASIC,规模指数,EQUITY,True,True,False,False,True,,L1_EX_EXACT,创业板50,创业板50指数×100%,Tushare fund_basic.benchmark + index_basic,2026-09-04 10:05:42,True,20160722,20260903,2458,1.551,1403808267.4,1673493034.49,2389377349.519999,1552678.5113,24082043710.262997,,0,1.0,1403808.2674,20180628,20260903
159948.SZ,南方创业板ETF,SZ,20160531,,20160513,南方基金管理股份有限公司,L,395004.SZ,创业板,深圳证券交易所,INDEX_BASIC,其他指数,EQUITY,True,True,False,False,True,,L1_EX_EXACT,创业板,创业板指数×100%,Tushare fund_basic.benchmark + index_basic,2026-09-04 10:05:42,True,20160531,20260903,2492,3.68,74649321.80000001,105108334.11500001,141112936.2916667,118269.772,4352327609.6,,0,1.0,74649.3218,20180628,20260903
510680.SH,万家上证50ETF,SH,20151215,,20151215,万家基金管理有限公司,L,,上海证券交易所50成份,UNKNOWN,RULE_BASED,,EQUITY,True,True,False,False,True,,L5_RULE,上海证券交易所50成份,上海证券交易所50成份指数×100%,Tushare fund_basic.benchmark + index_basic,2026-09-04 10:05:42,True,20131202,20260903,2879,3.199,2202081.0,4164070.5,5464966.0666666655,1932.47,61819715.3,,0,1.0,2202.081,20180626,20260903
510580.SH,易方达中证500ETF,SH,20150914,,20150827,易方达基金管理有限公司,L,,中证小盘500,中证指数有限公司,RULE_BASED,,EQUITY,True,True,False,True,True,,L5_RULE,中证小盘500,中证小盘500指数×100%,Tushare fund_basic.benchmark + index_basic,2026-09-04 10:05:42,True,20150914,20260903,2628,4.093,176212482.0,157054708.79999998,222638004.2166667,112536.83,4606132451.9,,0,2.4805,176212.482,20180626,20260903
510360.SH,广发沪深300ETF,SH,20150909,,20150820,广发基金管理有限公司,L,000300.SH,沪深300,中证指数有限公司、上海证券交易所,INDEX_BASIC,规模指数,EQUITY,True,True,False,True,True,,L1_EX_EXACT,沪深300,沪深300指数×100%,Tushare fund_basic.benchmark + index_basic,2026-09-04 10:05:42,True,20150909,20260903,2670,1.769,30923011.0,62138463.45,87593394.51666667,178138.12,3151263342.7999997,,0,1.0,30923.011,20180626,20260903
159946.SZ,广发中证全指主要消费ETF,SZ,20150713,20181228,20150701,广发基金管理有限公司,D,,中证全指主要消费,中证指数有限公司,RULE_BASED,,EQUITY,True,True,False,True,True,,L5_RULE,中证全指主要消费,中证全指主要消费指数×100%,Tushare fund_basic.benchmark + index_basic,2026-09-04 10:05:42,True,20150713,20181220,828,0.971,155557.0,144149.9,66128.96666666667,431.5634,4190480.614,,0,1.0,155.557,20150701,20181224
512330.SH,南方中证500信息技术指数ETF,SH,20150720,,20150629,南方基金管理股份有限公司,L,,中证500信息技术,中证指数有限公司,RULE_BASED,,EQUITY,True,True,False,True,True,,L5_RULE,中证500信息技术,中证500信息技术指数×100%,Tushare fund_basic.benchmark + index_basic,2026-09-04 10:05:42,True,20150720,20260903,2705,1.824,3678809.0,6365173.35,23056581.333333332,35518.8,647862912.0,,0,1.0,3678.809,20180626,20260903
159944.SZ,广发中证全指原材料ETF,SZ,20150706,,20150625,广发基金管理有限公司,L,,中证全指原材料,中证指数有限公司,RULE_BASED,,EQUITY,True,True,False,True,True,,L5_RULE,中证全指原材料,中证全指原材料指数×100%,Tushare fund_basic.benchmark + index_basic,2026-09-04 10:05:42,True,20150706,20260903,2690,1.511,5811089.3,4783138.29,7173695.600000001,3160.8342,47760204.761999995,,0,1.0,5811.0893,20180628,20260903
159945.SZ,广发中证全指能源ETF,SZ,20150706,,20150625,广发基金管理有限公司,L,,中证全指能源,中证指数有限公司,RULE_BASED,,EQUITY,True,True,False,True,True,,L5_RULE,中证全指能源,中证全指能源指数×100%,Tushare fund_basic.benchmark + index_basic,2026-09-04 10:05:42,True,20150706,20260903,2712,1.398,6462486.2,6563791.76,9669939.631666668,5957.2327,83282113.14599998,,0,1.0,6462.4862,20180628,20260903
159943.SZ,大成深证成份ETF,SZ,20150708,,20150605,大成基金管理有限公司,L,,深圳证券交易所成份,UNKNOWN,RULE_BASED,,EQUITY,True,True,False,False,True,,L5_RULE,深圳证券交易所成份,深圳证券交易所成份指数×100%,Tushare fund_basic.benchmark + index_basic,2026-09-04 10:05:42,True,20150708,20260903,2713,1.51,28431780.8,32965087.590000004,40480267.845,20022.9922,302347182.22,,0,11.8197,28431.7808,20180628,20260903
510560.SH,国寿安保中证500ETF,SH,20150703,,20150529,国寿安保基金管理有限公司,L,000905.SH,中证500,中证指数有限公司,INDEX_BASIC,规模指数,EQUITY,True,True,False,True,True,,L1_EX_EXACT,中证500,中证500指数×100%,Tushare fund_basic.benchmark + index_basic,2026-09-04 10:05:42,True,20150703,20260903,2453,1.961,220867.0,884149.7499999999,1426141.9166666665,5231.87,102596970.7,,0,1.0,220.867,20180626,20260903
510710.SH,博时上证50ETF,SH,20150615,,20150527,博时基金管理有限公司,L,,上海证券交易所50成份,UNKNOWN,RULE_BASED,,EQUITY,True,True,False,False,True,,L5_RULE,上海证券交易所50成份,上海证券交易所50成份指数×100%,Tushare fund_basic.benchmark + index_basic,2026-09-04 10:05:42,True,20150615,20260903,2729,4.33,1831054.0,4844625.9,7522943.933333333,10221.89,442607837.0,,0,1.0,1831.054,20180626,20260903
159942.SZ,华润元大中创100ETF,SZ,20150625,20181106,20150525,华润元大基金管理有限公司,D,395004.SZ,中小企业板创业板100,深圳证券交易所,INDEX_BASIC,其他指数,EQUITY,True,True,False,False,True,,L2B_EX_REVSUB,中小企业板创业板100,中小企业板创业板100指数(价格)×100%,Tushare fund_basic.benchmark + index_basic,2026-09-04 10:05:42,True,20150625,20181105,807,1.385,1923073.0,590284.55,336653.3166666667,1549.3705,21458781.425,,0,1.0,1923.073,20150525,20181105
512510.SH,华泰柏瑞中证500ETF,SH,20150612,,20150513,华泰柏瑞基金管理有限公司,L,,中证小盘500,中证指数有限公司,RULE_BASED,,EQUITY,True,True,False,True,True,,L5_RULE,中证小盘500,中证小盘500指数×100%,Tushare fund_basic.benchmark + index_basic,2026-09-04 10:05:42,True,20150612,20260903,2730,2.336,9824653.0,14155851.1,19580256.91666666,43042.98,1005484012.8000001,,0,1.0196,9824.653,20180626,20260903
512500.SH,华夏中证500ETF,SH,20150529,,20150505,华夏基金管理有限公司,L,,中证小盘500,中证指数有限公司,RULE_BASED,,EQUITY,True,True,False,True,True,,L5_RULE,中证小盘500,中证小盘500指数×100%,Tushare fund_basic.benchmark + index_basic,2026-09-04 10:05:42,True,20150529,20260903,2740,4.403,491974507.0,512675429.9499999,593088300.1666666,173200.88,7626034746.4,,0,1.0,491974.507,20180626,20260903
512340.SH,南方中证500原材料指数ETF,SH,20150515,20210416,20150416,南方基金管理股份有限公司,D,,中证500原材料,中证指数有限公司,RULE_BASED,,EQUITY,True,True,False,True,True,,L5_RULE,中证500原材料,中证500原材料指数×100%,Tushare fund_basic.benchmark + index_basic,2026-09-04 10:05:42,True,20150515,20210111,1375,1.228,10747965.0,1849615.4000000001,940630.4666666667,2573.4,31601352.0,,0,1.0,10747.965,20150416,20210414
512310.SH,南方中证500工业指数ETF,SH,20150508,20210416,20150408,南方基金管理股份有限公司,D,000856.SH,中证500工业,中证指数有限公司,INDEX_BASIC,行业指数,EQUITY,True,True,False,True,True,,L4_NORM_EX,中证500工业,中证500工业指数×100%,Tushare fund_basic.benchmark + index_basic,2026-09-04 10:05:42,True,20150508,20210104,1376,0.749,4672392.0,1276814.5,861473.7166666666,4438.9,33247361.0,,0,1.0,4672.392,20150408,20210414
159940.SZ,广发中证全指金融地产ETF,SZ,20150417,,20150323,广发基金管理有限公司,L,,中证全指金融地产,中证指数有限公司,RULE_BASED,,EQUITY,True,True,False,True,True,,L5_RULE,中证全指金融地产,中证全指金融地产指数×100%,Tushare fund_basic.benchmark + index_basic,2026-09-04 10:05:42,True,20150417,20260903,2767,1.245,808780.8,2406035.93,7654970.236666667,29005.9983,361124678.83500004,,0,1.0,808.7808,20180628,20260903
159939.SZ,广发中证全指信息技术ETF,SZ,20150205,,20150108,广发基金管理有限公司,L,,中证全指信息技术,中证指数有限公司,RULE_BASED,,EQUITY,True,True,False,True,True,,L5_RULE,中证全指信息技术,中证全指信息技术指数×100%,Tushare fund_basic.benchmark + index_basic,2026-09-04 10:05:42,True,20150205,20260903,2814,1.082,60018126.300000004,33381785.080000002,58746949.46166668,77365.6106,837095906.692,,0,2.0,60018.1263,20180628,20260903
159938.SZ,广发中证全指医药卫生ETF,SZ,20150108,,20141201,广发基金管理有限公司,L,,中证全指医药卫生,中证指数有限公司,RULE_BASED,,EQUITY,True,True,False,True,True,,L5_RULE,中证全指医药卫生,中证全指医药卫生指数×100%,Tushare fund_basic.benchmark + index_basic,2026-09-04 10:05:42,True,20150108,20260903,2834,0.644,18105980.200000003,52830795.464999996,63565810.225,730956.7236,4707361299.984,,0,2.0,18105.9802,20180628,20260903
512300.SH,南方中证500医药卫生指数ETF,SH,20141218,20210312,20141030,南方基金管理股份有限公司,D,,中证500医药卫生,中证指数有限公司,RULE_BASED,,EQUITY,True,True,False,True,True,,L5_RULE,中证500医药卫生,中证500医药卫生指数×100%,Tushare fund_basic.benchmark + index_basic,2026-09-04 10:05:42,True,20141218,20201221,1459,1.618,4027686.0,1128832.75,1208032.8833333333,0.0,0.0,,0,1.0,4027.686,20141030,20210311
512210.SH,景顺长城中证800食品饮料ETF,SH,20140819,20180831,20140718,景顺长城基金管理有限公司,D,,中证800食品饮料,中证指数有限公司,RULE_BASED,,EQUITY,True,True,False,True,True,,L5_RULE,中证800食品饮料,中证800食品饮料指数×100%,Tushare fund_basic.benchmark + index_basic,2026-09-04 10:05:42,True,20140819,20180302,807,2.14,111520.0,220433.34999999995,225757.2333333333,280.9435,6012190.899999999,,0,1.0,111.52,20140718,20180306
512220.SH,景顺长城中证科技传媒通信150ETF,SH,20140819,,20140718,景顺长城基金管理有限公司,L,931186.CSI,中证科技传媒通信150,中证指数有限公司,INDEX_BASIC,主题指数,EQUITY,True,True,False,True,True,,L2B_EX_REVSUB,中证科技传媒通信150,中证科技传媒通信150指数×100%,Tushare fund_basic.benchmark + index_basic,2026-09-04 10:05:42,True,20140819,20260903,2850,3.731,11062581.0,23883914.85,35725397.216666654,21446.76,800178615.5999999,,0,1.0,11062.581,20180626,20260903
512230.SH,景顺长城中证医药卫生ETF,SH,20140819,20190123,20140718,景顺长城基金管理有限公司,D,,中证医药卫生,中证指数有限公司,RULE_BASED,,EQUITY,True,True,False,True,True,,L5_RULE,中证医药卫生,中证医药卫生指数×100%,Tushare fund_basic.benchmark + index_basic,2026-09-04 10:05:42,True,20140819,20180302,814,1.435,985.0,18538.45,165901.38333333333,300.0,4305000.0,,0,1.0,0.985,20140718,20180302
512070.SH,易方达沪深300非银行金融ETF,SH,20140718,,20140626,易方达基金管理有限公司,L,,沪深300非银行金融,UNKNOWN,RULE_BASED,,EQUITY,True,True,False,False,True,,L5_RULE,沪深300非银行金融,沪深300非银行金融指数×100%,Tushare fund_basic.benchmark + index_basic,2026-09-04 10:05:42,True,20140718,20260903,2949,0.818,554750254.0,493649415.55,633978764.9000001,1635147.97,13375510394.599998,,0,2.968,554750.254,20180626,20260903
512640.SH,嘉实中证金融地产ETF,SH,20140725,,20140620,嘉实基金管理有限公司,L,000992.SH,中证金融地产,中证指数有限公司,INDEX_BASIC,主题指数,EQUITY,True,True,False,True,True,,L2B_EX_REVSUB,中证金融地产,中证金融地产指数×100%,Tushare fund_basic.benchmark + index_basic,2026-09-04 10:05:42,True,20140725,20260903,2682,2.442,3982184.0,2998850.4499999997,5137942.683333333,2024.09,49428277.800000004,,0,1.0,3982.184,20180626,20260903
512600.SH,嘉实中证主要消费ETF,SH,20140725,,20140613,嘉实基金管理有限公司,L,,中证主要消费,中证指数有限公司,RULE_BASED,,EQUITY,True,True,False,True,True,,L5_RULE,中证主要消费,中证主要消费指数×100%,Tushare fund_basic.benchmark + index_basic,2026-09-04 10:05:42,True,20140725,20260903,2902,0.573,12346894.0,14500716.3,15782058.666666666,167525.61,959921745.2999998,,0,4.9746,12346.894,20180626,20260903
512610.SH,嘉实中证医药卫生ETF,SH,20140725,20221222,20140613,嘉实基金管理有限公司,D,,中证医药卫生,中证指数有限公司,RULE_BASED,,EQUITY,True,True,False,True,True,,L5_RULE,中证医药卫生,中证医药卫生指数×100%,Tushare fund_basic.benchmark + index_basic,2026-09-04 10:05:42,True,20140725,20221028,1992,1.427,828993.0,556250.95,271818.8333333333,764.0597,10903131.919,,0,1.0,828.993,20140613,20221031
159936.SZ,广发中证全指可选消费ETF,SZ,20140625,,20140603,广发基金管理有限公司,L,,中证全指可选消费,中证指数有限公司,RULE_BASED,,EQUITY,True,True,False,True,True,,L5_RULE,中证全指可选消费,中证全指可选消费指数×100%,Tushare fund_basic.benchmark + index_basic,2026-09-04 10:05:42,True,20140625,20260903,2900,1.933,2545037.6,1163204.395,1794725.2833333332,10815.6094,209065729.702,,0,1.0,2545.0376,20180628,20260903
510520.SH,诺安中证500ETF,SH,20140310,20191031,20140207,诺安基金管理有限公司,D,,中证小盘500,中证指数有限公司,RULE_BASED,,EQUITY,True,True,False,True,True,,L5_RULE,中证小盘500,中证小盘500指数×100%,Tushare fund_basic.benchmark + index_basic,2026-09-04 10:05:42,True,20140310,20190704,1136,1.24,33253.0,48551.55,56415.21666666667,709.1,8792840.0,,0,1.0,33.253,20140207,20190705
159935.SZ,景顺长城中证500ETF,SZ,20140121,,20131226,景顺长城基金管理有限公司,L,,中证小盘500,中证指数有限公司,RULE_BASED,,EQUITY,True,True,False,True,True,,L5_RULE,中证小盘500,中证小盘500指数×100%,Tushare fund_basic.benchmark + index_basic,2026-09-04 10:05:42,True,20140121,20260903,2960,2.452,1102159.0,2032525.2599999998,4175417.7,2457.2956,60252888.111999996,,0,1.0,1102.159,20180628,20260903
512110.SH,华安中证细分地产ETF,SH,20140106,20170113,20131204,华安基金管理有限公司,D,931775.CSI,中证细分房地产产业主题,中证指数有限公司,INDEX_BASIC,行业指数,EQUITY,True,True,False,True,True,,L2B_EX_REVSUB,中证细分房地产产业主题,中证细分房地产产业主题指数×100%,Tushare fund_basic.benchmark + index_basic,2026-09-04 10:05:42,True,20140106,20160920,638,1.535,1081.0,23681.05,32052.71666666666,164.3198,2522308.9299999997,,0,1.0,1.081,20131204,20160920
512120.SH,华安中证细分医药ETF,SH,20140106,,20131204,华安基金管理有限公司,L,000814.SH,中证细分医药产业主题,中证指数有限公司,INDEX_BASIC,主题指数,EQUITY,True,True,False,True,True,,L2B_EX_REVSUB,中证细分医药产业主题,中证细分医药产业主题指数×100%,Tushare fund_basic.benchmark + index_basic,2026-09-04 10:05:42,True,20140106,20260903,3052,0.462,11753193.0,17621764.35,19024296.466666665,77624.19,358623757.8,,0,3.0953,11753.193,20180626,20260903
512010.SH,易方达沪深300医药卫生ETF,SH,20131028,,20130923,易方达基金管理有限公司,L,,沪深300医药卫生,UNKNOWN,RULE_BASED,,EQUITY,True,True,False,False,True,,L5_RULE,沪深300医药卫生,沪深300医药卫生指数×100%,Tushare fund_basic.benchmark + index_basic,2026-09-04 10:05:42,True,20131028,20260903,3127,0.379,250125289.0,525842568.1,608685814.2166665,4007169.49,15187172367.1,,0,3.905,250125.289,20180626,20260903
159933.SZ,国投瑞银沪深300金融地产ETF,SZ,20131016,,20130917,国投瑞银基金管理有限公司,L,,沪深300金融地产,UNKNOWN,RULE_BASED,,EQUITY,True,True,False,False,True,,L5_RULE,沪深300金融地产,沪深300金融地产指数×100%,Tushare fund_basic.benchmark + index_basic,2026-09-04 10:05:42,True,20131016,20260903,3039,2.97,172811.4,216878.93999999997,227829.265,3637.8943,108045460.71000001,,0,1.0,172.8114,20180628,20260903
159932.SZ,大成中证500深市ETF,SZ,20131021,20221122,20130912,大成基金管理有限公司,D,399802.SZ,中证500深市,中证指数有限公司,INDEX_BASIC,主题指数,EQUITY,True,True,False,True,True,,L4_NORM_EX,中证500深市,中证500深市指数×100%,Tushare fund_basic.benchmark + index_basic,2026-09-04 10:05:42,True,20131021,20221111,2164,1.616,369089.0,104409.74999999999,72035.05,2050.7615,33140305.840000004,,0,0.9624,369.089,20130912,20221115
159928.SZ,汇添富中证主要消费ETF,SZ,20130916,,20130823,汇添富基金管理股份有限公司,L,,中证主要消费,中证指数有限公司,RULE_BASED,,EQUITY,True,True,False,True,True,,L5_RULE,中证主要消费,中证主要消费指数×100%,Tushare fund_basic.benchmark + index_basic,2026-09-04 10:05:42,True,20130916,20260903,3152,0.665,181783827.0,299624351.96999997,347804575.57833326,2306062.904,15335318311.6,,0,4.0,181783.827,20180628,20260903
159929.SZ,汇添富中证医药卫生ETF,SZ,20130916,,20130823,汇添富基金管理股份有限公司,L,,中证医药卫生,中证指数有限公司,RULE_BASED,,EQUITY,True,True,False,True,True,,L5_RULE,中证医药卫生,中证医药卫生指数×100%,Tushare fund_basic.benchmark + index_basic,2026-09-04 10:05:42,True,20130916,20260903,3152,1.325,48688960.6,97821043.48,108166470.15333332,169970.4203,2252108068.975,,0,1.0,48688.9606,20180628,20260903
159930.SZ,汇添富中证能源ETF,SZ,20130916,,20130823,汇添富基金管理股份有限公司,L,,中证能源,中证指数有限公司,RULE_BASED,,EQUITY,True,True,False,True,True,,L5_RULE,中证能源,中证能源指数×100%,Tushare fund_basic.benchmark + index_basic,2026-09-04 10:05:42,True,20130916,20260903,3148,1.738,89757472.7,99754845.33,115639643.28166667,54939.815,954853984.7,,0,1.0,89757.4727,20180628,20260903
159931.SZ,汇添富中证金融地产ETF,SZ,20130916,,20130823,汇添富基金管理股份有限公司,L,000992.SH,中证金融地产,中证指数有限公司,INDEX_BASIC,主题指数,EQUITY,True,True,False,True,True,,L2B_EX_REVSUB,中证金融地产,中证金融地产指数×100%,Tushare fund_basic.benchmark + index_basic,2026-09-04 10:05:42,True,20130916,20260903,3148,1.903,740749.7,414432.195,512235.40333333326,1782.8511,33927656.433,,0,1.0,740.7497,20180628,20260903
159927.SZ,鹏华沪深300ETF,SZ,20130816,20180214,20130719,鹏华基金管理有限公司,D,000300.SH,沪深300,中证指数有限公司、上海证券交易所,INDEX_BASIC,规模指数,EQUITY,True,True,False,True,True,,L1_EX_EXACT,沪深300,沪深300指数×100%,Tushare fund_basic.benchmark + index_basic,2026-09-04 10:05:42,True,20130816,20180213,1058,3.85,144845.0,86035.95,318734.2333333334,819.2168,31539846.8,,0,1.0,144.845,20130719,20180213
510450.SH,上投摩根上证180高贝塔ETF,SH,20130801,20160824,20130708,摩根基金管理(中国)有限公司,D,,上证180高贝塔,中证指数有限公司/上海证券交易所,RULE_BASED,,EQUITY,True,True,False,True,True,,L5_RULE,上证180高贝塔,上证180高贝塔指数×100%,Tushare fund_basic.benchmark + index_basic,2026-09-04 10:05:42,True,20130801,20160617,693,1.417,148993.0,477337.5500000001,331800.80000000005,392.0713,5555650.321,,0,1.0,148.993,20130708,20160622
159924.SZ,景顺长城沪深300等权重ETF,SZ,20130605,20180320,20130507,景顺长城基金管理有限公司,D,,沪深300等权重,UNKNOWN,RULE_BASED,,EQUITY,True,True,False,False,True,,L5_RULE,沪深300等权重,沪深300等权重指数×100%,Tushare fund_basic.benchmark + index_basic,2026-09-04 10:05:42,True,20130605,20180302,1136,1.404,142766.0,129080.70000000001,138689.28333333333,2716.5929,38140964.316,,0,1.0,142.766,20130507,20180306
510700.SH,长盛上证市值百强ETF,SH,20130531,20151014,20130424,长盛基金管理有限公司,D,,上证市值100,中证指数有限公司/上海证券交易所,RULE_BASED,,EQUITY,True,True,False,True,True,,L5_RULE,上证市值100,上证市值100指数×100%,Tushare fund_basic.benchmark + index_basic,2026-09-04 10:05:42,True,20130531,20151009,548,2.426,2183.0,89866.9,868272.5666666667,421.3677,10222380.402,,0,1.0041,2.183,20130424,20151013
510510.SH,广发中证500ETF,SH,20130524,,20130411,广发基金管理有限公司,L,,中证小盘500,中证指数有限公司,RULE_BASED,,EQUITY,True,True,False,True,True,,L5_RULE,中证小盘500,中证小盘500指数×100%,Tushare fund_basic.benchmark + index_basic,2026-09-04 10:05:42,True,20130524,20260903,3230,2.527,59404743.0,70288653.35000001,116966080.45,84703.83,2140465784.1000001,,0,1.0,59404.743,20180626,20260903
510610.SH,华夏上证能源ETF,SH,20130508,20160706,20130328,华夏基金管理有限公司,D,000032.SH,上证能源行业,中证指数有限公司、上海证券交易所,INDEX_BASIC,行业指数,EQUITY,True,True,False,True,True,,L2B_EX_REVSUB,上证能源行业,上证能源行业指数×100%,Tushare fund_basic.benchmark + index_basic,2026-09-04 10:05:42,True,20130508,20160328,705,0.767,1650253.0,701226.4,999641.9666666666,4058.6925,31130171.475,,0,1.0,1650.253,20130328,20160331
510620.SH,华夏上证原材料ETF,SH,20130508,20160815,20130328,华夏基金管理有限公司,D,,上证原材料行业,中证指数有限公司/上海证券交易所,RULE_BASED,,EQUITY,True,True,False,True,True,,L5_RULE,上证原材料行业,上证原材料行业指数×100%,Tushare fund_basic.benchmark + index_basic,2026-09-04 10:05:42,True,20130508,20160328,699,0.989,132730.0,406035.35,495951.6666666667,2246.6655,22219521.794999998,,0,1.0,132.73,20130328,20160331
510630.SH,华夏上证主要消费ETF,SH,20130508,,20130328,华夏基金管理有限公司,L,,上证主要消费行业,中证指数有限公司/上海证券交易所,RULE_BASED,,EQUITY,True,True,False,True,True,,L5_RULE,上证主要消费行业,上证主要消费行业指数×100%,Tushare fund_basic.benchmark + index_basic,2026-09-04 10:05:42,True,20130508,20260903,3241,0.813,53399364.0,43290094.20000001,47917594.75000001,55536.15,451508899.49999994,,0,3.9491,53399.364,20180626,20260903
510650.SH,华夏上证金融地产ETF,SH,20130508,,20130328,华夏基金管理有限公司,L,,上证金融地产行业,中证指数有限公司/上海证券交易所,RULE_BASED,,EQUITY,True,True,False,True,True,,L5_RULE,上证金融地产行业,上证金融地产行业指数×100%,Tushare fund_basic.benchmark + index_basic,2026-09-04 10:05:42,True,20130508,20260903,3232,2.986,2794976.0,1986439.3999999997,2083356.4166666665,1195.25,35690165.0,,0,1.0,2794.976,20180626,20260903
510660.SH,华夏上证医药卫生ETF,SH,20130508,,20130328,华夏基金管理有限公司,L,000037.SH,上证医药卫生行业,中证指数有限公司、上海证券交易所,INDEX_BASIC,行业指数,EQUITY,True,True,False,True,True,,L2B_EX_REVSUB,上证医药卫生行业,上证医药卫生行业指数×100%,Tushare fund_basic.benchmark + index_basic,2026-09-04 10:05:42,True,20130508,20260903,3242,2.467,7517432.0,14232732.05,17164613.03333333,5237.97,129220719.9,,0,1.0,7517.432,20180626,20260903
510310.SH,易方达沪深300ETF,SH,20130325,,20130306,易方达基金管理有限公司,L,000300.SH,沪深300,中证指数有限公司、上海证券交易所,INDEX_BASIC,规模指数,EQUITY,True,True,False,True,True,,L1_EX_EXACT,沪深300,沪深300指数×100%,Tushare fund_basic.benchmark + index_basic,2026-09-04 10:05:42,True,20130325,20260903,3269,4.489,376446472.0,706435950.2499999,2045427767.0499997,1129654.4,50710186016.0,,0,0.532,376446.472,20180626,20260903
159925.SZ,南方沪深300ETF,SZ,20130411,,20130218,南方基金管理股份有限公司,L,000300.SH,沪深300,中证指数有限公司、上海证券交易所,INDEX_BASIC,规模指数,EQUITY,True,True,False,True,True,,L1_EX_EXACT,沪深300,沪深300指数×100%,Tushare fund_basic.benchmark + index_basic,2026-09-04 10:05:42,True,20130411,20260903,3256,4.694,64475345.6,94633241.77000001,154239838.86499998,60782.0856,2853111098.064,,0,0.5286,64475.3456,20180628,20260903
159923.SZ,大成中证A100ETF,SZ,20130305,,20130207,大成基金管理有限公司,L,000903.SH,中证A100,中证指数有限公司,INDEX_BASIC,规模指数,EQUITY,True,True,False,True,True,,L1_EX_EXACT,中证A100,中证A100指数×100%,Tushare fund_basic.benchmark + index_basic,2026-09-04 10:05:42,True,20130305,20260903,3272,2.128,3402866.0,5375013.345,4125094.568333333,1428.5812,30400207.936,,0,1.0,3402.866,20180628,20260903
159922.SZ,嘉实中证500ETF,SZ,20130315,,20130206,嘉实基金管理有限公司,L,,中证小盘500,中证指数有限公司,RULE_BASED,,EQUITY,True,True,False,True,True,,L5_RULE,中证小盘500,中证小盘500指数×100%,Tushare fund_basic.benchmark + index_basic,2026-09-04 10:05:42,True,20130315,20260903,3275,3.158,351740462.1,389208452.225,684074387.7700001,267767.6765,8456103223.87,,0,2.9882,351740.4621,20180628,20260903
510500.SH,南方中证500ETF,SH,20130315,,20130206,南方基金管理股份有限公司,L,,中证小盘500,中证指数有限公司,RULE_BASED,,EQUITY,True,True,False,True,True,,L5_RULE,中证小盘500,中证小盘500指数×100%,Tushare fund_basic.benchmark + index_basic,2026-09-04 10:05:42,True,20130315,20260903,3273,7.781,2584974347.0,2674313569.1000004,3655114740.916667,505936.86,39366947076.6,,0,0.3401,2584974.347,20180626,20260903
510330.SH,华夏沪深300ETF,SH,20130116,,20121225,华夏基金管理有限公司,L,000300.SH,沪深300,中证指数有限公司、上海证券交易所,INDEX_BASIC,规模指数,EQUITY,True,True,False,True,True,,L1_EX_EXACT,沪深300,沪深300指数×100%,Tushare fund_basic.benchmark + index_basic,2026-09-04 10:05:42,True,20130116,20260903,3312,4.819,294468096.0,473193981.50000006,1265695561.6000001,835584.98,40266840186.2,,0,1.2553,294468.096,20180626,20260903
159921.SZ,诺安中小板等权重ETF,SZ,20130131,20171108,20121210,诺安基金管理有限公司,D,,中小板等权重,UNKNOWN,RULE_BASED,,EQUITY,True,True,False,False,True,,L5_RULE,中小板等权重,中小板等权重指数收益率×100%,Tushare fund_basic.benchmark + index_basic,2026-09-04 10:05:42,True,20130131,20171030,1087,1.58,29688.0,143593.90000000002,74606.66666666667,730.5171,11542170.18,,0,1.0,29.688,20121210,20171107
510440.SH,大成中证500沪市ETF,SH,20121008,20221222,20120824,大成基金管理有限公司,D,000802.SH,中证500沪市,中证指数有限公司,INDEX_BASIC,主题指数,EQUITY,True,True,False,True,True,,L4_NORM_EX,中证500沪市,中证500沪市指数×100%,Tushare fund_basic.benchmark + index_basic,2026-09-04 10:05:42,True,20121008,20221123,2331,2.038,188793.0,107349.54999999999,91689.26666666666,2005.83,40878815.4,,0,1.0,188.793,20120824,20221124
510430.SH,银华上证50等权重ETF,SH,20120924,20201218,20120823,银华基金管理股份有限公司,D,,上证50等权重,中证指数有限公司/上海证券交易所,RULE_BASED,,EQUITY,True,True,False,True,True,,L5_RULE,上证50等权重,上证50等权重指数×100%,Tushare fund_basic.benchmark + index_basic,2026-09-04 10:05:42,True,20120924,20200921,1671,1.76,46728.0,103027.15000000001,130645.01666666666,4592.45,80827120.0,,0,1.0,46.728,20120823,20201216
510420.SH,景顺长城上证180等权重ETF,SH,20120709,20191108,20120612,景顺长城基金管理有限公司,D,,上证180等权重,中证指数有限公司/上海证券交易所,RULE_BASED,,EQUITY,True,True,False,True,True,,L5_RULE,上证180等权重,上证180等权重指数×100%,Tushare fund_basic.benchmark + index_basic,2026-09-04 10:05:42,True,20120709,20181024,1348,1.13,678478.0,1554393.15,536199.3166666667,865.55,9780715.0,,0,1.0,678.478,20120612,20181024
159919.SZ,嘉实沪深300ETF,SZ,20120528,,20120507,嘉实基金管理有限公司,L,000300.SH,沪深300,中证指数有限公司、上海证券交易所,INDEX_BASIC,规模指数,EQUITY,True,True,False,True,True,,L1_EX_EXACT,沪深300,沪深300指数×100%,Tushare fund_basic.benchmark + index_basic,2026-09-04 10:05:42,True,20120528,20260903,3468,4.824,513450780.4,718836821.885,1676364162.0866666,622641.6676,30036234045.024,,0,0.4651,513450.7804,20180628,20260903
510300.SH,华泰柏瑞沪深300ETF,SH,20120528,,20120504,华泰柏瑞基金管理有限公司,L,000300.SH,沪深300,中证指数有限公司、上海证券交易所,INDEX_BASIC,规模指数,EQUITY,True,True,False,True,True,,L1_EX_EXACT,沪深300,沪深300指数×100%,Tushare fund_basic.benchmark + index_basic,2026-09-04 10:05:42,True,20120528,20260903,3470,4.621,2305980422.0,3627670550.3500004,5919443615.283334,2312058.77,106840235761.70001,,0,1.2671,2305980.422,20180626,20260903
510410.SH,博时上证自然资源ETF,SH,20120511,,20120410,博时基金管理有限公司,L,,上证自然资源,中证指数有限公司/上海证券交易所,RULE_BASED,,EQUITY,True,True,False,True,True,,L5_RULE,上证自然资源,上证自然资源指数×100%,Tushare fund_basic.benchmark + index_basic,2026-09-04 10:05:42,True,20120511,20260903,3480,1.985,16707278.999999998,22339135.499999996,22949574.63333333,44125.84,875897923.9999999,,0,1.0,16707.279,20180626,20260903
159918.SZ,嘉实中创400ETF,SZ,20120511,,20120322,嘉实基金管理有限公司,L,395004.SZ,中小板创业板400,深圳证券交易所,INDEX_BASIC,其他指数,EQUITY,True,True,False,False,True,,L2B_EX_REVSUB,中小板创业板400,中小板创业板400指数×100%,Tushare fund_basic.benchmark + index_basic,2026-09-04 10:05:42,True,20120511,20260903,3408,2.46,1672682.2,2577185.82,2672775.2116666664,3056.1264,75180709.44,,0,1.0,1672.6822,20180628,20260903
159917.SZ,国泰中小板300成长ETF,SZ,20120406,20150827,20120315,国泰基金管理有限公司,D,,,UNKNOWN,RULE_BASED,,EQUITY,True,True,False,False,True,,NO_BENCH,,中小300成长P×100%,Tushare fund_basic.benchmark + index_basic,2026-09-04 10:05:42,True,20120406,20150826,806,1.77,1666191.0,553426.035,1667654.655,513.2924,9085275.48,,0,1.0,1666.191,20120315,20150826
159913.SZ,交银深证300价值ETF,SZ,20111025,,20110922,交银施罗德基金管理有限公司,L,,深证300价值价格,深圳证券信息有限公司,RULE_BASED,,EQUITY,True,True,False,False,True,,L5_RULE,深证300价值价格,深证300价值价格指数×100%,Tushare fund_basic.benchmark + index_basic,2026-09-04 10:05:42,True,20111025,20260903,3486,2.443,449128.30000000005,514606.5000000001,472222.1083333334,2232.9693,54551439.99900001,,0,1.0,449.1283,20180628,20260903
159915.SZ,易方达创业板ETF,SZ,20111209,,20110920,易方达基金管理有限公司,L,395004.SZ,创业板,深圳证券交易所,INDEX_BASIC,其他指数,EQUITY,True,True,False,False,True,,L1_EX_EXACT,创业板,创业板指数P×100%,Tushare fund_basic.benchmark + index_basic,2026-09-04 10:05:42,True,20111209,20260903,3578,3.33,5064498277.900001,5729729687.569999,7366843709.416666,1948045.4936,64869914936.880005,,0,1.0,5064498.2779,20180628,20260903
159912.SZ,汇添富深证300ETF,SZ,20111124,,20110916,汇添富基金管理股份有限公司,L,399007.SZ,深证300价格,深圳证券信息有限公司、深圳证券交易所,INDEX_BASIC,规模指数,EQUITY,True,True,False,False,True,,L2B_EX_REVSUB,深证300价格,深证300价格指数×100%,Tushare fund_basic.benchmark + index_basic,2026-09-04 10:05:42,True,20111124,20260903,3588,1.882,580833.5,1388904.435,2616029.2383333337,6844.8991,128821001.06199999,,0,1.0,580.8335,20180628,20260903
510290.SH,南方上证380ETF,SH,20111108,,20110916,南方基金管理股份有限公司,L,000009.SH,上证380,中证指数有限公司、上海证券交易所,INDEX_BASIC,规模指数,EQUITY,True,True,False,True,True,,L1_EX_EXACT,上证380,上证380指数×100%,Tushare fund_basic.benchmark + index_basic,2026-09-04 10:05:42,True,20111108,20260903,3595,2.626,3125417.0,3710576.4000000004,4065235.1499999994,5444.89,142982811.4,,0,1.0,3125.417,20180626,20260903
159916.SZ,建信深证基本面60ETF,SZ,20111024,,20110908,建信基金管理有限责任公司,L,,深证基本面60,深圳证券信息有限公司,RULE_BASED,,EQUITY,True,True,False,False,True,,L5_RULE,深证基本面60,深证基本面60指数×100%,Tushare fund_basic.benchmark + index_basic,2026-09-04 10:05:42,True,20111024,20260903,3450,5.111,9738.8,80051.085,779246.2566666667,4256.6039,217555025.329,,0,1.0,9.7388,20180628,20260903
159911.SZ,鹏华深证民营ETF,SZ,20111014,20200619,20110902,鹏华基金管理有限公司,D,,,UNKNOWN,RULE_BASED,,EQUITY,True,True,False,False,True,,NO_BENCH,,深证民营P×100%,Tushare fund_basic.benchmark + index_basic,2026-09-04 10:05:42,True,20111014,20200610,1930,4.917,548340.0,142405.00000000003,107459.76666666665,737.254,36250779.18,,0,1.0,548.34,20110902,20200630
510280.SH,华宝上证180成长ETF,SH,20111018,20190930,20110804,华宝基金管理有限公司,D,000028.SH,上证180成长,中证指数有限公司、上海证券交易所,INDEX_BASIC,风格指数,EQUITY,True,True,False,True,True,,L4_NORM_EX,上证180成长,上证180成长指数×100%,Tushare fund_basic.benchmark + index_basic,2026-09-04 10:05:42,True,20111018,20181123,1635,1.544,29476.0,58558.25,47393.49999999999,475.44,7340793.600000001,,0,1.0,29.476,20110804,20190429
159910.SZ,嘉实深证基本面120ETF,SZ,20110927,,20110801,嘉实基金管理有限公司,L,,深证基本面120,深圳证券信息有限公司,RULE_BASED,,EQUITY,True,True,False,False,True,,L5_RULE,深证基本面120,深证基本面120指数×100%,Tushare fund_basic.benchmark + index_basic,2026-09-04 10:05:42,True,20110927,20260903,3553,2.368,558551.2999999999,571681.2149999999,1167536.0483333336,8390.6143,198689746.62399998,,0,1.0,558.5513,20180628,20260903
159909.SZ,招商深证电子信息传媒产业(TMT)50ETF,SZ,20110901,,20110627,招商基金管理有限公司,L,,深证电子信息传媒产业50,深圳证券信息有限公司,RULE_BASED,,EQUITY,True,True,False,False,True,,L5_RULE,深证电子信息传媒产业50,深证电子信息传媒产业50指数(深证TMT50P)×100%,Tushare fund_basic.benchmark + index_basic,2026-09-04 10:05:42,True,20110901,20260903,3584,1.289,3690037.9,5800185.019999999,11260175.851666665,53156.1992,685183407.688,,0,9.792,3690.0379,20180628,20260903
510270.SH,中银上证国有企业100ETF,SH,20110818,,20110616,中银基金管理有限公司,L,,上证国有企业100,中证指数有限公司/上海证券交易所,RULE_BASED,,EQUITY,True,True,False,True,True,,L5_RULE,上证国有企业100,上证国有企业100指数×100%,Tushare fund_basic.benchmark + index_basic,2026-09-04 10:05:42,True,20110818,20260903,3629,1.565,3132848.0,1589154.85,2005589.0,1683.21,26342236.5,,0,1.0,3132.848,20180626,20260903
159907.SZ,广发国证2000ETF,SZ,20110810,,20110603,广发基金管理有限公司,L,399303.SZ,国证2000,深圳证券信息有限公司,INDEX_BASIC,规模指数,EQUITY,True,True,False,False,True,,L1_EX_EXACT,国证2000,国证2000指数×100%,Tushare fund_basic.benchmark + index_basic,2026-09-04 10:05:42,True,20110810,20260903,3652,1.074,6201428.399999999,8563956.965,9899526.405000001,16719.7694,179570323.356,,0,2.0,6201.4284,20180628,20260903
510120.SH,海富通上证非周期行业100ETF,SH,20110608,20230811,20110422,海富通基金管理有限公司,D,000064.SH,上证非周期行业100,中证指数有限公司、上海证券交易所,INDEX_BASIC,主题指数,EQUITY,True,True,False,True,True,,L2B_EX_REVSUB,上证非周期行业100,上证非周期行业100指数×100%,Tushare fund_basic.benchmark + index_basic,2026-09-04 10:05:42,True,20110608,20230628,2576,3.522,45725.0,80153.74999999999,40304.166666666664,179.2376,6312748.271999999,,0,1.0,45.725,20150311,20230629
510260.SH,诺安上证新兴产业ETF,SH,20110608,20200115,20110407,诺安基金管理有限公司,D,000067.SH,上证新兴产业,中证指数有限公司、上海证券交易所,INDEX_BASIC,主题指数,EQUITY,True,True,False,True,True,,L2B_EX_REVSUB,上证新兴产业,上证新兴产业指数×100%,Tushare fund_basic.benchmark + index_basic,2026-09-04 10:05:42,True,20110608,20190627,1934,1.058,17223.0,90155.3,128639.53333333333,1398.27,14793696.600000001,,0,1.0,17.223,20110407,20200113
510230.SH,国泰上证180金融ETF,SH,20110523,,20110331,国泰基金管理有限公司,L,,上证180金融股,中证指数有限公司/上海证券交易所,RULE_BASED,,EQUITY,True,True,False,True,True,,L5_RULE,上证180金融股,上证180金融股指数×100%,Tushare fund_basic.benchmark + index_basic,2026-09-04 10:05:42,True,20110523,20260903,3715,1.354,82497063.0,81864450.55000001,116817599.68333335,65880.8,892026032.0000001,,0,6.3018,82497.063,20180626,20260903
510210.SH,富国上证综指ETF,SH,20110325,,20110130,富国基金管理有限公司,L,,上海证券交易所综合,UNKNOWN,RULE_BASED,,EQUITY,True,True,False,False,True,,L5_RULE,上海证券交易所综合,上海证券交易所综合指数×100%,Tushare fund_basic.benchmark + index_basic,2026-09-04 10:05:42,True,20110325,20260903,3704,1.008,558052006.0,933511925.2500001,1150162577.55,1415619.26,14269442140.8,,0,6.1879,558052.006,20180626,20260903
510220.SH,华泰柏瑞上证中小盘ETF,SH,20110328,20221227,20110126,华泰柏瑞基金管理有限公司,D,399401.SZ,上证中小盘,深圳证券信息有限公司,INDEX_BASIC,规模指数,EQUITY,True,True,False,False,True,,L4_NORM_EX,上证中小盘,上证中小盘指数×100%,Tushare fund_basic.benchmark + index_basic,2026-09-04 10:05:42,True,20110328,20221117,2805,5.45,67249.0,175781.4,217561.03333333335,322.92,17599140.0,,0,1.0102,67.249,20110126,20221118
159906.SZ,大成深证成长40ETF,SZ,20110223,,20101221,大成基金管理有限公司,L,,深证成长40价格,深圳证券信息有限公司,RULE_BASED,,EQUITY,True,True,False,False,True,,L5_RULE,深证成长40价格,深证成长40价格指数×100%,Tushare fund_basic.benchmark + index_basic,2026-09-04 10:05:42,True,20110223,20260903,3734,1.655,4058411.3000000003,22478795.08,22518794.383333337,14063.9725,232758744.875,,0,1.0,4058.4113,20180628,20260903
510150.SH,招商上证消费80ETF,SH,20110225,,20101208,招商基金管理有限公司,L,000069.SH,上证消费80,中证指数有限公司、上海证券交易所,INDEX_BASIC,主题指数,EQUITY,True,True,False,True,True,,L4_NORM_EX,上证消费80,上证消费80指数×100%,Tushare fund_basic.benchmark + index_basic,2026-09-04 10:05:42,True,20110225,20260903,3760,0.498,21034613.0,35676642.64999999,40434947.1,283717.86,1412914942.8,,0,12.0672,21034.613,20180626,20260903
510190.SH,华安上证50ETF,SH,20110110,,20101118,华安基金管理有限公司,L,000016.SH,上证50,中证指数有限公司、上海证券交易所,INDEX_BASIC,规模指数,EQUITY,True,True,False,True,True,,L1_EX_EXACT,上证50,上证50指数收益率×100%,Tushare fund_basic.benchmark + index_basic,2026-09-04 10:05:42,True,20110110,20260903,3754,4.328,36344.0,552455.35,1301719.8666666662,2365.08,102360662.4,,0,1.0005,36.344,20180626,20260903
159905.SZ,工银瑞信深证红利ETF,SZ,20110111,,20101105,工银瑞信基金管理有限公司,L,399324.SZ,深证红利价格,深圳证券信息有限公司、深圳证券交易所,INDEX_BASIC,策略指数,EQUITY,True,True,False,False,True,,L2B_EX_REVSUB,深证红利价格,深证红利价格指数×100%,Tushare fund_basic.benchmark + index_basic,2026-09-04 10:05:42,True,20110111,20260903,3801,1.658,29152255.099999998,37825821.31000001,51575147.93,98644.3951,1635524070.758,,0,1.1872,29152.2551,20180628,20260903
510110.SH,海富通上证周期行业50ETF,SH,20101115,20230811,20100919,海富通基金管理有限公司,D,000063.SH,上证周期行业50,中证指数有限公司、上海证券交易所,INDEX_BASIC,主题指数,EQUITY,True,True,False,True,True,,L2B_EX_REVSUB,上证周期行业50,上证周期行业50指数×100%,Tushare fund_basic.benchmark + index_basic,2026-09-04 10:05:42,True,20101115,20230704,2893,3.742,53637.0,249521.64999999997,288006.5666666667,241.6764,9043530.888,,0,1.0,53.637,20150226,20230705
510160.SH,南方中证南方小康产业ETF,SH,20101101,,20100827,南方基金管理股份有限公司,L,,中证南方小康产业,中证指数有限公司,RULE_BASED,,EQUITY,True,True,False,True,True,,L5_RULE,中证南方小康产业,中证南方小康产业指数×100%,Tushare fund_basic.benchmark + index_basic,2026-09-04 10:05:42,True,20101101,20260903,3852,0.912,174156.0,286998.2,505794.94999999984,18405.74,167860348.80000004,,0,1.0,174.156,20180626,20260903
510070.SH,鹏华上证民营企业50ETF,SH,20101029,20200813,20100805,鹏华基金管理有限公司,D,,上证民营企业50,中证指数有限公司/上海证券交易所,RULE_BASED,,EQUITY,True,True,False,True,True,,L5_RULE,上证民营企业50,上证民营企业50指数×100%,Tushare fund_basic.benchmark + index_basic,2026-09-04 10:05:42,True,20101029,20200624,2148,2.177,590484.0,95513.45,70088.06666666668,512.41,11155165.700000001,,0,1.0,590.484,20100805,20200811
510090.SH,建信上证社会责任ETF,SH,20100809,,20100528,建信基金管理有限责任公司,L,,上证社会责任,中证指数有限公司/上海证券交易所,RULE_BASED,,EQUITY,True,True,False,True,True,,L5_RULE,上证社会责任,上证社会责任指数×100%,Tushare fund_basic.benchmark + index_basic,2026-09-04 10:05:42,True,20100809,20260903,3620,2.585,780533.0,905381.0499999999,578874.5333333333,2608.11,67419643.5,,0,1.0,780.533,20180626,20260903
510030.SH,华宝上证180价值ETF,SH,20100528,,20100423,华宝基金管理有限公司,L,000029.SH,上证180价值,中证指数有限公司、上海证券交易所,INDEX_BASIC,风格指数,EQUITY,True,True,False,True,True,,L4_NORM_EX,上证180价值,上证180价值指数×100%,Tushare fund_basic.benchmark + index_basic,2026-09-04 10:05:42,True,20100528,20260903,3942,1.089,2970242.0,3343848.8499999996,5113311.350000001,14422.98,157066252.2,,0,8.0385,2970.242,20180626,20260903
510130.SH,易方达上证中盘ETF,SH,20100623,,20100329,易方达基金管理有限公司,L,000044.SH,上证中盘,中证指数有限公司、上海证券交易所,INDEX_BASIC,规模指数,EQUITY,True,True,False,True,True,,L1_EX_EXACT,上证中盘,上证中盘指数×100%,Tushare fund_basic.benchmark + index_basic,2026-09-04 10:05:42,True,20100623,20260903,3793,7.417,479427.0,1872942.05,2766712.5999999996,3148.51,233524986.70000002,,0,1.0,479.427,20180626,20260903
510020.SH,博时上证超级大盘ETF,SH,20100319,,20091229,博时基金管理有限公司,L,,上证超级大盘,中证指数有限公司/上海证券交易所,RULE_BASED,,EQUITY,True,True,False,True,True,,L5_RULE,上证超级大盘,上证超级大盘指数×100%,Tushare fund_basic.benchmark + index_basic,2026-09-04 10:05:42,True,20100319,20260903,3990,3.934,7923371.0,3709218.4000000004,3829372.8,3584.8,141026032.0,,0,0.1006,7923.371,20180626,20260903
159903.SZ,南方深证成份ETF,SZ,20100202,,20091204,南方基金管理股份有限公司,L,,深圳证券交易所成份,UNKNOWN,RULE_BASED,,EQUITY,True,True,False,False,True,,L5_RULE,深圳证券交易所成份,深圳证券交易所成份指数×100%,Tushare fund_basic.benchmark + index_basic,2026-09-04 10:05:42,True,20100202,20260903,4028,1.669,53614645.6,61406972.38999999,76345822.68666668,45715.4507,762990872.183,,0,1.0,53614.6456,20180628,20260903
510010.SH,交银上证180公司治理ETF,SH,20091215,,20090925,交银施罗德基金管理有限公司,L,000010.SH,上证180公司治理,中证指数有限公司、上海证券交易所,INDEX_BASIC,规模指数,EQUITY,True,True,False,True,True,,L2B_EX_REVSUB,上证180公司治理,上证180公司治理指数×100%,Tushare fund_basic.benchmark + index_basic,2026-09-04 10:05:42,True,20091215,20260903,4043,1.784,38722.0,75733.04999999999,212999.6333333334,13052.44,232855529.6,,0,1.0,38.722,20180626,20260903
510060.SH,工银瑞信上证中央企业50ETF,SH,20091027,,20090826,工银瑞信基金管理有限公司,L,,上证中央企业50,中证指数有限公司/上海证券交易所,RULE_BASED,,EQUITY,True,True,False,True,True,,L5_RULE,上证中央企业50,上证中央企业50指数×100%,Tushare fund_basic.benchmark + index_basic,2026-09-04 10:05:42,True,20091027,20260903,4097,2.66,421711.0,498573.99999999994,651656.3666666666,3495.92,92991472.0,,0,1.0,421.711,20180626,20260903
510880.SH,华泰柏瑞上证红利ETF,SH,20070118,,20061117,华泰柏瑞基金管理有限公司,L,,上海证券交易所上证红利,中证指数有限公司/上海证券交易所,RULE_BASED,,EQUITY,True,True,False,True,True,,L5_RULE,上海证券交易所上证红利,上海证券交易所上证红利指数×100%,Tushare fund_basic.benchmark + index_basic,2026-09-04 10:05:42,True,20070118,20260903,4771,3.436,486470853.0,560607948.15,811894325.2166665,559317.57,19218151705.199997,,0,1.8136,486470.853,20180626,20260903
159902.SZ,华夏中小企业100ETF,SZ,20060905,,20060608,华夏基金管理有限公司,L,,中小企业100,UNKNOWN,RULE_BASED,,EQUITY,True,True,False,False,True,,L5_RULE,中小企业100,中小企业100指数×100%,Tushare fund_basic.benchmark + index_basic,2026-09-04 10:05:42,True,20060905,20260903,4860,4.51,8744115.0,8107871.845,11978493.256666668,12199.5407,550199285.5699999,,0,1.0479,8744.115,20060608,20260630
510180.SH,华安上证180ETF,SH,20060518,,20060413,华安基金管理有限公司,L,,上海证券交易所180成份,UNKNOWN,RULE_BASED,,EQUITY,True,True,False,False,True,,L5_RULE,上海证券交易所180成份,上海证券交易所180成份指数×100%,Tushare fund_basic.benchmark + index_basic,2026-09-04 10:05:42,True,20060518,20260903,4934,3.961,67883203.0,58386471.6,110013237.06666665,441555.77,17490024049.7,,0,3.4706,67883.203,20180626,20260903
159901.SZ,易方达深证100ETF,SZ,20060424,,20060324,易方达基金管理有限公司,L,399330.SZ,深证100,深圳证券信息有限公司、深圳证券交易所,INDEX_BASIC,规模指数,EQUITY,True,True,False,False,True,,L1_EX_EXACT,深证100,深证100指数(价格)×100%,Tushare fund_basic.benchmark + index_basic,2026-09-04 10:05:42,True,20060424,20260903,4948,3.502,239199204.6,334373058.81999993,398732235.2783333,99813.493,3495468524.8599997,,0,2.1123,239199.2046,20180628,20260903
510050.SH,华夏上证50ETF,SH,20050223,,20041230,华夏基金管理有限公司,L,,上海证券交易所50成份,UNKNOWN,RULE_BASED,,EQUITY,True,True,False,False,True,,L5_RULE,上海证券交易所50成份,上海证券交易所50成份指数×100%,Tushare fund_basic.benchmark + index_basic,2026-09-04 10:05:42,True,20060214,20260903,5000,3.031,955308447.0,1406617611.8,2171591126.4,656076.68,19885684170.800003,,0,1.4478,955308.447,20180626,20260903
515443.SH,南方中证A股ETF,SH,,,,南方基金管理股份有限公司,,930903.CSI,中证A股,中证指数有限公司、上海证券交易所,INDEX_BASIC,综合指数,EQUITY,True,False,False,True,False,NOT_PASSIVE,L1_EX_EXACT,中证A股,中证A股指数收益率×100%,Tushare fund_basic.benchmark + index_basic,2026-09-04 10:05:42,False,,,0,,,,,,,,0,,,,
512830.SH,汇添富中国战略新兴产业成份ETF,SH,,,,汇添富基金管理股份有限公司,,,中国战略新兴产业成份,UNKNOWN,RULE_BASED,,EQUITY,True,False,False,False,False,NOT_PASSIVE,L5_RULE,中国战略新兴产业成份,中国战略新兴产业成份指数收益率×100%,Tushare fund_basic.benchmark + index_basic,2026-09-04 10:05:42,False,,,0,,,,,,,,0,,,,
158041.SZ,华夏创业板算力基础设施ETF,SZ,,,,华夏基金管理有限公司,,,创业板算力基础设施,深圳证券信息有限公司,RULE_BASED,,EQUITY,True,False,False,False,False,NOT_PASSIVE,L5_RULE,创业板算力基础设施,创业板算力基础设施指数收益率×100%,Tushare fund_basic.benchmark + index_basic,2026-09-04 10:05:42,False,,,0,,,,,,,,0,,,,
158047.SZ,永赢国证粮食产业ETF,SZ,,,,永赢基金管理有限公司,,,国证粮食产业,深圳证券信息有限公司,RULE_BASED,,EQUITY,True,False,False,False,False,NOT_PASSIVE,L5_RULE,国证粮食产业,国证粮食产业指数收益率×100%,Tushare fund_basic.benchmark + index_basic,2026-09-04 10:05:42,False,,,0,,,,,,,,0,,,,
158049.SZ,广发创业板算力基础设施ETF,SZ,,,,广发基金管理有限公司,,,创业板算力基础设施,深圳证券信息有限公司,RULE_BASED,,EQUITY,True,False,False,False,False,NOT_PASSIVE,L5_RULE,创业板算力基础设施,创业板算力基础设施指数收益率×100%,Tushare fund_basic.benchmark + index_basic,2026-09-04 10:05:42,False,,,0,,,,,,,,0,,,,
158050.SZ,易方达创业板算力基础设施ETF,SZ,,,,易方达基金管理有限公司,,,创业板算力基础设施,深圳证券信息有限公司,RULE_BASED,,EQUITY,True,False,False,False,False,NOT_PASSIVE,L5_RULE,创业板算力基础设施,创业板算力基础设施指数收益率×100%,Tushare fund_basic.benchmark + index_basic,2026-09-04 10:05:42,False,,,0,,,,,,,,0,,,,
158053.SZ,大成创业板算力基础设施ETF,SZ,,,,大成基金管理有限公司,,,创业板算力基础设施,深圳证券信息有限公司,RULE_BASED,,EQUITY,True,False,False,False,False,NOT_PASSIVE,L5_RULE,创业板算力基础设施,创业板算力基础设施指数收益率×100%,Tushare fund_basic.benchmark + index_basic,2026-09-04 10:05:42,False,,,0,,,,,,,,0,,,,
158056.SZ,嘉实创业板算力基础设施ETF,SZ,,,,嘉实基金管理有限公司,,,创业板算力基础设施,深圳证券信息有限公司,RULE_BASED,,EQUITY,True,False,False,False,False,NOT_PASSIVE,L5_RULE,创业板算力基础设施,创业板算力基础设施指数收益率×100%,Tushare fund_basic.benchmark + index_basic,2026-09-04 10:05:42,False,,,0,,,,,,,,0,,,,
561270.SH,鹏华中证家电龙头ETF,SH,,,,鹏华基金管理有限公司,,931021.CSI,中证家电龙头,中证指数有限公司,INDEX_BASIC,主题指数,EQUITY,True,False,False,True,False,NOT_PASSIVE,L2B_EX_REVSUB,中证家电龙头,中证家电龙头指数收益率×100%,Tushare fund_basic.benchmark + index_basic,2026-09-04 10:05:42,False,,,0,,,,,,,,0,,,,
159585.SZ,富国中证全指软件ETF,SZ,,,,富国基金管理有限公司,,,中证全指软件,中证指数有限公司,RULE_BASED,,EQUITY,True,False,False,True,False,NOT_PASSIVE,L5_RULE,中证全指软件,中证全指软件指数收益率×100%,Tushare fund_basic.benchmark + index_basic,2026-09-04 10:05:42,False,,,0,,,,,,,,0,,,,
158057.SZ,鹏华创业板算力基础设施ETF,SZ,,,,鹏华基金管理有限公司,,,创业板算力基础设施,深圳证券信息有限公司,RULE_BASED,,EQUITY,True,False,False,False,False,NOT_PASSIVE,L5_RULE,创业板算力基础设施,创业板算力基础设施指数收益率×100%,Tushare fund_basic.benchmark + index_basic,2026-09-04 10:05:42,False,,,0,,,,,,,,0,,,,
589510.SH,易方达上证科创板新材料ETF,SH,,,,易方达基金管理有限公司,,,上证科创板新材料,中证指数有限公司/上海证券交易所,RULE_BASED,,EQUITY,True,False,False,True,False,NOT_PASSIVE,L5_RULE,上证科创板新材料,上证科创板新材料指数收益率×100%,Tushare fund_basic.benchmark + index_basic,2026-09-04 10:05:42,False,,,0,,,,,,,,0,,,,
158059.SZ,富国创业板算力基础设施ETF,SZ,,,,富国基金管理有限公司,,,创业板算力基础设施,深圳证券信息有限公司,RULE_BASED,,EQUITY,True,False,False,False,False,NOT_PASSIVE,L5_RULE,创业板算力基础设施,创业板算力基础设施指数收益率×100%,Tushare fund_basic.benchmark + index_basic,2026-09-04 10:05:42,False,,,0,,,,,,,,0,,,,
158061.SZ,天弘创业板算力基础设施ETF,SZ,,,,天弘基金管理有限公司,,,创业板算力基础设施,深圳证券信息有限公司,RULE_BASED,,EQUITY,True,False,False,False,False,NOT_PASSIVE,L5_RULE,创业板算力基础设施,创业板算力基础设施指数收益率×100%,Tushare fund_basic.benchmark + index_basic,2026-09-04 10:05:42,False,,,0,,,,,,,,0,,,,
158046.SZ,南方中证卫星产业ETF,SZ,,,,南方基金管理股份有限公司,,931594.CSI,中证卫星产业,中证指数有限公司,INDEX_BASIC,主题指数,EQUITY,True,False,False,True,False,NOT_PASSIVE,L2B_EX_REVSUB,中证卫星产业,中证卫星产业指数收益率×100%,Tushare fund_basic.benchmark + index_basic,2026-09-04 10:05:42,False,,,0,,,,,,,,0,,,,
158058.SZ,华泰柏瑞创业板金融科技ETF,SZ,,,,华泰柏瑞基金管理有限公司,,970085.CNI,创业板金融科技,深圳证券信息有限公司,INDEX_BASIC,主题指数,EQUITY,True,False,False,False,False,NOT_PASSIVE,L1_EX_EXACT,创业板金融科技,创业板金融科技指数收益率×100%,Tushare fund_basic.benchmark + index_basic,2026-09-04 10:05:42,False,,,0,,,,,,,,0,,,,
158063.SZ,南方创业板算力基础设施ETF,SZ,,,,南方基金管理股份有限公司,,,创业板算力基础设施,深圳证券信息有限公司,RULE_BASED,,EQUITY,True,False,False,False,False,NOT_PASSIVE,L5_RULE,创业板算力基础设施,创业板算力基础设施指数收益率×100%,Tushare fund_basic.benchmark + index_basic,2026-09-04 10:05:42,False,,,0,,,,,,,,0,,,,
562200.SH,嘉实中证全指红利质量ETF,SH,,,,嘉实基金管理有限公司,,,中证全指红利质量,中证指数有限公司,RULE_BASED,,EQUITY,True,False,False,True,False,NOT_PASSIVE,L5_RULE,中证全指红利质量,中证全指红利质量指数收益率×100%,Tushare fund_basic.benchmark + index_basic,2026-09-04 10:05:42,False,,,0,,,,,,,,0,,,,
562170.SH,易方达沪深300自由现金流ETF,SH,,,,易方达基金管理有限公司,L,,沪深300自由现金流,UNKNOWN,RULE_BASED,,EQUITY,True,False,False,False,False,NOT_PASSIVE,L5_RULE,沪深300自由现金流,沪深300自由现金流指数收益率×100%,Tushare fund_basic.benchmark + index_basic,2026-09-04 10:05:42,False,,,0,,,,,,,,0,,,,
517980.SH,华富中证银行AH价格优选ETF,SH,,,,华富基金管理有限公司,,,中证银行AH价格优选,中证指数有限公司,RULE_BASED,,EQUITY,True,False,False,True,False,NOT_PASSIVE,L5_RULE,中证银行AH价格优选,中证银行AH价格优选指数收益率×100%,Tushare fund_basic.benchmark + index_basic,2026-09-04 10:05:42,False,,,0,,,,,,,,0,,,,
158043.SZ,南方国证价值100ETF,SZ,,,,南方基金管理股份有限公司,,,国证价值100,深圳证券信息有限公司,RULE_BASED,,EQUITY,True,False,False,False,False,NOT_PASSIVE,L5_RULE,国证价值100,国证价值100指数收益率×100%,Tushare fund_basic.benchmark + index_basic,2026-09-04 10:05:42,False,,,0,,,,,,,,0,,,,
515470.SH,南方中证人工智能主题ETF,SH,,,,南方基金管理股份有限公司,,931071.CSI,中证人工智能主题,中证指数有限公司,INDEX_BASIC,主题指数,EQUITY,True,False,False,True,False,NOT_PASSIVE,L2B_EX_REVSUB,中证人工智能主题,中证人工智能主题指数×100%,Tushare fund_basic.benchmark + index_basic,2026-09-04 10:05:42,False,,,0,,,,,,,,0,,,,
158022.SZ,国联创业板综合增强策略ETF,SZ,,,,国联基金管理有限公司,,,创业板综合,深圳证券信息有限公司,RULE_BASED,,EQUITY,True,False,False,False,False,NOT_PASSIVE,L5_RULE,创业板综合,创业板综合指数收益率×100%,Tushare fund_basic.benchmark + index_basic,2026-09-04 10:05:42,False,,,0,,,,,,,,0,,,,
158025.SZ,鹏华创业板成长ETF,SZ,,,,鹏华基金管理有限公司,,395004.SZ,创业板成长,深圳证券交易所,INDEX_BASIC,其他指数,EQUITY,True,False,False,False,False,NOT_PASSIVE,L2B_EX_REVSUB,创业板成长,创业板成长指数收益率×100%,Tushare fund_basic.benchmark + index_basic,2026-09-04 10:05:42,False,,,0,,,,,,,,0,,,,
158031.SZ,易方达创业板人工智能ETF,SZ,,,,易方达基金管理有限公司,,970070.SZ,创业板人工智能,深圳证券信息有限公司、深圳证券交易所,INDEX_BASIC,主题指数,EQUITY,True,False,False,False,False,NOT_PASSIVE,L1_EX_EXACT,创业板人工智能,创业板人工智能指数收益率×100%,Tushare fund_basic.benchmark + index_basic,2026-09-04 10:05:42,False,,,0,,,,,,,,0,,,,
158037.SZ,博时中证机器人ETF,SZ,,,,博时基金管理有限公司,,,中证机器人,中证指数有限公司,RULE_BASED,,EQUITY,True,False,False,True,False,NOT_PASSIVE,L5_RULE,中证机器人,中证机器人指数收益率×100%,Tushare fund_basic.benchmark + index_basic,2026-09-04 10:05:42,False,,,0,,,,,,,,0,,,,
560430.SH,中银证券中证A500ETF,SH,,,,中银国际证券股份有限公司,,000510.SH,中证A500,中证指数有限公司,INDEX_BASIC,规模指数,EQUITY,True,False,False,True,False,NOT_PASSIVE,L1_EX_EXACT,中证A500,中证A500指数收益率×100%,Tushare fund_basic.benchmark + index_basic,2026-09-04 10:05:42,False,,,0,,,,,,,,0,,,,
561070.SH,工银瑞信中证工程机械主题ETF,SH,,,,工银瑞信基金管理有限公司,,931752.CSI,中证工程机械主题,中证指数有限公司,INDEX_BASIC,主题指数,EQUITY,True,False,False,True,False,NOT_PASSIVE,L2B_EX_REVSUB,中证工程机械主题,中证工程机械主题指数收益率×100%,Tushare fund_basic.benchmark + index_basic,2026-09-04 10:05:42,False,,,0,,,,,,,,0,,,,
562400.SH,万家中证金融科技主题ETF,SH,,,,万家基金管理有限公司,,,中证金融科技主题,中证指数有限公司,RULE_BASED,,EQUITY,True,False,False,True,False,NOT_PASSIVE,L5_RULE,中证金融科技主题,中证金融科技主题指数收益率×100%,Tushare fund_basic.benchmark + index_basic,2026-09-04 10:05:42,False,,,0,,,,,,,,0,,,,
589450.SH,兴业上证科创板人工智能ETF,SH,,,,兴业基金管理有限公司,,931071.CSI,上证科创板人工智能,中证指数有限公司,INDEX_BASIC,主题指数,EQUITY,True,False,False,True,False,NOT_PASSIVE,L2B_EX_REVSUB,上证科创板人工智能,上证科创板人工智能指数收益率×100%,Tushare fund_basic.benchmark + index_basic,2026-09-04 10:05:42,False,,,0,,,,,,,,0,,,,
512740.SH,广发中证汽车零部件主题ETF,SH,,,,广发基金管理有限公司,,,中证汽车零部件主题,中证指数有限公司,RULE_BASED,,EQUITY,True,False,False,True,False,NOT_PASSIVE,L5_RULE,中证汽车零部件主题,中证汽车零部件主题指数收益率×100%,Tushare fund_basic.benchmark + index_basic,2026-09-04 10:05:42,False,,,0,,,,,25889.8443,,,0,,,20260828,20260828
159319.SZ,汇添富国证粮食产业ETF,SZ,,,,汇添富基金管理股份有限公司,,,国证粮食产业,深圳证券信息有限公司,RULE_BASED,,EQUITY,True,False,False,False,False,NOT_PASSIVE,L5_RULE,国证粮食产业,国证粮食产业指数收益率×100%,Tushare fund_basic.benchmark + index_basic,2026-09-04 10:05:42,False,,,0,,,,,,,,0,,,,
158030.SZ,汇添富国证航天航空行业ETF,SZ,,,,汇添富基金管理股份有限公司,,,国证航天航空行业,深圳证券信息有限公司,RULE_BASED,,EQUITY,True,False,False,False,False,NOT_PASSIVE,L5_RULE,国证航天航空行业,国证航天航空行业指数收益率×100%,Tushare fund_basic.benchmark + index_basic,2026-09-04 10:05:42,False,,,0,,,,,,,,0,,,,
589490.SH,华夏上证科创板成长ETF,SH,,,,华夏基金管理有限公司,,,上证科创板成长,中证指数有限公司/上海证券交易所,RULE_BASED,,EQUITY,True,False,False,True,False,NOT_PASSIVE,L5_RULE,上证科创板成长,上证科创板成长指数收益率×100%,Tushare fund_basic.benchmark + index_basic,2026-09-04 10:05:42,False,,,0,,,,,,,,0,,,,
159756.SZ,中银证券国证新能源车电池ETF,SZ,,,,中银国际证券股份有限公司,,,国证新能源车电池,深圳证券信息有限公司,RULE_BASED,,EQUITY,True,False,False,False,False,NOT_PASSIVE,L5_RULE,国证新能源车电池,国证新能源车电池指数收益率×100%,Tushare fund_basic.benchmark + index_basic,2026-09-04 10:05:42,False,,,0,,,,,,,,0,,,,
561650.SH,汇添富中证全指红利质量ETF,SH,,,,汇添富基金管理股份有限公司,,,中证全指红利质量,中证指数有限公司,RULE_BASED,,EQUITY,True,False,False,True,False,NOT_PASSIVE,L5_RULE,中证全指红利质量,中证全指红利质量指数收益率×100%,Tushare fund_basic.benchmark + index_basic,2026-09-04 10:05:42,False,,,0,,,,,,,,0,,,,
158038.SZ,富国国证粮食产业ETF,SZ,,,,富国基金管理有限公司,,,国证粮食产业,深圳证券信息有限公司,RULE_BASED,,EQUITY,True,False,False,False,False,NOT_PASSIVE,L5_RULE,国证粮食产业,国证粮食产业指数收益率×100%,Tushare fund_basic.benchmark + index_basic,2026-09-04 10:05:42,False,,,0,,,,,,,,0,,,,
516170.SH,平安中证细分食品饮料产业主题ETF,SH,,,,平安基金管理有限公司,,,中证细分食品饮料产业主题,中证指数有限公司,RULE_BASED,,EQUITY,True,False,False,True,False,NOT_PASSIVE,L5_RULE,中证细分食品饮料产业主题,中证细分食品饮料产业主题指数收益率×100%,Tushare fund_basic.benchmark + index_basic,2026-09-04 10:05:42,False,,,0,,,,,,,,0,,,,
516040.SH,华夏沪深300自由现金流ETF,SH,,,,华夏基金管理有限公司,,,沪深300自由现金流,UNKNOWN,RULE_BASED,,EQUITY,True,False,False,False,False,NOT_PASSIVE,L5_RULE,沪深300自由现金流,沪深300自由现金流指数收益率×100%,Tushare fund_basic.benchmark + index_basic,2026-09-04 10:05:42,False,,,0,,,,,,,,0,,,,
158026.SZ,华夏国证大盘成长ETF,SZ,,,,华夏基金管理有限公司,,399372.SZ,国证大盘成长,深圳证券信息有限公司,INDEX_BASIC,风格指数,EQUITY,True,False,False,False,False,NOT_PASSIVE,L2B_EX_REVSUB,国证大盘成长,国证大盘成长指数收益率×100%,Tushare fund_basic.benchmark + index_basic,2026-09-04 10:05:42,False,,,0,,,,,,,,0,,,,
589480.SH,嘉实上证科创板芯片设计主题ETF,SH,,,,嘉实基金管理有限公司,,932040.CSI,上证科创板芯片设计主题,中证指数有限公司,INDEX_BASIC,主题指数,EQUITY,True,False,False,True,False,NOT_PASSIVE,L2B_EX_REVSUB,上证科创板芯片设计主题,上证科创板芯片设计主题指数收益率×100%,Tushare fund_basic.benchmark + index_basic,2026-09-04 10:05:42,False,,,0,,,,,,,,0,,,,
158052.SZ,景顺长城创业板金融科技ETF,SZ,,,,景顺长城基金管理有限公司,,970085.CNI,创业板金融科技,深圳证券信息有限公司,INDEX_BASIC,主题指数,EQUITY,True,False,False,False,False,NOT_PASSIVE,L1_EX_EXACT,创业板金融科技,创业板金融科技指数收益率×100%,Tushare fund_basic.benchmark + index_basic,2026-09-04 10:05:42,False,,,0,,,,,,,,0,,,,
562420.SH,平安中证卫星产业ETF,SH,,,,平安基金管理有限公司,,931594.CSI,中证卫星产业,中证指数有限公司,INDEX_BASIC,主题指数,EQUITY,True,False,False,True,False,NOT_PASSIVE,L2B_EX_REVSUB,中证卫星产业,中证卫星产业指数收益率×100%,Tushare fund_basic.benchmark + index_basic,2026-09-04 10:05:42,False,,,0,,,,,,,,0,,,,
