date,equity,cash,invested,invested_pct
2006-05-15,1000000.0,1000000.0,0.0,0.0
2006-05-16,1000000.0,1000000.0,0.0,0.0
2006-05-17,1000000.0,1000000.0,0.0,0.0
2006-05-18,1000000.0,1000000.0,0.0,0.0
2006-05-19,1000000.0,1000000.0,0.0,0.0
2006-05-22,1000000.0,1000000.0,0.0,0.0
2006-05-23,1000000.0,1000000.0,0.0,0.0
2006-05-24,1000000.0,1000000.0,0.0,0.0
2006-05-25,1000000.0,1000000.0,0.0,0.0
2006-05-26,1000000.0,1000000.0,0.0,0.0
2006-05-29,1000000.0,1000000.0,0.0,0.0
2006-05-30,1000000.0,1000000.0,0.0,0.0
2006-05-31,1000000.0,1000000.0,0.0,0.0
2006-06-01,1000000.0,1000000.0,0.0,0.0
2006-06-02,1000000.0,1000000.0,0.0,0.0
2006-06-05,1000000.0,1000000.0,0.0,0.0
2006-06-06,1000000.0,1000000.0,0.0,0.0
2006-06-07,1000000.0,1000000.0,0.0,0.0
2006-06-08,1000000.0,1000000.0,0.0,0.0
2006-06-09,1000000.0,1000000.0,0.0,0.0
2006-06-12,1000000.0,1000000.0,0.0,0.0
2006-06-13,1000000.0,1000000.0,0.0,0.0
2006-06-14,1000000.0,1000000.0,0.0,0.0
2006-06-15,1000000.0,1000000.0,0.0,0.0
2006-06-16,1000000.0,1000000.0,0.0,0.0
2006-06-19,1000000.0,1000000.0,0.0,0.0
2006-06-20,1000000.0,1000000.0,0.0,0.0
2006-06-21,1000000.0,1000000.0,0.0,0.0
2006-06-22,1000000.0,1000000.0,0.0,0.0
2006-06-23,1000000.0,1000000.0,0.0,0.0
2006-06-26,1000000.0,1000000.0,0.0,0.0
2006-06-27,1000000.0,1000000.0,0.0,0.0
2006-06-28,1000000.0,1000000.0,0.0,0.0
2006-06-29,1000000.0,1000000.0,0.0,0.0
2006-06-30,1000000.0,1000000.0,0.0,0.0
2006-07-03,1000000.0,1000000.0,0.0,0.0
2006-07-04,1000000.0,1000000.0,0.0,0.0
2006-07-05,1000000.0,1000000.0,0.0,0.0
2006-07-06,1000000.0,1000000.0,0.0,0.0
2006-07-07,1000000.0,1000000.0,0.0,0.0
2006-07-10,1000000.0,1000000.0,0.0,0.0
2006-07-11,1000000.0,1000000.0,0.0,0.0
2006-07-12,1000000.0,1000000.0,0.0,0.0
2006-07-13,1000000.0,1000000.0,0.0,0.0
2006-07-14,1000000.0,1000000.0,0.0,0.0
2006-07-17,1000000.0,1000000.0,0.0,0.0
2006-07-18,1000000.0,1000000.0,0.0,0.0
2006-07-19,1000000.0,1000000.0,0.0,0.0
2006-07-20,1000000.0,1000000.0,0.0,0.0
2006-07-21,1000000.0,1000000.0,0.0,0.0
2006-07-24,1000000.0,1000000.0,0.0,0.0
2006-07-25,1000000.0,1000000.0,0.0,0.0
2006-07-26,1000000.0,1000000.0,0.0,0.0
2006-07-27,1000000.0,1000000.0,0.0,0.0
2006-07-28,1000000.0,1000000.0,0.0,0.0
2006-07-31,1000000.0,1000000.0,0.0,0.0
2006-08-01,997770.2202999999,800031.2202999999,197739.0,0.19818089974718403
2006-08-02,996213.2202999999,800031.2202999999,196182.0,0.19692772189965688
2006-08-03,993961.8450999999,600080.4450999999,393881.4,0.39627416478986943
2006-08-04,985167.0450999999,600080.4450999999,385086.6,0.3908845732460646
2006-08-07,975253.4654999999,400112.0654999999,575141.4,0.5897353050728534
2006-08-08,991468.0654999999,400112.0654999999,591356.0,0.596444828207127
2006-08-09,989560.4654999999,400112.0654999999,589448.4,0.5956668849964278
2006-08-10,997667.7654999999,400112.0654999999,597555.7,0.5989525979127167
2006-08-11,998144.6654999999,400112.0654999999,598032.6,0.599144212928722
2006-08-14,988606.6654999999,400112.0654999999,588494.6,0.5952767875607653
2006-08-15,995760.1655,400112.0654999999,595648.1000000001,0.5981843024428557
2006-08-16,1005298.1654999999,400112.0654999999,605186.1,0.6019966222648001
2006-08-17,999098.4654999999,400112.0654999999,598986.4,0.5995268941787801
2006-08-18,998144.6654999999,400112.0654999999,598032.6,0.599144212928722
2006-08-21,996713.9654999998,400112.0654999999,596601.8999999999,0.5985688177858686
2006-08-22,1005775.0654999999,400112.0654999999,605663.0,0.6021853402171065
2006-08-23,1005775.0654999999,400112.0654999999,605663.0,0.6021853402171065
2006-08-24,1007682.6654999999,400112.0654999999,607570.6,0.6029384257578062
2006-08-25,1010544.0654999999,400112.0654999999,610432.0,0.604062723081718
2006-08-28,1017543.1691249999,1017543.1691249999,0.0,0.0
2006-08-29,1017543.1691249999,1017543.1691249999,0.0,0.0
2006-08-30,1017543.1691249999,1017543.1691249999,0.0,0.0
2006-08-31,1017543.1691249999,1017543.1691249999,0.0,0.0
2006-09-01,1017543.1691249999,1017543.1691249999,0.0,0.0
2006-09-04,1017543.1691249999,1017543.1691249999,0.0,0.0
2006-09-05,1017543.1691249999,1017543.1691249999,0.0,0.0
2006-09-06,1017543.1691249999,1017543.1691249999,0.0,0.0
2006-09-07,1017543.1691249999,1017543.1691249999,0.0,0.0
2006-09-08,1017543.1691249999,1017543.1691249999,0.0,0.0
2006-09-11,1017543.1691249999,1017543.1691249999,0.0,0.0
2006-09-12,1017543.1691249999,1017543.1691249999,0.0,0.0
2006-09-13,1017543.1691249999,1017543.1691249999,0.0,0.0
2006-09-14,1017543.1691249999,1017543.1691249999,0.0,0.0
2006-09-15,1017543.1691249999,1017543.1691249999,0.0,0.0
2006-09-18,1017543.1691249999,1017543.1691249999,0.0,0.0
2006-09-19,1017543.1691249999,1017543.1691249999,0.0,0.0
2006-09-20,1017543.1691249999,1017543.1691249999,0.0,0.0
2006-09-21,1017543.1691249999,1017543.1691249999,0.0,0.0
2006-09-22,1017543.1691249999,1017543.1691249999,0.0,0.0
2006-09-25,1017543.1691249999,1017543.1691249999,0.0,0.0
2006-09-26,1017543.1691249999,1017543.1691249999,0.0,0.0
2006-09-27,1017543.1691249999,1017543.1691249999,0.0,0.0
2006-09-28,1017543.1691249999,1017543.1691249999,0.0,0.0
2006-09-29,1017543.1691249999,1017543.1691249999,0.0,0.0
2006-10-09,1017543.1691249999,1017543.1691249999,0.0,0.0
2006-10-10,1017543.1691249999,1017543.1691249999,0.0,0.0
2006-10-11,1017543.1691249999,1017543.1691249999,0.0,0.0
2006-10-12,1017543.1691249999,1017543.1691249999,0.0,0.0
2006-10-13,1017543.1691249999,1017543.1691249999,0.0,0.0
2006-10-16,1017543.1691249999,1017543.1691249999,0.0,0.0
2006-10-17,1017543.1691249999,1017543.1691249999,0.0,0.0
2006-10-18,1017543.1691249999,1017543.1691249999,0.0,0.0
2006-10-19,1017543.1691249999,1017543.1691249999,0.0,0.0
2006-10-20,1017543.1691249999,1017543.1691249999,0.0,0.0
2006-10-23,1017543.1691249999,1017543.1691249999,0.0,0.0
2006-10-24,1017543.1691249999,1017543.1691249999,0.0,0.0
2006-10-25,1017543.1691249999,1017543.1691249999,0.0,0.0
2006-10-26,1017543.1691249999,1017543.1691249999,0.0,0.0
2006-10-27,1017543.1691249999,1017543.1691249999,0.0,0.0
2006-10-30,1017543.1691249999,1017543.1691249999,0.0,0.0
2006-10-31,1017543.1691249999,1017543.1691249999,0.0,0.0
2006-11-01,1017543.1691249999,1017543.1691249999,0.0,0.0
2006-11-02,1017543.1691249999,1017543.1691249999,0.0,0.0
2006-11-03,1017543.1691249999,1017543.1691249999,0.0,0.0
2006-11-06,1017543.1691249999,1017543.1691249999,0.0,0.0
2006-11-07,1017543.1691249999,1017543.1691249999,0.0,0.0
2006-11-08,1017543.1691249999,1017543.1691249999,0.0,0.0
2006-11-09,1017543.1691249999,1017543.1691249999,0.0,0.0
2006-11-10,1017543.1691249999,1017543.1691249999,0.0,0.0
2006-11-13,1017543.1691249999,1017543.1691249999,0.0,0.0
2006-11-14,1017543.1691249999,1017543.1691249999,0.0,0.0
2006-11-15,1017543.1691249999,1017543.1691249999,0.0,0.0
2006-11-16,1017543.1691249999,1017543.1691249999,0.0,0.0
2006-11-17,1017543.1691249999,1017543.1691249999,0.0,0.0
2006-11-20,1017543.1691249999,1017543.1691249999,0.0,0.0
2006-11-21,1017543.1691249999,1017543.1691249999,0.0,0.0
2006-11-22,1017543.1691249999,1017543.1691249999,0.0,0.0
2006-11-23,1017543.1691249999,1017543.1691249999,0.0,0.0
2006-11-24,1017543.1691249999,1017543.1691249999,0.0,0.0
2006-11-27,1017543.1691249999,1017543.1691249999,0.0,0.0
2006-11-28,1017543.1691249999,1017543.1691249999,0.0,0.0
2006-11-29,1017543.1691249999,1017543.1691249999,0.0,0.0
2006-11-30,1017543.1691249999,1017543.1691249999,0.0,0.0
2006-12-01,1017543.1691249999,1017543.1691249999,0.0,0.0
2006-12-04,1017543.1691249999,1017543.1691249999,0.0,0.0
2006-12-05,1017543.1691249999,1017543.1691249999,0.0,0.0
2006-12-06,1017543.1691249999,1017543.1691249999,0.0,0.0
2006-12-07,1017543.1691249999,1017543.1691249999,0.0,0.0
2006-12-08,1017543.1691249999,1017543.1691249999,0.0,0.0
2006-12-11,1017543.1691249999,1017543.1691249999,0.0,0.0
2006-12-12,1017543.1691249999,1017543.1691249999,0.0,0.0
2006-12-13,1017543.1691249999,1017543.1691249999,0.0,0.0
2006-12-14,1017543.1691249999,1017543.1691249999,0.0,0.0
2006-12-15,1017543.1691249999,1017543.1691249999,0.0,0.0
2006-12-18,1017543.1691249999,1017543.1691249999,0.0,0.0
2006-12-19,1017543.1691249999,1017543.1691249999,0.0,0.0
2006-12-20,1017543.1691249999,1017543.1691249999,0.0,0.0
2006-12-21,1017543.1691249999,1017543.1691249999,0.0,0.0
2006-12-22,1017543.1691249999,1017543.1691249999,0.0,0.0
2006-12-25,1017543.1691249999,1017543.1691249999,0.0,0.0
2006-12-26,1017543.1691249999,1017543.1691249999,0.0,0.0
2006-12-27,1017543.1691249999,1017543.1691249999,0.0,0.0
2006-12-28,1017543.1691249999,1017543.1691249999,0.0,0.0
2006-12-29,1017543.1691249999,1017543.1691249999,0.0,0.0
2007-01-04,1017543.1691249999,1017543.1691249999,0.0,0.0
2007-01-05,1017543.1691249999,1017543.1691249999,0.0,0.0
2007-01-08,1017543.1691249999,1017543.1691249999,0.0,0.0
2007-01-09,1017543.1691249999,1017543.1691249999,0.0,0.0
2007-01-10,1017543.1691249999,1017543.1691249999,0.0,0.0
2007-01-11,1017543.1691249999,1017543.1691249999,0.0,0.0
2007-01-12,1017543.1691249999,1017543.1691249999,0.0,0.0
2007-01-15,1017543.1691249999,1017543.1691249999,0.0,0.0
2007-01-16,1017543.1691249999,1017543.1691249999,0.0,0.0
2007-01-17,1017543.1691249999,1017543.1691249999,0.0,0.0
2007-01-18,1017543.1691249999,1017543.1691249999,0.0,0.0
2007-01-19,1017543.1691249999,1017543.1691249999,0.0,0.0
2007-01-22,1017543.1691249999,1017543.1691249999,0.0,0.0
2007-01-23,1017543.1691249999,1017543.1691249999,0.0,0.0
2007-01-24,1017543.1691249999,1017543.1691249999,0.0,0.0
2007-01-25,1017543.1691249999,1017543.1691249999,0.0,0.0
2007-01-26,1017543.1691249999,1017543.1691249999,0.0,0.0
2007-01-29,1017543.1691249999,1017543.1691249999,0.0,0.0
2007-01-30,1017543.1691249999,1017543.1691249999,0.0,0.0
2007-01-31,1017543.1691249999,1017543.1691249999,0.0,0.0
2007-02-01,1017543.1691249999,1017543.1691249999,0.0,0.0
2007-02-02,1017543.1691249999,1017543.1691249999,0.0,0.0
2007-02-05,1017543.1691249999,1017543.1691249999,0.0,0.0
2007-02-06,1017543.1691249999,1017543.1691249999,0.0,0.0
2007-02-07,1017543.1691249999,1017543.1691249999,0.0,0.0
2007-02-08,1017543.1691249999,1017543.1691249999,0.0,0.0
2007-02-09,1017543.1691249999,1017543.1691249999,0.0,0.0
2007-02-12,1017543.1691249999,1017543.1691249999,0.0,0.0
2007-02-13,1017543.1691249999,1017543.1691249999,0.0,0.0
2007-02-14,1017543.1691249999,1017543.1691249999,0.0,0.0
2007-02-15,1017543.1691249999,1017543.1691249999,0.0,0.0
2007-02-16,1017543.1691249999,1017543.1691249999,0.0,0.0
2007-02-26,1017543.1691249999,1017543.1691249999,0.0,0.0
2007-02-27,1017543.1691249999,1017543.1691249999,0.0,0.0
2007-02-28,1017543.1691249999,1017543.1691249999,0.0,0.0
2007-03-01,1017543.1691249999,1017543.1691249999,0.0,0.0
2007-03-02,1017543.1691249999,1017543.1691249999,0.0,0.0
2007-03-05,1017543.1691249999,1017543.1691249999,0.0,0.0
2007-03-06,1017543.1691249999,1017543.1691249999,0.0,0.0
2007-03-07,1017543.1691249999,1017543.1691249999,0.0,0.0
2007-03-08,1017543.1691249999,1017543.1691249999,0.0,0.0
2007-03-09,1017543.1691249999,1017543.1691249999,0.0,0.0
2007-03-12,1017543.1691249999,1017543.1691249999,0.0,0.0
2007-03-13,1017543.1691249999,1017543.1691249999,0.0,0.0
2007-03-14,1017543.1691249999,1017543.1691249999,0.0,0.0
2007-03-15,1017543.1691249999,1017543.1691249999,0.0,0.0
2007-03-16,1017543.1691249999,1017543.1691249999,0.0,0.0
2007-03-19,1017543.1691249999,1017543.1691249999,0.0,0.0
2007-03-20,1017543.1691249999,1017543.1691249999,0.0,0.0
2007-03-21,1017543.1691249999,1017543.1691249999,0.0,0.0
2007-03-22,1017543.1691249999,1017543.1691249999,0.0,0.0
2007-03-23,1017543.1691249999,1017543.1691249999,0.0,0.0
2007-03-26,1017543.1691249999,1017543.1691249999,0.0,0.0
2007-03-27,1017543.1691249999,1017543.1691249999,0.0,0.0
2007-03-28,1017543.1691249999,1017543.1691249999,0.0,0.0
2007-03-29,1017543.1691249999,1017543.1691249999,0.0,0.0
2007-03-30,1017543.1691249999,1017543.1691249999,0.0,0.0
2007-04-02,1017543.1691249999,1017543.1691249999,0.0,0.0
2007-04-03,1017543.1691249999,1017543.1691249999,0.0,0.0
2007-04-04,1017543.1691249999,1017543.1691249999,0.0,0.0
2007-04-05,1017543.1691249999,1017543.1691249999,0.0,0.0
2007-04-06,1017543.1691249999,1017543.1691249999,0.0,0.0
2007-04-09,1017543.1691249999,1017543.1691249999,0.0,0.0
2007-04-10,1017543.1691249999,1017543.1691249999,0.0,0.0
2007-04-11,1017543.1691249999,1017543.1691249999,0.0,0.0
2007-04-12,1017543.1691249999,1017543.1691249999,0.0,0.0
2007-04-13,1017543.1691249999,1017543.1691249999,0.0,0.0
2007-04-16,1017543.1691249999,1017543.1691249999,0.0,0.0
2007-04-17,1017543.1691249999,1017543.1691249999,0.0,0.0
2007-04-18,1017543.1691249999,1017543.1691249999,0.0,0.0
2007-04-19,1017543.1691249999,1017543.1691249999,0.0,0.0
2007-04-20,1017543.1691249999,1017543.1691249999,0.0,0.0
2007-04-23,1017543.1691249999,1017543.1691249999,0.0,0.0
2007-04-24,1017543.1691249999,1017543.1691249999,0.0,0.0
2007-04-25,1017543.1691249999,1017543.1691249999,0.0,0.0
2007-04-26,1017543.1691249999,1017543.1691249999,0.0,0.0
2007-04-27,1017543.1691249999,1017543.1691249999,0.0,0.0
2007-04-30,1017543.1691249999,1017543.1691249999,0.0,0.0
2007-05-08,1017543.1691249999,1017543.1691249999,0.0,0.0
2007-05-09,1017543.1691249999,1017543.1691249999,0.0,0.0
2007-05-10,1017543.1691249999,1017543.1691249999,0.0,0.0
2007-05-11,1017543.1691249999,1017543.1691249999,0.0,0.0
2007-05-14,1017543.1691249999,1017543.1691249999,0.0,0.0
2007-05-15,1017543.1691249999,1017543.1691249999,0.0,0.0
2007-05-16,1017543.1691249999,1017543.1691249999,0.0,0.0
2007-05-17,1017543.1691249999,1017543.1691249999,0.0,0.0
2007-05-18,1017543.1691249999,1017543.1691249999,0.0,0.0
2007-05-21,1017543.1691249999,1017543.1691249999,0.0,0.0
2007-05-22,1017543.1691249999,1017543.1691249999,0.0,0.0
2007-05-23,1017543.1691249999,1017543.1691249999,0.0,0.0
2007-05-24,1017543.1691249999,1017543.1691249999,0.0,0.0
2007-05-25,1017543.1691249999,1017543.1691249999,0.0,0.0
2007-05-28,1017543.1691249999,1017543.1691249999,0.0,0.0
2007-05-29,1017543.1691249999,1017543.1691249999,0.0,0.0
2007-05-30,1017543.1691249999,1017543.1691249999,0.0,0.0
2007-05-31,1017543.1691249999,1017543.1691249999,0.0,0.0
2007-06-01,1017543.1691249999,1017543.1691249999,0.0,0.0
2007-06-04,1017543.1691249999,1017543.1691249999,0.0,0.0
2007-06-05,1017543.1691249999,1017543.1691249999,0.0,0.0
2007-06-06,1017543.1691249999,1017543.1691249999,0.0,0.0
2007-06-07,1017543.1691249999,1017543.1691249999,0.0,0.0
2007-06-08,1017543.1691249999,1017543.1691249999,0.0,0.0
2007-06-11,1017543.1691249999,1017543.1691249999,0.0,0.0
2007-06-12,1017543.1691249999,1017543.1691249999,0.0,0.0
2007-06-13,1017543.1691249999,1017543.1691249999,0.0,0.0
2007-06-14,1017543.1691249999,1017543.1691249999,0.0,0.0
2007-06-15,1017543.1691249999,1017543.1691249999,0.0,0.0
2007-06-18,1017543.1691249999,1017543.1691249999,0.0,0.0
2007-06-19,1017543.1691249999,1017543.1691249999,0.0,0.0
2007-06-20,1017543.1691249999,1017543.1691249999,0.0,0.0
2007-06-21,1017543.1691249999,1017543.1691249999,0.0,0.0
2007-06-22,1017543.1691249999,1017543.1691249999,0.0,0.0
2007-06-25,1017543.1691249999,1017543.1691249999,0.0,0.0
2007-06-26,1017543.1691249999,1017543.1691249999,0.0,0.0
2007-06-27,1017543.1691249999,1017543.1691249999,0.0,0.0
2007-06-28,1017543.1691249999,1017543.1691249999,0.0,0.0
2007-06-29,1017543.1691249999,1017543.1691249999,0.0,0.0
2007-07-02,1017543.1691249999,1017543.1691249999,0.0,0.0
2007-07-03,1017543.1691249999,1017543.1691249999,0.0,0.0
2007-07-04,1017543.1691249999,1017543.1691249999,0.0,0.0
2007-07-05,1017543.1691249999,1017543.1691249999,0.0,0.0
2007-07-06,1027187.2057249999,817639.6057249999,209547.59999999998,0.2040013727118992
2007-07-09,1034837.6057249999,817639.6057249999,217198.0,0.2098860717840193
2007-07-10,1030383.6057249999,817639.6057249999,212744.0,0.20647067637524064
2007-07-11,1026244.0057249999,817639.6057249999,208604.40000000002,0.20326978655785613
2007-07-12,1027134.8057249999,817639.6057249999,209495.19999999995,0.20396076428558804
2007-07-13,1026296.405725,817639.6057249999,208656.80000000005,0.2033104655107897
2007-07-16,1020584.8057249999,817639.6057249999,202945.19999999995,0.19885187282974723
2007-07-17,1024148.0057249999,817639.6057249999,206508.40000000002,0.2016392150798669
2007-07-18,1024305.2057249999,817639.6057249999,206665.59999999998,0.20176173941605885
2007-07-19,1024619.6057249999,817639.6057249999,206980.0,0.20200667530028882
2007-07-20,1033999.2057249999,817639.6057249999,216359.59999999998,0.20924542185532635
2007-07-23,1039917.2224249999,1039917.2224249999,0.0,0.0
2007-07-24,1039917.2224249999,1039917.2224249999,0.0,0.0
2007-07-25,1039917.2224249999,1039917.2224249999,0.0,0.0
2007-07-26,1039917.2224249999,1039917.2224249999,0.0,0.0
2007-07-27,1039917.2224249999,1039917.2224249999,0.0,0.0
2007-07-30,1039917.2224249999,1039917.2224249999,0.0,0.0
2007-07-31,1039917.2224249999,1039917.2224249999,0.0,0.0
2007-08-01,1039917.2224249999,1039917.2224249999,0.0,0.0
2007-08-02,1039917.2224249999,1039917.2224249999,0.0,0.0
2007-08-03,1039917.2224249999,1039917.2224249999,0.0,0.0
2007-08-06,1039917.2224249999,1039917.2224249999,0.0,0.0
2007-08-07,1039917.2224249999,1039917.2224249999,0.0,0.0
2007-08-08,1039917.2224249999,1039917.2224249999,0.0,0.0
2007-08-09,1039917.2224249999,1039917.2224249999,0.0,0.0
2007-08-10,1039917.2224249999,1039917.2224249999,0.0,0.0
2007-08-13,1039917.2224249999,1039917.2224249999,0.0,0.0
2007-08-14,1039917.2224249999,1039917.2224249999,0.0,0.0
2007-08-15,1039917.2224249999,1039917.2224249999,0.0,0.0
2007-08-16,1039917.2224249999,1039917.2224249999,0.0,0.0
2007-08-17,1039917.2224249999,1039917.2224249999,0.0,0.0
2007-08-20,1039917.2224249999,1039917.2224249999,0.0,0.0
2007-08-21,1039917.2224249999,1039917.2224249999,0.0,0.0
2007-08-22,1039917.2224249999,1039917.2224249999,0.0,0.0
2007-08-23,1039917.2224249999,1039917.2224249999,0.0,0.0
2007-08-24,1039917.2224249999,1039917.2224249999,0.0,0.0
2007-08-27,1039917.2224249999,1039917.2224249999,0.0,0.0
2007-08-28,1039917.2224249999,1039917.2224249999,0.0,0.0
2007-08-29,1039917.2224249999,1039917.2224249999,0.0,0.0
2007-08-30,1039917.2224249999,1039917.2224249999,0.0,0.0
2007-08-31,1039917.2224249999,1039917.2224249999,0.0,0.0
2007-09-03,1039917.2224249999,1039917.2224249999,0.0,0.0
2007-09-04,1039917.2224249999,1039917.2224249999,0.0,0.0
2007-09-05,1039917.2224249999,1039917.2224249999,0.0,0.0
2007-09-06,1039917.2224249999,1039917.2224249999,0.0,0.0
2007-09-07,1039917.2224249999,1039917.2224249999,0.0,0.0
2007-09-10,1039917.2224249999,1039917.2224249999,0.0,0.0
2007-09-11,1039917.2224249999,1039917.2224249999,0.0,0.0
2007-09-12,1039917.2224249999,1039917.2224249999,0.0,0.0
2007-09-13,1039917.2224249999,1039917.2224249999,0.0,0.0
2007-09-14,1039917.2224249999,1039917.2224249999,0.0,0.0
2007-09-17,1039917.2224249999,1039917.2224249999,0.0,0.0
2007-09-18,1039917.2224249999,1039917.2224249999,0.0,0.0
2007-09-19,1039917.2224249999,1039917.2224249999,0.0,0.0
2007-09-20,1039917.2224249999,1039917.2224249999,0.0,0.0
2007-09-21,1039917.2224249999,1039917.2224249999,0.0,0.0
2007-09-24,1039917.2224249999,1039917.2224249999,0.0,0.0
2007-09-25,1039917.2224249999,1039917.2224249999,0.0,0.0
2007-09-26,1039917.2224249999,1039917.2224249999,0.0,0.0
2007-09-27,1039917.2224249999,1039917.2224249999,0.0,0.0
2007-09-28,1039917.2224249999,1039917.2224249999,0.0,0.0
2007-10-08,1039917.2224249999,1039917.2224249999,0.0,0.0
2007-10-09,1039917.2224249999,1039917.2224249999,0.0,0.0
2007-10-10,1039917.2224249999,1039917.2224249999,0.0,0.0
2007-10-11,1039917.2224249999,1039917.2224249999,0.0,0.0
2007-10-12,1039917.2224249999,1039917.2224249999,0.0,0.0
2007-10-15,1039917.2224249999,1039917.2224249999,0.0,0.0
2007-10-16,1039917.2224249999,1039917.2224249999,0.0,0.0
2007-10-17,1039917.2224249999,1039917.2224249999,0.0,0.0
2007-10-18,1039917.2224249999,1039917.2224249999,0.0,0.0
2007-10-19,1039917.2224249999,1039917.2224249999,0.0,0.0
2007-10-22,1039917.2224249999,1039917.2224249999,0.0,0.0
2007-10-23,1039917.2224249999,1039917.2224249999,0.0,0.0
2007-10-24,1039917.2224249999,1039917.2224249999,0.0,0.0
2007-10-25,1039917.2224249999,1039917.2224249999,0.0,0.0
2007-10-26,1043493.253925,839993.253925,203500.0,0.1950180312470198
2007-10-29,1046453.253925,839993.253925,206460.0,0.19729500503306488
2007-10-30,1050079.2539249999,839993.253925,210085.99999999988,0.20006680373384933
2007-10-31,1054667.2539249999,839993.253925,214673.99999999988,0.2035466628939879
2007-11-01,1051337.2539249999,839993.253925,211343.99999999988,0.20102398085008477
2007-11-02,1044862.253925,839993.253925,204869.0,0.19607273516716153
2007-11-05,1040533.253925,839993.253925,200540.0,0.1927281028679691
2007-11-06,1040940.253925,839993.253925,200947.0,0.19304374025531565
2007-11-07,1041014.253925,839993.253925,201021.0,0.19310110235482192
2007-11-08,1033059.253925,839993.253925,193066.0,0.18688763424408236
2007-11-09,1027322.16285,639978.96285,387343.19999999995,0.3770416077907162
2007-11-12,1020469.86285,639978.96285,380490.9,0.372858536887462
2007-11-13,1011631.302825,440088.902825,571542.4,0.5649710506228472
2007-11-14,1032223.302825,440088.902825,592134.4,0.5736495178702516
2007-11-15,1022384.902825,440088.902825,582296.0,0.5695467513174641
2007-11-16,1012088.902825,440088.902825,572000.0,0.5651677420860965
2007-11-19,1015406.502825,440088.902825,575317.6,0.5665884533922007
2007-11-20,1023528.902825,440088.902825,583440.0,0.5700278696475217
2007-11-21,1021469.7028249999,440088.902825,581380.7999999999,0.5691610807370203
2007-11-22,993784.902825,440088.902825,553696.0,0.5571587960594153
2007-11-23,996072.902825,440088.902825,555984.0,0.5581760114376696
2007-11-26,989208.902825,440088.902825,549120.0,0.5551102486358681
2007-11-27,984404.102825,440088.902825,544315.2,0.5529387762992332
2007-11-28,971591.302825,440088.902825,531502.4,0.5470431841604624
2007-11-29,988751.302825,440088.902825,548662.4,0.5549043510055514
2007-11-30,981200.902825,440088.902825,541112.0,0.551479313198827
2007-12-03,985433.702825,440088.902825,545344.8,0.5534058744252692
2007-12-04,991268.102825,440088.902825,551179.2,0.5560344355166909
2007-12-05,1010716.1028250001,440088.902825,570627.2000000001,0.564577133385992
2007-12-06,1010716.1028250001,440088.902825,570627.2000000001,0.564577133385992
2007-12-07,1017465.7028249999,440088.902825,577376.7999999999,0.5674656142186509
2007-12-10,1033252.902825,440088.902825,593164.0,0.5740743610574333
2007-12-11,1032680.902825,440088.902825,592592.0,0.5738384416511494
2007-12-12,1026732.1028250001,440088.902825,586643.2000000001,0.5713692971963006
2007-12-13,1002593.7028249999,440088.902825,562504.7999999999,0.5610496040569922
2007-12-14,1013118.5028250001,440088.902825,573029.6000000001,0.5656096482318236
2007-12-17,1002364.902825,440088.902825,562276.0,0.5609494091576012
2007-12-18,996530.502825,440088.902825,556441.6,0.5583788939952963
2007-12-19,1011860.1028250001,440088.902825,571771.2000000001,0.5650694185922331
2007-12-20,1019639.302825,440088.902825,579550.4,0.5683876625727401
2007-12-21,1027304.102825,440088.902825,587215.2,0.5716079575514276
2007-12-24,1047629.7796250001,1047629.7796250001,0.0,0.0
2007-12-25,1047629.7796250001,1047629.7796250001,0.0,0.0
2007-12-26,1047629.7796250001,1047629.7796250001,0.0,0.0
2007-12-27,1047629.7796250001,1047629.7796250001,0.0,0.0
2007-12-28,1047629.7796250001,1047629.7796250001,0.0,0.0
2008-01-02,1047629.7796250001,1047629.7796250001,0.0,0.0
2008-01-03,1047629.7796250001,1047629.7796250001,0.0,0.0
2008-01-04,1047629.7796250001,1047629.7796250001,0.0,0.0
2008-01-07,1047629.7796250001,1047629.7796250001,0.0,0.0
2008-01-08,1047629.7796250001,1047629.7796250001,0.0,0.0
2008-01-09,1047629.7796250001,1047629.7796250001,0.0,0.0
2008-01-10,1047629.7796250001,1047629.7796250001,0.0,0.0
2008-01-11,1047629.7796250001,1047629.7796250001,0.0,0.0
2008-01-14,1047629.7796250001,1047629.7796250001,0.0,0.0
2008-01-15,1047629.7796250001,1047629.7796250001,0.0,0.0
2008-01-16,1047629.7796250001,1047629.7796250001,0.0,0.0
2008-01-17,1047629.7796250001,1047629.7796250001,0.0,0.0
2008-01-18,1047629.7796250001,1047629.7796250001,0.0,0.0
2008-01-21,1047629.7796250001,1047629.7796250001,0.0,0.0
2008-01-22,1047629.7796250001,1047629.7796250001,0.0,0.0
2008-01-23,1056916.45475,847880.35475,209036.09999999998,0.19777920862197643
2008-01-24,1059430.15475,847880.35475,211549.79999999993,0.19968263037587466
2008-01-25,1062143.35475,847880.35475,214262.99999999988,0.20172700703892427
2008-01-28,1047420.2547500001,847880.35475,199539.90000000002,0.19050605437034107
2008-01-29,1050013.75475,847880.35475,202133.40000000002,0.1925054782240699
2008-01-30,1048018.7547500001,847880.35475,200138.40000000002,0.19096833820282358
2008-01-31,1044587.35475,847880.35475,196707.0,0.18831072299078105
2008-02-01,1039320.5547500001,847880.35475,191440.20000000007,0.184197453928013
2008-02-04,1058472.5547500001,847880.35475,210592.20000000007,0.19895858334252198
2008-02-05,1056357.85475,847880.35475,208477.49999999988,0.19735499581184887
2008-02-13,1050971.35475,847880.35475,203090.99999999988,0.19324123258174833
2008-02-14,1054243.15475,847880.35475,206362.79999999993,0.19574497502802016
2008-02-15,1051729.45475,847880.35475,203849.09999999998,0.19382275458706788
2008-02-18,1056198.25475,847880.35475,208317.90000000002,0.1972337097350236
2008-02-19,1062781.75475,847880.35475,214901.40000000002,0.2022065198612218
2008-02-20,1058672.0547500001,847880.35475,210791.70000000007,0.1991095344910917
2008-02-21,1057554.85475,847880.35475,209674.49999999988,0.1982634745216746
2008-02-22,1050771.85475,847880.35475,202891.49999999988,0.1930880610123231
2008-02-25,1042991.35475,847880.35475,195111.0,0.18706866467437513
2008-02-26,1041395.35475,847880.35475,193515.0,0.1858227993022455
2008-02-27,1044986.35475,847880.35475,197106.0,0.18862064476158175
2008-02-28,1044547.45475,847880.35475,196667.09999999998,0.18827971779134717
2008-02-29,1046542.45475,847880.35475,198662.09999999998,0.18982708164233694
2008-03-03,1051450.15475,847880.35475,203569.79999999993,0.1936086071986951
2008-03-04,1047859.15475,847880.35475,199978.79999999993,0.190845114148677
2008-03-05,1046741.95475,847880.35475,198861.59999999998,0.18998149362179273
2008-03-06,1047699.5547500001,847880.35475,199819.20000000007,0.19072185255216656
2008-03-07,1045305.5547500001,847880.35475,197425.20000000007,0.18886841182740788
2008-03-10,1037205.85475,847880.35475,189325.5,0.18253416053617777
2008-03-11,1036088.65475,847880.35475,188208.29999999993,0.18165269848014415
2008-03-12,1031180.95475,847880.35475,183300.59999999998,0.1777579377854583
2008-03-13,1019725.966625,648277.966625,371448.0,0.36426256872656304
2008-03-14,1015861.966625,648277.966625,367584.0,0.36184443563846075
2008-03-17,985728.798825,448356.798825,537372.0,0.5451519734845462
2008-03-18,951461.598825,448356.798825,503104.8,0.5287704733657199
2008-03-19,988912.639825,248470.83982499997,740441.8,0.7487433876171612
2008-03-20,1017924.8398249999,248470.83982499997,769454.0,0.7559045323349054
2008-03-21,1019726.8398249999,248470.83982499997,771256.0,0.7563358831786352
2008-03-24,989813.639825,248470.83982499997,741342.8,0.7489720995672177
2008-03-25,1003869.239825,248470.83982499997,755398.4000000001,0.7524868479202383
2008-03-26,1010716.8398250001,248470.83982499997,762246.0000000002,0.7541637479118076
2008-03-27,987651.239825,248470.83982499997,739180.4000000001,0.7484224898365682
2008-03-28,1015942.639825,248470.83982499997,767471.8,0.7554282790337454
2008-03-31,989092.8398249999,248470.83982499997,740622.0,0.7487891633418742
2008-04-01,940438.8398249999,248470.83982499997,691968.0,0.7357926647614467
2008-04-02,923680.239825,248470.83982499997,675209.4000000001,0.7309990740171349
2008-04-03,939177.439825,248470.83982499997,690706.6000000001,0.7354378104830773
2008-04-07,987110.639825,248470.83982499997,738639.8,0.7482847111555295
2008-04-08,996841.439825,248470.83982499997,748370.6000000001,0.7507418633512868
2008-04-09,970892.639825,248470.83982499997,722421.8,0.7440800046956934
2008-04-10,983686.8398249999,248470.83982499997,735216.0,0.7474085961450867
2008-04-11,984768.0398250001,248470.83982499997,736297.2000000002,0.7476859221902096
2008-04-14,939537.8398249999,248470.83982499997,691067.0,0.7355392946480148
2008-04-15,940799.239825,248470.83982499997,692328.4000000001,0.7358938769219048
2008-04-16,918814.8398249999,248470.83982499997,670344.0,0.7295746334785751
2008-04-17,905840.439825,248470.83982499997,657369.6000000001,0.7257013168091698
2008-04-18,870421.643025,48433.64302499997,821988.0,0.9443561135995225
2008-04-21,857913.643025,48433.64302499997,809480.0,0.943544850441796
2008-04-22,861925.643025,48433.64302499997,813492.0,0.943807631879917
2008-04-23,909833.643025,48433.64302499997,861400.0,0.9467664848444507
2008-04-24,995973.6430249999,48433.64302499997,947539.9999999999,0.9513705574799189
2008-04-25,1009661.6430250001,48433.64302499997,961228.0000000001,0.9520298276560352
2008-04-28,983937.643025,48433.64302499997,935504.0,0.9507756986752773
2008-04-29,989365.643025,48433.64302499997,940932.0,0.9510457601125976
2008-04-30,1034677.6430250001,48433.64302499997,986244.0000000001,0.9531896302664871
2008-05-05,1057333.643025,48433.64302499997,1008900.0000000001,0.9541926587274451
2008-05-06,1041993.643025,48433.64302499997,993560.0,0.9535182931784566
2008-05-07,995501.643025,48433.64302499997,947068.0,0.9513475006652664
2008-05-08,1026181.643025,48433.64302499997,977748.0,0.9528020761682832
2008-05-09,1013673.643025,48433.64302499997,965240.0,0.9522196879061938
2008-05-12,1021933.643025,48433.64302499997,973500.0,0.9526058826269456
2008-05-13,1008953.6430250001,48433.64302499997,960520.0000000001,0.9519961661669724
2008-05-14,1048129.643025,48433.64302499997,999696.0,0.953790408135757
2008-05-15,1037509.643025,48433.64302499997,989076.0,0.9533174044688537
2008-05-16,1025473.6430249999,48433.64302499997,977039.9999999999,0.9527694901234831
2008-05-19,1021225.643025,48433.64302499997,972792.0,0.9525730250157709
2008-05-20,969541.643025,48433.64302499997,921108.0,0.9500448037756424
2008-05-21,984645.643025,48433.64302499997,936212.0,0.9508110929367406
2008-05-22,963169.643025,48433.64302499997,914736.0,0.949714317331591
2008-05-23,952077.643025,48433.64302499997,903644.0,0.9491284735233214
2008-05-26,929893.643025,48433.64302499997,881460.0,0.94791485737289
2008-05-27,936737.643025,48433.64302499997,888304.0,0.948295402255221
2008-05-28,961517.643025,48433.64302499997,913084.0,0.9496279206353152
2008-05-29,934613.643025,48433.64302499997,886180.0,0.9481778985504233
2008-05-30,938625.643025,48433.64302499997,890192.0,0.9483994035482473
2008-06-02,938625.643025,48433.64302499997,890192.0,0.9483994035482473
2008-06-03,933669.643025,48433.64302499997,885236.0,0.948125503076142
2008-06-04,928477.643025,48433.64302499997,880044.0,0.9478354235141278
2008-06-05,920925.643025,48433.64302499997,872492.0,0.9474076507785057
2008-06-06,909361.643025,48433.64302499997,860928.0,0.9467388542319808
2008-06-10,828413.643025,48433.64302499997,779980.0,0.9415344696060994
2008-06-11,814961.643025,48433.64302499997,766528.0,0.9405694201199182
2008-06-12,803633.643025,48433.64302499997,755200.0,0.939731688132557
2008-06-13,777673.643025,48433.64302499997,729240.0,0.9377198347154951
2008-06-16,768469.643025,48433.64302499997,720036.0,0.9369739020082224
2008-06-17,737553.643025,48433.64302499997,689120.0,0.934332040139678
2008-06-18,771537.643025,48433.64302499997,723104.0,0.9372245236990587
2008-06-19,709469.643025,48433.64302499997,661036.0,0.9317326068829511
2008-06-20,734013.643025,48433.64302499997,685580.0,0.9340153367921114
2008-06-23,721741.643025,48433.64302499997,673308.0,0.9328933788245853
2008-06-24,743689.643025,48433.64302499997,695256.0,0.9348738502959468
2008-06-25,779797.643025,48433.64302499997,731364.0,0.9378894724057953
2008-06-26,782865.643025,48433.64302499997,734432.0,0.9381328795604672
2008-06-27,735665.643025,48433.64302499997,687232.0,0.93416351098599
2008-06-30,733777.643025,48433.64302499997,685344.0,0.9339941145858135
2008-07-01,716077.643025,48433.64302499997,667644.0,0.9323625817720034
2008-07-02,720797.643025,48433.64302499997,672364.0,0.9328054919523091
2008-07-03,742509.643025,48433.64302499997,694076.0,0.934770351496473
2008-07-04,742745.643025,48433.64302499997,694312.0,0.9347910775649346
2008-07-07,777673.643025,48433.64302499997,729240.0,0.9377198347154951
2008-07-08,784989.643025,48433.64302499997,736556.0,0.9383002776465198
2008-07-09,812601.643025,48433.64302499997,764168.0,0.940396818735561
2008-07-10,818073.185025,818073.185025,0.0,0.0
2008-07-11,818073.185025,818073.185025,0.0,0.0
2008-07-14,818073.185025,818073.185025,0.0,0.0
2008-07-15,818073.185025,818073.185025,0.0,0.0
2008-07-16,818073.185025,818073.185025,0.0,0.0
2008-07-17,818073.185025,818073.185025,0.0,0.0
2008-07-18,818073.185025,818073.185025,0.0,0.0
2008-07-21,818073.185025,818073.185025,0.0,0.0
2008-07-22,818073.185025,818073.185025,0.0,0.0
2008-07-23,818073.185025,818073.185025,0.0,0.0
2008-07-24,818073.185025,818073.185025,0.0,0.0
2008-07-25,818073.185025,818073.185025,0.0,0.0
2008-07-28,818073.185025,818073.185025,0.0,0.0
2008-07-29,818073.185025,818073.185025,0.0,0.0
2008-07-30,818073.185025,818073.185025,0.0,0.0
2008-07-31,818073.185025,818073.185025,0.0,0.0
2008-08-01,818073.185025,818073.185025,0.0,0.0
2008-08-04,818073.185025,818073.185025,0.0,0.0
2008-08-05,818073.185025,818073.185025,0.0,0.0
2008-08-06,815378.394825,618062.394825,197316.0,0.2419931669177337
2008-08-07,814473.594825,618062.394825,196411.20000000007,0.24115109593233836
2008-08-08,804103.194825,618062.394825,186040.80000000005,0.23136433382843205
2008-08-11,780804.809725,418072.009725,362732.80000000005,0.46456271206597044
2008-08-12,779794.009725,418072.009725,361722.0,0.4638686569643743
2008-08-13,787341.241125,218147.641125,569193.6,0.722931265719934
2008-08-14,786891.641125,218147.641125,568744.0,0.7227729591673898
2008-08-15,784418.841125,218147.641125,566271.2000000001,0.7218990293347156
2008-08-18,753171.641125,218147.641125,535024.0,0.710361318438442
2008-08-19,758791.641125,218147.641125,540644.0,0.7125065310398387
2008-08-20,807123.641125,218147.641125,588976.0,0.7297221515888973
2008-08-21,781271.641125,218147.641125,563124.0,0.7207787539672167
2008-08-22,770930.841125,218147.641125,552783.2000000001,0.7170334490618346
2008-08-25,768458.041125,218147.641125,550310.4,0.7161228987783923
2008-08-26,752946.8411249999,218147.641125,534799.2,0.7102748438401585
2008-08-27,746652.441125,218147.641125,528504.8,0.7078324142404042
2008-08-28,746202.841125,218147.641125,528055.2000000001,0.7076563782628952
2008-08-29,762388.4411249999,218147.641125,544240.7999999999,0.7138628691653618
2008-09-01,739458.841125,218147.641125,521311.20000000007,0.7049901509148043
2008-09-02,734962.841125,218147.641125,516815.20000000007,0.7031854824237324
2008-09-03,725296.4411249999,218147.641125,507148.79999999993,0.6992296821605337
2008-09-04,728668.441125,218147.641125,510520.80000000005,0.7006215326298485
2008-09-05,711358.841125,218147.641125,493211.20000000007,0.6933367120594105
2008-09-08,693599.6411250001,218147.641125,475452.0000000001,0.6854847837418567
2008-09-09,692571.268025,18205.268024999998,674366.0,0.973713509546944
2008-09-10,693528.268025,18205.268024999998,675323.0,0.973749782288119
2008-09-11,677259.268025,18205.268024999998,659054.0,0.9731192042921915
2008-09-12,683958.2680250001,18205.268024999998,665753.0000000001,0.9733824870959312
2008-09-16,672155.268025,18205.268024999998,653950.0,0.9729150854110052
2008-09-17,655886.268025,18205.268024999998,637681.0,0.9722432547950431
2008-09-18,639936.268025,18205.268024999998,621731.0,0.9715514357684619
2008-09-19,702141.268025,18205.268024999998,683936.0,0.9740717874677723
2008-09-22,745844.268025,18205.268024999998,727639.0,0.9755910599498101
2008-09-23,702779.268025,18205.268024999998,684574.0,0.9740953257255842
2008-09-24,702779.268025,18205.268024999998,684574.0,0.9740953257255842
2008-09-25,713944.268025,18205.268024999998,695739.0,0.9745004353415966
2008-09-26,736274.268025,18205.268024999998,718069.0,0.975273795628042
2008-10-06,704374.2680249999,18205.268024999998,686168.9999999999,0.9741539848182617
2008-10-07,697356.268025,18205.268024999998,679151.0,0.9738938776924461
2008-10-08,675983.268025,18205.268024999998,657778.0,0.9730684635461617
2008-10-09,666413.268025,18205.268024999998,648208.0,0.9726817143377808
2008-10-10,621115.268025,18205.268024999998,602910.0,0.9706893889714087
2008-10-13,642517.268025,104.26802499999758,642413.0,0.9998377194976868
2008-10-14,628058.868025,104.26802499999758,627954.6,0.9998339836752439
2008-10-15,619515.268025,104.26802499999758,619411.0,0.9998316941803026
2008-10-16,591584.268025,104.26802499999758,591480.0,0.9998237478062963
2008-10-17,595527.4680250001,104.26802499999758,595423.2000000001,0.999824914835002
2008-10-20,618529.468025,104.26802499999758,618425.2,0.9998314259378248
2008-10-21,613271.868025,104.26802499999758,613167.6,0.9998299807468166
2008-10-22,603085.268025,104.26802499999758,602981.0,0.9998271089835414
2008-10-23,604399.668025,104.26802499999758,604295.4,0.9998274849730796
2008-10-24,590269.868025,104.26802499999758,590165.6,0.9998233553317758
2008-10-27,541637.0680249999,104.26802499999758,541532.7999999999,0.999807494665422
2008-10-28,560367.268025,104.26802499999758,560263.0,0.9998139291301444
2008-10-29,545580.268025,104.26802499999758,545476.0,0.9998088860042951
2008-10-30,554781.0680249999,104.26802499999758,554676.7999999999,0.9998120555458548
2008-10-31,545908.868025,104.26802499999758,545804.6,0.9998090010419189
2008-11-03,544594.468025,104.26802499999758,544490.2,0.9998085400584803
2008-11-04,530793.268025,104.26802499999758,530689.0,0.999803561892584
2008-11-05,547223.268025,104.26802499999758,547119.0,0.9998094598108441
2008-11-06,535722.268025,104.26802499999758,535618.0,0.9998053692533925
2008-11-07,543937.268025,104.26802499999758,543833.0,0.9998083087313017
2008-11-10,584026.468025,104.26802499999758,583922.2,0.9998214669527691
2008-11-11,581397.668025,104.26802499999758,581293.4,0.999820659712389
2008-11-12,588626.868025,104.26802499999758,588522.6,0.9998228622737697
2008-11-13,617215.0680249999,104.26802499999758,617110.7999999999,0.9998310669482946
2008-11-14,641042.5933749999,641042.5933749999,0.0,0.0
2008-11-17,641042.5933749999,641042.5933749999,0.0,0.0
2008-11-18,641042.5933749999,641042.5933749999,0.0,0.0
2008-11-19,641042.5933749999,641042.5933749999,0.0,0.0
2008-11-20,641042.5933749999,641042.5933749999,0.0,0.0
2008-11-21,641042.5933749999,641042.5933749999,0.0,0.0
2008-11-24,641042.5933749999,641042.5933749999,0.0,0.0
2008-11-25,641042.5933749999,641042.5933749999,0.0,0.0
2008-11-26,641042.5933749999,641042.5933749999,0.0,0.0
2008-11-27,641042.5933749999,641042.5933749999,0.0,0.0
2008-11-28,641042.5933749999,641042.5933749999,0.0,0.0
2008-12-01,641042.5933749999,641042.5933749999,0.0,0.0
2008-12-02,641042.5933749999,641042.5933749999,0.0,0.0
2008-12-03,641042.5933749999,641042.5933749999,0.0,0.0
2008-12-04,641042.5933749999,641042.5933749999,0.0,0.0
2008-12-05,641042.5933749999,641042.5933749999,0.0,0.0
2008-12-08,641042.5933749999,641042.5933749999,0.0,0.0
2008-12-09,641042.5933749999,641042.5933749999,0.0,0.0
2008-12-10,641042.5933749999,641042.5933749999,0.0,0.0
2008-12-11,641042.5933749999,641042.5933749999,0.0,0.0
2008-12-12,641042.5933749999,641042.5933749999,0.0,0.0
2008-12-15,641042.5933749999,641042.5933749999,0.0,0.0
2008-12-16,641042.5933749999,641042.5933749999,0.0,0.0
2008-12-17,641042.5933749999,641042.5933749999,0.0,0.0
2008-12-18,641042.5933749999,641042.5933749999,0.0,0.0
2008-12-19,641042.5933749999,641042.5933749999,0.0,0.0
2008-12-22,641042.5933749999,641042.5933749999,0.0,0.0
2008-12-23,641042.5933749999,641042.5933749999,0.0,0.0
2008-12-24,641042.5933749999,641042.5933749999,0.0,0.0
2008-12-25,641042.5933749999,641042.5933749999,0.0,0.0
2008-12-26,641042.5933749999,641042.5933749999,0.0,0.0
2008-12-29,641042.5933749999,641042.5933749999,0.0,0.0
2008-12-30,641042.5933749999,641042.5933749999,0.0,0.0
2008-12-31,641042.5933749999,641042.5933749999,0.0,0.0
2009-01-05,641042.5933749999,641042.5933749999,0.0,0.0
2009-01-06,641042.5933749999,641042.5933749999,0.0,0.0
2009-01-07,641042.5933749999,641042.5933749999,0.0,0.0
2009-01-08,641042.5933749999,641042.5933749999,0.0,0.0
2009-01-09,641042.5933749999,641042.5933749999,0.0,0.0
2009-01-12,641042.5933749999,641042.5933749999,0.0,0.0
2009-01-13,641042.5933749999,641042.5933749999,0.0,0.0
2009-01-14,641042.5933749999,641042.5933749999,0.0,0.0
2009-01-15,641042.5933749999,641042.5933749999,0.0,0.0
2009-01-16,641042.5933749999,641042.5933749999,0.0,0.0
2009-01-19,641042.5933749999,641042.5933749999,0.0,0.0
2009-01-20,641042.5933749999,641042.5933749999,0.0,0.0
2009-01-21,641042.5933749999,641042.5933749999,0.0,0.0
2009-01-22,641042.5933749999,641042.5933749999,0.0,0.0
2009-01-23,641042.5933749999,641042.5933749999,0.0,0.0
2009-02-02,641042.5933749999,641042.5933749999,0.0,0.0
2009-02-03,641042.5933749999,641042.5933749999,0.0,0.0
2009-02-04,641042.5933749999,641042.5933749999,0.0,0.0
2009-02-05,641042.5933749999,641042.5933749999,0.0,0.0
2009-02-06,641042.5933749999,641042.5933749999,0.0,0.0
2009-02-09,641042.5933749999,641042.5933749999,0.0,0.0
2009-02-10,641042.5933749999,641042.5933749999,0.0,0.0
2009-02-11,641042.5933749999,641042.5933749999,0.0,0.0
2009-02-12,641042.5933749999,641042.5933749999,0.0,0.0
2009-02-13,641042.5933749999,641042.5933749999,0.0,0.0
2009-02-16,641042.5933749999,641042.5933749999,0.0,0.0
2009-02-17,641042.5933749999,641042.5933749999,0.0,0.0
2009-02-18,641042.5933749999,641042.5933749999,0.0,0.0
2009-02-19,641042.5933749999,641042.5933749999,0.0,0.0
2009-02-20,641042.5933749999,641042.5933749999,0.0,0.0
2009-02-23,641042.5933749999,641042.5933749999,0.0,0.0
2009-02-24,641042.5933749999,641042.5933749999,0.0,0.0
2009-02-25,641042.5933749999,641042.5933749999,0.0,0.0
2009-02-26,641042.5933749999,641042.5933749999,0.0,0.0
2009-02-27,641042.5933749999,641042.5933749999,0.0,0.0
2009-03-02,641042.5933749999,641042.5933749999,0.0,0.0
2009-03-03,641042.5933749999,641042.5933749999,0.0,0.0
2009-03-04,641042.5933749999,641042.5933749999,0.0,0.0
2009-03-05,641042.5933749999,641042.5933749999,0.0,0.0
2009-03-06,641042.5933749999,641042.5933749999,0.0,0.0
2009-03-09,641042.5933749999,641042.5933749999,0.0,0.0
2009-03-10,641042.5933749999,641042.5933749999,0.0,0.0
2009-03-11,641042.5933749999,641042.5933749999,0.0,0.0
2009-03-12,641042.5933749999,641042.5933749999,0.0,0.0
2009-03-13,641042.5933749999,641042.5933749999,0.0,0.0
2009-03-16,641042.5933749999,641042.5933749999,0.0,0.0
2009-03-17,641042.5933749999,641042.5933749999,0.0,0.0
2009-03-18,641042.5933749999,641042.5933749999,0.0,0.0
2009-03-19,641042.5933749999,641042.5933749999,0.0,0.0
2009-03-20,641042.5933749999,641042.5933749999,0.0,0.0
2009-03-23,641042.5933749999,641042.5933749999,0.0,0.0
2009-03-24,641042.5933749999,641042.5933749999,0.0,0.0
2009-03-25,641042.5933749999,641042.5933749999,0.0,0.0
2009-03-26,641042.5933749999,641042.5933749999,0.0,0.0
2009-03-27,641042.5933749999,641042.5933749999,0.0,0.0
2009-03-30,641042.5933749999,641042.5933749999,0.0,0.0
2009-03-31,641042.5933749999,641042.5933749999,0.0,0.0
2009-04-01,641042.5933749999,641042.5933749999,0.0,0.0
2009-04-02,641042.5933749999,641042.5933749999,0.0,0.0
2009-04-03,641042.5933749999,641042.5933749999,0.0,0.0
2009-04-07,641042.5933749999,641042.5933749999,0.0,0.0
2009-04-08,641042.5933749999,641042.5933749999,0.0,0.0
2009-04-09,641042.5933749999,641042.5933749999,0.0,0.0
2009-04-10,641042.5933749999,641042.5933749999,0.0,0.0
2009-04-13,641042.5933749999,641042.5933749999,0.0,0.0
2009-04-14,641042.5933749999,641042.5933749999,0.0,0.0
2009-04-15,641042.5933749999,641042.5933749999,0.0,0.0
2009-04-16,641042.5933749999,641042.5933749999,0.0,0.0
2009-04-17,641042.5933749999,641042.5933749999,0.0,0.0
2009-04-20,641042.5933749999,641042.5933749999,0.0,0.0
2009-04-21,641042.5933749999,641042.5933749999,0.0,0.0
2009-04-22,641042.5933749999,641042.5933749999,0.0,0.0
2009-04-23,641042.5933749999,641042.5933749999,0.0,0.0
2009-04-24,641042.5933749999,641042.5933749999,0.0,0.0
2009-04-27,641042.5933749999,641042.5933749999,0.0,0.0
2009-04-28,641042.5933749999,641042.5933749999,0.0,0.0
2009-04-29,641042.5933749999,641042.5933749999,0.0,0.0
2009-04-30,641042.5933749999,641042.5933749999,0.0,0.0
2009-05-04,641042.5933749999,641042.5933749999,0.0,0.0
2009-05-05,641042.5933749999,641042.5933749999,0.0,0.0
2009-05-06,641042.5933749999,641042.5933749999,0.0,0.0
2009-05-07,641042.5933749999,641042.5933749999,0.0,0.0
2009-05-08,641042.5933749999,641042.5933749999,0.0,0.0
2009-05-11,641042.5933749999,641042.5933749999,0.0,0.0
2009-05-12,641042.5933749999,641042.5933749999,0.0,0.0
2009-05-13,641042.5933749999,641042.5933749999,0.0,0.0
2009-05-14,641042.5933749999,641042.5933749999,0.0,0.0
2009-05-15,641042.5933749999,641042.5933749999,0.0,0.0
2009-05-18,641042.5933749999,641042.5933749999,0.0,0.0
2009-05-19,641042.5933749999,641042.5933749999,0.0,0.0
2009-05-20,641042.5933749999,641042.5933749999,0.0,0.0
2009-05-21,641042.5933749999,641042.5933749999,0.0,0.0
2009-05-22,641042.5933749999,641042.5933749999,0.0,0.0
2009-05-25,641042.5933749999,641042.5933749999,0.0,0.0
2009-05-26,641042.5933749999,641042.5933749999,0.0,0.0
2009-05-27,641042.5933749999,641042.5933749999,0.0,0.0
2009-06-01,641042.5933749999,641042.5933749999,0.0,0.0
2009-06-02,641042.5933749999,641042.5933749999,0.0,0.0
2009-06-03,641042.5933749999,641042.5933749999,0.0,0.0
2009-06-04,641042.5933749999,641042.5933749999,0.0,0.0
2009-06-05,641042.5933749999,641042.5933749999,0.0,0.0
2009-06-08,641042.5933749999,641042.5933749999,0.0,0.0
2009-06-09,641042.5933749999,641042.5933749999,0.0,0.0
2009-06-10,641042.5933749999,641042.5933749999,0.0,0.0
2009-06-11,641042.5933749999,641042.5933749999,0.0,0.0
2009-06-12,641042.5933749999,641042.5933749999,0.0,0.0
2009-06-15,641042.5933749999,641042.5933749999,0.0,0.0
2009-06-16,641042.5933749999,641042.5933749999,0.0,0.0
2009-06-17,641042.5933749999,641042.5933749999,0.0,0.0
2009-06-18,641042.5933749999,641042.5933749999,0.0,0.0
2009-06-19,641042.5933749999,641042.5933749999,0.0,0.0
2009-06-22,641042.5933749999,641042.5933749999,0.0,0.0
2009-06-23,641042.5933749999,641042.5933749999,0.0,0.0
2009-06-24,641042.5933749999,641042.5933749999,0.0,0.0
2009-06-25,641042.5933749999,641042.5933749999,0.0,0.0
2009-06-26,641042.5933749999,641042.5933749999,0.0,0.0
2009-06-29,641042.5933749999,641042.5933749999,0.0,0.0
2009-06-30,641042.5933749999,641042.5933749999,0.0,0.0
2009-07-01,641042.5933749999,641042.5933749999,0.0,0.0
2009-07-02,641042.5933749999,641042.5933749999,0.0,0.0
2009-07-03,641042.5933749999,641042.5933749999,0.0,0.0
2009-07-06,641042.5933749999,641042.5933749999,0.0,0.0
2009-07-07,641042.5933749999,641042.5933749999,0.0,0.0
2009-07-08,641042.5933749999,641042.5933749999,0.0,0.0
2009-07-09,641042.5933749999,641042.5933749999,0.0,0.0
2009-07-10,641042.5933749999,641042.5933749999,0.0,0.0
2009-07-13,641042.5933749999,641042.5933749999,0.0,0.0
2009-07-14,641042.5933749999,641042.5933749999,0.0,0.0
2009-07-15,641042.5933749999,641042.5933749999,0.0,0.0
2009-07-16,641042.5933749999,641042.5933749999,0.0,0.0
2009-07-17,641042.5933749999,641042.5933749999,0.0,0.0
2009-07-20,641042.5933749999,641042.5933749999,0.0,0.0
2009-07-21,641042.5933749999,641042.5933749999,0.0,0.0
2009-07-22,641042.5933749999,641042.5933749999,0.0,0.0
2009-07-23,641042.5933749999,641042.5933749999,0.0,0.0
2009-07-24,641042.5933749999,641042.5933749999,0.0,0.0
2009-07-27,641042.5933749999,641042.5933749999,0.0,0.0
2009-07-28,641042.5933749999,641042.5933749999,0.0,0.0
2009-07-29,641042.5933749999,641042.5933749999,0.0,0.0
2009-07-30,641042.5933749999,641042.5933749999,0.0,0.0
2009-07-31,641042.5933749999,641042.5933749999,0.0,0.0
2009-08-03,641042.5933749999,641042.5933749999,0.0,0.0
2009-08-04,641042.5933749999,641042.5933749999,0.0,0.0
2009-08-05,641042.5933749999,641042.5933749999,0.0,0.0
2009-08-06,641042.5933749999,641042.5933749999,0.0,0.0
2009-08-07,641042.5933749999,641042.5933749999,0.0,0.0
2009-08-10,641042.5933749999,641042.5933749999,0.0,0.0
2009-08-11,641042.5933749999,641042.5933749999,0.0,0.0
2009-08-12,641042.5933749999,641042.5933749999,0.0,0.0
2009-08-13,643753.9294749999,441137.02947499993,202616.89999999997,0.31474277782698734
2009-08-14,638231.3294749999,441137.02947499993,197094.3,0.3088132639338263
2009-08-17,614849.17505,241269.37504999992,373579.80000000005,0.607595838393408
2009-08-18,617282.5750499999,241269.37504999992,376013.19999999995,0.6091427414252587
2009-08-19,587050.3320249999,41447.33202499992,545603.0,0.9293973109903039
2009-08-20,614573.3320249999,41447.33202499992,573126.0,0.9325591758294617
2009-08-21,624287.3320249999,41447.33202499992,582840.0,0.9336085646803737
2009-08-24,632706.1320249999,41447.33202499992,591258.8,0.9344919703996765
2009-08-25,615868.5320249998,41447.33202499992,574421.2,0.9327010070010893
2009-08-26,632706.1320249999,41447.33202499992,591258.8,0.9344919703996765
2009-08-27,627525.3320249999,41447.33202499992,586078.0,0.9339511412371976
2009-08-28,608906.8320249999,41447.33202499992,567459.5,0.9319315700775416
2009-08-31,560336.8320249999,41447.33202499992,518889.5,0.9260313981588297
2009-09-01,565193.8320249999,41447.33202499992,523746.5,0.9266670482292761
2009-09-02,569727.0320249998,41447.33202499992,528279.7,0.9272505433388297
2009-09-03,603402.2320249999,41447.33202499992,561954.9,0.9313106087030804
2009-09-04,611173.4320249999,41447.33202499992,569726.1,0.9321840089028862
2009-09-07,615868.5320249998,41447.33202499992,574421.2,0.9327010070010893
2009-09-08,632058.532025,41447.33202499992,590611.2000000001,0.9344248516158619
2009-09-09,637239.3320249999,41447.33202499992,595792.0,0.934957982123781
2009-09-10,629630.0320249998,41447.33202499992,588182.7,0.9341719265015075
2009-09-11,641610.6320249998,41447.33202499992,600163.2999999999,0.9354011140772602
2009-09-14,656667.3320249999,41447.33202499992,615220.0,0.936882299448053
2009-09-15,659257.7320249999,41447.33202499992,617810.4,0.9371303057793668
2009-09-16,653429.3320249999,41447.33202499992,611982.0,0.9365695263532887
2009-09-17,663790.9320249999,41447.33202499992,622343.6,0.937559659185825
2009-09-18,638696.4320249999,41447.33202499992,597249.1,0.9351063667389056
2009-09-21,644524.8320249999,41447.33202499992,603077.5,0.9356931960328376
2009-09-22,628820.532025,41447.33202499992,587373.2000000001,0.9340871839990236
2009-09-23,611821.032025,41447.33202499992,570373.7000000001,0.9322557907370104
2009-09-24,611982.9320249999,41447.33202499992,570535.6,0.9322737124581986
2009-09-25,607611.6320249998,41447.33202499992,566164.2999999999,0.9317864737268647
2009-09-28,591907.3320249999,41447.33202499992,550460.0,0.9299766538062595
2009-09-29,591583.532025,41447.33202499992,550136.2000000001,0.9299383269119662
2009-09-30,597897.6320249998,41447.33202499992,556450.2999999999,0.9306782134516518
2009-10-09,629306.2320249998,41447.33202499992,587858.8999999999,0.9341380556622974
2009-10-12,625906.3320249999,41447.33202499992,584459.0,0.933780296021443
2009-10-13,635134.6320249998,41447.33202499992,593687.2999999999,0.9347424468213088
2009-10-14,638534.532025,41447.33202499992,597087.2000000001,0.9350899130019531
2009-10-15,641286.8320249999,41447.33202499992,599839.5,0.9353684966614376
2009-10-16,643553.4320249999,41447.33202499992,602106.1,0.9355961292995019
2009-10-19,663467.1320249999,41447.33202499992,622019.8,0.9375291856606423
2009-10-20,671724.0320249998,41447.33202499992,630276.7,0.9382970832529968
2009-10-21,670428.8320249999,41447.33202499992,628981.5,0.9381778795225586
2009-10-22,667838.432025,41447.33202499992,626391.1000000001,0.9379380849656638
2009-10-23,679009.532025,41447.33202499992,637562.2000000001,0.9389591308072036
2009-10-26,678361.9320249999,41447.33202499992,636914.6,0.9389008579811161
2009-10-27,660552.9320249999,41447.33202499992,619105.6,0.9372535795156667
2009-10-28,666057.532025,41447.33202499992,624610.2000000001,0.9377721442485779
2009-10-29,651648.4320249999,41447.33202499992,610201.1,0.9363961762384632
2009-10-30,657476.8320249999,41447.33202499992,616029.5,0.9369600113553144
2009-11-02,680628.5320249998,41447.33202499992,639181.2,0.9391043277282453
2009-11-03,688723.532025,41447.33202499992,647276.2000000001,0.9398200727901143
2009-11-04,690990.1320249998,41447.33202499992,649542.7999999999,0.9400174762213531
2009-11-05,691152.0320249998,41447.33202499992,649704.7,0.9400315269224288
2009-11-06,695199.532025,41447.33202499992,653752.2000000001,0.9403806675412011
2009-11-09,696980.432025,41447.33202499992,655533.1000000001,0.9405330047723446
2009-11-10,701999.3320249999,41447.33202499992,660552.0,0.9409581603084434
2009-11-11,700380.3320249999,41447.33202499992,658933.0,0.940821679122308
2009-11-12,704104.0320249998,41447.33202499992,662656.7,0.9411346475238928
2009-11-13,707665.8320249999,41447.33202499992,666218.5,0.9414309266474015
2009-11-16,720771.75845,720771.75845,0.0,0.0
2009-11-17,720771.75845,720771.75845,0.0,0.0
2009-11-18,720771.75845,720771.75845,0.0,0.0
2009-11-19,720771.75845,720771.75845,0.0,0.0
2009-11-20,720771.75845,720771.75845,0.0,0.0
2009-11-23,720771.75845,720771.75845,0.0,0.0
2009-11-24,720771.75845,720771.75845,0.0,0.0
2009-11-25,720771.75845,720771.75845,0.0,0.0
2009-11-26,720771.75845,720771.75845,0.0,0.0
2009-11-27,720771.75845,720771.75845,0.0,0.0
2009-11-30,720771.75845,720771.75845,0.0,0.0
2009-12-01,720771.75845,720771.75845,0.0,0.0
2009-12-02,720771.75845,720771.75845,0.0,0.0
2009-12-03,720771.75845,720771.75845,0.0,0.0
2009-12-04,720771.75845,720771.75845,0.0,0.0
2009-12-07,720771.75845,720771.75845,0.0,0.0
2009-12-08,720771.75845,720771.75845,0.0,0.0
2009-12-09,720771.75845,720771.75845,0.0,0.0
2009-12-10,720771.75845,720771.75845,0.0,0.0
2009-12-11,720771.75845,720771.75845,0.0,0.0
2009-12-14,720771.75845,720771.75845,0.0,0.0
2009-12-15,720771.75845,720771.75845,0.0,0.0
2009-12-16,720771.75845,720771.75845,0.0,0.0
2009-12-17,720771.75845,720771.75845,0.0,0.0
2009-12-18,720771.75845,720771.75845,0.0,0.0
2009-12-21,722079.9356999999,521030.83569999994,201049.09999999998,0.27843053110885657
2009-12-22,717603.2357,521030.83569999994,196572.40000000002,0.2739290881377502
2009-12-23,721311.4900999999,321198.49009999994,400113.0,0.5547021023393511
2009-12-24,736637.9900999999,321198.49009999994,415439.5,0.5639669764297702
2009-12-25,736434.9900999999,321198.49009999994,415236.5,0.5638467829232494
2009-12-28,742626.4900999999,321198.49009999994,421428.0,0.567483123236355
2009-12-29,744656.4900999998,321198.49009999994,423457.9999999999,0.5686622028139898
2009-12-30,749020.9900999999,321198.49009999994,427822.5,0.5711755820659745
2009-12-31,750847.9900999998,321198.49009999994,429649.4999999999,0.5722190185829465
2010-01-04,744859.4901,321198.49009999994,423661.0000000001,0.568779757297745
2010-01-05,746178.9900999999,321198.49009999994,424980.5,0.5695423023677547
2010-01-06,745468.4900999999,321198.49009999994,424270.0,0.5691320366110804
2010-01-07,737246.9900999999,321198.49009999994,416048.5,0.5643271598078241
2010-01-08,738972.4900999998,321198.49009999994,417773.9999999999,0.5653444554390185
2010-01-11,735724.4900999998,321198.49009999994,414525.9999999999,0.5634255833235311
2010-01-12,744351.9900999998,321198.49009999994,423153.4999999999,0.568485750865194
2010-01-13,733491.4900999999,321198.49009999994,412293.0,0.5620965008657297
2010-01-14,740494.9900999999,321198.49009999994,419296.5,0.5662381320680863
2010-01-15,743438.4900999999,321198.49009999994,422240.0,0.567955527757521
2010-01-18,747396.9900999999,321198.49009999994,426198.5,0.5702438003436108
2010-01-19,747498.4900999999,321198.49009999994,426300.0,0.570302155316688
2010-01-20,733186.9900999999,321198.49009999994,411988.5,0.5619146350971238
2010-01-21,732679.4900999999,321198.49009999994,411481.0,0.5616111895582595
2010-01-22,722123.4900999999,321198.49009999994,400925.0,0.5552028226425368
2010-01-25,716284.5654,121449.76539999995,594834.8,0.8304448102519453
2010-01-26,700261.5654,121449.76539999995,578811.8,0.8265651416544245
2010-01-27,695860.1843249999,295.1843249999365,695565.0,0.9995757993751485
2010-01-28,703609.1843249999,295.1843249999365,703314.0,0.9995804711883016
2010-01-29,704347.1843249999,295.1843249999365,704052.0,0.9995809107616682
2010-02-01,693830.6843249999,295.1843249999365,693535.5,0.9995745585606565
2010-02-02,691063.1843249999,295.1843249999365,690768.0,0.9995728547957764
2010-02-03,710620.1843249999,295.1843249999365,710325.0,0.99958461027211
2010-02-04,706930.1843249999,295.1843249999365,706635.0,0.9995824420408901
2010-02-05,691063.1843249999,295.1843249999365,690768.0,0.9995728547957764
2010-02-08,694199.6843249999,295.1843249999365,693904.5,0.9995747847029246
2010-02-09,696413.6843249999,295.1843249999365,696118.5,0.9995761365239598
2010-02-10,707852.6843249999,295.1843249999365,707557.5,0.9995829862179849
2010-02-11,708775.1843249999,295.1843249999365,708480.0,0.999583528978542
2010-02-12,715786.1843249999,295.1843249999365,715491.0,0.9995876082390746
2010-02-22,711727.1843249999,295.1843249999365,711432.0,0.9995852563573501
2010-02-23,707114.6843249999,295.1843249999365,706819.5,0.9995825509898982
2010-02-24,718369.1843249999,295.1843249999365,718074.0,0.9995890910531229
2010-02-25,729072.44445,729072.44445,0.0,0.0
2010-02-26,729072.44445,729072.44445,0.0,0.0
2010-03-01,729072.44445,729072.44445,0.0,0.0
2010-03-02,729072.44445,729072.44445,0.0,0.0
2010-03-03,729072.44445,729072.44445,0.0,0.0
2010-03-04,729072.44445,729072.44445,0.0,0.0
2010-03-05,729072.44445,729072.44445,0.0,0.0
2010-03-08,729072.44445,729072.44445,0.0,0.0
2010-03-09,729072.44445,729072.44445,0.0,0.0
2010-03-10,729072.44445,729072.44445,0.0,0.0
2010-03-11,729072.44445,729072.44445,0.0,0.0
2010-03-12,729072.44445,729072.44445,0.0,0.0
2010-03-15,729072.44445,729072.44445,0.0,0.0
2010-03-16,729072.44445,729072.44445,0.0,0.0
2010-03-17,729072.44445,729072.44445,0.0,0.0
2010-03-18,729072.44445,729072.44445,0.0,0.0
2010-03-19,729072.44445,729072.44445,0.0,0.0
2010-03-22,729072.44445,729072.44445,0.0,0.0
2010-03-23,729072.44445,729072.44445,0.0,0.0
2010-03-24,729072.44445,729072.44445,0.0,0.0
2010-03-25,729072.44445,729072.44445,0.0,0.0
2010-03-26,729072.44445,729072.44445,0.0,0.0
2010-03-29,729072.44445,729072.44445,0.0,0.0
2010-03-30,729072.44445,729072.44445,0.0,0.0
2010-03-31,729072.44445,729072.44445,0.0,0.0
2010-04-01,729072.44445,729072.44445,0.0,0.0
2010-04-02,729072.44445,729072.44445,0.0,0.0
2010-04-06,729072.44445,729072.44445,0.0,0.0
2010-04-07,729072.44445,729072.44445,0.0,0.0
2010-04-08,729072.44445,729072.44445,0.0,0.0
2010-04-09,729072.44445,729072.44445,0.0,0.0
2010-04-12,729072.44445,729072.44445,0.0,0.0
2010-04-13,729072.44445,729072.44445,0.0,0.0
2010-04-14,729072.44445,729072.44445,0.0,0.0
2010-04-15,729072.44445,729072.44445,0.0,0.0
2010-04-16,729072.44445,729072.44445,0.0,0.0
2010-04-19,729072.44445,729072.44445,0.0,0.0
2010-04-20,726853.593625,529219.193625,197634.40000000002,0.27190400065898834
2010-04-21,731984.893625,529219.193625,202765.70000000007,0.2770080390537104
2010-04-22,730873.9936249999,529219.193625,201654.79999999993,0.2759091194363469
2010-04-23,730080.493625,529219.193625,200861.30000000005,0.2751221293458785
2010-04-26,729392.7936249999,529219.193625,200173.59999999998,0.27443868619150974
2010-04-27,725372.393625,529219.193625,196153.20000000007,0.27041723909527016
2010-04-28,724949.193625,529219.193625,195730.0,0.26999133418064986
2010-04-29,721087.4936249999,529219.193625,191868.29999999993,0.2660818578830888
2010-04-30,720188.193625,529219.193625,190969.0,0.2651654132772927
2010-05-04,717067.093625,529219.193625,187847.90000000002,0.261966978641245
2010-05-05,718812.7936249999,529219.193625,189593.59999999998,0.26375935665233824
2010-05-06,710137.193625,529219.193625,180918.0,0.2547648561772654
2010-05-07,704180.4339249999,329330.4339249999,374850.0,0.5323209534673383
2010-05-10,704967.9339249999,329330.4339249999,375637.5,0.532843384675087
2010-05-11,696755.4339249999,329330.4339249999,367425.0,0.5273371144451675
2010-05-12,698330.4339249999,329330.4339249999,369000.0,0.5284031485295831
2010-05-13,708230.4339249999,329330.4339249999,378900.0,0.534995365703424
2010-05-14,705305.4339249999,329330.4339249999,375975.0,0.533066926633065
2010-05-17,683592.9339249999,329330.4339249999,354262.5,0.5182360472422141
2010-05-18,691805.4339249999,329330.4339249999,362475.0,0.523955121230367
2010-05-19,691017.9339249999,329330.4339249999,361687.5,0.523412609489895
2010-05-20,688430.4339249999,329330.4339249999,359100.0,0.5216213320968922
2010-05-21,698330.4339249999,329330.4339249999,369000.0,0.5284031485295831
2010-05-24,713405.4339249999,329330.4339249999,384075.0,0.5383684812812594
2010-05-25,705192.9339249999,329330.4339249999,375862.5,0.5329924364216254
2010-05-26,705530.4339249999,329330.4339249999,376200.0,0.5332158357891493
2010-05-27,713742.9339249999,329330.4339249999,384412.5,0.5385867680483322
2010-05-28,711942.9339249999,329330.4339249999,382612.5,0.5374201804218013
2010-05-31,701255.4339249999,329330.4339249999,371925.0,0.5303702217582785
2010-06-01,696417.9339249999,329330.4339249999,367087.5,0.5271080512402961
2010-06-02,699567.9339249999,329330.4339249999,370237.5,0.5292373793103171
2010-06-03,696642.9339249999,329330.4339249999,367312.5,0.5272607847042982
2010-06-04,700467.9339249999,329330.4339249999,371137.5,0.5298422412006346
2010-06-07,693267.9339249999,329330.4339249999,363937.5,0.5249593731236558
2010-06-08,696305.4339249999,329330.4339249999,366975.0,0.5270316474932571
2010-06-09,707330.4339249999,329330.4339249999,378000.0,0.534403698569091
2010-06-10,704067.9339249999,329330.4339249999,374737.5,0.5322462250353224
2010-06-11,703055.4339249999,329330.4339249999,373725.0,0.5315725929512807
2010-06-17,699792.9339249999,329330.4339249999,370462.5,0.5293887406409625
2010-06-18,689667.9339249999,329330.4339249999,360337.5,0.5224797069355787
2010-06-21,702605.4339249999,329330.4339249999,373275.0,0.5312725777179877
2010-06-22,704292.9339249999,329330.4339249999,374962.5,0.5323956580259113
2010-06-23,701030.4339249999,329330.4339249999,371700.0,0.5302194912122268
2010-06-24,701930.4339249999,329330.4339249999,372600.0,0.5308218336061087
2010-06-25,695742.9339249999,329330.4339249999,366412.5,0.5266492581288633
2010-06-28,692367.9339249999,329330.4339249999,363037.5,0.5243418740408127
2010-06-29,674255.4339249999,329330.4339249999,344925.0,0.5115642865376853
2010-06-30,665202.7526499999,129355.3526499999,535847.4,0.8055399618617319
2010-07-01,657540.15265,129355.3526499999,528184.8,0.8032738348697406
2010-07-02,655733.44505,92.64504999990459,655640.8,0.999858715380923
2010-07-05,653071.8450499999,92.64504999990459,652979.2,0.9998581395742258
2010-07-06,668154.2450499999,92.64504999990459,668061.6,0.9998613418223616
2010-07-07,677026.2450499999,92.64504999990459,676933.6,0.9998631588499304
2010-07-08,676804.44505,92.64504999990459,676711.8,0.9998631140048244
2010-07-09,699871.6450499999,92.64504999990459,699779.0,0.999867625655854
2010-07-12,707634.6450499999,92.64504999990459,707542.0,0.9998690778487911
2010-07-13,697431.84505,92.64504999990459,697339.2000000001,0.9998671625755872
2010-07-14,698319.04505,92.64504999990459,698226.4,0.9998673313428058
2010-07-15,689447.04505,92.64504999990459,689354.4,0.99986562412492
2010-07-16,695213.8450499999,92.64504999990459,695121.2,0.9998667387730271
2010-07-19,716728.4450499999,92.64504999990459,716635.7999999999,0.9998707389798189
2010-07-20,735137.84505,92.64504999990459,735045.2000000001,0.9998739759480161
2010-07-21,732254.44505,92.64504999990459,732161.8,0.9998734797028188
2010-07-22,744897.04505,92.64504999990459,744804.4,0.9998756270405211
2010-07-23,748002.2450499999,92.64504999990459,747909.6,0.9998761433530273
2010-07-26,754434.4450499999,92.64504999990459,754341.7999999999,0.999877199337056
2010-07-27,753547.2450499999,92.64504999990459,753454.6,0.9998770547558783
2010-07-28,774174.6450499999,92.64504999990459,774082.0,0.9998803305551373
2010-07-29,775949.04505,92.64504999990459,775856.4,0.9998806042090123
2010-07-30,773952.8450499999,92.64504999990459,773860.2,0.9998802962601759
2010-08-02,791253.24505,92.64504999990459,791160.6000000001,0.9998829135291646
2010-08-03,773509.2450499999,92.64504999990459,773416.6,0.9998802276112498
2010-08-04,782603.04505,92.64504999990459,782510.4,0.9998816193591554
2010-08-05,773952.8450499999,92.64504999990459,773860.2,0.9998802962601759
2010-08-06,789035.2450499999,92.64504999990459,788942.6,0.9998825843958414
2010-08-09,793027.6450499999,92.64504999990459,792935.0,0.9998831755102382
2010-08-10,768851.44505,92.64504999990459,768758.8,0.9998795020148608
2010-08-11,774840.04505,92.64504999990459,774747.4,0.9998804333222169
2010-08-12,765302.6450499999,92.64504999990459,765210.0,0.9998789432512756
2010-08-13,779941.44505,92.64504999990459,779848.8,0.999881215377657
2010-08-16,801456.04505,92.64504999990459,801363.4,0.9998844040785866
2010-08-17,808331.84505,92.64504999990459,808239.2000000001,0.9998853873559884
2010-08-18,808997.2450499999,92.64504999990459,808904.6,0.999885481624855
2010-08-19,817443.0563499999,817443.0563499999,0.0,0.0
2010-08-20,817443.0563499999,817443.0563499999,0.0,0.0
2010-08-23,817443.0563499999,817443.0563499999,0.0,0.0
2010-08-24,817443.0563499999,817443.0563499999,0.0,0.0
2010-08-25,817443.0563499999,817443.0563499999,0.0,0.0
2010-08-26,817443.0563499999,817443.0563499999,0.0,0.0
2010-08-27,817443.0563499999,817443.0563499999,0.0,0.0
2010-08-30,817443.0563499999,817443.0563499999,0.0,0.0
2010-08-31,817443.0563499999,817443.0563499999,0.0,0.0
2010-09-01,817443.0563499999,817443.0563499999,0.0,0.0
2010-09-02,817443.0563499999,817443.0563499999,0.0,0.0
2010-09-03,817443.0563499999,817443.0563499999,0.0,0.0
2010-09-06,817443.0563499999,817443.0563499999,0.0,0.0
2010-09-07,817443.0563499999,817443.0563499999,0.0,0.0
2010-09-08,817443.0563499999,817443.0563499999,0.0,0.0
2010-09-09,817443.0563499999,817443.0563499999,0.0,0.0
2010-09-10,817443.0563499999,817443.0563499999,0.0,0.0
2010-09-13,817443.0563499999,817443.0563499999,0.0,0.0
2010-09-14,817443.0563499999,817443.0563499999,0.0,0.0
2010-09-15,817443.0563499999,817443.0563499999,0.0,0.0
2010-09-16,817443.0563499999,817443.0563499999,0.0,0.0
2010-09-17,817443.0563499999,817443.0563499999,0.0,0.0
2010-09-20,817443.0563499999,817443.0563499999,0.0,0.0
2010-09-21,817443.0563499999,817443.0563499999,0.0,0.0
2010-09-27,817443.0563499999,817443.0563499999,0.0,0.0
2010-09-28,817443.0563499999,817443.0563499999,0.0,0.0
2010-09-29,817443.0563499999,817443.0563499999,0.0,0.0
2010-09-30,817443.0563499999,817443.0563499999,0.0,0.0
2010-10-08,817443.0563499999,817443.0563499999,0.0,0.0
2010-10-11,817443.0563499999,817443.0563499999,0.0,0.0
2010-10-12,817443.0563499999,817443.0563499999,0.0,0.0
2010-10-13,817443.0563499999,817443.0563499999,0.0,0.0
2010-10-14,817443.0563499999,817443.0563499999,0.0,0.0
2010-10-15,817443.0563499999,817443.0563499999,0.0,0.0
2010-10-18,817443.0563499999,817443.0563499999,0.0,0.0
2010-10-19,817443.0563499999,817443.0563499999,0.0,0.0
2010-10-20,817443.0563499999,817443.0563499999,0.0,0.0
2010-10-21,817443.0563499999,817443.0563499999,0.0,0.0
2010-10-22,817443.0563499999,817443.0563499999,0.0,0.0
2010-10-25,817443.0563499999,817443.0563499999,0.0,0.0
2010-10-26,817443.0563499999,817443.0563499999,0.0,0.0
2010-10-27,817443.0563499999,817443.0563499999,0.0,0.0
2010-10-28,817443.0563499999,817443.0563499999,0.0,0.0
2010-10-29,817443.0563499999,817443.0563499999,0.0,0.0
2010-11-01,817443.0563499999,817443.0563499999,0.0,0.0
2010-11-02,817443.0563499999,817443.0563499999,0.0,0.0
2010-11-03,817443.0563499999,817443.0563499999,0.0,0.0
2010-11-04,817443.0563499999,817443.0563499999,0.0,0.0
2010-11-05,817443.0563499999,817443.0563499999,0.0,0.0
2010-11-08,817443.0563499999,817443.0563499999,0.0,0.0
2010-11-09,817443.0563499999,817443.0563499999,0.0,0.0
2010-11-10,817443.0563499999,817443.0563499999,0.0,0.0
2010-11-11,817443.0563499999,817443.0563499999,0.0,0.0
2010-11-12,817443.0563499999,817443.0563499999,0.0,0.0
2010-11-15,817443.0563499999,817443.0563499999,0.0,0.0
2010-11-16,817443.0563499999,817443.0563499999,0.0,0.0
2010-11-17,814161.0739749998,617463.5739749998,196697.5,0.2415953136148584
2010-11-18,823448.0109249998,217511.41092499983,605936.6,0.7358528916954165
2010-11-19,826784.2932999998,217511.41092499983,609272.8823749999,0.7369187916514089
2010-11-22,665274.7109249999,217511.41092499983,447763.30000000005,0.6730502342069018
2010-11-23,656522.7109249999,217511.41092499983,439011.30000000005,0.668691718800497
2010-11-24,663795.6002749999,217511.41092499983,446284.18935,0.6723217043998357
2010-11-25,667074.7002749998,217511.41092499983,449563.28935,0.6739324533889063
2010-11-26,664671.0002749998,217511.41092499983,447159.5893499999,0.6727532706632198
2010-11-29,664787.0002749999,217511.41092499983,447275.58935,0.6728103725929918
2010-11-30,661154.4002749998,217511.41092499983,443642.98934999993,0.6710126850331354
2010-12-01,660469.8002749998,217511.41092499983,442958.38934999995,0.6706716781987085
2010-12-02,661840.9002749998,217511.41092499983,444329.48934999993,0.6713539298725385
2010-12-03,660492.2002749998,217511.41092499983,442980.78935,0.6706828470730802
2010-12-06,659959.1002749999,217511.41092499983,442447.68935,0.6704168321425304
2010-12-07,663067.9002749998,217511.41092499983,445556.48934999993,0.6719620858817181
2010-12-08,661253.5002749998,217511.41092499983,443742.0893499999,0.6710619893360988
2010-12-09,657836.0002749999,217511.41092499983,440324.58935,0.6693531353801373
2010-12-10,660643.7002749998,217511.41092499983,443132.28935,0.6707583666741113
2010-12-13,668275.8913749998,425495.0020249998,242780.88934999995,0.3632944005363866
2010-12-14,668427.3913749998,425495.0020249998,242932.38934999995,0.36343871074803175
2010-12-15,668073.8913749998,425495.0020249998,242578.88934999995,0.36310188510844954
2010-12-16,667972.8913749998,425495.0020249998,242477.88934999995,0.36300558373090164
2010-12-17,668073.8913749998,425495.0020249998,242578.88934999995,0.36310188510844954
2010-12-20,667265.8913749998,425495.0020249998,241770.88934999995,0.36233065780088863
2010-12-21,668275.8913749998,425495.0020249998,242780.88934999995,0.3632944005363866
2010-12-22,667770.8913749998,425495.0020249998,242275.88934999995,0.3628128935826063
2010-12-23,667316.3913749998,425495.0020249998,241821.38934999995,0.36237891422347507
2010-12-24,666861.8913749998,425495.0020249998,241366.88934999995,0.3619443433067176
2010-12-27,666003.3913749998,425495.0020249998,240508.38934999995,0.36112186884432745
2010-12-28,665195.3913749998,425495.0020249998,239700.38934999995,0.36034583591224906
2010-12-29,668021.8658749998,25693.076524999837,642328.78935,0.9615385695626204
2010-12-30,669347.7658749997,25693.076524999837,643654.6893499999,0.96161475717871
2010-12-31,679867.4658749998,25693.076524999837,654174.38935,0.962208698291023
2011-01-04,689039.3658749998,25693.076524999837,663346.28935,0.9627117436282141
2011-01-05,687648.2658749998,25693.076524999837,661955.18935,0.9626363101602436
2011-01-06,686474.5658749997,25693.076524999837,660781.4893499999,0.9625724275854989
2011-01-07,684583.6658749997,25693.076524999837,658890.5893499999,0.9624690482613835
2011-01-10,674629.1658749998,25693.076524999837,648936.08935,0.9619152597832386
2011-01-11,675476.8658749998,25693.076524999837,649783.78935,0.9619630548091126
2011-01-12,677954.5658749997,25693.076524999837,652261.4893499999,0.9621020672796279
2011-01-13,677128.6658749998,25693.076524999837,651435.58935,0.9620558428259736
2011-01-14,669782.3658749998,25693.076524999837,644089.28935,0.961639664114724
2011-01-17,651568.6658749998,25693.076524999837,625875.58935,0.9605673540324469
2011-01-18,650825.9502999999,24.36094999983834,650801.58935,0.999962569178459
2011-01-19,663612.7503,24.36094999983834,663588.3893500001,0.9999632904129873
2011-01-20,647456.1502999999,24.36094999983834,647431.78935,0.9999623743631308
2011-01-21,650320.7502999998,24.36094999983834,650296.38935,0.9999625401004217
2011-01-24,644175.9502999999,24.36094999983834,644151.58935,0.9999621827701134
2011-01-25,640956.7503,24.36094999983834,640932.3893500001,0.9999619928333878
2011-01-26,648511.5502999999,24.36094999983834,648487.18935,0.9999624355958061
2011-01-27,656090.7502999998,24.36094999983834,656066.38935,0.9999628695420737
2011-01-28,660764.5502999999,24.36094999983834,660740.18935,0.9999631321777344
2011-01-31,667239.5502999999,24.36094999983834,667215.18935,0.9999634899490162
2011-02-01,667369.9502999999,24.36094999983834,667345.58935,0.9999634970828565
2011-02-09,661082.5502999999,24.36094999983834,661058.18935,0.9999631499122329
2011-02-10,680177.1796999999,212653.5903499998,467523.58935,0.6873555939589252
2011-02-11,684235.5796999999,212653.5903499998,471581.98935000005,0.6892099787572624
2011-02-14,691268.1104999998,491260.7211499999,200007.38934999995,0.2893340316325788
2011-02-15,691268.1104999998,491260.7211499999,200007.38934999995,0.2893340316325788
2011-02-16,691268.1104999998,491260.7211499999,200007.38934999995,0.2893340316325788
2011-02-17,691268.1104999998,491260.7211499999,200007.38934999995,0.2893340316325788
2011-02-18,691268.1104999998,491260.7211499999,200007.38934999995,0.2893340316325788
2011-02-21,691268.1104999998,491260.7211499999,200007.38934999995,0.2893340316325788
2011-02-22,691268.1104999998,491260.7211499999,200007.38934999995,0.2893340316325788
2011-02-23,691268.1104999998,491260.7211499999,200007.38934999995,0.2893340316325788
2011-02-24,691268.1104999998,491260.7211499999,200007.38934999995,0.2893340316325788
2011-02-25,691268.1104999998,491260.7211499999,200007.38934999995,0.2893340316325788
2011-02-28,691268.1104999998,491260.7211499999,200007.38934999995,0.2893340316325788
2011-03-01,691268.1104999998,491260.7211499999,200007.38934999995,0.2893340316325788
2011-03-02,691268.1104999998,491260.7211499999,200007.38934999995,0.2893340316325788
2011-03-03,691268.1104999998,491260.7211499999,200007.38934999995,0.2893340316325788
2011-03-04,691268.1104999998,491260.7211499999,200007.38934999995,0.2893340316325788
2011-03-07,691268.1104999998,491260.7211499999,200007.38934999995,0.2893340316325788
2011-03-08,691268.1104999998,491260.7211499999,200007.38934999995,0.2893340316325788
2011-03-09,691268.1104999998,491260.7211499999,200007.38934999995,0.2893340316325788
2011-03-10,691268.1104999998,491260.7211499999,200007.38934999995,0.2893340316325788
2011-03-11,691268.1104999998,491260.7211499999,200007.38934999995,0.2893340316325788
2011-03-14,691268.1104999998,491260.7211499999,200007.38934999995,0.2893340316325788
2011-03-15,691268.1104999998,491260.7211499999,200007.38934999995,0.2893340316325788
2011-03-16,691268.1104999998,491260.7211499999,200007.38934999995,0.2893340316325788
2011-03-17,691268.1104999998,491260.7211499999,200007.38934999995,0.2893340316325788
2011-03-18,691268.1104999998,491260.7211499999,200007.38934999995,0.2893340316325788
2011-03-21,691268.1104999998,491260.7211499999,200007.38934999995,0.2893340316325788
2011-03-22,691268.1104999998,491260.7211499999,200007.38934999995,0.2893340316325788
2011-03-23,691268.1104999998,491260.7211499999,200007.38934999995,0.2893340316325788
2011-03-24,691268.1104999998,491260.7211499999,200007.38934999995,0.2893340316325788
2011-03-25,691268.1104999998,491260.7211499999,200007.38934999995,0.2893340316325788
2011-03-28,691268.1104999998,491260.7211499999,200007.38934999995,0.2893340316325788
2011-03-29,691268.1104999998,491260.7211499999,200007.38934999995,0.2893340316325788
2011-03-30,691268.1104999998,491260.7211499999,200007.38934999995,0.2893340316325788
2011-03-31,691268.1104999998,491260.7211499999,200007.38934999995,0.2893340316325788
2011-04-01,691268.1104999998,491260.7211499999,200007.38934999995,0.2893340316325788
2011-04-06,691268.1104999998,491260.7211499999,200007.38934999995,0.2893340316325788
2011-04-07,691268.1104999998,491260.7211499999,200007.38934999995,0.2893340316325788
2011-04-08,691268.1104999998,491260.7211499999,200007.38934999995,0.2893340316325788
2011-04-11,691268.1104999998,491260.7211499999,200007.38934999995,0.2893340316325788
2011-04-12,691268.1104999998,491260.7211499999,200007.38934999995,0.2893340316325788
2011-04-13,691268.1104999998,491260.7211499999,200007.38934999995,0.2893340316325788
2011-04-14,691268.1104999998,491260.7211499999,200007.38934999995,0.2893340316325788
2011-04-15,691268.1104999998,491260.7211499999,200007.38934999995,0.2893340316325788
2011-04-18,691268.1104999998,491260.7211499999,200007.38934999995,0.2893340316325788
2011-04-19,691268.1104999998,491260.7211499999,200007.38934999995,0.2893340316325788
2011-04-20,691268.1104999998,491260.7211499999,200007.38934999995,0.2893340316325788
2011-04-21,691268.1104999998,491260.7211499999,200007.38934999995,0.2893340316325788
2011-04-22,691268.1104999998,491260.7211499999,200007.38934999995,0.2893340316325788
2011-04-25,691268.1104999998,491260.7211499999,200007.38934999995,0.2893340316325788
2011-04-26,687841.7360249998,91262.84667499986,596578.8893499998,0.8673199925285096
2011-04-27,684644.0360249998,91262.84667499986,593381.1893499999,0.8667002969822591
2011-04-28,672493.6345249999,34.04517499986105,672459.58935,0.9999493747252732
2011-04-29,679892.7345249999,34.04517499986105,679858.68935,0.9999499256672839
2011-05-03,683894.7345249997,34.04517499986105,683860.6893499999,0.9999502186911506
2011-05-04,671999.1345249998,34.04517499986105,671965.0893499999,0.9999493374719538
2011-05-05,673427.4345249998,34.04517499986105,673393.38935,0.9999494449241976
2011-05-06,673783.9345249998,34.04517499986105,673749.88935,0.9999494716729572
2011-05-09,676714.1345249999,34.04517499986105,676680.08935,0.9999496904626889
2011-05-10,689419.9451749999,34.04517499986105,689385.9,0.9999506176529441
2011-05-11,687301.6451749998,34.04517499986105,687267.6,0.9999504654539403
2011-05-12,679741.5451749999,34.04517499986105,679707.5,0.9999499145296598
2011-05-13,684907.3451749999,34.04517499986105,684873.3,0.9999502922910088
2011-05-16,678110.8451749999,34.04517499986105,678076.8,0.9999497940856689
2011-05-17,681924.2451749998,34.04517499986105,681890.2,0.9999500748430038
2011-05-18,687276.3451749999,34.04517499986105,687242.3,0.9999504636304758
2011-05-19,683065.0451749999,34.04517499986105,683031.0,0.9999501582239637
2011-05-20,682772.9451749999,34.04517499986105,682738.9,0.9999501369009413
2011-05-23,659220.9451749999,34.04517499986105,659186.9,0.9999483554409958
2011-05-24,659439.4451749998,34.04517499986105,659405.3999999999,0.9999483725530085
2011-05-25,652514.1451749998,34.04517499986105,652480.1,0.9999478246176706
2011-05-26,649629.9451749998,34.04517499986105,649595.8999999999,0.9999475929715791
2011-05-27,644983.9451749999,34.04517499986105,644949.9,0.9999472154690755
2011-05-30,641646.6451749998,34.04517499986105,641612.6,0.9999469409288494
2011-05-31,652403.7451749998,34.04517499986105,652369.7,0.9999478157885333
2011-06-01,672705.2201499998,34.04517499986105,672671.174975,0.9999493906484147
2011-06-02,663969.8201499998,34.04517499986105,663935.774975,0.9999487248155463
2011-06-03,668707.8201499998,34.04517499986105,668673.774975,0.9999490881159544
2011-06-07,671472.4201499999,34.04517499986105,671438.374975,0.9999492977314061
2011-06-08,671681.7201499998,34.04517499986105,671647.674975,0.9999493135305331
2011-06-09,662571.4201499999,34.04517499986105,662537.374975,0.9999486165959405
2011-06-10,664935.8201499998,34.04517499986105,664901.774975,0.9999487993066877
2011-06-13,662884.2201499998,34.04517499986105,662850.174975,0.9999486408426012
2011-06-14,670299.4201499999,34.04517499986105,670265.374975,0.9999492090042503
2011-06-15,664857.6201499999,34.04517499986105,664823.574975,0.9999487932845048
2011-06-16,658433.7201499998,34.04517499986105,658399.674975,0.9999482936946302
2011-06-17,655078.0201499998,34.04517499986105,655043.9749749999,0.9999480288241207
2011-06-20,652157.0201499998,34.04517499986105,652122.9749749999,0.9999477960461239
2011-06-21,658068.0201499998,34.04517499986105,658033.9749749999,0.9999482649605248
2011-06-22,658346.3201499998,34.04517499986105,658312.274975,0.9999482868302627
2011-06-23,667969.5201499998,34.04517499986105,667935.4749749999,0.9999490318435604
2011-06-24,678487.7047749998,274826.82979999983,403660.8749749999,0.5949420632594397
2011-06-27,678018.5047749998,274826.82979999983,403191.674975,0.5946617564793442
2011-06-28,677627.5047749998,274826.82979999983,402800.674975,0.5944278709713036
2011-06-29,674734.1047749998,274826.82979999983,399907.27497499995,0.5926886934348087
2011-06-30,677080.1047749999,274826.82979999983,402253.27497500007,0.5940999774445782
2011-07-01,677158.3047749999,274826.82979999983,402331.474975,0.5941468518335357
2011-07-04,680782.1905249998,480832.3155499998,199949.87497499993,0.2937060894921536
2011-07-05,680782.1905249998,480832.3155499998,199949.87497499993,0.2937060894921536
2011-07-06,680782.1905249998,480832.3155499998,199949.87497499993,0.2937060894921536
2011-07-07,680782.1905249998,480832.3155499998,199949.87497499993,0.2937060894921536
2011-07-08,680782.1905249998,480832.3155499998,199949.87497499993,0.2937060894921536
2011-07-11,680782.1905249998,480832.3155499998,199949.87497499993,0.2937060894921536
2011-07-12,680782.1905249998,480832.3155499998,199949.87497499993,0.2937060894921536
2011-07-13,680782.1905249998,480832.3155499998,199949.87497499993,0.2937060894921536
2011-07-14,680782.1905249998,480832.3155499998,199949.87497499993,0.2937060894921536
2011-07-15,680782.1905249998,480832.3155499998,199949.87497499993,0.2937060894921536
2011-07-18,680782.1905249998,480832.3155499998,199949.87497499993,0.2937060894921536
2011-07-19,680782.1905249998,480832.3155499998,199949.87497499993,0.2937060894921536
2011-07-20,680782.1905249998,480832.3155499998,199949.87497499993,0.2937060894921536
2011-07-21,680782.1905249998,480832.3155499998,199949.87497499993,0.2937060894921536
2011-07-22,680782.1905249998,480832.3155499998,199949.87497499993,0.2937060894921536
2011-07-25,680782.1905249998,480832.3155499998,199949.87497499993,0.2937060894921536
2011-07-26,680782.1905249998,480832.3155499998,199949.87497499993,0.2937060894921536
2011-07-27,680782.1905249998,480832.3155499998,199949.87497499993,0.2937060894921536
2011-07-28,680782.1905249998,480832.3155499998,199949.87497499993,0.2937060894921536
2011-07-29,680782.1905249998,480832.3155499998,199949.87497499993,0.2937060894921536
2011-08-01,680782.1905249998,480832.3155499998,199949.87497499993,0.2937060894921536
2011-08-02,680782.1905249998,480832.3155499998,199949.87497499993,0.2937060894921536
2011-08-03,680782.1905249998,480832.3155499998,199949.87497499993,0.2937060894921536
2011-08-04,680782.1905249998,480832.3155499998,199949.87497499993,0.2937060894921536
2011-08-05,680782.1905249998,480832.3155499998,199949.87497499993,0.2937060894921536
2011-08-08,680782.1905249998,480832.3155499998,199949.87497499993,0.2937060894921536
2011-08-09,685519.4065249998,280846.3315499998,404673.07497499994,0.5903160014482277
2011-08-10,688053.8065249999,280846.3315499998,407207.4749750001,0.5918250449504701
2011-08-11,691433.0065249999,280846.3315499998,410586.67497500003,0.5938198944804852
2011-08-12,691714.6065249997,280846.3315499998,410868.2749749999,0.593985252153484
2011-08-15,694812.2065249998,280846.3315499998,413965.874975,0.5957953402191779
2011-08-16,692841.0065249999,280846.3315499998,411994.67497500003,0.5946453386779063
2011-08-17,691996.2065249998,280846.3315499998,411149.874975,0.5941504752456275
2011-08-18,687772.2065249998,280846.3315499998,406925.874975,0.591657922658741
2011-08-19,686364.2065249998,280846.3315499998,405517.874975,0.5908202542030863
2011-08-22,682985.0065249999,280846.3315499998,402138.67497500003,0.5887957585204767
2011-08-23,686082.6065249997,280846.3315499998,405236.2749749999,0.590652307930552
2011-08-24,685519.4065249998,280846.3315499998,404673.07497499994,0.5903160014482277
2011-08-25,691433.0065249999,280846.3315499998,410586.67497500003,0.5938198944804852
2011-08-26,691714.6065249997,280846.3315499998,410868.2749749999,0.593985252153484
2011-08-29,687772.2065249998,280846.3315499998,406925.874975,0.591657922658741
2011-08-30,686927.4065249998,280846.3315499998,406081.07497499994,0.5911557336593487
2011-08-31,688053.8065249999,280846.3315499998,407207.4749750001,0.5918250449504701
2011-09-01,686927.4065249998,280846.3315499998,406081.07497499994,0.5911557336593487
2011-09-02,684111.4065249998,280846.3315499998,403265.07497499994,0.589472812656959
2011-09-05,679605.8065249998,280846.3315499998,398759.47497499996,0.5867511300616459
2011-09-06,674749.0232249999,80863.14824999982,593885.874975,0.8801581840555915
2011-09-07,682673.0232249999,80863.14824999982,601809.874975,0.8815492256190289
2011-09-08,679843.0232249999,80863.14824999982,598979.874975,0.8810561475406397
2011-09-09,678145.0232249999,80863.14824999982,597281.874975,0.8807583253130054
2011-09-13,673051.0232249999,80863.14824999982,592187.874975,0.8798558423363879
2011-09-14,675315.0232249999,80863.14824999982,594451.874975,0.8802586267608353
2011-09-15,675881.0232249999,80863.14824999982,595017.874975,0.880358901239515
2011-09-16,675881.0232249999,80863.14824999982,595017.874975,0.880358901239515
2011-09-19,668523.0232249999,80863.14824999982,587659.874975,0.8790420891416565
2011-09-20,669655.0232249999,80863.14824999982,588791.874975,0.879246559130446
2011-09-21,680409.0232249999,80863.14824999982,599545.874975,0.8811550912909341
2011-09-22,668523.0232249999,80863.14824999982,587659.874975,0.8790420891416565
2011-09-23,665127.0232249999,80863.14824999982,584263.874975,0.8784245032506439
2011-09-26,658335.0232249999,80863.14824999982,577471.874975,0.8771702166871301
2011-09-27,661731.0232249999,80863.14824999982,580867.874975,0.8778005784647867
2011-09-28,657769.0232249999,80863.14824999982,576905.874975,0.8770645235716134
2011-09-29,653241.0232249999,80863.14824999982,572377.874975,0.8762123850538583
2011-09-30,651543.0232249999,80863.14824999982,570679.874975,0.8758897795425015
2011-10-10,648147.0232249999,80863.14824999982,567283.874975,0.8752394975947784
2011-10-11,644751.0232249999,80863.14824999982,563887.874975,0.8745823653826433
2011-10-12,657769.0232249999,80863.14824999982,576905.874975,0.8770645235716134
2011-10-13,660033.0232249999,80863.14824999982,579169.874975,0.8774862084098567
2011-10-14,658335.0232249999,80863.14824999982,577471.874975,0.8771702166871301
2011-10-17,661165.0232249999,80863.14824999982,580301.874975,0.8776959678605359
2011-10-18,648147.0232249999,80863.14824999982,567283.874975,0.8752394975947784
2011-10-19,645883.0232249999,80863.14824999982,565019.874975,0.8748021772638691
2011-10-20,634563.0232249999,80863.14824999982,553699.874975,0.8725687673400285
2011-10-21,629548.0190749997,26.344099999812897,629521.6749749999,0.9999581539466385
2011-10-24,640669.6190749998,26.344099999812897,640643.274975,0.9999588803663925
2011-10-25,651791.2190749999,26.344099999812897,651764.874975,0.9999595819961532
2011-10-26,658047.1190749998,26.344099999812897,658020.774975,0.9999599662406593
2011-10-27,658047.1190749998,26.344099999812897,658020.774975,0.9999599662406593
2011-10-28,669863.8190749998,26.344099999812897,669837.4749749999,0.9999606724542367
2011-10-31,665693.2190749999,26.344099999812897,665666.874975,0.999960426065273
2011-11-01,664998.1190749998,26.344099999812897,664971.774975,0.99996038469998
2011-11-02,672644.2190749999,26.344099999812897,672617.874975,0.9999608350161158
2011-11-03,674034.4190749999,26.344099999812897,674008.074975,0.9999609157941282
2011-11-04,677509.9190749999,26.344099999812897,677483.574975,0.9999611162888422
2011-11-07,673339.3190749998,26.344099999812897,673312.9749749999,0.9999608754468162
2011-11-08,671949.1190749998,26.344099999812897,671922.774975,0.999960794501768
2011-11-09,677509.9190749999,26.344099999812897,677483.574975,0.9999611162888422
2011-11-10,668473.6190749998,26.344099999812897,668447.274975,0.9999605906661861
2011-11-11,666388.3190749998,26.344099999812897,666361.9749749999,0.9999604673442709
2011-11-14,678205.0190749997,26.344099999812897,678178.6749749999,0.9999611561411978
2011-11-15,675424.6190749998,26.344099999812897,675398.274975,0.999960996239616
2011-11-16,664303.019075,26.344099999812897,664276.6749750001,0.9999603432481211
2011-11-17,663607.9190749999,26.344099999812897,663581.574975,0.9999603017094242
2011-11-18,650401.0190749997,26.344099999812897,650374.6749749999,0.9999594956046697
2011-11-21,651791.2190749999,26.344099999812897,651764.874975,0.9999595819961532
2011-11-22,649705.9190749999,26.344099999812897,649679.574975,0.9999594522702866
2011-11-23,648315.7190749999,26.344099999812897,648289.374975,0.9999593653227513
2011-11-24,648315.7190749999,26.344099999812897,648289.374975,0.9999593653227513
2011-11-25,644145.1190749998,26.344099999812897,644118.774975,0.9999591022283337
2011-11-28,645535.3190749998,26.344099999812897,645508.9749749999,0.9999591903041996
2011-11-29,651791.2190749999,26.344099999812897,651764.874975,0.9999595819961532
2011-11-30,635108.8190749998,26.344099999812897,635082.4749749999,0.9999585203366594
2011-12-01,645535.3190749998,26.344099999812897,645508.9749749999,0.9999591903041996
2011-12-02,639279.4190749999,26.344099999812897,639253.074975,0.9999587909461594
2011-12-05,628852.9190749999,26.344099999812897,628826.574975,0.9999581076922747
2011-12-06,628852.9190749999,26.344099999812897,628826.574975,0.9999581076922747
2011-12-07,629548.0190749997,26.344099999812897,629521.6749749999,0.9999581539466385
2011-12-08,630243.1190749998,26.344099999812897,630216.774975,0.9999582000989736
2011-12-09,623987.2190749999,26.344099999812897,623960.874975,0.9999577810262862
2011-12-12,619816.6190749998,26.344099999812897,619790.274975,0.999957496944759
2011-12-13,610780.3190749998,26.344099999812897,610753.9749749999,0.9999568681256139
2011-12-14,605219.5190749997,26.344099999812897,605193.1749749999,0.9999564718268833
2011-12-15,594793.0190749997,26.344099999812897,594766.6749749999,0.9999557087942276
2011-12-16,604524.4190749999,26.344099999812897,604498.074975,0.9999564217769066
2011-12-19,603134.2190749999,26.344099999812897,603107.874975,0.9999563213308635
2011-12-20,603134.2190749999,26.344099999812897,603107.874975,0.9999563213308635
2011-12-21,594793.0190749997,26.344099999812897,594766.6749749999,0.9999557087942276
2011-12-22,594097.9190749999,26.344099999812897,594071.574975,0.9999556569731116
2011-12-23,596878.3190749998,26.344099999812897,596851.9749749999,0.9999558635333904
2011-12-26,592707.7190749997,26.344099999812897,592681.3749749998,0.9999555529662394
2011-12-27,585756.7190749999,26.344099999812897,585730.374975,0.9999550255265677
2011-12-28,585756.7190749999,26.344099999812897,585730.374975,0.9999550255265677
2011-12-29,587842.019075,26.344099999812897,587815.6749750001,0.99995518506819
2011-12-30,594097.9190749999,26.344099999812897,594071.574975,0.9999556569731116
2012-01-04,583671.4190749999,26.344099999812897,583645.074975,0.9999548648449471
2012-01-05,577415.519075,26.344099999812897,577389.1749750001,0.9999543758365863
2012-01-06,580195.9190749999,26.344099999812897,580169.574975,0.9999545944755319
2012-01-09,594793.0190749997,26.344099999812897,594766.6749749999,0.9999557087942276
2012-01-10,610085.2190749999,26.344099999812897,610058.874975,0.9999568189833548
2012-01-11,607999.9190749999,26.344099999812897,607973.574975,0.999956670882391
2012-01-12,607304.8190749998,26.344099999812897,607278.4749749999,0.9999566212893881
2012-01-13,598268.5190749997,26.344099999812897,598242.1749749999,0.9999559660935518
2012-01-16,587842.019075,26.344099999812897,587815.6749750001,0.99995518506819
2012-01-17,610780.3190749998,26.344099999812897,610753.9749749999,0.9999568681256139
2012-01-18,601744.0190749997,26.344099999812897,601717.6749749999,0.9999562204207025
2012-01-19,608695.0190749997,26.344099999812897,608668.6749749999,0.9999567203621283
2012-01-20,616341.1190749998,26.344099999812897,616314.774975,0.9999572572733109
2012-01-30,607304.8190749998,26.344099999812897,607278.4749749999,0.9999566212893881
2012-01-31,608695.0190749997,26.344099999812897,608668.6749749999,0.9999567203621283
2012-02-01,603134.2190749999,26.344099999812897,603107.874975,0.9999563213308635
2012-02-02,612170.5190749997,26.344099999812897,612144.1749749999,0.9999569660753352
2012-02-03,614950.9190749999,26.344099999812897,614924.574975,0.999957160646187
2012-02-06,615646.0190749997,26.344099999812897,615619.6749749999,0.9999572090142977
2012-02-07,607999.9190749999,26.344099999812897,607973.574975,0.999956670882391
2012-02-08,621901.9190749999,26.344099999812897,621875.574975,0.9999576394617996
2012-02-09,621901.9190749999,26.344099999812897,621875.574975,0.9999576394617996
2012-02-10,623987.2190749999,26.344099999812897,623960.874975,0.9999577810262862
2012-02-13,623292.1190749998,26.344099999812897,623265.774975,0.9999577339433732
2012-02-14,622597.0190749997,26.344099999812897,622570.6749749999,0.9999576867553285
2012-02-15,628852.9190749999,26.344099999812897,628826.574975,0.9999581076922747
2012-02-16,626072.5190749997,26.344099999812897,626046.1749749999,0.9999579216477369
2012-02-17,626767.6190749998,26.344099999812897,626741.274975,0.9999579683136172
2012-02-20,627462.7190749999,26.344099999812897,627436.374975,0.999958014876105
2012-02-21,630938.2190749999,26.344099999812897,630911.874975,0.9999582461496175
2012-02-22,637779.7408249998,437829.8658499998,199949.87497499993,0.3135092919639543
2012-02-23,637779.7408249998,437829.8658499998,199949.87497499993,0.3135092919639543
2012-02-24,637779.7408249998,437829.8658499998,199949.87497499993,0.3135092919639543
2012-02-27,637779.7408249998,437829.8658499998,199949.87497499993,0.3135092919639543
2012-02-28,637779.7408249998,437829.8658499998,199949.87497499993,0.3135092919639543
2012-02-29,637779.7408249998,437829.8658499998,199949.87497499993,0.3135092919639543
2012-03-01,637779.7408249998,437829.8658499998,199949.87497499993,0.3135092919639543
2012-03-02,637779.7408249998,437829.8658499998,199949.87497499993,0.3135092919639543
2012-03-05,637779.7408249998,437829.8658499998,199949.87497499993,0.3135092919639543
2012-03-06,637779.7408249998,437829.8658499998,199949.87497499993,0.3135092919639543
2012-03-07,637779.7408249998,437829.8658499998,199949.87497499993,0.3135092919639543
2012-03-08,637779.7408249998,437829.8658499998,199949.87497499993,0.3135092919639543
2012-03-09,637779.7408249998,437829.8658499998,199949.87497499993,0.3135092919639543
2012-03-12,637779.7408249998,437829.8658499998,199949.87497499993,0.3135092919639543
2012-03-13,637779.7408249998,437829.8658499998,199949.87497499993,0.3135092919639543
2012-03-14,637779.7408249998,437829.8658499998,199949.87497499993,0.3135092919639543
2012-03-15,637779.7408249998,437829.8658499998,199949.87497499993,0.3135092919639543
2012-03-16,637779.7408249998,437829.8658499998,199949.87497499993,0.3135092919639543
2012-03-19,637779.7408249998,437829.8658499998,199949.87497499993,0.3135092919639543
2012-03-20,637779.7408249998,437829.8658499998,199949.87497499993,0.3135092919639543
2012-03-21,637779.7408249998,437829.8658499998,199949.87497499993,0.3135092919639543
2012-03-22,637779.7408249998,437829.8658499998,199949.87497499993,0.3135092919639543
2012-03-23,637779.7408249998,437829.8658499998,199949.87497499993,0.3135092919639543
2012-03-26,637665.2647499999,37825.589774999826,599839.6749750001,0.9406811192862614
2012-03-27,635957.4647499998,37825.589774999826,598131.874975,0.9405218243803942
2012-03-28,621368.6647499998,37825.589774999826,583543.074975,0.9391253664356917
2012-03-29,616321.7147499998,16.13977499982866,616305.574975,0.9999738127432256
2012-03-30,616210.2147499998,16.13977499982866,616194.074975,0.9999738080047791
2012-04-05,629101.4147499999,16.13977499982866,629085.2749750001,0.9999743447167319
2012-04-06,631876.8147499999,16.13977499982866,631860.6749750001,0.9999744574027357
2012-04-09,628667.2147499998,16.13977499982866,628651.074975,0.999974326997462
2012-04-10,631225.5147499999,16.13977499982866,631209.374975,0.9999744310478226
2012-04-11,632311.0147499999,16.13977499982866,632294.874975,0.9999744749425151
2012-04-12,641177.0147499999,16.13977499982866,641160.874975,0.9999748278952169
2012-04-13,644985.1147499998,16.13977499982866,644968.974975,0.9999749765155339
2012-04-16,641772.7020249998,16.13977499982866,641756.56225,0.9999748512597234
2012-04-17,637958.7020249998,16.13977499982866,637942.56225,0.9999747009094028
2012-04-18,643679.7020249998,16.13977499982866,643663.56225,0.9999749257667299
2012-04-19,642916.9020249997,16.13977499982866,642900.7622499999,0.9999748960169674
2012-04-20,644823.9020249997,16.13977499982866,644807.7622499999,0.9999749702594009
2012-04-23,642916.9020249997,16.13977499982866,642900.7622499999,0.9999748960169674
2012-04-24,641391.3020249999,16.13977499982866,641375.16225,0.9999748363051559
2012-04-25,644061.1020249998,16.13977499982866,644044.96225,0.9999749406151853
2012-04-26,644823.9020249997,16.13977499982866,644807.7622499999,0.9999749702594009
2012-04-27,644442.5020249998,16.13977499982866,644426.36225,0.9999749554460653
2012-05-02,650163.5020249998,16.13977499982866,650147.36225,0.9999751758212364
2012-05-03,651307.7020249998,16.13977499982866,651291.56225,0.9999752194316917
2012-05-04,652770.0849749998,252821.12272499985,399948.9622499999,0.6126949923958562
2012-05-07,652770.0849749998,252821.12272499985,399948.9622499999,0.6126949923958562
2012-05-08,652770.0849749998,252821.12272499985,399948.9622499999,0.6126949923958562
2012-05-09,652770.0849749998,252821.12272499985,399948.9622499999,0.6126949923958562
2012-05-10,652770.0849749998,252821.12272499985,399948.9622499999,0.6126949923958562
2012-05-11,652770.0849749998,252821.12272499985,399948.9622499999,0.6126949923958562
2012-05-14,652770.0849749998,252821.12272499985,399948.9622499999,0.6126949923958562
2012-05-15,652770.0849749998,252821.12272499985,399948.9622499999,0.6126949923958562
2012-05-16,652770.0849749998,252821.12272499985,399948.9622499999,0.6126949923958562
2012-05-17,652770.0849749998,252821.12272499985,399948.9622499999,0.6126949923958562
2012-05-18,652770.0849749998,252821.12272499985,399948.9622499999,0.6126949923958562
2012-05-21,652770.0849749998,252821.12272499985,399948.9622499999,0.6126949923958562
2012-05-22,652770.0849749998,252821.12272499985,399948.9622499999,0.6126949923958562
2012-05-23,652770.0849749998,252821.12272499985,399948.9622499999,0.6126949923958562
2012-05-24,652770.0849749998,252821.12272499985,399948.9622499999,0.6126949923958562
2012-05-25,652770.0849749998,252821.12272499985,399948.9622499999,0.6126949923958562
2012-05-28,652770.0849749998,252821.12272499985,399948.9622499999,0.6126949923958562
2012-05-29,652770.0849749998,252821.12272499985,399948.9622499999,0.6126949923958562
2012-05-30,652770.0849749998,252821.12272499985,399948.9622499999,0.6126949923958562
2012-05-31,652770.0849749998,252821.12272499985,399948.9622499999,0.6126949923958562
2012-06-01,652770.0849749998,252821.12272499985,399948.9622499999,0.6126949923958562
2012-06-04,652770.0849749998,252821.12272499985,399948.9622499999,0.6126949923958562
2012-06-05,652770.0849749998,252821.12272499985,399948.9622499999,0.6126949923958562
2012-06-06,652770.0849749998,252821.12272499985,399948.9622499999,0.6126949923958562
2012-06-07,652770.0849749998,252821.12272499985,399948.9622499999,0.6126949923958562
2012-06-08,652770.0849749998,252821.12272499985,399948.9622499999,0.6126949923958562
2012-06-11,652770.0849749998,252821.12272499985,399948.9622499999,0.6126949923958562
2012-06-12,652770.0849749998,252821.12272499985,399948.9622499999,0.6126949923958562
2012-06-13,652770.0849749998,252821.12272499985,399948.9622499999,0.6126949923958562
2012-06-14,652770.0849749998,252821.12272499985,399948.9622499999,0.6126949923958562
2012-06-15,652770.0849749998,252821.12272499985,399948.9622499999,0.6126949923958562
2012-06-18,652770.0849749998,252821.12272499985,399948.9622499999,0.6126949923958562
2012-06-19,652770.0849749998,252821.12272499985,399948.9622499999,0.6126949923958562
2012-06-20,652770.0849749998,252821.12272499985,399948.9622499999,0.6126949923958562
2012-06-21,652770.0849749998,252821.12272499985,399948.9622499999,0.6126949923958562
2012-06-25,652770.0849749998,252821.12272499985,399948.9622499999,0.6126949923958562
2012-06-26,653718.1967999998,52818.43454999986,600899.7622499999,0.9192030529231859
2012-06-27,652720.0967999998,52818.43454999986,599901.6622499999,0.9190795031301388
2012-06-28,651721.9967999998,52818.43454999986,598903.56225,0.9189555749087156
2012-06-29,654050.8967999999,52818.43454999986,601232.46225,0.9192441523917808
2012-07-02,654716.2967999999,52818.43454999986,601897.86225,0.9193262260185733
2012-07-03,655048.9967999998,52818.43454999986,602230.56225,0.9193672003040614
2012-07-04,654383.5967999998,52818.43454999986,601565.1622499999,0.9192852100690065
2012-07-05,651721.9967999998,52818.43454999986,598903.56225,0.9189555749087156
2012-07-06,657710.5967999999,52818.43454999986,604892.16225,0.9196935022683522
2012-07-09,653385.4967999998,52818.43454999986,600567.06225,0.9191619115993823
2012-07-10,652720.0967999998,52818.43454999986,599901.6622499999,0.9190795031301388
2012-07-11,654383.5967999998,52818.43454999986,601565.1622499999,0.9192852100690065
2012-07-12,657710.5967999999,52818.43454999986,604892.16225,0.9196935022683522
2012-07-13,658375.9967999998,52818.43454999986,605557.56225,0.9197746655304553
2012-07-16,652387.3967999999,52818.43454999986,599568.96225,0.9190382358563677
2012-07-17,653052.7967999999,52818.43454999986,600234.36225,0.9191207283564
2012-07-18,652387.3967999999,52818.43454999986,599568.96225,0.9190382358563677
2012-07-19,652720.0967999998,52818.43454999986,599901.6622499999,0.9190795031301388
2012-07-20,650058.4967999998,52818.43454999986,597240.06225,0.9187481821866713
2012-07-23,647064.1967999998,52818.43454999986,594245.7622499999,0.9183721880901324
2012-07-24,649349.3999499999,17.837699999865436,649331.56225,0.9999725298891455
2012-07-25,646808.9999499999,17.837699999865436,646791.1622499999,0.9999724219978366
2012-07-26,645115.3999499999,17.837699999865436,645097.56225,0.9999723495982249
2012-07-27,645115.3999499999,17.837699999865436,645097.56225,0.9999723495982249
2012-07-30,643845.1999499999,17.837699999865436,643827.36225,0.9999722950485593
2012-07-31,642574.9999499999,17.837699999865436,642557.1622499999,0.9999722402832334
2012-08-01,646385.5999499998,17.837699999865436,646367.7622499999,0.9999724039335015
2012-08-02,641728.1999499999,17.837699999865436,641710.36225,0.9999722036525723
2012-08-03,644691.9999499999,17.837699999865436,644674.1622499999,0.9999723314388866
2012-08-06,648502.5999499998,17.837699999865436,648484.7622499999,0.9999724940192972
2012-08-07,649772.7999499999,17.837699999865436,649754.96225,0.9999725477890098
2012-08-08,649349.3999499999,17.837699999865436,649331.56225,0.9999725298891455
2012-08-09,652313.1999499999,17.837699999865436,652295.36225,0.9999726547002249
2012-08-10,650619.5999499998,17.837699999865436,650601.7622499999,0.9999725835188468
2012-08-13,644268.5999499998,17.837699999865436,644250.7622499999,0.9999723132556805
2012-08-14,645538.7999499999,17.837699999865436,645520.96225,0.9999723677337423
2012-08-15,643845.1999499999,17.837699999865436,643827.36225,0.9999722950485593
2012-08-16,643421.7999499999,17.837699999865436,643403.96225,0.999972276817476
2012-08-17,640881.3999499999,17.837699999865436,640863.56225,0.9999721669251108
2012-08-20,640034.5999499998,17.837699999865436,640016.7622499999,0.9999721301004644
2012-08-21,640881.3999499999,17.837699999865436,640863.56225,0.9999721669251108
2012-08-22,637917.59995,17.837699999865436,637899.76225,0.9999720376111252
2012-08-23,638764.3999499999,17.837699999865436,638746.56225,0.9999720746804278
2012-08-24,634530.3999499999,17.837699999865436,634512.56225,0.9999718883445122
2012-08-27,629026.1999499999,17.837699999865436,629008.36225,0.9999716423576612
2012-08-28,629026.1999499999,17.837699999865436,629008.36225,0.9999716423576612
2012-08-29,626485.7999499999,17.837699999865436,626467.96225,0.9999715273674178
2012-08-30,624368.7999499999,17.837699999865436,624350.96225,0.9999714308274191
2012-08-31,624792.1999499999,17.837699999865436,624774.36225,0.9999714501877562
2012-09-03,628179.3999499999,17.837699999865436,628161.56225,0.9999716041309197
2012-09-04,624792.1999499999,17.837699999865436,624774.36225,0.9999714501877562
2012-09-05,625638.99995,17.837699999865436,625621.16225,0.9999714888298182
2012-09-06,627332.59995,17.837699999865436,627314.76225,0.9999715658009781
2012-09-07,639187.7999499999,17.837699999865436,639169.96225,0.999972093178247
2012-09-10,639611.1999499999,17.837699999865436,639593.36225,0.9999721116515763
2012-09-11,638340.9999499999,17.837699999865436,638323.1622499999,0.9999720561580702
2012-09-12,640034.5999499998,17.837699999865436,640016.7622499999,0.9999721301004644
2012-09-13,637070.7999499999,17.837699999865436,637052.96225,0.9999720004432767
2012-09-14,638340.9999499999,17.837699999865436,638323.1622499999,0.9999720561580702
2012-09-17,631143.1999499999,17.837699999865436,631125.36225,0.9999717374757403
2012-09-18,628179.3999499999,17.837699999865436,628161.56225,0.9999716041309197
2012-09-19,629872.99995,17.837699999865436,629855.16225,0.9999716804816188
2012-09-20,623521.99995,17.837699999865436,623504.16225,0.9999713920278653
2012-09-21,623098.59995,17.837699999865436,623080.76225,0.9999713725885416
2012-09-24,625638.99995,17.837699999865436,625621.16225,0.9999714888298182
2012-09-25,625638.99995,17.837699999865436,625621.16225,0.9999714888298182
2012-09-26,622251.7999499999,17.837699999865436,622233.96225,0.9999713336305314
2012-09-27,629872.99995,17.837699999865436,629855.16225,0.9999716804816188
2012-09-28,634953.7999499999,17.837699999865436,634935.96225,0.9999719070899311
2012-10-08,631143.1999499999,17.837699999865436,631125.36225,0.9999717374757403
2012-10-09,636647.3999499999,17.837699999865436,636629.56225,0.9999719818222751
2012-10-10,637917.59995,17.837699999865436,637899.76225,0.9999720376111252
2012-10-11,635377.1999499999,17.837699999865436,635359.36225,0.999971925810367
2012-10-12,634953.7999499999,17.837699999865436,634935.96225,0.9999719070899311
2012-10-15,633683.59995,17.837699999865436,633665.76225,0.9999718507785252
2012-10-16,633683.59995,17.837699999865436,633665.76225,0.9999718507785252
2012-10-17,634106.99995,17.837699999865436,634089.16225,0.9999718695740604
2012-10-18,638764.3999499999,17.837699999865436,638746.56225,0.9999720746804278
2012-10-19,638764.3999499999,17.837699999865436,638746.56225,0.9999720746804278
2012-10-22,639611.1999499999,17.837699999865436,639593.36225,0.9999721116515763
2012-10-23,635800.59995,17.837699999865436,635782.76225,0.9999719445058697
2012-10-24,634953.7999499999,17.837699999865436,634935.96225,0.9999719070899311
2012-10-25,633260.1999499999,17.837699999865436,633242.36225,0.9999718319578567
2012-10-26,627332.59995,17.837699999865436,627314.76225,0.9999715658009781
2012-10-29,626485.7999499999,17.837699999865436,626467.96225,0.9999715273674178
2012-10-30,627332.59995,17.837699999865436,627314.76225,0.9999715658009781
2012-10-31,628602.7999499999,17.837699999865436,628584.96225,0.9999716232571644
2012-11-01,633683.59995,17.837699999865436,633665.76225,0.9999718507785252
2012-11-02,634953.7999499999,17.837699999865436,634935.96225,0.9999719070899311
2012-11-05,634106.99995,17.837699999865436,634089.16225,0.9999718695740604
2012-11-06,631989.99995,17.837699999865436,631972.16225,0.9999717753445445
2012-11-07,631566.59995,17.837699999865436,631548.76225,0.999971756422836
2012-11-08,626485.7999499999,17.837699999865436,626467.96225,0.9999715273674178
2012-11-09,625215.59995,17.837699999865436,625197.76225,0.9999714695218715
2012-11-12,626909.1999499999,17.837699999865436,626891.36225,0.9999715465971766
2012-11-13,623098.59995,17.837699999865436,623080.76225,0.9999713725885416
2012-11-14,623098.59995,17.837699999865436,623080.76225,0.9999713725885416
2012-11-15,620134.7999499999,17.837699999865436,620116.96225,0.9999712357700272
2012-11-16,618017.7999499999,17.837699999865436,617999.96225,0.999971137239087
2012-11-19,617170.99995,17.837699999865436,617153.16225,0.9999710976374435
2012-11-20,617594.3999499999,17.837699999865436,617576.56225,0.99997111745184
2012-11-21,620134.7999499999,17.837699999865436,620116.96225,0.9999712357700272
2012-11-22,617594.3999499999,17.837699999865436,617576.56225,0.99997111745184
2012-11-23,619287.99995,17.837699999865436,619270.16225,0.9999711964384884
2012-11-26,616747.59995,17.837699999865436,616729.76225,0.9999710777958417
2012-11-27,613360.3999499999,17.837699999865436,613342.56225,0.999970918076874
2012-11-28,610819.99995,17.837699999865436,610802.16225,0.9999707971251738
2012-11-29,609973.1999499999,17.837699999865436,609955.36225,0.9999707565840575
2012-11-30,611666.7999499999,17.837699999865436,611648.96225,0.9999708375540386
2012-12-03,607009.3999499999,17.837699999865436,606991.56225,0.9999706137993887
2012-12-04,609549.7999499999,17.837699999865436,609531.96225,0.9999707362712589
2012-12-05,617594.3999499999,17.837699999865436,617576.56225,0.99997111745184
2012-12-06,616747.59995,17.837699999865436,616729.76225,0.9999710777958417
2012-12-07,620558.1999499999,17.837699999865436,620540.36225,0.9999712553955433
2012-12-10,623521.99995,17.837699999865436,623504.16225,0.9999713920278653
2012-12-11,621828.3999499999,17.837699999865436,621810.56225,0.9999713141117367
2012-12-12,622251.7999499999,17.837699999865436,622233.96225,0.9999713336305314
2012-12-13,620134.7999499999,17.837699999865436,620116.96225,0.9999712357700272
2012-12-14,627275.7584999999,227326.79624999987,399948.96225,0.6375967137744891
2012-12-17,627275.7584999999,227326.79624999987,399948.96225,0.6375967137744891
2012-12-18,627275.7584999999,227326.79624999987,399948.96225,0.6375967137744891
2012-12-19,627275.7584999999,227326.79624999987,399948.96225,0.6375967137744891
2012-12-20,627275.7584999999,227326.79624999987,399948.96225,0.6375967137744891
2012-12-21,627275.7584999999,227326.79624999987,399948.96225,0.6375967137744891
2012-12-24,627275.7584999999,227326.79624999987,399948.96225,0.6375967137744891
2012-12-25,627275.7584999999,227326.79624999987,399948.96225,0.6375967137744891
2012-12-26,627275.7584999999,227326.79624999987,399948.96225,0.6375967137744891
2012-12-27,627275.7584999999,227326.79624999987,399948.96225,0.6375967137744891
2012-12-28,627275.7584999999,227326.79624999987,399948.96225,0.6375967137744891
2012-12-31,627275.7584999999,227326.79624999987,399948.96225,0.6375967137744891
2013-01-04,627275.7584999999,227326.79624999987,399948.96225,0.6375967137744891
2013-01-07,627275.7584999999,227326.79624999987,399948.96225,0.6375967137744891
2013-01-08,627275.7584999999,227326.79624999987,399948.96225,0.6375967137744891
2013-01-09,627275.7584999999,227326.79624999987,399948.96225,0.6375967137744891
2013-01-10,627275.7584999999,227326.79624999987,399948.96225,0.6375967137744891
2013-01-11,627275.7584999999,227326.79624999987,399948.96225,0.6375967137744891
2013-01-14,627275.7584999999,227326.79624999987,399948.96225,0.6375967137744891
2013-01-15,627275.7584999999,227326.79624999987,399948.96225,0.6375967137744891
2013-01-16,627275.7584999999,227326.79624999987,399948.96225,0.6375967137744891
2013-01-17,627275.7584999999,227326.79624999987,399948.96225,0.6375967137744891
2013-01-18,627275.7584999999,227326.79624999987,399948.96225,0.6375967137744891
2013-01-21,627275.7584999999,227326.79624999987,399948.96225,0.6375967137744891
2013-01-22,627275.7584999999,227326.79624999987,399948.96225,0.6375967137744891
2013-01-23,627275.7584999999,227326.79624999987,399948.96225,0.6375967137744891
2013-01-24,627275.7584999999,227326.79624999987,399948.96225,0.6375967137744891
2013-01-25,627275.7584999999,227326.79624999987,399948.96225,0.6375967137744891
2013-01-28,627275.7584999999,227326.79624999987,399948.96225,0.6375967137744891
2013-01-29,627275.7584999999,227326.79624999987,399948.96225,0.6375967137744891
2013-01-30,627275.7584999999,227326.79624999987,399948.96225,0.6375967137744891
2013-01-31,627275.7584999999,227326.79624999987,399948.96225,0.6375967137744891
2013-02-01,627275.7584999999,227326.79624999987,399948.96225,0.6375967137744891
2013-02-04,627275.7584999999,227326.79624999987,399948.96225,0.6375967137744891
2013-02-05,627275.7584999999,227326.79624999987,399948.96225,0.6375967137744891
2013-02-06,627275.7584999999,227326.79624999987,399948.96225,0.6375967137744891
2013-02-07,627275.7584999999,227326.79624999987,399948.96225,0.6375967137744891
2013-02-08,627275.7584999999,227326.79624999987,399948.96225,0.6375967137744891
2013-02-18,627275.7584999999,227326.79624999987,399948.96225,0.6375967137744891
2013-02-19,627275.7584999999,227326.79624999987,399948.96225,0.6375967137744891
2013-02-20,627275.7584999999,227326.79624999987,399948.96225,0.6375967137744891
2013-02-21,627275.7584999999,227326.79624999987,399948.96225,0.6375967137744891
2013-02-22,627275.7584999999,227326.79624999987,399948.96225,0.6375967137744891
2013-02-25,627275.7584999999,227326.79624999987,399948.96225,0.6375967137744891
2013-02-26,627275.7584999999,227326.79624999987,399948.96225,0.6375967137744891
2013-02-27,627275.7584999999,227326.79624999987,399948.96225,0.6375967137744891
2013-02-28,627275.7584999999,227326.79624999987,399948.96225,0.6375967137744891
2013-03-01,627275.7584999999,227326.79624999987,399948.96225,0.6375967137744891
2013-03-04,627275.7584999999,227326.79624999987,399948.96225,0.6375967137744891
2013-03-05,627275.7584999999,227326.79624999987,399948.96225,0.6375967137744891
2013-03-06,627275.7584999999,227326.79624999987,399948.96225,0.6375967137744891
2013-03-07,627275.7584999999,227326.79624999987,399948.96225,0.6375967137744891
2013-03-08,627275.7584999999,227326.79624999987,399948.96225,0.6375967137744891
2013-03-11,627275.7584999999,227326.79624999987,399948.96225,0.6375967137744891
2013-03-12,627275.7584999999,227326.79624999987,399948.96225,0.6375967137744891
2013-03-13,627275.7584999999,227326.79624999987,399948.96225,0.6375967137744891
2013-03-14,627275.7584999999,227326.79624999987,399948.96225,0.6375967137744891
2013-03-15,627275.7584999999,227326.79624999987,399948.96225,0.6375967137744891
2013-03-18,627275.7584999999,227326.79624999987,399948.96225,0.6375967137744891
2013-03-19,627275.7584999999,227326.79624999987,399948.96225,0.6375967137744891
2013-03-20,627275.7584999999,227326.79624999987,399948.96225,0.6375967137744891
2013-03-21,627275.7584999999,227326.79624999987,399948.96225,0.6375967137744891
2013-03-22,627275.7584999999,227326.79624999987,399948.96225,0.6375967137744891
2013-03-25,627275.7584999999,227326.79624999987,399948.96225,0.6375967137744891
2013-03-26,627275.7584999999,227326.79624999987,399948.96225,0.6375967137744891
2013-03-27,627275.7584999999,227326.79624999987,399948.96225,0.6375967137744891
2013-03-28,627275.7584999999,227326.79624999987,399948.96225,0.6375967137744891
2013-03-29,627275.7584999999,227326.79624999987,399948.96225,0.6375967137744891
2013-04-01,627275.7584999999,227326.79624999987,399948.96225,0.6375967137744891
2013-04-02,627275.7584999999,227326.79624999987,399948.96225,0.6375967137744891
2013-04-03,627275.7584999999,227326.79624999987,399948.96225,0.6375967137744891
2013-04-08,627275.7584999999,227326.79624999987,399948.96225,0.6375967137744891
2013-04-09,627275.7584999999,227326.79624999987,399948.96225,0.6375967137744891
2013-04-10,627275.7584999999,227326.79624999987,399948.96225,0.6375967137744891
2013-04-11,627275.7584999999,227326.79624999987,399948.96225,0.6375967137744891
2013-04-12,627275.7584999999,227326.79624999987,399948.96225,0.6375967137744891
2013-04-15,627275.7584999999,227326.79624999987,399948.96225,0.6375967137744891
2013-04-16,627275.7584999999,227326.79624999987,399948.96225,0.6375967137744891
2013-04-17,627275.7584999999,227326.79624999987,399948.96225,0.6375967137744891
2013-04-18,627275.7584999999,227326.79624999987,399948.96225,0.6375967137744891
2013-04-19,627275.7584999999,227326.79624999987,399948.96225,0.6375967137744891
2013-04-22,627275.7584999999,227326.79624999987,399948.96225,0.6375967137744891
2013-04-23,627275.7584999999,227326.79624999987,399948.96225,0.6375967137744891
2013-04-24,627275.7584999999,227326.79624999987,399948.96225,0.6375967137744891
2013-04-25,627275.7584999999,227326.79624999987,399948.96225,0.6375967137744891
2013-04-26,627275.7584999999,227326.79624999987,399948.96225,0.6375967137744891
2013-05-02,627275.7584999999,227326.79624999987,399948.96225,0.6375967137744891
2013-05-03,627275.7584999999,227326.79624999987,399948.96225,0.6375967137744891
2013-05-06,627275.7584999999,227326.79624999987,399948.96225,0.6375967137744891
2013-05-07,627275.7584999999,227326.79624999987,399948.96225,0.6375967137744891
2013-05-08,627275.7584999999,227326.79624999987,399948.96225,0.6375967137744891
2013-05-09,627275.7584999999,227326.79624999987,399948.96225,0.6375967137744891
2013-05-10,627275.7584999999,227326.79624999987,399948.96225,0.6375967137744891
2013-05-13,627275.7584999999,227326.79624999987,399948.96225,0.6375967137744891
2013-05-14,627275.7584999999,227326.79624999987,399948.96225,0.6375967137744891
2013-05-15,627275.7584999999,227326.79624999987,399948.96225,0.6375967137744891
2013-05-16,627275.7584999999,227326.79624999987,399948.96225,0.6375967137744891
2013-05-17,627275.7584999999,227326.79624999987,399948.96225,0.6375967137744891
2013-05-20,627275.7584999999,227326.79624999987,399948.96225,0.6375967137744891
2013-05-21,627275.7584999999,227326.79624999987,399948.96225,0.6375967137744891
2013-05-22,627275.7584999999,227326.79624999987,399948.96225,0.6375967137744891
2013-05-23,627275.7584999999,227326.79624999987,399948.96225,0.6375967137744891
2013-05-24,627275.7584999999,227326.79624999987,399948.96225,0.6375967137744891
2013-05-27,627275.7584999999,227326.79624999987,399948.96225,0.6375967137744891
2013-05-28,627275.7584999999,227326.79624999987,399948.96225,0.6375967137744891
2013-05-29,627275.7584999999,227326.79624999987,399948.96225,0.6375967137744891
2013-05-30,627275.7584999999,227326.79624999987,399948.96225,0.6375967137744891
2013-05-31,627275.7584999999,227326.79624999987,399948.96225,0.6375967137744891
2013-06-03,627275.7584999999,227326.79624999987,399948.96225,0.6375967137744891
2013-06-04,627275.7584999999,227326.79624999987,399948.96225,0.6375967137744891
2013-06-05,627275.7584999999,227326.79624999987,399948.96225,0.6375967137744891
2013-06-06,627275.7584999999,227326.79624999987,399948.96225,0.6375967137744891
2013-06-07,627275.7584999999,227326.79624999987,399948.96225,0.6375967137744891
2013-06-13,627275.7584999999,227326.79624999987,399948.96225,0.6375967137744891
2013-06-14,627884.9828999998,27374.42064999984,600510.56225,0.9564021733350491
2013-06-17,626648.9828999998,27374.42064999984,599274.56225,0.9563161811524583
2013-06-18,628050.1872999999,185.2250499998372,627864.96225,0.9997050792217798
2013-06-19,626739.7872999999,185.2250499998372,626554.56225,0.9997044625955569
2013-06-20,619626.1872999999,185.2250499998372,619440.96225,0.9997010696871819
2013-06-21,618596.5872999999,185.2250499998372,618411.36225,0.9997005721437806
2013-06-24,605211.7872999999,185.2250499998372,605026.56225,0.9996939500289209
2013-06-25,605305.3873,185.2250499998372,605120.16225,0.999693997354251
2013-06-26,604837.3872999998,185.2250499998372,604652.1622499999,0.9996937605811262
2013-06-27,604930.9872999999,185.2250499998372,604745.76225,0.9996938079650596
2013-06-28,608674.9872999999,185.2250499998372,608489.76225,0.9996956913724654
2013-07-01,609517.3873,185.2250499998372,609332.16225,0.9996961119504394
2013-07-02,610172.5872999999,185.2250499998372,609987.36225,0.9996964382637714
2013-07-03,609704.5872999999,185.2250499998372,609519.36225,0.9996962052543837
2013-07-04,611202.1872999999,185.2250499998372,611016.96225,0.999696949628374
2013-07-05,611950.9872999998,185.2250499998372,611765.7622499999,0.9996973204491145
2013-07-08,606241.3872999998,185.2250499998372,606056.1622499999,0.9996944698038106
2013-07-09,605773.3873,185.2250499998372,605588.16225,0.9996942337615301
2013-07-10,611482.9872999998,185.2250499998372,611297.7622499999,0.9996970887925799
2013-07-11,622059.7872999999,185.2250499998372,621874.56225,0.9997022391516355
2013-07-12,616537.3872999998,185.2250499998372,616352.1622499999,0.9996995720716775
2013-07-15,619626.1872999999,185.2250499998372,619440.96225,0.9997010696871819
2013-07-16,620936.5872999999,185.2250499998372,620751.36225,0.9997017005378838
2013-07-17,617660.5872999999,185.2250499998372,617475.36225,0.9997001183921909
2013-07-18,614290.9872999998,185.2250499998372,614105.7622499999,0.9996984734371344
2013-07-19,608394.1872999999,185.2250499998372,608208.96225,0.9996955509209877
2013-07-22,609704.5872999999,185.2250499998372,609519.36225,0.9996962052543837
2013-07-23,616256.5872999999,185.2250499998372,616071.36225,0.9996994351803825
2013-07-24,614665.3872999998,185.2250499998372,614480.1622499999,0.9996986571005511
2013-07-25,614103.7872999999,185.2250499998372,613918.56225,0.9996983815214456
2013-07-26,612138.1872999999,185.2250499998372,611952.96225,0.9996974130125472
2013-07-29,608019.7872999999,185.2250499998372,607834.56225,0.9996953634505509
2013-07-30,609236.5872999999,185.2250499998372,609051.36225,0.9996959718870123
2013-07-31,609704.5872999999,185.2250499998372,609519.36225,0.9996962052543837
2013-08-01,615226.9872999999,185.2250499998372,615041.76225,0.9996989321765406
2013-08-02,614852.5872999999,185.2250499998372,614667.36225,0.9996987488483813
2013-08-05,617941.3872999998,185.2250499998372,617756.1622499999,0.9997002546620009
2013-08-06,619345.3873,185.2250499998372,619160.16225,0.9997009341575831
2013-08-07,617847.7872999999,185.2250499998372,617662.56225,0.9997002092524935
2013-08-08,617941.3872999998,185.2250499998372,617756.1622499999,0.9997002546620009
2013-08-09,618877.3873,185.2250499998372,618692.16225,0.9997007080016157
2013-08-12,623688.6846999999,223739.72244999986,399948.96225,0.6412637780054952
2013-08-13,623688.6846999999,223739.72244999986,399948.96225,0.6412637780054952
2013-08-14,623688.6846999999,223739.72244999986,399948.96225,0.6412637780054952
2013-08-15,623688.6846999999,223739.72244999986,399948.96225,0.6412637780054952
2013-08-16,623688.6846999999,223739.72244999986,399948.96225,0.6412637780054952
2013-08-19,628186.7040749998,23767.24182499986,604419.4622499999,0.9621653217573317
2013-08-20,625912.7040749998,23767.24182499986,602145.4622499999,0.9620278647960595
2013-08-21,626291.7040749998,23767.24182499986,602524.4622499999,0.9620508436079273
2013-08-22,627618.2040749998,23767.24182499986,603850.9622499999,0.9621310508989638
2013-08-23,629323.7040749998,23767.24182499986,605556.4622499999,0.9622336777224468
2013-08-26,631976.7040749998,23767.24182499986,608209.4622499999,0.9623922184603512
2013-08-27,632166.2040749998,23767.24182499986,608398.9622499999,0.9624034918795181
2013-08-28,625723.2040749998,23767.24182499986,601955.9622499999,0.9620163649514408
2013-08-29,625154.7040749998,23767.24182499986,601387.4622499999,0.9619818235869044
2013-08-30,621743.7040749998,23767.24182499986,597976.4622499999,0.9617732488978563
2013-09-02,622312.2040749998,23767.24182499986,598544.9622499999,0.961808170128485
2013-09-03,625533.7040749998,23767.24182499986,601766.4622499999,0.9620048581392662
2013-09-04,622880.7040749998,23767.24182499986,599113.4622499999,0.9618430276142602
2013-09-05,623070.2040749998,23767.24182499986,599302.9622499999,0.9618546326408203
2013-09-06,623449.2040749998,23767.24182499986,599681.9622499999,0.9618778215295616
2013-09-09,622691.2040749998,23767.24182499986,598923.9622499999,0.9618314155243194
2013-09-10,620796.2040749998,23767.24182499986,597028.9622499999,0.9617149047159307
2013-09-11,620227.7040749998,23767.24182499986,596460.4622499999,0.9616798126416393
2013-09-12,620417.2040749998,23767.24182499986,596649.9622499999,0.9616915171454098
2013-09-13,621554.2040749998,23767.24182499986,597786.9622499999,0.9617615942918921
2013-09-16,624207.2040749998,23767.24182499986,600439.9622499999,0.9619241148294337
2013-09-17,621364.7040749998,23767.24182499986,597597.4622499999,0.9617499325772273
2013-09-18,624207.2040749998,23767.24182499986,600439.9622499999,0.9619241148294337
2013-09-23,628944.7040749998,23767.24182499986,605177.4622499999,0.9622109198614609
2013-09-24,628376.2040749998,23767.24182499986,604608.9622499999,0.9621767315966612
2013-09-25,627049.7040749998,23767.24182499986,603282.4622499999,0.9620967178988459
2013-09-26,629461.7548249998,229512.79257499985,399948.96225,0.6353824663441102
2013-09-27,629461.7548249998,229512.79257499985,399948.96225,0.6353824663441102
2013-09-30,629461.7548249998,229512.79257499985,399948.96225,0.6353824663441102
2013-10-08,629461.7548249998,229512.79257499985,399948.96225,0.6353824663441102
2013-10-09,629461.7548249998,229512.79257499985,399948.96225,0.6353824663441102
2013-10-10,629461.7548249998,229512.79257499985,399948.96225,0.6353824663441102
2013-10-11,629461.7548249998,229512.79257499985,399948.96225,0.6353824663441102
2013-10-14,629461.7548249998,229512.79257499985,399948.96225,0.6353824663441102
2013-10-15,629461.7548249998,229512.79257499985,399948.96225,0.6353824663441102
2013-10-16,629461.7548249998,229512.79257499985,399948.96225,0.6353824663441102
2013-10-17,629461.7548249998,229512.79257499985,399948.96225,0.6353824663441102
2013-10-18,629461.7548249998,229512.79257499985,399948.96225,0.6353824663441102
2013-10-21,629461.7548249998,229512.79257499985,399948.96225,0.6353824663441102
2013-10-22,629461.7548249998,229512.79257499985,399948.96225,0.6353824663441102
2013-10-23,629461.7548249998,229512.79257499985,399948.96225,0.6353824663441102
2013-10-24,629461.7548249998,229512.79257499985,399948.96225,0.6353824663441102
2013-10-25,629461.7548249998,229512.79257499985,399948.96225,0.6353824663441102
2013-10-28,628834.9998249998,29642.837574999838,599192.16225,0.95286070657128
2013-10-29,629082.1998249998,29642.837574999838,599439.36225,0.9528792301177081
2013-10-30,631883.7998249999,29642.837574999838,602240.9622500001,0.9530881507276981
2013-10-31,629906.1998249998,29642.837574999838,600263.36225,0.9529408702704703
2013-11-01,630730.1998249998,29642.837574999838,601087.36225,0.9530023493670917
2013-11-04,630153.3998249997,29642.837574999838,600510.56225,0.9529593308816046
2013-11-05,630153.3998249997,29642.837574999838,600510.56225,0.9529593308816046
2013-11-06,627846.1998249998,29642.837574999838,598203.36225,0.9527864665211605
2013-11-07,627022.1998249998,29642.837574999838,597379.36225,0.9527244209482966
2013-11-08,624055.7998249999,29642.837574999838,594412.9622500001,0.9524997002138073
2013-11-11,624345.6279499999,147.96569999983694,624197.66225,0.9997630067491853
2013-11-12,626623.2279499997,147.96569999983694,626475.2622499999,0.9997638681533018
2013-11-13,622352.7279499999,147.96569999983694,622204.76225,0.9997622478485999
2013-11-14,623017.0279499998,147.96569999983694,622869.06225,0.9997625013549201
2013-11-15,627667.1279499999,147.96569999983694,627519.16225,0.9997642608742582
2013-11-18,635164.2279499997,147.96569999983694,635016.2622499999,0.999767043398402
2013-11-19,634120.3279499998,147.96569999983694,633972.36225,0.9997666599011608
2013-11-20,635164.2279499997,147.96569999983694,635016.2622499999,0.999767043398402
2013-11-21,634025.4279499998,147.96569999983694,633877.46225,0.9997666249751556
2013-11-22,632696.8279499998,147.96569999983694,632548.86225,0.9997661349109663
2013-11-25,631463.1279499999,147.96569999983694,631315.16225,0.999765678004858
2013-11-26,631368.2279499997,147.96569999983694,631220.2622499999,0.9997656427842746
2013-11-27,634025.4279499998,147.96569999983694,633877.46225,0.9997666249751556
2013-11-28,636492.8279499998,147.96569999983694,636344.86225,0.999767529666475
2013-11-29,636682.6279499998,147.96569999983694,636534.6622499999,0.9997675989676736
2013-12-02,634499.9279499998,147.96569999983694,634351.96225,0.9997667995007062
2013-12-03,636587.7279499997,147.96569999983694,636439.7622499999,0.9997675643222399
2013-12-04,639624.5279499998,147.96569999983694,639476.56225,0.999768667876959
2013-12-05,639624.5279499998,147.96569999983694,639476.56225,0.999768667876959
2013-12-06,638011.2279499999,147.96569999983694,637863.26225,0.9997680829215573
2013-12-09,637916.3279499998,147.96569999983694,637768.36225,0.9997680484202759
2013-12-10,637821.4279499998,147.96569999983694,637673.46225,0.9997680139087277
2013-12-11,634120.3279499998,147.96569999983694,633972.36225,0.9997666599011608
2013-12-12,633645.8279499998,147.96569999983694,633497.86225,0.9997664851665188
2013-12-13,633550.9279499998,147.96569999983694,633402.96225,0.999766450188182
2013-12-16,629754.9279499998,147.96569999983694,629606.96225,0.9997650424102571
2013-12-17,628331.4279499998,147.96569999983694,628183.46225,0.9997645101081724
2013-12-18,628521.2279499997,147.96569999983694,628373.2622499999,0.999764581221095
2013-12-19,626338.5279499998,147.96569999983694,626190.56225,0.999763760820392
2013-12-20,621498.6279499999,147.96569999983694,621350.66225,0.9997619211155978
2013-12-23,621498.6279499999,147.96569999983694,621350.66225,0.9997619211155978
2013-12-24,621783.3279499998,147.96569999983694,621635.36225,0.9997620301263341
2013-12-25,622922.1279499998,147.96569999983694,622774.1622499999,0.9997624651728351
2013-12-26,619885.3279499998,147.96569999983694,619737.36225,0.9997613014966992
2013-12-27,622827.2279499997,147.96569999983694,622679.2622499999,0.9997624289797239
2013-12-30,623017.0279499998,147.96569999983694,622869.06225,0.9997625013549201
2013-12-31,625579.3279499998,147.96569999983694,625431.36225,0.9997634741216838
2014-01-02,624820.1279499998,147.96569999983694,624672.1622499999,0.9997631867262579
2014-01-03,622352.7279499999,147.96569999983694,622204.76225,0.9997622478485999
2014-01-06,617038.3279499998,147.96569999983694,616890.36225,0.9997602001475477
2014-01-07,617133.2279499997,147.96569999983694,616985.2622499999,0.9997602370229013
2014-01-08,616943.4279499998,147.96569999983694,616795.46225,0.9997601632608496
2014-01-09,615614.8279499998,147.96569999983694,615466.86225,0.9997596456529604
2014-01-10,614096.4279499998,147.96569999983694,613948.46225,0.9997590513586054
2014-01-13,612578.0279499998,147.96569999983694,612430.06225,0.9997584541180901
2014-01-14,614001.5279499998,147.96569999983694,613853.56225,0.9997590141176133
2014-01-15,614001.5279499998,147.96569999983694,613853.56225,0.9997590141176133
2014-01-16,614096.4279499998,147.96569999983694,613948.46225,0.9997590513586054
2014-01-17,611059.6279499998,147.96569999983694,610911.6622499999,0.9997578539094519
2014-01-20,610015.7279499999,147.96569999983694,609867.76225,0.9997574395327525
2014-01-21,607168.7279499997,147.96569999983694,607020.7622499999,0.9997563021723807
2014-01-22,612862.7279499997,147.96569999983694,612714.7622499999,0.999758566326109
2014-01-23,611723.9279499998,147.96569999983694,611575.96225,0.9997581168673658
2014-01-24,612862.7279499997,147.96569999983694,612714.7622499999,0.999758566326109
2014-01-27,610110.6279499999,147.96569999983694,609962.66225,0.9997574772619566
2014-01-28,610300.4279499998,147.96569999983694,610152.46225,0.9997575526851639
2014-01-29,610964.7279499997,147.96569999983694,610816.7622499999,0.9997578162973559
2014-01-30,608022.8279499998,147.96569999983694,607874.86225,0.9997566444988608
2014-02-07,609351.4279499998,147.96569999983694,609203.46225,0.999757175099273
2014-02-10,615425.0279499998,147.96569999983694,615277.06225,0.9997595715265388
2014-02-11,616468.9279499998,147.96569999983694,616320.96225,0.9997599786570073
2014-02-12,616848.5279499998,147.96569999983694,616700.56225,0.9997601263628016
2014-02-13,616279.1279499999,147.96569999983694,616131.16225,0.9997599047358751
2014-02-14,617038.3279499998,147.96569999983694,616890.36225,0.9997602001475477
2014-02-17,618556.7279499999,147.96569999983694,618408.76225,0.9997607887954105
2014-02-18,615994.4279499998,147.96569999983694,615846.46225,0.9997597937687647
2014-02-19,618841.4279499998,147.96569999983694,618693.46225,0.9997608988452987
2014-02-20,616943.4279499998,147.96569999983694,616795.46225,0.9997601632608496
2014-02-21,614476.0279499998,147.96569999983694,614328.06225,0.9997592002075435
2014-02-24,609636.1279499999,147.96569999983694,609488.16225,0.999757288498473
2014-02-25,604226.8279499998,147.96569999983694,604078.86225,0.9997551156400952
2014-02-26,604511.5279499998,147.96569999983694,604363.56225,0.9997552309705299
2014-02-27,604037.0279499998,147.96569999983694,603889.06225,0.9997550386927404
2014-02-28,606124.8279499998,147.96569999983694,605976.86225,0.9997558824631879
2014-03-03,606884.0279499998,147.96569999983694,606736.06225,0.9997561878494321
2014-03-04,606409.5279499998,147.96569999983694,606261.56225,0.9997559970726383
2014-03-05,604606.4279499998,147.96569999983694,604458.46225,0.9997552693898715
2014-03-06,605650.3279499998,147.96569999983694,605502.36225,0.9997556912079935
2014-03-07,604986.0279499998,147.96569999983694,604838.06225,0.9997554229467064
2014-03-10,598627.7279499999,147.96569999983694,598479.76225,0.9997528251815089
2014-03-11,599481.8279499998,147.96569999983694,599333.86225,0.9997531773389933
2014-03-12,599671.6279499999,147.96569999983694,599523.66225,0.999753255459983
2014-03-13,602803.3279499998,147.96569999983694,602655.36225,0.9997545373538281
2014-03-14,601095.1279499998,147.96569999983694,600947.1622499999,0.9997538397948683
2014-03-17,602613.5279499998,147.96569999983694,602465.56225,0.9997544600425696
2014-03-18,602423.7279499999,147.96569999983694,602275.76225,0.9997543826825956
2014-03-19,601190.0279499998,147.96569999983694,601042.06225,0.9997538786521387
2014-03-20,597678.7279499997,147.96569999983694,597530.7622499999,0.9997524327149683
2014-03-21,604986.0279499998,147.96569999983694,604838.06225,0.9997554229467064
2014-03-24,605935.0279499998,147.96569999983694,605787.06225,0.9997558059970548
2014-03-25,605650.3279499998,147.96569999983694,605502.36225,0.9997556912079935
2014-03-26,605650.3279499998,147.96569999983694,605502.36225,0.9997556912079935
2014-03-27,604226.8279499998,147.96569999983694,604078.86225,0.9997551156400952
2014-03-28,604131.9279499998,147.96569999983694,603983.96225,0.9997550771724615
2014-03-31,603277.8279499998,147.96569999983694,603129.86225,0.999754730419146
2014-04-01,604416.6279499999,147.96569999983694,604268.66225,0.9997551925391237
2014-04-02,606029.9279499998,147.96569999983694,605881.96225,0.9997558442361084
2014-04-03,604606.4279499998,147.96569999983694,604458.46225,0.9997552693898715
2014-04-04,607073.8279499998,147.96569999983694,606925.86225,0.9997562640766454
2014-04-08,609014.4854999998,209065.52324999982,399948.96225,0.6567150236527504
2014-04-09,609014.4854999998,209065.52324999982,399948.96225,0.6567150236527504
2014-04-10,609014.4854999998,209065.52324999982,399948.96225,0.6567150236527504
2014-04-11,609014.4854999998,209065.52324999982,399948.96225,0.6567150236527504
2014-04-14,609014.4854999998,209065.52324999982,399948.96225,0.6567150236527504
2014-04-15,609014.4854999998,209065.52324999982,399948.96225,0.6567150236527504
2014-04-16,609014.4854999998,209065.52324999982,399948.96225,0.6567150236527504
2014-04-17,609014.4854999998,209065.52324999982,399948.96225,0.6567150236527504
2014-04-18,609014.4854999998,209065.52324999982,399948.96225,0.6567150236527504
2014-04-21,609014.4854999998,209065.52324999982,399948.96225,0.6567150236527504
2014-04-22,609014.4854999998,209065.52324999982,399948.96225,0.6567150236527504
2014-04-23,609014.4854999998,209065.52324999982,399948.96225,0.6567150236527504
2014-04-24,609014.4854999998,209065.52324999982,399948.96225,0.6567150236527504
2014-04-25,605156.8856999998,9016.323449999822,596140.56225,0.9851008496093201
2014-04-28,600146.8856999998,9016.323449999822,591130.56225,0.984976472152341
2014-04-29,602020.6856999998,34.323449999821605,601986.36225,0.9999429862614108
2014-04-30,605587.2856999998,34.323449999821605,605552.96225,0.9999433220432293
2014-05-05,607265.6856999998,34.323449999821605,607231.36225,0.9999434786934154
2014-05-06,607475.4856999998,34.323449999821605,607441.16225,0.9999434982138247
2014-05-07,604957.8856999998,34.323449999821605,604923.56225,0.999943263075313
2014-05-08,604957.8856999998,34.323449999821605,604923.56225,0.999943263075313
2014-05-09,604118.6856999998,34.323449999821605,604084.36225,0.9999431842602915
2014-05-12,607265.6856999998,34.323449999821605,607231.36225,0.9999434786934154
2014-05-13,606846.0856999997,34.323449999821605,606811.7622499999,0.999943439612105
2014-05-14,607475.4856999998,34.323449999821605,607441.16225,0.9999434982138247
2014-05-15,604957.8856999998,34.323449999821605,604923.56225,0.999943263075313
2014-05-16,603489.2856999998,34.323449999821605,603454.96225,0.9999431250051772
2014-05-19,600552.0856999997,34.323449999821605,600517.7622499999,0.9999428468390718
2014-05-20,600552.0856999997,34.323449999821605,600517.7622499999,0.9999428468390718
2014-05-21,602440.2856999998,34.323449999821605,602405.96225,0.999943025971512
2014-05-22,602440.2856999998,34.323449999821605,602405.96225,0.999943025971512
2014-05-23,604118.6856999998,34.323449999821605,604084.36225,0.9999431842602915
2014-05-26,608734.2856999998,34.323449999821605,608699.96225,0.999943615053717
2014-05-27,607685.2856999998,34.323449999821605,607650.96225,0.9999435177207553
2014-05-28,609573.4856999998,34.323449999821605,609539.16225,0.9999436926788895
2014-05-29,611199.0685499999,211250.10629999987,399948.96225,0.654367754844315
2014-05-30,611199.0685499999,211250.10629999987,399948.96225,0.654367754844315
2014-06-03,611199.0685499999,211250.10629999987,399948.96225,0.654367754844315
2014-06-04,611199.0685499999,211250.10629999987,399948.96225,0.654367754844315
2014-06-05,611199.0685499999,211250.10629999987,399948.96225,0.654367754844315
2014-06-06,611199.0685499999,211250.10629999987,399948.96225,0.654367754844315
2014-06-09,611199.0685499999,211250.10629999987,399948.96225,0.654367754844315
2014-06-10,611199.0685499999,211250.10629999987,399948.96225,0.654367754844315
2014-06-11,611199.0685499999,211250.10629999987,399948.96225,0.654367754844315
2014-06-12,611199.0685499999,211250.10629999987,399948.96225,0.654367754844315
2014-06-13,611199.0685499999,211250.10629999987,399948.96225,0.654367754844315
2014-06-16,611199.0685499999,211250.10629999987,399948.96225,0.654367754844315
2014-06-17,611199.0685499999,211250.10629999987,399948.96225,0.654367754844315
2014-06-18,611199.0685499999,211250.10629999987,399948.96225,0.654367754844315
2014-06-19,611199.0685499999,211250.10629999987,399948.96225,0.654367754844315
2014-06-20,611199.0685499999,211250.10629999987,399948.96225,0.654367754844315
2014-06-23,611199.0685499999,211250.10629999987,399948.96225,0.654367754844315
2014-06-24,611199.0685499999,211250.10629999987,399948.96225,0.654367754844315
2014-06-25,611199.0685499999,211250.10629999987,399948.96225,0.654367754844315
2014-06-26,611199.0685499999,211250.10629999987,399948.96225,0.654367754844315
2014-06-27,611199.0685499999,211250.10629999987,399948.96225,0.654367754844315
2014-06-30,611199.0685499999,211250.10629999987,399948.96225,0.654367754844315
2014-07-01,611199.0685499999,211250.10629999987,399948.96225,0.654367754844315
2014-07-02,611199.0685499999,211250.10629999987,399948.96225,0.654367754844315
2014-07-03,611199.0685499999,211250.10629999987,399948.96225,0.654367754844315
2014-07-04,611199.0685499999,211250.10629999987,399948.96225,0.654367754844315
2014-07-07,611199.0685499999,211250.10629999987,399948.96225,0.654367754844315
2014-07-08,611199.0685499999,211250.10629999987,399948.96225,0.654367754844315
2014-07-09,611199.0685499999,211250.10629999987,399948.96225,0.654367754844315
2014-07-10,611199.0685499999,211250.10629999987,399948.96225,0.654367754844315
2014-07-11,611199.0685499999,211250.10629999987,399948.96225,0.654367754844315
2014-07-14,611199.0685499999,211250.10629999987,399948.96225,0.654367754844315
2014-07-15,611199.0685499999,211250.10629999987,399948.96225,0.654367754844315
2014-07-16,611199.0685499999,211250.10629999987,399948.96225,0.654367754844315
2014-07-17,611199.0685499999,211250.10629999987,399948.96225,0.654367754844315
2014-07-18,611199.0685499999,211250.10629999987,399948.96225,0.654367754844315
2014-07-21,611199.0685499999,211250.10629999987,399948.96225,0.654367754844315
2014-07-22,611199.0685499999,211250.10629999987,399948.96225,0.654367754844315
2014-07-23,611199.0685499999,211250.10629999987,399948.96225,0.654367754844315
2014-07-24,611199.0685499999,211250.10629999987,399948.96225,0.654367754844315
2014-07-25,611199.0685499999,211250.10629999987,399948.96225,0.654367754844315
2014-07-28,611199.0685499999,211250.10629999987,399948.96225,0.654367754844315
2014-07-29,611199.0685499999,211250.10629999987,399948.96225,0.654367754844315
2014-07-30,611199.0685499999,211250.10629999987,399948.96225,0.654367754844315
2014-07-31,611199.0685499999,211250.10629999987,399948.96225,0.654367754844315
2014-08-01,611199.0685499999,211250.10629999987,399948.96225,0.654367754844315
2014-08-04,611199.0685499999,211250.10629999987,399948.96225,0.654367754844315
2014-08-05,611199.0685499999,211250.10629999987,399948.96225,0.654367754844315
2014-08-06,611199.0685499999,211250.10629999987,399948.96225,0.654367754844315
2014-08-07,611199.0685499999,211250.10629999987,399948.96225,0.654367754844315
2014-08-08,611199.0685499999,211250.10629999987,399948.96225,0.654367754844315
2014-08-11,611199.0685499999,211250.10629999987,399948.96225,0.654367754844315
2014-08-12,611199.0685499999,211250.10629999987,399948.96225,0.654367754844315
2014-08-13,611199.0685499999,211250.10629999987,399948.96225,0.654367754844315
2014-08-14,611199.0685499999,211250.10629999987,399948.96225,0.654367754844315
2014-08-15,611199.0685499999,211250.10629999987,399948.96225,0.654367754844315
2014-08-18,611199.0685499999,211250.10629999987,399948.96225,0.654367754844315
2014-08-19,611199.0685499999,211250.10629999987,399948.96225,0.654367754844315
2014-08-20,611199.0685499999,211250.10629999987,399948.96225,0.654367754844315
2014-08-21,611199.0685499999,211250.10629999987,399948.96225,0.654367754844315
2014-08-22,611199.0685499999,211250.10629999987,399948.96225,0.654367754844315
2014-08-25,611199.0685499999,211250.10629999987,399948.96225,0.654367754844315
2014-08-26,611199.0685499999,211250.10629999987,399948.96225,0.654367754844315
2014-08-27,611199.0685499999,211250.10629999987,399948.96225,0.654367754844315
2014-08-28,611199.0685499999,211250.10629999987,399948.96225,0.654367754844315
2014-08-29,611199.0685499999,211250.10629999987,399948.96225,0.654367754844315
2014-09-01,611199.0685499999,211250.10629999987,399948.96225,0.654367754844315
2014-09-02,611199.0685499999,211250.10629999987,399948.96225,0.654367754844315
2014-09-03,611199.0685499999,211250.10629999987,399948.96225,0.654367754844315
2014-09-04,611199.0685499999,211250.10629999987,399948.96225,0.654367754844315
2014-09-05,611199.0685499999,211250.10629999987,399948.96225,0.654367754844315
2014-09-09,611199.0685499999,211250.10629999987,399948.96225,0.654367754844315
2014-09-10,611199.0685499999,211250.10629999987,399948.96225,0.654367754844315
2014-09-11,611199.0685499999,211250.10629999987,399948.96225,0.654367754844315
2014-09-12,611199.0685499999,211250.10629999987,399948.96225,0.654367754844315
2014-09-15,611199.0685499999,211250.10629999987,399948.96225,0.654367754844315
2014-09-16,611199.0685499999,211250.10629999987,399948.96225,0.654367754844315
2014-09-17,611199.0685499999,211250.10629999987,399948.96225,0.654367754844315
2014-09-18,611199.0685499999,211250.10629999987,399948.96225,0.654367754844315
2014-09-19,611199.0685499999,211250.10629999987,399948.96225,0.654367754844315
2014-09-22,611199.0685499999,211250.10629999987,399948.96225,0.654367754844315
2014-09-23,611199.0685499999,211250.10629999987,399948.96225,0.654367754844315
2014-09-24,611199.0685499999,211250.10629999987,399948.96225,0.654367754844315
2014-09-25,611199.0685499999,211250.10629999987,399948.96225,0.654367754844315
2014-09-26,611199.0685499999,211250.10629999987,399948.96225,0.654367754844315
2014-09-29,611199.0685499999,211250.10629999987,399948.96225,0.654367754844315
2014-09-30,611199.0685499999,211250.10629999987,399948.96225,0.654367754844315
2014-10-08,611199.0685499999,211250.10629999987,399948.96225,0.654367754844315
2014-10-09,611199.0685499999,211250.10629999987,399948.96225,0.654367754844315
2014-10-10,611199.0685499999,211250.10629999987,399948.96225,0.654367754844315
2014-10-13,611199.0685499999,211250.10629999987,399948.96225,0.654367754844315
2014-10-14,611199.0685499999,211250.10629999987,399948.96225,0.654367754844315
2014-10-15,611199.0685499999,211250.10629999987,399948.96225,0.654367754844315
2014-10-16,611199.0685499999,211250.10629999987,399948.96225,0.654367754844315
2014-10-17,611199.0685499999,211250.10629999987,399948.96225,0.654367754844315
2014-10-20,611199.0685499999,211250.10629999987,399948.96225,0.654367754844315
2014-10-21,611199.0685499999,211250.10629999987,399948.96225,0.654367754844315
2014-10-22,611199.0685499999,211250.10629999987,399948.96225,0.654367754844315
2014-10-23,611199.0685499999,211250.10629999987,399948.96225,0.654367754844315
2014-10-24,611199.0685499999,211250.10629999987,399948.96225,0.654367754844315
2014-10-27,611199.0685499999,211250.10629999987,399948.96225,0.654367754844315
2014-10-28,614539.7970749998,11314.234824999847,603225.56225,0.9815890933689702
2014-10-29,617103.4970749997,11314.234824999847,605789.2622499999,0.9816655797955642
2014-10-30,618343.9970749997,11314.234824999847,607029.7622499999,0.9817023616651566
2014-10-31,621764.7585249998,221815.79627499986,399948.96225,0.6432480399802506
2014-11-03,621764.7585249998,221815.79627499986,399948.96225,0.6432480399802506
2014-11-04,621764.7585249998,221815.79627499986,399948.96225,0.6432480399802506
2014-11-05,621764.7585249998,221815.79627499986,399948.96225,0.6432480399802506
2014-11-06,621764.7585249998,221815.79627499986,399948.96225,0.6432480399802506
2014-11-07,621764.7585249998,221815.79627499986,399948.96225,0.6432480399802506
2014-11-10,621764.7585249998,221815.79627499986,399948.96225,0.6432480399802506
2014-11-11,621764.7585249998,221815.79627499986,399948.96225,0.6432480399802506
2014-11-12,621764.7585249998,221815.79627499986,399948.96225,0.6432480399802506
2014-11-13,621764.7585249998,221815.79627499986,399948.96225,0.6432480399802506
2014-11-14,621764.7585249998,221815.79627499986,399948.96225,0.6432480399802506
2014-11-17,621764.7585249998,221815.79627499986,399948.96225,0.6432480399802506
2014-11-18,621764.7585249998,221815.79627499986,399948.96225,0.6432480399802506
2014-11-19,621764.7585249998,221815.79627499986,399948.96225,0.6432480399802506
2014-11-20,621764.7585249998,221815.79627499986,399948.96225,0.6432480399802506
2014-11-21,621764.7585249998,221815.79627499986,399948.96225,0.6432480399802506
2014-11-24,621764.7585249998,221815.79627499986,399948.96225,0.6432480399802506
2014-11-25,621764.7585249998,221815.79627499986,399948.96225,0.6432480399802506
2014-11-26,621764.7585249998,221815.79627499986,399948.96225,0.6432480399802506
2014-11-27,621764.7585249998,221815.79627499986,399948.96225,0.6432480399802506
2014-11-28,621764.7585249998,221815.79627499986,399948.96225,0.6432480399802506
2014-12-01,621764.7585249998,221815.79627499986,399948.96225,0.6432480399802506
2014-12-02,621764.7585249998,221815.79627499986,399948.96225,0.6432480399802506
2014-12-03,621764.7585249998,221815.79627499986,399948.96225,0.6432480399802506
2014-12-04,621764.7585249998,221815.79627499986,399948.96225,0.6432480399802506
2014-12-05,621764.7585249998,221815.79627499986,399948.96225,0.6432480399802506
2014-12-08,621764.7585249998,221815.79627499986,399948.96225,0.6432480399802506
2014-12-09,621764.7585249998,221815.79627499986,399948.96225,0.6432480399802506
2014-12-10,621764.7585249998,221815.79627499986,399948.96225,0.6432480399802506
2014-12-11,621764.7585249998,221815.79627499986,399948.96225,0.6432480399802506
2014-12-12,621764.7585249998,221815.79627499986,399948.96225,0.6432480399802506
2014-12-15,621764.7585249998,221815.79627499986,399948.96225,0.6432480399802506
2014-12-16,621764.7585249998,221815.79627499986,399948.96225,0.6432480399802506
2014-12-17,621764.7585249998,221815.79627499986,399948.96225,0.6432480399802506
2014-12-18,621764.7585249998,221815.79627499986,399948.96225,0.6432480399802506
2014-12-19,621764.7585249998,221815.79627499986,399948.96225,0.6432480399802506
2014-12-22,621764.7585249998,221815.79627499986,399948.96225,0.6432480399802506
2014-12-23,621764.7585249998,221815.79627499986,399948.96225,0.6432480399802506
2014-12-24,621764.7585249998,221815.79627499986,399948.96225,0.6432480399802506
2014-12-25,621764.7585249998,221815.79627499986,399948.96225,0.6432480399802506
2014-12-26,621764.7585249998,221815.79627499986,399948.96225,0.6432480399802506
2014-12-29,621764.7585249998,221815.79627499986,399948.96225,0.6432480399802506
2014-12-30,621764.7585249998,221815.79627499986,399948.96225,0.6432480399802506
2014-12-31,621764.7585249998,221815.79627499986,399948.96225,0.6432480399802506
2015-01-05,621764.7585249998,221815.79627499986,399948.96225,0.6432480399802506
2015-01-06,621764.7585249998,221815.79627499986,399948.96225,0.6432480399802506
2015-01-07,621764.7585249998,221815.79627499986,399948.96225,0.6432480399802506
2015-01-08,621764.7585249998,221815.79627499986,399948.96225,0.6432480399802506
2015-01-09,621764.7585249998,221815.79627499986,399948.96225,0.6432480399802506
2015-01-12,621764.7585249998,221815.79627499986,399948.96225,0.6432480399802506
2015-01-13,621764.7585249998,221815.79627499986,399948.96225,0.6432480399802506
2015-01-14,621764.7585249998,221815.79627499986,399948.96225,0.6432480399802506
2015-01-15,621764.7585249998,221815.79627499986,399948.96225,0.6432480399802506
2015-01-16,621764.7585249998,221815.79627499986,399948.96225,0.6432480399802506
2015-01-19,621764.7585249998,221815.79627499986,399948.96225,0.6432480399802506
2015-01-20,621764.7585249998,221815.79627499986,399948.96225,0.6432480399802506
2015-01-21,621764.7585249998,221815.79627499986,399948.96225,0.6432480399802506
2015-01-22,621764.7585249998,221815.79627499986,399948.96225,0.6432480399802506
2015-01-23,621764.7585249998,221815.79627499986,399948.96225,0.6432480399802506
2015-01-26,621764.7585249998,221815.79627499986,399948.96225,0.6432480399802506
2015-01-27,621764.7585249998,221815.79627499986,399948.96225,0.6432480399802506
2015-01-28,621764.7585249998,221815.79627499986,399948.96225,0.6432480399802506
2015-01-29,621764.7585249998,221815.79627499986,399948.96225,0.6432480399802506
2015-01-30,621764.7585249998,221815.79627499986,399948.96225,0.6432480399802506
2015-02-02,621764.7585249998,221815.79627499986,399948.96225,0.6432480399802506
2015-02-03,626745.7978999999,21923.335649999848,604822.4622500001,0.9650203707412845
2015-02-04,623671.2978999999,21923.335649999848,601747.9622500001,0.9648479323582484
2015-02-05,621435.2978999999,21923.335649999848,599511.9622500001,0.96472145093128
2015-02-06,617522.2978999999,21923.335649999848,595598.9622500001,0.9644979044083846
2015-02-09,619366.9978999998,21923.335649999848,597443.66225,0.964603642550649
2015-02-10,623112.2978999999,21923.335649999848,601188.9622500001,0.9648163971022794
2015-02-11,624174.3978999997,21923.335649999848,602251.06225,0.9648762657940478
2015-02-12,625236.4978999998,21923.335649999848,603313.16225,0.9649359310858622
2015-02-13,625851.3978999997,21923.335649999848,603928.06225,0.9649703815896841
2015-02-16,625963.1978999998,21923.335649999848,604039.86225,0.9649766380458965
2015-02-17,627863.7978999999,21923.335649999848,605940.4622500001,0.9650826569021399
2015-02-25,625012.8978999997,21923.335649999848,603089.56225,0.9649233868234388
2015-02-26,630882.3978999997,21923.335649999848,608959.06225,0.9652497268540454
2015-02-27,630043.8978999997,21923.335649999848,608120.56225,0.9652034791177686
2015-03-02,630658.7978999999,21923.335649999848,608735.4622500001,0.965237406148933
2015-03-03,624565.6978999998,21923.335649999848,602642.36225,0.9648982713528562
2015-03-04,624006.6978999998,21923.335649999848,602083.36225,0.9648668263918008
2015-03-05,620205.4978999998,21923.335649999848,598282.16225,0.9646514974081467
2015-03-06,620429.0978999997,21923.335649999848,598505.7622499999,0.9646642368576765
2015-03-09,627807.8978999997,21923.335649999848,605884.56225,0.9650795478627575
2015-03-10,624286.1978999998,21923.335649999848,602362.86225,0.9648825559114611
2015-03-11,624956.9978999998,21923.335649999848,603033.66225,0.964920249355288
2015-03-12,633177.3584249999,233228.39617499986,399948.96225,0.6316539227568955
2015-03-13,633177.3584249999,233228.39617499986,399948.96225,0.6316539227568955
2015-03-16,633177.3584249999,233228.39617499986,399948.96225,0.6316539227568955
2015-03-17,633177.3584249999,233228.39617499986,399948.96225,0.6316539227568955
2015-03-18,633177.3584249999,233228.39617499986,399948.96225,0.6316539227568955
2015-03-19,633177.3584249999,233228.39617499986,399948.96225,0.6316539227568955
2015-03-20,633177.3584249999,233228.39617499986,399948.96225,0.6316539227568955
2015-03-23,633177.3584249999,233228.39617499986,399948.96225,0.6316539227568955
2015-03-24,633177.3584249999,233228.39617499986,399948.96225,0.6316539227568955
2015-03-25,633177.3584249999,233228.39617499986,399948.96225,0.6316539227568955
2015-03-26,633177.3584249999,233228.39617499986,399948.96225,0.6316539227568955
2015-03-27,633177.3584249999,233228.39617499986,399948.96225,0.6316539227568955
2015-03-30,633177.3584249999,233228.39617499986,399948.96225,0.6316539227568955
2015-03-31,633177.3584249999,233228.39617499986,399948.96225,0.6316539227568955
2015-04-01,633177.3584249999,233228.39617499986,399948.96225,0.6316539227568955
2015-04-02,633177.3584249999,233228.39617499986,399948.96225,0.6316539227568955
2015-04-03,633177.3584249999,233228.39617499986,399948.96225,0.6316539227568955
2015-04-07,633177.3584249999,233228.39617499986,399948.96225,0.6316539227568955
2015-04-08,633177.3584249999,233228.39617499986,399948.96225,0.6316539227568955
2015-04-09,633177.3584249999,233228.39617499986,399948.96225,0.6316539227568955
2015-04-10,633177.3584249999,233228.39617499986,399948.96225,0.6316539227568955
2015-04-13,633177.3584249999,233228.39617499986,399948.96225,0.6316539227568955
2015-04-14,633177.3584249999,233228.39617499986,399948.96225,0.6316539227568955
2015-04-15,633177.3584249999,233228.39617499986,399948.96225,0.6316539227568955
2015-04-16,633177.3584249999,233228.39617499986,399948.96225,0.6316539227568955
2015-04-17,633177.3584249999,233228.39617499986,399948.96225,0.6316539227568955
2015-04-20,633177.3584249999,233228.39617499986,399948.96225,0.6316539227568955
2015-04-21,633177.3584249999,233228.39617499986,399948.96225,0.6316539227568955
2015-04-22,633177.3584249999,233228.39617499986,399948.96225,0.6316539227568955
2015-04-23,633177.3584249999,233228.39617499986,399948.96225,0.6316539227568955
2015-04-24,633177.3584249999,233228.39617499986,399948.96225,0.6316539227568955
2015-04-27,633177.3584249999,233228.39617499986,399948.96225,0.6316539227568955
2015-04-28,633177.3584249999,233228.39617499986,399948.96225,0.6316539227568955
2015-04-29,633177.3584249999,233228.39617499986,399948.96225,0.6316539227568955
2015-04-30,750185.8834499998,233228.39617499986,516957.48727499996,0.6891058585341341
2015-05-04,753601.3834499998,233228.39617499986,520372.98727499996,0.6905149044349198
2015-05-05,741988.6834499999,233228.39617499986,508760.287275,0.6856712219779881
2015-05-06,736213.3834499998,233228.39617499986,502984.98727499996,0.6832054382357752
2015-05-07,726960.4834499998,233228.39617499986,493732.08727499994,0.6791732130085703
2015-05-08,735778.6834499999,233228.39617499986,502550.287275,0.6830182751674553
2015-05-11,747763.9834499998,233228.39617499986,514535.58727499994,0.6880989171222968
2015-05-12,753539.2834499999,233228.39617499986,520310.887275,0.6904893994282709
2015-05-13,752297.2834499999,233228.39617499986,519068.887275,0.6899784150416901
2015-05-14,752110.9834499998,233228.39617499986,518882.58727499994,0.6899016218255974
2015-05-15,747639.7834499999,233228.39617499986,514411.387275,0.6880471032470177
2015-05-18,747763.9834499998,233228.39617499986,514535.58727499994,0.6880989171222968
2015-05-19,766797.8890499999,33200.801774999854,733597.087275,0.9567020172471615
2015-05-20,773812.8513,362869.3640249999,410943.4872750001,0.5310631460625369
2015-05-21,776876.4512999998,362869.3640249999,414007.08727499994,0.5329123911301648
2015-05-22,781982.4512999998,362869.3640249999,419113.08727499994,0.5359622669002981
2015-05-25,788908.8512999999,362869.3640249999,426039.48727499996,0.5400363889604645
2015-05-26,789841.2512999999,362869.3640249999,426971.887275,0.540579371579095
2015-05-27,787532.4512999998,362869.3640249999,424663.08727499994,0.5392324933074158
2015-05-28,773146.8512999999,362869.3640249999,410277.48727499996,0.5306591970013758
2015-05-29,774878.4513,362869.3640249999,412009.08727500006,0.5317080202498594
2015-06-01,783536.4512999998,362869.3640249999,420667.08727499994,0.5368826001356448
2015-06-02,784602.0512999999,362869.3640249999,421732.68727500003,0.5375115787375715
2015-06-03,786200.4512999998,362869.3640249999,423331.08727499994,0.538451849747749
2015-06-04,790862.4512999998,362869.3640249999,427993.08727499994,0.541172597803165
2015-06-05,795910.1762999999,595911.0890249999,199999.08727500006,0.2512834905626524
2015-06-08,795910.1762999999,595911.0890249999,199999.08727500006,0.2512834905626524
2015-06-09,795910.1762999999,595911.0890249999,199999.08727500006,0.2512834905626524
2015-06-10,795910.1762999999,595911.0890249999,199999.08727500006,0.2512834905626524
2015-06-11,795910.1762999999,595911.0890249999,199999.08727500006,0.2512834905626524
2015-06-12,795910.1762999999,595911.0890249999,199999.08727500006,0.2512834905626524
2015-06-15,795910.1762999999,595911.0890249999,199999.08727500006,0.2512834905626524
2015-06-16,795910.1762999999,595911.0890249999,199999.08727500006,0.2512834905626524
2015-06-17,795910.1762999999,595911.0890249999,199999.08727500006,0.2512834905626524
2015-06-18,795910.1762999999,595911.0890249999,199999.08727500006,0.2512834905626524
2015-06-19,793147.588425,395909.6011499999,397237.9872750001,0.5008374142116715
2015-06-23,797471.0816249999,196232.49434999988,601238.587275,0.7539315231968806
2015-06-24,803075.6816249997,196232.49434999988,606843.1872749999,0.7556488151242119
2015-06-25,794323.7816249998,196232.49434999988,598091.287275,0.752956541287793
2015-06-26,760708.7816249998,196232.49434999988,564476.287275,0.7420399250146492
2015-06-29,725859.4534499999,70.7661749998515,725788.687275,0.999902507056065
2015-06-30,767924.2534499998,70.7661749998515,767853.487275,0.9999078474541181
2015-07-01,739087.9534499998,70.7661749998515,739017.1872749999,0.999904252024851
2015-07-02,723098.2534499998,70.7661749998515,723027.487275,0.999902134772609
2015-07-03,693035.5534499999,70.7661749998515,692964.787275,0.9998978895460015
2015-07-06,714167.2534499998,70.7661749998515,714096.487275,0.9999009109215551
2015-07-07,686631.7534499998,70.7661749998515,686560.987275,0.9998969372234181
2015-07-08,638184.1534499999,70.7661749998515,638113.387275,0.9998891132369594
2015-07-09,681952.9534499998,70.7661749998515,681882.1872749999,0.9998962301216794
2015-07-10,730046.2534499998,70.7661749998515,729975.487275,0.9999030661760602
2015-07-13,748441.9534499998,70.7661749998515,748371.1872749999,0.9999054486795219
2015-07-14,732292.65345,70.7661749998515,732221.8872750001,0.999903363532781
2015-07-15,701552.5534499999,70.7661749998515,701481.787275,0.9998991291890367
2015-07-16,711880.6534499999,70.7661749998515,711809.887275,0.9999005926419591
2015-07-17,738856.6534499999,70.7661749998515,738785.887275,0.9999042220508275
2015-07-20,734726.5534499999,70.7661749998515,734655.787275,0.9999036836566372
2015-07-21,734859.15345,70.7661749998515,734788.3872750001,0.9999037010362222
2015-07-22,734510.5534499999,70.7661749998515,734439.787275,0.9999036553325646
2015-07-23,744503.8534499999,70.7661749998515,744433.087275,0.9999049485443602
2015-07-24,732701.2534499998,70.7661749998515,732630.487275,0.9999034174233131
2015-07-27,682538.8534499999,70.7661749998515,682468.087275,0.9998963191990577
2015-07-28,686626.6534499999,70.7661749998515,686555.887275,0.9998969364579072
2015-07-29,708101.2534499998,70.7661749998515,708030.487275,0.9999000620678821
2015-07-30,688907.5534499999,70.7661749998515,688836.787275,0.9998972776903875
2015-07-31,684633.1534499999,70.7661749998515,684562.387275,0.9998966363597157
2015-08-03,682254.4534499998,70.7661749998515,682183.6872749999,0.9998962759793768
2015-08-04,705927.4534499999,70.7661749998515,705856.687275,0.9998997543236857
2015-08-05,693883.3534499999,70.7661749998515,693812.587275,0.9998980143065141
2015-08-06,690252.7534499998,70.7661749998515,690181.987275,0.9998974778808977
2015-08-07,701798.8534499999,70.7661749998515,701728.087275,0.9998991645901785
2015-08-10,723713.2534499998,70.7661749998515,723642.487275,0.9999022179369211
2015-08-11,721079.5534499999,70.7661749998515,721008.787275,0.9999018607937761
2015-08-12,716960.8534499999,70.7661749998515,716890.087275,0.9999012970169022
2015-08-13,723077.5534499999,70.7661749998515,723006.787275,0.9999021319709591
2015-08-14,720930.4534499999,70.7661749998515,720859.687275,0.9999018404970116
2015-08-17,720801.7534499998,70.7661749998515,720730.987275,0.999901822970517
2015-08-18,689524.9534499998,70.7661749998515,689454.1872749999,0.9998973696678477
2015-08-19,696755.2534499998,70.7661749998515,696684.487275,0.9998984346732235
2015-08-20,685600.3534499999,70.7661749998515,685529.587275,0.9998967821783583
2015-08-21,671890.3534499999,70.7661749998515,671819.587275,0.9998946760068268
2015-08-24,624751.9534499998,70.7661749998515,624681.1872749999,0.9998867291656968
2015-08-25,586333.9534499999,70.7661749998515,586263.187275,0.9998793073902961
2015-08-26,595228.9534499999,70.7661749998515,595158.187275,0.9998811110000787
2015-08-27,610171.9534499999,70.7661749998515,610101.187275,0.9998840225700317
2015-08-28,628173.4534499999,70.7661749998515,628102.687275,0.999887346122936
2015-08-31,625384.0534499999,70.7661749998515,625313.287275,0.999886843652937
2015-09-01,621742.0534499999,70.7661749998515,621671.287275,0.9998861808130765
2015-09-02,621855.4534499998,70.7661749998515,621784.6872749999,0.9998862015688578
2015-09-07,614650.65345,70.7661749998515,614579.8872750001,0.9998848676486347
2015-09-08,624434.2534499998,70.7661749998515,624363.487275,0.9998866715356999
2015-09-09,631254.4534499999,70.7661749998515,631183.687275,0.9998878959592077
2015-09-10,625970.2534499998,70.7661749998515,625899.487275,0.9998869496200341
2015-09-11,626088.1534499999,70.7661749998515,626017.387275,0.9998869709087931
2015-09-14,608342.5534499999,70.7661749998515,608271.787275,0.9998836738041773
2015-09-15,596920.3534499999,70.7661749998515,596849.587275,0.999881447877274
2015-09-16,622786.3534499999,70.7661749998515,622715.587275,0.9998863716672534
2015-09-17,686415.3413249998,70.7661749998515,686344.5751499999,0.9998969047299215
2015-09-18,686328.0413249999,70.7661749998515,686257.27515,0.9998968916163424
2015-09-21,691566.0413249999,70.7661749998515,691495.27515,0.9998976725709893
2015-09-22,693835.8413249998,70.7661749998515,693765.0751499999,0.9998980073227915
2015-09-23,687026.4413249999,70.7661749998515,686955.67515,0.9998969964316607
2015-09-24,689470.8413249998,70.7661749998515,689400.0751499999,0.999897361613054
2015-09-25,683185.2413249998,70.7661749998515,683114.47515,0.9998964172954576
2015-09-28,684843.9413249999,70.7661749998515,684773.17515,0.9998966681739742
2015-09-29,679344.0413249999,70.7661749998515,679273.27515,0.9998958316100605
2015-09-30,681264.6413249999,70.7661749998515,681193.87515,0.999896125278332
2015-10-08,691391.4413249999,70.7661749998515,691320.67515,0.9998976467298116
2015-10-09,695058.0413249999,70.7661749998515,694987.27515,0.9998981866681738
2015-10-12,703275.7212749999,303275.14612499985,400000.57515000005,0.5687677863026768
2015-10-13,703275.7212749999,303275.14612499985,400000.57515000005,0.5687677863026768
2015-10-14,703275.7212749999,303275.14612499985,400000.57515000005,0.5687677863026768
2015-10-15,703275.7212749999,303275.14612499985,400000.57515000005,0.5687677863026768
2015-10-16,703275.7212749999,303275.14612499985,400000.57515000005,0.5687677863026768
2015-10-19,703275.7212749999,303275.14612499985,400000.57515000005,0.5687677863026768
2015-10-20,703275.7212749999,303275.14612499985,400000.57515000005,0.5687677863026768
2015-10-21,703275.7212749999,303275.14612499985,400000.57515000005,0.5687677863026768
2015-10-22,703275.7212749999,303275.14612499985,400000.57515000005,0.5687677863026768
2015-10-23,703275.7212749999,303275.14612499985,400000.57515000005,0.5687677863026768
2015-10-26,703275.7212749999,303275.14612499985,400000.57515000005,0.5687677863026768
2015-10-27,703275.7212749999,303275.14612499985,400000.57515000005,0.5687677863026768
2015-10-28,703275.7212749999,303275.14612499985,400000.57515000005,0.5687677863026768
2015-10-29,703275.7212749999,303275.14612499985,400000.57515000005,0.5687677863026768
2015-10-30,703275.7212749999,303275.14612499985,400000.57515000005,0.5687677863026768
2015-11-02,703275.7212749999,303275.14612499985,400000.57515000005,0.5687677863026768
2015-11-03,703275.7212749999,303275.14612499985,400000.57515000005,0.5687677863026768
2015-11-04,703275.7212749999,303275.14612499985,400000.57515000005,0.5687677863026768
2015-11-05,703275.7212749999,303275.14612499985,400000.57515000005,0.5687677863026768
2015-11-06,703275.7212749999,303275.14612499985,400000.57515000005,0.5687677863026768
2015-11-09,703275.7212749999,303275.14612499985,400000.57515000005,0.5687677863026768
2015-11-10,703275.7212749999,303275.14612499985,400000.57515000005,0.5687677863026768
2015-11-11,703275.7212749999,303275.14612499985,400000.57515000005,0.5687677863026768
2015-11-12,703275.7212749999,303275.14612499985,400000.57515000005,0.5687677863026768
2015-11-13,703275.7212749999,303275.14612499985,400000.57515000005,0.5687677863026768
2015-11-16,703275.7212749999,303275.14612499985,400000.57515000005,0.5687677863026768
2015-11-17,703275.7212749999,303275.14612499985,400000.57515000005,0.5687677863026768
2015-11-18,703275.7212749999,303275.14612499985,400000.57515000005,0.5687677863026768
2015-11-19,703275.7212749999,303275.14612499985,400000.57515000005,0.5687677863026768
2015-11-20,703275.7212749999,303275.14612499985,400000.57515000005,0.5687677863026768
2015-11-23,703275.7212749999,303275.14612499985,400000.57515000005,0.5687677863026768
2015-11-24,703275.7212749999,303275.14612499985,400000.57515000005,0.5687677863026768
2015-11-25,703275.7212749999,303275.14612499985,400000.57515000005,0.5687677863026768
2015-11-26,703275.7212749999,303275.14612499985,400000.57515000005,0.5687677863026768
2015-11-27,703275.7212749999,303275.14612499985,400000.57515000005,0.5687677863026768
2015-11-30,703275.7212749999,303275.14612499985,400000.57515000005,0.5687677863026768
2015-12-01,703275.7212749999,303275.14612499985,400000.57515000005,0.5687677863026768
2015-12-02,703275.7212749999,303275.14612499985,400000.57515000005,0.5687677863026768
2015-12-03,703275.7212749999,303275.14612499985,400000.57515000005,0.5687677863026768
2015-12-04,703275.7212749999,303275.14612499985,400000.57515000005,0.5687677863026768
2015-12-07,703275.7212749999,303275.14612499985,400000.57515000005,0.5687677863026768
2015-12-08,703275.7212749999,303275.14612499985,400000.57515000005,0.5687677863026768
2015-12-09,703275.7212749999,303275.14612499985,400000.57515000005,0.5687677863026768
2015-12-10,703275.7212749999,303275.14612499985,400000.57515000005,0.5687677863026768
2015-12-11,703275.7212749999,303275.14612499985,400000.57515000005,0.5687677863026768
2015-12-14,703275.7212749999,303275.14612499985,400000.57515000005,0.5687677863026768
2015-12-15,703275.7212749999,303275.14612499985,400000.57515000005,0.5687677863026768
2015-12-16,703275.7212749999,303275.14612499985,400000.57515000005,0.5687677863026768
2015-12-17,703275.7212749999,303275.14612499985,400000.57515000005,0.5687677863026768
2015-12-18,703275.7212749999,303275.14612499985,400000.57515000005,0.5687677863026768
2015-12-21,703275.7212749999,303275.14612499985,400000.57515000005,0.5687677863026768
2015-12-22,703275.7212749999,303275.14612499985,400000.57515000005,0.5687677863026768
2015-12-23,703275.7212749999,303275.14612499985,400000.57515000005,0.5687677863026768
2015-12-24,703275.7212749999,303275.14612499985,400000.57515000005,0.5687677863026768
2015-12-25,703275.7212749999,303275.14612499985,400000.57515000005,0.5687677863026768
2015-12-28,703275.7212749999,303275.14612499985,400000.57515000005,0.5687677863026768
2015-12-29,703275.7212749999,303275.14612499985,400000.57515000005,0.5687677863026768
2015-12-30,703275.7212749999,303275.14612499985,400000.57515000005,0.5687677863026768
2015-12-31,703275.7212749999,303275.14612499985,400000.57515000005,0.5687677863026768
2016-01-04,703275.7212749999,303275.14612499985,400000.57515000005,0.5687677863026768
2016-01-05,706508.9532749999,103353.17812499986,603155.77515,0.8537128543864738
2016-01-06,709676.9532749999,103353.17812499986,606323.77515,0.8543658806333668
2016-01-07,704032.1532749998,103353.17812499986,600678.97515,0.8531982131153755
2016-01-08,697260.7420749998,82.56692499986093,697178.17515,0.9998815838609325
2016-01-11,682000.7420749998,82.56692499986093,681918.17515,0.9998789342592963
2016-01-12,684006.3420749997,82.56692499986093,683923.7751499999,0.9998792892405802
2016-01-13,680082.3420749998,82.56692499986093,679999.77515,0.9998785927528306
2016-01-14,684791.1420749997,82.56692499986093,684708.5751499999,0.9998794275802844
2016-01-15,676419.9420749998,82.56692499986093,676337.37515,0.9998779354068915
2016-01-18,676594.3420749998,82.56692499986093,676511.77515,0.9998779668704492
2016-01-19,684529.5420749999,82.56692499986093,684446.9751500001,0.9998793815022949
2016-01-20,676419.9420749998,82.56692499986093,676337.37515,0.9998779354068915
2016-01-21,668484.7420749998,82.56692499986093,668402.17515,0.9998764864479277
2016-01-22,671100.7420749998,82.56692499986093,671018.17515,0.9998769679128285
2016-01-25,672147.1420749997,82.56692499986093,672064.5751499999,0.9998771594494251
2016-01-26,656799.9420749998,82.56692499986093,656717.37515,0.999874289079961
2016-01-27,654009.5420749998,82.56692499986093,653926.97515,0.9998737527211945
2016-01-28,648515.9420749998,82.56692499986093,648433.37515,0.9998726832763191
2016-01-29,655579.1420749997,82.56692499986093,655496.5751499999,0.9998740549848207
2016-02-01,652788.7420749998,82.56692499986093,652706.17515,0.9998735166223343
2016-02-02,658195.1420749997,82.56692499986093,658112.5751499999,0.9998745555539357
2016-02-03,656974.3420749998,82.56692499986093,656891.77515,0.9998743224511036
2016-02-04,660375.1420749997,82.56692499986093,660292.5751499999,0.9998749696653627
2016-02-05,657323.1420749999,82.56692499986093,657240.57515,0.9998743891402649
2016-02-15,656363.9420749998,82.56692499986093,656281.37515,0.9998742055745189
2016-02-16,663601.5420749998,82.56692499986093,663518.97515,0.9998755775570659
2016-02-17,666304.7420749998,82.56692499986093,666222.17515,0.9998760823392271
2016-02-18,665955.9420749998,82.56692499986093,665873.37515,0.9998760174363148
2016-02-19,665258.3420749998,82.56692499986093,665175.77515,0.9998758874263158
2016-02-22,670751.9420749998,82.56692499986093,670669.37515,0.9998769039344941
2016-02-23,668659.1420749997,82.56692499986093,668576.5751499999,0.9998765186627919
2016-02-24,670664.7420749998,82.56692499986093,670582.17515,0.9998768879295125
2016-02-25,653399.1420749997,82.56692499986093,653316.5751499999,0.9998736347820452
2016-02-26,655840.7420749998,82.56692499986093,655758.17515,0.9998741052214314
2016-02-29,649823.9420749998,82.56692499986093,649741.37515,0.9998729395461543
2016-03-01,654532.7420749998,82.56692499986093,654450.17515,0.9998738536368126
2016-03-02,665955.9420749998,82.56692499986093,665873.37515,0.9998760174363148
2016-03-03,665345.5420749998,82.56692499986093,665262.97515,0.9998759036924748
2016-03-04,668571.9420749998,82.56692499986093,668489.37515,0.9998765025574606
2016-03-07,676176.5014749998,276175.9263249999,400000.57514999993,0.5915623720691943
2016-03-08,676176.5014749998,276175.9263249999,400000.57514999993,0.5915623720691943
2016-03-09,676176.5014749998,276175.9263249999,400000.57514999993,0.5915623720691943
2016-03-10,676176.5014749998,276175.9263249999,400000.57514999993,0.5915623720691943
2016-03-11,676176.5014749998,276175.9263249999,400000.57514999993,0.5915623720691943
2016-03-14,676176.5014749998,276175.9263249999,400000.57514999993,0.5915623720691943
2016-03-15,676176.5014749998,276175.9263249999,400000.57514999993,0.5915623720691943
2016-03-16,676176.5014749998,276175.9263249999,400000.57514999993,0.5915623720691943
2016-03-17,676176.5014749998,276175.9263249999,400000.57514999993,0.5915623720691943
2016-03-18,676176.5014749998,276175.9263249999,400000.57514999993,0.5915623720691943
2016-03-21,676176.5014749998,276175.9263249999,400000.57514999993,0.5915623720691943
2016-03-22,676176.5014749998,276175.9263249999,400000.57514999993,0.5915623720691943
2016-03-23,676176.5014749998,276175.9263249999,400000.57514999993,0.5915623720691943
2016-03-24,676176.5014749998,276175.9263249999,400000.57514999993,0.5915623720691943
2016-03-25,676176.5014749998,276175.9263249999,400000.57514999993,0.5915623720691943
2016-03-28,676176.5014749998,276175.9263249999,400000.57514999993,0.5915623720691943
2016-03-29,676176.5014749998,276175.9263249999,400000.57514999993,0.5915623720691943
2016-03-30,676176.5014749998,276175.9263249999,400000.57514999993,0.5915623720691943
2016-03-31,676176.5014749998,276175.9263249999,400000.57514999993,0.5915623720691943
2016-04-01,676176.5014749998,276175.9263249999,400000.57514999993,0.5915623720691943
2016-04-05,676176.5014749998,276175.9263249999,400000.57514999993,0.5915623720691943
2016-04-06,676176.5014749998,276175.9263249999,400000.57514999993,0.5915623720691943
2016-04-07,676176.5014749998,276175.9263249999,400000.57514999993,0.5915623720691943
2016-04-08,676176.5014749998,276175.9263249999,400000.57514999993,0.5915623720691943
2016-04-11,676176.5014749998,276175.9263249999,400000.57514999993,0.5915623720691943
2016-04-12,676176.5014749998,276175.9263249999,400000.57514999993,0.5915623720691943
2016-04-13,676176.5014749998,276175.9263249999,400000.57514999993,0.5915623720691943
2016-04-14,676176.5014749998,276175.9263249999,400000.57514999993,0.5915623720691943
2016-04-15,676176.5014749998,276175.9263249999,400000.57514999993,0.5915623720691943
2016-04-18,676176.5014749998,276175.9263249999,400000.57514999993,0.5915623720691943
2016-04-19,676176.5014749998,276175.9263249999,400000.57514999993,0.5915623720691943
2016-04-20,676176.5014749998,276175.9263249999,400000.57514999993,0.5915623720691943
2016-04-21,676176.5014749998,276175.9263249999,400000.57514999993,0.5915623720691943
2016-04-22,677775.7599749999,76359.9848249999,601415.77515,0.8873373919010965
2016-04-25,676924.5599749999,76359.9848249999,600564.5751499999,0.8871957241028158
2016-04-26,678467.3599749999,76359.9848249999,602107.37515,0.8874522352441337
2016-04-27,678201.3599749999,76359.9848249999,601841.37515,0.8874080924464458
2016-04-28,677562.9599749999,76359.9848249999,601202.97515,0.8873020083213855
2016-04-29,678467.3599749999,76359.9848249999,602107.37515,0.8874522352441337
2016-05-03,682829.7599749999,76359.9848249999,606469.77515,0.8881712700574216
2016-05-04,681765.7599749999,76359.9848249999,605405.77515,0.887996744178235
2016-05-05,682670.159975,76359.9848249999,606310.17515,0.8881451258572716
2016-05-06,677296.9599749999,76359.9848249999,600936.97515,0.8872577475797049
2016-05-09,672774.959975,76359.9848249999,596414.9751500001,0.8864999600641537
2016-05-10,672874.3204249998,182.74527499990654,672691.5751499999,0.9997284109833698
2016-05-11,673464.7204249998,182.74527499990654,673281.97515,0.9997286490747659
2016-05-12,673907.5204249999,182.74527499990654,673724.77515,0.9997288273695408
2016-05-13,672800.5204249999,182.74527499990654,672617.77515,0.9997283811925645
2016-05-16,674793.1204249999,182.74527499990654,674610.37515,0.9997291832571074
2016-05-17,675235.9204249999,182.74527499990654,675053.17515,0.9997293608508195
2016-05-18,671767.3204249998,182.74527499990654,671584.5751499999,0.9997279634339994
2016-05-19,672579.1204249999,182.74527499990654,672396.37515,0.9997282917809218
2016-05-20,673464.7204249998,182.74527499990654,673281.97515,0.9997286490747659
2016-05-23,675383.5204249999,182.74527499990654,675200.77515,0.9997294199969746
2016-05-24,673390.9204249999,182.74527499990654,673208.17515,0.9997286193361732
2016-05-25,673095.720425,182.74527499990654,672912.9751500001,0.9997285003165902
2016-05-26,673095.720425,182.74527499990654,672912.9751500001,0.9997285003165902
2016-05-27,673464.7204249998,182.74527499990654,673281.97515,0.9997286490747659
2016-05-30,672283.9204249999,182.74527499990654,672101.17515,0.99972817247379
2016-05-31,681508.9204249999,182.74527499990654,681326.17515,0.9997318519691776
2016-06-01,680992.3204249998,182.74527499990654,680809.5751499999,0.9997316485523863
2016-06-02,680774.5550749998,280773.9799249999,400000.57514999993,0.5875668709532372
2016-06-03,680774.5550749998,280773.9799249999,400000.57514999993,0.5875668709532372
2016-06-06,680774.5550749998,280773.9799249999,400000.57514999993,0.5875668709532372
2016-06-07,680774.5550749998,280773.9799249999,400000.57514999993,0.5875668709532372
2016-06-08,680774.5550749998,280773.9799249999,400000.57514999993,0.5875668709532372
2016-06-13,680774.5550749998,280773.9799249999,400000.57514999993,0.5875668709532372
2016-06-14,680774.5550749998,280773.9799249999,400000.57514999993,0.5875668709532372
2016-06-15,680774.5550749998,280773.9799249999,400000.57514999993,0.5875668709532372
2016-06-16,680774.5550749998,280773.9799249999,400000.57514999993,0.5875668709532372
2016-06-17,680774.5550749998,280773.9799249999,400000.57514999993,0.5875668709532372
2016-06-20,680774.5550749998,280773.9799249999,400000.57514999993,0.5875668709532372
2016-06-21,680774.5550749998,280773.9799249999,400000.57514999993,0.5875668709532372
2016-06-22,680774.5550749998,280773.9799249999,400000.57514999993,0.5875668709532372
2016-06-23,680774.5550749998,280773.9799249999,400000.57514999993,0.5875668709532372
2016-06-24,680774.5550749998,280773.9799249999,400000.57514999993,0.5875668709532372
2016-06-27,680774.5550749998,280773.9799249999,400000.57514999993,0.5875668709532372
2016-06-28,680774.5550749998,280773.9799249999,400000.57514999993,0.5875668709532372
2016-06-29,680774.5550749998,280773.9799249999,400000.57514999993,0.5875668709532372
2016-06-30,680774.5550749998,280773.9799249999,400000.57514999993,0.5875668709532372
2016-07-01,680774.5550749998,280773.9799249999,400000.57514999993,0.5875668709532372
2016-07-04,680774.5550749998,280773.9799249999,400000.57514999993,0.5875668709532372
2016-07-05,680774.5550749998,280773.9799249999,400000.57514999993,0.5875668709532372
2016-07-06,680774.5550749998,280773.9799249999,400000.57514999993,0.5875668709532372
2016-07-07,680774.5550749998,280773.9799249999,400000.57514999993,0.5875668709532372
2016-07-08,680774.5550749998,280773.9799249999,400000.57514999993,0.5875668709532372
2016-07-11,680774.5550749998,280773.9799249999,400000.57514999993,0.5875668709532372
2016-07-12,680774.5550749998,280773.9799249999,400000.57514999993,0.5875668709532372
2016-07-13,680774.5550749998,280773.9799249999,400000.57514999993,0.5875668709532372
2016-07-14,680774.5550749998,280773.9799249999,400000.57514999993,0.5875668709532372
2016-07-15,680774.5550749998,280773.9799249999,400000.57514999993,0.5875668709532372
2016-07-18,680774.5550749998,280773.9799249999,400000.57514999993,0.5875668709532372
2016-07-19,680774.5550749998,280773.9799249999,400000.57514999993,0.5875668709532372
2016-07-20,680774.5550749998,280773.9799249999,400000.57514999993,0.5875668709532372
2016-07-21,680774.5550749998,280773.9799249999,400000.57514999993,0.5875668709532372
2016-07-22,680774.5550749998,280773.9799249999,400000.57514999993,0.5875668709532372
2016-07-25,680774.5550749998,280773.9799249999,400000.57514999993,0.5875668709532372
2016-07-26,680774.5550749998,280773.9799249999,400000.57514999993,0.5875668709532372
2016-07-27,680774.5550749998,280773.9799249999,400000.57514999993,0.5875668709532372
2016-07-28,680774.5550749998,280773.9799249999,400000.57514999993,0.5875668709532372
2016-07-29,680774.5550749998,280773.9799249999,400000.57514999993,0.5875668709532372
2016-08-01,680774.5550749998,280773.9799249999,400000.57514999993,0.5875668709532372
2016-08-02,680774.5550749998,280773.9799249999,400000.57514999993,0.5875668709532372
2016-08-03,680774.5550749998,280773.9799249999,400000.57514999993,0.5875668709532372
2016-08-04,680774.5550749998,280773.9799249999,400000.57514999993,0.5875668709532372
2016-08-05,680774.5550749998,280773.9799249999,400000.57514999993,0.5875668709532372
2016-08-08,680774.5550749998,280773.9799249999,400000.57514999993,0.5875668709532372
2016-08-09,680774.5550749998,280773.9799249999,400000.57514999993,0.5875668709532372
2016-08-10,680774.5550749998,280773.9799249999,400000.57514999993,0.5875668709532372
2016-08-11,680774.5550749998,280773.9799249999,400000.57514999993,0.5875668709532372
2016-08-12,680774.5550749998,280773.9799249999,400000.57514999993,0.5875668709532372
2016-08-15,680774.5550749998,280773.9799249999,400000.57514999993,0.5875668709532372
2016-08-16,680774.5550749998,280773.9799249999,400000.57514999993,0.5875668709532372
2016-08-17,680774.5550749998,280773.9799249999,400000.57514999993,0.5875668709532372
2016-08-18,680774.5550749998,280773.9799249999,400000.57514999993,0.5875668709532372
2016-08-19,680774.5550749998,280773.9799249999,400000.57514999993,0.5875668709532372
2016-08-22,680774.5550749998,280773.9799249999,400000.57514999993,0.5875668709532372
2016-08-23,680774.5550749998,280773.9799249999,400000.57514999993,0.5875668709532372
2016-08-24,680774.5550749998,280773.9799249999,400000.57514999993,0.5875668709532372
2016-08-25,680774.5550749998,280773.9799249999,400000.57514999993,0.5875668709532372
2016-08-26,680774.5550749998,280773.9799249999,400000.57514999993,0.5875668709532372
2016-08-29,680774.5550749998,280773.9799249999,400000.57514999993,0.5875668709532372
2016-08-30,680774.5550749998,280773.9799249999,400000.57514999993,0.5875668709532372
2016-08-31,680774.5550749998,280773.9799249999,400000.57514999993,0.5875668709532372
2016-09-01,680774.5550749998,280773.9799249999,400000.57514999993,0.5875668709532372
2016-09-02,680774.5550749998,280773.9799249999,400000.57514999993,0.5875668709532372
2016-09-05,680774.5550749998,280773.9799249999,400000.57514999993,0.5875668709532372
2016-09-06,680774.5550749998,280773.9799249999,400000.57514999993,0.5875668709532372
2016-09-07,680774.5550749998,280773.9799249999,400000.57514999993,0.5875668709532372
2016-09-08,680774.5550749998,280773.9799249999,400000.57514999993,0.5875668709532372
2016-09-09,680774.5550749998,280773.9799249999,400000.57514999993,0.5875668709532372
2016-09-12,680774.5550749998,280773.9799249999,400000.57514999993,0.5875668709532372
2016-09-13,680423.5589749999,80739.58382499989,599683.9751500001,0.8813392294255256
2016-09-14,679219.5589749999,80739.58382499989,598479.9751500001,0.8811288886514947
2016-09-19,680878.4228749998,175.0477249998803,680703.37515,0.9997429089847484
2016-09-20,680540.0228749999,175.0477249998803,680364.9751500001,0.9997427811456844
2016-09-21,681639.8228749998,175.0477249998803,681464.77515,0.9997431961585497
2016-09-22,683501.0228749999,175.0477249998803,683325.9751500001,0.9997438954454472
2016-09-23,682824.2228749999,175.0477249998803,682649.17515,0.9997436416003773
2016-09-26,678086.6228749998,175.0477249998803,677911.5751499999,0.9997418504965374
2016-09-27,679524.8228749998,175.0477249998803,679349.77515,0.9997423968645336
2016-09-28,679101.8228749998,175.0477249998803,678926.77515,0.9997422364082919
2016-09-29,680370.8228749998,175.0477249998803,680195.77515,0.9997427171784643
2016-09-30,681216.8228749998,175.0477249998803,681041.77515,0.9997430366968022
2016-10-10,684431.6228749998,175.0477249998803,684256.5751499999,0.9997442436626985
2016-10-11,685108.4228749998,175.0477249998803,684933.37515,0.9997444963174364
2016-10-12,684431.6228749998,175.0477249998803,684256.5751499999,0.9997442436626985
2016-10-13,684431.6228749998,175.0477249998803,684256.5751499999,0.9997442436626985
2016-10-14,685277.6228749998,175.0477249998803,685102.5751499999,0.9997445594031431
2016-10-17,682655.0228749999,175.0477249998803,682479.9751500001,0.9997435780604637
2016-10-18,686208.2228749999,175.0477249998803,686033.17515,0.9997449058184316
2016-10-19,686039.0228749999,175.0477249998803,685863.9751500001,0.9997448429037371
2016-10-20,685616.0228749999,175.0477249998803,685440.9751500001,0.9997446854811447
2016-10-21,687054.2228749999,175.0477249998803,686879.17515,0.9997452199270862
2016-10-24,688927.816775,288927.2416249999,400000.57515000005,0.5806131867667611
2016-10-25,688927.816775,288927.2416249999,400000.57515000005,0.5806131867667611
2016-10-26,688927.816775,288927.2416249999,400000.57515000005,0.5806131867667611
2016-10-27,688927.816775,288927.2416249999,400000.57515000005,0.5806131867667611
2016-10-28,688927.816775,288927.2416249999,400000.57515000005,0.5806131867667611
2016-10-31,688927.816775,288927.2416249999,400000.57515000005,0.5806131867667611
2016-11-01,688927.816775,288927.2416249999,400000.57515000005,0.5806131867667611
2016-11-02,688927.816775,288927.2416249999,400000.57515000005,0.5806131867667611
2016-11-03,688927.816775,288927.2416249999,400000.57515000005,0.5806131867667611
2016-11-04,688927.816775,288927.2416249999,400000.57515000005,0.5806131867667611
2016-11-07,688927.816775,288927.2416249999,400000.57515000005,0.5806131867667611
2016-11-08,688927.816775,288927.2416249999,400000.57515000005,0.5806131867667611
2016-11-09,688927.816775,288927.2416249999,400000.57515000005,0.5806131867667611
2016-11-10,688927.816775,288927.2416249999,400000.57515000005,0.5806131867667611
2016-11-11,688927.816775,288927.2416249999,400000.57515000005,0.5806131867667611
2016-11-14,688927.816775,288927.2416249999,400000.57515000005,0.5806131867667611
2016-11-15,688927.816775,288927.2416249999,400000.57515000005,0.5806131867667611
2016-11-16,688927.816775,288927.2416249999,400000.57515000005,0.5806131867667611
2016-11-17,688927.816775,288927.2416249999,400000.57515000005,0.5806131867667611
2016-11-18,688927.816775,288927.2416249999,400000.57515000005,0.5806131867667611
2016-11-21,688927.816775,288927.2416249999,400000.57515000005,0.5806131867667611
2016-11-22,688927.816775,288927.2416249999,400000.57515000005,0.5806131867667611
2016-11-23,688927.816775,288927.2416249999,400000.57515000005,0.5806131867667611
2016-11-24,688927.816775,288927.2416249999,400000.57515000005,0.5806131867667611
2016-11-25,688927.816775,288927.2416249999,400000.57515000005,0.5806131867667611
2016-11-28,688927.816775,288927.2416249999,400000.57515000005,0.5806131867667611
2016-11-29,688927.816775,288927.2416249999,400000.57515000005,0.5806131867667611
2016-11-30,688927.816775,288927.2416249999,400000.57515000005,0.5806131867667611
2016-12-01,688927.816775,288927.2416249999,400000.57515000005,0.5806131867667611
2016-12-02,688927.816775,288927.2416249999,400000.57515000005,0.5806131867667611
2016-12-05,688927.816775,288927.2416249999,400000.57515000005,0.5806131867667611
2016-12-06,688927.816775,288927.2416249999,400000.57515000005,0.5806131867667611
2016-12-07,688927.816775,288927.2416249999,400000.57515000005,0.5806131867667611
2016-12-08,688927.816775,288927.2416249999,400000.57515000005,0.5806131867667611
2016-12-09,688927.816775,288927.2416249999,400000.57515000005,0.5806131867667611
2016-12-12,688927.816775,288927.2416249999,400000.57515000005,0.5806131867667611
2016-12-13,689025.8128499999,89261.6376999999,599764.17515,0.8704524039080782
2016-12-14,686511.5128499998,89261.6376999999,597249.87515,0.8699779449736582
2016-12-15,685613.9850999998,328.40994999989925,685285.5751499999,0.999520998758577
2016-12-16,687115.4850999998,328.40994999989925,686787.0751499999,0.9995220454827152
2016-12-19,684755.9850999998,328.40994999989925,684427.5751499999,0.9995203985694964
2016-12-20,683397.4850999998,328.40994999989925,683069.0751499999,0.9995194451879614
2016-12-21,684898.9850999998,328.40994999989925,684570.5751499999,0.9995204987054377
2016-12-22,684898.9850999998,328.40994999989925,684570.5751499999,0.9995204987054377
2016-12-23,681609.9850999998,328.40994999989925,681281.5751499999,0.9995181849486086
2016-12-26,683111.4850999998,328.40994999989925,682783.0751499999,0.9995192439928721
2016-12-27,682825.4850999998,328.40994999989925,682497.0751499999,0.9995190426292425
2016-12-28,681252.4850999998,328.40994999989925,680924.0751499999,0.9995179321071369
2016-12-29,681323.9850999998,328.40994999989925,680995.5751499999,0.9995179826966584
2016-12-30,681895.9850999998,328.40994999989925,681567.5751499999,0.9995183870309022
2017-01-03,685113.4850999998,328.40994999989925,684785.0751499999,0.9995206488309715
2017-01-04,688831.4850999998,328.40994999989925,688503.0751499999,0.999523236151216
2017-01-05,687830.4850999998,328.40994999989925,687502.0751499999,0.9995225423165823
2017-01-06,685685.4850999998,328.40994999989925,685357.0751499999,0.9995210487065335
2017-01-09,686757.9850999998,328.40994999989925,686429.5751499999,0.9995217966778325
2017-01-10,686686.4850999998,328.40994999989925,686358.0751499999,0.9995217468857683
2017-01-11,684827.4850999998,328.40994999989925,684499.0751499999,0.9995204486426944
2017-01-12,683325.9850999998,328.40994999989925,682997.5751499999,0.9995193949049781
2017-01-13,680680.4850999998,328.40994999989925,680352.0751499999,0.999517527008356
2017-01-16,673101.4850999998,328.40994999989925,672773.0751499999,0.9995120944504362
2017-01-17,677176.9850999998,328.40994999989925,676848.5751499999,0.9995150308453684
2017-01-18,677605.9850999998,328.40994999989925,677277.5751499999,0.9995153378848161
2017-01-19,676461.9850999998,328.40994999989925,676133.5751499999,0.9995145182475386
2017-01-20,680465.9850999998,328.40994999989925,680137.5751499999,0.9995173749207293
2017-01-23,681466.9850999998,328.40994999989925,681138.5751499999,0.9995180838438539
2017-01-24,680537.4850999998,328.40994999989925,680209.0751499999,0.9995174256272575
2017-01-25,681895.9850999998,328.40994999989925,681567.5751499999,0.9995183870309022
2017-01-26,683969.4850999998,328.40994999989925,683641.0751499999,0.9995198470733648
2017-02-03,682038.9850999998,328.40994999989925,681710.5751499999,0.9995184880084945
2017-02-06,682467.9850999998,328.40994999989925,682139.5751499999,0.999518790687373
2017-02-07,681466.9850999998,328.40994999989925,681138.5751499999,0.9995180838438539
2017-02-08,684255.4850999998,328.40994999989925,683927.0751499999,0.999520047764101
2017-02-09,685899.9850999998,328.40994999989925,685571.5751499999,0.9995211984879224
2017-02-10,686400.4850999998,328.40994999989925,686072.0751499999,0.9995215476137782
2017-02-13,689617.1449749998,289616.5698249999,400000.57514999993,0.5800328168530393
2017-02-14,689617.1449749998,289616.5698249999,400000.57514999993,0.5800328168530393
2017-02-15,689617.1449749998,289616.5698249999,400000.57514999993,0.5800328168530393
2017-02-16,689617.1449749998,289616.5698249999,400000.57514999993,0.5800328168530393
2017-02-17,689617.1449749998,289616.5698249999,400000.57514999993,0.5800328168530393
2017-02-20,689617.1449749998,289616.5698249999,400000.57514999993,0.5800328168530393
2017-02-21,689617.1449749998,289616.5698249999,400000.57514999993,0.5800328168530393
2017-02-22,689617.1449749998,289616.5698249999,400000.57514999993,0.5800328168530393
2017-02-23,689617.1449749998,289616.5698249999,400000.57514999993,0.5800328168530393
2017-02-24,689617.1449749998,289616.5698249999,400000.57514999993,0.5800328168530393
2017-02-27,689617.1449749998,289616.5698249999,400000.57514999993,0.5800328168530393
2017-02-28,689617.1449749998,289616.5698249999,400000.57514999993,0.5800328168530393
2017-03-01,689617.1449749998,289616.5698249999,400000.57514999993,0.5800328168530393
2017-03-02,689617.1449749998,289616.5698249999,400000.57514999993,0.5800328168530393
2017-03-03,689617.1449749998,289616.5698249999,400000.57514999993,0.5800328168530393
2017-03-06,689617.1449749998,289616.5698249999,400000.57514999993,0.5800328168530393
2017-03-07,689617.1449749998,289616.5698249999,400000.57514999993,0.5800328168530393
2017-03-08,689617.1449749998,289616.5698249999,400000.57514999993,0.5800328168530393
2017-03-09,689617.1449749998,289616.5698249999,400000.57514999993,0.5800328168530393
2017-03-10,689617.1449749998,289616.5698249999,400000.57514999993,0.5800328168530393
2017-03-13,689617.1449749998,289616.5698249999,400000.57514999993,0.5800328168530393
2017-03-14,689617.1449749998,289616.5698249999,400000.57514999993,0.5800328168530393
2017-03-15,689617.1449749998,289616.5698249999,400000.57514999993,0.5800328168530393
2017-03-16,689617.1449749998,289616.5698249999,400000.57514999993,0.5800328168530393
2017-03-17,689617.1449749998,289616.5698249999,400000.57514999993,0.5800328168530393
2017-03-20,689617.1449749998,289616.5698249999,400000.57514999993,0.5800328168530393
2017-03-21,689617.1449749998,289616.5698249999,400000.57514999993,0.5800328168530393
2017-03-22,689617.1449749998,289616.5698249999,400000.57514999993,0.5800328168530393
2017-03-23,689617.1449749998,289616.5698249999,400000.57514999993,0.5800328168530393
2017-03-24,689617.1449749998,289616.5698249999,400000.57514999993,0.5800328168530393
2017-03-27,689617.1449749998,289616.5698249999,400000.57514999993,0.5800328168530393
2017-03-28,689617.1449749998,289616.5698249999,400000.57514999993,0.5800328168530393
2017-03-29,689617.1449749998,289616.5698249999,400000.57514999993,0.5800328168530393
2017-03-30,689617.1449749998,289616.5698249999,400000.57514999993,0.5800328168530393
2017-03-31,689617.1449749998,289616.5698249999,400000.57514999993,0.5800328168530393
2017-04-05,689617.1449749998,289616.5698249999,400000.57514999993,0.5800328168530393
2017-04-06,689617.1449749998,289616.5698249999,400000.57514999993,0.5800328168530393
2017-04-07,689617.1449749998,289616.5698249999,400000.57514999993,0.5800328168530393
2017-04-10,689617.1449749998,289616.5698249999,400000.57514999993,0.5800328168530393
2017-04-11,689617.1449749998,289616.5698249999,400000.57514999993,0.5800328168530393
2017-04-12,689617.1449749998,289616.5698249999,400000.57514999993,0.5800328168530393
2017-04-13,689617.1449749998,289616.5698249999,400000.57514999993,0.5800328168530393
2017-04-14,689617.1449749998,289616.5698249999,400000.57514999993,0.5800328168530393
2017-04-17,689617.1449749998,289616.5698249999,400000.57514999993,0.5800328168530393
2017-04-18,689617.1449749998,289616.5698249999,400000.57514999993,0.5800328168530393
2017-04-19,689617.1449749998,289616.5698249999,400000.57514999993,0.5800328168530393
2017-04-20,689617.1449749998,289616.5698249999,400000.57514999993,0.5800328168530393
2017-04-21,689617.1449749998,289616.5698249999,400000.57514999993,0.5800328168530393
2017-04-24,689617.1449749998,289616.5698249999,400000.57514999993,0.5800328168530393
2017-04-25,691079.9493749999,89584.17422499991,601495.7751499999,0.8703707518847591
2017-04-26,692495.149375,89584.17422499991,602910.9751500001,0.8706356653821291
2017-04-27,692446.349375,89584.17422499991,602862.17515,0.8706265484598794
2017-04-28,691616.7493749999,89584.17422499991,602032.5751499999,0.8704713639368112
2017-05-02,691714.349375,89584.17422499991,602130.17515,0.8704896402598212
2017-05-03,691372.7493749999,89584.17422499991,601788.5751499999,0.8704256505539393
2017-05-04,690347.9493749999,89584.17422499991,600763.7751499999,0.8702333014734032
2017-05-05,688005.549375,89584.17422499991,598421.37515,0.8697914946959653
2017-05-08,681584.3973749998,153.82222499990894,681430.5751499999,0.9997743166868368
2017-05-09,682221.5973749999,153.82222499990894,682067.77515,0.9997745274767147
2017-05-10,680168.3973749998,153.82222499990894,680014.5751499999,0.9997738468508776
2017-05-11,682363.1973749999,153.82222499990894,682209.37515,0.9997745742654475
2017-05-12,683212.797375,153.82222499990894,683058.9751500001,0.9997748545905596
2017-05-15,685478.3973749998,153.82222499990894,685324.5751499999,0.9997755987269782
2017-05-16,691071.5973749999,153.82222499990894,690917.77515,0.9997774149225866
2017-05-17,689301.5973749998,153.82222499990894,689147.7751499999,0.9997768433649571
2017-05-18,687814.7973749998,153.82222499990894,687660.97515,0.9997763609832372
2017-05-19,687743.9973749999,153.82222499990894,687590.17515,0.9997763379606555
2017-05-22,687602.3973749998,153.82222499990894,687448.5751499999,0.9997762919012686
2017-05-23,686894.3973749998,153.82222499990894,686740.5751499999,0.999776061319487
2017-05-24,688664.3973749998,153.82222499990894,688510.5751499999,0.9997766368849816
2017-05-25,691637.9973749999,153.82222499990894,691484.17515,0.9997775972031847
2017-05-26,689867.9973749999,153.82222499990894,689714.17515,0.9997770265824981
2017-05-31,690717.5973749999,153.82222499990894,690563.77515,0.9997773008454042
2017-06-01,688805.9973749999,153.82222499990894,688652.17515,0.9997766828024348
2017-06-02,689655.5973749999,153.82222499990894,689501.77515,0.9997769579111873
2017-06-05,689372.3973749998,153.82222499990894,689218.5751499999,0.9997768662836145
2017-06-06,692204.3973749998,153.82222499990894,692050.5751499999,0.9997777791854787
2017-06-07,695245.806075,295245.2309249999,400000.57515000005,0.5753369120026735
2017-06-08,695245.806075,295245.2309249999,400000.57515000005,0.5753369120026735
2017-06-09,695245.806075,295245.2309249999,400000.57515000005,0.5753369120026735
2017-06-12,695245.806075,295245.2309249999,400000.57515000005,0.5753369120026735
2017-06-13,695245.806075,295245.2309249999,400000.57515000005,0.5753369120026735
2017-06-14,695245.806075,295245.2309249999,400000.57515000005,0.5753369120026735
2017-06-15,695245.806075,295245.2309249999,400000.57515000005,0.5753369120026735
2017-06-16,695245.806075,295245.2309249999,400000.57515000005,0.5753369120026735
2017-06-19,695245.806075,295245.2309249999,400000.57515000005,0.5753369120026735
2017-06-20,695245.806075,295245.2309249999,400000.57515000005,0.5753369120026735
2017-06-21,695245.806075,295245.2309249999,400000.57515000005,0.5753369120026735
2017-06-22,695245.806075,295245.2309249999,400000.57515000005,0.5753369120026735
2017-06-23,695245.806075,295245.2309249999,400000.57515000005,0.5753369120026735
2017-06-26,695245.806075,295245.2309249999,400000.57515000005,0.5753369120026735
2017-06-27,695245.806075,295245.2309249999,400000.57515000005,0.5753369120026735
2017-06-28,695245.806075,295245.2309249999,400000.57515000005,0.5753369120026735
2017-06-29,695245.806075,295245.2309249999,400000.57515000005,0.5753369120026735
2017-06-30,695245.806075,295245.2309249999,400000.57515000005,0.5753369120026735
2017-07-03,695245.806075,295245.2309249999,400000.57515000005,0.5753369120026735
2017-07-04,695245.806075,295245.2309249999,400000.57515000005,0.5753369120026735
2017-07-05,695245.806075,295245.2309249999,400000.57515000005,0.5753369120026735
2017-07-06,695245.806075,295245.2309249999,400000.57515000005,0.5753369120026735
2017-07-07,695245.806075,295245.2309249999,400000.57515000005,0.5753369120026735
2017-07-10,695245.806075,295245.2309249999,400000.57515000005,0.5753369120026735
2017-07-11,695245.806075,295245.2309249999,400000.57515000005,0.5753369120026735
2017-07-12,695245.806075,295245.2309249999,400000.57515000005,0.5753369120026735
2017-07-13,695245.806075,295245.2309249999,400000.57515000005,0.5753369120026735
2017-07-14,695245.806075,295245.2309249999,400000.57515000005,0.5753369120026735
2017-07-17,695245.806075,295245.2309249999,400000.57515000005,0.5753369120026735
2017-07-18,695245.806075,295245.2309249999,400000.57515000005,0.5753369120026735
2017-07-19,695245.806075,295245.2309249999,400000.57515000005,0.5753369120026735
2017-07-20,695245.806075,295245.2309249999,400000.57515000005,0.5753369120026735
2017-07-21,695245.806075,295245.2309249999,400000.57515000005,0.5753369120026735
2017-07-24,695245.806075,295245.2309249999,400000.57515000005,0.5753369120026735
2017-07-25,695245.806075,295245.2309249999,400000.57515000005,0.5753369120026735
2017-07-26,695245.806075,295245.2309249999,400000.57515000005,0.5753369120026735
2017-07-27,695245.806075,295245.2309249999,400000.57515000005,0.5753369120026735
2017-07-28,695245.806075,295245.2309249999,400000.57515000005,0.5753369120026735
2017-07-31,695245.806075,295245.2309249999,400000.57515000005,0.5753369120026735
2017-08-01,695245.806075,295245.2309249999,400000.57515000005,0.5753369120026735
2017-08-02,695245.806075,295245.2309249999,400000.57515000005,0.5753369120026735
2017-08-03,695245.806075,295245.2309249999,400000.57515000005,0.5753369120026735
2017-08-04,695245.806075,295245.2309249999,400000.57515000005,0.5753369120026735
2017-08-07,695245.806075,295245.2309249999,400000.57515000005,0.5753369120026735
2017-08-08,695245.806075,295245.2309249999,400000.57515000005,0.5753369120026735
2017-08-09,695245.806075,295245.2309249999,400000.57515000005,0.5753369120026735
2017-08-10,695245.806075,295245.2309249999,400000.57515000005,0.5753369120026735
2017-08-11,695245.806075,295245.2309249999,400000.57515000005,0.5753369120026735
2017-08-14,697405.7811999999,95495.80604999993,601909.97515,0.8630699534986879
2017-08-15,697944.7811999999,95495.80604999993,602448.97515,0.8631757001093829
2017-08-16,697621.3811999998,95495.80604999993,602125.5751499999,0.8631122717515701
2017-08-17,699184.4811999999,95495.80604999993,603688.67515,0.8634182985782209
2017-08-18,699292.2811999999,95495.80604999993,603796.47515,0.863439353447278
2017-08-21,700154.6811999999,95495.80604999993,604658.87515,0.8636075589949224
2017-08-22,700478.0811999999,95495.80604999993,604982.27515,0.8636705292956426
2017-08-23,701017.0811999999,95495.80604999993,605521.27515,0.8637753506854208
2017-08-24,699939.0811999999,95495.80604999993,604443.27515,0.8635655464668746
2017-08-25,702528.41025,302527.8350999999,400000.57515000005,0.569372810143944
2017-08-28,702528.41025,302527.8350999999,400000.57515000005,0.569372810143944
2017-08-29,702528.41025,302527.8350999999,400000.57515000005,0.569372810143944
2017-08-30,702528.41025,302527.8350999999,400000.57515000005,0.569372810143944
2017-08-31,702528.41025,302527.8350999999,400000.57515000005,0.569372810143944
2017-09-01,702528.41025,302527.8350999999,400000.57515000005,0.569372810143944
2017-09-04,702528.41025,302527.8350999999,400000.57515000005,0.569372810143944
2017-09-05,702528.41025,302527.8350999999,400000.57515000005,0.569372810143944
2017-09-06,702528.41025,302527.8350999999,400000.57515000005,0.569372810143944
2017-09-07,702528.41025,302527.8350999999,400000.57515000005,0.569372810143944
2017-09-08,702528.41025,302527.8350999999,400000.57515000005,0.569372810143944
2017-09-11,702528.41025,302527.8350999999,400000.57515000005,0.569372810143944
2017-09-12,702528.41025,302527.8350999999,400000.57515000005,0.569372810143944
2017-09-13,702528.41025,302527.8350999999,400000.57515000005,0.569372810143944
2017-09-14,702528.41025,302527.8350999999,400000.57515000005,0.569372810143944
2017-09-15,702528.41025,302527.8350999999,400000.57515000005,0.569372810143944
2017-09-18,702528.41025,302527.8350999999,400000.57515000005,0.569372810143944
2017-09-19,702528.41025,302527.8350999999,400000.57515000005,0.569372810143944
2017-09-20,702528.41025,302527.8350999999,400000.57515000005,0.569372810143944
2017-09-21,702528.41025,302527.8350999999,400000.57515000005,0.569372810143944
2017-09-22,702528.41025,302527.8350999999,400000.57515000005,0.569372810143944
2017-09-25,702528.41025,302527.8350999999,400000.57515000005,0.569372810143944
2017-09-26,702528.41025,302527.8350999999,400000.57515000005,0.569372810143944
2017-09-27,702528.41025,302527.8350999999,400000.57515000005,0.569372810143944
2017-09-28,702528.41025,302527.8350999999,400000.57515000005,0.569372810143944
2017-09-29,702528.41025,302527.8350999999,400000.57515000005,0.569372810143944
2017-10-09,702528.41025,302527.8350999999,400000.57515000005,0.569372810143944
2017-10-10,702528.41025,302527.8350999999,400000.57515000005,0.569372810143944
2017-10-11,702528.41025,302527.8350999999,400000.57515000005,0.569372810143944
2017-10-12,702528.41025,302527.8350999999,400000.57515000005,0.569372810143944
2017-10-13,702528.41025,302527.8350999999,400000.57515000005,0.569372810143944
2017-10-16,702528.41025,302527.8350999999,400000.57515000005,0.569372810143944
2017-10-17,702528.41025,302527.8350999999,400000.57515000005,0.569372810143944
2017-10-18,702528.41025,302527.8350999999,400000.57515000005,0.569372810143944
2017-10-19,702528.41025,302527.8350999999,400000.57515000005,0.569372810143944
2017-10-20,702528.41025,302527.8350999999,400000.57515000005,0.569372810143944
2017-10-23,702528.41025,302527.8350999999,400000.57515000005,0.569372810143944
2017-10-24,702528.41025,302527.8350999999,400000.57515000005,0.569372810143944
2017-10-25,702528.41025,302527.8350999999,400000.57515000005,0.569372810143944
2017-10-26,702528.41025,302527.8350999999,400000.57515000005,0.569372810143944
2017-10-27,702528.41025,302527.8350999999,400000.57515000005,0.569372810143944
2017-10-30,702528.41025,302527.8350999999,400000.57515000005,0.569372810143944
2017-10-31,702703.8277999999,102548.05264999991,600155.7751499999,0.8540664664214883
2017-11-01,703154.6277999999,102548.05264999991,600606.5751499999,0.8541600259805614
2017-11-02,701351.4278,102548.05264999991,598803.37515,0.8537850661091931
2017-11-03,700449.8277999999,102548.05264999991,597901.7751499999,0.8535968622162605
2017-11-06,702703.8277999999,102548.05264999991,600155.7751499999,0.8540664664214883
2017-11-07,706310.2278,102548.05264999991,603762.17515,0.8548115989068791
2017-11-08,706084.8277999999,102548.05264999991,603536.7751499999,0.8547652511249726
2017-11-09,706986.4278,102548.05264999991,604438.37515,0.8549504649345123
2017-11-10,706535.6277999999,102548.05264999991,603987.5751499999,0.8548579171169152
2017-11-13,705634.0277999998,102548.05264999991,603085.9751499998,0.8546724667321947
2017-11-14,707211.8277999999,102548.05264999991,604663.7751499999,0.8549966945985515
2017-11-15,702528.41025,102548.05264999991,599980.3576,0.854030027606275
2017-11-16,702528.41025,102548.05264999991,599980.3576,0.854030027606275
2017-11-17,702528.41025,102548.05264999991,599980.3576,0.854030027606275
2017-11-20,702528.41025,102548.05264999991,599980.3576,0.854030027606275
2017-11-21,702528.41025,102548.05264999991,599980.3576,0.854030027606275
2017-11-22,702528.41025,102548.05264999991,599980.3576,0.854030027606275
2017-11-23,702528.41025,102548.05264999991,599980.3576,0.854030027606275
2017-11-24,702528.41025,102548.05264999991,599980.3576,0.854030027606275
2017-11-27,702528.41025,102548.05264999991,599980.3576,0.854030027606275
2017-11-28,702528.41025,102548.05264999991,599980.3576,0.854030027606275
2017-11-29,702528.41025,102548.05264999991,599980.3576,0.854030027606275
2017-11-30,702528.41025,102548.05264999991,599980.3576,0.854030027606275
2017-12-01,702528.41025,102548.05264999991,599980.3576,0.854030027606275
2017-12-04,702528.41025,102548.05264999991,599980.3576,0.854030027606275
2017-12-05,702528.41025,102548.05264999991,599980.3576,0.854030027606275
2017-12-06,702528.41025,102548.05264999991,599980.3576,0.854030027606275
2017-12-07,702528.41025,102548.05264999991,599980.3576,0.854030027606275
2017-12-08,702528.41025,102548.05264999991,599980.3576,0.854030027606275
2017-12-11,702528.41025,102548.05264999991,599980.3576,0.854030027606275
2017-12-12,702528.41025,102548.05264999991,599980.3576,0.854030027606275
2017-12-13,702528.41025,102548.05264999991,599980.3576,0.854030027606275
2017-12-14,702528.41025,102548.05264999991,599980.3576,0.854030027606275
2017-12-15,702528.41025,102548.05264999991,599980.3576,0.854030027606275
2017-12-18,702528.41025,102548.05264999991,599980.3576,0.854030027606275
2017-12-19,702528.41025,102548.05264999991,599980.3576,0.854030027606275
2017-12-20,702528.41025,102548.05264999991,599980.3576,0.854030027606275
2017-12-21,702528.41025,102548.05264999991,599980.3576,0.854030027606275
2017-12-22,702528.41025,102548.05264999991,599980.3576,0.854030027606275
2017-12-25,702528.41025,102548.05264999991,599980.3576,0.854030027606275
2017-12-26,702528.41025,102548.05264999991,599980.3576,0.854030027606275
2017-12-27,702528.41025,102548.05264999991,599980.3576,0.854030027606275
2017-12-28,702528.41025,102548.05264999991,599980.3576,0.854030027606275
2017-12-29,702528.41025,102548.05264999991,599980.3576,0.854030027606275
2018-01-02,702528.41025,102548.05264999991,599980.3576,0.854030027606275
2018-01-03,702528.41025,102548.05264999991,599980.3576,0.854030027606275
2018-01-04,702528.41025,102548.05264999991,599980.3576,0.854030027606275
2018-01-05,702528.41025,102548.05264999991,599980.3576,0.854030027606275
2018-01-08,702528.41025,102548.05264999991,599980.3576,0.854030027606275
2018-01-09,702528.41025,102548.05264999991,599980.3576,0.854030027606275
2018-01-10,702528.41025,102548.05264999991,599980.3576,0.854030027606275
2018-01-11,702528.41025,102548.05264999991,599980.3576,0.854030027606275
2018-01-12,702528.41025,102548.05264999991,599980.3576,0.854030027606275
2018-01-15,702528.41025,102548.05264999991,599980.3576,0.854030027606275
2018-01-16,702528.41025,102548.05264999991,599980.3576,0.854030027606275
2018-01-17,702528.41025,102548.05264999991,599980.3576,0.854030027606275
2018-01-18,702528.41025,102548.05264999991,599980.3576,0.854030027606275
2018-01-19,702528.41025,102548.05264999991,599980.3576,0.854030027606275
2018-01-22,702528.41025,102548.05264999991,599980.3576,0.854030027606275
2018-01-23,702528.41025,102548.05264999991,599980.3576,0.854030027606275
2018-01-24,702528.41025,102548.05264999991,599980.3576,0.854030027606275
2018-01-25,702528.41025,102548.05264999991,599980.3576,0.854030027606275
2018-01-26,702528.41025,102548.05264999991,599980.3576,0.854030027606275
2018-01-29,702528.41025,102548.05264999991,599980.3576,0.854030027606275
2018-01-30,702528.41025,102548.05264999991,599980.3576,0.854030027606275
2018-01-31,702528.41025,102548.05264999991,599980.3576,0.854030027606275
2018-02-01,702528.41025,102548.05264999991,599980.3576,0.854030027606275
2018-02-02,702528.41025,102548.05264999991,599980.3576,0.854030027606275
2018-02-05,702528.41025,102548.05264999991,599980.3576,0.854030027606275
2018-02-06,702528.41025,102548.05264999991,599980.3576,0.854030027606275
2018-02-07,702528.41025,102548.05264999991,599980.3576,0.854030027606275
2018-02-08,702528.41025,102548.05264999991,599980.3576,0.854030027606275
2018-02-09,702528.41025,102548.05264999991,599980.3576,0.854030027606275
2018-02-12,702528.41025,102548.05264999991,599980.3576,0.854030027606275
2018-02-13,702528.41025,102548.05264999991,599980.3576,0.854030027606275
2018-02-14,702528.41025,102548.05264999991,599980.3576,0.854030027606275
2018-02-22,702528.41025,102548.05264999991,599980.3576,0.854030027606275
2018-02-23,702528.41025,102548.05264999991,599980.3576,0.854030027606275
2018-02-26,702528.41025,102548.05264999991,599980.3576,0.854030027606275
2018-02-27,702528.41025,102548.05264999991,599980.3576,0.854030027606275
2018-02-28,702528.41025,102548.05264999991,599980.3576,0.854030027606275
2018-03-01,702528.41025,102548.05264999991,599980.3576,0.854030027606275
2018-03-02,702528.41025,102548.05264999991,599980.3576,0.854030027606275
2018-03-05,702528.41025,102548.05264999991,599980.3576,0.854030027606275
2018-03-06,702528.41025,102548.05264999991,599980.3576,0.854030027606275
2018-03-07,702528.41025,102548.05264999991,599980.3576,0.854030027606275
2018-03-08,702528.41025,102548.05264999991,599980.3576,0.854030027606275
2018-03-09,702528.41025,102548.05264999991,599980.3576,0.854030027606275
2018-03-12,702528.41025,102548.05264999991,599980.3576,0.854030027606275
2018-03-13,702528.41025,102548.05264999991,599980.3576,0.854030027606275
2018-03-14,702528.41025,102548.05264999991,599980.3576,0.854030027606275
2018-03-15,702528.41025,102548.05264999991,599980.3576,0.854030027606275
2018-03-16,702528.41025,102548.05264999991,599980.3576,0.854030027606275
2018-03-19,702528.41025,102548.05264999991,599980.3576,0.854030027606275
2018-03-20,702528.41025,102548.05264999991,599980.3576,0.854030027606275
2018-03-21,702528.41025,102548.05264999991,599980.3576,0.854030027606275
2018-03-22,702528.41025,102548.05264999991,599980.3576,0.854030027606275
2018-03-23,702528.41025,102548.05264999991,599980.3576,0.854030027606275
2018-03-26,702528.41025,102548.05264999991,599980.3576,0.854030027606275
2018-03-27,702528.41025,102548.05264999991,599980.3576,0.854030027606275
2018-03-28,702528.41025,102548.05264999991,599980.3576,0.854030027606275
2018-03-29,702528.41025,102548.05264999991,599980.3576,0.854030027606275
2018-03-30,702528.41025,102548.05264999991,599980.3576,0.854030027606275
2018-04-02,702528.41025,102548.05264999991,599980.3576,0.854030027606275
2018-04-03,702528.41025,102548.05264999991,599980.3576,0.854030027606275
2018-04-04,702528.41025,102548.05264999991,599980.3576,0.854030027606275
2018-04-09,699949.6651999999,299949.0900499999,400000.57515000005,0.5714704857180066
2018-04-10,699949.6651999999,299949.0900499999,400000.57515000005,0.5714704857180066
2018-04-11,699949.6651999999,299949.0900499999,400000.57515000005,0.5714704857180066
2018-04-12,699949.6651999999,299949.0900499999,400000.57515000005,0.5714704857180066
2018-04-13,699949.6651999999,299949.0900499999,400000.57515000005,0.5714704857180066
2018-04-16,699949.6651999999,299949.0900499999,400000.57515000005,0.5714704857180066
2018-04-17,699949.6651999999,299949.0900499999,400000.57515000005,0.5714704857180066
2018-04-18,698741.4188749999,100113.8437249999,598627.5751499999,0.8567226143740169
2018-04-19,701658.6188749999,100113.8437249999,601544.77515,0.857318301191088
2018-04-20,698612.7188749999,100113.8437249999,598498.87515,0.8566962194930882
2018-04-23,697883.4188749999,100113.8437249999,597769.5751499999,0.8565464646138389
2018-04-24,701572.8188749999,100113.8437249999,601458.97515,0.8573008516984217
2018-04-25,700886.4188749999,100113.8437249999,600772.5751499999,0.8571611019575843
2018-04-26,695309.4188749999,100113.8437249999,595195.5751499999,0.8560154069435985
2018-04-27,696381.9188749999,100113.8437249999,596268.0751499999,0.8562371580716324
2018-05-02,696467.7188749999,100113.8437249999,596353.87515,0.8562548686582154
2018-05-03,699556.518875,100113.8437249999,599442.67515,0.856889556420689
2018-05-04,698183.7188749999,100113.8437249999,598069.87515,0.8566081662770427
2018-05-07,702001.818875,100113.8437249999,601887.9751500001,0.8573880565075481
2018-05-08,704532.9188749999,100113.8437249999,604419.0751499999,0.8579004031708526
2018-05-09,704275.518875,100113.8437249999,604161.67515,0.8578484683310866
2018-05-10,705605.4188749999,100113.8437249999,605491.5751499999,0.8581163904826312
2018-05-11,703760.7188749999,100113.8437249999,603646.87515,0.8577444846807628
2018-05-14,706034.4188749999,100113.8437249999,605920.5751499999,0.8582026016741194
2018-05-15,706892.4188749999,100113.8437249999,606778.5751499999,0.8583747101371827
2018-05-16,705691.2188749999,100113.8437249999,605577.37515,0.8581336411063757
2018-05-17,704275.518875,100113.8437249999,604161.67515,0.8578484683310866
2018-05-18,705562.518875,100113.8437249999,605448.67515,0.8581077635974361
2018-05-21,706377.6188749999,100113.8437249999,606263.77515,0.8582714952316234
2018-05-22,706034.4188749999,100113.8437249999,605920.5751499999,0.8582026016741194
2018-05-23,703160.1188749999,100113.8437249999,603046.27515,0.8576229779851934
2018-05-24,701015.1188749999,100113.8437249999,600901.27515,0.8571873258801262
2018-05-25,699384.9188749999,100113.8437249999,599271.0751499999,0.8568544430640016
2018-05-28,701444.1188749999,100113.8437249999,601330.27515,0.8572746694554002
2018-05-29,699599.418875,100113.8437249999,599485.57515,0.8568983320683866
2018-05-30,695738.4188749999,100113.8437249999,595624.5751499999,0.8561041894353301
2018-05-31,700538.5306249999,135.85547499990207,700402.67515,0.9998060699461047
2018-06-01,697756.4306249998,135.85547499990207,697620.5751499999,0.9998052967066485
2018-06-04,700473.830625,135.85547499990207,700337.9751500001,0.9998060520335519
2018-06-05,705520.4306249998,135.85547499990207,705384.5751499999,0.9998074393467535
2018-06-06,704808.7306249999,135.85547499990207,704672.87515,0.9998072449033379
2018-06-07,703450.0306249999,135.85547499990207,703314.17515,0.9998068726006321
2018-06-08,700215.0306249999,135.85547499990207,700079.17515,0.9998059803502382
2018-06-11,700862.0306249999,135.85547499990207,700726.17515,0.9998061594592609
2018-06-12,704873.4306249998,135.85547499990207,704737.5751499999,0.9998072625962374
2018-06-13,700667.9306249998,135.85547499990207,700532.0751499999,0.9998061057612859
2018-06-14,699373.9306249998,135.85547499990207,699238.0751499999,0.9998057470130771
2018-06-15,697174.1306249999,135.85547499990207,697038.27515,0.999805134084826
2018-06-19,682875.4306249998,135.85547499990207,682739.5751499999,0.9998010537956015
2018-06-20,683781.2306249999,135.85547499990207,683645.37515,0.9998013173381848
2018-06-21,679575.7306249999,135.85547499990207,679439.87515,0.9998000878064393
2018-06-22,681322.6306249999,135.85547499990207,681186.77515,0.99980060037801
2018-06-25,679252.2306249999,135.85547499990207,679116.37515,0.9997999925964544
2018-06-26,677699.4306249998,135.85547499990207,677563.5751499999,0.9997995343232403
2018-06-27,670905.9306249998,135.85547499990207,670770.0751499999,0.9997975044357212
2018-06-28,668576.7306249999,135.85547499990207,668440.87515,0.9997967989779231
2018-06-29,676664.2306249999,135.85547499990207,676528.37515,0.9997992276392763
2018-07-02,670258.9306249998,135.85547499990207,670123.0751499999,0.9997973089670388
2018-07-03,670129.5306249999,135.85547499990207,669993.67515,0.999797269828009
2018-07-04,664112.4306249998,135.85547499990207,663976.5751499999,0.9997954330189663
2018-07-05,660359.830625,135.85547499990207,660223.9751500001,0.9997942705344883
2018-07-06,662171.4306249998,135.85547499990207,662035.5751499999,0.9997948333789157
2018-07-09,671488.2306249999,135.85547499990207,671352.37515,0.9997976800354738
2018-07-10,672070.5306249999,135.85547499990207,671934.67515,0.9997978553309375
2018-07-11,667218.0306249999,135.85547499990207,667082.17515,0.9997963851863046
2018-07-12,674852.6306249999,135.85547499990207,674716.77515,0.9997986886783355
2018-07-13,676405.4306249998,135.85547499990207,676269.5751499999,0.9997991508216095
2018-07-16,675499.6306249999,135.85547499990207,675363.77515,0.9997988814962427
2018-07-17,674529.1306249998,135.85547499990207,674393.2751499999,0.9997985921306705
2018-07-18,671552.9306249998,135.85547499990207,671417.0751499999,0.9997976995277595
2018-07-19,671423.5306249999,135.85547499990207,671287.67515,0.9997976605394312
2018-07-20,673946.830625,135.85547499990207,673810.9751500001,0.9997984181113013
2018-07-23,674529.1306249998,135.85547499990207,674393.2751499999,0.9997985921306705
2018-07-24,679705.1306249998,135.85547499990207,679569.2751499999,0.9998001258650572
2018-07-25,680028.6306249998,135.85547499990207,679892.7751499999,0.9998002209482342
2018-07-26,675758.4306249998,135.85547499990207,675622.5751499999,0.9997989585200229
2018-07-27,674205.6306249999,135.85547499990207,674069.77515,0.9997984954903537
2018-07-30,670582.4306249998,135.85547499990207,670446.5751499999,0.9997974067485287
2018-07-31,671617.6306249998,135.85547499990207,671481.7751499999,0.9997977190162899
2018-08-01,665859.330625,135.85547499990207,665723.4751500001,0.9997959697059853
2018-08-02,658548.2306249999,135.85547499990207,658412.37515,0.999793704593404
2018-08-03,652013.5306249999,135.85547499990207,651877.67515,0.9997916370311063
2018-08-06,646319.9306249998,135.85547499990207,646184.0751499999,0.9997898015076395
2018-08-07,655572.0306249999,135.85547499990207,655436.17515,0.9997927680427879
2018-08-08,649813.7306249999,135.85547499990207,649677.87515,0.9997909316645722
2018-08-09,657577.7306249999,135.85547499990207,657441.87515,0.9997934001279655
2018-08-10,658095.3306249998,135.85547499990207,657959.47515,0.9997935626212834
2018-08-13,658548.2306249999,135.85547499990207,658412.37515,0.999793704593404
2018-08-14,656930.7306249999,135.85547499990207,656794.87515,0.999793196651235
2018-08-15,650913.6306249999,135.85547499990207,650777.77515,0.999791284943796
2018-08-16,648519.7306249999,135.85547499990207,648383.87515,0.9997905145077561
2018-08-17,643990.7306249999,135.85547499990207,643854.87515,0.9997890412570566
2018-08-20,645996.4306249998,135.85547499990207,645860.5751499999,0.9997896962451195
2018-08-21,651172.4306249998,135.85547499990207,651036.5751499999,0.9997913678948762
2018-08-22,649554.9306249998,135.85547499990207,649419.0751499999,0.9997908483661742
2018-08-23,650201.9306249998,135.85547499990207,650066.0751499999,0.9997910564878372
2018-08-24,650007.8306249998,135.85547499990207,649871.97515,0.9997909940948415
2018-08-27,657060.1306249999,135.85547499990207,656924.27515,0.9997932373786389
2018-08-28,657189.5306249999,135.85547499990207,657053.67515,0.9997932780900045
2018-08-29,655313.2306249999,135.85547499990207,655177.37515,0.9997926862015737
2018-08-30,652401.7306249999,135.85547499990207,652265.87515,0.9997917610137703
2018-08-31,650266.6306249999,135.85547499990207,650130.77515,0.999791077277225
2018-09-03,649490.2306249999,135.85547499990207,649354.37515,0.9997908275312022
2018-09-04,652725.2306249999,135.85547499990207,652589.37515,0.999791864220003
2018-09-05,647484.5306249999,135.85547499990207,647348.67515,0.9997901795817906
2018-09-06,644961.2306249999,135.85547499990207,644825.37515,0.9997893586954549
2018-09-07,644573.0306249999,135.85547499990207,644437.17515,0.9997892318348036
2018-09-10,639979.3306249998,135.85547499990207,639843.47515,0.9997877189645059
2018-09-11,639979.3306249998,135.85547499990207,639843.47515,0.9997877189645059
2018-09-12,637261.9306249998,135.85547499990207,637126.0751499999,0.9997868137598199
2018-09-13,638620.6306249999,135.85547499990207,638484.77515,0.9997872673250989
2018-09-14,639073.5306249999,135.85547499990207,638937.67515,0.9997874180849471
2018-09-17,636356.1306249999,135.85547499990207,636220.27515,0.9997865103069464
2018-09-18,640302.830625,135.85547499990207,640166.9751500001,0.9997878262151875
2018-09-19,643667.2306249999,135.85547499990207,643531.37515,0.9997889352315358
2018-09-20,643602.5306249999,135.85547499990207,643466.67515,0.9997889140136413
2018-09-21,650072.5306249999,135.85547499990207,649936.67515,0.9997910148966466
2018-09-25,647743.3306249998,135.85547499990207,647607.47515,0.9997902634136444
2018-09-26,650396.0306249999,135.85547499990207,650260.17515,0.9997911188435924
2018-09-27,648196.2306249999,135.85547499990207,648060.37515,0.9997904099583101
2018-09-28,650654.8306249998,135.85547499990207,650518.97515,0.9997912019267277
2018-10-08,638814.7306249999,135.85547499990207,638678.87515,0.9997873319626381
2018-10-09,638750.0306249999,135.85547499990207,638614.17515,0.9997873104211565
2018-10-10,637197.2306249999,135.85547499990207,637061.37515,0.9997867921132259
2018-10-11,622898.5306249999,135.85547499990207,622762.67515,0.9997818979042002
2018-10-12,626133.5306249999,135.85547499990207,625997.67515,0.9997830247569328
2018-10-15,622575.0306249999,135.85547499990207,622439.17515,0.9997817845748431
2018-10-16,619598.8306249998,135.85547499990207,619462.97515,0.9997807363921865
2018-10-17,621410.4306249998,135.85547499990207,621274.5751499999,0.9997813756121486
2018-10-18,617334.330625,135.85547499990207,617198.4751500001,0.9997799320914773
2018-10-19,623222.0306249999,135.85547499990207,623086.17515,0.9997820111159041
2018-10-22,634544.5306249999,135.85547499990207,634408.67515,0.9997859008021611
2018-10-23,628074.5306249999,135.85547499990207,627938.67515,0.9997836952966956
2018-10-24,627233.4306249998,135.85547499990207,627097.5751499999,0.9997834052389961
2018-10-25,627104.0306249999,135.85547499990207,626968.17515,0.9997833605456746
2018-10-26,625486.5306249999,135.85547499990207,625350.67515,0.9997828003188748
2018-10-29,618822.4306249998,135.85547499990207,618686.5751499999,0.9997804612950719
2018-10-30,619663.5306249999,135.85547499990207,619527.67515,0.9997807592858291
2018-10-31,622316.2306249999,135.85547499990207,622180.37515,0.9997816938265238
2018-11-01,625033.6306249999,135.85547499990207,624897.77515,0.9997826429357665
2018-11-02,635644.4306249998,135.85547499990207,635508.5751499999,0.999786271272972
2018-11-05,633897.5306249999,135.85547499990207,633761.67515,0.9997856822775979
2018-11-06,631115.4306249998,135.85547499990207,630979.5751499999,0.999784737516455
2018-11-07,629692.0306249999,135.85547499990207,629556.17515,0.9997842509220499
2018-11-08,628915.6306249999,135.85547499990207,628779.77515,0.9997839845785597
2018-11-09,626586.4306249998,135.85547499990207,626450.5751499999,0.9997831815877909
2018-11-12,631374.2306249999,135.85547499990207,631238.37515,0.9997848257524458
2018-11-13,634738.6306249999,135.85547499990207,634602.77515,0.9997859662726591
2018-11-14,632215.330625,135.85547499990207,632079.4751500001,0.9997851120205111
2018-11-15,634868.0306249999,135.85547499990207,634732.17515,0.9997860098974174
2018-11-16,636938.4306249998,135.85547499990207,636802.5751499999,0.9997867054828729
2018-11-19,638814.7306249999,135.85547499990207,638678.87515,0.9997873319626381
2018-11-20,632474.1306249999,135.85547499990207,632338.27515,0.9997851999498135
2018-11-21,632991.7306249999,135.85547499990207,632855.87515,0.9997853755927179
2018-11-22,632603.5306249999,135.85547499990207,632467.67515,0.9997852438874857
2018-11-23,626198.2306249999,135.85547499990207,626062.37515,0.9997830471752304
2018-11-26,625680.6306249999,135.85547499990207,625544.77515,0.9997828676990301
2018-11-27,625615.9306249998,135.85547499990207,625480.0751499999,0.9997828452436239
2018-11-28,629692.0306249999,135.85547499990207,629556.17515,0.9997842509220499
2018-11-29,625810.0306249999,135.85547499990207,625674.17515,0.9997829125959132
2018-11-30,628656.8306249998,135.85547499990207,628520.97515,0.9997838956512016
2018-12-03,636614.9306249998,135.85547499990207,636479.0751499999,0.9997865970958826
2018-12-04,636032.6306249999,135.85547499990207,635896.77515,0.9997864017214552
2018-12-05,635062.1306249999,135.85547499990207,634926.27515,0.9997860753012211
2018-12-06,628721.5306249999,135.85547499990207,628585.67515,0.9997839178899046
2018-12-07,628333.330625,135.85547499990207,628197.4751500001,0.9997837843889886
2018-12-10,624904.2306249999,135.85547499990207,624768.37515,0.9997825979272632
2018-12-11,626327.6306249999,135.85547499990207,626191.77515,0.9997830919979304
2018-12-12,627168.7306249999,135.85547499990207,627032.87515,0.9997833828946406
2018-12-13,631633.0306249999,135.85547499990207,631497.17515,0.9997849139161303
2018-12-14,626974.6306249999,135.85547499990207,626838.77515,0.9997833158339047
2018-12-17,626004.1306249999,135.85547499990207,625868.27515,0.9997829799064357
2018-12-18,623157.3306249998,135.85547499990207,623021.47515,0.9997819884829668
2018-12-19,620439.9306249998,135.85547499990207,620304.0751499999,0.9997810336371113
2018-12-20,620245.830625,135.85547499990207,620109.9751500001,0.9997809651136824
2018-12-21,616622.6306249999,135.85547499990207,616486.77515,0.9997796780911817
2018-12-24,618046.0306249999,135.85547499990207,617910.17515,0.9997801855067939
2018-12-25,616169.7306249999,135.85547499990207,616033.87515,0.9997795161491265
2018-12-26,615263.9306249998,135.85547499990207,615128.0751499999,0.9997791915497762
2018-12-27,613711.1306249999,135.85547499990207,613575.27515,0.999778632864518
2018-12-28,614164.0306249999,135.85547499990207,614028.17515,0.9997787961062102
2019-01-02,611252.5306249999,135.85547499990207,611116.67515,0.9997777424743568
2019-01-03,609699.7306249999,135.85547499990207,609563.87515,0.9997771764227932
2019-01-04,616169.7306249999,135.85547499990207,616033.87515,0.9997795161491265
2019-01-07,618693.0306249999,135.85547499990207,618557.17515,0.9997804153784267
2019-01-08,618563.6306249999,135.85547499990207,618427.77515,0.9997803694425703
2019-01-09,621345.7306249999,135.85547499990207,621209.87515,0.9997813528470483
2019-01-10,620828.1306249999,135.85547499990207,620692.27515,0.9997811705554271
2019-01-11,622251.5306249999,135.85547499990207,622115.67515,0.9997816711276493
2019-01-14,619728.2306249999,135.85547499990207,619592.37515,0.9997807821746916
2019-01-15,625033.6306249999,135.85547499990207,624897.77515,0.9997826429357665
2019-01-16,624968.9306249998,135.85547499990207,624833.0751499999,0.9997826204338446
2019-01-17,622898.5306249999,135.85547499990207,622762.67515,0.9997818979042002
2019-01-18,627168.7306249999,135.85547499990207,627032.87515,0.9997833828946406
2019-01-21,629311.2225999999,229310.6474499999,400000.57514999993,0.6356164657248559
2019-01-22,629311.2225999999,229310.6474499999,400000.57514999993,0.6356164657248559
2019-01-23,629311.2225999999,229310.6474499999,400000.57514999993,0.6356164657248559
2019-01-24,629311.2225999999,229310.6474499999,400000.57514999993,0.6356164657248559
2019-01-25,629311.2225999999,229310.6474499999,400000.57514999993,0.6356164657248559
2019-01-28,629311.2225999999,229310.6474499999,400000.57514999993,0.6356164657248559
2019-01-29,629311.2225999999,229310.6474499999,400000.57514999993,0.6356164657248559
2019-01-30,629311.2225999999,229310.6474499999,400000.57514999993,0.6356164657248559
2019-01-31,629311.2225999999,229310.6474499999,400000.57514999993,0.6356164657248559
2019-02-01,634596.4284999999,29284.253349999897,605312.17515,0.9538537375332866
2019-02-11,639223.9305999998,239223.35544999992,400000.57514999993,0.6257597001641415
2019-02-12,639223.9305999998,239223.35544999992,400000.57514999993,0.6257597001641415
2019-02-13,639223.9305999998,239223.35544999992,400000.57514999993,0.6257597001641415
2019-02-14,639223.9305999998,239223.35544999992,400000.57514999993,0.6257597001641415
2019-02-15,639223.9305999998,239223.35544999992,400000.57514999993,0.6257597001641415
2019-02-18,639223.9305999998,239223.35544999992,400000.57514999993,0.6257597001641415
2019-02-19,639223.9305999998,239223.35544999992,400000.57514999993,0.6257597001641415
2019-02-20,639223.9305999998,239223.35544999992,400000.57514999993,0.6257597001641415
2019-02-21,639223.9305999998,239223.35544999992,400000.57514999993,0.6257597001641415
2019-02-22,639223.9305999998,239223.35544999992,400000.57514999993,0.6257597001641415
2019-02-25,639223.9305999998,239223.35544999992,400000.57514999993,0.6257597001641415
2019-02-26,639223.9305999998,239223.35544999992,400000.57514999993,0.6257597001641415
2019-02-27,639223.9305999998,239223.35544999992,400000.57514999993,0.6257597001641415
2019-02-28,639223.9305999998,239223.35544999992,400000.57514999993,0.6257597001641415
2019-03-01,639223.9305999998,239223.35544999992,400000.57514999993,0.6257597001641415
2019-03-04,639223.9305999998,239223.35544999992,400000.57514999993,0.6257597001641415
2019-03-05,639223.9305999998,239223.35544999992,400000.57514999993,0.6257597001641415
2019-03-06,639223.9305999998,239223.35544999992,400000.57514999993,0.6257597001641415
2019-03-07,639223.9305999998,239223.35544999992,400000.57514999993,0.6257597001641415
2019-03-08,639223.9305999998,239223.35544999992,400000.57514999993,0.6257597001641415
2019-03-11,639223.9305999998,239223.35544999992,400000.57514999993,0.6257597001641415
2019-03-12,639223.9305999998,239223.35544999992,400000.57514999993,0.6257597001641415
2019-03-13,639223.9305999998,239223.35544999992,400000.57514999993,0.6257597001641415
2019-03-14,639223.9305999998,239223.35544999992,400000.57514999993,0.6257597001641415
2019-03-15,639223.9305999998,239223.35544999992,400000.57514999993,0.6257597001641415
2019-03-18,639223.9305999998,239223.35544999992,400000.57514999993,0.6257597001641415
2019-03-19,639223.9305999998,239223.35544999992,400000.57514999993,0.6257597001641415
2019-03-20,639223.9305999998,239223.35544999992,400000.57514999993,0.6257597001641415
2019-03-21,639223.9305999998,239223.35544999992,400000.57514999993,0.6257597001641415
2019-03-22,639223.9305999998,239223.35544999992,400000.57514999993,0.6257597001641415
2019-03-25,639223.9305999998,239223.35544999992,400000.57514999993,0.6257597001641415
2019-03-26,639223.9305999998,239223.35544999992,400000.57514999993,0.6257597001641415
2019-03-27,639223.9305999998,239223.35544999992,400000.57514999993,0.6257597001641415
2019-03-28,639223.9305999998,239223.35544999992,400000.57514999993,0.6257597001641415
2019-03-29,639223.9305999998,239223.35544999992,400000.57514999993,0.6257597001641415
2019-04-01,639223.9305999998,239223.35544999992,400000.57514999993,0.6257597001641415
2019-04-02,639223.9305999998,239223.35544999992,400000.57514999993,0.6257597001641415
2019-04-03,639223.9305999998,239223.35544999992,400000.57514999993,0.6257597001641415
2019-04-04,639223.9305999998,239223.35544999992,400000.57514999993,0.6257597001641415
2019-04-08,639223.9305999998,239223.35544999992,400000.57514999993,0.6257597001641415
2019-04-09,639223.9305999998,239223.35544999992,400000.57514999993,0.6257597001641415
2019-04-10,639223.9305999998,239223.35544999992,400000.57514999993,0.6257597001641415
2019-04-11,639223.9305999998,239223.35544999992,400000.57514999993,0.6257597001641415
2019-04-12,639223.9305999998,239223.35544999992,400000.57514999993,0.6257597001641415
2019-04-15,639223.9305999998,239223.35544999992,400000.57514999993,0.6257597001641415
2019-04-16,639223.9305999998,239223.35544999992,400000.57514999993,0.6257597001641415
2019-04-17,639223.9305999998,239223.35544999992,400000.57514999993,0.6257597001641415
2019-04-18,639223.9305999998,239223.35544999992,400000.57514999993,0.6257597001641415
2019-04-19,639223.9305999998,239223.35544999992,400000.57514999993,0.6257597001641415
2019-04-22,639223.9305999998,239223.35544999992,400000.57514999993,0.6257597001641415
2019-04-23,639223.9305999998,239223.35544999992,400000.57514999993,0.6257597001641415
2019-04-24,639223.9305999998,239223.35544999992,400000.57514999993,0.6257597001641415
2019-04-25,639223.9305999998,239223.35544999992,400000.57514999993,0.6257597001641415
2019-04-26,638402.9440999998,39227.36894999992,599175.5751499999,0.9385539034358599
2019-04-29,632491.9440999998,39227.36894999992,593264.5751499999,0.9379796544194436
2019-04-30,634593.1550999999,61.579949999919336,634531.5751499999,0.9999029615281775
2019-05-06,616671.1550999999,61.579949999919336,616609.5751499999,0.999900141348447
2019-05-07,619143.1550999999,61.579949999919336,619081.5751499999,0.9999005400455571
2019-05-08,620379.1550999999,61.579949999919336,620317.5751499999,0.9999007382026077
2019-05-09,620997.1550999999,61.579949999919336,620935.5751499999,0.999900836985332
2019-05-10,630885.1550999999,61.579949999919336,630823.5751499999,0.9999023911887891
2019-05-13,628413.1550999999,61.579949999919336,628351.5751499999,0.9999020072232732
2019-05-14,626559.1550999999,61.579949999919336,626497.5751499999,0.9999017172608545
2019-05-15,629031.1550999999,61.579949999919336,628969.5751499999,0.9999021034975761
2019-05-16,632121.1550999999,61.579949999919336,632059.5751499999,0.9999025820453831
2019-05-17,625014.1550999999,61.579949999919336,624952.5751499999,0.9999014743114257
2019-05-20,629340.1550999999,61.579949999919336,629278.5751499999,0.999902151563823
2019-05-21,632121.1550999999,61.579949999919336,632059.5751499999,0.9999025820453831
2019-05-22,630885.1550999999,61.579949999919336,630823.5751499999,0.9999023911887891
2019-05-23,628104.1550999999,61.579949999919336,628042.5751499999,0.9999019590150775
2019-05-24,622233.1550999999,61.579949999919336,622171.5751499999,0.9999010339621166
2019-05-27,630267.1550999999,61.579949999919336,630205.5751499999,0.9999022954797793
2019-05-28,629340.1550999999,61.579949999919336,629278.5751499999,0.999902151563823
2019-05-29,630267.1550999999,61.579949999919336,630205.5751499999,0.9999022954797793
2019-05-30,628413.1550999999,61.579949999919336,628351.5751499999,0.9999020072232732
2019-05-31,628413.1550999999,61.579949999919336,628351.5751499999,0.9999020072232732
2019-06-03,626250.1550999999,61.579949999919336,626188.5751499999,0.9999016687668683
2019-06-04,621615.1550999999,61.579949999919336,621553.5751499999,0.99990093557164
2019-06-05,620379.1550999999,61.579949999919336,620317.5751499999,0.9999007382026077
2019-06-06,615744.1550999999,61.579949999919336,615682.5751499999,0.9998999910117053
2019-06-10,617598.1550999999,61.579949999919336,617536.5751499999,0.999900291233885
2019-06-11,624396.1550999999,61.579949999919336,624334.5751499999,0.9999013767950091
2019-06-12,621615.1550999999,61.579949999919336,621553.5751499999,0.99990093557164
2019-06-13,621615.1550999999,61.579949999919336,621553.5751499999,0.99990093557164
2019-06-14,620379.1550999999,61.579949999919336,620317.5751499999,0.9999007382026077
2019-06-17,618216.1550999999,61.579949999919336,618154.5751499999,0.9999003909077886
2019-06-18,616362.1550999999,61.579949999919336,616300.5751499999,0.9999000912864452
2019-06-19,620379.1550999999,61.579949999919336,620317.5751499999,0.9999007382026077
2019-06-20,624705.1550999999,61.579949999919336,624643.5751499999,0.9999014255773349
2019-06-21,628722.1550999999,61.579949999919336,628660.5751499999,0.9999020553840827
2019-06-24,627795.1550999999,61.579949999919336,627733.5751499999,0.9999019107594258
2019-06-25,626559.1550999999,61.579949999919336,626497.5751499999,0.9999017172608545
2019-06-26,629958.1550999999,61.579949999919336,629896.5751499999,0.9999022475548552
2019-06-27,633298.8313499999,233298.25619999992,400000.57514999993,0.6316142638339008
2019-06-28,633298.8313499999,233298.25619999992,400000.57514999993,0.6316142638339008
2019-07-01,633298.8313499999,233298.25619999992,400000.57514999993,0.6316142638339008
2019-07-02,633298.8313499999,233298.25619999992,400000.57514999993,0.6316142638339008
2019-07-03,633298.8313499999,233298.25619999992,400000.57514999993,0.6316142638339008
2019-07-04,633298.8313499999,233298.25619999992,400000.57514999993,0.6316142638339008
2019-07-05,633298.8313499999,233298.25619999992,400000.57514999993,0.6316142638339008
2019-07-08,633298.8313499999,233298.25619999992,400000.57514999993,0.6316142638339008
2019-07-09,633298.8313499999,233298.25619999992,400000.57514999993,0.6316142638339008
2019-07-10,632111.8507249998,33325.77557499992,598786.0751499999,0.9472786730120992
2019-07-11,632869.8507249998,33325.77557499992,599544.0751499999,0.9473418183267497
2019-07-12,635522.8507249998,33325.77557499992,602197.0751499999,0.9475616407230959
2019-07-15,635712.3507249998,33325.77557499992,602386.5751499999,0.9475772721152996
2019-07-16,634575.3507249998,33325.77557499992,601249.5751499999,0.9474833437243894
2019-07-17,634006.8507249998,33325.77557499992,600681.0751499999,0.9474362531936505
2019-07-18,634196.3507249998,33325.77557499992,600870.5751499999,0.9474519594177694
2019-07-19,636849.3507249998,33325.77557499992,603523.5751499999,0.947670865115806
2019-07-22,636280.8507249998,33325.77557499992,602955.0751499999,0.9476241104269799
2019-07-23,636280.8507249998,33325.77557499992,602955.0751499999,0.9476241104269799
2019-07-24,637417.8507249998,33325.77557499992,604092.0751499999,0.9477175364055226
2019-07-25,639829.7119749999,239829.13682499994,400000.57514999993,0.6251672400696971
2019-07-26,639829.7119749999,239829.13682499994,400000.57514999993,0.6251672400696971
2019-07-29,639829.7119749999,239829.13682499994,400000.57514999993,0.6251672400696971
2019-07-30,639829.7119749999,239829.13682499994,400000.57514999993,0.6251672400696971
2019-07-31,639829.7119749999,239829.13682499994,400000.57514999993,0.6251672400696971
2019-08-01,639829.7119749999,239829.13682499994,400000.57514999993,0.6251672400696971
2019-08-02,639829.7119749999,239829.13682499994,400000.57514999993,0.6251672400696971
2019-08-05,636643.2196499999,39809.84449999992,596833.37515,0.9374691455570897
2019-08-06,634691.6196499999,39809.84449999992,594881.77515,0.9372768707392843
2019-08-07,633716.8320249999,249.45687499991618,633467.37515,0.9996063590828055
2019-08-08,636901.2320249999,249.45687499991618,636651.77515,0.9996083272217785
2019-08-09,635895.6320249999,249.45687499991618,635646.17515,0.9996077078337439
2019-08-12,639834.2320249999,249.45687499991618,639584.77515,0.9996101226497207
2019-08-13,637404.0320249998,249.45687499991618,637154.5751499999,0.9996086361829131
2019-08-14,638661.032025,249.45687499991618,638411.57515,0.9996094064574302
2019-08-15,639080.0320249998,249.45687499991618,638830.5751499999,0.9996096625422493
2019-08-16,640337.032025,249.45687499991618,640087.57515,0.9996104287858988
2019-08-19,644610.8320249999,249.45687499991618,644361.37515,0.9996130116612899
2019-08-20,644610.8320249999,249.45687499991618,644361.37515,0.9996130116612899
2019-08-21,644108.0320249998,249.45687499991618,643858.5751499999,0.999612709572623
2019-08-22,644694.6320249999,249.45687499991618,644445.17515,0.9996130619635899
2019-08-23,647711.4320249999,249.45687499991618,647461.97515,0.9996148641776786
2019-08-26,643605.2320249999,249.45687499991618,643355.77515,0.9996124070119582
2019-08-27,645700.2320249999,249.45687499991618,645450.77515,0.999613664572773
2019-08-28,643605.2320249999,249.45687499991618,643355.77515,0.9996124070119582
2019-08-29,642851.0320249998,249.45687499991618,642601.5751499999,0.999611952283542
2019-08-30,644275.6320249999,249.45687499991618,644026.17515,0.999612810321235
2019-09-02,645867.8320249999,249.45687499991618,645618.37515,0.9996137648251999
2019-09-03,645700.2320249999,249.45687499991618,645450.77515,0.999613664572773
2019-09-04,648465.6320249999,249.45687499991618,648216.17515,0.9996153121111123
2019-09-05,650833.1705749999,250832.59542499992,400000.57514999993,0.6145977083445306
2019-09-06,650833.1705749999,250832.59542499992,400000.57514999993,0.6145977083445306
2019-09-09,650833.1705749999,250832.59542499992,400000.57514999993,0.6145977083445306
2019-09-10,650833.1705749999,250832.59542499992,400000.57514999993,0.6145977083445306
2019-09-11,650833.1705749999,250832.59542499992,400000.57514999993,0.6145977083445306
2019-09-12,650833.1705749999,250832.59542499992,400000.57514999993,0.6145977083445306
2019-09-16,650833.1705749999,250832.59542499992,400000.57514999993,0.6145977083445306
2019-09-17,650833.1705749999,250832.59542499992,400000.57514999993,0.6145977083445306
2019-09-18,650833.1705749999,250832.59542499992,400000.57514999993,0.6145977083445306
2019-09-19,650833.1705749999,250832.59542499992,400000.57514999993,0.6145977083445306
2019-09-20,650833.1705749999,250832.59542499992,400000.57514999993,0.6145977083445306
2019-09-23,650833.1705749999,250832.59542499992,400000.57514999993,0.6145977083445306
2019-09-24,650833.1705749999,250832.59542499992,400000.57514999993,0.6145977083445306
2019-09-25,650833.1705749999,250832.59542499992,400000.57514999993,0.6145977083445306
2019-09-26,650833.1705749999,250832.59542499992,400000.57514999993,0.6145977083445306
2019-09-27,652347.3813499999,50825.70619999993,601521.67515,0.9220879739030781
2019-09-30,650522.4813499999,50825.70619999993,599696.77515,0.9218694085798178
2019-10-08,647915.4813499999,50825.70619999993,597089.77515,0.921555036632094
2019-10-09,649218.9813499999,50825.70619999993,598393.27515,0.9217125382035013
2019-10-10,651304.5813499999,50825.70619999993,600478.87515,0.9219632294085046
2019-10-11,650783.1813499999,50825.70619999993,599957.47515,0.9219007072454364
2019-10-14,653129.4813499999,50825.70619999993,602303.77515,0.9221812708638651
2019-10-15,649740.3813499999,50825.70619999993,598914.67515,0.9217753618847013
2019-10-16,648176.1813499999,50825.70619999993,597350.47515,0.9215865876247692
2019-10-17,647133.3813499999,50825.70619999993,596307.67515,0.9214602311289039
2019-10-18,643744.2813499998,50825.70619999993,592918.5751499999,0.9210467453110216
2019-10-21,643744.2813499998,50825.70619999993,592918.5751499999,0.9210467453110216
2019-10-22,645829.8813499999,50825.70619999993,595004.17515,0.9213017116926253
2019-10-23,643744.2813499998,50825.70619999993,592918.5751499999,0.9210467453110216
2019-10-24,644004.9813499999,50825.70619999993,593179.27515,0.9210787064201644
2019-10-25,645047.7813499998,50825.70619999993,594222.0751499999,0.9212062925111867
2019-10-28,648436.8813499999,50825.70619999993,597611.17515,0.9216181132476852
2019-10-29,646090.5813499999,50825.70619999993,595264.87515,0.921333466750436
2019-10-30,644004.9813499999,50825.70619999993,593179.27515,0.9210787064201644
2019-10-31,643222.8813499999,50825.70619999993,592397.17515,0.9209827453691843
2019-11-01,644526.3813499999,50825.70619999993,593700.67515,0.9211425510720874
2019-11-04,644004.9813499999,50825.70619999993,593179.27515,0.9210787064201644
2019-11-05,644526.3813499999,50825.70619999993,593700.67515,0.9211425510720874
2019-11-06,647133.3813499999,50825.70619999993,596307.67515,0.9214602311289039
2019-11-07,645829.8813499999,50825.70619999993,595004.17515,0.9213017116926253
2019-11-08,644265.6813499999,50825.70619999993,593439.97515,0.9211106416633906
2019-11-11,639573.0813499999,50825.70619999993,588747.37515,0.9205318239899687
2019-11-12,639630.5926999999,58.41754999993282,639572.17515,0.9999086698624696
2019-11-13,638306.9926999998,58.41754999993282,638248.5751499999,0.9999084804793493
2019-11-14,638968.7926999999,58.41754999993282,638910.37515,0.9999085752689845
2019-11-15,636983.3926999999,58.41754999993282,636924.97515,0.9999082903091833
2019-11-18,637976.0926999999,58.41754999993282,637917.67515,0.9999084330107847
2019-11-19,641946.8926999999,58.41754999993282,641888.47515,0.9999089994037448
2019-11-20,639630.5926999999,58.41754999993282,639572.17515,0.9999086698624696
2019-11-21,641615.9926999998,58.41754999993282,641557.5751499999,0.9999089524720947
2019-11-22,640292.3926999999,58.41754999993282,640233.97515,0.999908764260413
2019-11-25,638968.7926999999,58.41754999993282,638910.37515,0.9999085752689845
2019-11-26,639630.5926999999,58.41754999993282,639572.17515,0.9999086698624696
2019-11-27,638306.9926999998,58.41754999993282,638248.5751499999,0.9999084804793493
2019-11-28,638306.9926999998,58.41754999993282,638248.5751499999,0.9999084804793493
2019-11-29,639961.4926999998,58.41754999993282,639903.0751499999,0.9999087170858462
2019-12-02,639961.4926999998,58.41754999993282,639903.0751499999,0.9999087170858462
2019-12-03,641615.9926999998,58.41754999993282,641557.5751499999,0.9999089524720947
2019-12-04,643270.4926999998,58.41754999993282,643212.0751499999,0.9999091866475102
2019-12-05,644532.9589249999,244532.38377499994,400000.57515,0.6206053074727951
2019-12-06,644532.9589249999,244532.38377499994,400000.57515,0.6206053074727951
2019-12-09,644532.9589249999,244532.38377499994,400000.57515,0.6206053074727951
2019-12-10,644532.9589249999,244532.38377499994,400000.57515,0.6206053074727951
2019-12-11,644532.9589249999,244532.38377499994,400000.57515,0.6206053074727951
2019-12-12,644532.9589249999,244532.38377499994,400000.57515,0.6206053074727951
2019-12-13,644532.9589249999,244532.38377499994,400000.57515,0.6206053074727951
2019-12-16,644532.9589249999,244532.38377499994,400000.57515,0.6206053074727951
2019-12-17,644532.9589249999,244532.38377499994,400000.57515,0.6206053074727951
2019-12-18,644532.9589249999,244532.38377499994,400000.57515,0.6206053074727951
2019-12-19,644532.9589249999,244532.38377499994,400000.57515,0.6206053074727951
2019-12-20,644532.9589249999,244532.38377499994,400000.57515,0.6206053074727951
2019-12-23,644532.9589249999,244532.38377499994,400000.57515,0.6206053074727951
2019-12-24,644532.9589249999,244532.38377499994,400000.57515,0.6206053074727951
2019-12-25,644532.9589249999,244532.38377499994,400000.57515,0.6206053074727951
2019-12-26,644532.9589249999,244532.38377499994,400000.57515,0.6206053074727951
2019-12-27,644532.9589249999,244532.38377499994,400000.57515,0.6206053074727951
2019-12-30,644532.9589249999,244532.38377499994,400000.57515,0.6206053074727951
2019-12-31,644532.9589249999,244532.38377499994,400000.57515,0.6206053074727951
2020-01-02,644532.9589249999,244532.38377499994,400000.57515,0.6206053074727951
2020-01-03,644532.9589249999,244532.38377499994,400000.57515,0.6206053074727951
2020-01-06,644532.9589249999,244532.38377499994,400000.57515,0.6206053074727951
2020-01-07,644532.9589249999,244532.38377499994,400000.57515,0.6206053074727951
2020-01-08,644532.9589249999,244532.38377499994,400000.57515,0.6206053074727951
2020-01-09,644532.9589249999,244532.38377499994,400000.57515,0.6206053074727951
2020-01-10,644532.9589249999,244532.38377499994,400000.57515,0.6206053074727951
2020-01-13,644532.9589249999,244532.38377499994,400000.57515,0.6206053074727951
2020-01-14,644532.9589249999,244532.38377499994,400000.57515,0.6206053074727951
2020-01-15,644532.9589249999,244532.38377499994,400000.57515,0.6206053074727951
2020-01-16,644532.9589249999,244532.38377499994,400000.57515,0.6206053074727951
2020-01-17,644532.9589249999,244532.38377499994,400000.57515,0.6206053074727951
2020-01-20,644532.9589249999,244532.38377499994,400000.57515,0.6206053074727951
2020-01-21,644532.9589249999,244532.38377499994,400000.57515,0.6206053074727951
2020-01-22,644482.9707499999,44529.69559999992,599953.2751499999,0.9309063270544142
2020-01-23,640155.7707499999,44529.69559999992,595626.0751499999,0.9304392811333569
2020-02-03,624999.4596499999,74.18449999991572,624925.2751499999,0.9998813046973808
2020-02-04,631515.7596499999,74.18449999991572,631441.5751499999,0.9998825294557319
2020-02-05,631740.4596499999,74.18449999991572,631666.2751499999,0.9998825712381298
2020-02-06,633088.6596499998,74.18449999991572,633014.4751499998,0.9998828213096709
2020-02-07,632189.85965,74.18449999991572,632115.67515,0.9998826547138212
2020-02-10,631740.4596499999,74.18449999991572,631666.2751499999,0.9998825712381298
2020-02-11,633987.4596499999,74.18449999991572,633913.2751499999,0.999882987433157
2020-02-12,634436.85965,74.18449999991572,634362.67515,0.9998830703183909
2020-02-13,632639.2596499999,74.18449999991572,632565.0751499999,0.9998827380709173
2020-02-14,634661.55965,74.18449999991572,634587.37515,0.99988311171699
2020-02-17,639155.55965,74.18449999991572,639081.37515,0.9998839335762947
2020-02-18,636908.55965,74.18449999991572,636834.37515,0.9998835240963935
2020-02-19,636234.4596499999,74.18449999991572,636160.2751499999,0.999883400688418
2020-02-20,639604.9596499999,74.18449999991572,639530.7751499999,0.9998840151270237
2020-02-21,638930.85965,74.18449999991572,638856.67515,0.9998838927579102
2020-02-24,636009.7596499999,74.18449999991572,635935.5751499999,0.9998833594942933
2020-02-25,633762.7596499999,74.18449999991572,633688.5751499999,0.9998829459464597
2020-02-26,634886.2596499999,74.18449999991572,634812.0751499999,0.9998831530862853
2020-02-27,635560.35965,74.18449999991572,635486.17515,0.9998832770186599
2020-02-28,629718.1596499998,74.18449999991572,629643.9751499998,0.999882194123096
2020-03-02,633313.35965,74.18449999991572,633239.17515,0.9998828628847479
2020-03-03,633762.7596499999,74.18449999991572,633688.5751499999,0.9998829459464597
2020-03-04,634661.55965,74.18449999991572,634587.37515,0.99988311171699
2020-03-05,640443.6523999999,240443.07724999991,400000.57515,0.6245679438792734
2020-03-06,640443.6523999999,240443.07724999991,400000.57515,0.6245679438792734
2020-03-09,640443.6523999999,240443.07724999991,400000.57515,0.6245679438792734
2020-03-10,648234.06985,40462.89469999992,607771.17515,0.9375798086185705
2020-03-11,644313.8698499999,40462.89469999992,603850.97515,0.9372000253394825
2020-03-12,639932.4698499999,40462.89469999992,599469.5751499999,0.9367700552692936
2020-03-13,638779.4698499999,40462.89469999992,598316.5751499999,0.9366559249164637
2020-03-16,630016.66985,40462.89469999992,589553.77515,0.9357748824175816
2020-03-17,630939.06985,40462.89469999992,590476.17515,0.9358687761884525
2020-03-18,627941.2698499999,40462.89469999992,587478.37515,0.9355626128703636
2020-03-19,630477.8698499999,40462.89469999992,590014.97515,0.9358218636450687
2020-03-20,633936.8698499999,40462.89469999992,593473.97515,0.9361720438983552
2020-03-23,626788.2698499999,40462.89469999992,586325.37515,0.9354440779345099
2020-03-24,628171.8698499999,40462.89469999992,587708.97515,0.9355862676409531
2020-03-25,633245.06985,40462.89469999992,592782.17515,0.9361023138962857
2020-03-26,633014.4698499999,40462.89469999992,592551.5751499999,0.9360790366931294
2020-03-27,629094.2698499999,40462.89469999992,588631.37515,0.9356807133060553
2020-03-30,622406.8698499999,40462.89469999992,581943.97515,0.9349896399605109
2020-03-31,622637.4698499999,40462.89469999992,582174.5751499999,0.9350137171960629
2020-04-01,621484.4698499999,40462.89469999992,581021.5751499999,0.9348931523425421
2020-04-02,626096.4698499999,40462.89469999992,585633.5751499999,0.9353727474143178
2020-04-03,624251.66985,40462.89469999992,583788.77515,0.9351817597705062
2020-04-07,629786.06985,40462.89469999992,589323.17515,0.9357513660001447
2020-04-08,630247.2698499999,40462.89469999992,589784.37515,0.935798381626262
2020-04-09,632322.66985,40462.89469999992,591859.77515,0.9360091032168772
2020-04-10,626788.2698499999,40462.89469999992,586325.37515,0.9354440779345099
2020-04-13,622176.2698499999,40462.89469999992,581713.37515,0.9349655448772498
2020-04-14,629324.8698499999,40462.89469999992,588861.97515,0.9357042814633334
2020-04-15,627941.2698499999,40462.89469999992,587478.37515,0.9355626128703636
2020-04-16,630708.4698499999,40462.89469999992,590245.5751499999,0.9358453284928564
2020-04-17,631169.66985,40462.89469999992,590706.77515,0.9358922067506569
2020-04-20,632322.66985,40462.89469999992,591859.77515,0.9360091032168772
2020-04-21,632322.66985,40462.89469999992,591859.77515,0.9360091032168772
2020-04-22,633706.2698499999,40462.89469999992,593243.37515,0.9361488174804115
2020-04-23,630477.8698499999,40462.89469999992,590014.97515,0.9358218636450687
2020-04-24,627941.2698499999,40462.89469999992,587478.37515,0.9355626128703636
2020-04-27,627941.2698499999,40462.89469999992,587478.37515,0.9355626128703636
2020-04-28,627249.4698499999,40462.89469999992,586786.5751499999,0.9354915442022196
2020-04-29,628863.66985,40462.89469999992,588400.77515,0.9356571278642136
2020-04-30,633936.8698499999,40462.89469999992,593473.97515,0.9361720438983552
2020-05-06,636193.9249999999,236193.3498499999,400000.57515000005,0.6287400106028993
2020-05-07,636193.9249999999,236193.3498499999,400000.57515000005,0.6287400106028993
2020-05-08,636193.9249999999,236193.3498499999,400000.57515000005,0.6287400106028993
2020-05-11,636193.9249999999,236193.3498499999,400000.57515000005,0.6287400106028993
2020-05-12,636193.9249999999,236193.3498499999,400000.57515000005,0.6287400106028993
2020-05-13,636193.9249999999,236193.3498499999,400000.57515000005,0.6287400106028993
2020-05-14,636193.9249999999,236193.3498499999,400000.57515000005,0.6287400106028993
2020-05-15,636193.9249999999,236193.3498499999,400000.57515000005,0.6287400106028993
2020-05-18,636193.9249999999,236193.3498499999,400000.57515000005,0.6287400106028993
2020-05-19,636193.9249999999,236193.3498499999,400000.57515000005,0.6287400106028993
2020-05-20,636193.9249999999,236193.3498499999,400000.57515000005,0.6287400106028993
2020-05-21,636193.9249999999,236193.3498499999,400000.57515000005,0.6287400106028993
2020-05-22,636193.9249999999,236193.3498499999,400000.57515000005,0.6287400106028993
2020-05-25,635027.9282,36156.153049999906,598871.7751500001,0.9430636804392443
2020-05-26,636590.3281999999,36156.153049999906,600434.17515,0.9432034207113487
2020-05-27,634581.5281999998,36156.153049999906,598425.37515,0.9430236282600956
2020-05-28,637259.9282,36156.153049999906,601103.7751500001,0.943263099639536
2020-05-29,635920.7281999998,36156.153049999906,599764.5751499999,0.9431436161039422
2020-06-01,644402.3281999999,36156.153049999906,608246.17515,0.9438919577603105
2020-06-02,643955.9282,36156.153049999906,607799.7751500001,0.9438530628158602
2020-06-03,642170.3281999999,36156.153049999906,606014.17515,0.943696942287344
2020-06-04,641500.7281999998,36156.153049999906,605344.5751499999,0.9436381730205495
2020-06-05,643286.3281999999,36156.153049999906,607130.17515,0.9437946191843226
2020-06-08,642393.5281999998,36156.153049999906,606237.37515,0.9437165048170548
2020-06-09,645071.9282,36156.153049999906,608915.7751500001,0.9439501992422931
2020-06-10,643286.3281999999,36156.153049999906,607130.17515,0.9437946191843226
2020-06-11,642393.5281999998,36156.153049999906,606237.37515,0.9437165048170548
2020-06-12,641500.7281999998,36156.153049999906,605344.5751499999,0.9436381730205495
2020-06-15,641723.9282,36156.153049999906,605567.7751500001,0.9436577764032956
2020-06-16,643509.5281999998,36156.153049999906,607353.37515,0.9438141139088734
2020-06-17,643286.3281999999,36156.153049999906,607130.17515,0.9437946191843226
2020-06-18,645071.9282,36156.153049999906,608915.7751500001,0.9439501992422931
2020-06-19,649036.2949999999,249035.71984999994,400000.57515,0.6162992397058473
2020-06-22,649036.2949999999,249035.71984999994,400000.57515,0.6162992397058473
2020-06-23,649036.2949999999,249035.71984999994,400000.57515,0.6162992397058473
2020-06-24,649036.2949999999,249035.71984999994,400000.57515,0.6162992397058473
2020-06-29,649036.2949999999,249035.71984999994,400000.57515,0.6162992397058473
2020-06-30,649036.2949999999,249035.71984999994,400000.57515,0.6162992397058473
2020-07-01,649036.2949999999,249035.71984999994,400000.57515,0.6162992397058473
2020-07-02,649036.2949999999,249035.71984999994,400000.57515,0.6162992397058473
2020-07-03,649036.2949999999,249035.71984999994,400000.57515,0.6162992397058473
2020-07-06,649036.2949999999,249035.71984999994,400000.57515,0.6162992397058473
2020-07-07,649036.2949999999,249035.71984999994,400000.57515,0.6162992397058473
2020-07-08,649036.2949999999,249035.71984999994,400000.57515,0.6162992397058473
2020-07-09,649036.2949999999,249035.71984999994,400000.57515,0.6162992397058473
2020-07-10,649036.2949999999,249035.71984999994,400000.57515,0.6162992397058473
2020-07-13,649036.2949999999,249035.71984999994,400000.57515,0.6162992397058473
2020-07-14,649036.2949999999,249035.71984999994,400000.57515,0.6162992397058473
2020-07-15,649036.2949999999,249035.71984999994,400000.57515,0.6162992397058473
2020-07-16,649036.2949999999,249035.71984999994,400000.57515,0.6162992397058473
2020-07-17,649036.2949999999,249035.71984999994,400000.57515,0.6162992397058473
2020-07-20,649036.2949999999,249035.71984999994,400000.57515,0.6162992397058473
2020-07-21,649036.2949999999,249035.71984999994,400000.57515,0.6162992397058473
2020-07-22,649036.2949999999,249035.71984999994,400000.57515,0.6162992397058473
2020-07-23,649036.2949999999,249035.71984999994,400000.57515,0.6162992397058473
2020-07-24,649036.2949999999,249035.71984999994,400000.57515,0.6162992397058473
2020-07-27,649036.2949999999,249035.71984999994,400000.57515,0.6162992397058473
2020-07-28,649036.2949999999,249035.71984999994,400000.57515,0.6162992397058473
2020-07-29,649036.2949999999,249035.71984999994,400000.57515,0.6162992397058473
2020-07-30,649036.2949999999,249035.71984999994,400000.57515,0.6162992397058473
2020-07-31,649036.2949999999,249035.71984999994,400000.57515,0.6162992397058473
2020-08-03,649036.2949999999,249035.71984999994,400000.57515,0.6162992397058473
2020-08-04,649036.2949999999,249035.71984999994,400000.57515,0.6162992397058473
2020-08-05,649036.2949999999,249035.71984999994,400000.57515,0.6162992397058473
2020-08-06,649036.2949999999,249035.71984999994,400000.57515,0.6162992397058473
2020-08-07,649036.2949999999,249035.71984999994,400000.57515,0.6162992397058473
2020-08-10,649036.2949999999,249035.71984999994,400000.57515,0.6162992397058473
2020-08-11,649036.2949999999,249035.71984999994,400000.57515,0.6162992397058473
2020-08-12,649036.2949999999,249035.71984999994,400000.57515,0.6162992397058473
2020-08-13,649036.2949999999,249035.71984999994,400000.57515,0.6162992397058473
2020-08-14,649036.2949999999,249035.71984999994,400000.57515,0.6162992397058473
2020-08-17,649036.2949999999,249035.71984999994,400000.57515,0.6162992397058473
2020-08-18,649036.2949999999,249035.71984999994,400000.57515,0.6162992397058473
2020-08-19,649036.2949999999,249035.71984999994,400000.57515,0.6162992397058473
2020-08-20,649036.2949999999,249035.71984999994,400000.57515,0.6162992397058473
2020-08-21,649036.2949999999,249035.71984999994,400000.57515,0.6162992397058473
2020-08-24,649036.2949999999,249035.71984999994,400000.57515,0.6162992397058473
2020-08-25,649036.2949999999,249035.71984999994,400000.57515,0.6162992397058473
2020-08-26,649036.2949999999,249035.71984999994,400000.57515,0.6162992397058473
2020-08-27,649036.2949999999,249035.71984999994,400000.57515,0.6162992397058473
2020-08-28,649036.2949999999,249035.71984999994,400000.57515,0.6162992397058473
2020-08-31,649036.2949999999,249035.71984999994,400000.57515,0.6162992397058473
2020-09-01,649036.2949999999,249035.71984999994,400000.57515,0.6162992397058473
2020-09-02,649036.2949999999,249035.71984999994,400000.57515,0.6162992397058473
2020-09-03,649036.2949999999,249035.71984999994,400000.57515,0.6162992397058473
2020-09-04,649036.2949999999,249035.71984999994,400000.57515,0.6162992397058473
2020-09-07,649036.2949999999,249035.71984999994,400000.57515,0.6162992397058473
2020-09-08,650299.4242499999,49102.7490999999,601196.67515,0.9244920919980348
2020-09-09,640378.2242499999,49102.7490999999,591275.47515,0.9233222691831718
2020-09-10,639225.8626999998,44.28754999989178,639181.5751499999,0.9999307168990115
2020-09-11,642336.8626999998,44.28754999989178,642292.5751499999,0.999931052454605
2020-09-14,637944.8626999998,44.28754999989178,637900.5751499999,0.9999305777778154
2020-09-15,642519.8626999998,44.28754999989178,642475.5751499999,0.9999310720919758
2020-09-16,636846.8626999998,44.28754999989178,636802.5751499999,0.9999304580856186
2020-09-17,633552.8626999998,44.28754999989178,633508.5751499999,0.9999300965197898
2020-09-18,636480.8626999998,44.28754999989178,636436.5751499999,0.9999304180964499
2020-09-21,635565.8626999998,44.28754999989178,635521.5751499999,0.9999303179220298
2020-09-22,635565.8626999998,44.28754999989178,635521.5751499999,0.9999303179220298
2020-09-23,644166.8626999998,44.28754999989178,644122.5751499999,0.9999312483262267
2020-09-24,640689.8626999998,44.28754999989178,640645.5751499999,0.9999308752134562
2020-09-25,641421.8626999998,44.28754999989178,641377.5751499999,0.9999309540996725
2020-09-28,635931.8626999998,44.28754999989178,635887.5751499999,0.9999303580263901
2020-09-29,638310.8626999998,44.28754999989178,638266.5751499999,0.9999306175837075
2020-09-30,639774.8626999998,44.28754999989178,639730.5751499999,0.9999307763518357
2020-10-09,647094.8626999999,44.28754999989178,647050.57515,0.9999315594164739
2020-10-12,651972.8649499998,251972.28979999988,400000.57514999993,0.6135233483692242
2020-10-13,651972.8649499998,251972.28979999988,400000.57514999993,0.6135233483692242
2020-10-14,651972.8649499998,251972.28979999988,400000.57514999993,0.6135233483692242
2020-10-15,651972.8649499998,251972.28979999988,400000.57514999993,0.6135233483692242
2020-10-16,651972.8649499998,251972.28979999988,400000.57514999993,0.6135233483692242
2020-10-19,651972.8649499998,251972.28979999988,400000.57514999993,0.6135233483692242
2020-10-20,651972.8649499998,251972.28979999988,400000.57514999993,0.6135233483692242
2020-10-21,651972.8649499998,251972.28979999988,400000.57514999993,0.6135233483692242
2020-10-22,651972.8649499998,251972.28979999988,400000.57514999993,0.6135233483692242
2020-10-23,651972.8649499998,251972.28979999988,400000.57514999993,0.6135233483692242
2020-10-26,655825.373925,51958.19877499991,603867.17515,0.9207743389615451
2020-10-27,661288.873925,51958.19877499991,609330.67515,0.921428893145278
2020-10-28,661913.2739249999,51958.19877499991,609955.0751499999,0.9215030113130995
2020-10-29,666908.4739249999,51958.19877499991,614950.27515,0.9220909602944359
2020-10-30,663162.0739249999,51958.19877499991,611203.87515,0.9216508289331453
2020-11-02,661757.173925,51958.19877499991,609798.9751500001,0.9214844948837856
2020-11-03,664410.873925,51958.19877499991,612452.67515,0.9217980908890647
2020-11-04,665659.6739249999,51958.19877499991,613701.47515,0.9219448003081916
2020-11-05,666440.173925,51958.19877499991,614481.9751500001,0.9220362144902039
2020-11-06,659727.873925,51958.19877499991,607769.67515,0.9212429839202054
2020-11-09,663630.373925,51958.19877499991,611672.17515,0.9217061171150193
2020-11-10,661757.173925,51958.19877499991,609798.9751500001,0.9214844948837856
2020-11-11,655669.2739249999,51958.19877499991,603711.0751499999,0.9207554771265013
2020-11-12,658322.9739249999,51958.19877499991,606364.77515,0.9210749118092918
2020-11-13,657386.373925,51958.19877499991,605428.17515,0.9209624646389039
2020-11-16,659259.5739249999,51958.19877499991,607301.37515,0.9211870394757272
2020-11-17,653639.9739249999,51958.19877499991,601681.77515,0.920509453448816
2020-11-18,649737.4739249999,51958.19877499991,597779.27515,0.9200320116044322
2020-11-19,651580.4076749999,80.23252499990485,651500.17515,0.9998768647367925
2020-11-20,652171.7076749998,80.23252499990485,652091.47515,0.9998769763789878
2020-11-23,651580.4076749999,80.23252499990485,651500.17515,0.9998768647367925
2020-11-24,648426.8076749998,80.23252499990485,648346.5751499999,0.9998762658729555
2020-11-25,642513.8076749998,80.23252499990485,642433.5751499999,0.9998751271582937
2020-11-26,640937.0076749999,80.23252499990485,640856.77515,0.999874819952602
2020-11-27,642119.6076749999,80.23252499990485,642039.37515,0.999875050498317
2020-11-30,643499.3076749999,80.23252499990485,643419.07515,0.999875318397327
2020-12-01,650792.0076749999,80.23252499990485,650711.77515,0.9998767155649522
2020-12-02,650397.8076749998,80.23252499990485,650317.5751499999,0.9998766408434144
2020-12-03,656507.9076749999,80.23252499990485,656427.67515,0.9998777889434964
2020-12-04,659858.6076749999,80.23252499990485,659778.37515,0.9998784095197567
2020-12-07,656310.8076749998,80.23252499990485,656230.5751499999,0.9998777522416793
2020-12-08,656507.9076749999,80.23252499990485,656427.67515,0.9998777889434964
2020-12-09,652171.7076749998,80.23252499990485,652091.47515,0.9998769763789878
2020-12-10,654536.9076749999,80.23252499990485,654456.67515,0.9998774209306471
2020-12-11,651777.5076749999,80.23252499990485,651697.27515,0.999876901973365
2020-12-14,653551.4076749999,80.23252499990485,653471.17515,0.9998772360918243
2020-12-15,660252.8076749998,80.23252499990485,660172.5751499999,0.9998784821146276
2020-12-16,661632.5076749999,80.23252499990485,661552.27515,0.9998787355154574
2020-12-17,665902.2356999998,265901.6605499999,400000.57514999993,0.6006896413698285
2020-12-18,665902.2356999998,265901.6605499999,400000.57514999993,0.6006896413698285
2020-12-21,665902.2356999998,265901.6605499999,400000.57514999993,0.6006896413698285
2020-12-22,665902.2356999998,265901.6605499999,400000.57514999993,0.6006896413698285
2020-12-23,665902.2356999998,265901.6605499999,400000.57514999993,0.6006896413698285
2020-12-24,665902.2356999998,265901.6605499999,400000.57514999993,0.6006896413698285
2020-12-25,665902.2356999998,265901.6605499999,400000.57514999993,0.6006896413698285
2020-12-28,665902.2356999998,265901.6605499999,400000.57514999993,0.6006896413698285
2020-12-29,665902.2356999998,265901.6605499999,400000.57514999993,0.6006896413698285
2020-12-30,665902.2356999998,265901.6605499999,400000.57514999993,0.6006896413698285
2020-12-31,665902.2356999998,265901.6605499999,400000.57514999993,0.6006896413698285
2021-01-04,665902.2356999998,265901.6605499999,400000.57514999993,0.6006896413698285
2021-01-05,665902.2356999998,265901.6605499999,400000.57514999993,0.6006896413698285
2021-01-06,665902.2356999998,265901.6605499999,400000.57514999993,0.6006896413698285
2021-01-07,665902.2356999998,265901.6605499999,400000.57514999993,0.6006896413698285
2021-01-08,665902.2356999998,265901.6605499999,400000.57514999993,0.6006896413698285
2021-01-11,665902.2356999998,265901.6605499999,400000.57514999993,0.6006896413698285
2021-01-12,665902.2356999998,265901.6605499999,400000.57514999993,0.6006896413698285
2021-01-13,665902.2356999998,265901.6605499999,400000.57514999993,0.6006896413698285
2021-01-14,665902.2356999998,265901.6605499999,400000.57514999993,0.6006896413698285
2021-01-15,665902.2356999998,265901.6605499999,400000.57514999993,0.6006896413698285
2021-01-18,665902.2356999998,265901.6605499999,400000.57514999993,0.6006896413698285
2021-01-19,665902.2356999998,265901.6605499999,400000.57514999993,0.6006896413698285
2021-01-20,665902.2356999998,265901.6605499999,400000.57514999993,0.6006896413698285
2021-01-21,665902.2356999998,265901.6605499999,400000.57514999993,0.6006896413698285
2021-01-22,665902.2356999998,265901.6605499999,400000.57514999993,0.6006896413698285
2021-01-25,665902.2356999998,265901.6605499999,400000.57514999993,0.6006896413698285
2021-01-26,665902.2356999998,265901.6605499999,400000.57514999993,0.6006896413698285
2021-01-27,665902.2356999998,265901.6605499999,400000.57514999993,0.6006896413698285
2021-01-28,665902.2356999998,265901.6605499999,400000.57514999993,0.6006896413698285
2021-01-29,665902.2356999998,265901.6605499999,400000.57514999993,0.6006896413698285
2021-02-01,664509.043475,65882.7683249999,598626.2751500001,0.9008549710919345
2021-02-02,668034.9434749999,65882.7683249999,602152.17515,0.9013782602714024
2021-02-03,660983.1434749998,65882.7683249999,595100.37515,0.9003260991216311
2021-02-04,658464.6434749998,65882.7683249999,592581.87515,0.8999448657147204
2021-02-05,654435.043475,65882.7683249999,588552.2751500001,0.8993287890343289
2021-02-08,655274.543475,65882.7683249999,589391.7751500001,0.8994577631909587
2021-02-09,667027.543475,65882.7683249999,601144.7751500001,0.9012293135876044
2021-02-10,665180.6434749998,65882.7683249999,599297.87515,0.9009550729245236
2021-02-18,663837.4434749999,65882.7683249999,597954.67515,0.9007546667146067
2021-02-19,665012.7434749999,65882.7683249999,599129.9751500001,0.9009300664213864
2021-02-22,657457.2434749999,65882.7683249999,591574.4751500001,0.899791554540071
2021-02-23,663837.4434749999,65882.7683249999,597954.67515,0.9007546667146067
2021-02-24,663333.7434749999,65882.7683249999,597450.9751500001,0.9006793051415409
2021-02-25,667195.4434749999,65882.7683249999,601312.67515,0.9012541692703144
2021-02-26,660311.543475,65882.7683249999,594428.7751500001,0.9002247212304048
2021-03-01,664005.3434749998,65882.7683249999,598122.5751499999,0.9007797618311179
2021-03-02,665180.6434749998,65882.7683249999,599297.87515,0.9009550729245236
2021-03-03,665012.7434749999,65882.7683249999,599129.9751500001,0.9009300664213864
2021-03-04,661990.543475,65882.7683249999,596107.7751500001,0.900477780272872
2021-03-05,658128.8434749998,65882.7683249999,592246.0751499999,0.8998938141395979
2021-03-08,644528.9434749999,65882.7683249999,578646.17515,0.8977815209200837
2021-03-09,632580.0962749998,77.52112499989744,632502.5751499999,0.9998774524752575
2021-03-10,631429.0962749998,77.52112499989744,631351.5751499999,0.9998772290896045
2021-03-11,635572.6962749999,77.52112499989744,635495.17515,0.9998780294914269
2021-03-12,633731.0962749998,77.52112499989744,633653.5751499999,0.9998776750494721
2021-03-15,631659.2962749999,77.52112499989744,631581.77515,0.9998772738318631
2021-03-16,631659.2962749999,77.52112499989744,631581.77515,0.9998772738318631
2021-03-17,635572.6962749999,77.52112499989744,635495.17515,0.9998780294914269
2021-03-18,639025.6962749999,77.52112499989744,638948.17515,0.9998786885637749
2021-03-19,639486.0962749998,77.52112499989744,639408.5751499999,0.99987877590232
2021-03-22,641557.8962749998,77.52112499989744,641480.37515,0.999879167374527
2021-03-23,639946.4962749998,77.52112499989744,639868.97515,0.9998788631151962
2021-03-24,635342.4962749998,77.52112499989744,635264.97515,0.9998779852985525
2021-03-25,636723.6962749999,77.52112499989744,636646.17515,0.9998782499764759
2021-03-26,640406.8962749998,77.52112499989744,640329.37515,0.9998789502026746
2021-03-29,644550.4962749999,77.52112499989744,644472.9751500001,0.9998797283914171
2021-03-30,649845.0962749998,77.52112499989744,649767.5751499999,0.9998807083019565
2021-03-31,639946.4962749998,77.52112499989744,639868.97515,0.9998788631151962
2021-04-01,641788.0962749998,77.52112499989744,641710.5751499999,0.9998792107154219
2021-04-02,642939.0962749998,77.52112499989744,642861.5751499999,0.9998794269543585
2021-04-06,645471.2962749999,77.52112499989744,645393.77515,0.9998798999654249
2021-04-07,643399.4962749998,77.52112499989744,643321.97515,0.9998795132333043
2021-04-08,642708.8962749998,77.52112499989744,642631.37515,0.9998793837685317
2021-04-09,644550.4962749999,77.52112499989744,644472.9751500001,0.9998797283914171
2021-04-12,636953.8962749998,77.52112499989744,636876.37515,0.9998782939778637
2021-04-13,635802.8962749998,77.52112499989744,635725.37515,0.9998780736523001
2021-04-14,639255.8962749998,77.52112499989744,639178.37515,0.999878732248773
2021-04-15,638565.2962749999,77.52112499989744,638487.77515,0.9998786010992892
2021-04-16,639255.8962749998,77.52112499989744,639178.37515,0.999878732248773
2021-04-19,642478.6962749999,77.52112499989744,642401.17515,0.9998793405517579
2021-04-20,640867.2962749999,77.52112499989744,640789.77515,0.9998790371650256
2021-04-21,639025.6962749999,77.52112499989744,638948.17515,0.9998786885637749
2021-04-22,639025.6962749999,77.52112499989744,638948.17515,0.9998786885637749
2021-04-23,638104.8962749998,77.52112499989744,638027.37515,0.9998785135085902
2021-04-26,638104.8962749998,77.52112499989744,638027.37515,0.9998785135085902
2021-04-27,634651.8962749998,77.52112499989744,634574.37515,0.9998778525275748
2021-04-28,636493.4962749998,77.52112499989744,636415.97515,0.9998782059432602
2021-04-29,637184.0962749998,77.52112499989744,637106.5751499999,0.9998783379474582
2021-04-30,628896.8962749998,77.52112499989744,628819.37515,0.9998767347629492
2021-05-06,631429.0962749998,77.52112499989744,631351.5751499999,0.9998772290896045
2021-05-07,628896.8962749998,77.52112499989744,628819.37515,0.9998767347629492
2021-05-10,625213.6962749999,77.52112499989744,625136.17515,0.9998760085944026
2021-05-11,630738.4962749998,77.52112499989744,630660.97515,0.9998770946668744
2021-05-12,630278.0962749998,77.52112499989744,630200.5751499999,0.9998770048880676
2021-05-13,629357.2962749999,77.52112499989744,629279.77515,0.9998768249363935
2021-05-14,638104.8962749998,77.52112499989744,638027.37515,0.9998785135085902
2021-05-17,639716.2962749999,77.52112499989744,639638.77515,0.9998788195244498
2021-05-18,644780.6962749999,77.52112499989744,644703.17515,0.9998797713308607
2021-05-19,645471.2962749999,77.52112499989744,645393.77515,0.9998798999654249
2021-05-20,648401.7998249999,248401.2246749999,400000.57515,0.6169023208417342
2021-05-21,648401.7998249999,248401.2246749999,400000.57515,0.6169023208417342
2021-05-24,648401.7998249999,248401.2246749999,400000.57515,0.6169023208417342
2021-05-25,648401.7998249999,248401.2246749999,400000.57515,0.6169023208417342
2021-05-26,648401.7998249999,248401.2246749999,400000.57515,0.6169023208417342
2021-05-27,648401.7998249999,248401.2246749999,400000.57515,0.6169023208417342
2021-05-28,648401.7998249999,248401.2246749999,400000.57515,0.6169023208417342
2021-05-31,648401.7998249999,248401.2246749999,400000.57515,0.6169023208417342
2021-06-01,648401.7998249999,248401.2246749999,400000.57515,0.6169023208417342
2021-06-02,648401.7998249999,248401.2246749999,400000.57515,0.6169023208417342
2021-06-03,648401.7998249999,248401.2246749999,400000.57515,0.6169023208417342
2021-06-04,648401.7998249999,248401.2246749999,400000.57515,0.6169023208417342
2021-06-07,648401.7998249999,248401.2246749999,400000.57515,0.6169023208417342
2021-06-08,648401.7998249999,248401.2246749999,400000.57515,0.6169023208417342
2021-06-09,648401.7998249999,248401.2246749999,400000.57515,0.6169023208417342
2021-06-10,648401.7998249999,248401.2246749999,400000.57515,0.6169023208417342
2021-06-11,648401.7998249999,248401.2246749999,400000.57515,0.6169023208417342
2021-06-15,646191.3103249999,48393.23517499989,597798.0751499999,0.9251100496064227
2021-06-16,644403.3103249999,48393.23517499989,596010.0751499999,0.92490225546701
2021-06-17,643686.7597749999,178.98462499989546,643507.77515,0.9997219383150548
2021-06-18,641552.3597749999,178.98462499989546,641373.37515,0.9997210132232033
2021-06-21,639046.7597749999,178.98462499989546,638867.77515,0.999719919360732
2021-06-22,640809.9597749999,178.98462499989546,640630.97515,0.9997206900075917
2021-06-23,640531.5597749999,178.98462499989546,640352.5751499999,0.9997205686085744
2021-06-24,642387.5597749999,178.98462499989546,642208.5751499999,0.9997213759477804
2021-06-25,645913.959775,178.98462499989546,645734.9751500001,0.9997228971099149
2021-06-28,645913.959775,178.98462499989546,645734.9751500001,0.9997228971099149
2021-06-29,641273.9597749999,178.98462499989546,641094.97515,0.9997208921050487
2021-06-30,642758.7597749999,178.98462499989546,642579.77515,0.9997215368561253
2021-07-01,644521.9597749999,178.98462499989546,644342.97515,0.9997222986396578
2021-07-02,637561.9597749999,178.98462499989546,637382.97515,0.9997192670888597
2021-07-05,634035.5597749999,178.98462499989546,633856.5751499999,0.9997177056992459
2021-07-06,636819.5597749999,178.98462499989546,636640.5751499999,0.9997189398123023
2021-07-07,637561.9597749999,178.98462499989546,637382.97515,0.9997192670888597
2021-07-08,632365.159775,178.98462499989546,632186.17515,0.9997169600155335
2021-07-09,631344.3597749999,178.98462499989546,631165.37515,0.9997165023774606
2021-07-12,633014.7597749999,178.98462499989546,632835.77515,0.9997172504712788
2021-07-13,635705.9597749999,178.98462499989546,635526.97515,0.9997184474641967
2021-07-14,633757.159775,178.98462499989546,633578.17515,0.9997175816916002
2021-07-15,636077.159775,178.98462499989546,635898.17515,0.9997186117717806
2021-07-16,635984.3597749999,178.98462499989546,635805.37515,0.9997185707128659
2021-07-19,636819.5597749999,178.98462499989546,636640.5751499999,0.9997189398123023
2021-07-20,635149.159775,178.98462499989546,634970.17515,0.9997182006427225
2021-07-21,634128.3597749999,178.98462499989546,633949.37515,0.999717747010931
2021-07-22,634499.5597749999,178.98462499989546,634320.5751499999,0.9997179121368289
2021-07-23,631808.3597749999,178.98462499989546,631629.37515,0.9997167105780879
2021-07-26,622621.159775,178.98462499989546,622442.17515,0.9997125304493913
2021-07-27,612227.5597749999,178.98462499989546,612048.5751499999,0.9997076501667685
2021-07-28,613341.159775,178.98462499989546,613162.17515,0.9997081809656055
2021-07-29,613897.9597749999,178.98462499989546,613718.97515,0.9997084456428793
2021-07-30,610093.159775,178.98462499989546,609914.17515,0.9997066273861095
2021-08-02,617145.9597749999,178.98462499989546,616966.97515,0.9997099800749483
2021-08-03,620115.5597749999,178.98462499989546,619936.5751499999,0.9997113689179725
2021-08-04,618630.7597749999,178.98462499989546,618451.77515,0.9997106761631688
2021-08-05,616589.159775,178.98462499989546,616410.17515,0.999709718177554
2021-08-06,616032.3597749999,178.98462499989546,615853.37515,0.9997094558067285
2021-08-09,622713.959775,178.98462499989546,622534.9751500001,0.9997125732895652
2021-08-10,627446.7597749999,178.98462499989546,627267.77515,0.999714741335083
2021-08-11,626889.9597749999,178.98462499989546,626710.97515,0.9997144879700033
2021-08-12,622992.3597749999,178.98462499989546,622813.37515,0.9997127017335099
2021-08-13,623827.5597749999,178.98462499989546,623648.5751499999,0.9997130863774847
2021-08-16,625961.9597749999,178.98462499989546,625782.97515,0.9997140646932215
2021-08-17,620115.5597749999,178.98462499989546,619936.5751499999,0.9997113689179725
2021-08-18,623085.159775,178.98462499989546,622906.17515,0.9997127445226515
2021-08-19,619280.3597749999,178.98462499989546,619101.37515,0.9997109796521483
2021-08-20,613805.159775,178.98462499989546,613626.17515,0.9997084015633471
2021-08-23,615753.9597749999,178.98462499989546,615574.97515,0.9997093244433778
2021-08-24,616681.959775,178.98462499989546,616502.9751500001,0.9997097618599623
2021-08-25,616867.5597749999,178.98462499989546,616688.5751499999,0.9997098491853499
2021-08-26,612134.7597749999,178.98462499989546,611955.77515,0.9997076058463569
2021-08-27,611485.159775,178.98462499989546,611306.17515,0.9997072952268118
2021-08-30,607958.7597749999,178.98462499989546,607779.77515,0.9997055974239665
2021-08-31,608051.559775,178.98462499989546,607872.57515,0.9997056423552861
2021-09-01,614547.5597749999,178.98462499989546,614368.5751499999,0.9997087538268552
2021-09-02,614547.5597749999,178.98462499989546,614368.5751499999,0.9997087538268552
2021-09-03,615104.3597749999,178.98462499989546,614925.37515,0.9997090174664582
2021-09-06,618537.959775,178.98462499989546,618358.9751500001,0.9997106327555627
2021-09-07,620857.959775,178.98462499989546,620678.9751500001,0.9997117140528169
2021-09-08,619465.9597749999,178.98462499989546,619286.97515,0.9997110662463763
2021-09-09,618909.159775,178.98462499989546,618730.17515,0.9997108063078837
2021-09-10,622249.9597749999,178.98462499989546,622070.97515,0.9997123589609156
2021-09-13,621414.7597749999,178.98462499989546,621235.77515,0.9997119723627667
2021-09-14,616403.5597749999,178.98462499989546,616224.5751499999,0.999709630773279
2021-09-15,613248.3597749999,178.98462499989546,613069.37515,0.9997081368059988
2021-09-16,611392.3597749999,178.98462499989546,611213.37515,0.9997072507987084
2021-09-17,613897.9597749999,178.98462499989546,613718.97515,0.9997084456428793
2021-09-22,610185.9597749999,178.98462499989546,610006.97515,0.9997066720036202
2021-09-23,610371.5597749999,178.98462499989546,610192.5751499999,0.99970676119794
2021-09-24,611206.7597749999,178.98462499989546,611027.77515,0.9997071619020284
2021-09-27,615475.5597749999,178.98462499989546,615296.5751499999,0.999709192961187
2021-09-28,617145.9597749999,178.98462499989546,616966.97515,0.9997099800749483
2021-09-29,617609.9597749999,178.98462499989546,617430.97515,0.9997101979620517
2021-09-30,616960.3597749999,178.98462499989546,616781.37515,0.9997098928283412
2021-10-08,622899.5597749999,178.98462499989546,622720.5751499999,0.9997126589316188
2021-10-11,625534.4069749999,225533.8318249999,400000.57515000005,0.6394541542236644
2021-10-12,620978.6099249999,25495.634774999926,595482.97515,0.9589428132185113
2021-10-13,618899.0099249999,25495.634774999926,593403.37515,0.9588048544816875
2021-10-14,619938.809925,25495.634774999926,594443.17515,0.9588739495465941
2021-10-15,618205.809925,25495.634774999926,592710.17515,0.9587586619768375
2021-10-18,621325.2099249999,25495.634774999926,595829.5751499999,0.9589657165559442
2021-10-19,623231.5099249999,25495.634774999926,597735.87515,0.9590912295527739
2021-10-20,621498.5099249999,25495.634774999926,596002.87515,0.9589771586450357
2021-10-21,621671.809925,25495.634774999926,596176.17515,0.9589885943548321
2021-10-22,620285.4099249999,25495.634774999926,594789.77515,0.9588969297567669
2021-10-25,623924.7099249999,25495.634774999926,598429.0751499999,0.9591366804849504
2021-10-26,626350.9099249999,25495.634774999926,600855.27515,0.9592949664940172
2021-10-27,624271.309925,25495.634774999926,598775.67515,0.9591593680990034
2021-10-28,621498.5099249999,25495.634774999926,596002.87515,0.9589771586450357
2021-10-29,622884.9099249999,25495.634774999926,597389.27515,0.9590684661504004
2021-11-01,623924.7099249999,25495.634774999926,598429.0751499999,0.9591366804849504
2021-11-02,619072.309925,25495.634774999926,593576.67515,0.9588163864442771
2021-11-03,619765.5099249999,25495.634774999926,594269.87515,0.9588624498028533
2021-11-04,619592.209925,25495.634774999926,594096.57515,0.9588509436261535
2021-11-05,614566.5099249999,25495.634774999926,589070.87515,0.9585144417028006
2021-11-08,615433.0099249999,25495.634774999926,589937.37515,0.9585728513683285
2021-11-09,616819.4099249999,25495.634774999926,591323.77515,0.9586659654920717
2021-11-10,616819.4099249999,25495.634774999926,591323.77515,0.9586659654920717
2021-11-11,619418.9099249999,25495.634774999926,593923.27515,0.9588394310110956
2021-11-12,618725.7099249999,25495.634774999926,593230.0751499999,0.9587933160590815
2021-11-15,618032.5099249999,25495.634774999926,592536.87515,0.9587470976598077
2021-11-16,614913.1099249999,25495.634774999926,589417.47515,0.9585378253228174
2021-11-17,616646.1099249999,25495.634774999926,591150.47515,0.9586543491240043
2021-11-18,616472.809925,25495.634774999926,590977.17515,0.958642726224857
2021-11-19,617339.309925,25495.634774999926,591843.67515,0.9587007754647968
2021-11-22,618552.4099249999,25495.634774999926,593056.77515,0.9587817711710294
2021-11-23,619245.609925,25495.634774999926,593749.9751500001,0.9588279119522739
2021-11-24,618205.809925,25495.634774999926,592710.17515,0.9587586619768375
2021-11-25,619765.5099249999,25495.634774999926,594269.87515,0.9588624498028533
2021-11-26,617512.609925,25495.634774999926,592016.9751500001,0.9587123657635161
2021-11-29,619938.809925,25495.634774999926,594443.17515,0.9588739495465941
2021-11-30,621449.50935,221448.9341999999,400000.57515000005,0.6436573995663419
2021-12-01,621449.50935,221448.9341999999,400000.57515000005,0.6436573995663419
2021-12-02,621449.50935,221448.9341999999,400000.57515000005,0.6436573995663419
2021-12-03,621449.50935,221448.9341999999,400000.57515000005,0.6436573995663419
2021-12-06,621449.50935,221448.9341999999,400000.57515000005,0.6436573995663419
2021-12-07,621108.92615,21466.150999999896,599642.7751500001,0.9654389913005119
2021-12-08,623724.3261499999,21466.150999999896,602258.17515,0.9655839124754011
2021-12-09,628955.1261499999,21466.150999999896,607488.9751500001,0.9658701390488701
2021-12-10,628083.3261499999,21466.150999999896,606617.17515,0.9658227656964209
2021-12-13,626630.3261499999,21466.150999999896,605164.17515,0.9657435171835884
2021-12-14,626920.92615,21466.150999999896,605454.7751500001,0.9657593962737435
2021-12-15,619365.3261499999,21466.150999999896,597899.17515,0.9653416972282993
2021-12-16,620004.1632749998,9.288124999897263,619994.87515,0.9999850192538211
2021-12-17,617749.4632749999,9.288124999897263,617740.17515,0.999984964576172
2021-12-20,612595.8632749998,9.288124999897263,612586.5751499999,0.9999848380872992
2021-12-21,615172.6632749998,9.288124999897263,615163.37515,0.9999849015966503
2021-12-22,614850.5632749998,9.288124999897263,614841.27515,0.9999848936870931
2021-12-23,613240.0632749998,9.288124999897263,613230.77515,0.9999848540146737
2021-12-24,612595.8632749998,9.288124999897263,612586.5751499999,0.9999848380872992
2021-12-27,615172.6632749998,9.288124999897263,615163.37515,0.9999849015966503
2021-12-28,616783.1632749998,9.288124999897263,616773.87515,0.9999849410205193
2021-12-29,616783.1632749998,9.288124999897263,616773.87515,0.9999849410205193
2021-12-30,619359.9632749999,9.288124999897263,619350.67515,0.9999850036722575
2021-12-31,618071.5632749998,9.288124999897263,618062.27515,0.9999849724116886
2022-01-04,609696.9632749999,9.288124999897263,609687.67515,0.9999847659976032
2022-01-05,606475.9632749999,9.288124999897263,606466.67515,0.9999846850896618
2022-01-06,602288.6632749998,9.288124999897263,602279.37515,0.9999845786155939
2022-01-07,600678.1632749998,9.288124999897263,600668.87515,0.999984537268761
2022-01-10,603254.9632749999,9.288124999897263,603245.67515,0.9999846033177259
2022-01-11,601644.4632749999,9.288124999897263,601635.17515,0.9999845621034236
2022-01-12,605509.6632749998,9.288124999897263,605500.37515,0.9999846606494278
2022-01-13,603577.0632749998,9.288124999897263,603567.77515,0.9999846115341934
2022-01-14,605509.6632749998,9.288124999897263,605500.37515,0.9999846606494278
2022-01-17,605831.7632749998,9.288124999897263,605822.47515,0.9999846688048352
2022-01-18,603577.0632749998,9.288124999897263,603567.77515,0.9999846115341934
2022-01-19,599711.8632749998,9.288124999897263,599702.5751499999,0.9999845123540676
2022-01-20,597779.2632749998,9.288124999897263,597769.97515,0.9999844622830358
2022-01-21,591981.4632749999,9.288124999897263,591972.17515,0.99998431010838
2022-01-24,592303.5632749998,9.288124999897263,592294.27515,0.999984318640684
2022-01-25,587472.0632749998,9.288124999897263,587462.77515,0.9999841896737216
2022-01-26,583606.8632749998,9.288124999897263,583597.5751499999,0.9999840849626961
2022-01-27,579741.6632749998,9.288124999897263,579732.37515,0.9999839788554312
2022-01-28,580063.7632749999,9.288124999897263,580054.4751500001,0.999983987751713
2022-02-07,581030.0632749998,9.288124999897263,581020.77515,0.9999840143813773
2022-02-08,577164.8632749998,9.288124999897263,577155.5751499999,0.9999839073277137
2022-02-09,577809.0632749998,9.288124999897263,577799.77515,0.9999839252694529
2022-02-10,573299.6632749998,9.288124999897263,573290.37515,0.9999837988305335
2022-02-11,567501.8632749998,9.288124999897263,567492.5751499999,0.9999836333136489
2022-02-14,569434.4632749999,9.288124999897263,569425.17515,0.9999836888604416
2022-02-15,579097.4632749999,9.288124999897263,579088.17515,0.9999839610331785
2022-02-16,579419.5632749998,9.288124999897263,579410.27515,0.9999839699492586
2022-02-17,579741.6632749998,9.288124999897263,579732.37515,0.9999839788554312
2022-02-18,580707.9632749999,9.288124999897263,580698.67515,0.9999840055146696
2022-02-21,580707.9632749999,9.288124999897263,580698.67515,0.9999840055146696
2022-02-22,576842.7632749999,9.288124999897263,576833.4751500001,0.9999838983418166
2022-02-23,581030.0632749998,9.288124999897263,581020.77515,0.9999840143813773
2022-02-24,576842.7632749999,9.288124999897263,576833.4751500001,0.9999838983418166
2022-02-25,585217.3632749998,9.288124999897263,585208.0751499999,0.9999841287603842
2022-02-28,586505.7632749998,9.288124999897263,586496.47515,0.999984163625353
2022-03-01,587472.0632749998,9.288124999897263,587462.77515,0.9999841896737216
2022-03-02,584573.1632749998,9.288124999897263,584563.87515,0.999984111270268
2022-03-03,582640.5632749998,9.288124999897263,582631.27515,0.9999840585678628
2022-03-04,582640.5632749998,9.288124999897263,582631.27515,0.9999840585678628
2022-03-07,576198.5632749998,9.288124999897263,576189.27515,0.9999838803398831
2022-03-08,572011.2632749999,9.288124999897263,572001.9751500001,0.9999837623389675
2022-03-09,567179.7632749998,9.288124999897263,567170.47515,0.9999836240190478
2022-03-10,574588.0632749998,9.288124999897263,574578.77515,0.9999838351584491
2022-03-11,579097.4632749999,9.288124999897263,579088.17515,0.9999839610331785
2022-03-14,574588.0632749998,9.288124999897263,574578.77515,0.9999838351584491
2022-03-15,566213.4632749999,9.288124999897263,566204.17515,0.9999835960717958
2022-03-16,570078.6632749998,9.288124999897263,570069.37515,0.9999837072923472
2022-03-17,575554.3632749998,9.288124999897263,575545.0751499999,0.9999838622976516
2022-03-18,575232.2632749999,9.288124999897263,575222.9751500001,0.9999838532613818
2022-03-21,575876.4632749999,9.288124999897263,575867.17515,0.9999838713238131
2022-03-22,571689.1632749998,9.288124999897263,571679.87515,0.999983753190376
2022-03-23,577486.9632749999,9.288124999897263,577477.67515,0.9999839163035869
2022-03-24,581352.1632749998,9.288124999897263,581342.87515,0.9999840232382597
2022-03-25,574910.1632749998,9.288124999897263,574900.87515,0.9999838442149867
2022-03-28,574910.1632749998,9.288124999897263,574900.87515,0.9999838442149867
2022-03-29,575554.3632749998,9.288124999897263,575545.0751499999,0.9999838622976516
2022-03-30,581674.2632749998,9.288124999897263,581664.97515,0.9999840320853332
2022-03-31,580385.8632749999,9.288124999897263,580376.57515,0.9999839966381203
2022-04-01,579419.5632749998,9.288124999897263,579410.27515,0.9999839699492586
2022-04-06,578131.1632749998,9.288124999897263,578121.87515,0.9999839342253284
2022-04-07,574910.1632749998,9.288124999897263,574900.87515,0.9999838442149867
2022-04-08,572977.5632749998,9.288124999897263,572968.27515,0.9999837897230273
2022-04-11,570078.6632749998,9.288124999897263,570069.37515,0.9999837072923472
2022-04-12,575876.4632749999,9.288124999897263,575867.17515,0.9999838713238131
2022-04-13,572011.2632749999,9.288124999897263,572001.9751500001,0.9999837623389675
2022-04-14,575554.3632749998,9.288124999897263,575545.0751499999,0.9999838622976516
2022-04-15,577164.8632749998,9.288124999897263,577155.5751499999,0.9999839073277137
2022-04-18,576842.7632749999,9.288124999897263,576833.4751500001,0.9999838983418166
2022-04-19,572333.3632749998,9.288124999897263,572324.0751499999,0.9999837714772616
2022-04-20,568790.2632749998,9.288124999897263,568780.97515,0.9999836703867848
2022-04-21,564602.9632749999,9.288124999897263,564593.67515,0.9999835492804607
2022-04-22,566213.4632749999,9.288124999897263,566204.17515,0.9999835960717958
2022-04-25,558483.0632749998,9.288124999897263,558473.77515,0.9999833690122215
2022-04-26,562026.1632749998,9.288124999897263,562016.87515,0.9999834738565448
2022-04-27,566213.4632749999,9.288124999897263,566204.17515,0.9999835960717958
2022-04-28,562992.4632749999,9.288124999897263,562983.17515,0.9999835022214226
2022-04-29,566535.5632749998,9.288124999897263,566526.27515,0.9999836053981392
2022-05-05,565891.3632749998,9.288124999897263,565882.0751499999,0.9999835867348353
2022-05-06,562992.4632749999,9.288124999897263,562983.17515,0.9999835022214226
2022-05-09,560737.7632749998,9.288124999897263,560728.47515,0.999983435884636
2022-05-10,562992.4632749999,9.288124999897263,562983.17515,0.9999835022214226
2022-05-11,566213.4632749999,9.288124999897263,566204.17515,0.9999835960717958
2022-05-12,568146.0632749998,9.288124999897263,568136.77515,0.9999836518712348
2022-05-13,568146.0632749998,9.288124999897263,568136.77515,0.9999836518712348
2022-05-16,564602.9632749999,9.288124999897263,564593.67515,0.9999835492804607
2022-05-17,565247.1632749998,9.288124999897263,565237.87515,0.999983568028991
2022-05-18,562670.3632749998,9.288124999897263,562661.0751499999,0.9999834927772883
2022-05-19,562992.4632749999,9.288124999897263,562983.17515,0.9999835022214226
2022-05-20,566857.6632749998,9.288124999897263,566848.37515,0.999983614713884
2022-05-23,566213.4632749999,9.288124999897263,566204.17515,0.9999835960717958
2022-05-24,560093.5632749998,9.288124999897263,560084.27515,0.9999834168331706
2022-05-25,560737.7632749998,9.288124999897263,560728.47515,0.999983435884636
2022-05-26,558805.1632749998,9.288124999897263,558795.87515,0.9999833785984629
2022-05-27,560093.5632749998,9.288124999897263,560084.27515,0.9999834168331706
2022-05-30,561704.0632749998,9.288124999897263,561694.77515,0.9999834643798984
2022-05-31,566535.5632749998,9.288124999897263,566526.27515,0.9999836053981392
2022-06-01,565891.3632749998,9.288124999897263,565882.0751499999,0.9999835867348353
2022-06-02,563958.7632749998,9.288124999897263,563949.47515,0.9999835304890984
2022-06-06,568468.1632749998,9.288124999897263,568458.87515,0.9999836611342554
2022-06-07,571002.2044999999,171001.62934999992,400000.57514999993,0.7005236967522076
2022-06-08,571002.2044999999,171001.62934999992,400000.57514999993,0.7005236967522076
2022-06-09,571002.2044999999,171001.62934999992,400000.57514999993,0.7005236967522076
2022-06-10,571002.2044999999,171001.62934999992,400000.57514999993,0.7005236967522076
2022-06-13,571002.2044999999,171001.62934999992,400000.57514999993,0.7005236967522076
2022-06-14,571002.2044999999,171001.62934999992,400000.57514999993,0.7005236967522076
2022-06-15,571002.2044999999,171001.62934999992,400000.57514999993,0.7005236967522076
2022-06-16,571002.2044999999,171001.62934999992,400000.57514999993,0.7005236967522076
2022-06-17,571002.2044999999,171001.62934999992,400000.57514999993,0.7005236967522076
2022-06-20,571002.2044999999,171001.62934999992,400000.57514999993,0.7005236967522076
2022-06-21,571002.2044999999,171001.62934999992,400000.57514999993,0.7005236967522076
2022-06-22,571002.2044999999,171001.62934999992,400000.57514999993,0.7005236967522076
2022-06-23,573186.9736249999,35.398474999907194,573151.5751499999,0.9999382427085248
2022-06-24,571850.4736249999,35.398474999907194,571815.0751499999,0.9999380983725071
2022-06-27,573038.4736249999,35.398474999907194,573003.0751499999,0.9999382267044374
2022-06-28,573780.9736249999,35.398474999907194,573745.5751499999,0.999938306642034
2022-06-29,574523.4736249999,35.398474999907194,574488.0751499999,0.9999383863730117
2022-06-30,575265.9736249999,35.398474999907194,575230.5751499999,0.9999384658981708
2022-07-01,576706.7948749999,176706.21972499992,400000.57515,0.6935943510717597
2022-07-04,576706.7948749999,176706.21972499992,400000.57515,0.6935943510717597
2022-07-05,576706.7948749999,176706.21972499992,400000.57515,0.6935943510717597
2022-07-06,576706.7948749999,176706.21972499992,400000.57515,0.6935943510717597
2022-07-07,576706.7948749999,176706.21972499992,400000.57515,0.6935943510717597
2022-07-08,576706.7948749999,176706.21972499992,400000.57515,0.6935943510717597
2022-07-11,576706.7948749999,176706.21972499992,400000.57515,0.6935943510717597
2022-07-12,576706.7948749999,176706.21972499992,400000.57515,0.6935943510717597
2022-07-13,576370.6298749999,2.0547249999071937,576368.5751499999,0.9999964350629726
2022-07-14,575786.6298749999,2.0547249999071937,575784.5751499999,0.9999964314471832
2022-07-15,571698.6298749999,2.0547249999071937,571696.5751499999,0.9999964059298159
2022-07-18,576370.6298749999,2.0547249999071937,576368.5751499999,0.9999964350629726
2022-07-19,578998.6298749999,2.0547249999071937,578996.5751499999,0.9999964512437614
2022-07-20,579582.6298749999,2.0547249999071937,579580.5751499999,0.9999964548195649
2022-07-21,581334.6298749999,2.0547249999071937,581332.5751499999,0.9999964655038693
2022-07-22,578414.6298749999,2.0547249999071937,578412.5751499999,0.9999964476607371
2022-07-25,576662.6298749999,2.0547249999071937,576660.5751499999,0.999996436868121
2022-07-26,580166.6298749999,2.0547249999071937,580164.5751499999,0.9999964583881696
2022-07-27,578414.6298749999,2.0547249999071937,578412.5751499999,0.9999964476607371
2022-07-28,579582.6298749999,2.0547249999071937,579580.5751499999,0.9999964548195649
2022-07-29,576662.6298749999,2.0547249999071937,576660.5751499999,0.999996436868121
2022-08-01,576662.6298749999,2.0547249999071937,576660.5751499999,0.999996436868121
2022-08-02,570238.6298749999,2.0547249999071937,570236.5751499999,0.9999963967278043
2022-08-03,568486.6298749999,2.0547249999071937,568484.5751499999,0.9999963856229999
2022-08-04,569946.6298749999,2.0547249999071937,569944.5751499999,0.9999963948817446
2022-08-05,574910.6298749999,2.0547249999071937,574908.5751499999,0.9999964260097254
2022-08-08,574618.6298749999,2.0547249999071937,574616.5751499999,0.9999964241935553
2022-08-09,573450.6298749999,2.0547249999071937,573448.5751499999,0.9999964169103792
2022-08-10,571990.6298749999,2.0547249999071937,571988.5751499999,0.9999964077645811
2022-08-11,577830.6298749999,2.0547249999071937,577828.5751499999,0.9999964440704703
2022-08-12,579582.6298749999,2.0547249999071937,579580.5751499999,0.9999964548195649
2022-08-15,577538.6298749999,2.0547249999071937,577536.5751499999,0.9999964422726141
2022-08-16,576370.6298749999,2.0547249999071937,576368.5751499999,0.9999964350629726
2022-08-17,578998.6298749999,2.0547249999071937,578996.5751499999,0.9999964512437614
2022-08-18,576078.6298749999,2.0547249999071937,576076.5751499999,0.9999964332559943
2022-08-19,577830.6298749999,2.0547249999071937,577828.5751499999,0.9999964440704703
2022-08-22,580458.6298749999,2.0547249999071937,580456.5751499999,0.9999964601697793
2022-08-23,577830.6298749999,2.0547249999071937,577828.5751499999,0.9999964440704703
2022-08-24,575786.6298749999,2.0547249999071937,575784.5751499999,0.9999964314471832
2022-08-25,576370.6298749999,2.0547249999071937,576368.5751499999,0.9999964350629726
2022-08-26,576078.6298749999,2.0547249999071937,576076.5751499999,0.9999964332559943
2022-08-29,575202.6298749999,2.0547249999071937,575200.5751499999,0.9999964278240515
2022-08-30,576954.6298749999,2.0547249999071937,576952.5751499999,0.9999964386714422
2022-08-31,576954.6298749999,2.0547249999071937,576952.5751499999,0.9999964386714422
2022-09-01,572866.6298749999,2.0547249999071937,572864.5751499999,0.9999964132576541
2022-09-02,576078.6298749999,2.0547249999071937,576076.5751499999,0.9999964332559943
2022-09-05,573742.6298749999,2.0547249999071937,573740.5751499999,0.9999964187339533
2022-09-06,574034.6298749999,2.0547249999071937,574032.5751499999,0.9999964205556721
2022-09-07,570822.6298749999,2.0547249999071937,570820.5751499999,0.9999964004142576
2022-09-08,569946.6298749999,2.0547249999071937,569944.5751499999,0.9999963948817446
2022-09-09,570822.6298749999,2.0547249999071937,570820.5751499999,0.9999964004142576
2022-09-13,571114.6298749999,2.0547249999071937,571112.5751499999,0.999996402254657
2022-09-14,569070.6298749999,2.0547249999071937,569068.5751499999,0.9999963893321987
2022-09-15,568194.6298749999,2.0547249999071937,568192.5751499999,0.9999963837655411
2022-09-16,564982.6298749999,2.0547249999071937,564980.5751499999,0.9999963632067761
2022-09-19,561478.6298749999,2.0547249999071937,561476.5751499999,0.9999963405107681
2022-09-20,562354.6298749999,2.0547249999071937,562352.5751499999,0.999996346211286
2022-09-21,562938.629875,2.0547249999071937,562936.57515,0.9999963500017748
2022-09-22,560602.6298749999,2.0547249999071937,560600.5751499999,0.9999963347924351
2022-09-23,557682.6298749999,2.0547249999071937,557680.5751499999,0.9999963156015808
2022-09-26,555054.6298749999,2.0547249999071937,555052.5751499999,0.9999962981571735
2022-09-27,560018.6298749999,2.0547249999071937,560016.5751499999,0.9999963309702743
2022-09-28,557390.6298749999,2.0547249999071937,557388.5751499999,0.9999963136714365
2022-09-29,554178.6298749999,2.0547249999071937,554176.5751499999,0.9999962923056048
2022-09-30,554178.6298749999,2.0547249999071937,554176.5751499999,0.9999962923056048
2022-10-10,550090.6298749999,2.0547249999071937,550088.5751499999,0.9999962647518639
2022-10-11,549798.6298749999,2.0547249999071937,549796.5751499999,0.9999962627680604
2022-10-12,553010.6298749999,2.0547249999071937,553008.5751499999,0.9999962844746757
2022-10-13,553302.6298749999,2.0547249999071937,553300.5751499999,0.9999962864355074
2022-10-14,556806.6298749999,2.0547249999071937,556804.5751499999,0.9999963098050747
2022-10-17,557974.6298749999,2.0547249999071937,557972.5751499999,0.9999963175297049
2022-10-18,557390.6298749999,2.0547249999071937,557388.5751499999,0.9999963136714365
2022-10-19,555054.6298749999,2.0547249999071937,555052.5751499999,0.9999962981571735
2022-10-20,556222.6298749999,2.0547249999071937,556220.5751499999,0.999996305930594
2022-10-21,553594.6298749999,2.0547249999071937,553592.5751499999,0.9999962883942707
2022-10-24,548922.6298749999,2.0547249999071937,548920.5751499999,0.9999962568039864
2022-10-25,547754.6298749999,2.0547249999071937,547752.5751499999,0.9999962488222137
2022-10-26,550382.6298749999,2.0547249999071937,550380.5751499999,0.9999962667335625
2022-10-27,552718.6298749999,2.0547249999071937,552716.5751499999,0.9999962825117721
2022-10-28,547754.6298749999,2.0547249999071937,547752.5751499999,0.9999962488222137
2022-10-31,549214.6298749999,2.0547249999071937,549212.5751499999,0.999996258794125
2022-11-01,554178.6298749999,2.0547249999071937,554176.5751499999,0.9999962923056048
2022-11-02,557682.6298749999,2.0547249999071937,557680.5751499999,0.9999963156015808
2022-11-03,556222.6298749999,2.0547249999071937,556220.5751499999,0.999996305930594
2022-11-04,559434.6298749999,2.0547249999071937,559432.5751499999,0.9999963271401336
2022-11-07,562022.1148749999,162021.5397249999,400000.57514999993,0.711716789363288
2022-11-08,562022.1148749999,162021.5397249999,400000.57514999993,0.711716789363288
2022-11-09,562022.1148749999,162021.5397249999,400000.57514999993,0.711716789363288
2022-11-10,562022.1148749999,162021.5397249999,400000.57514999993,0.711716789363288
2022-11-11,562022.1148749999,162021.5397249999,400000.57514999993,0.711716789363288
2022-11-14,562022.1148749999,162021.5397249999,400000.57514999993,0.711716789363288
2022-11-15,562022.1148749999,162021.5397249999,400000.57514999993,0.711716789363288
2022-11-16,562022.1148749999,162021.5397249999,400000.57514999993,0.711716789363288
2022-11-17,562022.1148749999,162021.5397249999,400000.57514999993,0.711716789363288
2022-11-18,562022.1148749999,162021.5397249999,400000.57514999993,0.711716789363288
2022-11-21,562022.1148749999,162021.5397249999,400000.57514999993,0.711716789363288
2022-11-22,562022.1148749999,162021.5397249999,400000.57514999993,0.711716789363288
2022-11-23,562022.1148749999,162021.5397249999,400000.57514999993,0.711716789363288
2022-11-24,562022.1148749999,162021.5397249999,400000.57514999993,0.711716789363288
2022-11-25,562022.1148749999,162021.5397249999,400000.57514999993,0.711716789363288
2022-11-28,562022.1148749999,162021.5397249999,400000.57514999993,0.711716789363288
2022-11-29,562022.1148749999,162021.5397249999,400000.57514999993,0.711716789363288
2022-11-30,562022.1148749999,162021.5397249999,400000.57514999993,0.711716789363288
2022-12-01,562022.1148749999,162021.5397249999,400000.57514999993,0.711716789363288
2022-12-02,562022.1148749999,162021.5397249999,400000.57514999993,0.711716789363288
2022-12-05,562022.1148749999,162021.5397249999,400000.57514999993,0.711716789363288
2022-12-06,562022.1148749999,162021.5397249999,400000.57514999993,0.711716789363288
2022-12-07,562022.1148749999,162021.5397249999,400000.57514999993,0.711716789363288
2022-12-08,562022.1148749999,162021.5397249999,400000.57514999993,0.711716789363288
2022-12-09,562022.1148749999,162021.5397249999,400000.57514999993,0.711716789363288
2022-12-12,562022.1148749999,162021.5397249999,400000.57514999993,0.711716789363288
2022-12-13,562022.1148749999,162021.5397249999,400000.57514999993,0.711716789363288
2022-12-14,562022.1148749999,162021.5397249999,400000.57514999993,0.711716789363288
2022-12-15,564560.0222749999,10.647124999872176,564549.37515,0.9999811408449415
2022-12-16,561512.8222749999,10.647124999872176,561502.17515,0.9999810385006761
2022-12-19,561278.4222749999,10.647124999872176,561267.77515,0.9999810305820118
2022-12-20,560458.0222749999,10.647124999872176,560447.37515,0.9999810028145254
2022-12-21,558348.4222749999,10.647124999872176,558337.77515,0.9999809310377263
2022-12-22,554598.0222749999,10.647124999872176,554587.37515,0.9999808020862457
2022-12-23,553308.8222749999,10.647124999872176,553298.17515,0.9999807573554382
2022-12-26,559403.2222749998,10.647124999872176,559392.5751499999,0.9999809669937963
2022-12-27,561161.2222749998,10.647124999872176,561150.5751499999,0.9999810266201988
2022-12-28,560458.0222749999,10.647124999872176,560447.37515,0.9999810028145254
2022-12-29,559872.0222749999,10.647124999872176,559861.37515,0.9999809829307836
2022-12-30,560106.4222749999,10.647124999872176,560095.77515,0.9999809908892731
2023-01-03,561278.4222749999,10.647124999872176,561267.77515,0.9999810305820118
2023-01-04,558114.0222749999,10.647124999872176,558103.37515,0.9999809230290317
2023-01-05,562216.0222749999,10.647124999872176,562205.37515,0.9999810622170517
2023-01-06,567255.6222749999,10.647124999872176,567244.97515,0.999981230463689
2023-01-09,568502.6888749999,168502.1137249999,400000.57515,0.7036036644638466
2023-01-10,568502.6888749999,168502.1137249999,400000.57515,0.7036036644638466
2023-01-11,568502.6888749999,168502.1137249999,400000.57515,0.7036036644638466
2023-01-12,568502.6888749999,168502.1137249999,400000.57515,0.7036036644638466
2023-01-13,568502.6888749999,168502.1137249999,400000.57515,0.7036036644638466
2023-01-16,568502.6888749999,168502.1137249999,400000.57515,0.7036036644638466
2023-01-17,568502.6888749999,168502.1137249999,400000.57515,0.7036036644638466
2023-01-18,568502.6888749999,168502.1137249999,400000.57515,0.7036036644638466
2023-01-19,568502.6888749999,168502.1137249999,400000.57515,0.7036036644638466
2023-01-20,568502.6888749999,168502.1137249999,400000.57515,0.7036036644638466
2023-01-30,568502.6888749999,168502.1137249999,400000.57515,0.7036036644638466
2023-01-31,568502.6888749999,168502.1137249999,400000.57515,0.7036036644638466
2023-02-01,568502.6888749999,168502.1137249999,400000.57515,0.7036036644638466
2023-02-02,568502.6888749999,168502.1137249999,400000.57515,0.7036036644638466
2023-02-03,568502.6888749999,168502.1137249999,400000.57515,0.7036036644638466
2023-02-06,568502.6888749999,168502.1137249999,400000.57515,0.7036036644638466
2023-02-07,568502.6888749999,168502.1137249999,400000.57515,0.7036036644638466
2023-02-08,568502.6888749999,168502.1137249999,400000.57515,0.7036036644638466
2023-02-09,568502.6888749999,168502.1137249999,400000.57515,0.7036036644638466
2023-02-10,568502.6888749999,168502.1137249999,400000.57515,0.7036036644638466
2023-02-13,568502.6888749999,168502.1137249999,400000.57515,0.7036036644638466
2023-02-14,568502.6888749999,168502.1137249999,400000.57515,0.7036036644638466
2023-02-15,568502.6888749999,168502.1137249999,400000.57515,0.7036036644638466
2023-02-16,568502.6888749999,168502.1137249999,400000.57515,0.7036036644638466
2023-02-17,568289.5801249999,25.004974999872502,568264.5751499999,0.9999559995891629
2023-02-20,571025.5801249999,25.004974999872502,571000.5751499999,0.9999562104118095
2023-02-21,570512.5801249999,25.004974999872502,570487.5751499999,0.9999561710365888
2023-02-22,569486.5801249999,25.004974999872502,569461.5751499999,0.9999560920733296
2023-02-23,568460.5801249999,25.004974999872502,568435.5751499999,0.9999560128250328
2023-02-24,566750.5801249999,25.004974999872502,566725.5751499999,0.9999558801069168
2023-02-27,565382.5801249999,25.004974999872502,565357.5751499999,0.9999557733543994
2023-02-28,567605.5801249999,25.004974999872502,567580.5751499999,0.9999559465659333
2023-03-01,567776.5801249999,25.004974999872502,567751.5751499999,0.9999559598337177
2023-03-02,565895.5801249999,25.004974999872502,565870.5751499999,0.9999558134470773
2023-03-03,566066.5801249999,25.004974999872502,566041.5751499999,0.9999558267951547
2023-03-06,565724.5801249999,25.004974999872502,565699.5751499999,0.9999558000909304
2023-03-07,562988.5801249999,25.004974999872502,562963.5751499999,0.9999555852891467
2023-03-08,562133.5801249999,25.004974999872502,562108.5751499999,0.9999555177347804
2023-03-09,562475.5801249999,25.004974999872502,562450.5751499999,0.9999555447811719
2023-03-10,562817.5801249999,25.004974999872502,562792.5751499999,0.9999555717946934
2023-03-13,561791.5801249999,25.004974999872502,561766.5751499999,0.9999554906554592
2023-03-14,561962.5801249999,25.004974999872502,561937.5751499999,0.9999555041992398
2023-03-15,561962.5801249999,25.004974999872502,561937.5751499999,0.9999555041992398
2023-03-16,559910.5801249999,25.004974999872502,559885.5751499999,0.9999553411278738
2023-03-17,557516.5801249999,25.004974999872502,557491.5751499999,0.99995514936077
2023-03-20,555977.5801249999,25.004974999872502,555952.5751499999,0.9999550252098397
2023-03-21,560765.5801249999,25.004974999872502,560740.5751499999,0.9999554092193135
2023-03-22,561449.5801249999,25.004974999872502,561424.5751499999,0.9999554635431478
2023-03-23,560936.5801249999,25.004974999872502,560911.5751499999,0.9999554228126923
2023-03-24,559055.5801249999,25.004974999872502,559030.5751499999,0.9999552728281608
2023-03-27,561107.5801249999,25.004974999872502,561082.5751499999,0.9999554363977861
2023-03-28,560252.5801249999,25.004974999872502,560227.5751499999,0.999955368389389
2023-03-29,558371.5801249999,25.004974999872502,558346.5751499999,0.9999552180377906
2023-03-30,558713.5801249999,25.004974999872502,558688.5751499999,0.9999552454497449
2023-03-31,557345.5801249999,25.004974999872502,557320.5751499999,0.9999551356000808
2023-04-03,555977.5801249999,25.004974999872502,555952.5751499999,0.9999550252098397
2023-04-04,557003.5801249999,25.004974999872502,556978.5751499999,0.9999551080533552
2023-04-06,558713.5801249999,25.004974999872502,558688.5751499999,0.9999552454497449
2023-04-07,564315.4973749998,164314.92222499987,400000.57514999993,0.7088243668845956
2023-04-10,564315.4973749998,164314.92222499987,400000.57514999993,0.7088243668845956
2023-04-11,564315.4973749998,164314.92222499987,400000.57514999993,0.7088243668845956
2023-04-12,564315.4973749998,164314.92222499987,400000.57514999993,0.7088243668845956
2023-04-13,564315.4973749998,164314.92222499987,400000.57514999993,0.7088243668845956
2023-04-14,564315.4973749998,164314.92222499987,400000.57514999993,0.7088243668845956
2023-04-17,564315.4973749998,164314.92222499987,400000.57514999993,0.7088243668845956
2023-04-18,564315.4973749998,164314.92222499987,400000.57514999993,0.7088243668845956
2023-04-19,564315.4973749998,164314.92222499987,400000.57514999993,0.7088243668845956
2023-04-20,564315.4973749998,164314.92222499987,400000.57514999993,0.7088243668845956
2023-04-21,556235.6355499998,26.560399999842048,556209.0751499999,0.9999522497332024
2023-04-24,554225.9355499998,26.560399999842048,554199.37515,0.9999520765841218
2023-04-25,549658.4355499998,26.560399999842048,549631.87515,0.9999516783546253
2023-04-26,548562.2355499999,26.560399999842048,548535.67515,0.9999515817927692
2023-04-27,548196.8355499998,26.560399999842048,548170.27515,0.9999515495196662
2023-04-28,549841.1355499998,26.560399999842048,549814.5751499999,0.9999516944108351
2023-05-04,547831.4355499998,26.560399999842048,547804.87515,0.9999515172035114
2023-05-05,546004.4355499998,26.560399999842048,545977.87515,0.9999513549739334
2023-05-08,548927.6355499998,26.560399999842048,548901.0751499999,0.9999516140229062
2023-05-09,548196.8355499998,26.560399999842048,548170.27515,0.9999515495196662
2023-05-10,550389.2355499999,26.560399999842048,550362.67515,0.9999517425155067
2023-05-11,550937.3355499998,26.560399999842048,550910.77515,0.9999517905244644
2023-05-12,548562.2355499999,26.560399999842048,548535.67515,0.9999515817927692
2023-05-15,550023.8355499998,26.560399999842048,549997.27515,0.9999517104563782
2023-05-16,547648.7355499999,26.560399999842048,547622.17515,0.9999515010292626
2023-05-17,548379.5355499999,26.560399999842048,548352.9751500001,0.9999515656615938
2023-05-18,550206.5355499998,26.560399999842048,550179.97515,0.9999517264912652
2023-05-19,552033.5355499998,26.560399999842048,552006.97515,0.9999518862563787
2023-05-22,552033.5355499998,26.560399999842048,552006.97515,0.9999518862563787
2023-05-23,549475.7355499999,26.560399999842048,549449.17515,0.9999516622877382
2023-05-24,548744.9355499998,26.560399999842048,548718.37515,0.9999515979132031
2023-05-25,548927.6355499998,26.560399999842048,548901.0751499999,0.9999516140229062
2023-05-26,550937.3355499998,26.560399999842048,550910.77515,0.9999517905244644
2023-05-29,549658.4355499998,26.560399999842048,549631.87515,0.9999516783546253
2023-05-30,552216.2355499999,26.560399999842048,552189.67515,0.9999519021747462
2023-05-31,553274.1142249998,153273.53907499983,400000.57514999993,0.7229699797365395
2023-06-01,553274.1142249998,153273.53907499983,400000.57514999993,0.7229699797365395
2023-06-02,553274.1142249998,153273.53907499983,400000.57514999993,0.7229699797365395
2023-06-05,553274.1142249998,153273.53907499983,400000.57514999993,0.7229699797365395
2023-06-06,553274.1142249998,153273.53907499983,400000.57514999993,0.7229699797365395
2023-06-07,553274.1142249998,153273.53907499983,400000.57514999993,0.7229699797365395
2023-06-08,552893.0063249997,3.6311749998130836,552889.37515,0.9999934324092398
2023-06-09,553407.2063249997,3.6311749998130836,553403.5751499999,0.9999934385115368
2023-06-12,554778.4063249999,3.6311749998130836,554774.7751500001,0.9999934547290263
2023-06-13,555806.8063249998,3.6311749998130836,555803.17515,0.9999934668396313
2023-06-14,555464.0063249997,3.6311749998130836,555460.37515,0.9999934628077456
2023-06-15,562320.0063249997,3.6311749998130836,562316.37515,0.9999935425114544
2023-06-16,565062.4063249999,3.6311749998130836,565058.7751500001,0.9999935738513851
2023-06-19,564376.8063249998,3.6311749998130836,564373.17515,0.999993566044956
2023-06-20,564891.0063249997,3.6311749998130836,564887.37515,0.9999935719015542
2023-06-21,559749.0063249997,3.6311749998130836,559745.37515,0.9999935128513696
2023-06-26,558720.6063249998,3.6311749998130836,558716.9751500001,0.9999935009109049
2023-06-27,558892.0063249997,3.6311749998130836,558888.37515,0.999993502904034
2023-06-28,558377.8063249998,3.6311749998130836,558374.17515,0.999993496920976
2023-06-29,558206.4063249999,3.6311749998130836,558202.7751500001,0.9999934949241739
2023-06-30,560606.0063249997,3.6311749998130836,560602.37515,0.9999935227682922
2023-07-03,561463.0063249997,3.6311749998130836,561459.37515,0.9999935326549411
2023-07-04,561977.2063249997,3.6311749998130836,561973.5751499999,0.9999935385724565
2023-07-05,560948.8063249998,3.6311749998130836,560945.17515,0.9999935267265768
2023-07-06,559063.4063249999,3.6311749998130836,559059.7751500001,0.9999935048959409
2023-07-07,557349.4063249999,3.6311749998130836,557345.7751500001,0.9999934849217411
2023-07-10,559577.6063249998,3.6311749998130836,559573.9751500001,0.99999351086434
2023-07-11,561120.2063249997,3.6311749998130836,561116.5751499999,0.9999935287039055
2023-07-12,560091.8063249998,3.6311749998130836,560088.17515,0.9999935168217804
2023-07-13,563177.0063249997,3.6311749998130836,563173.37515,0.9999935523379702
2023-07-14,562320.0063249997,3.6311749998130836,562316.37515,0.9999935425114544
2023-07-17,560606.0063249997,3.6311749998130836,560602.37515,0.9999935227682922
2023-07-18,560091.8063249998,3.6311749998130836,560088.17515,0.9999935168217804
2023-07-19,558035.0063249997,3.6311749998130836,558031.37515,0.9999934929261451
2023-07-20,556321.0063249997,3.6311749998130836,556317.37515,0.9999934728781432
2023-07-21,556663.8063249998,3.6311749998130836,556660.17515,0.9999934768976203
2023-07-24,555464.0063249997,3.6311749998130836,555460.37515,0.9999934628077456
2023-07-25,559063.4063249999,3.6311749998130836,559059.7751500001,0.9999935048959409
2023-07-26,559234.8063249998,3.6311749998130836,559231.17515,0.9999935068866267
2023-07-27,558892.0063249997,3.6311749998130836,558888.37515,0.999993502904034
2023-07-28,561463.0063249997,3.6311749998130836,561459.37515,0.9999935326549411
2023-07-31,564164.3560249999,164163.78087499982,400000.57515000005,0.7090142630922872
2023-08-01,564164.3560249999,164163.78087499982,400000.57515000005,0.7090142630922872
2023-08-02,564164.3560249999,164163.78087499982,400000.57515000005,0.7090142630922872
2023-08-03,564164.3560249999,164163.78087499982,400000.57515000005,0.7090142630922872
2023-08-04,564164.3560249999,164163.78087499982,400000.57515000005,0.7090142630922872
2023-08-07,564164.3560249999,164163.78087499982,400000.57515000005,0.7090142630922872
2023-08-08,565780.9304249998,20.355274999834364,565760.5751499999,0.9999640226916369
2023-08-09,569510.5304249999,20.355274999834364,569490.17515,0.9999642582991667
2023-08-10,570132.1304249999,20.355274999834364,570111.77515,0.9999642972673989
2023-08-11,568060.1304249999,20.355274999834364,568039.77515,0.9999641670416394
2023-08-14,569096.1304249999,20.355274999834364,569075.77515,0.9999642322730526
2023-08-15,568474.5304249999,20.355274999834364,568454.17515,0.9999641931627357
2023-08-16,567852.9304249998,20.355274999834364,567832.5751499999,0.9999641539667945
2023-08-17,568267.3304249999,20.355274999834364,568246.9751500001,0.9999641801069495
2023-08-18,564537.7304249998,20.355274999834364,564517.37515,0.999963943464001
2023-08-21,563501.7304249998,20.355274999834364,563481.37515,0.9999638771739272
2023-08-22,561636.9304249998,20.355274999834364,561616.5751499999,0.9999637572355072
2023-08-23,558528.9304249998,20.355274999834364,558508.5751499999,0.9999635555583766
2023-08-24,562880.1304249999,20.355274999834364,562859.77515,0.9999638372827542
2023-08-25,561429.7304249998,20.355274999834364,561409.37515,0.9999637438598337
2023-08-28,562880.1304249999,20.355274999834364,562859.77515,0.9999638372827542
2023-08-29,567231.3304249999,20.355274999834364,567210.9751500001,0.9999641146849476
2023-08-30,567438.5304249999,20.355274999834364,567418.17515,0.9999641277884591
2023-08-31,566609.7304249998,20.355274999834364,566589.37515,0.9999640753169124
2023-09-01,565159.3304249998,20.355274999834364,565138.97515,0.9999639831213889
2023-09-04,565988.1304249999,20.355274999834364,565967.77515,0.9999640358624048
2023-09-05,565159.3304249998,20.355274999834364,565138.97515,0.9999639831213889
2023-09-06,562258.5304249999,20.355274999834364,562238.17515,0.9999637973033785
2023-09-07,559979.3304249998,20.355274999834364,559958.97515,0.9999636499529645
2023-09-08,560393.7304249998,20.355274999834364,560373.37515,0.9999636768331002
2023-09-11,565159.3304249998,20.355274999834364,565138.97515,0.9999639831213889
2023-09-12,565159.3304249998,20.355274999834364,565138.97515,0.9999639831213889
2023-09-13,563916.1304249999,20.355274999834364,563895.77515,0.9999639037191851
2023-09-14,564330.5304249999,20.355274999834364,564310.17515,0.9999639302254575
2023-09-15,568267.3304249999,20.355274999834364,568246.9751500001,0.9999641801069495
2023-09-18,570089.6026249998,170089.02747499984,400000.57515,0.7016450980831465
2023-09-19,570089.6026249998,170089.02747499984,400000.57515,0.7016450980831465
2023-09-20,568979.0962249999,20.921074999816483,568958.17515,0.999963230503302
2023-09-21,568765.4962249998,20.921074999816483,568744.5751499999,0.9999632166945099
2023-09-22,574746.2962249998,20.921074999816483,574725.37515,0.9999635994609496
2023-09-25,571969.4962249998,20.921074999816483,571948.5751499999,0.9999634227434541
2023-09-26,573464.6962249998,20.921074999816483,573443.77515,0.9999635181116857
2023-09-27,573464.6962249998,20.921074999816483,573443.77515,0.9999635181116857
2023-09-28,573464.6962249998,20.921074999816483,573443.77515,0.9999635181116857
2023-10-09,574105.4962249998,20.921074999816483,574084.5751499999,0.9999635588317175
2023-10-10,574959.8962249998,20.921074999816483,574938.97515,0.9999636129839017
2023-10-11,577950.2962249998,20.921074999816483,577929.37515,0.999963801255685
2023-10-12,576241.4962249998,20.921074999816483,576220.5751499999,0.9999636939110826
2023-10-13,572610.2962249998,20.921074999816483,572589.37515,0.9999634636765392
2023-10-16,570474.2962249998,20.921074999816483,570453.37515,0.9999633268753065
2023-10-17,569833.4962249998,20.921074999816483,569812.5751499999,0.999963285634947
2023-10-18,565988.6962249998,20.921074999816483,565967.77515,0.9999630362317492
2023-10-19,565775.0962249999,20.921074999816483,565754.17515,0.9999630222766265
2023-10-20,560221.4962249998,20.921074999816483,560200.5751499999,0.9999626557082496
2023-10-23,555522.2962249998,20.921074999816483,555501.37515,0.9999623398104054
2023-10-24,555522.2962249998,20.921074999816483,555501.37515,0.9999623398104054
2023-10-25,558085.4962249998,20.921074999816483,558064.5751499999,0.9999625127778067
2023-10-26,559153.4962249998,20.921074999816483,559132.5751499999,0.9999625843795289
2023-10-27,560221.4962249998,20.921074999816483,560200.5751499999,0.9999626557082496
2023-10-30,562357.4962249998,20.921074999816483,562336.5751499999,0.9999627975529084
2023-10-31,560435.0962249999,20.921074999816483,560414.17515,0.999962669941371
2023-11-01,559367.0962249999,20.921074999816483,559346.17515,0.9999625986670632
2023-11-02,557444.6962249998,20.921074999816483,557423.77515,0.99996246968508
2023-11-03,561289.4962249998,20.921074999816483,561268.5751499999,0.9999627267655273
2023-11-06,565988.6962249998,20.921074999816483,565967.77515,0.9999630362317492
2023-11-07,567911.0962249999,20.921074999816483,567890.17515,0.9999631613554676
2023-11-08,569833.4962249998,20.921074999816483,569812.5751499999,0.999963285634947
2023-11-09,570687.8962249999,20.921074999816483,570666.9751500001,0.9999633406015123
2023-11-10,567911.0962249999,20.921074999816483,567890.17515,0.9999631613554676
2023-11-13,572183.0962249999,20.921074999816483,572162.17515,0.9999634363980029
2023-11-14,574532.6962249998,20.921074999816483,574511.77515,0.9999635859279423
2023-11-15,576624.5344249998,176623.95927499983,400000.57515000005,0.693693298272287
2023-11-16,576624.5344249998,176623.95927499983,400000.57515000005,0.693693298272287
2023-11-17,576624.5344249998,176623.95927499983,400000.57515000005,0.693693298272287
2023-11-20,576624.5344249998,176623.95927499983,400000.57515000005,0.693693298272287
2023-11-21,576624.5344249998,176623.95927499983,400000.57515000005,0.693693298272287
2023-11-22,576624.5344249998,176623.95927499983,400000.57515000005,0.693693298272287
2023-11-23,576624.5344249998,176623.95927499983,400000.57515000005,0.693693298272287
2023-11-24,576624.5344249998,176623.95927499983,400000.57515000005,0.693693298272287
2023-11-27,576624.5344249998,176623.95927499983,400000.57515000005,0.693693298272287
2023-11-28,576876.2232499998,135.14809999981662,576741.0751499999,0.9997657242670906
2023-11-29,575545.1232499997,135.14809999981662,575409.9751499998,0.9997651824426264
2023-11-30,575742.3232499999,135.14809999981662,575607.17515,0.9997652628710063
2023-12-01,575052.1232499997,135.14809999981662,574916.9751499998,0.9997649811303433
2023-12-04,573868.9232499998,135.14809999981662,573733.7751499999,0.9997644965696444
2023-12-05,570615.12325,135.14809999981662,570479.9751500001,0.9997631536661171
2023-12-06,570861.6232499997,135.14809999981662,570726.4751499998,0.9997632559371736
2023-12-07,570417.9232499998,135.14809999981662,570282.7751499999,0.9997630717856307
2023-12-08,570763.0232499999,135.14809999981662,570627.87515,0.9997632150393515
2023-12-11,571946.2232499998,135.14809999981662,571811.0751499999,0.9997637048825466
2023-12-12,572340.6232499997,135.14809999981662,572205.4751499998,0.9997638677135436
2023-12-13,569481.2232499998,135.14809999981662,569346.0751499999,0.9997626820789128
2023-12-14,568692.4232499998,135.14809999981662,568557.2751499999,0.9997623529091042
2023-12-15,568347.3232499999,135.14809999981662,568212.17515,0.9997622086099974
2023-12-18,567657.1232499997,135.14809999981662,567521.9751499998,0.9997619194854349
2023-12-19,567755.7232499998,135.14809999981662,567620.5751499999,0.999761960831982
2023-12-20,566227.4232499998,135.14809999981662,566092.2751499999,0.9997613183423294
2023-12-21,567755.7232499998,135.14809999981662,567620.5751499999,0.999761960831982
2023-12-22,568051.5232499999,135.14809999981662,567916.37515,0.9997620847855021
2023-12-25,568495.2232499998,135.14809999981662,568360.0751499999,0.9997622704739236
2023-12-26,567509.2232499998,135.14809999981662,567374.0751499999,0.9997618574386757
2023-12-27,568002.2232499998,135.14809999981662,567867.0751499999,0.9997620641355476
2023-12-28,572143.4232499998,135.14809999981662,572008.2751499999,0.9997637863261065
2023-12-29,572636.4232499998,135.14809999981662,572501.2751499999,0.999763989689596
2024-01-02,570368.6232499997,135.14809999981662,570233.4751499998,0.9997630513066623
2024-01-03,569875.6232499997,135.14809999981662,569740.4751499998,0.999762846322099
2024-01-04,568396.6232499997,135.14809999981662,568261.4751499998,0.9997622292348833
2024-01-05,567558.5232499999,135.14809999981662,567423.37515,0.9997618781245219
2024-01-08,565241.4232499998,135.14809999981662,565106.2751499999,0.9997609019890602
2024-01-09,565635.8232499999,135.14809999981662,565500.67515,0.9997610687045538
2024-01-10,564847.0232499999,135.14809999981662,564711.87515,0.9997607350407509
2024-01-11,565783.7232499998,135.14809999981662,565648.5751499999,0.9997611311629406
2024-01-12,565241.4232499998,135.14809999981662,565106.2751499999,0.9997609019890602
2024-01-15,565044.2232499998,135.14809999981662,564909.0751499999,0.999760818544038
2024-01-16,566128.8232499999,135.14809999981662,565993.67515,0.9997612767722653
2024-01-17,562431.3232499999,135.14809999981662,562296.17515,0.999759707373304
2024-01-18,561248.1232499997,135.14809999981662,561112.9751499998,0.9997592007983612
2024-01-19,561593.2232499998,135.14809999981662,561458.0751499999,0.999759348769884
2024-01-22,558191.5232499999,135.14809999981662,558056.37515,0.999757882206428
2024-01-23,559276.12325,135.14809999981662,559140.9751500001,0.999758351743653
2024-01-24,561790.4232499998,135.14809999981662,561655.2751499999,0.9997594332434183
2024-01-25,564551.2232499998,135.14809999981662,564416.0751499999,0.9997606096764402
2024-01-26,564255.4232499998,135.14809999981662,564120.2751499999,0.99976048418069
2024-01-29,562776.4232499998,135.14809999981662,562641.2751499999,0.9997598547230898
2024-01-30,560015.6232499997,135.14809999981662,559880.4751499998,0.9997586708399034
2024-01-31,558980.3232499999,135.14809999981662,558845.17515,0.9997582238687507
2024-02-01,558783.1232499997,135.14809999981662,558647.9751499998,0.999758138543602
2024-02-02,557304.1232499997,135.14809999981662,557168.9751499998,0.9997574966802475
2024-02-05,558290.12325,135.14809999981662,558154.9751500001,0.9997579249670169
2024-02-06,563368.0232499999,135.14809999981662,563232.87515,0.9997601069027308
2024-02-07,564797.7232499998,135.14809999981662,564662.5751499999,0.9997607141558181
2024-02-08,565882.3232499999,135.14809999981662,565747.17515,0.999761172783727
2024-02-19,567023.7907999998,167023.21564999982,400000.57515000005,0.7054387869433999
2024-02-20,567023.7907999998,167023.21564999982,400000.57515000005,0.7054387869433999
2024-02-21,567023.7907999998,167023.21564999982,400000.57515000005,0.7054387869433999
2024-02-22,567023.7907999998,167023.21564999982,400000.57515000005,0.7054387869433999
2024-02-23,567023.7907999998,167023.21564999982,400000.57515000005,0.7054387869433999
2024-02-26,567023.7907999998,167023.21564999982,400000.57515000005,0.7054387869433999
2024-02-27,567023.7907999998,167023.21564999982,400000.57515000005,0.7054387869433999
2024-02-28,567023.7907999998,167023.21564999982,400000.57515000005,0.7054387869433999
2024-02-29,567023.7907999998,167023.21564999982,400000.57515000005,0.7054387869433999
2024-03-01,567023.7907999998,167023.21564999982,400000.57515000005,0.7054387869433999
2024-03-04,567023.7907999998,167023.21564999982,400000.57515000005,0.7054387869433999
2024-03-05,567023.7907999998,167023.21564999982,400000.57515000005,0.7054387869433999
2024-03-06,567023.7907999998,167023.21564999982,400000.57515000005,0.7054387869433999
2024-03-07,567023.7907999998,167023.21564999982,400000.57515000005,0.7054387869433999
2024-03-08,567023.7907999998,167023.21564999982,400000.57515000005,0.7054387869433999
2024-03-11,567023.7907999998,167023.21564999982,400000.57515000005,0.7054387869433999
2024-03-12,567023.7907999998,167023.21564999982,400000.57515000005,0.7054387869433999
2024-03-13,567023.7907999998,167023.21564999982,400000.57515000005,0.7054387869433999
2024-03-14,567023.7907999998,167023.21564999982,400000.57515000005,0.7054387869433999
2024-03-15,567023.7907999998,167023.21564999982,400000.57515000005,0.7054387869433999
2024-03-18,567023.7907999998,167023.21564999982,400000.57515000005,0.7054387869433999
2024-03-19,567023.7907999998,167023.21564999982,400000.57515000005,0.7054387869433999
2024-03-20,567023.7907999998,167023.21564999982,400000.57515000005,0.7054387869433999
2024-03-21,567023.7907999998,167023.21564999982,400000.57515000005,0.7054387869433999
2024-03-22,567023.7907999998,167023.21564999982,400000.57515000005,0.7054387869433999
2024-03-25,567023.7907999998,167023.21564999982,400000.57515000005,0.7054387869433999
2024-03-26,567023.7907999998,167023.21564999982,400000.57515000005,0.7054387869433999
2024-03-27,567023.7907999998,167023.21564999982,400000.57515000005,0.7054387869433999
2024-03-28,567023.7907999998,167023.21564999982,400000.57515000005,0.7054387869433999
2024-03-29,567352.2507499998,21.27559999981895,567330.97515,0.9999625001928314
2024-04-01,569388.3507499998,21.27559999981895,569367.0751499999,0.9999626342899854
2024-04-02,568277.7507499998,21.27559999981895,568256.47515,0.9999625612652058
2024-04-03,567722.4507499998,21.27559999981895,567701.17515,0.9999625246456755
2024-04-08,564575.7507499998,21.27559999981895,564554.47515,0.9999623157743287
2024-04-09,565131.0507499998,21.27559999981895,565109.77515,0.9999623528029975
2024-04-10,561984.3507499998,21.27559999981895,561963.0751499999,0.9999621420063185
2024-04-11,561984.3507499998,21.27559999981895,561963.0751499999,0.9999621420063185
2024-04-12,558837.6507499998,21.27559999981895,558816.37515,0.9999619288357339
2024-04-15,562169.4507499998,21.27559999981895,562148.17515,0.9999621544714473
2024-04-16,559763.1507499998,21.27559999981895,559741.87515,0.9999619917817539
2024-04-17,562539.6507499998,21.27559999981895,562518.37515,0.9999621793770955
2024-04-18,564020.4507499998,21.27559999981895,563999.17515,0.9999622786727476
2024-04-19,563465.1507499998,21.27559999981895,563443.87515,0.9999622414980385
2024-04-22,563094.9507499998,21.27559999981895,563073.67515,0.9999622166741657
2024-04-23,562724.7507499998,21.27559999981895,562703.47515,0.9999621918176311
2024-04-24,563094.9507499998,21.27559999981895,563073.67515,0.9999622166741657
2024-04-25,562354.5507499998,21.27559999981895,562333.27515,0.9999621669283703
2024-04-26,570456.3314749998,170455.75632499982,400000.57514999993,0.7011940320054628
2024-04-29,570456.3314749998,170455.75632499982,400000.57514999993,0.7011940320054628
2024-04-30,570456.3314749998,170455.75632499982,400000.57514999993,0.7011940320054628
2024-05-06,570456.3314749998,170455.75632499982,400000.57514999993,0.7011940320054628
2024-05-07,570456.3314749998,170455.75632499982,400000.57514999993,0.7011940320054628
2024-05-08,570456.3314749998,170455.75632499982,400000.57514999993,0.7011940320054628
2024-05-09,570456.3314749998,170455.75632499982,400000.57514999993,0.7011940320054628
2024-05-10,570456.3314749998,170455.75632499982,400000.57514999993,0.7011940320054628
2024-05-13,570456.3314749998,170455.75632499982,400000.57514999993,0.7011940320054628
2024-05-14,570456.3314749998,170455.75632499982,400000.57514999993,0.7011940320054628
2024-05-15,570456.3314749998,170455.75632499982,400000.57514999993,0.7011940320054628
2024-05-16,570456.3314749998,170455.75632499982,400000.57514999993,0.7011940320054628
2024-05-17,570456.3314749998,170455.75632499982,400000.57514999993,0.7011940320054628
2024-05-20,570456.3314749998,170455.75632499982,400000.57514999993,0.7011940320054628
2024-05-21,570456.3314749998,170455.75632499982,400000.57514999993,0.7011940320054628
2024-05-22,570456.3314749998,170455.75632499982,400000.57514999993,0.7011940320054628
2024-05-23,570456.3314749998,170455.75632499982,400000.57514999993,0.7011940320054628
2024-05-24,570456.3314749998,170455.75632499982,400000.57514999993,0.7011940320054628
2024-05-27,570668.4328999997,18.85774999979185,570649.5751499999,0.9999669549796124
2024-05-28,569649.6328999999,18.85774999979185,569630.7751500001,0.999966895879659
2024-05-29,569140.2328999997,18.85774999979185,569121.37515,0.9999668662503376
2024-05-30,569394.9328999997,18.85774999979185,569376.0751499999,0.9999668810716251
2024-05-31,569649.6328999999,18.85774999979185,569630.7751500001,0.999966895879659
2024-06-03,567612.0328999998,18.85774999979185,567593.17515,0.9999667770432854
2024-06-04,571432.5328999998,18.85774999979185,571413.67515,0.9999669991662812
2024-06-05,570923.1328999999,18.85774999979185,570904.2751500001,0.9999669697216437
2024-06-06,568630.8328999998,18.85774999979185,568611.9751500001,0.9999668365679301
2024-06-07,567612.0328999998,18.85774999979185,567593.17515,0.9999667770432854
2024-06-11,569394.9328999997,18.85774999979185,569376.0751499999,0.9999668810716251
2024-06-12,570159.0328999998,18.85774999979185,570140.17515,0.9999669254560367
2024-06-13,569904.3328999998,18.85774999979185,569885.4751500001,0.999966910674457
2024-06-14,568121.4328999997,18.85774999979185,568102.5751499999,0.9999668068322938
2024-06-17,568121.4328999997,18.85774999979185,568102.5751499999,0.9999668068322938
2024-06-18,566338.5328999998,18.85774999979185,566319.67515,0.9999667023363161
2024-06-19,563791.5328999998,18.85774999979185,563772.67515,0.9999665519098828
2024-06-20,561244.5328999998,18.85774999979185,561225.67515,0.9999664001181405
2024-06-21,562008.6328999999,18.85774999979185,561989.7751500001,0.9999664458001252
2024-06-24,559206.9328999997,18.85774999979185,559188.0751499999,0.9999662776891876
2024-06-25,557933.4328999997,18.85774999979185,557914.5751499999,0.9999662007169893
2024-06-26,561499.2328999997,18.85774999979185,561480.37515,0.9999664153592831
2024-06-27,557678.7328999997,18.85774999979185,557659.87515,0.9999661852803644
2024-06-28,556405.2328999997,18.85774999979185,556386.37515,0.9999661078852522
2024-07-01,556659.9328999997,18.85774999979185,556641.0751499999,0.9999661233926044
2024-07-02,555131.7328999997,18.85774999979185,555112.87515,0.9999660301350434
2024-07-03,554367.6328999999,18.85774999979185,554348.7751500001,0.9999659833134538
2024-07-04,551056.5328999998,18.85774999979185,551037.67515,0.9999657789194505
2024-07-05,556914.6328999999,18.85774999979185,556895.7751500001,0.9999661388857722
2024-07-08,552584.7328999997,18.85774999979185,552565.87515,0.9999658735595159
2024-07-09,552584.7328999997,18.85774999979185,552565.87515,0.9999658735595159
2024-07-10,552839.4328999997,18.85774999979185,552820.5751499999,0.9999658892819913
2024-07-11,557169.3328999998,18.85774999979185,557150.4751500001,0.9999661543647753
2024-07-12,558442.8328999998,18.85774999979185,558423.9751500001,0.999966231547996
2024-07-15,556405.2328999997,18.85774999979185,556386.37515,0.9999661078852522
2024-07-16,557169.3328999998,18.85774999979185,557150.4751500001,0.9999661543647753
2024-07-17,559971.0328999998,18.85774999979185,559952.17515,0.9999663237044565
2024-07-18,561244.5328999998,18.85774999979185,561225.67515,0.9999664001181405
2024-07-19,561499.2328999997,18.85774999979185,561480.37515,0.9999664153592831
2024-07-22,563750.5898749998,163750.0147249998,400000.57515000005,0.7095346458771635
2024-07-23,563750.5898749998,163750.0147249998,400000.57515000005,0.7095346458771635
2024-07-24,560877.6674749998,19.492324999795528,560858.17515,0.99996524674429
2024-07-25,560688.8674749997,19.492324999795528,560669.37515,0.9999652350418735
2024-07-26,563615.2674749998,19.492324999795528,563595.77515,0.9999654155482922
2024-07-29,562482.4674749997,19.492324999795528,562462.97515,0.9999653458976467
2024-07-30,560594.4674749997,19.492324999795528,560574.97515,0.9999652291877094
2024-07-31,565031.2674749998,19.492324999795528,565011.77515,0.999965502218865
2024-08-01,563898.4674749997,19.492324999795528,563878.97515,0.9999654329172288
2024-08-02,562576.8674749997,19.492324999795528,562557.37515,0.9999653517125806
2024-08-05,561160.8674749997,19.492324999795528,561141.37515,0.9999652642831502
2024-08-06,560972.0674749997,19.492324999795528,560952.5751499999,0.9999652525925444
2024-08-07,561160.8674749997,19.492324999795528,561141.37515,0.9999652642831502
2024-08-08,561916.0674749997,19.492324999795528,561896.5751499999,0.9999653109670145
2024-08-09,561160.8674749997,19.492324999795528,561141.37515,0.9999652642831502
2024-08-12,560783.2674749998,19.492324999795528,560763.77515,0.9999652408940667
2024-08-13,560688.8674749997,19.492324999795528,560669.37515,0.9999652350418735
2024-08-14,559272.8674749997,19.492324999795528,559253.37515,0.9999651470219041
2024-08-15,560972.0674749997,19.492324999795528,560952.5751499999,0.9999652525925444
2024-08-16,560877.6674749998,19.492324999795528,560858.17515,0.99996524674429
2024-08-19,561444.0674749997,19.492324999795528,561424.5751499999,0.9999652818043168
2024-08-20,560783.2674749998,19.492324999795528,560763.77515,0.9999652408940667
2024-08-21,560311.2674749998,19.492324999795528,560291.77515,0.9999652116133813
2024-08-22,560122.4674749997,19.492324999795528,560102.97515,0.9999651998872896
2024-08-23,561821.6674749998,19.492324999795528,561802.17515,0.999965305138395
2024-08-26,561727.2674749998,19.492324999795528,561707.77515,0.9999652993078164
2024-08-27,560594.4674749997,19.492324999795528,560574.97515,0.9999652291877094
2024-08-28,558706.4674749997,19.492324999795528,558686.97515,0.9999651116889914
2024-08-29,559178.4674749997,19.492324999795528,559158.97515,0.999965141138056
2024-08-30,562536.2282749998,162535.65312499978,400000.57515,0.7110663367879249
2024-09-02,556994.8168999997,49.54174999977113,556945.27515,0.9999110552764647
2024-09-03,556307.2168999998,49.54174999977113,556257.67515,0.9999109453401022
2024-09-04,553728.7168999998,49.54174999977113,553679.17515,0.9999105306470701
2024-09-05,554244.4168999997,49.54174999977113,554194.87515,0.9999106138943594
2024-09-06,553213.0168999997,49.54174999977113,553163.47515,0.9999104472445761
2024-09-09,551322.1168999997,49.54174999977113,551272.5751499999,0.9999101401005309
2024-09-10,550806.4168999997,49.54174999977113,550756.87515,0.9999100559679777
2024-09-11,549087.4168999997,49.54174999977113,549037.87515,0.9999097743847793
2024-09-12,549946.9168999997,49.54174999977113,549897.37515,0.9999099153964186
2024-09-13,548915.5168999997,49.54174999977113,548865.97515,0.9999097461294599
2024-09-18,549431.2168999998,49.54174999977113,549381.67515,0.9999098308423768
2024-09-19,552869.2168999998,49.54174999977113,552819.67515,0.9999103915564742
2024-09-20,552869.2168999998,49.54174999977113,552819.67515,0.9999103915564742
2024-09-23,553384.9168999997,49.54174999977113,553335.37515,0.9999104750626792
2024-09-24,559401.4168999997,49.54174999977113,559351.87515,0.999911437925427
2024-09-25,567610.7162749998,167610.14112499976,400000.57515000005,0.7047093433595519
2024-09-26,567610.7162749998,167610.14112499976,400000.57515000005,0.7047093433595519
2024-09-27,567610.7162749998,167610.14112499976,400000.57515000005,0.7047093433595519
2024-09-30,567610.7162749998,167610.14112499976,400000.57515000005,0.7047093433595519
2024-10-08,567610.7162749998,167610.14112499976,400000.57515000005,0.7047093433595519
2024-10-09,567610.7162749998,167610.14112499976,400000.57515000005,0.7047093433595519
2024-10-10,567610.7162749998,167610.14112499976,400000.57515000005,0.7047093433595519
2024-10-11,567610.7162749998,167610.14112499976,400000.57515000005,0.7047093433595519
2024-10-14,567610.7162749998,167610.14112499976,400000.57515000005,0.7047093433595519
2024-10-15,567610.7162749998,167610.14112499976,400000.57515000005,0.7047093433595519
2024-10-16,567610.7162749998,167610.14112499976,400000.57515000005,0.7047093433595519
2024-10-17,567610.7162749998,167610.14112499976,400000.57515000005,0.7047093433595519
2024-10-18,567610.7162749998,167610.14112499976,400000.57515000005,0.7047093433595519
2024-10-21,567610.7162749998,167610.14112499976,400000.57515000005,0.7047093433595519
2024-10-22,567610.7162749998,167610.14112499976,400000.57515000005,0.7047093433595519
2024-10-23,567610.7162749998,167610.14112499976,400000.57515000005,0.7047093433595519
2024-10-24,567610.7162749998,167610.14112499976,400000.57515000005,0.7047093433595519
2024-10-25,567610.7162749998,167610.14112499976,400000.57515000005,0.7047093433595519
2024-10-28,567610.7162749998,167610.14112499976,400000.57515000005,0.7047093433595519
2024-10-29,567610.7162749998,167610.14112499976,400000.57515000005,0.7047093433595519
2024-10-30,567610.7162749998,167610.14112499976,400000.57515000005,0.7047093433595519
2024-10-31,567610.7162749998,167610.14112499976,400000.57515000005,0.7047093433595519
2024-11-01,567610.7162749998,167610.14112499976,400000.57515000005,0.7047093433595519
2024-11-04,567610.7162749998,167610.14112499976,400000.57515000005,0.7047093433595519
2024-11-05,567610.7162749998,167610.14112499976,400000.57515000005,0.7047093433595519
2024-11-06,567610.7162749998,167610.14112499976,400000.57515000005,0.7047093433595519
2024-11-07,567610.7162749998,167610.14112499976,400000.57515000005,0.7047093433595519
2024-11-08,567610.7162749998,167610.14112499976,400000.57515000005,0.7047093433595519
2024-11-11,567610.7162749998,167610.14112499976,400000.57515000005,0.7047093433595519
2024-11-12,567610.7162749998,167610.14112499976,400000.57515000005,0.7047093433595519
2024-11-13,567610.7162749998,167610.14112499976,400000.57515000005,0.7047093433595519
2024-11-14,567610.7162749998,167610.14112499976,400000.57515000005,0.7047093433595519
2024-11-15,567610.7162749998,167610.14112499976,400000.57515000005,0.7047093433595519
2024-11-18,567610.7162749998,167610.14112499976,400000.57515000005,0.7047093433595519
2024-11-19,568269.9255499997,5.350399999762885,568264.5751499999,0.9999905847560125
2024-11-20,574112.4255499997,5.350399999762885,574107.0751499999,0.9999906805709794
2024-11-21,573878.7255499997,5.350399999762885,573873.37515,0.9999906767758386
2024-11-22,566400.3255499997,5.350399999762885,566394.97515,0.9999905536777463
2024-11-25,566400.3255499997,5.350399999762885,566394.97515,0.9999905536777463
2024-11-26,566634.0255499998,5.350399999762885,566628.67515,0.9999905575737451
2024-11-27,570606.9255499997,5.350399999762885,570601.5751499999,0.9999906233174534
2024-11-28,569204.7255499997,5.350399999762885,569199.37515,0.9999906002185864
2024-11-29,572476.5255499998,5.350399999762885,572471.17515,0.9999906539399243
2024-12-02,574112.4255499997,5.350399999762885,574107.0751499999,0.9999906805709794
2024-12-03,574112.4255499997,5.350399999762885,574107.0751499999,0.9999906805709794
2024-12-04,570840.6255499998,5.350399999762885,570835.27515,0.9999906271562319
2024-12-05,570606.9255499997,5.350399999762885,570601.5751499999,0.9999906233174534
2024-12-06,575047.2255499997,5.350399999762885,575041.87515,0.9999906957206955
2024-12-09,575748.3255499997,5.350399999762885,575742.97515,0.9999907070506985
2024-12-10,579442.6551499998,179442.07999999975,400000.57515000005,0.6903195192740035
2024-12-11,579442.6551499998,179442.07999999975,400000.57515000005,0.6903195192740035
2024-12-12,579442.6551499998,179442.07999999975,400000.57515000005,0.6903195192740035
2024-12-13,579442.6551499998,179442.07999999975,400000.57515000005,0.6903195192740035
2024-12-16,579442.6551499998,179442.07999999975,400000.57515000005,0.6903195192740035
2024-12-17,579442.6551499998,179442.07999999975,400000.57515000005,0.6903195192740035
2024-12-18,578409.4064999998,2.631349999748636,578406.7751500001,0.9999954507136811
2024-12-19,578162.3064999997,2.631349999748636,578159.67515,0.9999954487693679
2024-12-20,578162.3064999997,2.631349999748636,578159.67515,0.9999954487693679
2024-12-23,575691.3064999997,2.631349999748636,575688.67515,0.9999954292344352
2024-12-24,577173.9064999998,2.631349999748636,577171.2751500001,0.9999954409754668
2024-12-25,575938.4064999998,2.631349999748636,575935.7751500001,0.9999954311954716
2024-12-26,575197.1064999998,2.631349999748636,575194.4751500001,0.9999954253073078
2024-12-27,575197.1064999998,2.631349999748636,575194.4751500001,0.9999954253073078
2024-12-30,575444.2064999996,2.631349999748636,575441.5751499999,0.9999954272717146
2024-12-31,572231.9064999998,2.631349999748636,572229.2751500001,0.9999954016020955
2025-01-02,567784.1064999998,2.631349999748636,567781.4751500001,0.9999953655800338
2025-01-03,566301.5064999997,2.631349999748636,566298.87515,0.9999953534469369
2025-01-06,567289.9064999998,2.631349999748636,567287.2751500001,0.9999953615427147
2025-01-07,565313.1064999998,2.631349999748636,565310.4751500001,0.9999953453228495
2025-01-08,563089.2064999996,2.631349999748636,563086.5751499999,0.9999953269393742
2025-01-09,563089.2064999996,2.631349999748636,563086.5751499999,0.9999953269393742
2025-01-10,561359.5064999997,2.631349999748636,561356.87515,0.9999953125404144
2025-01-13,562100.8064999997,2.631349999748636,562098.17515,0.9999953187222483
2025-01-14,566795.7064999996,2.631349999748636,566793.0751499999,0.9999953574983552
2025-01-15,565066.0064999997,2.631349999748636,565063.37515,0.9999953432873869
2025-01-16,565066.0064999997,2.631349999748636,565063.37515,0.9999953432873869
2025-01-17,565807.3064999997,2.631349999748636,565804.67515,0.9999953493884411
2025-01-20,569019.6064999998,2.631349999748636,569016.9751500001,0.9999953756426498
2025-01-21,568031.2064999996,2.631349999748636,568028.5751499999,0.9999953675960589
2025-01-22,567537.0064999997,2.631349999748636,567534.37515,0.9999953635622532
2025-01-23,566548.6064999998,2.631349999748636,566545.9751500001,0.9999953554735296
2025-01-24,567537.0064999997,2.631349999748636,567534.37515,0.9999953635622532
2025-01-27,567537.0064999997,2.631349999748636,567534.37515,0.9999953635622532
2025-02-05,568031.2064999996,2.631349999748636,568028.5751499999,0.9999953675960589
2025-02-06,570255.1064999998,2.631349999748636,570252.4751500001,0.9999953856616631
2025-02-07,571447.7346499998,171447.15949999978,400000.57515,0.6999775323197183
2025-02-10,571447.7346499998,171447.15949999978,400000.57515,0.6999775323197183
2025-02-11,571447.7346499998,171447.15949999978,400000.57515,0.6999775323197183
2025-02-12,571447.7346499998,171447.15949999978,400000.57515,0.6999775323197183
2025-02-13,571447.7346499998,171447.15949999978,400000.57515,0.6999775323197183
2025-02-14,571447.7346499998,171447.15949999978,400000.57515,0.6999775323197183
2025-02-17,571447.7346499998,171447.15949999978,400000.57515,0.6999775323197183
2025-02-18,571447.7346499998,171447.15949999978,400000.57515,0.6999775323197183
2025-02-19,570393.8935249997,39.81837499974063,570354.0751499999,0.9999301914423492
2025-02-20,570562.3935249997,39.81837499974063,570522.5751499999,0.9999302120583977
2025-02-21,569551.3935249997,39.81837499974063,569511.5751499999,0.999930088179131
2025-02-24,569888.3935249997,39.81837499974063,569848.5751499999,0.9999301295210568
2025-02-25,569214.3935249997,39.81837499974063,569174.5751499999,0.9999300467882528
2025-02-26,570899.3935249997,39.81837499974063,570859.5751499999,0.9999302532539859
2025-02-27,569551.3935249997,39.81837499974063,569511.5751499999,0.999930088179131
2025-02-28,567360.8935249997,39.81837499974063,567321.0751499999,0.999929818259499
2025-03-03,568203.3935249997,39.81837499974063,568163.5751499999,0.9999299223210323
2025-03-04,566012.8935249997,39.81837499974063,565973.0751499999,0.9999296511166877
2025-03-05,565001.8935249997,39.81837499974063,564962.0751499999,0.9999295252361875
2025-03-06,566012.8935249997,39.81837499974063,565973.0751499999,0.9999296511166877
2025-03-07,567529.3935249997,39.81837499974063,567489.5751499999,0.9999298390965224
2025-03-10,570056.8935249997,39.81837499974063,570017.0751499999,0.9999301501736896
2025-03-11,569719.8935249997,39.81837499974063,569680.0751499999,0.9999301088562075
2025-03-12,568877.3935249997,39.81837499974063,568837.5751499999,0.9999300053483351
2025-03-13,575068.1256499997,175067.55049999975,400000.57514999993,0.6955707633732597
2025-03-14,575068.1256499997,175067.55049999975,400000.57514999993,0.6955707633732597
2025-03-17,575068.1256499997,175067.55049999975,400000.57514999993,0.6955707633732597
2025-03-18,575068.1256499997,175067.55049999975,400000.57514999993,0.6955707633732597
2025-03-19,575068.1256499997,175067.55049999975,400000.57514999993,0.6955707633732597
2025-03-20,575068.1256499997,175067.55049999975,400000.57514999993,0.6955707633732597
2025-03-21,575068.1256499997,175067.55049999975,400000.57514999993,0.6955707633732597
2025-03-24,575192.7837499997,56.208599999779835,575136.5751499999,0.9999022786766668
2025-03-25,571487.9837499998,56.208599999779835,571431.77515,0.9999016451761051
2025-03-26,572329.9837499998,56.208599999779835,572273.77515,0.9999017898736818
2025-03-27,573845.5837499998,56.208599999779835,573789.37515,0.9999020492592581
2025-03-28,572666.7837499997,56.208599999779835,572610.5751499999,0.999901847633572
2025-03-31,571993.1837499997,56.208599999779835,571936.97515,0.9999017320457715
2025-04-01,570477.5837499998,56.208599999779835,570421.37515,0.9999014709751954
2025-04-02,570645.9837499998,56.208599999779835,570589.77515,0.9999015000515199
2025-04-03,566099.1837499997,56.208599999779835,566042.97515,0.9999007089188374
2025-04-07,549427.5837499998,56.208599999779835,549371.37515,0.9998976960719443
2025-04-08,544712.3837499998,56.208599999779835,544656.17515,0.9998968104972888
2025-04-09,547911.9837499998,56.208599999779835,547855.77515,0.999897413085191
2025-04-10,552121.9837499998,56.208599999779835,552065.77515,0.9998981953233993
2025-04-11,555995.1837499997,56.208599999779835,555938.97515,0.9998989045199624
2025-04-14,557005.5837499998,56.208599999779835,556949.37515,0.9998990879056878
2025-04-15,555826.7837499997,56.208599999779835,555770.5751499999,0.999898873890854
2025-04-16,553637.5837499998,56.208599999779835,553581.37515,0.9998984740168486
2025-04-17,553132.3837499998,56.208599999779835,553076.17515,0.9998983812887274
2025-04-18,553300.7837499997,56.208599999779835,553244.5751499999,0.999898412216916
2025-04-21,556500.3837499998,56.208599999779835,556444.17515,0.9998989962960654
2025-04-22,554311.1837499997,56.208599999779835,554254.97515,0.9998985973914155
2025-04-23,557847.5837499998,56.208599999779835,557791.37515,0.9998992402196637
2025-04-24,555826.7837499997,56.208599999779835,555770.5751499999,0.999898873890854
2025-04-25,556500.3837499998,56.208599999779835,556444.17515,0.9998989962960654
2025-04-28,555826.7837499997,56.208599999779835,555770.5751499999,0.999898873890854
2025-04-29,557005.5837499998,56.208599999779835,556949.37515,0.9998990879056878
2025-04-30,560541.9837499998,56.208599999779835,560485.77515,0.9998997245494017
2025-05-06,564415.1837499997,56.208599999779835,564358.97515,0.9999004126720576
2025-05-07,564879.1678499997,164878.59269999978,400000.57514999993,0.708117059215428
2025-05-08,564879.1678499997,164878.59269999978,400000.57514999993,0.708117059215428
2025-05-09,564879.1678499997,164878.59269999978,400000.57514999993,0.708117059215428
2025-05-12,564879.1678499997,164878.59269999978,400000.57514999993,0.708117059215428
2025-05-13,564879.1678499997,164878.59269999978,400000.57514999993,0.708117059215428
2025-05-14,564879.1678499997,164878.59269999978,400000.57514999993,0.708117059215428
2025-05-15,564879.1678499997,164878.59269999978,400000.57514999993,0.708117059215428
2025-05-16,564879.1678499997,164878.59269999978,400000.57514999993,0.708117059215428
2025-05-19,564879.1678499997,164878.59269999978,400000.57514999993,0.708117059215428
2025-05-20,564879.1678499997,164878.59269999978,400000.57514999993,0.708117059215428
2025-05-21,564879.1678499997,164878.59269999978,400000.57514999993,0.708117059215428
2025-05-22,564879.1678499997,164878.59269999978,400000.57514999993,0.708117059215428
2025-05-23,564879.1678499997,164878.59269999978,400000.57514999993,0.708117059215428
2025-05-26,564879.1678499997,164878.59269999978,400000.57514999993,0.708117059215428
2025-05-27,564879.1678499997,164878.59269999978,400000.57514999993,0.708117059215428
2025-05-28,564879.1678499997,164878.59269999978,400000.57514999993,0.708117059215428
2025-05-29,564879.1678499997,164878.59269999978,400000.57514999993,0.708117059215428
2025-05-30,564879.1678499997,164878.59269999978,400000.57514999993,0.708117059215428
2025-06-03,564879.1678499997,164878.59269999978,400000.57514999993,0.708117059215428
2025-06-04,565119.9605999996,8.385449999768753,565111.5751499999,0.9999851616460498
2025-06-05,564555.9605999996,8.385449999768753,564547.5751499999,0.9999851468223083
2025-06-06,564414.9605999996,8.385449999768753,564406.5751499999,0.9999851431117439
2025-06-09,563991.9605999996,8.385449999768753,563983.5751499999,0.9999851319689189
2025-06-10,563286.9605999996,8.385449999768753,563278.5751499999,0.999985113360354
2025-06-11,563427.9605999996,8.385449999768753,563419.5751499999,0.9999851170857925
2025-06-12,562440.9605999996,8.385449999768753,562432.5751499999,0.9999850909684979
2025-06-13,559902.9605999996,8.385449999768753,559894.5751499999,0.9999850233869263
2025-06-16,559197.9605999996,8.385449999768753,559189.5751499999,0.9999850045053978
2025-06-17,559338.9605999996,8.385449999768753,559330.5751499999,0.9999850082855113
2025-06-18,559197.9605999996,8.385449999768753,559189.5751499999,0.9999850045053978
2025-06-19,558069.9605999996,8.385449999768753,558061.5751499999,0.9999849741957251
2025-06-20,559056.9605999996,8.385449999768753,559048.5751499999,0.9999850007233776
2025-06-23,557928.9605999999,8.385449999768753,557920.5751500002,0.9999849703983986
2025-06-24,559620.9605999996,8.385449999768753,559612.5751499999,0.9999850158400237
2025-06-25,560889.9605999996,8.385449999768753,560881.5751499999,0.9999850497413241
2025-06-26,560607.9605999996,8.385449999768753,560599.5751499999,0.9999850422209654
2025-06-27,559620.9605999996,8.385449999768753,559612.5751499999,0.9999850158400237
2025-06-30,560043.9605999996,8.385449999768753,560035.5751499999,0.9999850271575276
2025-07-01,560043.9605999996,8.385449999768753,560035.5751499999,0.9999850271575276
2025-07-02,560748.9605999996,8.385449999768753,560740.5751499999,0.9999850459820903
2025-07-03,561453.9605999996,8.385449999768753,561445.5751499999,0.9999850647593781
2025-07-04,561594.9605999996,8.385449999768753,561586.5751499999,0.9999850685091783
2025-07-07,560607.9605999996,8.385449999768753,560599.5751499999,0.9999850422209654
2025-07-08,561030.9605999996,8.385449999768753,561022.5751499999,0.9999850534986683
2025-07-09,561453.9605999996,8.385449999768753,561445.5751499999,0.9999850647593781
2025-07-10,561453.9605999996,8.385449999768753,561445.5751499999,0.9999850647593781
2025-07-11,562541.3173499998,162540.74219999978,400000.57515000005,0.7110599040694627
2025-07-14,562541.3173499998,162540.74219999978,400000.57515000005,0.7110599040694627
2025-07-15,562541.3173499998,162540.74219999978,400000.57515000005,0.7110599040694627
2025-07-16,562541.3173499998,162540.74219999978,400000.57515000005,0.7110599040694627
2025-07-17,562541.3173499998,162540.74219999978,400000.57515000005,0.7110599040694627
2025-07-18,562541.3173499998,162540.74219999978,400000.57515000005,0.7110599040694627
2025-07-21,562541.3173499998,162540.74219999978,400000.57515000005,0.7110599040694627
2025-07-22,562541.3173499998,162540.74219999978,400000.57515000005,0.7110599040694627
2025-07-23,562541.3173499998,162540.74219999978,400000.57515000005,0.7110599040694627
2025-07-24,562541.3173499998,162540.74219999978,400000.57515000005,0.7110599040694627
2025-07-25,562541.3173499998,162540.74219999978,400000.57515000005,0.7110599040694627
2025-07-28,562541.3173499998,162540.74219999978,400000.57515000005,0.7110599040694627
2025-07-29,562541.3173499998,162540.74219999978,400000.57515000005,0.7110599040694627
2025-07-30,562541.3173499998,162540.74219999978,400000.57515000005,0.7110599040694627
2025-07-31,562541.3173499998,162540.74219999978,400000.57515000005,0.7110599040694627
2025-08-01,562541.3173499998,162540.74219999978,400000.57515000005,0.7110599040694627
2025-08-04,562541.3173499998,162540.74219999978,400000.57515000005,0.7110599040694627
2025-08-05,562541.3173499998,162540.74219999978,400000.57515000005,0.7110599040694627
2025-08-06,562541.3173499998,162540.74219999978,400000.57515000005,0.7110599040694627
2025-08-07,562541.3173499998,162540.74219999978,400000.57515000005,0.7110599040694627
2025-08-08,562541.3173499998,162540.74219999978,400000.57515000005,0.7110599040694627
2025-08-11,562541.3173499998,162540.74219999978,400000.57515000005,0.7110599040694627
2025-08-12,562541.3173499998,162540.74219999978,400000.57515000005,0.7110599040694627
2025-08-13,562541.3173499998,162540.74219999978,400000.57515000005,0.7110599040694627
2025-08-14,562541.3173499998,162540.74219999978,400000.57515000005,0.7110599040694627
2025-08-15,562541.3173499998,162540.74219999978,400000.57515000005,0.7110599040694627
2025-08-18,562541.3173499998,162540.74219999978,400000.57515000005,0.7110599040694627
2025-08-19,562541.3173499998,162540.74219999978,400000.57515000005,0.7110599040694627
2025-08-20,562541.3173499998,162540.74219999978,400000.57515000005,0.7110599040694627
2025-08-21,562541.3173499998,162540.74219999978,400000.57515000005,0.7110599040694627
2025-08-22,562541.3173499998,162540.74219999978,400000.57515000005,0.7110599040694627
2025-08-25,562541.3173499998,162540.74219999978,400000.57515000005,0.7110599040694627
2025-08-26,562541.3173499998,162540.74219999978,400000.57515000005,0.7110599040694627
2025-08-27,562541.3173499998,162540.74219999978,400000.57515000005,0.7110599040694627
2025-08-28,562541.3173499998,162540.74219999978,400000.57515000005,0.7110599040694627
2025-08-29,562541.3173499998,162540.74219999978,400000.57515000005,0.7110599040694627
2025-09-01,562541.3173499998,162540.74219999978,400000.57515000005,0.7110599040694627
2025-09-02,565647.8987999997,25.923649999749614,565621.97515,0.9999541699879824
2025-09-03,563287.4987999997,25.923649999749614,563261.5751499999,0.9999539779418947
2025-09-04,564861.0987999998,25.923649999749614,564835.17515,0.9999541061509549
2025-09-05,563287.4987999997,25.923649999749614,563261.5751499999,0.9999539779418947
2025-09-08,562500.6987999998,25.923649999749614,562474.77515,0.9999539135683652
2025-09-09,563680.8987999997,25.923649999749614,563654.97515,0.9999540100612687
2025-09-10,563877.5987999998,25.923649999749614,563851.67515,0.9999540261041493
2025-09-11,564664.3987999997,25.923649999749614,564638.47515,0.9999540901639011
2025-09-12,562107.2987999998,25.923649999749614,562081.37515,0.9999538813140212
2025-09-15,560533.6987999998,25.923649999749614,560507.77515,0.9999537518439029
2025-09-16,558960.0987999998,25.923649999749614,558934.17515,0.9999536216448089
2025-09-17,558369.9987999997,25.923649999749614,558344.0751499999,0.9999535726309517
2025-09-18,555419.4987999997,25.923649999749614,555393.5751499999,0.9999533259994369
2025-09-19,555812.8987999997,25.923649999749614,555786.97515,0.9999533590349275
2025-09-22,554239.2987999998,25.923649999749614,554213.37515,0.9999532266115811
2025-09-23,556206.2987999998,25.923649999749614,556180.37515,0.9999533920236867
2025-09-24,555812.8987999997,25.923649999749614,555786.97515,0.9999533590349275
2025-09-25,555026.0987999998,25.923649999749614,555000.17515,0.9999532929171154
2025-09-26,555222.7987999998,25.923649999749614,555196.87515,0.9999533094641362
2025-09-29,554632.6987999998,25.923649999749614,554606.77515,0.9999532597878634
2025-09-30,553059.0987999998,25.923649999749614,553033.17515,0.9999531267995482
2025-10-09,552862.3987999997,25.923649999749614,552836.47515,0.9999531101227791
2025-10-10,553452.4987999997,25.923649999749614,553426.5751499999,0.9999531601175241
2025-10-13,554829.3987999997,25.923649999749614,554803.47515,0.999953276358362
2025-10-14,558566.6987999998,25.923649999749614,558540.77515,0.999953588980411
2025-10-15,559353.4987999997,25.923649999749614,559327.5751499999,0.9999536542632603
2025-10-16,561713.8987999997,25.923649999749614,561687.97515,0.999953849014498
2025-10-17,561517.1987999998,25.923649999749614,561491.27515,0.9999538328477646
2025-10-20,561123.7987999998,25.923649999749614,561097.87515,0.9999538004802947
2025-10-21,561713.8987999997,25.923649999749614,561687.97515,0.999953849014498
2025-10-22,563090.7987999998,25.923649999749614,563064.87515,0.9999539618653777
2025-10-23,564623.2393249997,164622.66417499975,400000.57515,0.7084380296287411
2025-10-24,564623.2393249997,164622.66417499975,400000.57515,0.7084380296287411
2025-10-27,564623.2393249997,164622.66417499975,400000.57515,0.7084380296287411
2025-10-28,564623.2393249997,164622.66417499975,400000.57515,0.7084380296287411
2025-10-29,564623.2393249997,164622.66417499975,400000.57515,0.7084380296287411
2025-10-30,564623.2393249997,164622.66417499975,400000.57515,0.7084380296287411
2025-10-31,564623.2393249997,164622.66417499975,400000.57515,0.7084380296287411
2025-11-03,564623.2393249997,164622.66417499975,400000.57515,0.7084380296287411
2025-11-04,564623.2393249997,164622.66417499975,400000.57515,0.7084380296287411
2025-11-05,564623.2393249997,164622.66417499975,400000.57515,0.7084380296287411
2025-11-06,564623.2393249997,164622.66417499975,400000.57515,0.7084380296287411
2025-11-07,564623.2393249997,164622.66417499975,400000.57515,0.7084380296287411
2025-11-10,564623.2393249997,164622.66417499975,400000.57515,0.7084380296287411
2025-11-11,564623.2393249997,164622.66417499975,400000.57515,0.7084380296287411
2025-11-12,563045.8006249997,26.725474999751896,563019.0751499999,0.9999525341011867
2025-11-13,565435.6006249997,26.725474999751896,565408.87515,0.9999527347146692
2025-11-14,561338.8006249997,26.725474999751896,561312.0751499999,0.9999523897600344
2025-11-17,563728.6006249997,26.725474999751896,563701.87515,0.9999525915928869
2025-11-18,565094.2006249997,26.725474999751896,565067.47515,0.999952706159486
2025-11-19,563216.5006249998,26.725474999751896,563189.77515,0.9999525484871802
2025-11-20,561680.2006249997,26.725474999751896,561653.47515,0.9999524186984515
2025-11-21,556900.6006249997,26.725474999751896,556873.87515,0.9999520103318801
2025-11-24,560826.7006249997,26.725474999751896,560799.97515,0.9999523462863484
2025-11-25,562192.3006249997,26.725474999751896,562165.5751499999,0.9999524620401773
2025-11-26,562363.0006249998,26.725474999751896,562336.27515,0.999952476469878
2025-11-27,560826.7006249997,26.725474999751896,560799.97515,0.9999523462863484
2025-11-28,561850.9006249998,26.725474999751896,561824.17515,0.9999524331544721
2025-12-01,563216.5006249998,26.725474999751896,563189.77515,0.9999525484871802
2025-12-02,560826.7006249997,26.725474999751896,560799.97515,0.9999523462863484
2025-12-03,557412.7006249997,26.725474999751896,557385.97515,0.9999520544204146
2025-12-04,558436.9006249998,26.725474999751896,558410.17515,0.9999521423549019
2025-12-05,559119.7006249997,26.725474999751896,559092.97515,0.9999522007989168
2025-12-08,560826.7006249997,26.725474999751896,560799.97515,0.9999523462863484
2025-12-09,560143.9006249998,26.725474999751896,560117.17515,0.9999522881977829
2025-12-10,556900.6006249997,26.725474999751896,556873.87515,0.9999520103318801
2025-12-11,555022.9006249998,26.725474999751896,554996.17515,0.9999518479778589
2025-12-12,556559.2006249997,26.725474999751896,556532.47515,0.9999519808944498
2025-12-15,554340.1006249997,26.725474999751896,554313.37515,0.9999517886673368
2025-12-16,551438.2006249997,26.725474999751896,551411.47515,0.9999515349590046
2025-12-17,554510.8006249997,26.725474999751896,554484.0751499999,0.9999518035086609
2025-12-18,552974.5006249998,26.725474999751896,552947.77515,0.9999516696068814
2025-12-19,553657.3006249997,26.725474999751896,553630.5751499999,0.999951729210525
2025-12-22,555022.9006249998,26.725474999751896,554996.17515,0.9999518479778589
2025-12-23,554169.4006249998,26.725474999751896,554142.67515,0.9999517738168697
2025-12-24,555535.0006249998,26.725474999751896,555508.27515,0.9999518923650721
2025-12-25,556900.6006249997,26.725474999751896,556873.87515,0.9999520103318801
2025-12-26,557583.4006249998,26.725474999751896,557556.67515,0.9999520690985962
2025-12-29,558095.5006249998,26.725474999751896,558068.77515,0.9999521130792672
2025-12-30,558607.6006249997,26.725474999751896,558580.87515,0.9999521569793002
2025-12-31,560314.6006249997,26.725474999751896,560287.87515,0.9999523027331968
2026-01-05,562322.4166999997,162321.84154999975,400000.57514999993,0.7113367051902559
2026-01-06,562322.4166999997,162321.84154999975,400000.57514999993,0.7113367051902559
2026-01-07,562322.4166999997,162321.84154999975,400000.57514999993,0.7113367051902559
2026-01-08,562322.4166999997,162321.84154999975,400000.57514999993,0.7113367051902559
2026-01-09,562322.4166999997,162321.84154999975,400000.57514999993,0.7113367051902559
2026-01-12,562322.4166999997,162321.84154999975,400000.57514999993,0.7113367051902559
2026-01-13,562322.4166999997,162321.84154999975,400000.57514999993,0.7113367051902559
2026-01-14,562322.4166999997,162321.84154999975,400000.57514999993,0.7113367051902559
2026-01-15,562322.4166999997,162321.84154999975,400000.57514999993,0.7113367051902559
2026-01-16,562322.4166999997,162321.84154999975,400000.57514999993,0.7113367051902559
2026-01-19,561663.2468499998,1.871699999755947,561661.37515,0.9999966675761495
2026-01-20,562900.4468499997,1.871699999755947,562898.5751499999,0.9999966749004904
2026-01-21,560426.0468499998,1.871699999755947,560424.17515,0.99999666021947
2026-01-22,559807.4468499997,1.871699999755947,559805.5751499999,0.9999966565289363
2026-01-23,558157.8468499997,1.871699999755947,558155.97515,0.9999966466475203
2026-01-26,558982.6468499998,1.871699999755947,558980.77515,0.9999966515955185
2026-01-27,558776.4468499997,1.871699999755947,558774.5751499999,0.9999966503598884
2026-01-28,557745.4468499997,1.871699999755947,557743.5751499999,0.9999966441680334
2026-01-29,560426.0468499998,1.871699999755947,560424.17515,0.99999666021947
2026-01-30,559807.4468499997,1.871699999755947,559805.5751499999,0.9999966565289363
2026-02-02,560013.6468499998,1.871699999755947,560011.77515,0.9999966577600201
2026-02-03,558364.0468499998,1.871699999755947,558362.17515,0.9999966478858903
2026-02-04,560632.2468499998,1.871699999755947,560630.37515,0.999996661447838
2026-02-05,563312.8468499997,1.871699999755947,563310.97515,0.9999966773347878
2026-02-06,562900.4468499997,1.871699999755947,562898.5751499999,0.9999966749004904
2026-02-09,563312.8468499997,1.871699999755947,563310.97515,0.9999966773347878
2026-02-10,563725.2468499998,1.871699999755947,563723.37515,0.9999966797655236
2026-02-11,564137.6468499998,1.871699999755947,564135.77515,0.9999966821927055
2026-02-12,561663.2468499998,1.871699999755947,561661.37515,0.9999966675761495
2026-02-13,560632.2468499998,1.871699999755947,560630.37515,0.999996661447838
2026-02-24,560219.8468499997,1.871699999755947,560217.97515,0.9999966589901976
2026-02-25,559601.2468499998,1.871699999755947,559599.37515,0.9999966552969453
2026-02-26,559188.8468499997,1.871699999755947,559186.97515,0.9999966528302373
2026-02-27,559395.0468499998,1.871699999755947,559393.17515,0.9999966540640459
2026-03-02,560219.8468499997,1.871699999755947,560217.97515,0.9999966589901976
2026-03-03,561663.2468499998,1.871699999755947,561661.37515,0.9999966675761495
2026-03-04,559807.4468499997,1.871699999755947,559805.5751499999,0.9999966565289363
2026-03-05,561457.0468499998,1.871699999755947,561455.17515,0.9999966663522877
2026-03-06,561663.2468499998,1.871699999755947,561661.37515,0.9999966675761495
2026-03-09,560426.0468499998,1.871699999755947,560424.17515,0.99999666021947
2026-03-10,560632.2468499998,1.871699999755947,560630.37515,0.999996661447838
2026-03-11,562075.6468499998,1.871699999755947,562073.77515,0.9999966700211791
2026-03-12,563519.0468499998,1.871699999755947,563517.17515,0.9999966785506005
2026-03-13,564715.0583999997,164714.4832499998,400000.57514999993,0.708322842113183
2026-03-16,564771.4133999997,93.33824999979697,564678.0751499999,0.9998347326939976
2026-03-17,559701.4133999997,93.33824999979697,559608.0751499999,0.9998332356364212
2026-03-18,567306.4133999997,93.33824999979697,567213.0751499999,0.9998354711884175
2026-03-19,564381.4133999997,93.33824999979697,564288.0751499999,0.9998346184906454
2026-03-20,560871.4133999997,93.33824999979697,560778.0751499999,0.9998335835134938
2026-03-23,553461.4133999997,93.33824999979697,553368.0751499999,0.9998313554518166
2026-03-24,555216.4133999997,93.33824999979697,555123.0751499999,0.9998318885253622
2026-03-25,557361.4133999997,93.33824999979697,557268.0751499999,0.9998325355007437
2026-03-26,555898.9133999997,93.33824999979697,555805.5751499999,0.999832094922746
2026-03-27,555313.9133999997,93.33824999979697,555220.5751499999,0.9998319180417643
2026-03-30,559896.4133999997,93.33824999979697,559803.0751499999,0.9998332937168984
2026-03-31,559018.9133999997,93.33824999979697,558925.5751499999,0.9998330320356567
2026-04-01,559116.4133999997,93.33824999979697,559023.0751499999,0.9998330611519125
2026-04-02,554923.9133999997,93.33824999979697,554830.5751499999,0.9998317999139235
2026-04-03,553948.9133999997,93.33824999979697,553855.5751499999,0.9998315038666167
2026-04-07,552681.4133999997,93.33824999979697,552588.0751499999,0.9998311174435457
2026-04-08,563211.4133999997,93.33824999979697,563118.0751499999,0.999834274931617
2026-04-09,562236.4133999997,93.33824999979697,562143.0751499999,0.9998339875401606
2026-04-10,562821.4133999997,93.33824999979697,562728.0751499999,0.999834160094521
2026-04-13,563503.9133999997,93.33824999979697,563410.5751499999,0.9998343609551235
2026-04-14,568531.7933999998,168531.2182499998,400000.57515000005,0.7035676452813134
2026-04-15,568531.7933999998,168531.2182499998,400000.57515000005,0.7035676452813134
2026-04-16,568531.7933999998,168531.2182499998,400000.57515000005,0.7035676452813134
2026-04-17,568531.7933999998,168531.2182499998,400000.57515000005,0.7035676452813134
2026-04-20,568531.7933999998,168531.2182499998,400000.57515000005,0.7035676452813134
2026-04-21,568531.7933999998,168531.2182499998,400000.57515000005,0.7035676452813134
2026-04-22,568531.7933999998,168531.2182499998,400000.57515000005,0.7035676452813134
2026-04-23,568531.7933999998,168531.2182499998,400000.57515000005,0.7035676452813134
2026-04-24,568531.7933999998,168531.2182499998,400000.57515000005,0.7035676452813134
2026-04-27,568531.7933999998,168531.2182499998,400000.57515000005,0.7035676452813134
2026-04-28,568531.7933999998,168531.2182499998,400000.57515000005,0.7035676452813134
2026-04-29,568531.7933999998,168531.2182499998,400000.57515000005,0.7035676452813134
2026-04-30,568531.7933999998,168531.2182499998,400000.57515000005,0.7035676452813134
2026-05-06,568531.7933999998,168531.2182499998,400000.57515000005,0.7035676452813134
2026-05-07,568531.7933999998,168531.2182499998,400000.57515000005,0.7035676452813134
2026-05-08,568531.7933999998,168531.2182499998,400000.57515000005,0.7035676452813134
2026-05-11,568531.7933999998,168531.2182499998,400000.57515000005,0.7035676452813134
2026-05-12,568531.7933999998,168531.2182499998,400000.57515000005,0.7035676452813134
2026-05-13,568531.7933999998,168531.2182499998,400000.57515000005,0.7035676452813134
2026-05-14,568531.7933999998,168531.2182499998,400000.57515000005,0.7035676452813134
2026-05-15,568531.7933999998,168531.2182499998,400000.57515000005,0.7035676452813134
2026-05-18,568531.7933999998,168531.2182499998,400000.57515000005,0.7035676452813134
2026-05-19,568757.2798499998,34.90469999978086,568722.37515,0.9999386298844227
2026-05-20,567954.4798499998,34.90469999978086,567919.5751499999,0.9999385431381594
2026-05-21,564877.0798499999,34.90469999978086,564842.17515,0.999938208326652
2026-05-22,565412.2798499998,34.90469999978086,565377.37515,0.9999382668165447
2026-05-25,564341.8798499997,34.90469999978086,564306.9751499998,0.9999381497258203
2026-05-26,566081.2798499998,34.90469999978086,566046.37515,0.9999383397733819
2026-05-27,563271.4798499998,34.90469999978086,563236.5751499999,0.9999380321900744
2026-05-28,562334.8798499999,34.90469999978086,562299.9751500001,0.9999379289792425
2026-05-29,563539.0798499999,34.90469999978086,563504.17515,0.9999380616158703
2026-06-01,564475.6798499997,34.90469999978086,564440.7751499999,0.999938164386446
2026-06-02,564208.0798499999,34.90469999978086,564173.17515,0.999938135058241
2026-06-03,563539.0798499999,34.90469999978086,563504.17515,0.9999380616158703
2026-06-04,560996.8798499999,34.90469999978086,560961.9751500001,0.999937780937375
2026-06-05,559658.8798499997,34.90469999978086,559623.9751499998,0.9999376321876476
2026-06-08,556849.0798499999,34.90469999978086,556814.17515,0.9999373174864378
2026-06-09,556715.2798499998,34.90469999978086,556680.37515,0.9999373024214294
2026-06-10,554842.0798499999,34.90469999978086,554807.17515,0.9999370907483994
2026-06-11,555511.0798499999,34.90469999978086,555476.17515,0.9999371665097855
2026-06-12,557651.8798499997,34.90469999978086,557616.9751499998,0.9999374077246737
2026-06-15,556581.4798499998,34.90469999978086,556546.5751499999,0.999937287349178
2026-06-16,553236.4798499998,34.90469999978086,553201.5751499999,0.9999369081735006
2026-06-17,552701.2798499998,34.90469999978086,552666.37515,0.999936847079476
2026-06-18,550694.2798499998,34.90469999978086,550659.37515,0.9999366169192654
2026-06-22,552299.8798499997,34.90469999978086,552264.9751499998,0.9999368011812544
2026-06-23,548687.2798499998,34.90469999978086,548652.37515,0.9999363850752848
2026-06-24,546814.0798499999,34.90469999978086,546779.17515,0.9999361671520796
2026-06-25,545342.2798499998,34.90469999978086,545307.37515,0.9999359948764481
2026-06-26,542131.0798499999,34.90469999978086,542096.17515,0.9999356157554932
2026-06-29,543335.2798499998,34.90469999978086,543300.37515,0.9999357584510075
2026-06-30,541997.2798499998,34.90469999978086,541962.37515,0.9999355998612954
2026-07-01,544673.2798499998,34.90469999978086,544638.37515,0.9999359162615624
2026-07-02,544138.0798499999,34.90469999978086,544103.17515,0.9999358532304715
2026-07-03,546947.8798499999,34.90469999978086,546912.9751500001,0.9999361827675255
2026-07-06,548954.8798499997,34.90469999978086,548919.9751499998,0.999936416085764
2026-07-07,546278.8798499997,34.90469999978086,546243.9751499998,0.999936104613802
2026-07-08,545877.4798499998,34.90469999978086,545842.5751499999,0.9999360576296179
2026-07-09,544271.8798499999,34.90469999978086,544236.9751500001,0.9999358689998655
2026-07-10,546278.8798499997,34.90469999978086,546243.9751499998,0.999936104613802
2026-07-13,545074.6798499997,34.90469999978086,545039.7751499999,0.9999359634536511
2026-07-14,548954.8798499997,34.90469999978086,548919.9751499998,0.999936416085764
2026-07-15,551363.2798499998,34.90469999978086,551328.37515,0.9999366938255131
2026-07-16,549356.2798499998,34.90469999978086,549321.37515,0.9999364625448364
2026-07-17,548553.4798499998,34.90469999978086,548518.5751499999,0.9999363695586994
2026-07-20,551994.2806499999,151993.7054999998,400000.57515000005,0.7246462312598241
2026-07-21,557648.5281749999,145.8530249998148,557502.67515,0.9997384499059342
2026-07-22,555393.1281749998,145.8530249998148,555247.27515,0.9997373877752519
2026-07-23,556628.2281749998,145.8530249998148,556482.37515,0.9997379704843966
2026-07-24,552224.8281749998,145.8530249998148,552078.97515,0.9997358810803892
2026-07-27,557487.4281749998,145.8530249998148,557341.5751499999,0.9997383743244627
2026-07-28,553084.0281749999,145.8530249998148,552938.17515,0.9997362913814721
2026-07-29,554695.0281749999,145.8530249998148,554549.17515,0.9997370572700467
2026-07-30,550399.0281749999,145.8530249998148,550253.17515,0.9997350049372662
2026-07-31,553943.2281749998,145.8530249998148,553797.37515,0.9997367004097507
2026-08-03,554104.3281749998,145.8530249998148,553958.47515,0.9997367769613347
2026-08-04,558185.5281749999,145.8530249998148,558039.67515,0.9997387015290835
2026-08-05,563125.9281749998,145.8530249998148,562980.0751499999,0.999740993945222
2026-08-06,563877.7281749998,145.8530249998148,563731.87515,0.9997413392696465
2026-08-07,567207.1281749998,145.8530249998148,567061.27515,0.9997428575598668
2026-08-10,568173.7281749998,145.8530249998148,568027.87515,0.9997432950209291
2026-08-11,567690.4281749998,145.8530249998148,567544.5751499999,0.9997430764766129
2026-08-12,569623.6281749998,145.8530249998148,569477.77515,0.9997439484287772
2026-08-13,568120.0281749999,145.8530249998148,567974.17515,0.9997432707565893
2026-08-14,569032.9281749998,145.8530249998148,568887.0751499999,0.999743682627528
2026-08-17,573328.9281749998,145.8530249998148,573183.0751499999,0.9997456032343176
2026-08-18,572684.5281749999,145.8530249998148,572538.67515,0.9997453169802498
2026-08-19,563824.0281749999,145.8530249998148,563678.17515,0.9997413146341564
2026-08-20,565220.2281749998,145.8530249998148,565074.37515,0.99974195363554
2026-08-21,565542.4281749998,145.8530249998148,565396.5751499999,0.999742100649335
2026-08-24,563394.4281749998,145.8530249998148,563248.5751499999,0.9997411173811706
2026-08-25,563824.0281749999,145.8530249998148,563678.17515,0.9997413146341564
2026-08-26,564414.7281749998,145.8530249998148,564268.87515,0.9997415853667189
2026-08-27,568603.3281749998,145.8530249998148,568457.47515,0.9997434889706538
2026-08-28,568066.3281749998,145.8530249998148,567920.47515,0.9997432464876621
2026-08-31,569247.7281749998,145.8530249998148,569101.87515,0.9997437793463534
2026-09-01,567797.8281749998,145.8530249998148,567651.97515,0.9997431250741683
2026-09-02,565435.0281749999,145.8530249998148,565289.17515,0.9997420516633527
2026-09-03,565864.6281749998,145.8530249998148,565718.77515,0.9997422474957125
