date,eligible_count,n_signal,open_positions,n_entries,n_exits,invested_pct
2006-05-15,1,0,0,0,0,0.0
2006-05-16,1,0,0,0,0,0.0
2006-05-17,1,0,0,0,0,0.0
2006-05-18,1,0,0,0,0,0.0
2006-05-19,1,0,0,0,0,0.0
2006-05-22,1,0,0,0,0,0.0
2006-05-23,1,0,0,0,0,0.0
2006-05-24,1,0,0,0,0,0.0
2006-05-25,1,0,0,0,0,0.0
2006-05-26,1,0,0,0,0,0.0
2006-05-29,1,0,0,0,0,0.0
2006-05-30,1,0,0,0,0,0.0
2006-05-31,1,0,0,0,0,0.0
2006-06-01,1,0,0,0,0,0.0
2006-06-02,1,0,0,0,0,0.0
2006-06-05,1,0,0,0,0,0.0
2006-06-06,1,0,0,0,0,0.0
2006-06-07,1,0,0,0,0,0.0
2006-06-08,1,0,0,0,0,0.0
2006-06-09,1,0,0,0,0,0.0
2006-06-12,1,0,0,0,0,0.0
2006-06-13,1,0,0,0,0,0.0
2006-06-14,1,0,0,0,0,0.0
2006-06-15,1,0,0,0,0,0.0
2006-06-16,1,0,0,0,0,0.0
2006-06-19,1,0,0,0,0,0.0
2006-06-20,1,0,0,0,0,0.0
2006-06-21,1,0,0,0,0,0.0
2006-06-22,1,0,0,0,0,0.0
2006-06-23,1,0,0,0,0,0.0
2006-06-26,1,0,0,0,0,0.0
2006-06-27,1,0,0,0,0,0.0
2006-06-28,1,0,0,0,0,0.0
2006-06-29,1,0,0,0,0,0.0
2006-06-30,1,0,0,0,0,0.0
2006-07-03,1,0,0,0,0,0.0
2006-07-04,1,0,0,0,0,0.0
2006-07-05,1,0,0,0,0,0.0
2006-07-06,1,0,0,0,0,0.0
2006-07-07,1,0,0,0,0,0.0
2006-07-10,1,0,0,0,0,0.0
2006-07-11,1,0,0,0,0,0.0
2006-07-12,1,0,0,0,0,0.0
2006-07-13,1,0,0,0,0,0.0
2006-07-14,1,0,0,0,0,0.0
2006-07-17,1,0,0,0,0,0.0
2006-07-18,1,0,0,0,0,0.0
2006-07-19,1,0,0,0,0,0.0
2006-07-20,1,0,0,0,0,0.0
2006-07-21,2,0,0,0,0,0.0
2006-07-24,2,0,0,0,0,0.0
2006-07-25,2,0,0,0,0,0.0
2006-07-26,2,0,0,0,0,0.0
2006-07-27,2,0,0,0,0,0.0
2006-07-28,2,0,0,0,0,0.0
2006-07-31,2,1,0,0,0,0.0
2006-08-01,2,2,1,1,0,0.19818089974718403
2006-08-02,2,1,2,1,0,0.3965896419987274
2006-08-03,2,0,2,1,0,0.5970565433144345
2006-08-04,2,1,2,0,0,0.5922656290482867
2006-08-07,2,2,2,1,0,0.7933139277194149
2006-08-08,2,0,2,1,0,0.9998886082285764
2006-08-09,2,0,2,0,0,0.999888568793044
2006-08-10,2,0,2,0,0,0.9998900745277276
2006-08-11,2,0,2,0,0,0.9998900414628995
2006-08-14,2,0,2,0,0,0.9998883734102422
2006-08-15,2,0,2,0,0,0.9998896936014943
2006-08-16,2,0,2,0,0,0.9998911557059066
2006-08-17,2,0,2,0,0,0.9998901033131077
2006-08-18,2,0,2,0,0,0.999890126753069
2006-08-21,2,0,2,0,0,0.9998900126451051
2006-08-22,2,0,2,0,0,0.9998913737660815
2006-08-23,2,0,2,0,0,0.9998914985732403
2006-08-24,2,0,2,0,0,0.9998919084129053
2006-08-25,2,0,2,0,0,0.9998923744875535
2006-08-28,2,0,0,0,2,0.0
2006-08-29,2,0,0,0,0,0.0
2006-08-30,2,0,0,0,0,0.0
2006-08-31,2,0,0,0,0,0.0
2006-09-01,2,0,0,0,0,0.0
2006-09-04,2,0,0,0,0,0.0
2006-09-05,2,0,0,0,0,0.0
2006-09-06,1,0,0,0,0,0.0
2006-09-07,1,0,0,0,0,0.0
2006-09-08,1,0,0,0,0,0.0
2006-09-11,1,0,0,0,0,0.0
2006-09-12,1,0,0,0,0,0.0
2006-09-13,1,0,0,0,0,0.0
2006-09-14,1,0,0,0,0,0.0
2006-09-15,1,0,0,0,0,0.0
2006-09-18,1,0,0,0,0,0.0
2006-09-19,1,0,0,0,0,0.0
2006-09-20,1,0,0,0,0,0.0
2006-09-21,1,0,0,0,0,0.0
2006-09-22,1,0,0,0,0,0.0
2006-09-25,1,0,0,0,0,0.0
2006-09-26,1,0,0,0,0,0.0
2006-09-27,1,0,0,0,0,0.0
2006-09-28,1,0,0,0,0,0.0
2006-09-29,1,0,0,0,0,0.0
2006-10-09,1,0,0,0,0,0.0
2006-10-10,1,0,0,0,0,0.0
2006-10-11,1,0,0,0,0,0.0
2006-10-12,1,0,0,0,0,0.0
2006-10-13,1,0,0,0,0,0.0
2006-10-16,1,0,0,0,0,0.0
2006-10-17,1,0,0,0,0,0.0
2006-10-18,1,0,0,0,0,0.0
2006-10-19,1,0,0,0,0,0.0
2006-10-20,1,0,0,0,0,0.0
2006-10-23,1,0,0,0,0,0.0
2006-10-24,1,0,0,0,0,0.0
2006-10-25,1,0,0,0,0,0.0
2006-10-26,1,0,0,0,0,0.0
2006-10-27,1,0,0,0,0,0.0
2006-10-30,1,0,0,0,0,0.0
2006-10-31,1,0,0,0,0,0.0
2006-11-01,1,0,0,0,0,0.0
2006-11-02,1,0,0,0,0,0.0
2006-11-03,1,0,0,0,0,0.0
2006-11-06,1,0,0,0,0,0.0
2006-11-07,1,0,0,0,0,0.0
2006-11-08,1,0,0,0,0,0.0
2006-11-09,1,0,0,0,0,0.0
2006-11-10,1,0,0,0,0,0.0
2006-11-13,1,0,0,0,0,0.0
2006-11-14,1,0,0,0,0,0.0
2006-11-15,1,0,0,0,0,0.0
2006-11-16,1,0,0,0,0,0.0
2006-11-17,1,0,0,0,0,0.0
2006-11-20,1,0,0,0,0,0.0
2006-11-21,1,0,0,0,0,0.0
2006-11-22,1,0,0,0,0,0.0
2006-11-23,1,0,0,0,0,0.0
2006-11-24,1,0,0,0,0,0.0
2006-11-27,1,0,0,0,0,0.0
2006-11-28,1,0,0,0,0,0.0
2006-11-29,1,0,0,0,0,0.0
2006-11-30,1,0,0,0,0,0.0
2006-12-01,1,0,0,0,0,0.0
2006-12-04,2,0,0,0,0,0.0
2006-12-05,2,0,0,0,0,0.0
2006-12-06,2,0,0,0,0,0.0
2006-12-07,2,0,0,0,0,0.0
2006-12-08,2,0,0,0,0,0.0
2006-12-11,2,0,0,0,0,0.0
2006-12-12,2,0,0,0,0,0.0
2006-12-13,2,0,0,0,0,0.0
2006-12-14,2,0,0,0,0,0.0
2006-12-15,2,0,0,0,0,0.0
2006-12-18,2,0,0,0,0,0.0
2006-12-19,2,0,0,0,0,0.0
2006-12-20,2,0,0,0,0,0.0
2006-12-21,2,0,0,0,0,0.0
2006-12-22,2,0,0,0,0,0.0
2006-12-25,2,0,0,0,0,0.0
2006-12-26,2,0,0,0,0,0.0
2006-12-27,2,0,0,0,0,0.0
2006-12-28,2,0,0,0,0,0.0
2006-12-29,2,0,0,0,0,0.0
2007-01-04,2,0,0,0,0,0.0
2007-01-05,2,0,0,0,0,0.0
2007-01-08,2,0,0,0,0,0.0
2007-01-09,2,0,0,0,0,0.0
2007-01-10,2,0,0,0,0,0.0
2007-01-11,2,0,0,0,0,0.0
2007-01-12,2,0,0,0,0,0.0
2007-01-15,2,0,0,0,0,0.0
2007-01-16,2,0,0,0,0,0.0
2007-01-17,2,0,0,0,0,0.0
2007-01-18,2,0,0,0,0,0.0
2007-01-19,2,0,0,0,0,0.0
2007-01-22,2,0,0,0,0,0.0
2007-01-23,2,0,0,0,0,0.0
2007-01-24,2,0,0,0,0,0.0
2007-01-25,2,0,0,0,0,0.0
2007-01-26,2,0,0,0,0,0.0
2007-01-29,2,0,0,0,0,0.0
2007-01-30,2,0,0,0,0,0.0
2007-01-31,2,0,0,0,0,0.0
2007-02-01,2,0,0,0,0,0.0
2007-02-02,2,0,0,0,0,0.0
2007-02-05,2,0,0,0,0,0.0
2007-02-06,2,0,0,0,0,0.0
2007-02-07,2,0,0,0,0,0.0
2007-02-08,2,0,0,0,0,0.0
2007-02-09,2,0,0,0,0,0.0
2007-02-12,2,0,0,0,0,0.0
2007-02-13,2,0,0,0,0,0.0
2007-02-14,2,0,0,0,0,0.0
2007-02-15,3,0,0,0,0,0.0
2007-02-16,3,0,0,0,0,0.0
2007-02-26,3,0,0,0,0,0.0
2007-02-27,3,0,0,0,0,0.0
2007-02-28,3,0,0,0,0,0.0
2007-03-01,3,0,0,0,0,0.0
2007-03-02,3,0,0,0,0,0.0
2007-03-05,3,0,0,0,0,0.0
2007-03-06,3,0,0,0,0,0.0
2007-03-07,3,0,0,0,0,0.0
2007-03-08,3,0,0,0,0,0.0
2007-03-09,3,0,0,0,0,0.0
2007-03-12,3,0,0,0,0,0.0
2007-03-13,3,0,0,0,0,0.0
2007-03-14,3,0,0,0,0,0.0
2007-03-15,3,0,0,0,0,0.0
2007-03-16,3,0,0,0,0,0.0
2007-03-19,3,0,0,0,0,0.0
2007-03-20,3,0,0,0,0,0.0
2007-03-21,3,0,0,0,0,0.0
2007-03-22,3,0,0,0,0,0.0
2007-03-23,3,0,0,0,0,0.0
2007-03-26,3,0,0,0,0,0.0
2007-03-27,3,0,0,0,0,0.0
2007-03-28,3,0,0,0,0,0.0
2007-03-29,3,0,0,0,0,0.0
2007-03-30,3,0,0,0,0,0.0
2007-04-02,3,0,0,0,0,0.0
2007-04-03,3,0,0,0,0,0.0
2007-04-04,3,0,0,0,0,0.0
2007-04-05,3,0,0,0,0,0.0
2007-04-06,3,0,0,0,0,0.0
2007-04-09,3,0,0,0,0,0.0
2007-04-10,3,0,0,0,0,0.0
2007-04-11,3,0,0,0,0,0.0
2007-04-12,3,0,0,0,0,0.0
2007-04-13,3,0,0,0,0,0.0
2007-04-16,3,0,0,0,0,0.0
2007-04-17,3,0,0,0,0,0.0
2007-04-18,4,0,0,0,0,0.0
2007-04-19,4,0,0,0,0,0.0
2007-04-20,4,0,0,0,0,0.0
2007-04-23,4,0,0,0,0,0.0
2007-04-24,4,0,0,0,0,0.0
2007-04-25,4,0,0,0,0,0.0
2007-04-26,4,0,0,0,0,0.0
2007-04-27,4,0,0,0,0,0.0
2007-04-30,4,0,0,0,0,0.0
2007-05-08,4,0,0,0,0,0.0
2007-05-09,4,0,0,0,0,0.0
2007-05-10,4,0,0,0,0,0.0
2007-05-11,4,0,0,0,0,0.0
2007-05-14,4,0,0,0,0,0.0
2007-05-15,4,0,0,0,0,0.0
2007-05-16,4,0,0,0,0,0.0
2007-05-17,4,0,0,0,0,0.0
2007-05-18,4,0,0,0,0,0.0
2007-05-21,4,0,0,0,0,0.0
2007-05-22,4,0,0,0,0,0.0
2007-05-23,4,0,0,0,0,0.0
2007-05-24,4,0,0,0,0,0.0
2007-05-25,4,0,0,0,0,0.0
2007-05-28,4,0,0,0,0,0.0
2007-05-29,4,0,0,0,0,0.0
2007-05-30,4,0,0,0,0,0.0
2007-05-31,4,0,0,0,0,0.0
2007-06-01,4,0,0,0,0,0.0
2007-06-04,4,1,0,0,0,0.0
2007-06-05,4,0,1,1,0,0.20155772559924331
2007-06-06,4,0,1,0,0,0.2028169607111974
2007-06-07,4,0,1,0,0,0.20850908115145148
2007-06-08,4,0,1,0,0,0.20959821629489936
2007-06-11,4,0,1,0,0,0.2115216072003
2007-06-12,4,0,1,0,0,0.2188328343845076
2007-06-13,4,0,1,0,0,0.22344128306499259
2007-06-14,4,0,1,0,0,0.2191707150622346
2007-06-15,4,0,1,0,0,0.21868793884816806
2007-06-18,4,0,1,0,0,0.22272480052429355
2007-06-19,4,0,1,0,0,0.22439454092488234
2007-06-20,4,0,1,0,0,0.22171950095319576
2007-06-21,4,0,1,0,0,0.22253351516914494
2007-06-22,4,0,1,0,0,0.21709053305177461
2007-06-25,4,0,1,0,0,0.20691951567891376
2007-06-26,4,0,1,0,0,0.21019102758167674
2007-06-27,4,0,1,0,0,0.21446245964370414
2007-06-28,4,0,1,0,0,0.20657094677144108
2007-06-29,4,0,1,0,0,0.20059804310232615
2007-07-02,4,0,1,0,0,0.2022130239281858
2007-07-03,4,0,1,0,0,0.20522359166237375
2007-07-04,4,0,1,0,0,0.20216265455502772
2007-07-05,4,3,1,0,0,0.19232082594472968
2007-07-06,4,0,3,3,0,0.7802637415636229
2007-07-09,4,0,3,0,0,0.7856337835409976
2007-07-10,4,0,3,0,0,0.7825649772705211
2007-07-11,4,0,3,0,0,0.7824276517507184
2007-07-12,4,0,3,0,0,0.7836913725589462
2007-07-13,4,0,3,0,0,0.7836876174528388
2007-07-16,4,0,3,0,0,0.7782989617759631
2007-07-17,4,0,3,0,0,0.7817803589210874
2007-07-18,4,0,3,0,0,0.7826492657437202
2007-07-19,4,0,3,0,0,0.781692384102351
2007-07-20,4,0,2,0,1,0.5890027877316828
2007-07-23,4,0,0,0,2,0.0
2007-07-24,4,0,0,0,0,0.0
2007-07-25,4,0,0,0,0,0.0
2007-07-26,4,0,0,0,0,0.0
2007-07-27,4,0,0,0,0,0.0
2007-07-30,4,0,0,0,0,0.0
2007-07-31,4,0,0,0,0,0.0
2007-08-01,4,0,0,0,0,0.0
2007-08-02,4,0,0,0,0,0.0
2007-08-03,4,0,0,0,0,0.0
2007-08-06,4,0,0,0,0,0.0
2007-08-07,4,0,0,0,0,0.0
2007-08-08,4,0,0,0,0,0.0
2007-08-09,4,0,0,0,0,0.0
2007-08-10,4,0,0,0,0,0.0
2007-08-13,4,0,0,0,0,0.0
2007-08-14,4,0,0,0,0,0.0
2007-08-15,4,0,0,0,0,0.0
2007-08-16,4,0,0,0,0,0.0
2007-08-17,4,0,0,0,0,0.0
2007-08-20,4,0,0,0,0,0.0
2007-08-21,4,0,0,0,0,0.0
2007-08-22,4,0,0,0,0,0.0
2007-08-23,4,0,0,0,0,0.0
2007-08-24,4,0,0,0,0,0.0
2007-08-27,4,0,0,0,0,0.0
2007-08-28,4,0,0,0,0,0.0
2007-08-29,4,0,0,0,0,0.0
2007-08-30,4,0,0,0,0,0.0
2007-08-31,4,0,0,0,0,0.0
2007-09-03,4,0,0,0,0,0.0
2007-09-04,4,0,0,0,0,0.0
2007-09-05,4,0,0,0,0,0.0
2007-09-06,4,0,0,0,0,0.0
2007-09-07,4,0,0,0,0,0.0
2007-09-10,4,0,0,0,0,0.0
2007-09-11,4,0,0,0,0,0.0
2007-09-12,4,0,0,0,0,0.0
2007-09-13,4,0,0,0,0,0.0
2007-09-14,4,0,0,0,0,0.0
2007-09-17,4,0,0,0,0,0.0
2007-09-18,4,0,0,0,0,0.0
2007-09-19,4,0,0,0,0,0.0
2007-09-20,4,0,0,0,0,0.0
2007-09-21,4,0,0,0,0,0.0
2007-09-24,4,0,0,0,0,0.0
2007-09-25,5,0,0,0,0,0.0
2007-09-26,5,0,0,0,0,0.0
2007-09-27,5,0,0,0,0,0.0
2007-09-28,5,0,0,0,0,0.0
2007-10-08,5,0,0,0,0,0.0
2007-10-09,5,0,0,0,0,0.0
2007-10-10,5,0,0,0,0,0.0
2007-10-11,5,0,0,0,0,0.0
2007-10-12,5,0,0,0,0,0.0
2007-10-15,5,0,0,0,0,0.0
2007-10-16,5,0,0,0,0,0.0
2007-10-17,5,0,0,0,0,0.0
2007-10-18,5,0,0,0,0,0.0
2007-10-19,5,0,0,0,0,0.0
2007-10-22,5,0,0,0,0,0.0
2007-10-23,5,0,0,0,0,0.0
2007-10-24,5,0,0,0,0,0.0
2007-10-25,5,1,0,0,0,0.0
2007-10-26,5,1,1,1,0,0.1774961096258685
2007-10-29,5,0,1,0,0,0.17987505804508008
2007-10-30,5,0,1,0,0,0.1801009070449827
2007-10-31,5,0,1,0,0,0.18257706108186933
2007-11-01,5,0,1,0,0,0.17795030611640064
2007-11-02,5,0,1,0,0,0.17561723171573967
2007-11-05,5,0,1,0,0,0.17675696890257928
2007-11-06,5,0,1,0,0,0.1781772163040378
2007-11-07,5,0,1,0,0,0.17902701499378929
2007-11-08,5,4,1,0,0,0.17573134742638624
2007-11-09,5,3,3,2,0,0.5269942518585298
2007-11-12,5,5,3,0,0,0.5223626272941299
2007-11-13,5,1,3,3,0,0.9998619120337369
2007-11-14,5,0,3,0,0,0.9998678515501814
2007-11-15,5,0,3,0,0,0.9998651064175608
2007-11-16,5,0,3,0,0,0.9998636934017245
2007-11-19,5,0,3,0,0,0.9998649440792368
2007-11-20,5,0,3,0,0,0.9998666368031472
2007-11-21,5,0,3,0,0,0.9998656066337306
2007-11-22,5,0,3,0,0,0.9998609671659092
2007-11-23,5,0,3,0,0,0.9998623277483634
2007-11-26,5,0,3,0,0,0.9998606561326835
2007-11-27,5,0,3,0,0,0.9998585704233541
2007-11-28,5,0,3,0,0,0.9998560194431794
2007-11-29,5,0,3,0,0,0.9998616811767923
2007-11-30,5,0,3,0,0,0.9998585497758414
2007-12-03,5,0,3,0,0,0.9998594927197357
2007-12-04,5,0,3,0,0,0.9998611821947588
2007-12-05,5,0,3,0,0,0.9998658739935157
2007-12-06,5,0,3,0,0,0.9998658888410578
2007-12-07,5,0,3,0,0,0.9998681443259392
2007-12-10,5,0,2,0,1,0.7052210856759421
2007-12-11,5,0,2,0,0,0.704704709991323
2007-12-12,5,0,2,0,0,0.7016634670594796
2007-12-13,5,0,2,0,0,0.6932767278423789
2007-12-14,5,0,2,0,0,0.6968535900805
2007-12-17,5,0,2,0,0,0.6916320912097216
2007-12-18,5,0,2,0,0,0.6893960977575992
2007-12-19,5,0,2,0,0,0.6956188489659272
2007-12-20,5,0,2,0,0,0.700489776132512
2007-12-21,5,0,2,0,0,0.702963340055845
2007-12-24,5,0,2,0,0,0.7058262323433485
2007-12-25,5,0,2,0,0,0.706074750113369
2007-12-26,5,0,2,0,0,0.7076790778125958
2007-12-27,5,0,2,0,0,0.710798348666154
2007-12-28,5,0,2,0,0,0.7089170477741356
2008-01-02,5,0,2,0,0,0.7089464336853427
2008-01-03,5,0,2,0,0,0.7125600089347206
2008-01-04,5,0,2,0,0,0.714547477091655
2008-01-07,5,0,2,0,0,0.7161669584654013
2008-01-08,5,0,1,0,1,0.3442451333903446
2008-01-09,5,0,1,0,0,0.3475096040630789
2008-01-10,5,0,1,0,0,0.3482945182749088
2008-01-11,5,0,1,0,0,0.35136361185133136
2008-01-14,5,0,1,0,0,0.35317063832270007
2008-01-15,5,0,1,0,0,0.34970261530165336
2008-01-16,5,0,1,0,0,0.3426006179950283
2008-01-17,5,0,1,0,0,0.3381027720576614
2008-01-18,5,0,1,0,0,0.338856682305351
2008-01-21,5,0,1,0,0,0.3281431202700897
2008-01-22,5,5,1,0,0,0.31274493848547397
2008-01-23,5,0,3,3,0,0.8249035693279074
2008-01-24,5,0,3,0,0,0.8248610573648041
2008-01-25,5,0,3,0,0,0.8266869964642642
2008-01-28,5,3,3,0,0,0.8162202250544118
2008-01-29,5,0,3,2,0,0.9999949887434652
2008-01-30,5,0,3,0,0,0.9999949056133159
2008-01-31,5,0,3,0,0,0.9999948450778545
2008-02-01,5,1,3,0,0,0.9999947908868799
2008-02-04,5,0,3,0,0,0.9999952644114385
2008-02-05,5,0,3,0,0,0.9999951878811569
2008-02-13,5,0,3,0,0,0.9999950658524439
2008-02-14,5,0,3,0,0,0.9999951262090044
2008-02-15,5,0,3,0,0,0.9999950493125932
2008-02-18,5,0,3,0,0,0.9999951350392929
2008-02-19,5,0,3,0,0,0.9999952539586732
2008-02-20,5,0,3,0,0,0.9999951390435988
2008-02-21,5,0,3,0,0,0.999995094652284
2008-02-22,5,0,3,0,0,0.9999949044206566
2008-02-25,5,2,3,0,0,0.9999947243603611
2008-02-26,5,0,3,0,0,0.9999947389293705
2008-02-27,5,0,3,0,0,0.9999948545344419
2008-02-28,5,0,3,0,0,0.9999948288885527
2008-02-29,5,0,3,0,0,0.9999948714442982
2008-03-03,5,0,3,0,0,0.999994986172239
2008-03-04,5,0,3,0,0,0.9999948300718225
2008-03-05,5,0,3,0,0,0.9999947702856914
2008-03-06,5,0,3,0,0,0.9999948130794285
2008-03-07,5,0,3,0,0,0.9999947507885908
2008-03-10,5,1,3,0,0,0.9999945468093195
2008-03-11,5,1,3,0,0,0.9999945371061726
2008-03-12,5,2,3,0,0,0.9999943883325918
2008-03-13,5,4,3,0,0,0.9999942306599238
2008-03-14,5,3,3,0,0,0.9999941830645298
2008-03-17,5,4,3,0,0,0.999993962241963
2008-03-18,5,5,3,0,0,0.9999936715351812
2008-03-19,5,0,3,0,0,0.9999938887606817
2008-03-20,5,0,3,0,0,0.999994047983799
2008-03-21,5,0,3,0,0,0.9999940830352643
2008-03-24,5,0,3,0,0,0.9999938006096437
2008-03-25,5,0,3,0,0,0.9999938501819328
2008-03-26,5,0,3,0,0,0.9999938807090171
2008-03-27,5,0,3,0,0,0.9999936164769813
2008-03-28,5,0,3,0,0,0.9999938853860744
2008-03-31,5,0,3,0,0,0.9999936688930611
2008-04-01,5,0,3,0,0,0.9999933537067278
2008-04-02,5,0,3,0,0,0.999993338355197
2008-04-03,5,0,3,0,0,0.9999935364125061
2008-04-07,5,0,3,0,0,0.9999938351375915
2008-04-08,5,0,3,0,0,0.999993850223521
2008-04-09,5,0,3,0,0,0.9999935729891384
2008-04-10,5,0,3,0,0,0.9999936469525027
2008-04-11,5,0,3,0,0,0.9999936736442642
2008-04-14,5,1,3,0,0,0.9999932791596727
2008-04-15,5,0,3,0,0,0.9999933287546307
2008-04-16,5,0,3,0,0,0.999993156181993
2008-04-17,5,2,3,0,0,0.9999929584103769
2008-04-18,5,4,3,0,0,0.9999927212858669
2008-04-21,5,1,3,0,0,0.9999927797257995
2008-04-22,5,0,3,0,0,0.9999928640494077
2008-04-23,5,0,3,0,0,0.9999931780808432
2008-04-24,5,0,3,0,0,0.999993798456188
2008-04-25,5,0,3,0,0,0.9999938307534673
2008-04-28,5,0,3,0,0,0.9999936767640353
2008-04-29,5,0,3,0,0,0.9999937497887106
2008-04-30,5,0,3,0,0,0.9999940747566763
2008-05-05,5,0,3,0,0,0.9999941460319857
2008-05-06,5,0,3,0,0,0.999994058180764
2008-05-07,5,0,3,0,0,0.9999937991003999
2008-05-08,5,0,3,0,0,0.9999939346191531
2008-05-09,5,0,3,0,0,0.9999938471496709
2008-05-12,5,0,3,0,0,0.9999938849697688
2008-05-13,5,0,3,0,0,0.9999938057474488
2008-05-14,5,0,3,0,0,0.9999939845906056
2008-05-15,5,0,3,0,0,0.9999939556260435
2008-05-16,5,0,3,0,0,0.9999939188827593
2008-05-19,5,0,3,0,0,0.9999938755627499
2008-05-20,5,0,3,0,0,0.999993576167116
2008-05-21,5,0,3,0,0,0.9999937004536208
2008-05-22,5,0,3,0,0,0.9999935887148875
2008-05-23,5,0,3,0,0,0.9999935632512293
2008-05-26,5,3,3,0,0,0.9999933679902692
2008-05-27,5,0,3,0,0,0.9999933817745762
2008-05-28,5,0,3,0,0,0.9999935602364586
2008-05-29,5,0,3,0,0,0.9999933961664074
2008-05-30,5,0,3,0,0,0.9999934713525523
2008-06-02,5,0,3,0,0,0.9999934981405009
2008-06-03,5,0,3,0,0,0.9999934705139091
2008-06-04,5,0,3,0,0,0.9999933552046105
2008-06-05,5,0,3,0,0,0.9999932851156007
2008-06-06,5,0,3,0,0,0.999993250572863
2008-06-10,5,5,3,0,0,0.9999925973374896
2008-06-11,5,5,3,0,0,0.9999925190662854
2008-06-12,5,5,3,0,0,0.9999923595027954
2008-06-13,5,5,3,0,0,0.9999921941192105
2008-06-16,5,1,3,0,0,0.9999921854085512
2008-06-17,5,2,3,0,0,0.9999919585068303
2008-06-18,5,0,3,0,0,0.9999923004408448
2008-06-19,5,1,3,0,0,0.9999917017674459
2008-06-20,5,0,3,0,0,0.99999196845196
2008-06-23,5,0,3,0,0,0.9999917510179109
2008-06-24,5,0,3,0,0,0.9999918846923286
2008-06-25,5,0,3,0,0,0.9999921896085692
2008-06-26,5,0,3,0,0,0.9999921961528456
2008-06-27,5,0,3,0,0,0.9999917233521987
2008-06-30,5,0,3,0,0,0.9999916383222166
2008-07-01,5,0,3,0,0,0.9999913223810954
2008-07-02,5,0,3,0,0,0.9999913173620906
2008-07-03,5,0,3,0,0,0.9999914746683657
2008-07-04,5,0,3,0,0,0.9999914061182851
2008-07-07,5,0,3,0,0,0.9999918654827795
2008-07-08,5,0,3,0,0,0.9999918906874544
2008-07-09,5,0,3,0,0,0.9999922345325163
2008-07-10,5,0,2,0,1,0.8244735168389269
2008-07-11,5,0,2,0,0,0.8233636440880576
2008-07-14,5,0,2,0,0,0.824228359834869
2008-07-15,5,0,2,0,0,0.8177985588031864
2008-07-16,5,0,2,0,0,0.812904830675731
2008-07-17,5,0,2,0,0,0.8115439892248079
2008-07-18,5,0,2,0,0,0.8180077167833448
2008-07-21,5,0,2,0,0,0.8223785578020345
2008-07-22,5,0,2,0,0,0.8216736345800989
2008-07-23,5,0,2,0,0,0.8209113495639159
2008-07-24,5,0,2,0,0,0.8258584224618387
2008-07-25,5,0,2,0,0,0.8241285839320764
2008-07-28,5,0,2,0,0,0.8251685242845491
2008-07-29,5,0,2,0,0,0.8222152142914806
2008-07-30,5,0,2,0,0,0.8217485296343173
2008-07-31,5,0,2,0,0,0.8178360274839434
2008-08-01,5,0,2,0,0,0.8196760457285288
2008-08-04,5,0,2,0,0,0.8162230858204929
2008-08-05,5,2,2,0,0,0.8134545596593095
2008-08-06,5,0,3,1,0,0.99981576277335
2008-08-07,5,0,3,0,0,0.9998158478083018
2008-08-08,5,5,3,0,0,0.9998060804537491
2008-08-11,5,5,3,0,0,0.9997980493457799
2008-08-12,5,5,3,0,0,0.9997978229379051
2008-08-13,5,0,3,0,0,0.9997976418818284
2008-08-14,5,0,3,0,0,0.9997976898372014
2008-08-15,5,0,3,0,0,0.9997985885827737
2008-08-18,5,0,3,0,0,0.9997886366805981
2008-08-19,5,0,3,0,0,0.9997909114579855
2008-08-20,5,0,3,0,0,0.9998067060633824
2008-08-21,5,0,3,0,0,0.9997991169763246
2008-08-22,5,0,3,0,0,0.9997947755064636
2008-08-25,5,0,3,0,0,0.9997951983381294
2008-08-26,5,0,3,0,0,0.9997898001704466
2008-08-27,5,0,3,0,0,0.9997894289021764
2008-08-28,5,0,3,0,0,0.9997906894450738
2008-08-29,5,0,3,0,0,0.9997946482219254
2008-09-01,5,0,3,0,0,0.9997872735127501
2008-09-02,5,0,3,0,0,0.9997844499347576
2008-09-03,5,0,3,0,0,0.9997805369586252
2008-09-04,5,0,3,0,0,0.9997813896481704
2008-09-05,5,1,3,0,0,0.9997753751267832
2008-09-08,5,3,3,0,0,0.9997700474521508
2008-09-09,5,0,3,0,0,0.999771385623581
2008-09-10,5,0,3,0,0,0.9997715262906268
2008-09-11,5,1,3,0,0,0.9997645826468574
2008-09-12,5,0,3,0,0,0.9997656366776649
2008-09-16,5,2,3,0,0,0.9997532113422085
2008-09-17,5,2,3,0,0,0.9997462778744269
2008-09-18,5,3,3,0,0,0.9997392140050367
2008-09-19,5,0,3,0,0,0.9997629183793832
2008-09-22,5,0,3,0,0,0.9997813799119166
2008-09-23,5,0,3,0,0,0.999766311818585
2008-09-24,5,0,3,0,0,0.9997691668457431
2008-09-25,5,0,3,0,0,0.9997774652789448
2008-09-26,5,0,3,0,0,0.9997775874203068
2008-10-06,5,0,3,0,0,0.9997649027888895
2008-10-07,5,0,3,0,0,0.9997620003546663
2008-10-08,5,0,3,0,0,0.9997521666420679
2008-10-09,5,0,3,0,0,0.9997487605720078
2008-10-10,5,2,3,0,0,0.9997374861617612
2008-10-13,5,0,3,1,0,0.999992274224607
2008-10-14,5,1,3,0,0,0.9999920225838668
2008-10-15,5,1,3,0,0,0.9999918581076177
2008-10-16,5,2,3,0,0,0.9999914349356864
2008-10-17,5,0,3,0,0,0.999991491060151
2008-10-20,5,0,3,0,0,0.999991790724204
2008-10-21,5,0,3,0,0,0.999991692651253
2008-10-22,5,0,3,0,0,0.9999915003542621
2008-10-23,5,0,3,0,0,0.9999914772810472
2008-10-24,5,0,3,0,0,0.9999912370351117
2008-10-27,5,1,3,0,0,0.9999904503944341
2008-10-28,5,0,3,0,0,0.9999908558415854
2008-10-29,5,0,3,0,0,0.9999905808349112
2008-10-30,5,0,3,0,0,0.999990824483324
2008-10-31,5,0,3,0,0,0.9999906314605569
2008-11-03,4,0,3,0,0,0.9999916810423867
2008-11-04,4,0,3,0,0,0.9999916458598536
2008-11-05,4,0,3,0,0,0.9999918960010903
2008-11-06,4,0,3,0,0,0.9999917309796859
2008-11-07,4,0,3,0,0,0.9999918333763457
2008-11-10,4,0,3,0,0,0.9999923600324251
2008-11-11,4,0,3,0,0,0.9999922268606861
2008-11-12,4,0,3,0,0,0.9999922867373183
2008-11-13,4,0,3,0,0,0.9999924961955621
2008-11-14,4,0,3,0,0,0.9999926267741819
2008-11-17,4,0,2,0,1,0.8446895204469922
2008-11-18,5,0,1,0,1,0.640831915014005
2008-11-19,5,0,1,0,0,0.6468864023188741
2008-11-20,5,0,1,0,0,0.6400604744271754
2008-11-21,5,0,1,0,0,0.639285712823878
2008-11-24,5,0,1,0,0,0.6295578192145784
2008-11-25,5,0,1,0,0,0.6289015610011796
2008-11-26,5,0,1,0,0,0.6292299804998219
2008-11-27,5,0,1,0,0,0.633447137541259
2008-11-28,5,0,1,0,0,0.6250824886155483
2008-12-01,5,0,1,0,0,0.6275820441913037
2008-12-02,5,0,1,0,0,0.6267525704489992
2008-12-03,5,0,1,0,0,0.6378827042569997
2008-12-04,5,0,1,0,0,0.6420593653543997
2008-12-05,5,0,1,0,0,0.6446400421429818
2008-12-08,5,0,1,0,0,0.6538876900422413
2008-12-09,5,0,1,0,0,0.647332270641985
2008-12-10,5,0,1,0,0,0.6541733903113057
2008-12-11,5,0,1,0,0,0.6480728876015731
2008-12-12,5,0,1,0,0,0.6381954263164493
2008-12-15,5,0,1,0,0,0.6394409318547832
2008-12-16,5,0,1,0,0,0.640831915014005
2008-12-17,5,0,1,0,0,0.640677891552558
2008-12-18,5,0,1,0,0,0.6461407778264989
2008-12-19,5,0,1,0,0,0.6458416455982808
2008-12-22,5,0,1,0,0,0.6414466906764756
2008-12-23,5,0,1,0,0,0.631188354713927
2008-12-24,5,0,1,0,0,0.6274164445104352
2008-12-25,4,0,1,0,0,0.6254176995483438
2008-12-26,4,0,1,0,0,0.6252501690428517
2008-12-29,4,0,1,0,0,0.6240732463935806
2008-12-30,4,0,1,0,0,0.621012652897629
2008-12-31,4,0,1,0,0,0.6196363344766967
2009-01-05,4,0,1,0,0,0.6284078394028936
2009-01-06,4,0,1,0,0,0.6348846592314114
2009-01-07,4,0,1,0,0,0.633447137541259
2009-01-08,4,0,1,0,0,0.6267525704489992
2009-01-09,4,0,1,0,0,0.6302117604439775
2009-01-12,4,0,1,0,0,0.6289015610011796
2009-01-13,4,0,1,0,0,0.6250824886155483
2009-01-14,4,0,1,0,0,0.6353613308111585
2009-01-15,4,0,1,0,0,0.6332867138662592
2009-01-16,4,0,1,0,0,0.6399057884729011
2009-01-19,4,0,0,0,1,0.0
2009-01-20,4,0,0,0,0,0.0
2009-01-21,4,0,0,0,0,0.0
2009-01-22,4,0,0,0,0,0.0
2009-01-23,4,0,0,0,0,0.0
2009-02-02,4,0,0,0,0,0.0
2009-02-03,4,0,0,0,0,0.0
2009-02-04,4,0,0,0,0,0.0
2009-02-05,4,0,0,0,0,0.0
2009-02-06,4,0,0,0,0,0.0
2009-02-09,4,0,0,0,0,0.0
2009-02-10,5,0,0,0,0,0.0
2009-02-11,5,0,0,0,0,0.0
2009-02-12,5,0,0,0,0,0.0
2009-02-13,5,0,0,0,0,0.0
2009-02-16,5,0,0,0,0,0.0
2009-02-17,5,0,0,0,0,0.0
2009-02-18,5,0,0,0,0,0.0
2009-02-19,5,0,0,0,0,0.0
2009-02-20,5,0,0,0,0,0.0
2009-02-23,5,0,0,0,0,0.0
2009-02-24,5,0,0,0,0,0.0
2009-02-25,5,0,0,0,0,0.0
2009-02-26,5,0,0,0,0,0.0
2009-02-27,5,0,0,0,0,0.0
2009-03-02,5,0,0,0,0,0.0
2009-03-03,5,0,0,0,0,0.0
2009-03-04,5,0,0,0,0,0.0
2009-03-05,5,0,0,0,0,0.0
2009-03-06,5,0,0,0,0,0.0
2009-03-09,5,0,0,0,0,0.0
2009-03-10,5,0,0,0,0,0.0
2009-03-11,5,0,0,0,0,0.0
2009-03-12,5,0,0,0,0,0.0
2009-03-13,5,0,0,0,0,0.0
2009-03-16,5,0,0,0,0,0.0
2009-03-17,5,0,0,0,0,0.0
2009-03-18,5,0,0,0,0,0.0
2009-03-19,5,0,0,0,0,0.0
2009-03-20,5,0,0,0,0,0.0
2009-03-23,5,0,0,0,0,0.0
2009-03-24,5,0,0,0,0,0.0
2009-03-25,5,0,0,0,0,0.0
2009-03-26,5,0,0,0,0,0.0
2009-03-27,5,0,0,0,0,0.0
2009-03-30,5,0,0,0,0,0.0
2009-03-31,5,0,0,0,0,0.0
2009-04-01,5,0,0,0,0,0.0
2009-04-02,5,0,0,0,0,0.0
2009-04-03,5,0,0,0,0,0.0
2009-04-07,5,0,0,0,0,0.0
2009-04-08,5,0,0,0,0,0.0
2009-04-09,5,0,0,0,0,0.0
2009-04-10,5,0,0,0,0,0.0
2009-04-13,5,0,0,0,0,0.0
2009-04-14,5,0,0,0,0,0.0
2009-04-15,5,0,0,0,0,0.0
2009-04-16,5,0,0,0,0,0.0
2009-04-17,5,0,0,0,0,0.0
2009-04-20,5,0,0,0,0,0.0
2009-04-21,5,0,0,0,0,0.0
2009-04-22,5,0,0,0,0,0.0
2009-04-23,5,0,0,0,0,0.0
2009-04-24,5,0,0,0,0,0.0
2009-04-27,5,0,0,0,0,0.0
2009-04-28,5,0,0,0,0,0.0
2009-04-29,5,0,0,0,0,0.0
2009-04-30,5,0,0,0,0,0.0
2009-05-04,5,0,0,0,0,0.0
2009-05-05,5,0,0,0,0,0.0
2009-05-06,5,0,0,0,0,0.0
2009-05-07,5,0,0,0,0,0.0
2009-05-08,5,0,0,0,0,0.0
2009-05-11,5,0,0,0,0,0.0
2009-05-12,5,0,0,0,0,0.0
2009-05-13,5,0,0,0,0,0.0
2009-05-14,5,0,0,0,0,0.0
2009-05-15,5,0,0,0,0,0.0
2009-05-18,5,0,0,0,0,0.0
2009-05-19,4,0,0,0,0,0.0
2009-05-20,4,0,0,0,0,0.0
2009-05-21,5,1,0,0,0,0.0
2009-05-22,5,1,1,1,0,0.4080448067111426
2009-05-25,5,1,1,0,0,0.41045043310185847
2009-05-26,5,0,1,1,0,0.816087927416383
2009-05-27,5,0,1,0,0,0.8185639767173761
2009-06-01,5,0,1,0,0,0.8253816612114384
2009-06-02,5,0,1,0,0,0.824700236359995
2009-06-03,5,0,1,0,0,0.8284928449595038
2009-06-04,5,0,1,0,0,0.829145158387167
2009-06-05,5,0,1,0,0,0.8287108355081989
2009-06-08,5,0,1,0,0,0.829145158387167
2009-06-09,5,0,1,0,0,0.8295772842881203
2009-06-10,5,0,1,0,0,0.8312841481683502
2009-06-11,5,0,1,0,0,0.8302213901331061
2009-06-12,5,0,1,0,0,0.8278355314556085
2009-06-15,5,0,1,0,0,0.8300072298387877
2009-06-16,5,0,1,0,0,0.8297925285745694
2009-06-17,5,0,1,0,0,0.8314951051682935
2009-06-18,5,0,1,0,0,0.8341903071590118
2009-06-19,5,0,1,0,0,0.8358064565682023
2009-06-22,5,0,1,0,0,0.8360062627262929
2009-06-23,5,0,1,0,0,0.8358064565682023
2009-06-24,5,0,1,0,0,0.836998043342033
2009-06-25,5,0,1,0,0,0.8368006480555413
2009-06-26,5,0,1,0,0,0.836998043342033
2009-06-29,5,0,1,0,0,0.8397122733849229
2009-06-30,5,0,1,0,0,0.839521401077372
2009-07-01,5,0,0,0,1,0.0
2009-07-02,5,0,0,0,0,0.0
2009-07-03,5,0,0,0,0,0.0
2009-07-06,5,0,0,0,0,0.0
2009-07-07,5,0,0,0,0,0.0
2009-07-08,5,0,0,0,0,0.0
2009-07-09,5,0,0,0,0,0.0
2009-07-10,5,0,0,0,0,0.0
2009-07-13,5,0,0,0,0,0.0
2009-07-14,5,0,0,0,0,0.0
2009-07-15,5,0,0,0,0,0.0
2009-07-16,5,0,0,0,0,0.0
2009-07-17,5,0,0,0,0,0.0
2009-07-20,5,0,0,0,0,0.0
2009-07-21,5,0,0,0,0,0.0
2009-07-22,5,0,0,0,0,0.0
2009-07-23,5,0,0,0,0,0.0
2009-07-24,5,0,0,0,0,0.0
2009-07-27,5,0,0,0,0,0.0
2009-07-28,5,0,0,0,0,0.0
2009-07-29,5,0,0,0,0,0.0
2009-07-30,5,0,0,0,0,0.0
2009-07-31,5,0,0,0,0,0.0
2009-08-03,5,0,0,0,0,0.0
2009-08-04,5,0,0,0,0,0.0
2009-08-05,5,0,0,0,0,0.0
2009-08-06,5,0,0,0,0,0.0
2009-08-07,5,0,0,0,0,0.0
2009-08-10,5,0,0,0,0,0.0
2009-08-11,5,0,0,0,0,0.0
2009-08-12,5,3,0,0,0,0.0
2009-08-13,5,0,2,2,0,0.7120239087805488
2009-08-14,5,3,2,0,0,0.7068703472143174
2009-08-17,5,5,2,1,0,0.999671373687805
2009-08-18,5,4,2,0,0,0.9996731926935379
2009-08-19,5,5,3,1,0,0.9999452116361173
2009-08-20,5,0,3,0,0,0.9999477715391475
2009-08-21,5,0,3,0,0,0.9999485598534206
2009-08-24,5,0,3,0,0,0.9999490581044972
2009-08-25,5,0,3,0,0,0.9999472577146775
2009-08-26,5,0,3,0,0,0.9999485185640505
2009-08-27,5,0,3,0,0,0.9999480649868114
2009-08-28,5,0,3,0,0,0.9999463075981574
2009-08-31,5,0,3,0,0,0.9999415587923759
2009-09-01,5,0,3,0,0,0.9999423411017672
2009-09-02,5,0,3,0,0,0.9999430989546767
2009-09-03,5,0,3,0,0,0.9999463080905909
2009-09-04,5,0,3,0,0,0.9999467866604486
2009-09-07,5,0,3,0,0,0.9999471689118724
2009-09-08,5,0,3,0,0,0.9999484968629961
2009-09-09,5,0,3,0,0,0.9999488142146989
2009-09-10,5,0,3,0,0,0.9999481948713007
2009-09-11,5,0,3,0,0,0.9999494404592576
2009-09-14,5,0,3,0,0,0.9999504281563498
2009-09-15,5,0,3,0,0,0.9999505649928904
2009-09-16,5,0,3,0,0,0.9999499458179985
2009-09-17,5,0,3,0,0,0.9999508166391065
2009-09-18,5,0,3,0,0,0.9999488205745852
2009-09-21,5,0,3,0,0,0.9999491549601506
2009-09-22,5,0,3,0,0,0.9999478028085421
2009-09-23,5,0,3,0,0,0.9999465460168203
2009-09-24,5,0,3,0,0,0.9999467868456908
2009-09-25,5,0,3,0,0,0.9999464854686142
2009-09-28,5,0,3,0,0,0.9999449592219035
2009-09-29,5,0,3,0,0,0.9999450520247214
2009-09-30,5,0,3,0,0,0.999945674520418
2009-10-09,5,0,3,0,0,0.9999484778257938
2009-10-12,5,0,3,0,0,0.9999481192667498
2009-10-13,5,0,3,0,0,0.9999489605951093
2009-10-14,5,0,3,0,0,0.9999492480409348
2009-10-15,5,0,3,0,0,0.9999495040277544
2009-10-16,5,0,3,0,0,0.9999496135486597
2009-10-19,5,0,3,0,0,0.9999510925607431
2009-10-20,5,0,3,0,0,0.9999517248355666
2009-10-21,5,0,3,0,0,0.9999516393677359
2009-10-22,5,0,3,0,0,0.9999513580785048
2009-10-23,5,0,3,0,0,0.999952240560334
2009-10-26,5,0,3,0,0,0.9999522483846685
2009-10-27,5,0,3,0,0,0.9999508650240053
2009-10-28,5,0,3,0,0,0.9999511013218845
2009-10-29,5,0,3,0,0,0.9999499221504485
2009-10-30,5,0,3,0,0,0.9999504282099355
2009-11-02,5,0,3,0,0,0.9999522209467924
2009-11-03,5,0,3,0,0,0.9999527716136116
2009-11-04,5,0,3,0,0,0.9999529702275934
2009-11-05,5,0,3,0,0,0.9999530163713736
2009-11-06,5,0,3,0,0,0.9999532462312286
2009-11-09,5,0,3,0,0,0.9999533741111326
2009-11-10,5,0,3,0,0,0.9999536579466413
2009-11-11,5,0,3,0,0,0.9999534827490737
2009-11-12,5,0,3,0,0,0.9999536059062788
2009-11-13,5,0,3,0,0,0.9999539002778673
2009-11-16,5,0,0,0,3,0.0
2009-11-17,5,0,0,0,0,0.0
2009-11-18,5,0,0,0,0,0.0
2009-11-19,5,0,0,0,0,0.0
2009-11-20,5,0,0,0,0,0.0
2009-11-23,5,0,0,0,0,0.0
2009-11-24,5,0,0,0,0,0.0
2009-11-25,5,0,0,0,0,0.0
2009-11-26,5,0,0,0,0,0.0
2009-11-27,5,1,0,0,0,0.0
2009-11-30,5,0,1,1,0,0.33174840535245514
2009-12-01,5,0,1,0,0,0.33371637284660843
2009-12-02,5,0,1,0,0,0.33576143803828995
2009-12-03,5,0,1,0,0,0.334340115812795
2009-12-04,5,0,1,0,0,0.3426043602238876
2009-12-07,5,0,1,0,0,0.342777966341364
2009-12-08,5,0,1,0,0,0.3387616857044238
2009-12-09,5,0,1,0,0,0.3339838343376577
2009-12-10,5,0,1,0,0,0.33549540264179717
2009-12-11,5,0,1,0,0,0.33549540264179717
2009-12-14,5,0,1,0,0,0.33946369164414963
2009-12-15,5,0,1,0,0,0.3365582676690208
2009-12-16,5,0,1,0,0,0.3354066768142781
2009-12-17,5,0,1,0,0,0.3314791450599769
2009-12-18,5,2,1,0,0,0.3280496368703772
2009-12-21,5,0,3,2,0,0.9837395872140485
2009-12-22,5,4,3,0,0,0.9833759336461323
2009-12-23,5,0,3,2,0,0.9999017054748087
2009-12-24,5,0,3,0,0,0.9999046213141629
2009-12-25,5,0,3,0,0,0.9999040312966347
2009-12-28,5,0,3,0,0,0.999905660727379
2009-12-29,5,0,3,0,0,0.9999063273111106
2009-12-30,5,0,3,0,0,0.9999081265525639
2009-12-31,5,0,3,0,0,0.9999085430499868
2010-01-04,5,0,3,0,0,0.9999071364224155
2010-01-05,5,0,3,0,0,0.9999079098949751
2010-01-06,5,0,3,0,0,0.9999072204504277
2010-01-07,5,0,3,0,0,0.999905359343178
2010-01-08,5,0,3,0,0,0.9999055718204293
2010-01-11,5,0,2,0,1,0.6597085090009918
2010-01-12,5,0,2,0,0,0.6634384160490289
2010-01-13,5,0,2,0,0,0.6554057804900041
2010-01-14,5,0,2,0,0,0.6583312797983308
2010-01-15,5,0,2,0,0,0.659395607369012
2010-01-18,5,0,2,0,0,0.6601222352388807
2010-01-19,6,0,2,0,0,0.6608860970888689
2010-01-20,6,0,2,0,0,0.6535090569976565
2010-01-21,6,0,2,0,0,0.654327110801972
2010-01-22,6,1,2,0,0,0.6514597791490133
2010-01-25,6,3,2,1,0,0.9732947439200579
2010-01-26,6,5,3,1,0,0.9996088526837752
2010-01-27,6,6,3,0,0,0.9996044962986602
2010-01-28,6,3,3,1,0,0.9999945883900332
2010-01-29,6,0,3,0,0,0.9999945872487216
2010-02-01,6,1,3,0,0,0.9999945029437
2010-02-02,6,0,3,0,0,0.9999944950575594
2010-02-03,6,0,3,0,0,0.9999946491084359
2010-02-04,6,0,3,0,0,0.9999946172348094
2010-02-05,6,0,3,0,0,0.999994497608454
2010-02-08,6,0,3,0,0,0.9999945081910773
2010-02-09,6,0,3,0,0,0.9999945331252623
2010-02-10,6,0,3,0,0,0.9999946195078808
2010-02-11,6,0,3,0,0,0.9999946280295756
2010-02-12,6,0,3,0,0,0.999994678128945
2010-02-22,6,0,3,0,0,0.9999946457888158
2010-02-23,6,0,3,0,0,0.9999945900041035
2010-02-24,6,0,3,0,0,0.9999946641506945
2010-02-25,6,0,2,0,1,0.34787717727260864
2010-02-26,6,0,2,0,0,0.3471083140195035
2010-03-01,6,0,0,0,2,0.0
2010-03-02,6,0,0,0,0,0.0
2010-03-03,6,0,0,0,0,0.0
2010-03-04,6,0,0,0,0,0.0
2010-03-05,6,0,0,0,0,0.0
2010-03-08,6,0,0,0,0,0.0
2010-03-09,6,0,0,0,0,0.0
2010-03-10,6,0,0,0,0,0.0
2010-03-11,6,0,0,0,0,0.0
2010-03-12,6,0,0,0,0,0.0
2010-03-15,6,0,0,0,0,0.0
2010-03-16,6,0,0,0,0,0.0
2010-03-17,6,0,0,0,0,0.0
2010-03-18,6,0,0,0,0,0.0
2010-03-19,6,0,0,0,0,0.0
2010-03-22,6,0,0,0,0,0.0
2010-03-23,6,0,0,0,0,0.0
2010-03-24,6,0,0,0,0,0.0
2010-03-25,6,0,0,0,0,0.0
2010-03-26,6,0,0,0,0,0.0
2010-03-29,6,0,0,0,0,0.0
2010-03-30,6,0,0,0,0,0.0
2010-03-31,6,0,0,0,0,0.0
2010-04-01,6,0,0,0,0,0.0
2010-04-02,6,0,0,0,0,0.0
2010-04-06,6,0,0,0,0,0.0
2010-04-07,6,0,0,0,0,0.0
2010-04-08,6,0,0,0,0,0.0
2010-04-09,6,0,0,0,0,0.0
2010-04-12,6,0,0,0,0,0.0
2010-04-13,6,0,0,0,0,0.0
2010-04-14,6,0,0,0,0,0.0
2010-04-15,6,0,0,0,0,0.0
2010-04-16,6,0,0,0,0,0.0
2010-04-19,6,5,0,0,0,0.0
2010-04-20,6,5,3,3,0,0.9717189786206383
2010-04-21,6,0,3,0,0,0.9722374318708414
2010-04-22,6,2,3,0,0,0.9718477549790461
2010-04-23,6,2,3,1,0,0.9999554018918272
2010-04-26,6,0,3,0,0,0.9999551147776995
2010-04-27,6,4,3,0,0,0.999954193504817
2010-04-28,6,0,3,0,0,0.999954047858745
2010-04-29,6,1,3,0,0,0.9999536012483805
2010-04-30,6,1,3,0,0,0.9999539217422473
2010-05-04,6,1,3,0,0,0.9999532432020795
2010-05-05,7,0,3,0,0,0.9999534912158519
2010-05-06,7,2,3,0,0,0.9999512687740404
2010-05-07,7,4,3,0,0,0.9999504242181334
2010-05-10,7,1,3,0,0,0.999950720589732
2010-05-11,7,1,3,0,0,0.9999497311032534
2010-05-12,7,1,3,0,0,0.9999502739622718
2010-05-13,7,0,3,0,0,0.9999513282699938
2010-05-14,7,0,3,0,0,0.9999509253317626
2010-05-17,7,0,3,0,0,0.9999483331414369
2010-05-18,7,0,3,0,0,0.999949405470394
2010-05-19,7,0,3,0,0,0.9999491863652752
2010-05-20,7,0,3,0,0,0.9999485260960037
2010-05-21,7,0,3,0,0,0.9999493260267456
2010-05-24,7,0,3,0,0,0.999951148024522
2010-05-25,7,0,3,0,0,0.9999499434803881
2010-05-26,7,0,3,0,0,0.9999500205986419
2010-05-27,7,0,3,0,0,0.9999509210433956
2010-05-28,7,0,3,0,0,0.9999506464212821
2010-05-31,7,0,3,0,0,0.9999493446654952
2010-06-01,7,0,3,0,0,0.9999487846232872
2010-06-02,7,0,3,0,0,0.9999489542927686
2010-06-03,7,0,3,0,0,0.9999486342836638
2010-06-04,7,0,3,0,0,0.9999488261893313
2010-06-07,7,2,3,0,0,0.9999478059003631
2010-06-08,7,0,3,0,0,0.9999478700449911
2010-06-09,7,0,3,0,0,0.9999494651752101
2010-06-10,7,0,3,0,0,0.9999488660212614
2010-06-11,7,0,3,0,0,0.9999489141489312
2010-06-17,8,0,3,0,0,0.9999486448948097
2010-06-18,8,0,3,0,0,0.9999477934019719
2010-06-21,8,0,3,0,0,0.9999495868634024
2010-06-22,8,0,3,0,0,0.9999496333004679
2010-06-23,8,0,3,0,0,0.9999491222064057
2010-06-24,8,0,3,0,0,0.9999493468369297
2010-06-25,8,0,3,0,0,0.9999488763166601
2010-06-28,8,0,3,0,0,0.9999486770011111
2010-06-29,8,7,3,0,0,0.9999462965687538
2010-06-30,8,8,3,0,0,0.9999455221409626
2010-07-01,8,8,3,0,0,0.9999449501910957
2010-07-02,8,6,3,0,0,0.9999451200640274
2010-07-05,8,0,3,0,0,0.9999447233273483
2010-07-06,7,0,3,0,0,0.9999457312031621
2010-07-07,7,0,3,0,0,0.9999460314993871
2010-07-08,7,0,3,0,0,0.9999461092709371
2010-07-09,7,0,3,0,0,0.9999475299394301
2010-07-12,7,0,3,0,0,0.9999479402186826
2010-07-13,7,0,3,0,0,0.9999471429031953
2010-07-14,7,0,3,0,0,0.999947403437065
2010-07-15,7,0,3,0,0,0.9999465818359399
2010-07-16,7,0,3,0,0,0.9999466946151083
2010-07-19,7,0,3,0,0,0.9999480966559419
2010-07-20,7,0,3,0,0,0.9999492098137569
2010-07-21,7,0,3,0,0,0.9999491724182954
2010-07-22,7,0,3,0,0,0.9999499094927657
2010-07-23,7,0,2,0,1,0.6463838936953047
2010-07-26,6,0,2,0,0,0.6479348640788144
2010-07-27,6,0,2,0,0,0.6474241839612611
2010-07-28,6,0,1,0,1,0.330592307372095
2010-07-29,6,0,1,0,0,0.331099203550207
2010-07-30,6,0,1,0,0,0.3305288913266694
2010-08-02,6,0,1,0,0,0.33543952534181626
2010-08-03,6,0,1,0,0,0.3304020231828392
2010-08-04,6,0,1,0,0,0.3329932464734937
2010-08-05,6,0,1,0,0,0.3305288913266694
2010-08-06,6,0,1,0,0,0.33481398656802974
2010-08-09,6,0,1,0,0,0.33593910991096565
2010-08-10,6,0,1,0,0,0.32906699879471596
2010-08-11,6,0,1,0,0,0.33078248344338346
2010-08-12,6,0,1,0,0,0.32804625880189453
2010-08-13,6,0,1,0,0,0.3322369179137011
2010-08-16,6,0,1,0,0,0.33830191553054756
2010-08-17,6,0,1,0,0,0.3402170500199448
2010-08-18,6,0,1,0,0,0.34040179745792565
2010-08-19,6,0,0,0,1,0.0
2010-08-20,6,0,0,0,0,0.0
2010-08-23,6,0,0,0,0,0.0
2010-08-24,6,0,0,0,0,0.0
2010-08-25,6,1,0,0,0,0.0
2010-08-26,6,0,1,1,0,0.35143088986982574
2010-08-27,6,0,1,0,0,0.35239934465530687
2010-08-30,6,0,1,0,0,0.3557131086040995
2010-08-31,6,0,1,0,0,0.3537931287481655
2010-09-01,6,0,1,0,0,0.3534720190281684
2010-09-02,6,0,1,0,0,0.3558194396804863
2010-09-03,6,0,1,0,0,0.3545411457592279
2010-09-06,6,0,1,0,0,0.3598341757222719
2010-09-07,6,0,1,0,0,0.3595190431737321
2010-09-08,6,0,1,0,0,0.35867717089665424
2010-09-09,6,0,1,0,0,0.3556067424190333
2010-09-10,6,0,1,0,0,0.3548611946182304
2010-09-13,6,0,1,0,0,0.356668826462294
2010-09-14,7,0,1,0,0,0.35603199657672957
2010-09-15,7,0,1,0,0,0.353364911525686
2010-09-16,7,2,1,0,0,0.3478549707385735
2010-09-17,7,2,2,1,0,0.7008117313533421
2010-09-20,7,0,2,0,0,0.7012962008536219
2010-09-21,7,0,2,0,0,0.701401746704442
2010-09-27,7,0,2,0,0,0.7031790469089155
2010-09-28,7,0,2,0,0,0.7011962914869865
2010-09-29,7,0,2,0,0,0.7017791039071296
2010-09-30,7,0,2,0,0,0.7060545951550459
2010-10-08,7,0,1,0,1,0.35096395432528216
2010-10-11,7,0,0,0,1,0.0
2010-10-12,7,0,0,0,0,0.0
2010-10-13,7,0,0,0,0,0.0
2010-10-14,7,0,0,0,0,0.0
2010-10-15,7,0,0,0,0,0.0
2010-10-18,7,0,0,0,0,0.0
2010-10-19,7,0,0,0,0,0.0
2010-10-20,7,0,0,0,0,0.0
2010-10-21,7,0,0,0,0,0.0
2010-10-22,8,0,0,0,0,0.0
2010-10-25,8,0,0,0,0,0.0
2010-10-26,8,0,0,0,0,0.0
2010-10-27,8,0,0,0,0,0.0
2010-10-28,8,0,0,0,0,0.0
2010-10-29,8,0,0,0,0,0.0
2010-11-01,8,0,0,0,0,0.0
2010-11-02,8,0,0,0,0,0.0
2010-11-03,8,0,0,0,0,0.0
2010-11-04,8,0,0,0,0,0.0
2010-11-05,8,0,0,0,0,0.0
2010-11-08,8,0,0,0,0,0.0
2010-11-09,8,0,0,0,0,0.0
2010-11-10,8,0,0,0,0,0.0
2010-11-11,8,0,0,0,0,0.0
2010-11-12,8,5,0,0,0,0.0
2010-11-15,8,2,3,3,0,0.9999226556690008
2010-11-16,8,6,3,0,0,0.9999188099095209
2010-11-17,9,8,3,0,0,0.9999176109569441
2010-11-18,9,0,3,0,0,0.99991854635276
2010-11-19,8,0,3,0,0,0.9999194423083986
2010-11-22,9,1,3,0,0,0.9999187058764604
2010-11-23,9,1,3,0,0,0.9999170191000414
2010-11-24,8,1,3,0,0,0.9999188596529993
2010-11-25,8,0,3,0,0,0.9999200478167336
2010-11-26,8,0,3,0,0,0.9999195183918311
2010-11-29,8,0,3,0,0,0.9999191218472507
2010-11-30,8,0,3,0,0,0.9999179317598412
2010-12-01,8,0,3,0,0,0.9999179194193203
2010-12-02,8,0,3,0,0,0.9999184927678747
2010-12-03,8,0,3,0,0,0.9999188373379027
2010-12-06,8,0,3,0,0,0.9999194105739609
2010-12-07,8,0,3,0,0,0.9999203414969915
2010-12-08,8,0,3,0,0,0.9999195275240783
2010-12-09,8,0,3,0,0,0.9999184211921959
2010-12-10,8,0,3,0,0,0.9999193188066873
2010-12-13,8,0,0,0,3,0.0
2010-12-14,8,0,0,0,0,0.0
2010-12-15,8,0,0,0,0,0.0
2010-12-16,8,0,0,0,0,0.0
2010-12-17,8,0,0,0,0,0.0
2010-12-20,8,0,0,0,0,0.0
2010-12-21,8,0,0,0,0,0.0
2010-12-22,8,0,0,0,0,0.0
2010-12-23,8,0,0,0,0,0.0
2010-12-24,8,0,0,0,0,0.0
2010-12-27,8,1,0,0,0,0.0
2010-12-28,8,6,1,1,0,0.34213809963194874
2010-12-29,8,1,3,2,0,0.9998784626602497
2010-12-30,8,0,3,0,0,0.9998788446253614
2010-12-31,8,0,3,0,0,0.999881485641564
2011-01-04,8,0,3,0,0,0.9998833019524362
2011-01-05,8,0,3,0,0,0.999882453401727
2011-01-06,8,0,3,0,0,0.9998817862855902
2011-01-07,8,0,3,0,0,0.9998817518921431
2011-01-10,8,0,3,0,0,0.9998792593751827
2011-01-11,8,0,3,0,0,0.9998795288734342
2011-01-12,8,0,3,0,0,0.9998800644803091
2011-01-13,8,0,3,0,0,0.9998800021704604
2011-01-14,7,0,3,0,0,0.9998779234148492
2011-01-17,7,6,3,0,0,0.9998724980142364
2011-01-18,7,4,3,0,0,0.999873232916062
2011-01-19,7,0,3,0,0,0.999876006458604
2011-01-20,7,5,3,0,0,0.9998715483404005
2011-01-21,8,0,3,0,0,0.9998725095597257
2011-01-24,8,1,3,0,0,0.9998701987656096
2011-01-25,8,0,3,0,0,0.9998696664559579
2011-01-26,8,0,3,0,0,0.9998713005934631
2011-01-27,8,0,3,0,0,0.9998732428057464
2011-01-28,8,0,3,0,0,0.9998739959314431
2011-01-31,8,0,3,0,0,0.9998751952942617
2011-02-01,7,0,3,0,0,0.9998754141457631
2011-02-09,7,0,3,0,0,0.9998734929892353
2011-02-10,7,0,3,0,0,0.999876829002012
2011-02-11,7,0,3,0,0,0.9998781379380992
2011-02-14,7,0,1,0,2,0.3354756523766362
2011-02-15,7,0,1,0,0,0.3343745620016313
2011-02-16,7,0,1,0,0,0.33810346506142147
2011-02-17,7,0,1,0,0,0.33890226745755053
2011-02-18,7,0,1,0,0,0.3364269882271662
2011-02-21,7,0,1,0,0,0.3407827032464926
2011-02-22,7,0,1,0,0,0.3346685427279098
2011-02-23,7,0,1,0,0,0.3367921617387781
2011-02-24,7,0,1,0,0,0.33897479026183247
2011-02-25,7,0,1,0,0,0.340060726072343
2011-02-28,7,0,1,0,0,0.3418627119341382
2011-03-01,7,0,1,0,0,0.3427958610268437
2011-03-02,7,0,1,0,0,0.3412151317952785
2011-03-03,7,0,1,0,0,0.33730272994894545
2011-03-04,7,0,1,0,0,0.33890226745755053
2011-03-07,7,0,1,0,0,0.3419345867030902
2011-03-08,7,0,1,0,0,0.34236550585790876
2011-03-09,7,0,1,0,0,0.3427958610268437
2011-03-10,7,0,1,0,0,0.3421501168480039
2011-03-11,7,0,1,0,0,0.34143113339343495
2011-03-14,7,0,1,0,0,0.3432972307177898
2011-03-15,7,0,1,0,0,0.34171891528440285
2011-03-16,7,0,1,0,0,0.34493921570939995
2011-03-17,7,0,1,0,0,0.34063843421483603
2011-03-18,6,0,1,0,0,0.3422219288594591
2011-03-21,6,0,1,0,0,0.33977149220988534
2011-03-22,6,0,1,0,0,0.33817616322012045
2011-03-23,6,0,1,0,0,0.341503102452995
2011-03-24,7,0,1,0,0,0.34143113339343495
2011-03-25,7,0,1,0,0,0.3425090201912841
2011-03-28,7,0,1,0,0,0.33933716574027417
2011-03-29,7,1,1,0,0,0.33400672055612407
2011-03-30,7,1,1,1,0,0.6694424359038326
2011-03-31,7,1,1,0,0,0.6678105487325058
2011-04-01,7,0,1,1,0,0.9999772152619384
2011-04-06,7,0,1,0,0,0.9999769929395286
2011-04-07,7,0,1,0,0,0.9999772607242994
2011-04-08,7,0,1,0,0,0.9999774556494031
2011-04-11,7,0,1,0,0,0.9999772000673944
2011-04-12,8,0,1,0,0,0.9999770006780188
2011-04-13,7,0,1,0,0,0.9999773360930775
2011-04-14,7,0,1,0,0,0.9999772833875145
2011-04-15,7,0,1,0,0,0.99997713908602
2011-04-18,7,0,1,0,0,0.9999771543619249
2011-04-19,7,0,1,0,0,0.9999769619334229
2011-04-20,7,0,1,0,0,0.999977008411305
2011-04-21,7,0,1,0,0,0.9999771314404042
2011-04-22,7,0,1,0,0,0.999977008411305
2011-04-25,7,0,1,0,0,0.9999765591518481
2011-04-26,7,3,1,0,0,0.9999762991555352
2011-04-27,7,3,1,0,0,0.9999760501158487
2011-04-28,7,4,1,0,0,0.999975492157312
2011-04-29,7,1,1,0,0,0.999975718431615
2011-05-03,7,0,1,0,0,0.9999760417243594
2011-05-04,7,5,1,0,0,0.9999755447479629
2011-05-05,7,1,1,0,0,0.9999755534911356
2011-05-06,7,1,1,0,0,0.9999758129101407
2011-05-09,7,0,1,0,0,0.9999758896656274
2011-05-10,8,0,1,0,0,0.9999759659355023
2011-05-11,8,0,1,0,0,0.9999758896656274
2011-05-12,8,0,1,0,0,0.9999755796831841
2011-05-13,8,0,1,0,0,0.9999756752423982
2011-05-16,8,0,1,0,0,0.9999756232120995
2011-05-17,8,0,1,0,0,0.9999756925365086
2011-05-18,8,0,1,0,0,0.9999757872162622
2011-05-19,8,0,1,0,0,0.9999757356643896
2011-05-20,8,0,1,0,0,0.9999756579236616
2011-05-23,8,6,1,0,0,0.9999749535368976
2011-05-24,8,5,1,0,0,0.999974787303502
2011-05-25,8,6,1,0,0,0.9999743715125669
2011-05-26,8,4,1,0,0,0.9999741974367666
2011-05-27,8,3,1,0,0,0.9999735588751336
2011-05-30,8,3,1,0,0,0.9999733942655064
2011-05-31,8,0,1,0,0,0.9999738520960021
2011-06-01,7,0,1,0,0,0.9999741095090662
2011-06-02,7,0,1,0,0,0.9999737416430868
2011-06-03,7,0,1,0,0,0.9999741388848091
2011-06-07,7,0,1,0,0,0.9999744385760534
2011-06-08,7,0,1,0,0,0.9999744385760534
2011-06-09,7,0,1,0,0,0.9999740012246571
2011-06-10,7,0,1,0,0,0.9999739219017056
2011-06-13,7,0,1,0,0,0.9999738820584403
2011-06-14,7,0,1,0,0,0.9999742363243302
2011-06-15,7,0,1,0,0,0.999973931843535
2011-06-16,7,0,1,0,0,0.9999734562337399
2011-06-17,7,0,1,0,0,0.9999732590033634
2011-06-20,7,6,1,0,0,0.9999727148079854
2011-06-21,7,0,1,0,0,0.9999730694307062
2011-06-22,7,0,1,0,0,0.9999730800330071
2011-06-23,7,0,1,0,0,0.9999736607257824
2011-06-24,7,0,1,0,0,0.9999743137488649
2011-06-27,7,0,1,0,0,0.9999745905539021
2011-06-28,7,0,1,0,0,0.9999747033565807
2011-06-29,6,0,1,0,0,0.999974419450898
2011-06-30,6,0,1,0,0,0.9999748614566275
2011-07-01,6,0,1,0,0,0.9999749535368976
2011-07-04,6,0,0,0,1,0.0
2011-07-05,6,0,0,0,0,0.0
2011-07-06,6,0,0,0,0,0.0
2011-07-07,6,0,0,0,0,0.0
2011-07-08,6,0,0,0,0,0.0
2011-07-11,6,0,0,0,0,0.0
2011-07-12,6,0,0,0,0,0.0
2011-07-13,6,0,0,0,0,0.0
2011-07-14,6,0,0,0,0,0.0
2011-07-15,6,0,0,0,0,0.0
2011-07-18,6,0,0,0,0,0.0
2011-07-19,6,0,0,0,0,0.0
2011-07-20,5,0,0,0,0,0.0
2011-07-21,5,0,0,0,0,0.0
2011-07-22,5,0,0,0,0,0.0
2011-07-25,5,3,0,0,0,0.0
2011-07-26,5,2,2,2,0,0.7317871543217231
2011-07-27,5,0,2,0,0,0.7326174658935549
2011-07-28,5,0,2,0,0,0.7307557633383325
2011-07-29,5,0,2,0,0,0.7315277649614752
2011-08-01,5,0,2,0,0,0.7320505915375791
2011-08-02,5,0,2,0,0,0.7300732480594869
2011-08-03,5,0,2,0,0,0.7299700705277403
2011-08-04,5,0,2,0,0,0.7301809590713553
2011-08-05,5,1,2,0,0,0.7261501622636729
2011-08-08,5,5,3,1,0,0.9998565959521015
2011-08-09,5,3,3,1,0,0.999976789156923
2011-08-10,5,0,3,0,0,0.9999769756267625
2011-08-11,5,0,3,0,0,0.999977271371945
2011-08-12,5,0,3,0,0,0.9999772637531767
2011-08-15,5,0,3,0,0,0.999977645742118
2011-08-16,5,0,3,0,0,0.9999774882382759
2011-08-17,5,0,3,0,0,0.9999773909196004
2011-08-18,5,0,3,0,0,0.9999769703097998
2011-08-19,5,0,3,0,0,0.9999767444002362
2011-08-22,5,0,3,0,0,0.9999765168482704
2011-08-23,5,0,3,0,0,0.999976863151306
2011-08-24,5,0,3,0,0,0.9999767611137291
2011-08-25,5,0,3,0,0,0.9999775495748666
2011-08-26,5,0,3,0,0,0.999977501090249
2011-08-29,5,0,3,0,0,0.9999770719361364
2011-08-30,5,0,3,0,0,0.9999770384978286
2011-08-31,5,0,3,0,0,0.9999771285976828
2011-09-01,5,0,3,0,0,0.9999770422092906
2011-09-02,5,0,3,0,0,0.9999768190310216
2011-09-05,5,3,3,0,0,0.999976356661327
2011-09-06,5,3,3,0,0,0.9999761790777538
2011-09-07,5,0,3,0,0,0.9999765973585475
2011-09-08,5,0,3,0,0,0.9999764251744061
2011-09-09,5,0,3,0,0,0.9999764032577144
2011-09-13,5,0,3,0,0,0.9999761620945338
2011-09-14,5,0,3,0,0,0.9999762208710912
2011-09-15,5,0,3,0,0,0.9999762042519442
2011-09-16,5,0,3,0,0,0.9999762295085516
2011-09-19,5,0,3,0,0,0.9999757993560117
2011-09-20,5,0,3,0,0,0.9999758834616768
2011-09-21,4,0,3,0,0,0.9999768999838511
2011-09-22,5,0,3,0,0,0.9999758634468964
2011-09-23,5,0,3,0,0,0.9999756518323946
2011-09-26,5,2,3,0,0,0.9999750445960959
2011-09-27,4,0,3,0,0,0.9999760361595927
2011-09-28,4,0,3,0,0,0.9999758903345286
2011-09-29,4,1,3,0,0,0.9999757977797418
2011-09-30,4,1,3,0,0,0.9999757151140567
2011-10-10,4,0,3,0,0,0.999975565343349
2011-10-11,4,0,3,0,0,0.9999755807305908
2011-10-12,4,0,3,0,0,0.9999762187456764
2011-10-13,4,0,3,0,0,0.9999763028519456
2011-10-14,4,0,3,0,0,0.9999763076781346
2011-10-17,4,0,3,0,0,0.9999764046567552
2011-10-18,4,0,3,0,0,0.9999758935225669
2011-10-19,4,0,3,0,0,0.9999759139387026
2011-10-20,4,1,3,0,0,0.9999755387241613
2011-10-21,4,1,3,0,0,0.9999755485418805
2011-10-24,4,0,3,0,0,0.9999760236005
2011-10-25,4,0,3,0,0,0.9999762817776441
2011-10-26,4,0,3,0,0,0.9999764137918101
2011-10-27,4,0,3,0,0,0.9999764766561403
2011-10-28,4,0,1,0,2,0.28280954871438085
2011-10-31,4,0,1,0,0,0.28280954871438085
2011-11-01,4,0,1,0,0,0.28280954871438085
2011-11-02,4,0,1,0,0,0.28280954871438085
2011-11-03,4,0,1,0,0,0.28280954871438085
2011-11-04,4,0,1,0,0,0.28280954871438085
2011-11-07,4,0,1,0,0,0.28280954871438085
2011-11-08,4,0,1,0,0,0.28280954871438085
2011-11-09,4,0,1,0,0,0.28280954871438085
2011-11-10,4,0,1,0,0,0.28280954871438085
2011-11-11,4,0,1,0,0,0.28280954871438085
2011-11-14,4,0,1,0,0,0.28280954871438085
2011-11-15,4,0,1,0,0,0.28280954871438085
2011-11-16,4,0,1,0,0,0.28280954871438085
2011-11-17,4,0,1,0,0,0.28280954871438085
2011-11-18,4,0,1,0,0,0.28280954871438085
2011-11-21,4,0,1,0,0,0.28280954871438085
2011-11-22,4,0,1,0,0,0.28280954871438085
2011-11-23,4,0,1,0,0,0.28280954871438085
2011-11-24,4,0,1,0,0,0.28280954871438085
2011-11-25,4,0,1,0,0,0.28280954871438085
2011-11-28,4,0,1,0,0,0.28280954871438085
2011-11-29,4,0,1,0,0,0.28280954871438085
2011-11-30,4,0,1,0,0,0.28280954871438085
2011-12-01,4,0,1,0,0,0.28280954871438085
2011-12-02,4,0,1,0,0,0.28280954871438085
2011-12-05,4,1,1,0,0,0.28280954871438085
2011-12-06,4,0,2,1,0,0.668575622394856
2011-12-07,4,0,2,0,0,0.669036030748367
2011-12-08,4,0,2,0,0,0.6692083542638426
2011-12-09,4,0,2,0,0,0.6675350053829344
2011-12-12,4,0,2,0,0,0.6664294633695274
2011-12-13,4,3,2,0,0,0.6635441037528635
2011-12-14,4,4,2,0,0,0.6610911864581346
2011-12-15,4,4,3,1,0,0.9997654016675707
2011-12-16,4,0,3,0,0,0.9997689115503213
2011-12-19,4,0,3,0,0,0.9997681458296435
2011-12-20,4,0,3,0,0,0.9997677390615587
2011-12-21,5,0,3,0,0,0.9997490549876906
2011-12-22,5,0,3,0,0,0.9997468913670065
2011-12-23,5,0,3,0,0,0.9997485454201879
2011-12-26,5,0,3,0,0,0.9997454827249782
2011-12-27,5,0,3,0,0,0.9997414981270945
2011-12-28,5,0,3,0,0,0.9997409731118199
2011-12-29,5,0,3,0,0,0.9997421866183712
2011-12-30,5,0,3,0,0,0.9997462152193517
2012-01-04,5,0,3,0,0,0.9997410294308386
2012-01-05,5,0,3,0,0,0.9997367083796602
2012-01-06,5,0,3,0,0,0.9997378963023815
2012-01-09,5,0,3,0,0,0.9997466156558809
2012-01-10,5,0,2,0,1,0.6302283205292082
2012-01-11,5,0,2,0,0,0.6291661795796953
2012-01-12,5,0,2,0,0,0.6280270637478341
2012-01-13,5,0,2,0,0,0.6202503762811737
2012-01-16,5,0,2,0,0,0.61283380127926
2012-01-17,5,0,2,0,0,0.6252420853369506
2012-01-18,5,0,2,0,0,0.6183476859958821
2012-01-19,5,0,2,0,0,0.6226617367244971
2012-01-20,5,0,1,0,1,0.37522224314241226
2012-01-30,5,0,1,0,0,0.37307067765501556
2012-01-31,5,0,1,0,0,0.3736698197698214
2012-02-01,5,0,1,0,0,0.37271064186128233
2012-02-02,5,0,1,0,0,0.3772407609353652
2012-02-03,5,0,1,0,0,0.3811220594303166
2012-02-06,5,0,1,0,0,0.3832188089444659
2012-02-07,5,0,1,0,0,0.3792462779679587
2012-02-08,5,0,1,0,0,0.38622248687958743
2012-02-09,5,0,1,0,0,0.3872554168652726
2012-02-10,5,0,1,0,0,0.3881706625441788
2012-02-13,5,0,1,0,0,0.3913526027923924
2012-02-14,5,0,1,0,0,0.39090006773049535
2012-02-15,5,0,1,0,0,0.3939416855983045
2012-02-16,5,0,1,0,0,0.39191732689498526
2012-02-17,5,0,1,0,0,0.39090006773049535
2012-02-20,5,0,1,0,0,0.3916915630535689
2012-02-21,5,0,1,0,0,0.39494881890318273
2012-02-22,5,0,1,0,0,0.4009220202073903
2012-02-23,5,0,1,0,0,0.40190610644027536
2012-02-24,6,0,1,0,0,0.40397304132293277
2012-02-27,6,0,0,0,1,0.0
2012-02-28,6,0,0,0,0,0.0
2012-02-29,6,0,0,0,0,0.0
2012-03-01,6,0,0,0,0,0.0
2012-03-02,6,0,0,0,0,0.0
2012-03-05,6,0,0,0,0,0.0
2012-03-06,6,0,0,0,0,0.0
2012-03-07,6,0,0,0,0,0.0
2012-03-08,6,0,0,0,0,0.0
2012-03-09,6,0,0,0,0,0.0
2012-03-12,7,0,0,0,0,0.0
2012-03-13,7,0,0,0,0,0.0
2012-03-14,7,0,0,0,0,0.0
2012-03-15,7,0,0,0,0,0.0
2012-03-16,7,0,0,0,0,0.0
2012-03-19,7,0,0,0,0,0.0
2012-03-20,7,0,0,0,0,0.0
2012-03-21,7,0,0,0,0,0.0
2012-03-22,7,0,0,0,0,0.0
2012-03-23,7,3,0,0,0,0.0
2012-03-26,7,0,3,3,0,0.9999837194872754
2012-03-27,7,0,3,0,0,0.9999836055472233
2012-03-28,7,7,3,0,0,0.9999830223904446
2012-03-29,7,7,3,0,0,0.9999828145352609
2012-03-30,7,5,3,0,0,0.9999827960735309
2012-04-05,7,0,3,0,0,0.9999833116444587
2012-04-06,7,0,3,0,0,0.9999834410042185
2012-04-09,7,0,3,0,0,0.9999833042183228
2012-04-10,7,0,3,0,0,0.9999834367377622
2012-04-11,7,0,3,0,0,0.9999834616804654
2012-04-12,7,0,3,0,0,0.9999837992128868
2012-04-13,7,0,3,0,0,0.9999839099913933
2012-04-16,6,0,3,0,0,0.9999838233667332
2012-04-17,6,0,3,0,0,0.9999836033165383
2012-04-18,6,0,3,0,0,0.9999839122504517
2012-04-19,6,0,3,0,0,0.9999838602899157
2012-04-20,6,0,3,0,0,0.9999839801705687
2012-04-23,6,0,3,0,0,0.9999838920378296
2012-04-24,6,0,3,0,0,0.9999838259433322
2012-04-25,6,0,3,0,0,0.9999839726857842
2012-04-26,6,0,3,0,0,0.999984017690112
2012-04-27,6,0,3,0,0,0.999984007722144
2012-05-02,6,0,2,0,1,0.5937168946316863
2012-05-03,6,0,2,0,0,0.5944609530577929
2012-05-04,6,0,1,0,1,0.19171924143173896
2012-05-07,6,0,1,0,0,0.19171924143173896
2012-05-08,6,0,1,0,0,0.19171924143173896
2012-05-09,6,0,1,0,0,0.19171924143173896
2012-05-10,6,0,1,0,0,0.19171924143173896
2012-05-11,6,0,1,0,0,0.19171924143173896
2012-05-14,6,0,1,0,0,0.19171924143173896
2012-05-15,6,0,1,0,0,0.19171924143173896
2012-05-16,6,0,1,0,0,0.19171924143173896
2012-05-17,6,0,1,0,0,0.19171924143173896
2012-05-18,6,0,1,0,0,0.19171924143173896
2012-05-21,6,0,1,0,0,0.19171924143173896
2012-05-22,6,0,1,0,0,0.19171924143173896
2012-05-23,6,0,1,0,0,0.19171924143173896
2012-05-24,6,0,1,0,0,0.19171924143173896
2012-05-25,6,0,1,0,0,0.19171924143173896
2012-05-28,6,0,1,0,0,0.19171924143173896
2012-05-29,6,0,1,0,0,0.19171924143173896
2012-05-30,6,0,1,0,0,0.19171924143173896
2012-05-31,6,0,1,0,0,0.19171924143173896
2012-06-01,6,0,1,0,0,0.19171924143173896
2012-06-04,6,0,1,0,0,0.19171924143173896
2012-06-05,6,0,1,0,0,0.19171924143173896
2012-06-06,6,0,1,0,0,0.19171924143173896
2012-06-07,6,0,1,0,0,0.19171924143173896
2012-06-08,6,0,1,0,0,0.19171924143173896
2012-06-11,6,0,1,0,0,0.19171924143173896
2012-06-12,6,0,1,0,0,0.19171924143173896
2012-06-13,6,0,1,0,0,0.19171924143173896
2012-06-14,6,0,1,0,0,0.19171924143173896
2012-06-15,6,0,1,0,0,0.19171924143173896
2012-06-18,6,0,1,0,0,0.19171924143173896
2012-06-19,6,0,1,0,0,0.19171924143173896
2012-06-20,6,0,1,0,0,0.19171924143173896
2012-06-21,6,0,1,0,0,0.19171924143173896
2012-06-25,6,5,1,0,0,0.19171924143173896
2012-06-26,6,1,3,2,0,0.9570697987493099
2012-06-27,6,0,3,0,0,0.9569306160776083
2012-06-28,6,0,3,0,0,0.9567519216654391
2012-06-29,6,0,3,0,0,0.9571539526392516
2012-07-02,6,0,3,0,0,0.9571796934441061
2012-07-03,6,0,3,0,0,0.9572539823279103
2012-07-04,6,0,3,0,0,0.9572094253378686
2012-07-05,6,0,3,0,0,0.956857923466968
2012-07-06,6,0,3,0,0,0.9575060274935558
2012-07-09,6,0,3,0,0,0.9567547348925751
2012-07-10,6,0,3,0,0,0.9566800729901732
2012-07-11,6,0,3,0,0,0.9568758535004055
2012-07-12,6,0,3,0,0,0.957233833615659
2012-07-13,6,0,3,0,0,0.9573254202079903
2012-07-16,6,1,3,0,0,0.9566134984464202
2012-07-17,6,0,3,0,0,0.9567464435359462
2012-07-18,6,0,3,0,0,0.9566426452789712
2012-07-19,6,0,3,0,0,0.9567671286491732
2012-07-20,6,0,3,0,0,0.956418104407483
2012-07-23,6,4,3,0,0,0.9558745695433596
2012-07-24,6,0,3,2,0,0.9999387404891347
2012-07-25,6,1,3,0,0,0.9999384383326388
2012-07-26,6,2,3,0,0,0.9999382457506085
2012-07-27,6,0,3,0,0,0.9999383559637713
2012-07-30,6,0,3,0,0,0.9999381875583453
2012-07-31,6,1,3,0,0,0.999938160905014
2012-08-01,6,0,3,0,0,0.9999386638149942
2012-08-02,5,0,3,0,0,0.9999381272939473
2012-08-03,5,0,3,0,0,0.9999384882965279
2012-08-06,5,0,3,0,0,0.9999390628052343
2012-08-07,5,0,3,0,0,0.9999391806193649
2012-08-08,5,0,3,0,0,0.9999392331721381
2012-08-09,5,0,3,0,0,0.9999396568172843
2012-08-10,5,0,3,0,0,0.9999394111227976
2012-08-13,5,0,3,0,0,0.9999383382941266
2012-08-14,5,0,3,0,0,0.9999383962030536
2012-08-15,5,0,3,0,0,0.9999379017960308
2012-08-16,5,0,3,0,0,0.9999378129608214
2012-08-17,5,0,3,0,0,0.9999375661164904
2012-08-20,6,0,3,0,0,0.9999372725488697
2012-08-21,6,0,3,0,0,0.9999374206807303
2012-08-22,6,0,3,0,0,0.9999369813668972
2012-08-23,6,0,3,0,0,0.9999371798799572
2012-08-24,6,1,3,0,0,0.9999366429080438
2012-08-27,6,4,3,0,0,0.9999355398080149
2012-08-28,6,1,3,0,0,0.9999357453756504
2012-08-29,6,1,3,0,0,0.9999352225260387
2012-08-30,6,2,3,0,0,0.9999350343757222
2012-08-31,6,0,3,0,0,0.9999350790667197
2012-09-03,6,0,3,0,0,0.9999355204867942
2012-09-04,6,0,3,0,0,0.9999349393105744
2012-09-05,6,0,3,0,0,0.999934836274765
2012-09-06,6,0,3,0,0,0.999935259366157
2012-09-07,6,0,3,0,0,0.9999376908462351
2012-09-10,6,0,3,0,0,0.9999377159176781
2012-09-11,6,0,3,0,0,0.9999373822402843
2012-09-12,6,0,3,0,0,0.999937564118245
2012-09-13,6,0,3,0,0,0.9999370941067302
2012-09-14,6,0,3,0,0,0.9999374632208025
2012-09-17,6,0,3,0,0,0.9999362672121506
2012-09-18,6,0,3,0,0,0.9999356577598891
2012-09-19,6,0,3,0,0,0.9999358497781978
2012-09-20,6,0,3,0,0,0.9999347340784849
2012-09-21,6,1,3,0,0,0.9999347594034951
2012-09-24,6,0,3,0,0,0.9999351334776025
2012-09-25,6,0,3,0,0,0.9999351508757194
2012-09-26,6,1,3,0,0,0.9999345806926112
2012-09-27,6,0,2,0,1,0.5628383400398157
2012-09-28,6,0,2,0,0,0.5663082280123964
2012-10-08,6,0,2,0,0,0.5637110070046659
2012-10-09,6,0,2,0,0,0.5674526489352864
2012-10-10,6,0,2,0,0,0.5683070088573072
2012-10-11,6,0,2,0,0,0.5665949005943843
2012-10-12,6,0,2,0,0,0.5663082280123964
2012-10-15,6,0,2,0,0,0.5654459303329115
2012-10-16,6,0,2,0,0,0.5654459303329115
2012-10-17,6,0,2,0,0,0.5657337436366814
2012-10-18,6,0,2,0,0,0.56887470958586
2012-10-19,6,0,2,0,0,0.56887470958586
2012-10-22,6,0,2,0,0,0.5694409191581579
2012-10-23,6,0,2,0,0,0.566881194442496
2012-10-24,6,0,2,0,0,0.5663082280123964
2012-10-25,6,0,2,0,0,0.5651577352751667
2012-10-26,6,0,2,0,0,0.5610824909738477
2012-10-29,6,0,2,0,0,0.560494069383361
2012-10-30,6,0,2,0,0,0.5610824909738477
2012-10-31,6,0,2,0,0,0.5619621750543997
2012-11-01,6,0,2,0,0,0.5654459303329115
2012-11-02,6,0,2,0,0,0.5663082280123964
2012-11-05,6,0,2,0,0,0.5657337436366814
2012-11-06,6,0,2,0,0,0.5642908519675959
2012-11-07,6,0,2,0,0,0.564001122273343
2012-11-08,6,0,2,0,0,0.560494069383361
2012-11-09,6,0,2,0,0,0.5596084728503683
2012-11-12,6,0,2,0,0,0.5607884772589373
2012-11-13,6,2,2,0,0,0.5581245209664215
2012-11-14,6,0,3,1,0,0.9631351576924351
2012-11-15,6,2,3,0,0,0.9627785404923673
2012-11-16,6,2,3,1,0,0.9998377457570599
2012-11-19,6,1,3,0,0,0.9998374306291755
2012-11-20,6,0,3,0,0,0.9998371709746143
2012-11-21,6,0,3,0,0,0.9998388021236726
2012-11-22,6,0,3,0,0,0.9998379114918271
2012-11-23,6,0,3,0,0,0.9998388106567238
2012-11-26,6,0,3,0,0,0.999837966173276
2012-11-27,6,1,3,0,0,0.9998366549545945
2012-11-28,6,1,3,0,0,0.999835455993307
2012-11-29,6,1,3,0,0,0.9998349410166342
2012-11-30,6,0,3,0,0,0.9998357788154344
2012-12-03,6,0,3,0,0,0.9998339874473022
2012-12-04,6,0,3,0,0,0.9998353505672067
2012-12-05,6,0,3,0,0,0.9998398686600024
2012-12-06,6,0,3,0,0,0.9998396519583326
2012-12-07,6,0,2,0,1,0.5494747230584281
2012-12-10,6,0,2,0,0,0.5515725784137924
2012-12-11,6,0,2,0,0,0.550376202615498
2012-12-12,6,0,2,0,0,0.550675894638871
2012-12-13,6,0,2,0,0,0.5491734260314612
2012-12-14,6,0,1,0,1,0.1991674409567855
2012-12-17,6,0,1,0,0,0.1991674409567855
2012-12-18,6,0,1,0,0,0.1991674409567855
2012-12-19,6,0,1,0,0,0.1991674409567855
2012-12-20,6,0,1,0,0,0.1991674409567855
2012-12-21,6,0,1,0,0,0.1991674409567855
2012-12-24,6,0,1,0,0,0.1991674409567855
2012-12-25,6,0,1,0,0,0.1991674409567855
2012-12-26,6,0,1,0,0,0.1991674409567855
2012-12-27,6,0,1,0,0,0.1991674409567855
2012-12-28,6,0,1,0,0,0.1991674409567855
2012-12-31,6,0,1,0,0,0.1991674409567855
2013-01-04,6,0,1,0,0,0.1991674409567855
2013-01-07,6,0,1,0,0,0.1991674409567855
2013-01-08,7,0,1,0,0,0.1991674409567855
2013-01-09,7,0,1,0,0,0.1991674409567855
2013-01-10,7,0,1,0,0,0.1991674409567855
2013-01-11,7,0,1,0,0,0.1991674409567855
2013-01-14,7,0,1,0,0,0.1991674409567855
2013-01-15,7,0,1,0,0,0.1991674409567855
2013-01-16,7,0,1,0,0,0.1991674409567855
2013-01-17,7,0,1,0,0,0.1991674409567855
2013-01-18,7,0,1,0,0,0.1991674409567855
2013-01-21,7,0,1,0,0,0.1991674409567855
2013-01-22,7,0,1,0,0,0.1991674409567855
2013-01-23,7,0,1,0,0,0.1991674409567855
2013-01-24,7,0,1,0,0,0.1991674409567855
2013-01-25,7,0,1,0,0,0.1991674409567855
2013-01-28,7,0,1,0,0,0.1991674409567855
2013-01-29,7,0,1,0,0,0.1991674409567855
2013-01-30,7,0,1,0,0,0.1991674409567855
2013-01-31,7,0,1,0,0,0.1991674409567855
2013-02-01,7,0,1,0,0,0.1991674409567855
2013-02-04,7,0,1,0,0,0.1991674409567855
2013-02-05,7,0,1,0,0,0.1991674409567855
2013-02-06,7,0,1,0,0,0.1991674409567855
2013-02-07,7,0,1,0,0,0.1991674409567855
2013-02-08,7,0,1,0,0,0.1991674409567855
2013-02-18,7,0,1,0,0,0.1991674409567855
2013-02-19,7,0,1,0,0,0.1991674409567855
2013-02-20,7,0,1,0,0,0.1991674409567855
2013-02-21,8,0,1,0,0,0.1991674409567855
2013-02-22,8,0,1,0,0,0.1991674409567855
2013-02-25,8,0,1,0,0,0.1991674409567855
2013-02-26,8,0,1,0,0,0.1991674409567855
2013-02-27,8,0,1,0,0,0.1991674409567855
2013-02-28,8,0,1,0,0,0.1991674409567855
2013-03-01,8,0,1,0,0,0.1991674409567855
2013-03-04,8,2,1,0,0,0.1991674409567855
2013-03-05,8,0,3,2,0,0.9942127625771493
2013-03-06,8,0,3,0,0,0.9942608480919585
2013-03-07,8,0,3,0,0,0.9942386321512063
2013-03-08,8,0,3,0,0,0.9942002698365244
2013-03-11,8,0,3,0,0,0.9941891095608614
2013-03-12,8,0,3,0,0,0.9941294996638821
2013-03-13,8,0,3,0,0,0.9940780748065674
2013-03-14,8,0,3,0,0,0.994080617087072
2013-03-15,8,0,3,0,0,0.994076634789428
2013-03-18,8,0,3,0,0,0.9940426891893995
2013-03-19,8,0,3,0,0,0.9940573193753272
2013-03-20,8,0,3,0,0,0.9942002698365244
2013-03-21,8,0,3,0,0,0.9942127625771493
2013-03-22,8,0,3,0,0,0.9942252016142011
2013-03-25,8,0,3,0,0,0.9942189887869554
2013-03-26,8,0,3,0,0,0.9941652624066414
2013-03-27,8,0,3,0,0,0.9941641907646677
2013-03-28,8,2,3,0,0,0.9940444855597943
2013-03-29,8,0,3,0,0,0.9940086961757424
2013-04-01,8,0,3,0,0,0.9940275476409948
2013-04-02,8,0,3,0,0,0.9940352984454985
2013-04-03,8,0,3,0,0,0.9940283284394766
2013-04-08,8,0,3,0,0,0.9940075662448441
2013-04-09,8,0,3,0,0,0.9940444855597943
2013-04-10,8,0,3,0,0,0.9940312549168755
2013-04-11,8,0,3,0,0,0.9940127703165491
2013-04-12,8,0,3,0,0,0.9939728220721923
2013-04-15,8,0,3,0,0,0.9939128788779176
2013-04-16,8,0,3,0,0,0.993975455505621
2013-04-17,8,0,3,0,0,0.9940034850160977
2013-04-18,8,0,3,0,0,0.9940116419219995
2013-04-19,8,0,3,0,0,0.9941147967328312
2013-04-22,8,0,3,0,0,0.9941033047598384
2013-04-23,8,0,3,0,0,0.9939554734747187
2013-04-24,8,0,3,0,0,0.9940370992752015
2013-04-25,8,0,3,0,0,0.9939678968919496
2013-04-26,8,1,3,0,0,0.9939135887289691
2013-05-02,8,0,3,1,0,0.9999267943571207
2013-05-03,8,0,3,0,0,0.999927794692992
2013-05-06,8,0,3,0,0,0.9999288158549154
2013-05-07,8,0,2,0,1,0.5982815877458475
2013-05-08,8,0,1,0,1,0.19813829532860586
2013-05-09,8,0,1,0,0,0.19813829532860586
2013-05-10,8,0,1,0,0,0.19813829532860586
2013-05-13,8,0,1,0,0,0.19813829532860586
2013-05-14,8,0,1,0,0,0.19813829532860586
2013-05-15,8,0,1,0,0,0.19813829532860586
2013-05-16,8,0,1,0,0,0.19813829532860586
2013-05-17,8,0,1,0,0,0.19813829532860586
2013-05-20,8,0,1,0,0,0.19813829532860586
2013-05-21,8,0,1,0,0,0.19813829532860586
2013-05-22,8,0,1,0,0,0.19813829532860586
2013-05-23,8,0,1,0,0,0.19813829532860586
2013-05-24,8,0,1,0,0,0.19813829532860586
2013-05-27,8,0,1,0,0,0.19813829532860586
2013-05-28,8,0,1,0,0,0.19813829532860586
2013-05-29,8,0,1,0,0,0.19813829532860586
2013-05-30,8,0,1,0,0,0.19813829532860586
2013-05-31,8,0,1,0,0,0.19813829532860586
2013-06-03,8,0,1,0,0,0.19813829532860586
2013-06-04,8,0,1,0,0,0.19813829532860586
2013-06-05,8,0,1,0,0,0.19813829532860586
2013-06-06,7,0,1,0,0,0.19813829532860586
2013-06-07,7,1,1,0,0,0.19813829532860586
2013-06-13,8,6,2,1,0,0.5910936424602051
2013-06-14,8,5,3,1,0,0.9887568433620456
2013-06-17,8,5,3,1,0,0.9997653961807089
2013-06-18,9,0,3,0,0,0.9997666130426424
2013-06-19,9,0,3,0,0,0.9997652532346863
2013-06-20,9,6,3,0,0,0.9997591866814517
2013-06-21,9,0,3,0,0,0.9997585635301294
2013-06-24,8,8,3,0,0,0.9997459711097089
2013-06-25,8,6,3,0,0,0.9997463384308393
2013-06-26,8,0,3,0,0,0.9997447519318631
2013-06-27,8,0,3,0,0,0.9997451877141736
2013-06-28,8,0,3,0,0,0.9997498445341221
2013-07-01,7,0,3,0,0,0.9997499268927106
2013-07-02,8,0,3,0,0,0.9997497963510502
2013-07-03,7,0,3,0,0,0.9997486956874404
2013-07-04,7,0,3,0,0,0.9997501538702515
2013-07-05,7,0,3,0,0,0.9997510006660627
2013-07-08,7,0,3,0,0,0.999746468225801
2013-07-09,7,0,3,0,0,0.999745984737235
2013-07-10,7,0,3,0,0,0.999751402339038
2013-07-11,7,0,3,0,0,0.9997620084893935
2013-07-12,7,0,3,0,0,0.9997565988209973
2013-07-15,7,0,3,0,0,0.9997588964498976
2013-07-16,7,0,3,0,0,0.9997594661646262
2013-07-17,7,0,3,0,0,0.9997568013634963
2013-07-18,7,0,3,0,0,0.9997532455998588
2013-07-19,7,0,3,0,0,0.9997481371786513
2013-07-22,7,0,3,0,0,0.9997488849585981
2013-07-23,7,0,3,0,0,0.9997545618670826
2013-07-24,7,0,3,0,0,0.9997526235938236
2013-07-25,7,0,3,0,0,0.9997523043602727
2013-07-26,6,0,3,0,0,0.9997508396331947
2013-07-29,6,0,3,0,0,0.9997464897906534
2013-07-30,6,0,3,0,0,0.9997481572723015
2013-07-31,6,0,3,0,0,0.9997485061307514
2013-08-01,6,0,3,0,0,0.9997533684241731
2013-08-02,8,0,3,0,0,0.9997530757247347
2013-08-05,8,0,3,0,0,0.9997554998056477
2013-08-06,8,0,3,0,0,0.9997562462656232
2013-08-07,8,0,3,0,0,0.9997551585559562
2013-08-08,8,0,3,0,0,0.999755020746632
2013-08-09,8,0,3,0,0,0.9997559781103021
2013-08-12,8,0,1,0,2,0.20421179188324504
2013-08-13,8,0,1,0,0,0.20421179188324504
2013-08-14,8,0,1,0,0,0.20421179188324504
2013-08-15,8,0,1,0,0,0.20421179188324504
2013-08-16,8,1,1,0,0,0.20421179188324504
2013-08-19,8,0,2,1,0,0.6151694424350415
2013-08-20,8,0,2,0,0,0.6133945163590903
2013-08-21,8,0,2,0,0,0.6136914734932455
2013-08-22,8,0,2,0,0,0.6147272405677594
2013-08-23,8,0,2,0,0,0.6160508078860762
2013-08-26,8,0,2,0,0,0.618091710784534
2013-08-27,8,0,2,0,0,0.6182366596333999
2013-08-28,8,0,2,0,0,0.6132458665219525
2013-08-29,8,0,2,0,0,0.6127992303479928
2013-08-30,8,0,2,0,0,0.6100975989775257
2013-09-02,8,0,2,0,0,0.6105504859149711
2013-09-03,8,0,2,0,0,0.6130971023290981
2013-09-04,8,0,2,0,0,0.6110023219811491
2013-09-05,8,0,2,0,0,0.6111527011081997
2013-09-06,8,0,2,0,0,0.6114531108294571
2013-09-09,8,0,2,0,0,0.6108518264966966
2013-09-10,9,0,2,0,0,0.6093404421688714
2013-09-11,9,0,2,0,0,0.6088847349172883
2013-09-12,9,0,2,0,0,0.6090367554187597
2013-09-13,10,0,2,0,0,0.6099464025041954
2013-09-16,10,0,2,0,0,0.6120525399044794
2013-09-17,10,0,2,0,0,0.6097950887233455
2013-09-18,10,0,2,0,0,0.6120525399044794
2013-09-23,9,0,2,0,0,0.6157574683148562
2013-09-24,10,0,2,0,0,0.615316617569072
2013-09-25,10,0,2,0,0,0.6142840212789632
2013-09-26,10,0,1,0,1,0.20183772523844665
2013-09-27,10,0,1,0,0,0.20183772523844665
2013-09-30,10,0,1,0,0,0.20183772523844665
2013-10-08,10,0,1,0,0,0.20183772523844665
2013-10-09,10,0,1,0,0,0.20183772523844665
2013-10-10,10,0,1,0,0,0.20183772523844665
2013-10-11,10,0,1,0,0,0.20183772523844665
2013-10-14,10,0,1,0,0,0.20183772523844665
2013-10-15,9,0,1,0,0,0.20183772523844665
2013-10-16,9,0,1,0,0,0.20183772523844665
2013-10-17,9,0,1,0,0,0.20183772523844665
2013-10-18,9,0,1,0,0,0.20183772523844665
2013-10-21,9,0,1,0,0,0.20183772523844665
2013-10-22,9,0,1,0,0,0.20183772523844665
2013-10-23,9,0,1,0,0,0.20183772523844665
2013-10-24,9,0,1,0,0,0.20183772523844665
2013-10-25,9,5,1,0,0,0.20183772523844665
2013-10-28,9,2,2,1,0,0.6038255502203287
2013-10-29,9,2,3,1,0,0.9996854432589289
2013-10-30,9,0,3,0,0,0.9996885746863597
2013-10-31,9,2,3,0,0,0.9996846422413719
2013-11-01,9,0,3,0,0,0.9996845845080548
2013-11-04,9,0,3,0,0,0.9996850662306771
2013-11-05,9,0,3,0,0,0.9996871234145227
2013-11-06,9,0,3,0,0,0.9996842270012607
2013-11-07,9,0,3,0,0,0.9996818111233599
2013-11-08,9,5,3,0,0,0.999677932771676
2013-11-11,9,0,3,0,0,0.999679753430057
2013-11-12,9,0,3,0,0,0.9996814354005652
2013-11-13,9,4,3,0,0,0.9996768268535592
2013-11-14,9,2,3,0,0,0.9996790446181558
2013-11-15,9,1,3,0,0,0.9996835887692546
2013-11-18,10,0,3,0,0,0.9996898577251327
2013-11-19,10,0,3,0,0,0.9996894500266347
2013-11-20,9,0,3,0,0,0.9996905769387243
2013-11-21,9,0,3,0,0,0.9996898114313639
2013-11-22,9,0,3,0,0,0.9996884206033525
2013-11-25,9,0,3,0,0,0.9996869643567562
2013-11-26,9,0,3,0,0,0.9996871220902347
2013-11-27,9,0,3,0,0,0.9996902743042474
2013-11-28,9,0,2,0,1,0.6032990489254743
2013-11-29,9,0,2,0,0,0.6034281165317669
2013-12-02,9,0,2,0,0,0.6019387494272855
2013-12-03,9,0,2,0,0,0.6033635932284425
2013-12-04,9,0,2,0,0,0.605417978746331
2013-12-05,9,0,2,0,0,0.605417978746331
2013-12-06,10,0,2,0,0,0.6043292435417836
2013-12-09,10,0,2,0,0,0.6042650131605886
2013-12-10,10,0,2,0,0,0.6042007619225997
2013-12-11,10,0,2,0,0,0.601678586358125
2013-12-12,9,0,2,0,0,0.6013529039038448
2013-12-13,9,0,2,0,0,0.6012877034929047
2013-12-16,9,1,2,0,0,0.5986620832534594
2013-12-17,10,4,3,1,0,0.9981639516299444
2013-12-18,10,0,3,1,0,0.9996264712717627
2013-12-19,9,0,3,0,0,0.9996233414852558
2013-12-20,8,5,3,0,0,0.9996163990933405
2013-12-23,9,5,3,1,0,0.9999454563674095
2013-12-24,9,0,3,0,0,0.9999454562662307
2013-12-25,9,0,3,0,0,0.9999456511129224
2013-12-26,9,0,3,0,0,0.9999450858698974
2013-12-27,9,0,3,0,0,0.999945683552446
2013-12-30,9,0,3,0,0,0.9999456881118451
2013-12-31,10,0,3,0,0,0.999946250313853
2014-01-02,10,0,3,0,0,0.999946000233392
2014-01-03,10,0,3,0,0,0.9999454420637502
2014-01-06,10,0,3,0,0,0.9999446002754924
2014-01-07,10,0,3,0,0,0.999944595427214
2014-01-08,10,0,3,0,0,0.999944590682503
2014-01-09,10,0,3,0,0,0.9999443105059761
2014-01-10,10,1,3,0,0,0.9999440668298046
2014-01-13,10,2,3,0,0,0.9999438210117917
2014-01-14,10,0,3,0,0,0.99994402758818
2014-01-15,10,0,3,0,0,0.9999439094252366
2014-01-16,10,0,3,0,0,0.9999439636095252
2014-01-17,10,0,3,0,0,0.9999433926936001
2014-01-20,10,1,3,0,0,0.9999431609906437
2014-01-21,10,0,3,0,0,0.9999429944115363
2014-01-22,10,0,3,0,0,0.9999441750175461
2014-01-23,9,0,3,0,0,0.9999438510142676
2014-01-24,9,0,3,0,0,0.999943968996097
2014-01-27,10,0,3,0,0,0.9999433679201573
2014-01-28,10,0,3,0,0,0.9999435083265316
2014-01-29,10,0,3,0,0,0.9999436677712713
2014-01-30,10,0,3,0,0,0.9999431008995429
2014-02-07,10,0,3,0,0,0.9999431966893536
2014-02-10,10,0,3,0,0,0.9999442618984808
2014-02-11,10,0,2,0,1,0.604148175347228
2014-02-12,10,0,2,0,0,0.6044219323656186
2014-02-13,10,0,2,0,0,0.6040111547001362
2014-02-14,11,0,2,0,0,0.6045586689334443
2014-02-17,11,0,2,0,0,0.6056491678003139
2014-02-18,10,0,2,0,0,0.6038054457802352
2014-02-19,10,0,2,0,0,0.6058529671026632
2014-02-20,10,0,2,0,0,0.6044903124677555
2014-02-21,10,0,2,0,0,0.6027047119515762
2014-02-24,10,1,2,0,0,0.5991549392770545
2014-02-25,10,6,3,1,0,0.9996401769768795
2014-02-26,10,4,3,0,0,0.9996400209395966
2014-02-27,10,3,3,0,0,0.9996406451282258
2014-02-28,10,0,3,0,0,0.9996434676049168
2014-03-03,10,0,3,0,0,0.9996429935123938
2014-03-04,10,0,3,0,0,0.99964287395263
2014-03-05,10,0,3,0,0,0.9996401845698764
2014-03-06,10,0,3,0,0,0.9996422208001204
2014-03-07,10,0,3,0,0,0.9996409366996499
2014-03-10,10,2,3,0,0,0.9996318298121328
2014-03-11,10,0,3,0,0,0.9996326919355207
2014-03-12,10,0,3,0,0,0.9996333943044803
2014-03-13,10,0,3,0,0,0.9996376562559675
2014-03-14,10,0,3,0,0,0.9996355667119468
2014-03-17,10,0,3,0,0,0.9996368181739018
2014-03-18,10,0,3,0,0,0.9996357214720397
2014-03-19,10,0,3,0,0,0.9996337353309015
2014-03-20,10,1,3,0,0,0.9996309485540891
2014-03-21,10,0,3,0,0,0.999642612962719
2014-03-24,10,0,2,0,1,0.5935914271015824
2014-03-25,10,0,2,0,0,0.5933772567602488
2014-03-26,10,0,2,0,0,0.5933772567602488
2014-03-27,10,1,2,0,0,0.5923030101855952
2014-03-28,10,1,3,1,0,0.9999267087934288
2014-03-31,10,0,3,0,0,0.9999267051158627
2014-04-01,10,0,3,0,0,0.9999274013470221
2014-04-02,10,0,3,0,0,0.9999269689136816
2014-04-03,10,0,3,0,0,0.9999268194053862
2014-04-04,10,0,3,0,0,0.9999276030616867
2014-04-08,10,0,2,0,1,0.6145176442988994
2014-04-09,9,0,2,0,0,0.6166241932495298
2014-04-10,10,0,2,0,0,0.6179002324159141
2014-04-11,10,0,2,0,0,0.6158077213949871
2014-04-14,10,0,2,0,0,0.6169730483964345
2014-04-15,10,0,2,0,0,0.6162747020593572
2014-04-16,10,0,2,0,0,0.6156907985812157
2014-04-17,10,0,2,0,0,0.6167405488841763
2014-04-18,10,0,2,0,0,0.6175530649205655
2014-04-21,10,0,2,0,0,0.6158077213949871
2014-04-22,10,0,2,0,0,0.6127444215715736
2014-04-23,10,0,2,0,0,0.6120305562285518
2014-04-24,10,1,2,0,0,0.610474782993396
2014-04-25,10,3,3,1,0,0.9999713369344249
2014-04-28,10,4,3,0,0,0.9999707542869546
2014-04-29,10,2,3,0,0,0.9999709250657811
2014-04-30,10,0,3,0,0,0.9999712943719821
2014-05-05,10,0,3,0,0,0.9999715452912304
2014-05-06,10,0,3,0,0,0.9999716709128417
2014-05-07,10,0,3,0,0,0.9999712872159824
2014-05-08,10,0,3,0,0,0.999971242112415
2014-05-09,10,0,3,0,0,0.9999709955354852
2014-05-12,10,0,3,0,0,0.999971367276722
2014-05-13,10,0,3,0,0,0.9999712816685653
2014-05-14,10,0,3,0,0,0.9999713875478193
2014-05-15,10,0,3,0,0,0.9999709776916642
2014-05-16,10,0,3,0,0,0.9999707003527303
2014-05-19,9,2,3,0,0,0.9999705428072324
2014-05-20,9,2,3,0,0,0.9999707030840777
2014-05-21,9,0,3,0,0,0.9999709391871029
2014-05-22,9,0,3,0,0,0.999971012809926
2014-05-23,9,0,3,0,0,0.9999713585536782
2014-05-26,9,0,2,0,1,0.6016023133460454
2014-05-27,9,0,2,0,0,0.6008248974540166
2014-05-28,9,0,2,0,0,0.6022220692034167
2014-05-29,9,0,1,0,1,0.21306366106103772
2014-05-30,9,0,1,0,0,0.21306366106103772
2014-06-03,9,0,1,0,0,0.21306366106103772
2014-06-04,9,0,1,0,0,0.21306366106103772
2014-06-05,9,0,1,0,0,0.21306366106103772
2014-06-06,9,0,1,0,0,0.21306366106103772
2014-06-09,9,0,1,0,0,0.21306366106103772
2014-06-10,8,0,1,0,0,0.21306366106103772
2014-06-11,8,0,1,0,0,0.21306366106103772
2014-06-12,8,0,1,0,0,0.21306366106103772
2014-06-13,8,0,1,0,0,0.21306366106103772
2014-06-16,8,0,1,0,0,0.21306366106103772
2014-06-17,8,0,1,0,0,0.21306366106103772
2014-06-18,8,0,1,0,0,0.21306366106103772
2014-06-19,8,0,1,0,0,0.21306366106103772
2014-06-20,8,0,1,0,0,0.21306366106103772
2014-06-23,8,0,1,0,0,0.21306366106103772
2014-06-24,8,0,1,0,0,0.21306366106103772
2014-06-25,8,0,1,0,0,0.21306366106103772
2014-06-26,8,0,1,0,0,0.21306366106103772
2014-06-27,8,0,1,0,0,0.21306366106103772
2014-06-30,8,0,1,0,0,0.21306366106103772
2014-07-01,8,0,1,0,0,0.21306366106103772
2014-07-02,7,0,1,0,0,0.21306366106103772
2014-07-03,7,0,1,0,0,0.21306366106103772
2014-07-04,7,0,1,0,0,0.21306366106103772
2014-07-07,7,0,1,0,0,0.21306366106103772
2014-07-08,7,0,1,0,0,0.21306366106103772
2014-07-09,7,0,1,0,0,0.21306366106103772
2014-07-10,7,0,1,0,0,0.21306366106103772
2014-07-11,7,0,1,0,0,0.21306366106103772
2014-07-14,7,0,1,0,0,0.21306366106103772
2014-07-15,7,0,1,0,0,0.21306366106103772
2014-07-16,7,0,1,0,0,0.21306366106103772
2014-07-17,7,0,1,0,0,0.21306366106103772
2014-07-18,7,0,1,0,0,0.21306366106103772
2014-07-21,7,0,1,0,0,0.21306366106103772
2014-07-22,7,0,1,0,0,0.21306366106103772
2014-07-23,7,0,1,0,0,0.21306366106103772
2014-07-24,7,0,1,0,0,0.21306366106103772
2014-07-25,7,0,1,0,0,0.21306366106103772
2014-07-28,7,0,1,0,0,0.21306366106103772
2014-07-29,7,0,1,0,0,0.21306366106103772
2014-07-30,7,0,1,0,0,0.21306366106103772
2014-07-31,7,0,1,0,0,0.21306366106103772
2014-08-01,7,0,1,0,0,0.21306366106103772
2014-08-04,7,0,1,0,0,0.21306366106103772
2014-08-05,7,0,1,0,0,0.21306366106103772
2014-08-06,7,0,1,0,0,0.21306366106103772
2014-08-07,7,0,1,0,0,0.21306366106103772
2014-08-08,7,0,1,0,0,0.21306366106103772
2014-08-11,7,0,1,0,0,0.21306366106103772
2014-08-12,7,0,1,0,0,0.21306366106103772
2014-08-13,7,0,1,0,0,0.21306366106103772
2014-08-14,7,0,1,0,0,0.21306366106103772
2014-08-15,7,0,1,0,0,0.21306366106103772
2014-08-18,7,0,1,0,0,0.21306366106103772
2014-08-19,7,0,1,0,0,0.21306366106103772
2014-08-20,7,0,1,0,0,0.21306366106103772
2014-08-21,7,0,1,0,0,0.21306366106103772
2014-08-22,7,0,1,0,0,0.21306366106103772
2014-08-25,7,0,1,0,0,0.21306366106103772
2014-08-26,7,0,1,0,0,0.21306366106103772
2014-08-27,8,0,1,0,0,0.21306366106103772
2014-08-28,8,1,1,0,0,0.21306366106103772
2014-08-29,7,0,2,1,0,0.6397773023745589
2014-09-01,8,0,2,0,0,0.6416301324205449
2014-09-02,8,0,2,0,0,0.6436463546629867
2014-09-03,8,0,2,0,0,0.6450985065514554
2014-09-04,8,0,1,0,1,0.20845605250795393
2014-09-05,8,0,1,0,0,0.20845605250795393
2014-09-09,8,0,1,0,0,0.20845605250795393
2014-09-10,8,0,1,0,0,0.20845605250795393
2014-09-11,8,0,1,0,0,0.20845605250795393
2014-09-12,8,0,1,0,0,0.20845605250795393
2014-09-15,8,0,1,0,0,0.20845605250795393
2014-09-16,8,0,1,0,0,0.20845605250795393
2014-09-17,8,0,1,0,0,0.20845605250795393
2014-09-18,8,0,1,0,0,0.20845605250795393
2014-09-19,8,0,1,0,0,0.20845605250795393
2014-09-22,8,0,1,0,0,0.20845605250795393
2014-09-23,8,0,1,0,0,0.20845605250795393
2014-09-24,8,0,1,0,0,0.20845605250795393
2014-09-25,8,0,1,0,0,0.20845605250795393
2014-09-26,8,0,1,0,0,0.20845605250795393
2014-09-29,8,0,1,0,0,0.20845605250795393
2014-09-30,8,0,1,0,0,0.20845605250795393
2014-10-08,8,0,1,0,0,0.20845605250795393
2014-10-09,8,0,1,0,0,0.20845605250795393
2014-10-10,8,0,1,0,0,0.20845605250795393
2014-10-13,8,0,1,0,0,0.20845605250795393
2014-10-14,8,0,1,0,0,0.20845605250795393
2014-10-15,8,0,1,0,0,0.20845605250795393
2014-10-16,8,0,1,0,0,0.20845605250795393
2014-10-17,8,0,1,0,0,0.20845605250795393
2014-10-20,8,0,1,0,0,0.20845605250795393
2014-10-21,10,0,1,0,0,0.20845605250795393
2014-10-22,10,0,1,0,0,0.20845605250795393
2014-10-23,10,0,1,0,0,0.20845605250795393
2014-10-24,10,0,1,0,0,0.20845605250795393
2014-10-27,10,6,1,0,0,0.20845605250795393
2014-10-28,9,0,3,2,0,0.9998367409809191
2014-10-29,9,0,3,0,0,0.9998384128358161
2014-10-30,9,0,3,0,0,0.9998392590461367
2014-10-31,9,0,1,0,2,0.20026201067213004
2014-11-03,9,0,1,0,0,0.20026201067213004
2014-11-04,9,0,1,0,0,0.20026201067213004
2014-11-05,9,0,1,0,0,0.20026201067213004
2014-11-06,9,0,1,0,0,0.20026201067213004
2014-11-07,9,0,1,0,0,0.20026201067213004
2014-11-10,10,0,1,0,0,0.20026201067213004
2014-11-11,10,2,1,0,0,0.20026201067213004
2014-11-12,11,0,3,2,0,0.9994613025028488
2014-11-13,11,2,3,0,0,0.9994518206680792
2014-11-14,11,1,3,1,0,0.9997444195558507
2014-11-17,11,0,3,0,0,0.9997472184520975
2014-11-18,11,0,3,0,0,0.9997479735658324
2014-11-19,11,0,3,0,0,0.999750212815777
2014-11-20,11,0,3,0,0,0.9997484737267653
2014-11-21,11,0,3,0,0,0.9997501934173256
2014-11-24,11,0,3,0,0,0.9997514116095468
2014-11-25,11,0,3,0,0,0.9997550906140038
2014-11-26,11,0,3,0,0,0.9997561287621911
2014-11-27,11,0,3,0,0,0.9997569909431586
2014-11-28,11,0,3,0,0,0.9997574939461122
2014-12-01,11,0,3,0,0,0.9997551555064884
2014-12-02,11,0,3,0,0,0.9997572993927806
2014-12-03,11,0,1,0,2,0.1884905400802104
2014-12-04,12,0,1,0,0,0.1884905400802104
2014-12-05,12,0,1,0,0,0.1884905400802104
2014-12-08,13,0,1,0,0,0.1884905400802104
2014-12-09,13,0,1,0,0,0.1884905400802104
2014-12-10,13,0,1,0,0,0.1884905400802104
2014-12-11,13,0,1,0,0,0.1884905400802104
2014-12-12,14,0,1,0,0,0.1884905400802104
2014-12-15,14,0,1,0,0,0.1884905400802104
2014-12-16,14,0,1,0,0,0.1884905400802104
2014-12-17,14,0,1,0,0,0.1884905400802104
2014-12-18,15,0,1,0,0,0.1884905400802104
2014-12-19,15,0,1,0,0,0.1884905400802104
2014-12-22,15,0,1,0,0,0.1884905400802104
2014-12-23,15,0,1,0,0,0.1884905400802104
2014-12-24,15,0,1,0,0,0.1884905400802104
2014-12-25,16,0,1,0,0,0.1884905400802104
2014-12-26,16,0,1,0,0,0.1884905400802104
2014-12-29,16,0,1,0,0,0.1884905400802104
2014-12-30,16,0,1,0,0,0.1884905400802104
2014-12-31,16,0,1,0,0,0.1884905400802104
2015-01-05,16,0,1,0,0,0.1884905400802104
2015-01-06,16,0,1,0,0,0.1884905400802104
2015-01-07,17,0,1,0,0,0.1884905400802104
2015-01-08,17,0,1,0,0,0.1884905400802104
2015-01-09,18,0,1,0,0,0.1884905400802104
2015-01-12,18,0,1,0,0,0.1884905400802104
2015-01-13,18,0,1,0,0,0.1884905400802104
2015-01-14,18,0,1,0,0,0.1884905400802104
2015-01-15,18,0,1,0,0,0.1884905400802104
2015-01-16,18,0,1,0,0,0.1884905400802104
2015-01-19,18,1,1,0,0,0.1884905400802104
2015-01-20,18,0,2,1,0,0.5640873179244453
2015-01-21,19,0,2,0,0,0.5707953318539745
2015-01-22,19,0,2,0,0,0.5708607158335464
2015-01-23,19,0,2,0,0,0.5706645041049017
2015-01-26,20,0,2,0,0,0.5726834137410196
2015-01-27,20,0,2,0,0,0.5714482764379994
2015-01-28,20,0,2,0,0,0.5702715418815573
2015-01-29,20,0,2,0,0,0.5686924731456305
2015-01-30,20,0,2,0,0,0.5675005348923785
2015-02-02,20,5,2,0,0,0.5627340499602613
2015-02-03,20,0,3,1,0,0.9411644719957569
2015-02-04,20,0,3,0,0,0.9406778530568553
2015-02-05,20,0,3,0,0,0.9401612391670381
2015-02-06,20,1,3,0,0,0.9393364818123443
2015-02-09,20,0,3,0,0,0.9397441481161464
2015-02-10,20,0,3,0,0,0.940553962298696
2015-02-11,20,0,3,0,0,0.9407055150825243
2015-02-12,20,0,3,0,0,0.9407895482473929
2015-02-13,20,0,3,0,0,0.941092206781377
2015-02-16,20,0,3,0,0,0.9412112342150212
2015-02-17,20,0,3,0,0,0.9415763040667613
2015-02-25,20,0,3,0,0,0.9410752201754101
2015-02-26,20,0,3,0,0,0.9424681218998648
2015-02-27,20,0,3,0,0,0.9423597655564476
2015-03-02,20,0,3,0,0,0.9425939611113638
2015-03-03,20,0,3,0,0,0.9416113803656958
2015-03-04,20,0,3,0,0,0.9416194938769746
2015-03-05,20,1,3,0,0,0.9410881097417148
2015-03-06,20,0,3,0,0,0.941117239204736
2015-03-09,21,0,3,0,0,0.9422921206853688
2015-03-10,21,0,3,0,0,0.9418221169660419
2015-03-11,21,0,3,0,0,0.9420565376306577
2015-03-12,21,0,2,0,1,0.5628360981218041
2015-03-13,20,0,2,0,0,0.563867127091855
2015-03-16,20,0,1,0,1,0.178986936991699
2015-03-17,20,0,1,0,0,0.178986936991699
2015-03-18,20,0,1,0,0,0.178986936991699
2015-03-19,21,0,1,0,0,0.178986936991699
2015-03-20,22,0,1,0,0,0.178986936991699
2015-03-23,22,0,1,0,0,0.178986936991699
2015-03-24,21,0,1,0,0,0.178986936991699
2015-03-25,21,0,1,0,0,0.178986936991699
2015-03-26,21,0,1,0,0,0.178986936991699
2015-03-27,21,0,1,0,0,0.178986936991699
2015-03-30,21,0,1,0,0,0.178986936991699
2015-03-31,21,0,1,0,0,0.178986936991699
2015-04-01,21,0,1,0,0,0.178986936991699
2015-04-02,21,0,1,0,0,0.178986936991699
2015-04-03,20,0,1,0,0,0.178986936991699
2015-04-07,20,0,1,0,0,0.178986936991699
2015-04-08,20,0,1,0,0,0.178986936991699
2015-04-09,20,0,1,0,0,0.178986936991699
2015-04-10,20,0,1,0,0,0.178986936991699
2015-04-13,20,0,1,0,0,0.178986936991699
2015-04-14,20,0,1,0,0,0.178986936991699
2015-04-15,20,0,1,0,0,0.178986936991699
2015-04-16,19,0,1,0,0,0.178986936991699
2015-04-17,19,0,1,0,0,0.178986936991699
2015-04-20,19,0,1,0,0,0.178986936991699
2015-04-21,19,0,1,0,0,0.178986936991699
2015-04-22,20,0,1,0,0,0.178986936991699
2015-04-23,20,0,1,0,0,0.178986936991699
2015-04-24,21,0,1,0,0,0.178986936991699
2015-04-27,21,0,1,0,0,0.178986936991699
2015-04-28,21,0,1,0,0,0.178986936991699
2015-04-29,20,0,1,0,0,0.178986936991699
2015-04-30,21,0,1,0,0,0.178986936991699
2015-05-04,21,0,1,0,0,0.178986936991699
2015-05-05,21,0,1,0,0,0.178986936991699
2015-05-06,21,0,1,0,0,0.178986936991699
2015-05-07,22,1,1,0,0,0.178986936991699
2015-05-08,23,0,2,1,0,0.5390515664345025
2015-05-11,24,0,2,0,0,0.5446556816576337
2015-05-12,23,0,2,0,0,0.5467901979966202
2015-05-13,23,0,2,0,0,0.5453528445253645
2015-05-14,22,0,2,0,0,0.5460974396385838
2015-05-15,25,1,2,0,0,0.5436560176463593
2015-05-18,25,6,3,1,0,0.8937465441395873
2015-05-19,25,0,3,0,0,0.8966329235700004
2015-05-20,25,0,3,0,0,0.8968331603217888
2015-05-21,25,0,3,0,0,0.8978685222595573
2015-05-22,25,0,3,0,0,0.900025397239649
2015-05-25,25,0,2,0,1,0.5245842686865437
2015-05-26,25,0,2,0,0,0.525641240340278
2015-05-27,26,0,2,0,0,0.5242308972877525
2015-05-28,27,0,2,0,0,0.5119886384480745
2015-05-29,27,0,2,0,0,0.5112433674773181
2015-06-01,27,0,2,0,0,0.5183234852536068
2015-06-02,27,0,2,0,0,0.5175974517312979
2015-06-03,27,0,2,0,0,0.5178699706465133
2015-06-04,27,0,2,0,0,0.5236998541258224
2015-06-05,27,0,2,0,0,0.5236112316559425
2015-06-08,27,0,1,0,1,0.1636893561364393
2015-06-09,27,0,1,0,0,0.1636893561364393
2015-06-10,27,0,1,0,0,0.1636893561364393
2015-06-11,27,0,1,0,0,0.1636893561364393
2015-06-12,27,0,1,0,0,0.1636893561364393
2015-06-15,27,0,1,0,0,0.1636893561364393
2015-06-16,27,0,1,0,0,0.1636893561364393
2015-06-17,27,0,1,0,0,0.1636893561364393
2015-06-18,28,1,1,0,0,0.1636893561364393
2015-06-19,30,19,2,1,0,0.4858573349648185
2015-06-23,31,0,3,1,0,0.8181010937985016
2015-06-24,31,0,3,0,0,0.818695750733197
2015-06-25,32,2,3,0,0,0.8152569232586145
2015-06-26,33,28,3,0,0,0.8050990070663048
2015-06-29,33,30,3,1,0,0.9998514937725655
2015-06-30,33,0,3,0,0,0.9998599804730471
2015-07-01,33,4,3,0,0,0.9998545419490907
2015-07-02,33,9,3,0,0,0.9998531830187084
2015-07-03,33,18,3,0,0,0.9998480089214271
2015-07-06,34,1,3,0,0,0.999855031215308
2015-07-07,34,7,3,0,0,0.9998542849289506
2015-07-08,34,15,3,0,0,0.9998442143888111
2015-07-09,34,0,3,0,0,0.9998539135045931
2015-07-10,34,0,3,0,0,0.9998608617819361
2015-07-13,34,0,3,0,0,0.999859134364079
2015-07-14,34,0,3,0,0,0.9998547195118407
2015-07-15,34,0,3,0,0,0.9998520499426133
2015-07-16,34,0,3,0,0,0.9998517272294105
2015-07-17,34,0,3,0,0,0.9998554508355828
2015-07-20,34,0,3,0,0,0.9998541449228397
2015-07-21,34,0,3,0,0,0.9998538312938877
2015-07-22,33,0,3,0,0,0.9998524358675732
2015-07-23,33,0,3,0,0,0.9998551829211942
2015-07-24,34,0,3,0,0,0.9998524984880951
2015-07-27,34,6,3,0,0,0.9998402554708784
2015-07-28,35,3,3,0,0,0.9998410382611708
2015-07-29,35,0,3,0,0,0.9998428489889809
2015-07-30,36,0,3,0,0,0.9998400990938603
2015-07-31,37,1,3,0,0,0.9998385281031806
2015-08-03,37,0,3,0,0,0.9998388519938947
2015-08-04,37,0,3,0,0,0.999842405121918
2015-08-05,37,0,3,0,0,0.9998397873645303
2015-08-06,36,0,3,0,0,0.9998380375942457
2015-08-07,36,0,3,0,0,0.9998396864096356
2015-08-10,35,0,3,0,0,0.9998462642976766
2015-08-11,34,0,3,0,0,0.9998444399625069
2015-08-12,34,0,3,0,0,0.9998433030332002
2015-08-13,34,0,3,0,0,0.9998439230550187
2015-08-14,34,0,3,0,0,0.9998439142940666
2015-08-17,34,0,3,0,0,0.9998423815793673
2015-08-18,34,0,3,0,0,0.9998360330073264
2015-08-19,35,0,3,0,0,0.9998360688281825
2015-08-20,35,1,3,0,0,0.9998321533151358
2015-08-21,36,13,3,0,0,0.9998256409657097
2015-08-24,36,34,3,0,0,0.9998107012351674
2015-08-25,35,34,3,0,0,0.9997972883817063
2015-08-26,35,34,3,0,0,0.9998011642569727
2015-08-27,35,2,3,0,0,0.9998132931262944
2015-08-28,35,0,3,0,0,0.9998176175868686
2015-08-31,35,0,3,0,0,0.999817980095276
2015-09-01,35,0,3,0,0,0.9998194303431713
2015-09-02,35,0,3,0,0,0.9998194617892503
2015-09-07,35,0,3,0,0,0.9998158340930146
2015-09-08,34,0,3,0,0,0.9998178838891341
2015-09-09,35,0,3,0,0,0.9998208180141474
2015-09-10,35,0,3,0,0,0.9998202288502666
2015-09-11,34,0,3,0,0,0.9998189876839505
2015-09-14,34,0,3,0,0,0.9998180834841789
2015-09-15,32,0,3,0,0,0.999814368126982
2015-09-16,33,0,3,0,0,0.9998203690239013
2015-09-17,32,0,3,0,0,0.9998177219473496
2015-09-18,32,0,3,0,0,0.9998175947795986
2015-09-21,32,0,3,0,0,0.9998187726897204
2015-09-22,32,0,3,0,0,0.9998212629979691
2015-09-23,31,0,3,0,0,0.9998176339085704
2015-09-24,31,0,3,0,0,0.9998180664068264
2015-09-25,31,0,3,0,0,0.9998168551456834
2015-09-28,28,0,3,0,0,0.9998166023309859
2015-09-29,28,7,3,0,0,0.9998138711048218
2015-09-30,28,1,3,0,0,0.999815203837694
2015-10-08,27,0,3,0,0,0.9998188976686565
2015-10-09,27,0,3,0,0,0.9998212319072174
2015-10-12,27,0,1,0,2,0.21275413771279159
2015-10-13,27,0,1,0,0,0.21275413771279159
2015-10-14,27,0,1,0,0,0.21275413771279159
2015-10-15,27,0,1,0,0,0.21275413771279159
2015-10-16,27,0,1,0,0,0.21275413771279159
2015-10-19,25,0,1,0,0,0.21275413771279159
2015-10-20,24,0,1,0,0,0.21275413771279159
2015-10-21,25,0,1,0,0,0.21275413771279159
2015-10-22,25,0,1,0,0,0.21275413771279159
2015-10-23,24,0,1,0,0,0.21275413771279159
2015-10-26,23,0,1,0,0,0.21275413771279159
2015-10-27,22,0,1,0,0,0.21275413771279159
2015-10-28,20,0,1,0,0,0.21275413771279159
2015-10-29,19,0,1,0,0,0.21275413771279159
2015-10-30,18,0,1,0,0,0.21275413771279159
2015-11-02,18,0,1,0,0,0.21275413771279159
2015-11-03,15,0,1,0,0,0.21275413771279159
2015-11-04,16,0,1,0,0,0.21275413771279159
2015-11-05,16,0,1,0,0,0.21275413771279159
2015-11-06,16,0,1,0,0,0.21275413771279159
2015-11-09,16,0,1,0,0,0.21275413771279159
2015-11-10,16,0,1,0,0,0.21275413771279159
2015-11-11,16,0,1,0,0,0.21275413771279159
2015-11-12,15,0,1,0,0,0.21275413771279159
2015-11-13,14,0,1,0,0,0.21275413771279159
2015-11-16,14,0,1,0,0,0.21275413771279159
2015-11-17,13,0,1,0,0,0.21275413771279159
2015-11-18,13,0,1,0,0,0.21275413771279159
2015-11-19,13,0,1,0,0,0.21275413771279159
2015-11-20,13,0,1,0,0,0.21275413771279159
2015-11-23,13,0,1,0,0,0.21275413771279159
2015-11-24,12,0,1,0,0,0.21275413771279159
2015-11-25,11,0,1,0,0,0.21275413771279159
2015-11-26,11,0,1,0,0,0.21275413771279159
2015-11-27,11,0,1,0,0,0.21275413771279159
2015-11-30,11,0,1,0,0,0.21275413771279159
2015-12-01,10,2,1,0,0,0.21275413771279159
2015-12-02,10,0,3,2,0,0.9999131879900437
2015-12-03,8,0,3,0,0,0.999910985727216
2015-12-04,7,0,3,0,0,0.999910985727216
2015-12-07,7,0,3,0,0,0.999910985727216
2015-12-08,7,0,3,0,0,0.999910985727216
2015-12-09,7,0,3,0,0,0.999910985727216
2015-12-10,7,0,3,0,0,0.999910985727216
2015-12-11,7,0,3,0,0,0.999910985727216
2015-12-14,7,0,3,0,0,0.999910985727216
2015-12-15,7,0,3,0,0,0.999910985727216
2015-12-16,7,0,3,0,0,0.999910985727216
2015-12-17,7,0,3,0,0,0.999910985727216
2015-12-18,7,0,3,0,0,0.999910985727216
2015-12-21,7,0,3,0,0,0.999910985727216
2015-12-22,7,0,3,0,0,0.999910985727216
2015-12-23,7,1,3,0,0,0.999910985727216
2015-12-24,7,1,3,0,0,0.999910985727216
2015-12-25,7,1,3,0,0,0.999910985727216
2015-12-28,7,0,3,0,0,0.999910985727216
2015-12-29,7,0,3,0,0,0.999910985727216
2015-12-30,7,0,3,0,0,0.999910985727216
2015-12-31,7,0,3,0,0,0.999910985727216
2016-01-04,7,1,3,0,0,0.999910985727216
2016-01-05,7,1,3,0,0,0.999910985727216
2016-01-06,7,0,3,0,0,0.999910985727216
2016-01-07,7,3,3,0,0,0.999910985727216
2016-01-08,7,1,3,0,0,0.999910985727216
2016-01-11,7,4,3,0,0,0.999910985727216
2016-01-12,7,0,3,0,0,0.999910985727216
2016-01-13,7,0,3,0,0,0.999910985727216
2016-01-14,7,0,3,0,0,0.999910985727216
2016-01-15,7,0,3,0,0,0.999910985727216
2016-01-18,7,0,3,0,0,0.999910985727216
2016-01-19,7,0,3,0,0,0.999910985727216
2016-01-20,7,0,3,0,0,0.999910985727216
2016-01-21,7,0,3,0,0,0.999910985727216
2016-01-22,7,0,3,0,0,0.999910985727216
2016-01-25,7,0,3,0,0,0.999910985727216
2016-01-26,7,0,3,0,0,0.999910985727216
2016-01-27,7,0,3,0,0,0.999910985727216
2016-01-28,7,0,3,0,0,0.999910985727216
2016-01-29,7,0,3,0,0,0.999910985727216
2016-02-01,7,0,3,0,0,0.999910985727216
2016-02-02,7,0,3,0,0,0.999910985727216
2016-02-03,7,0,3,0,0,0.999910985727216
2016-02-04,7,0,3,0,0,0.999910985727216
2016-02-05,7,0,3,0,0,0.999910985727216
2016-02-15,7,0,3,0,0,0.999910985727216
2016-02-16,7,0,3,0,0,0.999910985727216
2016-02-17,7,0,3,0,0,0.999910985727216
2016-02-18,7,0,3,0,0,0.999910985727216
2016-02-19,7,0,3,0,0,0.999910985727216
2016-02-22,7,0,3,0,0,0.999910985727216
2016-02-23,7,0,3,0,0,0.999910985727216
2016-02-24,7,0,3,0,0,0.999910985727216
2016-02-25,7,0,3,0,0,0.999910985727216
2016-02-26,7,0,3,0,0,0.999910985727216
2016-02-29,7,1,3,0,0,0.999910985727216
2016-03-01,7,0,3,0,0,0.999910985727216
2016-03-02,7,0,3,0,0,0.999910985727216
2016-03-03,7,0,3,0,0,0.999910985727216
2016-03-04,7,0,3,0,0,0.999910985727216
2016-03-07,7,0,3,0,0,0.999910985727216
2016-03-08,7,0,3,0,0,0.999910985727216
2016-03-09,7,0,3,0,0,0.999910985727216
2016-03-10,7,0,3,0,0,0.999910985727216
2016-03-11,7,0,3,0,0,0.999910985727216
2016-03-14,7,0,3,0,0,0.999910985727216
2016-03-15,7,0,3,0,0,0.999910985727216
2016-03-16,7,0,3,0,0,0.999910985727216
2016-03-17,7,0,3,0,0,0.999910985727216
2016-03-18,7,0,3,0,0,0.999910985727216
2016-03-21,7,0,3,0,0,0.999910985727216
2016-03-22,7,0,3,0,0,0.999910985727216
2016-03-23,7,0,3,0,0,0.999910985727216
2016-03-24,7,0,3,0,0,0.999910985727216
2016-03-25,7,0,3,0,0,0.999910985727216
2016-03-28,7,0,3,0,0,0.999910985727216
2016-03-29,7,0,3,0,0,0.999910985727216
2016-03-30,7,0,3,0,0,0.999910985727216
2016-03-31,7,0,3,0,0,0.999910985727216
2016-04-01,7,0,3,0,0,0.999910985727216
2016-04-05,7,0,3,0,0,0.999910985727216
2016-04-06,7,0,3,0,0,0.999910985727216
2016-04-07,7,0,3,0,0,0.999910985727216
2016-04-08,7,0,3,0,0,0.999910985727216
2016-04-11,7,0,3,0,0,0.999910985727216
2016-04-12,7,0,3,0,0,0.999910985727216
2016-04-13,7,0,3,0,0,0.999910985727216
2016-04-14,7,0,3,0,0,0.999910985727216
2016-04-15,7,0,3,0,0,0.999910985727216
2016-04-18,7,0,3,0,0,0.999910985727216
2016-04-19,7,0,3,0,0,0.999910985727216
2016-04-20,7,3,3,0,0,0.999910985727216
2016-04-21,7,2,3,0,0,0.999910985727216
2016-04-22,7,0,3,0,0,0.999910985727216
2016-04-25,7,0,3,0,0,0.999910985727216
2016-04-26,7,0,3,0,0,0.999910985727216
2016-04-27,7,0,3,0,0,0.999910985727216
2016-04-28,7,0,3,0,0,0.999910985727216
2016-04-29,7,0,3,0,0,0.999910985727216
2016-05-03,7,0,3,0,0,0.999910985727216
2016-05-04,7,0,3,0,0,0.999910985727216
2016-05-05,7,0,3,0,0,0.999910985727216
2016-05-06,7,1,3,0,0,0.999910985727216
2016-05-09,7,4,3,0,0,0.999910985727216
2016-05-10,7,3,3,0,0,0.999910985727216
2016-05-11,7,0,3,0,0,0.999910985727216
2016-05-12,7,0,3,0,0,0.999910985727216
2016-05-13,7,0,3,0,0,0.999910985727216
2016-05-16,7,0,3,0,0,0.999910985727216
2016-05-17,7,0,3,0,0,0.999910985727216
2016-05-18,7,0,3,0,0,0.999910985727216
2016-05-19,7,0,3,0,0,0.999910985727216
2016-05-20,7,0,3,0,0,0.999910985727216
2016-05-23,7,0,3,0,0,0.999910985727216
2016-05-24,7,0,3,0,0,0.999910985727216
2016-05-25,7,0,3,0,0,0.999910985727216
2016-05-26,7,0,3,0,0,0.999910985727216
2016-05-27,7,0,3,0,0,0.999910985727216
2016-05-30,7,0,3,0,0,0.999910985727216
2016-05-31,7,0,3,0,0,0.999910985727216
2016-06-01,7,0,3,0,0,0.999910985727216
2016-06-02,7,0,3,0,0,0.999910985727216
2016-06-03,7,0,3,0,0,0.999910985727216
2016-06-06,7,0,3,0,0,0.999910985727216
2016-06-07,7,0,3,0,0,0.999910985727216
2016-06-08,7,0,3,0,0,0.999910985727216
2016-06-13,7,0,3,0,0,0.999910985727216
2016-06-14,7,0,3,0,0,0.999910985727216
2016-06-15,7,0,3,0,0,0.999910985727216
2016-06-16,7,0,3,0,0,0.999910985727216
2016-06-17,7,0,3,0,0,0.999910985727216
2016-06-20,6,0,3,0,0,0.999910985727216
2016-06-21,6,0,3,0,0,0.999910985727216
2016-06-22,6,0,3,0,0,0.999910985727216
2016-06-23,6,0,3,0,0,0.999910985727216
2016-06-24,6,0,3,0,0,0.999910985727216
2016-06-27,6,0,3,0,0,0.999910985727216
2016-06-28,6,0,3,0,0,0.999910985727216
2016-06-29,6,0,3,0,0,0.999910985727216
2016-06-30,6,0,3,0,0,0.999910985727216
2016-07-01,6,0,3,0,0,0.999910985727216
2016-07-04,6,0,3,0,0,0.999910985727216
2016-07-05,6,0,3,0,0,0.999910985727216
2016-07-06,6,0,3,0,0,0.999910985727216
2016-07-07,6,0,3,0,0,0.999910985727216
2016-07-08,5,0,3,0,0,0.999910985727216
2016-07-11,5,0,3,0,0,0.999910985727216
2016-07-12,5,0,3,0,0,0.999910985727216
2016-07-13,5,0,3,0,0,0.999910985727216
2016-07-14,5,0,3,0,0,0.999910985727216
2016-07-15,5,0,3,0,0,0.999910985727216
2016-07-18,5,0,3,0,0,0.999910985727216
2016-07-19,5,0,3,0,0,0.999910985727216
2016-07-20,5,0,3,0,0,0.999910985727216
2016-07-21,5,0,3,0,0,0.999910985727216
2016-07-22,5,0,3,0,0,0.999910985727216
2016-07-25,5,0,3,0,0,0.999910985727216
2016-07-26,5,0,3,0,0,0.999910985727216
2016-07-27,5,2,3,0,0,0.999910985727216
2016-07-28,5,2,3,0,0,0.999910985727216
2016-07-29,5,2,3,0,0,0.999910985727216
2016-08-01,5,3,3,0,0,0.999910985727216
2016-08-02,6,0,3,0,0,0.999910985727216
2016-08-03,6,0,3,0,0,0.999910985727216
2016-08-04,6,0,3,0,0,0.999910985727216
2016-08-05,6,0,3,0,0,0.999910985727216
2016-08-08,6,0,3,0,0,0.999910985727216
2016-08-09,6,0,3,0,0,0.999910985727216
2016-08-10,6,0,3,0,0,0.999910985727216
2016-08-11,6,0,3,0,0,0.999910985727216
2016-08-12,6,0,3,0,0,0.999910985727216
2016-08-15,6,0,3,0,0,0.999910985727216
2016-08-16,6,0,3,0,0,0.999910985727216
2016-08-17,6,0,3,0,0,0.999910985727216
2016-08-18,6,0,3,0,0,0.999910985727216
2016-08-19,6,0,3,0,0,0.999910985727216
2016-08-22,6,0,3,0,0,0.999910985727216
2016-08-23,6,0,3,0,0,0.999910985727216
2016-08-24,6,0,3,0,0,0.999910985727216
2016-08-25,6,0,3,0,0,0.999910985727216
2016-08-26,6,0,3,0,0,0.999910985727216
2016-08-29,6,0,3,0,0,0.999910985727216
2016-08-30,6,0,3,0,0,0.999910985727216
2016-08-31,6,0,3,0,0,0.999910985727216
2016-09-01,6,0,3,0,0,0.999910985727216
2016-09-02,6,0,3,0,0,0.999910985727216
2016-09-05,6,0,3,0,0,0.999910985727216
2016-09-06,6,0,3,0,0,0.999910985727216
2016-09-07,6,0,3,0,0,0.999910985727216
2016-09-08,6,0,3,0,0,0.999910985727216
2016-09-09,6,0,3,0,0,0.999910985727216
2016-09-12,6,6,3,0,0,0.999910985727216
2016-09-13,6,4,3,0,0,0.999910985727216
2016-09-14,6,4,3,0,0,0.999910985727216
2016-09-19,6,0,3,0,0,0.999910985727216
2016-09-20,6,0,3,0,0,0.999910985727216
2016-09-21,6,0,3,0,0,0.999910985727216
2016-09-22,6,0,3,0,0,0.999910985727216
2016-09-23,6,0,3,0,0,0.999910985727216
2016-09-26,6,0,3,0,0,0.999910985727216
2016-09-27,6,0,3,0,0,0.999910985727216
2016-09-28,6,0,3,0,0,0.999910985727216
2016-09-29,6,0,3,0,0,0.999910985727216
2016-09-30,6,0,3,0,0,0.999910985727216
2016-10-10,6,0,3,0,0,0.999910985727216
2016-10-11,6,0,3,0,0,0.999910985727216
2016-10-12,6,0,3,0,0,0.999910985727216
2016-10-13,6,0,3,0,0,0.999910985727216
2016-10-14,6,0,3,0,0,0.999910985727216
2016-10-17,6,0,3,0,0,0.999910985727216
2016-10-18,6,0,3,0,0,0.999910985727216
2016-10-19,6,0,3,0,0,0.999910985727216
2016-10-20,6,0,3,0,0,0.999910985727216
2016-10-21,6,0,3,0,0,0.999910985727216
2016-10-24,6,0,3,0,0,0.999910985727216
2016-10-25,6,0,3,0,0,0.999910985727216
2016-10-26,6,0,3,0,0,0.999910985727216
2016-10-27,6,0,3,0,0,0.999910985727216
2016-10-28,6,0,3,0,0,0.999910985727216
2016-10-31,6,0,3,0,0,0.999910985727216
2016-11-01,6,0,3,0,0,0.999910985727216
2016-11-02,6,0,3,0,0,0.999910985727216
2016-11-03,6,0,3,0,0,0.999910985727216
2016-11-04,6,0,3,0,0,0.999910985727216
2016-11-07,7,1,3,0,0,0.999910985727216
2016-11-08,9,0,3,0,0,0.999910985727216
2016-11-09,9,1,3,0,0,0.999910985727216
2016-11-10,9,0,3,0,0,0.999910985727216
2016-11-11,9,0,3,0,0,0.999910985727216
2016-11-14,9,0,3,0,0,0.999910985727216
2016-11-15,9,0,3,0,0,0.999910985727216
2016-11-16,9,0,3,0,0,0.999910985727216
2016-11-17,8,0,3,0,0,0.999910985727216
2016-11-18,7,0,3,0,0,0.999910985727216
2016-11-21,7,0,3,0,0,0.999910985727216
2016-11-22,7,0,3,0,0,0.999910985727216
2016-11-23,7,0,3,0,0,0.999910985727216
2016-11-24,7,0,3,0,0,0.999910985727216
2016-11-25,7,0,3,0,0,0.999910985727216
2016-11-28,7,0,3,0,0,0.999910985727216
2016-11-29,8,0,3,0,0,0.999910985727216
2016-11-30,8,0,3,0,0,0.999910985727216
2016-12-01,9,0,3,0,0,0.999910985727216
2016-12-02,9,0,3,0,0,0.999910985727216
2016-12-05,9,0,3,0,0,0.999910985727216
2016-12-06,9,0,3,0,0,0.999910985727216
2016-12-07,9,0,3,0,0,0.999910985727216
2016-12-08,9,2,3,0,0,0.999910985727216
2016-12-09,9,1,3,0,0,0.999910985727216
2016-12-12,9,6,3,0,0,0.999910985727216
2016-12-13,9,5,3,0,0,0.999910985727216
2016-12-14,9,4,3,0,0,0.999910985727216
2016-12-15,9,4,3,0,0,0.999910985727216
2016-12-16,9,2,3,0,0,0.999910985727216
2016-12-19,9,1,3,0,0,0.999910985727216
2016-12-20,9,0,3,0,0,0.999910985727216
2016-12-21,9,0,3,0,0,0.999910985727216
2016-12-22,9,0,3,0,0,0.999910985727216
2016-12-23,9,0,3,0,0,0.999910985727216
2016-12-26,9,0,3,0,0,0.999910985727216
2016-12-27,9,0,3,0,0,0.999910985727216
2016-12-28,9,0,3,0,0,0.999910985727216
2016-12-29,9,0,3,0,0,0.999910985727216
2016-12-30,9,0,3,0,0,0.999910985727216
2017-01-03,9,0,3,0,0,0.999910985727216
2017-01-04,9,0,3,0,0,0.999910985727216
2017-01-05,9,0,3,0,0,0.999910985727216
2017-01-06,9,0,3,0,0,0.999910985727216
2017-01-09,9,0,3,0,0,0.999910985727216
2017-01-10,9,0,3,0,0,0.999910985727216
2017-01-11,9,1,3,0,0,0.999910985727216
2017-01-12,9,2,3,0,0,0.999910985727216
2017-01-13,9,3,3,0,0,0.999910985727216
2017-01-16,9,4,3,0,0,0.999910985727216
2017-01-17,9,3,3,0,0,0.999910985727216
2017-01-18,9,1,3,0,0,0.999910985727216
2017-01-19,9,0,3,0,0,0.999910985727216
2017-01-20,9,0,3,0,0,0.999910985727216
2017-01-23,9,0,3,0,0,0.999910985727216
2017-01-24,9,0,3,0,0,0.999910985727216
2017-01-25,9,0,3,0,0,0.999910985727216
2017-01-26,9,0,3,0,0,0.999910985727216
2017-02-03,9,0,3,0,0,0.999910985727216
2017-02-06,8,0,3,0,0,0.999910985727216
2017-02-07,8,0,3,0,0,0.999910985727216
2017-02-08,8,0,3,0,0,0.999910985727216
2017-02-09,8,0,3,0,0,0.999910985727216
2017-02-10,8,0,3,0,0,0.999910985727216
2017-02-13,8,0,3,0,0,0.999910985727216
2017-02-14,8,0,3,0,0,0.999910985727216
2017-02-15,8,0,3,0,0,0.999910985727216
2017-02-16,8,0,3,0,0,0.999910985727216
2017-02-17,8,0,3,0,0,0.999910985727216
2017-02-20,8,0,3,0,0,0.999910985727216
2017-02-21,8,0,3,0,0,0.999910985727216
2017-02-22,8,0,3,0,0,0.999910985727216
2017-02-23,8,0,3,0,0,0.999910985727216
2017-02-24,8,0,3,0,0,0.999910985727216
2017-02-27,8,0,3,0,0,0.999910985727216
2017-02-28,8,0,3,0,0,0.999910985727216
2017-03-01,8,0,3,0,0,0.999910985727216
2017-03-02,8,0,3,0,0,0.999910985727216
2017-03-03,8,0,3,0,0,0.999910985727216
2017-03-06,7,0,3,0,0,0.999910985727216
2017-03-07,7,0,3,0,0,0.999910985727216
2017-03-08,7,0,3,0,0,0.999910985727216
2017-03-09,7,0,3,0,0,0.999910985727216
2017-03-10,7,0,3,0,0,0.999910985727216
2017-03-13,7,0,3,0,0,0.999910985727216
2017-03-14,7,0,3,0,0,0.999910985727216
2017-03-15,7,0,3,0,0,0.999910985727216
2017-03-16,7,0,3,0,0,0.999910985727216
2017-03-17,7,0,3,0,0,0.999910985727216
2017-03-20,7,0,3,0,0,0.999910985727216
2017-03-21,7,0,3,0,0,0.999910985727216
2017-03-22,7,0,3,0,0,0.999910985727216
2017-03-23,7,0,3,0,0,0.999910985727216
2017-03-24,7,0,3,0,0,0.999910985727216
2017-03-27,7,0,3,0,0,0.999910985727216
2017-03-28,7,0,3,0,0,0.999910985727216
2017-03-29,7,0,3,0,0,0.999910985727216
2017-03-30,7,2,3,0,0,0.999910985727216
2017-03-31,7,2,3,0,0,0.999910985727216
2017-04-05,7,0,3,0,0,0.999910985727216
2017-04-06,7,0,3,0,0,0.999910985727216
2017-04-07,7,0,3,0,0,0.999910985727216
2017-04-10,7,0,3,0,0,0.999910985727216
2017-04-11,7,0,3,0,0,0.999910985727216
2017-04-12,7,0,3,0,0,0.999910985727216
2017-04-13,7,0,3,0,0,0.999910985727216
2017-04-14,7,0,3,0,0,0.999910985727216
2017-04-17,7,1,3,0,0,0.999910985727216
2017-04-18,7,1,3,0,0,0.999910985727216
2017-04-19,8,4,3,0,0,0.999910985727216
2017-04-20,8,0,3,0,0,0.999910985727216
2017-04-21,8,0,3,0,0,0.999910985727216
2017-04-24,8,4,3,0,0,0.999910985727216
2017-04-25,8,1,3,0,0,0.999910985727216
2017-04-26,8,0,3,0,0,0.999910985727216
2017-04-27,8,0,3,0,0,0.999910985727216
2017-04-28,8,0,3,0,0,0.999910985727216
2017-05-02,8,0,3,0,0,0.999910985727216
2017-05-03,8,0,3,0,0,0.999910985727216
2017-05-04,8,0,3,0,0,0.999910985727216
2017-05-05,8,1,3,0,0,0.999910985727216
2017-05-08,8,3,3,0,0,0.999910985727216
2017-05-09,8,1,3,0,0,0.999910985727216
2017-05-10,8,2,3,0,0,0.999910985727216
2017-05-11,8,1,3,0,0,0.999910985727216
2017-05-12,8,0,3,0,0,0.999910985727216
2017-05-15,8,0,3,0,0,0.999910985727216
2017-05-16,8,0,3,0,0,0.999910985727216
2017-05-17,8,0,3,0,0,0.999910985727216
2017-05-18,8,0,3,0,0,0.999910985727216
2017-05-19,8,0,3,0,0,0.999910985727216
2017-05-22,8,0,3,0,0,0.999910985727216
2017-05-23,7,0,3,0,0,0.999910985727216
2017-05-24,7,0,3,0,0,0.999910985727216
2017-05-25,7,0,3,0,0,0.999910985727216
2017-05-26,7,0,3,0,0,0.999910985727216
2017-05-31,7,0,3,0,0,0.999910985727216
2017-06-01,7,0,3,0,0,0.999910985727216
2017-06-02,7,0,3,0,0,0.999910985727216
2017-06-05,7,0,3,0,0,0.999910985727216
2017-06-06,7,0,3,0,0,0.999910985727216
2017-06-07,7,0,3,0,0,0.999910985727216
2017-06-08,7,0,3,0,0,0.999910985727216
2017-06-09,7,0,3,0,0,0.999910985727216
2017-06-12,7,0,3,0,0,0.999910985727216
2017-06-13,7,0,3,0,0,0.999910985727216
2017-06-14,7,0,3,0,0,0.999910985727216
2017-06-15,7,0,3,0,0,0.999910985727216
2017-06-16,7,0,3,0,0,0.999910985727216
2017-06-19,7,0,3,0,0,0.999910985727216
2017-06-20,7,0,3,0,0,0.999910985727216
2017-06-21,7,0,3,0,0,0.999910985727216
2017-06-22,7,0,3,0,0,0.999910985727216
2017-06-23,7,0,3,0,0,0.999910985727216
2017-06-26,8,0,3,0,0,0.999910985727216
2017-06-27,8,0,3,0,0,0.999910985727216
2017-06-28,8,0,3,0,0,0.999910985727216
2017-06-29,8,0,3,0,0,0.999910985727216
2017-06-30,8,0,3,0,0,0.999910985727216
2017-07-03,8,0,3,0,0,0.999910985727216
2017-07-04,8,0,3,0,0,0.999910985727216
2017-07-05,8,0,3,0,0,0.999910985727216
2017-07-06,8,0,3,0,0,0.999910985727216
2017-07-07,8,0,3,0,0,0.999910985727216
2017-07-10,7,0,3,0,0,0.999910985727216
2017-07-11,7,1,3,0,0,0.999910985727216
2017-07-12,7,1,3,0,0,0.999910985727216
2017-07-13,7,1,3,0,0,0.999910985727216
2017-07-14,7,1,3,0,0,0.999910985727216
2017-07-17,8,3,3,0,0,0.999910985727216
2017-07-18,8,3,3,0,0,0.999910985727216
2017-07-19,8,0,3,0,0,0.999910985727216
2017-07-20,8,0,3,0,0,0.999910985727216
2017-07-21,8,0,3,0,0,0.999910985727216
2017-07-24,8,0,3,0,0,0.999910985727216
2017-07-25,8,0,3,0,0,0.999910985727216
2017-07-26,8,0,3,0,0,0.999910985727216
2017-07-27,8,0,3,0,0,0.999910985727216
2017-07-28,8,0,3,0,0,0.999910985727216
2017-07-31,8,0,3,0,0,0.999910985727216
2017-08-01,8,0,3,0,0,0.999910985727216
2017-08-02,8,0,3,0,0,0.999910985727216
2017-08-03,8,0,3,0,0,0.999910985727216
2017-08-04,8,0,3,0,0,0.999910985727216
2017-08-07,8,0,3,0,0,0.999910985727216
2017-08-08,8,0,3,0,0,0.999910985727216
2017-08-09,9,0,3,0,0,0.999910985727216
2017-08-10,9,0,3,0,0,0.999910985727216
2017-08-11,9,3,3,0,0,0.999910985727216
2017-08-14,10,0,3,0,0,0.999910985727216
2017-08-15,10,0,3,0,0,0.999910985727216
2017-08-16,10,0,3,0,0,0.999910985727216
2017-08-17,10,0,3,0,0,0.999910985727216
2017-08-18,10,0,3,0,0,0.999910985727216
2017-08-21,10,0,3,0,0,0.999910985727216
2017-08-22,10,0,3,0,0,0.999910985727216
2017-08-23,11,0,3,0,0,0.999910985727216
2017-08-24,11,0,3,0,0,0.999910985727216
2017-08-25,11,0,3,0,0,0.999910985727216
2017-08-28,11,0,3,0,0,0.999910985727216
2017-08-29,11,0,3,0,0,0.999910985727216
2017-08-30,11,0,3,0,0,0.999910985727216
2017-08-31,11,0,3,0,0,0.999910985727216
2017-09-01,11,0,3,0,0,0.999910985727216
2017-09-04,11,0,3,0,0,0.999910985727216
2017-09-05,11,0,3,0,0,0.999910985727216
2017-09-06,11,0,3,0,0,0.999910985727216
2017-09-07,11,0,3,0,0,0.999910985727216
2017-09-08,11,0,3,0,0,0.999910985727216
2017-09-11,11,0,3,0,0,0.999910985727216
2017-09-12,11,0,3,0,0,0.999910985727216
2017-09-13,11,0,3,0,0,0.999910985727216
2017-09-14,11,0,3,0,0,0.999910985727216
2017-09-15,11,0,3,0,0,0.999910985727216
2017-09-18,11,0,3,0,0,0.999910985727216
2017-09-19,11,0,3,0,0,0.999910985727216
2017-09-20,11,0,3,0,0,0.999910985727216
2017-09-21,11,0,3,0,0,0.999910985727216
2017-09-22,11,0,3,0,0,0.999910985727216
2017-09-25,11,0,3,0,0,0.999910985727216
2017-09-26,11,1,3,0,0,0.999910985727216
2017-09-27,11,0,3,0,0,0.999910985727216
2017-09-28,10,1,3,0,0,0.999910985727216
2017-09-29,10,0,3,0,0,0.999910985727216
2017-10-09,10,0,3,0,0,0.999910985727216
2017-10-10,10,0,3,0,0,0.999910985727216
2017-10-11,10,0,3,0,0,0.999910985727216
2017-10-12,10,0,3,0,0,0.999910985727216
2017-10-13,10,0,3,0,0,0.999910985727216
2017-10-16,10,0,3,0,0,0.999910985727216
2017-10-17,10,1,3,0,0,0.999910985727216
2017-10-18,10,0,3,0,0,0.999910985727216
2017-10-19,10,1,3,0,0,0.999910985727216
2017-10-20,10,1,3,0,0,0.999910985727216
2017-10-23,10,1,3,0,0,0.999910985727216
2017-10-24,10,0,3,0,0,0.999910985727216
2017-10-25,10,0,3,0,0,0.999910985727216
2017-10-26,10,0,3,0,0,0.999910985727216
2017-10-27,10,0,3,0,0,0.999910985727216
2017-10-30,10,2,3,0,0,0.999910985727216
2017-10-31,10,2,3,0,0,0.999910985727216
2017-11-01,10,0,3,0,0,0.999910985727216
2017-11-02,10,1,3,0,0,0.999910985727216
2017-11-03,10,2,3,0,0,0.999910985727216
2017-11-06,10,0,3,0,0,0.999910985727216
2017-11-07,11,0,3,0,0,0.999910985727216
2017-11-08,11,0,3,0,0,0.999910985727216
2017-11-09,11,0,3,0,0,0.999910985727216
2017-11-10,11,0,3,0,0,0.999910985727216
2017-11-13,11,0,3,0,0,0.999910985727216
2017-11-14,11,0,3,0,0,0.999910985727216
2017-11-15,10,0,3,0,0,0.999910985727216
2017-11-16,10,0,3,0,0,0.999910985727216
2017-11-17,10,1,3,0,0,0.999910985727216
2017-11-20,10,0,3,0,0,0.999910985727216
2017-11-21,9,0,3,0,0,0.999910985727216
2017-11-22,9,0,3,0,0,0.999910985727216
2017-11-23,9,3,3,0,0,0.999910985727216
2017-11-24,9,3,3,0,0,0.999910985727216
2017-11-27,9,4,3,0,0,0.999910985727216
2017-11-28,9,1,3,0,0,0.999910985727216
2017-11-29,9,1,3,0,0,0.999910985727216
2017-11-30,9,1,3,0,0,0.999910985727216
2017-12-01,9,0,3,0,0,0.999910985727216
2017-12-04,9,0,3,0,0,0.999910985727216
2017-12-05,9,0,3,0,0,0.999910985727216
2017-12-06,9,0,3,0,0,0.999910985727216
2017-12-07,9,0,3,0,0,0.999910985727216
2017-12-08,9,0,3,0,0,0.999910985727216
2017-12-11,9,0,3,0,0,0.999910985727216
2017-12-12,9,1,3,0,0,0.999910985727216
2017-12-13,9,0,3,0,0,0.999910985727216
2017-12-14,9,1,3,0,0,0.999910985727216
2017-12-15,9,1,3,0,0,0.999910985727216
2017-12-18,9,1,3,0,0,0.999910985727216
2017-12-19,9,0,3,0,0,0.999910985727216
2017-12-20,9,0,3,0,0,0.999910985727216
2017-12-21,9,0,3,0,0,0.999910985727216
2017-12-22,9,0,3,0,0,0.999910985727216
2017-12-25,9,1,3,0,0,0.999910985727216
2017-12-26,9,0,3,0,0,0.999910985727216
2017-12-27,9,1,3,0,0,0.999910985727216
2017-12-28,9,0,3,0,0,0.999910985727216
2017-12-29,9,0,3,0,0,0.999910985727216
2018-01-02,9,0,3,0,0,0.999910985727216
2018-01-03,9,0,3,0,0,0.999910985727216
2018-01-04,9,0,3,0,0,0.999910985727216
2018-01-05,9,0,3,0,0,0.999910985727216
2018-01-08,9,0,3,0,0,0.999910985727216
2018-01-09,9,0,3,0,0,0.999910985727216
2018-01-10,9,0,3,0,0,0.999910985727216
2018-01-11,9,0,3,0,0,0.999910985727216
2018-01-12,9,0,3,0,0,0.999910985727216
2018-01-15,9,0,3,0,0,0.999910985727216
2018-01-16,9,0,3,0,0,0.999910985727216
2018-01-17,9,0,3,0,0,0.999910985727216
2018-01-18,9,0,3,0,0,0.999910985727216
2018-01-19,9,0,3,0,0,0.999910985727216
2018-01-22,9,0,3,0,0,0.999910985727216
2018-01-23,9,0,3,0,0,0.999910985727216
2018-01-24,9,0,3,0,0,0.999910985727216
2018-01-25,9,0,3,0,0,0.999910985727216
2018-01-26,9,0,3,0,0,0.999910985727216
2018-01-29,9,0,3,0,0,0.999910985727216
2018-01-30,9,0,3,0,0,0.999910985727216
2018-01-31,10,2,3,0,0,0.999910985727216
2018-02-01,10,3,3,0,0,0.999910985727216
2018-02-02,11,2,3,0,0,0.9999169393310515
2018-02-05,11,3,3,0,0,0.9999175257788729
2018-02-06,11,7,3,0,0,0.9999164880225506
2018-02-07,11,6,3,0,0,0.9999157288968032
2018-02-08,12,6,3,0,0,0.9999150177147247
2018-02-09,12,10,3,0,0,0.9999135587214077
2018-02-12,12,6,3,0,0,0.999913635414077
2018-02-13,12,0,3,0,0,0.9999141306183271
2018-02-14,12,0,3,0,0,0.999914244090828
2018-02-22,12,0,3,0,0,0.9999149682249624
2018-02-23,11,0,3,0,0,0.9999151411874634
2018-02-26,11,0,3,0,0,0.9999153747999141
2018-02-27,11,0,3,0,0,0.9999148938821474
2018-02-28,11,0,3,0,0,0.999914545223146
2018-03-01,11,0,3,0,0,0.9999144701385084
2018-03-02,10,0,3,0,0,0.999914445080966
2018-03-05,11,0,3,0,0,0.9999144701385084
2018-03-06,11,0,3,0,0,0.9999147821238642
2018-03-07,11,0,3,0,0,0.9999147323592468
2018-03-08,11,0,3,0,0,0.9999148938821474
2018-03-09,11,0,3,0,0,0.9999149186775255
2018-03-12,11,0,3,0,0,0.9999149929770466
2018-03-13,11,0,3,0,0,0.9999148442480091
2018-03-14,11,0,3,0,0,0.9999147448058493
2018-03-15,11,0,3,0,0,0.9999146700716811
2018-03-16,11,0,3,0,0,0.9999144576115723
2018-03-19,11,0,3,0,0,0.9999142692662244
2018-03-20,11,0,3,0,0,0.9999143447038026
2018-03-21,11,0,3,0,0,0.9999142189006414
2018-03-22,11,1,3,0,0,0.9999139661824392
2018-03-23,11,10,3,0,0,0.9999131086186712
2018-03-26,11,7,3,0,0,0.9999127190688111
2018-03-27,11,4,3,0,0,0.9999127190688111
2018-03-28,11,5,3,0,0,0.9999122469734846
2018-03-29,11,0,3,0,0,0.9999129142793703
2018-03-30,11,0,3,0,0,0.9999128232898886
2018-04-02,11,0,3,0,0,0.9999126145982394
2018-04-03,11,0,3,0,0,0.999912088471426
2018-04-04,11,0,3,0,0,0.999912101701797
2018-04-09,12,0,3,0,0,0.9999120752370715
2018-04-10,12,0,3,0,0,0.9999127581809047
2018-04-11,12,0,3,0,0,0.9999130439353504
2018-04-12,12,0,3,0,0,0.9999126538039983
2018-04-13,12,0,3,0,0,0.9999124836578072
2018-04-16,12,0,3,0,0,0.9999117830698077
2018-04-17,12,1,3,0,0,0.999911462119327
2018-04-18,12,0,3,0,0,0.9999114889543712
2018-04-19,12,0,3,0,0,0.9999117297397486
2018-04-20,12,0,3,0,0,0.9999112603366481
2018-04-23,12,1,3,0,0,0.9999112603366481
2018-04-24,12,0,3,0,0,0.9999119957471914
2018-04-25,12,0,3,0,0,0.9999117697433351
2018-04-26,12,1,3,0,0,0.9999112333627778
2018-04-27,12,0,3,0,0,0.9999113007667302
2018-05-02,12,0,3,0,0,0.999911462119327
2018-05-03,12,0,3,0,0,0.9999116896998703
2018-05-04,12,0,3,0,0,0.9999116763451709
2018-05-07,12,0,3,0,0,0.999912088471426
2018-05-08,12,0,3,0,0,0.9999124180403274
2018-05-09,12,0,3,0,0,0.9999123391693512
2018-05-10,12,0,3,0,0,0.9999126145982394
2018-05-11,12,0,3,0,0,0.9999125360810409
2018-05-14,11,0,3,0,0,0.999910985727216
2018-05-15,11,0,3,0,0,0.999910985727216
2018-05-16,11,0,3,0,0,0.999910985727216
2018-05-17,11,0,3,0,0,0.999910985727216
2018-05-18,11,0,3,0,0,0.999910985727216
2018-05-21,11,0,3,0,0,0.999910985727216
2018-05-22,11,0,3,0,0,0.999910985727216
2018-05-23,11,0,3,0,0,0.999910985727216
2018-05-24,11,0,3,0,0,0.999910985727216
2018-05-25,11,0,3,0,0,0.999910985727216
2018-05-28,11,2,3,0,0,0.999910985727216
2018-05-29,11,4,3,0,0,0.999910985727216
2018-05-30,11,11,3,0,0,0.999910985727216
2018-05-31,11,4,3,0,0,0.999910985727216
2018-06-01,11,4,3,0,0,0.999910985727216
2018-06-04,11,1,3,0,0,0.999910985727216
2018-06-05,11,0,3,0,0,0.999910985727216
2018-06-06,11,0,3,0,0,0.999910985727216
2018-06-07,11,0,3,0,0,0.999910985727216
2018-06-08,11,0,3,0,0,0.999910985727216
2018-06-11,11,0,3,0,0,0.999910985727216
2018-06-12,11,0,3,0,0,0.999910985727216
2018-06-13,11,0,3,0,0,0.999910985727216
2018-06-14,11,0,3,0,0,0.999910985727216
2018-06-15,11,0,3,0,0,0.999910985727216
2018-06-19,11,9,3,0,0,0.999910985727216
2018-06-20,11,8,3,0,0,0.999910985727216
2018-06-21,11,9,3,0,0,0.999910985727216
2018-06-22,11,0,3,0,0,0.999910985727216
2018-06-25,11,4,3,0,0,0.999910985727216
2018-06-26,11,4,3,0,0,0.999910985727216
2018-06-27,11,5,3,0,0,0.999910985727216
2018-06-28,11,4,3,0,0,0.999910985727216
2018-06-29,11,0,3,0,0,0.999910985727216
2018-07-02,11,2,3,0,0,0.999910985727216
2018-07-03,11,0,3,0,0,0.999910985727216
2018-07-04,11,0,3,0,0,0.999910985727216
2018-07-05,11,0,3,0,0,0.999910985727216
2018-07-06,11,0,3,0,0,0.999910985727216
2018-07-09,11,0,3,0,0,0.999910985727216
2018-07-10,11,0,3,0,0,0.999910985727216
2018-07-11,11,0,3,0,0,0.999910985727216
2018-07-12,11,0,3,0,0,0.999910985727216
2018-07-13,11,0,3,0,0,0.999910985727216
2018-07-16,11,0,3,0,0,0.999910985727216
2018-07-17,11,0,3,0,0,0.999910985727216
2018-07-18,11,0,3,0,0,0.999910985727216
2018-07-19,11,0,3,0,0,0.999910985727216
2018-07-20,11,0,3,0,0,0.999910985727216
2018-07-23,11,0,3,0,0,0.999910985727216
2018-07-24,11,0,3,0,0,0.999910985727216
2018-07-25,11,0,3,0,0,0.999910985727216
2018-07-26,11,0,3,0,0,0.999910985727216
2018-07-27,12,0,3,0,0,0.999910985727216
2018-07-30,12,0,3,0,0,0.999910985727216
2018-07-31,12,0,3,0,0,0.999910985727216
2018-08-01,12,0,3,0,0,0.999910985727216
2018-08-02,12,5,3,0,0,0.999910985727216
2018-08-03,12,8,3,0,0,0.999910985727216
2018-08-06,12,8,3,0,0,0.999910985727216
2018-08-07,11,0,3,0,0,0.999910985727216
2018-08-08,11,0,3,0,0,0.999910985727216
2018-08-09,11,0,3,0,0,0.999910985727216
2018-08-10,11,0,3,0,0,0.999910985727216
2018-08-13,11,0,3,0,0,0.999910985727216
2018-08-14,11,0,3,0,0,0.999910985727216
2018-08-15,11,0,3,0,0,0.999910985727216
2018-08-16,11,0,3,0,0,0.999910985727216
2018-08-17,11,0,3,0,0,0.999910985727216
2018-08-20,11,0,3,0,0,0.999910985727216
2018-08-21,11,0,3,0,0,0.999910985727216
2018-08-22,11,0,3,0,0,0.999910985727216
2018-08-23,11,0,3,0,0,0.999910985727216
2018-08-24,11,0,3,0,0,0.999910985727216
2018-08-27,11,0,3,0,0,0.999910985727216
2018-08-28,11,0,3,0,0,0.999910985727216
2018-08-29,11,0,3,0,0,0.999910985727216
2018-08-30,11,0,3,0,0,0.999910985727216
2018-08-31,11,0,3,0,0,0.999910985727216
2018-09-03,11,0,3,0,0,0.999910985727216
2018-09-04,11,0,3,0,0,0.999910985727216
2018-09-05,11,0,3,0,0,0.999910985727216
2018-09-06,11,0,3,0,0,0.999910985727216
2018-09-07,11,0,3,0,0,0.999910985727216
2018-09-10,11,6,3,0,0,0.999910985727216
2018-09-11,11,2,3,0,0,0.999910985727216
2018-09-12,11,2,3,0,0,0.999910985727216
2018-09-13,11,0,3,0,0,0.999910985727216
2018-09-14,11,0,3,0,0,0.999910985727216
2018-09-17,11,1,3,0,0,0.999910985727216
2018-09-18,11,0,3,0,0,0.999910985727216
2018-09-19,11,0,3,0,0,0.999910985727216
2018-09-20,11,0,3,0,0,0.999910985727216
2018-09-21,11,0,3,0,0,0.999910985727216
2018-09-25,11,0,3,0,0,0.999910985727216
2018-09-26,11,0,3,0,0,0.999910985727216
2018-09-27,11,0,3,0,0,0.999910985727216
2018-09-28,11,0,3,0,0,0.999910985727216
2018-10-08,11,1,3,0,0,0.999910985727216
2018-10-09,11,1,3,0,0,0.999910985727216
2018-10-10,11,1,3,0,0,0.999910985727216
2018-10-11,11,8,3,0,0,0.999910985727216
2018-10-12,11,7,3,0,0,0.999910985727216
2018-10-15,11,6,3,0,0,0.999910985727216
2018-10-16,11,6,3,0,0,0.999910985727216
2018-10-17,11,0,3,0,0,0.999910985727216
2018-10-18,11,0,3,0,0,0.999910985727216
2018-10-19,12,0,3,0,0,0.999910985727216
2018-10-22,12,0,3,0,0,0.999910985727216
2018-10-23,13,0,3,0,0,0.9999086081484028
2018-10-24,13,0,3,0,0,0.9999087794365054
2018-10-25,13,0,3,0,0,0.9999087366747013
2018-10-26,14,0,3,0,0,0.9999087936815365
2018-10-29,14,0,3,0,0,0.9999080614669139
2018-10-30,14,0,3,0,0,0.9999082636351204
2018-10-31,14,0,3,0,0,0.9999086653158665
2018-11-01,14,0,3,0,0,0.9999086224469768
2018-11-02,14,0,3,0,0,0.9999095003045434
2018-11-05,14,0,3,0,0,0.999909289469981
2018-11-06,14,0,3,0,0,0.9999092330814198
2018-11-07,14,0,3,0,0,0.999909020998476
2018-11-08,14,0,3,0,0,0.9999090493334472
2018-11-09,14,0,3,0,0,0.9999085222628995
2018-11-12,14,0,3,0,0,0.9999089500837471
2018-11-13,14,0,3,0,0,0.9999091483670068
2018-11-14,14,0,3,0,0,0.9999087936815365
2018-11-15,14,0,3,0,0,0.9999090634943151
2018-11-16,14,0,3,0,0,0.9999091483670068
2018-11-19,14,0,3,0,0,0.9999094862794017
2018-11-20,14,0,3,0,0,0.9999088506171986
2018-11-21,14,0,3,0,0,0.9999088506171986
2018-11-22,14,0,3,0,0,0.999908722411856
2018-11-23,14,0,3,0,0,0.9999080759370463
2018-11-26,14,0,3,0,0,0.9999081193201274
2018-11-27,14,0,3,0,0,0.9999080325129778
2018-11-28,14,0,3,0,0,0.9999082636351204
2018-11-29,14,0,3,0,0,0.99990801802917
2018-11-30,14,0,3,0,0,0.9999082492240248
2018-12-03,14,0,3,0,0,0.9999090493334472
2018-12-04,14,0,3,0,0,0.9999091342325618
2018-12-05,14,0,3,0,0,0.9999090351681681
2018-12-06,14,0,3,0,0,0.9999085938453534
2018-12-07,14,0,3,0,0,0.9999087366747013
2018-12-10,14,0,3,0,0,0.9999085365883581
2018-12-11,14,0,3,0,0,0.9999085652258194
2018-12-12,14,0,3,0,0,0.9999087936815365
2018-12-13,14,0,3,0,0,0.9999091766227092
2018-12-14,14,0,3,0,0,0.9999089500837471
2018-12-17,14,0,3,0,0,0.9999091483670068
2018-12-18,14,0,3,0,0,0.9999089216868917
2018-12-19,14,6,3,0,0,0.999908708144552
2018-12-20,14,5,3,0,0,0.9999084935985156
2018-12-21,14,8,3,0,0,0.9999082924437347
2018-12-24,14,3,3,0,0,0.9999085079329527
2018-12-25,14,2,3,0,0,0.9999081482194392
2018-12-26,14,0,3,0,0,0.9999081771005773
2018-12-27,14,0,3,0,0,0.9999081337720561
2018-12-28,14,0,3,0,0,0.9999081915343365
2019-01-02,14,1,3,0,0,0.9999075521263477
2019-01-03,14,1,3,0,0,0.9999074495802626
2019-01-04,14,0,3,0,0,0.9999079455416455
2019-01-07,14,0,3,0,0,0.9999083068412576
2019-01-08,14,0,3,0,0,0.9999083787611162
2019-01-09,14,0,3,0,0,0.9999085509093307
2019-01-10,14,0,3,0,0,0.9999084362158225
2019-01-11,14,0,3,0,0,0.9999085938453534
2019-01-14,14,0,3,0,0,0.9999086224469768
2019-01-15,14,0,3,0,0,0.9999088790583813
2019-01-16,14,0,3,0,0,0.999907493556428
2019-01-17,14,0,3,0,0,0.9999073908802945
2019-01-18,14,0,2,0,1,0.596568721299692
2019-01-21,13,0,2,0,0,0.596568721299692
2019-01-22,13,0,2,0,0,0.596568721299692
2019-01-23,14,0,2,0,0,0.596568721299692
2019-01-24,12,0,2,0,0,0.596568721299692
2019-01-25,12,0,2,0,0,0.596568721299692
2019-01-28,12,0,2,0,0,0.596568721299692
2019-01-29,12,0,2,0,0,0.596568721299692
2019-01-30,12,0,2,0,0,0.596568721299692
2019-01-31,12,5,2,0,0,0.596568721299692
2019-02-01,12,0,3,1,0,0.9994574486804164
2019-02-11,12,0,2,0,1,0.585577783924339
2019-02-12,13,0,2,0,0,0.585577783924339
2019-02-13,13,0,2,0,0,0.585577783924339
2019-02-14,13,0,2,0,0,0.585577783924339
2019-02-15,13,0,2,0,0,0.585577783924339
2019-02-18,13,0,2,0,0,0.585577783924339
2019-02-19,13,0,2,0,0,0.585577783924339
2019-02-20,13,0,2,0,0,0.585577783924339
2019-02-21,13,0,2,0,0,0.585577783924339
2019-02-22,13,0,2,0,0,0.585577783924339
2019-02-25,13,0,2,0,0,0.585577783924339
2019-02-26,14,0,2,0,0,0.585577783924339
2019-02-27,14,0,2,0,0,0.585577783924339
2019-02-28,14,0,2,0,0,0.585577783924339
2019-03-01,15,0,2,0,0,0.585577783924339
2019-03-04,15,0,2,0,0,0.585577783924339
2019-03-05,15,0,2,0,0,0.585577783924339
2019-03-06,15,0,2,0,0,0.585577783924339
2019-03-07,15,0,2,0,0,0.585577783924339
2019-03-08,16,0,2,0,0,0.585577783924339
2019-03-11,17,0,2,0,0,0.585577783924339
2019-03-12,17,0,2,0,0,0.585577783924339
2019-03-13,17,0,2,0,0,0.585577783924339
2019-03-14,17,0,2,0,0,0.585577783924339
2019-03-15,17,0,2,0,0,0.585577783924339
2019-03-18,17,0,2,0,0,0.585577783924339
2019-03-19,17,0,2,0,0,0.585577783924339
2019-03-20,18,0,2,0,0,0.585577783924339
2019-03-21,18,0,2,0,0,0.585577783924339
2019-03-22,18,0,2,0,0,0.585577783924339
2019-03-25,18,0,2,0,0,0.585577783924339
2019-03-26,18,0,2,0,0,0.585577783924339
2019-03-27,18,0,2,0,0,0.585577783924339
2019-03-28,18,0,2,0,0,0.585577783924339
2019-03-29,18,0,2,0,0,0.585577783924339
2019-04-01,18,0,2,0,0,0.585577783924339
2019-04-02,18,0,2,0,0,0.585577783924339
2019-04-03,18,0,2,0,0,0.585577783924339
2019-04-04,18,0,2,0,0,0.585577783924339
2019-04-08,18,0,2,0,0,0.585577783924339
2019-04-09,18,0,2,0,0,0.585577783924339
2019-04-10,18,0,2,0,0,0.585577783924339
2019-04-11,18,0,2,0,0,0.585577783924339
2019-04-12,18,0,2,0,0,0.585577783924339
2019-04-15,19,0,2,0,0,0.585577783924339
2019-04-16,19,0,2,0,0,0.585577783924339
2019-04-17,19,0,2,0,0,0.585577783924339
2019-04-18,20,0,2,0,0,0.585577783924339
2019-04-19,21,0,2,0,0,0.585577783924339
2019-04-22,21,0,2,0,0,0.585577783924339
2019-04-23,21,0,2,0,0,0.585577783924339
2019-04-24,22,0,2,0,0,0.585577783924339
2019-04-25,22,1,2,0,0,0.585577783924339
2019-04-26,22,10,2,0,0,0.585577783924339
2019-04-29,22,13,3,1,0,0.9992713796327203
2019-04-30,22,3,3,0,0,0.9992723230118522
2019-05-06,22,21,3,0,0,0.99924976579066
2019-05-07,22,18,3,0,0,0.9992523164141413
2019-05-08,22,13,3,0,0,0.9992510432739752
2019-05-09,22,11,3,0,0,0.999248930298889
2019-05-10,22,0,3,0,0,0.9992586720647351
2019-05-13,22,0,3,0,0,0.9992543554517186
2019-05-14,22,0,3,0,0,0.9992531995270346
2019-05-15,22,0,3,0,0,0.9992589978675902
2019-05-16,22,0,3,0,0,0.9992616479102073
2019-05-17,22,0,3,0,0,0.9992523164141413
2019-05-20,22,0,3,0,0,0.9992500994671343
2019-05-21,22,0,3,0,0,0.999254959509134
2019-05-22,22,0,3,0,0,0.9992540255528238
2019-05-23,22,0,3,0,0,0.9992483164212667
2019-05-24,22,0,3,0,0,0.999246693196118
2019-05-27,22,0,3,0,0,0.9992529789444451
2019-05-28,22,0,3,0,0,0.9992523716698823
2019-05-29,22,0,3,0,0,0.999252482156867
2019-05-30,22,0,3,0,0,0.9992515973455321
2019-05-31,22,0,3,0,0,0.9992501550510252
2019-06-03,22,0,3,0,0,0.9992478693341474
2019-06-04,22,0,3,0,0,0.9992439345169618
2019-06-05,22,2,3,0,0,0.999242916043372
2019-06-06,21,11,3,0,0,0.9992363438009095
2019-06-10,22,0,3,0,0,0.9992393868669881
2019-06-11,22,0,3,0,0,0.9992512095815652
2019-06-12,22,0,3,0,0,0.999248092944167
2019-06-13,21,0,3,0,0,0.9992490418052932
2019-06-14,21,0,3,0,0,0.9992446119783743
2019-06-17,20,0,3,0,0,0.9992444991524612
2019-06-18,20,0,3,0,0,0.9992438214885694
2019-06-19,20,0,3,0,0,0.9992475336696337
2019-06-20,20,0,3,0,0,0.9992535852332692
2019-06-21,20,0,2,0,1,0.6030095011909812
2019-06-24,20,0,2,0,0,0.6030095011909812
2019-06-25,20,0,2,0,0,0.6030095011909812
2019-06-26,20,0,2,0,0,0.6030095011909812
2019-06-27,20,0,2,0,0,0.6030095011909812
2019-06-28,20,0,2,0,0,0.6030095011909812
2019-07-01,20,0,2,0,0,0.6030095011909812
2019-07-02,20,0,2,0,0,0.6030095011909812
2019-07-03,20,0,2,0,0,0.6030095011909812
2019-07-04,20,0,2,0,0,0.6030095011909812
2019-07-05,20,0,2,0,0,0.6030095011909812
2019-07-08,19,0,2,0,0,0.6030095011909812
2019-07-09,20,0,2,0,0,0.6030095011909812
2019-07-10,19,0,2,0,0,0.6030095011909812
2019-07-11,19,0,2,0,0,0.6030095011909812
2019-07-12,19,0,2,0,0,0.6030095011909812
2019-07-15,19,0,2,0,0,0.6030095011909812
2019-07-16,19,0,2,0,0,0.6030095011909812
2019-07-17,19,0,2,0,0,0.6030095011909812
2019-07-18,19,0,2,0,0,0.6030095011909812
2019-07-19,19,0,2,0,0,0.6030095011909812
2019-07-22,18,0,2,0,0,0.6030095011909812
2019-07-23,18,0,2,0,0,0.6030095011909812
2019-07-24,19,0,2,0,0,0.6030095011909812
2019-07-25,19,0,2,0,0,0.6030095011909812
2019-07-26,19,0,2,0,0,0.6030095011909812
2019-07-29,20,0,2,0,0,0.6030095011909812
2019-07-30,20,0,2,0,0,0.6030095011909812
2019-07-31,20,0,2,0,0,0.6030095011909812
2019-08-01,20,0,2,0,0,0.6030095011909812
2019-08-02,20,3,2,0,0,0.6030095011909812
2019-08-05,20,13,2,0,0,0.6030095011909812
2019-08-06,20,13,2,0,0,0.6030095011909812
2019-08-07,20,13,3,1,0,0.9998379419479044
2019-08-08,20,0,3,0,0,0.9998388535636661
2019-08-09,20,0,3,0,0,0.9998386038933226
2019-08-12,21,0,3,0,0,0.9998397101494064
2019-08-13,21,0,3,0,0,0.9998390572655779
2019-08-14,21,0,3,0,0,0.9998392604531489
2019-08-15,21,0,3,0,0,0.9998394631283248
2019-08-16,21,0,3,0,0,0.9998397325681782
2019-08-19,21,0,3,0,0,0.9998410001539365
2019-08-20,21,0,3,0,0,0.9998408676688807
2019-08-21,21,0,3,0,0,0.9998408234581188
2019-08-22,21,0,3,0,0,0.9998409118550907
2019-08-23,21,0,3,0,0,0.9998417904546989
2019-08-26,21,0,3,0,0,0.9998407128236647
2019-08-27,21,0,3,0,0,0.9998411544412916
2019-08-28,21,0,3,0,0,0.9998406685268095
2019-08-29,22,0,3,0,0,0.9998404244530378
2019-08-30,23,0,3,0,0,0.9998407570958961
2019-09-02,23,0,3,0,0,0.999841286449473
2019-09-03,23,0,3,0,0,0.9998412644633484
2019-09-04,23,0,3,0,0,0.9998420085903599
2019-09-05,23,0,2,0,1,0.587804212885845
2019-09-06,23,0,2,0,0,0.587804212885845
2019-09-09,23,0,2,0,0,0.587804212885845
2019-09-10,23,0,2,0,0,0.587804212885845
2019-09-11,23,0,2,0,0,0.587804212885845
2019-09-12,23,0,2,0,0,0.587804212885845
2019-09-16,23,0,2,0,0,0.587804212885845
2019-09-17,23,0,2,0,0,0.587804212885845
2019-09-18,24,0,2,0,0,0.587804212885845
2019-09-19,24,0,2,0,0,0.587804212885845
2019-09-20,24,0,2,0,0,0.587804212885845
2019-09-23,24,0,2,0,0,0.587804212885845
2019-09-24,24,0,2,0,0,0.587804212885845
2019-09-25,24,0,2,0,0,0.587804212885845
2019-09-26,25,1,2,0,0,0.587804212885845
2019-09-27,26,0,2,0,0,0.587804212885845
2019-09-30,26,5,2,0,0,0.587804212885845
2019-10-08,26,0,3,1,0,0.9992210967440844
2019-10-09,26,0,3,0,0,0.9992239051227144
2019-10-10,26,0,3,0,0,0.9992274019958448
2019-10-11,26,0,3,0,0,0.9992290505263772
2019-10-14,26,0,3,0,0,0.9992326759260841
2019-10-15,27,0,3,0,0,0.999228756662089
2019-10-16,27,0,3,0,0,0.9992268706127443
2019-10-17,27,0,3,0,0,0.9992269296914049
2019-10-18,27,0,3,0,0,0.9992224735919932
2019-10-21,26,0,3,0,0,0.9992218755610309
2019-10-22,26,0,3,0,0,0.999224856551629
2019-10-23,25,1,3,0,0,0.999222951355318
2019-10-24,25,1,3,0,0,0.9992223540593512
2019-10-25,25,0,3,0,0,0.9992250346849096
2019-10-28,25,0,3,0,0,0.9992294028680571
2019-10-29,25,0,3,0,0,0.9992254500110088
2019-10-30,25,0,3,0,0,0.9992214563916947
2019-10-31,27,0,3,0,0,0.9992197751885352
2019-11-01,27,0,3,0,0,0.9992228319695395
2019-11-04,27,0,3,0,0,0.9992237264697138
2019-11-05,27,0,3,0,0,0.9992261017676386
2019-11-06,26,0,3,0,0,0.9992233092926796
2019-11-07,26,0,3,0,0,0.9992253907059663
2019-11-08,26,0,3,0,0,0.9992242026950497
2019-11-11,26,4,3,0,0,0.9992167549106159
2019-11-12,26,4,3,0,0,0.9992169367865443
2019-11-13,26,2,3,0,0,0.9992169367865443
2019-11-14,27,0,3,0,0,0.9992188112370146
2019-11-15,29,3,3,0,0,0.9992168761706207
2019-11-18,29,0,3,0,0,0.9992180262707935
2019-11-19,29,0,3,0,0,0.999223130365228
2019-11-20,29,0,3,0,0,0.9992210967440844
2019-11-21,29,0,3,0,0,0.9992215762004374
2019-11-22,29,1,3,0,0,0.9992182679668299
2019-11-25,30,4,3,0,0,0.9992185095135034
2019-11-26,30,1,3,0,0,0.9992174213763301
2019-11-27,30,0,3,0,0,0.999218871553761
2019-11-28,30,0,3,0,0,0.9992182679668299
2019-11-29,30,4,3,0,0,0.9992182679668299
2019-12-02,30,3,3,0,0,0.9992192935103267
2019-12-03,30,0,3,0,0,0.9992206767350171
2019-12-04,30,0,3,0,0,0.9992200158048199
2019-12-05,29,0,3,0,0,0.9992230110344537
2019-12-06,30,0,2,0,1,0.5866615796408221
2019-12-09,30,0,2,0,0,0.5866615796408221
2019-12-10,30,0,2,0,0,0.5866615796408221
2019-12-11,30,0,2,0,0,0.5866615796408221
2019-12-12,30,0,2,0,0,0.5866615796408221
2019-12-13,31,0,2,0,0,0.5866615796408221
2019-12-16,31,0,2,0,0,0.5866615796408221
2019-12-17,31,0,2,0,0,0.5866615796408221
2019-12-18,31,0,2,0,0,0.5866615796408221
2019-12-19,31,0,2,0,0,0.5866615796408221
2019-12-20,31,0,2,0,0,0.5866615796408221
2019-12-23,31,0,2,0,0,0.5866615796408221
2019-12-24,31,0,2,0,0,0.5866615796408221
2019-12-25,31,0,2,0,0,0.5866615796408221
2019-12-26,31,0,2,0,0,0.5866615796408221
2019-12-27,32,0,2,0,0,0.5866615796408221
2019-12-30,32,0,2,0,0,0.5866615796408221
2019-12-31,32,0,2,0,0,0.5866615796408221
2020-01-02,32,0,2,0,0,0.5866615796408221
2020-01-03,33,0,2,0,0,0.5866615796408221
2020-01-06,33,0,2,0,0,0.5866615796408221
2020-01-07,33,0,2,0,0,0.5866615796408221
2020-01-08,34,0,2,0,0,0.5866615796408221
2020-01-09,34,0,2,0,0,0.5866615796408221
2020-01-10,34,0,2,0,0,0.5866615796408221
2020-01-13,34,0,2,0,0,0.5866615796408221
2020-01-14,35,0,2,0,0,0.5866615796408221
2020-01-15,35,0,2,0,0,0.5866615796408221
2020-01-16,35,0,2,0,0,0.5866615796408221
2020-01-17,37,0,2,0,0,0.5866615796408221
2020-01-20,38,0,2,0,0,0.5866615796408221
2020-01-21,38,1,2,0,0,0.5866615796408221
2020-01-22,38,0,2,0,0,0.5866615796408221
2020-01-23,38,14,2,0,0,0.5866615796408221
2020-02-03,38,27,3,1,0,0.9994136685859158
2020-02-04,38,21,3,0,0,0.999420833285112
2020-02-05,38,1,3,0,0,0.9994231827652178
2020-02-06,38,0,3,0,0,0.9994288189182599
2020-02-07,38,0,3,0,0,0.9994282602642431
2020-02-10,38,0,3,0,0,0.9994290668586524
2020-02-11,40,0,3,0,0,0.9994316572957934
2020-02-12,40,0,3,0,0,0.9994333712340164
2020-02-13,40,0,3,0,0,0.9994320867516745
2020-02-14,40,0,3,0,0,0.9994337371624484
2020-02-17,41,0,3,0,0,0.9994389905053555
2020-02-18,42,0,3,0,0,0.9994374909311076
2020-02-19,42,0,3,0,0,0.9994375510679817
2020-02-20,42,0,3,0,0,0.9994429702174524
2020-02-21,42,0,3,0,0,0.9994437946778832
2020-02-24,42,0,3,0,0,0.9994418473895347
2020-02-25,42,0,3,0,0,0.9994413732644982
2020-02-26,43,0,3,0,0,0.9994393492142305
2020-02-27,43,0,3,0,0,0.9994394089544503
2020-02-28,43,0,3,0,0,0.9994310426594744
2020-03-02,43,0,3,0,0,0.9994397074646825
2020-03-03,43,0,3,0,0,0.9994395283967044
2020-03-04,43,0,3,0,0,0.9994412546073538
2020-03-05,43,0,3,0,0,0.9994470101387133
2020-03-06,43,0,3,0,0,0.9994423798191174
2020-03-09,44,1,3,0,0,0.9994345283882576
2020-03-10,44,0,3,0,0,0.9994398267797798
2020-03-11,44,0,3,0,0,0.9994358018619431
2020-03-12,44,1,3,0,0,0.9994319641162348
2020-03-13,44,17,3,0,0,0.9994283223908714
2020-03-16,44,41,3,0,0,0.9994180142737293
2020-03-17,45,38,3,0,0,0.9994158819402185
2020-03-18,45,35,3,0,0,0.9994118331892694
2020-03-19,46,21,3,0,0,0.9994095227211807
2020-03-20,45,0,3,0,0,0.9994126867646486
2020-03-23,46,7,3,0,0,0.9994048468971561
2020-03-24,46,0,3,0,0,0.9994105151407736
2020-03-25,47,0,3,0,0,0.9994167238129783
2020-03-26,47,0,3,0,0,0.999415232690238
2020-03-27,47,0,3,0,0,0.9994163355580675
2020-03-30,47,0,3,0,0,0.9994141256466526
2020-03-31,47,0,3,0,0,0.9994143213117611
2020-04-01,47,0,3,0,0,0.9994145819953627
2020-04-02,47,0,3,0,0,0.9994178210687578
2020-04-03,47,0,3,0,0,0.9994161412367176
2020-04-07,46,0,3,0,0,0.999421470165067
2020-04-08,46,0,3,0,0,0.9994205143190085
2020-04-09,46,0,3,0,0,0.9994212155812416
2020-04-10,45,0,3,0,0,0.9994204504836235
2020-04-13,46,0,3,0,0,0.9994191066842117
2020-04-14,45,0,3,0,0,0.9994230562537428
2020-04-15,45,0,3,0,0,0.9994216609560094
2020-04-16,46,0,3,0,0,0.999421788080075
2020-04-17,46,0,3,0,0,0.9994239406704651
2020-04-20,46,0,3,0,0,0.9994249481180297
2020-04-21,46,0,3,0,0,0.9994224228630335
2020-04-22,46,0,3,0,0,0.999424570738406
2020-04-23,46,0,3,0,0,0.9994241298356776
2020-04-24,46,1,3,0,0,0.9994221056458721
2020-04-27,46,0,3,0,0,0.9994231827652178
2020-04-28,46,0,3,0,0,0.9994246965866366
2020-04-29,46,0,3,0,0,0.9994259520479751
2020-04-30,45,0,2,0,1,0.5775913728187723
2020-05-06,46,0,2,0,0,0.5775913728187723
2020-05-07,48,0,2,0,0,0.5775913728187723
2020-05-08,48,0,2,0,0,0.5775913728187723
2020-05-11,47,0,2,0,0,0.5775913728187723
2020-05-12,47,0,2,0,0,0.5775913728187723
2020-05-13,48,0,2,0,0,0.5775913728187723
2020-05-14,48,0,2,0,0,0.5775913728187723
2020-05-15,48,0,2,0,0,0.5775913728187723
2020-05-18,48,0,2,0,0,0.5775913728187723
2020-05-19,48,0,2,0,0,0.5775913728187723
2020-05-20,48,0,2,0,0,0.5775913728187723
2020-05-21,48,0,2,0,0,0.5775913728187723
2020-05-22,46,6,2,0,0,0.5775913728187723
2020-05-25,46,4,3,1,0,0.9999216897503758
2020-05-26,44,0,3,0,0,0.9999220184098869
2020-05-27,44,0,3,0,0,0.9999216530615647
2020-05-28,46,0,3,0,0,0.9999220910710452
2020-05-29,45,0,3,0,0,0.9999219456130684
2020-06-01,45,0,3,0,0,0.9999233410739141
2020-06-02,44,0,3,0,0,0.9999232355046764
2020-06-03,43,0,3,0,0,0.9999229170451365
2020-06-04,43,0,3,0,0,0.9999227389788083
2020-06-05,43,0,3,0,0,0.99992309429256
2020-06-08,42,0,3,0,0,0.9999229170451365
2020-06-09,42,0,3,0,0,0.9999232355046764
2020-06-10,42,0,3,0,0,0.9999229880420577
2020-06-11,43,0,3,0,0,0.9999227746578587
2020-06-12,43,0,3,0,0,0.9999227389788083
2020-06-15,43,0,3,0,0,0.9999226675217114
2020-06-16,42,0,3,0,0,0.9999229880420577
2020-06-17,43,0,3,0,0,0.9999228814975646
2020-06-18,43,0,3,0,0,0.9999232355046764
2020-06-19,43,0,2,0,1,0.5622042802856607
2020-06-22,44,0,2,0,0,0.5622042802856607
2020-06-23,45,0,2,0,0,0.5622042802856607
2020-06-24,45,0,2,0,0,0.5622042802856607
2020-06-29,46,0,2,0,0,0.5622042802856607
2020-06-30,46,0,2,0,0,0.5622042802856607
2020-07-01,46,0,2,0,0,0.5622042802856607
2020-07-02,47,0,2,0,0,0.5622042802856607
2020-07-03,47,0,2,0,0,0.5622042802856607
2020-07-06,49,0,2,0,0,0.5622042802856607
2020-07-07,50,0,2,0,0,0.5622042802856607
2020-07-08,51,0,2,0,0,0.5622042802856607
2020-07-09,53,0,2,0,0,0.5622042802856607
2020-07-10,53,0,2,0,0,0.5622042802856607
2020-07-13,53,0,2,0,0,0.5622042802856607
2020-07-14,53,0,2,0,0,0.5622042802856607
2020-07-15,55,0,2,0,0,0.5622042802856607
2020-07-16,55,0,2,0,0,0.5622042802856607
2020-07-17,55,0,2,0,0,0.5622042802856607
2020-07-20,55,0,2,0,0,0.5622042802856607
2020-07-21,56,0,2,0,0,0.5622042802856607
2020-07-22,57,0,2,0,0,0.5622042802856607
2020-07-23,58,0,2,0,0,0.5622042802856607
2020-07-24,59,0,2,0,0,0.5622042802856607
2020-07-27,59,0,2,0,0,0.5622042802856607
2020-07-28,59,0,2,0,0,0.5622042802856607
2020-07-29,59,0,2,0,0,0.5622042802856607
2020-07-30,59,0,2,0,0,0.5622042802856607
2020-07-31,59,0,2,0,0,0.5622042802856607
2020-08-03,59,0,2,0,0,0.5622042802856607
2020-08-04,60,0,2,0,0,0.5622042802856607
2020-08-05,62,0,2,0,0,0.5622042802856607
2020-08-06,62,0,2,0,0,0.5622042802856607
2020-08-07,63,0,2,0,0,0.5622042802856607
2020-08-10,64,0,2,0,0,0.5622042802856607
2020-08-11,64,0,2,0,0,0.5622042802856607
2020-08-12,63,0,2,0,0,0.5622042802856607
2020-08-13,63,0,2,0,0,0.5622042802856607
2020-08-14,62,0,2,0,0,0.5622042802856607
2020-08-17,63,0,2,0,0,0.5622042802856607
2020-08-18,64,0,2,0,0,0.5622042802856607
2020-08-19,64,0,2,0,0,0.5622042802856607
2020-08-20,65,0,2,0,0,0.5622042802856607
2020-08-21,65,0,2,0,0,0.5622042802856607
2020-08-24,65,0,2,0,0,0.5622042802856607
2020-08-25,65,0,2,0,0,0.5622042802856607
2020-08-26,64,2,2,0,0,0.5622042802856607
2020-08-27,64,0,3,1,0,0.9769047444485998
2020-08-28,64,0,3,0,0,0.9769827371974716
2020-08-31,64,0,3,0,0,0.9769047444485998
2020-09-01,64,0,3,0,0,0.9768969160936962
2020-09-02,64,0,3,0,0,0.976723339529802
2020-09-03,63,0,3,0,0,0.9767312859373222
2020-09-04,64,1,3,0,0,0.976928197714487
2020-09-07,64,9,3,0,0,0.9766034887643092
2020-09-08,64,5,3,0,0,0.9764336091554742
2020-09-09,64,37,3,0,0,0.9759258572983004
2020-09-10,64,39,3,1,0,0.999911483070607
2020-09-11,64,3,3,0,0,0.9999126968298923
2020-09-14,63,0,3,0,0,0.9999131154215337
2020-09-15,62,0,3,0,0,0.9999133710271181
2020-09-16,62,0,3,0,0,0.9999131154215337
2020-09-17,62,0,3,0,0,0.9999137831938507
2020-09-18,62,0,3,0,0,0.9999140662500632
2020-09-21,62,0,3,0,0,0.9999140035094187
2020-09-22,62,0,3,0,0,0.9999132114501944
2020-09-23,62,0,3,0,0,0.9999135934514785
2020-09-24,62,6,3,0,0,0.9999127614909392
2020-09-25,62,2,3,0,0,0.9999124697594199
2020-09-28,62,0,3,0,0,0.9999121105381035
2020-09-29,62,1,3,0,0,0.9999125672198117
2020-09-30,62,1,3,0,0,0.9999124046650267
2020-10-09,63,0,3,0,0,0.9999135934514785
2020-10-12,62,0,2,0,1,0.5602028173838622
2020-10-13,62,0,2,0,0,0.5602028173838622
2020-10-14,61,0,2,0,0,0.5602028173838622
2020-10-15,61,0,2,0,0,0.5602028173838622
2020-10-16,61,0,2,0,0,0.5602028173838622
2020-10-19,60,0,2,0,0,0.5602028173838622
2020-10-20,60,0,2,0,0,0.5602028173838622
2020-10-21,59,0,2,0,0,0.5602028173838622
2020-10-22,59,0,2,0,0,0.5602028173838622
2020-10-23,58,1,2,0,0,0.5602028173838622
2020-10-26,58,3,3,1,0,0.9732118784564252
2020-10-27,58,2,3,0,0,0.9731525404825563
2020-10-28,58,1,3,0,0,0.9732945123213019
2020-10-29,58,0,3,0,0,0.9732591603154898
2020-10-30,59,5,3,0,0,0.9729729387454353
2020-11-02,59,4,3,1,0,0.9998660473931996
2020-11-03,58,0,3,0,0,0.9998669974448903
2020-11-04,58,0,3,0,0,0.9998666190459807
2020-11-05,58,0,3,0,0,0.9998675610346522
2020-11-06,58,0,3,0,0,0.9998672485202933
2020-11-09,58,0,3,0,0,0.9998680580086001
2020-11-10,59,0,3,0,0,0.999867436205643
2020-11-11,59,1,3,0,0,0.999866111152038
2020-11-12,59,0,3,0,0,0.9998661748502095
2020-11-13,59,0,3,0,0,0.9998658557518139
2020-11-16,58,0,3,0,0,0.9998662384878003
2020-11-17,57,0,3,0,0,0.9998656635612931
2020-11-18,55,5,3,0,0,0.9998655351280376
2020-11-19,55,0,3,0,0,0.9998657917494385
2020-11-20,55,0,3,0,0,0.9998660473931996
2020-11-23,56,0,3,0,0,0.9998654708192736
2020-11-24,57,0,3,0,0,0.9998652775233781
2020-11-25,57,3,3,0,0,0.9998642371582597
2020-11-26,56,0,3,0,0,0.9998643680817701
2020-11-27,57,0,3,0,0,0.9998646291727094
2020-11-30,57,0,3,0,0,0.999865599375348
2020-12-01,57,0,3,0,0,0.9998671858403534
2020-12-02,56,0,3,0,0,0.9998671858403534
2020-12-03,57,0,3,0,0,0.9998672485202933
2020-12-04,57,0,3,0,0,0.9998671231011956
2020-12-07,58,0,3,0,0,0.9998662384878003
2020-12-08,57,0,3,0,0,0.9998663655815859
2020-12-09,58,3,3,0,0,0.9998650836712157
2020-12-10,58,1,3,0,0,0.9998652129679165
2020-12-11,58,13,3,0,0,0.9998633799555867
2020-12-14,58,4,3,0,0,0.999863644860947
2020-12-15,58,0,3,0,0,0.999863842866781
2020-12-16,59,4,3,0,0,0.9998628470449354
2020-12-17,59,0,3,0,0,0.9998627131670409
2020-12-18,59,0,3,0,0,0.9998628470449354
2020-12-21,59,0,3,0,0,0.9998637109268493
2020-12-22,58,4,3,0,0,0.9998627131670409
2020-12-23,59,0,3,0,0,0.9998624446256319
2020-12-24,59,2,3,0,0,0.9998610860044412
2020-12-25,58,0,3,0,0,0.9998604658299369
2020-12-28,57,2,3,0,0,0.9998596302651653
2020-12-29,57,0,3,0,0,0.9998613598714818
2020-12-30,57,0,3,0,0,0.9998619043787357
2020-12-31,58,0,3,0,0,0.9998627131670409
2021-01-04,58,0,3,0,0,0.9998635125368039
2021-01-05,58,0,3,0,0,0.9998631140189276
2021-01-06,58,0,3,0,0,0.9998627131670409
2021-01-07,58,0,3,0,0,0.9998612915060076
2021-01-08,58,0,3,0,0,0.9998635125368039
2021-01-11,58,0,3,0,0,0.999863908740996
2021-01-12,59,0,3,0,0,0.999863578730963
2021-01-13,60,0,3,0,0,0.9998633135683411
2021-01-14,60,0,3,0,0,0.9998632471165455
2021-01-15,61,0,3,0,0,0.9998630473729162
2021-01-18,61,0,3,0,0,0.999863776928763
2021-01-19,61,0,3,0,0,0.999863578730963
2021-01-20,61,0,3,0,0,0.999863578730963
2021-01-21,61,0,3,0,0,0.9998648892603816
2021-01-22,61,0,3,0,0,0.9998641716016747
2021-01-25,61,0,3,0,0,0.9998634462783764
2021-01-26,62,1,3,0,0,0.9998627131670409
2021-01-27,62,0,2,0,1,0.5694887695095767
2021-01-28,62,6,2,0,0,0.5694887695095767
2021-01-29,62,19,3,1,0,0.9892903094394607
2021-02-01,62,1,3,0,0,0.9893096276360231
2021-02-02,61,0,3,0,0,0.9893480557031153
2021-02-03,62,2,3,0,0,0.9892280193014816
2021-02-04,61,7,3,0,0,0.9891650003355942
2021-02-05,61,11,3,0,0,0.9890972297081346
2021-02-08,63,0,3,0,0,0.9891052466932915
2021-02-09,62,0,3,0,0,0.9892005389356159
2021-02-10,62,0,3,0,0,0.9892903094394607
2021-02-18,62,0,3,0,0,0.9892980450902504
2021-02-19,63,0,3,0,0,0.9893365563226884
2021-02-22,63,1,3,0,0,0.9892319336555809
2021-02-23,64,0,3,0,0,0.9892201820495119
2021-02-24,63,5,3,0,0,0.9892319336555809
2021-02-25,67,5,3,0,0,0.9892084047654577
2021-02-26,66,11,3,0,0,0.9891650003355942
2021-03-01,66,0,3,0,0,0.9892748045401357
2021-03-02,66,1,3,0,0,0.9892980450902504
2021-03-03,66,0,3,0,0,0.9893211851377117
2021-03-04,67,2,3,0,0,0.9891650003355942
2021-03-05,67,0,3,0,0,0.9892044732833356
2021-03-08,67,33,3,0,0,0.9890851820833609
2021-03-09,66,46,3,0,0,0.9889261047381319
2021-03-10,65,20,3,0,0,0.9888845659656834
2021-03-11,66,0,3,1,0,0.9999893924769033
2021-03-12,66,1,3,0,0,0.9999893103419264
2021-03-15,66,10,3,0,0,0.9999891336498214
2021-03-16,66,1,3,0,0,0.9999891293716451
2021-03-17,66,0,3,0,0,0.9999891804884726
2021-03-18,66,0,3,0,0,0.9999891635030286
2021-03-19,67,1,3,0,0,0.9999890691215003
2021-03-22,68,0,3,0,0,0.9999891208051782
2021-03-23,67,0,3,0,0,0.9999890950245771
2021-03-24,67,3,3,0,0,0.9999890038222158
2021-03-25,66,0,3,0,0,0.9999890300353274
2021-03-26,65,0,3,0,0,0.9999891250900986
2021-03-29,66,0,3,0,0,0.9999891079301327
2021-03-30,66,0,3,0,0,0.9999891208051782
2021-03-31,66,0,3,0,0,0.9999891250900986
2021-04-01,66,0,3,0,0,0.9999891931926533
2021-04-02,66,0,3,0,0,0.9999892687956005
2021-04-06,66,0,3,0,0,0.9999892646231988
2021-04-07,66,0,3,0,0,0.999989252086504
2021-04-08,66,0,3,0,0,0.999989252086504
2021-04-09,67,0,3,0,0,0.9999892311268179
2021-04-12,66,5,3,0,0,0.9999891677543874
2021-04-13,65,4,3,0,0,0.999989184726517
2021-04-14,64,2,3,0,0,0.9999892311268179
2021-04-15,64,3,3,0,0,0.9999891931926533
2021-04-16,64,0,3,0,0,0.999989197420753
2021-04-19,64,0,2,0,1,0.5961805878530761
2021-04-20,64,0,2,0,0,0.5961805878530761
2021-04-21,65,0,2,0,0,0.5961805878530761
2021-04-22,65,0,2,0,0,0.5961805878530761
2021-04-23,63,0,2,0,0,0.5961805878530761
2021-04-26,64,0,2,0,0,0.5961805878530761
2021-04-27,63,0,2,0,0,0.5961805878530761
2021-04-28,64,0,2,0,0,0.5961805878530761
2021-04-29,64,0,2,0,0,0.5961805878530761
2021-04-30,63,4,2,0,0,0.5961805878530761
2021-05-06,63,1,2,0,0,0.5961805878530761
2021-05-07,64,8,3,1,0,0.9999554768675789
2021-05-10,64,8,3,0,0,0.9999552783166673
2021-05-11,65,1,3,0,0,0.9999554174876687
2021-05-12,66,0,3,0,0,0.9999555557951748
2021-05-13,65,0,3,0,0,0.9999555163663872
2021-05-14,65,0,3,0,0,0.9999557909078348
2021-05-17,66,0,3,0,0,0.999955810388322
2021-05-18,66,0,3,0,0,0.999955810388322
2021-05-19,66,0,3,0,0,0.9999557714101646
2021-05-20,66,0,3,0,0,0.999955849297838
2021-05-21,64,0,3,0,0,0.9999557128138278
2021-05-24,61,0,3,0,0,0.9999559849432013
2021-05-25,61,0,3,0,0,0.9999563109232997
2021-05-26,61,0,3,0,0,0.9999562728235318
2021-05-27,61,0,2,0,1,0.5872533221086198
2021-05-28,62,0,2,0,0,0.5872533221086198
2021-05-31,63,0,2,0,0,0.5872533221086198
2021-06-01,63,0,2,0,0,0.5872533221086198
2021-06-02,63,0,2,0,0,0.5872533221086198
2021-06-03,65,0,2,0,0,0.5872533221086198
2021-06-04,65,0,2,0,0,0.5872533221086198
2021-06-07,65,1,2,0,0,0.5872533221086198
2021-06-08,64,0,3,1,0,0.9999640859723051
2021-06-09,65,0,3,0,0,0.9999640709167449
2021-06-10,65,0,3,0,0,0.9999640407677239
2021-06-11,65,2,3,0,0,0.9999640105680628
2021-06-15,65,5,3,0,0,0.9999637977417305
2021-06-16,65,12,3,0,0,0.9999636133055229
2021-06-17,66,10,3,0,0,0.999963473740373
2021-06-18,66,2,3,0,0,0.9999634581670174
2021-06-21,66,5,3,0,0,0.999963191373339
2021-06-22,66,0,3,0,0,0.9999633801006177
2021-06-23,66,0,3,0,0,0.999963473740373
2021-06-24,66,0,3,0,0,0.999963426980433
2021-06-25,65,0,3,0,0,0.9999635978509752
2021-06-28,66,0,3,0,0,0.9999640558485565
2021-06-29,66,0,3,0,0,0.9999639348465205
2021-06-30,66,0,3,0,0,0.9999639348465205
2021-07-01,67,1,3,0,0,0.9999638588056708
2021-07-02,67,7,3,0,0,0.9999636595905312
2021-07-05,67,1,3,0,0,0.9999635669024622
2021-07-06,68,4,3,0,0,0.999963582383294
2021-07-07,68,0,3,0,0,0.9999635669024622
2021-07-08,68,6,3,0,0,0.9999633957405707
2021-07-09,68,7,3,0,0,0.999963426980433
2021-07-12,69,1,3,0,0,0.9999635514084635
2021-07-13,70,0,3,0,0,0.9999636749927113
2021-07-14,70,3,3,0,0,0.9999635203808972
2021-07-15,70,0,3,0,0,0.9999634425803763
2021-07-16,70,1,3,0,0,0.999963238737294
2021-07-19,70,2,3,0,0,0.9999631121616094
2021-07-20,70,1,3,0,0,0.9999631121616094
2021-07-21,70,1,3,0,0,0.999963191373339
2021-07-22,70,0,3,0,0,0.9999631597295054
2021-07-23,70,2,3,0,0,0.999962952710953
2021-07-26,70,28,3,0,0,0.9999626947027032
2021-07-27,70,37,3,0,0,0.999962317456198
2021-07-28,71,31,3,0,0,0.9999619662882343
2021-07-29,72,7,3,0,0,0.9999621844452631
2021-07-30,74,7,3,0,0,0.9999622842912629
2021-08-02,74,0,3,0,0,0.9999627271500935
2021-08-03,74,0,3,0,0,0.9999628563771699
2021-08-04,75,0,3,0,0,0.9999629046066042
2021-08-05,75,0,3,0,0,0.9999630326082192
2021-08-06,75,0,3,0,0,0.9999629847112672
2021-08-09,75,0,3,0,0,0.999963426980433
2021-08-10,75,0,3,0,0,0.999963473740373
2021-08-11,75,0,3,0,0,0.9999633644472941
2021-08-12,76,0,3,0,0,0.9999632702456042
2021-08-13,76,0,3,0,0,0.9999633957405707
2021-08-16,75,1,3,0,0,0.9999633487805825
2021-08-17,75,8,3,0,0,0.9999630006907025
2021-08-18,75,5,3,0,0,0.9999629046066042
2021-08-19,75,0,3,0,0,0.9999627433526312
2021-08-20,74,13,3,0,0,0.999962564346235
2021-08-23,75,3,3,0,0,0.9999627595410886
2021-08-24,75,0,3,0,0,0.9999628402728107
2021-08-25,75,0,3,0,0,0.9999629366900384
2021-08-26,75,0,3,0,0,0.9999626296381471
2021-08-27,75,1,3,0,0,0.9999627433526312
2021-08-30,75,4,3,0,0,0.9999629046066042
2021-08-31,75,2,3,0,0,0.9999629366900384
2021-09-01,75,1,3,0,0,0.9999629847112672
2021-09-02,75,2,3,0,0,0.9999631280312177
2021-09-03,76,1,3,0,0,0.9999633016999486
2021-09-06,76,0,3,0,0,0.9999633016999486
2021-09-07,76,0,3,0,0,0.9999635514084635
2021-09-08,76,0,3,0,0,0.9999635203808972
2021-09-09,77,0,3,0,0,0.9999635359012807
2021-09-10,76,0,3,0,0,0.9999635359012807
2021-09-13,76,0,3,0,0,0.9999635669024622
2021-09-14,77,0,3,0,0,0.9999633016999486
2021-09-15,78,0,3,0,0,0.9999634425803763
2021-09-16,77,3,3,0,0,0.9999635669024622
2021-09-17,78,1,3,0,0,0.9999634893004602
2021-09-22,78,1,3,0,0,0.9999632544982034
2021-09-23,78,0,3,0,0,0.9999633644472941
2021-09-24,80,0,3,0,0,0.9999634581670174
2021-09-27,80,4,3,0,0,0.9999636287469537
2021-09-28,83,3,3,0,0,0.9999635048472959
2021-09-29,83,18,3,0,0,0.9999633801006177
2021-09-30,83,0,3,0,0,0.9999635669024622
2021-10-08,83,0,2,0,1,0.5938352162693324
2021-10-11,83,2,2,0,0,0.5938352162693324
2021-10-12,83,12,3,1,0,0.9999027508056122
2021-10-13,83,1,3,0,0,0.9999023346635384
2021-10-14,82,0,3,0,0,0.9999025431788066
2021-10-15,81,0,3,0,0,0.9999021951569492
2021-10-18,81,1,3,0,0,0.9999028198180921
2021-10-19,81,0,3,0,0,0.9999031976427035
2021-10-20,82,0,3,0,0,0.9999028542876144
2021-10-21,82,0,3,0,0,0.9999028887326927
2021-10-22,82,0,3,0,0,0.999902612486179
2021-10-25,83,0,3,0,0,0.9999033343061018
2021-10-26,83,0,3,0,0,0.9999038096041584
2021-10-27,82,10,3,0,0,0.9999034024931992
2021-10-28,83,11,3,0,0,0.9999028542876144
2021-10-29,82,7,3,0,0,0.9999031291659936
2021-11-01,82,3,3,0,0,0.9999033343061018
2021-11-02,82,17,3,0,0,0.9999023694780238
2021-11-03,83,6,3,0,0,0.9999025084881143
2021-11-04,82,0,3,0,0,0.9999024737727163
2021-11-05,82,5,3,0,0,0.9999014561592979
2021-11-08,82,3,3,0,0,0.9999016331222254
2021-11-09,82,0,3,0,0,0.9999019149447059
2021-11-10,83,0,3,0,0,0.9999019149447059
2021-11-11,83,0,3,0,0,0.9999024390325862
2021-11-12,83,0,3,0,0,0.9999022998242149
2021-11-15,84,0,3,0,0,0.9999021602180068
2021-11-16,84,2,3,0,0,0.9999015270208198
2021-11-17,84,0,3,0,0,0.9999018798052397
2021-11-18,84,0,3,0,0,0.9999018446405866
2021-11-19,84,0,3,0,0,0.9999020202122544
2021-11-22,84,0,3,0,0,0.9999022649600265
2021-11-23,84,0,3,0,0,0.9999024042676976
2021-11-24,86,0,3,0,0,0.9999021951569492
2021-11-25,87,1,3,0,0,0.9999025084881143
2021-11-26,87,2,3,0,0,0.9999020552512435
2021-11-29,88,4,3,0,0,0.9999025431788066
2021-11-30,88,4,2,0,1,0.5988005640954199
2021-12-01,88,0,2,0,0,0.5988005640954199
2021-12-02,87,0,2,0,0,0.5988005640954199
2021-12-03,87,0,2,0,0,0.5988005640954199
2021-12-06,87,4,2,0,0,0.5988005640954199
2021-12-07,87,2,3,1,0,0.9999910538863052
2021-12-08,87,0,3,0,0,0.9999911006117169
2021-12-09,87,0,3,0,0,0.9999911926134015
2021-12-10,87,0,3,0,0,0.9999911774121142
2021-12-13,87,0,3,0,0,0.9999911519596902
2021-12-14,87,0,3,0,0,0.9999911570619168
2021-12-15,87,1,3,0,0,0.9999910224624872
2021-12-16,87,0,3,0,0,0.999991032961593
2021-12-17,87,8,3,0,0,0.9999909961068436
2021-12-20,86,28,3,0,0,0.9999909107190281
2021-12-21,86,13,3,0,0,0.9999909536144229
2021-12-22,86,1,3,0,0,0.9999909482746533
2021-12-23,87,0,3,0,0,0.9999909214809687
2021-12-24,91,14,3,0,0,0.9999909107190281
2021-12-27,91,2,3,0,0,0.9999909536144229
2021-12-28,90,0,3,0,0,0.9999909802190483
2021-12-29,90,0,3,0,0,0.9999909802190483
2021-12-30,90,0,3,0,0,0.9999910224624872
2021-12-31,91,0,3,0,0,0.9999910013903448
2022-01-04,91,1,3,0,0,0.9999908619728534
2022-01-05,91,16,3,0,0,0.9999908071935355
2022-01-06,91,19,3,0,0,0.999990734990845
2022-01-07,91,22,3,0,0,0.9999907069176591
2022-01-10,92,4,3,0,0,0.9999907517534906
2022-01-11,92,22,3,0,0,0.9999907237819486
2022-01-12,92,0,3,0,0,0.99999079063144
2022-01-13,92,18,3,0,0,0.9999907573275684
2022-01-14,91,22,3,0,0,0.99999079063144
2022-01-17,92,3,3,0,0,0.9999907961587654
2022-01-18,92,0,3,0,0,0.9999907573275684
2022-01-19,92,5,3,0,0,0.9999906899919391
2022-01-20,91,8,3,0,0,0.9999906559548591
2022-01-21,91,14,3,0,0,0.9999905523337987
2022-01-24,91,8,3,0,0,0.9999905581507799
2022-01-25,91,34,3,0,0,0.9999904701369258
2022-01-26,91,18,3,0,0,0.9999903985355372
2022-01-27,91,44,3,0,0,0.9999903258500681
2022-01-28,91,35,3,0,0,0.9999903319491968
2022-02-07,92,3,3,0,0,0.9999903502005272
2022-02-08,93,26,3,0,0,0.999990276778602
2022-02-09,93,0,3,0,0,0.9999902890930803
2022-02-10,91,11,3,0,0,0.9999902022308274
2022-02-11,92,15,3,0,0,0.9999900882408923
2022-02-14,92,8,3,0,0,0.9999901265311077
2022-02-15,92,2,3,0,0,0.9999903136286956
2022-02-16,92,0,3,0,0,0.9999903197432393
2022-02-17,92,0,3,0,0,0.9999903258500681
2022-02-18,92,0,3,0,0,0.9999903441244118
2022-02-21,91,0,3,0,0,0.9999903441244118
2022-02-22,91,1,3,0,0,0.9999902706096432
2022-02-23,91,0,3,0,0,0.9999903502005272
2022-02-24,91,4,3,0,0,0.9999902706096432
2022-02-25,90,1,3,0,0,0.9999904284997971
2022-02-28,91,3,3,0,0,0.9999904523368823
2022-03-01,91,0,3,0,0,0.9999904701369258
2022-03-02,91,0,3,0,0,0.9999904165365642
2022-03-03,91,2,3,0,0,0.9999903804667588
2022-03-04,91,12,3,0,0,0.9999903804667588
2022-03-07,91,45,3,0,0,0.9999902582482124
2022-03-08,91,75,3,0,0,0.9999901771268932
2022-03-09,91,73,3,0,0,0.9999900818302975
2022-03-10,93,4,3,0,0,0.9999902272067743
2022-03-11,93,0,3,0,0,0.9999903136286956
2022-03-14,94,15,3,0,0,0.9999902272067743
2022-03-15,94,64,3,0,0,0.9999900625486622
2022-03-16,94,2,3,0,0,0.9999901392288556
2022-03-17,94,0,3,0,0,0.9999902458553306
2022-03-18,94,0,3,0,0,0.9999902396470581
2022-03-21,94,0,3,0,0,0.9999902520557103
2022-03-22,94,0,3,0,0,0.9999901708307962
2022-03-23,94,0,3,0,0,0.9999902829397427
2022-03-24,94,0,3,0,0,0.9999903562690003
2022-03-25,94,1,3,0,0,0.9999902334308777
2022-03-28,92,1,3,0,0,0.9999902334308777
2022-03-29,92,3,3,0,0,0.9999902458553306
2022-03-30,93,0,3,0,0,0.9999903623298457
2022-03-31,93,1,3,0,0,0.9999903380406399
2022-04-01,91,0,3,0,0,0.9999903197432393
2022-04-06,91,8,3,0,0,0.9999902952386297
2022-04-07,91,16,3,0,0,0.9999902334308777
2022-04-08,91,10,3,0,0,0.999990195966881
2022-04-11,93,42,3,0,0,0.9999901392288556
2022-04-12,93,6,3,0,0,0.9999902520557103
2022-04-13,93,12,3,0,0,0.9999901771268932
2022-04-14,93,1,3,0,0,0.9999902458553306
2022-04-15,94,4,3,0,0,0.999990276778602
2022-04-18,94,1,3,0,0,0.9999902706096432
2022-04-19,94,1,3,0,0,0.9999901834149293
2022-04-20,95,22,3,0,0,0.999990113800616
2022-04-21,95,36,3,0,0,0.9999900302454624
2022-04-22,94,21,3,0,0,0.9999900625486622
2022-04-25,93,85,3,0,0,0.9999899055540301
2022-04-26,94,78,3,0,0,0.9999899781212319
2022-04-27,95,7,3,0,0,0.9999900625486622
2022-04-28,95,4,3,0,0,0.9999899977315647
2022-04-29,95,0,3,0,0,0.9999900689841985
2022-05-05,96,0,3,0,0,0.9999900561047796
2022-05-06,96,1,3,0,0,0.9999899977315647
2022-05-09,97,1,3,0,0,0.9999899518541926
2022-05-10,95,0,3,0,0,0.9999899977315647
2022-05-11,94,0,3,0,0,0.9999900625486622
2022-05-12,94,0,3,0,0,0.9999901010372533
2022-05-13,94,0,3,0,0,0.9999901010372533
2022-05-16,94,0,3,0,0,0.9999900302454624
2022-05-17,94,0,3,0,0,0.9999900431919111
2022-05-18,93,0,3,0,0,0.9999899912033199
2022-05-19,93,0,3,0,0,0.9999899977315647
2022-05-20,92,0,3,0,0,0.9999900754114048
2022-05-23,94,0,3,0,0,0.9999900625486622
2022-05-24,94,0,3,0,0,0.9999899386689713
2022-05-25,93,0,3,0,0,0.9999899518541926
2022-05-26,93,1,3,0,0,0.9999899121944456
2022-05-27,93,0,3,0,0,0.9999899386689713
2022-05-30,93,0,3,0,0,0.9999899715673551
2022-05-31,93,0,3,0,0,0.9999900689841985
2022-06-01,93,0,3,0,0,0.9999900561047796
2022-06-02,94,0,3,0,0,0.9999900172653022
2022-06-06,95,0,3,0,0,0.9999901074230514
2022-06-07,95,0,2,0,1,0.6592581776620455
2022-06-08,95,0,2,0,0,0.6592581776620455
2022-06-09,95,0,2,0,0,0.6592581776620455
2022-06-10,95,0,2,0,0,0.6592581776620455
2022-06-13,95,0,2,0,0,0.6592581776620455
2022-06-14,95,0,2,0,0,0.6592581776620455
2022-06-15,95,0,2,0,0,0.6592581776620455
2022-06-16,96,0,2,0,0,0.6592581776620455
2022-06-17,97,0,2,0,0,0.6592581776620455
2022-06-20,97,0,2,0,0,0.6592581776620455
2022-06-21,97,0,2,0,0,0.6592581776620455
2022-06-22,97,2,2,0,0,0.6592581776620455
2022-06-23,97,0,2,0,0,0.6592581776620455
2022-06-24,98,0,2,0,0,0.6592581776620455
2022-06-27,98,0,2,0,0,0.6592581776620455
2022-06-28,99,0,2,0,0,0.6592581776620455
2022-06-29,99,0,2,0,0,0.6592581776620455
2022-06-30,99,0,2,0,0,0.6592581776620455
2022-07-01,99,0,2,0,0,0.6592581776620455
2022-07-04,99,0,2,0,0,0.6592581776620455
2022-07-05,100,0,2,0,0,0.6592581776620455
2022-07-06,101,1,2,0,0,0.6592581776620455
2022-07-07,101,1,3,1,0,0.999981386286518
2022-07-08,101,0,3,0,0,0.9999814587319474
2022-07-11,101,2,3,0,0,0.9999813550648824
2022-07-12,101,9,3,0,0,0.9999813027954174
2022-07-13,101,7,3,0,0,0.9999813341922053
2022-07-14,101,4,3,0,0,0.9999813132727425
2022-07-15,101,17,3,0,0,0.9999811655131898
2022-07-18,101,0,3,0,0,0.9999813341922053
2022-07-19,101,0,3,0,0,0.9999814277530733
2022-07-20,101,0,3,0,0,0.9999814484171454
2022-07-21,101,0,3,0,0,0.9999815101343816
2022-07-22,101,0,3,0,0,0.9999814070429156
2022-07-25,101,0,3,0,0,0.9999813446343823
2022-07-26,101,0,3,0,0,0.9999814690352856
2022-07-27,101,0,3,0,0,0.9999814070429156
2022-07-28,101,0,3,0,0,0.9999814484171454
2022-07-29,101,3,3,0,0,0.9999813446343823
2022-08-01,102,1,3,0,0,0.9999813446343823
2022-08-02,102,39,3,0,0,0.9999811121740186
2022-08-03,102,47,3,0,0,0.9999810477668649
2022-08-04,101,7,3,0,0,0.9999811014699104
2022-08-05,101,0,3,0,0,0.9999812818054808
2022-08-08,101,0,3,0,0,0.9999812712928298
2022-08-09,100,0,3,0,0,0.9999812291238758
2022-08-10,100,1,3,0,0,0.9999811761448933
2022-08-11,100,0,3,0,0,0.999981386286518
2022-08-12,99,0,3,0,0,0.9999814484171454
2022-08-15,99,0,3,0,0,0.9999813758909308
2022-08-16,99,0,3,0,0,0.9999813341922053
2022-08-17,99,0,3,0,0,0.9999814277530733
2022-08-18,99,0,3,0,0,0.9999813237383319
2022-08-19,100,0,3,0,0,0.999981386286518
2022-08-22,101,0,3,0,0,0.9999814793271791
2022-08-23,101,0,3,0,0,0.999981386286518
2022-08-24,101,13,3,0,0,0.9999813132727425
2022-08-25,101,10,3,0,0,0.9999813341922053
2022-08-26,101,7,3,0,0,0.9999813237383319
2022-08-29,101,6,3,0,0,0.9999812923063368
2022-08-30,102,3,3,0,0,0.9999813550648824
2022-08-31,102,24,3,0,0,0.9999813550648824
2022-09-01,102,29,3,0,0,0.9999812079681089
2022-09-02,102,15,3,0,0,0.9999813237383319
2022-09-05,102,7,3,0,0,0.9999812396839067
2022-09-06,103,0,3,0,0,0.9999812502320626
2022-09-07,103,7,3,0,0,0.9999811335458996
2022-09-08,103,3,3,0,0,0.9999811014699104
2022-09-09,103,0,3,0,0,0.9999811335458996
2022-09-13,103,0,3,0,0,0.9999811442137133
2022-09-14,103,1,3,0,0,0.9999810692846668
2022-09-15,102,2,3,0,0,0.9999810369896097
2022-09-16,102,46,3,0,0,0.999980917625745
2022-09-19,103,41,3,0,0,0.9999807856849623
2022-09-20,103,23,3,0,0,0.9999808188409144
2022-09-21,103,35,3,0,0,0.999980840881385
2022-09-22,103,36,3,0,0,0.999980752414187
2022-09-23,103,30,3,0,0,0.9999806406746217
2022-09-26,103,26,3,0,0,0.9999805389939255
2022-09-27,103,0,3,0,0,0.9999807301695847
2022-09-28,103,7,3,0,0,0.9999806294292677
2022-09-29,103,3,3,0,0,0.9999805048625856
2022-09-30,103,10,3,0,0,0.9999805048625856
2022-10-10,102,32,3,0,0,0.999980343986955
2022-10-11,103,7,3,0,0,0.9999803323941796
2022-10-12,102,0,3,0,0,0.9999804591674628
2022-10-13,101,3,3,0,0,0.9999804706113141
2022-10-14,101,0,3,0,0,0.9999806068993212
2022-10-17,102,0,3,0,0,0.9999806519069264
2022-10-18,103,0,3,0,0,0.9999806294292677
2022-10-19,103,6,3,0,0,0.9999805389939255
2022-10-20,103,3,3,0,0,0.9999805843169046
2022-10-21,103,3,3,0,0,0.9999804820417693
2022-10-24,103,25,3,0,0,0.9999802975336615
2022-10-25,103,24,3,0,0,0.9999802508602804
2022-10-26,103,12,3,0,0,0.9999803555660721
2022-10-27,104,4,3,0,0,0.9999804477101918
2022-10-28,104,37,3,0,0,0.9999802508602804
2022-10-31,106,29,3,0,0,0.9999803091675571
2022-11-01,107,1,3,0,0,0.9999805048625856
2022-11-02,107,0,3,0,0,0.9999806406746217
2022-11-03,107,0,3,0,0,0.9999805843169046
2022-11-04,107,0,3,0,0,0.9999807078735062
2022-11-07,107,0,2,0,1,0.6806180300055151
2022-11-08,107,0,2,0,0,0.6806180300055151
2022-11-09,107,0,2,0,0,0.6806180300055151
2022-11-10,106,0,2,0,0,0.6806180300055151
2022-11-11,107,0,2,0,0,0.6806180300055151
2022-11-14,107,0,2,0,0,0.6806180300055151
2022-11-15,108,0,2,0,0,0.6806180300055151
2022-11-16,108,0,2,0,0,0.6806180300055151
2022-11-17,108,0,2,0,0,0.6806180300055151
2022-11-18,108,0,2,0,0,0.6806180300055151
2022-11-21,109,0,2,0,0,0.6806180300055151
2022-11-22,109,0,2,0,0,0.6806180300055151
2022-11-23,109,0,2,0,0,0.6806180300055151
2022-11-24,110,0,2,0,0,0.6806180300055151
2022-11-25,110,2,2,0,0,0.6806180300055151
2022-11-28,110,7,2,0,0,0.6806180300055151
2022-11-29,110,0,2,0,0,0.6806180300055151
2022-11-30,110,0,2,0,0,0.6806180300055151
2022-12-01,110,0,2,0,0,0.6806180300055151
2022-12-02,110,0,2,0,0,0.6806180300055151
2022-12-05,110,0,2,0,0,0.6806180300055151
2022-12-06,109,0,2,0,0,0.6806180300055151
2022-12-07,109,0,2,0,0,0.6806180300055151
2022-12-08,109,0,2,0,0,0.6806180300055151
2022-12-09,110,0,2,0,0,0.6806180300055151
2022-12-12,110,1,2,0,0,0.6806180300055151
2022-12-13,110,2,3,1,0,0.9998308735383674
2022-12-14,110,5,3,0,0,0.9998305634392027
2022-12-15,110,0,3,0,0,0.9998306669318644
2022-12-16,110,6,3,0,0,0.9998306152013419
2022-12-19,109,41,3,0,0,0.999829521512032
2022-12-20,108,38,3,0,0,0.9998297309213573
2022-12-21,108,52,3,0,0,0.9998292590249095
2022-12-22,108,34,3,0,0,0.9998285197421535
2022-12-23,108,34,3,0,0,0.9998285197421535
2022-12-26,108,0,3,0,0,0.9998293115869786
2022-12-27,108,0,3,0,0,0.999829521512032
2022-12-28,109,0,3,0,0,0.9998307702981755
2022-12-29,109,0,3,0,0,0.9998304079627961
2022-12-30,109,0,3,0,0,0.9998308735383674
2023-01-03,110,0,3,0,0,0.999831848073871
2023-01-04,110,0,3,0,0,0.9998316949471753
2023-01-05,110,0,3,0,0,0.9998320009221856
2023-01-06,110,0,2,0,1,0.6729256302330171
2023-01-09,110,0,2,0,0,0.6729256302330171
2023-01-10,110,0,2,0,0,0.6729256302330171
2023-01-11,110,0,2,0,0,0.6729256302330171
2023-01-12,110,0,2,0,0,0.6729256302330171
2023-01-13,110,0,2,0,0,0.6729256302330171
2023-01-16,110,0,2,0,0,0.6729256302330171
2023-01-17,110,0,2,0,0,0.6729256302330171
2023-01-18,113,0,2,0,0,0.6729256302330171
2023-01-19,113,0,2,0,0,0.6729256302330171
2023-01-20,113,0,2,0,0,0.6729256302330171
2023-01-30,113,0,2,0,0,0.6729256302330171
2023-01-31,114,1,2,0,0,0.6729256302330171
2023-02-01,114,1,3,1,0,0.9999296735342068
2023-02-02,114,0,3,0,0,0.9999299278500706
2023-02-03,114,0,3,0,0,0.9999297372860783
2023-02-06,114,4,3,0,0,0.9999295670236124
2023-02-07,114,1,3,0,0,0.9999293315608712
2023-02-08,113,0,3,0,0,0.9999293744893071
2023-02-09,113,0,3,0,0,0.9999297585110246
2023-02-10,113,0,3,0,0,0.999930096374591
2023-02-13,112,0,3,0,0,0.9999308653722594
2023-02-14,112,0,3,0,0,0.9999307211865962
2023-02-15,112,0,3,0,0,0.9999304310034496
2023-02-16,112,3,3,0,0,0.9999305971193456
2023-02-17,112,23,3,0,0,0.9999303476469453
2023-02-20,112,1,3,0,0,0.9999306385244408
2023-02-21,112,0,3,0,0,0.9999305141606785
2023-02-22,112,0,3,0,0,0.9999303267765985
2023-02-23,113,0,3,0,0,0.9999301803332383
2023-02-24,113,0,3,0,0,0.9999300332729747
2023-02-27,113,11,3,0,0,0.999930243169991
2023-02-28,113,0,3,0,0,0.9999304101830335
2023-03-01,113,0,3,0,0,0.9999305141606785
2023-03-02,114,1,3,0,0,0.9999306385244408
2023-03-03,114,0,3,0,0,0.9999306798801615
2023-03-06,114,0,3,0,0,0.9999309884831357
2023-03-07,114,16,3,0,0,0.9999304933900143
2023-03-08,114,14,3,0,0,0.9999305971193456
2023-03-09,115,13,3,0,0,0.999930243169991
2023-03-10,115,42,3,0,0,0.999929694797681
2023-03-13,115,8,3,0,0,0.9999301173831773
2023-03-14,115,21,3,0,0,0.9999297797231514
2023-03-15,115,7,3,0,0,0.9999295456827668
2023-03-16,114,27,3,0,0,0.9999292455472489
2023-03-17,115,18,3,0,0,0.9999293530316105
2023-03-20,115,19,3,0,0,0.9999291161335068
2023-03-21,114,1,3,0,0,0.9999296096665415
2023-03-22,113,0,3,0,0,0.9999294387842598
2023-03-23,114,0,3,0,0,0.9999293100770772
2023-03-24,113,2,3,0,0,0.9999292455472489
2023-03-27,113,3,3,0,0,0.9999294601899044
2023-03-28,113,2,3,0,0,0.9999292670702781
2023-03-29,113,2,3,0,0,0.9999294601899044
2023-03-30,113,0,3,0,0,0.9999302640904484
2023-03-31,113,0,3,0,0,0.999930096374591
2023-04-03,113,0,3,0,0,0.9999304518114109
2023-04-04,113,0,2,0,1,0.663612578631112
2023-04-06,113,0,2,0,0,0.663612578631112
2023-04-07,113,0,2,0,0,0.663612578631112
2023-04-10,115,0,2,0,0,0.663612578631112
2023-04-11,114,0,2,0,0,0.663612578631112
2023-04-12,115,5,2,0,0,0.663612578631112
2023-04-13,116,1,2,0,0,0.663612578631112
2023-04-14,116,1,2,0,0,0.663612578631112
2023-04-17,115,0,3,1,0,0.999837451196218
2023-04-18,115,0,3,0,0,0.9998378456628021
2023-04-19,116,0,3,0,0,0.9998371430595002
2023-04-20,117,6,3,0,0,0.9998367451629245
2023-04-21,117,24,3,0,0,0.999836122333348
2023-04-24,117,38,3,0,0,0.9998353596216433
2023-04-25,117,49,3,0,0,0.9998355397212363
2023-04-26,117,23,3,0,0,0.9998353596216433
2023-04-27,117,12,3,0,0,0.9998357194272391
2023-04-28,117,0,3,0,0,0.999836122333348
2023-05-04,117,0,3,0,0,0.9998351791271655
2023-05-05,117,2,3,0,0,0.9998353145350949
2023-05-08,117,2,3,0,0,0.9998348169483496
2023-05-09,118,2,3,0,0,0.9998348169483496
2023-05-10,118,0,3,0,0,0.9998347715640498
2023-05-11,118,0,3,0,0,0.9998344531743186
2023-05-12,118,2,3,0,0,0.9998340877945101
2023-05-15,118,0,3,0,0,0.9998344987336709
2023-05-16,118,1,3,0,0,0.9998339961974086
2023-05-17,118,1,3,0,0,0.9998335366906289
2023-05-18,118,3,3,0,0,0.9998332597634697
2023-05-19,119,0,3,0,0,0.999833858611965
2023-05-22,119,0,3,0,0,0.9998353596216433
2023-05-23,119,2,3,0,0,0.9998347715640498
2023-05-24,120,18,3,0,0,0.9998339503609206
2023-05-25,120,17,3,0,0,0.9998334905999992
2023-05-26,120,10,3,0,0,0.9998334905999992
2023-05-29,120,15,3,0,0,0.9998329355149872
2023-05-30,120,9,3,0,0,0.9998324701091731
2023-05-31,120,34,3,0,0,0.9998314842669455
2023-06-01,120,4,3,0,0,0.9998316729399416
2023-06-02,120,0,3,0,0,0.9998329819133871
2023-06-05,120,4,3,0,0,0.9998324701091731
2023-06-06,120,20,3,0,0,0.9998323767166718
2023-06-07,119,26,3,0,0,0.9998321896189408
2023-06-08,118,17,3,0,0,0.9998325167664088
2023-06-09,118,0,3,0,0,0.9998324234259347
2023-06-12,118,0,3,0,0,0.9998336287953823
2023-06-13,119,1,3,0,0,0.9998336748095481
2023-06-14,119,0,3,0,0,0.9998344531743186
2023-06-15,119,0,3,0,0,0.999835269423846
2023-06-16,119,0,2,0,1,0.6678913588270182
2023-06-19,119,0,2,0,0,0.6678913588270182
2023-06-20,119,2,2,0,0,0.6678913588270182
2023-06-21,119,5,3,1,0,0.9994775570891584
2023-06-26,119,25,3,0,0,0.9994748148292666
2023-06-27,119,1,3,0,0,0.9994779718810538
2023-06-28,118,0,3,0,0,0.9994791533796984
2023-06-29,118,1,3,0,0,0.9994790354705546
2023-06-30,118,0,3,0,0,0.9994793301433748
2023-07-03,118,1,3,0,0,0.9994813835560935
2023-07-04,118,0,3,0,0,0.9994800359999142
2023-07-05,118,0,3,0,0,0.9994799184900915
2023-07-06,117,1,3,0,0,0.9994795067871126
2023-07-07,117,0,3,0,0,0.9994805641376519
2023-07-10,117,0,3,0,0,0.9994809741702892
2023-07-11,117,0,3,0,0,0.9994808570841776
2023-07-12,117,0,3,0,0,0.9994798009271435
2023-07-13,117,0,3,0,0,0.9994816172010127
2023-07-14,116,0,3,0,0,0.9994824914976652
2023-07-17,117,1,3,0,0,0.9994815004048743
2023-07-18,117,1,3,0,0,0.9994810912035983
2023-07-19,116,4,3,0,0,0.9994822003933155
2023-07-20,116,20,3,0,0,0.9994816755793523
2023-07-21,114,22,3,0,0,0.9994816755793523
2023-07-24,114,23,3,0,0,0.9994815588095215
2023-07-25,113,0,2,0,1,0.6623761295392261
2023-07-26,113,0,2,0,0,0.6623761295392261
2023-07-27,112,2,2,0,0,0.6623761295392261
2023-07-28,113,1,3,1,0,0.9999862319842479
2023-07-31,113,0,3,0,0,0.9999863746423365
2023-08-01,112,1,3,0,0,0.9999863633385723
2023-08-02,112,2,3,0,0,0.999986352016037
2023-08-03,113,0,3,0,0,0.9999863065372468
2023-08-04,113,0,3,0,0,0.9999864308812191
2023-08-07,113,6,3,0,0,0.9999864866577561
2023-08-08,113,3,3,0,0,0.9999864922102003
2023-08-09,113,2,3,0,0,0.9999863236272678
2023-08-10,113,0,3,0,0,0.9999863406746838
2023-08-11,113,21,3,0,0,0.9999862722287496
2023-08-14,113,16,3,0,0,0.9999864196706135
2023-08-15,112,28,3,0,0,0.9999862951201512
2023-08-16,113,39,3,0,0,0.9999862030934051
2023-08-17,113,9,3,0,0,0.9999862550099511
2023-08-18,114,38,3,0,0,0.9999861039510785
2023-08-21,114,67,3,0,0,0.9999860804160511
2023-08-22,114,15,3,0,0,0.9999862319842479
2023-08-23,115,50,3,0,0,0.9999861624419264
2023-08-24,115,10,3,0,0,0.9999862377479031
2023-08-25,115,13,3,0,0,0.9999861039510785
2023-08-28,115,0,3,0,0,0.9999861915030898
2023-08-29,115,0,3,0,0,0.9999863633385723
2023-08-30,116,0,3,0,0,0.9999864532469953
2023-08-31,116,0,3,0,0,0.9999863802871941
2023-09-01,116,0,3,0,0,0.9999863236272678
2023-09-04,116,0,3,0,0,0.9999863406746838
2023-09-05,116,0,3,0,0,0.9999862377479031
2023-09-06,116,0,3,0,0,0.9999861682639408
2023-09-07,116,1,3,0,0,0.9999861098224053
2023-09-08,116,0,3,0,0,0.9999859914451528
2023-09-11,116,0,3,0,0,0.9999860863072785
2023-09-12,116,0,3,0,0,0.9999860271696478
2023-09-13,116,1,3,0,0,0.9999859615348993
2023-09-14,117,1,3,0,0,0.9999859314966473
2023-09-15,117,8,3,0,0,0.9999859134119146
2023-09-18,118,0,3,0,0,0.9999859314966473
2023-09-19,117,3,3,0,0,0.9999858588776662
2023-09-20,116,0,3,0,0,0.999985822286314
2023-09-21,115,11,3,0,0,0.9999857855051042
2023-09-22,115,0,3,0,0,0.9999859914451528
2023-09-25,114,1,3,0,0,0.9999859615348993
2023-09-26,114,4,3,0,0,0.999986021228224
2023-09-27,115,0,3,0,0,0.9999860508849225
2023-09-28,115,1,3,0,0,0.9999860271696478
2023-10-09,115,11,3,0,0,0.9999859615348993
2023-10-10,115,22,3,0,0,0.9999859675271636
2023-10-11,115,14,3,0,0,0.9999860152817454
2023-10-12,115,0,3,0,0,0.9999859615348993
2023-10-13,115,6,3,0,0,0.9999858649578697
2023-10-16,115,17,3,0,0,0.9999858161693368
2023-10-17,115,3,3,0,0,0.9999858161693368
2023-10-18,115,29,3,0,0,0.9999857113671697
2023-10-19,115,68,3,0,0,0.9999856927116916
2023-10-20,114,66,3,0,0,0.9999855923873164
2023-10-23,114,97,3,0,0,0.9999854649857968
2023-10-24,115,17,3,0,0,0.9999855670859971
2023-10-25,115,1,3,0,0,0.9999855797477549
2023-10-26,115,1,3,0,0,0.9999855544019843
2023-10-27,115,0,3,0,0,0.9999856364518246
2023-10-30,115,0,3,0,0,0.9999856864823687
2023-10-31,115,0,3,0,0,0.9999856989355945
2023-11-01,115,0,3,0,0,0.9999857175748561
2023-11-02,115,0,3,0,0,0.9999858039195335
2023-11-03,115,0,3,0,0,0.9999858100470789
2023-11-06,115,0,3,0,0,0.9999860271696478
2023-11-07,115,0,3,0,0,0.9999860449636541
2023-11-08,117,0,2,0,1,0.6686475896165127
2023-11-09,116,0,2,0,0,0.6686475896165127
2023-11-10,116,0,2,0,0,0.6686475896165127
2023-11-13,116,0,2,0,0,0.6686475896165127
2023-11-14,116,0,2,0,0,0.6686475896165127
2023-11-15,116,0,2,0,0,0.6686475896165127
2023-11-16,116,0,2,0,0,0.6686475896165127
2023-11-17,116,0,2,0,0,0.6686475896165127
2023-11-20,116,0,2,0,0,0.6686475896165127
2023-11-21,116,0,2,0,0,0.6686475896165127
2023-11-22,116,1,2,0,0,0.6686475896165127
2023-11-23,116,0,2,0,0,0.6686475896165127
2023-11-24,116,11,2,0,0,0.6686475896165127
2023-11-27,116,23,2,0,0,0.6686475896165127
2023-11-28,116,6,3,1,0,0.9995516704469448
2023-11-29,116,22,3,0,0,0.9995505492741718
2023-11-30,117,8,3,0,0,0.9995507157275517
2023-12-01,117,7,3,0,0,0.9995501326006215
2023-12-04,117,25,3,0,0,0.9995491294249723
2023-12-05,117,70,3,0,0,0.99954634748035
2023-12-06,117,43,3,0,0,0.9995465594350377
2023-12-07,116,36,3,0,0,0.999546177773878
2023-12-08,116,9,3,0,0,0.999546474676934
2023-12-11,116,0,3,0,0,0.9995474896875598
2023-12-12,116,0,3,0,0,0.9995478270155695
2023-12-13,115,9,3,0,0,0.9995453699311057
2023-12-14,115,6,3,0,0,0.9995446874083675
2023-12-15,116,7,3,0,0,0.9995443881598364
2023-12-18,116,25,3,0,0,0.9995437884811568
2023-12-19,116,15,3,0,0,0.9995438742461704
2023-12-20,116,28,3,0,0,0.9995425412541562
2023-12-21,116,2,3,0,0,0.9995438742461704
2023-12-22,116,9,3,0,0,0.9995441313478407
2023-12-25,116,5,3,0,0,0.9995445164573592
2023-12-26,116,23,3,0,0,0.9995436597731455
2023-12-27,116,1,3,0,0,0.9995440885176918
2023-12-28,116,0,3,0,0,0.9995476584144541
2023-12-29,116,0,3,0,0,0.9995480796817144
2024-01-02,117,0,3,0,0,0.9995461353274189
2024-01-03,117,0,3,0,0,0.999545710425713
2024-01-04,117,2,3,0,0,0.9995444309337073
2024-01-05,117,20,3,0,0,0.9995437026838844
2024-01-08,117,51,3,0,0,0.9995416771167666
2024-01-09,117,26,3,0,0,0.999542023163191
2024-01-10,117,36,3,0,0,0.9995413305470027
2024-01-11,117,0,3,0,0,0.9995421527959185
2024-01-12,118,0,3,0,0,0.9995416771167666
2024-01-15,118,0,3,0,0,0.9995415038973762
2024-01-16,116,0,3,0,0,0.9995424549870795
2024-01-17,116,28,3,0,0,0.999539196317282
2024-01-18,116,5,3,0,0,0.9995381437172874
2024-01-19,116,7,3,0,0,0.9995384512220356
2024-01-22,116,60,3,0,0,0.9995354021109065
2024-01-23,118,19,3,0,0,0.9995363786568012
2024-01-24,117,0,3,0,0,0.9995386267552586
2024-01-25,116,0,3,0,0,0.9995410702755236
2024-01-26,116,0,3,0,0,0.9995408097084953
2024-01-29,116,16,3,0,0,0.9995395024224459
2024-01-30,117,35,3,0,0,0.9995370421331911
2024-01-31,117,66,3,0,0,0.999536112733467
2024-02-01,118,15,3,0,0,0.9995359352817038
2024-02-02,118,65,3,0,0,0.9995346000536157
2024-02-05,116,43,3,0,0,0.9995354910577686
2024-02-06,119,0,3,0,0,0.9995400262290725
2024-02-07,118,0,3,0,0,0.9995412871889258
2024-02-08,119,0,3,0,0,0.9995422391769743
2024-02-19,119,0,2,0,1,0.680904348653482
2024-02-20,119,0,2,0,0,0.680904348653482
2024-02-21,120,0,2,0,0,0.680904348653482
2024-02-22,120,0,2,0,0,0.680904348653482
2024-02-23,120,0,2,0,0,0.680904348653482
2024-02-26,119,0,2,0,0,0.680904348653482
2024-02-27,119,0,2,0,0,0.680904348653482
2024-02-28,119,0,2,0,0,0.680904348653482
2024-02-29,120,0,2,0,0,0.680904348653482
2024-03-01,120,0,2,0,0,0.680904348653482
2024-03-04,120,0,2,0,0,0.680904348653482
2024-03-05,121,0,2,0,0,0.680904348653482
2024-03-06,122,0,2,0,0,0.680904348653482
2024-03-07,122,0,2,0,0,0.680904348653482
2024-03-08,122,0,2,0,0,0.680904348653482
2024-03-11,122,0,2,0,0,0.680904348653482
2024-03-12,123,0,2,0,0,0.680904348653482
2024-03-13,123,0,2,0,0,0.680904348653482
2024-03-14,123,0,2,0,0,0.680904348653482
2024-03-15,123,0,2,0,0,0.680904348653482
2024-03-18,123,0,2,0,0,0.680904348653482
2024-03-19,123,0,2,0,0,0.680904348653482
2024-03-20,123,0,2,0,0,0.680904348653482
2024-03-21,123,0,2,0,0,0.680904348653482
2024-03-22,123,2,2,0,0,0.680904348653482
2024-03-25,123,6,2,0,0,0.680904348653482
2024-03-26,122,9,3,1,0,0.9999373662132337
2024-03-27,122,53,3,0,0,0.9999370179613918
2024-03-28,121,5,3,0,0,0.999937064618558
2024-03-29,122,0,3,0,0,0.9999371344748375
2024-04-01,123,0,3,0,0,0.9999374354019642
2024-04-02,123,0,3,0,0,0.9999372968713053
2024-04-03,123,1,3,0,0,0.9999371344748375
2024-04-08,122,9,3,0,0,0.9999368071451928
2024-04-09,122,0,3,0,0,0.9999368775738962
2024-04-10,121,12,3,0,0,0.9999365001292353
2024-04-11,122,9,3,0,0,0.9999364288552722
2024-04-12,122,16,3,0,0,0.9999360700719173
2024-04-15,122,2,3,0,0,0.9999363812503416
2024-04-16,121,14,3,0,0,0.9999360219279206
2024-04-17,121,0,3,0,0,0.9999364050617158
2024-04-18,121,0,3,0,0,0.9999365712435572
2024-04-19,121,1,3,0,0,0.999936452631031
2024-04-22,121,0,3,0,0,0.9999365001292353
2024-04-23,121,1,3,0,0,0.999936452631031
2024-04-24,123,0,3,0,0,0.9999364763890121
2024-04-25,123,0,3,0,0,0.999936452631031
2024-04-26,122,0,2,0,1,0.6787606307864515
2024-04-29,122,0,2,0,0,0.6787606307864515
2024-04-30,122,0,2,0,0,0.6787606307864515
2024-05-06,123,0,2,0,0,0.6787606307864515
2024-05-07,123,0,2,0,0,0.6787606307864515
2024-05-08,123,0,2,0,0,0.6787606307864515
2024-05-09,122,0,2,0,0,0.6787606307864515
2024-05-10,122,0,2,0,0,0.6787606307864515
2024-05-13,122,0,2,0,0,0.6787606307864515
2024-05-14,122,0,2,0,0,0.6787606307864515
2024-05-15,120,0,2,0,0,0.6787606307864515
2024-05-16,120,0,2,0,0,0.6787606307864515
2024-05-17,120,0,2,0,0,0.6787606307864515
2024-05-20,120,0,2,0,0,0.6787606307864515
2024-05-21,120,0,2,0,0,0.6787606307864515
2024-05-22,120,0,2,0,0,0.6787606307864515
2024-05-23,121,0,2,0,0,0.6787606307864515
2024-05-24,122,12,2,0,0,0.6787606307864515
2024-05-27,122,0,2,0,0,0.6787606307864515
2024-05-28,122,8,2,0,0,0.6787606307864515
2024-05-29,121,1,3,1,0,0.9999868087978481
2024-05-30,120,6,3,0,0,0.9999868197980418
2024-05-31,119,2,3,0,0,0.9999868087978481
2024-06-03,119,4,3,0,0,0.9999868417434823
2024-06-04,119,1,3,0,0,0.9999868962886853
2024-06-05,119,4,3,0,0,0.9999868799726661
2024-06-06,119,14,3,0,0,0.9999868526888205
2024-06-07,119,9,3,0,0,0.9999867479670569
2024-06-11,121,12,3,0,0,0.9999867535203025
2024-06-12,119,1,3,0,0,0.9999867257074352
2024-06-13,119,10,3,0,0,0.9999867424091532
2024-06-14,117,0,3,0,0,0.999986786742284
2024-06-17,117,8,3,0,0,0.9999868307799046
2024-06-18,118,2,3,0,0,0.9999868526888205
2024-06-19,118,11,3,0,0,0.9999868032908628
2024-06-20,118,29,3,0,0,0.9999867368465857
2024-06-21,118,19,3,0,0,0.9999867201308404
2024-06-24,117,52,3,0,0,0.9999866584776199
2024-06-25,117,53,3,0,0,0.9999865791770205
2024-06-26,117,0,3,0,0,0.9999866472063872
2024-06-27,116,10,3,0,0,0.9999865848725991
2024-06-28,116,9,3,0,0,0.9999865391721513
2024-07-01,116,3,3,0,0,0.9999865334376928
2024-07-02,115,6,3,0,0,0.9999864931592696
2024-07-03,115,2,3,0,0,0.9999864873855318
2024-07-04,115,8,3,0,0,0.9999864584426412
2024-07-05,115,0,3,0,0,0.9999864758232347
2024-07-08,115,24,3,0,0,0.9999864060317831
2024-07-09,114,2,3,0,0,0.9999864816068555
2024-07-10,113,4,3,0,0,0.9999864816068555
2024-07-11,113,0,3,0,0,0.9999865620612302
2024-07-12,114,1,3,0,0,0.9999865620612302
2024-07-15,113,0,3,0,0,0.9999865219541056
2024-07-16,113,0,3,0,0,0.9999865962492659
2024-07-17,113,0,3,0,0,0.9999865848725991
2024-07-18,113,0,3,0,0,0.999986652844383
2024-07-19,113,0,3,0,0,0.9999866641061037
2024-07-22,112,0,3,0,0,0.9999866584776199
2024-07-23,113,11,3,0,0,0.9999865391721513
2024-07-24,113,24,3,0,0,0.9999864873855318
2024-07-25,112,17,3,0,0,0.9999864758232347
2024-07-26,111,1,3,0,0,0.9999865162049646
2024-07-29,111,1,3,0,0,0.999986446830739
2024-07-30,111,2,3,0,0,0.9999864351989053
2024-07-31,110,1,3,0,0,0.9999865734766036
2024-08-01,110,0,3,0,0,0.9999865104509167
2024-08-02,110,0,3,0,0,0.9999864293754981
2024-08-05,110,19,3,0,0,0.9999863414204997
2024-08-06,110,8,3,0,0,0.9999864001833005
2024-08-07,111,0,3,0,0,0.99998637673896
2024-08-08,111,0,3,0,0,0.9999863532136497
2024-08-09,111,0,3,0,0,0.9999863177729462
2024-08-12,111,1,3,0,0,0.9999862999834751
2024-08-13,109,0,3,0,0,0.9999863473196214
2024-08-14,109,0,3,0,0,0.9999862940433671
2024-08-15,109,0,3,0,0,0.9999863177729462
2024-08-16,109,0,3,0,0,0.9999863177729462
2024-08-19,108,1,3,0,0,0.9999863236925078
2024-08-20,108,8,3,0,0,0.9999862702313349
2024-08-21,108,6,3,0,0,0.9999862582942645
2024-08-22,108,20,3,0,0,0.9999862283605792
2024-08-23,108,9,3,0,0,0.9999862283605792
2024-08-26,108,2,3,0,0,0.9999862283605792
2024-08-27,108,3,3,0,0,0.9999861922675648
2024-08-28,108,10,3,0,0,0.9999861922675648
2024-08-29,107,11,3,0,0,0.9999862103376894
2024-08-30,107,3,3,0,0,0.9999863177729462
2024-09-02,107,12,3,0,0,0.999986204319572
2024-09-03,106,13,3,0,0,0.9999862463364191
2024-09-04,106,16,3,0,0,0.999986252317942
2024-09-05,106,7,3,0,0,0.9999862702313349
2024-09-06,106,16,3,0,0,0.9999862103376894
2024-09-09,106,26,3,0,0,0.9999862223581861
2024-09-10,106,13,3,0,0,0.9999862163505584
2024-09-11,106,16,3,0,0,0.9999862702313349
2024-09-12,105,3,3,0,0,0.9999862702313349
2024-09-13,105,8,3,0,0,0.9999862403496887
2024-09-18,105,13,3,0,0,0.9999862343577445
2024-09-19,105,0,2,0,1,0.7041570974223329
2024-09-20,105,1,2,0,0,0.7041570974223329
2024-09-23,105,5,3,1,0,0.9999756658946253
2024-09-24,105,0,3,0,0,0.9999759002538273
2024-09-25,106,0,2,0,1,0.690290445405224
2024-09-26,107,0,2,0,0,0.690290445405224
2024-09-27,107,0,2,0,0,0.690290445405224
2024-09-30,109,0,2,0,0,0.690290445405224
2024-10-08,110,0,2,0,0,0.690290445405224
2024-10-09,112,0,2,0,0,0.690290445405224
2024-10-10,114,0,2,0,0,0.690290445405224
2024-10-11,117,0,2,0,0,0.690290445405224
2024-10-14,118,0,2,0,0,0.690290445405224
2024-10-15,117,0,2,0,0,0.690290445405224
2024-10-16,118,0,2,0,0,0.690290445405224
2024-10-17,119,0,2,0,0,0.690290445405224
2024-10-18,119,0,2,0,0,0.690290445405224
2024-10-21,119,0,2,0,0,0.690290445405224
2024-10-22,120,0,2,0,0,0.690290445405224
2024-10-23,121,0,2,0,0,0.690290445405224
2024-10-24,122,0,2,0,0,0.690290445405224
2024-10-25,122,0,2,0,0,0.690290445405224
2024-10-28,122,0,2,0,0,0.690290445405224
2024-10-29,122,0,2,0,0,0.690290445405224
2024-10-30,122,0,2,0,0,0.690290445405224
2024-10-31,122,0,2,0,0,0.690290445405224
2024-11-01,122,0,2,0,0,0.690290445405224
2024-11-04,121,0,2,0,0,0.690290445405224
2024-11-05,121,0,2,0,0,0.690290445405224
2024-11-06,121,0,2,0,0,0.690290445405224
2024-11-07,121,0,2,0,0,0.690290445405224
2024-11-08,123,0,2,0,0,0.690290445405224
2024-11-11,124,0,2,0,0,0.690290445405224
2024-11-12,124,1,2,0,0,0.690290445405224
2024-11-13,125,0,2,0,0,0.690290445405224
2024-11-14,125,0,2,0,0,0.690290445405224
2024-11-15,125,1,2,0,0,0.690290445405224
2024-11-18,127,1,2,0,0,0.690290445405224
2024-11-19,127,0,3,1,0,0.9999222095878301
2024-11-20,127,0,3,0,0,0.9999223577612968
2024-11-21,128,0,3,0,0,0.9999224316365535
2024-11-22,129,4,3,0,0,0.9999217240938404
2024-11-25,128,5,3,0,0,0.9999214601554827
2024-11-26,129,2,3,0,0,0.9999212325018063
2024-11-27,129,0,3,0,0,0.99992183666801
2024-11-28,129,0,3,0,0,0.9999214601554827
2024-11-29,130,0,3,0,0,0.9999218741208117
2024-12-02,130,0,3,0,0,0.9999223577612968
2024-12-03,130,0,3,0,0,0.9999222652191083
2024-12-04,130,0,3,0,0,0.9999223392704906
2024-12-05,129,0,3,0,0,0.999922413180922
2024-12-06,130,0,3,0,0,0.9999226707632355
2024-12-09,130,0,3,0,0,0.9999227440443419
2024-12-10,130,0,2,0,1,0.6761211104839396
2024-12-11,130,0,2,0,0,0.6761211104839396
2024-12-12,131,0,2,0,0,0.6761211104839396
2024-12-13,131,1,2,0,0,0.6761211104839396
2024-12-16,131,10,2,0,0,0.6761211104839396
2024-12-17,131,7,2,0,0,0.6761211104839396
2024-12-18,131,2,2,0,0,0.6761211104839396
2024-12-19,131,3,3,1,0,0.9999646513144383
2024-12-20,131,1,3,0,0,0.9999646737281509
2024-12-23,132,2,3,0,0,0.9999644936185217
2024-12-24,134,0,3,0,0,0.9999645839023231
2024-12-25,133,0,3,0,0,0.9999643801143919
2024-12-26,133,0,3,0,0,0.9999644256030146
2024-12-27,133,0,3,0,0,0.9999644709756023
2024-12-30,133,0,3,0,0,0.9999644483037851
2024-12-31,133,18,3,0,0,0.9999641509150752
2025-01-02,132,96,3,0,0,0.9999638953647456
2025-01-03,128,114,3,0,0,0.9999637544320218
2025-01-06,128,78,3,0,0,0.9999639420990866
2025-01-07,129,4,3,0,0,0.9999641739676538
2025-01-08,129,0,3,0,0,0.9999639420990866
2025-01-09,129,7,3,0,0,0.9999640584073274
2025-01-10,129,15,3,0,0,0.9999638953647456
2025-01-13,129,10,3,0,0,0.9999641278328106
2025-01-14,129,0,3,0,0,0.9999644256030146
2025-01-15,129,0,3,0,0,0.9999643801143919
2025-01-16,129,0,3,0,0,0.9999644483037851
2025-01-17,130,0,3,0,0,0.9999645388178877
2025-01-20,130,0,3,0,0,0.9999644256030146
2025-01-21,130,0,3,0,0,0.9999643116629169
2025-01-22,130,0,3,0,0,0.9999641969906038
2025-01-23,130,0,3,0,0,0.9999642199839822
2025-01-24,130,0,3,0,0,0.9999643116629169
2025-01-27,129,0,3,0,0,0.9999641969906038
2025-02-05,129,2,3,0,0,0.999964265882252
2025-02-06,129,0,3,0,0,0.9999646064015787
2025-02-07,128,0,2,0,1,0.6740911066056936
2025-02-10,129,0,2,0,0,0.6740911066056936
2025-02-11,129,0,2,0,0,0.6740911066056936
2025-02-12,129,0,2,0,0,0.6740911066056936
2025-02-13,129,0,2,0,0,0.6740911066056936
2025-02-14,128,0,2,0,0,0.6740911066056936
2025-02-17,129,0,2,0,0,0.6740911066056936
2025-02-18,129,3,2,0,0,0.6740911066056936
2025-02-19,128,2,3,1,0,0.9999307176458704
2025-02-20,128,0,3,0,0,0.9999307398753207
2025-02-21,129,1,3,0,0,0.9999306062842349
2025-02-24,129,0,3,0,0,0.9999306508718211
2025-02-25,129,3,3,0,0,0.9999305616392773
2025-02-26,129,0,3,0,0,0.9999307842914542
2025-02-27,130,0,3,0,0,0.9999306062842349
2025-02-28,130,0,3,0,0,0.9999303150615289
2025-03-03,130,0,3,0,0,0.9999304273590659
2025-03-04,130,1,3,0,0,0.9999301346294754
2025-03-05,129,0,3,0,0,0.9999299986910627
2025-03-06,129,0,3,0,0,0.9999301346294754
2025-03-07,129,0,3,0,0,0.9999303375500285
2025-03-10,129,0,3,0,0,0.9999306731441344
2025-03-11,129,0,3,0,0,0.9999306285851925
2025-03-12,129,0,3,0,0,0.9999305169368373
2025-03-13,129,0,2,0,1,0.669483556817155
2025-03-14,129,0,2,0,0,0.669483556817155
2025-03-17,129,0,2,0,0,0.669483556817155
2025-03-18,128,0,2,0,0,0.669483556817155
2025-03-19,128,0,2,0,0,0.669483556817155
2025-03-20,129,0,2,0,0,0.669483556817155
2025-03-21,129,20,2,0,0,0.669483556817155
2025-03-24,129,14,2,0,0,0.669483556817155
2025-03-25,129,21,3,1,0,0.9999217711755377
2025-03-26,130,0,3,0,0,0.9999218233872479
2025-03-27,130,0,3,0,0,0.9999221610718966
2025-03-28,131,1,3,0,0,0.9999219276018632
2025-03-31,131,31,3,0,0,0.9999219536121174
2025-04-01,130,6,3,0,0,0.9999222127646242
2025-04-02,130,0,3,0,0,0.9999222901751097
2025-04-03,129,18,3,0,0,0.9999218233872479
2025-04-07,129,124,3,0,0,0.9999183065855766
2025-04-08,129,100,3,0,0,0.9999186752636706
2025-04-09,127,25,3,0,0,0.9999193749876163
2025-04-10,129,0,3,0,0,0.9999200354872797
2025-04-11,129,0,3,0,0,0.9999211656894292
2025-04-14,130,0,3,0,0,0.9999212716637419
2025-04-15,130,0,3,0,0,0.9999211391512581
2025-04-16,130,0,3,0,0,0.9999208995012503
2025-04-17,130,0,3,0,0,0.9999210061919425
2025-04-18,130,0,3,0,0,0.9999208192939097
2025-04-21,130,0,3,0,0,0.9999214300920696
2025-04-22,130,0,3,0,0,0.999921298112817
2025-04-23,129,0,3,0,0,0.9999213773535217
2025-04-24,129,0,3,0,0,0.9999211125952138
2025-04-25,129,0,3,0,0,0.9999210328196606
2025-04-28,129,0,3,0,0,0.9999211125952138
2025-04-29,129,0,3,0,0,0.999921218712224
2025-04-30,129,0,3,0,0,0.9999216403406345
2025-05-06,129,0,3,0,0,0.9999220315389984
2025-05-07,129,0,3,0,0,0.99992187552931
2025-05-08,129,0,3,0,0,0.99992187552931
2025-05-09,129,0,3,0,0,0.9999214300920696
2025-05-12,129,0,3,0,0,0.9999216403406345
2025-05-13,129,0,3,0,0,0.9999215616294176
2025-05-14,129,0,3,0,0,0.9999214827599129
2025-05-15,129,3,3,0,0,0.9999209795462606
2025-05-16,129,4,3,0,0,0.9999211391512581
2025-05-19,128,0,3,0,0,0.9999211391512581
2025-05-20,126,0,3,0,0,0.9999213245441267
2025-05-21,126,0,3,0,0,0.999921298112817
2025-05-22,126,0,3,0,0,0.9999211656894292
2025-05-23,126,1,3,0,0,0.999920765731922
2025-05-26,126,1,3,0,0,0.9999208727835311
2025-05-27,127,0,3,0,0,0.999920712097421
2025-05-28,128,1,3,0,0,0.9999205507573621
2025-05-29,129,0,3,0,0,0.9999212716637419
2025-05-30,128,0,3,0,0,0.9999209262009328
2025-06-03,128,2,3,0,0,0.9999212716637419
2025-06-04,127,0,3,0,0,0.999921298112817
2025-06-05,129,0,3,0,0,0.9999217450435209
2025-06-06,126,0,3,0,0,0.9999217972901076
2025-06-09,125,0,2,0,1,0.6702630610804192
2025-06-10,124,1,2,0,0,0.6702630610804192
2025-06-11,125,0,3,1,0,0.999917816500059
2025-06-12,125,5,3,0,0,0.9999175586216463
2025-06-13,125,8,3,0,0,0.9999170379790776
2025-06-16,125,7,3,0,0,0.999917008861607
2025-06-17,123,5,3,0,0,0.9999169505653058
2025-06-18,122,2,3,0,0,0.9999170670761237
2025-06-19,120,11,3,0,0,0.9999167751839687
2025-06-20,120,9,3,0,0,0.999917008861607
2025-06-23,119,0,3,0,0,0.9999167165588003
2025-06-24,119,0,3,0,0,0.9999169505653058
2025-06-25,119,0,3,0,0,0.999917125209028
2025-06-26,119,0,3,0,0,0.9999170379790776
2025-06-27,121,0,3,0,0,0.9999169213864322
2025-06-30,121,0,3,0,0,0.999917008861607
2025-07-01,121,0,3,0,0,0.9999169797236902
2025-07-02,120,0,3,0,0,0.9999169213864322
2025-07-03,121,0,3,0,0,0.9999169213864322
2025-07-04,122,0,3,0,0,0.9999169213864322
2025-07-07,123,0,3,0,0,0.999916804465613
2025-07-08,123,0,3,0,0,0.9999168921870477
2025-07-09,123,0,3,0,0,0.999917008861607
2025-07-10,123,0,3,0,0,0.9999169797236902
2025-07-11,125,0,2,0,1,0.6755398224444431
2025-07-14,126,0,2,0,0,0.6755398224444431
2025-07-15,126,0,2,0,0,0.6755398224444431
2025-07-16,126,0,2,0,0,0.6755398224444431
2025-07-17,124,0,2,0,0,0.6755398224444431
2025-07-18,124,0,2,0,0,0.6755398224444431
2025-07-21,124,0,2,0,0,0.6755398224444431
2025-07-22,125,0,2,0,0,0.6755398224444431
2025-07-23,124,0,2,0,0,0.6755398224444431
2025-07-24,125,0,2,0,0,0.6755398224444431
2025-07-25,126,0,2,0,0,0.6755398224444431
2025-07-28,127,0,2,0,0,0.6755398224444431
2025-07-29,127,3,2,0,0,0.6755398224444431
2025-07-30,127,0,3,1,0,0.9999096255070221
2025-07-31,128,6,3,0,0,0.9999094184563592
2025-08-01,127,2,3,0,0,0.999909591064336
2025-08-04,127,0,3,0,0,0.9999097630157364
2025-08-05,127,0,3,0,0,0.9999102070433514
2025-08-06,128,0,3,0,0,0.999910173042582
2025-08-07,127,0,3,0,0,0.9999103088913978
2025-08-08,129,0,3,0,0,0.999910173042582
2025-08-11,129,0,3,0,0,0.9999099343142998
2025-08-12,129,0,3,0,0,0.9999100026517628
2025-08-13,129,0,3,0,0,0.9999097286778026
2025-08-14,130,0,3,0,0,0.9999096943137255
2025-08-15,131,0,3,0,0,0.9999092798947119
2025-08-18,131,0,3,0,0,0.9999093492284841
2025-08-19,131,0,3,0,0,0.9999093838556437
2025-08-20,131,0,3,0,0,0.9999095221001448
2025-08-21,132,0,3,0,0,0.9999096599234752
2025-08-22,133,0,3,0,0,0.9999095565953869
2025-08-25,137,0,3,0,0,0.9999097630157364
2025-08-26,138,0,3,0,0,0.999909591064336
2025-08-27,139,1,3,0,0,0.9999090712555767
2025-08-28,140,0,3,0,0,0.9999092104547993
2025-08-29,141,2,3,0,0,0.9999090014957766
2025-09-01,141,7,3,0,0,0.9999086510850189
2025-09-02,141,0,3,0,0,0.9999092104547993
2025-09-03,141,7,3,0,0,0.9999087915726649
2025-09-04,144,7,3,0,0,0.9999090712555767
2025-09-05,147,3,3,0,0,0.9999087915726649
2025-09-08,147,0,3,0,0,0.9999086510850189
2025-09-09,148,0,3,0,0,0.999908861654568
2025-09-10,149,0,3,0,0,0.9999088966551484
2025-09-11,149,0,3,0,0,0.9999090363890513
2025-09-12,151,0,3,0,0,0.9999085806787767
2025-09-15,151,0,3,0,0,0.999908297965154
2025-09-16,151,2,3,0,0,0.9999080134975271
2025-09-17,152,1,3,0,0,0.9999079063666274
2025-09-18,153,12,3,0,0,0.9999073669471458
2025-09-19,155,2,3,0,0,0.9999074392345606
2025-09-22,155,13,3,0,0,0.9999071494058563
2025-09-23,155,9,3,0,0,0.9999075114092426
2025-09-24,155,0,3,0,0,0.9999074392345606
2025-09-25,155,1,3,0,0,0.9999072945467337
2025-09-26,156,0,3,0,0,0.999907330761081
2025-09-29,158,0,3,0,0,0.9999072220330593
2025-09-30,158,0,3,0,0,0.9999069308404054
2025-10-09,158,0,3,0,0,0.9999068943127509
2025-10-10,159,0,3,0,0,0.9999070038097976
2025-10-13,159,9,3,0,0,0.9999072583040709
2025-10-14,159,17,3,0,0,0.999907942104643
2025-10-15,160,1,3,0,0,0.9999080847797637
2025-10-16,160,1,3,0,0,0.999908510163921
2025-10-17,161,37,3,0,0,0.9999084748656846
2025-10-20,161,2,3,0,0,0.9999084041874369
2025-10-21,161,0,3,0,0,0.999908510163921
2025-10-22,161,1,3,0,0,0.9999087564912801
2025-10-23,161,0,2,0,1,0.679016804297457
2025-10-24,161,1,2,0,0,0.679016804297457
2025-10-27,161,0,3,1,0,0.9999343326419007
2025-10-28,159,1,3,0,0,0.9999342307348887
2025-10-29,159,0,3,0,0,0.9999342562412826
2025-10-30,160,0,3,0,0,0.9999342052086959
2025-10-31,160,0,3,0,0,0.9999343834770725
2025-11-03,160,0,3,0,0,0.999934434233599
2025-11-04,160,0,3,0,0,0.9999341540968211
2025-11-05,161,0,3,0,0,0.9999341029054734
2025-11-06,161,0,3,0,0,0.999934128511093
2025-11-07,161,0,3,0,0,0.9999341540968211
2025-11-10,162,0,3,0,0,0.9999348124190427
2025-11-11,162,1,3,0,0,0.9999348124190427
2025-11-12,163,2,3,0,0,0.9999348374763445
2025-11-13,162,0,3,0,0,0.999934937513213
2025-11-14,162,2,2,0,1,0.6718372561393422
2025-11-17,162,2,3,1,0,0.9999289741395323
2025-11-18,164,3,3,0,0,0.9999291697473428
2025-11-19,164,7,3,0,0,0.9999289005077747
2025-11-20,163,14,3,0,0,0.9999286786936448
2025-11-21,163,104,3,0,0,0.9999279796676085
2025-11-24,163,47,3,0,0,0.9999285548645016
2025-11-25,162,0,3,0,0,0.9999287527853082
2025-11-26,162,0,3,0,0,0.9999287774483324
2025-11-27,163,1,3,0,0,0.9999285548645016
2025-11-28,163,0,3,0,0,0.9999287034079821
2025-12-01,163,0,3,0,0,0.9999289005077747
2025-12-02,161,0,3,0,0,0.9999285548645016
2025-12-03,161,0,3,0,0,0.999928055217977
2025-12-04,161,3,3,0,0,0.9999282058441891
2025-12-05,163,2,3,0,0,0.9999283059117561
2025-12-08,163,0,3,0,0,0.9999285548645016
2025-12-09,162,6,3,0,0,0.999928455491165
2025-12-10,163,4,3,0,0,0.9999279796676085
2025-12-11,163,6,3,0,0,0.9999277012868049
2025-12-12,163,2,3,0,0,0.9999279292124825
2025-12-15,163,1,3,0,0,0.9999275995231033
2025-12-16,161,15,3,0,0,0.9999271638121623
2025-12-17,161,0,3,0,0,0.9999276249908762
2025-12-18,162,1,3,0,0,0.999927395133852
2025-12-19,163,0,3,0,0,0.999927497472524
2025-12-22,162,0,3,0,0,0.9999277012868049
2025-12-23,162,0,3,0,0,0.9999275740374006
2025-12-24,162,0,3,0,0,0.9999277774220444
2025-12-25,162,0,3,0,0,0.9999279796676085
2025-12-26,162,0,3,0,0,0.9999280803662217
2025-12-29,162,2,3,0,0,0.9999281557055799
2025-12-30,160,3,3,0,0,0.9999282308872598
2025-12-31,158,5,3,0,0,0.9999284803604063
2026-01-05,158,0,2,0,1,0.6707846429040455
2026-01-06,158,0,2,0,0,0.6707846429040455
2026-01-07,158,0,2,0,0,0.6707846429040455
2026-01-08,157,1,2,0,0,0.6707846429040455
2026-01-09,156,1,3,1,0,0.999868294389318
2026-01-12,156,0,3,0,0,0.9998683689338428
2026-01-13,156,0,3,0,0,0.9998684433940319
2026-01-14,157,5,3,0,0,0.999868070248294
2026-01-15,158,8,3,0,0,0.9998679578914504
2026-01-16,158,13,3,0,0,0.9998675819825471
2026-01-19,158,8,3,0,0,0.9998676196697254
2026-01-20,158,0,3,0,0,0.999868219760314
2026-01-21,158,7,3,0,0,0.9998678828805079
2026-01-22,158,4,3,0,0,0.9998679203966292
2026-01-23,159,5,3,0,0,0.999867770204161
2026-01-26,159,2,3,0,0,0.999868070248294
2026-01-27,160,7,3,0,0,0.999867770204161
2026-01-28,161,5,3,0,0,0.9998679203966292
2026-01-29,161,4,3,0,0,0.999868554926499
2026-01-30,161,6,3,0,0,0.9998685177700284
2026-02-02,161,45,3,0,0,0.9998679953649895
2026-02-03,161,0,3,0,0,0.9998678453430682
2026-02-04,161,6,3,0,0,0.9998684433940319
2026-02-05,161,10,2,0,1,0.6688121874357467
2026-02-06,161,11,2,0,0,0.6688121874357467
2026-02-09,161,0,3,1,0,0.9999463786959342
2026-02-10,163,0,3,0,0,0.9999463248605569
2026-02-11,163,0,3,0,0,0.9999461192964701
2026-02-12,164,0,3,0,0,0.9999463679374998
2026-02-13,164,1,3,0,0,0.9999460758190255
2026-02-24,164,2,3,0,0,0.9999462384987423
2026-02-25,165,0,3,0,0,0.9999465021084147
2026-02-26,167,4,3,0,0,0.9999464592468189
2026-02-27,167,1,3,0,0,0.9999462709169704
2026-03-02,166,16,3,0,0,0.9999461681248689
2026-03-03,167,46,3,0,0,0.9999457474880425
2026-03-04,166,58,3,0,0,0.9999454652467271
2026-03-05,166,12,3,0,0,0.9999457529929857
2026-03-06,166,0,3,0,0,0.999945857375054
2026-03-09,166,0,3,0,0,0.9999457254570926
2026-03-10,166,0,3,0,0,0.9999462439044967
2026-03-11,166,0,3,0,0,0.9999464538842898
2026-03-12,166,0,3,0,0,0.9999463086888578
2026-03-13,167,8,3,0,0,0.9999462655166477
2026-03-16,168,6,3,0,0,0.999946528862081
2026-03-17,168,24,3,0,0,0.9999461192964701
2026-03-18,169,0,3,0,0,0.9999464699686553
2026-03-19,168,21,3,0,0,0.9999462817143601
2026-03-20,168,43,2,0,1,0.6611423395217898
2026-03-23,168,129,2,0,0,0.6611423395217898
2026-03-24,168,18,3,1,0,0.9998173094502002
2026-03-25,168,0,3,0,0,0.9998182043965747
2026-03-26,169,2,3,0,0,0.9998174338910446
2026-03-27,169,0,3,0,0,0.9998177098202219
2026-03-30,169,2,3,0,0,0.9998175995487005
2026-03-31,169,7,3,0,0,0.9998170878026529
2026-04-01,169,2,3,0,0,0.9998180672836554
2026-04-02,169,8,3,0,0,0.9998174477073413
2026-04-03,170,16,3,0,0,0.9998169628893978
2026-04-07,170,3,3,0,0,0.9998168517120782
2026-04-08,170,0,3,0,0,0.9998189955937249
2026-04-09,170,0,3,0,0,0.999818587215583
2026-04-10,171,0,3,0,0,0.9998195372464292
2026-04-13,171,0,3,0,0,0.9998196721534569
2026-04-14,169,0,3,0,0,0.9998204773787814
2026-04-15,169,0,2,0,1,0.6482345738732054
2026-04-16,169,0,2,0,0,0.6482345738732054
2026-04-17,169,0,2,0,0,0.6482345738732054
2026-04-20,169,0,2,0,0,0.6482345738732054
2026-04-21,167,0,2,0,0,0.6482345738732054
2026-04-22,168,0,2,0,0,0.6482345738732054
2026-04-23,167,0,2,0,0,0.6482345738732054
2026-04-24,166,0,2,0,0,0.6482345738732054
2026-04-27,165,2,2,0,0,0.6482345738732054
2026-04-28,166,1,3,1,0,0.9999609660508275
2026-04-29,166,0,3,0,0,0.9999612085374631
2026-04-30,167,0,3,0,0,0.9999612455759507
2026-05-06,167,1,3,0,0,0.9999611528467964
2026-05-07,168,0,3,0,0,0.9999610969959961
2026-05-08,168,0,3,0,0,0.9999610035535961
2026-05-11,169,0,3,0,0,0.9999610409843706
2026-05-12,166,3,3,0,0,0.9999608342211745
2026-05-13,166,6,3,0,0,0.9999607205135392
2026-05-14,168,16,3,0,0,0.9999607395106397
2026-05-15,168,34,3,0,0,0.9999605103255725
2026-05-18,168,44,3,0,0,0.9999603560431876
2026-05-19,169,22,3,0,0,0.9999603560431876
2026-05-20,170,19,3,0,0,0.9999603366730839
2026-05-21,171,36,3,0,0,0.9999601614866057
2026-05-22,173,19,3,0,0,0.9999600044610011
2026-05-25,173,7,3,0,0,0.9999599847457213
2026-05-26,173,2,3,0,0,0.9999599650109952
2026-05-27,173,3,3,0,0,0.9999600044610011
2026-05-28,172,8,3,0,0,0.9999597665878226
2026-05-29,172,17,3,0,0,0.9999601419258674
2026-06-01,172,7,3,0,0,0.9999601810281542
2026-06-02,171,2,3,0,0,0.9999599650109952
2026-06-03,171,4,3,0,0,0.9999597665878226
2026-06-04,171,8,3,0,0,0.9999595460381479
2026-06-05,171,9,3,0,0,0.9999595258682169
2026-06-08,172,55,3,0,0,0.9999592822507855
2026-06-09,173,2,3,0,0,0.9999592413624693
2026-06-10,173,13,3,0,0,0.9999593637818002
2026-06-11,173,13,3,0,0,0.9999593637818002
2026-06-12,172,0,3,0,0,0.9999595056781629
2026-06-15,172,0,3,0,0,0.9999594449869608
2026-06-16,172,5,3,0,0,0.9999591798757893
2026-06-17,172,8,3,0,0,0.9999590563442085
2026-06-18,172,18,3,0,0,0.9999588070243695
2026-06-22,173,5,3,0,0,0.9999588904676753
2026-06-23,174,1,3,0,0,0.9999586812223276
2026-06-24,174,11,3,0,0,0.9999584910719016
2026-06-25,173,15,3,0,0,0.9999585334786455
2026-06-26,172,31,3,0,0,0.9999583846745967
2026-06-29,172,5,3,0,0,0.9999587861105875
2026-06-30,172,5,3,0,0,0.9999586391173861
2026-07-01,172,0,3,0,0,0.9999589528286413
2026-07-02,172,0,3,0,0,0.9999589112757071
2026-07-03,172,1,3,0,0,0.9999589112757071
2026-07-06,173,2,3,0,0,0.9999591593389836
2026-07-07,172,5,3,0,0,0.9999589528286413
2026-07-08,172,24,3,0,0,0.9999588487883223
2026-07-09,172,9,3,0,0,0.9999587022426679
2026-07-10,172,11,3,0,0,0.9999589942976158
2026-07-13,172,51,3,0,0,0.9999589735736076
2026-07-14,172,13,3,0,0,0.9999589942976158
2026-07-15,172,13,2,0,1,0.6759863773602469
2026-07-16,172,37,3,1,0,0.9997904535342098
2026-07-17,173,81,3,0,0,0.9997845167700576
2026-07-20,175,62,3,0,0,0.999781751882074
2026-07-21,175,1,3,0,0,0.9997854557037393
2026-07-22,175,0,3,0,0,0.9997843677655928
2026-07-23,175,3,3,0,0,0.9997852094101568
2026-07-24,175,7,3,0,0,0.9997824117850644
2026-07-27,174,0,3,0,0,0.9997848636476014
2026-07-28,174,4,3,0,0,0.9997824117850644
2026-07-29,174,0,3,0,0,0.9997829166935445
2026-07-30,174,9,3,0,0,0.9997799033915609
2026-07-31,174,0,3,0,0,0.9997822598542028
2026-08-03,175,0,3,0,0,0.9997836196414919
2026-08-04,176,0,3,0,0,0.9997860445101385
2026-08-05,174,0,3,0,0,0.9997882719730637
2026-08-06,174,0,3,0,0,0.9997894632074711
2026-08-07,174,0,3,0,0,0.9997918059106665
2026-08-10,174,0,3,0,0,0.9997919910766562
2026-08-11,174,0,3,0,0,0.9997896052554347
2026-08-12,174,0,3,0,0,0.9997909685677231
2026-08-13,174,0,3,0,0,0.9997906411125123
2026-08-14,174,1,3,0,0,0.9997912950001977
2026-08-17,173,0,3,0,0,0.9997931409430538
2026-08-18,173,3,3,0,0,0.9997936428666113
2026-08-19,173,9,3,0,0,0.9997881281184497
2026-08-20,173,6,3,0,0,0.9997866300934821
2026-08-21,173,3,3,0,0,0.9997873575804184
2026-08-24,173,2,3,0,0,0.9997853079954165
2026-08-25,172,0,3,0,0,0.9997857995673542
2026-08-26,171,0,3,0,0,0.9997855048946912
2026-08-27,171,0,3,0,0,0.9997872608689116
2026-08-28,171,0,3,0,0,0.999786581417327
2026-08-31,171,1,3,0,0,0.9997893209675707
2026-09-01,171,5,3,0,0,0.9997884156324645
2026-09-02,171,15,3,0,0,0.9997879360079441
2026-09-03,171,2,3,0,0,0.999787647188075
