date,eligible_count,n_signal,signal_ratio,breadth_blocked,open_positions,n_entries,n_exits,invested_pct
2006-05-15,1,0,0.0,False,0,0,0,0.0
2006-05-16,1,0,0.0,False,0,0,0,0.0
2006-05-17,1,0,0.0,False,0,0,0,0.0
2006-05-18,1,0,0.0,False,0,0,0,0.0
2006-05-19,1,0,0.0,False,0,0,0,0.0
2006-05-22,1,0,0.0,False,0,0,0,0.0
2006-05-23,1,0,0.0,False,0,0,0,0.0
2006-05-24,1,0,0.0,False,0,0,0,0.0
2006-05-25,1,0,0.0,False,0,0,0,0.0
2006-05-26,1,0,0.0,False,0,0,0,0.0
2006-05-29,1,0,0.0,False,0,0,0,0.0
2006-05-30,1,0,0.0,False,0,0,0,0.0
2006-05-31,1,0,0.0,False,0,0,0,0.0
2006-06-01,1,0,0.0,False,0,0,0,0.0
2006-06-02,1,0,0.0,False,0,0,0,0.0
2006-06-05,1,0,0.0,False,0,0,0,0.0
2006-06-06,1,0,0.0,False,0,0,0,0.0
2006-06-07,1,0,0.0,False,0,0,0,0.0
2006-06-08,1,0,0.0,False,0,0,0,0.0
2006-06-09,1,0,0.0,False,0,0,0,0.0
2006-06-12,1,0,0.0,False,0,0,0,0.0
2006-06-13,1,0,0.0,False,0,0,0,0.0
2006-06-14,1,0,0.0,False,0,0,0,0.0
2006-06-15,1,0,0.0,False,0,0,0,0.0
2006-06-16,1,0,0.0,False,0,0,0,0.0
2006-06-19,1,0,0.0,False,0,0,0,0.0
2006-06-20,1,0,0.0,False,0,0,0,0.0
2006-06-21,1,0,0.0,False,0,0,0,0.0
2006-06-22,1,0,0.0,False,0,0,0,0.0
2006-06-23,1,0,0.0,False,0,0,0,0.0
2006-06-26,1,0,0.0,False,0,0,0,0.0
2006-06-27,1,0,0.0,False,0,0,0,0.0
2006-06-28,1,0,0.0,False,0,0,0,0.0
2006-06-29,1,0,0.0,False,0,0,0,0.0
2006-06-30,1,0,0.0,False,0,0,0,0.0
2006-07-03,1,0,0.0,False,0,0,0,0.0
2006-07-04,1,0,0.0,False,0,0,0,0.0
2006-07-05,1,0,0.0,False,0,0,0,0.0
2006-07-06,1,0,0.0,False,0,0,0,0.0
2006-07-07,1,0,0.0,False,0,0,0,0.0
2006-07-10,1,0,0.0,False,0,0,0,0.0
2006-07-11,1,0,0.0,False,0,0,0,0.0
2006-07-12,1,0,0.0,False,0,0,0,0.0
2006-07-13,1,0,0.0,False,0,0,0,0.0
2006-07-14,1,0,0.0,False,0,0,0,0.0
2006-07-17,1,0,0.0,False,0,0,0,0.0
2006-07-18,1,0,0.0,False,0,0,0,0.0
2006-07-19,1,0,0.0,False,0,0,0,0.0
2006-07-20,1,0,0.0,False,0,0,0,0.0
2006-07-21,2,0,0.0,False,0,0,0,0.0
2006-07-24,2,0,0.0,False,0,0,0,0.0
2006-07-25,2,0,0.0,False,0,0,0,0.0
2006-07-26,2,0,0.0,False,0,0,0,0.0
2006-07-27,2,0,0.0,False,0,0,0,0.0
2006-07-28,2,0,0.0,False,0,0,0,0.0
2006-07-31,2,1,0.5,True,0,0,0,0.0
2006-08-01,2,1,0.5,True,0,0,0,0.0
2006-08-02,2,1,0.5,True,0,0,0,0.0
2006-08-03,2,0,0.0,False,0,0,0,0.0
2006-08-04,2,1,0.5,True,0,0,0,0.0
2006-08-07,2,1,0.5,True,0,0,0,0.0
2006-08-08,2,0,0.0,False,0,0,0,0.0
2006-08-09,2,0,0.0,False,0,0,0,0.0
2006-08-10,2,0,0.0,False,0,0,0,0.0
2006-08-11,2,0,0.0,False,0,0,0,0.0
2006-08-14,2,0,0.0,False,0,0,0,0.0
2006-08-15,2,0,0.0,False,0,0,0,0.0
2006-08-16,2,0,0.0,False,0,0,0,0.0
2006-08-17,2,0,0.0,False,0,0,0,0.0
2006-08-18,2,0,0.0,False,0,0,0,0.0
2006-08-21,2,0,0.0,False,0,0,0,0.0
2006-08-22,2,0,0.0,False,0,0,0,0.0
2006-08-23,2,0,0.0,False,0,0,0,0.0
2006-08-24,2,0,0.0,False,0,0,0,0.0
2006-08-25,2,0,0.0,False,0,0,0,0.0
2006-08-28,2,0,0.0,False,0,0,0,0.0
2006-08-29,2,0,0.0,False,0,0,0,0.0
2006-08-30,2,0,0.0,False,0,0,0,0.0
2006-08-31,2,0,0.0,False,0,0,0,0.0
2006-09-01,2,0,0.0,False,0,0,0,0.0
2006-09-04,2,0,0.0,False,0,0,0,0.0
2006-09-05,2,0,0.0,False,0,0,0,0.0
2006-09-06,1,0,0.0,False,0,0,0,0.0
2006-09-07,1,0,0.0,False,0,0,0,0.0
2006-09-08,1,0,0.0,False,0,0,0,0.0
2006-09-11,1,0,0.0,False,0,0,0,0.0
2006-09-12,1,0,0.0,False,0,0,0,0.0
2006-09-13,1,0,0.0,False,0,0,0,0.0
2006-09-14,1,0,0.0,False,0,0,0,0.0
2006-09-15,1,0,0.0,False,0,0,0,0.0
2006-09-18,1,0,0.0,False,0,0,0,0.0
2006-09-19,1,0,0.0,False,0,0,0,0.0
2006-09-20,1,0,0.0,False,0,0,0,0.0
2006-09-21,1,0,0.0,False,0,0,0,0.0
2006-09-22,1,0,0.0,False,0,0,0,0.0
2006-09-25,1,0,0.0,False,0,0,0,0.0
2006-09-26,1,0,0.0,False,0,0,0,0.0
2006-09-27,1,0,0.0,False,0,0,0,0.0
2006-09-28,1,0,0.0,False,0,0,0,0.0
2006-09-29,1,0,0.0,False,0,0,0,0.0
2006-10-09,1,0,0.0,False,0,0,0,0.0
2006-10-10,1,0,0.0,False,0,0,0,0.0
2006-10-11,1,0,0.0,False,0,0,0,0.0
2006-10-12,1,0,0.0,False,0,0,0,0.0
2006-10-13,1,0,0.0,False,0,0,0,0.0
2006-10-16,1,0,0.0,False,0,0,0,0.0
2006-10-17,1,0,0.0,False,0,0,0,0.0
2006-10-18,1,0,0.0,False,0,0,0,0.0
2006-10-19,1,0,0.0,False,0,0,0,0.0
2006-10-20,1,0,0.0,False,0,0,0,0.0
2006-10-23,1,0,0.0,False,0,0,0,0.0
2006-10-24,1,0,0.0,False,0,0,0,0.0
2006-10-25,1,0,0.0,False,0,0,0,0.0
2006-10-26,1,0,0.0,False,0,0,0,0.0
2006-10-27,1,0,0.0,False,0,0,0,0.0
2006-10-30,1,0,0.0,False,0,0,0,0.0
2006-10-31,1,0,0.0,False,0,0,0,0.0
2006-11-01,1,0,0.0,False,0,0,0,0.0
2006-11-02,1,0,0.0,False,0,0,0,0.0
2006-11-03,1,0,0.0,False,0,0,0,0.0
2006-11-06,1,0,0.0,False,0,0,0,0.0
2006-11-07,1,0,0.0,False,0,0,0,0.0
2006-11-08,1,0,0.0,False,0,0,0,0.0
2006-11-09,1,0,0.0,False,0,0,0,0.0
2006-11-10,1,0,0.0,False,0,0,0,0.0
2006-11-13,1,0,0.0,False,0,0,0,0.0
2006-11-14,1,0,0.0,False,0,0,0,0.0
2006-11-15,1,0,0.0,False,0,0,0,0.0
2006-11-16,1,0,0.0,False,0,0,0,0.0
2006-11-17,1,0,0.0,False,0,0,0,0.0
2006-11-20,1,0,0.0,False,0,0,0,0.0
2006-11-21,1,0,0.0,False,0,0,0,0.0
2006-11-22,1,0,0.0,False,0,0,0,0.0
2006-11-23,1,0,0.0,False,0,0,0,0.0
2006-11-24,1,0,0.0,False,0,0,0,0.0
2006-11-27,1,0,0.0,False,0,0,0,0.0
2006-11-28,1,0,0.0,False,0,0,0,0.0
2006-11-29,1,0,0.0,False,0,0,0,0.0
2006-11-30,1,0,0.0,False,0,0,0,0.0
2006-12-01,1,0,0.0,False,0,0,0,0.0
2006-12-04,2,0,0.0,False,0,0,0,0.0
2006-12-05,2,0,0.0,False,0,0,0,0.0
2006-12-06,2,0,0.0,False,0,0,0,0.0
2006-12-07,2,0,0.0,False,0,0,0,0.0
2006-12-08,2,0,0.0,False,0,0,0,0.0
2006-12-11,2,0,0.0,False,0,0,0,0.0
2006-12-12,2,0,0.0,False,0,0,0,0.0
2006-12-13,2,0,0.0,False,0,0,0,0.0
2006-12-14,2,0,0.0,False,0,0,0,0.0
2006-12-15,2,0,0.0,False,0,0,0,0.0
2006-12-18,2,0,0.0,False,0,0,0,0.0
2006-12-19,2,0,0.0,False,0,0,0,0.0
2006-12-20,2,0,0.0,False,0,0,0,0.0
2006-12-21,2,0,0.0,False,0,0,0,0.0
2006-12-22,2,0,0.0,False,0,0,0,0.0
2006-12-25,2,0,0.0,False,0,0,0,0.0
2006-12-26,2,0,0.0,False,0,0,0,0.0
2006-12-27,2,0,0.0,False,0,0,0,0.0
2006-12-28,2,0,0.0,False,0,0,0,0.0
2006-12-29,2,0,0.0,False,0,0,0,0.0
2007-01-04,2,0,0.0,False,0,0,0,0.0
2007-01-05,2,0,0.0,False,0,0,0,0.0
2007-01-08,2,0,0.0,False,0,0,0,0.0
2007-01-09,2,0,0.0,False,0,0,0,0.0
2007-01-10,2,0,0.0,False,0,0,0,0.0
2007-01-11,2,0,0.0,False,0,0,0,0.0
2007-01-12,2,0,0.0,False,0,0,0,0.0
2007-01-15,2,0,0.0,False,0,0,0,0.0
2007-01-16,2,0,0.0,False,0,0,0,0.0
2007-01-17,2,0,0.0,False,0,0,0,0.0
2007-01-18,2,0,0.0,False,0,0,0,0.0
2007-01-19,2,0,0.0,False,0,0,0,0.0
2007-01-22,2,0,0.0,False,0,0,0,0.0
2007-01-23,2,0,0.0,False,0,0,0,0.0
2007-01-24,2,0,0.0,False,0,0,0,0.0
2007-01-25,2,0,0.0,False,0,0,0,0.0
2007-01-26,2,0,0.0,False,0,0,0,0.0
2007-01-29,2,0,0.0,False,0,0,0,0.0
2007-01-30,2,0,0.0,False,0,0,0,0.0
2007-01-31,2,0,0.0,False,0,0,0,0.0
2007-02-01,2,0,0.0,False,0,0,0,0.0
2007-02-02,2,0,0.0,False,0,0,0,0.0
2007-02-05,2,0,0.0,False,0,0,0,0.0
2007-02-06,2,0,0.0,False,0,0,0,0.0
2007-02-07,2,0,0.0,False,0,0,0,0.0
2007-02-08,2,0,0.0,False,0,0,0,0.0
2007-02-09,2,0,0.0,False,0,0,0,0.0
2007-02-12,2,0,0.0,False,0,0,0,0.0
2007-02-13,2,0,0.0,False,0,0,0,0.0
2007-02-14,2,0,0.0,False,0,0,0,0.0
2007-02-15,3,0,0.0,False,0,0,0,0.0
2007-02-16,3,0,0.0,False,0,0,0,0.0
2007-02-26,3,0,0.0,False,0,0,0,0.0
2007-02-27,3,0,0.0,False,0,0,0,0.0
2007-02-28,3,0,0.0,False,0,0,0,0.0
2007-03-01,3,0,0.0,False,0,0,0,0.0
2007-03-02,3,0,0.0,False,0,0,0,0.0
2007-03-05,3,0,0.0,False,0,0,0,0.0
2007-03-06,3,0,0.0,False,0,0,0,0.0
2007-03-07,3,0,0.0,False,0,0,0,0.0
2007-03-08,3,0,0.0,False,0,0,0,0.0
2007-03-09,3,0,0.0,False,0,0,0,0.0
2007-03-12,3,0,0.0,False,0,0,0,0.0
2007-03-13,3,0,0.0,False,0,0,0,0.0
2007-03-14,3,0,0.0,False,0,0,0,0.0
2007-03-15,3,0,0.0,False,0,0,0,0.0
2007-03-16,3,0,0.0,False,0,0,0,0.0
2007-03-19,3,0,0.0,False,0,0,0,0.0
2007-03-20,3,0,0.0,False,0,0,0,0.0
2007-03-21,3,0,0.0,False,0,0,0,0.0
2007-03-22,3,0,0.0,False,0,0,0,0.0
2007-03-23,3,0,0.0,False,0,0,0,0.0
2007-03-26,3,0,0.0,False,0,0,0,0.0
2007-03-27,3,0,0.0,False,0,0,0,0.0
2007-03-28,3,0,0.0,False,0,0,0,0.0
2007-03-29,3,0,0.0,False,0,0,0,0.0
2007-03-30,3,0,0.0,False,0,0,0,0.0
2007-04-02,3,0,0.0,False,0,0,0,0.0
2007-04-03,3,0,0.0,False,0,0,0,0.0
2007-04-04,3,0,0.0,False,0,0,0,0.0
2007-04-05,3,0,0.0,False,0,0,0,0.0
2007-04-06,3,0,0.0,False,0,0,0,0.0
2007-04-09,3,0,0.0,False,0,0,0,0.0
2007-04-10,3,0,0.0,False,0,0,0,0.0
2007-04-11,3,0,0.0,False,0,0,0,0.0
2007-04-12,3,0,0.0,False,0,0,0,0.0
2007-04-13,3,0,0.0,False,0,0,0,0.0
2007-04-16,3,0,0.0,False,0,0,0,0.0
2007-04-17,3,0,0.0,False,0,0,0,0.0
2007-04-18,4,0,0.0,False,0,0,0,0.0
2007-04-19,4,0,0.0,False,0,0,0,0.0
2007-04-20,4,0,0.0,False,0,0,0,0.0
2007-04-23,4,0,0.0,False,0,0,0,0.0
2007-04-24,4,0,0.0,False,0,0,0,0.0
2007-04-25,4,0,0.0,False,0,0,0,0.0
2007-04-26,4,0,0.0,False,0,0,0,0.0
2007-04-27,4,0,0.0,False,0,0,0,0.0
2007-04-30,4,0,0.0,False,0,0,0,0.0
2007-05-08,4,0,0.0,False,0,0,0,0.0
2007-05-09,4,0,0.0,False,0,0,0,0.0
2007-05-10,4,0,0.0,False,0,0,0,0.0
2007-05-11,4,0,0.0,False,0,0,0,0.0
2007-05-14,4,0,0.0,False,0,0,0,0.0
2007-05-15,4,0,0.0,False,0,0,0,0.0
2007-05-16,4,0,0.0,False,0,0,0,0.0
2007-05-17,4,0,0.0,False,0,0,0,0.0
2007-05-18,4,0,0.0,False,0,0,0,0.0
2007-05-21,4,0,0.0,False,0,0,0,0.0
2007-05-22,4,0,0.0,False,0,0,0,0.0
2007-05-23,4,0,0.0,False,0,0,0,0.0
2007-05-24,4,0,0.0,False,0,0,0,0.0
2007-05-25,4,0,0.0,False,0,0,0,0.0
2007-05-28,4,0,0.0,False,0,0,0,0.0
2007-05-29,4,0,0.0,False,0,0,0,0.0
2007-05-30,4,0,0.0,False,0,0,0,0.0
2007-05-31,4,0,0.0,False,0,0,0,0.0
2007-06-01,4,0,0.0,False,0,0,0,0.0
2007-06-04,4,0,0.0,False,0,0,0,0.0
2007-06-05,4,0,0.0,False,0,0,0,0.0
2007-06-06,4,0,0.0,False,0,0,0,0.0
2007-06-07,4,0,0.0,False,0,0,0,0.0
2007-06-08,4,0,0.0,False,0,0,0,0.0
2007-06-11,4,0,0.0,False,0,0,0,0.0
2007-06-12,4,0,0.0,False,0,0,0,0.0
2007-06-13,4,0,0.0,False,0,0,0,0.0
2007-06-14,4,0,0.0,False,0,0,0,0.0
2007-06-15,4,0,0.0,False,0,0,0,0.0
2007-06-18,4,0,0.0,False,0,0,0,0.0
2007-06-19,4,0,0.0,False,0,0,0,0.0
2007-06-20,4,0,0.0,False,0,0,0,0.0
2007-06-21,4,0,0.0,False,0,0,0,0.0
2007-06-22,4,0,0.0,False,0,0,0,0.0
2007-06-25,4,0,0.0,False,0,0,0,0.0
2007-06-26,4,0,0.0,False,0,0,0,0.0
2007-06-27,4,0,0.0,False,0,0,0,0.0
2007-06-28,4,0,0.0,False,0,0,0,0.0
2007-06-29,4,0,0.0,False,0,0,0,0.0
2007-07-02,4,0,0.0,False,0,0,0,0.0
2007-07-03,4,0,0.0,False,0,0,0,0.0
2007-07-04,4,0,0.0,False,0,0,0,0.0
2007-07-05,4,1,0.25,True,0,0,0,0.0
2007-07-06,4,0,0.0,False,0,0,0,0.0
2007-07-09,4,0,0.0,False,0,0,0,0.0
2007-07-10,4,0,0.0,False,0,0,0,0.0
2007-07-11,4,0,0.0,False,0,0,0,0.0
2007-07-12,4,0,0.0,False,0,0,0,0.0
2007-07-13,4,0,0.0,False,0,0,0,0.0
2007-07-16,4,0,0.0,False,0,0,0,0.0
2007-07-17,4,0,0.0,False,0,0,0,0.0
2007-07-18,4,0,0.0,False,0,0,0,0.0
2007-07-19,4,0,0.0,False,0,0,0,0.0
2007-07-20,4,0,0.0,False,0,0,0,0.0
2007-07-23,4,0,0.0,False,0,0,0,0.0
2007-07-24,4,0,0.0,False,0,0,0,0.0
2007-07-25,4,0,0.0,False,0,0,0,0.0
2007-07-26,4,0,0.0,False,0,0,0,0.0
2007-07-27,4,0,0.0,False,0,0,0,0.0
2007-07-30,4,0,0.0,False,0,0,0,0.0
2007-07-31,4,0,0.0,False,0,0,0,0.0
2007-08-01,4,0,0.0,False,0,0,0,0.0
2007-08-02,4,0,0.0,False,0,0,0,0.0
2007-08-03,4,0,0.0,False,0,0,0,0.0
2007-08-06,4,0,0.0,False,0,0,0,0.0
2007-08-07,4,0,0.0,False,0,0,0,0.0
2007-08-08,4,0,0.0,False,0,0,0,0.0
2007-08-09,4,0,0.0,False,0,0,0,0.0
2007-08-10,4,0,0.0,False,0,0,0,0.0
2007-08-13,4,0,0.0,False,0,0,0,0.0
2007-08-14,4,0,0.0,False,0,0,0,0.0
2007-08-15,4,0,0.0,False,0,0,0,0.0
2007-08-16,4,0,0.0,False,0,0,0,0.0
2007-08-17,4,0,0.0,False,0,0,0,0.0
2007-08-20,4,0,0.0,False,0,0,0,0.0
2007-08-21,4,0,0.0,False,0,0,0,0.0
2007-08-22,4,0,0.0,False,0,0,0,0.0
2007-08-23,4,0,0.0,False,0,0,0,0.0
2007-08-24,4,0,0.0,False,0,0,0,0.0
2007-08-27,4,0,0.0,False,0,0,0,0.0
2007-08-28,4,0,0.0,False,0,0,0,0.0
2007-08-29,4,0,0.0,False,0,0,0,0.0
2007-08-30,4,0,0.0,False,0,0,0,0.0
2007-08-31,4,0,0.0,False,0,0,0,0.0
2007-09-03,4,0,0.0,False,0,0,0,0.0
2007-09-04,4,0,0.0,False,0,0,0,0.0
2007-09-05,4,0,0.0,False,0,0,0,0.0
2007-09-06,4,0,0.0,False,0,0,0,0.0
2007-09-07,4,0,0.0,False,0,0,0,0.0
2007-09-10,4,0,0.0,False,0,0,0,0.0
2007-09-11,4,0,0.0,False,0,0,0,0.0
2007-09-12,4,0,0.0,False,0,0,0,0.0
2007-09-13,4,0,0.0,False,0,0,0,0.0
2007-09-14,4,0,0.0,False,0,0,0,0.0
2007-09-17,4,0,0.0,False,0,0,0,0.0
2007-09-18,4,0,0.0,False,0,0,0,0.0
2007-09-19,4,0,0.0,False,0,0,0,0.0
2007-09-20,4,0,0.0,False,0,0,0,0.0
2007-09-21,4,0,0.0,False,0,0,0,0.0
2007-09-24,4,0,0.0,False,0,0,0,0.0
2007-09-25,5,0,0.0,False,0,0,0,0.0
2007-09-26,5,0,0.0,False,0,0,0,0.0
2007-09-27,5,0,0.0,False,0,0,0,0.0
2007-09-28,5,0,0.0,False,0,0,0,0.0
2007-10-08,5,0,0.0,False,0,0,0,0.0
2007-10-09,5,0,0.0,False,0,0,0,0.0
2007-10-10,5,0,0.0,False,0,0,0,0.0
2007-10-11,5,0,0.0,False,0,0,0,0.0
2007-10-12,5,0,0.0,False,0,0,0,0.0
2007-10-15,5,0,0.0,False,0,0,0,0.0
2007-10-16,5,0,0.0,False,0,0,0,0.0
2007-10-17,5,0,0.0,False,0,0,0,0.0
2007-10-18,5,0,0.0,False,0,0,0,0.0
2007-10-19,5,0,0.0,False,0,0,0,0.0
2007-10-22,5,0,0.0,False,0,0,0,0.0
2007-10-23,5,0,0.0,False,0,0,0,0.0
2007-10-24,5,0,0.0,False,0,0,0,0.0
2007-10-25,5,1,0.2,True,0,0,0,0.0
2007-10-26,5,0,0.0,False,0,0,0,0.0
2007-10-29,5,0,0.0,False,0,0,0,0.0
2007-10-30,5,0,0.0,False,0,0,0,0.0
2007-10-31,5,0,0.0,False,0,0,0,0.0
2007-11-01,5,0,0.0,False,0,0,0,0.0
2007-11-02,5,0,0.0,False,0,0,0,0.0
2007-11-05,5,0,0.0,False,0,0,0,0.0
2007-11-06,5,0,0.0,False,0,0,0,0.0
2007-11-07,5,0,0.0,False,0,0,0,0.0
2007-11-08,5,1,0.2,True,0,0,0,0.0
2007-11-09,5,1,0.2,True,0,0,0,0.0
2007-11-12,5,1,0.2,True,0,0,0,0.0
2007-11-13,5,1,0.2,True,0,0,0,0.0
2007-11-14,5,0,0.0,False,0,0,0,0.0
2007-11-15,5,0,0.0,False,0,0,0,0.0
2007-11-16,5,0,0.0,False,0,0,0,0.0
2007-11-19,5,0,0.0,False,0,0,0,0.0
2007-11-20,5,0,0.0,False,0,0,0,0.0
2007-11-21,5,0,0.0,False,0,0,0,0.0
2007-11-22,5,0,0.0,False,0,0,0,0.0
2007-11-23,5,0,0.0,False,0,0,0,0.0
2007-11-26,5,0,0.0,False,0,0,0,0.0
2007-11-27,5,0,0.0,False,0,0,0,0.0
2007-11-28,5,0,0.0,False,0,0,0,0.0
2007-11-29,5,0,0.0,False,0,0,0,0.0
2007-11-30,5,0,0.0,False,0,0,0,0.0
2007-12-03,5,0,0.0,False,0,0,0,0.0
2007-12-04,5,0,0.0,False,0,0,0,0.0
2007-12-05,5,0,0.0,False,0,0,0,0.0
2007-12-06,5,0,0.0,False,0,0,0,0.0
2007-12-07,5,0,0.0,False,0,0,0,0.0
2007-12-10,5,0,0.0,False,0,0,0,0.0
2007-12-11,5,0,0.0,False,0,0,0,0.0
2007-12-12,5,0,0.0,False,0,0,0,0.0
2007-12-13,5,0,0.0,False,0,0,0,0.0
2007-12-14,5,0,0.0,False,0,0,0,0.0
2007-12-17,5,0,0.0,False,0,0,0,0.0
2007-12-18,5,0,0.0,False,0,0,0,0.0
2007-12-19,5,0,0.0,False,0,0,0,0.0
2007-12-20,5,0,0.0,False,0,0,0,0.0
2007-12-21,5,0,0.0,False,0,0,0,0.0
2007-12-24,5,0,0.0,False,0,0,0,0.0
2007-12-25,5,0,0.0,False,0,0,0,0.0
2007-12-26,5,0,0.0,False,0,0,0,0.0
2007-12-27,5,0,0.0,False,0,0,0,0.0
2007-12-28,5,0,0.0,False,0,0,0,0.0
2008-01-02,5,0,0.0,False,0,0,0,0.0
2008-01-03,5,0,0.0,False,0,0,0,0.0
2008-01-04,5,0,0.0,False,0,0,0,0.0
2008-01-07,5,0,0.0,False,0,0,0,0.0
2008-01-08,5,0,0.0,False,0,0,0,0.0
2008-01-09,5,0,0.0,False,0,0,0,0.0
2008-01-10,5,0,0.0,False,0,0,0,0.0
2008-01-11,5,0,0.0,False,0,0,0,0.0
2008-01-14,5,0,0.0,False,0,0,0,0.0
2008-01-15,5,0,0.0,False,0,0,0,0.0
2008-01-16,5,0,0.0,False,0,0,0,0.0
2008-01-17,5,0,0.0,False,0,0,0,0.0
2008-01-18,5,0,0.0,False,0,0,0,0.0
2008-01-21,5,0,0.0,False,0,0,0,0.0
2008-01-22,5,1,0.2,True,0,0,0,0.0
2008-01-23,5,0,0.0,False,0,0,0,0.0
2008-01-24,5,0,0.0,False,0,0,0,0.0
2008-01-25,5,0,0.0,False,0,0,0,0.0
2008-01-28,5,0,0.0,False,0,0,0,0.0
2008-01-29,5,0,0.0,False,0,0,0,0.0
2008-01-30,5,0,0.0,False,0,0,0,0.0
2008-01-31,5,0,0.0,False,0,0,0,0.0
2008-02-01,5,0,0.0,False,0,0,0,0.0
2008-02-04,5,0,0.0,False,0,0,0,0.0
2008-02-05,5,0,0.0,False,0,0,0,0.0
2008-02-13,5,0,0.0,False,0,0,0,0.0
2008-02-14,5,0,0.0,False,0,0,0,0.0
2008-02-15,5,0,0.0,False,0,0,0,0.0
2008-02-18,5,0,0.0,False,0,0,0,0.0
2008-02-19,5,0,0.0,False,0,0,0,0.0
2008-02-20,5,0,0.0,False,0,0,0,0.0
2008-02-21,5,0,0.0,False,0,0,0,0.0
2008-02-22,5,0,0.0,False,0,0,0,0.0
2008-02-25,5,0,0.0,False,0,0,0,0.0
2008-02-26,5,0,0.0,False,0,0,0,0.0
2008-02-27,5,0,0.0,False,0,0,0,0.0
2008-02-28,5,0,0.0,False,0,0,0,0.0
2008-02-29,5,0,0.0,False,0,0,0,0.0
2008-03-03,5,0,0.0,False,0,0,0,0.0
2008-03-04,5,0,0.0,False,0,0,0,0.0
2008-03-05,5,0,0.0,False,0,0,0,0.0
2008-03-06,5,0,0.0,False,0,0,0,0.0
2008-03-07,5,0,0.0,False,0,0,0,0.0
2008-03-10,5,0,0.0,False,0,0,0,0.0
2008-03-11,5,0,0.0,False,0,0,0,0.0
2008-03-12,5,1,0.2,True,0,0,0,0.0
2008-03-13,5,1,0.2,True,0,0,0,0.0
2008-03-14,5,1,0.2,True,0,0,0,0.0
2008-03-17,5,1,0.2,True,0,0,0,0.0
2008-03-18,5,1,0.2,True,0,0,0,0.0
2008-03-19,5,0,0.0,False,0,0,0,0.0
2008-03-20,5,0,0.0,False,0,0,0,0.0
2008-03-21,5,0,0.0,False,0,0,0,0.0
2008-03-24,5,0,0.0,False,0,0,0,0.0
2008-03-25,5,0,0.0,False,0,0,0,0.0
2008-03-26,5,0,0.0,False,0,0,0,0.0
2008-03-27,5,0,0.0,False,0,0,0,0.0
2008-03-28,5,0,0.0,False,0,0,0,0.0
2008-03-31,5,0,0.0,False,0,0,0,0.0
2008-04-01,5,0,0.0,False,0,0,0,0.0
2008-04-02,5,0,0.0,False,0,0,0,0.0
2008-04-03,5,0,0.0,False,0,0,0,0.0
2008-04-07,5,0,0.0,False,0,0,0,0.0
2008-04-08,5,0,0.0,False,0,0,0,0.0
2008-04-09,5,0,0.0,False,0,0,0,0.0
2008-04-10,5,0,0.0,False,0,0,0,0.0
2008-04-11,5,0,0.0,False,0,0,0,0.0
2008-04-14,5,0,0.0,False,0,0,0,0.0
2008-04-15,5,0,0.0,False,0,0,0,0.0
2008-04-16,5,0,0.0,False,0,0,0,0.0
2008-04-17,5,1,0.2,True,0,0,0,0.0
2008-04-18,5,1,0.2,True,0,0,0,0.0
2008-04-21,5,1,0.2,True,0,0,0,0.0
2008-04-22,5,0,0.0,False,0,0,0,0.0
2008-04-23,5,0,0.0,False,0,0,0,0.0
2008-04-24,5,0,0.0,False,0,0,0,0.0
2008-04-25,5,0,0.0,False,0,0,0,0.0
2008-04-28,5,0,0.0,False,0,0,0,0.0
2008-04-29,5,0,0.0,False,0,0,0,0.0
2008-04-30,5,0,0.0,False,0,0,0,0.0
2008-05-05,5,0,0.0,False,0,0,0,0.0
2008-05-06,5,0,0.0,False,0,0,0,0.0
2008-05-07,5,0,0.0,False,0,0,0,0.0
2008-05-08,5,0,0.0,False,0,0,0,0.0
2008-05-09,5,0,0.0,False,0,0,0,0.0
2008-05-12,5,0,0.0,False,0,0,0,0.0
2008-05-13,5,0,0.0,False,0,0,0,0.0
2008-05-14,5,0,0.0,False,0,0,0,0.0
2008-05-15,5,0,0.0,False,0,0,0,0.0
2008-05-16,5,0,0.0,False,0,0,0,0.0
2008-05-19,5,0,0.0,False,0,0,0,0.0
2008-05-20,5,0,0.0,False,0,0,0,0.0
2008-05-21,5,0,0.0,False,0,0,0,0.0
2008-05-22,5,0,0.0,False,0,0,0,0.0
2008-05-23,5,0,0.0,False,0,0,0,0.0
2008-05-26,5,1,0.2,True,0,0,0,0.0
2008-05-27,5,0,0.0,False,0,0,0,0.0
2008-05-28,5,0,0.0,False,0,0,0,0.0
2008-05-29,5,0,0.0,False,0,0,0,0.0
2008-05-30,5,0,0.0,False,0,0,0,0.0
2008-06-02,5,0,0.0,False,0,0,0,0.0
2008-06-03,5,0,0.0,False,0,0,0,0.0
2008-06-04,5,0,0.0,False,0,0,0,0.0
2008-06-05,5,0,0.0,False,0,0,0,0.0
2008-06-06,5,0,0.0,False,0,0,0,0.0
2008-06-10,5,1,0.2,True,0,0,0,0.0
2008-06-11,5,1,0.2,True,0,0,0,0.0
2008-06-12,5,1,0.2,True,0,0,0,0.0
2008-06-13,5,1,0.2,True,0,0,0,0.0
2008-06-16,5,1,0.2,True,0,0,0,0.0
2008-06-17,5,1,0.2,True,0,0,0,0.0
2008-06-18,5,0,0.0,False,0,0,0,0.0
2008-06-19,5,0,0.0,False,0,0,0,0.0
2008-06-20,5,0,0.0,False,0,0,0,0.0
2008-06-23,5,0,0.0,False,0,0,0,0.0
2008-06-24,5,0,0.0,False,0,0,0,0.0
2008-06-25,5,0,0.0,False,0,0,0,0.0
2008-06-26,5,0,0.0,False,0,0,0,0.0
2008-06-27,5,0,0.0,False,0,0,0,0.0
2008-06-30,5,0,0.0,False,0,0,0,0.0
2008-07-01,5,0,0.0,False,0,0,0,0.0
2008-07-02,5,0,0.0,False,0,0,0,0.0
2008-07-03,5,0,0.0,False,0,0,0,0.0
2008-07-04,5,0,0.0,False,0,0,0,0.0
2008-07-07,5,0,0.0,False,0,0,0,0.0
2008-07-08,5,0,0.0,False,0,0,0,0.0
2008-07-09,5,0,0.0,False,0,0,0,0.0
2008-07-10,5,0,0.0,False,0,0,0,0.0
2008-07-11,5,0,0.0,False,0,0,0,0.0
2008-07-14,5,0,0.0,False,0,0,0,0.0
2008-07-15,5,0,0.0,False,0,0,0,0.0
2008-07-16,5,0,0.0,False,0,0,0,0.0
2008-07-17,5,0,0.0,False,0,0,0,0.0
2008-07-18,5,0,0.0,False,0,0,0,0.0
2008-07-21,5,0,0.0,False,0,0,0,0.0
2008-07-22,5,0,0.0,False,0,0,0,0.0
2008-07-23,5,0,0.0,False,0,0,0,0.0
2008-07-24,5,0,0.0,False,0,0,0,0.0
2008-07-25,5,0,0.0,False,0,0,0,0.0
2008-07-28,5,0,0.0,False,0,0,0,0.0
2008-07-29,5,0,0.0,False,0,0,0,0.0
2008-07-30,5,0,0.0,False,0,0,0,0.0
2008-07-31,5,0,0.0,False,0,0,0,0.0
2008-08-01,5,0,0.0,False,0,0,0,0.0
2008-08-04,5,0,0.0,False,0,0,0,0.0
2008-08-05,5,1,0.2,True,0,0,0,0.0
2008-08-06,5,0,0.0,False,0,0,0,0.0
2008-08-07,5,0,0.0,False,0,0,0,0.0
2008-08-08,5,1,0.2,True,0,0,0,0.0
2008-08-11,5,1,0.2,True,0,0,0,0.0
2008-08-12,5,1,0.2,True,0,0,0,0.0
2008-08-13,5,0,0.0,False,0,0,0,0.0
2008-08-14,5,0,0.0,False,0,0,0,0.0
2008-08-15,5,0,0.0,False,0,0,0,0.0
2008-08-18,5,0,0.0,False,0,0,0,0.0
2008-08-19,5,0,0.0,False,0,0,0,0.0
2008-08-20,5,0,0.0,False,0,0,0,0.0
2008-08-21,5,0,0.0,False,0,0,0,0.0
2008-08-22,5,0,0.0,False,0,0,0,0.0
2008-08-25,5,0,0.0,False,0,0,0,0.0
2008-08-26,5,0,0.0,False,0,0,0,0.0
2008-08-27,5,0,0.0,False,0,0,0,0.0
2008-08-28,5,0,0.0,False,0,0,0,0.0
2008-08-29,5,0,0.0,False,0,0,0,0.0
2008-09-01,5,0,0.0,False,0,0,0,0.0
2008-09-02,5,0,0.0,False,0,0,0,0.0
2008-09-03,5,0,0.0,False,0,0,0,0.0
2008-09-04,5,0,0.0,False,0,0,0,0.0
2008-09-05,5,0,0.0,False,0,0,0,0.0
2008-09-08,5,1,0.2,True,0,0,0,0.0
2008-09-09,5,0,0.0,False,0,0,0,0.0
2008-09-10,5,0,0.0,False,0,0,0,0.0
2008-09-11,5,0,0.0,False,0,0,0,0.0
2008-09-12,5,0,0.0,False,0,0,0,0.0
2008-09-16,5,0,0.0,False,0,0,0,0.0
2008-09-17,5,0,0.0,False,0,0,0,0.0
2008-09-18,5,0,0.0,False,0,0,0,0.0
2008-09-19,5,0,0.0,False,0,0,0,0.0
2008-09-22,5,0,0.0,False,0,0,0,0.0
2008-09-23,5,0,0.0,False,0,0,0,0.0
2008-09-24,5,0,0.0,False,0,0,0,0.0
2008-09-25,5,0,0.0,False,0,0,0,0.0
2008-09-26,5,0,0.0,False,0,0,0,0.0
2008-10-06,5,0,0.0,False,0,0,0,0.0
2008-10-07,5,0,0.0,False,0,0,0,0.0
2008-10-08,5,0,0.0,False,0,0,0,0.0
2008-10-09,5,0,0.0,False,0,0,0,0.0
2008-10-10,5,1,0.2,True,0,0,0,0.0
2008-10-13,5,0,0.0,False,0,0,0,0.0
2008-10-14,5,0,0.0,False,0,0,0,0.0
2008-10-15,5,0,0.0,False,0,0,0,0.0
2008-10-16,5,0,0.0,False,0,0,0,0.0
2008-10-17,5,0,0.0,False,0,0,0,0.0
2008-10-20,5,0,0.0,False,0,0,0,0.0
2008-10-21,5,0,0.0,False,0,0,0,0.0
2008-10-22,5,0,0.0,False,0,0,0,0.0
2008-10-23,5,0,0.0,False,0,0,0,0.0
2008-10-24,5,0,0.0,False,0,0,0,0.0
2008-10-27,5,0,0.0,False,0,0,0,0.0
2008-10-28,5,0,0.0,False,0,0,0,0.0
2008-10-29,5,0,0.0,False,0,0,0,0.0
2008-10-30,5,0,0.0,False,0,0,0,0.0
2008-10-31,5,0,0.0,False,0,0,0,0.0
2008-11-03,4,0,0.0,False,0,0,0,0.0
2008-11-04,4,0,0.0,False,0,0,0,0.0
2008-11-05,4,0,0.0,False,0,0,0,0.0
2008-11-06,4,0,0.0,False,0,0,0,0.0
2008-11-07,4,0,0.0,False,0,0,0,0.0
2008-11-10,4,0,0.0,False,0,0,0,0.0
2008-11-11,4,0,0.0,False,0,0,0,0.0
2008-11-12,4,0,0.0,False,0,0,0,0.0
2008-11-13,4,0,0.0,False,0,0,0,0.0
2008-11-14,4,0,0.0,False,0,0,0,0.0
2008-11-17,4,0,0.0,False,0,0,0,0.0
2008-11-18,5,0,0.0,False,0,0,0,0.0
2008-11-19,5,0,0.0,False,0,0,0,0.0
2008-11-20,5,0,0.0,False,0,0,0,0.0
2008-11-21,5,0,0.0,False,0,0,0,0.0
2008-11-24,5,0,0.0,False,0,0,0,0.0
2008-11-25,5,0,0.0,False,0,0,0,0.0
2008-11-26,5,0,0.0,False,0,0,0,0.0
2008-11-27,5,0,0.0,False,0,0,0,0.0
2008-11-28,5,0,0.0,False,0,0,0,0.0
2008-12-01,5,0,0.0,False,0,0,0,0.0
2008-12-02,5,0,0.0,False,0,0,0,0.0
2008-12-03,5,0,0.0,False,0,0,0,0.0
2008-12-04,5,0,0.0,False,0,0,0,0.0
2008-12-05,5,0,0.0,False,0,0,0,0.0
2008-12-08,5,0,0.0,False,0,0,0,0.0
2008-12-09,5,0,0.0,False,0,0,0,0.0
2008-12-10,5,0,0.0,False,0,0,0,0.0
2008-12-11,5,0,0.0,False,0,0,0,0.0
2008-12-12,5,0,0.0,False,0,0,0,0.0
2008-12-15,5,0,0.0,False,0,0,0,0.0
2008-12-16,5,0,0.0,False,0,0,0,0.0
2008-12-17,5,0,0.0,False,0,0,0,0.0
2008-12-18,5,0,0.0,False,0,0,0,0.0
2008-12-19,5,0,0.0,False,0,0,0,0.0
2008-12-22,5,0,0.0,False,0,0,0,0.0
2008-12-23,5,0,0.0,False,0,0,0,0.0
2008-12-24,5,0,0.0,False,0,0,0,0.0
2008-12-25,4,0,0.0,False,0,0,0,0.0
2008-12-26,4,0,0.0,False,0,0,0,0.0
2008-12-29,4,0,0.0,False,0,0,0,0.0
2008-12-30,4,0,0.0,False,0,0,0,0.0
2008-12-31,4,0,0.0,False,0,0,0,0.0
2009-01-05,4,0,0.0,False,0,0,0,0.0
2009-01-06,4,0,0.0,False,0,0,0,0.0
2009-01-07,4,0,0.0,False,0,0,0,0.0
2009-01-08,4,0,0.0,False,0,0,0,0.0
2009-01-09,4,0,0.0,False,0,0,0,0.0
2009-01-12,4,0,0.0,False,0,0,0,0.0
2009-01-13,4,0,0.0,False,0,0,0,0.0
2009-01-14,4,0,0.0,False,0,0,0,0.0
2009-01-15,4,0,0.0,False,0,0,0,0.0
2009-01-16,4,0,0.0,False,0,0,0,0.0
2009-01-19,4,0,0.0,False,0,0,0,0.0
2009-01-20,4,0,0.0,False,0,0,0,0.0
2009-01-21,4,0,0.0,False,0,0,0,0.0
2009-01-22,4,0,0.0,False,0,0,0,0.0
2009-01-23,4,0,0.0,False,0,0,0,0.0
2009-02-02,4,0,0.0,False,0,0,0,0.0
2009-02-03,4,0,0.0,False,0,0,0,0.0
2009-02-04,4,0,0.0,False,0,0,0,0.0
2009-02-05,4,0,0.0,False,0,0,0,0.0
2009-02-06,4,0,0.0,False,0,0,0,0.0
2009-02-09,4,0,0.0,False,0,0,0,0.0
2009-02-10,5,0,0.0,False,0,0,0,0.0
2009-02-11,5,0,0.0,False,0,0,0,0.0
2009-02-12,5,0,0.0,False,0,0,0,0.0
2009-02-13,5,0,0.0,False,0,0,0,0.0
2009-02-16,5,0,0.0,False,0,0,0,0.0
2009-02-17,5,0,0.0,False,0,0,0,0.0
2009-02-18,5,0,0.0,False,0,0,0,0.0
2009-02-19,5,0,0.0,False,0,0,0,0.0
2009-02-20,5,0,0.0,False,0,0,0,0.0
2009-02-23,5,0,0.0,False,0,0,0,0.0
2009-02-24,5,0,0.0,False,0,0,0,0.0
2009-02-25,5,0,0.0,False,0,0,0,0.0
2009-02-26,5,0,0.0,False,0,0,0,0.0
2009-02-27,5,0,0.0,False,0,0,0,0.0
2009-03-02,5,0,0.0,False,0,0,0,0.0
2009-03-03,5,0,0.0,False,0,0,0,0.0
2009-03-04,5,0,0.0,False,0,0,0,0.0
2009-03-05,5,0,0.0,False,0,0,0,0.0
2009-03-06,5,0,0.0,False,0,0,0,0.0
2009-03-09,5,0,0.0,False,0,0,0,0.0
2009-03-10,5,0,0.0,False,0,0,0,0.0
2009-03-11,5,0,0.0,False,0,0,0,0.0
2009-03-12,5,0,0.0,False,0,0,0,0.0
2009-03-13,5,0,0.0,False,0,0,0,0.0
2009-03-16,5,0,0.0,False,0,0,0,0.0
2009-03-17,5,0,0.0,False,0,0,0,0.0
2009-03-18,5,0,0.0,False,0,0,0,0.0
2009-03-19,5,0,0.0,False,0,0,0,0.0
2009-03-20,5,0,0.0,False,0,0,0,0.0
2009-03-23,5,0,0.0,False,0,0,0,0.0
2009-03-24,5,0,0.0,False,0,0,0,0.0
2009-03-25,5,0,0.0,False,0,0,0,0.0
2009-03-26,5,0,0.0,False,0,0,0,0.0
2009-03-27,5,0,0.0,False,0,0,0,0.0
2009-03-30,5,0,0.0,False,0,0,0,0.0
2009-03-31,5,0,0.0,False,0,0,0,0.0
2009-04-01,5,0,0.0,False,0,0,0,0.0
2009-04-02,5,0,0.0,False,0,0,0,0.0
2009-04-03,5,0,0.0,False,0,0,0,0.0
2009-04-07,5,0,0.0,False,0,0,0,0.0
2009-04-08,5,0,0.0,False,0,0,0,0.0
2009-04-09,5,0,0.0,False,0,0,0,0.0
2009-04-10,5,0,0.0,False,0,0,0,0.0
2009-04-13,5,0,0.0,False,0,0,0,0.0
2009-04-14,5,0,0.0,False,0,0,0,0.0
2009-04-15,5,0,0.0,False,0,0,0,0.0
2009-04-16,5,0,0.0,False,0,0,0,0.0
2009-04-17,5,0,0.0,False,0,0,0,0.0
2009-04-20,5,0,0.0,False,0,0,0,0.0
2009-04-21,5,0,0.0,False,0,0,0,0.0
2009-04-22,5,0,0.0,False,0,0,0,0.0
2009-04-23,5,0,0.0,False,0,0,0,0.0
2009-04-24,5,0,0.0,False,0,0,0,0.0
2009-04-27,5,0,0.0,False,0,0,0,0.0
2009-04-28,5,0,0.0,False,0,0,0,0.0
2009-04-29,5,0,0.0,False,0,0,0,0.0
2009-04-30,5,0,0.0,False,0,0,0,0.0
2009-05-04,5,0,0.0,False,0,0,0,0.0
2009-05-05,5,0,0.0,False,0,0,0,0.0
2009-05-06,5,0,0.0,False,0,0,0,0.0
2009-05-07,5,0,0.0,False,0,0,0,0.0
2009-05-08,5,0,0.0,False,0,0,0,0.0
2009-05-11,5,0,0.0,False,0,0,0,0.0
2009-05-12,5,0,0.0,False,0,0,0,0.0
2009-05-13,5,0,0.0,False,0,0,0,0.0
2009-05-14,5,0,0.0,False,0,0,0,0.0
2009-05-15,5,0,0.0,False,0,0,0,0.0
2009-05-18,5,0,0.0,False,0,0,0,0.0
2009-05-19,4,0,0.0,False,0,0,0,0.0
2009-05-20,4,0,0.0,False,0,0,0,0.0
2009-05-21,5,0,0.0,False,0,0,0,0.0
2009-05-22,5,0,0.0,False,0,0,0,0.0
2009-05-25,5,0,0.0,False,0,0,0,0.0
2009-05-26,5,0,0.0,False,0,0,0,0.0
2009-05-27,5,0,0.0,False,0,0,0,0.0
2009-06-01,5,0,0.0,False,0,0,0,0.0
2009-06-02,5,0,0.0,False,0,0,0,0.0
2009-06-03,5,0,0.0,False,0,0,0,0.0
2009-06-04,5,0,0.0,False,0,0,0,0.0
2009-06-05,5,0,0.0,False,0,0,0,0.0
2009-06-08,5,0,0.0,False,0,0,0,0.0
2009-06-09,5,0,0.0,False,0,0,0,0.0
2009-06-10,5,0,0.0,False,0,0,0,0.0
2009-06-11,5,0,0.0,False,0,0,0,0.0
2009-06-12,5,0,0.0,False,0,0,0,0.0
2009-06-15,5,0,0.0,False,0,0,0,0.0
2009-06-16,5,0,0.0,False,0,0,0,0.0
2009-06-17,5,0,0.0,False,0,0,0,0.0
2009-06-18,5,0,0.0,False,0,0,0,0.0
2009-06-19,5,0,0.0,False,0,0,0,0.0
2009-06-22,5,0,0.0,False,0,0,0,0.0
2009-06-23,5,0,0.0,False,0,0,0,0.0
2009-06-24,5,0,0.0,False,0,0,0,0.0
2009-06-25,5,0,0.0,False,0,0,0,0.0
2009-06-26,5,0,0.0,False,0,0,0,0.0
2009-06-29,5,0,0.0,False,0,0,0,0.0
2009-06-30,5,0,0.0,False,0,0,0,0.0
2009-07-01,5,0,0.0,False,0,0,0,0.0
2009-07-02,5,0,0.0,False,0,0,0,0.0
2009-07-03,5,0,0.0,False,0,0,0,0.0
2009-07-06,5,0,0.0,False,0,0,0,0.0
2009-07-07,5,0,0.0,False,0,0,0,0.0
2009-07-08,5,0,0.0,False,0,0,0,0.0
2009-07-09,5,0,0.0,False,0,0,0,0.0
2009-07-10,5,0,0.0,False,0,0,0,0.0
2009-07-13,5,0,0.0,False,0,0,0,0.0
2009-07-14,5,0,0.0,False,0,0,0,0.0
2009-07-15,5,0,0.0,False,0,0,0,0.0
2009-07-16,5,0,0.0,False,0,0,0,0.0
2009-07-17,5,0,0.0,False,0,0,0,0.0
2009-07-20,5,0,0.0,False,0,0,0,0.0
2009-07-21,5,0,0.0,False,0,0,0,0.0
2009-07-22,5,0,0.0,False,0,0,0,0.0
2009-07-23,5,0,0.0,False,0,0,0,0.0
2009-07-24,5,0,0.0,False,0,0,0,0.0
2009-07-27,5,0,0.0,False,0,0,0,0.0
2009-07-28,5,0,0.0,False,0,0,0,0.0
2009-07-29,5,0,0.0,False,0,0,0,0.0
2009-07-30,5,0,0.0,False,0,0,0,0.0
2009-07-31,5,0,0.0,False,0,0,0,0.0
2009-08-03,5,0,0.0,False,0,0,0,0.0
2009-08-04,5,0,0.0,False,0,0,0,0.0
2009-08-05,5,0,0.0,False,0,0,0,0.0
2009-08-06,5,0,0.0,False,0,0,0,0.0
2009-08-07,5,0,0.0,False,0,0,0,0.0
2009-08-10,5,0,0.0,False,0,0,0,0.0
2009-08-11,5,0,0.0,False,0,0,0,0.0
2009-08-12,5,1,0.2,True,0,0,0,0.0
2009-08-13,5,0,0.0,False,0,0,0,0.0
2009-08-14,5,1,0.2,True,0,0,0,0.0
2009-08-17,5,1,0.2,True,0,0,0,0.0
2009-08-18,5,1,0.2,True,0,0,0,0.0
2009-08-19,5,1,0.2,True,0,0,0,0.0
2009-08-20,5,0,0.0,False,0,0,0,0.0
2009-08-21,5,0,0.0,False,0,0,0,0.0
2009-08-24,5,0,0.0,False,0,0,0,0.0
2009-08-25,5,0,0.0,False,0,0,0,0.0
2009-08-26,5,0,0.0,False,0,0,0,0.0
2009-08-27,5,0,0.0,False,0,0,0,0.0
2009-08-28,5,0,0.0,False,0,0,0,0.0
2009-08-31,5,0,0.0,False,0,0,0,0.0
2009-09-01,5,0,0.0,False,0,0,0,0.0
2009-09-02,5,0,0.0,False,0,0,0,0.0
2009-09-03,5,0,0.0,False,0,0,0,0.0
2009-09-04,5,0,0.0,False,0,0,0,0.0
2009-09-07,5,0,0.0,False,0,0,0,0.0
2009-09-08,5,0,0.0,False,0,0,0,0.0
2009-09-09,5,0,0.0,False,0,0,0,0.0
2009-09-10,5,0,0.0,False,0,0,0,0.0
2009-09-11,5,0,0.0,False,0,0,0,0.0
2009-09-14,5,0,0.0,False,0,0,0,0.0
2009-09-15,5,0,0.0,False,0,0,0,0.0
2009-09-16,5,0,0.0,False,0,0,0,0.0
2009-09-17,5,0,0.0,False,0,0,0,0.0
2009-09-18,5,0,0.0,False,0,0,0,0.0
2009-09-21,5,0,0.0,False,0,0,0,0.0
2009-09-22,5,0,0.0,False,0,0,0,0.0
2009-09-23,5,0,0.0,False,0,0,0,0.0
2009-09-24,5,0,0.0,False,0,0,0,0.0
2009-09-25,5,0,0.0,False,0,0,0,0.0
2009-09-28,5,0,0.0,False,0,0,0,0.0
2009-09-29,5,0,0.0,False,0,0,0,0.0
2009-09-30,5,0,0.0,False,0,0,0,0.0
2009-10-09,5,0,0.0,False,0,0,0,0.0
2009-10-12,5,0,0.0,False,0,0,0,0.0
2009-10-13,5,0,0.0,False,0,0,0,0.0
2009-10-14,5,0,0.0,False,0,0,0,0.0
2009-10-15,5,0,0.0,False,0,0,0,0.0
2009-10-16,5,0,0.0,False,0,0,0,0.0
2009-10-19,5,0,0.0,False,0,0,0,0.0
2009-10-20,5,0,0.0,False,0,0,0,0.0
2009-10-21,5,0,0.0,False,0,0,0,0.0
2009-10-22,5,0,0.0,False,0,0,0,0.0
2009-10-23,5,0,0.0,False,0,0,0,0.0
2009-10-26,5,0,0.0,False,0,0,0,0.0
2009-10-27,5,0,0.0,False,0,0,0,0.0
2009-10-28,5,0,0.0,False,0,0,0,0.0
2009-10-29,5,0,0.0,False,0,0,0,0.0
2009-10-30,5,0,0.0,False,0,0,0,0.0
2009-11-02,5,0,0.0,False,0,0,0,0.0
2009-11-03,5,0,0.0,False,0,0,0,0.0
2009-11-04,5,0,0.0,False,0,0,0,0.0
2009-11-05,5,0,0.0,False,0,0,0,0.0
2009-11-06,5,0,0.0,False,0,0,0,0.0
2009-11-09,5,0,0.0,False,0,0,0,0.0
2009-11-10,5,0,0.0,False,0,0,0,0.0
2009-11-11,5,0,0.0,False,0,0,0,0.0
2009-11-12,5,0,0.0,False,0,0,0,0.0
2009-11-13,5,0,0.0,False,0,0,0,0.0
2009-11-16,5,0,0.0,False,0,0,0,0.0
2009-11-17,5,0,0.0,False,0,0,0,0.0
2009-11-18,5,0,0.0,False,0,0,0,0.0
2009-11-19,5,0,0.0,False,0,0,0,0.0
2009-11-20,5,0,0.0,False,0,0,0,0.0
2009-11-23,5,0,0.0,False,0,0,0,0.0
2009-11-24,5,0,0.0,False,0,0,0,0.0
2009-11-25,5,0,0.0,False,0,0,0,0.0
2009-11-26,5,0,0.0,False,0,0,0,0.0
2009-11-27,5,0,0.0,False,0,0,0,0.0
2009-11-30,5,0,0.0,False,0,0,0,0.0
2009-12-01,5,0,0.0,False,0,0,0,0.0
2009-12-02,5,0,0.0,False,0,0,0,0.0
2009-12-03,5,0,0.0,False,0,0,0,0.0
2009-12-04,5,0,0.0,False,0,0,0,0.0
2009-12-07,5,0,0.0,False,0,0,0,0.0
2009-12-08,5,0,0.0,False,0,0,0,0.0
2009-12-09,5,0,0.0,False,0,0,0,0.0
2009-12-10,5,0,0.0,False,0,0,0,0.0
2009-12-11,5,0,0.0,False,0,0,0,0.0
2009-12-14,5,0,0.0,False,0,0,0,0.0
2009-12-15,5,0,0.0,False,0,0,0,0.0
2009-12-16,5,0,0.0,False,0,0,0,0.0
2009-12-17,5,0,0.0,False,0,0,0,0.0
2009-12-18,5,1,0.2,True,0,0,0,0.0
2009-12-21,5,0,0.0,False,0,0,0,0.0
2009-12-22,5,1,0.2,True,0,0,0,0.0
2009-12-23,5,0,0.0,False,0,0,0,0.0
2009-12-24,5,0,0.0,False,0,0,0,0.0
2009-12-25,5,0,0.0,False,0,0,0,0.0
2009-12-28,5,0,0.0,False,0,0,0,0.0
2009-12-29,5,0,0.0,False,0,0,0,0.0
2009-12-30,5,0,0.0,False,0,0,0,0.0
2009-12-31,5,0,0.0,False,0,0,0,0.0
2010-01-04,5,0,0.0,False,0,0,0,0.0
2010-01-05,5,0,0.0,False,0,0,0,0.0
2010-01-06,5,0,0.0,False,0,0,0,0.0
2010-01-07,5,0,0.0,False,0,0,0,0.0
2010-01-08,5,0,0.0,False,0,0,0,0.0
2010-01-11,5,0,0.0,False,0,0,0,0.0
2010-01-12,5,0,0.0,False,0,0,0,0.0
2010-01-13,5,0,0.0,False,0,0,0,0.0
2010-01-14,5,0,0.0,False,0,0,0,0.0
2010-01-15,5,0,0.0,False,0,0,0,0.0
2010-01-18,5,0,0.0,False,0,0,0,0.0
2010-01-19,6,0,0.0,False,0,0,0,0.0
2010-01-20,6,0,0.0,False,0,0,0,0.0
2010-01-21,6,0,0.0,False,0,0,0,0.0
2010-01-22,6,1,0.1667,True,0,0,0,0.0
2010-01-25,6,1,0.1667,True,0,0,0,0.0
2010-01-26,6,1,0.1667,True,0,0,0,0.0
2010-01-27,6,1,0.1667,True,0,0,0,0.0
2010-01-28,6,0,0.0,False,0,0,0,0.0
2010-01-29,6,0,0.0,False,0,0,0,0.0
2010-02-01,6,0,0.0,False,0,0,0,0.0
2010-02-02,6,0,0.0,False,0,0,0,0.0
2010-02-03,6,0,0.0,False,0,0,0,0.0
2010-02-04,6,0,0.0,False,0,0,0,0.0
2010-02-05,6,0,0.0,False,0,0,0,0.0
2010-02-08,6,0,0.0,False,0,0,0,0.0
2010-02-09,6,0,0.0,False,0,0,0,0.0
2010-02-10,6,0,0.0,False,0,0,0,0.0
2010-02-11,6,0,0.0,False,0,0,0,0.0
2010-02-12,6,0,0.0,False,0,0,0,0.0
2010-02-22,6,0,0.0,False,0,0,0,0.0
2010-02-23,6,0,0.0,False,0,0,0,0.0
2010-02-24,6,0,0.0,False,0,0,0,0.0
2010-02-25,6,0,0.0,False,0,0,0,0.0
2010-02-26,6,0,0.0,False,0,0,0,0.0
2010-03-01,6,0,0.0,False,0,0,0,0.0
2010-03-02,6,0,0.0,False,0,0,0,0.0
2010-03-03,6,0,0.0,False,0,0,0,0.0
2010-03-04,6,0,0.0,False,0,0,0,0.0
2010-03-05,6,0,0.0,False,0,0,0,0.0
2010-03-08,6,0,0.0,False,0,0,0,0.0
2010-03-09,6,0,0.0,False,0,0,0,0.0
2010-03-10,6,0,0.0,False,0,0,0,0.0
2010-03-11,6,0,0.0,False,0,0,0,0.0
2010-03-12,6,0,0.0,False,0,0,0,0.0
2010-03-15,6,0,0.0,False,0,0,0,0.0
2010-03-16,6,0,0.0,False,0,0,0,0.0
2010-03-17,6,0,0.0,False,0,0,0,0.0
2010-03-18,6,0,0.0,False,0,0,0,0.0
2010-03-19,6,0,0.0,False,0,0,0,0.0
2010-03-22,6,0,0.0,False,0,0,0,0.0
2010-03-23,6,0,0.0,False,0,0,0,0.0
2010-03-24,6,0,0.0,False,0,0,0,0.0
2010-03-25,6,0,0.0,False,0,0,0,0.0
2010-03-26,6,0,0.0,False,0,0,0,0.0
2010-03-29,6,0,0.0,False,0,0,0,0.0
2010-03-30,6,0,0.0,False,0,0,0,0.0
2010-03-31,6,0,0.0,False,0,0,0,0.0
2010-04-01,6,0,0.0,False,0,0,0,0.0
2010-04-02,6,0,0.0,False,0,0,0,0.0
2010-04-06,6,0,0.0,False,0,0,0,0.0
2010-04-07,6,0,0.0,False,0,0,0,0.0
2010-04-08,6,0,0.0,False,0,0,0,0.0
2010-04-09,6,0,0.0,False,0,0,0,0.0
2010-04-12,6,0,0.0,False,0,0,0,0.0
2010-04-13,6,0,0.0,False,0,0,0,0.0
2010-04-14,6,0,0.0,False,0,0,0,0.0
2010-04-15,6,0,0.0,False,0,0,0,0.0
2010-04-16,6,0,0.0,False,0,0,0,0.0
2010-04-19,6,1,0.1667,True,0,0,0,0.0
2010-04-20,6,1,0.1667,True,0,0,0,0.0
2010-04-21,6,0,0.0,False,0,0,0,0.0
2010-04-22,6,0,0.0,False,0,0,0,0.0
2010-04-23,6,0,0.0,False,0,0,0,0.0
2010-04-26,6,0,0.0,False,0,0,0,0.0
2010-04-27,6,0,0.0,False,0,0,0,0.0
2010-04-28,6,0,0.0,False,0,0,0,0.0
2010-04-29,6,0,0.0,False,0,0,0,0.0
2010-04-30,6,0,0.0,False,0,0,0,0.0
2010-05-04,6,0,0.0,False,0,0,0,0.0
2010-05-05,7,0,0.0,False,0,0,0,0.0
2010-05-06,7,1,0.1429,True,0,0,0,0.0
2010-05-07,7,1,0.1429,True,0,0,0,0.0
2010-05-10,7,0,0.0,False,0,0,0,0.0
2010-05-11,7,0,0.0,False,0,0,0,0.0
2010-05-12,7,0,0.0,False,0,0,0,0.0
2010-05-13,7,0,0.0,False,0,0,0,0.0
2010-05-14,7,0,0.0,False,0,0,0,0.0
2010-05-17,7,0,0.0,False,0,0,0,0.0
2010-05-18,7,0,0.0,False,0,0,0,0.0
2010-05-19,7,0,0.0,False,0,0,0,0.0
2010-05-20,7,0,0.0,False,0,0,0,0.0
2010-05-21,7,0,0.0,False,0,0,0,0.0
2010-05-24,7,0,0.0,False,0,0,0,0.0
2010-05-25,7,0,0.0,False,0,0,0,0.0
2010-05-26,7,0,0.0,False,0,0,0,0.0
2010-05-27,7,0,0.0,False,0,0,0,0.0
2010-05-28,7,0,0.0,False,0,0,0,0.0
2010-05-31,7,0,0.0,False,0,0,0,0.0
2010-06-01,7,0,0.0,False,0,0,0,0.0
2010-06-02,7,0,0.0,False,0,0,0,0.0
2010-06-03,7,0,0.0,False,0,0,0,0.0
2010-06-04,7,0,0.0,False,0,0,0,0.0
2010-06-07,7,0,0.0,False,0,0,0,0.0
2010-06-08,7,0,0.0,False,0,0,0,0.0
2010-06-09,7,0,0.0,False,0,0,0,0.0
2010-06-10,7,0,0.0,False,0,0,0,0.0
2010-06-11,7,0,0.0,False,0,0,0,0.0
2010-06-17,8,0,0.0,False,0,0,0,0.0
2010-06-18,8,0,0.0,False,0,0,0,0.0
2010-06-21,8,0,0.0,False,0,0,0,0.0
2010-06-22,8,0,0.0,False,0,0,0,0.0
2010-06-23,8,0,0.0,False,0,0,0,0.0
2010-06-24,8,0,0.0,False,0,0,0,0.0
2010-06-25,8,0,0.0,False,0,0,0,0.0
2010-06-28,8,0,0.0,False,0,0,0,0.0
2010-06-29,8,1,0.125,True,0,0,0,0.0
2010-06-30,8,1,0.125,True,0,0,0,0.0
2010-07-01,8,1,0.125,True,0,0,0,0.0
2010-07-02,8,1,0.125,True,0,0,0,0.0
2010-07-05,8,0,0.0,False,0,0,0,0.0
2010-07-06,7,0,0.0,False,0,0,0,0.0
2010-07-07,7,0,0.0,False,0,0,0,0.0
2010-07-08,7,0,0.0,False,0,0,0,0.0
2010-07-09,7,0,0.0,False,0,0,0,0.0
2010-07-12,7,0,0.0,False,0,0,0,0.0
2010-07-13,7,0,0.0,False,0,0,0,0.0
2010-07-14,7,0,0.0,False,0,0,0,0.0
2010-07-15,7,0,0.0,False,0,0,0,0.0
2010-07-16,7,0,0.0,False,0,0,0,0.0
2010-07-19,7,0,0.0,False,0,0,0,0.0
2010-07-20,7,0,0.0,False,0,0,0,0.0
2010-07-21,7,0,0.0,False,0,0,0,0.0
2010-07-22,7,0,0.0,False,0,0,0,0.0
2010-07-23,7,0,0.0,False,0,0,0,0.0
2010-07-26,6,0,0.0,False,0,0,0,0.0
2010-07-27,6,0,0.0,False,0,0,0,0.0
2010-07-28,6,0,0.0,False,0,0,0,0.0
2010-07-29,6,0,0.0,False,0,0,0,0.0
2010-07-30,6,0,0.0,False,0,0,0,0.0
2010-08-02,6,0,0.0,False,0,0,0,0.0
2010-08-03,6,0,0.0,False,0,0,0,0.0
2010-08-04,6,0,0.0,False,0,0,0,0.0
2010-08-05,6,0,0.0,False,0,0,0,0.0
2010-08-06,6,0,0.0,False,0,0,0,0.0
2010-08-09,6,0,0.0,False,0,0,0,0.0
2010-08-10,6,0,0.0,False,0,0,0,0.0
2010-08-11,6,0,0.0,False,0,0,0,0.0
2010-08-12,6,0,0.0,False,0,0,0,0.0
2010-08-13,6,0,0.0,False,0,0,0,0.0
2010-08-16,6,0,0.0,False,0,0,0,0.0
2010-08-17,6,0,0.0,False,0,0,0,0.0
2010-08-18,6,0,0.0,False,0,0,0,0.0
2010-08-19,6,0,0.0,False,0,0,0,0.0
2010-08-20,6,0,0.0,False,0,0,0,0.0
2010-08-23,6,0,0.0,False,0,0,0,0.0
2010-08-24,6,0,0.0,False,0,0,0,0.0
2010-08-25,6,0,0.0,False,0,0,0,0.0
2010-08-26,6,0,0.0,False,0,0,0,0.0
2010-08-27,6,0,0.0,False,0,0,0,0.0
2010-08-30,6,0,0.0,False,0,0,0,0.0
2010-08-31,6,0,0.0,False,0,0,0,0.0
2010-09-01,6,0,0.0,False,0,0,0,0.0
2010-09-02,6,0,0.0,False,0,0,0,0.0
2010-09-03,6,0,0.0,False,0,0,0,0.0
2010-09-06,6,0,0.0,False,0,0,0,0.0
2010-09-07,6,0,0.0,False,0,0,0,0.0
2010-09-08,6,0,0.0,False,0,0,0,0.0
2010-09-09,6,0,0.0,False,0,0,0,0.0
2010-09-10,6,0,0.0,False,0,0,0,0.0
2010-09-13,6,0,0.0,False,0,0,0,0.0
2010-09-14,7,0,0.0,False,0,0,0,0.0
2010-09-15,7,0,0.0,False,0,0,0,0.0
2010-09-16,7,0,0.0,False,0,0,0,0.0
2010-09-17,7,0,0.0,False,0,0,0,0.0
2010-09-20,7,0,0.0,False,0,0,0,0.0
2010-09-21,7,0,0.0,False,0,0,0,0.0
2010-09-27,7,0,0.0,False,0,0,0,0.0
2010-09-28,7,0,0.0,False,0,0,0,0.0
2010-09-29,7,0,0.0,False,0,0,0,0.0
2010-09-30,7,0,0.0,False,0,0,0,0.0
2010-10-08,7,0,0.0,False,0,0,0,0.0
2010-10-11,7,0,0.0,False,0,0,0,0.0
2010-10-12,7,0,0.0,False,0,0,0,0.0
2010-10-13,7,0,0.0,False,0,0,0,0.0
2010-10-14,7,0,0.0,False,0,0,0,0.0
2010-10-15,7,0,0.0,False,0,0,0,0.0
2010-10-18,7,0,0.0,False,0,0,0,0.0
2010-10-19,7,0,0.0,False,0,0,0,0.0
2010-10-20,7,0,0.0,False,0,0,0,0.0
2010-10-21,7,0,0.0,False,0,0,0,0.0
2010-10-22,8,0,0.0,False,0,0,0,0.0
2010-10-25,8,0,0.0,False,0,0,0,0.0
2010-10-26,8,0,0.0,False,0,0,0,0.0
2010-10-27,8,0,0.0,False,0,0,0,0.0
2010-10-28,8,0,0.0,False,0,0,0,0.0
2010-10-29,8,0,0.0,False,0,0,0,0.0
2010-11-01,8,0,0.0,False,0,0,0,0.0
2010-11-02,8,0,0.0,False,0,0,0,0.0
2010-11-03,8,0,0.0,False,0,0,0,0.0
2010-11-04,8,0,0.0,False,0,0,0,0.0
2010-11-05,8,0,0.0,False,0,0,0,0.0
2010-11-08,8,0,0.0,False,0,0,0,0.0
2010-11-09,8,0,0.0,False,0,0,0,0.0
2010-11-10,8,0,0.0,False,0,0,0,0.0
2010-11-11,8,0,0.0,False,0,0,0,0.0
2010-11-12,8,0,0.0,False,0,0,0,0.0
2010-11-15,8,0,0.0,False,0,0,0,0.0
2010-11-16,8,1,0.125,True,0,0,0,0.0
2010-11-17,9,3,0.3333,True,0,0,0,0.0
2010-11-18,9,0,0.0,False,0,0,0,0.0
2010-11-19,8,0,0.0,False,0,0,0,0.0
2010-11-22,9,0,0.0,False,0,0,0,0.0
2010-11-23,9,0,0.0,False,0,0,0,0.0
2010-11-24,8,0,0.0,False,0,0,0,0.0
2010-11-25,8,0,0.0,False,0,0,0,0.0
2010-11-26,8,0,0.0,False,0,0,0,0.0
2010-11-29,8,0,0.0,False,0,0,0,0.0
2010-11-30,8,0,0.0,False,0,0,0,0.0
2010-12-01,8,0,0.0,False,0,0,0,0.0
2010-12-02,8,0,0.0,False,0,0,0,0.0
2010-12-03,8,0,0.0,False,0,0,0,0.0
2010-12-06,8,0,0.0,False,0,0,0,0.0
2010-12-07,8,0,0.0,False,0,0,0,0.0
2010-12-08,8,0,0.0,False,0,0,0,0.0
2010-12-09,8,0,0.0,False,0,0,0,0.0
2010-12-10,8,0,0.0,False,0,0,0,0.0
2010-12-13,8,0,0.0,False,0,0,0,0.0
2010-12-14,8,0,0.0,False,0,0,0,0.0
2010-12-15,8,0,0.0,False,0,0,0,0.0
2010-12-16,8,0,0.0,False,0,0,0,0.0
2010-12-17,8,0,0.0,False,0,0,0,0.0
2010-12-20,8,0,0.0,False,0,0,0,0.0
2010-12-21,8,0,0.0,False,0,0,0,0.0
2010-12-22,8,0,0.0,False,0,0,0,0.0
2010-12-23,8,0,0.0,False,0,0,0,0.0
2010-12-24,8,0,0.0,False,0,0,0,0.0
2010-12-27,8,0,0.0,False,0,0,0,0.0
2010-12-28,8,2,0.25,True,0,0,0,0.0
2010-12-29,8,0,0.0,False,0,0,0,0.0
2010-12-30,8,0,0.0,False,0,0,0,0.0
2010-12-31,8,0,0.0,False,0,0,0,0.0
2011-01-04,8,0,0.0,False,0,0,0,0.0
2011-01-05,8,0,0.0,False,0,0,0,0.0
2011-01-06,8,0,0.0,False,0,0,0,0.0
2011-01-07,8,0,0.0,False,0,0,0,0.0
2011-01-10,8,0,0.0,False,0,0,0,0.0
2011-01-11,8,0,0.0,False,0,0,0,0.0
2011-01-12,8,0,0.0,False,0,0,0,0.0
2011-01-13,8,0,0.0,False,0,0,0,0.0
2011-01-14,7,0,0.0,False,0,0,0,0.0
2011-01-17,7,2,0.2857,True,0,0,0,0.0
2011-01-18,7,2,0.2857,True,0,0,0,0.0
2011-01-19,7,0,0.0,False,0,0,0,0.0
2011-01-20,7,1,0.1429,True,0,0,0,0.0
2011-01-21,8,0,0.0,False,0,0,0,0.0
2011-01-24,8,0,0.0,False,0,0,0,0.0
2011-01-25,8,0,0.0,False,0,0,0,0.0
2011-01-26,8,0,0.0,False,0,0,0,0.0
2011-01-27,8,0,0.0,False,0,0,0,0.0
2011-01-28,8,0,0.0,False,0,0,0,0.0
2011-01-31,8,0,0.0,False,0,0,0,0.0
2011-02-01,7,0,0.0,False,0,0,0,0.0
2011-02-09,7,0,0.0,False,0,0,0,0.0
2011-02-10,7,0,0.0,False,0,0,0,0.0
2011-02-11,7,0,0.0,False,0,0,0,0.0
2011-02-14,7,0,0.0,False,0,0,0,0.0
2011-02-15,7,0,0.0,False,0,0,0,0.0
2011-02-16,7,0,0.0,False,0,0,0,0.0
2011-02-17,7,0,0.0,False,0,0,0,0.0
2011-02-18,7,0,0.0,False,0,0,0,0.0
2011-02-21,7,0,0.0,False,0,0,0,0.0
2011-02-22,7,0,0.0,False,0,0,0,0.0
2011-02-23,7,0,0.0,False,0,0,0,0.0
2011-02-24,7,0,0.0,False,0,0,0,0.0
2011-02-25,7,0,0.0,False,0,0,0,0.0
2011-02-28,7,0,0.0,False,0,0,0,0.0
2011-03-01,7,0,0.0,False,0,0,0,0.0
2011-03-02,7,0,0.0,False,0,0,0,0.0
2011-03-03,7,0,0.0,False,0,0,0,0.0
2011-03-04,7,0,0.0,False,0,0,0,0.0
2011-03-07,7,0,0.0,False,0,0,0,0.0
2011-03-08,7,0,0.0,False,0,0,0,0.0
2011-03-09,7,0,0.0,False,0,0,0,0.0
2011-03-10,7,0,0.0,False,0,0,0,0.0
2011-03-11,7,0,0.0,False,0,0,0,0.0
2011-03-14,7,0,0.0,False,0,0,0,0.0
2011-03-15,7,0,0.0,False,0,0,0,0.0
2011-03-16,7,0,0.0,False,0,0,0,0.0
2011-03-17,7,0,0.0,False,0,0,0,0.0
2011-03-18,6,0,0.0,False,0,0,0,0.0
2011-03-21,6,0,0.0,False,0,0,0,0.0
2011-03-22,6,0,0.0,False,0,0,0,0.0
2011-03-23,6,0,0.0,False,0,0,0,0.0
2011-03-24,7,0,0.0,False,0,0,0,0.0
2011-03-25,7,0,0.0,False,0,0,0,0.0
2011-03-28,7,0,0.0,False,0,0,0,0.0
2011-03-29,7,0,0.0,False,0,0,0,0.0
2011-03-30,7,0,0.0,False,0,0,0,0.0
2011-03-31,7,0,0.0,False,0,0,0,0.0
2011-04-01,7,0,0.0,False,0,0,0,0.0
2011-04-06,7,0,0.0,False,0,0,0,0.0
2011-04-07,7,0,0.0,False,0,0,0,0.0
2011-04-08,7,0,0.0,False,0,0,0,0.0
2011-04-11,7,0,0.0,False,0,0,0,0.0
2011-04-12,8,0,0.0,False,0,0,0,0.0
2011-04-13,7,0,0.0,False,0,0,0,0.0
2011-04-14,7,0,0.0,False,0,0,0,0.0
2011-04-15,7,0,0.0,False,0,0,0,0.0
2011-04-18,7,0,0.0,False,0,0,0,0.0
2011-04-19,7,0,0.0,False,0,0,0,0.0
2011-04-20,7,0,0.0,False,0,0,0,0.0
2011-04-21,7,0,0.0,False,0,0,0,0.0
2011-04-22,7,0,0.0,False,0,0,0,0.0
2011-04-25,7,2,0.2857,True,0,0,0,0.0
2011-04-26,7,2,0.2857,True,0,0,0,0.0
2011-04-27,7,2,0.2857,True,0,0,0,0.0
2011-04-28,7,2,0.2857,True,0,0,0,0.0
2011-04-29,7,0,0.0,False,0,0,0,0.0
2011-05-03,7,0,0.0,False,0,0,0,0.0
2011-05-04,7,0,0.0,False,0,0,0,0.0
2011-05-05,7,0,0.0,False,0,0,0,0.0
2011-05-06,7,0,0.0,False,0,0,0,0.0
2011-05-09,7,0,0.0,False,0,0,0,0.0
2011-05-10,8,0,0.0,False,0,0,0,0.0
2011-05-11,8,0,0.0,False,0,0,0,0.0
2011-05-12,8,0,0.0,False,0,0,0,0.0
2011-05-13,8,0,0.0,False,0,0,0,0.0
2011-05-16,8,0,0.0,False,0,0,0,0.0
2011-05-17,8,0,0.0,False,0,0,0,0.0
2011-05-18,8,0,0.0,False,0,0,0,0.0
2011-05-19,8,0,0.0,False,0,0,0,0.0
2011-05-20,8,0,0.0,False,0,0,0,0.0
2011-05-23,8,2,0.25,True,0,0,0,0.0
2011-05-24,8,2,0.25,True,0,0,0,0.0
2011-05-25,8,3,0.375,True,0,0,0,0.0
2011-05-26,8,2,0.25,True,0,0,0,0.0
2011-05-27,8,2,0.25,True,0,0,0,0.0
2011-05-30,8,2,0.25,True,0,0,0,0.0
2011-05-31,8,0,0.0,False,0,0,0,0.0
2011-06-01,7,0,0.0,False,0,0,0,0.0
2011-06-02,7,0,0.0,False,0,0,0,0.0
2011-06-03,7,0,0.0,False,0,0,0,0.0
2011-06-07,7,0,0.0,False,0,0,0,0.0
2011-06-08,7,0,0.0,False,0,0,0,0.0
2011-06-09,7,0,0.0,False,0,0,0,0.0
2011-06-10,7,0,0.0,False,0,0,0,0.0
2011-06-13,7,0,0.0,False,0,0,0,0.0
2011-06-14,7,0,0.0,False,0,0,0,0.0
2011-06-15,7,0,0.0,False,0,0,0,0.0
2011-06-16,7,0,0.0,False,0,0,0,0.0
2011-06-17,7,0,0.0,False,0,0,0,0.0
2011-06-20,7,1,0.1429,True,0,0,0,0.0
2011-06-21,7,0,0.0,False,0,0,0,0.0
2011-06-22,7,0,0.0,False,0,0,0,0.0
2011-06-23,7,0,0.0,False,0,0,0,0.0
2011-06-24,7,0,0.0,False,0,0,0,0.0
2011-06-27,7,0,0.0,False,0,0,0,0.0
2011-06-28,7,0,0.0,False,0,0,0,0.0
2011-06-29,6,0,0.0,False,0,0,0,0.0
2011-06-30,6,0,0.0,False,0,0,0,0.0
2011-07-01,6,0,0.0,False,0,0,0,0.0
2011-07-04,6,0,0.0,False,0,0,0,0.0
2011-07-05,6,0,0.0,False,0,0,0,0.0
2011-07-06,6,0,0.0,False,0,0,0,0.0
2011-07-07,6,0,0.0,False,0,0,0,0.0
2011-07-08,6,0,0.0,False,0,0,0,0.0
2011-07-11,6,0,0.0,False,0,0,0,0.0
2011-07-12,6,0,0.0,False,0,0,0,0.0
2011-07-13,6,0,0.0,False,0,0,0,0.0
2011-07-14,6,0,0.0,False,0,0,0,0.0
2011-07-15,6,0,0.0,False,0,0,0,0.0
2011-07-18,6,0,0.0,False,0,0,0,0.0
2011-07-19,6,0,0.0,False,0,0,0,0.0
2011-07-20,5,0,0.0,False,0,0,0,0.0
2011-07-21,5,0,0.0,False,0,0,0,0.0
2011-07-22,5,0,0.0,False,0,0,0,0.0
2011-07-25,5,0,0.0,False,0,0,0,0.0
2011-07-26,5,0,0.0,False,0,0,0,0.0
2011-07-27,5,0,0.0,False,0,0,0,0.0
2011-07-28,5,0,0.0,False,0,0,0,0.0
2011-07-29,5,0,0.0,False,0,0,0,0.0
2011-08-01,5,0,0.0,False,0,0,0,0.0
2011-08-02,5,0,0.0,False,0,0,0,0.0
2011-08-03,5,0,0.0,False,0,0,0,0.0
2011-08-04,5,0,0.0,False,0,0,0,0.0
2011-08-05,5,0,0.0,False,0,0,0,0.0
2011-08-08,5,1,0.2,True,0,0,0,0.0
2011-08-09,5,1,0.2,True,0,0,0,0.0
2011-08-10,5,0,0.0,False,0,0,0,0.0
2011-08-11,5,0,0.0,False,0,0,0,0.0
2011-08-12,5,0,0.0,False,0,0,0,0.0
2011-08-15,5,0,0.0,False,0,0,0,0.0
2011-08-16,5,0,0.0,False,0,0,0,0.0
2011-08-17,5,0,0.0,False,0,0,0,0.0
2011-08-18,5,0,0.0,False,0,0,0,0.0
2011-08-19,5,0,0.0,False,0,0,0,0.0
2011-08-22,5,0,0.0,False,0,0,0,0.0
2011-08-23,5,0,0.0,False,0,0,0,0.0
2011-08-24,5,0,0.0,False,0,0,0,0.0
2011-08-25,5,0,0.0,False,0,0,0,0.0
2011-08-26,5,0,0.0,False,0,0,0,0.0
2011-08-29,5,0,0.0,False,0,0,0,0.0
2011-08-30,5,0,0.0,False,0,0,0,0.0
2011-08-31,5,0,0.0,False,0,0,0,0.0
2011-09-01,5,0,0.0,False,0,0,0,0.0
2011-09-02,5,0,0.0,False,0,0,0,0.0
2011-09-05,5,1,0.2,True,0,0,0,0.0
2011-09-06,5,1,0.2,True,0,0,0,0.0
2011-09-07,5,0,0.0,False,0,0,0,0.0
2011-09-08,5,0,0.0,False,0,0,0,0.0
2011-09-09,5,0,0.0,False,0,0,0,0.0
2011-09-13,5,0,0.0,False,0,0,0,0.0
2011-09-14,5,0,0.0,False,0,0,0,0.0
2011-09-15,5,0,0.0,False,0,0,0,0.0
2011-09-16,5,0,0.0,False,0,0,0,0.0
2011-09-19,5,0,0.0,False,0,0,0,0.0
2011-09-20,5,0,0.0,False,0,0,0,0.0
2011-09-21,4,0,0.0,False,0,0,0,0.0
2011-09-22,5,0,0.0,False,0,0,0,0.0
2011-09-23,5,0,0.0,False,0,0,0,0.0
2011-09-26,5,0,0.0,False,0,0,0,0.0
2011-09-27,4,0,0.0,False,0,0,0,0.0
2011-09-28,4,0,0.0,False,0,0,0,0.0
2011-09-29,4,0,0.0,False,0,0,0,0.0
2011-09-30,4,0,0.0,False,0,0,0,0.0
2011-10-10,4,0,0.0,False,0,0,0,0.0
2011-10-11,4,0,0.0,False,0,0,0,0.0
2011-10-12,4,0,0.0,False,0,0,0,0.0
2011-10-13,4,0,0.0,False,0,0,0,0.0
2011-10-14,4,0,0.0,False,0,0,0,0.0
2011-10-17,4,0,0.0,False,0,0,0,0.0
2011-10-18,4,0,0.0,False,0,0,0,0.0
2011-10-19,4,0,0.0,False,0,0,0,0.0
2011-10-20,4,1,0.25,True,0,0,0,0.0
2011-10-21,4,1,0.25,True,0,0,0,0.0
2011-10-24,4,0,0.0,False,0,0,0,0.0
2011-10-25,4,0,0.0,False,0,0,0,0.0
2011-10-26,4,0,0.0,False,0,0,0,0.0
2011-10-27,4,0,0.0,False,0,0,0,0.0
2011-10-28,4,0,0.0,False,0,0,0,0.0
2011-10-31,4,0,0.0,False,0,0,0,0.0
2011-11-01,4,0,0.0,False,0,0,0,0.0
2011-11-02,4,0,0.0,False,0,0,0,0.0
2011-11-03,4,0,0.0,False,0,0,0,0.0
2011-11-04,4,0,0.0,False,0,0,0,0.0
2011-11-07,4,0,0.0,False,0,0,0,0.0
2011-11-08,4,0,0.0,False,0,0,0,0.0
2011-11-09,4,0,0.0,False,0,0,0,0.0
2011-11-10,4,0,0.0,False,0,0,0,0.0
2011-11-11,4,0,0.0,False,0,0,0,0.0
2011-11-14,4,0,0.0,False,0,0,0,0.0
2011-11-15,4,0,0.0,False,0,0,0,0.0
2011-11-16,4,0,0.0,False,0,0,0,0.0
2011-11-17,4,0,0.0,False,0,0,0,0.0
2011-11-18,4,0,0.0,False,0,0,0,0.0
2011-11-21,4,0,0.0,False,0,0,0,0.0
2011-11-22,4,0,0.0,False,0,0,0,0.0
2011-11-23,4,0,0.0,False,0,0,0,0.0
2011-11-24,4,0,0.0,False,0,0,0,0.0
2011-11-25,4,0,0.0,False,0,0,0,0.0
2011-11-28,4,0,0.0,False,0,0,0,0.0
2011-11-29,4,0,0.0,False,0,0,0,0.0
2011-11-30,4,0,0.0,False,0,0,0,0.0
2011-12-01,4,0,0.0,False,0,0,0,0.0
2011-12-02,4,0,0.0,False,0,0,0,0.0
2011-12-05,4,0,0.0,False,0,0,0,0.0
2011-12-06,4,0,0.0,False,0,0,0,0.0
2011-12-07,4,0,0.0,False,0,0,0,0.0
2011-12-08,4,0,0.0,False,0,0,0,0.0
2011-12-09,4,0,0.0,False,0,0,0,0.0
2011-12-12,4,0,0.0,False,0,0,0,0.0
2011-12-13,4,1,0.25,True,0,0,0,0.0
2011-12-14,4,1,0.25,True,0,0,0,0.0
2011-12-15,4,1,0.25,True,0,0,0,0.0
2011-12-16,4,0,0.0,False,0,0,0,0.0
2011-12-19,4,0,0.0,False,0,0,0,0.0
2011-12-20,4,0,0.0,False,0,0,0,0.0
2011-12-21,5,0,0.0,False,0,0,0,0.0
2011-12-22,5,0,0.0,False,0,0,0,0.0
2011-12-23,5,0,0.0,False,0,0,0,0.0
2011-12-26,5,0,0.0,False,0,0,0,0.0
2011-12-27,5,0,0.0,False,0,0,0,0.0
2011-12-28,5,0,0.0,False,0,0,0,0.0
2011-12-29,5,0,0.0,False,0,0,0,0.0
2011-12-30,5,0,0.0,False,0,0,0,0.0
2012-01-04,5,0,0.0,False,0,0,0,0.0
2012-01-05,5,0,0.0,False,0,0,0,0.0
2012-01-06,5,0,0.0,False,0,0,0,0.0
2012-01-09,5,0,0.0,False,0,0,0,0.0
2012-01-10,5,0,0.0,False,0,0,0,0.0
2012-01-11,5,0,0.0,False,0,0,0,0.0
2012-01-12,5,0,0.0,False,0,0,0,0.0
2012-01-13,5,0,0.0,False,0,0,0,0.0
2012-01-16,5,0,0.0,False,0,0,0,0.0
2012-01-17,5,0,0.0,False,0,0,0,0.0
2012-01-18,5,0,0.0,False,0,0,0,0.0
2012-01-19,5,0,0.0,False,0,0,0,0.0
2012-01-20,5,0,0.0,False,0,0,0,0.0
2012-01-30,5,0,0.0,False,0,0,0,0.0
2012-01-31,5,0,0.0,False,0,0,0,0.0
2012-02-01,5,0,0.0,False,0,0,0,0.0
2012-02-02,5,0,0.0,False,0,0,0,0.0
2012-02-03,5,0,0.0,False,0,0,0,0.0
2012-02-06,5,0,0.0,False,0,0,0,0.0
2012-02-07,5,0,0.0,False,0,0,0,0.0
2012-02-08,5,0,0.0,False,0,0,0,0.0
2012-02-09,5,0,0.0,False,0,0,0,0.0
2012-02-10,5,0,0.0,False,0,0,0,0.0
2012-02-13,5,0,0.0,False,0,0,0,0.0
2012-02-14,5,0,0.0,False,0,0,0,0.0
2012-02-15,5,0,0.0,False,0,0,0,0.0
2012-02-16,5,0,0.0,False,0,0,0,0.0
2012-02-17,5,0,0.0,False,0,0,0,0.0
2012-02-20,5,0,0.0,False,0,0,0,0.0
2012-02-21,5,0,0.0,False,0,0,0,0.0
2012-02-22,5,0,0.0,False,0,0,0,0.0
2012-02-23,5,0,0.0,False,0,0,0,0.0
2012-02-24,6,0,0.0,False,0,0,0,0.0
2012-02-27,6,0,0.0,False,0,0,0,0.0
2012-02-28,6,0,0.0,False,0,0,0,0.0
2012-02-29,6,0,0.0,False,0,0,0,0.0
2012-03-01,6,0,0.0,False,0,0,0,0.0
2012-03-02,6,0,0.0,False,0,0,0,0.0
2012-03-05,6,0,0.0,False,0,0,0,0.0
2012-03-06,6,0,0.0,False,0,0,0,0.0
2012-03-07,6,0,0.0,False,0,0,0,0.0
2012-03-08,6,0,0.0,False,0,0,0,0.0
2012-03-09,6,0,0.0,False,0,0,0,0.0
2012-03-12,7,0,0.0,False,0,0,0,0.0
2012-03-13,7,0,0.0,False,0,0,0,0.0
2012-03-14,7,0,0.0,False,0,0,0,0.0
2012-03-15,7,0,0.0,False,0,0,0,0.0
2012-03-16,7,0,0.0,False,0,0,0,0.0
2012-03-19,7,0,0.0,False,0,0,0,0.0
2012-03-20,7,0,0.0,False,0,0,0,0.0
2012-03-21,7,0,0.0,False,0,0,0,0.0
2012-03-22,7,0,0.0,False,0,0,0,0.0
2012-03-23,7,2,0.2857,True,0,0,0,0.0
2012-03-26,7,0,0.0,False,0,0,0,0.0
2012-03-27,7,0,0.0,False,0,0,0,0.0
2012-03-28,7,2,0.2857,True,0,0,0,0.0
2012-03-29,7,2,0.2857,True,0,0,0,0.0
2012-03-30,7,2,0.2857,True,0,0,0,0.0
2012-04-05,7,0,0.0,False,0,0,0,0.0
2012-04-06,7,0,0.0,False,0,0,0,0.0
2012-04-09,7,0,0.0,False,0,0,0,0.0
2012-04-10,7,0,0.0,False,0,0,0,0.0
2012-04-11,7,0,0.0,False,0,0,0,0.0
2012-04-12,7,0,0.0,False,0,0,0,0.0
2012-04-13,7,0,0.0,False,0,0,0,0.0
2012-04-16,6,0,0.0,False,0,0,0,0.0
2012-04-17,6,0,0.0,False,0,0,0,0.0
2012-04-18,6,0,0.0,False,0,0,0,0.0
2012-04-19,6,0,0.0,False,0,0,0,0.0
2012-04-20,6,0,0.0,False,0,0,0,0.0
2012-04-23,6,0,0.0,False,0,0,0,0.0
2012-04-24,6,0,0.0,False,0,0,0,0.0
2012-04-25,6,0,0.0,False,0,0,0,0.0
2012-04-26,6,0,0.0,False,0,0,0,0.0
2012-04-27,6,0,0.0,False,0,0,0,0.0
2012-05-02,6,0,0.0,False,0,0,0,0.0
2012-05-03,6,0,0.0,False,0,0,0,0.0
2012-05-04,6,0,0.0,False,0,0,0,0.0
2012-05-07,6,0,0.0,False,0,0,0,0.0
2012-05-08,6,0,0.0,False,0,0,0,0.0
2012-05-09,6,0,0.0,False,0,0,0,0.0
2012-05-10,6,0,0.0,False,0,0,0,0.0
2012-05-11,6,0,0.0,False,0,0,0,0.0
2012-05-14,6,0,0.0,False,0,0,0,0.0
2012-05-15,6,0,0.0,False,0,0,0,0.0
2012-05-16,6,0,0.0,False,0,0,0,0.0
2012-05-17,6,0,0.0,False,0,0,0,0.0
2012-05-18,6,0,0.0,False,0,0,0,0.0
2012-05-21,6,0,0.0,False,0,0,0,0.0
2012-05-22,6,0,0.0,False,0,0,0,0.0
2012-05-23,6,0,0.0,False,0,0,0,0.0
2012-05-24,6,0,0.0,False,0,0,0,0.0
2012-05-25,6,0,0.0,False,0,0,0,0.0
2012-05-28,6,0,0.0,False,0,0,0,0.0
2012-05-29,6,0,0.0,False,0,0,0,0.0
2012-05-30,6,0,0.0,False,0,0,0,0.0
2012-05-31,6,0,0.0,False,0,0,0,0.0
2012-06-01,6,0,0.0,False,0,0,0,0.0
2012-06-04,6,0,0.0,False,0,0,0,0.0
2012-06-05,6,0,0.0,False,0,0,0,0.0
2012-06-06,6,0,0.0,False,0,0,0,0.0
2012-06-07,6,0,0.0,False,0,0,0,0.0
2012-06-08,6,0,0.0,False,0,0,0,0.0
2012-06-11,6,0,0.0,False,0,0,0,0.0
2012-06-12,6,0,0.0,False,0,0,0,0.0
2012-06-13,6,0,0.0,False,0,0,0,0.0
2012-06-14,6,0,0.0,False,0,0,0,0.0
2012-06-15,6,0,0.0,False,0,0,0,0.0
2012-06-18,6,0,0.0,False,0,0,0,0.0
2012-06-19,6,0,0.0,False,0,0,0,0.0
2012-06-20,6,0,0.0,False,0,0,0,0.0
2012-06-21,6,0,0.0,False,0,0,0,0.0
2012-06-25,6,1,0.1667,True,0,0,0,0.0
2012-06-26,6,1,0.1667,True,0,0,0,0.0
2012-06-27,6,0,0.0,False,0,0,0,0.0
2012-06-28,6,0,0.0,False,0,0,0,0.0
2012-06-29,6,0,0.0,False,0,0,0,0.0
2012-07-02,6,0,0.0,False,0,0,0,0.0
2012-07-03,6,0,0.0,False,0,0,0,0.0
2012-07-04,6,0,0.0,False,0,0,0,0.0
2012-07-05,6,0,0.0,False,0,0,0,0.0
2012-07-06,6,0,0.0,False,0,0,0,0.0
2012-07-09,6,0,0.0,False,0,0,0,0.0
2012-07-10,6,0,0.0,False,0,0,0,0.0
2012-07-11,6,0,0.0,False,0,0,0,0.0
2012-07-12,6,0,0.0,False,0,0,0,0.0
2012-07-13,6,0,0.0,False,0,0,0,0.0
2012-07-16,6,0,0.0,False,0,0,0,0.0
2012-07-17,6,0,0.0,False,0,0,0,0.0
2012-07-18,6,0,0.0,False,0,0,0,0.0
2012-07-19,6,0,0.0,False,0,0,0,0.0
2012-07-20,6,0,0.0,False,0,0,0,0.0
2012-07-23,6,1,0.1667,True,0,0,0,0.0
2012-07-24,6,0,0.0,False,0,0,0,0.0
2012-07-25,6,0,0.0,False,0,0,0,0.0
2012-07-26,6,1,0.1667,True,0,0,0,0.0
2012-07-27,6,0,0.0,False,0,0,0,0.0
2012-07-30,6,0,0.0,False,0,0,0,0.0
2012-07-31,6,0,0.0,False,0,0,0,0.0
2012-08-01,6,0,0.0,False,0,0,0,0.0
2012-08-02,5,0,0.0,False,0,0,0,0.0
2012-08-03,5,0,0.0,False,0,0,0,0.0
2012-08-06,5,0,0.0,False,0,0,0,0.0
2012-08-07,5,0,0.0,False,0,0,0,0.0
2012-08-08,5,0,0.0,False,0,0,0,0.0
2012-08-09,5,0,0.0,False,0,0,0,0.0
2012-08-10,5,0,0.0,False,0,0,0,0.0
2012-08-13,5,0,0.0,False,0,0,0,0.0
2012-08-14,5,0,0.0,False,0,0,0,0.0
2012-08-15,5,0,0.0,False,0,0,0,0.0
2012-08-16,5,0,0.0,False,0,0,0,0.0
2012-08-17,5,0,0.0,False,0,0,0,0.0
2012-08-20,6,0,0.0,False,0,0,0,0.0
2012-08-21,6,0,0.0,False,0,0,0,0.0
2012-08-22,6,0,0.0,False,0,0,0,0.0
2012-08-23,6,0,0.0,False,0,0,0,0.0
2012-08-24,6,1,0.1667,True,0,0,0,0.0
2012-08-27,6,2,0.3333,True,0,0,0,0.0
2012-08-28,6,1,0.1667,True,0,0,0,0.0
2012-08-29,6,1,0.1667,True,0,0,0,0.0
2012-08-30,6,0,0.0,False,0,0,0,0.0
2012-08-31,6,0,0.0,False,0,0,0,0.0
2012-09-03,6,0,0.0,False,0,0,0,0.0
2012-09-04,6,0,0.0,False,0,0,0,0.0
2012-09-05,6,0,0.0,False,0,0,0,0.0
2012-09-06,6,0,0.0,False,0,0,0,0.0
2012-09-07,6,0,0.0,False,0,0,0,0.0
2012-09-10,6,0,0.0,False,0,0,0,0.0
2012-09-11,6,0,0.0,False,0,0,0,0.0
2012-09-12,6,0,0.0,False,0,0,0,0.0
2012-09-13,6,0,0.0,False,0,0,0,0.0
2012-09-14,6,0,0.0,False,0,0,0,0.0
2012-09-17,6,0,0.0,False,0,0,0,0.0
2012-09-18,6,0,0.0,False,0,0,0,0.0
2012-09-19,6,0,0.0,False,0,0,0,0.0
2012-09-20,6,0,0.0,False,0,0,0,0.0
2012-09-21,6,0,0.0,False,0,0,0,0.0
2012-09-24,6,0,0.0,False,0,0,0,0.0
2012-09-25,6,0,0.0,False,0,0,0,0.0
2012-09-26,6,0,0.0,False,0,0,0,0.0
2012-09-27,6,0,0.0,False,0,0,0,0.0
2012-09-28,6,0,0.0,False,0,0,0,0.0
2012-10-08,6,0,0.0,False,0,0,0,0.0
2012-10-09,6,0,0.0,False,0,0,0,0.0
2012-10-10,6,0,0.0,False,0,0,0,0.0
2012-10-11,6,0,0.0,False,0,0,0,0.0
2012-10-12,6,0,0.0,False,0,0,0,0.0
2012-10-15,6,0,0.0,False,0,0,0,0.0
2012-10-16,6,0,0.0,False,0,0,0,0.0
2012-10-17,6,0,0.0,False,0,0,0,0.0
2012-10-18,6,0,0.0,False,0,0,0,0.0
2012-10-19,6,0,0.0,False,0,0,0,0.0
2012-10-22,6,0,0.0,False,0,0,0,0.0
2012-10-23,6,0,0.0,False,0,0,0,0.0
2012-10-24,6,0,0.0,False,0,0,0,0.0
2012-10-25,6,0,0.0,False,0,0,0,0.0
2012-10-26,6,0,0.0,False,0,0,0,0.0
2012-10-29,6,0,0.0,False,0,0,0,0.0
2012-10-30,6,0,0.0,False,0,0,0,0.0
2012-10-31,6,0,0.0,False,0,0,0,0.0
2012-11-01,6,0,0.0,False,0,0,0,0.0
2012-11-02,6,0,0.0,False,0,0,0,0.0
2012-11-05,6,0,0.0,False,0,0,0,0.0
2012-11-06,6,0,0.0,False,0,0,0,0.0
2012-11-07,6,0,0.0,False,0,0,0,0.0
2012-11-08,6,0,0.0,False,0,0,0,0.0
2012-11-09,6,0,0.0,False,0,0,0,0.0
2012-11-12,6,0,0.0,False,0,0,0,0.0
2012-11-13,6,0,0.0,False,0,0,0,0.0
2012-11-14,6,0,0.0,False,0,0,0,0.0
2012-11-15,6,0,0.0,False,0,0,0,0.0
2012-11-16,6,0,0.0,False,0,0,0,0.0
2012-11-19,6,0,0.0,False,0,0,0,0.0
2012-11-20,6,0,0.0,False,0,0,0,0.0
2012-11-21,6,0,0.0,False,0,0,0,0.0
2012-11-22,6,0,0.0,False,0,0,0,0.0
2012-11-23,6,0,0.0,False,0,0,0,0.0
2012-11-26,6,0,0.0,False,0,0,0,0.0
2012-11-27,6,0,0.0,False,0,0,0,0.0
2012-11-28,6,0,0.0,False,0,0,0,0.0
2012-11-29,6,0,0.0,False,0,0,0,0.0
2012-11-30,6,0,0.0,False,0,0,0,0.0
2012-12-03,6,0,0.0,False,0,0,0,0.0
2012-12-04,6,0,0.0,False,0,0,0,0.0
2012-12-05,6,0,0.0,False,0,0,0,0.0
2012-12-06,6,0,0.0,False,0,0,0,0.0
2012-12-07,6,0,0.0,False,0,0,0,0.0
2012-12-10,6,0,0.0,False,0,0,0,0.0
2012-12-11,6,0,0.0,False,0,0,0,0.0
2012-12-12,6,0,0.0,False,0,0,0,0.0
2012-12-13,6,0,0.0,False,0,0,0,0.0
2012-12-14,6,0,0.0,False,0,0,0,0.0
2012-12-17,6,0,0.0,False,0,0,0,0.0
2012-12-18,6,0,0.0,False,0,0,0,0.0
2012-12-19,6,0,0.0,False,0,0,0,0.0
2012-12-20,6,0,0.0,False,0,0,0,0.0
2012-12-21,6,0,0.0,False,0,0,0,0.0
2012-12-24,6,0,0.0,False,0,0,0,0.0
2012-12-25,6,0,0.0,False,0,0,0,0.0
2012-12-26,6,0,0.0,False,0,0,0,0.0
2012-12-27,6,0,0.0,False,0,0,0,0.0
2012-12-28,6,0,0.0,False,0,0,0,0.0
2012-12-31,6,0,0.0,False,0,0,0,0.0
2013-01-04,6,0,0.0,False,0,0,0,0.0
2013-01-07,6,0,0.0,False,0,0,0,0.0
2013-01-08,7,0,0.0,False,0,0,0,0.0
2013-01-09,7,0,0.0,False,0,0,0,0.0
2013-01-10,7,0,0.0,False,0,0,0,0.0
2013-01-11,7,0,0.0,False,0,0,0,0.0
2013-01-14,7,0,0.0,False,0,0,0,0.0
2013-01-15,7,0,0.0,False,0,0,0,0.0
2013-01-16,7,0,0.0,False,0,0,0,0.0
2013-01-17,7,0,0.0,False,0,0,0,0.0
2013-01-18,7,0,0.0,False,0,0,0,0.0
2013-01-21,7,0,0.0,False,0,0,0,0.0
2013-01-22,7,0,0.0,False,0,0,0,0.0
2013-01-23,7,0,0.0,False,0,0,0,0.0
2013-01-24,7,0,0.0,False,0,0,0,0.0
2013-01-25,7,0,0.0,False,0,0,0,0.0
2013-01-28,7,0,0.0,False,0,0,0,0.0
2013-01-29,7,0,0.0,False,0,0,0,0.0
2013-01-30,7,0,0.0,False,0,0,0,0.0
2013-01-31,7,0,0.0,False,0,0,0,0.0
2013-02-01,7,0,0.0,False,0,0,0,0.0
2013-02-04,7,0,0.0,False,0,0,0,0.0
2013-02-05,7,0,0.0,False,0,0,0,0.0
2013-02-06,7,0,0.0,False,0,0,0,0.0
2013-02-07,7,0,0.0,False,0,0,0,0.0
2013-02-08,7,0,0.0,False,0,0,0,0.0
2013-02-18,7,0,0.0,False,0,0,0,0.0
2013-02-19,7,0,0.0,False,0,0,0,0.0
2013-02-20,7,0,0.0,False,0,0,0,0.0
2013-02-21,8,0,0.0,False,0,0,0,0.0
2013-02-22,8,0,0.0,False,0,0,0,0.0
2013-02-25,8,0,0.0,False,0,0,0,0.0
2013-02-26,8,0,0.0,False,0,0,0,0.0
2013-02-27,8,0,0.0,False,0,0,0,0.0
2013-02-28,8,0,0.0,False,0,0,0,0.0
2013-03-01,8,0,0.0,False,0,0,0,0.0
2013-03-04,8,0,0.0,False,0,0,0,0.0
2013-03-05,8,0,0.0,False,0,0,0,0.0
2013-03-06,8,0,0.0,False,0,0,0,0.0
2013-03-07,8,0,0.0,False,0,0,0,0.0
2013-03-08,8,0,0.0,False,0,0,0,0.0
2013-03-11,8,0,0.0,False,0,0,0,0.0
2013-03-12,8,0,0.0,False,0,0,0,0.0
2013-03-13,8,0,0.0,False,0,0,0,0.0
2013-03-14,8,0,0.0,False,0,0,0,0.0
2013-03-15,8,0,0.0,False,0,0,0,0.0
2013-03-18,8,0,0.0,False,0,0,0,0.0
2013-03-19,8,0,0.0,False,0,0,0,0.0
2013-03-20,8,0,0.0,False,0,0,0,0.0
2013-03-21,8,0,0.0,False,0,0,0,0.0
2013-03-22,8,0,0.0,False,0,0,0,0.0
2013-03-25,8,0,0.0,False,0,0,0,0.0
2013-03-26,8,0,0.0,False,0,0,0,0.0
2013-03-27,8,0,0.0,False,0,0,0,0.0
2013-03-28,8,0,0.0,False,0,0,0,0.0
2013-03-29,8,0,0.0,False,0,0,0,0.0
2013-04-01,8,0,0.0,False,0,0,0,0.0
2013-04-02,8,0,0.0,False,0,0,0,0.0
2013-04-03,8,0,0.0,False,0,0,0,0.0
2013-04-08,8,0,0.0,False,0,0,0,0.0
2013-04-09,8,0,0.0,False,0,0,0,0.0
2013-04-10,8,0,0.0,False,0,0,0,0.0
2013-04-11,8,0,0.0,False,0,0,0,0.0
2013-04-12,8,0,0.0,False,0,0,0,0.0
2013-04-15,8,0,0.0,False,0,0,0,0.0
2013-04-16,8,0,0.0,False,0,0,0,0.0
2013-04-17,8,0,0.0,False,0,0,0,0.0
2013-04-18,8,0,0.0,False,0,0,0,0.0
2013-04-19,8,0,0.0,False,0,0,0,0.0
2013-04-22,8,0,0.0,False,0,0,0,0.0
2013-04-23,8,0,0.0,False,0,0,0,0.0
2013-04-24,8,0,0.0,False,0,0,0,0.0
2013-04-25,8,0,0.0,False,0,0,0,0.0
2013-04-26,8,0,0.0,False,0,0,0,0.0
2013-05-02,8,0,0.0,False,0,0,0,0.0
2013-05-03,8,0,0.0,False,0,0,0,0.0
2013-05-06,8,0,0.0,False,0,0,0,0.0
2013-05-07,8,0,0.0,False,0,0,0,0.0
2013-05-08,8,0,0.0,False,0,0,0,0.0
2013-05-09,8,0,0.0,False,0,0,0,0.0
2013-05-10,8,0,0.0,False,0,0,0,0.0
2013-05-13,8,0,0.0,False,0,0,0,0.0
2013-05-14,8,0,0.0,False,0,0,0,0.0
2013-05-15,8,0,0.0,False,0,0,0,0.0
2013-05-16,8,0,0.0,False,0,0,0,0.0
2013-05-17,8,0,0.0,False,0,0,0,0.0
2013-05-20,8,0,0.0,False,0,0,0,0.0
2013-05-21,8,0,0.0,False,0,0,0,0.0
2013-05-22,8,0,0.0,False,0,0,0,0.0
2013-05-23,8,0,0.0,False,0,0,0,0.0
2013-05-24,8,0,0.0,False,0,0,0,0.0
2013-05-27,8,0,0.0,False,0,0,0,0.0
2013-05-28,8,0,0.0,False,0,0,0,0.0
2013-05-29,8,0,0.0,False,0,0,0,0.0
2013-05-30,8,0,0.0,False,0,0,0,0.0
2013-05-31,8,0,0.0,False,0,0,0,0.0
2013-06-03,8,0,0.0,False,0,0,0,0.0
2013-06-04,8,0,0.0,False,0,0,0,0.0
2013-06-05,8,0,0.0,False,0,0,0,0.0
2013-06-06,7,0,0.0,False,0,0,0,0.0
2013-06-07,7,0,0.0,False,0,0,0,0.0
2013-06-13,8,2,0.25,True,0,0,0,0.0
2013-06-14,8,1,0.125,True,0,0,0,0.0
2013-06-17,8,1,0.125,True,0,0,0,0.0
2013-06-18,9,0,0.0,False,0,0,0,0.0
2013-06-19,9,0,0.0,False,0,0,0,0.0
2013-06-20,9,2,0.2222,True,0,0,0,0.0
2013-06-21,9,0,0.0,False,0,0,0,0.0
2013-06-24,8,2,0.25,True,0,0,0,0.0
2013-06-25,8,2,0.25,True,0,0,0,0.0
2013-06-26,8,0,0.0,False,0,0,0,0.0
2013-06-27,8,0,0.0,False,0,0,0,0.0
2013-06-28,8,0,0.0,False,0,0,0,0.0
2013-07-01,7,0,0.0,False,0,0,0,0.0
2013-07-02,8,0,0.0,False,0,0,0,0.0
2013-07-03,7,0,0.0,False,0,0,0,0.0
2013-07-04,7,0,0.0,False,0,0,0,0.0
2013-07-05,7,0,0.0,False,0,0,0,0.0
2013-07-08,7,0,0.0,False,0,0,0,0.0
2013-07-09,7,0,0.0,False,0,0,0,0.0
2013-07-10,7,0,0.0,False,0,0,0,0.0
2013-07-11,7,0,0.0,False,0,0,0,0.0
2013-07-12,7,0,0.0,False,0,0,0,0.0
2013-07-15,7,0,0.0,False,0,0,0,0.0
2013-07-16,7,0,0.0,False,0,0,0,0.0
2013-07-17,7,0,0.0,False,0,0,0,0.0
2013-07-18,7,0,0.0,False,0,0,0,0.0
2013-07-19,7,0,0.0,False,0,0,0,0.0
2013-07-22,7,0,0.0,False,0,0,0,0.0
2013-07-23,7,0,0.0,False,0,0,0,0.0
2013-07-24,7,0,0.0,False,0,0,0,0.0
2013-07-25,7,0,0.0,False,0,0,0,0.0
2013-07-26,6,0,0.0,False,0,0,0,0.0
2013-07-29,6,0,0.0,False,0,0,0,0.0
2013-07-30,6,0,0.0,False,0,0,0,0.0
2013-07-31,6,0,0.0,False,0,0,0,0.0
2013-08-01,6,0,0.0,False,0,0,0,0.0
2013-08-02,8,0,0.0,False,0,0,0,0.0
2013-08-05,8,0,0.0,False,0,0,0,0.0
2013-08-06,8,0,0.0,False,0,0,0,0.0
2013-08-07,8,0,0.0,False,0,0,0,0.0
2013-08-08,8,0,0.0,False,0,0,0,0.0
2013-08-09,8,0,0.0,False,0,0,0,0.0
2013-08-12,8,0,0.0,False,0,0,0,0.0
2013-08-13,8,0,0.0,False,0,0,0,0.0
2013-08-14,8,0,0.0,False,0,0,0,0.0
2013-08-15,8,0,0.0,False,0,0,0,0.0
2013-08-16,8,1,0.125,True,0,0,0,0.0
2013-08-19,8,0,0.0,False,0,0,0,0.0
2013-08-20,8,0,0.0,False,0,0,0,0.0
2013-08-21,8,0,0.0,False,0,0,0,0.0
2013-08-22,8,0,0.0,False,0,0,0,0.0
2013-08-23,8,0,0.0,False,0,0,0,0.0
2013-08-26,8,0,0.0,False,0,0,0,0.0
2013-08-27,8,0,0.0,False,0,0,0,0.0
2013-08-28,8,0,0.0,False,0,0,0,0.0
2013-08-29,8,0,0.0,False,0,0,0,0.0
2013-08-30,8,0,0.0,False,0,0,0,0.0
2013-09-02,8,0,0.0,False,0,0,0,0.0
2013-09-03,8,0,0.0,False,0,0,0,0.0
2013-09-04,8,0,0.0,False,0,0,0,0.0
2013-09-05,8,0,0.0,False,0,0,0,0.0
2013-09-06,8,0,0.0,False,0,0,0,0.0
2013-09-09,8,0,0.0,False,0,0,0,0.0
2013-09-10,9,0,0.0,False,0,0,0,0.0
2013-09-11,9,0,0.0,False,0,0,0,0.0
2013-09-12,9,0,0.0,False,0,0,0,0.0
2013-09-13,10,0,0.0,False,0,0,0,0.0
2013-09-16,10,0,0.0,False,0,0,0,0.0
2013-09-17,10,0,0.0,False,0,0,0,0.0
2013-09-18,10,0,0.0,False,0,0,0,0.0
2013-09-23,9,0,0.0,False,0,0,0,0.0
2013-09-24,10,0,0.0,False,0,0,0,0.0
2013-09-25,10,0,0.0,False,0,0,0,0.0
2013-09-26,10,0,0.0,False,0,0,0,0.0
2013-09-27,10,0,0.0,False,0,0,0,0.0
2013-09-30,10,0,0.0,False,0,0,0,0.0
2013-10-08,10,0,0.0,False,0,0,0,0.0
2013-10-09,10,0,0.0,False,0,0,0,0.0
2013-10-10,10,0,0.0,False,0,0,0,0.0
2013-10-11,10,0,0.0,False,0,0,0,0.0
2013-10-14,10,0,0.0,False,0,0,0,0.0
2013-10-15,9,0,0.0,False,0,0,0,0.0
2013-10-16,9,0,0.0,False,0,0,0,0.0
2013-10-17,9,0,0.0,False,0,0,0,0.0
2013-10-18,9,0,0.0,False,0,0,0,0.0
2013-10-21,9,0,0.0,False,0,0,0,0.0
2013-10-22,9,0,0.0,False,0,0,0,0.0
2013-10-23,9,0,0.0,False,0,0,0,0.0
2013-10-24,9,0,0.0,False,0,0,0,0.0
2013-10-25,9,1,0.1111,True,0,0,0,0.0
2013-10-28,9,1,0.1111,True,0,0,0,0.0
2013-10-29,9,1,0.1111,True,0,0,0,0.0
2013-10-30,9,0,0.0,False,0,0,0,0.0
2013-10-31,9,1,0.1111,True,0,0,0,0.0
2013-11-01,9,0,0.0,False,0,0,0,0.0
2013-11-04,9,0,0.0,False,0,0,0,0.0
2013-11-05,9,0,0.0,False,0,0,0,0.0
2013-11-06,9,0,0.0,False,0,0,0,0.0
2013-11-07,9,0,0.0,False,0,0,0,0.0
2013-11-08,9,1,0.1111,True,0,0,0,0.0
2013-11-11,9,0,0.0,False,0,0,0,0.0
2013-11-12,9,0,0.0,False,0,0,0,0.0
2013-11-13,9,0,0.0,False,0,0,0,0.0
2013-11-14,9,0,0.0,False,0,0,0,0.0
2013-11-15,9,0,0.0,False,0,0,0,0.0
2013-11-18,10,0,0.0,False,0,0,0,0.0
2013-11-19,10,0,0.0,False,0,0,0,0.0
2013-11-20,9,0,0.0,False,0,0,0,0.0
2013-11-21,9,0,0.0,False,0,0,0,0.0
2013-11-22,9,0,0.0,False,0,0,0,0.0
2013-11-25,9,0,0.0,False,0,0,0,0.0
2013-11-26,9,0,0.0,False,0,0,0,0.0
2013-11-27,9,0,0.0,False,0,0,0,0.0
2013-11-28,9,0,0.0,False,0,0,0,0.0
2013-11-29,9,0,0.0,False,0,0,0,0.0
2013-12-02,9,0,0.0,False,0,0,0,0.0
2013-12-03,9,0,0.0,False,0,0,0,0.0
2013-12-04,9,0,0.0,False,0,0,0,0.0
2013-12-05,9,0,0.0,False,0,0,0,0.0
2013-12-06,10,0,0.0,False,0,0,0,0.0
2013-12-09,10,0,0.0,False,0,0,0,0.0
2013-12-10,10,0,0.0,False,0,0,0,0.0
2013-12-11,10,0,0.0,False,0,0,0,0.0
2013-12-12,9,0,0.0,False,0,0,0,0.0
2013-12-13,9,0,0.0,False,0,0,0,0.0
2013-12-16,9,0,0.0,False,0,0,0,0.0
2013-12-17,10,2,0.2,True,0,0,0,0.0
2013-12-18,10,0,0.0,False,0,0,0,0.0
2013-12-19,9,1,0.1111,True,0,0,0,0.0
2013-12-20,8,2,0.25,True,0,0,0,0.0
2013-12-23,9,2,0.2222,True,0,0,0,0.0
2013-12-24,9,0,0.0,False,0,0,0,0.0
2013-12-25,9,0,0.0,False,0,0,0,0.0
2013-12-26,9,0,0.0,False,0,0,0,0.0
2013-12-27,9,0,0.0,False,0,0,0,0.0
2013-12-30,9,0,0.0,False,0,0,0,0.0
2013-12-31,10,0,0.0,False,0,0,0,0.0
2014-01-02,10,0,0.0,False,0,0,0,0.0
2014-01-03,10,0,0.0,False,0,0,0,0.0
2014-01-06,10,0,0.0,False,0,0,0,0.0
2014-01-07,10,0,0.0,False,0,0,0,0.0
2014-01-08,10,0,0.0,False,0,0,0,0.0
2014-01-09,10,0,0.0,False,0,0,0,0.0
2014-01-10,10,1,0.1,True,0,0,0,0.0
2014-01-13,10,1,0.1,True,0,0,0,0.0
2014-01-14,10,0,0.0,False,0,0,0,0.0
2014-01-15,10,0,0.0,False,0,0,0,0.0
2014-01-16,10,0,0.0,False,0,0,0,0.0
2014-01-17,10,0,0.0,False,0,0,0,0.0
2014-01-20,10,1,0.1,True,0,0,0,0.0
2014-01-21,10,0,0.0,False,0,0,0,0.0
2014-01-22,10,0,0.0,False,0,0,0,0.0
2014-01-23,9,0,0.0,False,0,0,0,0.0
2014-01-24,9,0,0.0,False,0,0,0,0.0
2014-01-27,10,0,0.0,False,0,0,0,0.0
2014-01-28,10,0,0.0,False,0,0,0,0.0
2014-01-29,10,0,0.0,False,0,0,0,0.0
2014-01-30,10,0,0.0,False,0,0,0,0.0
2014-02-07,10,0,0.0,False,0,0,0,0.0
2014-02-10,10,0,0.0,False,0,0,0,0.0
2014-02-11,10,0,0.0,False,0,0,0,0.0
2014-02-12,10,0,0.0,False,0,0,0,0.0
2014-02-13,10,0,0.0,False,0,0,0,0.0
2014-02-14,11,0,0.0,False,0,0,0,0.0
2014-02-17,11,0,0.0,False,0,0,0,0.0
2014-02-18,10,0,0.0,False,0,0,0,0.0
2014-02-19,10,0,0.0,False,0,0,0,0.0
2014-02-20,10,0,0.0,False,0,0,0,0.0
2014-02-21,10,0,0.0,False,0,0,0,0.0
2014-02-24,10,0,0.0,False,0,0,0,0.0
2014-02-25,10,2,0.2,True,0,0,0,0.0
2014-02-26,10,1,0.1,True,0,0,0,0.0
2014-02-27,10,1,0.1,True,0,0,0,0.0
2014-02-28,10,0,0.0,False,0,0,0,0.0
2014-03-03,10,0,0.0,False,0,0,0,0.0
2014-03-04,10,0,0.0,False,0,0,0,0.0
2014-03-05,10,0,0.0,False,0,0,0,0.0
2014-03-06,10,0,0.0,False,0,0,0,0.0
2014-03-07,10,0,0.0,False,0,0,0,0.0
2014-03-10,10,1,0.1,True,0,0,0,0.0
2014-03-11,10,0,0.0,False,0,0,0,0.0
2014-03-12,10,0,0.0,False,0,0,0,0.0
2014-03-13,10,0,0.0,False,0,0,0,0.0
2014-03-14,10,0,0.0,False,0,0,0,0.0
2014-03-17,10,0,0.0,False,0,0,0,0.0
2014-03-18,10,0,0.0,False,0,0,0,0.0
2014-03-19,10,0,0.0,False,0,0,0,0.0
2014-03-20,10,0,0.0,False,0,0,0,0.0
2014-03-21,10,0,0.0,False,0,0,0,0.0
2014-03-24,10,0,0.0,False,0,0,0,0.0
2014-03-25,10,0,0.0,False,0,0,0,0.0
2014-03-26,10,0,0.0,False,0,0,0,0.0
2014-03-27,10,0,0.0,False,0,0,0,0.0
2014-03-28,10,0,0.0,False,0,0,0,0.0
2014-03-31,10,0,0.0,False,0,0,0,0.0
2014-04-01,10,0,0.0,False,0,0,0,0.0
2014-04-02,10,0,0.0,False,0,0,0,0.0
2014-04-03,10,0,0.0,False,0,0,0,0.0
2014-04-04,10,0,0.0,False,0,0,0,0.0
2014-04-08,10,0,0.0,False,0,0,0,0.0
2014-04-09,9,0,0.0,False,0,0,0,0.0
2014-04-10,10,0,0.0,False,0,0,0,0.0
2014-04-11,10,0,0.0,False,0,0,0,0.0
2014-04-14,10,0,0.0,False,0,0,0,0.0
2014-04-15,10,0,0.0,False,0,0,0,0.0
2014-04-16,10,0,0.0,False,0,0,0,0.0
2014-04-17,10,0,0.0,False,0,0,0,0.0
2014-04-18,10,0,0.0,False,0,0,0,0.0
2014-04-21,10,0,0.0,False,0,0,0,0.0
2014-04-22,10,0,0.0,False,0,0,0,0.0
2014-04-23,10,0,0.0,False,0,0,0,0.0
2014-04-24,10,1,0.1,True,0,0,0,0.0
2014-04-25,10,1,0.1,True,0,0,0,0.0
2014-04-28,10,2,0.2,True,0,0,0,0.0
2014-04-29,10,0,0.0,False,0,0,0,0.0
2014-04-30,10,0,0.0,False,0,0,0,0.0
2014-05-05,10,0,0.0,False,0,0,0,0.0
2014-05-06,10,0,0.0,False,0,0,0,0.0
2014-05-07,10,0,0.0,False,0,0,0,0.0
2014-05-08,10,0,0.0,False,0,0,0,0.0
2014-05-09,10,0,0.0,False,0,0,0,0.0
2014-05-12,10,0,0.0,False,0,0,0,0.0
2014-05-13,10,0,0.0,False,0,0,0,0.0
2014-05-14,10,0,0.0,False,0,0,0,0.0
2014-05-15,10,0,0.0,False,0,0,0,0.0
2014-05-16,10,0,0.0,False,0,0,0,0.0
2014-05-19,9,0,0.0,False,0,0,0,0.0
2014-05-20,9,0,0.0,False,0,0,0,0.0
2014-05-21,9,0,0.0,False,0,0,0,0.0
2014-05-22,9,0,0.0,False,0,0,0,0.0
2014-05-23,9,0,0.0,False,0,0,0,0.0
2014-05-26,9,0,0.0,False,0,0,0,0.0
2014-05-27,9,0,0.0,False,0,0,0,0.0
2014-05-28,9,0,0.0,False,0,0,0,0.0
2014-05-29,9,0,0.0,False,0,0,0,0.0
2014-05-30,9,0,0.0,False,0,0,0,0.0
2014-06-03,9,0,0.0,False,0,0,0,0.0
2014-06-04,9,0,0.0,False,0,0,0,0.0
2014-06-05,9,0,0.0,False,0,0,0,0.0
2014-06-06,9,0,0.0,False,0,0,0,0.0
2014-06-09,9,0,0.0,False,0,0,0,0.0
2014-06-10,8,0,0.0,False,0,0,0,0.0
2014-06-11,8,0,0.0,False,0,0,0,0.0
2014-06-12,8,0,0.0,False,0,0,0,0.0
2014-06-13,8,0,0.0,False,0,0,0,0.0
2014-06-16,8,0,0.0,False,0,0,0,0.0
2014-06-17,8,0,0.0,False,0,0,0,0.0
2014-06-18,8,0,0.0,False,0,0,0,0.0
2014-06-19,8,0,0.0,False,0,0,0,0.0
2014-06-20,8,0,0.0,False,0,0,0,0.0
2014-06-23,8,0,0.0,False,0,0,0,0.0
2014-06-24,8,0,0.0,False,0,0,0,0.0
2014-06-25,8,0,0.0,False,0,0,0,0.0
2014-06-26,8,0,0.0,False,0,0,0,0.0
2014-06-27,8,0,0.0,False,0,0,0,0.0
2014-06-30,8,0,0.0,False,0,0,0,0.0
2014-07-01,8,0,0.0,False,0,0,0,0.0
2014-07-02,7,0,0.0,False,0,0,0,0.0
2014-07-03,7,0,0.0,False,0,0,0,0.0
2014-07-04,7,0,0.0,False,0,0,0,0.0
2014-07-07,7,0,0.0,False,0,0,0,0.0
2014-07-08,7,0,0.0,False,0,0,0,0.0
2014-07-09,7,0,0.0,False,0,0,0,0.0
2014-07-10,7,0,0.0,False,0,0,0,0.0
2014-07-11,7,0,0.0,False,0,0,0,0.0
2014-07-14,7,0,0.0,False,0,0,0,0.0
2014-07-15,7,0,0.0,False,0,0,0,0.0
2014-07-16,7,0,0.0,False,0,0,0,0.0
2014-07-17,7,0,0.0,False,0,0,0,0.0
2014-07-18,7,0,0.0,False,0,0,0,0.0
2014-07-21,7,0,0.0,False,0,0,0,0.0
2014-07-22,7,0,0.0,False,0,0,0,0.0
2014-07-23,7,0,0.0,False,0,0,0,0.0
2014-07-24,7,0,0.0,False,0,0,0,0.0
2014-07-25,7,0,0.0,False,0,0,0,0.0
2014-07-28,7,0,0.0,False,0,0,0,0.0
2014-07-29,7,0,0.0,False,0,0,0,0.0
2014-07-30,7,0,0.0,False,0,0,0,0.0
2014-07-31,7,0,0.0,False,0,0,0,0.0
2014-08-01,7,0,0.0,False,0,0,0,0.0
2014-08-04,7,0,0.0,False,0,0,0,0.0
2014-08-05,7,0,0.0,False,0,0,0,0.0
2014-08-06,7,0,0.0,False,0,0,0,0.0
2014-08-07,7,0,0.0,False,0,0,0,0.0
2014-08-08,7,0,0.0,False,0,0,0,0.0
2014-08-11,7,0,0.0,False,0,0,0,0.0
2014-08-12,7,0,0.0,False,0,0,0,0.0
2014-08-13,7,0,0.0,False,0,0,0,0.0
2014-08-14,7,0,0.0,False,0,0,0,0.0
2014-08-15,7,0,0.0,False,0,0,0,0.0
2014-08-18,7,0,0.0,False,0,0,0,0.0
2014-08-19,7,0,0.0,False,0,0,0,0.0
2014-08-20,7,0,0.0,False,0,0,0,0.0
2014-08-21,7,0,0.0,False,0,0,0,0.0
2014-08-22,7,0,0.0,False,0,0,0,0.0
2014-08-25,7,0,0.0,False,0,0,0,0.0
2014-08-26,7,0,0.0,False,0,0,0,0.0
2014-08-27,8,0,0.0,False,0,0,0,0.0
2014-08-28,8,0,0.0,False,0,0,0,0.0
2014-08-29,7,0,0.0,False,0,0,0,0.0
2014-09-01,8,0,0.0,False,0,0,0,0.0
2014-09-02,8,0,0.0,False,0,0,0,0.0
2014-09-03,8,0,0.0,False,0,0,0,0.0
2014-09-04,8,0,0.0,False,0,0,0,0.0
2014-09-05,8,0,0.0,False,0,0,0,0.0
2014-09-09,8,0,0.0,False,0,0,0,0.0
2014-09-10,8,0,0.0,False,0,0,0,0.0
2014-09-11,8,0,0.0,False,0,0,0,0.0
2014-09-12,8,0,0.0,False,0,0,0,0.0
2014-09-15,8,0,0.0,False,0,0,0,0.0
2014-09-16,8,0,0.0,False,0,0,0,0.0
2014-09-17,8,0,0.0,False,0,0,0,0.0
2014-09-18,8,0,0.0,False,0,0,0,0.0
2014-09-19,8,0,0.0,False,0,0,0,0.0
2014-09-22,8,0,0.0,False,0,0,0,0.0
2014-09-23,8,0,0.0,False,0,0,0,0.0
2014-09-24,8,0,0.0,False,0,0,0,0.0
2014-09-25,8,0,0.0,False,0,0,0,0.0
2014-09-26,8,0,0.0,False,0,0,0,0.0
2014-09-29,8,0,0.0,False,0,0,0,0.0
2014-09-30,8,0,0.0,False,0,0,0,0.0
2014-10-08,8,0,0.0,False,0,0,0,0.0
2014-10-09,8,0,0.0,False,0,0,0,0.0
2014-10-10,8,0,0.0,False,0,0,0,0.0
2014-10-13,8,0,0.0,False,0,0,0,0.0
2014-10-14,8,0,0.0,False,0,0,0,0.0
2014-10-15,8,0,0.0,False,0,0,0,0.0
2014-10-16,8,0,0.0,False,0,0,0,0.0
2014-10-17,8,0,0.0,False,0,0,0,0.0
2014-10-20,8,0,0.0,False,0,0,0,0.0
2014-10-21,10,0,0.0,False,0,0,0,0.0
2014-10-22,10,0,0.0,False,0,0,0,0.0
2014-10-23,10,0,0.0,False,0,0,0,0.0
2014-10-24,10,0,0.0,False,0,0,0,0.0
2014-10-27,10,2,0.2,True,0,0,0,0.0
2014-10-28,9,0,0.0,False,0,0,0,0.0
2014-10-29,9,0,0.0,False,0,0,0,0.0
2014-10-30,9,0,0.0,False,0,0,0,0.0
2014-10-31,9,0,0.0,False,0,0,0,0.0
2014-11-03,9,0,0.0,False,0,0,0,0.0
2014-11-04,9,0,0.0,False,0,0,0,0.0
2014-11-05,9,0,0.0,False,0,0,0,0.0
2014-11-06,9,0,0.0,False,0,0,0,0.0
2014-11-07,9,0,0.0,False,0,0,0,0.0
2014-11-10,10,0,0.0,False,0,0,0,0.0
2014-11-11,10,0,0.0,False,0,0,0,0.0
2014-11-12,11,0,0.0,False,0,0,0,0.0
2014-11-13,11,0,0.0,False,0,0,0,0.0
2014-11-14,11,0,0.0,False,0,0,0,0.0
2014-11-17,11,0,0.0,False,0,0,0,0.0
2014-11-18,11,0,0.0,False,0,0,0,0.0
2014-11-19,11,0,0.0,False,0,0,0,0.0
2014-11-20,11,0,0.0,False,0,0,0,0.0
2014-11-21,11,0,0.0,False,0,0,0,0.0
2014-11-24,11,0,0.0,False,0,0,0,0.0
2014-11-25,11,0,0.0,False,0,0,0,0.0
2014-11-26,11,0,0.0,False,0,0,0,0.0
2014-11-27,11,0,0.0,False,0,0,0,0.0
2014-11-28,11,0,0.0,False,0,0,0,0.0
2014-12-01,11,0,0.0,False,0,0,0,0.0
2014-12-02,11,0,0.0,False,0,0,0,0.0
2014-12-03,11,0,0.0,False,0,0,0,0.0
2014-12-04,12,0,0.0,False,0,0,0,0.0
2014-12-05,12,0,0.0,False,0,0,0,0.0
2014-12-08,13,0,0.0,False,0,0,0,0.0
2014-12-09,13,0,0.0,False,0,0,0,0.0
2014-12-10,13,0,0.0,False,0,0,0,0.0
2014-12-11,13,0,0.0,False,0,0,0,0.0
2014-12-12,14,0,0.0,False,0,0,0,0.0
2014-12-15,14,0,0.0,False,0,0,0,0.0
2014-12-16,14,0,0.0,False,0,0,0,0.0
2014-12-17,14,0,0.0,False,0,0,0,0.0
2014-12-18,15,0,0.0,False,0,0,0,0.0
2014-12-19,15,0,0.0,False,0,0,0,0.0
2014-12-22,15,0,0.0,False,0,0,0,0.0
2014-12-23,15,0,0.0,False,0,0,0,0.0
2014-12-24,15,0,0.0,False,0,0,0,0.0
2014-12-25,16,0,0.0,False,0,0,0,0.0
2014-12-26,16,0,0.0,False,0,0,0,0.0
2014-12-29,16,0,0.0,False,0,0,0,0.0
2014-12-30,16,0,0.0,False,0,0,0,0.0
2014-12-31,16,0,0.0,False,0,0,0,0.0
2015-01-05,16,0,0.0,False,0,0,0,0.0
2015-01-06,16,0,0.0,False,0,0,0,0.0
2015-01-07,17,0,0.0,False,0,0,0,0.0
2015-01-08,17,0,0.0,False,0,0,0,0.0
2015-01-09,18,0,0.0,False,0,0,0,0.0
2015-01-12,18,0,0.0,False,0,0,0,0.0
2015-01-13,18,0,0.0,False,0,0,0,0.0
2015-01-14,18,0,0.0,False,0,0,0,0.0
2015-01-15,18,0,0.0,False,0,0,0,0.0
2015-01-16,18,0,0.0,False,0,0,0,0.0
2015-01-19,18,0,0.0,False,0,0,0,0.0
2015-01-20,18,0,0.0,False,0,0,0,0.0
2015-01-21,19,0,0.0,False,0,0,0,0.0
2015-01-22,19,0,0.0,False,0,0,0,0.0
2015-01-23,19,0,0.0,False,0,0,0,0.0
2015-01-26,20,0,0.0,False,0,0,0,0.0
2015-01-27,20,0,0.0,False,0,0,0,0.0
2015-01-28,20,0,0.0,False,0,0,0,0.0
2015-01-29,20,0,0.0,False,0,0,0,0.0
2015-01-30,20,0,0.0,False,0,0,0,0.0
2015-02-02,20,3,0.15,True,0,0,0,0.0
2015-02-03,20,0,0.0,False,0,0,0,0.0
2015-02-04,20,0,0.0,False,0,0,0,0.0
2015-02-05,20,0,0.0,False,0,0,0,0.0
2015-02-06,20,1,0.05,False,0,0,0,0.0
2015-02-09,20,0,0.0,False,1,1,0,0.19994759426053055
2015-02-10,20,0,0.0,False,1,0,0,0.20190016329902769
2015-02-11,20,0,0.0,False,1,0,0,0.20190016329902769
2015-02-12,20,0,0.0,False,1,0,0,0.20243102914119895
2015-02-13,20,0,0.0,False,1,0,0,0.20454744901234145
2015-02-16,20,0,0.0,False,1,0,0,0.20525042846082572
2015-02-17,20,0,0.0,False,1,0,0,0.205952166493315
2015-02-25,20,0,0.0,False,0,0,1,0.0
2015-02-26,20,0,0.0,False,0,0,0,0.0
2015-02-27,20,0,0.0,False,0,0,0,0.0
2015-03-02,20,0,0.0,False,0,0,0,0.0
2015-03-03,20,0,0.0,False,0,0,0,0.0
2015-03-04,20,0,0.0,False,0,0,0,0.0
2015-03-05,20,0,0.0,False,0,0,0,0.0
2015-03-06,20,0,0.0,False,0,0,0,0.0
2015-03-09,21,0,0.0,False,0,0,0,0.0
2015-03-10,21,0,0.0,False,0,0,0,0.0
2015-03-11,21,0,0.0,False,0,0,0,0.0
2015-03-12,21,0,0.0,False,0,0,0,0.0
2015-03-13,20,0,0.0,False,0,0,0,0.0
2015-03-16,20,0,0.0,False,0,0,0,0.0
2015-03-17,20,0,0.0,False,0,0,0,0.0
2015-03-18,20,0,0.0,False,0,0,0,0.0
2015-03-19,21,0,0.0,False,0,0,0,0.0
2015-03-20,22,0,0.0,False,0,0,0,0.0
2015-03-23,22,0,0.0,False,0,0,0,0.0
2015-03-24,21,0,0.0,False,0,0,0,0.0
2015-03-25,21,0,0.0,False,0,0,0,0.0
2015-03-26,21,0,0.0,False,0,0,0,0.0
2015-03-27,21,0,0.0,False,0,0,0,0.0
2015-03-30,21,0,0.0,False,0,0,0,0.0
2015-03-31,21,0,0.0,False,0,0,0,0.0
2015-04-01,21,0,0.0,False,0,0,0,0.0
2015-04-02,21,0,0.0,False,0,0,0,0.0
2015-04-03,20,0,0.0,False,0,0,0,0.0
2015-04-07,20,0,0.0,False,0,0,0,0.0
2015-04-08,20,0,0.0,False,0,0,0,0.0
2015-04-09,20,0,0.0,False,0,0,0,0.0
2015-04-10,20,0,0.0,False,0,0,0,0.0
2015-04-13,20,0,0.0,False,0,0,0,0.0
2015-04-14,20,0,0.0,False,0,0,0,0.0
2015-04-15,20,0,0.0,False,0,0,0,0.0
2015-04-16,19,0,0.0,False,0,0,0,0.0
2015-04-17,19,0,0.0,False,0,0,0,0.0
2015-04-20,19,0,0.0,False,0,0,0,0.0
2015-04-21,19,0,0.0,False,0,0,0,0.0
2015-04-22,20,0,0.0,False,0,0,0,0.0
2015-04-23,20,0,0.0,False,0,0,0,0.0
2015-04-24,21,0,0.0,False,0,0,0,0.0
2015-04-27,21,0,0.0,False,0,0,0,0.0
2015-04-28,21,0,0.0,False,0,0,0,0.0
2015-04-29,20,0,0.0,False,0,0,0,0.0
2015-04-30,21,0,0.0,False,0,0,0,0.0
2015-05-04,21,0,0.0,False,0,0,0,0.0
2015-05-05,21,0,0.0,False,0,0,0,0.0
2015-05-06,21,0,0.0,False,0,0,0,0.0
2015-05-07,22,0,0.0,False,0,0,0,0.0
2015-05-08,23,0,0.0,False,0,0,0,0.0
2015-05-11,24,0,0.0,False,0,0,0,0.0
2015-05-12,23,0,0.0,False,0,0,0,0.0
2015-05-13,23,0,0.0,False,0,0,0,0.0
2015-05-14,22,0,0.0,False,0,0,0,0.0
2015-05-15,25,0,0.0,False,0,0,0,0.0
2015-05-18,25,1,0.04,False,0,0,0,0.0
2015-05-19,25,0,0.0,False,1,1,0,0.20647952981476206
2015-05-20,25,0,0.0,False,1,0,0,0.20668665685301973
2015-05-21,25,0,0.0,False,1,0,0,0.2090608692220612
2015-05-22,25,0,0.0,False,0,0,1,0.0
2015-05-25,25,0,0.0,False,0,0,0,0.0
2015-05-26,25,0,0.0,False,0,0,0,0.0
2015-05-27,26,0,0.0,False,0,0,0,0.0
2015-05-28,27,0,0.0,False,0,0,0,0.0
2015-05-29,27,0,0.0,False,0,0,0,0.0
2015-06-01,27,0,0.0,False,0,0,0,0.0
2015-06-02,27,0,0.0,False,0,0,0,0.0
2015-06-03,27,0,0.0,False,0,0,0,0.0
2015-06-04,27,0,0.0,False,0,0,0,0.0
2015-06-05,27,0,0.0,False,0,0,0,0.0
2015-06-08,27,0,0.0,False,0,0,0,0.0
2015-06-09,27,0,0.0,False,0,0,0,0.0
2015-06-10,27,0,0.0,False,0,0,0,0.0
2015-06-11,27,0,0.0,False,0,0,0,0.0
2015-06-12,27,0,0.0,False,0,0,0,0.0
2015-06-15,27,0,0.0,False,0,0,0,0.0
2015-06-16,27,0,0.0,False,0,0,0,0.0
2015-06-17,27,0,0.0,False,0,0,0,0.0
2015-06-18,28,1,0.0357,False,0,0,0,0.0
2015-06-19,30,9,0.3,True,1,1,0,0.19301789865580105
2015-06-23,31,0,0.0,False,1,0,0,0.19152210110691922
2015-06-24,31,0,0.0,False,1,0,0,0.19236823253100616
2015-06-25,32,0,0.0,False,1,0,0,0.19142435645754713
2015-06-26,33,13,0.3939,True,1,0,0,0.17649005379010968
2015-06-29,33,13,0.3939,True,1,1,0,0.3566390237186175
2015-06-30,33,0,0.0,False,1,0,0,0.37830088242485616
2015-07-01,33,2,0.0606,False,1,0,0,0.3732183313138694
2015-07-02,33,4,0.1212,True,3,2,0,0.7615845269304704
2015-07-03,33,7,0.2121,True,3,0,0,0.7488556335473204
2015-07-06,34,1,0.0294,False,3,0,0,0.7530159370955374
2015-07-07,34,0,0.0,False,3,2,0,0.9999763823200738
2015-07-08,34,2,0.0588,False,3,0,0,0.9999737738995208
2015-07-09,34,0,0.0,False,3,0,0,0.9999761574231167
2015-07-10,34,0,0.0,False,3,0,0,0.999978323247032
2015-07-13,34,0,0.0,False,2,0,1,0.6192632113993585
2015-07-14,34,0,0.0,False,2,0,0,0.6319476655975597
2015-07-15,34,0,0.0,False,2,0,0,0.6100970702383621
2015-07-16,34,0,0.0,False,2,0,0,0.608866566459416
2015-07-17,34,0,0.0,False,2,0,0,0.6250855130640279
2015-07-20,34,0,0.0,False,0,0,2,0.0
2015-07-21,34,0,0.0,False,0,0,0,0.0
2015-07-22,33,0,0.0,False,0,0,0,0.0
2015-07-23,33,0,0.0,False,0,0,0,0.0
2015-07-24,34,0,0.0,False,0,0,0,0.0
2015-07-27,34,3,0.0882,False,0,0,0,0.0
2015-07-28,35,3,0.0857,False,2,3,1,0.3832962397506446
2015-07-29,35,0,0.0,False,3,1,0,0.5807096055650409
2015-07-30,36,0,0.0,False,3,0,0,0.5716020593428267
2015-07-31,37,0,0.0,False,3,0,0,0.562495751097006
2015-08-03,37,0,0.0,False,3,0,0,0.563376226138332
2015-08-04,37,0,0.0,False,3,0,0,0.5759278242083453
2015-08-05,37,0,0.0,False,3,0,0,0.5738586391540179
2015-08-06,36,0,0.0,False,3,0,0,0.5714471799857785
2015-08-07,36,0,0.0,False,3,0,0,0.5739604502612112
2015-08-10,35,0,0.0,False,1,0,2,0.1882707727961037
2015-08-11,34,0,0.0,False,1,0,0,0.1882707727961037
2015-08-12,34,0,0.0,False,1,0,0,0.1882707727961037
2015-08-13,34,0,0.0,False,1,0,0,0.1882707727961037
2015-08-14,34,0,0.0,False,1,0,0,0.1882707727961037
2015-08-17,34,0,0.0,False,1,0,0,0.1882707727961037
2015-08-18,34,0,0.0,False,1,0,0,0.1882707727961037
2015-08-19,35,0,0.0,False,1,0,0,0.1882707727961037
2015-08-20,35,0,0.0,False,1,0,0,0.1882707727961037
2015-08-21,36,6,0.1667,True,1,0,0,0.1882707727961037
2015-08-24,36,13,0.3611,True,1,0,0,0.1882707727961037
2015-08-25,35,13,0.3714,True,1,0,0,0.1882707727961037
2015-08-26,35,13,0.3714,True,1,0,0,0.1882707727961037
2015-08-27,35,0,0.0,False,1,0,0,0.1882707727961037
2015-08-28,35,0,0.0,False,1,0,0,0.1882707727961037
2015-08-31,35,0,0.0,False,1,0,0,0.1882707727961037
2015-09-01,35,0,0.0,False,1,0,0,0.1882707727961037
2015-09-02,35,0,0.0,False,1,0,0,0.1882707727961037
2015-09-07,35,0,0.0,False,1,0,0,0.1882707727961037
2015-09-08,34,0,0.0,False,1,0,0,0.1882707727961037
2015-09-09,35,0,0.0,False,1,0,0,0.1882707727961037
2015-09-10,35,0,0.0,False,1,0,0,0.1882707727961037
2015-09-11,34,0,0.0,False,1,0,0,0.1882707727961037
2015-09-14,34,0,0.0,False,1,0,0,0.1882707727961037
2015-09-15,32,0,0.0,False,1,0,0,0.1882707727961037
2015-09-16,33,0,0.0,False,1,0,0,0.1882707727961037
2015-09-17,32,0,0.0,False,1,0,0,0.1882707727961037
2015-09-18,32,0,0.0,False,1,0,0,0.1882707727961037
2015-09-21,32,0,0.0,False,1,0,0,0.1882707727961037
2015-09-22,32,0,0.0,False,1,0,0,0.1882707727961037
2015-09-23,31,0,0.0,False,1,0,0,0.1882707727961037
2015-09-24,31,0,0.0,False,1,0,0,0.1882707727961037
2015-09-25,31,0,0.0,False,1,0,0,0.1882707727961037
2015-09-28,28,0,0.0,False,1,0,0,0.1882707727961037
2015-09-29,28,2,0.0714,False,1,0,0,0.1882707727961037
2015-09-30,28,0,0.0,False,3,2,0,0.5649298742279135
2015-10-08,27,0,0.0,False,1,0,2,0.1868422573693673
2015-10-09,27,0,0.0,False,1,0,0,0.1868422573693673
2015-10-12,27,0,0.0,False,1,0,0,0.1868422573693673
2015-10-13,27,0,0.0,False,1,0,0,0.1868422573693673
2015-10-14,27,0,0.0,False,1,0,0,0.1868422573693673
2015-10-15,27,0,0.0,False,1,0,0,0.1868422573693673
2015-10-16,27,0,0.0,False,1,0,0,0.1868422573693673
2015-10-19,25,0,0.0,False,1,0,0,0.1868422573693673
2015-10-20,24,0,0.0,False,1,0,0,0.1868422573693673
2015-10-21,25,0,0.0,False,1,0,0,0.1868422573693673
2015-10-22,25,0,0.0,False,1,0,0,0.1868422573693673
2015-10-23,24,0,0.0,False,1,0,0,0.1868422573693673
2015-10-26,23,0,0.0,False,1,0,0,0.1868422573693673
2015-10-27,22,0,0.0,False,1,0,0,0.1868422573693673
2015-10-28,20,0,0.0,False,1,0,0,0.1868422573693673
2015-10-29,19,0,0.0,False,1,0,0,0.1868422573693673
2015-10-30,18,0,0.0,False,1,0,0,0.1868422573693673
2015-11-02,18,0,0.0,False,1,0,0,0.1868422573693673
2015-11-03,15,0,0.0,False,1,0,0,0.1868422573693673
2015-11-04,16,0,0.0,False,1,0,0,0.1868422573693673
2015-11-05,16,0,0.0,False,1,0,0,0.1868422573693673
2015-11-06,16,0,0.0,False,1,0,0,0.1868422573693673
2015-11-09,16,0,0.0,False,1,0,0,0.1868422573693673
2015-11-10,16,0,0.0,False,1,0,0,0.1868422573693673
2015-11-11,16,0,0.0,False,1,0,0,0.1868422573693673
2015-11-12,15,0,0.0,False,1,0,0,0.1868422573693673
2015-11-13,14,0,0.0,False,1,0,0,0.1868422573693673
2015-11-16,14,0,0.0,False,1,0,0,0.1868422573693673
2015-11-17,13,0,0.0,False,1,0,0,0.1868422573693673
2015-11-18,13,0,0.0,False,1,0,0,0.1868422573693673
2015-11-19,13,0,0.0,False,1,0,0,0.1868422573693673
2015-11-20,13,0,0.0,False,1,0,0,0.1868422573693673
2015-11-23,13,0,0.0,False,1,0,0,0.1868422573693673
2015-11-24,12,0,0.0,False,1,0,0,0.1868422573693673
2015-11-25,11,0,0.0,False,1,0,0,0.1868422573693673
2015-11-26,11,0,0.0,False,1,0,0,0.1868422573693673
2015-11-27,11,0,0.0,False,1,0,0,0.1868422573693673
2015-11-30,11,0,0.0,False,1,0,0,0.1868422573693673
2015-12-01,10,0,0.0,False,1,0,0,0.1868422573693673
2015-12-02,10,0,0.0,False,1,0,0,0.1868422573693673
2015-12-03,8,0,0.0,False,1,0,0,0.1868422573693673
2015-12-04,7,0,0.0,False,1,0,0,0.1868422573693673
2015-12-07,7,0,0.0,False,1,0,0,0.1868422573693673
2015-12-08,7,0,0.0,False,1,0,0,0.1868422573693673
2015-12-09,7,0,0.0,False,1,0,0,0.1868422573693673
2015-12-10,7,0,0.0,False,1,0,0,0.1868422573693673
2015-12-11,7,0,0.0,False,1,0,0,0.1868422573693673
2015-12-14,7,0,0.0,False,1,0,0,0.1868422573693673
2015-12-15,7,0,0.0,False,1,0,0,0.1868422573693673
2015-12-16,7,0,0.0,False,1,0,0,0.1868422573693673
2015-12-17,7,0,0.0,False,1,0,0,0.1868422573693673
2015-12-18,7,0,0.0,False,1,0,0,0.1868422573693673
2015-12-21,7,0,0.0,False,1,0,0,0.1868422573693673
2015-12-22,7,0,0.0,False,1,0,0,0.1868422573693673
2015-12-23,7,0,0.0,False,1,0,0,0.1868422573693673
2015-12-24,7,0,0.0,False,1,0,0,0.1868422573693673
2015-12-25,7,0,0.0,False,1,0,0,0.1868422573693673
2015-12-28,7,0,0.0,False,1,0,0,0.1868422573693673
2015-12-29,7,0,0.0,False,1,0,0,0.1868422573693673
2015-12-30,7,0,0.0,False,1,0,0,0.1868422573693673
2015-12-31,7,0,0.0,False,1,0,0,0.1868422573693673
2016-01-04,7,2,0.2857,True,1,0,0,0.1868422573693673
2016-01-05,7,1,0.1429,True,1,0,0,0.1868422573693673
2016-01-06,7,0,0.0,False,1,0,0,0.1868422573693673
2016-01-07,7,2,0.2857,True,1,0,0,0.1868422573693673
2016-01-08,7,0,0.0,False,1,0,0,0.1868422573693673
2016-01-11,7,2,0.2857,True,1,0,0,0.1868422573693673
2016-01-12,7,0,0.0,False,1,0,0,0.1868422573693673
2016-01-13,7,0,0.0,False,1,0,0,0.1868422573693673
2016-01-14,7,0,0.0,False,1,0,0,0.1868422573693673
2016-01-15,7,0,0.0,False,1,0,0,0.1868422573693673
2016-01-18,7,0,0.0,False,1,0,0,0.1868422573693673
2016-01-19,7,0,0.0,False,1,0,0,0.1868422573693673
2016-01-20,7,0,0.0,False,1,0,0,0.1868422573693673
2016-01-21,7,0,0.0,False,1,0,0,0.1868422573693673
2016-01-22,7,0,0.0,False,1,0,0,0.1868422573693673
2016-01-25,7,0,0.0,False,1,0,0,0.1868422573693673
2016-01-26,7,0,0.0,False,1,0,0,0.1868422573693673
2016-01-27,7,0,0.0,False,1,0,0,0.1868422573693673
2016-01-28,7,0,0.0,False,1,0,0,0.1868422573693673
2016-01-29,7,0,0.0,False,1,0,0,0.1868422573693673
2016-02-01,7,0,0.0,False,1,0,0,0.1868422573693673
2016-02-02,7,0,0.0,False,1,0,0,0.1868422573693673
2016-02-03,7,0,0.0,False,1,0,0,0.1868422573693673
2016-02-04,7,0,0.0,False,1,0,0,0.1868422573693673
2016-02-05,7,0,0.0,False,1,0,0,0.1868422573693673
2016-02-15,7,0,0.0,False,1,0,0,0.1868422573693673
2016-02-16,7,0,0.0,False,1,0,0,0.1868422573693673
2016-02-17,7,0,0.0,False,1,0,0,0.1868422573693673
2016-02-18,7,0,0.0,False,1,0,0,0.1868422573693673
2016-02-19,7,0,0.0,False,1,0,0,0.1868422573693673
2016-02-22,7,0,0.0,False,1,0,0,0.1868422573693673
2016-02-23,7,0,0.0,False,1,0,0,0.1868422573693673
2016-02-24,7,0,0.0,False,1,0,0,0.1868422573693673
2016-02-25,7,0,0.0,False,1,0,0,0.1868422573693673
2016-02-26,7,0,0.0,False,1,0,0,0.1868422573693673
2016-02-29,7,0,0.0,False,1,0,0,0.1868422573693673
2016-03-01,7,0,0.0,False,1,0,0,0.1868422573693673
2016-03-02,7,0,0.0,False,1,0,0,0.1868422573693673
2016-03-03,7,0,0.0,False,1,0,0,0.1868422573693673
2016-03-04,7,0,0.0,False,1,0,0,0.1868422573693673
2016-03-07,7,0,0.0,False,1,0,0,0.1868422573693673
2016-03-08,7,0,0.0,False,1,0,0,0.1868422573693673
2016-03-09,7,0,0.0,False,1,0,0,0.1868422573693673
2016-03-10,7,0,0.0,False,1,0,0,0.1868422573693673
2016-03-11,7,0,0.0,False,1,0,0,0.1868422573693673
2016-03-14,7,0,0.0,False,1,0,0,0.1868422573693673
2016-03-15,7,0,0.0,False,1,0,0,0.1868422573693673
2016-03-16,7,0,0.0,False,1,0,0,0.1868422573693673
2016-03-17,7,0,0.0,False,1,0,0,0.1868422573693673
2016-03-18,7,0,0.0,False,1,0,0,0.1868422573693673
2016-03-21,7,0,0.0,False,1,0,0,0.1868422573693673
2016-03-22,7,0,0.0,False,1,0,0,0.1868422573693673
2016-03-23,7,0,0.0,False,1,0,0,0.1868422573693673
2016-03-24,7,0,0.0,False,1,0,0,0.1868422573693673
2016-03-25,7,0,0.0,False,1,0,0,0.1868422573693673
2016-03-28,7,0,0.0,False,1,0,0,0.1868422573693673
2016-03-29,7,0,0.0,False,1,0,0,0.1868422573693673
2016-03-30,7,0,0.0,False,1,0,0,0.1868422573693673
2016-03-31,7,0,0.0,False,1,0,0,0.1868422573693673
2016-04-01,7,0,0.0,False,1,0,0,0.1868422573693673
2016-04-05,7,0,0.0,False,1,0,0,0.1868422573693673
2016-04-06,7,0,0.0,False,1,0,0,0.1868422573693673
2016-04-07,7,0,0.0,False,1,0,0,0.1868422573693673
2016-04-08,7,0,0.0,False,1,0,0,0.1868422573693673
2016-04-11,7,0,0.0,False,1,0,0,0.1868422573693673
2016-04-12,7,0,0.0,False,1,0,0,0.1868422573693673
2016-04-13,7,0,0.0,False,1,0,0,0.1868422573693673
2016-04-14,7,0,0.0,False,1,0,0,0.1868422573693673
2016-04-15,7,0,0.0,False,1,0,0,0.1868422573693673
2016-04-18,7,0,0.0,False,1,0,0,0.1868422573693673
2016-04-19,7,0,0.0,False,1,0,0,0.1868422573693673
2016-04-20,7,0,0.0,False,1,0,0,0.1868422573693673
2016-04-21,7,1,0.1429,True,1,0,0,0.1868422573693673
2016-04-22,7,0,0.0,False,1,0,0,0.1868422573693673
2016-04-25,7,0,0.0,False,1,0,0,0.1868422573693673
2016-04-26,7,0,0.0,False,1,0,0,0.1868422573693673
2016-04-27,7,0,0.0,False,1,0,0,0.1868422573693673
2016-04-28,7,0,0.0,False,1,0,0,0.1868422573693673
2016-04-29,7,0,0.0,False,1,0,0,0.1868422573693673
2016-05-03,7,0,0.0,False,1,0,0,0.1868422573693673
2016-05-04,7,0,0.0,False,1,0,0,0.1868422573693673
2016-05-05,7,0,0.0,False,1,0,0,0.1868422573693673
2016-05-06,7,0,0.0,False,1,0,0,0.1868422573693673
2016-05-09,7,2,0.2857,True,1,0,0,0.1868422573693673
2016-05-10,7,1,0.1429,True,1,0,0,0.1868422573693673
2016-05-11,7,0,0.0,False,1,0,0,0.1868422573693673
2016-05-12,7,0,0.0,False,1,0,0,0.1868422573693673
2016-05-13,7,0,0.0,False,1,0,0,0.1868422573693673
2016-05-16,7,0,0.0,False,1,0,0,0.1868422573693673
2016-05-17,7,0,0.0,False,1,0,0,0.1868422573693673
2016-05-18,7,0,0.0,False,1,0,0,0.1868422573693673
2016-05-19,7,0,0.0,False,1,0,0,0.1868422573693673
2016-05-20,7,0,0.0,False,1,0,0,0.1868422573693673
2016-05-23,7,0,0.0,False,1,0,0,0.1868422573693673
2016-05-24,7,0,0.0,False,1,0,0,0.1868422573693673
2016-05-25,7,0,0.0,False,1,0,0,0.1868422573693673
2016-05-26,7,0,0.0,False,1,0,0,0.1868422573693673
2016-05-27,7,0,0.0,False,1,0,0,0.1868422573693673
2016-05-30,7,0,0.0,False,1,0,0,0.1868422573693673
2016-05-31,7,0,0.0,False,1,0,0,0.1868422573693673
2016-06-01,7,0,0.0,False,1,0,0,0.1868422573693673
2016-06-02,7,0,0.0,False,1,0,0,0.1868422573693673
2016-06-03,7,0,0.0,False,1,0,0,0.1868422573693673
2016-06-06,7,0,0.0,False,1,0,0,0.1868422573693673
2016-06-07,7,0,0.0,False,1,0,0,0.1868422573693673
2016-06-08,7,0,0.0,False,1,0,0,0.1868422573693673
2016-06-13,7,0,0.0,False,1,0,0,0.1868422573693673
2016-06-14,7,0,0.0,False,1,0,0,0.1868422573693673
2016-06-15,7,0,0.0,False,1,0,0,0.1868422573693673
2016-06-16,7,0,0.0,False,1,0,0,0.1868422573693673
2016-06-17,7,0,0.0,False,1,0,0,0.1868422573693673
2016-06-20,6,0,0.0,False,1,0,0,0.1868422573693673
2016-06-21,6,0,0.0,False,1,0,0,0.1868422573693673
2016-06-22,6,0,0.0,False,1,0,0,0.1868422573693673
2016-06-23,6,0,0.0,False,1,0,0,0.1868422573693673
2016-06-24,6,0,0.0,False,1,0,0,0.1868422573693673
2016-06-27,6,0,0.0,False,1,0,0,0.1868422573693673
2016-06-28,6,0,0.0,False,1,0,0,0.1868422573693673
2016-06-29,6,0,0.0,False,1,0,0,0.1868422573693673
2016-06-30,6,0,0.0,False,1,0,0,0.1868422573693673
2016-07-01,6,0,0.0,False,1,0,0,0.1868422573693673
2016-07-04,6,0,0.0,False,1,0,0,0.1868422573693673
2016-07-05,6,0,0.0,False,1,0,0,0.1868422573693673
2016-07-06,6,0,0.0,False,1,0,0,0.1868422573693673
2016-07-07,6,0,0.0,False,1,0,0,0.1868422573693673
2016-07-08,5,0,0.0,False,1,0,0,0.1868422573693673
2016-07-11,5,0,0.0,False,1,0,0,0.1868422573693673
2016-07-12,5,0,0.0,False,1,0,0,0.1868422573693673
2016-07-13,5,0,0.0,False,1,0,0,0.1868422573693673
2016-07-14,5,0,0.0,False,1,0,0,0.1868422573693673
2016-07-15,5,0,0.0,False,1,0,0,0.1868422573693673
2016-07-18,5,0,0.0,False,1,0,0,0.1868422573693673
2016-07-19,5,0,0.0,False,1,0,0,0.1868422573693673
2016-07-20,5,0,0.0,False,1,0,0,0.1868422573693673
2016-07-21,5,0,0.0,False,1,0,0,0.1868422573693673
2016-07-22,5,0,0.0,False,1,0,0,0.1868422573693673
2016-07-25,5,0,0.0,False,1,0,0,0.1868422573693673
2016-07-26,5,0,0.0,False,1,0,0,0.1868422573693673
2016-07-27,5,0,0.0,False,1,0,0,0.1868422573693673
2016-07-28,5,0,0.0,False,1,0,0,0.1868422573693673
2016-07-29,5,0,0.0,False,1,0,0,0.1868422573693673
2016-08-01,5,0,0.0,False,1,0,0,0.1868422573693673
2016-08-02,6,0,0.0,False,1,0,0,0.1868422573693673
2016-08-03,6,0,0.0,False,1,0,0,0.1868422573693673
2016-08-04,6,0,0.0,False,1,0,0,0.1868422573693673
2016-08-05,6,0,0.0,False,1,0,0,0.1868422573693673
2016-08-08,6,0,0.0,False,1,0,0,0.1868422573693673
2016-08-09,6,0,0.0,False,1,0,0,0.1868422573693673
2016-08-10,6,0,0.0,False,1,0,0,0.1868422573693673
2016-08-11,6,0,0.0,False,1,0,0,0.1868422573693673
2016-08-12,6,0,0.0,False,1,0,0,0.1868422573693673
2016-08-15,6,0,0.0,False,1,0,0,0.1868422573693673
2016-08-16,6,0,0.0,False,1,0,0,0.1868422573693673
2016-08-17,6,0,0.0,False,1,0,0,0.1868422573693673
2016-08-18,6,0,0.0,False,1,0,0,0.1868422573693673
2016-08-19,6,0,0.0,False,1,0,0,0.1868422573693673
2016-08-22,6,0,0.0,False,1,0,0,0.1868422573693673
2016-08-23,6,0,0.0,False,1,0,0,0.1868422573693673
2016-08-24,6,0,0.0,False,1,0,0,0.1868422573693673
2016-08-25,6,0,0.0,False,1,0,0,0.1868422573693673
2016-08-26,6,0,0.0,False,1,0,0,0.1868422573693673
2016-08-29,6,0,0.0,False,1,0,0,0.1868422573693673
2016-08-30,6,0,0.0,False,1,0,0,0.1868422573693673
2016-08-31,6,0,0.0,False,1,0,0,0.1868422573693673
2016-09-01,6,0,0.0,False,1,0,0,0.1868422573693673
2016-09-02,6,0,0.0,False,1,0,0,0.1868422573693673
2016-09-05,6,0,0.0,False,1,0,0,0.1868422573693673
2016-09-06,6,0,0.0,False,1,0,0,0.1868422573693673
2016-09-07,6,0,0.0,False,1,0,0,0.1868422573693673
2016-09-08,6,0,0.0,False,1,0,0,0.1868422573693673
2016-09-09,6,0,0.0,False,1,0,0,0.1868422573693673
2016-09-12,6,2,0.3333,True,1,0,0,0.1868422573693673
2016-09-13,6,1,0.1667,True,1,0,0,0.1868422573693673
2016-09-14,6,2,0.3333,True,1,0,0,0.1868422573693673
2016-09-19,6,0,0.0,False,1,0,0,0.1868422573693673
2016-09-20,6,0,0.0,False,1,0,0,0.1868422573693673
2016-09-21,6,0,0.0,False,1,0,0,0.1868422573693673
2016-09-22,6,0,0.0,False,1,0,0,0.1868422573693673
2016-09-23,6,0,0.0,False,1,0,0,0.1868422573693673
2016-09-26,6,1,0.1667,True,1,0,0,0.1868422573693673
2016-09-27,6,0,0.0,False,1,0,0,0.1868422573693673
2016-09-28,6,0,0.0,False,1,0,0,0.1868422573693673
2016-09-29,6,0,0.0,False,1,0,0,0.1868422573693673
2016-09-30,6,0,0.0,False,1,0,0,0.1868422573693673
2016-10-10,6,0,0.0,False,1,0,0,0.1868422573693673
2016-10-11,6,0,0.0,False,1,0,0,0.1868422573693673
2016-10-12,6,0,0.0,False,1,0,0,0.1868422573693673
2016-10-13,6,0,0.0,False,1,0,0,0.1868422573693673
2016-10-14,6,0,0.0,False,1,0,0,0.1868422573693673
2016-10-17,6,0,0.0,False,1,0,0,0.1868422573693673
2016-10-18,6,0,0.0,False,1,0,0,0.1868422573693673
2016-10-19,6,0,0.0,False,1,0,0,0.1868422573693673
2016-10-20,6,0,0.0,False,1,0,0,0.1868422573693673
2016-10-21,6,0,0.0,False,1,0,0,0.1868422573693673
2016-10-24,6,0,0.0,False,1,0,0,0.1868422573693673
2016-10-25,6,0,0.0,False,1,0,0,0.1868422573693673
2016-10-26,6,0,0.0,False,1,0,0,0.1868422573693673
2016-10-27,6,0,0.0,False,1,0,0,0.1868422573693673
2016-10-28,6,0,0.0,False,1,0,0,0.1868422573693673
2016-10-31,6,0,0.0,False,1,0,0,0.1868422573693673
2016-11-01,6,0,0.0,False,1,0,0,0.1868422573693673
2016-11-02,6,0,0.0,False,1,0,0,0.1868422573693673
2016-11-03,6,0,0.0,False,1,0,0,0.1868422573693673
2016-11-04,6,0,0.0,False,1,0,0,0.1868422573693673
2016-11-07,7,0,0.0,False,1,0,0,0.1868422573693673
2016-11-08,9,0,0.0,False,1,0,0,0.1868422573693673
2016-11-09,9,0,0.0,False,1,0,0,0.1868422573693673
2016-11-10,9,0,0.0,False,1,0,0,0.1868422573693673
2016-11-11,9,0,0.0,False,1,0,0,0.1868422573693673
2016-11-14,9,0,0.0,False,1,0,0,0.1868422573693673
2016-11-15,9,0,0.0,False,1,0,0,0.1868422573693673
2016-11-16,9,0,0.0,False,1,0,0,0.1868422573693673
2016-11-17,8,0,0.0,False,1,0,0,0.1868422573693673
2016-11-18,7,0,0.0,False,1,0,0,0.1868422573693673
2016-11-21,7,0,0.0,False,1,0,0,0.1868422573693673
2016-11-22,7,0,0.0,False,1,0,0,0.1868422573693673
2016-11-23,7,0,0.0,False,1,0,0,0.1868422573693673
2016-11-24,7,0,0.0,False,1,0,0,0.1868422573693673
2016-11-25,7,0,0.0,False,1,0,0,0.1868422573693673
2016-11-28,7,0,0.0,False,1,0,0,0.1868422573693673
2016-11-29,8,0,0.0,False,1,0,0,0.1868422573693673
2016-11-30,8,0,0.0,False,1,0,0,0.1868422573693673
2016-12-01,9,0,0.0,False,1,0,0,0.1868422573693673
2016-12-02,9,0,0.0,False,1,0,0,0.1868422573693673
2016-12-05,9,0,0.0,False,1,0,0,0.1868422573693673
2016-12-06,9,0,0.0,False,1,0,0,0.1868422573693673
2016-12-07,9,0,0.0,False,1,0,0,0.1868422573693673
2016-12-08,9,0,0.0,False,1,0,0,0.1868422573693673
2016-12-09,9,0,0.0,False,1,0,0,0.1868422573693673
2016-12-12,9,1,0.1111,True,1,0,0,0.1868422573693673
2016-12-13,9,1,0.1111,True,1,0,0,0.1868422573693673
2016-12-14,9,1,0.1111,True,1,0,0,0.1868422573693673
2016-12-15,9,2,0.2222,True,1,0,0,0.1868422573693673
2016-12-16,9,0,0.0,False,1,0,0,0.1868422573693673
2016-12-19,9,0,0.0,False,1,0,0,0.1868422573693673
2016-12-20,9,0,0.0,False,1,0,0,0.1868422573693673
2016-12-21,9,0,0.0,False,1,0,0,0.1868422573693673
2016-12-22,9,0,0.0,False,1,0,0,0.1868422573693673
2016-12-23,9,0,0.0,False,1,0,0,0.1868422573693673
2016-12-26,9,0,0.0,False,1,0,0,0.1868422573693673
2016-12-27,9,0,0.0,False,1,0,0,0.1868422573693673
2016-12-28,9,0,0.0,False,1,0,0,0.1868422573693673
2016-12-29,9,0,0.0,False,1,0,0,0.1868422573693673
2016-12-30,9,0,0.0,False,1,0,0,0.1868422573693673
2017-01-03,9,0,0.0,False,1,0,0,0.1868422573693673
2017-01-04,9,0,0.0,False,1,0,0,0.1868422573693673
2017-01-05,9,0,0.0,False,1,0,0,0.1868422573693673
2017-01-06,9,0,0.0,False,1,0,0,0.1868422573693673
2017-01-09,9,0,0.0,False,1,0,0,0.1868422573693673
2017-01-10,9,0,0.0,False,1,0,0,0.1868422573693673
2017-01-11,9,0,0.0,False,1,0,0,0.1868422573693673
2017-01-12,9,0,0.0,False,1,0,0,0.1868422573693673
2017-01-13,9,0,0.0,False,1,0,0,0.1868422573693673
2017-01-16,9,1,0.1111,True,1,0,0,0.1868422573693673
2017-01-17,9,0,0.0,False,1,0,0,0.1868422573693673
2017-01-18,9,0,0.0,False,1,0,0,0.1868422573693673
2017-01-19,9,0,0.0,False,1,0,0,0.1868422573693673
2017-01-20,9,0,0.0,False,1,0,0,0.1868422573693673
2017-01-23,9,0,0.0,False,1,0,0,0.1868422573693673
2017-01-24,9,0,0.0,False,1,0,0,0.1868422573693673
2017-01-25,9,0,0.0,False,1,0,0,0.1868422573693673
2017-01-26,9,0,0.0,False,1,0,0,0.1868422573693673
2017-02-03,9,0,0.0,False,1,0,0,0.1868422573693673
2017-02-06,8,0,0.0,False,1,0,0,0.1868422573693673
2017-02-07,8,0,0.0,False,1,0,0,0.1868422573693673
2017-02-08,8,0,0.0,False,1,0,0,0.1868422573693673
2017-02-09,8,0,0.0,False,1,0,0,0.1868422573693673
2017-02-10,8,0,0.0,False,1,0,0,0.1868422573693673
2017-02-13,8,0,0.0,False,1,0,0,0.1868422573693673
2017-02-14,8,0,0.0,False,1,0,0,0.1868422573693673
2017-02-15,8,0,0.0,False,1,0,0,0.1868422573693673
2017-02-16,8,0,0.0,False,1,0,0,0.1868422573693673
2017-02-17,8,0,0.0,False,1,0,0,0.1868422573693673
2017-02-20,8,0,0.0,False,1,0,0,0.1868422573693673
2017-02-21,8,0,0.0,False,1,0,0,0.1868422573693673
2017-02-22,8,0,0.0,False,1,0,0,0.1868422573693673
2017-02-23,8,0,0.0,False,1,0,0,0.1868422573693673
2017-02-24,8,0,0.0,False,1,0,0,0.1868422573693673
2017-02-27,8,0,0.0,False,1,0,0,0.1868422573693673
2017-02-28,8,0,0.0,False,1,0,0,0.1868422573693673
2017-03-01,8,0,0.0,False,1,0,0,0.1868422573693673
2017-03-02,8,0,0.0,False,1,0,0,0.1868422573693673
2017-03-03,8,0,0.0,False,1,0,0,0.1868422573693673
2017-03-06,7,0,0.0,False,1,0,0,0.1868422573693673
2017-03-07,7,0,0.0,False,1,0,0,0.1868422573693673
2017-03-08,7,0,0.0,False,1,0,0,0.1868422573693673
2017-03-09,7,0,0.0,False,1,0,0,0.1868422573693673
2017-03-10,7,0,0.0,False,1,0,0,0.1868422573693673
2017-03-13,7,0,0.0,False,1,0,0,0.1868422573693673
2017-03-14,7,0,0.0,False,1,0,0,0.1868422573693673
2017-03-15,7,0,0.0,False,1,0,0,0.1868422573693673
2017-03-16,7,0,0.0,False,1,0,0,0.1868422573693673
2017-03-17,7,0,0.0,False,1,0,0,0.1868422573693673
2017-03-20,7,0,0.0,False,1,0,0,0.1868422573693673
2017-03-21,7,0,0.0,False,1,0,0,0.1868422573693673
2017-03-22,7,0,0.0,False,1,0,0,0.1868422573693673
2017-03-23,7,0,0.0,False,1,0,0,0.1868422573693673
2017-03-24,7,0,0.0,False,1,0,0,0.1868422573693673
2017-03-27,7,0,0.0,False,1,0,0,0.1868422573693673
2017-03-28,7,0,0.0,False,1,0,0,0.1868422573693673
2017-03-29,7,0,0.0,False,1,0,0,0.1868422573693673
2017-03-30,7,0,0.0,False,1,0,0,0.1868422573693673
2017-03-31,7,0,0.0,False,1,0,0,0.1868422573693673
2017-04-05,7,0,0.0,False,1,0,0,0.1868422573693673
2017-04-06,7,0,0.0,False,1,0,0,0.1868422573693673
2017-04-07,7,0,0.0,False,1,0,0,0.1868422573693673
2017-04-10,7,0,0.0,False,1,0,0,0.1868422573693673
2017-04-11,7,0,0.0,False,1,0,0,0.1868422573693673
2017-04-12,7,0,0.0,False,1,0,0,0.1868422573693673
2017-04-13,7,0,0.0,False,1,0,0,0.1868422573693673
2017-04-14,7,0,0.0,False,1,0,0,0.1868422573693673
2017-04-17,7,0,0.0,False,1,0,0,0.1868422573693673
2017-04-18,7,0,0.0,False,1,0,0,0.1868422573693673
2017-04-19,8,0,0.0,False,1,0,0,0.1868422573693673
2017-04-20,8,0,0.0,False,1,0,0,0.1868422573693673
2017-04-21,8,0,0.0,False,1,0,0,0.1868422573693673
2017-04-24,8,1,0.125,True,1,0,0,0.1868422573693673
2017-04-25,8,0,0.0,False,1,0,0,0.1868422573693673
2017-04-26,8,0,0.0,False,1,0,0,0.1868422573693673
2017-04-27,8,0,0.0,False,1,0,0,0.1868422573693673
2017-04-28,8,0,0.0,False,1,0,0,0.1868422573693673
2017-05-02,8,0,0.0,False,1,0,0,0.1868422573693673
2017-05-03,8,0,0.0,False,1,0,0,0.1868422573693673
2017-05-04,8,0,0.0,False,1,0,0,0.1868422573693673
2017-05-05,8,1,0.125,True,1,0,0,0.1868422573693673
2017-05-08,8,2,0.25,True,1,0,0,0.1868422573693673
2017-05-09,8,1,0.125,True,1,0,0,0.1868422573693673
2017-05-10,8,1,0.125,True,1,0,0,0.1868422573693673
2017-05-11,8,0,0.0,False,1,0,0,0.1868422573693673
2017-05-12,8,0,0.0,False,1,0,0,0.1868422573693673
2017-05-15,8,0,0.0,False,1,0,0,0.1868422573693673
2017-05-16,8,0,0.0,False,1,0,0,0.1868422573693673
2017-05-17,8,0,0.0,False,1,0,0,0.1868422573693673
2017-05-18,8,0,0.0,False,1,0,0,0.1868422573693673
2017-05-19,8,0,0.0,False,1,0,0,0.1868422573693673
2017-05-22,8,0,0.0,False,1,0,0,0.1868422573693673
2017-05-23,7,0,0.0,False,1,0,0,0.1868422573693673
2017-05-24,7,0,0.0,False,1,0,0,0.1868422573693673
2017-05-25,7,0,0.0,False,1,0,0,0.1868422573693673
2017-05-26,7,0,0.0,False,1,0,0,0.1868422573693673
2017-05-31,7,0,0.0,False,1,0,0,0.1868422573693673
2017-06-01,7,0,0.0,False,1,0,0,0.1868422573693673
2017-06-02,7,0,0.0,False,1,0,0,0.1868422573693673
2017-06-05,7,0,0.0,False,1,0,0,0.1868422573693673
2017-06-06,7,0,0.0,False,1,0,0,0.1868422573693673
2017-06-07,7,0,0.0,False,1,0,0,0.1868422573693673
2017-06-08,7,0,0.0,False,1,0,0,0.1868422573693673
2017-06-09,7,0,0.0,False,1,0,0,0.1868422573693673
2017-06-12,7,0,0.0,False,1,0,0,0.1868422573693673
2017-06-13,7,0,0.0,False,1,0,0,0.1868422573693673
2017-06-14,7,0,0.0,False,1,0,0,0.1868422573693673
2017-06-15,7,0,0.0,False,1,0,0,0.1868422573693673
2017-06-16,7,0,0.0,False,1,0,0,0.1868422573693673
2017-06-19,7,0,0.0,False,1,0,0,0.1868422573693673
2017-06-20,7,0,0.0,False,1,0,0,0.1868422573693673
2017-06-21,7,0,0.0,False,1,0,0,0.1868422573693673
2017-06-22,7,0,0.0,False,1,0,0,0.1868422573693673
2017-06-23,7,0,0.0,False,1,0,0,0.1868422573693673
2017-06-26,8,0,0.0,False,1,0,0,0.1868422573693673
2017-06-27,8,0,0.0,False,1,0,0,0.1868422573693673
2017-06-28,8,0,0.0,False,1,0,0,0.1868422573693673
2017-06-29,8,0,0.0,False,1,0,0,0.1868422573693673
2017-06-30,8,0,0.0,False,1,0,0,0.1868422573693673
2017-07-03,8,0,0.0,False,1,0,0,0.1868422573693673
2017-07-04,8,0,0.0,False,1,0,0,0.1868422573693673
2017-07-05,8,0,0.0,False,1,0,0,0.1868422573693673
2017-07-06,8,0,0.0,False,1,0,0,0.1868422573693673
2017-07-07,8,0,0.0,False,1,0,0,0.1868422573693673
2017-07-10,7,0,0.0,False,1,0,0,0.1868422573693673
2017-07-11,7,0,0.0,False,1,0,0,0.1868422573693673
2017-07-12,7,0,0.0,False,1,0,0,0.1868422573693673
2017-07-13,7,0,0.0,False,1,0,0,0.1868422573693673
2017-07-14,7,0,0.0,False,1,0,0,0.1868422573693673
2017-07-17,8,0,0.0,False,1,0,0,0.1868422573693673
2017-07-18,8,0,0.0,False,1,0,0,0.1868422573693673
2017-07-19,8,0,0.0,False,1,0,0,0.1868422573693673
2017-07-20,8,0,0.0,False,1,0,0,0.1868422573693673
2017-07-21,8,0,0.0,False,1,0,0,0.1868422573693673
2017-07-24,8,0,0.0,False,1,0,0,0.1868422573693673
2017-07-25,8,0,0.0,False,1,0,0,0.1868422573693673
2017-07-26,8,0,0.0,False,1,0,0,0.1868422573693673
2017-07-27,8,0,0.0,False,1,0,0,0.1868422573693673
2017-07-28,8,0,0.0,False,1,0,0,0.1868422573693673
2017-07-31,8,0,0.0,False,1,0,0,0.1868422573693673
2017-08-01,8,0,0.0,False,1,0,0,0.1868422573693673
2017-08-02,8,0,0.0,False,1,0,0,0.1868422573693673
2017-08-03,8,0,0.0,False,1,0,0,0.1868422573693673
2017-08-04,8,0,0.0,False,1,0,0,0.1868422573693673
2017-08-07,8,0,0.0,False,1,0,0,0.1868422573693673
2017-08-08,8,0,0.0,False,1,0,0,0.1868422573693673
2017-08-09,9,0,0.0,False,1,0,0,0.1868422573693673
2017-08-10,9,0,0.0,False,1,0,0,0.1868422573693673
2017-08-11,9,1,0.1111,True,1,0,0,0.1868422573693673
2017-08-14,10,0,0.0,False,1,0,0,0.1868422573693673
2017-08-15,10,0,0.0,False,1,0,0,0.1868422573693673
2017-08-16,10,0,0.0,False,1,0,0,0.1868422573693673
2017-08-17,10,0,0.0,False,1,0,0,0.1868422573693673
2017-08-18,10,0,0.0,False,1,0,0,0.1868422573693673
2017-08-21,10,0,0.0,False,1,0,0,0.1868422573693673
2017-08-22,10,0,0.0,False,1,0,0,0.1868422573693673
2017-08-23,11,0,0.0,False,1,0,0,0.1868422573693673
2017-08-24,11,0,0.0,False,1,0,0,0.1868422573693673
2017-08-25,11,0,0.0,False,1,0,0,0.1868422573693673
2017-08-28,11,0,0.0,False,1,0,0,0.1868422573693673
2017-08-29,11,0,0.0,False,1,0,0,0.1868422573693673
2017-08-30,11,0,0.0,False,1,0,0,0.1868422573693673
2017-08-31,11,0,0.0,False,1,0,0,0.1868422573693673
2017-09-01,11,0,0.0,False,1,0,0,0.1868422573693673
2017-09-04,11,0,0.0,False,1,0,0,0.1868422573693673
2017-09-05,11,0,0.0,False,1,0,0,0.1868422573693673
2017-09-06,11,0,0.0,False,1,0,0,0.1868422573693673
2017-09-07,11,0,0.0,False,1,0,0,0.1868422573693673
2017-09-08,11,0,0.0,False,1,0,0,0.1868422573693673
2017-09-11,11,0,0.0,False,1,0,0,0.1868422573693673
2017-09-12,11,0,0.0,False,1,0,0,0.1868422573693673
2017-09-13,11,0,0.0,False,1,0,0,0.1868422573693673
2017-09-14,11,0,0.0,False,1,0,0,0.1868422573693673
2017-09-15,11,0,0.0,False,1,0,0,0.1868422573693673
2017-09-18,11,0,0.0,False,1,0,0,0.1868422573693673
2017-09-19,11,0,0.0,False,1,0,0,0.1868422573693673
2017-09-20,11,0,0.0,False,1,0,0,0.1868422573693673
2017-09-21,11,0,0.0,False,1,0,0,0.1868422573693673
2017-09-22,11,0,0.0,False,1,0,0,0.1868422573693673
2017-09-25,11,0,0.0,False,1,0,0,0.1868422573693673
2017-09-26,11,0,0.0,False,1,0,0,0.1868422573693673
2017-09-27,11,0,0.0,False,1,0,0,0.1868422573693673
2017-09-28,10,0,0.0,False,1,0,0,0.1868422573693673
2017-09-29,10,0,0.0,False,1,0,0,0.1868422573693673
2017-10-09,10,0,0.0,False,1,0,0,0.1868422573693673
2017-10-10,10,0,0.0,False,1,0,0,0.1868422573693673
2017-10-11,10,0,0.0,False,1,0,0,0.1868422573693673
2017-10-12,10,0,0.0,False,1,0,0,0.1868422573693673
2017-10-13,10,0,0.0,False,1,0,0,0.1868422573693673
2017-10-16,10,0,0.0,False,1,0,0,0.1868422573693673
2017-10-17,10,0,0.0,False,1,0,0,0.1868422573693673
2017-10-18,10,0,0.0,False,1,0,0,0.1868422573693673
2017-10-19,10,0,0.0,False,1,0,0,0.1868422573693673
2017-10-20,10,0,0.0,False,1,0,0,0.1868422573693673
2017-10-23,10,0,0.0,False,1,0,0,0.1868422573693673
2017-10-24,10,0,0.0,False,1,0,0,0.1868422573693673
2017-10-25,10,0,0.0,False,1,0,0,0.1868422573693673
2017-10-26,10,0,0.0,False,1,0,0,0.1868422573693673
2017-10-27,10,0,0.0,False,1,0,0,0.1868422573693673
2017-10-30,10,1,0.1,True,1,0,0,0.1868422573693673
2017-10-31,10,0,0.0,False,1,0,0,0.1868422573693673
2017-11-01,10,0,0.0,False,1,0,0,0.1868422573693673
2017-11-02,10,0,0.0,False,1,0,0,0.1868422573693673
2017-11-03,10,0,0.0,False,1,0,0,0.1868422573693673
2017-11-06,10,0,0.0,False,1,0,0,0.1868422573693673
2017-11-07,11,0,0.0,False,1,0,0,0.1868422573693673
2017-11-08,11,0,0.0,False,1,0,0,0.1868422573693673
2017-11-09,11,0,0.0,False,1,0,0,0.1868422573693673
2017-11-10,11,0,0.0,False,1,0,0,0.1868422573693673
2017-11-13,11,0,0.0,False,1,0,0,0.1868422573693673
2017-11-14,11,0,0.0,False,1,0,0,0.1868422573693673
2017-11-15,10,0,0.0,False,1,0,0,0.1868422573693673
2017-11-16,10,0,0.0,False,1,0,0,0.1868422573693673
2017-11-17,10,0,0.0,False,1,0,0,0.1868422573693673
2017-11-20,10,0,0.0,False,1,0,0,0.1868422573693673
2017-11-21,9,0,0.0,False,1,0,0,0.1868422573693673
2017-11-22,9,0,0.0,False,1,0,0,0.1868422573693673
2017-11-23,9,0,0.0,False,1,0,0,0.1868422573693673
2017-11-24,9,0,0.0,False,1,0,0,0.1868422573693673
2017-11-27,9,0,0.0,False,1,0,0,0.1868422573693673
2017-11-28,9,0,0.0,False,1,0,0,0.1868422573693673
2017-11-29,9,0,0.0,False,1,0,0,0.1868422573693673
2017-11-30,9,0,0.0,False,1,0,0,0.1868422573693673
2017-12-01,9,0,0.0,False,1,0,0,0.1868422573693673
2017-12-04,9,0,0.0,False,1,0,0,0.1868422573693673
2017-12-05,9,0,0.0,False,1,0,0,0.1868422573693673
2017-12-06,9,0,0.0,False,1,0,0,0.1868422573693673
2017-12-07,9,0,0.0,False,1,0,0,0.1868422573693673
2017-12-08,9,0,0.0,False,1,0,0,0.1868422573693673
2017-12-11,9,0,0.0,False,1,0,0,0.1868422573693673
2017-12-12,9,0,0.0,False,1,0,0,0.1868422573693673
2017-12-13,9,0,0.0,False,1,0,0,0.1868422573693673
2017-12-14,9,0,0.0,False,1,0,0,0.1868422573693673
2017-12-15,9,0,0.0,False,1,0,0,0.1868422573693673
2017-12-18,9,0,0.0,False,1,0,0,0.1868422573693673
2017-12-19,9,0,0.0,False,1,0,0,0.1868422573693673
2017-12-20,9,0,0.0,False,1,0,0,0.1868422573693673
2017-12-21,9,0,0.0,False,1,0,0,0.1868422573693673
2017-12-22,9,0,0.0,False,1,0,0,0.1868422573693673
2017-12-25,9,0,0.0,False,1,0,0,0.1868422573693673
2017-12-26,9,0,0.0,False,1,0,0,0.1868422573693673
2017-12-27,9,0,0.0,False,1,0,0,0.1868422573693673
2017-12-28,9,0,0.0,False,1,0,0,0.1868422573693673
2017-12-29,9,0,0.0,False,1,0,0,0.1868422573693673
2018-01-02,9,0,0.0,False,1,0,0,0.1868422573693673
2018-01-03,9,0,0.0,False,1,0,0,0.1868422573693673
2018-01-04,9,0,0.0,False,1,0,0,0.1868422573693673
2018-01-05,9,0,0.0,False,1,0,0,0.1868422573693673
2018-01-08,9,0,0.0,False,1,0,0,0.1868422573693673
2018-01-09,9,0,0.0,False,1,0,0,0.1868422573693673
2018-01-10,9,0,0.0,False,1,0,0,0.1868422573693673
2018-01-11,9,0,0.0,False,1,0,0,0.1868422573693673
2018-01-12,9,0,0.0,False,1,0,0,0.1868422573693673
2018-01-15,9,0,0.0,False,1,0,0,0.1868422573693673
2018-01-16,9,0,0.0,False,1,0,0,0.1868422573693673
2018-01-17,9,0,0.0,False,1,0,0,0.1868422573693673
2018-01-18,9,0,0.0,False,1,0,0,0.1868422573693673
2018-01-19,9,0,0.0,False,1,0,0,0.1868422573693673
2018-01-22,9,0,0.0,False,1,0,0,0.1868422573693673
2018-01-23,9,0,0.0,False,1,0,0,0.1868422573693673
2018-01-24,9,0,0.0,False,1,0,0,0.1868422573693673
2018-01-25,9,0,0.0,False,1,0,0,0.1868422573693673
2018-01-26,9,0,0.0,False,1,0,0,0.1868422573693673
2018-01-29,9,0,0.0,False,1,0,0,0.1868422573693673
2018-01-30,9,0,0.0,False,1,0,0,0.1868422573693673
2018-01-31,10,0,0.0,False,1,0,0,0.1868422573693673
2018-02-01,10,1,0.1,True,1,0,0,0.1868422573693673
2018-02-02,11,0,0.0,False,1,0,0,0.1868422573693673
2018-02-05,11,1,0.0909,False,1,0,0,0.1868422573693673
2018-02-06,11,2,0.1818,True,2,1,0,0.3709456386463505
2018-02-07,11,2,0.1818,True,2,0,0,0.36782160060335745
2018-02-08,12,2,0.1667,True,2,1,0,0.5582373316809683
2018-02-09,12,3,0.25,True,2,0,0,0.5514991286690062
2018-02-12,12,1,0.0833,False,2,1,0,0.7461828759826067
2018-02-13,12,0,0.0,False,3,1,0,0.9340880971763619
2018-02-14,12,0,0.0,False,3,0,0,0.9345419446716227
2018-02-22,12,0,0.0,False,3,0,0,0.9356295773671965
2018-02-23,11,0,0.0,False,3,0,0,0.9356216690814985
2018-02-26,11,0,0.0,False,2,0,1,0.3686592995023187
2018-02-27,11,0,0.0,False,2,0,0,0.3669467270716451
2018-02-28,11,0,0.0,False,2,0,0,0.36575115243703427
2018-03-01,11,0,0.0,False,2,0,0,0.36659726960345046
2018-03-02,10,0,0.0,False,2,0,0,0.3658095779120075
2018-03-05,11,0,0.0,False,2,0,0,0.36554657847275573
2018-03-06,11,0,0.0,False,1,0,1,0.18023747481104888
2018-03-07,11,0,0.0,False,1,0,0,0.18023747481104888
2018-03-08,11,0,0.0,False,1,0,0,0.18023747481104888
2018-03-09,11,0,0.0,False,1,0,0,0.18023747481104888
2018-03-12,11,0,0.0,False,1,0,0,0.18023747481104888
2018-03-13,11,0,0.0,False,1,0,0,0.18023747481104888
2018-03-14,11,0,0.0,False,1,0,0,0.18023747481104888
2018-03-15,11,0,0.0,False,1,0,0,0.18023747481104888
2018-03-16,11,0,0.0,False,1,0,0,0.18023747481104888
2018-03-19,11,0,0.0,False,1,0,0,0.18023747481104888
2018-03-20,11,0,0.0,False,1,0,0,0.18023747481104888
2018-03-21,11,0,0.0,False,1,0,0,0.18023747481104888
2018-03-22,11,0,0.0,False,1,0,0,0.18023747481104888
2018-03-23,11,4,0.3636,True,1,0,0,0.18023747481104888
2018-03-26,11,3,0.2727,True,1,0,0,0.18023747481104888
2018-03-27,11,1,0.0909,False,1,0,0,0.18023747481104888
2018-03-28,11,2,0.1818,True,2,1,0,0.36051736665749806
2018-03-29,11,0,0.0,False,2,0,0,0.3623825904839329
2018-03-30,11,0,0.0,False,2,0,0,0.36145134066444573
2018-04-02,11,0,0.0,False,2,0,0,0.36051736665749806
2018-04-03,11,0,0.0,False,2,0,0,0.3592286823086057
2018-04-04,11,0,0.0,False,2,0,0,0.3593460500162655
2018-04-09,12,0,0.0,False,2,0,0,0.3595806564919715
2018-04-10,12,0,0.0,False,2,0,0,0.36284719754527184
2018-04-11,12,0,0.0,False,1,0,1,0.17943373642102178
2018-04-12,12,0,0.0,False,1,0,0,0.17943373642102178
2018-04-13,12,0,0.0,False,1,0,0,0.17943373642102178
2018-04-16,12,0,0.0,False,1,0,0,0.17943373642102178
2018-04-17,12,1,0.0833,False,1,0,0,0.17943373642102178
2018-04-18,12,0,0.0,False,2,1,0,0.35808477080472045
2018-04-19,12,0,0.0,False,2,0,0,0.35976280415212075
2018-04-20,12,0,0.0,False,2,0,0,0.35801053730643084
2018-04-23,12,0,0.0,False,2,0,0,0.3575895562947716
2018-04-24,12,0,0.0,False,2,0,0,0.35971357546146854
2018-04-25,12,0,0.0,False,2,0,0,0.35931947322980995
2018-04-26,12,0,0.0,False,2,0,0,0.3560993176478408
2018-04-27,12,0,0.0,False,2,0,0,0.3567210898484492
2018-05-02,12,0,0.0,False,2,0,0,0.3567707797535827
2018-05-03,12,0,0.0,False,2,0,0,0.35855451792281207
2018-05-04,12,0,0.0,False,2,0,0,0.35776296826393356
2018-05-07,12,0,0.0,False,1,0,1,0.17927729009316984
2018-05-08,12,0,0.0,False,1,0,0,0.17927729009316984
2018-05-09,12,0,0.0,False,1,0,0,0.17927729009316984
2018-05-10,12,0,0.0,False,1,0,0,0.17927729009316984
2018-05-11,12,0,0.0,False,1,0,0,0.17927729009316984
2018-05-14,11,1,0.0909,False,1,0,0,0.17927729009316984
2018-05-15,11,0,0.0,False,2,1,0,0.35990087755931083
2018-05-16,11,0,0.0,False,2,0,0,0.3600417701956671
2018-05-17,11,0,0.0,False,2,0,0,0.35891288937100835
2018-05-18,11,0,0.0,False,2,0,0,0.35919548278810387
2018-05-21,11,0,0.0,False,2,0,0,0.3607453040411232
2018-05-22,11,0,0.0,False,2,0,0,0.3604640762066683
2018-05-23,11,0,0.0,False,2,0,0,0.35990087755931083
2018-05-24,11,0,0.0,False,2,0,0,0.3590542172284604
2018-05-25,11,1,0.0909,False,2,0,0,0.35820531417268264
2018-05-28,11,2,0.1818,True,3,1,0,0.5347238471406881
2018-05-29,11,2,0.1818,True,3,1,0,0.7137997962464488
2018-05-30,11,5,0.4545,True,3,1,0,0.8933508446723216
2018-05-31,11,2,0.1818,True,3,0,0,0.8936516272468612
2018-06-01,11,2,0.1818,True,3,0,0,0.8926120493031645
2018-06-04,11,0,0.0,False,3,1,0,0.9999875216101405
2018-06-05,11,0,0.0,False,3,0,0,0.9999877258403312
2018-06-06,11,0,0.0,False,3,0,0,0.9999876638441253
2018-06-07,11,0,0.0,False,3,0,0,0.9999875666772601
2018-06-08,11,0,0.0,False,3,0,0,0.999987418677397
2018-06-11,11,0,0.0,False,3,0,0,0.9999873462313511
2018-06-12,11,0,0.0,False,3,0,0,0.999987451439789
2018-06-13,11,0,0.0,False,3,0,0,0.9999872390256143
2018-06-14,11,0,0.0,False,3,0,0,0.9999871767827812
2018-06-15,11,0,0.0,False,3,0,0,0.9999869142705582
2018-06-19,11,4,0.3636,True,3,0,0,0.9999862311485166
2018-06-20,11,3,0.2727,True,3,0,0,0.999986386444884
2018-06-21,11,3,0.2727,True,3,0,0,0.9999860641945661
2018-06-22,11,0,0.0,False,3,0,0,0.9999863044361236
2018-06-25,11,2,0.1818,True,3,0,0,0.9999862243194858
2018-06-26,11,1,0.0909,False,3,0,0,0.9999865177007723
2018-06-27,11,2,0.1818,True,3,0,0,0.9999864497223948
2018-06-28,11,2,0.1818,True,3,0,0,0.9999863974597442
2018-06-29,11,0,0.0,False,3,0,0,0.9999868039106183
2018-07-02,11,1,0.0909,False,3,0,0,0.9999867085636003
2018-07-03,11,0,0.0,False,1,0,2,0.1962137888857113
2018-07-04,11,0,0.0,False,1,0,0,0.1962137888857113
2018-07-05,11,0,0.0,False,1,0,0,0.1962137888857113
2018-07-06,11,0,0.0,False,1,0,0,0.1962137888857113
2018-07-09,11,0,0.0,False,1,0,0,0.1962137888857113
2018-07-10,11,0,0.0,False,1,0,0,0.1962137888857113
2018-07-11,11,0,0.0,False,1,0,0,0.1962137888857113
2018-07-12,11,0,0.0,False,1,0,0,0.1962137888857113
2018-07-13,11,0,0.0,False,1,0,0,0.1962137888857113
2018-07-16,11,0,0.0,False,1,0,0,0.1962137888857113
2018-07-17,11,0,0.0,False,1,0,0,0.1962137888857113
2018-07-18,11,0,0.0,False,1,0,0,0.1962137888857113
2018-07-19,11,0,0.0,False,1,0,0,0.1962137888857113
2018-07-20,11,0,0.0,False,1,0,0,0.1962137888857113
2018-07-23,11,0,0.0,False,1,0,0,0.1962137888857113
2018-07-24,11,0,0.0,False,1,0,0,0.1962137888857113
2018-07-25,11,0,0.0,False,1,0,0,0.1962137888857113
2018-07-26,11,0,0.0,False,1,0,0,0.1962137888857113
2018-07-27,12,0,0.0,False,1,0,0,0.1962137888857113
2018-07-30,12,0,0.0,False,1,0,0,0.1962137888857113
2018-07-31,12,0,0.0,False,1,0,0,0.1962137888857113
2018-08-01,12,0,0.0,False,1,0,0,0.1962137888857113
2018-08-02,12,3,0.25,True,1,0,0,0.1962137888857113
2018-08-03,12,5,0.4167,True,1,0,0,0.1962137888857113
2018-08-06,12,5,0.4167,True,1,0,0,0.1962137888857113
2018-08-07,11,0,0.0,False,1,0,0,0.1962137888857113
2018-08-08,11,0,0.0,False,1,0,0,0.1962137888857113
2018-08-09,11,0,0.0,False,1,0,0,0.1962137888857113
2018-08-10,11,0,0.0,False,1,0,0,0.1962137888857113
2018-08-13,11,0,0.0,False,1,0,0,0.1962137888857113
2018-08-14,11,0,0.0,False,1,0,0,0.1962137888857113
2018-08-15,11,0,0.0,False,1,0,0,0.1962137888857113
2018-08-16,11,0,0.0,False,1,0,0,0.1962137888857113
2018-08-17,11,0,0.0,False,1,0,0,0.1962137888857113
2018-08-20,11,0,0.0,False,1,0,0,0.1962137888857113
2018-08-21,11,0,0.0,False,1,0,0,0.1962137888857113
2018-08-22,11,0,0.0,False,1,0,0,0.1962137888857113
2018-08-23,11,0,0.0,False,1,0,0,0.1962137888857113
2018-08-24,11,0,0.0,False,1,0,0,0.1962137888857113
2018-08-27,11,0,0.0,False,1,0,0,0.1962137888857113
2018-08-28,11,0,0.0,False,1,0,0,0.1962137888857113
2018-08-29,11,0,0.0,False,1,0,0,0.1962137888857113
2018-08-30,11,0,0.0,False,1,0,0,0.1962137888857113
2018-08-31,11,0,0.0,False,1,0,0,0.1962137888857113
2018-09-03,11,0,0.0,False,1,0,0,0.1962137888857113
2018-09-04,11,0,0.0,False,1,0,0,0.1962137888857113
2018-09-05,11,0,0.0,False,1,0,0,0.1962137888857113
2018-09-06,11,0,0.0,False,1,0,0,0.1962137888857113
2018-09-07,11,0,0.0,False,1,0,0,0.1962137888857113
2018-09-10,11,2,0.1818,True,1,0,0,0.1962137888857113
2018-09-11,11,1,0.0909,False,1,0,0,0.1962137888857113
2018-09-12,11,1,0.0909,False,2,1,0,0.3917777975885359
2018-09-13,11,0,0.0,False,3,1,0,0.5882717812699164
2018-09-14,11,0,0.0,False,3,0,0,0.587143035627917
2018-09-17,11,0,0.0,False,3,0,0,0.5852480314267746
2018-09-18,11,0,0.0,False,3,0,0,0.5878802834716205
2018-09-19,11,0,0.0,False,3,0,0,0.5899680540791332
2018-09-20,11,0,0.0,False,3,0,0,0.5896291151367303
2018-09-21,11,0,0.0,False,2,0,1,0.3923720260466245
2018-09-25,11,0,0.0,False,2,0,0,0.3912009521066692
2018-09-26,11,0,0.0,False,1,0,1,0.19456274259558262
2018-09-27,11,0,0.0,False,1,0,0,0.19456274259558262
2018-09-28,11,0,0.0,False,1,0,0,0.19456274259558262
2018-10-08,11,1,0.0909,False,1,0,0,0.19456274259558262
2018-10-09,11,1,0.0909,False,2,1,0,0.3859007098649425
2018-10-10,11,1,0.0909,False,2,0,0,0.3869422605061091
2018-10-11,11,3,0.2727,True,2,1,0,0.5711900931875284
2018-10-12,11,2,0.1818,True,2,0,0,0.5742253461440061
2018-10-15,11,3,0.2727,True,2,1,0,0.7724299722616437
2018-10-16,11,3,0.2727,True,2,0,0,0.7701432266463092
2018-10-17,11,0,0.0,False,2,1,0,0.9721013991338413
2018-10-18,11,0,0.0,False,2,0,0,0.9715378731594897
2018-10-19,12,0,0.0,False,2,0,0,0.971997444097683
2018-10-22,12,0,0.0,False,2,0,0,0.9731000181855912
2018-10-23,13,0,0.0,False,2,0,0,0.9727751844587399
2018-10-24,13,0,0.0,False,2,0,0,0.9727751844587399
2018-10-25,13,0,0.0,False,2,0,0,0.9724760528175981
2018-10-26,14,0,0.0,False,2,0,0,0.9724086842512769
2018-10-29,14,0,0.0,False,2,0,0,0.9721013991338413
2018-10-30,14,0,0.0,False,2,0,0,0.9722729528898008
2018-10-31,14,0,0.0,False,2,0,0,0.97250961388292
2018-11-01,14,0,0.0,False,1,0,1,0.1977980625592232
2018-11-02,14,0,0.0,False,1,0,0,0.1977980625592232
2018-11-05,14,0,0.0,False,1,0,0,0.1977980625592232
2018-11-06,14,0,0.0,False,1,0,0,0.1977980625592232
2018-11-07,14,0,0.0,False,1,0,0,0.1977980625592232
2018-11-08,14,0,0.0,False,1,0,0,0.1977980625592232
2018-11-09,14,0,0.0,False,1,0,0,0.1977980625592232
2018-11-12,14,0,0.0,False,1,0,0,0.1977980625592232
2018-11-13,14,0,0.0,False,1,0,0,0.1977980625592232
2018-11-14,14,0,0.0,False,1,0,0,0.1977980625592232
2018-11-15,14,0,0.0,False,1,0,0,0.1977980625592232
2018-11-16,14,0,0.0,False,1,0,0,0.1977980625592232
2018-11-19,14,0,0.0,False,1,0,0,0.1977980625592232
2018-11-20,14,0,0.0,False,1,0,0,0.1977980625592232
2018-11-21,14,0,0.0,False,1,0,0,0.1977980625592232
2018-11-22,14,0,0.0,False,1,0,0,0.1977980625592232
2018-11-23,14,0,0.0,False,1,0,0,0.1977980625592232
2018-11-26,14,0,0.0,False,1,0,0,0.1977980625592232
2018-11-27,14,0,0.0,False,1,0,0,0.1977980625592232
2018-11-28,14,0,0.0,False,1,0,0,0.1977980625592232
2018-11-29,14,0,0.0,False,1,0,0,0.1977980625592232
2018-11-30,14,0,0.0,False,1,0,0,0.1977980625592232
2018-12-03,14,0,0.0,False,1,0,0,0.1977980625592232
2018-12-04,14,0,0.0,False,1,0,0,0.1977980625592232
2018-12-05,14,0,0.0,False,1,0,0,0.1977980625592232
2018-12-06,14,0,0.0,False,1,0,0,0.1977980625592232
2018-12-07,14,0,0.0,False,1,0,0,0.1977980625592232
2018-12-10,14,0,0.0,False,1,0,0,0.1977980625592232
2018-12-11,14,0,0.0,False,1,0,0,0.1977980625592232
2018-12-12,14,0,0.0,False,1,0,0,0.1977980625592232
2018-12-13,14,0,0.0,False,1,0,0,0.1977980625592232
2018-12-14,14,0,0.0,False,1,0,0,0.1977980625592232
2018-12-17,14,0,0.0,False,1,0,0,0.1977980625592232
2018-12-18,14,0,0.0,False,1,0,0,0.1977980625592232
2018-12-19,14,3,0.2143,True,1,0,0,0.1977980625592232
2018-12-20,14,2,0.1429,True,1,0,0,0.1977980625592232
2018-12-21,14,4,0.2857,True,1,0,0,0.1977980625592232
2018-12-24,14,1,0.0714,False,1,0,0,0.1977980625592232
2018-12-25,14,0,0.0,False,2,1,0,0.395740577878509
2018-12-26,14,0,0.0,False,2,0,0,0.39547041328615434
2018-12-27,14,0,0.0,False,2,0,0,0.3960105011053314
2018-12-28,14,0,0.0,False,2,0,0,0.39668425531848645
2019-01-02,14,0,0.0,False,2,0,0,0.3947939437041173
2019-01-03,14,0,0.0,False,2,0,0,0.39560552577325264
2019-01-04,14,0,0.0,False,2,0,0,0.3982951489352368
2019-01-07,14,0,0.0,False,2,0,0,0.39789323254367576
2019-01-08,14,0,0.0,False,2,0,0,0.3972221773827978
2019-01-09,14,0,0.0,False,1,0,1,0.19689368948509095
2019-01-10,14,0,0.0,False,1,0,0,0.19689368948509095
2019-01-11,14,0,0.0,False,1,0,0,0.19689368948509095
2019-01-14,14,0,0.0,False,1,0,0,0.19689368948509095
2019-01-15,14,0,0.0,False,1,0,0,0.19689368948509095
2019-01-16,14,0,0.0,False,1,0,0,0.19689368948509095
2019-01-17,14,0,0.0,False,1,0,0,0.19689368948509095
2019-01-18,14,0,0.0,False,1,0,0,0.19689368948509095
2019-01-21,13,0,0.0,False,1,0,0,0.19689368948509095
2019-01-22,13,0,0.0,False,1,0,0,0.19689368948509095
2019-01-23,14,0,0.0,False,1,0,0,0.19689368948509095
2019-01-24,12,0,0.0,False,1,0,0,0.19689368948509095
2019-01-25,12,0,0.0,False,1,0,0,0.19689368948509095
2019-01-28,12,0,0.0,False,1,0,0,0.19689368948509095
2019-01-29,12,0,0.0,False,1,0,0,0.19689368948509095
2019-01-30,12,0,0.0,False,1,0,0,0.19689368948509095
2019-01-31,12,2,0.1667,True,1,0,0,0.19689368948509095
2019-02-01,12,0,0.0,False,1,0,0,0.19689368948509095
2019-02-11,12,0,0.0,False,1,0,0,0.19689368948509095
2019-02-12,13,0,0.0,False,1,0,0,0.19689368948509095
2019-02-13,13,0,0.0,False,1,0,0,0.19689368948509095
2019-02-14,13,0,0.0,False,1,0,0,0.19689368948509095
2019-02-15,13,0,0.0,False,1,0,0,0.19689368948509095
2019-02-18,13,0,0.0,False,1,0,0,0.19689368948509095
2019-02-19,13,0,0.0,False,1,0,0,0.19689368948509095
2019-02-20,13,0,0.0,False,1,0,0,0.19689368948509095
2019-02-21,13,0,0.0,False,1,0,0,0.19689368948509095
2019-02-22,13,0,0.0,False,1,0,0,0.19689368948509095
2019-02-25,13,0,0.0,False,1,0,0,0.19689368948509095
2019-02-26,14,0,0.0,False,1,0,0,0.19689368948509095
2019-02-27,14,0,0.0,False,1,0,0,0.19689368948509095
2019-02-28,14,0,0.0,False,1,0,0,0.19689368948509095
2019-03-01,15,0,0.0,False,1,0,0,0.19689368948509095
2019-03-04,15,0,0.0,False,1,0,0,0.19689368948509095
2019-03-05,15,0,0.0,False,1,0,0,0.19689368948509095
2019-03-06,15,0,0.0,False,1,0,0,0.19689368948509095
2019-03-07,15,0,0.0,False,1,0,0,0.19689368948509095
2019-03-08,16,0,0.0,False,1,0,0,0.19689368948509095
2019-03-11,17,0,0.0,False,1,0,0,0.19689368948509095
2019-03-12,17,0,0.0,False,1,0,0,0.19689368948509095
2019-03-13,17,0,0.0,False,1,0,0,0.19689368948509095
2019-03-14,17,0,0.0,False,1,0,0,0.19689368948509095
2019-03-15,17,0,0.0,False,1,0,0,0.19689368948509095
2019-03-18,17,0,0.0,False,1,0,0,0.19689368948509095
2019-03-19,17,0,0.0,False,1,0,0,0.19689368948509095
2019-03-20,18,0,0.0,False,1,0,0,0.19689368948509095
2019-03-21,18,0,0.0,False,1,0,0,0.19689368948509095
2019-03-22,18,0,0.0,False,1,0,0,0.19689368948509095
2019-03-25,18,0,0.0,False,1,0,0,0.19689368948509095
2019-03-26,18,0,0.0,False,1,0,0,0.19689368948509095
2019-03-27,18,0,0.0,False,1,0,0,0.19689368948509095
2019-03-28,18,0,0.0,False,1,0,0,0.19689368948509095
2019-03-29,18,0,0.0,False,1,0,0,0.19689368948509095
2019-04-01,18,0,0.0,False,1,0,0,0.19689368948509095
2019-04-02,18,0,0.0,False,1,0,0,0.19689368948509095
2019-04-03,18,0,0.0,False,1,0,0,0.19689368948509095
2019-04-04,18,0,0.0,False,1,0,0,0.19689368948509095
2019-04-08,18,0,0.0,False,1,0,0,0.19689368948509095
2019-04-09,18,0,0.0,False,1,0,0,0.19689368948509095
2019-04-10,18,0,0.0,False,1,0,0,0.19689368948509095
2019-04-11,18,0,0.0,False,1,0,0,0.19689368948509095
2019-04-12,18,0,0.0,False,1,0,0,0.19689368948509095
2019-04-15,19,0,0.0,False,1,0,0,0.19689368948509095
2019-04-16,19,0,0.0,False,1,0,0,0.19689368948509095
2019-04-17,19,0,0.0,False,1,0,0,0.19689368948509095
2019-04-18,20,0,0.0,False,1,0,0,0.19689368948509095
2019-04-19,21,0,0.0,False,1,0,0,0.19689368948509095
2019-04-22,21,0,0.0,False,1,0,0,0.19689368948509095
2019-04-23,21,0,0.0,False,1,0,0,0.19689368948509095
2019-04-24,22,0,0.0,False,1,0,0,0.19689368948509095
2019-04-25,22,1,0.0455,False,1,0,0,0.19689368948509095
2019-04-26,22,3,0.1364,True,2,1,0,0.39336014414609743
2019-04-29,22,4,0.1818,True,2,0,0,0.38980521696741166
2019-04-30,22,2,0.0909,False,2,1,0,0.5894873467335174
2019-05-06,22,6,0.2727,True,3,1,0,0.7791051417604636
2019-05-07,22,6,0.2727,True,3,1,0,0.9842783995089324
2019-05-08,22,5,0.2273,True,3,0,0,0.984317638674979
2019-05-09,22,4,0.1818,True,3,1,0,0.9999721957622325
2019-05-10,22,0,0.0,False,3,0,0,0.9999731674551666
2019-05-13,22,0,0.0,False,3,0,0,0.9999728868569805
2019-05-14,22,0,0.0,False,3,0,0,0.9999727452482674
2019-05-15,22,0,0.0,False,3,0,0,0.9999730287698445
2019-05-16,22,0,0.0,False,3,0,0,0.9999732519595654
2019-05-17,22,0,0.0,False,3,0,0,0.9999725452000935
2019-05-20,22,0,0.0,False,3,0,0,0.9999728523455684
2019-05-21,22,0,0.0,False,3,0,0,0.9999731115132148
2019-05-22,22,0,0.0,False,2,0,1,0.4054027909045373
2019-05-23,22,0,0.0,False,2,0,0,0.4022625063744283
2019-05-24,22,0,0.0,False,2,0,0,0.4020195715633296
2019-05-27,22,0,0.0,False,2,0,0,0.4051624024750453
2019-05-28,22,0,0.0,False,2,0,0,0.40492181959469475
2019-05-29,22,0,0.0,False,2,0,0,0.4046810420274524
2019-05-30,22,0,0.0,False,2,0,0,0.403232274933161
2019-05-31,22,0,0.0,False,2,0,0,0.40299012791654676
2019-06-03,22,0,0.0,False,2,0,0,0.4020195715633296
2019-06-04,22,0,0.0,False,2,0,0,0.4008019294408739
2019-06-05,22,0,0.0,False,2,0,0,0.4005578057100511
2019-06-06,21,3,0.1429,True,2,0,0,0.3981055830168404
2019-06-10,22,0,0.0,False,2,1,0,0.5987889151998919
2019-06-11,22,0,0.0,False,1,0,1,0.19595633721495395
2019-06-12,22,0,0.0,False,1,0,0,0.19595633721495395
2019-06-13,21,0,0.0,False,1,0,0,0.19595633721495395
2019-06-14,21,0,0.0,False,1,0,0,0.19595633721495395
2019-06-17,20,0,0.0,False,1,0,0,0.19595633721495395
2019-06-18,20,0,0.0,False,1,0,0,0.19595633721495395
2019-06-19,20,0,0.0,False,1,0,0,0.19595633721495395
2019-06-20,20,0,0.0,False,1,0,0,0.19595633721495395
2019-06-21,20,0,0.0,False,1,0,0,0.19595633721495395
2019-06-24,20,0,0.0,False,1,0,0,0.19595633721495395
2019-06-25,20,0,0.0,False,1,0,0,0.19595633721495395
2019-06-26,20,0,0.0,False,1,0,0,0.19595633721495395
2019-06-27,20,0,0.0,False,1,0,0,0.19595633721495395
2019-06-28,20,0,0.0,False,1,0,0,0.19595633721495395
2019-07-01,20,0,0.0,False,1,0,0,0.19595633721495395
2019-07-02,20,0,0.0,False,1,0,0,0.19595633721495395
2019-07-03,20,0,0.0,False,1,0,0,0.19595633721495395
2019-07-04,20,0,0.0,False,1,0,0,0.19595633721495395
2019-07-05,20,0,0.0,False,1,0,0,0.19595633721495395
2019-07-08,19,0,0.0,False,1,0,0,0.19595633721495395
2019-07-09,20,1,0.05,False,1,0,0,0.19595633721495395
2019-07-10,19,1,0.0526,False,2,1,0,0.391244361744959
2019-07-11,19,0,0.0,False,2,0,0,0.39169681356695896
2019-07-12,19,0,0.0,False,1,0,1,0.19550356296006086
2019-07-15,19,0,0.0,False,1,0,0,0.19550356296006086
2019-07-16,19,0,0.0,False,1,0,0,0.19550356296006086
2019-07-17,19,0,0.0,False,1,0,0,0.19550356296006086
2019-07-18,19,0,0.0,False,1,0,0,0.19550356296006086
2019-07-19,19,0,0.0,False,1,0,0,0.19550356296006086
2019-07-22,18,0,0.0,False,1,0,0,0.19550356296006086
2019-07-23,18,0,0.0,False,1,0,0,0.19550356296006086
2019-07-24,19,0,0.0,False,1,0,0,0.19550356296006086
2019-07-25,19,0,0.0,False,1,0,0,0.19550356296006086
2019-07-26,19,0,0.0,False,1,0,0,0.19550356296006086
2019-07-29,20,0,0.0,False,1,0,0,0.19550356296006086
2019-07-30,20,0,0.0,False,1,0,0,0.19550356296006086
2019-07-31,20,0,0.0,False,1,0,0,0.19550356296006086
2019-08-01,20,0,0.0,False,1,0,0,0.19550356296006086
2019-08-02,20,2,0.1,True,1,0,0,0.19550356296006086
2019-08-05,20,6,0.3,True,1,0,0,0.19550356296006086
2019-08-06,20,6,0.3,True,1,0,0,0.19550356296006086
2019-08-07,20,7,0.35,True,1,0,0,0.19550356296006086
2019-08-08,20,0,0.0,False,1,0,0,0.19550356296006086
2019-08-09,20,1,0.05,False,1,0,0,0.19550356296006086
2019-08-12,21,0,0.0,False,2,1,0,0.39304723623157833
2019-08-13,21,0,0.0,False,2,0,0,0.3923207651445929
2019-08-14,21,0,0.0,False,2,0,0,0.39329734092323687
2019-08-15,21,0,0.0,False,2,0,0,0.39367211172566147
2019-08-16,21,0,0.0,False,2,0,0,0.3940962926384963
2019-08-19,21,0,0.0,False,1,0,1,0.19415761361503153
2019-08-20,21,0,0.0,False,1,0,0,0.19415761361503153
2019-08-21,21,0,0.0,False,1,0,0,0.19415761361503153
2019-08-22,21,0,0.0,False,1,0,0,0.19415761361503153
2019-08-23,21,0,0.0,False,1,0,0,0.19415761361503153
2019-08-26,21,0,0.0,False,1,0,0,0.19415761361503153
2019-08-27,21,0,0.0,False,1,0,0,0.19415761361503153
2019-08-28,21,0,0.0,False,1,0,0,0.19415761361503153
2019-08-29,22,1,0.0455,False,1,0,0,0.19415761361503153
2019-08-30,23,0,0.0,False,2,1,0,0.3877257756493008
2019-09-02,23,0,0.0,False,2,0,0,0.38853171797594427
2019-09-03,23,0,0.0,False,2,0,0,0.3886466794234206
2019-09-04,23,0,0.0,False,1,0,1,0.19377556877829788
2019-09-05,23,0,0.0,False,1,0,0,0.19377556877829788
2019-09-06,23,0,0.0,False,1,0,0,0.19377556877829788
2019-09-09,23,0,0.0,False,1,0,0,0.19377556877829788
2019-09-10,23,0,0.0,False,1,0,0,0.19377556877829788
2019-09-11,23,0,0.0,False,1,0,0,0.19377556877829788
2019-09-12,23,0,0.0,False,1,0,0,0.19377556877829788
2019-09-16,23,0,0.0,False,1,0,0,0.19377556877829788
2019-09-17,23,0,0.0,False,1,0,0,0.19377556877829788
2019-09-18,24,0,0.0,False,1,0,0,0.19377556877829788
2019-09-19,24,0,0.0,False,1,0,0,0.19377556877829788
2019-09-20,24,0,0.0,False,1,0,0,0.19377556877829788
2019-09-23,24,0,0.0,False,1,0,0,0.19377556877829788
2019-09-24,24,0,0.0,False,1,0,0,0.19377556877829788
2019-09-25,24,0,0.0,False,1,0,0,0.19377556877829788
2019-09-26,25,1,0.04,False,1,0,0,0.19377556877829788
2019-09-27,26,0,0.0,False,2,1,0,0.38852134079038736
2019-09-30,26,1,0.0385,False,2,0,0,0.3874394874760121
2019-10-08,26,0,0.0,False,3,1,0,0.581176150920548
2019-10-09,26,0,0.0,False,3,0,0,0.5816617439897533
2019-10-10,26,0,0.0,False,3,0,0,0.5826344409791527
2019-10-11,26,0,0.0,False,2,0,1,0.38619421430351675
2019-10-14,26,0,0.0,False,2,0,0,0.387581922666374
2019-10-15,27,0,0.0,False,2,0,0,0.38557543431956864
2019-10-16,27,0,0.0,False,2,0,0,0.3846449215716635
2019-10-17,27,0,0.0,False,2,0,0,0.3840230123670472
2019-10-18,27,0,0.0,False,2,0,0,0.38199309722833025
2019-10-21,26,0,0.0,False,2,0,0,0.38199309722833025
2019-10-22,26,0,0.0,False,2,0,0,0.38324385587577753
2019-10-23,25,1,0.04,False,2,0,0,0.38199309722833025
2019-10-24,25,1,0.04,False,3,1,0,0.5755231963194549
2019-10-25,25,0,0.0,False,3,0,0,0.5771615287795154
2019-10-28,25,0,0.0,False,3,0,0,0.580112202739014
2019-10-29,25,0,0.0,False,1,0,2,0.19271120812233603
2019-10-30,25,0,0.0,False,1,0,0,0.19271120812233603
2019-10-31,27,0,0.0,False,1,0,0,0.19271120812233603
2019-11-01,27,0,0.0,False,1,0,0,0.19271120812233603
2019-11-04,27,0,0.0,False,1,0,0,0.19271120812233603
2019-11-05,27,0,0.0,False,1,0,0,0.19271120812233603
2019-11-06,26,0,0.0,False,1,0,0,0.19271120812233603
2019-11-07,26,0,0.0,False,1,0,0,0.19271120812233603
2019-11-08,26,0,0.0,False,1,0,0,0.19271120812233603
2019-11-11,26,3,0.1154,True,1,0,0,0.19271120812233603
2019-11-12,26,2,0.0769,False,1,0,0,0.19271120812233603
2019-11-13,26,1,0.0385,False,3,2,0,0.5780404063479537
2019-11-14,27,0,0.0,False,3,0,0,0.5788432253618123
2019-11-15,29,0,0.0,False,3,0,0,0.5775061023860717
2019-11-18,29,0,0.0,False,3,0,0,0.5785060434141814
2019-11-19,29,0,0.0,False,2,0,1,0.38528006315275953
2019-11-20,29,0,0.0,False,2,0,0,0.3841367626451746
2019-11-21,29,0,0.0,False,2,0,0,0.38511699446902564
2019-11-22,29,0,0.0,False,1,0,1,0.19127395857031773
2019-11-25,30,1,0.0333,False,1,0,0,0.19127395857031773
2019-11-26,30,0,0.0,False,2,1,0,0.3810685277926085
2019-11-27,30,0,0.0,False,2,0,0,0.38137272389752763
2019-11-28,30,0,0.0,False,2,0,0,0.3818790534691278
2019-11-29,30,2,0.0667,False,2,0,0,0.3794410827462951
2019-12-02,30,2,0.0667,False,3,2,0,0.7627120414954033
2019-12-03,30,0,0.0,False,3,0,0,0.7628263218357808
2019-12-04,30,0,0.0,False,3,0,0,0.7641378701567049
2019-12-05,29,0,0.0,False,3,0,0,0.7653098561758632
2019-12-06,30,0,0.0,False,2,0,1,0.5712881888179956
2019-12-09,30,0,0.0,False,2,0,0,0.5688711764766174
2019-12-10,30,0,0.0,False,2,0,0,0.5710052419645036
2019-12-11,30,0,0.0,False,2,0,0,0.5708636284342876
2019-12-12,30,0,0.0,False,2,0,0,0.571146762061594
2019-12-13,31,0,0.0,False,1,0,1,0.1897858942781903
2019-12-16,31,0,0.0,False,1,0,0,0.1897858942781903
2019-12-17,31,0,0.0,False,1,0,0,0.1897858942781903
2019-12-18,31,0,0.0,False,1,0,0,0.1897858942781903
2019-12-19,31,0,0.0,False,1,0,0,0.1897858942781903
2019-12-20,31,0,0.0,False,1,0,0,0.1897858942781903
2019-12-23,31,0,0.0,False,1,0,0,0.1897858942781903
2019-12-24,31,0,0.0,False,1,0,0,0.1897858942781903
2019-12-25,31,0,0.0,False,1,0,0,0.1897858942781903
2019-12-26,31,0,0.0,False,1,0,0,0.1897858942781903
2019-12-27,32,0,0.0,False,1,0,0,0.1897858942781903
2019-12-30,32,0,0.0,False,1,0,0,0.1897858942781903
2019-12-31,32,0,0.0,False,1,0,0,0.1897858942781903
2020-01-02,32,0,0.0,False,1,0,0,0.1897858942781903
2020-01-03,33,0,0.0,False,1,0,0,0.1897858942781903
2020-01-06,33,0,0.0,False,1,0,0,0.1897858942781903
2020-01-07,33,0,0.0,False,1,0,0,0.1897858942781903
2020-01-08,34,0,0.0,False,1,0,0,0.1897858942781903
2020-01-09,34,0,0.0,False,1,0,0,0.1897858942781903
2020-01-10,34,0,0.0,False,1,0,0,0.1897858942781903
2020-01-13,34,0,0.0,False,1,0,0,0.1897858942781903
2020-01-14,35,0,0.0,False,1,0,0,0.1897858942781903
2020-01-15,35,0,0.0,False,1,0,0,0.1897858942781903
2020-01-16,35,0,0.0,False,1,0,0,0.1897858942781903
2020-01-17,37,0,0.0,False,1,0,0,0.1897858942781903
2020-01-20,38,0,0.0,False,1,0,0,0.1897858942781903
2020-01-21,38,1,0.0263,False,1,0,0,0.1897858942781903
2020-01-22,38,0,0.0,False,2,1,0,0.3796096690265292
2020-01-23,38,5,0.1316,True,2,0,0,0.3770507155692081
2020-02-03,38,11,0.2895,True,2,1,0,0.561388001682236
2020-02-04,38,9,0.2368,True,2,0,0,0.5660149798172263
2020-02-05,38,1,0.0263,False,2,1,0,0.757385430768764
2020-02-06,38,0,0.0,False,3,1,0,0.9490600317651074
2020-02-07,38,0,0.0,False,3,0,0,0.9490859752288491
2020-02-10,38,0,0.0,False,3,0,0,0.94902115928158
2020-02-11,40,0,0.0,False,3,0,0,0.9495239298633265
2020-02-12,40,0,0.0,False,3,0,0,0.9496232962838919
2020-02-13,40,0,0.0,False,3,0,0,0.9493142193041779
2020-02-14,40,0,0.0,False,3,0,0,0.9495340127118914
2020-02-17,41,0,0.0,False,3,0,0,0.9502058450187635
2020-02-18,42,0,0.0,False,3,0,0,0.9498677489657059
2020-02-19,42,0,0.0,False,3,0,0,0.9499463023185619
2020-02-20,42,0,0.0,False,1,0,2,0.18618027791157538
2020-02-21,42,0,0.0,False,1,0,0,0.18618027791157538
2020-02-24,42,0,0.0,False,1,0,0,0.18618027791157538
2020-02-25,42,0,0.0,False,1,0,0,0.18618027791157538
2020-02-26,43,0,0.0,False,1,0,0,0.18618027791157538
2020-02-27,43,0,0.0,False,1,0,0,0.18618027791157538
2020-02-28,43,0,0.0,False,1,0,0,0.18618027791157538
2020-03-02,43,0,0.0,False,1,0,0,0.18618027791157538
2020-03-03,43,0,0.0,False,1,0,0,0.18618027791157538
2020-03-04,43,0,0.0,False,1,0,0,0.18618027791157538
2020-03-05,43,0,0.0,False,1,0,0,0.18618027791157538
2020-03-06,43,0,0.0,False,1,0,0,0.18618027791157538
2020-03-09,44,1,0.0227,False,1,0,0,0.18618027791157538
2020-03-10,44,0,0.0,False,2,1,0,0.37692578315762393
2020-03-11,44,0,0.0,False,2,0,0,0.37465937839216495
2020-03-12,44,0,0.0,False,2,0,0,0.3721067465013227
2020-03-13,44,5,0.1136,True,2,0,0,0.37143153389393524
2020-03-16,44,14,0.3182,True,2,0,0,0.36625206925285236
2020-03-17,45,14,0.3111,True,2,0,0,0.36680129222947505
2020-03-18,45,13,0.2889,True,2,0,0,0.3650128271839632
2020-03-19,46,10,0.2174,True,2,0,0,0.3665267997855926
2020-03-20,45,0,0.0,False,2,0,0,0.3685797110137017
2020-03-23,46,1,0.0217,False,2,0,0,0.3643222629357582
2020-03-24,46,0,0.0,False,3,1,0,0.5529976017177847
2020-03-25,47,0,0.0,False,3,0,0,0.5563160638449095
2020-03-26,47,0,0.0,False,3,0,0,0.5551384520598621
2020-03-27,47,0,0.0,False,3,0,0,0.5534954254309077
2020-03-30,47,0,0.0,False,3,0,0,0.5499996248673271
2020-03-31,47,0,0.0,False,3,0,0,0.548874743108316
2020-04-01,47,0,0.0,False,3,0,0,0.5481554399690594
2020-04-02,47,0,0.0,False,3,0,0,0.5523406208379543
2020-04-03,47,0,0.0,False,3,0,0,0.5507864904882005
2020-04-07,46,0,0.0,False,2,0,1,0.3646351543731317
2020-04-08,46,0,0.0,False,1,0,1,0.18725452531062137
2020-04-09,46,0,0.0,False,1,0,0,0.18725452531062137
2020-04-10,45,0,0.0,False,1,0,0,0.18725452531062137
2020-04-13,46,0,0.0,False,1,0,0,0.18725452531062137
2020-04-14,45,0,0.0,False,1,0,0,0.18725452531062137
2020-04-15,45,0,0.0,False,1,0,0,0.18725452531062137
2020-04-16,46,0,0.0,False,1,0,0,0.18725452531062137
2020-04-17,46,0,0.0,False,1,0,0,0.18725452531062137
2020-04-20,46,0,0.0,False,1,0,0,0.18725452531062137
2020-04-21,46,0,0.0,False,1,0,0,0.18725452531062137
2020-04-22,46,0,0.0,False,1,0,0,0.18725452531062137
2020-04-23,46,0,0.0,False,1,0,0,0.18725452531062137
2020-04-24,46,0,0.0,False,1,0,0,0.18725452531062137
2020-04-27,46,0,0.0,False,1,0,0,0.18725452531062137
2020-04-28,46,0,0.0,False,1,0,0,0.18725452531062137
2020-04-29,46,0,0.0,False,1,0,0,0.18725452531062137
2020-04-30,45,0,0.0,False,1,0,0,0.18725452531062137
2020-05-06,46,0,0.0,False,1,0,0,0.18725452531062137
2020-05-07,48,0,0.0,False,1,0,0,0.18725452531062137
2020-05-08,48,0,0.0,False,1,0,0,0.18725452531062137
2020-05-11,47,0,0.0,False,1,0,0,0.18725452531062137
2020-05-12,47,0,0.0,False,1,0,0,0.18725452531062137
2020-05-13,48,0,0.0,False,1,0,0,0.18725452531062137
2020-05-14,48,0,0.0,False,1,0,0,0.18725452531062137
2020-05-15,48,0,0.0,False,1,0,0,0.18725452531062137
2020-05-18,48,0,0.0,False,1,0,0,0.18725452531062137
2020-05-19,48,0,0.0,False,1,0,0,0.18725452531062137
2020-05-20,48,0,0.0,False,1,0,0,0.18725452531062137
2020-05-21,48,0,0.0,False,1,0,0,0.18725452531062137
2020-05-22,46,1,0.0217,False,1,0,0,0.18725452531062137
2020-05-25,46,1,0.0217,False,2,1,0,0.3739240774857376
2020-05-26,44,0,0.0,False,2,0,0,0.37483989413108476
2020-05-27,44,0,0.0,False,2,0,0,0.37366192254491826
2020-05-28,46,0,0.0,False,2,0,0,0.37523156730150364
2020-05-29,45,0,0.0,False,2,0,0,0.37444772956546235
2020-06-01,45,0,0.0,False,1,0,1,0.18629858546487574
2020-06-02,44,0,0.0,False,1,0,0,0.18629858546487574
2020-06-03,43,0,0.0,False,1,0,0,0.18629858546487574
2020-06-04,43,0,0.0,False,1,0,0,0.18629858546487574
2020-06-05,43,0,0.0,False,1,0,0,0.18629858546487574
2020-06-08,42,0,0.0,False,1,0,0,0.18629858546487574
2020-06-09,42,0,0.0,False,1,0,0,0.18629858546487574
2020-06-10,42,0,0.0,False,1,0,0,0.18629858546487574
2020-06-11,43,0,0.0,False,1,0,0,0.18629858546487574
2020-06-12,43,0,0.0,False,1,0,0,0.18629858546487574
2020-06-15,43,0,0.0,False,1,0,0,0.18629858546487574
2020-06-16,42,0,0.0,False,1,0,0,0.18629858546487574
2020-06-17,43,0,0.0,False,1,0,0,0.18629858546487574
2020-06-18,43,0,0.0,False,1,0,0,0.18629858546487574
2020-06-19,43,0,0.0,False,1,0,0,0.18629858546487574
2020-06-22,44,0,0.0,False,1,0,0,0.18629858546487574
2020-06-23,45,0,0.0,False,1,0,0,0.18629858546487574
2020-06-24,45,0,0.0,False,1,0,0,0.18629858546487574
2020-06-29,46,0,0.0,False,1,0,0,0.18629858546487574
2020-06-30,46,0,0.0,False,1,0,0,0.18629858546487574
2020-07-01,46,0,0.0,False,1,0,0,0.18629858546487574
2020-07-02,47,0,0.0,False,1,0,0,0.18629858546487574
2020-07-03,47,0,0.0,False,1,0,0,0.18629858546487574
2020-07-06,49,0,0.0,False,1,0,0,0.18629858546487574
2020-07-07,50,0,0.0,False,1,0,0,0.18629858546487574
2020-07-08,51,0,0.0,False,1,0,0,0.18629858546487574
2020-07-09,53,0,0.0,False,1,0,0,0.18629858546487574
2020-07-10,53,0,0.0,False,1,0,0,0.18629858546487574
2020-07-13,53,0,0.0,False,1,0,0,0.18629858546487574
2020-07-14,53,0,0.0,False,1,0,0,0.18629858546487574
2020-07-15,55,0,0.0,False,1,0,0,0.18629858546487574
2020-07-16,55,0,0.0,False,1,0,0,0.18629858546487574
2020-07-17,55,0,0.0,False,1,0,0,0.18629858546487574
2020-07-20,55,0,0.0,False,1,0,0,0.18629858546487574
2020-07-21,56,0,0.0,False,1,0,0,0.18629858546487574
2020-07-22,57,0,0.0,False,1,0,0,0.18629858546487574
2020-07-23,58,0,0.0,False,1,0,0,0.18629858546487574
2020-07-24,59,0,0.0,False,1,0,0,0.18629858546487574
2020-07-27,59,0,0.0,False,1,0,0,0.18629858546487574
2020-07-28,59,0,0.0,False,1,0,0,0.18629858546487574
2020-07-29,59,0,0.0,False,1,0,0,0.18629858546487574
2020-07-30,59,0,0.0,False,1,0,0,0.18629858546487574
2020-07-31,59,0,0.0,False,1,0,0,0.18629858546487574
2020-08-03,59,0,0.0,False,1,0,0,0.18629858546487574
2020-08-04,60,0,0.0,False,1,0,0,0.18629858546487574
2020-08-05,62,0,0.0,False,1,0,0,0.18629858546487574
2020-08-06,62,0,0.0,False,1,0,0,0.18629858546487574
2020-08-07,63,0,0.0,False,1,0,0,0.18629858546487574
2020-08-10,64,0,0.0,False,1,0,0,0.18629858546487574
2020-08-11,64,0,0.0,False,1,0,0,0.18629858546487574
2020-08-12,63,0,0.0,False,1,0,0,0.18629858546487574
2020-08-13,63,0,0.0,False,1,0,0,0.18629858546487574
2020-08-14,62,0,0.0,False,1,0,0,0.18629858546487574
2020-08-17,63,0,0.0,False,1,0,0,0.18629858546487574
2020-08-18,64,0,0.0,False,1,0,0,0.18629858546487574
2020-08-19,64,0,0.0,False,1,0,0,0.18629858546487574
2020-08-20,65,0,0.0,False,1,0,0,0.18629858546487574
2020-08-21,65,0,0.0,False,1,0,0,0.18629858546487574
2020-08-24,65,0,0.0,False,1,0,0,0.18629858546487574
2020-08-25,65,0,0.0,False,1,0,0,0.18629858546487574
2020-08-26,64,0,0.0,False,1,0,0,0.18629858546487574
2020-08-27,64,0,0.0,False,1,0,0,0.18629858546487574
2020-08-28,64,0,0.0,False,1,0,0,0.18629858546487574
2020-08-31,64,0,0.0,False,1,0,0,0.18629858546487574
2020-09-01,64,0,0.0,False,1,0,0,0.18629858546487574
2020-09-02,64,0,0.0,False,1,0,0,0.18629858546487574
2020-09-03,63,0,0.0,False,1,0,0,0.18629858546487574
2020-09-04,64,0,0.0,False,1,0,0,0.18629858546487574
2020-09-07,64,2,0.0312,False,1,0,0,0.18629858546487574
2020-09-08,64,1,0.0156,False,3,2,0,0.5592992396989608
2020-09-09,64,9,0.1406,True,3,0,0,0.553125981675332
2020-09-10,64,11,0.1719,True,3,2,0,0.9297343110155267
2020-09-11,64,0,0.0,False,3,0,0,0.9302996018338611
2020-09-14,63,0,0.0,False,3,0,0,0.9300452947177216
2020-09-15,62,0,0.0,False,3,0,0,0.9306165731973481
2020-09-16,62,0,0.0,False,3,0,0,0.9299347700074252
2020-09-17,62,0,0.0,False,3,0,0,0.9296331674142753
2020-09-18,62,0,0.0,False,3,0,0,0.9304398981792542
2020-09-21,62,0,0.0,False,2,0,1,0.5498937102487955
2020-09-22,62,0,0.0,False,2,0,0,0.5498937102487955
2020-09-23,62,0,0.0,False,2,0,0,0.5557518335814777
2020-09-24,62,1,0.0161,False,2,0,0,0.5534021150939454
2020-09-25,62,0,0.0,False,3,1,0,0.7414196078963998
2020-09-28,62,0,0.0,False,2,0,1,0.5474772236347354
2020-09-29,62,1,0.0161,False,2,0,0,0.5491128743046176
2020-09-30,62,0,0.0,False,2,1,1,0.3713329641335447
2020-10-09,63,0,0.0,False,2,0,0,0.3718912529479952
2020-10-12,62,0,0.0,False,1,0,1,0.18552648196740082
2020-10-13,62,0,0.0,False,1,0,0,0.18552648196740082
2020-10-14,61,0,0.0,False,1,0,0,0.18552648196740082
2020-10-15,61,0,0.0,False,1,0,0,0.18552648196740082
2020-10-16,61,0,0.0,False,1,0,0,0.18552648196740082
2020-10-19,60,0,0.0,False,1,0,0,0.18552648196740082
2020-10-20,60,0,0.0,False,1,0,0,0.18552648196740082
2020-10-21,59,0,0.0,False,1,0,0,0.18552648196740082
2020-10-22,59,0,0.0,False,1,0,0,0.18552648196740082
2020-10-23,58,2,0.0345,False,1,0,0,0.18552648196740082
2020-10-26,58,1,0.0172,False,3,2,0,0.5586821472974663
2020-10-27,58,1,0.0172,False,3,0,0,0.5604650217205475
2020-10-28,58,0,0.0,False,2,0,1,0.3691201634085201
2020-10-29,58,0,0.0,False,2,0,0,0.3687475657876179
2020-10-30,59,2,0.0339,False,2,0,0,0.3657508655623893
2020-11-02,59,0,0.0,False,3,2,0,0.733310794298439
2020-11-03,58,0,0.0,False,3,0,0,0.736137363220565
2020-11-04,58,0,0.0,False,3,0,0,0.7352611483152075
2020-11-05,58,0,0.0,False,3,0,0,0.7374813431827563
2020-11-06,58,0,0.0,False,2,0,1,0.5499489232718353
2020-11-09,58,0,0.0,False,1,0,1,0.18118072628964535
2020-11-10,59,0,0.0,False,1,0,0,0.18118072628964535
2020-11-11,59,1,0.0169,False,1,0,0,0.18118072628964535
2020-11-12,59,0,0.0,False,2,1,0,0.36273069221586046
2020-11-13,59,0,0.0,False,2,0,0,0.3627911711711703
2020-11-16,58,0,0.0,False,2,0,0,0.363696979942523
2020-11-17,57,1,0.0175,False,2,0,0,0.36103260800751047
2020-11-18,55,3,0.0545,False,3,1,0,0.5401257491928572
2020-11-19,55,0,0.0,False,3,1,0,0.7237701256984888
2020-11-20,55,0,0.0,False,3,0,0,0.7243120635994527
2020-11-23,56,0,0.0,False,3,0,0,0.7243547753940902
2020-11-24,57,0,0.0,False,3,0,0,0.7223403475111158
2020-11-25,57,2,0.0351,False,3,0,0,0.7190211848047869
2020-11-26,56,1,0.0179,False,3,1,0,0.9035234960968875
2020-11-27,57,0,0.0,False,3,0,0,0.9038646932705412
2020-11-30,57,0,0.0,False,3,0,0,0.9043626745443888
2020-12-01,57,0,0.0,False,3,0,0,0.9061510996449811
2020-12-02,56,0,0.0,False,3,0,0,0.9059707250520668
2020-12-03,57,0,0.0,False,1,0,2,0.17983696782177352
2020-12-04,57,0,0.0,False,1,0,0,0.17983696782177352
2020-12-07,58,0,0.0,False,1,0,0,0.17983696782177352
2020-12-08,57,0,0.0,False,1,0,0,0.17983696782177352
2020-12-09,58,0,0.0,False,1,0,0,0.17983696782177352
2020-12-10,58,0,0.0,False,1,0,0,0.17983696782177352
2020-12-11,58,4,0.069,False,1,0,0,0.17983696782177352
2020-12-14,58,0,0.0,False,3,2,0,0.5408493091906187
2020-12-15,58,0,0.0,False,3,0,0,0.5410370589487195
2020-12-16,59,0,0.0,False,3,0,0,0.5399057700154871
2020-12-17,59,0,0.0,False,2,0,1,0.35674443313402737
2020-12-18,59,0,0.0,False,2,0,0,0.35700884234311137
2020-12-21,59,0,0.0,False,2,0,0,0.35872221792712145
2020-12-22,58,0,0.0,False,2,0,0,0.35674443313402737
2020-12-23,59,0,0.0,False,2,0,0,0.3562149618007335
2020-12-24,59,0,0.0,False,2,0,0,0.3535544766781352
2020-12-25,58,0,0.0,False,2,0,0,0.3523500710080384
2020-12-28,57,0,0.0,False,2,0,0,0.3507371982102601
2020-12-29,57,0,0.0,False,2,0,0,0.35408833139139556
2020-12-30,57,0,0.0,False,2,0,0,0.35515339993732453
2020-12-31,58,0,0.0,False,2,0,0,0.35674443313402737
2021-01-04,58,0,0.0,False,1,0,1,0.1793333251357361
2021-01-05,58,0,0.0,False,1,0,0,0.1793333251357361
2021-01-06,58,0,0.0,False,1,0,0,0.1793333251357361
2021-01-07,58,0,0.0,False,1,0,0,0.1793333251357361
2021-01-08,58,0,0.0,False,1,0,0,0.1793333251357361
2021-01-11,58,0,0.0,False,1,0,0,0.1793333251357361
2021-01-12,59,0,0.0,False,1,0,0,0.1793333251357361
2021-01-13,60,0,0.0,False,1,0,0,0.1793333251357361
2021-01-14,60,0,0.0,False,1,0,0,0.1793333251357361
2021-01-15,61,0,0.0,False,1,0,0,0.1793333251357361
2021-01-18,61,0,0.0,False,1,0,0,0.1793333251357361
2021-01-19,61,0,0.0,False,1,0,0,0.1793333251357361
2021-01-20,61,0,0.0,False,1,0,0,0.1793333251357361
2021-01-21,61,0,0.0,False,1,0,0,0.1793333251357361
2021-01-22,61,0,0.0,False,1,0,0,0.1793333251357361
2021-01-25,61,0,0.0,False,1,0,0,0.1793333251357361
2021-01-26,62,0,0.0,False,1,0,0,0.1793333251357361
2021-01-27,62,0,0.0,False,1,0,0,0.1793333251357361
2021-01-28,62,0,0.0,False,1,0,0,0.1793333251357361
2021-01-29,62,5,0.0806,False,1,0,0,0.1793333251357361
2021-02-01,62,0,0.0,False,3,2,0,0.5369316743574464
2021-02-02,61,0,0.0,False,3,0,0,0.5401323105067888
2021-02-03,62,0,0.0,False,3,0,0,0.5339898024992583
2021-02-04,61,2,0.0328,False,3,0,0,0.5314839726303714
2021-02-05,61,4,0.0656,False,3,0,0,0.5278545708505875
2021-02-08,63,1,0.0159,False,3,0,0,0.528838832420088
2021-02-09,62,0,0.0,False,3,0,0,0.5392102579999367
2021-02-10,62,0,0.0,False,3,0,0,0.5375955636877305
2021-02-18,62,0,0.0,False,3,0,0,0.5361370654723665
2021-02-19,63,0,0.0,False,3,0,0,0.5364131851555307
2021-02-22,63,0,0.0,False,3,0,0,0.5298660397004895
2021-02-23,64,0,0.0,False,3,0,0,0.5349745429505322
2021-02-24,63,2,0.0317,False,3,0,0,0.5347629500609595
2021-02-25,67,2,0.0299,False,1,0,2,0.17912711483929772
2021-02-26,66,4,0.0606,False,3,2,0,0.5389016744954391
2021-03-01,66,0,0.0,False,3,0,0,0.5449625793240407
2021-03-02,66,1,0.0152,False,3,0,0,0.5438001028675653
2021-03-03,66,0,0.0,False,3,0,0,0.5444326648026642
2021-03-04,67,1,0.0149,False,3,0,0,0.5349737724282981
2021-03-05,67,0,0.0,False,3,1,0,0.7160461683932925
2021-03-08,67,12,0.1791,True,3,0,0,0.7084632360334719
2021-03-09,66,13,0.197,True,3,0,0,0.7046527045638072
2021-03-10,65,4,0.0615,False,3,1,0,0.8920802582536462
2021-03-11,66,0,0.0,False,3,0,0,0.8945170600475797
2021-03-12,66,0,0.0,False,3,0,0,0.8957888089690542
2021-03-15,66,1,0.0152,False,3,0,0,0.8924157442873374
2021-03-16,66,0,0.0,False,3,0,0,0.892981974706013
2021-03-17,66,0,0.0,False,3,0,0,0.8938364930129091
2021-03-18,66,0,0.0,False,3,0,0,0.8949017236965633
2021-03-19,67,0,0.0,False,3,0,0,0.8927828209995425
2021-03-22,68,0,0.0,False,3,0,0,0.8938038114322037
2021-03-23,67,0,0.0,False,3,0,0,0.8923488379746737
2021-03-24,67,0,0.0,False,3,0,0,0.8910597596871708
2021-03-25,66,0,0.0,False,3,0,0,0.8913337614448721
2021-03-26,65,0,0.0,False,3,0,0,0.8940319676712003
2021-03-29,66,0,0.0,False,2,0,1,0.5378416538167577
2021-03-30,66,0,0.0,False,1,0,1,0.18221737996306694
2021-03-31,66,0,0.0,False,1,0,0,0.18221737996306694
2021-04-01,66,0,0.0,False,1,0,0,0.18221737996306694
2021-04-02,66,0,0.0,False,1,0,0,0.18221737996306694
2021-04-06,66,0,0.0,False,1,0,0,0.18221737996306694
2021-04-07,66,0,0.0,False,1,0,0,0.18221737996306694
2021-04-08,66,0,0.0,False,1,0,0,0.18221737996306694
2021-04-09,67,0,0.0,False,1,0,0,0.18221737996306694
2021-04-12,66,2,0.0303,False,1,0,0,0.18221737996306694
2021-04-13,65,2,0.0308,False,3,2,0,0.546678016092667
2021-04-14,64,1,0.0156,False,3,0,0,0.5487177651817675
2021-04-15,64,1,0.0156,False,3,0,0,0.5472597245606388
2021-04-16,64,0,0.0,False,3,0,0,0.548420109564585
2021-04-19,64,0,0.0,False,1,0,2,0.180494079475125
2021-04-20,64,0,0.0,False,1,0,0,0.180494079475125
2021-04-21,65,0,0.0,False,1,0,0,0.180494079475125
2021-04-22,65,0,0.0,False,1,0,0,0.180494079475125
2021-04-23,63,0,0.0,False,1,0,0,0.180494079475125
2021-04-26,64,0,0.0,False,1,0,0,0.180494079475125
2021-04-27,63,0,0.0,False,1,0,0,0.180494079475125
2021-04-28,64,0,0.0,False,1,0,0,0.180494079475125
2021-04-29,64,0,0.0,False,1,0,0,0.180494079475125
2021-04-30,63,2,0.0317,False,1,0,0,0.180494079475125
2021-05-06,63,0,0.0,False,3,2,0,0.5435480156062134
2021-05-07,64,3,0.0469,False,3,0,0,0.5412056797930807
2021-05-10,64,2,0.0312,False,3,2,0,0.9013965701726893
2021-05-11,65,0,0.0,False,3,0,0,0.9032297648353734
2021-05-12,66,0,0.0,False,3,0,0,0.9029806085007871
2021-05-13,65,0,0.0,False,3,0,0,0.9027271644703997
2021-05-14,65,0,0.0,False,1,0,2,0.1771239721265487
2021-05-17,66,0,0.0,False,1,0,0,0.1771239721265487
2021-05-18,66,0,0.0,False,1,0,0,0.1771239721265487
2021-05-19,66,0,0.0,False,1,0,0,0.1771239721265487
2021-05-20,66,0,0.0,False,1,0,0,0.1771239721265487
2021-05-21,64,0,0.0,False,1,0,0,0.1771239721265487
2021-05-24,61,0,0.0,False,1,0,0,0.1771239721265487
2021-05-25,61,0,0.0,False,1,0,0,0.1771239721265487
2021-05-26,61,0,0.0,False,1,0,0,0.1771239721265487
2021-05-27,61,0,0.0,False,1,0,0,0.1771239721265487
2021-05-28,62,0,0.0,False,1,0,0,0.1771239721265487
2021-05-31,63,0,0.0,False,1,0,0,0.1771239721265487
2021-06-01,63,0,0.0,False,1,0,0,0.1771239721265487
2021-06-02,63,0,0.0,False,1,0,0,0.1771239721265487
2021-06-03,65,0,0.0,False,1,0,0,0.1771239721265487
2021-06-04,65,0,0.0,False,1,0,0,0.1771239721265487
2021-06-07,65,0,0.0,False,1,0,0,0.1771239721265487
2021-06-08,64,0,0.0,False,1,0,0,0.1771239721265487
2021-06-09,65,0,0.0,False,1,0,0,0.1771239721265487
2021-06-10,65,0,0.0,False,1,0,0,0.1771239721265487
2021-06-11,65,1,0.0154,False,1,0,0,0.1771239721265487
2021-06-15,65,1,0.0154,False,2,1,0,0.3530485294319868
2021-06-16,65,8,0.1231,True,2,0,0,0.3520200966669924
2021-06-17,66,3,0.0455,False,2,1,0,0.5292513942744101
2021-06-18,66,1,0.0152,False,3,1,0,0.7066518752950539
2021-06-21,66,2,0.0303,False,3,0,0,0.7061532646442017
2021-06-22,66,0,0.0,False,3,0,0,0.707604633678438
2021-06-23,66,0,0.0,False,2,0,1,0.5241746789389615
2021-06-24,66,0,0.0,False,2,0,0,0.5254440285306639
2021-06-25,65,0,0.0,False,2,0,0,0.5278372287855203
2021-06-28,66,0,0.0,False,2,0,0,0.5278372287855203
2021-06-29,66,0,0.0,False,2,0,0,0.5246832327709096
2021-06-30,66,0,0.0,False,2,0,0,0.5256970861899938
2021-07-01,67,0,0.0,False,2,0,0,0.5268954337431319
2021-07-02,67,4,0.0597,False,2,0,0,0.5221295345372382
2021-07-05,67,2,0.0299,False,3,1,0,0.6994741777750544
2021-07-06,68,3,0.0441,False,3,0,0,0.7011366810392
2021-07-07,68,0,0.0,False,3,0,0,0.7028497555125311
2021-07-08,68,4,0.0588,False,2,0,1,0.5130900696566003
2021-07-09,68,4,0.0588,False,3,1,0,0.690375116911575
2021-07-12,69,2,0.029,False,3,1,0,0.8692646847331531
2021-07-13,70,1,0.0143,False,3,0,0,0.8701917536645046
2021-07-14,70,1,0.0143,False,3,0,0,0.8691879037743181
2021-07-15,70,0,0.0,False,3,0,0,0.8704312185240302
2021-07-16,70,0,0.0,False,3,0,0,0.8703475545011866
2021-07-19,70,0,0.0,False,3,0,0,0.8705846648750959
2021-07-20,70,0,0.0,False,3,0,0,0.869782722666647
2021-07-21,70,0,0.0,False,3,0,0,0.8694117011782528
2021-07-22,70,0,0.0,False,3,0,0,0.8696540500154047
2021-07-23,70,0,0.0,False,3,0,0,0.8687780039242632
2021-07-26,70,12,0.1714,True,3,0,0,0.8652453887688141
2021-07-27,70,13,0.1857,True,3,1,0,0.9998260269529923
2021-07-28,71,9,0.1268,True,3,1,0,0.9999369146375628
2021-07-29,72,2,0.0278,False,3,0,0,0.9999369293675926
2021-07-30,74,3,0.0405,False,3,0,0,0.9999360756945755
2021-08-02,74,0,0.0,False,3,0,0,0.9999375418542706
2021-08-03,74,0,0.0,False,3,0,0,0.9999380251346103
2021-08-04,75,0,0.0,False,3,0,0,0.9999376679735124
2021-08-05,75,0,0.0,False,3,0,0,0.9999372625815175
2021-08-06,75,0,0.0,False,3,0,0,0.9999371888234907
2021-08-09,75,0,0.0,False,3,0,0,0.9999386898416106
2021-08-10,75,0,0.0,False,1,0,2,0.18271581989219454
2021-08-11,75,0,0.0,False,1,0,0,0.18271581989219454
2021-08-12,76,0,0.0,False,1,0,0,0.18271581989219454
2021-08-13,76,0,0.0,False,1,0,0,0.18271581989219454
2021-08-16,75,0,0.0,False,1,0,0,0.18271581989219454
2021-08-17,75,1,0.0133,False,1,0,0,0.18271581989219454
2021-08-18,75,0,0.0,False,2,1,0,0.3660269487282111
2021-08-19,75,0,0.0,False,2,0,0,0.3670056055897773
2021-08-20,74,5,0.0676,False,2,0,0,0.3635670157792193
2021-08-23,75,1,0.0133,False,3,1,0,0.5503568159375238
2021-08-24,75,0,0.0,False,3,0,0,0.554054955941763
2021-08-25,75,0,0.0,False,3,0,0,0.5569537082591844
2021-08-26,75,0,0.0,False,3,0,0,0.5520922526549809
2021-08-27,75,0,0.0,False,3,0,0,0.551731019694493
2021-08-30,75,1,0.0133,False,3,0,0,0.5522189563401544
2021-08-31,75,0,0.0,False,3,0,0,0.5495845289968871
2021-09-01,75,0,0.0,False,3,0,0,0.5518044181612599
2021-09-02,75,0,0.0,False,3,0,0,0.5490718699888638
2021-09-03,76,1,0.0132,False,3,0,0,0.5487076831229455
2021-09-06,76,0,0.0,False,2,0,1,0.3616281486047152
2021-09-07,76,0,0.0,False,1,0,1,0.18021305910459748
2021-09-08,76,0,0.0,False,1,0,0,0.18021305910459748
2021-09-09,77,0,0.0,False,1,0,0,0.18021305910459748
2021-09-10,76,0,0.0,False,1,0,0,0.18021305910459748
2021-09-13,76,0,0.0,False,1,0,0,0.18021305910459748
2021-09-14,77,0,0.0,False,1,0,0,0.18021305910459748
2021-09-15,78,0,0.0,False,1,0,0,0.18021305910459748
2021-09-16,77,0,0.0,False,1,0,0,0.18021305910459748
2021-09-17,78,0,0.0,False,1,0,0,0.18021305910459748
2021-09-22,78,0,0.0,False,1,0,0,0.18021305910459748
2021-09-23,78,0,0.0,False,1,0,0,0.18021305910459748
2021-09-24,80,0,0.0,False,1,0,0,0.18021305910459748
2021-09-27,80,1,0.0125,False,1,0,0,0.18021305910459748
2021-09-28,83,0,0.0,False,2,1,0,0.36067503557433434
2021-09-29,83,5,0.0602,False,2,0,0,0.3569269485040754
2021-09-30,83,0,0.0,False,3,2,0,0.7219645123542592
2021-10-08,83,0,0.0,False,3,0,0,0.7217961068378564
2021-10-11,83,1,0.012,False,3,0,0,0.7222356864612159
2021-10-12,83,3,0.0361,False,3,0,0,0.7181551962934047
2021-10-13,83,0,0.0,False,3,0,0,0.7192638593228897
2021-10-14,82,0,0.0,False,3,0,0,0.7210218695781043
2021-10-15,81,0,0.0,False,3,0,0,0.7214422366548467
2021-10-18,81,0,0.0,False,3,0,0,0.7230246289480132
2021-10-19,81,0,0.0,False,3,0,0,0.7242550757053773
2021-10-20,82,0,0.0,False,1,0,2,0.17798179186795604
2021-10-21,82,0,0.0,False,1,0,0,0.17798179186795604
2021-10-22,82,0,0.0,False,1,0,0,0.17798179186795604
2021-10-25,83,0,0.0,False,1,0,0,0.17798179186795604
2021-10-26,83,0,0.0,False,1,0,0,0.17798179186795604
2021-10-27,82,2,0.0244,False,1,0,0,0.17798179186795604
2021-10-28,83,2,0.0241,False,3,2,0,0.5341251946946367
2021-10-29,82,2,0.0244,False,3,0,0,0.5361933295226965
2021-11-01,82,2,0.0244,False,3,1,0,0.7098013287262659
2021-11-02,82,3,0.0366,False,3,1,0,0.8876272504406874
2021-11-03,83,2,0.0241,False,3,0,0,0.8884969187301476
2021-11-04,82,0,0.0,False,3,0,0,0.8885145219929945
2021-11-05,82,1,0.0122,False,3,0,0,0.888365988937089
2021-11-08,82,1,0.0122,False,3,0,0,0.8860556306689841
2021-11-09,82,0,0.0,False,3,1,0,0.9999904177622622
2021-11-10,83,0,0.0,False,3,0,0,0.9999906799234616
2021-11-11,83,0,0.0,False,3,0,0,0.9999906240203547
2021-11-12,83,0,0.0,False,3,0,0,0.999990604978026
2021-11-15,84,0,0.0,False,1,0,2,0.17757557916198927
2021-11-16,84,1,0.0119,False,1,0,0,0.17757557916198927
2021-11-17,84,0,0.0,False,2,1,0,0.35651258348287296
2021-11-18,84,0,0.0,False,2,0,0,0.35626566379981645
2021-11-19,84,0,0.0,False,2,0,0,0.35737531266041805
2021-11-22,84,0,0.0,False,1,0,1,0.17662399127088266
2021-11-23,84,0,0.0,False,1,0,0,0.17662399127088266
2021-11-24,86,0,0.0,False,1,0,0,0.17662399127088266
2021-11-25,87,0,0.0,False,1,0,0,0.17662399127088266
2021-11-26,87,0,0.0,False,1,0,0,0.17662399127088266
2021-11-29,88,0,0.0,False,1,0,0,0.17662399127088266
2021-11-30,88,0,0.0,False,1,0,0,0.17662399127088266
2021-12-01,88,0,0.0,False,1,0,0,0.17662399127088266
2021-12-02,87,0,0.0,False,1,0,0,0.17662399127088266
2021-12-03,87,0,0.0,False,1,0,0,0.17662399127088266
2021-12-06,87,2,0.023,False,1,0,0,0.17662399127088266
2021-12-07,87,1,0.0115,False,3,2,0,0.5297061454310558
2021-12-08,87,0,0.0,False,3,0,0,0.532074353297843
2021-12-09,87,0,0.0,False,1,0,2,0.17521978309409802
2021-12-10,87,0,0.0,False,1,0,0,0.17521978309409802
2021-12-13,87,0,0.0,False,1,0,0,0.17521978309409802
2021-12-14,87,0,0.0,False,1,0,0,0.17521978309409802
2021-12-15,87,2,0.023,False,1,0,0,0.17521978309409802
2021-12-16,87,0,0.0,False,3,2,0,0.5266784565933758
2021-12-17,87,1,0.0115,False,3,0,0,0.5251037175859433
2021-12-20,86,8,0.093,False,3,0,0,0.5214742050926507
2021-12-21,86,3,0.0349,False,3,1,0,0.6997208596350261
2021-12-22,86,0,0.0,False,3,0,0,0.6994378992757362
2021-12-23,87,0,0.0,False,3,0,0,0.6982258405750347
2021-12-24,91,2,0.022,False,3,0,0,0.6980338261565245
2021-12-27,91,0,0.0,False,3,0,0,0.6997208596350261
2021-12-28,90,0,0.0,False,3,0,0,0.7008795794077681
2021-12-29,90,0,0.0,False,3,0,0,0.7005895757696085
2021-12-30,90,0,0.0,False,2,0,1,0.3475900977463979
2021-12-31,91,0,0.0,False,2,0,0,0.34750023921707385
2022-01-04,91,0,0.0,False,2,0,0,0.3442487645059576
2022-01-05,91,2,0.022,False,2,0,0,0.34251960949172944
2022-01-06,91,5,0.0549,False,3,1,0,0.5176295210118711
2022-01-07,91,6,0.0659,False,3,1,0,0.6929248109154085
2022-01-10,92,1,0.0109,False,3,0,0,0.6940989400031378
2022-01-11,92,4,0.0435,False,3,0,0,0.693810342958709
2022-01-12,92,0,0.0,False,3,0,0,0.6962017740391486
2022-01-13,92,7,0.0761,False,3,0,0,0.6936838041677914
2022-01-14,91,8,0.0879,False,3,0,0,0.6947178090129351
2022-01-17,92,1,0.0109,False,3,0,0,0.6964602019169351
2022-01-18,92,0,0.0,False,3,0,0,0.6951867948320389
2022-01-19,92,1,0.0109,False,3,0,0,0.6905265208644793
2022-01-20,91,2,0.022,False,3,0,0,0.6885980484446642
2022-01-21,91,3,0.033,False,3,0,0,0.6854544212881649
2022-01-24,91,2,0.022,False,3,0,0,0.6853992532591149
2022-01-25,91,7,0.0769,False,3,1,0,0.8642260548153551
2022-01-26,91,6,0.0659,False,3,0,0,0.8628771835418072
2022-01-27,91,10,0.1099,True,3,0,0,0.8609798864926393
2022-01-28,91,9,0.0989,False,3,0,0,0.8608095748282784
2022-02-07,92,0,0.0,False,3,0,0,0.861608745723802
2022-02-08,93,5,0.0538,False,3,0,0,0.8599829488856946
2022-02-09,93,0,0.0,False,3,1,0,0.9999359753961994
2022-02-10,91,2,0.022,False,3,0,0,0.9999348584546762
2022-02-11,92,3,0.0326,False,3,0,0,0.9999331654256431
2022-02-14,92,3,0.0326,False,3,0,0,0.9999335061406873
2022-02-15,92,1,0.0109,False,3,0,0,0.9999353826692879
2022-02-16,92,0,0.0,False,3,0,0,0.9999353534153845
2022-02-17,92,0,0.0,False,3,0,0,0.99993556262306
2022-02-18,92,0,0.0,False,3,0,0,0.9999356191026096
2022-02-21,91,0,0.0,False,3,0,0,0.9999355738026329
2022-02-22,91,0,0.0,False,3,0,0,0.999934627901307
2022-02-23,91,0,0.0,False,2,0,1,0.4969427953297685
2022-02-24,91,2,0.022,False,2,0,0,0.49365292160776997
2022-02-25,90,0,0.0,False,2,1,1,0.37584166188528917
2022-02-28,91,1,0.011,False,2,0,0,0.3748873701245369
2022-03-01,91,0,0.0,False,2,1,0,0.5652230966427836
2022-03-02,91,0,0.0,False,2,0,0,0.5639649017138625
2022-03-03,91,1,0.011,False,2,0,0,0.5626247336356832
2022-03-04,91,6,0.0659,False,3,1,0,0.7495464683352059
2022-03-07,91,12,0.1319,True,3,1,0,0.937577465059327
2022-03-08,91,17,0.1868,True,3,0,0,0.9364386215321397
2022-03-09,91,17,0.1868,True,3,1,0,0.9999626125972022
2022-03-10,93,1,0.0108,False,3,0,0,0.9999631858874783
2022-03-11,93,0,0.0,False,3,0,0,0.9999633783762786
2022-03-14,94,5,0.0532,False,3,0,0,0.9999623275232615
2022-03-15,94,15,0.1596,True,3,0,0,0.9999606599022208
2022-03-16,94,0,0.0,False,3,0,0,0.9999616685595715
2022-03-17,94,0,0.0,False,3,0,0,0.9999625405750252
2022-03-18,94,0,0.0,False,3,0,0,0.9999627567810041
2022-03-21,94,0,0.0,False,3,0,0,0.9999625403003323
2022-03-22,94,0,0.0,False,3,0,0,0.999962689521384
2022-03-23,94,0,0.0,False,3,0,0,0.9999628535873708
2022-03-24,94,0,0.0,False,3,0,0,0.9999625074096887
2022-03-25,94,0,0.0,False,3,0,0,0.9999619673361195
2022-03-28,92,0,0.0,False,3,0,0,0.999961700802011
2022-03-29,92,0,0.0,False,3,0,0,0.9999615204477388
2022-03-30,93,0,0.0,False,3,0,0,0.9999624851749846
2022-03-31,93,0,0.0,False,2,0,1,0.38306439612027177
2022-04-01,91,0,0.0,False,1,0,1,0.20096378225800446
2022-04-06,91,2,0.022,False,1,0,0,0.20096378225800446
2022-04-07,91,2,0.022,False,3,2,0,0.6015630801158065
2022-04-08,91,2,0.022,False,3,0,0,0.5999924677026393
2022-04-11,93,7,0.0753,False,3,1,0,0.7966125060683906
2022-04-12,93,2,0.0215,False,3,0,0,0.798242812357095
2022-04-13,93,3,0.0323,False,3,1,0,0.9999445582082016
2022-04-14,93,1,0.0108,False,3,0,0,0.999944571664954
2022-04-15,94,1,0.0106,False,3,0,0,0.9999446368735152
2022-04-18,94,1,0.0106,False,3,0,0,0.9999458622520682
2022-04-19,94,0,0.0,False,3,0,0,0.999945794414885
2022-04-20,95,4,0.0421,False,3,0,0,0.9999450476922318
2022-04-21,95,9,0.0947,False,3,0,0,0.9999436917885636
2022-04-22,94,4,0.0426,False,3,0,0,0.9999430259748234
2022-04-25,93,18,0.1935,True,3,0,0,0.9999393493840836
2022-04-26,94,15,0.1596,True,3,0,0,0.9999373076097536
2022-04-27,95,0,0.0,False,3,0,0,0.999940586173742
2022-04-28,95,1,0.0105,False,3,0,0,0.9999408279550746
2022-04-29,95,0,0.0,False,3,0,0,0.9999434930570801
2022-05-05,96,0,0.0,False,1,0,2,0.21135467074387393
2022-05-06,96,0,0.0,False,1,0,0,0.21135467074387393
2022-05-09,97,0,0.0,False,1,0,0,0.21135467074387393
2022-05-10,95,0,0.0,False,1,0,0,0.21135467074387393
2022-05-11,94,0,0.0,False,1,0,0,0.21135467074387393
2022-05-12,94,0,0.0,False,1,0,0,0.21135467074387393
2022-05-13,94,0,0.0,False,1,0,0,0.21135467074387393
2022-05-16,94,0,0.0,False,1,0,0,0.21135467074387393
2022-05-17,94,0,0.0,False,1,0,0,0.21135467074387393
2022-05-18,93,0,0.0,False,1,0,0,0.21135467074387393
2022-05-19,93,0,0.0,False,1,0,0,0.21135467074387393
2022-05-20,92,0,0.0,False,1,0,0,0.21135467074387393
2022-05-23,94,0,0.0,False,1,0,0,0.21135467074387393
2022-05-24,94,0,0.0,False,1,0,0,0.21135467074387393
2022-05-25,93,0,0.0,False,1,0,0,0.21135467074387393
2022-05-26,93,0,0.0,False,1,0,0,0.21135467074387393
2022-05-27,93,0,0.0,False,1,0,0,0.21135467074387393
2022-05-30,93,0,0.0,False,1,0,0,0.21135467074387393
2022-05-31,93,0,0.0,False,1,0,0,0.21135467074387393
2022-06-01,93,0,0.0,False,1,0,0,0.21135467074387393
2022-06-02,94,0,0.0,False,1,0,0,0.21135467074387393
2022-06-06,95,0,0.0,False,1,0,0,0.21135467074387393
2022-06-07,95,0,0.0,False,1,0,0,0.21135467074387393
2022-06-08,95,0,0.0,False,1,0,0,0.21135467074387393
2022-06-09,95,0,0.0,False,1,0,0,0.21135467074387393
2022-06-10,95,0,0.0,False,1,0,0,0.21135467074387393
2022-06-13,95,0,0.0,False,1,0,0,0.21135467074387393
2022-06-14,95,0,0.0,False,1,0,0,0.21135467074387393
2022-06-15,95,0,0.0,False,1,0,0,0.21135467074387393
2022-06-16,96,0,0.0,False,1,0,0,0.21135467074387393
2022-06-17,97,0,0.0,False,1,0,0,0.21135467074387393
2022-06-20,97,0,0.0,False,1,0,0,0.21135467074387393
2022-06-21,97,0,0.0,False,1,0,0,0.21135467074387393
2022-06-22,97,1,0.0103,False,1,0,0,0.21135467074387393
2022-06-23,97,0,0.0,False,2,1,0,0.4243141630103743
2022-06-24,98,0,0.0,False,2,0,0,0.4233637713536422
2022-06-27,98,0,0.0,False,1,0,1,0.21068075922159404
2022-06-28,99,0,0.0,False,1,0,0,0.21068075922159404
2022-06-29,99,0,0.0,False,1,0,0,0.21068075922159404
2022-06-30,99,0,0.0,False,1,0,0,0.21068075922159404
2022-07-01,99,0,0.0,False,1,0,0,0.21068075922159404
2022-07-04,99,0,0.0,False,1,0,0,0.21068075922159404
2022-07-05,100,0,0.0,False,1,0,0,0.21068075922159404
2022-07-06,101,1,0.0099,False,1,0,0,0.21068075922159404
2022-07-07,101,1,0.0099,False,2,1,0,0.4210354725655411
2022-07-08,101,0,0.0,False,2,0,0,0.4224309204334578
2022-07-11,101,1,0.0099,False,2,0,0,0.42043535715538755
2022-07-12,101,1,0.0099,False,3,1,0,0.6310205972086879
2022-07-13,101,1,0.0099,False,3,1,0,0.8425490394934946
2022-07-14,101,1,0.0099,False,3,0,0,0.8420261709934429
2022-07-15,101,5,0.0495,False,3,0,0,0.8396366616297468
2022-07-18,101,1,0.0099,False,3,0,0,0.842077512578343
2022-07-19,101,0,0.0,False,3,0,0,0.8432955569960796
2022-07-20,101,0,0.0,False,2,0,1,0.4175139692253304
2022-07-21,101,0,0.0,False,2,0,0,0.41664974165607904
2022-07-22,101,0,0.0,False,2,0,0,0.41664974165607904
2022-07-25,101,1,0.0099,False,2,0,0,0.41541067279171107
2022-07-26,101,0,0.0,False,3,1,0,0.62674270644936
2022-07-27,101,0,0.0,False,3,0,0,0.6262323465779488
2022-07-28,101,0,0.0,False,3,0,0,0.6270808424272547
2022-07-29,101,1,0.0099,False,3,0,0,0.6254798131610837
2022-08-01,102,1,0.0098,False,3,0,0,0.6237846326272987
2022-08-02,102,10,0.098,False,3,1,0,0.8323331760883257
2022-08-03,102,15,0.1471,True,3,1,0,0.9999976757874691
2022-08-04,101,2,0.0198,False,3,0,0,0.9999976902888332
2022-08-05,101,0,0.0,False,3,0,0,0.9999977181042108
2022-08-08,101,0,0.0,False,3,0,0,0.9999977182284351
2022-08-09,100,0,0.0,False,3,0,0,0.9999977147069211
2022-08-10,100,1,0.01,False,2,0,1,0.6221220767947921
2022-08-11,100,0,0.0,False,3,1,0,0.8367243063168868
2022-08-12,99,0,0.0,False,3,0,0,0.8371627009268172
2022-08-15,99,0,0.0,False,3,0,0,0.8371011738693963
2022-08-16,99,0,0.0,False,2,0,1,0.42214613052574246
2022-08-17,99,0,0.0,False,2,0,0,0.4232908957862728
2022-08-18,99,0,0.0,False,2,0,0,0.4212845696683674
2022-08-19,100,0,0.0,False,2,0,0,0.4215720419364758
2022-08-22,101,0,0.0,False,2,0,0,0.421954894322729
2022-08-23,101,0,0.0,False,2,0,0,0.420804813715018
2022-08-24,101,4,0.0396,False,2,0,0,0.4196501475749424
2022-08-25,101,1,0.0099,False,3,1,0,0.6333992111907908
2022-08-26,101,1,0.0099,False,1,0,2,0.2091974814349559
2022-08-29,101,1,0.0099,False,2,1,0,0.4220950845613097
2022-08-30,102,0,0.0,False,3,1,0,0.6293521962147897
2022-08-31,102,5,0.049,False,3,0,0,0.6251180878942922
2022-09-01,102,8,0.0784,False,3,1,0,0.8349791899382709
2022-09-02,102,5,0.049,False,3,0,0,0.8365062733160677
2022-09-05,102,3,0.0294,False,3,1,0,0.9999460639967078
2022-09-06,103,0,0.0,False,3,0,0,0.9999471831509092
2022-09-07,103,2,0.0194,False,2,0,1,0.5733867539292052
2022-09-08,103,1,0.0097,False,3,1,0,0.7760082965781513
2022-09-09,103,0,0.0,False,3,0,0,0.7767058523547566
2022-09-13,103,0,0.0,False,3,0,0,0.7776883827123238
2022-09-14,103,0,0.0,False,3,0,0,0.7754633463563494
2022-09-15,102,0,0.0,False,2,0,1,0.5577696753932433
2022-09-16,102,15,0.1471,True,2,0,0,0.5554454486779808
2022-09-19,103,10,0.0971,False,2,0,0,0.5554454486779808
2022-09-20,103,3,0.0291,False,3,1,0,0.765642893678761
2022-09-21,103,8,0.0777,False,3,0,0,0.7646104222551531
2022-09-22,103,8,0.0777,False,3,1,0,0.974550827649774
2022-09-23,103,4,0.0388,False,3,0,0,0.9743302691481555
2022-09-26,103,3,0.0291,False,3,0,0,0.9743142802634515
2022-09-27,103,0,0.0,False,3,0,0,0.9746070144272151
2022-09-28,103,1,0.0097,False,3,0,0,0.9741166587596041
2022-09-29,103,0,0.0,False,3,0,0,0.9741408866933813
2022-09-30,103,2,0.0194,False,3,0,0,0.9738619222282854
2022-10-10,102,6,0.0588,False,3,0,0,0.9731357377280271
2022-10-11,103,1,0.0097,False,3,1,0,0.9999339890625751
2022-10-12,102,0,0.0,False,3,0,0,0.9999354544236726
2022-10-13,101,1,0.0099,False,3,0,0,0.9999352209050535
2022-10-14,101,0,0.0,False,3,0,0,0.9999364702403544
2022-10-17,102,0,0.0,False,3,0,0,0.999936491772664
2022-10-18,103,0,0.0,False,1,0,2,0.21302196868986314
2022-10-19,103,2,0.0194,False,1,0,0,0.21302196868986314
2022-10-20,103,1,0.0097,False,3,2,0,0.6405819896751601
2022-10-21,103,2,0.0194,False,3,0,0,0.6386841162317829
2022-10-24,103,10,0.0971,False,3,1,0,0.8475319430554308
2022-10-25,103,9,0.0874,False,3,1,0,0.9999911476283845
2022-10-26,103,3,0.0291,False,3,0,0,0.9999911505253793
2022-10-27,104,1,0.0096,False,3,0,0,0.9999909682646231
2022-10-28,104,10,0.0962,False,3,0,0,0.9999908555799386
2022-10-31,106,10,0.0943,False,3,0,0,0.9999907371312133
2022-11-01,107,0,0.0,False,3,0,0,0.9999910950239062
2022-11-02,107,0,0.0,False,3,0,0,0.9999912126649484
2022-11-03,107,0,0.0,False,3,0,0,0.9999911323473565
2022-11-04,107,0,0.0,False,2,0,1,0.6293684383505378
2022-11-07,107,0,0.0,False,2,0,0,0.629995537827978
2022-11-08,107,0,0.0,False,2,0,0,0.6287392095939681
2022-11-09,107,0,0.0,False,1,0,1,0.21446517863209563
2022-11-10,106,0,0.0,False,1,0,0,0.21446517863209563
2022-11-11,107,0,0.0,False,1,0,0,0.21446517863209563
2022-11-14,107,0,0.0,False,1,0,0,0.21446517863209563
2022-11-15,108,0,0.0,False,1,0,0,0.21446517863209563
2022-11-16,108,0,0.0,False,1,0,0,0.21446517863209563
2022-11-17,108,0,0.0,False,1,0,0,0.21446517863209563
2022-11-18,108,0,0.0,False,1,0,0,0.21446517863209563
2022-11-21,109,0,0.0,False,1,0,0,0.21446517863209563
2022-11-22,109,0,0.0,False,1,0,0,0.21446517863209563
2022-11-23,109,0,0.0,False,1,0,0,0.21446517863209563
2022-11-24,110,0,0.0,False,1,0,0,0.21446517863209563
2022-11-25,110,0,0.0,False,1,0,0,0.21446517863209563
2022-11-28,110,1,0.0091,False,1,0,0,0.21446517863209563
2022-11-29,110,0,0.0,False,2,1,0,0.4309533260980052
2022-11-30,110,0,0.0,False,2,0,0,0.43012025425414896
2022-12-01,110,0,0.0,False,1,0,1,0.21305076649987634
2022-12-02,110,0,0.0,False,1,0,0,0.21305076649987634
2022-12-05,110,0,0.0,False,1,0,0,0.21305076649987634
2022-12-06,109,0,0.0,False,1,0,0,0.21305076649987634
2022-12-07,109,0,0.0,False,1,0,0,0.21305076649987634
2022-12-08,109,0,0.0,False,1,0,0,0.21305076649987634
2022-12-09,110,0,0.0,False,1,0,0,0.21305076649987634
2022-12-12,110,0,0.0,False,1,0,0,0.21305076649987634
2022-12-13,110,1,0.0091,False,1,0,0,0.21305076649987634
2022-12-14,110,1,0.0091,False,2,1,0,0.42503556596454106
2022-12-15,110,0,0.0,False,2,0,0,0.42696564040240365
2022-12-16,110,0,0.0,False,2,0,0,0.424683245615313
2022-12-19,109,8,0.0734,False,2,0,0,0.42450692347284824
2022-12-20,108,8,0.0741,False,3,1,0,0.6368203601918638
2022-12-21,108,11,0.1019,True,3,0,0,0.6353837566844276
2022-12-22,108,8,0.0741,False,3,2,0,0.9999614237372193
2022-12-23,108,7,0.0648,False,3,0,0,0.9999611888025217
2022-12-26,108,0,0.0,False,3,0,0,0.999962011965472
2022-12-27,108,0,0.0,False,3,0,0,0.9999622894250985
2022-12-28,109,0,0.0,False,3,0,0,0.9999623476408142
2022-12-29,109,0,0.0,False,3,0,0,0.9999622982485497
2022-12-30,109,0,0.0,False,3,0,0,0.9999620913825059
2023-01-03,110,0,0.0,False,3,0,0,0.9999624165729643
2023-01-04,110,0,0.0,False,2,0,1,0.5679781407542426
2023-01-05,110,0,0.0,False,1,0,1,0.21265055410306838
2023-01-06,110,0,0.0,False,1,0,0,0.21265055410306838
2023-01-09,110,0,0.0,False,1,0,0,0.21265055410306838
2023-01-10,110,0,0.0,False,1,0,0,0.21265055410306838
2023-01-11,110,0,0.0,False,1,0,0,0.21265055410306838
2023-01-12,110,0,0.0,False,1,0,0,0.21265055410306838
2023-01-13,110,0,0.0,False,1,0,0,0.21265055410306838
2023-01-16,110,0,0.0,False,1,0,0,0.21265055410306838
2023-01-17,110,0,0.0,False,1,0,0,0.21265055410306838
2023-01-18,113,0,0.0,False,1,0,0,0.21265055410306838
2023-01-19,113,0,0.0,False,1,0,0,0.21265055410306838
2023-01-20,113,0,0.0,False,1,0,0,0.21265055410306838
2023-01-30,113,0,0.0,False,1,0,0,0.21265055410306838
2023-01-31,114,0,0.0,False,1,0,0,0.21265055410306838
2023-02-01,114,0,0.0,False,1,0,0,0.21265055410306838
2023-02-02,114,0,0.0,False,1,0,0,0.21265055410306838
2023-02-03,114,0,0.0,False,1,0,0,0.21265055410306838
2023-02-06,114,2,0.0175,False,1,0,0,0.21265055410306838
2023-02-07,114,0,0.0,False,3,2,0,0.639201358108404
2023-02-08,113,0,0.0,False,3,0,0,0.6393093692865813
2023-02-09,113,0,0.0,False,2,0,1,0.42313535973324706
2023-02-10,113,0,0.0,False,2,0,0,0.42313535973324706
2023-02-13,112,0,0.0,False,2,0,0,0.42211689171053834
2023-02-14,112,0,0.0,False,2,0,0,0.4223435286036715
2023-02-15,112,0,0.0,False,2,0,0,0.42132226019424546
2023-02-16,112,2,0.0179,False,2,0,0,0.42132226019424546
2023-02-17,112,7,0.0625,False,3,1,0,0.6324455414688166
2023-02-20,112,0,0.0,False,3,0,0,0.6354949541217587
2023-02-21,112,0,0.0,False,3,0,0,0.6354036575370643
2023-02-22,112,0,0.0,False,3,0,0,0.6343639567448942
2023-02-23,113,0,0.0,False,2,0,1,0.42210348010183074
2023-02-24,113,0,0.0,False,2,0,0,0.42086251488127235
2023-02-27,113,2,0.0177,False,2,0,0,0.4198658987493201
2023-02-28,113,0,0.0,False,3,1,0,0.6332795079476478
2023-03-01,113,0,0.0,False,3,0,0,0.6333580630277619
2023-03-02,114,0,0.0,False,3,0,0,0.6315842301351833
2023-03-03,114,0,0.0,False,3,0,0,0.6319665045703192
2023-03-06,114,0,0.0,False,3,0,0,0.631808165367668
2023-03-07,114,5,0.0439,False,3,0,0,0.6288508272372636
2023-03-08,114,4,0.0351,False,3,0,0,0.628293641574287
2023-03-09,115,4,0.0348,False,3,0,0,0.6281462140633168
2023-03-10,115,16,0.1391,True,3,0,0,0.6284620495113576
2023-03-13,115,2,0.0174,False,3,1,0,0.8418628921686189
2023-03-14,115,6,0.0522,False,3,0,0,0.8419329994979362
2023-03-15,115,2,0.0174,False,3,0,0,0.8416693381142671
2023-03-16,114,9,0.0789,False,3,0,0,0.8406206392309084
2023-03-17,115,5,0.0435,False,3,0,0,0.839004871918093
2023-03-20,115,4,0.0348,False,3,0,0,0.8380030766694856
2023-03-21,114,0,0.0,False,3,1,0,0.9999943481214876
2023-03-22,113,0,0.0,False,3,0,0,0.9999943623297671
2023-03-23,114,0,0.0,False,3,0,0,0.999994354838523
2023-03-24,113,0,0.0,False,3,0,0,0.9999943229463139
2023-03-27,113,0,0.0,False,1,0,2,0.21274994596074986
2023-03-28,113,0,0.0,False,1,0,0,0.21274994596074986
2023-03-29,113,1,0.0088,False,1,0,0,0.21274994596074986
2023-03-30,113,0,0.0,False,2,1,0,0.42604377188914244
2023-03-31,113,0,0.0,False,2,0,0,0.4263813782949727
2023-04-03,113,0,0.0,False,2,0,0,0.4283987055662547
2023-04-04,113,0,0.0,False,2,0,0,0.42817525906933845
2023-04-06,113,0,0.0,False,1,0,1,0.2113207037411981
2023-04-07,113,0,0.0,False,1,0,0,0.2113207037411981
2023-04-10,115,0,0.0,False,1,0,0,0.2113207037411981
2023-04-11,114,0,0.0,False,1,0,0,0.2113207037411981
2023-04-12,115,2,0.0174,False,1,0,0,0.2113207037411981
2023-04-13,116,0,0.0,False,3,2,0,0.6349424021423665
2023-04-14,116,0,0.0,False,3,0,0,0.6332512227414361
2023-04-17,115,0,0.0,False,3,0,0,0.6357428909381542
2023-04-18,115,0,0.0,False,3,0,0,0.6363881152780148
2023-04-19,116,0,0.0,False,3,0,0,0.6349464445217393
2023-04-20,117,3,0.0256,False,3,0,0,0.6331967762687222
2023-04-21,117,9,0.0769,False,3,0,0,0.6317632502561524
2023-04-24,117,13,0.1111,True,3,1,0,0.8428565553147229
2023-04-25,117,16,0.1368,True,3,0,0,0.8436702901791571
2023-04-26,117,6,0.0513,False,3,0,0,0.8434531182734121
2023-04-27,117,1,0.0085,False,3,0,0,0.8440049728535031
2023-04-28,117,0,0.0,False,3,0,0,0.8446845761972955
2023-05-04,117,0,0.0,False,3,0,0,0.8430762601076379
2023-05-05,117,0,0.0,False,3,0,0,0.8435967174401569
2023-05-08,117,0,0.0,False,3,0,0,0.8425178032991952
2023-05-09,118,0,0.0,False,3,0,0,0.8426379956783965
2023-05-10,118,0,0.0,False,3,0,0,0.8422216590776977
2023-05-11,118,0,0.0,False,3,0,0,0.8417126956287087
2023-05-12,118,1,0.0085,False,3,0,0,0.8407764495521796
2023-05-15,118,0,0.0,False,3,1,0,0.9999535546894271
2023-05-16,118,0,0.0,False,3,0,0,0.9999532049085428
2023-05-17,118,0,0.0,False,3,0,0,0.9999528016143924
2023-05-18,118,1,0.0085,False,3,0,0,0.9999526350526294
2023-05-19,119,1,0.0084,False,3,0,0,0.9999531338857572
2023-05-22,119,0,0.0,False,1,0,2,0.21478123518125797
2023-05-23,119,1,0.0084,False,1,0,0,0.21478123518125797
2023-05-24,120,8,0.0667,False,2,1,0,0.42610627183227323
2023-05-25,120,9,0.075,False,3,1,0,0.6418001869477499
2023-05-26,120,4,0.0333,False,3,1,0,0.8590392316206071
2023-05-29,120,5,0.0417,False,3,0,0,0.8583827084492468
2023-05-30,120,2,0.0167,False,3,0,0,0.8593959453399221
2023-05-31,120,11,0.0917,False,3,0,0,0.8582803877386234
2023-06-01,120,3,0.025,False,3,0,0,0.8578859725316949
2023-06-02,120,0,0.0,False,3,0,0,0.8609245399904888
2023-06-05,120,1,0.0083,False,3,0,0,0.8601217817547603
2023-06-06,120,4,0.0333,False,2,0,1,0.4237967732490114
2023-06-07,119,6,0.0504,False,3,1,0,0.63570796595011
2023-06-08,118,5,0.0424,False,3,0,0,0.6359974754355601
2023-06-09,118,0,0.0,False,3,1,0,0.8506797706621919
2023-06-12,118,0,0.0,False,2,0,1,0.6383161839669105
2023-06-13,119,0,0.0,False,2,0,0,0.6386710549169026
2023-06-14,119,0,0.0,False,2,0,0,0.6386710549169026
2023-06-15,119,0,0.0,False,1,0,1,0.20982908052500987
2023-06-16,119,0,0.0,False,1,0,0,0.20982908052500987
2023-06-19,119,0,0.0,False,1,0,0,0.20982908052500987
2023-06-20,119,0,0.0,False,1,0,0,0.20982908052500987
2023-06-21,119,0,0.0,False,1,0,0,0.20982908052500987
2023-06-26,119,6,0.0504,False,1,0,0,0.20982908052500987
2023-06-27,119,0,0.0,False,3,2,0,0.6329499675773573
2023-06-28,118,0,0.0,False,3,0,0,0.6330283639448153
2023-06-29,118,0,0.0,False,3,0,0,0.6328651213175361
2023-06-30,118,0,0.0,False,2,0,1,0.4176323157398376
2023-07-03,118,0,0.0,False,1,0,1,0.2069794013752635
2023-07-04,118,0,0.0,False,1,0,0,0.2069794013752635
2023-07-05,118,0,0.0,False,1,0,0,0.2069794013752635
2023-07-06,117,0,0.0,False,1,0,0,0.2069794013752635
2023-07-07,117,0,0.0,False,1,0,0,0.2069794013752635
2023-07-10,117,0,0.0,False,1,0,0,0.2069794013752635
2023-07-11,117,0,0.0,False,1,0,0,0.2069794013752635
2023-07-12,117,0,0.0,False,1,0,0,0.2069794013752635
2023-07-13,117,0,0.0,False,1,0,0,0.2069794013752635
2023-07-14,116,0,0.0,False,1,0,0,0.2069794013752635
2023-07-17,117,0,0.0,False,1,0,0,0.2069794013752635
2023-07-18,117,1,0.0085,False,1,0,0,0.2069794013752635
2023-07-19,116,1,0.0086,False,1,1,1,0.20739647490865865
2023-07-20,116,3,0.0259,False,2,1,0,0.41358165827209337
2023-07-21,114,1,0.0088,False,3,1,0,0.6206726314279735
2023-07-24,114,3,0.0263,False,3,1,0,0.8280963056804799
2023-07-25,113,0,0.0,False,3,0,0,0.8296994206705868
2023-07-26,113,0,0.0,False,3,0,0,0.8297337623772313
2023-07-27,112,1,0.0089,False,3,0,0,0.8291037349111415
2023-07-28,113,1,0.0088,False,3,0,0,0.8300380623777044
2023-07-31,113,0,0.0,False,1,0,2,0.20599565270605663
2023-08-01,112,0,0.0,False,1,0,0,0.20599565270605663
2023-08-02,112,0,0.0,False,1,0,0,0.20599565270605663
2023-08-03,113,0,0.0,False,1,0,0,0.20599565270605663
2023-08-04,113,0,0.0,False,1,0,0,0.20599565270605663
2023-08-07,113,1,0.0088,False,1,0,0,0.20599565270605663
2023-08-08,113,1,0.0088,False,2,1,0,0.41328339990975815
2023-08-09,113,1,0.0088,False,2,0,0,0.4160125850697876
2023-08-10,113,0,0.0,False,3,1,0,0.6208542700375024
2023-08-11,113,4,0.0354,False,2,0,1,0.4072484896041657
2023-08-14,113,1,0.0088,False,3,2,0,0.8173679368379814
2023-08-15,112,5,0.0446,False,3,0,0,0.816235937938902
2023-08-16,113,7,0.0619,False,3,1,0,0.9999162655766292
2023-08-17,113,0,0.0,False,3,0,0,0.9999175850060632
2023-08-18,114,6,0.0526,False,3,0,0,0.9999166068303516
2023-08-21,114,17,0.1491,True,3,0,0,0.9999157252514512
2023-08-22,114,2,0.0175,False,3,0,0,0.9999163704947203
2023-08-23,115,10,0.087,False,3,0,0,0.9999149582689324
2023-08-24,115,2,0.0174,False,3,0,0,0.9999151267167458
2023-08-25,115,3,0.0261,False,3,0,0,0.9999139252439533
2023-08-28,115,0,0.0,False,1,0,2,0.20479008282135067
2023-08-29,115,0,0.0,False,1,0,0,0.20479008282135067
2023-08-30,116,0,0.0,False,1,0,0,0.20479008282135067
2023-08-31,116,0,0.0,False,1,0,0,0.20479008282135067
2023-09-01,116,0,0.0,False,1,0,0,0.20479008282135067
2023-09-04,116,0,0.0,False,1,0,0,0.20479008282135067
2023-09-05,116,0,0.0,False,1,0,0,0.20479008282135067
2023-09-06,116,0,0.0,False,1,0,0,0.20479008282135067
2023-09-07,116,0,0.0,False,1,0,0,0.20479008282135067
2023-09-08,116,0,0.0,False,1,0,0,0.20479008282135067
2023-09-11,116,0,0.0,False,1,0,0,0.20479008282135067
2023-09-12,116,0,0.0,False,1,0,0,0.20479008282135067
2023-09-13,116,0,0.0,False,1,0,0,0.20479008282135067
2023-09-14,117,1,0.0085,False,1,0,0,0.20479008282135067
2023-09-15,117,3,0.0256,False,2,1,0,0.40859290786671915
2023-09-18,118,0,0.0,False,2,1,1,0.40793921454282905
2023-09-19,117,1,0.0085,False,2,0,0,0.4069371346660445
2023-09-20,116,0,0.0,False,3,1,0,0.6101492905112651
2023-09-21,115,2,0.0174,False,3,0,0,0.609195647656013
2023-09-22,115,0,0.0,False,3,0,0,0.6141419768367202
2023-09-25,114,0,0.0,False,3,0,0,0.6122055786668041
2023-09-26,114,1,0.0088,False,3,0,0,0.6122459850860563
2023-09-27,115,0,0.0,False,3,0,0,0.6129928149363578
2023-09-28,115,0,0.0,False,3,0,0,0.6129928149363578
2023-10-09,115,1,0.0087,False,3,0,0,0.6130100627646646
2023-10-10,115,2,0.0174,False,2,0,1,0.40327738106853345
2023-10-11,115,1,0.0087,False,2,1,1,0.40519845478707706
2023-10-12,115,0,0.0,False,2,1,1,0.4055544140015309
2023-10-13,115,0,0.0,False,2,0,0,0.40400214756504466
2023-10-16,115,10,0.087,False,2,0,0,0.40333440606144244
2023-10-17,115,0,0.0,False,3,1,0,0.6061776766949718
2023-10-18,115,13,0.113,True,3,0,0,0.604168913307572
2023-10-19,115,21,0.1826,True,3,1,0,0.8055702953758599
2023-10-20,114,18,0.1579,True,3,0,0,0.8050307589342127
2023-10-23,114,23,0.2018,True,3,1,0,0.9998101431445042
2023-10-24,115,5,0.0435,False,3,1,0,0.9999220185515776
2023-10-25,115,1,0.0087,False,3,0,0,0.9999226332402106
2023-10-26,115,0,0.0,False,3,0,0,0.9999227268274197
2023-10-27,115,0,0.0,False,3,0,0,0.9999235140576254
2023-10-30,115,0,0.0,False,3,0,0,0.9999235284474856
2023-10-31,115,0,0.0,False,3,0,0,0.9999233557711276
2023-11-01,115,0,0.0,False,2,0,1,0.39781166890769026
2023-11-02,115,0,0.0,False,2,0,0,0.3972454506144086
2023-11-03,115,0,0.0,False,2,0,0,0.3974720656589202
2023-11-06,115,0,0.0,False,2,0,0,0.39916626229773783
2023-11-07,115,0,0.0,False,2,0,0,0.39848972823346707
2023-11-08,117,0,0.0,False,2,0,0,0.39803785847473183
2023-11-09,116,0,0.0,False,2,0,0,0.3983768244059454
2023-11-10,116,0,0.0,False,2,0,0,0.39713207915648113
2023-11-13,116,0,0.0,False,2,0,0,0.39826387818623876
2023-11-14,116,0,0.0,False,1,0,1,0.20370300870543118
2023-11-15,116,0,0.0,False,1,0,0,0.20370300870543118
2023-11-16,116,0,0.0,False,1,0,0,0.20370300870543118
2023-11-17,116,0,0.0,False,1,0,0,0.20370300870543118
2023-11-20,116,0,0.0,False,1,0,0,0.20370300870543118
2023-11-21,116,0,0.0,False,1,0,0,0.20370300870543118
2023-11-22,116,0,0.0,False,1,0,0,0.20370300870543118
2023-11-23,116,0,0.0,False,1,0,0,0.20370300870543118
2023-11-24,116,1,0.0086,False,1,0,0,0.20370300870543118
2023-11-27,116,7,0.0603,False,2,1,0,0.4060434366807837
2023-11-28,116,2,0.0172,False,3,1,0,0.6102718801718076
2023-11-29,116,9,0.0776,False,3,0,0,0.6089243802198432
2023-11-30,117,3,0.0256,False,3,1,0,0.8138324418996753
2023-12-01,117,3,0.0256,False,3,0,0,0.8131748472942503
2023-12-04,117,9,0.0769,False,3,0,0,0.8123410227934021
2023-12-05,117,19,0.1624,True,3,0,0,0.8104834378891639
2023-12-06,117,11,0.094,False,3,1,0,0.9997529407340453
2023-12-07,116,6,0.0517,False,3,0,0,0.9997520774339118
2023-12-08,116,2,0.0172,False,3,0,0,0.9997524351814618
2023-12-11,116,0,0.0,False,3,0,0,0.9997536283753782
2023-12-12,116,0,0.0,False,3,0,0,0.9997537854157598
2023-12-13,115,1,0.0087,False,3,0,0,0.9997501667954348
2023-12-14,115,1,0.0087,False,3,0,0,0.9997531343532857
2023-12-15,116,0,0.0,False,3,0,0,0.999752838691197
2023-12-18,116,7,0.0603,False,3,0,0,0.999752245237295
2023-12-19,116,4,0.0345,False,3,0,0,0.9997523301908453
2023-12-20,116,8,0.069,False,3,0,0,0.9997510068288585
2023-12-21,116,2,0.0172,False,3,0,0,0.9997523301908453
2023-12-22,116,5,0.0431,False,3,0,0,0.9997525847022947
2023-12-25,116,1,0.0086,False,3,0,0,0.9997529654901955
2023-12-26,116,5,0.0431,False,3,0,0,0.9997521176976383
2023-12-27,116,1,0.0086,False,3,0,0,0.9997525423200513
2023-12-28,116,0,0.0,False,2,0,1,0.41419557907095267
2023-12-29,116,0,0.0,False,2,0,0,0.41419557907095267
2024-01-02,117,0,0.0,False,2,0,0,0.41419557907095267
2024-01-03,117,0,0.0,False,2,0,0,0.41419557907095267
2024-01-04,117,0,0.0,False,2,0,0,0.41419557907095267
2024-01-05,117,0,0.0,False,2,0,0,0.41419557907095267
2024-01-08,117,9,0.0769,False,2,0,0,0.41419557907095267
2024-01-09,117,2,0.0171,False,3,1,0,0.6212145578828325
2024-01-10,117,2,0.0171,False,3,0,0,0.6206173389363012
2024-01-11,117,0,0.0,False,3,0,0,0.6220894132174271
2024-01-12,118,1,0.0085,False,3,0,0,0.6215649856323545
2024-01-15,118,0,0.0,False,3,0,0,0.621354806832186
2024-01-16,116,0,0.0,False,3,0,0,0.6212145578828325
2024-01-17,116,12,0.1034,True,3,0,0,0.6189208626744531
2024-01-18,116,2,0.0172,False,3,1,0,0.8274751619049375
2024-01-19,116,3,0.0259,False,3,0,0,0.8261284947120949
2024-01-22,116,15,0.1293,True,3,0,0,0.8221673364911417
2024-01-23,118,3,0.0254,False,3,1,0,0.9998781691572294
2024-01-24,117,0,0.0,False,3,0,0,0.9998792553495278
2024-01-25,116,0,0.0,False,3,0,0,0.9998815975207329
2024-01-26,116,0,0.0,False,3,0,0,0.9998807176225094
2024-01-29,116,4,0.0345,False,3,0,0,0.9998789856212653
2024-01-30,117,6,0.0513,False,3,0,0,0.9998770981088171
2024-01-31,117,14,0.1197,True,3,0,0,0.9998741355195908
2024-02-01,118,2,0.0169,False,3,0,0,0.9998736216706964
2024-02-02,118,15,0.1271,True,3,0,0,0.999870680204822
2024-02-05,116,7,0.0603,False,3,0,0,0.9998667845795245
2024-02-06,119,0,0.0,False,3,0,0,0.9998814208898663
2024-02-07,118,0,0.0,False,3,0,0,0.9998814208898663
2024-02-08,119,0,0.0,False,3,0,0,0.9998814208898663
2024-02-19,119,0,0.0,False,3,0,0,0.9998814208898663
2024-02-20,119,0,0.0,False,3,0,0,0.9998814208898663
2024-02-21,120,0,0.0,False,3,0,0,0.9998814208898663
2024-02-22,120,0,0.0,False,3,0,0,0.9998814208898663
2024-02-23,120,0,0.0,False,3,0,0,0.9998814208898663
2024-02-26,119,0,0.0,False,3,0,0,0.9998814208898663
2024-02-27,119,0,0.0,False,3,0,0,0.9998814208898663
2024-02-28,119,0,0.0,False,3,0,0,0.9998814208898663
2024-02-29,120,0,0.0,False,3,0,0,0.9998814208898663
2024-03-01,120,0,0.0,False,3,0,0,0.9998814208898663
2024-03-04,120,0,0.0,False,3,0,0,0.9998814208898663
2024-03-05,121,0,0.0,False,3,0,0,0.9998814208898663
2024-03-06,122,0,0.0,False,3,0,0,0.9998814208898663
2024-03-07,122,0,0.0,False,3,0,0,0.9998814208898663
2024-03-08,122,0,0.0,False,3,0,0,0.9998814208898663
2024-03-11,122,0,0.0,False,3,0,0,0.9998814208898663
2024-03-12,123,0,0.0,False,3,0,0,0.9998814208898663
2024-03-13,123,0,0.0,False,3,0,0,0.9998814208898663
2024-03-14,123,0,0.0,False,3,0,0,0.9998814208898663
2024-03-15,123,0,0.0,False,3,0,0,0.9998814208898663
2024-03-18,123,0,0.0,False,3,0,0,0.9998814208898663
2024-03-19,123,0,0.0,False,3,0,0,0.9998814208898663
2024-03-20,123,0,0.0,False,3,0,0,0.9998814208898663
2024-03-21,123,0,0.0,False,3,0,0,0.9998814208898663
2024-03-22,123,0,0.0,False,3,0,0,0.9998814208898663
2024-03-25,123,2,0.0163,False,3,0,0,0.9998814208898663
2024-03-26,122,2,0.0164,False,3,0,0,0.9998814208898663
2024-03-27,122,9,0.0738,False,3,0,0,0.9998814208898663
2024-03-28,121,1,0.0083,False,3,0,0,0.9998814208898663
2024-03-29,122,0,0.0,False,3,0,0,0.9998814208898663
2024-04-01,123,0,0.0,False,3,0,0,0.9998814208898663
2024-04-02,123,0,0.0,False,3,0,0,0.9998814208898663
2024-04-03,123,1,0.0081,False,3,0,0,0.9998814208898663
2024-04-08,122,2,0.0164,False,3,0,0,0.9998814208898663
2024-04-09,122,1,0.0082,False,3,0,0,0.9998814208898663
2024-04-10,121,4,0.0331,False,3,0,0,0.9998814208898663
2024-04-11,122,2,0.0164,False,3,0,0,0.9998814208898663
2024-04-12,122,6,0.0492,False,3,0,0,0.9998814208898663
2024-04-15,122,1,0.0082,False,3,0,0,0.9998814208898663
2024-04-16,121,4,0.0331,False,3,0,0,0.9998814208898663
2024-04-17,121,1,0.0083,False,3,0,0,0.9998814208898663
2024-04-18,121,1,0.0083,False,3,0,0,0.9998814208898663
2024-04-19,121,1,0.0083,False,3,0,0,0.9998814208898663
2024-04-22,121,0,0.0,False,3,0,0,0.9998814208898663
2024-04-23,121,0,0.0,False,3,0,0,0.9998814208898663
2024-04-24,123,0,0.0,False,3,0,0,0.9998814208898663
2024-04-25,123,0,0.0,False,3,0,0,0.9998814208898663
2024-04-26,122,0,0.0,False,3,0,0,0.9998814208898663
2024-04-29,122,0,0.0,False,3,0,0,0.9998814208898663
2024-04-30,122,0,0.0,False,3,0,0,0.9998814208898663
2024-05-06,123,0,0.0,False,3,0,0,0.9998814208898663
2024-05-07,123,0,0.0,False,3,0,0,0.9998814208898663
2024-05-08,123,0,0.0,False,3,0,0,0.9998814208898663
2024-05-09,122,0,0.0,False,3,0,0,0.9998814208898663
2024-05-10,122,0,0.0,False,3,0,0,0.9998814208898663
2024-05-13,122,0,0.0,False,3,0,0,0.9998814208898663
2024-05-14,122,0,0.0,False,3,0,0,0.9998814208898663
2024-05-15,120,0,0.0,False,3,0,0,0.9998814208898663
2024-05-16,120,0,0.0,False,3,0,0,0.9998814208898663
2024-05-17,120,0,0.0,False,3,0,0,0.9998814208898663
2024-05-20,120,0,0.0,False,3,0,0,0.9998814208898663
2024-05-21,120,0,0.0,False,3,0,0,0.9998814208898663
2024-05-22,120,0,0.0,False,3,0,0,0.9998814208898663
2024-05-23,121,0,0.0,False,3,0,0,0.9998814208898663
2024-05-24,122,2,0.0164,False,3,0,0,0.9998814208898663
2024-05-27,122,1,0.0082,False,3,0,0,0.9998814208898663
2024-05-28,122,6,0.0492,False,3,0,0,0.9998814208898663
2024-05-29,121,3,0.0248,False,3,0,0,0.9998814208898663
2024-05-30,120,3,0.025,False,3,0,0,0.9998814208898663
2024-05-31,119,3,0.0252,False,3,0,0,0.9998814208898663
2024-06-03,119,0,0.0,False,3,0,0,0.9998814208898663
2024-06-04,119,0,0.0,False,3,0,0,0.9998814208898663
2024-06-05,119,1,0.0084,False,3,0,0,0.9998814208898663
2024-06-06,119,2,0.0168,False,3,0,0,0.9998814208898663
2024-06-07,119,1,0.0084,False,3,0,0,0.9998814208898663
2024-06-11,121,4,0.0331,False,3,0,0,0.9998814208898663
2024-06-12,119,1,0.0084,False,3,0,0,0.9998814208898663
2024-06-13,119,1,0.0084,False,3,0,0,0.9998814208898663
2024-06-14,117,0,0.0,False,3,0,0,0.9998814208898663
2024-06-17,117,1,0.0085,False,3,0,0,0.9998814208898663
2024-06-18,118,0,0.0,False,3,0,0,0.9998814208898663
2024-06-19,118,2,0.0169,False,3,0,0,0.9998814208898663
2024-06-20,118,10,0.0847,False,3,0,0,0.9998814208898663
2024-06-21,118,5,0.0424,False,3,0,0,0.9998814208898663
2024-06-24,117,16,0.1368,True,3,0,0,0.9998814208898663
2024-06-25,117,17,0.1453,True,3,0,0,0.9998814208898663
2024-06-26,117,0,0.0,False,3,0,0,0.9998814208898663
2024-06-27,116,1,0.0086,False,3,0,0,0.9998814208898663
2024-06-28,116,3,0.0259,False,3,0,0,0.9998814208898663
2024-07-01,116,1,0.0086,False,3,0,0,0.9998814208898663
2024-07-02,115,1,0.0087,False,3,0,0,0.9998814208898663
2024-07-03,115,0,0.0,False,3,0,0,0.9998814208898663
2024-07-04,115,1,0.0087,False,3,0,0,0.9998814208898663
2024-07-05,115,0,0.0,False,3,0,0,0.9998814208898663
2024-07-08,115,7,0.0609,False,3,0,0,0.9998814208898663
2024-07-09,114,1,0.0088,False,3,0,0,0.9998814208898663
2024-07-10,113,2,0.0177,False,3,0,0,0.9998814208898663
2024-07-11,113,0,0.0,False,3,0,0,0.9998814208898663
2024-07-12,114,1,0.0088,False,3,0,0,0.9998814208898663
2024-07-15,113,0,0.0,False,3,0,0,0.9998814208898663
2024-07-16,113,0,0.0,False,3,0,0,0.9998814208898663
2024-07-17,113,0,0.0,False,3,0,0,0.9998814208898663
2024-07-18,113,0,0.0,False,3,0,0,0.9998814208898663
2024-07-19,113,0,0.0,False,3,0,0,0.9998814208898663
2024-07-22,112,0,0.0,False,3,0,0,0.9998814208898663
2024-07-23,113,2,0.0177,False,3,0,0,0.9998814208898663
2024-07-24,113,7,0.0619,False,3,0,0,0.9998814208898663
2024-07-25,112,4,0.0357,False,3,0,0,0.9998814208898663
2024-07-26,111,1,0.009,False,3,0,0,0.9998814208898663
2024-07-29,111,0,0.0,False,3,0,0,0.9998814208898663
2024-07-30,111,0,0.0,False,3,0,0,0.9998814208898663
2024-07-31,110,0,0.0,False,3,0,0,0.9998814208898663
2024-08-01,110,0,0.0,False,3,0,0,0.9998814208898663
2024-08-02,110,0,0.0,False,3,0,0,0.9998814208898663
2024-08-05,110,1,0.0091,False,3,0,0,0.9998814208898663
2024-08-06,110,1,0.0091,False,3,0,0,0.9998814208898663
2024-08-07,111,0,0.0,False,3,0,0,0.9998814208898663
2024-08-08,111,0,0.0,False,3,0,0,0.9998814208898663
2024-08-09,111,0,0.0,False,3,0,0,0.9998814208898663
2024-08-12,111,0,0.0,False,3,0,0,0.9998814208898663
2024-08-13,109,0,0.0,False,3,0,0,0.9998814208898663
2024-08-14,109,0,0.0,False,3,0,0,0.9998814208898663
2024-08-15,109,0,0.0,False,3,0,0,0.9998814208898663
2024-08-16,109,0,0.0,False,3,0,0,0.9998814208898663
2024-08-19,108,0,0.0,False,3,0,0,0.9998814208898663
2024-08-20,108,2,0.0185,False,3,0,0,0.9998814208898663
2024-08-21,108,2,0.0185,False,3,0,0,0.9998814208898663
2024-08-22,108,9,0.0833,False,3,0,0,0.9998814208898663
2024-08-23,108,4,0.037,False,3,0,0,0.9998814208898663
2024-08-26,108,2,0.0185,False,3,0,0,0.9998814208898663
2024-08-27,108,1,0.0093,False,3,0,0,0.9998814208898663
2024-08-28,108,4,0.037,False,3,0,0,0.9998814208898663
2024-08-29,107,3,0.028,False,3,0,0,0.9998814208898663
2024-08-30,107,1,0.0093,False,3,0,0,0.9998814208898663
2024-09-02,107,3,0.028,False,3,0,0,0.9998814208898663
2024-09-03,106,2,0.0189,False,3,0,0,0.9998814208898663
2024-09-04,106,4,0.0377,False,3,0,0,0.9998814208898663
2024-09-05,106,0,0.0,False,3,0,0,0.9998814208898663
2024-09-06,106,5,0.0472,False,3,0,0,0.9998814208898663
2024-09-09,106,6,0.0566,False,3,0,0,0.9998814208898663
2024-09-10,106,4,0.0377,False,3,0,0,0.9998814208898663
2024-09-11,106,2,0.0189,False,3,0,0,0.9998814208898663
2024-09-12,105,1,0.0095,False,3,0,0,0.9998814208898663
2024-09-13,105,2,0.019,False,3,0,0,0.9998814208898663
2024-09-18,105,1,0.0095,False,3,0,0,0.9998814208898663
2024-09-19,105,0,0.0,False,3,0,0,0.9998814208898663
2024-09-20,105,1,0.0095,False,3,0,0,0.9998814208898663
2024-09-23,105,0,0.0,False,3,0,0,0.9998814208898663
2024-09-24,105,0,0.0,False,3,0,0,0.9998814208898663
2024-09-25,106,0,0.0,False,3,0,0,0.9998814208898663
2024-09-26,107,0,0.0,False,3,0,0,0.9998814208898663
2024-09-27,107,0,0.0,False,3,0,0,0.9998814208898663
2024-09-30,109,0,0.0,False,3,0,0,0.9998814208898663
2024-10-08,110,0,0.0,False,3,0,0,0.9998814208898663
2024-10-09,112,0,0.0,False,3,0,0,0.9998814208898663
2024-10-10,114,0,0.0,False,3,0,0,0.9998814208898663
2024-10-11,117,0,0.0,False,3,0,0,0.9998814208898663
2024-10-14,118,0,0.0,False,3,0,0,0.9998814208898663
2024-10-15,117,0,0.0,False,3,0,0,0.9998814208898663
2024-10-16,118,0,0.0,False,3,0,0,0.9998814208898663
2024-10-17,119,0,0.0,False,3,0,0,0.9998814208898663
2024-10-18,119,0,0.0,False,3,0,0,0.9998814208898663
2024-10-21,119,0,0.0,False,3,0,0,0.9998814208898663
2024-10-22,120,0,0.0,False,3,0,0,0.9998814208898663
2024-10-23,121,0,0.0,False,3,0,0,0.9998814208898663
2024-10-24,122,0,0.0,False,3,0,0,0.9998814208898663
2024-10-25,122,0,0.0,False,3,0,0,0.9998814208898663
2024-10-28,122,0,0.0,False,3,0,0,0.9998814208898663
2024-10-29,122,0,0.0,False,3,0,0,0.9998814208898663
2024-10-30,122,0,0.0,False,3,0,0,0.9998814208898663
2024-10-31,122,0,0.0,False,3,0,0,0.9998814208898663
2024-11-01,122,0,0.0,False,3,0,0,0.9998814208898663
2024-11-04,121,0,0.0,False,3,0,0,0.9998814208898663
2024-11-05,121,0,0.0,False,3,0,0,0.9998814208898663
2024-11-06,121,0,0.0,False,3,0,0,0.9998814208898663
2024-11-07,121,0,0.0,False,3,0,0,0.9998814208898663
2024-11-08,123,0,0.0,False,3,0,0,0.9998814208898663
2024-11-11,124,0,0.0,False,3,0,0,0.9998814208898663
2024-11-12,124,0,0.0,False,3,0,0,0.9998814208898663
2024-11-13,125,0,0.0,False,3,0,0,0.9998814208898663
2024-11-14,125,0,0.0,False,3,0,0,0.9998814208898663
2024-11-15,125,0,0.0,False,3,0,0,0.9998814208898663
2024-11-18,127,1,0.0079,False,3,0,0,0.9998814208898663
2024-11-19,127,0,0.0,False,3,0,0,0.9998814208898663
2024-11-20,127,0,0.0,False,3,0,0,0.9998814208898663
2024-11-21,128,0,0.0,False,3,0,0,0.9998814208898663
2024-11-22,129,1,0.0078,False,3,0,0,0.9998814208898663
2024-11-25,128,1,0.0078,False,3,0,0,0.9998814208898663
2024-11-26,129,0,0.0,False,3,0,0,0.9998814208898663
2024-11-27,129,0,0.0,False,3,0,0,0.9998814208898663
2024-11-28,129,0,0.0,False,3,0,0,0.9998814208898663
2024-11-29,130,0,0.0,False,3,0,0,0.9998814208898663
2024-12-02,130,0,0.0,False,3,0,0,0.9998814208898663
2024-12-03,130,0,0.0,False,3,0,0,0.9998814208898663
2024-12-04,130,0,0.0,False,3,0,0,0.9998814208898663
2024-12-05,129,0,0.0,False,3,0,0,0.9998814208898663
2024-12-06,130,0,0.0,False,3,0,0,0.9998814208898663
2024-12-09,130,0,0.0,False,3,0,0,0.9998814208898663
2024-12-10,130,0,0.0,False,3,0,0,0.9998814208898663
2024-12-11,130,0,0.0,False,3,0,0,0.9998814208898663
2024-12-12,131,0,0.0,False,3,0,0,0.9998814208898663
2024-12-13,131,0,0.0,False,3,0,0,0.9998814208898663
2024-12-16,131,0,0.0,False,3,0,0,0.9998814208898663
2024-12-17,131,1,0.0076,False,3,0,0,0.9998814208898663
2024-12-18,131,0,0.0,False,3,0,0,0.9998814208898663
2024-12-19,131,0,0.0,False,3,0,0,0.9998814208898663
2024-12-20,131,0,0.0,False,3,0,0,0.9998814208898663
2024-12-23,132,0,0.0,False,3,0,0,0.9998814208898663
2024-12-24,134,0,0.0,False,3,0,0,0.9998814208898663
2024-12-25,133,0,0.0,False,3,0,0,0.9998814208898663
2024-12-26,133,0,0.0,False,3,0,0,0.9998814208898663
2024-12-27,133,0,0.0,False,3,0,0,0.9998814208898663
2024-12-30,133,0,0.0,False,3,0,0,0.9998814208898663
2024-12-31,133,4,0.0301,False,3,0,0,0.9998814208898663
2025-01-02,132,23,0.1742,True,3,0,0,0.9998814208898663
2025-01-03,128,25,0.1953,True,3,0,0,0.9998814208898663
2025-01-06,128,22,0.1719,True,3,0,0,0.9998814208898663
2025-01-07,129,0,0.0,False,3,0,0,0.9998814208898663
2025-01-08,129,0,0.0,False,3,0,0,0.9998814208898663
2025-01-09,129,0,0.0,False,3,0,0,0.9998814208898663
2025-01-10,129,1,0.0078,False,3,0,0,0.9998814208898663
2025-01-13,129,0,0.0,False,3,0,0,0.9998814208898663
2025-01-14,129,0,0.0,False,3,0,0,0.9998814208898663
2025-01-15,129,0,0.0,False,3,0,0,0.9998814208898663
2025-01-16,129,0,0.0,False,3,0,0,0.9998814208898663
2025-01-17,130,0,0.0,False,3,0,0,0.9998814208898663
2025-01-20,130,0,0.0,False,3,0,0,0.9998814208898663
2025-01-21,130,0,0.0,False,3,0,0,0.9998814208898663
2025-01-22,130,0,0.0,False,3,0,0,0.9998814208898663
2025-01-23,130,0,0.0,False,3,0,0,0.9998814208898663
2025-01-24,130,0,0.0,False,3,0,0,0.9998814208898663
2025-01-27,129,0,0.0,False,3,0,0,0.9998814208898663
2025-02-05,129,0,0.0,False,3,0,0,0.9998814208898663
2025-02-06,129,0,0.0,False,3,0,0,0.9998814208898663
2025-02-07,128,0,0.0,False,3,0,0,0.9998814208898663
2025-02-10,129,0,0.0,False,3,0,0,0.9998814208898663
2025-02-11,129,0,0.0,False,3,0,0,0.9998814208898663
2025-02-12,129,0,0.0,False,3,0,0,0.9998814208898663
2025-02-13,129,0,0.0,False,3,0,0,0.9998814208898663
2025-02-14,128,0,0.0,False,3,0,0,0.9998814208898663
2025-02-17,129,0,0.0,False,3,0,0,0.9998814208898663
2025-02-18,129,1,0.0078,False,3,0,0,0.9998814208898663
2025-02-19,128,1,0.0078,False,3,0,0,0.9998814208898663
2025-02-20,128,0,0.0,False,3,0,0,0.9998814208898663
2025-02-21,129,0,0.0,False,3,0,0,0.9998814208898663
2025-02-24,129,0,0.0,False,3,0,0,0.9998814208898663
2025-02-25,129,0,0.0,False,3,0,0,0.9998814208898663
2025-02-26,129,0,0.0,False,3,0,0,0.9998814208898663
2025-02-27,130,0,0.0,False,3,0,0,0.9998814208898663
2025-02-28,130,0,0.0,False,3,0,0,0.9998814208898663
2025-03-03,130,0,0.0,False,3,0,0,0.9998814208898663
2025-03-04,130,0,0.0,False,3,0,0,0.9998814208898663
2025-03-05,129,0,0.0,False,3,0,0,0.9998814208898663
2025-03-06,129,0,0.0,False,3,0,0,0.9998814208898663
2025-03-07,129,0,0.0,False,3,0,0,0.9998814208898663
2025-03-10,129,0,0.0,False,3,0,0,0.9998814208898663
2025-03-11,129,0,0.0,False,3,0,0,0.9998814208898663
2025-03-12,129,0,0.0,False,3,0,0,0.9998814208898663
2025-03-13,129,0,0.0,False,3,0,0,0.9998814208898663
2025-03-14,129,0,0.0,False,3,0,0,0.9998814208898663
2025-03-17,129,0,0.0,False,3,0,0,0.9998814208898663
2025-03-18,128,0,0.0,False,3,0,0,0.9998814208898663
2025-03-19,128,0,0.0,False,3,0,0,0.9998814208898663
2025-03-20,129,0,0.0,False,3,0,0,0.9998814208898663
2025-03-21,129,2,0.0155,False,3,0,0,0.9998814208898663
2025-03-24,129,1,0.0078,False,3,0,0,0.9998814208898663
2025-03-25,129,3,0.0233,False,3,0,0,0.9998814208898663
2025-03-26,130,0,0.0,False,3,0,0,0.9998814208898663
2025-03-27,130,0,0.0,False,3,0,0,0.9998814208898663
2025-03-28,131,0,0.0,False,3,0,0,0.9998814208898663
2025-03-31,131,7,0.0534,False,3,0,0,0.9998814208898663
2025-04-01,130,1,0.0077,False,3,0,0,0.9998814208898663
2025-04-02,130,0,0.0,False,3,0,0,0.9998814208898663
2025-04-03,129,4,0.031,False,3,0,0,0.9998814208898663
2025-04-07,129,30,0.2326,True,3,0,0,0.9998814208898663
2025-04-08,129,23,0.1783,True,3,0,0,0.9998814208898663
2025-04-09,127,6,0.0472,False,3,0,0,0.9998814208898663
2025-04-10,129,0,0.0,False,3,0,0,0.9998814208898663
2025-04-11,129,0,0.0,False,3,0,0,0.9998814208898663
2025-04-14,130,0,0.0,False,3,0,0,0.9998814208898663
2025-04-15,130,0,0.0,False,3,0,0,0.9998814208898663
2025-04-16,130,0,0.0,False,3,0,0,0.9998814208898663
2025-04-17,130,0,0.0,False,3,0,0,0.9998814208898663
2025-04-18,130,0,0.0,False,3,0,0,0.9998814208898663
2025-04-21,130,0,0.0,False,3,0,0,0.9998814208898663
2025-04-22,130,0,0.0,False,3,0,0,0.9998814208898663
2025-04-23,129,0,0.0,False,3,0,0,0.9998814208898663
2025-04-24,129,0,0.0,False,3,0,0,0.9998814208898663
2025-04-25,129,0,0.0,False,3,0,0,0.9998814208898663
2025-04-28,129,0,0.0,False,3,0,0,0.9998814208898663
2025-04-29,129,0,0.0,False,3,0,0,0.9998814208898663
2025-04-30,129,0,0.0,False,3,0,0,0.9998814208898663
2025-05-06,129,0,0.0,False,3,0,0,0.9998814208898663
2025-05-07,129,0,0.0,False,3,0,0,0.9998814208898663
2025-05-08,129,0,0.0,False,3,0,0,0.9998814208898663
2025-05-09,129,0,0.0,False,3,0,0,0.9998814208898663
2025-05-12,129,0,0.0,False,3,0,0,0.9998814208898663
2025-05-13,129,0,0.0,False,3,0,0,0.9998814208898663
2025-05-14,129,0,0.0,False,3,0,0,0.9998814208898663
2025-05-15,129,0,0.0,False,3,0,0,0.9998814208898663
2025-05-16,129,0,0.0,False,3,0,0,0.9998814208898663
2025-05-19,128,0,0.0,False,3,0,0,0.9998814208898663
2025-05-20,126,0,0.0,False,3,0,0,0.9998814208898663
2025-05-21,126,0,0.0,False,3,0,0,0.9998814208898663
2025-05-22,126,0,0.0,False,3,0,0,0.9998814208898663
2025-05-23,126,0,0.0,False,3,0,0,0.9998814208898663
2025-05-26,126,1,0.0079,False,3,0,0,0.9998814208898663
2025-05-27,127,0,0.0,False,3,0,0,0.9998814208898663
2025-05-28,128,0,0.0,False,3,0,0,0.9998814208898663
2025-05-29,129,0,0.0,False,3,0,0,0.9998814208898663
2025-05-30,128,0,0.0,False,3,0,0,0.9998814208898663
2025-06-03,128,1,0.0078,False,3,0,0,0.9998814208898663
2025-06-04,127,0,0.0,False,3,0,0,0.9998814208898663
2025-06-05,129,0,0.0,False,3,0,0,0.9998814208898663
2025-06-06,126,1,0.0079,False,3,0,0,0.9998814208898663
2025-06-09,125,1,0.008,False,3,0,0,0.9998814208898663
2025-06-10,124,1,0.0081,False,3,0,0,0.9998814208898663
2025-06-11,125,0,0.0,False,3,0,0,0.9998814208898663
2025-06-12,125,0,0.0,False,3,0,0,0.9998814208898663
2025-06-13,125,4,0.032,False,3,0,0,0.9998814208898663
2025-06-16,125,4,0.032,False,3,0,0,0.9998814208898663
2025-06-17,123,2,0.0163,False,3,0,0,0.9998814208898663
2025-06-18,122,1,0.0082,False,3,0,0,0.9998814208898663
2025-06-19,120,7,0.0583,False,3,0,0,0.9998814208898663
2025-06-20,120,4,0.0333,False,3,0,0,0.9998814208898663
2025-06-23,119,0,0.0,False,3,0,0,0.9998814208898663
2025-06-24,119,0,0.0,False,3,0,0,0.9998814208898663
2025-06-25,119,0,0.0,False,3,0,0,0.9998814208898663
2025-06-26,119,0,0.0,False,3,0,0,0.9998814208898663
2025-06-27,121,0,0.0,False,3,0,0,0.9998814208898663
2025-06-30,121,0,0.0,False,3,0,0,0.9998814208898663
2025-07-01,121,0,0.0,False,3,0,0,0.9998814208898663
2025-07-02,120,0,0.0,False,3,0,0,0.9998814208898663
2025-07-03,121,0,0.0,False,3,0,0,0.9998814208898663
2025-07-04,122,0,0.0,False,3,0,0,0.9998814208898663
2025-07-07,123,0,0.0,False,3,0,0,0.9998814208898663
2025-07-08,123,0,0.0,False,3,0,0,0.9998814208898663
2025-07-09,123,0,0.0,False,3,0,0,0.9998814208898663
2025-07-10,123,0,0.0,False,3,0,0,0.9998814208898663
2025-07-11,125,0,0.0,False,3,0,0,0.9998814208898663
2025-07-14,126,0,0.0,False,3,0,0,0.9998814208898663
2025-07-15,126,0,0.0,False,3,0,0,0.9998814208898663
2025-07-16,126,0,0.0,False,3,0,0,0.9998814208898663
2025-07-17,124,0,0.0,False,3,0,0,0.9998814208898663
2025-07-18,124,0,0.0,False,3,0,0,0.9998814208898663
2025-07-21,124,0,0.0,False,3,0,0,0.9998814208898663
2025-07-22,125,0,0.0,False,3,0,0,0.9998814208898663
2025-07-23,124,0,0.0,False,3,0,0,0.9998814208898663
2025-07-24,125,0,0.0,False,3,0,0,0.9998814208898663
2025-07-25,126,0,0.0,False,3,0,0,0.9998814208898663
2025-07-28,127,0,0.0,False,3,0,0,0.9998814208898663
2025-07-29,127,0,0.0,False,3,0,0,0.9998814208898663
2025-07-30,127,0,0.0,False,3,0,0,0.9998814208898663
2025-07-31,128,0,0.0,False,3,0,0,0.9998814208898663
2025-08-01,127,0,0.0,False,3,0,0,0.9998814208898663
2025-08-04,127,0,0.0,False,3,0,0,0.9998814208898663
2025-08-05,127,0,0.0,False,3,0,0,0.9998814208898663
2025-08-06,128,0,0.0,False,3,0,0,0.9998814208898663
2025-08-07,127,0,0.0,False,3,0,0,0.9998814208898663
2025-08-08,129,0,0.0,False,3,0,0,0.9998814208898663
2025-08-11,129,0,0.0,False,3,0,0,0.9998814208898663
2025-08-12,129,0,0.0,False,3,0,0,0.9998814208898663
2025-08-13,129,0,0.0,False,3,0,0,0.9998814208898663
2025-08-14,130,0,0.0,False,3,0,0,0.9998814208898663
2025-08-15,131,0,0.0,False,3,0,0,0.9998814208898663
2025-08-18,131,0,0.0,False,3,0,0,0.9998814208898663
2025-08-19,131,0,0.0,False,3,0,0,0.9998814208898663
2025-08-20,131,0,0.0,False,3,0,0,0.9998814208898663
2025-08-21,132,0,0.0,False,3,0,0,0.9998814208898663
2025-08-22,133,0,0.0,False,3,0,0,0.9998814208898663
2025-08-25,137,0,0.0,False,3,0,0,0.9998814208898663
2025-08-26,138,0,0.0,False,3,0,0,0.9998814208898663
2025-08-27,139,0,0.0,False,3,0,0,0.9998814208898663
2025-08-28,140,0,0.0,False,3,0,0,0.9998814208898663
2025-08-29,141,0,0.0,False,3,0,0,0.9998814208898663
2025-09-01,141,1,0.0071,False,3,0,0,0.9998814208898663
2025-09-02,141,0,0.0,False,3,0,0,0.9998814208898663
2025-09-03,141,2,0.0142,False,3,0,0,0.9998814208898663
2025-09-04,144,3,0.0208,False,3,0,0,0.9998814208898663
2025-09-05,147,1,0.0068,False,3,0,0,0.9998814208898663
2025-09-08,147,0,0.0,False,3,0,0,0.9998814208898663
2025-09-09,148,0,0.0,False,3,0,0,0.9998814208898663
2025-09-10,149,0,0.0,False,3,0,0,0.9998814208898663
2025-09-11,149,0,0.0,False,3,0,0,0.9998814208898663
2025-09-12,151,0,0.0,False,3,0,0,0.9998814208898663
2025-09-15,151,0,0.0,False,3,0,0,0.9998814208898663
2025-09-16,151,1,0.0066,False,3,0,0,0.9998814208898663
2025-09-17,152,1,0.0066,False,3,0,0,0.9998814208898663
2025-09-18,153,1,0.0065,False,3,0,0,0.9998814208898663
2025-09-19,155,1,0.0065,False,3,0,0,0.9998814208898663
2025-09-22,155,2,0.0129,False,3,0,0,0.9998814208898663
2025-09-23,155,2,0.0129,False,3,0,0,0.9998814208898663
2025-09-24,155,0,0.0,False,3,0,0,0.9998814208898663
2025-09-25,155,1,0.0065,False,3,0,0,0.9998814208898663
2025-09-26,156,0,0.0,False,3,0,0,0.9998814208898663
2025-09-29,158,0,0.0,False,3,0,0,0.9998814208898663
2025-09-30,158,0,0.0,False,3,0,0,0.9998814208898663
2025-10-09,158,0,0.0,False,3,0,0,0.9998814208898663
2025-10-10,159,1,0.0063,False,3,0,0,0.9998814208898663
2025-10-13,159,4,0.0252,False,3,0,0,0.9998814208898663
2025-10-14,159,8,0.0503,False,3,0,0,0.9998814208898663
2025-10-15,160,1,0.0062,False,3,0,0,0.9998814208898663
2025-10-16,160,1,0.0062,False,3,0,0,0.9998814208898663
2025-10-17,161,12,0.0745,False,3,0,0,0.9998814208898663
2025-10-20,161,2,0.0124,False,3,0,0,0.9998814208898663
2025-10-21,161,0,0.0,False,3,0,0,0.9998814208898663
2025-10-22,161,0,0.0,False,3,0,0,0.9998814208898663
2025-10-23,161,0,0.0,False,3,0,0,0.9998814208898663
2025-10-24,161,0,0.0,False,3,0,0,0.9998814208898663
2025-10-27,161,0,0.0,False,3,0,0,0.9998814208898663
2025-10-28,159,0,0.0,False,3,0,0,0.9998814208898663
2025-10-29,159,0,0.0,False,3,0,0,0.9998814208898663
2025-10-30,160,0,0.0,False,3,0,0,0.9998814208898663
2025-10-31,160,0,0.0,False,3,0,0,0.9998814208898663
2025-11-03,160,0,0.0,False,3,0,0,0.9998814208898663
2025-11-04,160,0,0.0,False,3,0,0,0.9998814208898663
2025-11-05,161,0,0.0,False,3,0,0,0.9998814208898663
2025-11-06,161,0,0.0,False,3,0,0,0.9998814208898663
2025-11-07,161,0,0.0,False,3,0,0,0.9998814208898663
2025-11-10,162,0,0.0,False,3,0,0,0.9998814208898663
2025-11-11,162,1,0.0062,False,3,0,0,0.9998814208898663
2025-11-12,163,1,0.0061,False,3,0,0,0.9998814208898663
2025-11-13,162,0,0.0,False,3,0,0,0.9998814208898663
2025-11-14,162,1,0.0062,False,3,0,0,0.9998814208898663
2025-11-17,162,0,0.0,False,3,0,0,0.9998814208898663
2025-11-18,164,2,0.0122,False,3,0,0,0.9998814208898663
2025-11-19,164,4,0.0244,False,3,0,0,0.9998814208898663
2025-11-20,163,6,0.0368,False,3,0,0,0.9998814208898663
2025-11-21,163,23,0.1411,True,3,0,0,0.9998814208898663
2025-11-24,163,16,0.0982,False,3,0,0,0.9998814208898663
2025-11-25,162,0,0.0,False,3,0,0,0.9998814208898663
2025-11-26,162,0,0.0,False,3,0,0,0.9998814208898663
2025-11-27,163,1,0.0061,False,3,0,0,0.9998814208898663
2025-11-28,163,0,0.0,False,3,0,0,0.9998814208898663
2025-12-01,163,0,0.0,False,3,0,0,0.9998814208898663
2025-12-02,161,0,0.0,False,3,0,0,0.9998814208898663
2025-12-03,161,0,0.0,False,3,0,0,0.9998814208898663
2025-12-04,161,1,0.0062,False,3,0,0,0.9998814208898663
2025-12-05,163,1,0.0061,False,3,0,0,0.9998814208898663
2025-12-08,163,0,0.0,False,3,0,0,0.9998814208898663
2025-12-09,162,1,0.0062,False,3,0,0,0.9998814208898663
2025-12-10,163,1,0.0061,False,3,0,0,0.9998814208898663
2025-12-11,163,1,0.0061,False,3,0,0,0.9998814208898663
2025-12-12,163,0,0.0,False,3,0,0,0.9998814208898663
2025-12-15,163,1,0.0061,False,3,0,0,0.9998814208898663
2025-12-16,161,5,0.0311,False,3,0,0,0.9998814208898663
2025-12-17,161,0,0.0,False,3,0,0,0.9998814208898663
2025-12-18,162,0,0.0,False,3,0,0,0.9998814208898663
2025-12-19,163,0,0.0,False,3,0,0,0.9998814208898663
2025-12-22,162,0,0.0,False,3,0,0,0.9998814208898663
2025-12-23,162,0,0.0,False,3,0,0,0.9998814208898663
2025-12-24,162,0,0.0,False,3,0,0,0.9998814208898663
2025-12-25,162,0,0.0,False,3,0,0,0.9998814208898663
2025-12-26,162,0,0.0,False,3,0,0,0.9998814208898663
2025-12-29,162,0,0.0,False,3,0,0,0.9998814208898663
2025-12-30,160,0,0.0,False,3,0,0,0.9998814208898663
2025-12-31,158,1,0.0063,False,3,0,0,0.9998814208898663
2026-01-05,158,0,0.0,False,3,0,0,0.9998814208898663
2026-01-06,158,0,0.0,False,3,0,0,0.9998814208898663
2026-01-07,158,0,0.0,False,3,0,0,0.9998814208898663
2026-01-08,157,0,0.0,False,3,0,0,0.9998814208898663
2026-01-09,156,0,0.0,False,3,0,0,0.9998814208898663
2026-01-12,156,0,0.0,False,3,0,0,0.9998814208898663
2026-01-13,156,0,0.0,False,3,0,0,0.9998814208898663
2026-01-14,157,1,0.0064,False,3,0,0,0.9998814208898663
2026-01-15,158,1,0.0063,False,3,0,0,0.9998814208898663
2026-01-16,158,1,0.0063,False,3,0,0,0.9998814208898663
2026-01-19,158,1,0.0063,False,3,0,0,0.9998814208898663
2026-01-20,158,0,0.0,False,3,0,0,0.9998814208898663
2026-01-21,158,2,0.0127,False,3,0,0,0.9998814208898663
2026-01-22,158,1,0.0063,False,3,0,0,0.9998814208898663
2026-01-23,159,0,0.0,False,3,0,0,0.9998814208898663
2026-01-26,159,3,0.0189,False,3,0,0,0.9998814208898663
2026-01-27,160,3,0.0188,False,3,0,0,0.9998814208898663
2026-01-28,161,2,0.0124,False,3,0,0,0.9998814208898663
2026-01-29,161,1,0.0062,False,3,0,0,0.9998814208898663
2026-01-30,161,1,0.0062,False,3,0,0,0.9998814208898663
2026-02-02,161,12,0.0745,False,3,0,0,0.9998814208898663
2026-02-03,161,0,0.0,False,3,0,0,0.9998814208898663
2026-02-04,161,0,0.0,False,3,0,0,0.9998814208898663
2026-02-05,161,1,0.0062,False,3,0,0,0.9998814208898663
2026-02-06,161,1,0.0062,False,3,0,0,0.9998814208898663
2026-02-09,161,0,0.0,False,3,0,0,0.9998814208898663
2026-02-10,163,0,0.0,False,3,0,0,0.9998814208898663
2026-02-11,163,0,0.0,False,3,0,0,0.9998814208898663
2026-02-12,164,0,0.0,False,3,0,0,0.9998814208898663
2026-02-13,164,0,0.0,False,3,0,0,0.9998814208898663
2026-02-24,164,0,0.0,False,3,0,0,0.9998814208898663
2026-02-25,165,0,0.0,False,3,0,0,0.9998814208898663
2026-02-26,167,1,0.006,False,3,0,0,0.9998814208898663
2026-02-27,167,0,0.0,False,3,0,0,0.9998814208898663
2026-03-02,166,6,0.0361,False,3,0,0,0.9998814208898663
2026-03-03,167,12,0.0719,False,3,0,0,0.9998814208898663
2026-03-04,166,17,0.1024,True,3,0,0,0.9998814208898663
2026-03-05,166,4,0.0241,False,3,0,0,0.9998814208898663
2026-03-06,166,0,0.0,False,3,0,0,0.9998814208898663
2026-03-09,166,0,0.0,False,3,0,0,0.9998814208898663
2026-03-10,166,0,0.0,False,3,0,0,0.9998814208898663
2026-03-11,166,0,0.0,False,3,0,0,0.9998814208898663
2026-03-12,166,0,0.0,False,3,0,0,0.9998814208898663
2026-03-13,167,2,0.012,False,3,0,0,0.9998814208898663
2026-03-16,168,0,0.0,False,3,0,0,0.9998814208898663
2026-03-17,168,7,0.0417,False,3,0,0,0.9998814208898663
2026-03-18,169,0,0.0,False,3,0,0,0.9998814208898663
2026-03-19,168,7,0.0417,False,3,0,0,0.9998814208898663
2026-03-20,168,10,0.0595,False,3,0,0,0.9998814208898663
2026-03-23,168,25,0.1488,True,3,0,0,0.9998814208898663
2026-03-24,168,2,0.0119,False,3,0,0,0.9998814208898663
2026-03-25,168,0,0.0,False,3,0,0,0.9998814208898663
2026-03-26,169,0,0.0,False,3,0,0,0.9998814208898663
2026-03-27,169,0,0.0,False,3,0,0,0.9998814208898663
2026-03-30,169,0,0.0,False,3,0,0,0.9998814208898663
2026-03-31,169,0,0.0,False,3,0,0,0.9998814208898663
2026-04-01,169,0,0.0,False,3,0,0,0.9998814208898663
2026-04-02,169,1,0.0059,False,3,0,0,0.9998814208898663
2026-04-03,170,3,0.0176,False,3,0,0,0.9998814208898663
2026-04-07,170,1,0.0059,False,3,0,0,0.9998814208898663
2026-04-08,170,0,0.0,False,3,0,0,0.9998814208898663
2026-04-09,170,0,0.0,False,3,0,0,0.9998814208898663
2026-04-10,171,0,0.0,False,3,0,0,0.9998814208898663
2026-04-13,171,0,0.0,False,3,0,0,0.9998814208898663
2026-04-14,169,0,0.0,False,3,0,0,0.9998814208898663
2026-04-15,169,0,0.0,False,3,0,0,0.9998814208898663
2026-04-16,169,0,0.0,False,3,0,0,0.9998814208898663
2026-04-17,169,0,0.0,False,3,0,0,0.9998814208898663
2026-04-20,169,0,0.0,False,3,0,0,0.9998814208898663
2026-04-21,167,0,0.0,False,3,0,0,0.9998814208898663
2026-04-22,168,0,0.0,False,3,0,0,0.9998814208898663
2026-04-23,167,0,0.0,False,3,0,0,0.9998814208898663
2026-04-24,166,0,0.0,False,3,0,0,0.9998814208898663
2026-04-27,165,0,0.0,False,3,0,0,0.9998814208898663
2026-04-28,166,0,0.0,False,3,0,0,0.9998814208898663
2026-04-29,166,0,0.0,False,3,0,0,0.9998814208898663
2026-04-30,167,0,0.0,False,3,0,0,0.9998814208898663
2026-05-06,167,1,0.006,False,3,0,0,0.9998814208898663
2026-05-07,168,0,0.0,False,3,0,0,0.9998814208898663
2026-05-08,168,0,0.0,False,3,0,0,0.9998814208898663
2026-05-11,169,0,0.0,False,3,0,0,0.9998814208898663
2026-05-12,166,1,0.006,False,3,0,0,0.9998814208898663
2026-05-13,166,1,0.006,False,3,0,0,0.9998814208898663
2026-05-14,168,5,0.0298,False,3,0,0,0.9998814208898663
2026-05-15,168,7,0.0417,False,3,0,0,0.9998814208898663
2026-05-18,168,8,0.0476,False,3,0,0,0.9998814208898663
2026-05-19,169,5,0.0296,False,3,0,0,0.9998814208898663
2026-05-20,170,5,0.0294,False,3,0,0,0.9998814208898663
2026-05-21,171,4,0.0234,False,3,0,0,0.9998814208898663
2026-05-22,173,0,0.0,False,3,0,0,0.9998814208898663
2026-05-25,173,0,0.0,False,3,0,0,0.9998814208898663
2026-05-26,173,0,0.0,False,3,0,0,0.9998814208898663
2026-05-27,173,0,0.0,False,3,0,0,0.9998814208898663
2026-05-28,172,3,0.0174,False,3,0,0,0.9998814208898663
2026-05-29,172,4,0.0233,False,3,0,0,0.9998814208898663
2026-06-01,172,3,0.0174,False,3,0,0,0.9998814208898663
2026-06-02,171,0,0.0,False,3,0,0,0.9998814208898663
2026-06-03,171,0,0.0,False,3,0,0,0.9998814208898663
2026-06-04,171,1,0.0058,False,3,0,0,0.9998814208898663
2026-06-05,171,1,0.0058,False,3,0,0,0.9998814208898663
2026-06-08,172,12,0.0698,False,3,0,0,0.9998814208898663
2026-06-09,173,1,0.0058,False,3,0,0,0.9998814208898663
2026-06-10,173,1,0.0058,False,3,0,0,0.9998814208898663
2026-06-11,173,0,0.0,False,3,0,0,0.9998814208898663
2026-06-12,172,0,0.0,False,3,0,0,0.9998814208898663
2026-06-15,172,0,0.0,False,3,0,0,0.9998814208898663
2026-06-16,172,0,0.0,False,3,0,0,0.9998814208898663
2026-06-17,172,0,0.0,False,3,0,0,0.9998814208898663
2026-06-18,172,1,0.0058,False,3,0,0,0.9998814208898663
2026-06-22,173,0,0.0,False,3,0,0,0.9998814208898663
2026-06-23,174,0,0.0,False,3,0,0,0.9998814208898663
2026-06-24,174,0,0.0,False,3,0,0,0.9998814208898663
2026-06-25,173,0,0.0,False,3,0,0,0.9998814208898663
2026-06-26,172,4,0.0233,False,3,0,0,0.9998814208898663
2026-06-29,172,1,0.0058,False,3,0,0,0.9998814208898663
2026-06-30,172,1,0.0058,False,3,0,0,0.9998814208898663
2026-07-01,172,0,0.0,False,3,0,0,0.9998814208898663
2026-07-02,172,0,0.0,False,3,0,0,0.9998814208898663
2026-07-03,172,0,0.0,False,3,0,0,0.9998814208898663
2026-07-06,173,0,0.0,False,3,0,0,0.9998814208898663
2026-07-07,172,1,0.0058,False,3,0,0,0.9998814208898663
2026-07-08,172,3,0.0174,False,3,0,0,0.9998814208898663
2026-07-09,172,0,0.0,False,3,0,0,0.9998814208898663
2026-07-10,172,0,0.0,False,3,0,0,0.9998814208898663
2026-07-13,172,11,0.064,False,3,0,0,0.9998814208898663
2026-07-14,172,4,0.0233,False,3,0,0,0.9998814208898663
2026-07-15,172,3,0.0174,False,3,0,0,0.9998814208898663
2026-07-16,172,6,0.0349,False,3,0,0,0.9998814208898663
2026-07-17,173,19,0.1098,True,3,0,0,0.9998814208898663
2026-07-20,175,10,0.0571,False,3,0,0,0.9998814208898663
2026-07-21,175,0,0.0,False,3,0,0,0.9998814208898663
2026-07-22,175,0,0.0,False,3,0,0,0.9998814208898663
2026-07-23,175,1,0.0057,False,3,0,0,0.9998814208898663
2026-07-24,175,1,0.0057,False,3,0,0,0.9998814208898663
2026-07-27,174,0,0.0,False,3,0,0,0.9998814208898663
2026-07-28,174,1,0.0057,False,3,0,0,0.9998814208898663
2026-07-29,174,0,0.0,False,3,0,0,0.9998814208898663
2026-07-30,174,1,0.0057,False,3,0,0,0.9998814208898663
2026-07-31,174,0,0.0,False,3,0,0,0.9998814208898663
2026-08-03,175,0,0.0,False,3,0,0,0.9998814208898663
2026-08-04,176,0,0.0,False,3,0,0,0.9998814208898663
2026-08-05,174,0,0.0,False,3,0,0,0.9998814208898663
2026-08-06,174,0,0.0,False,3,0,0,0.9998814208898663
2026-08-07,174,0,0.0,False,3,0,0,0.9998814208898663
2026-08-10,174,0,0.0,False,3,0,0,0.9998814208898663
2026-08-11,174,0,0.0,False,3,0,0,0.9998814208898663
2026-08-12,174,0,0.0,False,3,0,0,0.9998814208898663
2026-08-13,174,0,0.0,False,3,0,0,0.9998814208898663
2026-08-14,174,0,0.0,False,3,0,0,0.9998814208898663
2026-08-17,173,0,0.0,False,3,0,0,0.9998814208898663
2026-08-18,173,0,0.0,False,3,0,0,0.9998814208898663
2026-08-19,173,1,0.0058,False,3,0,0,0.9998814208898663
2026-08-20,173,1,0.0058,False,3,0,0,0.9998814208898663
2026-08-21,173,1,0.0058,False,3,0,0,0.9998814208898663
2026-08-24,173,0,0.0,False,3,0,0,0.9998814208898663
2026-08-25,172,0,0.0,False,3,0,0,0.9998814208898663
2026-08-26,171,0,0.0,False,3,0,0,0.9998814208898663
2026-08-27,171,0,0.0,False,3,0,0,0.9998814208898663
2026-08-28,171,0,0.0,False,3,0,0,0.9998814208898663
2026-08-31,171,0,0.0,False,3,0,0,0.9998814208898663
2026-09-01,171,0,0.0,False,3,0,0,0.9998814208898663
2026-09-02,171,3,0.0175,False,3,0,0,0.9998814208898663
2026-09-03,171,0,0.0,False,3,0,0,0.9998814208898663
