date,equity,cash,invested,invested_pct
2006-05-15,1000000.0,1000000.0,0.0,0.0
2006-05-16,1000000.0,1000000.0,0.0,0.0
2006-05-17,1000000.0,1000000.0,0.0,0.0
2006-05-18,1000000.0,1000000.0,0.0,0.0
2006-05-19,1000000.0,1000000.0,0.0,0.0
2006-05-22,1000000.0,1000000.0,0.0,0.0
2006-05-23,1000000.0,1000000.0,0.0,0.0
2006-05-24,1000000.0,1000000.0,0.0,0.0
2006-05-25,1000000.0,1000000.0,0.0,0.0
2006-05-26,1000000.0,1000000.0,0.0,0.0
2006-05-29,1000000.0,1000000.0,0.0,0.0
2006-05-30,1000000.0,1000000.0,0.0,0.0
2006-05-31,1000000.0,1000000.0,0.0,0.0
2006-06-01,1000000.0,1000000.0,0.0,0.0
2006-06-02,1000000.0,1000000.0,0.0,0.0
2006-06-05,1000000.0,1000000.0,0.0,0.0
2006-06-06,1000000.0,1000000.0,0.0,0.0
2006-06-07,1000000.0,1000000.0,0.0,0.0
2006-06-08,1000000.0,1000000.0,0.0,0.0
2006-06-09,1000000.0,1000000.0,0.0,0.0
2006-06-12,1000000.0,1000000.0,0.0,0.0
2006-06-13,1000000.0,1000000.0,0.0,0.0
2006-06-14,1000000.0,1000000.0,0.0,0.0
2006-06-15,1000000.0,1000000.0,0.0,0.0
2006-06-16,1000000.0,1000000.0,0.0,0.0
2006-06-19,1000000.0,1000000.0,0.0,0.0
2006-06-20,1000000.0,1000000.0,0.0,0.0
2006-06-21,1000000.0,1000000.0,0.0,0.0
2006-06-22,1000000.0,1000000.0,0.0,0.0
2006-06-23,1000000.0,1000000.0,0.0,0.0
2006-06-26,1000000.0,1000000.0,0.0,0.0
2006-06-27,1000000.0,1000000.0,0.0,0.0
2006-06-28,1000000.0,1000000.0,0.0,0.0
2006-06-29,1000000.0,1000000.0,0.0,0.0
2006-06-30,1000000.0,1000000.0,0.0,0.0
2006-07-03,1000000.0,1000000.0,0.0,0.0
2006-07-04,1000000.0,1000000.0,0.0,0.0
2006-07-05,1000000.0,1000000.0,0.0,0.0
2006-07-06,1000000.0,1000000.0,0.0,0.0
2006-07-07,1000000.0,1000000.0,0.0,0.0
2006-07-10,1000000.0,1000000.0,0.0,0.0
2006-07-11,1000000.0,1000000.0,0.0,0.0
2006-07-12,1000000.0,1000000.0,0.0,0.0
2006-07-13,1000000.0,1000000.0,0.0,0.0
2006-07-14,1000000.0,1000000.0,0.0,0.0
2006-07-17,1000000.0,1000000.0,0.0,0.0
2006-07-18,1000000.0,1000000.0,0.0,0.0
2006-07-19,1000000.0,1000000.0,0.0,0.0
2006-07-20,1000000.0,1000000.0,0.0,0.0
2006-07-21,1000000.0,1000000.0,0.0,0.0
2006-07-24,1000000.0,1000000.0,0.0,0.0
2006-07-25,1000000.0,1000000.0,0.0,0.0
2006-07-26,1000000.0,1000000.0,0.0,0.0
2006-07-27,1000000.0,1000000.0,0.0,0.0
2006-07-28,1000000.0,1000000.0,0.0,0.0
2006-07-31,1000000.0,1000000.0,0.0,0.0
2006-08-01,997770.2202999999,800031.2202999999,197739.0,0.19818089974718403
2006-08-02,994439.7387999999,600055.2387999999,394384.5,0.3965896419987274
2006-08-03,992954.3636,400104.46359999996,592849.9000000001,0.5970565433144345
2006-08-04,981287.0636,400104.46359999996,581182.6000000001,0.5922656290482867
2006-08-07,968309.4839999999,200136.08399999997,768173.3999999999,0.7933139277194149
2006-08-08,990109.4900499999,110.29004999995232,989999.2,0.9998886082285764
2006-08-09,989759.09005,110.29004999995232,989648.8,0.999888568793044
2006-08-10,1003316.59005,110.29004999995232,1003206.3,0.9998900745277276
2006-08-11,1003014.8900499999,110.29004999995232,1002904.6,0.9998900414628995
2006-08-14,988026.6900499999,110.29004999995232,987916.3999999999,0.9998883734102422
2006-08-15,999851.7900500001,110.29004999995232,999741.5000000001,0.9998896936014943
2006-08-16,1013282.79005,110.29004999995232,1013172.5,0.9998911557059066
2006-08-17,1003579.3900499999,110.29004999995232,1003469.1,0.9998901033131077
2006-08-18,1006027.29345,407994.69344999996,598032.6000000001,0.5944496773533338
2006-08-21,1004596.5934499998,407994.69344999996,596601.8999999999,0.5938721113428638
2006-08-22,1011122.3738250001,1011122.3738250001,0.0,0.0
2006-08-23,1011122.3738250001,1011122.3738250001,0.0,0.0
2006-08-24,1011122.3738250001,1011122.3738250001,0.0,0.0
2006-08-25,1011122.3738250001,1011122.3738250001,0.0,0.0
2006-08-28,1011122.3738250001,1011122.3738250001,0.0,0.0
2006-08-29,1011122.3738250001,1011122.3738250001,0.0,0.0
2006-08-30,1011122.3738250001,1011122.3738250001,0.0,0.0
2006-08-31,1011122.3738250001,1011122.3738250001,0.0,0.0
2006-09-01,1011122.3738250001,1011122.3738250001,0.0,0.0
2006-09-04,1011122.3738250001,1011122.3738250001,0.0,0.0
2006-09-05,1011122.3738250001,1011122.3738250001,0.0,0.0
2006-09-06,1011122.3738250001,1011122.3738250001,0.0,0.0
2006-09-07,1011122.3738250001,1011122.3738250001,0.0,0.0
2006-09-08,1011122.3738250001,1011122.3738250001,0.0,0.0
2006-09-11,1011122.3738250001,1011122.3738250001,0.0,0.0
2006-09-12,1011122.3738250001,1011122.3738250001,0.0,0.0
2006-09-13,1011122.3738250001,1011122.3738250001,0.0,0.0
2006-09-14,1011122.3738250001,1011122.3738250001,0.0,0.0
2006-09-15,1011122.3738250001,1011122.3738250001,0.0,0.0
2006-09-18,1011122.3738250001,1011122.3738250001,0.0,0.0
2006-09-19,1011122.3738250001,1011122.3738250001,0.0,0.0
2006-09-20,1011122.3738250001,1011122.3738250001,0.0,0.0
2006-09-21,1011122.3738250001,1011122.3738250001,0.0,0.0
2006-09-22,1011122.3738250001,1011122.3738250001,0.0,0.0
2006-09-25,1011122.3738250001,1011122.3738250001,0.0,0.0
2006-09-26,1011122.3738250001,1011122.3738250001,0.0,0.0
2006-09-27,1011122.3738250001,1011122.3738250001,0.0,0.0
2006-09-28,1011122.3738250001,1011122.3738250001,0.0,0.0
2006-09-29,1011122.3738250001,1011122.3738250001,0.0,0.0
2006-10-09,1011122.3738250001,1011122.3738250001,0.0,0.0
2006-10-10,1011122.3738250001,1011122.3738250001,0.0,0.0
2006-10-11,1011122.3738250001,1011122.3738250001,0.0,0.0
2006-10-12,1011122.3738250001,1011122.3738250001,0.0,0.0
2006-10-13,1011122.3738250001,1011122.3738250001,0.0,0.0
2006-10-16,1011122.3738250001,1011122.3738250001,0.0,0.0
2006-10-17,1011122.3738250001,1011122.3738250001,0.0,0.0
2006-10-18,1011122.3738250001,1011122.3738250001,0.0,0.0
2006-10-19,1011122.3738250001,1011122.3738250001,0.0,0.0
2006-10-20,1011122.3738250001,1011122.3738250001,0.0,0.0
2006-10-23,1011122.3738250001,1011122.3738250001,0.0,0.0
2006-10-24,1011122.3738250001,1011122.3738250001,0.0,0.0
2006-10-25,1011122.3738250001,1011122.3738250001,0.0,0.0
2006-10-26,1011122.3738250001,1011122.3738250001,0.0,0.0
2006-10-27,1011122.3738250001,1011122.3738250001,0.0,0.0
2006-10-30,1011122.3738250001,1011122.3738250001,0.0,0.0
2006-10-31,1011122.3738250001,1011122.3738250001,0.0,0.0
2006-11-01,1011122.3738250001,1011122.3738250001,0.0,0.0
2006-11-02,1011122.3738250001,1011122.3738250001,0.0,0.0
2006-11-03,1011122.3738250001,1011122.3738250001,0.0,0.0
2006-11-06,1011122.3738250001,1011122.3738250001,0.0,0.0
2006-11-07,1011122.3738250001,1011122.3738250001,0.0,0.0
2006-11-08,1011122.3738250001,1011122.3738250001,0.0,0.0
2006-11-09,1011122.3738250001,1011122.3738250001,0.0,0.0
2006-11-10,1011122.3738250001,1011122.3738250001,0.0,0.0
2006-11-13,1011122.3738250001,1011122.3738250001,0.0,0.0
2006-11-14,1011122.3738250001,1011122.3738250001,0.0,0.0
2006-11-15,1011122.3738250001,1011122.3738250001,0.0,0.0
2006-11-16,1011122.3738250001,1011122.3738250001,0.0,0.0
2006-11-17,1011122.3738250001,1011122.3738250001,0.0,0.0
2006-11-20,1011122.3738250001,1011122.3738250001,0.0,0.0
2006-11-21,1011122.3738250001,1011122.3738250001,0.0,0.0
2006-11-22,1011122.3738250001,1011122.3738250001,0.0,0.0
2006-11-23,1011122.3738250001,1011122.3738250001,0.0,0.0
2006-11-24,1011122.3738250001,1011122.3738250001,0.0,0.0
2006-11-27,1011122.3738250001,1011122.3738250001,0.0,0.0
2006-11-28,1011122.3738250001,1011122.3738250001,0.0,0.0
2006-11-29,1011122.3738250001,1011122.3738250001,0.0,0.0
2006-11-30,1011122.3738250001,1011122.3738250001,0.0,0.0
2006-12-01,1011122.3738250001,1011122.3738250001,0.0,0.0
2006-12-04,1011122.3738250001,1011122.3738250001,0.0,0.0
2006-12-05,1011122.3738250001,1011122.3738250001,0.0,0.0
2006-12-06,1011122.3738250001,1011122.3738250001,0.0,0.0
2006-12-07,1011122.3738250001,1011122.3738250001,0.0,0.0
2006-12-08,1011122.3738250001,1011122.3738250001,0.0,0.0
2006-12-11,1011122.3738250001,1011122.3738250001,0.0,0.0
2006-12-12,1011122.3738250001,1011122.3738250001,0.0,0.0
2006-12-13,1011122.3738250001,1011122.3738250001,0.0,0.0
2006-12-14,1011122.3738250001,1011122.3738250001,0.0,0.0
2006-12-15,1011122.3738250001,1011122.3738250001,0.0,0.0
2006-12-18,1011122.3738250001,1011122.3738250001,0.0,0.0
2006-12-19,1011122.3738250001,1011122.3738250001,0.0,0.0
2006-12-20,1011122.3738250001,1011122.3738250001,0.0,0.0
2006-12-21,1011122.3738250001,1011122.3738250001,0.0,0.0
2006-12-22,1011122.3738250001,1011122.3738250001,0.0,0.0
2006-12-25,1011122.3738250001,1011122.3738250001,0.0,0.0
2006-12-26,1011122.3738250001,1011122.3738250001,0.0,0.0
2006-12-27,1011122.3738250001,1011122.3738250001,0.0,0.0
2006-12-28,1011122.3738250001,1011122.3738250001,0.0,0.0
2006-12-29,1011122.3738250001,1011122.3738250001,0.0,0.0
2007-01-04,1011122.3738250001,1011122.3738250001,0.0,0.0
2007-01-05,1011122.3738250001,1011122.3738250001,0.0,0.0
2007-01-08,1011122.3738250001,1011122.3738250001,0.0,0.0
2007-01-09,1011122.3738250001,1011122.3738250001,0.0,0.0
2007-01-10,1011122.3738250001,1011122.3738250001,0.0,0.0
2007-01-11,1011122.3738250001,1011122.3738250001,0.0,0.0
2007-01-12,1011122.3738250001,1011122.3738250001,0.0,0.0
2007-01-15,1011122.3738250001,1011122.3738250001,0.0,0.0
2007-01-16,1011122.3738250001,1011122.3738250001,0.0,0.0
2007-01-17,1011122.3738250001,1011122.3738250001,0.0,0.0
2007-01-18,1011122.3738250001,1011122.3738250001,0.0,0.0
2007-01-19,1011122.3738250001,1011122.3738250001,0.0,0.0
2007-01-22,1011122.3738250001,1011122.3738250001,0.0,0.0
2007-01-23,1011122.3738250001,1011122.3738250001,0.0,0.0
2007-01-24,1011122.3738250001,1011122.3738250001,0.0,0.0
2007-01-25,1011122.3738250001,1011122.3738250001,0.0,0.0
2007-01-26,1011122.3738250001,1011122.3738250001,0.0,0.0
2007-01-29,1011122.3738250001,1011122.3738250001,0.0,0.0
2007-01-30,1011122.3738250001,1011122.3738250001,0.0,0.0
2007-01-31,1011122.3738250001,1011122.3738250001,0.0,0.0
2007-02-01,1011122.3738250001,1011122.3738250001,0.0,0.0
2007-02-02,1011122.3738250001,1011122.3738250001,0.0,0.0
2007-02-05,1011122.3738250001,1011122.3738250001,0.0,0.0
2007-02-06,1011122.3738250001,1011122.3738250001,0.0,0.0
2007-02-07,1011122.3738250001,1011122.3738250001,0.0,0.0
2007-02-08,1011122.3738250001,1011122.3738250001,0.0,0.0
2007-02-09,1011122.3738250001,1011122.3738250001,0.0,0.0
2007-02-12,1011122.3738250001,1011122.3738250001,0.0,0.0
2007-02-13,1011122.3738250001,1011122.3738250001,0.0,0.0
2007-02-14,1011122.3738250001,1011122.3738250001,0.0,0.0
2007-02-15,1011122.3738250001,1011122.3738250001,0.0,0.0
2007-02-16,1011122.3738250001,1011122.3738250001,0.0,0.0
2007-02-26,1011122.3738250001,1011122.3738250001,0.0,0.0
2007-02-27,1011122.3738250001,1011122.3738250001,0.0,0.0
2007-02-28,1011122.3738250001,1011122.3738250001,0.0,0.0
2007-03-01,1011122.3738250001,1011122.3738250001,0.0,0.0
2007-03-02,1011122.3738250001,1011122.3738250001,0.0,0.0
2007-03-05,1011122.3738250001,1011122.3738250001,0.0,0.0
2007-03-06,1011122.3738250001,1011122.3738250001,0.0,0.0
2007-03-07,1011122.3738250001,1011122.3738250001,0.0,0.0
2007-03-08,1011122.3738250001,1011122.3738250001,0.0,0.0
2007-03-09,1011122.3738250001,1011122.3738250001,0.0,0.0
2007-03-12,1011122.3738250001,1011122.3738250001,0.0,0.0
2007-03-13,1011122.3738250001,1011122.3738250001,0.0,0.0
2007-03-14,1011122.3738250001,1011122.3738250001,0.0,0.0
2007-03-15,1011122.3738250001,1011122.3738250001,0.0,0.0
2007-03-16,1011122.3738250001,1011122.3738250001,0.0,0.0
2007-03-19,1011122.3738250001,1011122.3738250001,0.0,0.0
2007-03-20,1011122.3738250001,1011122.3738250001,0.0,0.0
2007-03-21,1011122.3738250001,1011122.3738250001,0.0,0.0
2007-03-22,1011122.3738250001,1011122.3738250001,0.0,0.0
2007-03-23,1011122.3738250001,1011122.3738250001,0.0,0.0
2007-03-26,1011122.3738250001,1011122.3738250001,0.0,0.0
2007-03-27,1011122.3738250001,1011122.3738250001,0.0,0.0
2007-03-28,1011122.3738250001,1011122.3738250001,0.0,0.0
2007-03-29,1011122.3738250001,1011122.3738250001,0.0,0.0
2007-03-30,1011122.3738250001,1011122.3738250001,0.0,0.0
2007-04-02,1011122.3738250001,1011122.3738250001,0.0,0.0
2007-04-03,1011122.3738250001,1011122.3738250001,0.0,0.0
2007-04-04,1011122.3738250001,1011122.3738250001,0.0,0.0
2007-04-05,1011122.3738250001,1011122.3738250001,0.0,0.0
2007-04-06,1011122.3738250001,1011122.3738250001,0.0,0.0
2007-04-09,1011122.3738250001,1011122.3738250001,0.0,0.0
2007-04-10,1011122.3738250001,1011122.3738250001,0.0,0.0
2007-04-11,1011122.3738250001,1011122.3738250001,0.0,0.0
2007-04-12,1011122.3738250001,1011122.3738250001,0.0,0.0
2007-04-13,1011122.3738250001,1011122.3738250001,0.0,0.0
2007-04-16,1011122.3738250001,1011122.3738250001,0.0,0.0
2007-04-17,1011122.3738250001,1011122.3738250001,0.0,0.0
2007-04-18,1011122.3738250001,1011122.3738250001,0.0,0.0
2007-04-19,1011122.3738250001,1011122.3738250001,0.0,0.0
2007-04-20,1011122.3738250001,1011122.3738250001,0.0,0.0
2007-04-23,1011122.3738250001,1011122.3738250001,0.0,0.0
2007-04-24,1011122.3738250001,1011122.3738250001,0.0,0.0
2007-04-25,1011122.3738250001,1011122.3738250001,0.0,0.0
2007-04-26,1011122.3738250001,1011122.3738250001,0.0,0.0
2007-04-27,1011122.3738250001,1011122.3738250001,0.0,0.0
2007-04-30,1011122.3738250001,1011122.3738250001,0.0,0.0
2007-05-08,1011122.3738250001,1011122.3738250001,0.0,0.0
2007-05-09,1011122.3738250001,1011122.3738250001,0.0,0.0
2007-05-10,1011122.3738250001,1011122.3738250001,0.0,0.0
2007-05-11,1011122.3738250001,1011122.3738250001,0.0,0.0
2007-05-14,1011122.3738250001,1011122.3738250001,0.0,0.0
2007-05-15,1011122.3738250001,1011122.3738250001,0.0,0.0
2007-05-16,1011122.3738250001,1011122.3738250001,0.0,0.0
2007-05-17,1011122.3738250001,1011122.3738250001,0.0,0.0
2007-05-18,1011122.3738250001,1011122.3738250001,0.0,0.0
2007-05-21,1011122.3738250001,1011122.3738250001,0.0,0.0
2007-05-22,1011122.3738250001,1011122.3738250001,0.0,0.0
2007-05-23,1011122.3738250001,1011122.3738250001,0.0,0.0
2007-05-24,1011122.3738250001,1011122.3738250001,0.0,0.0
2007-05-25,1011122.3738250001,1011122.3738250001,0.0,0.0
2007-05-28,1011122.3738250001,1011122.3738250001,0.0,0.0
2007-05-29,1011122.3738250001,1011122.3738250001,0.0,0.0
2007-05-30,1011122.3738250001,1011122.3738250001,0.0,0.0
2007-05-31,1011122.3738250001,1011122.3738250001,0.0,0.0
2007-06-01,1011122.3738250001,1011122.3738250001,0.0,0.0
2007-06-04,1011122.3738250001,1011122.3738250001,0.0,0.0
2007-06-05,1021698.3953250002,811158.3953250002,210540.0,0.20606864116002419
2007-06-06,1023348.3953250002,811158.3953250002,212190.0,0.20734873965636272
2007-06-07,1030872.3953250002,811158.3953250002,219714.0,0.21313404161019503
2007-06-08,1032324.3953250002,811158.3953250002,221166.0,0.21424079582113498
2007-06-11,1034898.3953250002,811158.3953250002,223740.0,0.21619513665371617
2007-06-12,1038801.4703250001,1038801.4703250001,0.0,0.0
2007-06-13,1038801.4703250001,1038801.4703250001,0.0,0.0
2007-06-14,1038801.4703250001,1038801.4703250001,0.0,0.0
2007-06-15,1038801.4703250001,1038801.4703250001,0.0,0.0
2007-06-18,1038801.4703250001,1038801.4703250001,0.0,0.0
2007-06-19,1038801.4703250001,1038801.4703250001,0.0,0.0
2007-06-20,1038801.4703250001,1038801.4703250001,0.0,0.0
2007-06-21,1038801.4703250001,1038801.4703250001,0.0,0.0
2007-06-22,1038801.4703250001,1038801.4703250001,0.0,0.0
2007-06-25,1038801.4703250001,1038801.4703250001,0.0,0.0
2007-06-26,1038801.4703250001,1038801.4703250001,0.0,0.0
2007-06-27,1038801.4703250001,1038801.4703250001,0.0,0.0
2007-06-28,1038801.4703250001,1038801.4703250001,0.0,0.0
2007-06-29,1038801.4703250001,1038801.4703250001,0.0,0.0
2007-07-02,1038801.4703250001,1038801.4703250001,0.0,0.0
2007-07-03,1038801.4703250001,1038801.4703250001,0.0,0.0
2007-07-04,1038801.4703250001,1038801.4703250001,0.0,0.0
2007-07-05,1038801.4703250001,1038801.4703250001,0.0,0.0
2007-07-06,1063219.56575,439033.26575000014,624186.2999999999,0.587071871236395
2007-07-09,1083787.6657500002,439033.26575000014,644754.4,0.5949084127598173
2007-07-10,1075870.226425,652337.2264250001,423532.9999999999,0.3936655087178628
2007-07-11,1073395.6264250001,652337.2264250001,421058.4,0.3922676687274727
2007-07-12,1075618.4264250002,652337.2264250001,423281.20000000007,0.39352356709511455
2007-07-13,1075046.4264250002,652337.2264250001,422709.20000000007,0.393200879152441
2007-07-16,1062541.6264250001,652337.2264250001,410204.4,0.3860596044412519
2007-07-17,1069767.826425,652337.2264250001,417430.6,0.39020672494422365
2007-07-18,1071456.826425,652337.2264250001,419119.6,0.3911679777135076
2007-07-19,1069640.026425,652337.2264250001,417302.79999999993,0.3901338671802779
2007-07-20,1076812.481075,1076812.481075,0.0,0.0
2007-07-23,1076812.481075,1076812.481075,0.0,0.0
2007-07-24,1076812.481075,1076812.481075,0.0,0.0
2007-07-25,1076812.481075,1076812.481075,0.0,0.0
2007-07-26,1076812.481075,1076812.481075,0.0,0.0
2007-07-27,1076812.481075,1076812.481075,0.0,0.0
2007-07-30,1076812.481075,1076812.481075,0.0,0.0
2007-07-31,1076812.481075,1076812.481075,0.0,0.0
2007-08-01,1076812.481075,1076812.481075,0.0,0.0
2007-08-02,1076812.481075,1076812.481075,0.0,0.0
2007-08-03,1076812.481075,1076812.481075,0.0,0.0
2007-08-06,1076812.481075,1076812.481075,0.0,0.0
2007-08-07,1076812.481075,1076812.481075,0.0,0.0
2007-08-08,1076812.481075,1076812.481075,0.0,0.0
2007-08-09,1076812.481075,1076812.481075,0.0,0.0
2007-08-10,1076812.481075,1076812.481075,0.0,0.0
2007-08-13,1076812.481075,1076812.481075,0.0,0.0
2007-08-14,1076812.481075,1076812.481075,0.0,0.0
2007-08-15,1076812.481075,1076812.481075,0.0,0.0
2007-08-16,1076812.481075,1076812.481075,0.0,0.0
2007-08-17,1076812.481075,1076812.481075,0.0,0.0
2007-08-20,1076812.481075,1076812.481075,0.0,0.0
2007-08-21,1076812.481075,1076812.481075,0.0,0.0
2007-08-22,1076812.481075,1076812.481075,0.0,0.0
2007-08-23,1076812.481075,1076812.481075,0.0,0.0
2007-08-24,1076812.481075,1076812.481075,0.0,0.0
2007-08-27,1076812.481075,1076812.481075,0.0,0.0
2007-08-28,1076812.481075,1076812.481075,0.0,0.0
2007-08-29,1076812.481075,1076812.481075,0.0,0.0
2007-08-30,1076812.481075,1076812.481075,0.0,0.0
2007-08-31,1076812.481075,1076812.481075,0.0,0.0
2007-09-03,1076812.481075,1076812.481075,0.0,0.0
2007-09-04,1076812.481075,1076812.481075,0.0,0.0
2007-09-05,1076812.481075,1076812.481075,0.0,0.0
2007-09-06,1076812.481075,1076812.481075,0.0,0.0
2007-09-07,1076812.481075,1076812.481075,0.0,0.0
2007-09-10,1076812.481075,1076812.481075,0.0,0.0
2007-09-11,1076812.481075,1076812.481075,0.0,0.0
2007-09-12,1076812.481075,1076812.481075,0.0,0.0
2007-09-13,1076812.481075,1076812.481075,0.0,0.0
2007-09-14,1076812.481075,1076812.481075,0.0,0.0
2007-09-17,1076812.481075,1076812.481075,0.0,0.0
2007-09-18,1076812.481075,1076812.481075,0.0,0.0
2007-09-19,1076812.481075,1076812.481075,0.0,0.0
2007-09-20,1076812.481075,1076812.481075,0.0,0.0
2007-09-21,1076812.481075,1076812.481075,0.0,0.0
2007-09-24,1076812.481075,1076812.481075,0.0,0.0
2007-09-25,1076812.481075,1076812.481075,0.0,0.0
2007-09-26,1076812.481075,1076812.481075,0.0,0.0
2007-09-27,1076812.481075,1076812.481075,0.0,0.0
2007-09-28,1076812.481075,1076812.481075,0.0,0.0
2007-10-08,1076812.481075,1076812.481075,0.0,0.0
2007-10-09,1076812.481075,1076812.481075,0.0,0.0
2007-10-10,1076812.481075,1076812.481075,0.0,0.0
2007-10-11,1076812.481075,1076812.481075,0.0,0.0
2007-10-12,1076812.481075,1076812.481075,0.0,0.0
2007-10-15,1076812.481075,1076812.481075,0.0,0.0
2007-10-16,1076812.481075,1076812.481075,0.0,0.0
2007-10-17,1076812.481075,1076812.481075,0.0,0.0
2007-10-18,1076812.481075,1076812.481075,0.0,0.0
2007-10-19,1076812.481075,1076812.481075,0.0,0.0
2007-10-22,1076812.481075,1076812.481075,0.0,0.0
2007-10-23,1076812.481075,1076812.481075,0.0,0.0
2007-10-24,1076812.481075,1076812.481075,0.0,0.0
2007-10-25,1076812.481075,1076812.481075,0.0,0.0
2007-10-26,1077857.311275,876883.311275,200974.0,0.18645696225065947
2007-10-29,1081141.711275,876883.311275,204258.3999999999,0.1889284243405207
2007-10-30,1081454.511275,876883.311275,204571.19999999995,0.1891630187559319
2007-10-31,1084895.311275,876883.311275,208012.0,0.191734628989721
2007-11-01,1078482.9112749998,876883.311275,201599.59999999986,0.1869288774929828
2007-11-02,1075276.711275,876883.311275,198393.3999999999,0.18450450746278757
2007-11-05,1076840.711275,876883.311275,199957.3999999999,0.1856889305041658
2007-11-06,1078795.711275,876883.311275,201912.3999999999,0.1871646298643188
2007-11-07,1079968.711275,876883.311275,203085.3999999999,0.1880474849685593
2007-11-08,1075433.111275,876883.311275,198549.80000000005,0.18462310479226884
2007-11-09,1069433.108275,477171.40827499994,592261.7000000001,0.5538090184577515
2007-11-12,1058535.2082749999,477171.40827499994,581363.7999999999,0.5492153642649228
2007-11-13,1056399.561875,66.56187499986845,1056333.0,0.9999369917620169
2007-11-14,1103621.361875,66.56187499986845,1103554.8,0.9999396877613108
2007-11-15,1081194.561875,66.56187499986845,1081128.0,0.9999384367279054
2007-11-16,1069947.7618749999,66.56187499986845,1069881.2,0.9999377896030333
2007-11-19,1078455.3618749997,66.56187499986845,1078388.7999999998,0.9999382803615681
2007-11-20,1089988.047125,280455.44712499983,809532.6000000002,0.7426986031041888
2007-11-21,1081437.8471249999,280455.44712499983,800982.4,0.7406642944200723
2007-11-22,1053042.0471249998,280455.44712499983,772586.6,0.7336711787618593
2007-11-23,1062484.6471249997,280455.44712499983,782029.1999999998,0.73603811793056
2007-11-26,1048987.2471249998,280455.44712499983,768531.7999999999,0.7326416999885794
2007-11-27,1040982.2471249999,280455.44712499983,760526.8,0.7305857540802777
2007-11-28,1025881.8471249999,280455.44712499983,745426.4,0.7266201289057146
2007-11-29,1060859.8471249999,280455.44712499983,780404.4,0.7356338371321597
2007-11-30,1041752.8471249999,280455.44712499983,761297.4,0.7307850437855842
2007-12-03,1047968.0471249999,280455.44712499983,767512.6000000001,0.7323816810117422
2007-12-04,1061868.322125,672857.3221249998,389011.0000000001,0.36634580003433503
2007-12-05,1068120.6815749998,1068120.6815749998,0.0,0.0
2007-12-06,1068120.6815749998,1068120.6815749998,0.0,0.0
2007-12-07,1068120.6815749998,1068120.6815749998,0.0,0.0
2007-12-10,1068120.6815749998,1068120.6815749998,0.0,0.0
2007-12-11,1068120.6815749998,1068120.6815749998,0.0,0.0
2007-12-12,1068120.6815749998,1068120.6815749998,0.0,0.0
2007-12-13,1068120.6815749998,1068120.6815749998,0.0,0.0
2007-12-14,1068120.6815749998,1068120.6815749998,0.0,0.0
2007-12-17,1068120.6815749998,1068120.6815749998,0.0,0.0
2007-12-18,1068120.6815749998,1068120.6815749998,0.0,0.0
2007-12-19,1068120.6815749998,1068120.6815749998,0.0,0.0
2007-12-20,1068120.6815749998,1068120.6815749998,0.0,0.0
2007-12-21,1068120.6815749998,1068120.6815749998,0.0,0.0
2007-12-24,1068120.6815749998,1068120.6815749998,0.0,0.0
2007-12-25,1068120.6815749998,1068120.6815749998,0.0,0.0
2007-12-26,1068120.6815749998,1068120.6815749998,0.0,0.0
2007-12-27,1068120.6815749998,1068120.6815749998,0.0,0.0
2007-12-28,1068120.6815749998,1068120.6815749998,0.0,0.0
2008-01-02,1068120.6815749998,1068120.6815749998,0.0,0.0
2008-01-03,1068120.6815749998,1068120.6815749998,0.0,0.0
2008-01-04,1068120.6815749998,1068120.6815749998,0.0,0.0
2008-01-07,1068120.6815749998,1068120.6815749998,0.0,0.0
2008-01-08,1068120.6815749998,1068120.6815749998,0.0,0.0
2008-01-09,1068120.6815749998,1068120.6815749998,0.0,0.0
2008-01-10,1068120.6815749998,1068120.6815749998,0.0,0.0
2008-01-11,1068120.6815749998,1068120.6815749998,0.0,0.0
2008-01-14,1068120.6815749998,1068120.6815749998,0.0,0.0
2008-01-15,1068120.6815749998,1068120.6815749998,0.0,0.0
2008-01-16,1068120.6815749998,1068120.6815749998,0.0,0.0
2008-01-17,1068120.6815749998,1068120.6815749998,0.0,0.0
2008-01-18,1068120.6815749998,1068120.6815749998,0.0,0.0
2008-01-21,1068120.6815749998,1068120.6815749998,0.0,0.0
2008-01-22,1068120.6815749998,1068120.6815749998,0.0,0.0
2008-01-23,1087551.6147499997,468503.51474999986,619048.0999999999,0.5692126163063104
2008-01-24,1089256.31475,468503.51474999986,620752.8,0.5698868040461824
2008-01-25,1096470.31475,468503.51474999986,627966.8,0.5727166449947888
2008-01-28,1052470.61475,468503.51474999986,583967.1000000001,0.5548535909847835
2008-01-29,1052144.08655,69090.88654999982,983053.2000000001,0.9343332463364878
2008-01-30,1041677.4865499998,69090.88654999982,972586.6,0.933673437851838
2008-01-31,1030733.4865499998,69090.88654999982,961642.6,0.9329692035316947
2008-02-01,1016337.6865499999,69090.88654999982,947246.8,0.9320197534103732
2008-02-04,1111069.4865499996,69090.88654999982,1041978.5999999997,0.9378158725566885
2008-02-05,1097025.38655,69090.88654999982,1027934.5000000001,0.9370197924340825
2008-02-13,1071976.0865499997,69090.88654999982,1002885.1999999998,0.9355481083795826
2008-02-14,1085885.6865499998,69090.88654999982,1016794.7999999999,0.9363737017572167
2008-02-15,1072377.9865499998,69090.88654999982,1003287.1,0.9355722633096232
2008-02-18,1094398.7107999998,697636.7107999998,396762.0,0.3625388042626339
2008-02-19,1101880.4245999998,1101880.4245999998,0.0,0.0
2008-02-20,1101880.4245999998,1101880.4245999998,0.0,0.0
2008-02-21,1101880.4245999998,1101880.4245999998,0.0,0.0
2008-02-22,1101880.4245999998,1101880.4245999998,0.0,0.0
2008-02-25,1101880.4245999998,1101880.4245999998,0.0,0.0
2008-02-26,1089405.8168999997,702949.9168999997,386455.9,0.3547400739053279
2008-02-27,1099915.7168999997,702949.9168999997,396965.79999999993,0.3609056529520349
2008-02-28,1097745.8168999997,702949.9168999997,394795.9,0.35964236339783234
2008-02-29,1101055.0168999997,702949.9168999997,398105.1,0.36156694614666723
2008-03-03,1110058.7315249997,905640.7315249997,204418.0,0.18415061671482044
2008-03-04,1110635.5699999998,1110635.5699999998,0.0,0.0
2008-03-05,1110635.5699999998,1110635.5699999998,0.0,0.0
2008-03-06,1110635.5699999998,1110635.5699999998,0.0,0.0
2008-03-07,1110635.5699999998,1110635.5699999998,0.0,0.0
2008-03-10,1110635.5699999998,1110635.5699999998,0.0,0.0
2008-03-11,1112024.7145749999,910763.9145749998,201260.80000000005,0.18098590558476849
2008-03-12,1106534.8145749997,910763.9145749998,195770.8999999999,0.17692249482018513
2008-03-13,1091420.1971999998,511394.5971999998,580025.6000000001,0.5314411456632702
2008-03-14,1086883.6445,311533.8444999998,775349.8000000002,0.7133696453374133
2008-03-17,1026713.1472249998,266.947224999778,1026446.2000000001,0.9997399982402863
2008-03-18,963179.0472249998,17.547224999777967,963161.5,0.9999817819697695
2008-03-19,1008509.1472249998,17.547224999777967,1008491.6000000001,0.9999826008271239
2008-03-20,1049530.7472249998,17.547224999777967,1049513.2,0.9999832808852468
2008-03-21,1065440.8472249997,17.547224999777967,1065423.2999999998,0.9999835305497761
2008-03-24,1021519.6472249996,17.547224999777967,1021502.0999999999,0.9999828224302416
2008-03-25,1037073.3472249998,17.547224999777967,1037055.8,0.9999830800540321
2008-03-26,1039386.5472249998,17.547224999777967,1039369.0,0.9999831177101083
2008-03-27,993943.3472249998,17.547224999777967,993925.8,0.9999823458499433
2008-03-28,1026248.4472249998,17.547224999777967,1026230.9,0.9999829015819247
2008-03-31,985539.5472249998,17.547224999777967,985522.0,0.9999821953111377
2008-04-01,916465.3472249998,17.547224999777967,916447.8,0.999980853367721
2008-04-02,890708.3472249997,17.547224999777967,890690.7999999999,0.9999802996962424
2008-04-03,922422.5472249998,17.547224999777967,922405.0,0.9999809770207239
2008-04-07,979568.7472249998,17.547224999777967,979551.2000000001,0.9999820867855886
2008-04-08,991854.7066249999,290107.40662499977,701747.3,0.7075101779653262
2008-04-09,963999.5066249997,290107.40662499977,673892.0999999999,0.6990585527987693
2008-04-10,972726.0066249999,290107.40662499977,682618.6000000001,0.7017583526613363
2008-04-11,980861.3066249997,290107.40662499977,690753.8999999999,0.7042319799287251
2008-04-14,940899.0066249997,290107.40662499977,650791.5999999999,0.6916699830881811
2008-04-15,951012.3633749997,90284.46337499976,860727.8999999999,0.9050648899509636
2008-04-16,927502.4633749998,90284.46337499976,837218.0,0.9026585190442812
2008-04-17,897466.6633749998,90284.46337499976,807182.2,0.8994007609870684
2008-04-18,864237.9354249998,150.13542499976757,864087.8,0.9998262799874367
2008-04-21,870879.5354249998,150.13542499976757,870729.4,0.9998276048306423
2008-04-22,876331.1354249998,150.13542499976757,876181.0,0.9998286772899756
2008-04-23,917641.6354249998,150.13542499976757,917491.5,0.9998363899160588
2008-04-24,959643.1021999997,959643.1021999997,0.0,0.0
2008-04-25,959643.1021999997,959643.1021999997,0.0,0.0
2008-04-28,959643.1021999997,959643.1021999997,0.0,0.0
2008-04-29,959643.1021999997,959643.1021999997,0.0,0.0
2008-04-30,959643.1021999997,959643.1021999997,0.0,0.0
2008-05-05,959643.1021999997,959643.1021999997,0.0,0.0
2008-05-06,959643.1021999997,959643.1021999997,0.0,0.0
2008-05-07,959643.1021999997,959643.1021999997,0.0,0.0
2008-05-08,959643.1021999997,959643.1021999997,0.0,0.0
2008-05-09,959643.1021999997,959643.1021999997,0.0,0.0
2008-05-12,959643.1021999997,959643.1021999997,0.0,0.0
2008-05-13,959643.1021999997,959643.1021999997,0.0,0.0
2008-05-14,959643.1021999997,959643.1021999997,0.0,0.0
2008-05-15,959643.1021999997,959643.1021999997,0.0,0.0
2008-05-16,959643.1021999997,959643.1021999997,0.0,0.0
2008-05-19,959643.1021999997,959643.1021999997,0.0,0.0
2008-05-20,959643.1021999997,959643.1021999997,0.0,0.0
2008-05-21,959643.1021999997,959643.1021999997,0.0,0.0
2008-05-22,959643.1021999997,959643.1021999997,0.0,0.0
2008-05-23,959643.1021999997,959643.1021999997,0.0,0.0
2008-05-26,959643.1021999997,959643.1021999997,0.0,0.0
2008-05-27,962012.6542999997,360101.6542999997,601911.0,0.6256788799082642
2008-05-28,977990.2542999997,360101.6542999997,617888.6,0.6317942303446124
2008-05-29,962128.7542999997,360101.6542999997,602027.1,0.6257240492079534
2008-05-30,967336.7542999997,360101.6542999997,607235.1,0.6277390963392242
2008-06-02,968899.6542999997,360101.6542999997,608798.0,0.6283395780957708
2008-06-03,967278.8542999997,360101.6542999997,607177.2,0.6277168133065433
2008-06-04,957705.8542999997,360101.6542999997,597604.2,0.6239955590924074
2008-06-05,951556.7542999997,360101.6542999997,591455.1,0.621565762974481
2008-06-06,947562.4542999998,360101.6542999997,587460.8,0.6199705331655205
2008-06-10,896060.0542999997,360101.6542999997,535958.4,0.5981277676959829
2008-06-11,884530.0940999996,170.89409999965574,884359.2,0.9998067967374547
2008-06-12,868328.4940999998,170.89409999965574,868157.6000000001,0.9998031918782341
2008-06-13,846856.3940999997,170.89409999965574,846685.5,0.9997982017952627
2008-06-16,842297.8940999997,170.89409999965574,842127.0,0.9997971096672605
2008-06-17,815788.2940999997,170.89409999965574,815617.4,0.999790516606777
2008-06-18,851948.9940999997,170.89409999965574,851778.1,0.9997994080617699
2008-06-19,787935.4940999997,170.89409999965574,787764.6,0.999783111560173
2008-06-20,816443.7940999997,170.89409999965574,816272.9,0.9997906847951633
2008-06-23,798815.5940999998,170.89409999965574,798644.7000000001,0.999786065643608
2008-06-24,816286.6940999997,170.89409999965574,816115.8,0.9997906445110095
2008-06-25,848812.3940999997,170.89409999965574,848641.5,0.9997986668182657
2008-06-26,850711.3940999998,170.89409999965574,850540.5000000001,0.99979911624414
2008-06-27,803058.4940999995,170.89409999965574,802887.5999999999,0.9997871959499149
2008-06-30,797416.6940999997,170.89409999965574,797245.8,0.9997856903407414
2008-07-01,770747.0940999996,170.89409999965574,770576.2,0.9997782747397844
2008-07-02,770082.3940999997,170.89409999965574,769911.5,0.9997780833566525
2008-07-03,788331.8940999997,170.89409999965574,788161.0,0.9997832206190328
2008-07-04,784196.3940999997,170.89409999965574,784025.5,0.9997820774218226
2008-07-07,816644.2495249996,470631.5495249997,346012.69999999995,0.42370065080511854
2008-07-08,820532.1524999997,820532.1524999997,0.0,0.0
2008-07-09,820532.1524999997,820532.1524999997,0.0,0.0
2008-07-10,820532.1524999997,820532.1524999997,0.0,0.0
2008-07-11,820532.1524999997,820532.1524999997,0.0,0.0
2008-07-14,820532.1524999997,820532.1524999997,0.0,0.0
2008-07-15,820532.1524999997,820532.1524999997,0.0,0.0
2008-07-16,820532.1524999997,820532.1524999997,0.0,0.0
2008-07-17,820532.1524999997,820532.1524999997,0.0,0.0
2008-07-18,820532.1524999997,820532.1524999997,0.0,0.0
2008-07-21,820532.1524999997,820532.1524999997,0.0,0.0
2008-07-22,820532.1524999997,820532.1524999997,0.0,0.0
2008-07-23,820532.1524999997,820532.1524999997,0.0,0.0
2008-07-24,820532.1524999997,820532.1524999997,0.0,0.0
2008-07-25,820532.1524999997,820532.1524999997,0.0,0.0
2008-07-28,820532.1524999997,820532.1524999997,0.0,0.0
2008-07-29,820532.1524999997,820532.1524999997,0.0,0.0
2008-07-30,820532.1524999997,820532.1524999997,0.0,0.0
2008-07-31,820532.1524999997,820532.1524999997,0.0,0.0
2008-08-01,820532.1524999997,820532.1524999997,0.0,0.0
2008-08-04,820532.1524999997,820532.1524999997,0.0,0.0
2008-08-05,820532.1524999997,820532.1524999997,0.0,0.0
2008-08-06,818912.1247499998,420721.2247499998,398190.9,0.4862437469973485
2008-08-07,818467.2247499998,420721.2247499998,397746.0,0.4859644808886406
2008-08-08,797207.5247499999,420721.2247499998,376486.30000000005,0.47225633014197177
2008-08-11,760854.5988249998,112.39882499981104,760742.2,0.9998522729241915
2008-08-12,764719.7988249998,112.39882499981104,764607.4,0.9998530195959716
2008-08-13,768188.7988249997,112.39882499981104,768076.3999999999,0.9998536833325717
2008-08-14,769866.5988249998,112.39882499981104,769754.2,0.9998540022061337
2008-08-15,771068.9988249998,112.39882499981104,770956.6,0.9998542298741473
2008-08-18,732468.9988249998,112.39882499981104,732356.6,0.9998465480106596
2008-08-19,740691.1988249999,112.39882499981104,740578.8,0.9998482514370657
2008-08-20,799926.3988249998,112.39882499981104,799814.0,0.9998594885414896
2008-08-21,764127.9988249998,112.39882499981104,764015.6,0.9998529057629446
2008-08-22,746323.9988249998,112.39882499981104,746211.6,0.9998493967430007
2008-08-25,743907.7988249997,112.39882499981104,743795.3999999999,0.9998489075861587
2008-08-26,719277.9988249999,112.39882499981104,719165.6000000001,0.9998437338203262
2008-08-27,715682.3988249998,112.39882499981104,715570.0,0.9998429487365005
2008-08-28,719781.3988249998,112.39882499981104,719669.0,0.9998438431096117
2008-08-29,737613.9450749998,195478.5450749998,542135.4,0.7349852909096998
2008-09-01,717294.9450749998,195478.5450749998,521816.4,0.7274781504914123
2008-09-02,712625.7450749998,195478.5450749998,517147.19999999995,0.7256925582243359
2008-09-03,707386.3450749998,195478.5450749998,511907.80000000005,0.7236608446912071
2008-09-04,712446.9450749998,195478.5450749998,516968.4,0.7256237163675091
2008-09-05,698657.3450749998,195478.5450749998,503178.80000000005,0.7202082731213318
2008-09-08,674566.2174499998,119.21744999979273,674447.0,0.9998232679803468
2008-09-09,678967.6174499998,119.21744999979273,678848.4,0.9998244136436911
2008-09-10,681854.5174499998,119.21744999979273,681735.3,0.9998251570577759
2008-09-11,666524.9174499997,119.21744999979273,666405.7,0.9998211357942087
2008-09-12,671647.2174499998,119.21744999979273,671528.0,0.9998224998974128
2008-09-16,651613.7174499998,119.21744999979273,651494.5,0.9998170427558427
2008-09-17,635860.7174499998,119.21744999979273,635741.5,0.9998125101193892
2008-09-18,615562.3174499997,119.21744999979273,615443.1,0.9998063275697355
2008-09-19,677100.0174499998,119.21744999979273,676980.8,0.9998239293355083
2008-09-22,698239.9436249998,698239.9436249998,0.0,0.0
2008-09-23,698239.9436249998,698239.9436249998,0.0,0.0
2008-09-24,698239.9436249998,698239.9436249998,0.0,0.0
2008-09-25,698239.9436249998,698239.9436249998,0.0,0.0
2008-09-26,698239.9436249998,698239.9436249998,0.0,0.0
2008-10-06,698239.9436249998,698239.9436249998,0.0,0.0
2008-10-07,698239.9436249998,698239.9436249998,0.0,0.0
2008-10-08,698239.9436249998,698239.9436249998,0.0,0.0
2008-10-09,698239.9436249998,698239.9436249998,0.0,0.0
2008-10-10,698239.9436249998,698239.9436249998,0.0,0.0
2008-10-13,709546.1552999999,298186.65529999987,411359.5,0.579750164139886
2008-10-14,696753.5552999999,298186.65529999987,398566.9,0.5720342536729358
2008-10-15,688754.1670499998,98183.66704999987,590570.5,0.8574474438818572
2008-10-16,660207.06705,98183.66704999987,562023.4000000001,0.8512835261083869
2008-10-17,662604.4587,9.65869999986026,662594.8,0.9999854231285753
2008-10-20,688670.0586999998,9.65869999986026,688660.3999999999,0.9999859748512689
2008-10-21,687773.4587,9.65869999986026,687763.8,0.9999859565677074
2008-10-22,680777.5586999999,9.65869999986026,680767.9,0.9999858122526566
2008-10-23,683431.1586999999,9.65869999986026,683421.5,0.9999858673402917
2008-10-24,673012.8586999999,9.65869999986026,673003.2,0.9999856485654396
2008-10-27,621314.8586999999,9.65869999986026,621305.2,0.9999844544197444
2008-10-28,644428.7586999999,9.65869999986026,644419.1,0.9999850119972619
2008-10-29,630125.0586999999,9.65869999986026,630115.4,0.999984671772902
2008-10-30,639015.0586999998,9.65869999986026,639005.3999999999,0.9999848850197371
2008-10-31,628739.7586999999,9.65869999986026,628730.1,0.9999846380002755
2008-11-03,660428.4356499998,9.65869999986026,660418.7769499999,0.9999853750997405
2008-11-04,654752.4356499999,9.65869999986026,654742.77695,0.9999852483175716
2008-11-05,662946.4356499999,9.65869999986026,662936.77695,0.9999854306479672
2008-11-06,658077.3356499999,9.65869999986026,658067.67695,0.9999853228496459
2008-11-07,661307.6356499998,9.65869999986026,661297.9769499999,0.9999853945433574
2008-11-10,677461.3863499998,277337.50939999986,400123.87694999995,0.5906224103867703
2008-11-11,677461.3863499998,277337.50939999986,400123.87694999995,0.5906224103867703
2008-11-12,677461.3863499998,277337.50939999986,400123.87694999995,0.5906224103867703
2008-11-13,677461.3863499998,277337.50939999986,400123.87694999995,0.5906224103867703
2008-11-14,677461.3863499998,277337.50939999986,400123.87694999995,0.5906224103867703
2008-11-17,677461.3863499998,277337.50939999986,400123.87694999995,0.5906224103867703
2008-11-18,660856.8055999998,660856.8055999998,0.0,0.0
2008-11-19,660856.8055999998,660856.8055999998,0.0,0.0
2008-11-20,660856.8055999998,660856.8055999998,0.0,0.0
2008-11-21,660856.8055999998,660856.8055999998,0.0,0.0
2008-11-24,660856.8055999998,660856.8055999998,0.0,0.0
2008-11-25,660856.8055999998,660856.8055999998,0.0,0.0
2008-11-26,660856.8055999998,660856.8055999998,0.0,0.0
2008-11-27,660856.8055999998,660856.8055999998,0.0,0.0
2008-11-28,660856.8055999998,660856.8055999998,0.0,0.0
2008-12-01,660856.8055999998,660856.8055999998,0.0,0.0
2008-12-02,660856.8055999998,660856.8055999998,0.0,0.0
2008-12-03,660856.8055999998,660856.8055999998,0.0,0.0
2008-12-04,660856.8055999998,660856.8055999998,0.0,0.0
2008-12-05,660856.8055999998,660856.8055999998,0.0,0.0
2008-12-08,660856.8055999998,660856.8055999998,0.0,0.0
2008-12-09,660856.8055999998,660856.8055999998,0.0,0.0
2008-12-10,660856.8055999998,660856.8055999998,0.0,0.0
2008-12-11,660856.8055999998,660856.8055999998,0.0,0.0
2008-12-12,660856.8055999998,660856.8055999998,0.0,0.0
2008-12-15,660856.8055999998,660856.8055999998,0.0,0.0
2008-12-16,660856.8055999998,660856.8055999998,0.0,0.0
2008-12-17,660856.8055999998,660856.8055999998,0.0,0.0
2008-12-18,660856.8055999998,660856.8055999998,0.0,0.0
2008-12-19,660856.8055999998,660856.8055999998,0.0,0.0
2008-12-22,660856.8055999998,660856.8055999998,0.0,0.0
2008-12-23,660856.8055999998,660856.8055999998,0.0,0.0
2008-12-24,660856.8055999998,660856.8055999998,0.0,0.0
2008-12-25,660856.8055999998,660856.8055999998,0.0,0.0
2008-12-26,660856.8055999998,660856.8055999998,0.0,0.0
2008-12-29,660856.8055999998,660856.8055999998,0.0,0.0
2008-12-30,660856.8055999998,660856.8055999998,0.0,0.0
2008-12-31,660856.8055999998,660856.8055999998,0.0,0.0
2009-01-05,660856.8055999998,660856.8055999998,0.0,0.0
2009-01-06,660856.8055999998,660856.8055999998,0.0,0.0
2009-01-07,660856.8055999998,660856.8055999998,0.0,0.0
2009-01-08,660856.8055999998,660856.8055999998,0.0,0.0
2009-01-09,660856.8055999998,660856.8055999998,0.0,0.0
2009-01-12,660856.8055999998,660856.8055999998,0.0,0.0
2009-01-13,660856.8055999998,660856.8055999998,0.0,0.0
2009-01-14,660856.8055999998,660856.8055999998,0.0,0.0
2009-01-15,660856.8055999998,660856.8055999998,0.0,0.0
2009-01-16,660856.8055999998,660856.8055999998,0.0,0.0
2009-01-19,660856.8055999998,660856.8055999998,0.0,0.0
2009-01-20,660856.8055999998,660856.8055999998,0.0,0.0
2009-01-21,660856.8055999998,660856.8055999998,0.0,0.0
2009-01-22,660856.8055999998,660856.8055999998,0.0,0.0
2009-01-23,660856.8055999998,660856.8055999998,0.0,0.0
2009-02-02,660856.8055999998,660856.8055999998,0.0,0.0
2009-02-03,660856.8055999998,660856.8055999998,0.0,0.0
2009-02-04,660856.8055999998,660856.8055999998,0.0,0.0
2009-02-05,660856.8055999998,660856.8055999998,0.0,0.0
2009-02-06,660856.8055999998,660856.8055999998,0.0,0.0
2009-02-09,660856.8055999998,660856.8055999998,0.0,0.0
2009-02-10,660856.8055999998,660856.8055999998,0.0,0.0
2009-02-11,660856.8055999998,660856.8055999998,0.0,0.0
2009-02-12,660856.8055999998,660856.8055999998,0.0,0.0
2009-02-13,660856.8055999998,660856.8055999998,0.0,0.0
2009-02-16,660856.8055999998,660856.8055999998,0.0,0.0
2009-02-17,660856.8055999998,660856.8055999998,0.0,0.0
2009-02-18,660856.8055999998,660856.8055999998,0.0,0.0
2009-02-19,660856.8055999998,660856.8055999998,0.0,0.0
2009-02-20,660856.8055999998,660856.8055999998,0.0,0.0
2009-02-23,660856.8055999998,660856.8055999998,0.0,0.0
2009-02-24,660856.8055999998,660856.8055999998,0.0,0.0
2009-02-25,660856.8055999998,660856.8055999998,0.0,0.0
2009-02-26,660856.8055999998,660856.8055999998,0.0,0.0
2009-02-27,660856.8055999998,660856.8055999998,0.0,0.0
2009-03-02,660856.8055999998,660856.8055999998,0.0,0.0
2009-03-03,660856.8055999998,660856.8055999998,0.0,0.0
2009-03-04,660856.8055999998,660856.8055999998,0.0,0.0
2009-03-05,660856.8055999998,660856.8055999998,0.0,0.0
2009-03-06,660856.8055999998,660856.8055999998,0.0,0.0
2009-03-09,660856.8055999998,660856.8055999998,0.0,0.0
2009-03-10,660856.8055999998,660856.8055999998,0.0,0.0
2009-03-11,660856.8055999998,660856.8055999998,0.0,0.0
2009-03-12,660856.8055999998,660856.8055999998,0.0,0.0
2009-03-13,660856.8055999998,660856.8055999998,0.0,0.0
2009-03-16,660856.8055999998,660856.8055999998,0.0,0.0
2009-03-17,660856.8055999998,660856.8055999998,0.0,0.0
2009-03-18,660856.8055999998,660856.8055999998,0.0,0.0
2009-03-19,660856.8055999998,660856.8055999998,0.0,0.0
2009-03-20,660856.8055999998,660856.8055999998,0.0,0.0
2009-03-23,660856.8055999998,660856.8055999998,0.0,0.0
2009-03-24,660856.8055999998,660856.8055999998,0.0,0.0
2009-03-25,660856.8055999998,660856.8055999998,0.0,0.0
2009-03-26,660856.8055999998,660856.8055999998,0.0,0.0
2009-03-27,660856.8055999998,660856.8055999998,0.0,0.0
2009-03-30,660856.8055999998,660856.8055999998,0.0,0.0
2009-03-31,660856.8055999998,660856.8055999998,0.0,0.0
2009-04-01,660856.8055999998,660856.8055999998,0.0,0.0
2009-04-02,660856.8055999998,660856.8055999998,0.0,0.0
2009-04-03,660856.8055999998,660856.8055999998,0.0,0.0
2009-04-07,660856.8055999998,660856.8055999998,0.0,0.0
2009-04-08,660856.8055999998,660856.8055999998,0.0,0.0
2009-04-09,660856.8055999998,660856.8055999998,0.0,0.0
2009-04-10,660856.8055999998,660856.8055999998,0.0,0.0
2009-04-13,660856.8055999998,660856.8055999998,0.0,0.0
2009-04-14,660856.8055999998,660856.8055999998,0.0,0.0
2009-04-15,660856.8055999998,660856.8055999998,0.0,0.0
2009-04-16,660856.8055999998,660856.8055999998,0.0,0.0
2009-04-17,660856.8055999998,660856.8055999998,0.0,0.0
2009-04-20,660856.8055999998,660856.8055999998,0.0,0.0
2009-04-21,660856.8055999998,660856.8055999998,0.0,0.0
2009-04-22,660856.8055999998,660856.8055999998,0.0,0.0
2009-04-23,660856.8055999998,660856.8055999998,0.0,0.0
2009-04-24,660856.8055999998,660856.8055999998,0.0,0.0
2009-04-27,660856.8055999998,660856.8055999998,0.0,0.0
2009-04-28,660856.8055999998,660856.8055999998,0.0,0.0
2009-04-29,660856.8055999998,660856.8055999998,0.0,0.0
2009-04-30,660856.8055999998,660856.8055999998,0.0,0.0
2009-05-04,660856.8055999998,660856.8055999998,0.0,0.0
2009-05-05,660856.8055999998,660856.8055999998,0.0,0.0
2009-05-06,660856.8055999998,660856.8055999998,0.0,0.0
2009-05-07,660856.8055999998,660856.8055999998,0.0,0.0
2009-05-08,660856.8055999998,660856.8055999998,0.0,0.0
2009-05-11,660856.8055999998,660856.8055999998,0.0,0.0
2009-05-12,660856.8055999998,660856.8055999998,0.0,0.0
2009-05-13,660856.8055999998,660856.8055999998,0.0,0.0
2009-05-14,660856.8055999998,660856.8055999998,0.0,0.0
2009-05-15,660856.8055999998,660856.8055999998,0.0,0.0
2009-05-18,660856.8055999998,660856.8055999998,0.0,0.0
2009-05-19,660856.8055999998,660856.8055999998,0.0,0.0
2009-05-20,660856.8055999998,660856.8055999998,0.0,0.0
2009-05-21,660856.8055999998,660856.8055999998,0.0,0.0
2009-05-22,660142.4094999998,460822.40949999983,199320.0,0.3019348509224964
2009-05-25,662135.6094999998,460822.40949999983,201313.19999999995,0.3040362081598634
2009-05-26,656463.4230499999,260826.62304999985,395636.80000000005,0.6026791228699823
2009-05-27,663079.4230499999,260826.62304999985,402252.80000000005,0.6066434668561084
2009-06-01,682265.8230499999,260826.62304999985,421439.20000000007,0.6177052781509691
2009-06-02,680281.0230499998,260826.62304999985,419454.4,0.6165898882779369
2009-06-03,691528.2230499999,260826.62304999985,430701.6000000001,0.6228257728952573
2009-06-04,693513.0230499998,260826.62304999985,432686.4,0.6239052268940664
2009-06-05,692189.8230499999,260826.62304999985,431363.20000000007,0.6231862787281125
2009-06-08,693513.0230499998,260826.62304999985,432686.4,0.6239052268940664
2009-06-09,694836.2230499999,260826.62304999985,434009.6000000001,0.6246214368256519
2009-06-10,700129.0230499998,260826.62304999985,439302.4,0.6274592047137962
2009-06-11,696821.0230499998,260826.62304999985,435994.4,0.6256906516563516
2009-06-12,689543.4230499999,260826.62304999985,428716.80000000005,0.6217401046386504
2009-06-15,696159.4230499999,260826.62304999985,435332.80000000005,0.6253349241366706
2009-06-16,695497.8230499999,260826.62304999985,434671.20000000007,0.624978519837511
2009-06-17,700790.6230499998,260826.62304999985,439964.0,0.6278109117459033
2009-06-18,709391.4230499999,260826.62304999985,448564.80000000005,0.6323234048579468
2009-06-19,686129.0708499998,686129.0708499998,0.0,0.0
2009-06-22,686129.0708499998,686129.0708499998,0.0,0.0
2009-06-23,686129.0708499998,686129.0708499998,0.0,0.0
2009-06-24,686129.0708499998,686129.0708499998,0.0,0.0
2009-06-25,686129.0708499998,686129.0708499998,0.0,0.0
2009-06-26,686129.0708499998,686129.0708499998,0.0,0.0
2009-06-29,686129.0708499998,686129.0708499998,0.0,0.0
2009-06-30,686129.0708499998,686129.0708499998,0.0,0.0
2009-07-01,686129.0708499998,686129.0708499998,0.0,0.0
2009-07-02,686129.0708499998,686129.0708499998,0.0,0.0
2009-07-03,686129.0708499998,686129.0708499998,0.0,0.0
2009-07-06,686129.0708499998,686129.0708499998,0.0,0.0
2009-07-07,686129.0708499998,686129.0708499998,0.0,0.0
2009-07-08,686129.0708499998,686129.0708499998,0.0,0.0
2009-07-09,686129.0708499998,686129.0708499998,0.0,0.0
2009-07-10,686129.0708499998,686129.0708499998,0.0,0.0
2009-07-13,686129.0708499998,686129.0708499998,0.0,0.0
2009-07-14,686129.0708499998,686129.0708499998,0.0,0.0
2009-07-15,686129.0708499998,686129.0708499998,0.0,0.0
2009-07-16,686129.0708499998,686129.0708499998,0.0,0.0
2009-07-17,686129.0708499998,686129.0708499998,0.0,0.0
2009-07-20,686129.0708499998,686129.0708499998,0.0,0.0
2009-07-21,686129.0708499998,686129.0708499998,0.0,0.0
2009-07-22,686129.0708499998,686129.0708499998,0.0,0.0
2009-07-23,686129.0708499998,686129.0708499998,0.0,0.0
2009-07-24,686129.0708499998,686129.0708499998,0.0,0.0
2009-07-27,686129.0708499998,686129.0708499998,0.0,0.0
2009-07-28,686129.0708499998,686129.0708499998,0.0,0.0
2009-07-29,686129.0708499998,686129.0708499998,0.0,0.0
2009-07-30,686129.0708499998,686129.0708499998,0.0,0.0
2009-07-31,686129.0708499998,686129.0708499998,0.0,0.0
2009-08-03,686129.0708499998,686129.0708499998,0.0,0.0
2009-08-04,686129.0708499998,686129.0708499998,0.0,0.0
2009-08-05,686129.0708499998,686129.0708499998,0.0,0.0
2009-08-06,686129.0708499998,686129.0708499998,0.0,0.0
2009-08-07,686129.0708499998,686129.0708499998,0.0,0.0
2009-08-10,686129.0708499998,686129.0708499998,0.0,0.0
2009-08-11,686129.0708499998,686129.0708499998,0.0,0.0
2009-08-12,686129.0708499998,686129.0708499998,0.0,0.0
2009-08-13,693882.4497249998,86294.64972499982,607587.8,0.8756350592824473
2009-08-14,678514.6497249998,86294.64972499982,592220.0,0.8728182954340414
2009-08-17,638197.0609499998,23.060949999809964,638174.0,0.999963865471324
2009-08-18,642799.9609499997,23.060949999809964,642776.8999999999,0.9999641242199739
2009-08-19,610384.0609499998,23.060949999809964,610361.0,0.9999622189511896
2009-08-20,639811.3609499999,23.060949999809964,639788.3,0.999963956641899
2009-08-21,649599.1609499998,23.060949999809964,649576.1,0.9999644997232353
2009-08-24,654557.1609499998,23.060949999809964,654534.1,0.9999647686231614
2009-08-25,631011.6609499998,23.060949999809964,630988.6,0.999963454003425
2009-08-26,646203.4609499999,23.060949999809964,646180.4,0.9999643131747299
2009-08-27,639777.5609499998,23.060949999809964,639754.5,0.9999639547376973
2009-08-28,618904.2609499998,23.060949999809964,618881.2,0.9999627390673245
2009-08-31,570576.5609499998,23.060949999809964,570553.5,0.9999595830751241
2009-09-01,577956.3609499999,23.060949999809964,577933.3,0.9999600991501124
2009-09-02,585884.1609499998,23.060949999809964,585861.1,0.9999606390622295
2009-09-03,620962.6609499998,23.060949999809964,620939.6,0.9999628625818426
2009-09-04,625650.2609499998,23.060949999809964,625627.2,0.9999631408289276
2009-09-07,633499.8739749999,453457.5739749999,180042.3,0.2842025821888405
2009-09-08,636243.6660249999,636243.6660249999,0.0,0.0
2009-09-09,636243.6660249999,636243.6660249999,0.0,0.0
2009-09-10,636243.6660249999,636243.6660249999,0.0,0.0
2009-09-11,636243.6660249999,636243.6660249999,0.0,0.0
2009-09-14,636243.6660249999,636243.6660249999,0.0,0.0
2009-09-15,636243.6660249999,636243.6660249999,0.0,0.0
2009-09-16,636243.6660249999,636243.6660249999,0.0,0.0
2009-09-17,636243.6660249999,636243.6660249999,0.0,0.0
2009-09-18,636243.6660249999,636243.6660249999,0.0,0.0
2009-09-21,636243.6660249999,636243.6660249999,0.0,0.0
2009-09-22,636243.6660249999,636243.6660249999,0.0,0.0
2009-09-23,636243.6660249999,636243.6660249999,0.0,0.0
2009-09-24,636243.6660249999,636243.6660249999,0.0,0.0
2009-09-25,636243.6660249999,636243.6660249999,0.0,0.0
2009-09-28,636243.6660249999,636243.6660249999,0.0,0.0
2009-09-29,636243.6660249999,636243.6660249999,0.0,0.0
2009-09-30,636243.6660249999,636243.6660249999,0.0,0.0
2009-10-09,636243.6660249999,636243.6660249999,0.0,0.0
2009-10-12,636243.6660249999,636243.6660249999,0.0,0.0
2009-10-13,636243.6660249999,636243.6660249999,0.0,0.0
2009-10-14,636243.6660249999,636243.6660249999,0.0,0.0
2009-10-15,636243.6660249999,636243.6660249999,0.0,0.0
2009-10-16,636243.6660249999,636243.6660249999,0.0,0.0
2009-10-19,636243.6660249999,636243.6660249999,0.0,0.0
2009-10-20,636243.6660249999,636243.6660249999,0.0,0.0
2009-10-21,636243.6660249999,636243.6660249999,0.0,0.0
2009-10-22,636243.6660249999,636243.6660249999,0.0,0.0
2009-10-23,636243.6660249999,636243.6660249999,0.0,0.0
2009-10-26,636243.6660249999,636243.6660249999,0.0,0.0
2009-10-27,636243.6660249999,636243.6660249999,0.0,0.0
2009-10-28,636243.6660249999,636243.6660249999,0.0,0.0
2009-10-29,636243.6660249999,636243.6660249999,0.0,0.0
2009-10-30,636243.6660249999,636243.6660249999,0.0,0.0
2009-11-02,636243.6660249999,636243.6660249999,0.0,0.0
2009-11-03,636243.6660249999,636243.6660249999,0.0,0.0
2009-11-04,636243.6660249999,636243.6660249999,0.0,0.0
2009-11-05,636243.6660249999,636243.6660249999,0.0,0.0
2009-11-06,636243.6660249999,636243.6660249999,0.0,0.0
2009-11-09,636243.6660249999,636243.6660249999,0.0,0.0
2009-11-10,636243.6660249999,636243.6660249999,0.0,0.0
2009-11-11,636243.6660249999,636243.6660249999,0.0,0.0
2009-11-12,636243.6660249999,636243.6660249999,0.0,0.0
2009-11-13,636243.6660249999,636243.6660249999,0.0,0.0
2009-11-16,636243.6660249999,636243.6660249999,0.0,0.0
2009-11-17,636243.6660249999,636243.6660249999,0.0,0.0
2009-11-18,636243.6660249999,636243.6660249999,0.0,0.0
2009-11-19,636243.6660249999,636243.6660249999,0.0,0.0
2009-11-20,636243.6660249999,636243.6660249999,0.0,0.0
2009-11-23,636243.6660249999,636243.6660249999,0.0,0.0
2009-11-24,636243.6660249999,636243.6660249999,0.0,0.0
2009-11-25,636243.6660249999,636243.6660249999,0.0,0.0
2009-11-26,636243.6660249999,636243.6660249999,0.0,0.0
2009-11-27,636243.6660249999,636243.6660249999,0.0,0.0
2009-11-30,639567.968775,436204.6687749999,203363.30000000005,0.3179698013793797
2009-12-01,641378.5687749999,436204.6687749999,205173.90000000002,0.31989516018889064
2009-12-02,643271.468775,436204.6687749999,207066.80000000005,0.32189644660336514
2009-12-03,641954.6687749999,436204.6687749999,205750.0,0.32050549673954276
2009-12-04,644783.0111499999,644783.0111499999,0.0,0.0
2009-12-07,644783.0111499999,644783.0111499999,0.0,0.0
2009-12-08,644783.0111499999,644783.0111499999,0.0,0.0
2009-12-09,644783.0111499999,644783.0111499999,0.0,0.0
2009-12-10,644783.0111499999,644783.0111499999,0.0,0.0
2009-12-11,644783.0111499999,644783.0111499999,0.0,0.0
2009-12-14,644783.0111499999,644783.0111499999,0.0,0.0
2009-12-15,644783.0111499999,644783.0111499999,0.0,0.0
2009-12-16,644783.0111499999,644783.0111499999,0.0,0.0
2009-12-17,644783.0111499999,644783.0111499999,0.0,0.0
2009-12-18,644783.0111499999,644783.0111499999,0.0,0.0
2009-12-21,645768.8029999998,245050.50299999988,400718.29999999993,0.6205290471425886
2009-12-22,636388.9029999999,245050.50299999988,391338.4,0.6149359270018573
2009-12-23,640070.9241249998,53.724124999846396,640017.2,0.9999160653562364
2009-12-24,660011.2241249998,53.724124999846396,659957.5,0.9999186011948947
2009-12-25,656242.6241249999,53.724124999846396,656188.9,0.999918133746537
2009-12-28,667463.7241249998,53.724124999846396,667410.0,0.9999195100451784
2009-12-29,672091.2241249998,53.724124999846396,672037.5,0.9999200642367116
2009-12-30,673675.9764499998,673675.9764499998,0.0,0.0
2009-12-31,673675.9764499998,673675.9764499998,0.0,0.0
2010-01-04,673675.9764499998,673675.9764499998,0.0,0.0
2010-01-05,673675.9764499998,673675.9764499998,0.0,0.0
2010-01-06,673675.9764499998,673675.9764499998,0.0,0.0
2010-01-07,673675.9764499998,673675.9764499998,0.0,0.0
2010-01-08,673675.9764499998,673675.9764499998,0.0,0.0
2010-01-11,673675.9764499998,673675.9764499998,0.0,0.0
2010-01-12,673675.9764499998,673675.9764499998,0.0,0.0
2010-01-13,673675.9764499998,673675.9764499998,0.0,0.0
2010-01-14,673675.9764499998,673675.9764499998,0.0,0.0
2010-01-15,673675.9764499998,673675.9764499998,0.0,0.0
2010-01-18,673675.9764499998,673675.9764499998,0.0,0.0
2010-01-19,673675.9764499998,673675.9764499998,0.0,0.0
2010-01-20,673675.9764499998,673675.9764499998,0.0,0.0
2010-01-21,673675.9764499998,673675.9764499998,0.0,0.0
2010-01-22,673675.9764499998,673675.9764499998,0.0,0.0
2010-01-25,673115.0517499999,473927.2517499998,199187.80000000005,0.2959193966650146
2010-01-26,657079.6256249999,74122.82562499982,582956.8,0.8871935413390792
2010-01-27,650453.8152499999,62.81524999982503,650391.0,0.9999034285778219
2010-01-28,651993.0152499998,62.81524999982503,651930.2,0.9999036565599161
2010-01-29,651565.4152499998,62.81524999982503,651502.6,0.9999035933330259
2010-02-01,641619.7152499998,62.81524999982503,641556.8999999999,0.9999020989403741
2010-02-02,639850.7152499999,62.81524999982503,639787.9,0.9999018282725912
2010-02-03,657904.3152499999,62.81524999982503,657841.5,0.9999045222100785
2010-02-04,654460.3152499999,62.81524999982503,654397.5,0.9999040197724198
2010-02-05,640560.7152499999,62.81524999982503,640497.9,0.9999019370865174
2010-02-08,641913.91525,62.81524999982503,641851.1000000001,0.9999021438100849
2010-02-09,644034.1152499999,62.81524999982503,643971.3,0.999902465958693
2010-02-10,653540.3152499999,62.81524999982503,653477.5,0.9999038846593942
2010-02-11,654046.3152499999,62.81524999982503,653983.5,0.9999039590185966
2010-02-12,660316.8391499999,273498.83914999984,386818.00000000006,0.5858066568436082
2010-02-22,660984.9433999999,660984.9433999999,0.0,0.0
2010-02-23,660984.9433999999,660984.9433999999,0.0,0.0
2010-02-24,660984.9433999999,660984.9433999999,0.0,0.0
2010-02-25,660984.9433999999,660984.9433999999,0.0,0.0
2010-02-26,660984.9433999999,660984.9433999999,0.0,0.0
2010-03-01,660984.9433999999,660984.9433999999,0.0,0.0
2010-03-02,660984.9433999999,660984.9433999999,0.0,0.0
2010-03-03,660984.9433999999,660984.9433999999,0.0,0.0
2010-03-04,660984.9433999999,660984.9433999999,0.0,0.0
2010-03-05,660984.9433999999,660984.9433999999,0.0,0.0
2010-03-08,660984.9433999999,660984.9433999999,0.0,0.0
2010-03-09,660984.9433999999,660984.9433999999,0.0,0.0
2010-03-10,660984.9433999999,660984.9433999999,0.0,0.0
2010-03-11,660984.9433999999,660984.9433999999,0.0,0.0
2010-03-12,660984.9433999999,660984.9433999999,0.0,0.0
2010-03-15,660984.9433999999,660984.9433999999,0.0,0.0
2010-03-16,660984.9433999999,660984.9433999999,0.0,0.0
2010-03-17,660984.9433999999,660984.9433999999,0.0,0.0
2010-03-18,660984.9433999999,660984.9433999999,0.0,0.0
2010-03-19,660984.9433999999,660984.9433999999,0.0,0.0
2010-03-22,660984.9433999999,660984.9433999999,0.0,0.0
2010-03-23,660984.9433999999,660984.9433999999,0.0,0.0
2010-03-24,660984.9433999999,660984.9433999999,0.0,0.0
2010-03-25,660984.9433999999,660984.9433999999,0.0,0.0
2010-03-26,660984.9433999999,660984.9433999999,0.0,0.0
2010-03-29,660984.9433999999,660984.9433999999,0.0,0.0
2010-03-30,660984.9433999999,660984.9433999999,0.0,0.0
2010-03-31,660984.9433999999,660984.9433999999,0.0,0.0
2010-04-01,660984.9433999999,660984.9433999999,0.0,0.0
2010-04-02,660984.9433999999,660984.9433999999,0.0,0.0
2010-04-06,660984.9433999999,660984.9433999999,0.0,0.0
2010-04-07,660984.9433999999,660984.9433999999,0.0,0.0
2010-04-08,660984.9433999999,660984.9433999999,0.0,0.0
2010-04-09,660984.9433999999,660984.9433999999,0.0,0.0
2010-04-12,660984.9433999999,660984.9433999999,0.0,0.0
2010-04-13,660984.9433999999,660984.9433999999,0.0,0.0
2010-04-14,660984.9433999999,660984.9433999999,0.0,0.0
2010-04-15,660984.9433999999,660984.9433999999,0.0,0.0
2010-04-16,660984.9433999999,660984.9433999999,0.0,0.0
2010-04-19,660984.9433999999,660984.9433999999,0.0,0.0
2010-04-20,656234.1384749999,61215.33847499982,595018.8,0.9067172295893412
2010-04-21,667669.2384749998,61215.33847499982,606453.8999999999,0.9083148736718503
2010-04-22,659035.1384749997,61215.33847499982,597819.7999999998,0.9071136956116611
2010-04-23,655528.6771749998,154.87717499981954,655373.8,0.9997637369952033
2010-04-26,651253.6771749998,154.87717499981954,651098.8,0.9997621861028537
2010-04-27,638242.8771749998,154.87717499981954,638088.0,0.9997573381849786
2010-04-28,636229.3771749998,18.877174999819545,636210.5,0.999970329608036
2010-04-29,630370.9771749998,18.877174999819545,630352.1,0.9999700538640208
2010-04-30,635123.9771749998,18.877174999819545,635105.1,0.9999702779682736
2010-05-04,625945.4771749998,18.877174999819545,625926.6,0.999969842141707
2010-05-05,629159.1771749998,18.877174999819545,629140.3,0.9999699961858864
2010-05-06,600427.2771749998,18.877174999819545,600408.4,0.9999685604306843
2010-05-07,590423.2771749998,18.877174999819545,590404.4,0.9999680277256511
2010-05-10,594274.7771749998,18.877174999819545,594255.9,0.9999682349382393
2010-05-11,582589.6771749998,18.877174999819545,582570.8,0.9999675978210062
2010-05-12,589218.7771749998,18.877174999819545,589199.9,0.9999679623668982
2010-05-13,601871.7771749998,18.877174999819545,601852.9,0.9999686358860547
2010-05-14,596846.2771749998,18.877174999819545,596827.4,0.9999683717973594
2010-05-17,567114.4771749998,18.877174999819545,567095.6,0.9999667136429071
2010-05-18,579153.8771749998,18.877174999819545,579135.0,0.9999674055967788
2010-05-19,576606.9771749998,18.877174999819545,576588.1,0.9999672616257745
2010-05-20,569034.8771749998,18.877174999819545,569016.0,0.999966825978939
2010-05-21,577807.0771749998,18.877174999819545,577788.2,0.9999673296230775
2010-05-24,601244.0705749998,363154.4705749998,238089.59999999998,0.3959949239454503
2010-05-25,594984.7705749999,363154.4705749998,231830.30000000005,0.389640729418934
2010-05-26,595102.8705749998,363154.4705749998,231948.40000000002,0.38976185709856687
2010-05-27,598645.8705749998,363154.4705749998,235491.40000000002,0.39337346430504955
2010-05-28,599531.5615249998,599531.5615249998,0.0,0.0
2010-05-31,599531.5615249998,599531.5615249998,0.0,0.0
2010-06-01,599531.5615249998,599531.5615249998,0.0,0.0
2010-06-02,599531.5615249998,599531.5615249998,0.0,0.0
2010-06-03,599531.5615249998,599531.5615249998,0.0,0.0
2010-06-04,599531.5615249998,599531.5615249998,0.0,0.0
2010-06-07,599531.5615249998,599531.5615249998,0.0,0.0
2010-06-08,598832.3137749997,199640.6137749998,399191.6999999999,0.6666168321537653
2010-06-09,611130.0137749999,199640.6137749998,411489.4000000001,0.6733254638537495
2010-06-10,605894.1137749997,199640.6137749998,406253.49999999994,0.6705024702564831
2010-06-11,607987.8137749997,199640.6137749998,408347.1999999999,0.6716371459233202
2010-06-17,606247.2137749998,199640.6137749998,406606.60000000003,0.6706943813698192
2010-06-18,602422.6137749997,199640.6137749998,402781.99999999994,0.6686037190337545
2010-06-21,611805.2414249998,405478.5414249998,206326.69999999995,0.337242452384732
2010-06-22,611420.8414249998,405478.5414249998,205942.29999999993,0.336825777021312
2010-06-23,609498.8414249999,405478.5414249998,204020.30000000005,0.33473451651360553
2010-06-24,611177.2038999998,611177.2038999998,0.0,0.0
2010-06-25,611177.2038999998,611177.2038999998,0.0,0.0
2010-06-28,611177.2038999998,611177.2038999998,0.0,0.0
2010-06-29,611177.2038999998,611177.2038999998,0.0,0.0
2010-06-30,606091.4665499998,11277.866549999802,594813.6,0.9813924676844639
2010-07-01,597644.1665499998,11277.866549999802,586366.3,0.9811294626782636
2010-07-02,595365.3665499998,9.666549999801646,595355.7,0.9999837636675847
2010-07-05,593013.6665499998,9.666549999801646,593004.0,0.9999836992795528
2010-07-06,606955.0665499999,9.666549999801646,606945.4,0.99998407369749
2010-07-07,612709.8665499999,9.666549999801646,612700.2000000001,0.9999842232832739
2010-07-08,611173.1665499998,9.666549999801646,611163.5,0.9999841836151702
2010-07-09,630329.8365999998,205278.1365999998,425051.7,0.67433219136941
2010-07-12,631195.8968499999,424982.19684999983,206213.70000000007,0.32670316937913424
2010-07-13,629544.7968499998,424982.19684999983,204562.59999999998,0.3249373214162878
2010-07-14,631404.9782499998,631404.9782499998,0.0,0.0
2010-07-15,631404.9782499998,631404.9782499998,0.0,0.0
2010-07-16,631404.9782499998,631404.9782499998,0.0,0.0
2010-07-19,631404.9782499998,631404.9782499998,0.0,0.0
2010-07-20,631404.9782499998,631404.9782499998,0.0,0.0
2010-07-21,631404.9782499998,631404.9782499998,0.0,0.0
2010-07-22,631404.9782499998,631404.9782499998,0.0,0.0
2010-07-23,631404.9782499998,631404.9782499998,0.0,0.0
2010-07-26,631404.9782499998,631404.9782499998,0.0,0.0
2010-07-27,631404.9782499998,631404.9782499998,0.0,0.0
2010-07-28,631404.9782499998,631404.9782499998,0.0,0.0
2010-07-29,631404.9782499998,631404.9782499998,0.0,0.0
2010-07-30,631404.9782499998,631404.9782499998,0.0,0.0
2010-08-02,631404.9782499998,631404.9782499998,0.0,0.0
2010-08-03,631404.9782499998,631404.9782499998,0.0,0.0
2010-08-04,631404.9782499998,631404.9782499998,0.0,0.0
2010-08-05,631404.9782499998,631404.9782499998,0.0,0.0
2010-08-06,631404.9782499998,631404.9782499998,0.0,0.0
2010-08-09,631404.9782499998,631404.9782499998,0.0,0.0
2010-08-10,631404.9782499998,631404.9782499998,0.0,0.0
2010-08-11,631404.9782499998,631404.9782499998,0.0,0.0
2010-08-12,631404.9782499998,631404.9782499998,0.0,0.0
2010-08-13,631404.9782499998,631404.9782499998,0.0,0.0
2010-08-16,631404.9782499998,631404.9782499998,0.0,0.0
2010-08-17,631404.9782499998,631404.9782499998,0.0,0.0
2010-08-18,631404.9782499998,631404.9782499998,0.0,0.0
2010-08-19,631404.9782499998,631404.9782499998,0.0,0.0
2010-08-20,631404.9782499998,631404.9782499998,0.0,0.0
2010-08-23,631404.9782499998,631404.9782499998,0.0,0.0
2010-08-24,631404.9782499998,631404.9782499998,0.0,0.0
2010-08-25,631404.9782499998,631404.9782499998,0.0,0.0
2010-08-26,631355.0113749998,431487.51137499977,199867.5,0.316569119432057
2010-08-27,632205.5113749998,431487.51137499977,200718.0,0.3174885324290409
2010-08-30,635135.0113749998,431487.51137499977,203647.5,0.32063655183978096
2010-08-31,633434.0113749998,431487.51137499977,201946.5,0.3188122146482682
2010-09-01,635273.0522499997,635273.0522499997,0.0,0.0
2010-09-02,635273.0522499997,635273.0522499997,0.0,0.0
2010-09-03,635273.0522499997,635273.0522499997,0.0,0.0
2010-09-06,635273.0522499997,635273.0522499997,0.0,0.0
2010-09-07,635273.0522499997,635273.0522499997,0.0,0.0
2010-09-08,635273.0522499997,635273.0522499997,0.0,0.0
2010-09-09,635273.0522499997,635273.0522499997,0.0,0.0
2010-09-10,635273.0522499997,635273.0522499997,0.0,0.0
2010-09-13,635273.0522499997,635273.0522499997,0.0,0.0
2010-09-14,635273.0522499997,635273.0522499997,0.0,0.0
2010-09-15,635273.0522499997,635273.0522499997,0.0,0.0
2010-09-16,635273.0522499997,635273.0522499997,0.0,0.0
2010-09-17,632992.2622749996,235213.16227499966,397779.1,0.6284106832054565
2010-09-20,633910.8622749997,235213.16227499966,398697.70000000007,0.6289491531492943
2010-09-21,634111.7622749996,235213.16227499966,398898.6,0.6290667098949142
2010-09-27,637517.3622749996,235213.16227499966,402304.19999999995,0.6310482252034133
2010-09-28,633719.6622749997,235213.16227499966,398506.5,0.6288372031402586
2010-09-29,634829.4622749996,235213.16227499966,399616.29999999993,0.6294860647581153
2010-09-30,642001.1444249996,439233.5444249996,202767.59999999998,0.31583682016892084
2010-10-08,642810.6374249996,642810.6374249996,0.0,0.0
2010-10-11,642810.6374249996,642810.6374249996,0.0,0.0
2010-10-12,642810.6374249996,642810.6374249996,0.0,0.0
2010-10-13,642810.6374249996,642810.6374249996,0.0,0.0
2010-10-14,642810.6374249996,642810.6374249996,0.0,0.0
2010-10-15,642810.6374249996,642810.6374249996,0.0,0.0
2010-10-18,642810.6374249996,642810.6374249996,0.0,0.0
2010-10-19,642810.6374249996,642810.6374249996,0.0,0.0
2010-10-20,642810.6374249996,642810.6374249996,0.0,0.0
2010-10-21,642810.6374249996,642810.6374249996,0.0,0.0
2010-10-22,642810.6374249996,642810.6374249996,0.0,0.0
2010-10-25,642810.6374249996,642810.6374249996,0.0,0.0
2010-10-26,642810.6374249996,642810.6374249996,0.0,0.0
2010-10-27,642810.6374249996,642810.6374249996,0.0,0.0
2010-10-28,642810.6374249996,642810.6374249996,0.0,0.0
2010-10-29,642810.6374249996,642810.6374249996,0.0,0.0
2010-11-01,642810.6374249996,642810.6374249996,0.0,0.0
2010-11-02,642810.6374249996,642810.6374249996,0.0,0.0
2010-11-03,642810.6374249996,642810.6374249996,0.0,0.0
2010-11-04,642810.6374249996,642810.6374249996,0.0,0.0
2010-11-05,642810.6374249996,642810.6374249996,0.0,0.0
2010-11-08,642810.6374249996,642810.6374249996,0.0,0.0
2010-11-09,642810.6374249996,642810.6374249996,0.0,0.0
2010-11-10,642810.6374249996,642810.6374249996,0.0,0.0
2010-11-11,642810.6374249996,642810.6374249996,0.0,0.0
2010-11-12,642810.6374249996,642810.6374249996,0.0,0.0
2010-11-15,641655.9788999996,42826.578899999615,598829.4,0.9332561679337612
2010-11-16,613282.2788999997,42826.578899999615,570455.7000000001,0.9301682432813572
2010-11-17,604910.5075999995,59.80759999961592,604850.7,0.9999011298378054
2010-11-18,611841.0075999997,59.80759999961592,611781.2000000001,0.9999022497687198
2010-11-19,618336.8075999996,59.80759999961592,618277.0,0.9999032766620642
2010-11-22,612648.5075999995,59.80759999961592,612588.7,0.9999023786081943
2010-11-23,600196.7075999996,59.80759999961592,600136.9,0.9999003533354277
2010-11-24,613767.0075999995,59.80759999961592,613707.2,0.9999025565088071
2010-11-25,622900.8075999996,59.80759999961592,622841.0,0.9999039853548592
2010-11-26,618668.0075999995,59.80759999961592,618608.2,0.9999033284422907
2010-11-29,615689.5075999995,59.80759999961592,615629.7,0.9999028607776138
2010-11-30,606760.8075999996,59.80759999961592,606701.0,0.9999014313395814
2010-12-01,606669.5075999997,59.80759999961592,606609.7000000001,0.9999014165056092
2010-12-02,610984.8075999996,59.80759999961592,610925.0,0.9999021127870028
2010-12-03,613590.1075999995,59.80759999961592,613530.2999999999,0.9999025284155354
2010-12-06,618746.4167999997,197573.61679999964,421172.80000000005,0.6806872550118342
2010-12-07,623168.3914999997,623168.3914999997,0.0,0.0
2010-12-08,623168.3914999997,623168.3914999997,0.0,0.0
2010-12-09,623168.3914999997,623168.3914999997,0.0,0.0
2010-12-10,623168.3914999997,623168.3914999997,0.0,0.0
2010-12-13,623168.3914999997,623168.3914999997,0.0,0.0
2010-12-14,623168.3914999997,623168.3914999997,0.0,0.0
2010-12-15,623168.3914999997,623168.3914999997,0.0,0.0
2010-12-16,623168.3914999997,623168.3914999997,0.0,0.0
2010-12-17,623168.3914999997,623168.3914999997,0.0,0.0
2010-12-20,623168.3914999997,623168.3914999997,0.0,0.0
2010-12-21,623168.3914999997,623168.3914999997,0.0,0.0
2010-12-22,623168.3914999997,623168.3914999997,0.0,0.0
2010-12-23,623168.3914999997,623168.3914999997,0.0,0.0
2010-12-24,623168.3914999997,623168.3914999997,0.0,0.0
2010-12-27,623168.3914999997,623168.3914999997,0.0,0.0
2010-12-28,620432.9477499996,423343.44774999964,197089.49999999994,0.3176644643305052
2010-12-29,625867.4779499996,23364.27794999967,602503.2,0.9626689694333882
2010-12-30,627582.0779499997,23364.27794999967,604217.8,0.9627709605310604
2010-12-31,640916.8779499998,23364.27794999967,617552.6000000001,0.9635455411554594
2011-01-04,647885.9084999997,647885.9084999997,0.0,0.0
2011-01-05,647885.9084999997,647885.9084999997,0.0,0.0
2011-01-06,647885.9084999997,647885.9084999997,0.0,0.0
2011-01-07,647885.9084999997,647885.9084999997,0.0,0.0
2011-01-10,647885.9084999997,647885.9084999997,0.0,0.0
2011-01-11,647885.9084999997,647885.9084999997,0.0,0.0
2011-01-12,647885.9084999997,647885.9084999997,0.0,0.0
2011-01-13,647885.9084999997,647885.9084999997,0.0,0.0
2011-01-14,647885.9084999997,647885.9084999997,0.0,0.0
2011-01-17,647885.9084999997,647885.9084999997,0.0,0.0
2011-01-18,649526.7402499998,47862.940249999694,601663.8,0.926311054982005
2011-01-19,663082.9402499998,47862.940249999694,615220.0,0.927817566484286
2011-01-20,642077.7402499998,47862.940249999694,594214.8,0.9254561601351203
2011-01-21,649220.8206499997,17.420649999691534,649203.4,0.9999731668340793
2011-01-24,642755.6206499996,17.420649999691534,642738.2,0.999972896930902
2011-01-25,641844.4206499996,17.420649999691534,641827.0,0.9999728584537948
2011-01-26,648812.2206499997,17.420649999691534,648794.8,0.9999731499354587
2011-01-27,658112.0206499996,17.420649999691534,658094.6,0.9999735293544973
2011-01-28,660163.6206499996,17.420649999691534,660146.2,0.9999736116177039
2011-01-31,664809.6857999997,458842.08579999977,205967.59999999998,0.3098143790612024
2011-02-01,665022.5277999998,665022.5277999998,0.0,0.0
2011-02-09,665022.5277999998,665022.5277999998,0.0,0.0
2011-02-10,665022.5277999998,665022.5277999998,0.0,0.0
2011-02-11,665022.5277999998,665022.5277999998,0.0,0.0
2011-02-14,665022.5277999998,665022.5277999998,0.0,0.0
2011-02-15,665022.5277999998,665022.5277999998,0.0,0.0
2011-02-16,665022.5277999998,665022.5277999998,0.0,0.0
2011-02-17,665022.5277999998,665022.5277999998,0.0,0.0
2011-02-18,665022.5277999998,665022.5277999998,0.0,0.0
2011-02-21,665022.5277999998,665022.5277999998,0.0,0.0
2011-02-22,665022.5277999998,665022.5277999998,0.0,0.0
2011-02-23,665022.5277999998,665022.5277999998,0.0,0.0
2011-02-24,665022.5277999998,665022.5277999998,0.0,0.0
2011-02-25,665022.5277999998,665022.5277999998,0.0,0.0
2011-02-28,665022.5277999998,665022.5277999998,0.0,0.0
2011-03-01,665022.5277999998,665022.5277999998,0.0,0.0
2011-03-02,665022.5277999998,665022.5277999998,0.0,0.0
2011-03-03,665022.5277999998,665022.5277999998,0.0,0.0
2011-03-04,665022.5277999998,665022.5277999998,0.0,0.0
2011-03-07,665022.5277999998,665022.5277999998,0.0,0.0
2011-03-08,665022.5277999998,665022.5277999998,0.0,0.0
2011-03-09,665022.5277999998,665022.5277999998,0.0,0.0
2011-03-10,665022.5277999998,665022.5277999998,0.0,0.0
2011-03-11,665022.5277999998,665022.5277999998,0.0,0.0
2011-03-14,665022.5277999998,665022.5277999998,0.0,0.0
2011-03-15,665022.5277999998,665022.5277999998,0.0,0.0
2011-03-16,665022.5277999998,665022.5277999998,0.0,0.0
2011-03-17,665022.5277999998,665022.5277999998,0.0,0.0
2011-03-18,665022.5277999998,665022.5277999998,0.0,0.0
2011-03-21,665022.5277999998,665022.5277999998,0.0,0.0
2011-03-22,665022.5277999998,665022.5277999998,0.0,0.0
2011-03-23,665022.5277999998,665022.5277999998,0.0,0.0
2011-03-24,665022.5277999998,665022.5277999998,0.0,0.0
2011-03-25,665022.5277999998,665022.5277999998,0.0,0.0
2011-03-28,665022.5277999998,665022.5277999998,0.0,0.0
2011-03-29,665022.5277999998,665022.5277999998,0.0,0.0
2011-03-30,663320.0727249999,465152.2727249998,198167.80000000005,0.29875139943512113
2011-03-31,661865.8727249998,465152.2727249998,196713.59999999998,0.29721067078153
2011-04-01,664405.0151499998,265272.01514999976,399133.0,0.6007374882772213
2011-04-06,660548.0151499998,265272.01514999976,395276.0,0.5984061581204497
2011-04-07,665203.0151499998,265272.01514999976,399931.0,0.6012164570688509
2011-04-08,668661.0151499998,265272.01514999976,403389.0,0.6032787778266216
2011-04-11,664139.0151499998,265272.01514999976,398867.0,0.600577576232159
2011-04-12,660681.0151499998,265272.01514999976,395409.0,0.5984870019463585
2011-04-13,666533.0151499998,265272.01514999976,401261.0,0.6020121897633207
2011-04-14,665602.0151499998,265272.01514999976,400330.0,0.6014555107826436
2011-04-15,663075.0151499998,265272.01514999976,397803.0,0.5999366450416016
2011-04-18,663341.0151499998,265272.01514999976,398069.0,0.6000970705994798
2011-04-19,660016.0151499998,265272.01514999976,394744.0,0.5980824569996044
2011-04-20,660814.0151499998,265272.01514999976,395542.0,0.5985678132298918
2011-04-21,662942.0151499998,265272.01514999976,397670.0,0.5998563839855914
2011-04-22,660814.0151499998,265272.01514999976,395542.0,0.5985678132298918
2011-04-25,653233.0151499998,265272.01514999976,387961.0,0.5939090508322115
2011-04-26,648977.0151499998,265272.01514999976,383705.0,0.5912459009219506
2011-04-27,641861.7406749998,107.84067499973025,641753.9,0.9998319876880551
2011-04-28,627302.3406749998,107.84067499973025,627194.5,0.9998280881992506
2011-04-29,634590.3406749996,23.540674999730257,634566.7999999999,0.9999629041391102
2011-05-03,641725.1406749997,23.540674999730257,641701.6,0.9999633165766656
2011-05-04,627421.9406749997,23.540674999730257,627398.4,0.9999624803127312
2011-05-05,628024.1406749997,23.540674999730257,628000.6,0.9999625162896216
2011-05-06,632258.9406749997,23.540674999730257,632235.4,0.9999627673513409
2011-05-09,635312.3406749998,23.540674999730257,635288.8,0.9999629462966598
2011-05-10,637998.5406749997,23.540674999730257,637975.0,0.9999631023058849
2011-05-11,636311.9406749996,23.540674999730257,636288.3999999999,0.9999630045053457
2011-05-12,628892.3406749998,23.540674999730257,628868.8,0.9999625680367256
2011-05-13,632048.5406749997,23.540674999730257,632025.0,0.99996275495712
2011-05-16,628639.3406749996,23.540674999730257,628615.7999999999,0.999962552971988
2011-05-17,630927.3406749998,23.540674999730257,630903.8,0.9999626887701926
2011-05-18,634246.7406749997,23.540674999730257,634223.2,0.999962884042613
2011-05-19,636742.0841749997,573706.0841749997,63036.0,0.09899769713144235
2011-05-20,636374.8841749998,573706.0841749997,62668.80000000005,0.09847780224897508
2011-05-23,634192.0841749997,573706.0841749997,60486.0,0.09537488957889519
2011-05-24,635052.3515249997,232.15152499973192,634820.2,0.9996344371854663
2011-05-25,628992.6515249998,232.15152499973192,628760.5,0.9996309153621479
2011-05-26,626152.5515249998,36.051524999731924,626116.5,0.9999424237353789
2011-05-27,619061.1515249998,36.051524999731924,619025.1,0.999941764194198
2011-05-30,615230.0515249998,36.051524999731924,615194.0,0.9999414015539221
2011-05-31,625277.7515249997,36.051524999731924,625241.7,0.9999423431828306
2011-06-01,636594.3945249999,36.051524999731924,636558.3430000001,0.9999433681394152
2011-06-02,629992.9945249998,36.051524999731924,629956.943,0.9999427747208095
2011-06-03,634499.1945249998,36.051524999731924,634463.143,0.9999431811335446
2011-06-07,637642.7945249998,36.051524999731924,637606.743,0.9999434612524295
2011-06-08,637800.6945249998,36.051524999731924,637764.643,0.9999434752496991
2011-06-09,630202.9945249999,36.051524999731924,630166.9430000001,0.9999427937897583
2011-06-10,631879.7945249998,36.051524999731924,631843.743,0.9999429455961211
2011-06-13,630517.1945249998,36.051524999731924,630481.143,0.9999428222968179
2011-06-14,636650.3299999998,199444.28699999972,437206.0430000001,0.6867286835459587
2011-06-15,635079.3299999998,199444.28699999972,435635.0430000001,0.6859537421883976
2011-06-16,632251.5299999998,199444.28699999972,432807.2430000001,0.6845491429653009
2011-06-17,630366.3299999998,199444.28699999972,430922.0430000001,0.6836057423942682
2011-06-20,629737.9299999997,199444.28699999972,430293.643,0.6832900203422719
2011-06-21,632190.7139999997,3.070999999699424,632187.643,0.9999951422886613
2011-06-22,632401.1139999997,3.070999999699424,632398.0430000001,0.9999951439048229
2011-06-23,637938.8629999998,399307.21999999974,238631.64300000004,0.37406663371753246
2011-06-24,637938.8629999998,399307.21999999974,238631.64300000004,0.37406663371753246
2011-06-27,637938.8629999998,399307.21999999974,238631.64300000004,0.37406663371753246
2011-06-28,637938.8629999998,399307.21999999974,238631.64300000004,0.37406663371753246
2011-06-29,637938.8629999998,399307.21999999974,238631.64300000004,0.37406663371753246
2011-06-30,637938.8629999998,399307.21999999974,238631.64300000004,0.37406663371753246
2011-07-01,637938.8629999998,399307.21999999974,238631.64300000004,0.37406663371753246
2011-07-04,637938.8629999998,399307.21999999974,238631.64300000004,0.37406663371753246
2011-07-05,637938.8629999998,399307.21999999974,238631.64300000004,0.37406663371753246
2011-07-06,637938.8629999998,399307.21999999974,238631.64300000004,0.37406663371753246
2011-07-07,637938.8629999998,399307.21999999974,238631.64300000004,0.37406663371753246
2011-07-08,637938.8629999998,399307.21999999974,238631.64300000004,0.37406663371753246
2011-07-11,637938.8629999998,399307.21999999974,238631.64300000004,0.37406663371753246
2011-07-12,637938.8629999998,399307.21999999974,238631.64300000004,0.37406663371753246
2011-07-13,637938.8629999998,399307.21999999974,238631.64300000004,0.37406663371753246
2011-07-14,637938.8629999998,399307.21999999974,238631.64300000004,0.37406663371753246
2011-07-15,637938.8629999998,399307.21999999974,238631.64300000004,0.37406663371753246
2011-07-18,637938.8629999998,399307.21999999974,238631.64300000004,0.37406663371753246
2011-07-19,637938.8629999998,399307.21999999974,238631.64300000004,0.37406663371753246
2011-07-20,637938.8629999998,399307.21999999974,238631.64300000004,0.37406663371753246
2011-07-21,637938.8629999998,399307.21999999974,238631.64300000004,0.37406663371753246
2011-07-22,637938.8629999998,399307.21999999974,238631.64300000004,0.37406663371753246
2011-07-25,637938.8629999998,399307.21999999974,238631.64300000004,0.37406663371753246
2011-07-26,638470.6626749998,6.119674999732524,638464.5430000001,0.999990415103845
2011-07-27,640165.8626749997,6.119674999732524,640159.743,0.9999904404852609
2011-07-28,636376.2626749998,6.119674999732524,636370.143,0.9999903835586607
2011-07-29,637942.9626749998,6.119674999732524,637936.8430000001,0.9999904071753154
2011-08-01,639006.5626749998,6.119674999732524,639000.4430000001,0.9999904231421753
2011-08-02,635000.9626749997,6.119674999732524,634994.843,0.9999903627311462
2011-08-03,634793.1626749998,6.119674999732524,634787.0430000001,0.9999903595763793
2011-08-04,635216.9626749997,6.119674999732524,635210.843,0.9999903660082156
2011-08-05,627222.1626749998,6.119674999732524,627216.0430000001,0.9999902432098802
2011-08-08,614374.1626749998,6.119674999732524,614368.0430000001,0.9999900391725898
2011-08-09,615205.3626749997,6.119674999732524,615199.243,0.9999900526305995
2011-08-10,618051.6626749998,6.119674999732524,618045.5430000001,0.9999900984410053
2011-08-11,622888.4626749997,6.119674999732524,622882.343,0.9999901753277409
2011-08-12,622584.9626749998,6.119674999732524,622578.8430000001,0.9999901705383737
2011-08-15,630043.8626749997,6.119674999732524,630037.743,0.9999902869064167
2011-08-16,627629.5626749997,6.119674999732524,627623.443,0.9999902495431005
2011-08-17,625942.5626749998,6.119674999732524,625936.4430000001,0.9999902232642983
2011-08-18,618675.0626749997,6.119674999732524,618668.943,0.9999901084181844
2011-08-19,615197.1626749998,6.119674999732524,615191.0430000001,0.9999900524980103
2011-08-22,612151.2626749997,6.119674999732524,612145.1429999999,0.9999900030019165
2011-08-23,618355.1626749998,6.119674999732524,618349.0430000001,0.9999901033008712
2011-08-24,615940.8626749997,6.119674999732524,615934.743,0.9999900645088342
2011-08-25,624375.1042249998,385743.46122499974,238631.64300000004,0.38219275782335926
2011-08-26,624375.1042249998,385743.46122499974,238631.64300000004,0.38219275782335926
2011-08-29,624375.1042249998,385743.46122499974,238631.64300000004,0.38219275782335926
2011-08-30,624375.1042249998,385743.46122499974,238631.64300000004,0.38219275782335926
2011-08-31,624375.1042249998,385743.46122499974,238631.64300000004,0.38219275782335926
2011-09-01,624375.1042249998,385743.46122499974,238631.64300000004,0.38219275782335926
2011-09-02,624375.1042249998,385743.46122499974,238631.64300000004,0.38219275782335926
2011-09-05,624375.1042249998,385743.46122499974,238631.64300000004,0.38219275782335926
2011-09-06,619739.9109249997,73.86792499970761,619666.0430000001,0.9998808081846957
2011-09-07,628016.7109249997,73.86792499970761,627942.843,0.9998823790454702
2011-09-08,625357.1109249997,73.86792499970761,625283.243,0.9998818788117874
2011-09-09,623193.5109249997,73.86792499970761,623119.643,0.9998814687192585
2011-09-13,617212.3109249996,73.86792499970761,617138.443,0.9998803200718906
2011-09-14,620169.9109249997,73.86792499970761,620096.0430000001,0.9998808908273388
2011-09-15,620963.9109249997,73.86792499970761,620890.0430000001,0.9998810431271447
2011-09-16,620454.3109249996,73.86792499970761,620380.443,0.9998809454238627
2011-09-19,613262.7109249997,73.86792499970761,613188.843,0.9998795492964373
2011-09-20,613831.5109249997,73.86792499970761,613757.643,0.9998796609107141
2011-09-21,624331.1109249997,73.86792499970761,624257.243,0.999881684696298
2011-09-22,613044.3109249998,73.86792499970761,612970.4430000001,0.9998795063852918
2011-09-23,609954.7109249997,73.86792499970761,609880.843,0.9998788960496958
2011-09-26,603557.1109249998,73.86792499970761,603483.2430000001,0.9998776123689662
2011-09-27,606137.1109249997,73.86792499970761,606063.243,0.999878133307352
2011-09-28,601379.9109249997,73.86792499970761,601306.0430000001,0.9998771692840785
2011-09-29,595828.7109249998,73.86792499970761,595754.8430000001,0.9998760248983555
2011-09-30,594320.3109249998,73.86792499970761,594246.4430000001,0.9998757102464079
2011-10-10,591376.3109249996,73.86792499970761,591302.443,0.9998750915049605
2011-10-11,588505.1109249997,73.86792499970761,588431.243,0.9998744821011264
2011-10-12,601379.9109249997,73.86792499970761,601306.0430000001,0.9998771692840785
2011-10-13,604264.7109249997,73.86792499970761,604190.843,0.9998777556861022
2011-10-14,602392.3109249998,73.86792499970761,602318.4430000001,0.9998773757173522
2011-10-17,605711.5184249998,191995.87542499971,413715.64300000004,0.6830242292168446
2011-10-18,601052.3184249998,191995.87542499971,409056.4430000001,0.6805671161403942
2011-10-19,600251.5184249998,191995.87542499971,408255.64300000004,0.6801409583622915
2011-10-20,594500.3184249997,191995.87542499971,402504.44299999997,0.6770466398846491
2011-10-21,592316.3184249998,191995.87542499971,400320.4430000001,0.6758558401100161
2011-10-24,595737.9184249998,191995.87542499971,403742.04300000006,0.677717550810607
2011-10-25,600178.7184249997,191995.87542499971,408182.843,0.6801021603551041
2011-10-26,601664.7484249998,363033.1054249997,238631.64300000004,0.39661895370249795
2011-10-27,601664.7484249998,363033.1054249997,238631.64300000004,0.39661895370249795
2011-10-28,601664.7484249998,363033.1054249997,238631.64300000004,0.39661895370249795
2011-10-31,601664.7484249998,363033.1054249997,238631.64300000004,0.39661895370249795
2011-11-01,601664.7484249998,363033.1054249997,238631.64300000004,0.39661895370249795
2011-11-02,601664.7484249998,363033.1054249997,238631.64300000004,0.39661895370249795
2011-11-03,601664.7484249998,363033.1054249997,238631.64300000004,0.39661895370249795
2011-11-04,601664.7484249998,363033.1054249997,238631.64300000004,0.39661895370249795
2011-11-07,601664.7484249998,363033.1054249997,238631.64300000004,0.39661895370249795
2011-11-08,601664.7484249998,363033.1054249997,238631.64300000004,0.39661895370249795
2011-11-09,601664.7484249998,363033.1054249997,238631.64300000004,0.39661895370249795
2011-11-10,601664.7484249998,363033.1054249997,238631.64300000004,0.39661895370249795
2011-11-11,601664.7484249998,363033.1054249997,238631.64300000004,0.39661895370249795
2011-11-14,601664.7484249998,363033.1054249997,238631.64300000004,0.39661895370249795
2011-11-15,601664.7484249998,363033.1054249997,238631.64300000004,0.39661895370249795
2011-11-16,601664.7484249998,363033.1054249997,238631.64300000004,0.39661895370249795
2011-11-17,601664.7484249998,363033.1054249997,238631.64300000004,0.39661895370249795
2011-11-18,601664.7484249998,363033.1054249997,238631.64300000004,0.39661895370249795
2011-11-21,601664.7484249998,363033.1054249997,238631.64300000004,0.39661895370249795
2011-11-22,601664.7484249998,363033.1054249997,238631.64300000004,0.39661895370249795
2011-11-23,601664.7484249998,363033.1054249997,238631.64300000004,0.39661895370249795
2011-11-24,601664.7484249998,363033.1054249997,238631.64300000004,0.39661895370249795
2011-11-25,601664.7484249998,363033.1054249997,238631.64300000004,0.39661895370249795
2011-11-28,601664.7484249998,363033.1054249997,238631.64300000004,0.39661895370249795
2011-11-29,601664.7484249998,363033.1054249997,238631.64300000004,0.39661895370249795
2011-11-30,601664.7484249998,363033.1054249997,238631.64300000004,0.39661895370249795
2011-12-01,601664.7484249998,363033.1054249997,238631.64300000004,0.39661895370249795
2011-12-02,601664.7484249998,363033.1054249997,238631.64300000004,0.39661895370249795
2011-12-05,601664.7484249998,363033.1054249997,238631.64300000004,0.39661895370249795
2011-12-06,602156.5673749998,163058.9243749997,439097.64300000004,0.7292084264964049
2011-12-07,602878.9673749998,163058.9243749997,439820.04300000006,0.7295329026239281
2011-12-08,603149.8673749997,163058.9243749997,440090.94299999997,0.7296543807849001
2011-12-09,600531.1673749997,163058.9243749997,437472.243,0.7284755009673326
2011-12-12,598815.4673749998,163058.9243749997,435756.54300000006,0.7276975407970109
2011-12-13,594390.7673749997,163058.9243749997,431331.843,0.7256704960356051
2011-12-14,589862.9313499999,74.08834999971441,589788.8430000001,0.9998743973454474
2011-12-15,583320.2313499998,74.08834999971441,583246.143,0.9998729885472543
2011-12-16,590762.6313499998,74.08834999971441,590688.5430000001,0.9998745886315957
2011-12-19,589106.0313499997,74.08834999971441,589031.943,0.9998742359676237
2011-12-20,588210.8313499998,74.08834999971441,588136.743,0.999874044566929
2011-12-21,582177.5313499997,74.08834999971441,582103.443,0.9998727392487512
2011-12-22,580756.1313499998,74.08834999971441,580682.0430000001,0.999872427778201
2011-12-23,582746.0313499997,74.08834999971441,582671.943,0.9998728633984377
2011-12-26,578828.6313499998,74.08834999971441,578754.5430000001,0.9998720029625574
2011-12-27,573874.4313499997,74.08834999971441,573800.343,0.9998708979770619
2011-12-28,573069.5313499997,74.08834999971441,572995.443,0.9998707166478993
2011-12-29,574078.4313499997,74.08834999971441,574004.343,0.9998709438537422
2011-12-30,579833.0313499998,74.08834999971441,579758.9430000001,0.9998722246819447
2012-01-04,573273.5313499997,74.08834999971441,573199.443,0.9998707626535185
2012-01-05,567050.6313499998,74.08834999971441,566976.5430000001,0.9998693443831932
2012-01-06,568392.8313499998,74.08834999971441,568318.743,0.9998696529127157
2012-01-09,575136.3574999998,160329.41449999975,414806.9430000001,0.7212323435838435
2012-01-10,581682.5656999998,343050.92269999976,238631.64300000004,0.41024376020764775
2012-01-11,581682.5656999998,343050.92269999976,238631.64300000004,0.41024376020764775
2012-01-12,581682.5656999998,343050.92269999976,238631.64300000004,0.41024376020764775
2012-01-13,581682.5656999998,343050.92269999976,238631.64300000004,0.41024376020764775
2012-01-16,581682.5656999998,343050.92269999976,238631.64300000004,0.41024376020764775
2012-01-17,581682.5656999998,343050.92269999976,238631.64300000004,0.41024376020764775
2012-01-18,581682.5656999998,343050.92269999976,238631.64300000004,0.41024376020764775
2012-01-19,581682.5656999998,343050.92269999976,238631.64300000004,0.41024376020764775
2012-01-20,581682.5656999998,343050.92269999976,238631.64300000004,0.41024376020764775
2012-01-30,581682.5656999998,343050.92269999976,238631.64300000004,0.41024376020764775
2012-01-31,581682.5656999998,343050.92269999976,238631.64300000004,0.41024376020764775
2012-02-01,581682.5656999998,343050.92269999976,238631.64300000004,0.41024376020764775
2012-02-02,581682.5656999998,343050.92269999976,238631.64300000004,0.41024376020764775
2012-02-03,581682.5656999998,343050.92269999976,238631.64300000004,0.41024376020764775
2012-02-06,581682.5656999998,343050.92269999976,238631.64300000004,0.41024376020764775
2012-02-07,581682.5656999998,343050.92269999976,238631.64300000004,0.41024376020764775
2012-02-08,581682.5656999998,343050.92269999976,238631.64300000004,0.41024376020764775
2012-02-09,581682.5656999998,343050.92269999976,238631.64300000004,0.41024376020764775
2012-02-10,581682.5656999998,343050.92269999976,238631.64300000004,0.41024376020764775
2012-02-13,581682.5656999998,343050.92269999976,238631.64300000004,0.41024376020764775
2012-02-14,581682.5656999998,343050.92269999976,238631.64300000004,0.41024376020764775
2012-02-15,581682.5656999998,343050.92269999976,238631.64300000004,0.41024376020764775
2012-02-16,581682.5656999998,343050.92269999976,238631.64300000004,0.41024376020764775
2012-02-17,581682.5656999998,343050.92269999976,238631.64300000004,0.41024376020764775
2012-02-20,581682.5656999998,343050.92269999976,238631.64300000004,0.41024376020764775
2012-02-21,581682.5656999998,343050.92269999976,238631.64300000004,0.41024376020764775
2012-02-22,581682.5656999998,343050.92269999976,238631.64300000004,0.41024376020764775
2012-02-23,581682.5656999998,343050.92269999976,238631.64300000004,0.41024376020764775
2012-02-24,581682.5656999998,343050.92269999976,238631.64300000004,0.41024376020764775
2012-02-27,581682.5656999998,343050.92269999976,238631.64300000004,0.41024376020764775
2012-02-28,581682.5656999998,343050.92269999976,238631.64300000004,0.41024376020764775
2012-02-29,581682.5656999998,343050.92269999976,238631.64300000004,0.41024376020764775
2012-03-01,581682.5656999998,343050.92269999976,238631.64300000004,0.41024376020764775
2012-03-02,581682.5656999998,343050.92269999976,238631.64300000004,0.41024376020764775
2012-03-05,581682.5656999998,343050.92269999976,238631.64300000004,0.41024376020764775
2012-03-06,581682.5656999998,343050.92269999976,238631.64300000004,0.41024376020764775
2012-03-07,581682.5656999998,343050.92269999976,238631.64300000004,0.41024376020764775
2012-03-08,581682.5656999998,343050.92269999976,238631.64300000004,0.41024376020764775
2012-03-09,581682.5656999998,343050.92269999976,238631.64300000004,0.41024376020764775
2012-03-12,581682.5656999998,343050.92269999976,238631.64300000004,0.41024376020764775
2012-03-13,581682.5656999998,343050.92269999976,238631.64300000004,0.41024376020764775
2012-03-14,581682.5656999998,343050.92269999976,238631.64300000004,0.41024376020764775
2012-03-15,581682.5656999998,343050.92269999976,238631.64300000004,0.41024376020764775
2012-03-16,581682.5656999998,343050.92269999976,238631.64300000004,0.41024376020764775
2012-03-19,581682.5656999998,343050.92269999976,238631.64300000004,0.41024376020764775
2012-03-20,581682.5656999998,343050.92269999976,238631.64300000004,0.41024376020764775
2012-03-21,581682.5656999998,343050.92269999976,238631.64300000004,0.41024376020764775
2012-03-22,581682.5656999998,343050.92269999976,238631.64300000004,0.41024376020764775
2012-03-23,581682.5656999998,343050.92269999976,238631.64300000004,0.41024376020764775
2012-03-26,582269.3768999998,143045.73389999976,439223.64300000004,0.7543306593563708
2012-03-27,580995.7768999998,143045.73389999976,437950.04300000006,0.7537921279510081
2012-03-28,573354.1768999998,143045.73389999976,430308.4430000001,0.7505106971167165
2012-03-29,571762.1768999998,143045.73389999976,428716.4430000001,0.7498160254748397
2012-03-30,572010.3369999998,50.3939999997674,571959.9430000001,0.9999119001935104
2012-04-05,580236.1369999998,50.3939999997674,580185.743,0.9999131491529288
2012-04-06,582162.9369999998,50.3939999997674,582112.5430000001,0.9999134366054641
2012-04-09,579399.1369999998,50.3939999997674,579348.743,0.9999130236881941
2012-04-10,581995.5369999998,50.3939999997674,581945.143,0.9999134117071421
2012-04-11,581828.1369999998,50.3939999997674,581777.743,0.999913386794493
2012-04-12,585460.4207249999,346828.7777249998,238631.64300000004,0.4075965420591414
2012-04-13,585460.4207249999,346828.7777249998,238631.64300000004,0.4075965420591414
2012-04-16,585460.4207249999,346828.7777249998,238631.64300000004,0.4075965420591414
2012-04-17,585460.4207249999,346828.7777249998,238631.64300000004,0.4075965420591414
2012-04-18,585460.4207249999,346828.7777249998,238631.64300000004,0.4075965420591414
2012-04-19,585460.4207249999,346828.7777249998,238631.64300000004,0.4075965420591414
2012-04-20,585460.4207249999,346828.7777249998,238631.64300000004,0.4075965420591414
2012-04-23,585460.4207249999,346828.7777249998,238631.64300000004,0.4075965420591414
2012-04-24,585460.4207249999,346828.7777249998,238631.64300000004,0.4075965420591414
2012-04-25,585460.4207249999,346828.7777249998,238631.64300000004,0.4075965420591414
2012-04-26,585460.4207249999,346828.7777249998,238631.64300000004,0.4075965420591414
2012-04-27,585460.4207249999,346828.7777249998,238631.64300000004,0.4075965420591414
2012-05-02,585460.4207249999,346828.7777249998,238631.64300000004,0.4075965420591414
2012-05-03,585460.4207249999,346828.7777249998,238631.64300000004,0.4075965420591414
2012-05-04,585460.4207249999,346828.7777249998,238631.64300000004,0.4075965420591414
2012-05-07,585460.4207249999,346828.7777249998,238631.64300000004,0.4075965420591414
2012-05-08,585460.4207249999,346828.7777249998,238631.64300000004,0.4075965420591414
2012-05-09,585460.4207249999,346828.7777249998,238631.64300000004,0.4075965420591414
2012-05-10,585460.4207249999,346828.7777249998,238631.64300000004,0.4075965420591414
2012-05-11,585460.4207249999,346828.7777249998,238631.64300000004,0.4075965420591414
2012-05-14,585460.4207249999,346828.7777249998,238631.64300000004,0.4075965420591414
2012-05-15,585460.4207249999,346828.7777249998,238631.64300000004,0.4075965420591414
2012-05-16,585460.4207249999,346828.7777249998,238631.64300000004,0.4075965420591414
2012-05-17,585460.4207249999,346828.7777249998,238631.64300000004,0.4075965420591414
2012-05-18,585460.4207249999,346828.7777249998,238631.64300000004,0.4075965420591414
2012-05-21,585460.4207249999,346828.7777249998,238631.64300000004,0.4075965420591414
2012-05-22,585460.4207249999,346828.7777249998,238631.64300000004,0.4075965420591414
2012-05-23,585460.4207249999,346828.7777249998,238631.64300000004,0.4075965420591414
2012-05-24,585460.4207249999,346828.7777249998,238631.64300000004,0.4075965420591414
2012-05-25,585460.4207249999,346828.7777249998,238631.64300000004,0.4075965420591414
2012-05-28,585460.4207249999,346828.7777249998,238631.64300000004,0.4075965420591414
2012-05-29,585460.4207249999,346828.7777249998,238631.64300000004,0.4075965420591414
2012-05-30,585460.4207249999,346828.7777249998,238631.64300000004,0.4075965420591414
2012-05-31,585460.4207249999,346828.7777249998,238631.64300000004,0.4075965420591414
2012-06-01,585460.4207249999,346828.7777249998,238631.64300000004,0.4075965420591414
2012-06-04,585460.4207249999,346828.7777249998,238631.64300000004,0.4075965420591414
2012-06-05,585460.4207249999,346828.7777249998,238631.64300000004,0.4075965420591414
2012-06-06,585460.4207249999,346828.7777249998,238631.64300000004,0.4075965420591414
2012-06-07,585460.4207249999,346828.7777249998,238631.64300000004,0.4075965420591414
2012-06-08,585460.4207249999,346828.7777249998,238631.64300000004,0.4075965420591414
2012-06-11,585460.4207249999,346828.7777249998,238631.64300000004,0.4075965420591414
2012-06-12,585460.4207249999,346828.7777249998,238631.64300000004,0.4075965420591414
2012-06-13,585460.4207249999,346828.7777249998,238631.64300000004,0.4075965420591414
2012-06-14,585460.4207249999,346828.7777249998,238631.64300000004,0.4075965420591414
2012-06-15,585460.4207249999,346828.7777249998,238631.64300000004,0.4075965420591414
2012-06-18,585460.4207249999,346828.7777249998,238631.64300000004,0.4075965420591414
2012-06-19,585460.4207249999,346828.7777249998,238631.64300000004,0.4075965420591414
2012-06-20,585460.4207249999,346828.7777249998,238631.64300000004,0.4075965420591414
2012-06-21,585460.4207249999,346828.7777249998,238631.64300000004,0.4075965420591414
2012-06-25,585460.4207249999,346828.7777249998,238631.64300000004,0.4075965420591414
2012-06-26,587386.7358749999,2.692874999862397,587384.0430000001,0.9999954154991331
2012-06-27,585955.7358749999,2.692874999862397,585953.0430000001,0.9999954043030301
2012-06-28,584059.1358749999,2.692874999862397,584056.4430000001,0.9999953893795432
2012-06-29,588329.3358749999,2.692874999862397,588326.643,0.9999954228442547
2012-07-02,588468.5358749998,2.692874999862397,588465.843,0.9999954239269635
2012-07-03,589294.7358749999,2.692874999862397,589292.0430000001,0.9999954303426861
2012-07-04,588922.7358749999,2.692874999862397,588920.0430000001,0.9999954274562081
2012-07-05,585339.5358749998,2.692874999862397,585336.843,0.9999953994650373
2012-07-06,591713.9358749999,2.692874999862397,591711.243,0.9999954490255568
2012-07-09,583650.5358749998,2.692874999862397,583647.843,0.9999953861517564
2012-07-10,582929.3358749999,2.692874999862397,582926.643,0.9999953804435047
2012-07-11,584848.7358749999,2.692874999862397,584846.0430000001,0.9999953956043082
2012-07-12,587568.3122249999,149659.86922499986,437908.443,0.7452894138244643
2012-07-13,588033.9122249999,149659.86922499986,438374.043,0.7454910913917914
2012-07-16,585356.7122249999,149659.86922499986,435696.84300000005,0.7443270639946579
2012-07-17,586287.9122249999,149659.86922499986,436628.043,0.7447331488431492
2012-07-18,585705.9122249999,149659.86922499986,436046.043,0.744479497131134
2012-07-19,588100.3475249999,349468.70452499983,238631.64300000004,0.40576687975831527
2012-07-20,588100.3475249999,349468.70452499983,238631.64300000004,0.40576687975831527
2012-07-23,588100.3475249999,349468.70452499983,238631.64300000004,0.40576687975831527
2012-07-24,588531.5628749998,149480.11987499983,439051.44299999997,0.7460117191594898
2012-07-25,588050.3628749999,149480.11987499983,438570.243,0.7458038812455007
2012-07-26,587809.7628749999,149480.11987499983,438329.64300000004,0.7456998346813994
2012-07-27,588100.1045749999,9.561574999854201,588090.5430000001,0.9999837415859555
2012-07-30,586967.6045749998,9.561574999854201,586958.043,0.9999837102168411
2012-07-31,586917.8045749998,9.561574999854201,586908.243,0.9999837088346524
2012-08-01,590315.3045749998,9.561574999854201,590305.743,0.999983802596806
2012-08-02,586764.3045749998,9.561574999854201,586754.743,0.9999837045728153
2012-08-03,589166.2045749999,9.561574999854201,589156.643,0.9999837710056593
2012-08-06,592031.8883499999,202423.84534999984,389608.04300000006,0.6580862461409679
2012-08-07,592765.5513499998,354133.9083499998,238631.64300000004,0.4025733993085901
2012-08-08,592765.5513499998,354133.9083499998,238631.64300000004,0.4025733993085901
2012-08-09,592765.5513499998,354133.9083499998,238631.64300000004,0.4025733993085901
2012-08-10,592765.5513499998,354133.9083499998,238631.64300000004,0.4025733993085901
2012-08-13,592765.5513499998,354133.9083499998,238631.64300000004,0.4025733993085901
2012-08-14,592765.5513499998,354133.9083499998,238631.64300000004,0.4025733993085901
2012-08-15,592765.5513499998,354133.9083499998,238631.64300000004,0.4025733993085901
2012-08-16,592765.5513499998,354133.9083499998,238631.64300000004,0.4025733993085901
2012-08-17,592765.5513499998,354133.9083499998,238631.64300000004,0.4025733993085901
2012-08-20,592765.5513499998,354133.9083499998,238631.64300000004,0.4025733993085901
2012-08-21,592765.5513499998,354133.9083499998,238631.64300000004,0.4025733993085901
2012-08-22,592765.5513499998,354133.9083499998,238631.64300000004,0.4025733993085901
2012-08-23,592765.5513499998,354133.9083499998,238631.64300000004,0.4025733993085901
2012-08-24,592765.5513499998,354133.9083499998,238631.64300000004,0.4025733993085901
2012-08-27,588730.2539499999,154094.3109499998,434635.9430000001,0.7382599077996647
2012-08-28,588759.6716249998,126.52862499983166,588633.143,0.9997850929146512
2012-08-29,585561.3716249999,13.528624999831663,585547.8430000001,0.999976896315817
2012-08-30,583069.8716249998,13.528624999831663,583056.343,0.9999767975920929
2012-08-31,583432.3716249998,13.528624999831663,583418.843,0.9999768120082845
2012-09-03,587282.9716249999,13.528624999831663,587269.4430000001,0.9999769640434791
2012-09-04,582753.3716249999,13.528624999831663,582739.8430000001,0.9999767849906006
2012-09-05,583410.4716249999,13.528624999831663,583396.9430000001,0.9999768111378561
2012-09-06,586354.2716249998,13.528624999831663,586340.743,0.9999769275578699
2012-09-07,595460.0455999998,356828.40259999986,238631.64299999998,0.4007517292945306
2012-09-10,595460.0455999998,356828.40259999986,238631.64299999998,0.4007517292945306
2012-09-11,595460.0455999998,356828.40259999986,238631.64299999998,0.4007517292945306
2012-09-12,595460.0455999998,356828.40259999986,238631.64299999998,0.4007517292945306
2012-09-13,595460.0455999998,356828.40259999986,238631.64299999998,0.4007517292945306
2012-09-14,595460.0455999998,356828.40259999986,238631.64299999998,0.4007517292945306
2012-09-17,595460.0455999998,356828.40259999986,238631.64299999998,0.4007517292945306
2012-09-18,595460.0455999998,356828.40259999986,238631.64299999998,0.4007517292945306
2012-09-19,595460.0455999998,356828.40259999986,238631.64299999998,0.4007517292945306
2012-09-20,595460.0455999998,356828.40259999986,238631.64299999998,0.4007517292945306
2012-09-21,595460.0455999998,356828.40259999986,238631.64299999998,0.4007517292945306
2012-09-24,596857.0517499999,156803.00874999983,440054.04300000006,0.7372854885600338
2012-09-25,593384.2517499998,156803.00874999983,436581.243,0.7357479436173798
2012-09-26,588175.0517499999,156803.00874999983,431372.04300000006,0.7334075828557108
2012-09-27,595858.8653499999,18.222349999821745,595840.643,0.9999694183454179
2012-09-28,602657.8653499999,18.222349999821745,602639.643,0.9999697633582045
2012-10-08,603180.8653499999,18.222349999821745,603162.643,0.9999697895754879
2012-10-09,613640.8653499999,18.222349999821745,613622.643,0.9999703045363685
2012-10-10,616684.3330999999,378052.69009999983,238631.6430000001,0.38695914618168875
2012-10-11,616684.3330999999,378052.69009999983,238631.6430000001,0.38695914618168875
2012-10-12,616684.3330999999,378052.69009999983,238631.6430000001,0.38695914618168875
2012-10-15,616684.3330999999,378052.69009999983,238631.6430000001,0.38695914618168875
2012-10-16,616684.3330999999,378052.69009999983,238631.6430000001,0.38695914618168875
2012-10-17,616684.3330999999,378052.69009999983,238631.6430000001,0.38695914618168875
2012-10-18,616684.3330999999,378052.69009999983,238631.6430000001,0.38695914618168875
2012-10-19,616684.3330999999,378052.69009999983,238631.6430000001,0.38695914618168875
2012-10-22,616684.3330999999,378052.69009999983,238631.6430000001,0.38695914618168875
2012-10-23,616684.3330999999,378052.69009999983,238631.6430000001,0.38695914618168875
2012-10-24,616684.3330999999,378052.69009999983,238631.6430000001,0.38695914618168875
2012-10-25,616684.3330999999,378052.69009999983,238631.6430000001,0.38695914618168875
2012-10-26,616684.3330999999,378052.69009999983,238631.6430000001,0.38695914618168875
2012-10-29,616684.3330999999,378052.69009999983,238631.6430000001,0.38695914618168875
2012-10-30,616684.3330999999,378052.69009999983,238631.6430000001,0.38695914618168875
2012-10-31,616684.3330999999,378052.69009999983,238631.6430000001,0.38695914618168875
2012-11-01,616684.3330999999,378052.69009999983,238631.6430000001,0.38695914618168875
2012-11-02,616684.3330999999,378052.69009999983,238631.6430000001,0.38695914618168875
2012-11-05,616684.3330999999,378052.69009999983,238631.6430000001,0.38695914618168875
2012-11-06,616684.3330999999,378052.69009999983,238631.6430000001,0.38695914618168875
2012-11-07,616684.3330999999,378052.69009999983,238631.6430000001,0.38695914618168875
2012-11-08,616684.3330999999,378052.69009999983,238631.6430000001,0.38695914618168875
2012-11-09,616684.3330999999,378052.69009999983,238631.6430000001,0.38695914618168875
2012-11-12,616684.3330999999,378052.69009999983,238631.6430000001,0.38695914618168875
2012-11-13,616684.3330999999,378052.69009999983,238631.6430000001,0.38695914618168875
2012-11-14,617267.8499499998,178070.10694999984,439197.743,0.711518902265161
2012-11-15,614860.5499499999,178070.10694999984,436790.4430000001,0.7103894420214789
2012-11-16,611449.0541499999,42.411149999825284,611406.643,0.9999306382932283
2012-11-19,610968.0541499999,42.411149999825284,610925.643,0.9999305836864764
2012-11-20,609044.0541499999,42.411149999825284,609001.643,0.9999303643969417
2012-11-21,614094.5541499999,42.411149999825284,614052.143,0.9999309371012767
2012-11-22,612892.0541499999,42.411149999825284,612849.643,0.999930801599217
2012-11-23,615297.0541499999,42.411149999825284,615254.643,0.999931072073702
2012-11-26,614335.0541499999,42.411149999825284,614292.643,0.999930964138033
2012-11-27,612170.5541499999,42.411149999825284,612128.143,0.9999307200424582
2012-11-28,609525.0541499999,42.411149999825284,609482.643,0.9999304193491128
2012-11-29,608082.0541499999,42.411149999825284,608039.643,0.9999302542317926
2012-11-30,610006.0541499999,42.411149999825284,609963.643,0.9999304742146224
2012-12-03,607360.5541499999,42.411149999825284,607318.143,0.9999301713789115
2012-12-04,610727.5541499999,42.411149999825284,610685.143,0.9999305563508448
2012-12-05,615202.8983999998,376571.25539999985,238631.64299999998,0.3878909602354371
2012-12-06,615202.8983999998,376571.25539999985,238631.64299999998,0.3878909602354371
2012-12-07,615202.8983999998,376571.25539999985,238631.64299999998,0.3878909602354371
2012-12-10,615202.8983999998,376571.25539999985,238631.64299999998,0.3878909602354371
2012-12-11,615202.8983999998,376571.25539999985,238631.64299999998,0.3878909602354371
2012-12-12,615202.8983999998,376571.25539999985,238631.64299999998,0.3878909602354371
2012-12-13,615202.8983999998,376571.25539999985,238631.64299999998,0.3878909602354371
2012-12-14,615202.8983999998,376571.25539999985,238631.64299999998,0.3878909602354371
2012-12-17,615202.8983999998,376571.25539999985,238631.64299999998,0.3878909602354371
2012-12-18,615202.8983999998,376571.25539999985,238631.64299999998,0.3878909602354371
2012-12-19,615202.8983999998,376571.25539999985,238631.64299999998,0.3878909602354371
2012-12-20,615202.8983999998,376571.25539999985,238631.64299999998,0.3878909602354371
2012-12-21,615202.8983999998,376571.25539999985,238631.64299999998,0.3878909602354371
2012-12-24,615202.8983999998,376571.25539999985,238631.64299999998,0.3878909602354371
2012-12-25,615202.8983999998,376571.25539999985,238631.64299999998,0.3878909602354371
2012-12-26,615202.8983999998,376571.25539999985,238631.64299999998,0.3878909602354371
2012-12-27,615202.8983999998,376571.25539999985,238631.64299999998,0.3878909602354371
2012-12-28,615202.8983999998,376571.25539999985,238631.64299999998,0.3878909602354371
2012-12-31,615202.8983999998,376571.25539999985,238631.64299999998,0.3878909602354371
2013-01-04,615202.8983999998,376571.25539999985,238631.64299999998,0.3878909602354371
2013-01-07,615202.8983999998,376571.25539999985,238631.64299999998,0.3878909602354371
2013-01-08,615202.8983999998,376571.25539999985,238631.64299999998,0.3878909602354371
2013-01-09,615202.8983999998,376571.25539999985,238631.64299999998,0.3878909602354371
2013-01-10,615202.8983999998,376571.25539999985,238631.64299999998,0.3878909602354371
2013-01-11,615202.8983999998,376571.25539999985,238631.64299999998,0.3878909602354371
2013-01-14,615202.8983999998,376571.25539999985,238631.64299999998,0.3878909602354371
2013-01-15,615202.8983999998,376571.25539999985,238631.64299999998,0.3878909602354371
2013-01-16,615202.8983999998,376571.25539999985,238631.64299999998,0.3878909602354371
2013-01-17,615202.8983999998,376571.25539999985,238631.64299999998,0.3878909602354371
2013-01-18,615202.8983999998,376571.25539999985,238631.64299999998,0.3878909602354371
2013-01-21,615202.8983999998,376571.25539999985,238631.64299999998,0.3878909602354371
2013-01-22,615202.8983999998,376571.25539999985,238631.64299999998,0.3878909602354371
2013-01-23,615202.8983999998,376571.25539999985,238631.64299999998,0.3878909602354371
2013-01-24,615202.8983999998,376571.25539999985,238631.64299999998,0.3878909602354371
2013-01-25,615202.8983999998,376571.25539999985,238631.64299999998,0.3878909602354371
2013-01-28,615202.8983999998,376571.25539999985,238631.64299999998,0.3878909602354371
2013-01-29,615202.8983999998,376571.25539999985,238631.64299999998,0.3878909602354371
2013-01-30,615202.8983999998,376571.25539999985,238631.64299999998,0.3878909602354371
2013-01-31,615202.8983999998,376571.25539999985,238631.64299999998,0.3878909602354371
2013-02-01,615202.8983999998,376571.25539999985,238631.64299999998,0.3878909602354371
2013-02-04,615202.8983999998,376571.25539999985,238631.64299999998,0.3878909602354371
2013-02-05,615202.8983999998,376571.25539999985,238631.64299999998,0.3878909602354371
2013-02-06,615202.8983999998,376571.25539999985,238631.64299999998,0.3878909602354371
2013-02-07,615202.8983999998,376571.25539999985,238631.64299999998,0.3878909602354371
2013-02-08,615202.8983999998,376571.25539999985,238631.64299999998,0.3878909602354371
2013-02-18,615202.8983999998,376571.25539999985,238631.64299999998,0.3878909602354371
2013-02-19,615202.8983999998,376571.25539999985,238631.64299999998,0.3878909602354371
2013-02-20,615202.8983999998,376571.25539999985,238631.64299999998,0.3878909602354371
2013-02-21,615202.8983999998,376571.25539999985,238631.64299999998,0.3878909602354371
2013-02-22,615202.8983999998,376571.25539999985,238631.64299999998,0.3878909602354371
2013-02-25,615202.8983999998,376571.25539999985,238631.64299999998,0.3878909602354371
2013-02-26,615202.8983999998,376571.25539999985,238631.64299999998,0.3878909602354371
2013-02-27,615202.8983999998,376571.25539999985,238631.64299999998,0.3878909602354371
2013-02-28,615202.8983999998,376571.25539999985,238631.64299999998,0.3878909602354371
2013-03-01,615202.8983999998,376571.25539999985,238631.64299999998,0.3878909602354371
2013-03-04,615202.8983999998,376571.25539999985,238631.64299999998,0.3878909602354371
2013-03-05,619529.99845,176521.45544999986,443008.54300000006,0.7150719805471272
2013-03-06,621886.8984499999,176521.45544999986,445365.44299999997,0.7161518342162142
2013-03-07,622845.0624749999,384213.4194749999,238631.64300000004,0.3831316283567366
2013-03-08,622845.0624749999,384213.4194749999,238631.64300000004,0.3831316283567366
2013-03-11,622845.0624749999,384213.4194749999,238631.64300000004,0.3831316283567366
2013-03-12,622845.0624749999,384213.4194749999,238631.64300000004,0.3831316283567366
2013-03-13,622845.0624749999,384213.4194749999,238631.64300000004,0.3831316283567366
2013-03-14,622845.0624749999,384213.4194749999,238631.64300000004,0.3831316283567366
2013-03-15,622845.0624749999,384213.4194749999,238631.64300000004,0.3831316283567366
2013-03-18,622845.0624749999,384213.4194749999,238631.64300000004,0.3831316283567366
2013-03-19,622845.0624749999,384213.4194749999,238631.64300000004,0.3831316283567366
2013-03-20,622845.0624749999,384213.4194749999,238631.64300000004,0.3831316283567366
2013-03-21,622845.0624749999,384213.4194749999,238631.64300000004,0.3831316283567366
2013-03-22,622845.0624749999,384213.4194749999,238631.64300000004,0.3831316283567366
2013-03-25,622845.0624749999,384213.4194749999,238631.64300000004,0.3831316283567366
2013-03-26,622845.0624749999,384213.4194749999,238631.64300000004,0.3831316283567366
2013-03-27,622845.0624749999,384213.4194749999,238631.64300000004,0.3831316283567366
2013-03-28,622845.0624749999,384213.4194749999,238631.64300000004,0.3831316283567366
2013-03-29,621750.650825,70.80782499987981,621679.8430000001,0.9998861153986635
2013-04-01,621248.6508249999,70.80782499987981,621177.843,0.9998860233742063
2013-04-02,621967.850825,70.80782499987981,621897.0430000001,0.9998861551687824
2013-04-03,622685.650825,70.80782499987981,622614.8430000001,0.9998862864032501
2013-04-08,618975.450825,70.80782499987981,618904.643,0.9998856047927175
2013-04-09,622519.2508249999,70.80782499987981,622448.443,0.9998862560074953
2013-04-10,622025.650825,70.80782499987981,621954.8430000001,0.9998861657474961
2013-04-11,621859.2508249999,70.80782499987981,621788.443,0.9998861352871956
2013-04-12,618983.850825,70.80782499987981,618913.0430000001,0.9998856063451323
2013-04-15,616819.2508249999,70.80782499987981,616748.443,0.9998852049041835
2013-04-16,619195.450825,70.80782499987981,619124.643,0.9998856454373081
2013-04-17,616762.850825,70.80782499987981,616692.0430000001,0.9998851944067234
2013-04-18,618309.850825,70.80782499987981,618239.0430000001,0.9998854816482295
2013-04-19,626958.7624749999,388327.11947499984,238631.64300000004,0.38061776512696166
2013-04-22,626958.7624749999,388327.11947499984,238631.64300000004,0.38061776512696166
2013-04-23,626958.7624749999,388327.11947499984,238631.64300000004,0.38061776512696166
2013-04-24,626958.7624749999,388327.11947499984,238631.64300000004,0.38061776512696166
2013-04-25,626958.7624749999,388327.11947499984,238631.64300000004,0.38061776512696166
2013-04-26,626958.7624749999,388327.11947499984,238631.64300000004,0.38061776512696166
2013-05-02,627585.8699249999,188306.92692499983,439278.9430000001,0.6999503399470999
2013-05-03,631371.648875,392740.00587499986,238631.6430000001,0.37795748894522313
2013-05-06,631371.648875,392740.00587499986,238631.6430000001,0.37795748894522313
2013-05-07,631371.648875,392740.00587499986,238631.6430000001,0.37795748894522313
2013-05-08,631371.648875,392740.00587499986,238631.6430000001,0.37795748894522313
2013-05-09,631371.648875,392740.00587499986,238631.6430000001,0.37795748894522313
2013-05-10,631371.648875,392740.00587499986,238631.6430000001,0.37795748894522313
2013-05-13,631371.648875,392740.00587499986,238631.6430000001,0.37795748894522313
2013-05-14,631371.648875,392740.00587499986,238631.6430000001,0.37795748894522313
2013-05-15,631371.648875,392740.00587499986,238631.6430000001,0.37795748894522313
2013-05-16,631371.648875,392740.00587499986,238631.6430000001,0.37795748894522313
2013-05-17,631371.648875,392740.00587499986,238631.6430000001,0.37795748894522313
2013-05-20,631371.648875,392740.00587499986,238631.6430000001,0.37795748894522313
2013-05-21,631371.648875,392740.00587499986,238631.6430000001,0.37795748894522313
2013-05-22,631371.648875,392740.00587499986,238631.6430000001,0.37795748894522313
2013-05-23,631371.648875,392740.00587499986,238631.6430000001,0.37795748894522313
2013-05-24,631371.648875,392740.00587499986,238631.6430000001,0.37795748894522313
2013-05-27,631371.648875,392740.00587499986,238631.6430000001,0.37795748894522313
2013-05-28,631371.648875,392740.00587499986,238631.6430000001,0.37795748894522313
2013-05-29,631371.648875,392740.00587499986,238631.6430000001,0.37795748894522313
2013-05-30,631371.648875,392740.00587499986,238631.6430000001,0.37795748894522313
2013-05-31,631371.648875,392740.00587499986,238631.6430000001,0.37795748894522313
2013-06-03,631371.648875,392740.00587499986,238631.6430000001,0.37795748894522313
2013-06-04,631371.648875,392740.00587499986,238631.6430000001,0.37795748894522313
2013-06-05,631371.648875,392740.00587499986,238631.6430000001,0.37795748894522313
2013-06-06,631371.648875,392740.00587499986,238631.6430000001,0.37795748894522313
2013-06-07,631371.648875,392740.00587499986,238631.6430000001,0.37795748894522313
2013-06-13,628352.4578249999,192725.81482499983,435626.6430000001,0.6932839007392326
2013-06-14,629053.7017249999,53.25872499981779,629000.4430000001,0.999915335169551
2013-06-17,626149.7017249999,53.25872499981779,626096.4430000001,0.9999149425051979
2013-06-18,628676.3017249999,53.25872499981779,628623.0430000001,0.999915284344497
2013-06-19,625851.7017249999,53.25872499981779,625798.4430000001,0.9999149020049749
2013-06-20,613650.5017249999,53.25872499981779,613597.243,0.9999132100033323
2013-06-21,612434.5017249999,53.25872499981779,612381.243,0.999913037680193
2013-06-24,589089.3017249999,53.25872499981779,589036.0430000001,0.9999095914238403
2013-06-25,589739.7017249999,53.25872499981779,589686.4430000001,0.9999096911317924
2013-06-26,586944.5017249999,53.25872499981779,586891.243,0.9999092610547619
2013-06-27,587709.101725,53.25872499981779,587655.8430000001,0.9999093791046565
2013-06-28,596024.101725,53.25872499981779,595970.8430000001,0.9999106433366609
2013-07-01,596167.7017249999,53.25872499981779,596114.4430000001,0.9999106648601631
2013-07-02,595924.1017249998,53.25872499981779,595870.843,0.9999106283420226
2013-07-03,593928.3017249999,53.25872499981779,593875.0430000001,0.9999103280230204
2013-07-04,596569.101725,53.25872499981779,596515.8430000001,0.9999107249690843
2013-07-05,598117.9017249999,53.25872499981779,598064.643,0.9999109561428503
2013-07-08,589962.7017249998,53.25872499981779,589909.443,0.9999097252676413
2013-07-09,589108.9017249999,53.25872499981779,589055.643,0.9999095944317868
2013-07-10,598862.901725,53.25872499981779,598809.6430000002,0.9999110669155721
2013-07-11,602688.4780749999,364056.83507499984,238631.64300000004,0.39594525477273884
2013-07-12,602688.4780749999,364056.83507499984,238631.64300000004,0.39594525477273884
2013-07-15,602688.4780749999,364056.83507499984,238631.64300000004,0.39594525477273884
2013-07-16,602688.4780749999,364056.83507499984,238631.64300000004,0.39594525477273884
2013-07-17,602688.4780749999,364056.83507499984,238631.64300000004,0.39594525477273884
2013-07-18,602688.4780749999,364056.83507499984,238631.64300000004,0.39594525477273884
2013-07-19,602688.4780749999,364056.83507499984,238631.64300000004,0.39594525477273884
2013-07-22,602688.4780749999,364056.83507499984,238631.64300000004,0.39594525477273884
2013-07-23,602688.4780749999,364056.83507499984,238631.64300000004,0.39594525477273884
2013-07-24,602688.4780749999,364056.83507499984,238631.64300000004,0.39594525477273884
2013-07-25,602688.4780749999,364056.83507499984,238631.64300000004,0.39594525477273884
2013-07-26,602688.4780749999,364056.83507499984,238631.64300000004,0.39594525477273884
2013-07-29,602688.4780749999,364056.83507499984,238631.64300000004,0.39594525477273884
2013-07-30,602688.4780749999,364056.83507499984,238631.64300000004,0.39594525477273884
2013-07-31,602688.4780749999,364056.83507499984,238631.64300000004,0.39594525477273884
2013-08-01,602688.4780749999,364056.83507499984,238631.64300000004,0.39594525477273884
2013-08-02,602688.4780749999,364056.83507499984,238631.64300000004,0.39594525477273884
2013-08-05,602688.4780749999,364056.83507499984,238631.64300000004,0.39594525477273884
2013-08-06,602688.4780749999,364056.83507499984,238631.64300000004,0.39594525477273884
2013-08-07,602688.4780749999,364056.83507499984,238631.64300000004,0.39594525477273884
2013-08-08,602688.4780749999,364056.83507499984,238631.64300000004,0.39594525477273884
2013-08-09,602688.4780749999,364056.83507499984,238631.64300000004,0.39594525477273884
2013-08-12,602688.4780749999,364056.83507499984,238631.64300000004,0.39594525477273884
2013-08-13,602688.4780749999,364056.83507499984,238631.64300000004,0.39594525477273884
2013-08-14,602688.4780749999,364056.83507499984,238631.64300000004,0.39594525477273884
2013-08-15,602688.4780749999,364056.83507499984,238631.64300000004,0.39594525477273884
2013-08-16,602688.4780749999,364056.83507499984,238631.64300000004,0.39594525477273884
2013-08-19,607186.4974499999,164084.35444999984,443102.14300000004,0.7297628403478921
2013-08-20,604912.4974499999,164084.35444999984,440828.14300000004,0.7287469590367283
2013-08-21,605291.4974499999,164084.35444999984,441207.14300000004,0.7289168026624163
2013-08-22,606617.9974499999,164084.35444999984,442533.64300000004,0.7295095840549564
2013-08-23,608323.4974499999,164084.35444999984,444239.14300000004,0.730267932871545
2013-08-26,610545.5270749999,371913.88407499983,238631.64300000004,0.39084987509979147
2013-08-27,610545.5270749999,371913.88407499983,238631.64300000004,0.39084987509979147
2013-08-28,610545.5270749999,371913.88407499983,238631.64300000004,0.39084987509979147
2013-08-29,610545.5270749999,371913.88407499983,238631.64300000004,0.39084987509979147
2013-08-30,610545.5270749999,371913.88407499983,238631.64300000004,0.39084987509979147
2013-09-02,610545.5270749999,371913.88407499983,238631.64300000004,0.39084987509979147
2013-09-03,610545.5270749999,371913.88407499983,238631.64300000004,0.39084987509979147
2013-09-04,610545.5270749999,371913.88407499983,238631.64300000004,0.39084987509979147
2013-09-05,610545.5270749999,371913.88407499983,238631.64300000004,0.39084987509979147
2013-09-06,610545.5270749999,371913.88407499983,238631.64300000004,0.39084987509979147
2013-09-09,610545.5270749999,371913.88407499983,238631.64300000004,0.39084987509979147
2013-09-10,610545.5270749999,371913.88407499983,238631.64300000004,0.39084987509979147
2013-09-11,610545.5270749999,371913.88407499983,238631.64300000004,0.39084987509979147
2013-09-12,610545.5270749999,371913.88407499983,238631.64300000004,0.39084987509979147
2013-09-13,610545.5270749999,371913.88407499983,238631.64300000004,0.39084987509979147
2013-09-16,610545.5270749999,371913.88407499983,238631.64300000004,0.39084987509979147
2013-09-17,610545.5270749999,371913.88407499983,238631.64300000004,0.39084987509979147
2013-09-18,610545.5270749999,371913.88407499983,238631.64300000004,0.39084987509979147
2013-09-23,610545.5270749999,371913.88407499983,238631.64300000004,0.39084987509979147
2013-09-24,610545.5270749999,371913.88407499983,238631.64300000004,0.39084987509979147
2013-09-25,610545.5270749999,371913.88407499983,238631.64300000004,0.39084987509979147
2013-09-26,610545.5270749999,371913.88407499983,238631.64300000004,0.39084987509979147
2013-09-27,610545.5270749999,371913.88407499983,238631.64300000004,0.39084987509979147
2013-09-30,610545.5270749999,371913.88407499983,238631.64300000004,0.39084987509979147
2013-10-08,610545.5270749999,371913.88407499983,238631.64300000004,0.39084987509979147
2013-10-09,610545.5270749999,371913.88407499983,238631.64300000004,0.39084987509979147
2013-10-10,610545.5270749999,371913.88407499983,238631.64300000004,0.39084987509979147
2013-10-11,610545.5270749999,371913.88407499983,238631.64300000004,0.39084987509979147
2013-10-14,610545.5270749999,371913.88407499983,238631.64300000004,0.39084987509979147
2013-10-15,610545.5270749999,371913.88407499983,238631.64300000004,0.39084987509979147
2013-10-16,610545.5270749999,371913.88407499983,238631.64300000004,0.39084987509979147
2013-10-17,610545.5270749999,371913.88407499983,238631.64300000004,0.39084987509979147
2013-10-18,610545.5270749999,371913.88407499983,238631.64300000004,0.39084987509979147
2013-10-21,610545.5270749999,371913.88407499983,238631.64300000004,0.39084987509979147
2013-10-22,610545.5270749999,371913.88407499983,238631.64300000004,0.39084987509979147
2013-10-23,610545.5270749999,371913.88407499983,238631.64300000004,0.39084987509979147
2013-10-24,610545.5270749999,371913.88407499983,238631.64300000004,0.39084987509979147
2013-10-25,610545.5270749999,371913.88407499983,238631.64300000004,0.39084987509979147
2013-10-28,609918.7720749999,172043.92907499982,437874.84300000005,0.717923210512622
2013-10-29,607793.3836749999,47.34067499981029,607746.0430000001,0.9999221105785758
2013-10-30,612487.7836749998,47.34067499981029,612440.443,0.9999227075604418
2013-10-31,606797.3836749999,47.34067499981029,606750.0430000001,0.9999219827305234
2013-11-01,606820.5836749999,47.34067499981029,606773.243,0.9999219857132842
2013-11-04,607408.5836749999,47.34067499981029,607361.243,0.9999220612347731
2013-11-05,610247.7836749998,47.34067499981029,610200.443,0.9999224238477119
2013-11-06,605974.9836749998,47.34067499981029,605927.6429999999,0.9999218768492508
2013-11-07,602602.9836749998,47.34067499981029,602555.6429999999,0.9999214396936584
2013-11-08,597088.5836749999,47.34067499981029,597041.243,0.9999207141514773
2013-11-11,599519.7836749998,47.34067499981029,599472.443,0.9999210356750703
2013-11-12,602006.9836749998,47.34067499981029,601959.6429999999,0.9999213619172475
2013-11-13,595459.7836749998,47.34067499981029,595412.443,0.9999204972757225
2013-11-14,598438.9836749998,47.34067499981029,598391.6429999999,0.9999208930629667
2013-11-15,608400.1302749999,369768.48727499985,238631.64300000004,0.3922281260724539
2013-11-18,614231.5164749998,375599.8734749998,238631.64300000004,0.3885043938635355
2013-11-19,614231.5164749998,375599.8734749998,238631.64300000004,0.3885043938635355
2013-11-20,614231.5164749998,375599.8734749998,238631.64300000004,0.3885043938635355
2013-11-21,614231.5164749998,375599.8734749998,238631.64300000004,0.3885043938635355
2013-11-22,614231.5164749998,375599.8734749998,238631.64300000004,0.3885043938635355
2013-11-25,614231.5164749998,375599.8734749998,238631.64300000004,0.3885043938635355
2013-11-26,614231.5164749998,375599.8734749998,238631.64300000004,0.3885043938635355
2013-11-27,614231.5164749998,375599.8734749998,238631.64300000004,0.3885043938635355
2013-11-28,614231.5164749998,375599.8734749998,238631.64300000004,0.3885043938635355
2013-11-29,614231.5164749998,375599.8734749998,238631.64300000004,0.3885043938635355
2013-12-02,614231.5164749998,375599.8734749998,238631.64300000004,0.3885043938635355
2013-12-03,614231.5164749998,375599.8734749998,238631.64300000004,0.3885043938635355
2013-12-04,614231.5164749998,375599.8734749998,238631.64300000004,0.3885043938635355
2013-12-05,614231.5164749998,375599.8734749998,238631.64300000004,0.3885043938635355
2013-12-06,614231.5164749998,375599.8734749998,238631.64300000004,0.3885043938635355
2013-12-09,614231.5164749998,375599.8734749998,238631.64300000004,0.3885043938635355
2013-12-10,614231.5164749998,375599.8734749998,238631.64300000004,0.3885043938635355
2013-12-11,614231.5164749998,375599.8734749998,238631.64300000004,0.3885043938635355
2013-12-12,614231.5164749998,375599.8734749998,238631.64300000004,0.3885043938635355
2013-12-13,614231.5164749998,375599.8734749998,238631.64300000004,0.3885043938635355
2013-12-16,614231.5164749998,375599.8734749998,238631.64300000004,0.3885043938635355
2013-12-17,612688.7387749999,175639.09577499982,437049.64300000004,0.7133306283282277
2013-12-18,613186.3387749998,175639.09577499982,437547.243,0.7135632601895782
2013-12-19,610947.1387749999,175639.09577499982,435308.04300000006,0.7125134326233675
2013-12-20,606219.9387749998,175639.09577499982,430580.843,0.710271661255621
2013-12-23,605901.2407749998,3.1977749998332,605898.0430000001,0.9999947222834604
2013-12-24,605878.0407749999,3.1977749998332,605874.8430000001,0.9999947220813685
2013-12-25,607526.8407749999,3.1977749998332,607523.6430000002,0.9999947364053978
2013-12-26,602756.8407749999,3.1977749998332,602753.6430000002,0.9999946947512107
2013-12-27,607824.8407749999,3.1977749998332,607821.6430000002,0.9999947389859952
2013-12-30,607850.8407749999,3.1977749998332,607847.6430000002,0.999994739211028
2013-12-31,612742.4407749998,3.1977749998332,612739.243,0.9999947812085682
2014-01-02,610523.6407749997,3.1977749998332,610520.443,0.9999947622421373
2014-01-03,605707.2407749998,3.1977749998332,605704.0430000001,0.9999947205930778
2014-01-06,598759.2407749998,3.1977749998332,598756.0430000001,0.9999946593308595
2014-01-07,598710.0407749999,3.1977749998332,598706.8430000001,0.9999946588919811
2014-01-08,598684.0407749999,3.1977749998332,598680.8430000001,0.9999946586600243
2014-01-09,596387.2407749998,3.1977749998332,596384.0430000001,0.9999946380895144
2014-01-10,594437.640775,3.1977749998332,594434.4430000002,0.9999946205038504
2014-01-13,592488.0407749999,3.1977749998332,592484.8430000001,0.9999946028024539
2014-01-14,594113.6407749997,3.1977749998332,594110.443,0.999994617570141
2014-01-15,593118.4407749998,3.1977749998332,593115.243,0.9999946085389023
2014-01-16,593566.8407749999,3.1977749998332,593563.6430000002,0.9999946126117901
2014-01-17,589045.6407749997,3.1977749998332,589042.443,0.9999945712610732
2014-01-20,587223.2407749998,3.1977749998332,587220.0430000001,0.9999945544134194
2014-01-21,586086.8407749999,3.1977749998332,586083.6430000002,0.999994543854635
2014-01-22,595154.648675,187924.60567499985,407230.04300000006,0.6842423963361813
2014-01-23,594252.2486749999,187924.60567499985,406327.64300000004,0.6837629035581875
2014-01-24,595154.648675,187924.60567499985,407230.04300000006,0.6842423963361813
2014-01-27,592973.8486749999,187924.60567499985,405049.243,0.6830811239063621
2014-01-28,593124.2486749999,187924.60567499985,405199.64300000004,0.6831614858188466
2014-01-29,593650.648675,187924.60567499985,405726.04300000006,0.6834424318503842
2014-01-30,591319.4486749999,187924.60567499985,403394.843,0.682194444819814
2014-02-07,592372.2486749999,187924.60567499985,404447.64300000004,0.6827592681876238
2014-02-10,594586.2306749999,355954.58767499984,238631.64300000004,0.4013406814501828
2014-02-11,594586.2306749999,355954.58767499984,238631.64300000004,0.4013406814501828
2014-02-12,594586.2306749999,355954.58767499984,238631.64300000004,0.4013406814501828
2014-02-13,594586.2306749999,355954.58767499984,238631.64300000004,0.4013406814501828
2014-02-14,594586.2306749999,355954.58767499984,238631.64300000004,0.4013406814501828
2014-02-17,594586.2306749999,355954.58767499984,238631.64300000004,0.4013406814501828
2014-02-18,594586.2306749999,355954.58767499984,238631.64300000004,0.4013406814501828
2014-02-19,594586.2306749999,355954.58767499984,238631.64300000004,0.4013406814501828
2014-02-20,594586.2306749999,355954.58767499984,238631.64300000004,0.4013406814501828
2014-02-21,594586.2306749999,355954.58767499984,238631.64300000004,0.4013406814501828
2014-02-24,594586.2306749999,355954.58767499984,238631.64300000004,0.4013406814501828
2014-02-25,591480.7562749998,156007.01327499983,435473.743,0.7362432985013856
2014-02-26,591766.2072499999,171.96424999981537,591594.243,0.9997094050861759
2014-02-27,592692.80725,171.96424999981537,592520.8430000001,0.9997098593944513
2014-02-28,596261.3072499998,171.96424999981537,596089.343,0.9997115958256743
2014-03-03,595484.9072499998,171.96424999981537,595312.943,0.9997112198010291
2014-03-04,595393.0072499999,171.96424999981537,595221.0430000001,0.999711175227277
2014-03-05,591974.7072499999,171.96424999981537,591802.743,0.9997095074368992
2014-03-06,594607.7072499999,171.96424999981537,594435.743,0.999710793775622
2014-03-07,592944.5072499999,171.96424999981537,592772.5430000001,0.9997099825567195
2014-03-10,581758.9072499999,171.96424999981537,581586.9430000001,0.9997044063307724
2014-03-11,582752.7072499999,171.96424999981537,582580.743,0.999704910422791
2014-03-12,583645.0072499999,171.96424999981537,583473.0430000001,0.9997053615676247
2014-03-13,588828.0072499999,171.96424999981537,588656.0430000001,0.9997079550430983
2014-03-14,586297.2072499999,171.96424999981537,586125.243,0.9997066944070799
2014-03-17,587732.0072499999,171.96424999981537,587560.0430000001,0.999707410438978
2014-03-18,586296.5072499999,171.96424999981537,586124.5430000001,0.999706694056892
2014-03-19,583857.6072499999,171.96424999981537,583685.643,0.9997054688542815
2014-03-20,580760.3072499998,171.96424999981537,580588.343,0.9997038980662881
2014-03-21,589506.4096249999,350874.7666249998,238631.64300000004,0.40479906427446605
2014-03-24,589506.4096249999,350874.7666249998,238631.64300000004,0.40479906427446605
2014-03-25,589506.4096249999,350874.7666249998,238631.64300000004,0.40479906427446605
2014-03-26,589506.4096249999,350874.7666249998,238631.64300000004,0.40479906427446605
2014-03-27,589506.4096249999,350874.7666249998,238631.64300000004,0.40479906427446605
2014-03-28,584181.9148999999,150845.87189999982,433336.04300000006,0.7417827083438187
2014-03-31,584935.4148999999,150845.87189999982,434089.54300000006,0.7421153377663271
2014-04-01,588552.2148999998,150845.87189999982,437706.343,0.7437001032684418
2014-04-02,584181.9148999999,150845.87189999982,433336.04300000006,0.7417827083438187
2014-04-03,584483.3148999999,150845.87189999982,433637.4430000001,0.7419158630288561
2014-04-04,587497.3148999999,150845.87189999982,436651.4430000001,0.7432398956143725
2014-04-08,588100.1148999998,150845.87189999982,437254.243,0.7435030735784679
2014-04-09,590812.7148999999,150845.87189999982,439966.8430000001,0.7446807286035952
2014-04-10,593624.9652749998,354993.3222749998,238631.64300000004,0.40199057815813505
2014-04-11,593624.9652749998,354993.3222749998,238631.64300000004,0.40199057815813505
2014-04-14,593624.9652749998,354993.3222749998,238631.64300000004,0.40199057815813505
2014-04-15,593624.9652749998,354993.3222749998,238631.64300000004,0.40199057815813505
2014-04-16,593624.9652749998,354993.3222749998,238631.64300000004,0.40199057815813505
2014-04-17,593624.9652749998,354993.3222749998,238631.64300000004,0.40199057815813505
2014-04-18,593624.9652749998,354993.3222749998,238631.64300000004,0.40199057815813505
2014-04-21,593624.9652749998,354993.3222749998,238631.64300000004,0.40199057815813505
2014-04-22,593624.9652749998,354993.3222749998,238631.64300000004,0.40199057815813505
2014-04-23,593624.9652749998,354993.3222749998,238631.64300000004,0.40199057815813505
2014-04-24,593624.9652749998,354993.3222749998,238631.64300000004,0.40199057815813505
2014-04-25,589767.3654749999,154944.1224749998,434823.2430000001,0.7372792535744879
2014-04-28,581266.2492749998,40.606274999823654,581225.643,0.9999301416948766
2014-04-29,583932.9492749998,40.606274999823654,583892.343,0.9999304607231871
2014-04-30,589682.4492749999,40.606274999823654,589641.8430000001,0.9999311387424711
2014-05-05,593505.0492749999,40.606274999823654,593464.4430000001,0.9999315822585682
2014-05-06,595308.3492749998,40.606274999823654,595267.743,0.9999317895086651
2014-05-07,589451.1492749999,40.606274999823654,589410.5430000001,0.9999311117213874
2014-05-08,588834.6492749999,40.606274999823654,588794.0430000001,0.9999310395965153
2014-05-09,585320.4492749998,40.606274999823654,585279.843,0.9999306255657904
2014-05-12,591039.0492749999,40.606274999823654,590998.4430000001,0.9999312967983256
2014-05-13,589775.1492749999,40.606274999823654,589734.5430000001,0.9999311495659834
2014-05-14,591362.7492749998,40.606274999823654,591322.143,0.9999313344050677
2014-05-15,585258.9492749999,40.606274999823654,585218.3430000001,0.9999306182758075
2014-05-16,581266.8492749998,40.606274999823654,581226.243,0.9999301417669862
2014-05-19,578584.5492749999,40.606274999823654,578543.9430000001,0.9999298179063878
2014-05-20,580680.6492749999,40.606274999823654,580640.0430000001,0.9999300712447531
2014-05-21,584210.4492749999,40.606274999823654,584169.8430000001,0.999930493754348
2014-05-22,585528.3721499998,153510.72914999982,432017.64300000004,0.7378252934416752
2014-05-23,587131.5721499998,153510.72914999982,433620.843,0.7385411781078927
2014-05-26,587283.1747499999,348651.53174999985,238631.64300000004,0.4063314824259744
2014-05-27,587283.1747499999,348651.53174999985,238631.64300000004,0.4063314824259744
2014-05-28,587283.1747499999,348651.53174999985,238631.64300000004,0.4063314824259744
2014-05-29,587283.1747499999,348651.53174999985,238631.64300000004,0.4063314824259744
2014-05-30,587283.1747499999,348651.53174999985,238631.64300000004,0.4063314824259744
2014-06-03,587283.1747499999,348651.53174999985,238631.64300000004,0.4063314824259744
2014-06-04,587283.1747499999,348651.53174999985,238631.64300000004,0.4063314824259744
2014-06-05,587283.1747499999,348651.53174999985,238631.64300000004,0.4063314824259744
2014-06-06,587283.1747499999,348651.53174999985,238631.64300000004,0.4063314824259744
2014-06-09,587283.1747499999,348651.53174999985,238631.64300000004,0.4063314824259744
2014-06-10,587283.1747499999,348651.53174999985,238631.64300000004,0.4063314824259744
2014-06-11,587283.1747499999,348651.53174999985,238631.64300000004,0.4063314824259744
2014-06-12,587283.1747499999,348651.53174999985,238631.64300000004,0.4063314824259744
2014-06-13,587283.1747499999,348651.53174999985,238631.64300000004,0.4063314824259744
2014-06-16,587283.1747499999,348651.53174999985,238631.64300000004,0.4063314824259744
2014-06-17,587283.1747499999,348651.53174999985,238631.64300000004,0.4063314824259744
2014-06-18,587283.1747499999,348651.53174999985,238631.64300000004,0.4063314824259744
2014-06-19,587283.1747499999,348651.53174999985,238631.64300000004,0.4063314824259744
2014-06-20,587283.1747499999,348651.53174999985,238631.64300000004,0.4063314824259744
2014-06-23,587283.1747499999,348651.53174999985,238631.64300000004,0.4063314824259744
2014-06-24,587283.1747499999,348651.53174999985,238631.64300000004,0.4063314824259744
2014-06-25,587283.1747499999,348651.53174999985,238631.64300000004,0.4063314824259744
2014-06-26,587283.1747499999,348651.53174999985,238631.64300000004,0.4063314824259744
2014-06-27,587283.1747499999,348651.53174999985,238631.64300000004,0.4063314824259744
2014-06-30,587283.1747499999,348651.53174999985,238631.64300000004,0.4063314824259744
2014-07-01,587283.1747499999,348651.53174999985,238631.64300000004,0.4063314824259744
2014-07-02,587283.1747499999,348651.53174999985,238631.64300000004,0.4063314824259744
2014-07-03,587283.1747499999,348651.53174999985,238631.64300000004,0.4063314824259744
2014-07-04,587283.1747499999,348651.53174999985,238631.64300000004,0.4063314824259744
2014-07-07,587283.1747499999,348651.53174999985,238631.64300000004,0.4063314824259744
2014-07-08,587283.1747499999,348651.53174999985,238631.64300000004,0.4063314824259744
2014-07-09,587283.1747499999,348651.53174999985,238631.64300000004,0.4063314824259744
2014-07-10,587283.1747499999,348651.53174999985,238631.64300000004,0.4063314824259744
2014-07-11,587283.1747499999,348651.53174999985,238631.64300000004,0.4063314824259744
2014-07-14,587283.1747499999,348651.53174999985,238631.64300000004,0.4063314824259744
2014-07-15,587283.1747499999,348651.53174999985,238631.64300000004,0.4063314824259744
2014-07-16,587283.1747499999,348651.53174999985,238631.64300000004,0.4063314824259744
2014-07-17,587283.1747499999,348651.53174999985,238631.64300000004,0.4063314824259744
2014-07-18,587283.1747499999,348651.53174999985,238631.64300000004,0.4063314824259744
2014-07-21,587283.1747499999,348651.53174999985,238631.64300000004,0.4063314824259744
2014-07-22,587283.1747499999,348651.53174999985,238631.64300000004,0.4063314824259744
2014-07-23,587283.1747499999,348651.53174999985,238631.64300000004,0.4063314824259744
2014-07-24,587283.1747499999,348651.53174999985,238631.64300000004,0.4063314824259744
2014-07-25,587283.1747499999,348651.53174999985,238631.64300000004,0.4063314824259744
2014-07-28,587283.1747499999,348651.53174999985,238631.64300000004,0.4063314824259744
2014-07-29,587283.1747499999,348651.53174999985,238631.64300000004,0.4063314824259744
2014-07-30,587283.1747499999,348651.53174999985,238631.64300000004,0.4063314824259744
2014-07-31,587283.1747499999,348651.53174999985,238631.64300000004,0.4063314824259744
2014-08-01,587283.1747499999,348651.53174999985,238631.64300000004,0.4063314824259744
2014-08-04,587283.1747499999,348651.53174999985,238631.64300000004,0.4063314824259744
2014-08-05,587283.1747499999,348651.53174999985,238631.64300000004,0.4063314824259744
2014-08-06,587283.1747499999,348651.53174999985,238631.64300000004,0.4063314824259744
2014-08-07,587283.1747499999,348651.53174999985,238631.64300000004,0.4063314824259744
2014-08-08,587283.1747499999,348651.53174999985,238631.64300000004,0.4063314824259744
2014-08-11,587283.1747499999,348651.53174999985,238631.64300000004,0.4063314824259744
2014-08-12,587283.1747499999,348651.53174999985,238631.64300000004,0.4063314824259744
2014-08-13,587283.1747499999,348651.53174999985,238631.64300000004,0.4063314824259744
2014-08-14,587283.1747499999,348651.53174999985,238631.64300000004,0.4063314824259744
2014-08-15,587283.1747499999,348651.53174999985,238631.64300000004,0.4063314824259744
2014-08-18,587283.1747499999,348651.53174999985,238631.64300000004,0.4063314824259744
2014-08-19,587283.1747499999,348651.53174999985,238631.64300000004,0.4063314824259744
2014-08-20,587283.1747499999,348651.53174999985,238631.64300000004,0.4063314824259744
2014-08-21,587283.1747499999,348651.53174999985,238631.64300000004,0.4063314824259744
2014-08-22,587283.1747499999,348651.53174999985,238631.64300000004,0.4063314824259744
2014-08-25,587283.1747499999,348651.53174999985,238631.64300000004,0.4063314824259744
2014-08-26,587283.1747499999,348651.53174999985,238631.64300000004,0.4063314824259744
2014-08-27,587283.1747499999,348651.53174999985,238631.64300000004,0.4063314824259744
2014-08-28,587283.1747499999,348651.53174999985,238631.64300000004,0.4063314824259744
2014-08-29,589186.7747999999,148601.73179999983,440585.04300000006,0.7477850180013921
2014-09-01,591628.7747999999,148601.73179999983,443027.04300000006,0.7488260576064194
2014-09-02,591577.6759499998,352946.0329499998,238631.64300000004,0.40338175813816407
2014-09-03,591577.6759499998,352946.0329499998,238631.64300000004,0.40338175813816407
2014-09-04,591577.6759499998,352946.0329499998,238631.64300000004,0.40338175813816407
2014-09-05,591577.6759499998,352946.0329499998,238631.64300000004,0.40338175813816407
2014-09-09,591577.6759499998,352946.0329499998,238631.64300000004,0.40338175813816407
2014-09-10,591577.6759499998,352946.0329499998,238631.64300000004,0.40338175813816407
2014-09-11,591577.6759499998,352946.0329499998,238631.64300000004,0.40338175813816407
2014-09-12,591577.6759499998,352946.0329499998,238631.64300000004,0.40338175813816407
2014-09-15,591577.6759499998,352946.0329499998,238631.64300000004,0.40338175813816407
2014-09-16,591577.6759499998,352946.0329499998,238631.64300000004,0.40338175813816407
2014-09-17,591577.6759499998,352946.0329499998,238631.64300000004,0.40338175813816407
2014-09-18,591577.6759499998,352946.0329499998,238631.64300000004,0.40338175813816407
2014-09-19,591577.6759499998,352946.0329499998,238631.64300000004,0.40338175813816407
2014-09-22,591577.6759499998,352946.0329499998,238631.64300000004,0.40338175813816407
2014-09-23,591577.6759499998,352946.0329499998,238631.64300000004,0.40338175813816407
2014-09-24,591577.6759499998,352946.0329499998,238631.64300000004,0.40338175813816407
2014-09-25,591577.6759499998,352946.0329499998,238631.64300000004,0.40338175813816407
2014-09-26,591577.6759499998,352946.0329499998,238631.64300000004,0.40338175813816407
2014-09-29,591577.6759499998,352946.0329499998,238631.64300000004,0.40338175813816407
2014-09-30,591577.6759499998,352946.0329499998,238631.64300000004,0.40338175813816407
2014-10-08,591577.6759499998,352946.0329499998,238631.64300000004,0.40338175813816407
2014-10-09,591577.6759499998,352946.0329499998,238631.64300000004,0.40338175813816407
2014-10-10,591577.6759499998,352946.0329499998,238631.64300000004,0.40338175813816407
2014-10-13,591577.6759499998,352946.0329499998,238631.64300000004,0.40338175813816407
2014-10-14,591577.6759499998,352946.0329499998,238631.64300000004,0.40338175813816407
2014-10-15,591577.6759499998,352946.0329499998,238631.64300000004,0.40338175813816407
2014-10-16,591577.6759499998,352946.0329499998,238631.64300000004,0.40338175813816407
2014-10-17,591577.6759499998,352946.0329499998,238631.64300000004,0.40338175813816407
2014-10-20,591577.6759499998,352946.0329499998,238631.64300000004,0.40338175813816407
2014-10-21,591577.6759499998,352946.0329499998,238631.64300000004,0.40338175813816407
2014-10-22,591577.6759499998,352946.0329499998,238631.64300000004,0.40338175813816407
2014-10-23,591577.6759499998,352946.0329499998,238631.64300000004,0.40338175813816407
2014-10-24,591577.6759499998,352946.0329499998,238631.64300000004,0.40338175813816407
2014-10-27,591577.6759499998,352946.0329499998,238631.64300000004,0.40338175813816407
2014-10-28,596780.1907249998,116.94772499977262,596663.243,0.9998040355112028
2014-10-29,600256.0912499998,361624.4482499998,238631.64300000004,0.39754972332402816
2014-10-30,600256.0912499998,361624.4482499998,238631.64300000004,0.39754972332402816
2014-10-31,600256.0912499998,361624.4482499998,238631.64300000004,0.39754972332402816
2014-11-03,600256.0912499998,361624.4482499998,238631.64300000004,0.39754972332402816
2014-11-04,600256.0912499998,361624.4482499998,238631.64300000004,0.39754972332402816
2014-11-05,600256.0912499998,361624.4482499998,238631.64300000004,0.39754972332402816
2014-11-06,600256.0912499998,361624.4482499998,238631.64300000004,0.39754972332402816
2014-11-07,600256.0912499998,361624.4482499998,238631.64300000004,0.39754972332402816
2014-11-10,600256.0912499998,361624.4482499998,238631.64300000004,0.39754972332402816
2014-11-11,600256.0912499998,361624.4482499998,238631.64300000004,0.39754972332402816
2014-11-12,604492.1438499999,144.50084999980754,604347.643,0.9997609549578601
2014-11-13,596543.9438499999,144.50084999980754,596399.4430000001,0.9997577699824304
2014-11-14,597053.5438499999,144.50084999980754,596909.0430000001,0.999757976731755
2014-11-17,602198.9438499998,144.50084999980754,602054.443,0.9997600446638515
2014-11-18,603657.5438499999,144.50084999980754,603513.0430000001,0.9997606244608852
2014-11-19,606752.4382499999,204515.7952499998,402236.6430000001,0.6629337068016309
2014-11-20,605387.4382499999,204515.7952499998,400871.6430000001,0.6621737050884375
2014-11-21,606947.4382499999,204515.7952499998,402431.6430000001,0.663041999419791
2014-11-24,608011.2119999998,369379.5689999998,238631.64300000004,0.39247901731127965
2014-11-25,608011.2119999998,369379.5689999998,238631.64300000004,0.39247901731127965
2014-11-26,608011.2119999998,369379.5689999998,238631.64300000004,0.39247901731127965
2014-11-27,608011.2119999998,369379.5689999998,238631.64300000004,0.39247901731127965
2014-11-28,608011.2119999998,369379.5689999998,238631.64300000004,0.39247901731127965
2014-12-01,608011.2119999998,369379.5689999998,238631.64300000004,0.39247901731127965
2014-12-02,608011.2119999998,369379.5689999998,238631.64300000004,0.39247901731127965
2014-12-03,608011.2119999998,369379.5689999998,238631.64300000004,0.39247901731127965
2014-12-04,608011.2119999998,369379.5689999998,238631.64300000004,0.39247901731127965
2014-12-05,608011.2119999998,369379.5689999998,238631.64300000004,0.39247901731127965
2014-12-08,608011.2119999998,369379.5689999998,238631.64300000004,0.39247901731127965
2014-12-09,608011.2119999998,369379.5689999998,238631.64300000004,0.39247901731127965
2014-12-10,608011.2119999998,369379.5689999998,238631.64300000004,0.39247901731127965
2014-12-11,608011.2119999998,369379.5689999998,238631.64300000004,0.39247901731127965
2014-12-12,608011.2119999998,369379.5689999998,238631.64300000004,0.39247901731127965
2014-12-15,608011.2119999998,369379.5689999998,238631.64300000004,0.39247901731127965
2014-12-16,608011.2119999998,369379.5689999998,238631.64300000004,0.39247901731127965
2014-12-17,608011.2119999998,369379.5689999998,238631.64300000004,0.39247901731127965
2014-12-18,608011.2119999998,369379.5689999998,238631.64300000004,0.39247901731127965
2014-12-19,608011.2119999998,369379.5689999998,238631.64300000004,0.39247901731127965
2014-12-22,608011.2119999998,369379.5689999998,238631.64300000004,0.39247901731127965
2014-12-23,608011.2119999998,369379.5689999998,238631.64300000004,0.39247901731127965
2014-12-24,608011.2119999998,369379.5689999998,238631.64300000004,0.39247901731127965
2014-12-25,608011.2119999998,369379.5689999998,238631.64300000004,0.39247901731127965
2014-12-26,608011.2119999998,369379.5689999998,238631.64300000004,0.39247901731127965
2014-12-29,608011.2119999998,369379.5689999998,238631.64300000004,0.39247901731127965
2014-12-30,608011.2119999998,369379.5689999998,238631.64300000004,0.39247901731127965
2014-12-31,608011.2119999998,369379.5689999998,238631.64300000004,0.39247901731127965
2015-01-05,608011.2119999998,369379.5689999998,238631.64300000004,0.39247901731127965
2015-01-06,608011.2119999998,369379.5689999998,238631.64300000004,0.39247901731127965
2015-01-07,608011.2119999998,369379.5689999998,238631.64300000004,0.39247901731127965
2015-01-08,608011.2119999998,369379.5689999998,238631.64300000004,0.39247901731127965
2015-01-09,608011.2119999998,369379.5689999998,238631.64300000004,0.39247901731127965
2015-01-12,608011.2119999998,369379.5689999998,238631.64300000004,0.39247901731127965
2015-01-13,608011.2119999998,369379.5689999998,238631.64300000004,0.39247901731127965
2015-01-14,608011.2119999998,369379.5689999998,238631.64300000004,0.39247901731127965
2015-01-15,608011.2119999998,369379.5689999998,238631.64300000004,0.39247901731127965
2015-01-16,608011.2119999998,369379.5689999998,238631.64300000004,0.39247901731127965
2015-01-19,608011.2119999998,369379.5689999998,238631.64300000004,0.39247901731127965
2015-01-20,607468.0343999998,169419.19139999978,438048.843,0.7211059976722294
2015-01-21,615770.2343999998,169419.19139999978,446351.04300000006,0.724866221302366
2015-01-22,615852.4343999998,169419.19139999978,446433.243,0.7249029443797554
2015-01-23,615605.8343999998,169419.19139999978,446186.64300000004,0.724792745726453
2015-01-26,618154.0343999998,169419.19139999978,448734.843,0.725927225300012
2015-01-27,616592.2343999998,169419.19139999978,447173.04300000006,0.7252330114652514
2015-01-28,615112.6343999999,169419.19139999978,445693.4430000001,0.7245720833465621
2015-01-29,613139.8343999998,169419.19139999978,443720.64300000004,0.7236858838803251
2015-01-30,611660.2343999998,169419.19139999978,442241.04300000006,0.7230174827922411
2015-02-02,605824.0343999998,169419.19139999978,436404.843,0.7203491743806594
2015-02-03,611354.5267499997,146.2837499997695,611208.243,0.9997607218993252
2015-02-04,607396.9267499999,146.2837499997695,607250.6430000002,0.9997591628413689
2015-02-05,603048.7267499997,146.2837499997695,602902.443,0.9997574263181218
2015-02-06,596219.5267499997,146.2837499997695,596073.243,0.9997546478378575
2015-02-09,599205.7267499999,146.2837499997695,599059.4430000002,0.9997558705742131
2015-02-10,605827.9267499999,146.2837499997695,605681.6430000002,0.9997585391106276
2015-02-11,607037.5267499997,146.2837499997695,606891.243,0.9997590202523674
2015-02-12,607738.9267499999,146.2837499997695,607592.6430000002,0.9997592983704664
2015-02-13,610568.2937999999,173834.6507999998,436733.64300000004,0.715290406388279
2015-02-16,611308.0937999999,173834.6507999998,437473.4430000001,0.7156349595841064
2015-02-17,613066.3312499998,374434.6882499998,238631.64300000004,0.3892427798366396
2015-02-25,613066.3312499998,374434.6882499998,238631.64300000004,0.3892427798366396
2015-02-26,613066.3312499998,374434.6882499998,238631.64300000004,0.3892427798366396
2015-02-27,613066.3312499998,374434.6882499998,238631.64300000004,0.3892427798366396
2015-03-02,613066.3312499998,374434.6882499998,238631.64300000004,0.3892427798366396
2015-03-03,613066.3312499998,374434.6882499998,238631.64300000004,0.3892427798366396
2015-03-04,613066.3312499998,374434.6882499998,238631.64300000004,0.3892427798366396
2015-03-05,613066.3312499998,374434.6882499998,238631.64300000004,0.3892427798366396
2015-03-06,612148.4057499998,174682.76274999976,437465.64300000004,0.7146398469567528
2015-03-09,615383.8757499998,376752.23274999973,238631.64300000004,0.38777688594646303
2015-03-10,615383.8757499998,376752.23274999973,238631.64300000004,0.38777688594646303
2015-03-11,615383.8757499998,376752.23274999973,238631.64300000004,0.38777688594646303
2015-03-12,615383.8757499998,376752.23274999973,238631.64300000004,0.38777688594646303
2015-03-13,615383.8757499998,376752.23274999973,238631.64300000004,0.38777688594646303
2015-03-16,615383.8757499998,376752.23274999973,238631.64300000004,0.38777688594646303
2015-03-17,615383.8757499998,376752.23274999973,238631.64300000004,0.38777688594646303
2015-03-18,615383.8757499998,376752.23274999973,238631.64300000004,0.38777688594646303
2015-03-19,615383.8757499998,376752.23274999973,238631.64300000004,0.38777688594646303
2015-03-20,615383.8757499998,376752.23274999973,238631.64300000004,0.38777688594646303
2015-03-23,615383.8757499998,376752.23274999973,238631.64300000004,0.38777688594646303
2015-03-24,615383.8757499998,376752.23274999973,238631.64300000004,0.38777688594646303
2015-03-25,615383.8757499998,376752.23274999973,238631.64300000004,0.38777688594646303
2015-03-26,615383.8757499998,376752.23274999973,238631.64300000004,0.38777688594646303
2015-03-27,615383.8757499998,376752.23274999973,238631.64300000004,0.38777688594646303
2015-03-30,615383.8757499998,376752.23274999973,238631.64300000004,0.38777688594646303
2015-03-31,615383.8757499998,376752.23274999973,238631.64300000004,0.38777688594646303
2015-04-01,615383.8757499998,376752.23274999973,238631.64300000004,0.38777688594646303
2015-04-02,615383.8757499998,376752.23274999973,238631.64300000004,0.38777688594646303
2015-04-03,615383.8757499998,376752.23274999973,238631.64300000004,0.38777688594646303
2015-04-07,615383.8757499998,376752.23274999973,238631.64300000004,0.38777688594646303
2015-04-08,615383.8757499998,376752.23274999973,238631.64300000004,0.38777688594646303
2015-04-09,615383.8757499998,376752.23274999973,238631.64300000004,0.38777688594646303
2015-04-10,615383.8757499998,376752.23274999973,238631.64300000004,0.38777688594646303
2015-04-13,615383.8757499998,376752.23274999973,238631.64300000004,0.38777688594646303
2015-04-14,615383.8757499998,376752.23274999973,238631.64300000004,0.38777688594646303
2015-04-15,615383.8757499998,376752.23274999973,238631.64300000004,0.38777688594646303
2015-04-16,615383.8757499998,376752.23274999973,238631.64300000004,0.38777688594646303
2015-04-17,615383.8757499998,376752.23274999973,238631.64300000004,0.38777688594646303
2015-04-20,615383.8757499998,376752.23274999973,238631.64300000004,0.38777688594646303
2015-04-21,615383.8757499998,376752.23274999973,238631.64300000004,0.38777688594646303
2015-04-22,615383.8757499998,376752.23274999973,238631.64300000004,0.38777688594646303
2015-04-23,615383.8757499998,376752.23274999973,238631.64300000004,0.38777688594646303
2015-04-24,615383.8757499998,376752.23274999973,238631.64300000004,0.38777688594646303
2015-04-27,615383.8757499998,376752.23274999973,238631.64300000004,0.38777688594646303
2015-04-28,615383.8757499998,376752.23274999973,238631.64300000004,0.38777688594646303
2015-04-29,615383.8757499998,376752.23274999973,238631.64300000004,0.38777688594646303
2015-04-30,751354.6587249998,751354.6587249998,0.0,0.0
2015-05-04,751354.6587249998,751354.6587249998,0.0,0.0
2015-05-05,751354.6587249998,751354.6587249998,0.0,0.0
2015-05-06,751354.6587249998,751354.6587249998,0.0,0.0
2015-05-07,751354.6587249998,751354.6587249998,0.0,0.0
2015-05-08,755054.6899749998,551429.6899749998,203625.0,0.26968245175292155
2015-05-11,761992.1899749998,551429.6899749998,210562.5,0.2763315723838434
2015-05-12,764251.4712249998,764251.4712249998,0.0,0.0
2015-05-13,764251.4712249998,764251.4712249998,0.0,0.0
2015-05-14,764251.4712249998,764251.4712249998,0.0,0.0
2015-05-15,764251.4712249998,764251.4712249998,0.0,0.0
2015-05-18,761386.5049749997,564336.5049749997,197050.0,0.25880416675689594
2015-05-19,787645.6174749997,164686.61747499972,622959.0,0.7909127990796864
2015-05-20,797495.7756249998,797495.7756249998,0.0,0.0
2015-05-21,797495.7756249998,797495.7756249998,0.0,0.0
2015-05-22,797495.7756249998,797495.7756249998,0.0,0.0
2015-05-25,797495.7756249998,797495.7756249998,0.0,0.0
2015-05-26,797495.7756249998,797495.7756249998,0.0,0.0
2015-05-27,797495.7756249998,797495.7756249998,0.0,0.0
2015-05-28,797495.7756249998,797495.7756249998,0.0,0.0
2015-05-29,797495.7756249998,797495.7756249998,0.0,0.0
2015-06-01,797495.7756249998,797495.7756249998,0.0,0.0
2015-06-02,797495.7756249998,797495.7756249998,0.0,0.0
2015-06-03,797495.7756249998,797495.7756249998,0.0,0.0
2015-06-04,797495.7756249998,797495.7756249998,0.0,0.0
2015-06-05,797495.7756249998,797495.7756249998,0.0,0.0
2015-06-08,797495.7756249998,797495.7756249998,0.0,0.0
2015-06-09,797495.7756249998,797495.7756249998,0.0,0.0
2015-06-10,797495.7756249998,797495.7756249998,0.0,0.0
2015-06-11,797495.7756249998,797495.7756249998,0.0,0.0
2015-06-12,797495.7756249998,797495.7756249998,0.0,0.0
2015-06-15,797495.7756249998,797495.7756249998,0.0,0.0
2015-06-16,797495.7756249998,797495.7756249998,0.0,0.0
2015-06-17,797495.7756249998,797495.7756249998,0.0,0.0
2015-06-18,797495.7756249998,797495.7756249998,0.0,0.0
2015-06-19,792198.7899999998,597503.2899999998,194695.5,0.24576596487858818
2015-06-23,808334.9271999998,197952.2271999998,610382.7,0.7551111296332466
2015-06-24,814894.4271999998,197952.2271999998,616942.2,0.7570823647915114
2015-06-25,795812.9271999998,197952.2271999998,597860.7,0.7512578390797471
2015-06-26,749033.9271999998,197952.2271999998,551081.7,0.7357232830027143
2015-06-29,722445.6628249998,45.262824999779696,722400.4,0.9999373477794541
2015-06-30,775327.3628249996,45.262824999779696,775282.0999999999,0.9999416210143354
2015-07-01,736927.0628249998,45.262824999779696,736881.8,0.9999385789621754
2015-07-02,726432.0628249997,45.262824999779696,726386.7999999999,0.9999376915924887
2015-07-03,695744.7628249998,45.262824999779696,695699.5,0.9999349433478795
2015-07-06,731858.3628249997,45.262824999779696,731813.1,0.9999381535727419
2015-07-07,722757.8628249997,45.262824999779696,722712.6,0.9999373748424918
2015-07-08,663494.0628249998,45.262824999779696,663448.8,0.9999317811152567
2015-07-09,719684.1628249998,45.262824999779696,719638.9,0.9999371073766274
2015-07-10,764685.0766749999,404288.77667499986,360396.30000000005,0.4713002920981191
2015-07-13,770160.8244249998,587252.0244249998,182908.79999999993,0.23749429235972785
2015-07-14,766704.8244249998,587252.0244249998,179452.79999999993,0.23405722030584963
2015-07-15,757676.0244249998,587252.0244249998,170424.0,0.22492991002234067
2015-07-16,761607.2244249998,587252.0244249998,174355.19999999995,0.2289306015074044
2015-07-17,768646.6644249998,768646.6644249998,0.0,0.0
2015-07-20,768646.6644249998,768646.6644249998,0.0,0.0
2015-07-21,768646.6644249998,768646.6644249998,0.0,0.0
2015-07-22,768646.6644249998,768646.6644249998,0.0,0.0
2015-07-23,768646.6644249998,768646.6644249998,0.0,0.0
2015-07-24,768646.6644249998,768646.6644249998,0.0,0.0
2015-07-27,768646.6644249998,768646.6644249998,0.0,0.0
2015-07-28,783158.0581999999,169271.95819999985,613886.1,0.7838597759064724
2015-07-29,788802.6581999998,169271.95819999985,619530.7,0.7854064556700806
2015-07-30,776245.7581999999,169271.95819999985,606973.8,0.7819350941221028
2015-07-31,768938.5581999999,169271.95819999985,599666.6,0.7798628298777904
2015-08-03,772812.5581999999,169271.95819999985,603540.6,0.780966346361839
2015-08-04,787049.1581999998,169271.95819999985,617777.2,0.7849283536658258
2015-08-05,774063.4581999999,169271.95819999985,604791.5,0.7813203085524495
2015-08-06,766239.9581999999,169271.95819999985,596968.0,0.7790875346704154
2015-08-07,773805.3581999998,169271.95819999985,604533.3999999999,0.7812473687262199
2015-08-10,803790.9855499999,383109.08554999984,420681.9,0.5233722541838975
2015-08-11,795702.2855499998,383109.08554999984,412593.19999999995,0.5185271017725055
2015-08-12,791358.0855499998,383109.08554999984,408249.0,0.515884032089296
2015-08-13,793052.6855499998,383109.08554999984,409943.6,0.5169184941548932
2015-08-14,796017.9326749999,591268.5326749999,204749.40000000002,0.25721706961040985
2015-08-17,792703.2326749999,591268.5326749999,201434.69999999995,0.25411111207437964
2015-08-18,784397.4326749999,591268.5326749999,193128.90000000002,0.2462130700012366
2015-08-19,785235.6326749999,591268.5326749999,193967.09999999998,0.24701770007459756
2015-08-20,781158.9326749999,591268.5326749999,189890.40000000002,0.24308804784416854
2015-08-21,762180.4496249999,391286.3496249999,370894.1,0.48662242672648376
2015-08-24,697471.6098499999,229.50984999991488,697242.1,0.9996709402264427
2015-08-25,634620.80985,229.50984999991488,634391.3,0.9996383512068345
2015-08-26,662951.6098499999,229.50984999991488,662722.1,0.9996538060295956
2015-08-27,716759.0098499999,229.50984999991488,716529.5,0.9996797949563997
2015-08-28,735122.30985,229.50984999991488,734892.8,0.9996877936543013
2015-08-31,735554.8098499998,229.50984999991488,735325.2999999999,0.9996879772289889
2015-09-01,743118.10985,229.50984999991488,742888.6000000001,0.9996911529311993
2015-09-02,745503.9098499998,229.50984999991488,745274.3999999999,0.9996921413194921
2015-09-07,723838.4098499999,229.50984999991488,723608.9,0.9996829266768982
2015-09-08,738289.30985,229.50984999991488,738059.8,0.9996891329090942
2015-09-09,753200.10985,229.50984999991488,752970.6000000001,0.9996952870200116
2015-09-10,747730.0098499999,229.50984999991488,747500.5,0.9996930578591516
2015-09-11,746800.804,378158.4039999999,368642.4000000001,0.4936288204638838
2015-09-14,731811.7039999999,378158.4039999999,353653.3,0.48325723415869287
2015-09-15,721888.1039999999,378158.4039999999,343729.7,0.47615371148989044
2015-09-16,741653.9039999999,378158.4039999999,363495.49999999994,0.490114726073093
2015-09-17,743927.7387999999,743927.7387999999,0.0,0.0
2015-09-18,743927.7387999999,743927.7387999999,0.0,0.0
2015-09-21,743927.7387999999,743927.7387999999,0.0,0.0
2015-09-22,743927.7387999999,743927.7387999999,0.0,0.0
2015-09-23,743927.7387999999,743927.7387999999,0.0,0.0
2015-09-24,743927.7387999999,743927.7387999999,0.0,0.0
2015-09-25,743927.7387999999,743927.7387999999,0.0,0.0
2015-09-28,743927.7387999999,743927.7387999999,0.0,0.0
2015-09-29,743927.7387999999,743927.7387999999,0.0,0.0
2015-09-30,747641.0047999999,144041.80479999993,603599.2,0.807338276157643
2015-10-08,761953.0883499999,761953.0883499999,0.0,0.0
2015-10-09,761953.0883499999,761953.0883499999,0.0,0.0
2015-10-12,761953.0883499999,761953.0883499999,0.0,0.0
2015-10-13,761953.0883499999,761953.0883499999,0.0,0.0
2015-10-14,761953.0883499999,761953.0883499999,0.0,0.0
2015-10-15,761953.0883499999,761953.0883499999,0.0,0.0
2015-10-16,761953.0883499999,761953.0883499999,0.0,0.0
2015-10-19,761953.0883499999,761953.0883499999,0.0,0.0
2015-10-20,761953.0883499999,761953.0883499999,0.0,0.0
2015-10-21,761953.0883499999,761953.0883499999,0.0,0.0
2015-10-22,761953.0883499999,761953.0883499999,0.0,0.0
2015-10-23,761953.0883499999,761953.0883499999,0.0,0.0
2015-10-26,761953.0883499999,761953.0883499999,0.0,0.0
2015-10-27,761953.0883499999,761953.0883499999,0.0,0.0
2015-10-28,761953.0883499999,761953.0883499999,0.0,0.0
2015-10-29,761953.0883499999,761953.0883499999,0.0,0.0
2015-10-30,761953.0883499999,761953.0883499999,0.0,0.0
2015-11-02,761953.0883499999,761953.0883499999,0.0,0.0
2015-11-03,761953.0883499999,761953.0883499999,0.0,0.0
2015-11-04,761953.0883499999,761953.0883499999,0.0,0.0
2015-11-05,761953.0883499999,761953.0883499999,0.0,0.0
2015-11-06,761953.0883499999,761953.0883499999,0.0,0.0
2015-11-09,761953.0883499999,761953.0883499999,0.0,0.0
2015-11-10,761953.0883499999,761953.0883499999,0.0,0.0
2015-11-11,761953.0883499999,761953.0883499999,0.0,0.0
2015-11-12,761953.0883499999,761953.0883499999,0.0,0.0
2015-11-13,761953.0883499999,761953.0883499999,0.0,0.0
2015-11-16,761953.0883499999,761953.0883499999,0.0,0.0
2015-11-17,761953.0883499999,761953.0883499999,0.0,0.0
2015-11-18,761953.0883499999,761953.0883499999,0.0,0.0
2015-11-19,761953.0883499999,761953.0883499999,0.0,0.0
2015-11-20,761953.0883499999,761953.0883499999,0.0,0.0
2015-11-23,761953.0883499999,761953.0883499999,0.0,0.0
2015-11-24,761953.0883499999,761953.0883499999,0.0,0.0
2015-11-25,761953.0883499999,761953.0883499999,0.0,0.0
2015-11-26,761953.0883499999,761953.0883499999,0.0,0.0
2015-11-27,761953.0883499999,761953.0883499999,0.0,0.0
2015-11-30,761953.0883499999,761953.0883499999,0.0,0.0
2015-12-01,761953.0883499999,761953.0883499999,0.0,0.0
2015-12-02,773072.5891499999,568370.7891499999,204701.80000000005,0.26478988244179175
2015-12-03,768168.3260499998,568370.7891499999,199797.53689999995,0.2600960364082952
2015-12-04,768168.3260499998,568370.7891499999,199797.53689999995,0.2600960364082952
2015-12-07,768168.3260499998,568370.7891499999,199797.53689999995,0.2600960364082952
2015-12-08,768168.3260499998,568370.7891499999,199797.53689999995,0.2600960364082952
2015-12-09,768168.3260499998,568370.7891499999,199797.53689999995,0.2600960364082952
2015-12-10,768168.3260499998,568370.7891499999,199797.53689999995,0.2600960364082952
2015-12-11,768168.3260499998,568370.7891499999,199797.53689999995,0.2600960364082952
2015-12-14,768168.3260499998,568370.7891499999,199797.53689999995,0.2600960364082952
2015-12-15,768168.3260499998,568370.7891499999,199797.53689999995,0.2600960364082952
2015-12-16,768168.3260499998,568370.7891499999,199797.53689999995,0.2600960364082952
2015-12-17,768168.3260499998,568370.7891499999,199797.53689999995,0.2600960364082952
2015-12-18,768168.3260499998,568370.7891499999,199797.53689999995,0.2600960364082952
2015-12-21,768168.3260499998,568370.7891499999,199797.53689999995,0.2600960364082952
2015-12-22,768168.3260499998,568370.7891499999,199797.53689999995,0.2600960364082952
2015-12-23,768168.3260499998,568370.7891499999,199797.53689999995,0.2600960364082952
2015-12-24,767794.8073749999,369046.27047499985,398748.5369,0.5193425809472121
2015-12-25,768666.3073749999,369046.27047499985,399620.0369,0.5198875416625257
2015-12-28,759054.7641999999,169223.62729999988,589831.1369,0.7770600551089989
2015-12-29,763188.1641999998,169223.62729999988,593964.5369,0.7782674899349548
2015-12-30,766225.9641999998,169223.62729999988,597002.3369,0.7791465765889536
2015-12-31,759353.5641999999,169223.62729999988,590129.9369000001,0.7771477803251222
2016-01-04,727182.7641999999,169223.62729999988,557959.1369,0.7672887262582896
2016-01-05,726142.7024999999,134.5655999998853,726008.1369,0.9998146843595115
2016-01-06,737081.1024999999,134.5655999998853,736946.5369000001,0.9998174344728912
2016-01-07,687746.1024999999,134.5655999998853,687611.5369000001,0.999804338258682
2016-01-08,696456.5025,134.5655999998853,696321.9369000001,0.9998067853490967
2016-01-11,665342.9024999999,134.5655999998853,665208.3369,0.9997977500030523
2016-01-12,667634.7024999999,134.5655999998853,667500.1369,0.9997984442697542
2016-01-13,652445.1024999999,134.5655999998853,652310.5369000001,0.9997937518428995
2016-01-14,670797.3024999999,134.5655999998853,670662.7369,0.9997993945421391
2016-01-15,653040.9024999999,134.5655999998853,652906.3369,0.9997939400128159
2016-01-18,662877.7024999999,134.5655999998853,662743.1369,0.9997969978481818
2016-01-19,676910.7024999999,134.5655999998853,676776.1369,0.9998012062750627
2016-01-20,671229.7024999999,134.5655999998853,671095.1369,0.9997995237703298
2016-01-21,654466.5024999998,134.5655999998853,654331.9369,0.9997943888656091
2016-01-22,661164.9024999999,134.5655999998853,661030.3369,0.9997964719550433
2016-01-25,663304.9024999999,134.5655999998853,663170.3369,0.9997971285912517
2016-01-26,632770.7024999999,134.5655999998853,632636.1369,0.9997873390795936
2016-01-27,625573.9024999999,134.5655999998853,625439.3369,0.9997848925611154
2016-01-28,607764.9024999999,134.5655999998853,607630.3369,0.999778589386379
2016-01-29,622630.1024999998,134.5655999998853,622495.5369,0.99978387553146
2016-02-01,620699.1024999998,134.5655999998853,620564.5369,0.9997832031664653
2016-02-02,636315.5025,134.5655999998853,636180.9369000001,0.9997885237755938
2016-02-03,639656.85905,150670.7221499999,488986.13690000004,0.7644507050643188
2016-02-04,644487.45905,150670.7221499999,493816.7369,0.7662162078807638
2016-02-05,642445.6590499999,150670.7221499999,491774.9369,0.7654732037993681
2016-02-15,647749.7200999998,447952.18319999985,199797.53689999995,0.30844866574261914
2016-02-16,647749.7200999998,447952.18319999985,199797.53689999995,0.30844866574261914
2016-02-17,647749.7200999998,447952.18319999985,199797.53689999995,0.30844866574261914
2016-02-18,647749.7200999998,447952.18319999985,199797.53689999995,0.30844866574261914
2016-02-19,647749.7200999998,447952.18319999985,199797.53689999995,0.30844866574261914
2016-02-22,647749.7200999998,447952.18319999985,199797.53689999995,0.30844866574261914
2016-02-23,647749.7200999998,447952.18319999985,199797.53689999995,0.30844866574261914
2016-02-24,647749.7200999998,447952.18319999985,199797.53689999995,0.30844866574261914
2016-02-25,647749.7200999998,447952.18319999985,199797.53689999995,0.30844866574261914
2016-02-26,647749.7200999998,447952.18319999985,199797.53689999995,0.30844866574261914
2016-02-29,647749.7200999998,447952.18319999985,199797.53689999995,0.30844866574261914
2016-03-01,651289.5234499999,247915.58654999986,403373.9369,0.6193465768699217
2016-03-02,660210.885725,460413.3488249999,199797.53690000006,0.3026268442705176
2016-03-03,660210.885725,460413.3488249999,199797.53690000006,0.3026268442705176
2016-03-04,660210.885725,460413.3488249999,199797.53690000006,0.3026268442705176
2016-03-07,660210.885725,460413.3488249999,199797.53690000006,0.3026268442705176
2016-03-08,660210.885725,460413.3488249999,199797.53690000006,0.3026268442705176
2016-03-09,660210.885725,460413.3488249999,199797.53690000006,0.3026268442705176
2016-03-10,660210.885725,460413.3488249999,199797.53690000006,0.3026268442705176
2016-03-11,660210.885725,460413.3488249999,199797.53690000006,0.3026268442705176
2016-03-14,660210.885725,460413.3488249999,199797.53690000006,0.3026268442705176
2016-03-15,660210.885725,460413.3488249999,199797.53690000006,0.3026268442705176
2016-03-16,660210.885725,460413.3488249999,199797.53690000006,0.3026268442705176
2016-03-17,660210.885725,460413.3488249999,199797.53690000006,0.3026268442705176
2016-03-18,660210.885725,460413.3488249999,199797.53690000006,0.3026268442705176
2016-03-21,660210.885725,460413.3488249999,199797.53690000006,0.3026268442705176
2016-03-22,660210.885725,460413.3488249999,199797.53690000006,0.3026268442705176
2016-03-23,660210.885725,460413.3488249999,199797.53690000006,0.3026268442705176
2016-03-24,660210.885725,460413.3488249999,199797.53690000006,0.3026268442705176
2016-03-25,660210.885725,460413.3488249999,199797.53690000006,0.3026268442705176
2016-03-28,660210.885725,460413.3488249999,199797.53690000006,0.3026268442705176
2016-03-29,660210.885725,460413.3488249999,199797.53690000006,0.3026268442705176
2016-03-30,660210.885725,460413.3488249999,199797.53690000006,0.3026268442705176
2016-03-31,660210.885725,460413.3488249999,199797.53690000006,0.3026268442705176
2016-04-01,660210.885725,460413.3488249999,199797.53690000006,0.3026268442705176
2016-04-05,660210.885725,460413.3488249999,199797.53690000006,0.3026268442705176
2016-04-06,660210.885725,460413.3488249999,199797.53690000006,0.3026268442705176
2016-04-07,660210.885725,460413.3488249999,199797.53690000006,0.3026268442705176
2016-04-08,660210.885725,460413.3488249999,199797.53690000006,0.3026268442705176
2016-04-11,660210.885725,460413.3488249999,199797.53690000006,0.3026268442705176
2016-04-12,660210.885725,460413.3488249999,199797.53690000006,0.3026268442705176
2016-04-13,660210.885725,460413.3488249999,199797.53690000006,0.3026268442705176
2016-04-14,660210.885725,460413.3488249999,199797.53690000006,0.3026268442705176
2016-04-15,660210.885725,460413.3488249999,199797.53690000006,0.3026268442705176
2016-04-18,660210.885725,460413.3488249999,199797.53690000006,0.3026268442705176
2016-04-19,660210.885725,460413.3488249999,199797.53690000006,0.3026268442705176
2016-04-20,660210.885725,460413.3488249999,199797.53690000006,0.3026268442705176
2016-04-21,656741.3271499999,60479.09024999989,596262.2369,0.9079103328056795
2016-04-22,661991.3271499999,60479.09024999989,601512.2369,0.9086406607313512
2016-04-25,660321.8271499999,60479.09024999989,599842.7369,0.9084096757621472
2016-04-26,664726.7271499999,60479.09024999989,604247.6369,0.9090166112181128
2016-04-27,662544.5271499999,60479.09024999989,602065.4369,0.9087169423764518
2016-04-28,662910.8271499999,60479.09024999989,602431.7369,0.9087673820172574
2016-04-29,661886.3271499999,60479.09024999989,601407.2369,0.9086261677130946
2016-05-03,673552.2823999999,473754.74549999996,199797.53689999995,0.2966325586309081
2016-05-04,673552.2823999999,473754.74549999996,199797.53689999995,0.2966325586309081
2016-05-05,673552.2823999999,473754.74549999996,199797.53689999995,0.2966325586309081
2016-05-06,673552.2823999999,473754.74549999996,199797.53689999995,0.2966325586309081
2016-05-09,670836.7261999999,273879.98929999996,396956.73689999996,0.5917337578528061
2016-05-10,670561.1992999999,74122.46239999996,596438.7368999999,0.8894620468983643
2016-05-11,671955.9051,127.16819999997097,671828.7369,0.9998107491889947
2016-05-12,673457.9051,127.16819999997097,673330.7369,0.9998111712713788
2016-05-13,672217.5051,127.16819999997097,672090.3369,0.9998108228377941
2016-05-16,673261.5051,127.16819999997097,673134.3369,0.9998111161873408
2016-05-17,672412.3051,127.16819999997097,672285.1369,0.9998108776430243
2016-05-18,671239.1050999999,127.16819999997097,671111.9369,0.9998105470926325
2016-05-19,670063.1051,127.16819999997097,669935.9369000001,0.9998102145916824
2016-05-20,672805.9051,127.16819999997097,672678.7369,0.9998109882820052
2016-05-23,673262.7051,127.16819999997097,673135.5369000001,0.9998111165240008
2016-05-24,670061.9051,127.16819999997097,669934.7369,0.9998102142517996
2016-05-25,670585.5051,127.16819999997097,670458.3369,0.999810362438447
2016-05-26,670585.5051,127.16819999997097,670458.3369,0.999810362438447
2016-05-27,671239.1050999999,127.16819999997097,671111.9369,0.9998105470926325
2016-05-30,672609.2275,273169.2906,399439.93690000003,0.5938662756451702
2016-05-31,674123.7257000001,474326.1888,199797.53690000006,0.2963811082194641
2016-06-01,674123.7257000001,474326.1888,199797.53690000006,0.2963811082194641
2016-06-02,674123.7257000001,474326.1888,199797.53690000006,0.2963811082194641
2016-06-03,674123.7257000001,474326.1888,199797.53690000006,0.2963811082194641
2016-06-06,674123.7257000001,474326.1888,199797.53690000006,0.2963811082194641
2016-06-07,674123.7257000001,474326.1888,199797.53690000006,0.2963811082194641
2016-06-08,674123.7257000001,474326.1888,199797.53690000006,0.2963811082194641
2016-06-13,674123.7257000001,474326.1888,199797.53690000006,0.2963811082194641
2016-06-14,674123.7257000001,474326.1888,199797.53690000006,0.2963811082194641
2016-06-15,674123.7257000001,474326.1888,199797.53690000006,0.2963811082194641
2016-06-16,674123.7257000001,474326.1888,199797.53690000006,0.2963811082194641
2016-06-17,674123.7257000001,474326.1888,199797.53690000006,0.2963811082194641
2016-06-20,674123.7257000001,474326.1888,199797.53690000006,0.2963811082194641
2016-06-21,674123.7257000001,474326.1888,199797.53690000006,0.2963811082194641
2016-06-22,674123.7257000001,474326.1888,199797.53690000006,0.2963811082194641
2016-06-23,674123.7257000001,474326.1888,199797.53690000006,0.2963811082194641
2016-06-24,674123.7257000001,474326.1888,199797.53690000006,0.2963811082194641
2016-06-27,674123.7257000001,474326.1888,199797.53690000006,0.2963811082194641
2016-06-28,674123.7257000001,474326.1888,199797.53690000006,0.2963811082194641
2016-06-29,674123.7257000001,474326.1888,199797.53690000006,0.2963811082194641
2016-06-30,674123.7257000001,474326.1888,199797.53690000006,0.2963811082194641
2016-07-01,674123.7257000001,474326.1888,199797.53690000006,0.2963811082194641
2016-07-04,674123.7257000001,474326.1888,199797.53690000006,0.2963811082194641
2016-07-05,674123.7257000001,474326.1888,199797.53690000006,0.2963811082194641
2016-07-06,674123.7257000001,474326.1888,199797.53690000006,0.2963811082194641
2016-07-07,674123.7257000001,474326.1888,199797.53690000006,0.2963811082194641
2016-07-08,674123.7257000001,474326.1888,199797.53690000006,0.2963811082194641
2016-07-11,674123.7257000001,474326.1888,199797.53690000006,0.2963811082194641
2016-07-12,674123.7257000001,474326.1888,199797.53690000006,0.2963811082194641
2016-07-13,674123.7257000001,474326.1888,199797.53690000006,0.2963811082194641
2016-07-14,674123.7257000001,474326.1888,199797.53690000006,0.2963811082194641
2016-07-15,674123.7257000001,474326.1888,199797.53690000006,0.2963811082194641
2016-07-18,674123.7257000001,474326.1888,199797.53690000006,0.2963811082194641
2016-07-19,674123.7257000001,474326.1888,199797.53690000006,0.2963811082194641
2016-07-20,674123.7257000001,474326.1888,199797.53690000006,0.2963811082194641
2016-07-21,674123.7257000001,474326.1888,199797.53690000006,0.2963811082194641
2016-07-22,674123.7257000001,474326.1888,199797.53690000006,0.2963811082194641
2016-07-25,674123.7257000001,474326.1888,199797.53690000006,0.2963811082194641
2016-07-26,674123.7257000001,474326.1888,199797.53690000006,0.2963811082194641
2016-07-27,674123.7257000001,474326.1888,199797.53690000006,0.2963811082194641
2016-07-28,671973.1142500001,74580.47735000006,597392.6369,0.8890127063591815
2016-07-29,669548.7142500001,74580.47735000006,594968.2369,0.8886108273189025
2016-08-01,664242.47505,5.038150000051246,664237.4369,0.9999924151944669
2016-08-02,667072.87505,5.038150000051246,667067.8369,0.9999924473769082
2016-08-03,666616.27505,5.038150000051246,666611.2369,0.9999924422037256
2016-08-04,671162.57505,5.038150000051246,671157.5369,0.999992493398489
2016-08-05,668326.87505,5.038150000051246,668321.8369,0.9999924615481015
2016-08-08,673625.6750500001,5.038150000051246,673620.6369,0.9999925208462405
2016-08-09,677893.47505,5.038150000051246,677888.4369,0.999992567932595
2016-08-10,675068.5332000001,202121.89630000002,472946.63690000004,0.700590552870403
2016-08-11,671592.3332,202121.89630000002,469470.4369,0.6990407925937293
2016-08-12,673998.9332000001,202121.89630000002,471877.03690000006,0.7001154062064026
2016-08-15,679277.576325,479480.039425,199797.5369,0.29413238985590623
2016-08-16,679277.576325,479480.039425,199797.5369,0.29413238985590623
2016-08-17,679277.576325,479480.039425,199797.5369,0.29413238985590623
2016-08-18,679277.576325,479480.039425,199797.5369,0.29413238985590623
2016-08-19,679277.576325,479480.039425,199797.5369,0.29413238985590623
2016-08-22,679277.576325,479480.039425,199797.5369,0.29413238985590623
2016-08-23,679277.576325,479480.039425,199797.5369,0.29413238985590623
2016-08-24,679277.576325,479480.039425,199797.5369,0.29413238985590623
2016-08-25,679277.576325,479480.039425,199797.5369,0.29413238985590623
2016-08-26,679277.576325,479480.039425,199797.5369,0.29413238985590623
2016-08-29,679277.576325,479480.039425,199797.5369,0.29413238985590623
2016-08-30,679277.576325,479480.039425,199797.5369,0.29413238985590623
2016-08-31,679277.576325,479480.039425,199797.5369,0.29413238985590623
2016-09-01,679277.576325,479480.039425,199797.5369,0.29413238985590623
2016-09-02,679277.576325,479480.039425,199797.5369,0.29413238985590623
2016-09-05,679277.576325,479480.039425,199797.5369,0.29413238985590623
2016-09-06,679277.576325,479480.039425,199797.5369,0.29413238985590623
2016-09-07,679277.576325,479480.039425,199797.5369,0.29413238985590623
2016-09-08,679277.576325,479480.039425,199797.5369,0.29413238985590623
2016-09-09,679277.576325,479480.039425,199797.5369,0.29413238985590623
2016-09-12,679277.576325,479480.039425,199797.5369,0.29413238985590623
2016-09-13,677210.1324250001,79604.495525,597605.6369,0.882452296985063
2016-09-14,675668.9324250001,79604.495525,596064.4369000001,0.8821841708197288
2016-09-19,679225.776525,161.03962500001944,679064.7369,0.9997629070766073
2016-09-20,678272.376525,161.03962500001944,678111.3369,0.9997625738116817
2016-09-21,678963.376525,161.03962500001944,678802.3369,0.9997628154469477
2016-09-22,681767.7972250001,281607.8603250001,400159.93690000003,0.5869446144695764
2016-09-23,681090.8972250001,281607.8603250001,399483.0369,0.5865341007017303
2016-09-26,677899.7972250001,281607.8603250001,396291.93690000003,0.5845877790821461
2016-09-27,679543.697225,281607.8603250001,397935.83689999994,0.5855927124701763
2016-09-28,679640.397225,281607.8603250001,398032.5368999999,0.5856516748050635
2016-09-29,680413.997225,281607.8603250001,398806.1369,0.586122770146544
2016-09-30,680800.7972250001,281607.8603250001,399192.93690000003,0.586357916334915
2016-10-10,681911.0582750001,482113.52137500007,199797.5369,0.29299647582401567
2016-10-11,681911.0582750001,482113.52137500007,199797.5369,0.29299647582401567
2016-10-12,681911.0582750001,482113.52137500007,199797.5369,0.29299647582401567
2016-10-13,681911.0582750001,482113.52137500007,199797.5369,0.29299647582401567
2016-10-14,681911.0582750001,482113.52137500007,199797.5369,0.29299647582401567
2016-10-17,681911.0582750001,482113.52137500007,199797.5369,0.29299647582401567
2016-10-18,681911.0582750001,482113.52137500007,199797.5369,0.29299647582401567
2016-10-19,681911.0582750001,482113.52137500007,199797.5369,0.29299647582401567
2016-10-20,681911.0582750001,482113.52137500007,199797.5369,0.29299647582401567
2016-10-21,681911.0582750001,482113.52137500007,199797.5369,0.29299647582401567
2016-10-24,681911.0582750001,482113.52137500007,199797.5369,0.29299647582401567
2016-10-25,681911.0582750001,482113.52137500007,199797.5369,0.29299647582401567
2016-10-26,681911.0582750001,482113.52137500007,199797.5369,0.29299647582401567
2016-10-27,681911.0582750001,482113.52137500007,199797.5369,0.29299647582401567
2016-10-28,681911.0582750001,482113.52137500007,199797.5369,0.29299647582401567
2016-10-31,681911.0582750001,482113.52137500007,199797.5369,0.29299647582401567
2016-11-01,681911.0582750001,482113.52137500007,199797.5369,0.29299647582401567
2016-11-02,681911.0582750001,482113.52137500007,199797.5369,0.29299647582401567
2016-11-03,681911.0582750001,482113.52137500007,199797.5369,0.29299647582401567
2016-11-04,681911.0582750001,482113.52137500007,199797.5369,0.29299647582401567
2016-11-07,681911.0582750001,482113.52137500007,199797.5369,0.29299647582401567
2016-11-08,683128.5895250002,282188.5526250001,400940.03690000006,0.5869173725824968
2016-11-09,680106.0895250002,282188.5526250001,397917.53690000006,0.5850815674623847
2016-11-10,682006.3259750002,82284.38907500016,599721.9369,0.8793495222242023
2016-11-11,683369.9259750001,82284.38907500016,601085.5369,0.8795902688319205
2016-11-14,685801.370875,486003.8339750001,199797.53689999995,0.2913344087444479
2016-11-15,685801.370875,486003.8339750001,199797.53689999995,0.2913344087444479
2016-11-16,685801.370875,486003.8339750001,199797.53689999995,0.2913344087444479
2016-11-17,685801.370875,486003.8339750001,199797.53689999995,0.2913344087444479
2016-11-18,685801.370875,486003.8339750001,199797.53689999995,0.2913344087444479
2016-11-21,685801.370875,486003.8339750001,199797.53689999995,0.2913344087444479
2016-11-22,685801.370875,486003.8339750001,199797.53689999995,0.2913344087444479
2016-11-23,685801.370875,486003.8339750001,199797.53689999995,0.2913344087444479
2016-11-24,685801.370875,486003.8339750001,199797.53689999995,0.2913344087444479
2016-11-25,685801.370875,486003.8339750001,199797.53689999995,0.2913344087444479
2016-11-28,685801.370875,486003.8339750001,199797.53689999995,0.2913344087444479
2016-11-29,685801.370875,486003.8339750001,199797.53689999995,0.2913344087444479
2016-11-30,685801.370875,486003.8339750001,199797.53689999995,0.2913344087444479
2016-12-01,685801.370875,486003.8339750001,199797.53689999995,0.2913344087444479
2016-12-02,685801.370875,486003.8339750001,199797.53689999995,0.2913344087444479
2016-12-05,685801.370875,486003.8339750001,199797.53689999995,0.2913344087444479
2016-12-06,685801.370875,486003.8339750001,199797.53689999995,0.2913344087444479
2016-12-07,685801.370875,486003.8339750001,199797.53689999995,0.2913344087444479
2016-12-08,685801.370875,486003.8339750001,199797.53689999995,0.2913344087444479
2016-12-09,685063.013075,86072.67617500003,598990.3369,0.8743580159310441
2016-12-12,668367.913075,86072.67617500003,582295.2369,0.8712196164848783
2016-12-13,668429.820475,80.78357500002312,668349.0369,0.9998791442683652
2016-12-14,663327.820475,80.78357500002312,663247.0369,0.9998782147039421
2016-12-15,664455.2204750001,80.78357500002312,664374.4369000001,0.9998784213405046
2016-12-16,666612.220475,80.78357500002312,666531.4369,0.9998788147403862
2016-12-19,663217.120475,80.78357500002312,663136.3369,0.999878194376312
2016-12-20,663731.920475,80.78357500002312,663651.1369,0.9998782888505012
2016-12-21,666037.020475,80.78357500002312,665956.2369,0.9998787100828984
2016-12-22,664102.920475,80.78357500002312,664022.1369,0.999878356844234
2016-12-23,658940.520475,80.78357500002312,658859.7369,0.9998774038437616
2016-12-26,662706.620475,80.78357500002312,662625.8369,0.9998781005462989
2016-12-27,660874.620475,80.78357500002312,660793.8369,0.9998777626307666
2016-12-28,658921.820475,80.78357500002312,658841.0369,0.9998774003645201
2016-12-29,659599.120475,80.78357500002312,659518.3369,0.9998775262542166
2016-12-30,660874.620475,80.78357500002312,660793.8369,0.9998777626307666
2017-01-03,663286.120475,80.78357500002312,663205.3369,0.9998782070474471
2017-01-04,667162.1441,193138.00720000005,474024.1369,0.7105081442225072
2017-01-05,666374.7672000001,466577.2303000001,199797.5369,0.2998275846180629
2017-01-06,666374.7672000001,466577.2303000001,199797.5369,0.2998275846180629
2017-01-09,666374.7672000001,466577.2303000001,199797.5369,0.2998275846180629
2017-01-10,666374.7672000001,466577.2303000001,199797.5369,0.2998275846180629
2017-01-11,666374.7672000001,466577.2303000001,199797.5369,0.2998275846180629
2017-01-12,665893.1825250001,266588.5456250001,399304.6369,0.5996526881171496
2017-01-13,659737.934125,66744.99722500009,592992.9369,0.8988310452187005
2017-01-16,644577.062825,43.12592500008759,644533.9369,0.9999330942295541
2017-01-17,651579.8628250001,43.12592500008759,651536.7369,0.999933813293718
2017-01-18,648495.7628250001,43.12592500008759,648452.6369,0.9999334985246284
2017-01-19,647799.162825,43.12592500008759,647756.0369,0.9999334270133786
2017-01-20,654832.162825,43.12592500008759,654789.0369,0.9999341420176828
2017-01-23,656604.962825,43.12592500008759,656561.8369,0.9999343198308851
2017-01-24,653117.562825,43.12592500008759,653074.4369,0.9999339691237003
2017-01-25,655244.062825,43.12592500008759,655200.9369,0.9999341834173756
2017-01-26,657724.2628250001,43.12592500008759,657681.1369,0.999934431603884
2017-02-03,657241.162825,43.12592500008759,657198.0369,0.9999343834083448
2017-02-06,660763.167325,197975.6304250001,462787.53689999995,0.7003833745357289
2017-02-07,658884.667325,197975.6304250001,460909.03689999995,0.699529158526697
2017-02-08,660264.0282000001,460466.4913000001,199797.53689999995,0.3026024868334633
2017-02-09,660264.0282000001,460466.4913000001,199797.53689999995,0.3026024868334633
2017-02-10,660264.0282000001,460466.4913000001,199797.53689999995,0.3026024868334633
2017-02-13,660264.0282000001,460466.4913000001,199797.53689999995,0.3026024868334633
2017-02-14,660264.0282000001,460466.4913000001,199797.53689999995,0.3026024868334633
2017-02-15,660264.0282000001,460466.4913000001,199797.53689999995,0.3026024868334633
2017-02-16,660264.0282000001,460466.4913000001,199797.53689999995,0.3026024868334633
2017-02-17,660264.0282000001,460466.4913000001,199797.53689999995,0.3026024868334633
2017-02-20,660264.0282000001,460466.4913000001,199797.53689999995,0.3026024868334633
2017-02-21,660264.0282000001,460466.4913000001,199797.53689999995,0.3026024868334633
2017-02-22,660264.0282000001,460466.4913000001,199797.53689999995,0.3026024868334633
2017-02-23,660264.0282000001,460466.4913000001,199797.53689999995,0.3026024868334633
2017-02-24,660264.0282000001,460466.4913000001,199797.53689999995,0.3026024868334633
2017-02-27,660264.0282000001,460466.4913000001,199797.53689999995,0.3026024868334633
2017-02-28,660264.0282000001,460466.4913000001,199797.53689999995,0.3026024868334633
2017-03-01,660264.0282000001,460466.4913000001,199797.53689999995,0.3026024868334633
2017-03-02,660264.0282000001,460466.4913000001,199797.53689999995,0.3026024868334633
2017-03-03,660264.0282000001,460466.4913000001,199797.53689999995,0.3026024868334633
2017-03-06,660264.0282000001,460466.4913000001,199797.53689999995,0.3026024868334633
2017-03-07,660264.0282000001,460466.4913000001,199797.53689999995,0.3026024868334633
2017-03-08,660264.0282000001,460466.4913000001,199797.53689999995,0.3026024868334633
2017-03-09,660264.0282000001,460466.4913000001,199797.53689999995,0.3026024868334633
2017-03-10,660264.0282000001,460466.4913000001,199797.53689999995,0.3026024868334633
2017-03-13,660264.0282000001,460466.4913000001,199797.53689999995,0.3026024868334633
2017-03-14,660264.0282000001,460466.4913000001,199797.53689999995,0.3026024868334633
2017-03-15,660264.0282000001,460466.4913000001,199797.53689999995,0.3026024868334633
2017-03-16,660264.0282000001,460466.4913000001,199797.53689999995,0.3026024868334633
2017-03-17,660264.0282000001,460466.4913000001,199797.53689999995,0.3026024868334633
2017-03-20,660264.0282000001,460466.4913000001,199797.53689999995,0.3026024868334633
2017-03-21,660264.0282000001,460466.4913000001,199797.53689999995,0.3026024868334633
2017-03-22,660264.0282000001,460466.4913000001,199797.53689999995,0.3026024868334633
2017-03-23,660264.0282000001,460466.4913000001,199797.53689999995,0.3026024868334633
2017-03-24,660264.0282000001,460466.4913000001,199797.53689999995,0.3026024868334633
2017-03-27,660264.0282000001,460466.4913000001,199797.53689999995,0.3026024868334633
2017-03-28,660264.0282000001,460466.4913000001,199797.53689999995,0.3026024868334633
2017-03-29,660264.0282000001,460466.4913000001,199797.53689999995,0.3026024868334633
2017-03-30,660264.0282000001,460466.4913000001,199797.53689999995,0.3026024868334633
2017-03-31,661653.8546500001,60872.41775000008,600781.4369000001,0.9079996023265062
2017-04-05,668297.1592000001,263603.52230000007,404693.63690000004,0.6055594151925582
2017-04-06,668466.0801250001,468668.54322500003,199797.53690000006,0.29888956648726117
2017-04-07,668466.0801250001,468668.54322500003,199797.53690000006,0.29888956648726117
2017-04-10,668466.0801250001,468668.54322500003,199797.53690000006,0.29888956648726117
2017-04-11,668466.0801250001,468668.54322500003,199797.53690000006,0.29888956648726117
2017-04-12,668466.0801250001,468668.54322500003,199797.53690000006,0.29888956648726117
2017-04-13,668466.0801250001,468668.54322500003,199797.53690000006,0.29888956648726117
2017-04-14,668466.0801250001,468668.54322500003,199797.53690000006,0.29888956648726117
2017-04-17,668466.0801250001,468668.54322500003,199797.53690000006,0.29888956648726117
2017-04-18,666184.083325,268631.346425,397552.7369,0.5967610857884347
2017-04-19,665179.683325,268631.346425,396548.3369,0.596152207953487
2017-04-20,666785.062375,80.42547499998182,666704.6369,0.9998793832082659
2017-04-21,666292.4623749999,80.42547499998182,666212.0369,0.9998792940344646
2017-04-24,662252.3623749999,80.42547499998182,662171.9369,0.9998785576623517
2017-04-25,663520.9623749999,80.42547499998182,663440.5369,0.9998787898505692
2017-04-26,664567.81405,202623.07715000003,461944.7369,0.6951054913189713
2017-04-27,667726.2140500001,202623.07715000003,465103.13690000004,0.69654766746236
2017-04-28,669681.41405,202623.07715000003,467058.3369,0.6974336260512201
2017-05-02,669079.81405,202623.07715000003,466456.7369,0.6971615749046375
2017-05-03,667575.81405,202623.07715000003,464952.7369,0.6964793018477689
2017-05-04,668478.2140500001,202623.07715000003,465855.13690000004,0.6968890340907289
2017-05-05,664567.81405,202623.07715000003,461944.7369,0.6951054913189713
2017-05-08,656078.22685,2624.289950000035,653453.9369,0.9960000349918638
2017-05-09,658025.0268499999,2624.289950000035,655400.7368999999,0.996011869088684
2017-05-10,652663.62685,227.0899500000346,652436.5369,0.9996520566787274
2017-05-11,653605.8268500001,227.0899500000346,653378.7369,0.9996525582535051
2017-05-12,654504.2268500001,227.0899500000346,654277.1369,0.9996530351666436
2017-05-15,657000.2268500001,227.0899500000346,656773.1369,0.9996543533156924
2017-05-16,665502.10635,203858.16945000002,461643.9369,0.6936776495448277
2017-05-17,665286.28235,465488.74545000005,199797.53689999995,0.30031813701952836
2017-05-18,665286.28235,465488.74545000005,199797.53689999995,0.30031813701952836
2017-05-19,665286.28235,465488.74545000005,199797.53689999995,0.30031813701952836
2017-05-22,665286.28235,465488.74545000005,199797.53689999995,0.30031813701952836
2017-05-23,665286.28235,465488.74545000005,199797.53689999995,0.30031813701952836
2017-05-24,665286.28235,465488.74545000005,199797.53689999995,0.30031813701952836
2017-05-25,665286.28235,465488.74545000005,199797.53689999995,0.30031813701952836
2017-05-26,665286.28235,465488.74545000005,199797.53689999995,0.30031813701952836
2017-05-31,665286.28235,465488.74545000005,199797.53689999995,0.30031813701952836
2017-06-01,665286.28235,465488.74545000005,199797.53689999995,0.30031813701952836
2017-06-02,665286.28235,465488.74545000005,199797.53689999995,0.30031813701952836
2017-06-05,665286.28235,465488.74545000005,199797.53689999995,0.30031813701952836
2017-06-06,665286.28235,465488.74545000005,199797.53689999995,0.30031813701952836
2017-06-07,665286.28235,465488.74545000005,199797.53689999995,0.30031813701952836
2017-06-08,665286.28235,465488.74545000005,199797.53689999995,0.30031813701952836
2017-06-09,665286.28235,465488.74545000005,199797.53689999995,0.30031813701952836
2017-06-12,665286.28235,465488.74545000005,199797.53689999995,0.30031813701952836
2017-06-13,665286.28235,465488.74545000005,199797.53689999995,0.30031813701952836
2017-06-14,665286.28235,465488.74545000005,199797.53689999995,0.30031813701952836
2017-06-15,665286.28235,465488.74545000005,199797.53689999995,0.30031813701952836
2017-06-16,665286.28235,465488.74545000005,199797.53689999995,0.30031813701952836
2017-06-19,665286.28235,465488.74545000005,199797.53689999995,0.30031813701952836
2017-06-20,665286.28235,465488.74545000005,199797.53689999995,0.30031813701952836
2017-06-21,665286.28235,465488.74545000005,199797.53689999995,0.30031813701952836
2017-06-22,665286.28235,465488.74545000005,199797.53689999995,0.30031813701952836
2017-06-23,665286.28235,465488.74545000005,199797.53689999995,0.30031813701952836
2017-06-26,665286.28235,465488.74545000005,199797.53689999995,0.30031813701952836
2017-06-27,665286.28235,465488.74545000005,199797.53689999995,0.30031813701952836
2017-06-28,665286.28235,465488.74545000005,199797.53689999995,0.30031813701952836
2017-06-29,665286.28235,465488.74545000005,199797.53689999995,0.30031813701952836
2017-06-30,665286.28235,465488.74545000005,199797.53689999995,0.30031813701952836
2017-07-03,665286.28235,465488.74545000005,199797.53689999995,0.30031813701952836
2017-07-04,665286.28235,465488.74545000005,199797.53689999995,0.30031813701952836
2017-07-05,665286.28235,465488.74545000005,199797.53689999995,0.30031813701952836
2017-07-06,665286.28235,465488.74545000005,199797.53689999995,0.30031813701952836
2017-07-07,665286.28235,465488.74545000005,199797.53689999995,0.30031813701952836
2017-07-10,665286.28235,465488.74545000005,199797.53689999995,0.30031813701952836
2017-07-11,665286.28235,465488.74545000005,199797.53689999995,0.30031813701952836
2017-07-12,665354.19275,265480.35585000005,399873.8369,0.6009939386528349
2017-07-13,664057.29275,265480.35585000005,398576.9369,0.6002146821540195
2017-07-14,658799.6953000001,65440.55840000007,593359.1369,0.9006669874517774
2017-07-17,637014.0953,65440.55840000007,571573.5369,0.8972698424056362
2017-07-18,639790.38855,123.45165000006239,639666.9369,0.9998070436002019
2017-07-19,644579.78855,123.45165000006239,644456.3369,0.9998084773177922
2017-07-20,644250.649175,67464.11227500006,576786.5369,0.8952828183232849
2017-07-21,644487.7491750001,67464.11227500006,577023.6369,0.8953213426300811
2017-07-24,646384.5491750002,67464.11227500006,578920.4369000001,0.8956285196465378
2017-07-25,646384.5491750002,67464.11227500006,578920.4369000001,0.8956285196465378
2017-07-26,643776.4491750001,67464.11227500006,576312.3369,0.8952056845797087
2017-07-27,662033.149175,67464.11227500006,594569.0369,0.8980955676327217
2017-07-28,657765.3491750001,67464.11227500006,590301.2369,0.8974343778376032
2017-07-31,658950.849175,67464.11227500006,591486.7368999999,0.8976189007731541
2017-08-01,658615.88615,458818.34925,199797.5369,0.3033597292466402
2017-08-02,658615.88615,458818.34925,199797.5369,0.3033597292466402
2017-08-03,658615.88615,458818.34925,199797.5369,0.3033597292466402
2017-08-04,658615.88615,458818.34925,199797.5369,0.3033597292466402
2017-08-07,658615.88615,458818.34925,199797.5369,0.3033597292466402
2017-08-08,658615.88615,458818.34925,199797.5369,0.3033597292466402
2017-08-09,658615.88615,458818.34925,199797.5369,0.3033597292466402
2017-08-10,658615.88615,458818.34925,199797.5369,0.3033597292466402
2017-08-11,658615.88615,458818.34925,199797.5369,0.3033597292466402
2017-08-14,661794.0657,59036.628800000035,602757.4369,0.9107930520084746
2017-08-15,663553.8657000001,59036.628800000035,604517.2369,0.9110296362485647
2017-08-16,662391.1657,59036.628800000035,603354.5369,0.9108734659261171
2017-08-17,664280.0784250001,262134.94152500003,402145.13690000004,0.6053849121194199
2017-08-18,665195.678425,262134.94152500003,403060.7369,0.6059280749603435
2017-08-21,665449.9863250001,465652.44942500006,199797.5369,0.3002442572782932
2017-08-22,665449.9863250001,465652.44942500006,199797.5369,0.3002442572782932
2017-08-23,665449.9863250001,465652.44942500006,199797.5369,0.3002442572782932
2017-08-24,665449.9863250001,465652.44942500006,199797.5369,0.3002442572782932
2017-08-25,665449.9863250001,465652.44942500006,199797.5369,0.3002442572782932
2017-08-28,665449.9863250001,465652.44942500006,199797.5369,0.3002442572782932
2017-08-29,665449.9863250001,465652.44942500006,199797.5369,0.3002442572782932
2017-08-30,665449.9863250001,465652.44942500006,199797.5369,0.3002442572782932
2017-08-31,665449.9863250001,465652.44942500006,199797.5369,0.3002442572782932
2017-09-01,665449.9863250001,465652.44942500006,199797.5369,0.3002442572782932
2017-09-04,665449.9863250001,465652.44942500006,199797.5369,0.3002442572782932
2017-09-05,665449.9863250001,465652.44942500006,199797.5369,0.3002442572782932
2017-09-06,665449.9863250001,465652.44942500006,199797.5369,0.3002442572782932
2017-09-07,665449.9863250001,465652.44942500006,199797.5369,0.3002442572782932
2017-09-08,665449.9863250001,465652.44942500006,199797.5369,0.3002442572782932
2017-09-11,665449.9863250001,465652.44942500006,199797.5369,0.3002442572782932
2017-09-12,665449.9863250001,465652.44942500006,199797.5369,0.3002442572782932
2017-09-13,665449.9863250001,465652.44942500006,199797.5369,0.3002442572782932
2017-09-14,665449.9863250001,465652.44942500006,199797.5369,0.3002442572782932
2017-09-15,665449.9863250001,465652.44942500006,199797.5369,0.3002442572782932
2017-09-18,665449.9863250001,465652.44942500006,199797.5369,0.3002442572782932
2017-09-19,665449.9863250001,465652.44942500006,199797.5369,0.3002442572782932
2017-09-20,665449.9863250001,465652.44942500006,199797.5369,0.3002442572782932
2017-09-21,665449.9863250001,465652.44942500006,199797.5369,0.3002442572782932
2017-09-22,665449.9863250001,465652.44942500006,199797.5369,0.3002442572782932
2017-09-25,665449.9863250001,465652.44942500006,199797.5369,0.3002442572782932
2017-09-26,665449.9863250001,465652.44942500006,199797.5369,0.3002442572782932
2017-09-27,665970.510525,265699.27362500003,400271.2369,0.601034476112849
2017-09-28,666426.910525,265699.27362500003,400727.6368999999,0.6013077061733798
2017-09-29,668742.2189750001,65683.08207500001,603059.1369,0.9017811643839769
2017-10-09,669492.390775,469694.85387500003,199797.53689999995,0.2984313782397372
2017-10-10,669492.390775,469694.85387500003,199797.53689999995,0.2984313782397372
2017-10-11,669492.390775,469694.85387500003,199797.53689999995,0.2984313782397372
2017-10-12,669492.390775,469694.85387500003,199797.53689999995,0.2984313782397372
2017-10-13,669492.390775,469694.85387500003,199797.53689999995,0.2984313782397372
2017-10-16,669492.390775,469694.85387500003,199797.53689999995,0.2984313782397372
2017-10-17,669492.390775,469694.85387500003,199797.53689999995,0.2984313782397372
2017-10-18,668708.0056750001,269704.4687750001,399003.53690000006,0.596678271403738
2017-10-19,665036.0056750001,269704.4687750001,395331.53690000006,0.5944513282386047
2017-10-20,665916.924275,69728.88737500008,596188.0369,0.8952889094222742
2017-10-23,664059.424275,69728.88737500008,594330.5369,0.8949960126668965
2017-10-24,667975.9074750001,44.27057500007504,667931.6369,0.9999337242937886
2017-10-25,668413.0074750001,44.27057500007504,668368.7369,0.9999337676339254
2017-10-26,670161.4074750001,44.27057500007504,670117.1369,0.9999339404291171
2017-10-27,665790.4074750001,44.27057500007504,665746.1369,0.9999335067395039
2017-10-30,654862.9074750001,44.27057500007504,654818.6369,0.9999323971865031
2017-10-31,652240.307475,44.27057500007504,652196.0369,0.9999321253616301
2017-11-01,649617.7074750001,44.27057500007504,649573.4369,0.9999318513419652
2017-11-02,651366.1074750001,44.27057500007504,651321.8369,0.9999320342669168
2017-11-03,650491.9074750001,44.27057500007504,650447.6369,0.999931942927358
2017-11-06,650054.807475,44.27057500007504,650010.5369,0.9999318971654528
2017-11-07,656174.2074750002,44.27057500007504,656129.9369000001,0.9999325322841164
2017-11-08,663925.9574250001,464128.4205250001,199797.53690000006,0.30093346203077176
2017-11-09,663925.9574250001,464128.4205250001,199797.53690000006,0.30093346203077176
2017-11-10,663925.9574250001,464128.4205250001,199797.53690000006,0.30093346203077176
2017-11-13,663925.9574250001,464128.4205250001,199797.53690000006,0.30093346203077176
2017-11-14,663925.9574250001,464128.4205250001,199797.53690000006,0.30093346203077176
2017-11-15,663925.9574250001,464128.4205250001,199797.53690000006,0.30093346203077176
2017-11-16,663925.9574250001,464128.4205250001,199797.53690000006,0.30093346203077176
2017-11-17,663925.9574250001,464128.4205250001,199797.53690000006,0.30093346203077176
2017-11-20,665753.4573250001,264478.1204250001,401275.3369,0.6027386451920592
2017-11-21,666587.8573250001,264478.1204250001,402109.7369,0.6032359162881484
2017-11-22,665723.657325,264478.1204250001,401245.53689999995,0.6027208624555693
2017-11-23,660717.2573250001,264478.1204250001,396239.13690000004,0.5997105910389352
2017-11-24,659930.2943000001,560.0574000000852,659370.2369,0.9991513385506963
2017-11-27,654323.0943,560.0574000000852,653763.0369,0.999144065974625
2017-11-28,660997.3943,56.45740000008516,660940.9369,0.9999145875604247
2017-11-29,660877.2943000001,56.45740000008516,660820.8369,0.9999145720385811
2017-11-30,657794.0943000001,56.45740000008516,657737.6369,0.999914171622261
2017-12-01,662420.3943,56.45740000008516,662363.9369,0.9999147710419457
2017-12-04,659613.6943000001,56.45740000008516,659557.2369,0.9999144083870788
2017-12-05,650127.2943000001,56.45740000008516,650070.8369,0.999913159468161
2017-12-06,653528.0943000001,56.45740000008516,653471.6369,0.999913611365001
2017-12-07,651156.6943000001,56.45740000008516,651100.2369,0.9999132967525416
2017-12-08,656216.4943,56.45740000008516,656160.0369,0.9999139652835757
2017-12-11,662738.5943000001,56.45740000008516,662682.1369,0.9999148119628378
2017-12-12,659962.02485,201083.98795000007,458878.03689999995,0.6953097596854855
2017-12-13,662362.5261,1038.98920000004,661323.5369,0.9984313889161006
2017-12-14,658759.3313500001,261752.79445000004,397006.53690000006,0.6026579328848546
2017-12-15,655102.1354,61718.998500000045,593383.1369,0.90578721215385
2017-12-18,653098.1354,61718.998500000045,591379.1369,0.9054981247769155
2017-12-19,654159.518,33.98110000004817,654125.5369,0.9999480538017639
2017-12-20,648132.7180000001,33.98110000004817,648098.7369,0.9999475707689854
2017-12-21,650914.3180000001,33.98110000004817,650880.3369,0.9999477948186721
2017-12-22,646741.9180000001,33.98110000004817,646707.9369,0.9999474580214235
2017-12-25,640715.1180000001,33.98110000004817,640681.1369,0.9999469637924165
2017-12-26,643496.718,33.98110000004817,643462.7368999999,0.9999471930484655
2017-12-27,638860.718,33.98110000004817,638826.7368999999,0.9999468098459606
2017-12-28,641642.3180000001,33.98110000004817,641608.3369,0.9999470404319559
2017-12-29,641642.3180000001,33.98110000004817,641608.3369,0.9999470404319559
2018-01-02,647669.1180000001,33.98110000004817,647635.1369,0.9999475332402677
2018-01-03,654972.9042,455175.36730000004,199797.53689999995,0.3050470265545375
2018-01-04,654972.9042,455175.36730000004,199797.53689999995,0.3050470265545375
2018-01-05,654972.9042,455175.36730000004,199797.53689999995,0.3050470265545375
2018-01-08,654972.9042,455175.36730000004,199797.53689999995,0.3050470265545375
2018-01-09,654972.9042,455175.36730000004,199797.53689999995,0.3050470265545375
2018-01-10,654972.9042,455175.36730000004,199797.53689999995,0.3050470265545375
2018-01-11,654972.9042,455175.36730000004,199797.53689999995,0.3050470265545375
2018-01-12,654972.9042,455175.36730000004,199797.53689999995,0.3050470265545375
2018-01-15,654972.9042,455175.36730000004,199797.53689999995,0.3050470265545375
2018-01-16,654972.9042,455175.36730000004,199797.53689999995,0.3050470265545375
2018-01-17,654972.9042,455175.36730000004,199797.53689999995,0.3050470265545375
2018-01-18,654972.9042,455175.36730000004,199797.53689999995,0.3050470265545375
2018-01-19,654972.9042,455175.36730000004,199797.53689999995,0.3050470265545375
2018-01-22,654972.9042,455175.36730000004,199797.53689999995,0.3050470265545375
2018-01-23,654972.9042,455175.36730000004,199797.53689999995,0.3050470265545375
2018-01-24,654972.9042,455175.36730000004,199797.53689999995,0.3050470265545375
2018-01-25,654972.9042,455175.36730000004,199797.53689999995,0.3050470265545375
2018-01-26,654972.9042,455175.36730000004,199797.53689999995,0.3050470265545375
2018-01-29,654972.9042,455175.36730000004,199797.53689999995,0.3050470265545375
2018-01-30,654972.9042,455175.36730000004,199797.53689999995,0.3050470265545375
2018-01-31,654972.9042,455175.36730000004,199797.53689999995,0.3050470265545375
2018-02-01,643593.8422000001,55627.50530000002,587966.3369,0.9135673748682115
2018-02-02,673701.1986499999,284396.89865,389304.29999999993,0.5778589985888546
2018-02-05,673607.22665,84859.02664999999,588748.2,0.87402298655253
2018-02-06,646731.21265,39.61264999998383,646691.6,0.9999387494383676
2018-02-07,642204.0126499999,39.61264999998383,642164.3999999999,0.9999383176541726
2018-02-08,650839.3126500001,39.61264999998383,650799.7000000001,0.9999391360521251
2018-02-09,626908.61265,39.61264999998383,626869.0,0.9999368127200668
2018-02-12,645978.4126500001,39.61264999998383,645938.8,0.9999386780591668
2018-02-13,649578.5126499999,39.61264999998383,649538.8999999999,0.9999390179181906
2018-02-14,652715.51265,39.61264999998383,652675.9,0.9999393110026769
2018-02-22,667327.11265,39.61264999998383,667287.5,0.9999406398312775
2018-02-23,668454.8486,196646.64860000001,471808.2,0.7058191005542809
2018-02-26,677400.3301250001,677400.3301250001,0.0,0.0
2018-02-27,677400.3301250001,677400.3301250001,0.0,0.0
2018-02-28,677400.3301250001,677400.3301250001,0.0,0.0
2018-03-01,677400.3301250001,677400.3301250001,0.0,0.0
2018-03-02,677400.3301250001,677400.3301250001,0.0,0.0
2018-03-05,677400.3301250001,677400.3301250001,0.0,0.0
2018-03-06,677400.3301250001,677400.3301250001,0.0,0.0
2018-03-07,677400.3301250001,677400.3301250001,0.0,0.0
2018-03-08,677400.3301250001,677400.3301250001,0.0,0.0
2018-03-09,677400.3301250001,677400.3301250001,0.0,0.0
2018-03-12,677400.3301250001,677400.3301250001,0.0,0.0
2018-03-13,677400.3301250001,677400.3301250001,0.0,0.0
2018-03-14,677400.3301250001,677400.3301250001,0.0,0.0
2018-03-15,677400.3301250001,677400.3301250001,0.0,0.0
2018-03-16,677400.3301250001,677400.3301250001,0.0,0.0
2018-03-19,677400.3301250001,677400.3301250001,0.0,0.0
2018-03-20,677400.3301250001,677400.3301250001,0.0,0.0
2018-03-21,677400.3301250001,677400.3301250001,0.0,0.0
2018-03-22,677400.3301250001,677400.3301250001,0.0,0.0
2018-03-23,675465.9430500001,477402.0430500001,198063.90000000002,0.29322559048004987
2018-03-26,671429.717725,77600.81772500006,593828.8999999999,0.8844245113428486
2018-03-27,673209.82635,15.92635000005248,673193.8999999999,0.9999763426655751
2018-03-28,662066.5263500001,15.92635000005248,662050.6,0.9999759444868964
2018-03-29,673790.5263500001,15.92635000005248,673774.6,0.9999763630544253
2018-03-30,671307.5263500001,15.92635000005248,671291.6,0.9999762756272276
2018-04-02,668340.4263500001,15.92635000005248,668324.5,0.9999761703027796
2018-04-03,662646.12635,15.92635000005248,662630.2,0.9999759655276523
2018-04-04,662295.12635,15.92635000005248,662279.2,0.9999759527899778
2018-04-09,663593.4263500001,15.92635000005248,663577.5,0.9999759998375999
2018-04-10,676969.3263500001,15.92635000005248,676953.4,0.9999764740448641
2018-04-11,680842.690425,405258.290425,275584.4,0.40476956553351984
2018-04-12,678028.6904249999,405258.290425,272770.3999999999,0.40229920039080175
2018-04-13,676809.290425,405258.290425,271551.0,0.4012223293056165
2018-04-16,671837.8904250001,405258.290425,266579.6000000001,0.3967915531399452
2018-04-17,669586.690425,405258.290425,264328.4,0.3947635217065404
2018-04-18,670718.831425,205372.331425,465346.5,0.6938026460526406
2018-04-19,673928.231425,205372.331425,468555.9,0.6952608277134397
2018-04-20,667486.231425,205372.331425,462113.9,0.6923197486987026
2018-04-23,664444.231425,205372.331425,459071.9,0.6909111077922246
2018-04-24,679183.0935249999,274690.593525,404492.49999999994,0.5955573745227671
2018-04-25,678238.2935249999,274690.593525,403547.6999999999,0.5949939775630276
2018-04-26,670443.693525,274690.593525,395753.10000000003,0.5902853644863808
2018-04-27,673740.395825,74649.79582499998,599090.6000000001,0.8892009499688812
2018-05-02,675363.2958249999,74649.79582499998,600713.5,0.8894672004142447
2018-05-03,682886.595825,74649.79582499998,608236.8,0.8906849302923936
2018-05-04,683981.393625,481756.793625,202224.60000000003,0.29565804257954975
2018-05-07,686777.1257249999,686777.1257249999,0.0,0.0
2018-05-08,686777.1257249999,686777.1257249999,0.0,0.0
2018-05-09,686777.1257249999,686777.1257249999,0.0,0.0
2018-05-10,686777.1257249999,686777.1257249999,0.0,0.0
2018-05-11,686777.1257249999,686777.1257249999,0.0,0.0
2018-05-14,686777.1257249999,686777.1257249999,0.0,0.0
2018-05-15,686777.1257249999,686777.1257249999,0.0,0.0
2018-05-16,686777.1257249999,686777.1257249999,0.0,0.0
2018-05-17,686777.1257249999,686777.1257249999,0.0,0.0
2018-05-18,686777.1257249999,686777.1257249999,0.0,0.0
2018-05-21,686777.1257249999,686777.1257249999,0.0,0.0
2018-05-22,686777.1257249999,686777.1257249999,0.0,0.0
2018-05-23,686777.1257249999,686777.1257249999,0.0,0.0
2018-05-24,686777.1257249999,686777.1257249999,0.0,0.0
2018-05-25,686777.1257249999,686777.1257249999,0.0,0.0
2018-05-28,686777.1257249999,686777.1257249999,0.0,0.0
2018-05-29,682325.7429750001,286746.14297499997,395579.6000000001,0.5797518327173738
2018-05-30,667466.6468749999,86711.74687499998,580754.8999999999,0.8700882699068573
2018-05-31,670912.5468749999,86711.74687499998,584200.7999999999,0.8707555145914486
2018-06-01,660918.40035,35.60034999997296,660882.8,0.9999461350297085
2018-06-04,658644.3003499999,35.60034999997296,658608.7,0.9999459490502217
2018-06-05,673312.3003499999,35.60034999997296,673276.7,0.9999471265414557
2018-06-06,670514.60035,35.60034999997296,670479.0,0.9999469059286981
2018-06-07,664296.0003499999,35.60034999997296,664260.3999999999,0.9999464089050947
2018-06-08,656009.60035,35.60034999997296,655974.0,0.9999457319679759
2018-06-11,649837.5003499999,35.60034999997296,649801.8999999999,0.9999452165349325
2018-06-12,656649.3003499999,35.60034999997296,656613.7,0.9999457848352522
2018-06-13,644946.70035,35.60034999997296,644911.1000000001,0.999944801097547
2018-06-14,640838.10035,35.60034999997296,640802.5,0.9999444472012814
2018-06-15,626015.40035,35.60034999997296,625979.8,0.9999431318303351
2018-06-19,589038.90035,35.60034999997296,589003.3,0.9999395619712402
2018-06-20,596354.20035,35.60034999997296,596318.6000000001,0.9999403033466033
2018-06-21,580029.50035,35.60034999997296,579993.9,0.9999386232079946
2018-06-22,591595.40035,35.60034999997296,591559.8,0.9999398231460574
2018-06-25,587211.30035,35.60034999997296,587175.7000000001,0.9999393738676713
2018-06-26,601716.3003499999,35.60034999997296,601680.7,0.9999408353239239
2018-06-27,596401.8003499999,35.60034999997296,596366.2,0.9999403081111106
2018-06-28,593888.60035,35.60034999997296,593853.0,0.9999400555087621
2018-06-29,617680.00035,35.60034999997296,617644.4,0.999942364412026
2018-07-02,610956.90035,35.60034999997296,610921.3,0.9999417301777268
2018-07-03,619935.18115,356823.18114999996,263112.0,0.42441856503758774
2018-07-04,614049.7811499999,356823.18114999996,257226.59999999998,0.41890186739951746
2018-07-05,608164.3811499999,356823.18114999996,251341.19999999995,0.41327839608878414
2018-07-06,610241.58115,356823.18114999996,253418.40000000002,0.4152755364890625
2018-07-09,617165.58115,356823.18114999996,260342.40000000002,0.4218355785734018
2018-07-10,616581.325375,616581.325375,0.0,0.0
2018-07-11,616581.325375,616581.325375,0.0,0.0
2018-07-12,616581.325375,616581.325375,0.0,0.0
2018-07-13,616581.325375,616581.325375,0.0,0.0
2018-07-16,616581.325375,616581.325375,0.0,0.0
2018-07-17,616581.325375,616581.325375,0.0,0.0
2018-07-18,616581.325375,616581.325375,0.0,0.0
2018-07-19,616581.325375,616581.325375,0.0,0.0
2018-07-20,616581.325375,616581.325375,0.0,0.0
2018-07-23,616581.325375,616581.325375,0.0,0.0
2018-07-24,616581.325375,616581.325375,0.0,0.0
2018-07-25,616581.325375,616581.325375,0.0,0.0
2018-07-26,616581.325375,616581.325375,0.0,0.0
2018-07-27,616581.325375,616581.325375,0.0,0.0
2018-07-30,616581.325375,616581.325375,0.0,0.0
2018-07-31,616581.325375,616581.325375,0.0,0.0
2018-08-01,616581.325375,616581.325375,0.0,0.0
2018-08-02,616581.325375,616581.325375,0.0,0.0
2018-08-03,604153.674025,16625.974025000032,587527.7,0.9724805546339986
2018-08-06,589486.974025,16625.974025000032,572861.0,0.9717958585047634
2018-08-07,608073.674025,36.97402500003227,608036.7,0.999939194826911
2018-08-08,594957.774025,36.97402500003227,594920.8,0.99993785437116
2018-08-09,613910.374025,36.97402500003227,613873.4,0.9999397729268564
2018-08-10,616693.474025,36.97402500003227,616656.5,0.9999400447279607
2018-08-13,623469.5740250001,36.97402500003227,623432.6000000001,0.9999406963442317
2018-08-14,618234.874025,36.97402500003227,618197.9,0.9999401942100754
2018-08-15,601840.574025,36.97402500003227,601803.6,0.9999385650841838
2018-08-16,597665.474025,36.97402500003227,597628.5,0.9999381359194952
2018-08-17,586466.574025,36.97402500003227,586429.6,0.9999369545910414
2018-08-20,589529.774025,36.97402500003227,589492.8,0.9999372821753385
2018-08-21,598725.574025,36.97402500003227,598688.6,0.9999382454556743
2018-08-22,593853.174025,36.97402500003227,593816.2,0.9999377387768269
2018-08-23,598124.774025,36.97402500003227,598087.8,0.9999381834249212
2018-08-24,595621.0740250001,36.97402500003227,595584.1000000001,0.9999379235782405
2018-08-27,605906.16885,605906.16885,0.0,0.0
2018-08-28,605906.16885,605906.16885,0.0,0.0
2018-08-29,605906.16885,605906.16885,0.0,0.0
2018-08-30,605906.16885,605906.16885,0.0,0.0
2018-08-31,605906.16885,605906.16885,0.0,0.0
2018-09-03,605906.16885,605906.16885,0.0,0.0
2018-09-04,605906.16885,605906.16885,0.0,0.0
2018-09-05,605906.16885,605906.16885,0.0,0.0
2018-09-06,605906.16885,605906.16885,0.0,0.0
2018-09-07,605906.16885,605906.16885,0.0,0.0
2018-09-10,605906.16885,605906.16885,0.0,0.0
2018-09-11,606556.86225,6129.862250000035,600427.0,0.9898940023079427
2018-09-12,603317.66225,6129.862250000035,597187.8,0.9898397434161973
2018-09-13,606528.46225,6129.862250000035,600398.6,0.989893529106185
2018-09-14,597925.06225,6129.862250000035,591795.2,0.9897481095257434
2018-09-17,590741.86225,6129.862250000035,584612.0,0.9896234503736492
2018-09-18,600515.1622499999,75.96225000003506,600439.2,0.9998735048592022
2018-09-19,607112.5622500001,75.96225000003506,607036.6000000001,0.999874879462684
2018-09-20,605656.36225,75.96225000003506,605580.4,0.9998745786311601
2018-09-21,615302.8764500001,202368.57645000005,412934.30000000005,0.6711073778533772
2018-09-25,612538.3764500001,202368.57645000005,410169.80000000005,0.669623024074282
2018-09-26,615597.143475,615597.143475,0.0,0.0
2018-09-27,615597.143475,615597.143475,0.0,0.0
2018-09-28,615597.143475,615597.143475,0.0,0.0
2018-10-08,615597.143475,615597.143475,0.0,0.0
2018-10-09,610048.5496250001,415571.74962500005,194476.80000000005,0.3187890539524205
2018-10-10,611784.9496250001,415571.74962500005,196213.20000000007,0.3207225024418645
2018-10-11,585199.354625,215541.75462500006,369657.6,0.6316780718886459
2018-10-12,595689.112925,91.71292500004529,595597.4,0.9998460389437879
2018-10-15,590744.9129250001,22.612925000045294,590722.3,0.9999617213377462
2018-10-16,582515.612925,22.612925000045294,582493.0,0.999961180568386
2018-10-17,583389.8129250001,22.612925000045294,583367.2000000001,0.9999612387386632
2018-10-18,569238.7129250001,22.612925000045294,569216.1000000001,0.9999602751455821
2018-10-19,582374.012925,22.612925000045294,582351.4,0.9999611711297239
2018-10-22,611104.951725,224794.95172500008,386310.0,0.6321500078006915
2018-10-23,605179.951725,224794.95172500008,380385.0,0.6285485811546693
2018-10-24,605179.951725,224794.95172500008,380385.0,0.6285485811546693
2018-10-25,599847.451725,224794.95172500008,375052.5,0.6252464671166807
2018-10-26,598662.451725,224794.95172500008,373867.5,0.6245046752518542
2018-10-29,593329.951725,224794.95172500008,368535.0,0.6211299445250502
2018-10-30,596292.451725,224794.95172500008,371497.5,0.623012246633852
2018-10-31,600439.951725,224794.95172500008,375645.0,0.6256162650749869
2018-11-01,604492.5036,604492.5036,0.0,0.0
2018-11-02,604492.5036,604492.5036,0.0,0.0
2018-11-05,604492.5036,604492.5036,0.0,0.0
2018-11-06,604492.5036,604492.5036,0.0,0.0
2018-11-07,604492.5036,604492.5036,0.0,0.0
2018-11-08,604492.5036,604492.5036,0.0,0.0
2018-11-09,604492.5036,604492.5036,0.0,0.0
2018-11-12,604492.5036,604492.5036,0.0,0.0
2018-11-13,604492.5036,604492.5036,0.0,0.0
2018-11-14,604492.5036,604492.5036,0.0,0.0
2018-11-15,604492.5036,604492.5036,0.0,0.0
2018-11-16,604492.5036,604492.5036,0.0,0.0
2018-11-19,604492.5036,604492.5036,0.0,0.0
2018-11-20,604492.5036,604492.5036,0.0,0.0
2018-11-21,604492.5036,604492.5036,0.0,0.0
2018-11-22,604492.5036,604492.5036,0.0,0.0
2018-11-23,604492.5036,604492.5036,0.0,0.0
2018-11-26,604492.5036,604492.5036,0.0,0.0
2018-11-27,604492.5036,604492.5036,0.0,0.0
2018-11-28,604492.5036,604492.5036,0.0,0.0
2018-11-29,604492.5036,604492.5036,0.0,0.0
2018-11-30,604492.5036,604492.5036,0.0,0.0
2018-12-03,604492.5036,604492.5036,0.0,0.0
2018-12-04,604492.5036,604492.5036,0.0,0.0
2018-12-05,604492.5036,604492.5036,0.0,0.0
2018-12-06,604492.5036,604492.5036,0.0,0.0
2018-12-07,604492.5036,604492.5036,0.0,0.0
2018-12-10,604492.5036,604492.5036,0.0,0.0
2018-12-11,604492.5036,604492.5036,0.0,0.0
2018-12-12,604492.5036,604492.5036,0.0,0.0
2018-12-13,604492.5036,604492.5036,0.0,0.0
2018-12-14,604492.5036,604492.5036,0.0,0.0
2018-12-17,604492.5036,604492.5036,0.0,0.0
2018-12-18,604492.5036,604492.5036,0.0,0.0
2018-12-19,604492.5036,604492.5036,0.0,0.0
2018-12-20,608274.6270000001,4836.227000000043,603438.4,0.992049270534508
2018-12-21,604882.2270000001,4836.227000000043,600046.0,0.9920046799457375
2018-12-24,611436.2270000001,4836.227000000043,606600.0,0.9920903819786261
2018-12-25,605067.4270000001,4836.227000000043,600231.2000000001,0.9920071271660108
2018-12-26,601130.2270000001,4836.227000000043,596294.0,0.9919547765479442
2018-12-27,592837.0270000001,4836.227000000043,588000.8,0.9918422318786777
2018-12-28,593431.427,4836.227000000043,588595.2,0.9918504029615538
2019-01-02,585801.427,4836.227000000043,580965.2,0.9917442553447381
2019-01-03,581211.0270000001,4836.227000000043,576374.8,0.9916790515400871
2019-01-04,596544.6270000001,4836.227000000043,591708.4,0.9918929334351375
2019-01-07,604567.568,205821.96800000005,398745.5999999999,0.6595550623383752
2019-01-08,603623.568,205821.96800000005,397801.5999999999,0.6590226443908498
2019-01-09,607983.4025000001,607983.4025000001,0.0,0.0
2019-01-10,607983.4025000001,607983.4025000001,0.0,0.0
2019-01-11,607983.4025000001,607983.4025000001,0.0,0.0
2019-01-14,607983.4025000001,607983.4025000001,0.0,0.0
2019-01-15,607983.4025000001,607983.4025000001,0.0,0.0
2019-01-16,607983.4025000001,607983.4025000001,0.0,0.0
2019-01-17,607983.4025000001,607983.4025000001,0.0,0.0
2019-01-18,607983.4025000001,607983.4025000001,0.0,0.0
2019-01-21,607983.4025000001,607983.4025000001,0.0,0.0
2019-01-22,607983.4025000001,607983.4025000001,0.0,0.0
2019-01-23,607983.4025000001,607983.4025000001,0.0,0.0
2019-01-24,607983.4025000001,607983.4025000001,0.0,0.0
2019-01-25,607983.4025000001,607983.4025000001,0.0,0.0
2019-01-28,607983.4025000001,607983.4025000001,0.0,0.0
2019-01-29,607983.4025000001,607983.4025000001,0.0,0.0
2019-01-30,607983.4025000001,607983.4025000001,0.0,0.0
2019-01-31,607983.4025000001,607983.4025000001,0.0,0.0
2019-02-01,618982.53385,618982.53385,0.0,0.0
2019-02-11,618982.53385,618982.53385,0.0,0.0
2019-02-12,618982.53385,618982.53385,0.0,0.0
2019-02-13,618982.53385,618982.53385,0.0,0.0
2019-02-14,618982.53385,618982.53385,0.0,0.0
2019-02-15,618982.53385,618982.53385,0.0,0.0
2019-02-18,618982.53385,618982.53385,0.0,0.0
2019-02-19,618982.53385,618982.53385,0.0,0.0
2019-02-20,618982.53385,618982.53385,0.0,0.0
2019-02-21,618982.53385,618982.53385,0.0,0.0
2019-02-22,618982.53385,618982.53385,0.0,0.0
2019-02-25,618982.53385,618982.53385,0.0,0.0
2019-02-26,618982.53385,618982.53385,0.0,0.0
2019-02-27,618982.53385,618982.53385,0.0,0.0
2019-02-28,618982.53385,618982.53385,0.0,0.0
2019-03-01,618982.53385,618982.53385,0.0,0.0
2019-03-04,618982.53385,618982.53385,0.0,0.0
2019-03-05,618982.53385,618982.53385,0.0,0.0
2019-03-06,618982.53385,618982.53385,0.0,0.0
2019-03-07,618982.53385,618982.53385,0.0,0.0
2019-03-08,618982.53385,618982.53385,0.0,0.0
2019-03-11,618982.53385,618982.53385,0.0,0.0
2019-03-12,618982.53385,618982.53385,0.0,0.0
2019-03-13,618982.53385,618982.53385,0.0,0.0
2019-03-14,618982.53385,618982.53385,0.0,0.0
2019-03-15,618982.53385,618982.53385,0.0,0.0
2019-03-18,618982.53385,618982.53385,0.0,0.0
2019-03-19,618982.53385,618982.53385,0.0,0.0
2019-03-20,618982.53385,618982.53385,0.0,0.0
2019-03-21,618982.53385,618982.53385,0.0,0.0
2019-03-22,618982.53385,618982.53385,0.0,0.0
2019-03-25,618982.53385,618982.53385,0.0,0.0
2019-03-26,618982.53385,618982.53385,0.0,0.0
2019-03-27,618982.53385,618982.53385,0.0,0.0
2019-03-28,618982.53385,618982.53385,0.0,0.0
2019-03-29,618982.53385,618982.53385,0.0,0.0
2019-04-01,618982.53385,618982.53385,0.0,0.0
2019-04-02,618982.53385,618982.53385,0.0,0.0
2019-04-03,618982.53385,618982.53385,0.0,0.0
2019-04-04,618982.53385,618982.53385,0.0,0.0
2019-04-08,618982.53385,618982.53385,0.0,0.0
2019-04-09,618982.53385,618982.53385,0.0,0.0
2019-04-10,618982.53385,618982.53385,0.0,0.0
2019-04-11,618982.53385,618982.53385,0.0,0.0
2019-04-12,618982.53385,618982.53385,0.0,0.0
2019-04-15,618982.53385,618982.53385,0.0,0.0
2019-04-16,618982.53385,618982.53385,0.0,0.0
2019-04-17,618982.53385,618982.53385,0.0,0.0
2019-04-18,618982.53385,618982.53385,0.0,0.0
2019-04-19,618982.53385,618982.53385,0.0,0.0
2019-04-22,618982.53385,618982.53385,0.0,0.0
2019-04-23,618982.53385,618982.53385,0.0,0.0
2019-04-24,618982.53385,618982.53385,0.0,0.0
2019-04-25,618982.53385,618982.53385,0.0,0.0
2019-04-26,618161.54735,418986.54735,199175.0,0.32220541839563516
2019-04-29,605064.31975,19576.319749999995,585488.0,0.9676458863776853
2019-04-30,607762.51975,68.61974999999438,607693.9,0.9998870944690236
2019-05-06,562675.91975,68.61974999999438,562607.3,0.9998780474735254
2019-05-07,569891.11975,68.61974999999438,569822.5,0.9998795914734905
2019-05-08,567769.11975,68.61974999999438,567700.5,0.9998791414544874
2019-05-09,564392.5197499999,68.61974999999438,564323.8999999999,0.9998784183921673
2019-05-10,587223.7197499999,68.61974999999438,587155.1,0.9998831454730249
2019-05-13,579132.51975,68.61974999999438,579063.9,0.9998815128702675
2019-05-14,575416.7197499999,68.61974999999438,575348.1,0.9998807477300455
2019-05-15,586251.11975,68.61974999999438,586182.5,0.9998829516094925
2019-05-16,591240.91975,68.61974999999438,591172.3,0.9998839394437906
2019-05-17,573149.4197499999,68.61974999999438,573080.7999999999,0.9998802759845244
2019-05-20,573487.61975,68.61974999999438,573419.0,0.9998803465887722
2019-05-21,583035.3197499999,68.61974999999438,582966.7,0.9998823060153039
2019-05-22,580971.8052749999,212473.40527499997,368498.39999999997,0.6342793172649286
2019-05-23,572590.205275,212473.40527499997,360116.8,0.6289258822145681
2019-05-24,571765.405275,212473.40527499997,359292.00000000006,0.6283905893662675
2019-05-27,578935.8052749999,212473.40527499997,366462.39999999997,0.6329931516775454
2019-05-28,579335.0052749999,212473.40527499997,366861.5999999999,0.633246043583811
2019-05-29,582294.526875,582294.526875,0.0,0.0
2019-05-30,582294.526875,582294.526875,0.0,0.0
2019-05-31,582294.526875,582294.526875,0.0,0.0
2019-06-03,582294.526875,582294.526875,0.0,0.0
2019-06-04,582294.526875,582294.526875,0.0,0.0
2019-06-05,582294.526875,582294.526875,0.0,0.0
2019-06-06,575456.2618499999,182334.46184999993,393121.79999999993,0.6831480097830132
2019-06-10,580815.0029249999,453.302924999909,580361.7,0.9992195399176723
2019-06-11,599189.27655,190111.3765499999,409077.9,0.6827189938300975
2019-06-12,596410.9765499999,190111.3765499999,406299.6,0.6812409831057795
2019-06-13,598571.8765499999,190111.3765499999,408460.5,0.682391732725987
2019-06-14,599362.2792749999,398048.4792749999,201313.8,0.3358799960576649
2019-06-17,598015.4585249999,398048.4792749999,199966.97925000003,0.33438429792971724
2019-06-18,598015.4585249999,398048.4792749999,199966.97925000003,0.33438429792971724
2019-06-19,598015.4585249999,398048.4792749999,199966.97925000003,0.33438429792971724
2019-06-20,598015.4585249999,398048.4792749999,199966.97925000003,0.33438429792971724
2019-06-21,598015.4585249999,398048.4792749999,199966.97925000003,0.33438429792971724
2019-06-24,598015.4585249999,398048.4792749999,199966.97925000003,0.33438429792971724
2019-06-25,598015.4585249999,398048.4792749999,199966.97925000003,0.33438429792971724
2019-06-26,598015.4585249999,398048.4792749999,199966.97925000003,0.33438429792971724
2019-06-27,598015.4585249999,398048.4792749999,199966.97925000003,0.33438429792971724
2019-06-28,598015.4585249999,398048.4792749999,199966.97925000003,0.33438429792971724
2019-07-01,598015.4585249999,398048.4792749999,199966.97925000003,0.33438429792971724
2019-07-02,598015.4585249999,398048.4792749999,199966.97925000003,0.33438429792971724
2019-07-03,598015.4585249999,398048.4792749999,199966.97925000003,0.33438429792971724
2019-07-04,598015.4585249999,398048.4792749999,199966.97925000003,0.33438429792971724
2019-07-05,598015.4585249999,398048.4792749999,199966.97925000003,0.33438429792971724
2019-07-08,598015.4585249999,398048.4792749999,199966.97925000003,0.33438429792971724
2019-07-09,598015.4585249999,398048.4792749999,199966.97925000003,0.33438429792971724
2019-07-10,598015.4585249999,398048.4792749999,199966.97925000003,0.33438429792971724
2019-07-11,598015.4585249999,398048.4792749999,199966.97925000003,0.33438429792971724
2019-07-12,598015.4585249999,398048.4792749999,199966.97925000003,0.33438429792971724
2019-07-15,598015.4585249999,398048.4792749999,199966.97925000003,0.33438429792971724
2019-07-16,598015.4585249999,398048.4792749999,199966.97925000003,0.33438429792971724
2019-07-17,598015.4585249999,398048.4792749999,199966.97925000003,0.33438429792971724
2019-07-18,598015.4585249999,398048.4792749999,199966.97925000003,0.33438429792971724
2019-07-19,598015.4585249999,398048.4792749999,199966.97925000003,0.33438429792971724
2019-07-22,598015.4585249999,398048.4792749999,199966.97925000003,0.33438429792971724
2019-07-23,598015.4585249999,398048.4792749999,199966.97925000003,0.33438429792971724
2019-07-24,598015.4585249999,398048.4792749999,199966.97925000003,0.33438429792971724
2019-07-25,598015.4585249999,398048.4792749999,199966.97925000003,0.33438429792971724
2019-07-26,598015.4585249999,398048.4792749999,199966.97925000003,0.33438429792971724
2019-07-29,598015.4585249999,398048.4792749999,199966.97925000003,0.33438429792971724
2019-07-30,598015.4585249999,398048.4792749999,199966.97925000003,0.33438429792971724
2019-07-31,598015.4585249999,398048.4792749999,199966.97925000003,0.33438429792971724
2019-08-01,598015.4585249999,398048.4792749999,199966.97925000003,0.33438429792971724
2019-08-02,598015.4585249999,398048.4792749999,199966.97925000003,0.33438429792971724
2019-08-05,594916.2734249999,198058.0941749999,396858.17925000004,0.6670824063447498
2019-08-06,594405.7206749999,197.64142499989248,594208.07925,0.9996674974379864
2019-08-07,590355.5206749999,12.641424999892479,590342.87925,0.9999785867590677
2019-08-08,595589.5206749999,12.641424999892479,595576.87925,0.9999787749371655
2019-08-09,592629.6206749999,12.641424999892479,592616.97925,0.9999786689281823
2019-08-12,600463.7206749999,12.641424999892479,600451.07925,0.9999789472293419
2019-08-13,596009.6206749999,12.641424999892479,595996.97925,0.9999787898977442
2019-08-14,597301.7206749999,12.641424999892479,597289.07925,0.9999788357800382
2019-08-15,597285.820675,12.641424999892479,597273.17925,0.9999788352166378
2019-08-16,599226.6206749999,12.641424999892479,599213.97925,0.9999789037660148
2019-08-19,607153.7016999999,407186.7224499999,199966.97924999997,0.3293514948358257
2019-08-20,607153.7016999999,407186.7224499999,199966.97924999997,0.3293514948358257
2019-08-21,607153.7016999999,407186.7224499999,199966.97924999997,0.3293514948358257
2019-08-22,607153.7016999999,407186.7224499999,199966.97924999997,0.3293514948358257
2019-08-23,607153.7016999999,407186.7224499999,199966.97924999997,0.3293514948358257
2019-08-26,607153.7016999999,407186.7224499999,199966.97924999997,0.3293514948358257
2019-08-27,607153.7016999999,407186.7224499999,199966.97924999997,0.3293514948358257
2019-08-28,607153.7016999999,407186.7224499999,199966.97924999997,0.3293514948358257
2019-08-29,607153.7016999999,407186.7224499999,199966.97924999997,0.3293514948358257
2019-08-30,607153.7016999999,407186.7224499999,199966.97924999997,0.3293514948358257
2019-09-02,607153.7016999999,407186.7224499999,199966.97924999997,0.3293514948358257
2019-09-03,607153.7016999999,407186.7224499999,199966.97924999997,0.3293514948358257
2019-09-04,607153.7016999999,407186.7224499999,199966.97924999997,0.3293514948358257
2019-09-05,607153.7016999999,407186.7224499999,199966.97924999997,0.3293514948358257
2019-09-06,607153.7016999999,407186.7224499999,199966.97924999997,0.3293514948358257
2019-09-09,607153.7016999999,407186.7224499999,199966.97924999997,0.3293514948358257
2019-09-10,607153.7016999999,407186.7224499999,199966.97924999997,0.3293514948358257
2019-09-11,607153.7016999999,407186.7224499999,199966.97924999997,0.3293514948358257
2019-09-12,607153.7016999999,407186.7224499999,199966.97924999997,0.3293514948358257
2019-09-16,607153.7016999999,407186.7224499999,199966.97924999997,0.3293514948358257
2019-09-17,607153.7016999999,407186.7224499999,199966.97924999997,0.3293514948358257
2019-09-18,607153.7016999999,407186.7224499999,199966.97924999997,0.3293514948358257
2019-09-19,607153.7016999999,407186.7224499999,199966.97924999997,0.3293514948358257
2019-09-20,607153.7016999999,407186.7224499999,199966.97924999997,0.3293514948358257
2019-09-23,607153.7016999999,407186.7224499999,199966.97924999997,0.3293514948358257
2019-09-24,607153.7016999999,407186.7224499999,199966.97924999997,0.3293514948358257
2019-09-25,607153.7016999999,407186.7224499999,199966.97924999997,0.3293514948358257
2019-09-26,607153.7016999999,407186.7224499999,199966.97924999997,0.3293514948358257
2019-09-27,608667.9124749999,207179.8332249999,401488.07925,0.6596176191011063
2019-09-30,606843.012475,207179.8332249999,399663.1792500001,0.6585940202557163
2019-10-08,603812.018025,7152.038774999877,596659.9792500001,0.9881551897585719
2019-10-09,606873.3180249999,7152.038774999877,599721.27925,0.9882149394897185
2019-10-10,611165.5180249999,7152.038774999877,604013.47925,0.9882977056720871
2019-10-11,611691.3180249999,7152.038774999877,604539.27925,0.9883077647757171
2019-10-14,615930.777975,213660.59872499987,402270.1792500001,0.6531093974107718
2019-10-15,646480.2077249999,447566.1077249999,198914.09999999998,0.3076878419835773
2019-10-16,644916.0077249999,447566.1077249999,197349.90000000002,0.3060086858382843
2019-10-17,643873.2077249999,447566.1077249999,196307.09999999998,0.3048847158800298
2019-10-18,640484.1077249999,447566.1077249999,192918.0,0.3012065368573233
2019-10-21,640484.1077249999,447566.1077249999,192918.0,0.3012065368573233
2019-10-22,642569.7077249999,447566.1077249999,195003.59999999998,0.30347462330648106
2019-10-23,640484.1077249999,447566.1077249999,192918.0,0.3012065368573233
2019-10-24,638128.6126499999,247535.8126499999,390592.80000000005,0.6120910303300128
2019-10-25,642104.2126499999,247535.8126499999,394568.4,0.6144927758246503
2019-10-28,649342.6126499999,247535.8126499999,401806.80000000005,0.618790130467807
2019-10-29,649531.2886499999,649531.2886499999,0.0,0.0
2019-10-30,649531.2886499999,649531.2886499999,0.0,0.0
2019-10-31,649531.2886499999,649531.2886499999,0.0,0.0
2019-11-01,649531.2886499999,649531.2886499999,0.0,0.0
2019-11-04,649531.2886499999,649531.2886499999,0.0,0.0
2019-11-05,649531.2886499999,649531.2886499999,0.0,0.0
2019-11-06,649531.2886499999,649531.2886499999,0.0,0.0
2019-11-07,649531.2886499999,649531.2886499999,0.0,0.0
2019-11-08,649531.2886499999,649531.2886499999,0.0,0.0
2019-11-11,649531.2886499999,649531.2886499999,0.0,0.0
2019-11-12,650102.6354249999,49568.435424999916,600534.2,0.9237529080425971
2019-11-13,647939.2354249998,49568.435424999916,598370.7999999999,0.9234983271348173
2019-11-14,650146.4522499999,23.35224999991624,650123.1,0.9999640815543651
2019-11-15,645170.6522499998,23.35224999991624,645147.2999999999,0.999963804537732
2019-11-18,648406.4522499999,23.35224999991624,648383.1,0.999963985167145
2019-11-19,656713.889425,202623.98942499992,454089.9,0.6914577372462585
2019-11-20,653451.1894249999,202623.98942499992,450827.19999999995,0.6899171771294845
2019-11-21,655734.389425,202623.98942499992,453110.4,0.690996853767763
2019-11-22,658270.0494249999,658270.0494249999,0.0,0.0
2019-11-25,657019.5077999999,458453.6077999999,198565.90000000002,0.3022222287811346
2019-11-26,658348.8376499999,58473.03764999987,599875.8,0.9111822877082589
2019-11-27,661261.4376499999,58473.03764999987,602788.4,0.9115734952611146
2019-11-28,658784.8376499999,58473.03764999987,600311.8,0.9112410694535968
2019-11-29,656463.0376499998,58473.03764999987,597990.0,0.9109271439572271
2019-12-02,661986.8344749999,204725.4344749999,457261.4,0.6907409274425209
2019-12-03,661413.6669749998,4805.466974999901,656608.2,0.9927345514389234
2019-12-04,662571.2669749999,4805.466974999901,657765.8,0.9927472451424895
2019-12-05,666972.0042249999,208205.6042249999,458766.4,0.6878345674089752
2019-12-06,671126.404225,208205.6042249999,462920.80000000005,0.689766930768533
2019-12-09,665497.6042249999,208205.6042249999,457292.0,0.6871429695566461
2019-12-10,666021.8042249999,208205.6042249999,457816.19999999995,0.6873892072238186
2019-12-11,663054.0042249999,208205.6042249999,454848.4,0.6859899753288456
2019-12-12,661205.0042249999,208205.6042249999,452999.4,0.6851118746915138
2019-12-13,667362.8042249999,208205.6042249999,459157.19999999995,0.6880173679041245
2019-12-16,667093.6042249999,208205.6042249999,458888.0,0.6878914699431363
2019-12-17,670512.1986749999,670512.1986749999,0.0,0.0
2019-12-18,670512.1986749999,670512.1986749999,0.0,0.0
2019-12-19,670512.1986749999,670512.1986749999,0.0,0.0
2019-12-20,670512.1986749999,670512.1986749999,0.0,0.0
2019-12-23,670512.1986749999,670512.1986749999,0.0,0.0
2019-12-24,670512.1986749999,670512.1986749999,0.0,0.0
2019-12-25,670512.1986749999,670512.1986749999,0.0,0.0
2019-12-26,670512.1986749999,670512.1986749999,0.0,0.0
2019-12-27,670512.1986749999,670512.1986749999,0.0,0.0
2019-12-30,670512.1986749999,670512.1986749999,0.0,0.0
2019-12-31,670512.1986749999,670512.1986749999,0.0,0.0
2020-01-02,670512.1986749999,670512.1986749999,0.0,0.0
2020-01-03,670512.1986749999,670512.1986749999,0.0,0.0
2020-01-06,670512.1986749999,670512.1986749999,0.0,0.0
2020-01-07,670512.1986749999,670512.1986749999,0.0,0.0
2020-01-08,670512.1986749999,670512.1986749999,0.0,0.0
2020-01-09,670512.1986749999,670512.1986749999,0.0,0.0
2020-01-10,670512.1986749999,670512.1986749999,0.0,0.0
2020-01-13,670512.1986749999,670512.1986749999,0.0,0.0
2020-01-14,670512.1986749999,670512.1986749999,0.0,0.0
2020-01-15,670512.1986749999,670512.1986749999,0.0,0.0
2020-01-16,670512.1986749999,670512.1986749999,0.0,0.0
2020-01-17,670512.1986749999,670512.1986749999,0.0,0.0
2020-01-20,670512.1986749999,670512.1986749999,0.0,0.0
2020-01-21,670512.1986749999,670512.1986749999,0.0,0.0
2020-01-22,670462.2104999998,470509.51049999986,199952.69999999995,0.298231126033016
2020-01-23,666135.0104999999,470509.51049999986,195625.5,0.2936724491528584
2020-02-03,647526.6201499999,30.520149999894784,647496.1,0.9999528665709638
2020-02-04,666521.0201499999,30.520149999894784,666490.5,0.9999542097712192
2020-02-05,669937.0201499999,30.520149999894784,669906.5,0.9999544432549898
2020-02-06,679295.5201499999,30.520149999894784,679265.0,0.9999550708799123
2020-02-07,677736.3201499998,30.520149999894784,677705.7999999999,0.9999549675159904
2020-02-10,677781.8201499998,30.520149999894784,677751.2999999999,0.9999549705390547
2020-02-11,684834.9201499999,30.520149999894784,684804.4,0.999955434296497
2020-02-12,687798.0201499999,30.520149999894784,687767.5,0.9999556262898326
2020-02-13,683629.9201499999,30.520149999894784,683599.4,0.9999553557427779
2020-02-14,688518.1201499999,30.520149999894784,688487.6,0.999955672698936
2020-02-17,697495.3664249999,430537.7664249999,266957.6,0.38273745296443534
2020-02-18,694986.3664249999,430537.7664249999,264448.6,0.3805090470483901
2020-02-19,694233.666425,430537.7664249999,263695.9,0.379837384375089
2020-02-20,696425.277925,696425.277925,0.0,0.0
2020-02-21,696425.277925,696425.277925,0.0,0.0
2020-02-24,696425.277925,696425.277925,0.0,0.0
2020-02-25,696425.277925,696425.277925,0.0,0.0
2020-02-26,696425.277925,696425.277925,0.0,0.0
2020-02-27,696425.277925,696425.277925,0.0,0.0
2020-02-28,696425.277925,696425.277925,0.0,0.0
2020-03-02,696425.277925,696425.277925,0.0,0.0
2020-03-03,696425.277925,696425.277925,0.0,0.0
2020-03-04,696425.277925,696425.277925,0.0,0.0
2020-03-05,696425.277925,696425.277925,0.0,0.0
2020-03-06,696425.277925,696425.277925,0.0,0.0
2020-03-09,696425.277925,696425.277925,0.0,0.0
2020-03-10,704215.6953749999,496445.0953749999,207770.59999999998,0.29503829773257273
2020-03-11,700295.4953749999,496445.0953749999,203850.40000000002,0.2910919766674217
2020-03-12,695914.0953749999,496445.0953749999,199469.0,0.2866287683000791
2020-03-13,697282.5014249999,296419.3014249999,400863.2,0.5748935319340106
2020-03-16,671190.5277749998,96474.72777499989,574715.7999999999,0.8562632758021569
2020-03-17,667449.7277749999,96474.72777499989,570975.0,0.855457686533776
2020-03-18,658495.9277749999,96474.72777499989,562021.2,0.8534922940207397
2020-03-19,655920.6260249999,43.626024999888614,655877.0,0.999933488865468
2020-03-20,666283.6260249999,43.626024999888614,666240.0,0.9999345233421686
2020-03-23,643019.8260249998,43.626024999888614,642976.2,0.9999321544636196
2020-03-24,655574.3260249998,43.626024999888614,655530.7,0.9999334537316853
2020-03-25,672004.0260249999,43.626024999888614,671960.4,0.9999350807088792
2020-03-26,669190.5260249998,43.626024999888614,669146.8999999999,0.9999348077665429
2020-03-27,666792.4260249999,43.626024999888614,666748.8,0.9999345733045291
2020-03-30,654093.8260249998,43.626024999888614,654050.2,0.9999333031084164
2020-03-31,655744.9260249998,43.626024999888614,655701.2999999999,0.9999334710445046
2020-04-01,654705.726025,43.626024999888614,654662.1000000001,0.9999333654445567
2020-04-02,666575.3260249998,43.626024999888614,666531.7,0.999934551995406
2020-04-03,661320.5260249998,43.626024999888614,661276.8999999999,0.9999340319507968
2020-04-07,672193.9888999999,482871.3888999999,189322.59999999998,0.2816487548628836
2020-04-08,672377.2005999999,672377.2005999999,0.0,0.0
2020-04-09,672377.2005999999,672377.2005999999,0.0,0.0
2020-04-10,672377.2005999999,672377.2005999999,0.0,0.0
2020-04-13,672377.2005999999,672377.2005999999,0.0,0.0
2020-04-14,672377.2005999999,672377.2005999999,0.0,0.0
2020-04-15,672377.2005999999,672377.2005999999,0.0,0.0
2020-04-16,672377.2005999999,672377.2005999999,0.0,0.0
2020-04-17,672377.2005999999,672377.2005999999,0.0,0.0
2020-04-20,672377.2005999999,672377.2005999999,0.0,0.0
2020-04-21,672377.2005999999,672377.2005999999,0.0,0.0
2020-04-22,672377.2005999999,672377.2005999999,0.0,0.0
2020-04-23,672377.2005999999,672377.2005999999,0.0,0.0
2020-04-24,672377.2005999999,672377.2005999999,0.0,0.0
2020-04-27,671672.3098999999,472364.40989999985,199307.90000000002,0.2967338344343441
2020-04-28,674291.9098999999,472364.40989999985,201927.5,0.29946599838332133
2020-04-29,674510.2098999999,472364.40989999985,202145.80000000005,0.2996927207817497
2020-04-30,676860.3731249999,676860.3731249999,0.0,0.0
2020-05-06,676860.3731249999,676860.3731249999,0.0,0.0
2020-05-07,676860.3731249999,676860.3731249999,0.0,0.0
2020-05-08,676860.3731249999,676860.3731249999,0.0,0.0
2020-05-11,676860.3731249999,676860.3731249999,0.0,0.0
2020-05-12,676860.3731249999,676860.3731249999,0.0,0.0
2020-05-13,676860.3731249999,676860.3731249999,0.0,0.0
2020-05-14,676860.3731249999,676860.3731249999,0.0,0.0
2020-05-15,676860.3731249999,676860.3731249999,0.0,0.0
2020-05-18,676860.3731249999,676860.3731249999,0.0,0.0
2020-05-19,676860.3731249999,676860.3731249999,0.0,0.0
2020-05-20,676860.3731249999,676860.3731249999,0.0,0.0
2020-05-21,676860.3731249999,676860.3731249999,0.0,0.0
2020-05-22,676860.3731249999,676860.3731249999,0.0,0.0
2020-05-25,674930.2127249999,76868.81272499988,598061.4,0.8861085023670143
2020-05-26,678715.8127249999,76868.81272499988,601847.0,0.8867437426919869
2020-05-27,674723.6127249999,76868.81272499988,597854.8,0.8860736288529306
2020-05-28,679828.2127249998,76868.81272499988,602959.3999999999,0.8869290634219466
2020-05-29,676681.0127249999,76868.81272499988,599812.2000000001,0.8864031777462641
2020-06-01,691836.4347249998,488677.83472499985,203158.59999999998,0.29365120106857934
2020-06-02,692528.2347249999,488677.83472499985,203850.40000000002,0.2943568070996386
2020-06-03,692477.2721249999,692477.2721249999,0.0,0.0
2020-06-04,692477.2721249999,692477.2721249999,0.0,0.0
2020-06-05,692477.2721249999,692477.2721249999,0.0,0.0
2020-06-08,692477.2721249999,692477.2721249999,0.0,0.0
2020-06-09,692477.2721249999,692477.2721249999,0.0,0.0
2020-06-10,692477.2721249999,692477.2721249999,0.0,0.0
2020-06-11,692477.2721249999,692477.2721249999,0.0,0.0
2020-06-12,692477.2721249999,692477.2721249999,0.0,0.0
2020-06-15,692477.2721249999,692477.2721249999,0.0,0.0
2020-06-16,692477.2721249999,692477.2721249999,0.0,0.0
2020-06-17,692477.2721249999,692477.2721249999,0.0,0.0
2020-06-18,692477.2721249999,692477.2721249999,0.0,0.0
2020-06-19,692477.2721249999,692477.2721249999,0.0,0.0
2020-06-22,692477.2721249999,692477.2721249999,0.0,0.0
2020-06-23,692477.2721249999,692477.2721249999,0.0,0.0
2020-06-24,692477.2721249999,692477.2721249999,0.0,0.0
2020-06-29,692477.2721249999,692477.2721249999,0.0,0.0
2020-06-30,692477.2721249999,692477.2721249999,0.0,0.0
2020-07-01,692477.2721249999,692477.2721249999,0.0,0.0
2020-07-02,692477.2721249999,692477.2721249999,0.0,0.0
2020-07-03,692477.2721249999,692477.2721249999,0.0,0.0
2020-07-06,692477.2721249999,692477.2721249999,0.0,0.0
2020-07-07,692477.2721249999,692477.2721249999,0.0,0.0
2020-07-08,692477.2721249999,692477.2721249999,0.0,0.0
2020-07-09,692477.2721249999,692477.2721249999,0.0,0.0
2020-07-10,692477.2721249999,692477.2721249999,0.0,0.0
2020-07-13,692477.2721249999,692477.2721249999,0.0,0.0
2020-07-14,692477.2721249999,692477.2721249999,0.0,0.0
2020-07-15,692477.2721249999,692477.2721249999,0.0,0.0
2020-07-16,692477.2721249999,692477.2721249999,0.0,0.0
2020-07-17,692477.2721249999,692477.2721249999,0.0,0.0
2020-07-20,692477.2721249999,692477.2721249999,0.0,0.0
2020-07-21,692477.2721249999,692477.2721249999,0.0,0.0
2020-07-22,692477.2721249999,692477.2721249999,0.0,0.0
2020-07-23,692477.2721249999,692477.2721249999,0.0,0.0
2020-07-24,692477.2721249999,692477.2721249999,0.0,0.0
2020-07-27,692477.2721249999,692477.2721249999,0.0,0.0
2020-07-28,692477.2721249999,692477.2721249999,0.0,0.0
2020-07-29,692477.2721249999,692477.2721249999,0.0,0.0
2020-07-30,692477.2721249999,692477.2721249999,0.0,0.0
2020-07-31,692477.2721249999,692477.2721249999,0.0,0.0
2020-08-03,692477.2721249999,692477.2721249999,0.0,0.0
2020-08-04,692477.2721249999,692477.2721249999,0.0,0.0
2020-08-05,692477.2721249999,692477.2721249999,0.0,0.0
2020-08-06,692477.2721249999,692477.2721249999,0.0,0.0
2020-08-07,692477.2721249999,692477.2721249999,0.0,0.0
2020-08-10,692477.2721249999,692477.2721249999,0.0,0.0
2020-08-11,692477.2721249999,692477.2721249999,0.0,0.0
2020-08-12,692477.2721249999,692477.2721249999,0.0,0.0
2020-08-13,692477.2721249999,692477.2721249999,0.0,0.0
2020-08-14,692477.2721249999,692477.2721249999,0.0,0.0
2020-08-17,692477.2721249999,692477.2721249999,0.0,0.0
2020-08-18,692477.2721249999,692477.2721249999,0.0,0.0
2020-08-19,692477.2721249999,692477.2721249999,0.0,0.0
2020-08-20,692477.2721249999,692477.2721249999,0.0,0.0
2020-08-21,692477.2721249999,692477.2721249999,0.0,0.0
2020-08-24,692477.2721249999,692477.2721249999,0.0,0.0
2020-08-25,692477.2721249999,692477.2721249999,0.0,0.0
2020-08-26,692477.2721249999,692477.2721249999,0.0,0.0
2020-08-27,702462.81565,292551.4156499999,409911.4000000001,0.5835346595829454
2020-08-28,706005.81565,292551.4156499999,413454.4000000001,0.5856246376941585
2020-08-31,702652.01565,292551.4156499999,410100.60000000003,0.5836467993628819
2020-09-01,702203.11565,292551.4156499999,409651.7000000001,0.5833806357022536
2020-09-02,694976.1156499999,292551.4156499999,402424.7,0.5790482448790614
2020-09-03,695614.2156499999,292551.4156499999,403062.8,0.5794343918394015
2020-09-04,703525.7156499999,292551.4156499999,410974.3,0.5841638633213194
2020-09-07,682901.6288999999,92554.42889999988,590347.2,0.8644688707960996
2020-09-08,677597.5289,92554.42889999988,585043.1000000001,0.8634079598102266
2020-09-09,654269.2289,92554.42889999988,561714.8,0.858537701588674
2020-09-10,647308.9077999999,46.907799999869894,647262.0,0.9999275341348857
2020-09-11,660310.3077999998,46.907799999869894,660263.3999999999,0.9999289609757022
2020-09-14,666941.9077999999,46.907799999869894,666895.0,0.9999296673376626
2020-09-15,670080.1077999999,46.907799999869894,670033.2,0.9999299967280719
2020-09-16,666374.3077999998,46.907799999869894,666327.3999999999,0.9999296074301622
2020-09-17,673253.3077999998,46.907799999869894,673206.3999999999,0.9999303266698336
2020-09-18,682562.9077999997,46.907799999869894,682515.9999999998,0.9999312769570923
2020-09-21,689020.8212499998,689020.8212499998,0.0,0.0
2020-09-22,689020.8212499998,689020.8212499998,0.0,0.0
2020-09-23,689020.8212499998,689020.8212499998,0.0,0.0
2020-09-24,689020.8212499998,689020.8212499998,0.0,0.0
2020-09-25,688503.9487999998,88981.04879999973,599522.9,0.8707617451503572
2020-09-28,687286.7487999997,88981.04879999973,598305.7,0.8705328613488325
2020-09-29,686611.2487999997,88981.04879999973,597630.2,0.8704054893427493
2020-09-30,684445.3487999997,88981.04879999973,595464.2999999999,0.86999539268401
2020-10-09,692152.7487999997,88981.04879999973,603171.7,0.871443046416751
2020-10-12,696458.3414999997,696458.3414999997,0.0,0.0
2020-10-13,696458.3414999997,696458.3414999997,0.0,0.0
2020-10-14,696458.3414999997,696458.3414999997,0.0,0.0
2020-10-15,696458.3414999997,696458.3414999997,0.0,0.0
2020-10-16,696458.3414999997,696458.3414999997,0.0,0.0
2020-10-19,696458.3414999997,696458.3414999997,0.0,0.0
2020-10-20,696458.3414999997,696458.3414999997,0.0,0.0
2020-10-21,696458.3414999997,696458.3414999997,0.0,0.0
2020-10-22,696458.3414999997,696458.3414999997,0.0,0.0
2020-10-23,696458.3414999997,696458.3414999997,0.0,0.0
2020-10-26,697480.8629999998,496494.3629999998,200986.5,0.28816059430723057
2020-10-27,697325.8908749998,96505.89087499981,600820.0,0.8616057540127976
2020-10-28,702617.9908749998,96505.89087499981,606112.1,0.8626481357888133
2020-10-29,706051.0908749998,96505.89087499981,609545.2,0.8633159949439334
2020-10-30,687643.6908749999,96505.89087499981,591137.8,0.8596571274402303
2020-11-02,684137.0774249998,27.97742499980086,684109.1,0.9999591055273526
2020-11-03,699556.9774249998,27.97742499980086,699529.0,0.999960006938816
2020-11-04,695727.7774249997,27.97742499980086,695699.7999999999,0.9999597868219329
2020-11-05,706233.0774249998,27.97742499980086,706205.1,0.9999603849976811
2020-11-06,708836.5951249998,206305.59512499976,502531.0,0.7089518281873993
2020-11-09,715701.4143249998,715701.4143249998,0.0,0.0
2020-11-10,715701.4143249998,715701.4143249998,0.0,0.0
2020-11-11,715701.4143249998,715701.4143249998,0.0,0.0
2020-11-12,716385.0509249998,515797.8509249998,200587.19999999995,0.2799991425574847
2020-11-13,716489.8509249998,515797.8509249998,200692.0,0.2801044561076524
2020-11-16,718061.8509249998,515797.8509249998,202264.0,0.2816804704768059
2020-11-17,713450.6509249997,515797.8509249998,197652.79999999993,0.2770378017649014
2020-11-18,710935.4509249998,515797.8509249998,195137.59999999998,0.2744800526490921
2020-11-19,715896.1909999998,115858.19099999976,600038.0,0.8381634202604665
2020-11-20,719444.4909999998,115858.19099999976,603586.3,0.8389615982200914
2020-11-23,718604.1909999998,115858.19099999976,602746.0,0.8387732879225585
2020-11-24,711697.3909999997,115858.19099999976,595839.2,0.8372086332405849
2020-11-25,697132.3909999997,115858.19099999976,581274.2,0.8338074768928649
2020-11-26,693592.0480499999,57.44804999975895,693534.6000000001,0.9999171731421067
2020-11-27,696729.4480499998,57.44804999975895,696672.0,0.9999175461146926
2020-11-30,700463.9480499998,57.44804999975895,700406.5,0.9999179857148113
2020-12-01,720129.8480499998,57.44804999975895,720072.4,0.9999202254285733
2020-12-02,718697.2480499998,57.44804999975895,718639.8,0.999920066411614
2020-12-03,726880.4968499998,726880.4968499998,0.0,0.0
2020-12-04,726880.4968499998,726880.4968499998,0.0,0.0
2020-12-07,726880.4968499998,726880.4968499998,0.0,0.0
2020-12-08,726880.4968499998,726880.4968499998,0.0,0.0
2020-12-09,726880.4968499998,726880.4968499998,0.0,0.0
2020-12-10,725984.2459999997,126927.14599999969,599057.1,0.8251654265235946
2020-12-11,720435.8459999997,126927.14599999969,593508.7,0.8238189469545082
2020-12-14,719563.4242249996,8.324224999683793,719555.1,0.9999884315618063
2020-12-15,716799.9242249996,8.324224999683793,716791.6,0.9999883869616635
2020-12-16,710389.4242249996,8.324224999683793,710381.1,0.9999882821664909
2020-12-17,715551.0242249996,8.324224999683793,715542.7,0.9999883666926357
2020-12-18,712407.3242249996,8.324224999683793,712399.0,0.9999883153573572
2020-12-21,714352.7242249997,8.324224999683793,714344.4,0.9999883471781973
2020-12-22,700581.4242249996,8.324224999683793,700573.1,0.9999881181191624
2020-12-23,701903.2242249997,8.324224999683793,701894.9,0.9999881404947116
2020-12-24,694376.6242249997,8.324224999683793,694368.3,0.9999880119452337
2020-12-25,694718.5242249996,8.324224999683793,694710.2,0.9999880178450561
2020-12-28,688450.4242249996,8.324224999683793,688442.1,0.9999879087517318
2020-12-29,697370.1242249997,8.324224999683793,697361.8,0.9999880634046248
2020-12-30,696620.8242249996,8.324224999683793,696612.5,0.9999880505653719
2020-12-31,704536.2468499998,193869.34684999968,510666.9000000001,0.7248270082386894
2021-01-04,698039.3468499996,193869.34684999968,504169.99999999994,0.7222658755199657
2021-01-05,695741.1468499997,193869.34684999968,501871.8,0.721348453044998
2021-01-06,695896.2468499996,193869.34684999968,502026.89999999997,0.7214105583590132
2021-01-07,690400.9468499997,193869.34684999968,496531.60000000003,0.7191931040440465
2021-01-08,693532.5468499997,193869.34684999968,499663.2,0.7204610688704555
2021-01-11,690453.3468499996,193869.34684999968,496583.99999999994,0.7192144150876024
2021-01-12,693048.6468499997,193869.34684999968,499179.3,0.72026588936987
2021-01-13,693177.5468499997,193869.34684999968,499308.2,0.720317907394724
2021-01-14,698479.1016749997,505572.1016749997,192907.0,0.2761814913823421
2021-01-15,699850.5199249997,699850.5199249997,0.0,0.0
2021-01-18,699850.5199249997,699850.5199249997,0.0,0.0
2021-01-19,699850.5199249997,699850.5199249997,0.0,0.0
2021-01-20,699850.5199249997,699850.5199249997,0.0,0.0
2021-01-21,699850.5199249997,699850.5199249997,0.0,0.0
2021-01-22,699850.5199249997,699850.5199249997,0.0,0.0
2021-01-25,699850.5199249997,699850.5199249997,0.0,0.0
2021-01-26,699850.5199249997,699850.5199249997,0.0,0.0
2021-01-27,699486.5546749997,499939.5546749997,199547.0,0.28527639118483833
2021-01-28,696974.5546749997,499939.5546749997,197035.0,0.28270042095278175
2021-01-29,688632.0311749997,120.63117499968212,688511.4,0.9998248249144122
2021-02-01,690317.5311749997,120.63117499968212,690196.9,0.9998252526271579
2021-02-02,693717.7311749996,120.63117499968212,693597.1,0.9998261091369319
2021-02-03,681342.2311749996,120.63117499968212,681221.6,0.9998229506854557
2021-02-04,676009.2311749996,120.63117499968212,675888.6,0.9998215539530577
2021-02-05,673974.9311749996,120.63117499968212,673854.2999999999,0.9998210153383756
2021-02-08,678799.3311749996,120.63117499968212,678678.7,0.9998222874280226
2021-02-09,689112.9311749996,120.63117499968212,688992.2999999999,0.9998249471609916
2021-02-10,696627.2559749996,300746.2559749997,395880.99999999994,0.5682823871798195
2021-02-18,700846.2374749996,503969.4374749997,196876.79999999993,0.28091297273608157
2021-02-19,702555.2374749996,503969.4374749997,198585.79999999993,0.282662187123851
2021-02-22,697940.9374749997,503969.4374749997,193971.5,0.27791964847591144
2021-02-23,699141.0547499997,303988.55474999966,395152.5,0.5651971048121319
2021-02-24,700388.2547499996,303988.55474999966,396399.69999999995,0.5659713698961057
2021-02-25,695587.4615499997,103965.76154999965,591621.7,0.8505353139656522
2021-02-26,685273.9615499997,103965.76154999965,581308.2,0.8482858427674053
2021-03-01,701074.1599999997,195362.15999999965,505712.0,0.7213388095775777
2021-03-02,696574.9599999996,195362.15999999965,501212.79999999993,0.7195389280142946
2021-03-03,700894.3599999996,195362.15999999965,505532.19999999995,0.7212673247934257
2021-03-04,677788.9599999996,195362.15999999965,482426.79999999993,0.7117655029376698
2021-03-05,686227.4342999997,10.534299999679206,686216.9,0.999984648966985
2021-03-08,654858.7342999997,10.534299999679206,654848.2,0.9999839136298442
2021-03-09,637871.3342999998,10.534299999679206,637860.8,0.9999834852274538
2021-03-10,648997.2342999997,10.534299999679206,648986.7,0.9999837683437726
2021-03-11,664800.4342999997,10.534299999679206,664789.9,0.999984154192061
2021-03-12,667453.8342999998,10.534299999679206,667443.3,0.9999842171855814
2021-03-15,640361.9342999996,10.534299999679206,640351.3999999999,0.9999835494593987
2021-03-16,646124.7342999997,10.534299999679206,646114.2,0.9999836961821139
2021-03-17,654703.3342999996,10.534299999679206,654692.7999999999,0.9999839098115928
2021-03-18,664024.9657249997,197835.36572499966,466189.6,0.7020663741023684
2021-03-19,651110.0657249996,197835.36572499966,453274.69999999995,0.6961568003027054
2021-03-22,655687.9432749997,96.1432749996311,655591.8,0.9998533703784158
2021-03-23,652721.8432749996,96.1432749996311,652625.7,0.999852704063775
2021-03-24,648753.3432749996,96.1432749996311,648657.2,0.9998518030373234
2021-03-25,652467.3432749996,96.1432749996311,652371.2,0.9998526466098409
2021-03-26,667100.2703249996,192739.7703249996,474360.5,0.711078260797136
2021-03-29,666421.4575249996,467122.35752499965,199299.09999999998,0.29905864787152897
2021-03-30,666590.8575249997,467122.35752499965,199468.5,0.2992367773248663
2021-03-31,664134.5575249996,467122.35752499965,197012.19999999995,0.2966450062984171
2021-04-01,665405.0575249996,467122.35752499965,198282.69999999995,0.2979879665139912
2021-04-02,665659.1575249997,467122.35752499965,198536.80000000005,0.2982559433842743
2021-04-06,665743.8575249997,467122.35752499965,198621.5,0.2983452235494963
2021-04-07,664049.8575249997,467122.35752499965,196927.5,0.2965552929022144
2021-04-08,664642.7575249997,467122.35752499965,197520.40000000002,0.29718280649822704
2021-04-09,661678.2575249997,467122.35752499965,194555.90000000002,0.29403399278636455
2021-04-12,659306.6575249997,467122.35752499965,192184.30000000005,0.2914945538718647
2021-04-13,658126.9445749996,153.84457499966084,657973.1,0.9997662387533776
2021-04-14,665229.9445749996,153.84457499966084,665076.1,0.999768734741642
2021-04-15,658296.4445749996,153.84457499966084,658142.6,0.9997662989428737
2021-04-16,662579.2445749997,153.84457499966084,662425.4,0.9997678095469195
2021-04-19,674155.3548249996,410810.1548249996,263345.19999999995,0.3906298423875315
2021-04-20,671528.7548249996,410810.1548249996,260718.59999999998,0.3882463678981896
2021-04-21,671071.9548249997,410810.1548249996,260261.80000000005,0.3878299459971776
2021-04-22,672099.7548249996,410810.1548249996,261289.59999999998,0.3887660992645864
2021-04-23,672099.7548249996,410810.1548249996,261289.59999999998,0.3887660992645864
2021-04-26,667417.5548249997,410810.1548249996,256607.40000000002,0.38447804997769924
2021-04-27,666732.3548249996,410810.1548249996,255922.19999999995,0.3838454788461152
2021-04-28,667645.9548249997,410810.1548249996,256835.80000000005,0.3846886184869055
2021-04-29,671920.2609749996,671920.2609749996,0.0,0.0
2021-04-30,671920.2609749996,671920.2609749996,0.0,0.0
2021-05-06,678565.9072499997,71955.40724999964,606610.5,0.8939595896563521
2021-05-07,669004.2072499997,71955.40724999964,597048.8,0.8924440138489134
2021-05-10,660013.0406999995,71.24069999964559,659941.7999999999,0.9998920616781691
2021-05-11,676812.8406999996,71.24069999964559,676741.6,0.9998947409154857
2021-05-12,674684.4406999996,71.24069999964559,674613.2,0.9998944088588649
2021-05-13,671284.3406999996,71.24069999964559,671213.1,0.9998938740326858
2021-05-14,688206.4638749997,688206.4638749997,0.0,0.0
2021-05-17,688206.4638749997,688206.4638749997,0.0,0.0
2021-05-18,688206.4638749997,688206.4638749997,0.0,0.0
2021-05-19,688206.4638749997,688206.4638749997,0.0,0.0
2021-05-20,688206.4638749997,688206.4638749997,0.0,0.0
2021-05-21,688206.4638749997,688206.4638749997,0.0,0.0
2021-05-24,688206.4638749997,688206.4638749997,0.0,0.0
2021-05-25,688206.4638749997,688206.4638749997,0.0,0.0
2021-05-26,688206.4638749997,688206.4638749997,0.0,0.0
2021-05-27,688206.4638749997,688206.4638749997,0.0,0.0
2021-05-28,688206.4638749997,688206.4638749997,0.0,0.0
2021-05-31,688206.4638749997,688206.4638749997,0.0,0.0
2021-06-01,688206.4638749997,688206.4638749997,0.0,0.0
2021-06-02,688206.4638749997,688206.4638749997,0.0,0.0
2021-06-03,688206.4638749997,688206.4638749997,0.0,0.0
2021-06-04,688206.4638749997,688206.4638749997,0.0,0.0
2021-06-07,688206.4638749997,688206.4638749997,0.0,0.0
2021-06-08,687548.0736749996,488195.6736749997,199352.39999999997,0.28994685263889314
2021-06-09,687345.2736749997,488195.6736749997,199149.60000000003,0.2897373527211664
2021-06-10,686939.6736749997,488195.6736749997,198744.00000000006,0.2893179817912635
2021-06-11,686534.0736749996,488195.6736749997,198338.39999999997,0.28889811533796056
2021-06-15,676959.8992999997,88198.19929999972,588761.7,0.8697142926911923
2021-06-16,670296.7706749997,61.67067499971017,670235.1,0.9999079949692469
2021-06-17,664771.5706749996,61.67067499971017,664709.8999999999,0.9999072302762029
2021-06-18,663941.2706749997,61.67067499971017,663879.6,0.9999071142618728
2021-06-21,652687.6706749997,61.67067499971017,652626.0,0.999905512731785
2021-06-22,659518.7706749998,61.67067499971017,659457.1000000001,0.999906491402911
2021-06-23,662709.5706749996,61.67067499971017,662647.8999999999,0.999906941626123
2021-06-24,661668.1706749997,61.67067499971017,661606.5,0.9999067951614828
2021-06-25,669620.4706749998,61.67067499971017,669558.8,0.999907902046457
2021-06-28,680390.2773249997,483114.2773249997,197276.0,0.2899453542687352
2021-06-29,676665.2773249997,483114.2773249997,193551.0,0.2860365478854595
2021-06-30,677857.2773249997,483114.2773249997,194743.0,0.2872920399534638
2021-07-01,679272.7773249997,483114.2773249997,196158.5,0.2887772137321315
2021-07-02,674673.2976249997,283145.4976249997,391527.79999999993,0.5803220631056024
2021-07-05,669508.7080249997,83137.10802499973,586371.6,0.8758237091937938
2021-07-06,673303.7080249998,83137.10802499973,590166.6000000001,0.8765236147757665
2021-07-07,674679.7080249997,83137.10802499973,591542.6,0.8767754431678874
2021-07-08,666804.5080249996,83137.10802499973,583667.3999999999,0.8753201170291387
2021-07-09,667354.2080249997,83137.10802499973,584217.1,0.8754228159120481
2021-07-12,673963.4351249997,288577.33512499975,385386.1,0.5718204874549649
2021-07-13,680978.1599249998,290995.95992499974,389982.20000000007,0.5726794528079302
2021-07-14,675540.4599249997,290995.95992499974,384544.5,0.5692397758717415
2021-07-15,688648.6437249997,58.44372499975725,688590.2,0.9999151327378158
2021-07-16,687273.6437249997,58.44372499975725,687215.2,0.9999149629473887
2021-07-19,687569.3437249998,58.44372499975725,687510.9,0.9999149995189094
2021-07-20,680170.6437249997,58.44372499975725,680112.2,0.9999140749082028
2021-07-21,678366.7437249997,58.44372499975725,678308.2999999999,0.9999138464178258
2021-07-22,682823.6437249997,58.44372499975725,682765.2,0.9999144087561453
2021-07-23,680693.2366749997,204835.43667499974,475857.79999999993,0.699078196111416
2021-07-26,659439.0603499998,4880.160349999758,654558.9,0.992599527926948
2021-07-27,637018.8603499997,82.96034999975836,636935.9,0.9998697678276682
2021-07-28,640968.3603499997,82.96034999975836,640885.4,0.9998705702884392
2021-07-29,641882.4603499997,82.96034999975836,641799.5,0.9998707546083212
2021-07-30,635876.2603499998,82.96034999975836,635793.3,0.9998695338147172
2021-08-02,647913.3603499997,82.96034999975836,647830.4,0.9998719576488515
2021-08-03,655595.0603499997,82.96034999975836,655512.1,0.9998734579391806
2021-08-04,651999.2603499998,82.96034999975836,651916.3,0.9998727600550418
2021-08-05,651220.8040749998,202657.40407499977,448563.4,0.6888038545346287
2021-08-06,651524.7040749998,202657.40407499977,448867.30000000005,0.6889490102102545
2021-08-09,664397.7040749998,202657.40407499977,461740.30000000005,0.694975761005756
2021-08-10,668476.8200999998,668476.8200999998,0.0,0.0
2021-08-11,668476.8200999998,668476.8200999998,0.0,0.0
2021-08-12,668476.8200999998,668476.8200999998,0.0,0.0
2021-08-13,668476.8200999998,668476.8200999998,0.0,0.0
2021-08-16,668476.8200999998,668476.8200999998,0.0,0.0
2021-08-17,662042.8400999997,468506.84009999974,193535.99999999994,0.29233153548004065
2021-08-18,663608.1658249998,68509.76582499972,595098.4000000001,0.8967617197117698
2021-08-19,671306.2692749996,106.46927499971935,671199.7999999999,0.9998413998500049
2021-08-20,659501.2692749997,106.46927499971935,659394.8,0.999838560924808
2021-08-23,674547.4896749997,206373.28967499975,468174.19999999995,0.6940566930662934
2021-08-24,684418.5918249997,6331.891824999737,678086.7,0.9907485099022285
2021-08-25,688340.6918249998,6331.891824999737,682008.8,0.990801224015666
2021-08-26,671527.4918249997,6331.891824999737,665195.6,0.9905709119848666
2021-08-27,670757.8918249997,6331.891824999737,664426.0,0.9905600934373326
2021-08-30,664768.3918249997,6331.891824999737,658436.5,0.9904750407768085
2021-08-31,656675.6918249998,6331.891824999737,650343.8,0.990357657662944
2021-09-01,657623.7918249996,6331.891824999737,651291.8999999999,0.9903715590833053
2021-09-02,643681.5918249997,6331.891824999737,637349.7,0.9901630062045939
2021-09-03,642369.6918249998,6331.891824999737,636037.8,0.9901429162901342
2021-09-06,668326.3918249997,6331.891824999737,661994.5,0.990525749241012
2021-09-07,669350.4132999998,208195.51329999973,461154.9,0.6889588634545483
2021-09-08,668791.2132999997,208195.51329999973,460595.69999999995,0.6886987909534489
2021-09-09,666355.1132999997,208195.51329999973,458159.6,0.6875607177846206
2021-09-10,667713.2753999997,468282.07539999974,199431.19999999995,0.29867790164951996
2021-09-13,669623.6274249997,669623.6274249997,0.0,0.0
2021-09-14,669623.6274249997,669623.6274249997,0.0,0.0
2021-09-15,669623.6274249997,669623.6274249997,0.0,0.0
2021-09-16,669623.6274249997,669623.6274249997,0.0,0.0
2021-09-17,668671.0740749998,69660.27407499973,599010.8,0.8958228091870676
2021-09-22,664139.4740749997,69660.27407499973,594479.2,0.8951119805489334
2021-09-23,669881.0644749997,4.464474999724189,669876.6,0.9999933354214107
2021-09-24,667789.4644749997,4.464474999724189,667785.0,0.9999933145471183
2021-09-27,663148.2644749997,4.464474999724189,663143.8,0.9999932677573947
2021-09-28,658438.2644749997,4.464474999724189,658433.8,0.9999932195997095
2021-09-29,645722.8644749996,4.464474999724189,645718.3999999999,0.9999930860819009
2021-09-30,653838.8644749996,4.464474999724189,653834.3999999999,0.9999931719032895
2021-10-08,667303.0666749998,203944.66667499972,463358.4,0.6943747498551089
2021-10-11,674371.7152749997,406099.71527499973,268272.0,0.39781027869859914
2021-10-12,670868.8390249996,279085.63902499975,391783.1999999999,0.5839937364945941
2021-10-13,679649.4451749997,79060.24517499973,600589.2,0.8836749654748223
2021-10-14,683667.5783499997,489224.97834999976,194442.59999999998,0.284411029800884
2021-10-15,681934.5783499997,489224.97834999976,192709.59999999998,0.28259250391185275
2021-10-18,685053.9783499998,489224.97834999976,195829.0,0.28585922597175156
2021-10-19,690860.4035999998,289276.00359999976,401584.4000000001,0.5812815409703417
2021-10-20,688648.6035999998,289276.00359999976,399372.60000000003,0.5799367019873822
2021-10-21,687864.3035999998,289276.00359999976,398588.3,0.5794577475731074
2021-10-22,688991.6035999998,289276.00359999976,399715.60000000003,0.5801458216783415
2021-10-25,691912.7035999997,289276.00359999976,402636.6999999999,0.5819183517011525
2021-10-26,694559.6833749998,492506.08337499975,202053.60000000003,0.29090890939448505
2021-10-27,690130.7833749998,492506.08337499975,197624.7,0.28635833201576766
2021-10-28,684011.7026499998,60.10264999975334,683951.6,0.9999121321319987
2021-10-29,690062.5026499998,60.10264999975334,690002.4,0.999912902599737
2021-11-01,681204.3026499997,60.10264999975334,681144.2,0.9999117700082545
2021-11-02,668617.1026499998,60.10264999975334,668557.0,0.9999101090149182
2021-11-03,677695.0026499998,60.10264999975334,677634.9,0.999911313127934
2021-11-04,679373.4026499997,60.10264999975334,679313.2999999999,0.9999115322298969
2021-11-05,676514.1026499998,60.10264999975334,676454.0,0.9999111583191476
2021-11-08,663351.4026499998,60.10264999975334,663291.3,0.9999093954580337
2021-11-09,664505.1026499998,60.10264999975334,664445.0,0.9999095527637635
2021-11-10,678830.7026499999,60.10264999975334,678770.6000000001,0.999911461503192
2021-11-11,678804.6026499998,60.10264999975334,678744.5,0.9999114580988916
2021-11-12,675543.8026499997,60.10264999975334,675483.7,0.9999110307136798
2021-11-15,682834.1073249998,489918.9073249998,192915.19999999995,0.28252132974983424
2021-11-16,681664.5073249998,489918.9073249998,191745.59999999998,0.28129027980707333
2021-11-17,684892.3943249998,90166.99432499977,594725.4,0.8683486704303901
2021-11-18,684301.3943249998,90166.99432499977,594134.4,0.8682349691630525
2021-11-19,689358.1355249998,284753.5355249998,404604.60000000003,0.586929462567178
2021-11-22,696560.6579999998,696560.6579999998,0.0,0.0
2021-11-23,696560.6579999998,696560.6579999998,0.0,0.0
2021-11-24,696560.6579999998,696560.6579999998,0.0,0.0
2021-11-25,696560.6579999998,696560.6579999998,0.0,0.0
2021-11-26,695693.8800499998,496598.8800499998,199095.0,0.28618190515876174
2021-11-29,692846.6800999998,296549.0800999998,396297.6,0.5719845549996742
2021-11-30,691748.9023749997,96588.20237499979,595160.7,0.8603710073938955
2021-12-01,696882.9694749998,32.469474999801605,696850.5,0.9999534075642224
2021-12-02,700936.5604749998,299593.56047499983,401343.0,0.572581061726933
2021-12-03,704162.5604749998,299593.56047499983,404569.0,0.5745392082860724
2021-12-06,701661.4556249998,502362.2556249998,199299.2,0.2840389740697324
2021-12-07,699778.6825749998,102370.0825749998,597408.6,0.853710772957094
2021-12-08,707360.4920249998,304681.6920249998,402678.8,0.5692695655750143
2021-12-09,713396.8876749999,713396.8876749999,0.0,0.0
2021-12-10,713396.8876749999,713396.8876749999,0.0,0.0
2021-12-13,713396.8876749999,713396.8876749999,0.0,0.0
2021-12-14,713396.8876749999,713396.8876749999,0.0,0.0
2021-12-15,713396.8876749999,713396.8876749999,0.0,0.0
2021-12-16,713934.102275,513405.3022749999,200528.80000000005,0.28087858439735724
2021-12-17,711878.9022749999,513405.3022749999,198473.59999999998,0.27880247520431406
2021-12-20,702227.8222749999,113385.3222749999,588842.5,0.8385348476970527
2021-12-21,707625.622275,113385.3222749999,594240.3,0.8397665111242457
2021-12-22,711691.1965,53.8964999999007,711637.3,0.999924269823394
2021-12-23,710211.9964999999,53.8964999999007,710158.1,0.9999241120957326
2021-12-24,708034.2964999999,53.8964999999007,707980.4,0.9999238786874218
2021-12-27,707796.5964999999,53.8964999999007,707742.7,0.9999238531235295
2021-12-28,713435.9964999999,53.8964999999007,713382.1,0.9999244550313352
2021-12-29,705936.6965,53.8964999999007,705882.8,0.9999236525027426
2021-12-30,720941.1377,200239.03769999993,520702.10000000003,0.7222532780709152
2021-12-31,719345.0377,200239.03769999993,519106.00000000006,0.7216370069914783
2022-01-04,710390.9376999999,200239.03769999993,510151.89999999997,0.7181283894917007
2022-01-05,685045.7555749998,260.55557499991846,684785.2,0.99961965230369
2022-01-06,680063.0555749999,103.55557499991846,679959.5,0.999847726509842
2022-01-07,673391.5555749999,103.55557499991846,673288.0,0.9998462178889198
2022-01-10,670653.5555749999,103.55557499991846,670550.0,0.9998455900604134
2022-01-11,658963.5555749999,103.55557499991846,658860.0,0.9998428508312428
2022-01-12,670602.3555749998,103.55557499991846,670498.7999999999,0.9998455782713273
2022-01-13,658367.9555749998,103.55557499991846,658264.3999999999,0.999842708664474
2022-01-14,667018.3555749999,103.55557499991846,666914.8,0.999844748537826
2022-01-17,676567.8555749999,103.55557499991846,676464.3,0.9998469398536354
2022-01-18,679158.0555749999,103.55557499991846,679054.5,0.9998475236005082
2022-01-19,666887.7555749998,103.55557499991846,666784.2,0.9998447181341474
2022-01-20,660563.0555749999,103.55557499991846,660459.5,0.9998432313552417
2022-01-21,646617.4555749999,103.55557499991846,646513.9,0.9998398503255564
2022-01-24,652259.3555749999,103.55557499991846,652155.8,0.9998412355850249
2022-01-25,636606.255575,33.455574999918454,636572.8,0.999947446989867
2022-01-26,639177.055575,33.455574999918454,639143.6000000001,0.9999476583605308
2022-01-27,620499.4555749999,33.455574999918454,620466.0,0.9999460828294057
2022-01-28,612282.6555749999,33.455574999918454,612249.2,0.9999453592639033
2022-02-07,616523.4555749999,33.455574999918454,616490.0,0.9999457351140538
2022-02-08,602942.655575,33.455574999918454,602909.2000000001,0.9999445128409965
2022-02-09,608762.6555749999,33.455574999918454,608729.2,0.9999450433191105
2022-02-10,607768.4555749999,33.455574999918454,607735.0,0.9999449534198541
2022-02-11,594247.255575,33.455574999918454,594213.8,0.9999437009179495
2022-02-14,591197.255575,33.455574999918454,591163.8,0.999943410469713
2022-02-15,614158.0555749999,33.455574999918454,614124.6,0.9999455261154743
2022-02-16,611363.0555749999,33.455574999918454,611329.6,0.9999452770744081
2022-02-17,615909.4555749999,33.455574999918454,615876.0,0.999945681017401
2022-02-18,613989.8555749999,33.455574999918454,613956.4,0.9999455111925774
2022-02-21,612908.6899749999,173452.48997499992,439456.19999999995,0.717001091986353
2022-02-22,614635.6899749999,173452.48997499992,441183.19999999995,0.7177962607702539
2022-02-23,621763.4345249999,447964.93452499993,173798.5,0.2795251221757266
2022-02-24,615581.4345249999,447964.93452499993,167616.5,0.2722897257766353
2022-02-25,612241.4726499999,5.472649999901478,612236.0,0.9999910612883244
2022-02-28,606603.1726499998,5.472649999901478,606597.7,0.9999909782041264
2022-03-01,614345.57265,5.472649999901478,614340.1000000001,0.9999910919029231
2022-03-02,607619.4726499999,5.472649999901478,607614.0,0.9999909932939179
2022-03-03,608634.2726499998,5.472649999901478,608628.7999999999,0.9999910083111553
2022-03-04,596648.3726499998,5.472649999901478,596642.8999999999,0.9999908276796674
2022-03-07,578181.9726499999,5.472649999901478,578176.5,0.9999905347273718
2022-03-08,564271.9726499999,5.472649999901478,564266.5,0.9999903013967286
2022-03-09,553500.3726499999,5.472649999901478,553494.9,0.9999901126534501
2022-03-10,560804.6726499998,5.472649999901478,560799.2,0.9999902414329502
2022-03-11,567488.57265,5.472649999901478,567483.1000000001,0.9999903563696898
2022-03-14,548601.5726499999,5.472649999901478,548596.1,0.999990024363267
2022-03-15,519477.4726499999,5.472649999901478,519472.0,0.9999894650869614
2022-03-16,547433.5726499999,5.472649999901478,547428.1,0.9999900030793263
2022-03-17,562046.7726499999,5.472649999901478,562041.3,0.9999902629989776
2022-03-18,572931.7726499999,5.472649999901478,572926.3,0.999990447990038
2022-03-21,567410.9731249998,203152.7731249999,364258.1999999999,0.6419653782757465
2022-03-22,569262.7731249998,203152.7731249999,366109.99999999994,0.6431300574780582
2022-03-23,570639.673125,203152.7731249999,367486.9000000001,0.6439911511716803
2022-03-24,567387.0731249999,203152.7731249999,364234.3,0.6419502968122016
2022-03-25,562553.2731249998,203152.7731249999,359400.49999999994,0.6388737159123076
2022-03-28,563724.7912499999,3175.291249999893,560549.5,0.9943673024509725
2022-03-29,560020.3912499999,3175.291249999893,556845.1,0.9943300435133934
2022-03-30,574810.2756249999,187191.7756249999,387618.5,0.6743416331215314
2022-03-31,567834.8854249999,367907.38542499987,199927.5,0.35208738513901433
2022-04-01,569689.2949249998,167895.39492499985,401793.89999999997,0.705286027979333
2022-04-06,556485.0949249999,167895.39492499985,388589.7,0.6982930963359801
2022-04-07,546274.0346749998,12.434674999851268,546261.5999999999,0.9999772372944519
2022-04-08,544534.3346749998,12.434674999851268,544521.8999999999,0.9999771645712527
2022-04-11,518376.43467499985,12.434674999851268,518364.0,0.9999760122679812
2022-04-12,524097.43467499985,12.434674999851268,524085.0,0.9999762741158854
2022-04-13,512066.5346749998,12.434674999851268,512054.1,0.9999757166810213
2022-04-14,516577.0346749998,12.434674999851268,516564.6,0.9999759287111792
2022-04-15,514232.2346749999,12.434674999851268,514219.80000000005,0.999975818950736
2022-04-18,532628.8346749998,12.434674999851268,532616.3999999999,0.9999766541460199
2022-04-19,527232.734675,12.434674999851268,527220.3,0.9999764152068297
2022-04-20,513335.2346749999,12.434674999851268,513322.80000000005,0.9999757766968641
2022-04-21,498078.1346749998,12.434674999851268,498065.69999999995,0.9999750346900733
2022-04-22,488441.8346749999,12.434674999851268,488429.4,0.9999745421581095
2022-04-25,456063.73467499984,12.434674999851268,456051.3,0.9999727347867098
2022-04-26,445254.13467499986,12.434674999851268,445241.7,0.9999720728590001
2022-04-27,475282.3346749999,12.434674999851268,475269.9,0.9999738372876653
2022-04-28,474683.2346749999,12.434674999851268,474670.80000000005,0.9999738042675799
2022-04-29,493123.93467499985,12.434674999851268,493111.5,0.9999747838745486
2022-05-05,496391.5346749998,12.434674999851268,496379.1,0.9999749498649126
2022-05-06,486631.93467499985,12.434674999851268,486619.5,0.9999744474743357
2022-05-09,489165.65029999986,173106.65029999986,316059.0,0.6461185486065192
2022-05-10,503366.68929999985,152357.28929999983,351009.4,0.697323457156306
2022-05-11,511012.9864749998,326724.9864749998,184288.0,0.3606327136052459
2022-05-12,511220.9864749998,326724.9864749998,184496.0,0.3608928523692804
2022-05-13,511220.9864749998,326724.9864749998,184496.0,0.3608928523692804
2022-05-16,513300.9864749998,326724.9864749998,186576.0,0.3634826445226151
2022-05-17,512468.9864749998,326724.9864749998,185744.0,0.36244925039783127
2022-05-18,509556.9864749998,326724.9864749998,182832.0,0.3588057957261866
2022-05-19,507268.9864749998,326724.9864749998,180544.0,0.35591373573731755
2022-05-20,513300.9864749998,326724.9864749998,186576.0,0.3634826445226151
2022-05-23,509972.9864749998,326724.9864749998,183248.0,0.3593288367421855
2022-05-24,506436.9864749998,326724.9864749998,179712.0,0.35485559862218213
2022-05-25,511174.8624749998,511174.8624749998,0.0,0.0
2022-05-26,511174.8624749998,511174.8624749998,0.0,0.0
2022-05-27,511460.96759999974,311145.36759999976,200315.59999999998,0.3916537383878364
2022-05-30,512469.2675999998,311145.36759999976,201323.90000000002,0.39285067950092256
2022-05-31,514821.96759999974,311145.36759999976,203676.59999999998,0.39562530897720005
2022-06-01,514821.96759999974,311145.36759999976,203676.59999999998,0.39562530897720005
2022-06-02,512805.36759999976,311145.36759999976,201660.0,0.3932486138820987
2022-06-06,517123.16027499974,517123.16027499974,0.0,0.0
2022-06-07,517123.16027499974,517123.16027499974,0.0,0.0
2022-06-08,517123.16027499974,517123.16027499974,0.0,0.0
2022-06-09,517123.16027499974,517123.16027499974,0.0,0.0
2022-06-10,517123.16027499974,517123.16027499974,0.0,0.0
2022-06-13,517123.16027499974,517123.16027499974,0.0,0.0
2022-06-14,517123.16027499974,517123.16027499974,0.0,0.0
2022-06-15,517123.16027499974,517123.16027499974,0.0,0.0
2022-06-16,517123.16027499974,517123.16027499974,0.0,0.0
2022-06-17,517123.16027499974,517123.16027499974,0.0,0.0
2022-06-20,517123.16027499974,517123.16027499974,0.0,0.0
2022-06-21,517123.16027499974,517123.16027499974,0.0,0.0
2022-06-22,517123.16027499974,517123.16027499974,0.0,0.0
2022-06-23,522083.0932999997,117155.29329999973,404927.8,0.7756002927436689
2022-06-24,522596.5932999997,117155.29329999973,405441.3,0.77582078643068
2022-06-27,526655.3926749998,526655.3926749998,0.0,0.0
2022-06-28,526655.3926749998,526655.3926749998,0.0,0.0
2022-06-29,526655.3926749998,526655.3926749998,0.0,0.0
2022-06-30,526655.3926749998,526655.3926749998,0.0,0.0
2022-07-01,526655.3926749998,526655.3926749998,0.0,0.0
2022-07-04,526655.3926749998,526655.3926749998,0.0,0.0
2022-07-05,526655.3926749998,526655.3926749998,0.0,0.0
2022-07-06,526655.3926749998,526655.3926749998,0.0,0.0
2022-07-07,525950.7975999997,326625.09759999975,199325.69999999995,0.37898164792135697
2022-07-08,528241.8975999998,326625.09759999975,201616.80000000005,0.38167513958287
2022-07-11,524968.8975999998,326625.09759999975,198343.80000000005,0.37782009735580213
2022-07-12,519661.4621999997,1.8621999997558305,519659.6,0.9999964165131817
2022-07-13,520337.5621999997,1.8621999997558305,520335.69999999995,0.9999964211693811
2022-07-14,519414.56219999975,1.8621999997558305,519412.7,0.999996414809797
2022-07-15,509980.26219999976,1.8621999997558305,509978.4,0.9999963484861322
2022-07-18,522321.9621999997,1.8621999997558305,522320.1,0.9999964347660361
2022-07-19,531174.0742499998,204702.4742499998,326471.60000000003,0.61462261775665
2022-07-20,532760.0063999997,406923.30639999977,125836.69999999995,0.23619772221701066
2022-07-21,531536.8063999998,406923.30639999977,124613.5,0.23444002089711177
2022-07-22,531995.5063999997,406923.30639999977,125072.19999999995,0.23510010610119697
2022-07-25,530772.3063999998,406923.30639999977,123849.0,0.23333734354004732
2022-07-26,530925.2063999998,406923.30639999977,124001.90000000002,0.23355813305759082
2022-07-27,530925.2063999998,406923.30639999977,124001.90000000002,0.23355813305759082
2022-07-28,531995.5063999997,406923.30639999977,125072.19999999995,0.23510010610119697
2022-07-29,530619.4063999997,406923.30639999977,123696.09999999998,0.23311642677982544
2022-08-01,534980.8208999997,6881.32089999973,528099.5,0.9871372568302108
2022-08-02,525757.4208999997,6881.32089999973,518876.1,0.9869116048077454
2022-08-03,524361.5208999998,62.12089999972886,524299.4,0.999881530399307
2022-08-04,532309.6208999997,62.12089999972886,532247.5,0.9998832993100994
2022-08-05,538235.4208999998,62.12089999972886,538173.3,0.9998845841474054
2022-08-08,536118.6208999997,62.12089999972886,536056.5,0.9998841284417701
2022-08-09,534686.1208999997,62.12089999972886,534624.0,0.9998838180054213
2022-08-10,527836.9208999998,62.12089999972886,527774.8,0.9998823104304757
2022-08-11,536644.2115499998,123268.71154999975,413375.5,0.7702971374759444
2022-08-12,539630.6950249998,539630.6950249998,0.0,0.0
2022-08-15,539630.6950249998,539630.6950249998,0.0,0.0
2022-08-16,539630.6950249998,539630.6950249998,0.0,0.0
2022-08-17,539630.6950249998,539630.6950249998,0.0,0.0
2022-08-18,539630.6950249998,539630.6950249998,0.0,0.0
2022-08-19,539630.6950249998,539630.6950249998,0.0,0.0
2022-08-22,539630.6950249998,539630.6950249998,0.0,0.0
2022-08-23,539630.6950249998,539630.6950249998,0.0,0.0
2022-08-24,539630.6950249998,539630.6950249998,0.0,0.0
2022-08-25,545890.9347749997,54.83477499979199,545836.1,0.9998995499439419
2022-08-26,548417.7043749997,204925.2043749998,343492.49999999994,0.626333718367934
2022-08-29,549007.2081249998,4890.208124999801,544117.0,0.9910926340262434
2022-08-30,548220.1081249998,4890.208124999801,543329.9,0.9910798453896099
2022-08-31,549230.9081249997,4890.208124999801,544340.7,0.9910962619680413
2022-09-01,547144.1081249998,4890.208124999801,542253.9,0.9910623032353251
2022-09-02,544752.2081249998,4890.208124999801,539862.0,0.991023059563482
2022-09-05,538735.0081249998,4890.208124999801,533844.8,0.9909227949710944
2022-09-06,540487.7081249998,4890.208124999801,535597.5,0.9909522306400559
2022-09-07,541565.3081249997,4890.208124999801,536675.1,0.990970233780427
2022-09-08,537570.0081249998,4890.208124999801,532679.8,0.9909031232191386
2022-09-09,544054.3081249997,4890.208124999801,539164.1,0.9910115441565878
2022-09-13,534885.8081249997,4890.208124999801,529995.6,0.9908574726591793
2022-09-14,533306.9081249997,4890.208124999801,528416.7,0.990830405437288
2022-09-15,525665.2081249998,4890.208124999801,520775.0,0.9906971052118083
2022-09-16,515240.7081249998,4890.208124999801,510350.5,0.990508886336261
2022-09-19,505999.1081249998,4890.208124999801,501108.9,0.9903355400306522
2022-09-20,507345.2081249998,16.508124999800927,507328.69999999995,0.9999674617504306
2022-09-21,498372.4081249998,16.508124999800927,498355.89999999997,0.9999668759250498
2022-09-22,494322.1081249998,16.508124999800927,494305.6,0.99996660451813
2022-09-23,488874.90812499984,16.508124999800927,488858.4,0.99996623241503
2022-09-26,488102.9081249998,16.508124999800927,488086.39999999997,0.9999661790070802
2022-09-27,505944.8081249998,16.508124999800927,505928.3,0.9999673716881077
2022-09-28,499557.4081249998,16.508124999800927,499540.89999999997,0.9999669544986596
2022-09-29,508506.7012499998,190396.4012499998,318110.30000000005,0.6255773999005881
2022-09-30,503546.40124999976,190396.4012499998,313150.0,0.6218890636943066
2022-10-10,491467.10124999983,190396.4012499998,301070.70000000007,0.6125958364949665
2022-10-11,487570.2563999997,70.55639999976265,487499.69999999995,0.9998552897780912
2022-10-12,496582.05639999977,70.55639999976265,496511.5,0.9998579159293204
2022-10-13,499356.15549999976,127242.35549999976,372113.8,0.7451871693208759
2022-10-14,510305.1684499998,62.36844999976165,510242.80000000005,0.9998777820530621
2022-10-17,511319.18629999977,191143.18629999977,320176.0,0.6261763856679284
2022-10-18,509968.3862999998,191143.18629999977,318825.2,0.6251862048022018
2022-10-19,504975.98629999976,191143.18629999977,313832.8,0.6214806416825451
2022-10-20,503647.0862999998,191143.18629999977,312503.9,0.6204818979412413
2022-10-21,501899.68629999977,191143.18629999977,310756.5,0.6191605782639441
2022-10-24,491693.48629999976,191143.18629999977,300550.3,0.6112554027543564
2022-10-25,490644.9154999997,12.215499999758322,490632.69999999995,0.99997510317622
2022-10-26,491555.6154999998,12.215499999758322,491543.4,0.9999751493023077
2022-10-27,488743.41549999977,12.215499999758322,488731.2,0.9999750063128988
2022-10-28,479084.6154999998,12.215499999758322,479072.4,0.9999745024164739
2022-10-31,473470.51549999975,12.215499999758322,473458.3,0.9999742000830044
2022-11-01,490038.81549999974,12.215499999758322,490026.6,0.9999750723828126
2022-11-02,493389.5154999998,12.215499999758322,493377.30000000005,0.9999752416708989
2022-11-03,488563.9154999997,12.215499999758322,488551.69999999995,0.9999749971301355
2022-11-04,498919.6907999998,378016.4907999998,120903.20000000001,0.2423299826193191
2022-11-07,499169.4907999998,378016.4907999998,121153.0,0.24270914435462138
2022-11-08,498794.7907999998,378016.4907999998,120778.29999999999,0.24214025933648553
2022-11-09,498794.7907999998,378016.4907999998,120778.29999999999,0.24214025933648553
2022-11-10,499169.4907999998,378016.4907999998,121153.0,0.24270914435462138
2022-11-11,499888.4151999998,499888.4151999998,0.0,0.0
2022-11-14,499888.4151999998,499888.4151999998,0.0,0.0
2022-11-15,499888.4151999998,499888.4151999998,0.0,0.0
2022-11-16,499888.4151999998,499888.4151999998,0.0,0.0
2022-11-17,499888.4151999998,499888.4151999998,0.0,0.0
2022-11-18,499888.4151999998,499888.4151999998,0.0,0.0
2022-11-21,499888.4151999998,499888.4151999998,0.0,0.0
2022-11-22,499888.4151999998,499888.4151999998,0.0,0.0
2022-11-23,499888.4151999998,499888.4151999998,0.0,0.0
2022-11-24,499888.4151999998,499888.4151999998,0.0,0.0
2022-11-25,499888.4151999998,499888.4151999998,0.0,0.0
2022-11-28,499528.21874999977,99802.61874999982,399725.6,0.8002062446046752
2022-11-29,509398.3776249998,13.177624999822001,509385.19999999995,0.9999741310032018
2022-11-30,508527.8776249998,13.177624999822001,508514.69999999995,0.9999740867205523
2022-12-01,522442.53762499976,522442.53762499976,0.0,0.0
2022-12-02,522442.53762499976,522442.53762499976,0.0,0.0
2022-12-05,522442.53762499976,522442.53762499976,0.0,0.0
2022-12-06,522442.53762499976,522442.53762499976,0.0,0.0
2022-12-07,522442.53762499976,522442.53762499976,0.0,0.0
2022-12-08,522442.53762499976,522442.53762499976,0.0,0.0
2022-12-09,522442.53762499976,522442.53762499976,0.0,0.0
2022-12-12,522442.53762499976,522442.53762499976,0.0,0.0
2022-12-13,522583.7388249998,322397.33882499975,200186.40000000002,0.38307047297359065
2022-12-14,518701.8612749996,6.561274999708985,518695.29999999993,0.9999873505852022
2022-12-15,523634.8612749997,6.561274999708985,523628.3,0.9999874697513765
2022-12-16,516359.36127499974,6.561274999708985,516352.80000000005,0.9999872932002559
2022-12-19,510568.06127499964,6.561274999708985,510561.49999999994,0.9999871490688561
2022-12-20,511445.7612749997,6.561274999708985,511439.2,0.9999871711225383
2022-12-21,503197.5612749997,6.561274999708985,503191.0,0.9999869608370456
2022-12-22,492473.16127499973,6.561274999708985,492466.60000000003,0.9999866768881726
2022-12-23,488597.36127499974,6.561274999708985,488590.80000000005,0.999986571202549
2022-12-26,507234.4612749997,6.561274999708985,507227.9,0.9999870646111402
2022-12-27,514117.76127499965,6.561274999708985,514111.19999999995,0.9999872377974582
2022-12-28,520262.2218999997,400064.0218999997,120198.20000000001,0.23103388049402415
2022-12-29,519823.2218999997,400064.0218999997,119759.20000000001,0.2303844748648773
2022-12-30,519998.8218999997,400064.0218999997,119934.79999999999,0.23064436869640542
2023-01-03,520876.8218999997,400064.0218999997,120812.79999999999,0.23194120936176765
2023-01-04,518506.2218999997,400064.0218999997,118442.20000000001,0.22842966004531964
2023-01-05,520758.8406499997,520758.8406499997,0.0,0.0
2023-01-06,520758.8406499997,520758.8406499997,0.0,0.0
2023-01-09,520758.8406499997,520758.8406499997,0.0,0.0
2023-01-10,520758.8406499997,520758.8406499997,0.0,0.0
2023-01-11,520758.8406499997,520758.8406499997,0.0,0.0
2023-01-12,520758.8406499997,520758.8406499997,0.0,0.0
2023-01-13,520758.8406499997,520758.8406499997,0.0,0.0
2023-01-16,520758.8406499997,520758.8406499997,0.0,0.0
2023-01-17,520758.8406499997,520758.8406499997,0.0,0.0
2023-01-18,520758.8406499997,520758.8406499997,0.0,0.0
2023-01-19,520758.8406499997,520758.8406499997,0.0,0.0
2023-01-20,520758.8406499997,520758.8406499997,0.0,0.0
2023-01-30,520758.8406499997,520758.8406499997,0.0,0.0
2023-01-31,520758.8406499997,520758.8406499997,0.0,0.0
2023-02-01,520154.4522499996,320755.25224999967,199399.19999999995,0.3833461371665114
2023-02-02,522372.05224999966,320755.25224999967,201616.8,0.38596398703104645
2023-02-03,520708.85224999965,320755.25224999967,199953.59999999998,0.38400269005605353
2023-02-06,519230.4522499997,320755.25224999967,198475.2,0.382248766689127
2023-02-07,519796.48512499966,6.585124999663094,519789.9,0.9999873313398838
2023-02-08,520078.08512499963,6.585124999663094,520071.5,0.9999873381994204
2023-02-09,526096.2136249996,125061.31362499966,401034.89999999997,0.7622843305347505
2023-02-10,528817.4860249996,327920.98602499964,200896.5,0.3798976117641138
2023-02-13,527147.9860249996,327920.98602499964,199227.0,0.3779337212350685
2023-02-14,527518.9860249996,327920.98602499964,199598.0,0.37837121561069437
2023-02-15,525849.4860249996,327920.98602499964,197928.5,0.3763976294741309
2023-02-16,525849.4860249996,327920.98602499964,197928.5,0.3763976294741309
2023-02-17,523082.0290999997,11.329099999653408,523070.70000000007,0.9999783416378897
2023-02-20,533351.1472499997,131905.74724999964,401445.4,0.752684984498269
2023-02-21,536692.1809999996,7.78099999963888,536684.4,0.9999855019315074
2023-02-22,532132.2809999996,7.78099999963888,532124.5,0.9999853776959651
2023-02-23,539009.6713249997,407144.67132499965,131865.0,0.24464310570874911
2023-02-24,537593.6713249997,407144.67132499965,130449.0,0.24265352618174274
2023-02-27,536708.6713249997,407144.67132499965,129564.0,0.24140470784669613
2023-02-28,540113.9854499997,7101.185449999641,533012.8,0.9868524318175482
2023-03-01,540576.1854499996,7101.185449999641,533475.0,0.9868636731673848
2023-03-02,533550.8854499996,7101.185449999641,526449.7,0.9866907062781641
2023-03-03,534558.5854499997,7101.185449999641,527457.4,0.9867157957176541
2023-03-06,534804.3854499996,7101.185449999641,527703.2,0.9867219012349263
2023-03-07,526383.2854499996,7101.185449999641,519282.1,0.9865094777013504
2023-03-08,524293.7854499996,7101.185449999641,517192.6,0.9864557131000423
2023-03-09,522986.18544999964,7101.185449999641,515885.0,0.9864218488985718
2023-03-10,522312.4854499996,7101.185449999641,515211.3,0.986404335244099
2023-03-13,518541.5854499996,7101.185449999641,511440.39999999997,0.986305465850271
2023-03-14,516063.58544999966,7101.185449999641,508962.4,0.9862397083417395
2023-03-15,513340.18544999964,7101.185449999641,506239.0,0.9861667065013142
2023-03-16,508208.58544999966,8.685449999639786,508199.9,0.9999829096747904
2023-03-17,499507.8854499997,8.685449999639786,499499.20000000007,0.9999826119862115
2023-03-20,495834.68544999964,8.685449999639786,495826.0,0.9999824831738188
2023-03-21,510793.9854499996,8.685449999639786,510785.3,0.9999829961780149
2023-03-22,512152.88544999965,8.685449999639786,512144.2,0.9999830412944135
2023-03-23,511402.88544999965,8.685449999639786,511394.2,0.9999830164235542
2023-03-24,510352.7854499997,8.685449999639786,510344.10000000003,0.9999829814782103
2023-03-27,516174.5479499997,194110.14794999963,322064.4,0.6239447514006395
2023-03-28,515221.65364999964,84.45364999963203,515137.2,0.9998360828792786
2023-03-29,513829.45364999963,84.45364999963203,513745.0,0.9998356387525088
2023-03-30,515762.0536499996,84.45364999963203,515677.6,0.999836254626718
2023-03-31,517412.08939999965,517412.08939999965,0.0,0.0
2023-04-03,517412.08939999965,517412.08939999965,0.0,0.0
2023-04-04,517412.08939999965,517412.08939999965,0.0,0.0
2023-04-06,517412.08939999965,517412.08939999965,0.0,0.0
2023-04-07,517412.08939999965,517412.08939999965,0.0,0.0
2023-04-10,517412.08939999965,517412.08939999965,0.0,0.0
2023-04-11,517412.08939999965,517412.08939999965,0.0,0.0
2023-04-12,517412.08939999965,517412.08939999965,0.0,0.0
2023-04-13,520995.57379999966,20.37379999962286,520975.20000000007,0.9999608944854349
2023-04-14,515723.07379999955,20.37379999962286,515702.69999999995,0.9999604946898158
2023-04-17,523501.7737999996,20.37379999962286,523481.4,0.9999610816982496
2023-04-18,524860.7737999996,20.37379999962286,524840.4,0.999961182467777
2023-04-19,520806.2737999996,20.37379999962286,520785.9,0.9999608802715625
2023-04-20,514161.57379999966,20.37379999962286,514141.20000000007,0.9999603747128573
2023-04-21,510059.67379999964,20.37379999962286,510039.30000000005,0.99996005604629
2023-04-24,501405.57379999955,20.37379999962286,501385.19999999995,0.9999593666264115
2023-04-25,508050.57379999955,20.37379999962286,508030.19999999995,0.999959898086824
2023-04-26,507128.3737999996,20.37379999962286,507108.0,0.9999598251625187
2023-04-27,509681.97379999957,20.37379999962286,509661.6,0.9999600264458095
2023-04-28,514435.47379999957,20.37379999962286,514415.1,0.9999603958104811
2023-05-04,512012.3951749996,202684.19517499962,309328.19999999995,0.604142014753911
2023-05-05,514423.4951749996,202684.19517499962,311739.29999999993,0.6059973988823171
2023-05-08,508447.9201999996,2734.320199999638,505713.6,0.9946222216841323
2023-05-09,507480.4201999996,2734.320199999638,504746.1,0.9946119690708027
2023-05-10,507327.62019999966,94.32019999963813,507233.30000000005,0.9998140842401555
2023-05-11,505579.3201999996,94.32019999963813,505485.0,0.9998134413409901
2023-05-12,502364.12019999966,94.32019999963813,502269.80000000005,0.9998122473397143
2023-05-15,506659.8201999996,9.020199999638123,506650.8,0.9999821967331136
2023-05-16,501651.5201999996,9.020199999638123,501642.5,0.9999820189919967
2023-05-17,498293.8201999996,9.020199999638123,498284.8,0.9999818978288834
2023-05-18,499094.1201999996,9.020199999638123,499085.1,0.9999819268558082
2023-05-19,505989.06099999964,204994.56099999967,300994.5,0.5948636506195145
2023-05-22,511869.82299999974,511869.82299999974,0.0,0.0
2023-05-23,511869.82299999974,511869.82299999974,0.0,0.0
2023-05-24,500361.8496999998,111876.64969999975,388485.20000000007,0.7764085136245354
2023-05-25,500450.3226999997,140.72269999975106,500309.6,0.9997188078544129
2023-05-26,502804.3226999998,13.92269999975106,502790.4,0.9999723099039304
2023-05-29,498791.1226999998,13.92269999975106,498777.2,0.9999720871134907
2023-05-30,504464.7226999998,13.92269999975106,504450.80000000005,0.9999724010433767
2023-05-31,499461.1226999998,13.92269999975106,499447.2,0.9999721245571137
2023-06-01,498152.3226999998,13.92269999975106,498138.4,0.9999720513197162
2023-06-02,514764.1226999998,13.92269999975106,514750.2,0.9999729532432705
2023-06-05,510487.7226999998,13.92269999975106,510473.80000000005,0.9999727266702397
2023-06-06,513593.1106999998,403161.1106999998,110432.0,0.21501846052702522
2023-06-07,507356.1238249998,3113.623824999755,504242.5,0.9938630408133721
2023-06-08,506987.1238249998,3113.623824999755,503873.5,0.9938585741556731
2023-06-09,511199.1238249998,27.023824999755107,511172.10000000003,0.9999471364019611
2023-06-12,513071.1098249998,112055.00982499975,401016.1000000001,0.7815994553596677
2023-06-13,515055.40982499975,112055.00982499975,403000.4,0.782440864249785
2023-06-14,514580.90982499975,112055.00982499975,402525.9,0.7822402508808426
2023-06-15,522553.6594999998,522553.6594999998,0.0,0.0
2023-06-16,522553.6594999998,522553.6594999998,0.0,0.0
2023-06-19,522553.6594999998,522553.6594999998,0.0,0.0
2023-06-20,522553.6594999998,522553.6594999998,0.0,0.0
2023-06-21,519755.0002999997,122616.90029999975,397138.1,0.7640871175280162
2023-06-26,514231.5002999997,122616.90029999975,391614.6,0.7615531132797859
2023-06-27,523178.1164249998,250.81642499973532,522927.30000000005,0.9995205907565217
2023-06-28,526659.0164249997,250.81642499973532,526408.2,0.9995237593638816
2023-06-29,526296.9164249997,250.81642499973532,526046.1,0.9995234317033368
2023-06-30,527268.0164249997,71.41642499973531,527196.6,0.9998645538459094
2023-07-03,531867.4783249997,531867.4783249997,0.0,0.0
2023-07-04,533592.2881249996,331856.68812499964,201735.59999999998,0.37807068147270767
2023-07-05,530042.6881249996,331856.68812499964,198186.0,0.37390573333078775
2023-07-06,531669.5881249997,331856.68812499964,199812.90000000002,0.3758215712594463
2023-07-07,528631.8937249996,131829.09372499964,396802.8,0.7506221336815924
2023-07-10,530850.3937249996,131829.09372499964,399021.3,0.7516643195836226
2023-07-11,529194.3937249996,131829.09372499964,397365.3,0.7508872065007065
2023-07-12,519697.8937249997,131829.09372499964,387868.80000000005,0.7463351394786342
2023-07-13,525200.4937249997,131829.09372499964,393371.4000000001,0.7489928221696861
2023-07-14,526205.4937249997,131829.09372499964,394376.4000000001,0.74947222083946
2023-07-17,524196.09372499964,131829.09372499964,392367.0,0.7485118731270841
2023-07-18,517899.5454749997,3.145474999648286,517896.4,0.9999939264766167
2023-07-19,517245.6454749997,3.145474999648286,517242.5,0.9999939187984912
2023-07-20,509199.0454749997,3.145474999648286,509195.9,0.9999938227005183
2023-07-21,510771.74547499965,3.145474999648286,510768.6,0.9999938417208322
2023-07-24,512773.0454749997,3.145474999648286,512769.9,0.9999938657559568
2023-07-25,514611.84547499963,3.145474999648286,514608.69999999995,0.999993887674706
2023-07-26,507938.8184749996,132877.91847499963,375060.9,0.7383977879974933
2023-07-27,504329.21847499965,132877.91847499963,371451.30000000005,0.7365254409078292
2023-07-28,505332.5112749996,15.911274999612942,505316.6,0.9999685132568268
2023-07-31,515880.5944749996,199233.29447499962,316647.29999999993,0.6137995950831315
2023-08-01,515550.9944749996,199233.29447499962,316317.69999999995,0.61355269098475
2023-08-02,511993.0001749996,6.300174999603769,511986.69999999995,0.999987694802473
2023-08-03,512017.10017499956,6.300174999603769,512010.79999999993,0.9999876953816631
2023-08-04,521166.30932499963,340284.6093249996,180881.7,0.3470709766989218
2023-08-07,523930.48637499963,523930.48637499963,0.0,0.0
2023-08-08,527160.9089749996,123920.90897499962,403239.99999999994,0.7649277348429556
2023-08-09,534856.9411249997,18.541124999610474,534838.4,0.999965334422022
2023-08-10,536738.0411249996,18.541124999610474,536719.5,0.9999654559140977
2023-08-11,533575.9629999996,208278.96299999964,325297.0,0.6096545244861419
2023-08-14,534052.0871999997,53.0871999996707,533999.0,0.9999005954638656
2023-08-15,529841.3871999998,53.0871999996707,529788.3,0.9998998054865433
2023-08-16,524944.3871999998,53.0871999996707,524891.3,0.9998988708112818
2023-08-17,533475.5871999997,53.0871999996707,533422.5,0.9999004880424269
2023-08-18,528893.5705499997,133286.37054999967,395607.20000000007,0.7479901856031369
2023-08-21,522822.3654999997,432.9654999997001,522389.4,0.9991718688247285
2023-08-22,523791.7654999997,432.9654999997001,523358.8,0.9991734014764696
2023-08-23,513443.7654999997,432.9654999997001,513010.8,0.9991567421223275
2023-08-24,519354.5654999997,432.9654999997001,518921.6,0.9991663392819453
2023-08-25,513781.3654999997,432.9654999997001,513348.4,0.9991572962176658
2023-08-28,531640.0204999998,401712.6204999997,129927.40000000002,0.2443898032315272
2023-08-29,534465.0204999998,401712.6204999997,132752.40000000002,0.24838370128658416
2023-08-30,534487.6204999997,401712.6204999997,132775.0,0.24841548224408327
2023-08-31,533832.2204999997,401712.6204999997,132119.59999999998,0.24749274196348373
2023-09-01,533967.8204999997,401712.6204999997,132255.19999999995,0.24768383959197787
2023-09-04,535154.8515999997,535154.8515999997,0.0,0.0
2023-09-05,535154.8515999997,535154.8515999997,0.0,0.0
2023-09-06,535154.8515999997,535154.8515999997,0.0,0.0
2023-09-07,535154.8515999997,535154.8515999997,0.0,0.0
2023-09-08,535874.0535999998,335112.8535999997,200761.20000000007,0.3746425090957234
2023-09-11,540630.1614249997,540630.1614249997,0.0,0.0
2023-09-12,540630.1614249997,540630.1614249997,0.0,0.0
2023-09-13,540630.1614249997,540630.1614249997,0.0,0.0
2023-09-14,539493.5778249997,340645.77782499965,198847.80000000005,0.368582330120901
2023-09-15,538044.7778249996,340645.77782499965,197399.0,0.36688210374974495
2023-09-18,543327.0556749996,72.05567499963217,543255.0,0.999867380660972
2023-09-19,536705.2556749996,72.05567499963217,536633.2,0.9998657444207268
2023-09-20,531165.1556749997,72.05567499963217,531093.1000000001,0.9998643441230477
2023-09-21,527102.6556749996,72.05567499963217,527030.6,0.9998632985923637
2023-09-22,540995.4556749996,72.05567499963217,540923.4,0.9998668090937849
2023-09-25,536401.5556749996,72.05567499963217,536329.5,0.9998656684078611
2023-09-26,532525.4556749996,72.05567499963217,532453.4,0.9998646906467442
2023-09-27,538107.0556749996,72.05567499963217,538035.0,0.9998660941642752
2023-09-28,538836.7556749997,72.05567499963217,538764.7000000001,0.9998662755013634
2023-10-09,535590.7556749996,72.05567499963217,535518.7,0.999865465051
2023-10-10,535127.1362499996,200499.63624999963,334627.5,0.6253233621172023
2023-10-11,534055.9618499995,552.0618499996199,533503.8999999999,0.9989662846416184
2023-10-12,543572.7727249996,543572.7727249996,0.0,0.0
2023-10-13,543572.7727249996,543572.7727249996,0.0,0.0
2023-10-16,536971.4014999996,143587.90149999957,393383.5,0.7325967433295427
2023-10-17,538403.5652999997,207.26529999956256,538196.3,0.9996150372817756
2023-10-18,536035.6652999995,207.26529999956256,535828.3999999999,0.999613336735936
2023-10-19,521497.06529999955,207.26529999956256,521289.8,0.999602557111457
2023-10-20,518231.86529999954,207.26529999956256,518024.6,0.9996000529610822
2023-10-23,515397.06529999955,207.26529999956256,515189.8,0.9995978531622431
2023-10-24,517934.2652999995,207.26529999956256,517726.99999999994,0.999599823155397
2023-10-25,526798.7652999996,207.26529999956256,526591.5,0.9996065569745943
2023-10-26,530625.0652999997,207.26529999956256,530417.8,0.9996093940645596
2023-10-27,539646.2589249995,398933.05892499955,140713.19999999995,0.26075081161557057
2023-10-30,540265.4589249996,398933.05892499955,141332.40000000002,0.2615980675152138
2023-10-31,539955.8589249996,398933.05892499955,141022.80000000005,0.26117468246527215
2023-11-01,540655.7193999996,540655.7193999996,0.0,0.0
2023-11-02,540655.7193999996,540655.7193999996,0.0,0.0
2023-11-03,540655.7193999996,540655.7193999996,0.0,0.0
2023-11-06,540655.7193999996,540655.7193999996,0.0,0.0
2023-11-07,540655.7193999996,540655.7193999996,0.0,0.0
2023-11-08,540655.7193999996,540655.7193999996,0.0,0.0
2023-11-09,540655.7193999996,540655.7193999996,0.0,0.0
2023-11-10,540655.7193999996,540655.7193999996,0.0,0.0
2023-11-13,540655.7193999996,540655.7193999996,0.0,0.0
2023-11-14,540655.7193999996,540655.7193999996,0.0,0.0
2023-11-15,540655.7193999996,540655.7193999996,0.0,0.0
2023-11-16,540655.7193999996,540655.7193999996,0.0,0.0
2023-11-17,540655.7193999996,540655.7193999996,0.0,0.0
2023-11-20,540655.7193999996,540655.7193999996,0.0,0.0
2023-11-21,540655.7193999996,540655.7193999996,0.0,0.0
2023-11-22,540655.7193999996,540655.7193999996,0.0,0.0
2023-11-23,540605.7324499995,340657.9324499996,199947.79999999993,0.369858823164612
2023-11-24,538574.3324499996,340657.9324499996,197916.40000000002,0.36748205043428106
2023-11-27,531554.9964749996,28.896474999579368,531526.1,0.9999456378452065
2023-11-28,534205.7964749996,28.896474999579368,534176.9,0.9999459075974273
2023-11-29,527255.9964749996,28.896474999579368,527227.1,0.9999451946014976
2023-11-30,524951.0964749996,28.896474999579368,524922.2,0.9999449539677245
2023-12-01,521934.8964749996,28.896474999579368,521906.0,0.9999446358632182
2023-12-04,518728.19647499966,28.896474999579368,518699.30000000005,0.9999442936104188
2023-12-05,512186.69647499954,28.896474999579368,512157.79999999993,0.9999435821445608
2023-12-06,521187.3964749996,28.896474999579368,521158.5,0.9999445564585885
2023-12-07,517634.79647499963,28.896474999579368,517605.9,0.99994417594181
2023-12-08,515806.69647499954,28.896474999579368,515777.79999999993,0.9999439780925741
2023-12-11,517619.19647499966,28.896474999579368,517590.30000000005,0.9999441742593853
2023-12-12,515083.69647499954,28.896474999579368,515054.79999999993,0.9999438994571225
2023-12-13,503579.79647499963,28.896474999579368,503550.9,0.999942617882604
2023-12-14,501159.59647499956,28.896474999579368,501130.69999999995,0.9999423407728738
2023-12-15,502307.59647499956,28.896474999579368,502278.69999999995,0.9999424725502811
2023-12-18,491590.19647499966,28.896474999579368,491561.30000000005,0.9999412183660153
2023-12-19,493564.79647499963,28.896474999579368,493535.9,0.999941453533141
2023-12-20,489074.19647499954,28.896474999579368,489045.29999999993,0.9999409159689718
2023-12-21,499480.7964749995,28.896474999579368,499451.8999999999,0.9999421469750118
2023-12-22,507110.3268249996,188660.3268249996,318450.0,0.6279698581446853
2023-12-25,508739.39622499957,90.79622499959078,508648.6,0.9998215270417952
2023-12-26,505119.11127499957,188383.51127499962,316735.6,0.6270513091466878
2023-12-27,505999.7337249996,26.23372499961988,505973.5,0.9999481546663939
2023-12-28,516658.0354499996,325937.8354499996,190720.2,0.36914203769982257
2023-12-29,519181.43544999964,325937.8354499996,193243.60000000003,0.3722082239564411
2024-01-02,519051.7448999996,519051.7448999996,0.0,0.0
2024-01-03,519051.7448999996,519051.7448999996,0.0,0.0
2024-01-04,519051.7448999996,519051.7448999996,0.0,0.0
2024-01-05,512440.9490249995,118968.24902499959,393472.69999999995,0.7678400813764872
2024-01-08,500700.44902499963,118968.24902499959,381732.20000000007,0.7623963604253537
2024-01-09,500035.01932499965,19.719324999590754,500015.30000000005,0.9999605641120372
2024-01-10,493585.5193249996,19.719324999590754,493565.8,0.9999600488178289
2024-01-11,500401.91932499956,19.719324999590754,500382.19999999995,0.9999605930268489
2024-01-12,491406.2193249996,19.719324999590754,491386.5,0.999959871641375
2024-01-15,490760.8193249996,19.719324999590754,490741.1,0.9999598188685341
2024-01-16,490827.1193249996,19.719324999590754,490807.4,0.9999598242961254
2024-01-17,479351.5193249996,19.719324999590754,479331.8,0.9999588624960919
2024-01-18,490093.3193249996,19.719324999590754,490073.6,0.9999597641424153
2024-01-19,488347.2193249996,19.719324999590754,488327.5,0.9999596202779103
2024-01-22,474024.8193249997,19.719324999590754,474005.1000000001,0.9999584002267483
2024-01-23,478962.51932499965,19.719324999590754,478942.80000000005,0.9999588290853585
2024-01-24,479196.8193249997,19.719324999590754,479177.1000000001,0.999958849215595
2024-01-25,488904.2193249996,19.719324999590754,488884.5,0.9999596662818193
2024-01-26,476628.51932499965,19.719324999590754,476608.80000000005,0.9999586274756963
2024-01-29,464118.51932499965,19.719324999590754,464098.80000000005,0.9999575123073557
2024-01-30,446105.0193249996,19.719324999590754,446085.3,0.9999557966753446
2024-01-31,437542.5193249996,19.719324999590754,437522.8,0.9999549316372041
2024-02-01,442524.41932499956,19.719324999590754,442504.69999999995,0.9999554390127675
2024-02-02,426712.3193249996,19.719324999590754,426692.6,0.999953787776667
2024-02-05,425311.01932499954,19.719324999590754,425291.29999999993,0.9999536355182358
2024-02-06,451498.0193249996,19.719324999590754,451478.3,0.9999563246699751
2024-02-07,456157.2193249996,19.719324999590754,456137.5,0.9999567707707689
2024-02-08,466892.7718749996,466892.7718749996,0.0,0.0
2024-02-19,466892.7718749996,466892.7718749996,0.0,0.0
2024-02-20,466892.7718749996,466892.7718749996,0.0,0.0
2024-02-21,466892.7718749996,466892.7718749996,0.0,0.0
2024-02-22,466892.7718749996,466892.7718749996,0.0,0.0
2024-02-23,466892.7718749996,466892.7718749996,0.0,0.0
2024-02-26,466892.7718749996,466892.7718749996,0.0,0.0
2024-02-27,466892.7718749996,466892.7718749996,0.0,0.0
2024-02-28,466892.7718749996,466892.7718749996,0.0,0.0
2024-02-29,466892.7718749996,466892.7718749996,0.0,0.0
2024-03-01,466892.7718749996,466892.7718749996,0.0,0.0
2024-03-04,466892.7718749996,466892.7718749996,0.0,0.0
2024-03-05,466892.7718749996,466892.7718749996,0.0,0.0
2024-03-06,466892.7718749996,466892.7718749996,0.0,0.0
2024-03-07,466892.7718749996,466892.7718749996,0.0,0.0
2024-03-08,466892.7718749996,466892.7718749996,0.0,0.0
2024-03-11,466892.7718749996,466892.7718749996,0.0,0.0
2024-03-12,466892.7718749996,466892.7718749996,0.0,0.0
2024-03-13,466892.7718749996,466892.7718749996,0.0,0.0
2024-03-14,466892.7718749996,466892.7718749996,0.0,0.0
2024-03-15,466892.7718749996,466892.7718749996,0.0,0.0
2024-03-18,466892.7718749996,466892.7718749996,0.0,0.0
2024-03-19,466892.7718749996,466892.7718749996,0.0,0.0
2024-03-20,466892.7718749996,466892.7718749996,0.0,0.0
2024-03-21,466892.7718749996,466892.7718749996,0.0,0.0
2024-03-22,466892.7718749996,466892.7718749996,0.0,0.0
2024-03-25,463186.3863249996,66850.58632499966,396335.79999999993,0.8556723852455947
2024-03-26,463374.9918249997,55.891824999664095,463319.10000000003,0.9998793810067749
2024-03-27,457636.8918249996,55.891824999664095,457580.99999999994,0.9998778686203013
2024-03-28,457028.9918249996,55.891824999664095,456973.1,0.9998777061718197
2024-03-29,456837.7918249996,55.891824999664095,456781.89999999997,0.9998776549882697
2024-04-01,464074.19182499964,55.891824999664095,464018.3,0.9998795627380617
2024-04-02,459498.4918249996,55.891824999664095,459442.6,0.9998783634201329
2024-04-03,456837.7918249996,55.891824999664095,456781.89999999997,0.9998776549882697
2024-04-08,448294.29182499956,55.891824999664095,448238.3999999999,0.9998753233623116
2024-04-09,452042.6918249996,55.891824999664095,451986.79999999993,0.9998763571980912
2024-04-10,444657.9918249997,55.891824999664095,444602.10000000003,0.9998743037884684
2024-04-11,441755.19182499964,55.891824999664095,441699.3,0.9998734778310839
2024-04-12,434191.4918249997,55.891824999664095,434135.60000000003,0.9998712737903621
2024-04-15,441472.69182499964,55.891824999664095,441416.8,0.9998733968690824
2024-04-16,434760.89182499965,55.891824999664095,434705.0,0.9998714423812017
2024-04-17,441806.0918249997,55.891824999664095,441750.20000000007,0.9998734924075655
2024-04-18,445401.9918249996,55.891824999664095,445346.1,0.9998745137515649
2024-04-19,440352.5918249997,55.891824999664095,440296.70000000007,0.9998730748358536
2024-04-22,443046.6828249997,192843.68282499968,250203.0,0.5647328141689946
2024-04-23,443443.1828249997,192843.68282499968,250599.5,0.565122003688343
2024-04-24,442418.5828249997,192843.68282499968,249574.90000000002,0.5641148669804412
2024-04-25,443443.1828249997,192843.68282499968,250599.5,0.565122003688343
2024-04-26,447456.9135999997,447456.9135999997,0.0,0.0
2024-04-29,447456.9135999997,447456.9135999997,0.0,0.0
2024-04-30,447456.9135999997,447456.9135999997,0.0,0.0
2024-05-06,447456.9135999997,447456.9135999997,0.0,0.0
2024-05-07,447456.9135999997,447456.9135999997,0.0,0.0
2024-05-08,447456.9135999997,447456.9135999997,0.0,0.0
2024-05-09,447456.9135999997,447456.9135999997,0.0,0.0
2024-05-10,447456.9135999997,447456.9135999997,0.0,0.0
2024-05-13,447456.9135999997,447456.9135999997,0.0,0.0
2024-05-14,447456.9135999997,447456.9135999997,0.0,0.0
2024-05-15,447456.9135999997,447456.9135999997,0.0,0.0
2024-05-16,447456.9135999997,447456.9135999997,0.0,0.0
2024-05-17,447456.9135999997,447456.9135999997,0.0,0.0
2024-05-20,447456.9135999997,447456.9135999997,0.0,0.0
2024-05-21,447456.9135999997,447456.9135999997,0.0,0.0
2024-05-22,447456.9135999997,447456.9135999997,0.0,0.0
2024-05-23,447456.9135999997,447456.9135999997,0.0,0.0
2024-05-24,447456.9135999997,447456.9135999997,0.0,0.0
2024-05-27,457321.0861499997,35.28614999969432,457285.8,0.9999228416290691
2024-05-28,458526.94964999973,209328.94964999973,249198.0,0.5434751440241766
2024-05-29,459528.96464999975,27.964649999747053,459501.0,0.9999391449676713
2024-05-30,462588.16464999976,27.964649999747053,462560.2,0.9999395474157431
2024-05-31,462385.5646499997,27.964649999747053,462357.6,0.9999395209276896
2024-06-03,466115.7901499998,206274.39014999976,259841.40000000002,0.557461054722864
2024-06-04,469803.3838999998,210348.38389999975,259455.00000000003,0.552262944226103
2024-06-05,463353.4471999998,68544.24719999978,394809.20000000007,0.8520691976843897
2024-06-06,458471.1224499998,28.122449999777018,458443.0,0.9999386603678558
2024-06-07,459782.5224499998,28.122449999777018,459754.4,0.9999388353218606
2024-06-11,457043.5224499998,28.122449999777018,457015.4,0.999938468770219
2024-06-12,460642.3224499998,28.122449999777018,460614.2,0.9999389494872069
2024-06-13,456379.5224499998,28.122449999777018,456351.4,0.9999383792466218
2024-06-14,458870.72244999977,28.122449999777018,458842.6,0.9999387137844628
2024-06-17,454419.9224499998,28.122449999777018,454391.8,0.9999381135187732
2024-06-18,458723.5224499998,28.122449999777018,458695.4,0.9999386941183012
2024-06-19,456821.9224499998,28.122449999777018,456793.8,0.9999384389220006
2024-06-20,449738.5224499998,28.122449999777018,449710.4,0.999937469332521
2024-06-21,450261.1224499998,28.122449999777018,450233.0,0.9999375419093552
2024-06-24,439047.92244999984,28.122449999777018,439019.80000000005,0.9999359467416612
2024-06-25,440710.5224499998,28.122449999777018,440682.4,0.9999361883854203
2024-06-26,447742.72244999977,28.122449999777018,447714.6,0.9999371906039122
2024-06-27,441413.72244999977,28.122449999777018,441385.6,0.9999362900413614
2024-06-28,443778.92244999984,28.122449999777018,443750.80000000005,0.9999366295951044
2024-07-01,448731.90439999977,195251.50439999974,253480.40000000002,0.5648816086276038
2024-07-02,448617.1043999997,195251.50439999974,253365.59999999998,0.564770262914657
2024-07-03,446902.3401499997,261491.94014999975,185410.39999999997,0.41487900899728614
2024-07-04,440162.5858999997,9.58589999974356,440153.0,0.999978221910933
2024-07-05,439964.38589999976,9.58589999974356,439954.80000000005,0.9999782121000996
2024-07-08,430393.1858999997,9.58589999974356,430383.6,0.9999777275748926
2024-07-09,436918.6858999997,9.58589999974356,436909.1,0.9999780602196494
2024-07-10,434663.38589999976,9.58589999974356,434653.80000000005,0.9999779463826246
2024-07-11,446763.2858999998,9.58589999974356,446753.70000000007,0.9999785436711067
2024-07-12,445797.08589999983,9.58589999974356,445787.5000000001,0.9999784971676512
2024-07-15,437692.48589999974,9.58589999974356,437682.9,0.9999780990071603
2024-07-16,438832.98589999974,9.58589999974356,438823.4,0.9999781559264966
2024-07-17,433942.2858999998,9.58589999974356,433932.70000000007,0.9999779097352086
2024-07-18,434773.0858999997,9.58589999974356,434763.5,0.9999779519470947
2024-07-19,435964.6858999997,9.58589999974356,435955.1,0.9999780122099111
2024-07-22,436986.2424249997,60968.24242499974,376018.0,0.8604801787656651
2024-07-23,428521.14242499974,60968.24242499974,367552.9,0.8577240738228675
2024-07-24,420083.92464999977,81.92464999974618,420002.0,0.9998049802784812
2024-07-25,419560.0246499998,81.92464999974618,419478.10000000003,0.9998047367594944
2024-07-26,433875.6246499998,81.92464999974618,433793.7,0.9998111794133034
2024-07-29,432211.5246499998,81.92464999974618,432129.60000000003,0.9998104524166354
2024-07-30,430090.6370499998,179587.43704999975,250503.20000000004,0.5824428118645094
2024-07-31,436581.1725499998,436581.1725499998,0.0,0.0
2024-08-01,436920.1860499998,236585.1860499998,200335.0,0.4585162379681727
2024-08-02,435558.6860499998,236585.1860499998,198973.5,0.45682362990956155
2024-08-05,432057.6860499998,236585.1860499998,195472.5,0.4524222258075487
2024-08-06,432399.0617999998,29.0617999997703,432370.0,0.9999327894008863
2024-08-07,433062.5617999998,29.0617999997703,433033.5,0.9999328923749977
2024-08-08,430779.06179999973,29.0617999997703,430749.99999999994,0.9999325366467944
2024-08-09,427783.0617999998,29.0617999997703,427754.0,0.999932064163837
2024-08-12,426314.5617999998,29.0617999997703,426285.5,0.9999318301493688
2024-08-13,429076.0617999998,29.0617999997703,429047.0,0.9999322688851998
2024-08-14,428332.5617999998,29.0617999997703,428303.5,0.9999321513174771
2024-08-15,432227.0617999998,29.0617999997703,432198.0,0.9999327626551684
2024-08-16,430142.5617999998,29.0617999997703,430113.5,0.9999324368184395
2024-08-19,431177.5617999998,29.0617999997703,431148.5,0.9999325989973169
2024-08-20,425964.5617999998,29.0617999997703,425935.5,0.999931774136616
2024-08-21,424085.0617999998,29.0617999997703,424056.0,0.999931471766828
2024-08-22,424077.0617999998,29.0617999997703,424048.0,0.9999314704740774
2024-08-23,422102.5617999998,29.0617999997703,422073.5,0.999931149908506
2024-08-26,421049.5617999998,29.0617999997703,421020.5,0.9999309777217781
2024-08-27,417808.0617999998,29.0617999997703,417779.0,0.9999304422229801
2024-08-28,419169.5617999998,29.0617999997703,419140.5,0.9999306681528234
2024-08-29,417555.5617999998,29.0617999997703,417526.5,0.9999304001607008
2024-08-30,422322.5155499998,230156.51554999978,192166.0,0.455021915537082
2024-09-02,422713.6979749997,28.697974999748112,422685.0,0.9999321101371041
2024-09-03,417398.39797499974,28.697974999748112,417369.7,0.9999312456033876
2024-09-04,415984.4979749997,28.697974999748112,415955.8,0.9999310119123683
2024-09-05,415340.2979749997,28.697974999748112,415311.6,0.9999309049106488
2024-09-06,412455.1979749997,28.697974999748112,412426.5,0.9999304215945377
2024-09-09,406515.6979749997,28.697974999748112,406487.0,0.999929405001719
2024-09-10,406377.9979749997,28.697974999748112,406349.3,0.9999293810808096
2024-09-11,396200.39797499974,28.697974999748112,396171.7,0.9999275670212691
2024-09-12,397497.89797499974,28.697974999748112,397469.2,0.9999278034546951
2024-09-13,397329.1979749997,28.697974999748112,397300.5,0.9999277728011282
2024-09-18,400091.39797499974,28.697974999748112,400062.7,0.9999282714521107
2024-09-19,401275.89797499974,28.697974999748112,401247.2,0.999928483182906
2024-09-20,399603.7979749997,28.697974999748112,399575.1,0.9999281839283181
2024-09-23,404580.6979749997,28.697974999748112,404552.0,0.999929067364945
2024-09-24,410394.28092499974,410394.28092499974,0.0,0.0
2024-09-25,410394.28092499974,410394.28092499974,0.0,0.0
2024-09-26,410394.28092499974,410394.28092499974,0.0,0.0
2024-09-27,410394.28092499974,410394.28092499974,0.0,0.0
2024-09-30,410394.28092499974,410394.28092499974,0.0,0.0
2024-10-08,410394.28092499974,410394.28092499974,0.0,0.0
2024-10-09,410394.28092499974,410394.28092499974,0.0,0.0
2024-10-10,410394.28092499974,410394.28092499974,0.0,0.0
2024-10-11,410394.28092499974,410394.28092499974,0.0,0.0
2024-10-14,410394.28092499974,410394.28092499974,0.0,0.0
2024-10-15,410394.28092499974,410394.28092499974,0.0,0.0
2024-10-16,410394.28092499974,410394.28092499974,0.0,0.0
2024-10-17,410394.28092499974,410394.28092499974,0.0,0.0
2024-10-18,410394.28092499974,410394.28092499974,0.0,0.0
2024-10-21,410394.28092499974,410394.28092499974,0.0,0.0
2024-10-22,410394.28092499974,410394.28092499974,0.0,0.0
2024-10-23,410394.28092499974,410394.28092499974,0.0,0.0
2024-10-24,410394.28092499974,410394.28092499974,0.0,0.0
2024-10-25,410394.28092499974,410394.28092499974,0.0,0.0
2024-10-28,410394.28092499974,410394.28092499974,0.0,0.0
2024-10-29,410394.28092499974,410394.28092499974,0.0,0.0
2024-10-30,410394.28092499974,410394.28092499974,0.0,0.0
2024-10-31,410394.28092499974,410394.28092499974,0.0,0.0
2024-11-01,410394.28092499974,410394.28092499974,0.0,0.0
2024-11-04,410394.28092499974,410394.28092499974,0.0,0.0
2024-11-05,410394.28092499974,410394.28092499974,0.0,0.0
2024-11-06,410394.28092499974,410394.28092499974,0.0,0.0
2024-11-07,410394.28092499974,410394.28092499974,0.0,0.0
2024-11-08,410394.28092499974,410394.28092499974,0.0,0.0
2024-11-11,410394.28092499974,410394.28092499974,0.0,0.0
2024-11-12,410394.28092499974,410394.28092499974,0.0,0.0
2024-11-13,412513.28547499975,210362.48547499976,202150.8,0.49004676241451933
2024-11-14,410778.08547499974,210362.48547499976,200415.59999999998,0.4878926288588426
2024-11-15,411211.8854749998,210362.48547499976,200849.40000000002,0.4884328665938109
2024-11-18,416635.7055249997,215048.7055249997,201587.0,0.4838447529262564
2024-11-19,420258.11802499974,15048.718024999718,405209.4,0.9641917255620878
2024-11-20,422308.5180249997,15048.718024999718,407259.8,0.9643655825476178
2024-11-21,423941.5180249997,15048.718024999718,408892.8,0.9645028444132894
2024-11-22,418000.7160749998,218205.71607499974,199795.00000000003,0.47797765007692433
2024-11-25,417224.4179249997,9.617924999736715,417214.8,0.9999769478376948
2024-11-26,414760.2179249997,9.617924999736715,414750.6,0.9999768108787099
2024-11-27,424307.01792499976,9.617924999736715,424297.4,0.9999773326280419
2024-11-28,420411.7179249997,9.617924999736715,420402.1,0.9999771226048427
2024-11-29,426589.8179249997,9.617924999736715,426580.19999999995,0.9999774539274132
2024-12-02,431448.52917499974,204713.42917499974,226735.1,0.5255206233604612
2024-12-03,431912.1291749997,223041.92917499974,208870.19999999998,0.4835941986601889
2024-12-04,425993.72917499975,223041.92917499974,202951.80000000002,0.4764196890715889
2024-12-05,425993.72917499975,223041.92917499974,202951.80000000002,0.4764196890715889
2024-12-06,426980.1291749997,223041.92917499974,203938.19999999998,0.4776292526634536
2024-12-09,424020.9291749997,223041.92917499974,200978.99999999997,0.47398367903923194
2024-12-10,429887.6048249997,429887.6048249997,0.0,0.0
2024-12-11,429887.6048249997,429887.6048249997,0.0,0.0
2024-12-12,429887.6048249997,429887.6048249997,0.0,0.0
2024-12-13,429887.6048249997,429887.6048249997,0.0,0.0
2024-12-16,423869.62282499974,229909.6228249997,193960.00000000003,0.45759353715252915
2024-12-17,421677.29022499966,121.79022499972052,421555.49999999994,0.9997111767035528
2024-12-18,423943.89022499975,12.690224999720527,423931.2,0.9999700662627948
2024-12-19,423622.2902249998,12.690224999720527,423609.60000000003,0.9999700435380938
2024-12-20,426702.09022499976,12.690224999720527,426689.4,0.99997025975431
2024-12-23,422764.2902249998,12.690224999720527,422751.60000000003,0.9999699827414634
2024-12-24,428653.2902249998,12.690224999720527,428640.60000000003,0.9999703951298424
2024-12-25,423483.69022499974,12.690224999720527,423471.0,0.9999700337337832
2024-12-26,424272.6902249997,12.690224999720527,424259.99999999994,0.9999700894606415
2024-12-27,427134.8481749997,200930.6481749997,226204.2,0.5295849799343059
2024-12-30,427446.24817499967,200930.6481749997,226515.59999999998,0.5299276832282847
2024-12-31,421540.4481749997,200930.6481749997,220609.8,0.5233419496399437
2025-01-02,410032.4563749997,913.4563749997178,409119.0,0.9977722339761214
2025-01-03,401009.6563749997,913.4563749997178,400096.19999999995,0.9977221087809778
2025-01-06,401643.55637499975,356.3563749997178,401287.2,0.9991127546568505
2025-01-07,404449.15637499973,356.3563749997178,404092.8,0.9991189093378419
2025-01-08,403229.05637499975,356.3563749997178,402872.7,0.9991162433129116
2025-01-09,402047.0563749997,356.3563749997178,401690.69999999995,0.9991136451085781
2025-01-10,392239.4563749997,356.3563749997178,391883.1,0.999091482590015
2025-01-13,393155.35637499974,3.3563749997177297,393152.0,0.999991462980358
2025-01-14,406813.9563749997,3.3563749997177297,406810.6,0.9999917496070448
2025-01-15,406758.4563749997,3.3563749997177297,406755.1,0.9999917484813231
2025-01-16,406207.25637499976,3.3563749997177297,406203.9,0.9999917372844845
2025-01-17,407187.85637499974,3.3563749997177297,407184.5,0.9999917571829631
2025-01-20,410108.0045749997,410108.0045749997,0.0,0.0
2025-01-21,410108.0045749997,410108.0045749997,0.0,0.0
2025-01-22,410108.0045749997,410108.0045749997,0.0,0.0
2025-01-23,410108.0045749997,410108.0045749997,0.0,0.0
2025-01-24,410108.0045749997,410108.0045749997,0.0,0.0
2025-01-27,410108.0045749997,410108.0045749997,0.0,0.0
2025-02-05,410108.0045749997,410108.0045749997,0.0,0.0
2025-02-06,412951.0128249997,10041.012824999692,402910.0,0.9756847361717094
2025-02-07,416974.0128249997,10041.012824999692,406933.0,0.9759193318620223
2025-02-10,416387.0128249997,10041.012824999692,406346.0,0.9758853842321452
2025-02-11,414712.0128249997,10041.012824999692,404671.0,0.9757879865678335
2025-02-12,417428.0128249997,10041.012824999692,407387.0,0.9759455223020472
2025-02-13,419000.7473249997,419000.7473249997,0.0,0.0
2025-02-14,419000.7473249997,419000.7473249997,0.0,0.0
2025-02-17,419000.7473249997,419000.7473249997,0.0,0.0
2025-02-18,419000.7473249997,419000.7473249997,0.0,0.0
2025-02-19,418339.36484999966,18970.864849999663,399368.5,0.9546519729100753
2025-02-20,418530.96484999964,80.86484999966342,418450.1,0.9998067888476815
2025-02-21,418497.7648499997,80.86484999966342,418416.9,0.9998067735199765
2025-02-24,420979.66484999965,80.86484999966342,420898.8,0.9998079126932925
2025-02-25,420346.28607499966,204344.88607499967,216001.4,0.5138653704233282
2025-02-26,423820.6301249997,4471.130124999647,419349.5,0.9894504188630908
2025-02-27,424089.5301249997,4471.130124999647,419618.4,0.9894571079750971
2025-02-28,420190.9301249996,4471.130124999647,415719.79999999993,0.9893592893029138
2025-03-03,420301.6301249997,4471.130124999647,415830.5,0.9893620918775168
2025-03-04,417318.73012499965,4471.130124999647,412847.6,0.9892860545136317
2025-03-05,416735.9301249996,4471.130124999647,412264.79999999993,0.9892710711945126
2025-03-06,417542.9301249997,4471.130124999647,413071.80000000005,0.9892918073749658
2025-03-07,419335.23012499965,4471.130124999647,414864.1,0.9893375757537308
2025-03-10,422717.6301249997,4471.130124999647,418246.5,0.9894228917689628
2025-03-11,423295.3367249996,206794.13672499964,216501.19999999995,0.5114660645095963
2025-03-12,422944.2918249996,404524.2918249996,18420.0,0.043551834972208554
2025-03-13,423179.2918249996,423179.2918249996,0.0,0.0
2025-03-14,423179.2918249996,423179.2918249996,0.0,0.0
2025-03-17,423179.2918249996,423179.2918249996,0.0,0.0
2025-03-18,423179.2918249996,423179.2918249996,0.0,0.0
2025-03-19,423179.2918249996,423179.2918249996,0.0,0.0
2025-03-20,423179.2918249996,423179.2918249996,0.0,0.0
2025-03-21,423179.2918249996,423179.2918249996,0.0,0.0
2025-03-24,426997.44549999957,88.24549999961164,426909.19999999995,0.9997933348292136
2025-03-25,418673.8454999996,88.24549999961164,418585.6,0.9997892261459652
2025-03-26,418563.6454999996,88.24549999961164,418475.39999999997,0.9997891706531412
2025-03-27,423900.84549999965,88.24549999961164,423812.60000000003,0.9997918251380331
2025-03-28,417965.64549999963,88.24549999961164,417877.4,0.999788869011246
2025-03-31,418112.5454999996,88.24549999961164,418024.3,0.9997889431901784
2025-04-01,417733.7454999996,88.24549999961164,417645.5,0.9997887518043486
2025-04-02,416536.5454999996,88.24549999961164,416448.3,0.9997881446395209
2025-04-03,414031.9454999996,88.24549999961164,413943.7,0.999786863064653
2025-04-07,374720.2454999996,88.24549999961164,374632.0,0.9997645029830671
2025-04-08,379093.3454999996,88.24549999961164,379005.1,0.9997672196015912
2025-04-09,396862.2454999996,88.24549999961164,396774.0,0.999777641987868
2025-04-10,402364.7454999996,88.24549999961164,402276.5,0.9997806828232678
2025-04-11,414808.8392499996,220858.0392499996,193950.80000000002,0.4675666997614497
2025-04-14,417318.9117499996,417318.9117499996,0.0,0.0
2025-04-15,417318.9117499996,417318.9117499996,0.0,0.0
2025-04-16,417318.9117499996,417318.9117499996,0.0,0.0
2025-04-17,417318.9117499996,417318.9117499996,0.0,0.0
2025-04-18,417318.9117499996,417318.9117499996,0.0,0.0
2025-04-21,417318.9117499996,417318.9117499996,0.0,0.0
2025-04-22,417318.9117499996,417318.9117499996,0.0,0.0
2025-04-23,417318.9117499996,417318.9117499996,0.0,0.0
2025-04-24,417318.9117499996,417318.9117499996,0.0,0.0
2025-04-25,417318.9117499996,417318.9117499996,0.0,0.0
2025-04-28,417318.9117499996,417318.9117499996,0.0,0.0
2025-04-29,417318.9117499996,417318.9117499996,0.0,0.0
2025-04-30,417318.9117499996,417318.9117499996,0.0,0.0
2025-05-06,417318.9117499996,417318.9117499996,0.0,0.0
2025-05-07,417318.9117499996,417318.9117499996,0.0,0.0
2025-05-08,417318.9117499996,417318.9117499996,0.0,0.0
2025-05-09,417318.9117499996,417318.9117499996,0.0,0.0
2025-05-12,417318.9117499996,417318.9117499996,0.0,0.0
2025-05-13,417318.9117499996,417318.9117499996,0.0,0.0
2025-05-14,417318.9117499996,417318.9117499996,0.0,0.0
2025-05-15,417318.9117499996,417318.9117499996,0.0,0.0
2025-05-16,416117.24522499955,89.4452249996175,416027.79999999993,0.9997850480218592
2025-05-19,418359.4452249996,89.4452249996175,418270.0,0.9997862000582979
2025-05-20,419205.1452249996,89.4452249996175,419115.69999999995,0.9997866313760256
2025-05-21,416562.9452249996,89.4452249996175,416473.5,0.9997852780089421
2025-05-22,414228.6452249996,89.4452249996175,414139.19999999995,0.9997840679874975
2025-05-23,409077.7452249996,89.4452249996175,408988.3,0.9997813490808443
2025-05-26,412587.2452249997,89.4452249996175,412497.80000000005,0.9997832089429938
2025-05-27,409362.0452249996,89.4452249996175,409272.6,0.9997815009328711
2025-05-28,405035.9452249997,89.4452249996175,404946.50000000006,0.9997791671923094
2025-05-29,413931.8452249996,89.4452249996175,413842.39999999997,0.9997839131585756
2025-05-30,408307.4452249996,89.4452249996175,408218.0,0.9997809365808886
2025-06-03,413099.7452249996,89.4452249996175,413010.3,0.9997834778984167
2025-06-04,413167.14522499964,89.4452249996175,413077.7,0.9997835132196901
2025-06-05,416485.3278499997,416485.3278499997,0.0,0.0
2025-06-06,416485.3278499997,416485.3278499997,0.0,0.0
2025-06-09,416485.3278499997,416485.3278499997,0.0,0.0
2025-06-10,416485.3278499997,416485.3278499997,0.0,0.0
2025-06-11,416646.2445499997,216502.1445499997,200144.1,0.48036938438306664
2025-06-12,414748.14454999974,216502.1445499997,198246.00000000003,0.47799128846036487
2025-06-13,406057.15597499977,62.455974999691534,405994.70000000007,0.9998461892024788
2025-06-16,406203.9559749997,62.455974999691534,406141.5,0.9998462447889022
2025-06-17,406084.5559749997,2.855974999691533,406081.7,0.9999929670435439
2025-06-18,408135.95597499976,2.855974999691533,408133.1000000001,0.9999930023930559
2025-06-19,404691.5559749997,16781.055974999694,387910.5,0.9585337135721301
2025-06-20,410773.3559749997,49.255974999694445,410724.10000000003,0.9998800896545912
2025-06-23,406032.5559749997,49.255974999694445,405983.3,0.9998786895920663
2025-06-24,409278.1559749997,49.255974999694445,409228.9,0.999879651590781
2025-06-25,410986.1559749997,49.255974999694445,410936.9,0.9998801517416497
2025-06-26,410311.05597499973,49.255974999694445,410261.80000000005,0.9998799545508648
2025-06-27,407951.45597499976,49.255974999694445,407902.20000000007,0.9998792602054037
2025-06-30,409699.9559749997,49.255974999694445,409650.7,0.99987977549355
2025-07-01,408415.65597499965,49.255974999694445,408366.39999999997,0.9998793974367067
2025-07-02,409754.2323249997,199294.0323249997,210460.2,0.51362544519875
2025-07-03,409796.63232499966,199294.0323249997,210502.59999999998,0.513675768406646
2025-07-04,409812.83232499973,216206.6323249997,193606.20000000004,0.47242590941237717
2025-07-07,408969.2323249997,216206.6323249997,192762.6,0.4713376576133615
2025-07-08,409601.9323249997,216206.6323249997,193395.30000000002,0.47215426671022154
2025-07-09,409975.27804999973,409975.27804999973,0.0,0.0
2025-07-10,409975.27804999973,409975.27804999973,0.0,0.0
2025-07-11,409975.27804999973,409975.27804999973,0.0,0.0
2025-07-14,409975.27804999973,409975.27804999973,0.0,0.0
2025-07-15,409975.27804999973,409975.27804999973,0.0,0.0
2025-07-16,409975.27804999973,409975.27804999973,0.0,0.0
2025-07-17,409975.27804999973,409975.27804999973,0.0,0.0
2025-07-18,409975.27804999973,409975.27804999973,0.0,0.0
2025-07-21,409975.27804999973,409975.27804999973,0.0,0.0
2025-07-22,409975.27804999973,409975.27804999973,0.0,0.0
2025-07-23,409975.27804999973,409975.27804999973,0.0,0.0
2025-07-24,409975.27804999973,409975.27804999973,0.0,0.0
2025-07-25,409975.27804999973,409975.27804999973,0.0,0.0
2025-07-28,409975.27804999973,409975.27804999973,0.0,0.0
2025-07-29,409975.27804999973,409975.27804999973,0.0,0.0
2025-07-30,411527.2180499997,114.11804999970991,411413.1,0.9997226962276263
2025-07-31,407631.7180499997,114.11804999970991,407517.6,0.999720046196244
2025-08-01,409026.1180499997,114.11804999970991,408912.0,0.9997210005792693
2025-08-04,411273.1180499997,114.11804999970991,411159.0,0.9997225248989265
2025-08-05,416677.70324999973,204922.10324999972,211755.6,0.5081999789005992
2025-08-06,416834.40324999974,215066.4032499997,201768.00000000003,0.48404833772558853
2025-08-07,417119.87724999967,417119.87724999967,0.0,0.0
2025-08-08,417119.87724999967,417119.87724999967,0.0,0.0
2025-08-11,417119.87724999967,417119.87724999967,0.0,0.0
2025-08-12,417119.87724999967,417119.87724999967,0.0,0.0
2025-08-13,417119.87724999967,417119.87724999967,0.0,0.0
2025-08-14,417119.87724999967,417119.87724999967,0.0,0.0
2025-08-15,417119.87724999967,417119.87724999967,0.0,0.0
2025-08-18,417119.87724999967,417119.87724999967,0.0,0.0
2025-08-19,417119.87724999967,417119.87724999967,0.0,0.0
2025-08-20,417119.87724999967,417119.87724999967,0.0,0.0
2025-08-21,417119.87724999967,417119.87724999967,0.0,0.0
2025-08-22,417119.87724999967,417119.87724999967,0.0,0.0
2025-08-25,417119.87724999967,417119.87724999967,0.0,0.0
2025-08-26,417119.87724999967,417119.87724999967,0.0,0.0
2025-08-27,417119.87724999967,417119.87724999967,0.0,0.0
2025-08-28,418118.69537499966,217142.39537499964,200976.30000000002,0.4806680548444495
2025-08-29,417200.99537499965,217142.39537499964,200058.6,0.47952570156305124
2025-09-01,412868.25622499967,91.05622499964738,412777.2,0.9997794545266516
2025-09-02,417601.9562249997,91.05622499964738,417510.9,0.9997819545056188
2025-09-03,413017.0562249996,91.05622499964738,412925.99999999994,0.9997795339838216
2025-09-04,415194.9562249996,91.05622499964738,415103.89999999997,0.9997806904355786
2025-09-05,413598.15622499964,91.05622499964738,413507.1,0.9997798437356908
2025-09-08,413353.6562249997,91.05622499964738,413262.60000000003,0.9997797135125616
2025-09-09,415349.65622499964,91.05622499964738,415258.6,0.9997807721190207
2025-09-10,417018.98104999965,201541.38104999965,215477.6,0.516709334087037
2025-09-11,417349.68104999966,201541.38104999965,215808.30000000002,0.5170922844772596
2025-09-12,416375.28104999964,201541.38104999965,214833.9,0.5159621855030392
2025-09-15,415204.8810499996,201541.38104999965,213663.49999999997,0.5145977558348364
2025-09-16,414784.3810499996,201541.38104999965,213242.99999999997,0.5141056648762646
2025-09-17,414710.48484999966,1506.5848499996355,413203.9,0.9963671406799745
2025-09-18,407383.78484999965,1506.5848499996355,405877.2,0.9963018045734089
2025-09-19,409048.58484999964,1506.5848499996355,407542.0,0.9963168559779956
2025-09-22,405337.18484999967,1506.5848499996355,403830.60000000003,0.9962831319052132
2025-09-23,409042.28484999965,15.784849999635526,409026.5,0.9999614102243599
2025-09-24,408937.3848499996,15.784849999635526,408921.6,0.9999614003253691
2025-09-25,406940.68484999967,15.784849999635526,406924.9,0.9999612109317468
2025-09-26,407287.78484999965,15.784849999635526,407272.0,0.9999612439886812
2025-09-29,406192.08484999964,15.784849999635526,406176.3,0.9999611394446412
2025-09-30,403475.28484999965,15.784849999635526,403459.5,0.9999608777771716
2025-10-09,404664.68484999967,15.784849999635526,404648.9,0.999960992766133
2025-10-10,406725.7942499996,212427.79424999963,194298.0,0.47771250986991015
2025-10-13,408469.49424999964,212427.79424999963,196041.7,0.47994208321470067
2025-10-14,405800.64549999963,199021.64549999963,206779.0,0.5095580854614491
2025-10-15,408945.4454999997,199021.64549999963,209923.80000000005,0.5133295952063616
2025-10-16,411626.6029999996,1.9029999996419065,411624.69999999995,0.9999953768780109
2025-10-17,402585.5029999996,1.9029999996419065,402583.6,0.9999952730538346
2025-10-20,409267.6029999996,1.9029999996419065,409265.69999999995,0.9999953502305443
2025-10-21,422587.27299999964,214068.37299999964,208518.9,0.49343393263999263
2025-10-22,421075.1729999996,214068.37299999964,207006.79999999996,0.4916148309698614
2025-10-23,420917.9872249996,14075.287224999629,406842.69999999995,0.9665604995457803
2025-10-24,421140.3872249996,14075.287224999629,407065.1,0.9665781586094242
2025-10-27,429651.54994999967,417323.54994999967,12328.0,0.02869301879961718
2025-10-28,429490.7499499997,417323.54994999967,12167.200000000012,0.028329364489029132
2025-10-29,429574.76754999964,217343.96754999965,212230.8,0.4940485708935354
2025-10-30,428612.3675499997,217343.96754999965,211268.40000000002,0.49291251488527
2025-10-31,430450.96754999965,229666.96754999965,200784.0,0.4664503396119737
2025-11-03,430237.3675499996,229666.96754999965,200570.39999999997,0.4661854481449496
2025-11-04,427887.76754999964,229666.96754999965,198220.8,0.46325418727198703
2025-11-05,427674.16754999966,229666.96754999965,198007.2,0.4629861119139277
2025-11-06,428101.3675499997,229666.96754999965,198434.40000000002,0.4635219951191211
2025-11-07,428742.16754999966,229666.96754999965,199075.2,0.4643238175932018
2025-11-10,431041.41134999966,431041.41134999966,0.0,0.0
2025-11-11,431041.41134999966,431041.41134999966,0.0,0.0
2025-11-12,427900.01389999967,231001.61389999968,196898.4,0.46015048750621257
2025-11-13,433423.2150999997,30956.415099999664,402466.80000000005,0.9285769335339886
2025-11-14,424835.41509999963,30956.415099999664,393879.0,0.9271331579249037
2025-11-17,430961.8858999996,31.88589999965916,430929.99999999994,0.9999260122506355
2025-11-18,433811.4858999996,31.88589999965916,433779.6,0.9999264982578009
2025-11-19,427760.8858999996,31.88589999965916,427728.99999999994,0.9999254585890139
2025-11-20,423871.4858999996,31.88589999965916,423839.6,0.9999247746048971
2025-11-21,412248.08589999966,31.88589999965916,412216.2,0.9999226536129815
2025-11-24,421069.6858999997,31.88589999965916,421037.80000000005,0.9999242740547055
2025-11-25,424489.2858999996,31.88589999965916,424457.39999999997,0.9999248840876348
2025-11-26,423636.4858999996,31.88589999965916,423604.6,0.9999247328758005
2025-11-27,419929.4858999997,31.88589999965916,419897.60000000003,0.9999240684422736
2025-11-28,422852.4858999996,31.88589999965916,422820.6,0.9999245933249469
2025-12-01,425085.0711999996,31282.87119999966,393802.19999999995,0.9264079749691297
2025-12-02,419064.87119999964,31282.87119999966,387782.0,0.9253507670294087
2025-12-03,410600.4711999997,31282.87119999966,379317.60000000003,0.9238118964925346
2025-12-04,412331.27119999967,31282.87119999966,381048.4,0.9241317033535736
2025-12-05,421070.36972499965,194736.86972499965,226333.5,0.5375194178298939
2025-12-08,423566.82497499965,197866.12497499966,225700.69999999998,0.5328573596700393
2025-12-09,422885.82497499965,197866.12497499966,225019.69999999998,0.5321050900992077
2025-12-10,420283.82497499965,197866.12497499966,222417.69999999998,0.5292083272850922
2025-12-11,420601.4735749997,11.073574999667471,420590.4,0.9999736720489694
2025-12-12,419738.1735749997,11.073574999667471,419727.1,0.9999736178987358
2025-12-15,420674.8735749996,11.073574999667471,420663.79999999993,0.9999736766427109
2025-12-16,418507.77357499965,11.073574999667471,418496.69999999995,0.9999735403361685
2025-12-17,419315.37357499974,11.073574999667471,419304.30000000005,0.999973591297392
2025-12-18,426824.4735749997,11.073574999667471,426813.4,0.9999740559042762
2025-12-19,426538.1315249997,395680.3315249997,30857.79999999999,0.07234476291644605
2025-12-22,426482.4315249997,395680.3315249997,30802.099999999977,0.07222360810938683
2025-12-23,426315.3315249997,395680.3315249997,30635.0,0.07185995373521659
2025-12-24,426203.9315249997,395680.3315249997,30523.599999999977,0.07161735906748568
2025-12-25,426538.1315249997,395680.3315249997,30857.79999999999,0.07234476291644605
2025-12-26,426315.3315249997,395680.3315249997,30635.0,0.07185995373521659
2025-12-29,425925.4315249997,395680.3315249997,30245.099999999977,0.07101031720906936
2025-12-30,421104.1488249997,50.64882499966188,421053.5,0.9998797237568402
2025-12-31,419136.84882499964,50.64882499966188,419086.19999999995,0.9998791592169916
2026-01-05,422304.84882499964,50.64882499966188,422254.19999999995,0.9998800657270676
2026-01-06,425645.10399999964,30622.303999999665,395022.8,0.9280567221090374
2026-01-07,427439.2707999997,231504.87079999968,195934.40000000002,0.4583911993703508
2026-01-08,427742.5990999997,427742.5990999997,0.0,0.0
2026-01-09,427692.60404999973,227712.40404999972,199980.2,0.4675792803202675
2026-01-12,428036.8040499997,227712.40404999972,200324.39999999997,0.4680074192325755
2026-01-13,428381.0040499997,227712.40404999972,200668.59999999998,0.46843487013392027
2026-01-14,426660.0040499997,227712.40404999972,198947.59999999998,0.46629071886636364
2026-01-15,423925.1901999997,0.09019999971133075,423925.10000000003,0.9999997872266103
2026-01-16,419915.3901999997,0.09019999971133075,419915.3,0.999999785194823
2026-01-19,419192.0901999997,0.09019999971133075,419192.0,0.999999784824185
2026-01-20,423672.8901999997,0.09019999971133075,423672.8,0.9999997870999023
2026-01-21,418669.5901999997,0.09019999971133075,418669.5,0.9999997845556453
2026-01-22,417988.69019999966,0.09019999971133075,417988.6,0.9999997842046883
2026-01-23,414990.2901999997,0.09019999971133075,414990.2,0.9999997826455177
2026-01-26,417553.8901999997,0.09019999971133075,417553.8,0.99999978397998
2026-01-27,415928.0901999997,0.09019999971133075,415928.0,0.9999997831355905
2026-01-28,415180.69019999966,0.09019999971133075,415180.6,0.9999997827451955
2026-01-29,419760.86724999966,199242.0672499997,220518.79999999996,0.5253438736314221
2026-01-30,418929.06724999973,199242.0672499997,219687.00000000003,0.5244014253823543
2026-02-02,417066.38142499974,48.98142499971436,417017.4,0.9998825572446468
2026-02-03,418688.38142499974,48.98142499971436,418639.4,0.9998830122182206
2026-02-04,424423.5814249997,48.98142499971436,424374.6,0.9998845930642325
2026-02-05,421425.10932499974,222281.80932499972,199143.30000000002,0.472547305781019
2026-02-06,425752.9537999997,4.15379999970537,425748.80000000005,0.9999902436378595
2026-02-09,433121.1387999997,205212.83879999974,227908.3,0.5261999001744408
2026-02-10,432558.9387999997,205212.83879999974,227346.09999999998,0.5255840987373906
2026-02-11,434750.43997499975,411956.43997499975,22794.0,0.05243007919971459
2026-02-12,435214.43997499975,411956.43997499975,23258.0,0.05344032243354798
2026-02-13,435098.43997499975,411956.43997499975,23142.0,0.05318796362802338
2026-02-24,434087.1899249998,235422.38992499976,198664.80000000002,0.45766105199815893
2026-02-25,435662.8961499997,35397.29614999975,400265.6,0.9187507211130224
2026-02-26,431420.2961499997,35397.29614999975,396023.0,0.9179517132923841
2026-02-27,432617.07144999976,89.67144999974698,432527.4,0.999792723274421
2026-03-02,422837.57144999976,89.67144999974698,422747.9,0.9997879293230916
2026-03-03,418164.5714499998,9.571449999746989,418155.00000000006,0.9999771108060003
2026-03-04,410960.9714499998,9.571449999746989,410951.4,0.9999767095888303
2026-03-05,410448.17144999973,9.571449999746989,410438.6,0.999976680490582
2026-03-06,415690.6714499998,9.571449999746989,415681.10000000003,0.999976974585534
2026-03-09,406579.37144999974,9.571449999746989,406569.8,0.9999764585941348
2026-03-10,411686.77144999977,9.571449999746989,411677.2,0.9999767506496114
2026-03-11,410736.17144999973,9.571449999746989,410726.6,0.9999766968417562
2026-03-12,409268.1714499998,9.571449999746989,409258.60000000003,0.9999766132558858
2026-03-13,407914.07144999976,9.571449999746989,407904.5,0.9999765356219124
2026-03-16,408101.27144999977,9.571449999746989,408091.7,0.9999765463852496
2026-03-17,410874.57144999976,9.571449999746989,410865.0,0.9999767046912492
2026-03-18,409067.87144999974,9.571449999746989,409058.3,0.9999766018045714
2026-03-19,401146.27144999977,9.571449999746989,401136.7,0.9999761397508067
2026-03-20,396470.17144999973,9.571449999746989,396460.6,0.9999758583351561
2026-03-23,377471.1714499998,9.571449999746989,377461.60000000003,0.9999746432291425
2026-03-24,382674.5714499998,9.571449999746989,382665.00000000006,0.9999749880166756
2026-03-25,391081.27144999977,9.571449999746989,391071.7,0.9999755256753557
2026-03-26,383032.87144999974,9.571449999746989,383023.3,0.9999750114136066
2026-03-27,385856.77144999977,9.571449999746989,385847.2,0.9999751942930435
2026-03-30,382305.3714499998,9.571449999746989,382295.80000000005,0.9999749638620994
2026-03-31,380344.17144999973,9.571449999746989,380334.6,0.9999748347661981
2026-04-01,389309.07144999976,9.571449999746989,389299.5,0.9999754142641369
2026-04-02,381739.07144999976,9.571449999746989,381729.5,0.9999749267216389
2026-04-03,376714.57144999976,9.571449999746989,376705.0,0.9999745923021695
2026-04-07,375340.8714499998,9.571449999746989,375331.30000000005,0.9999744993132169
2026-04-08,391306.6503249998,212041.0503249998,179265.60000000003,0.45812050434387186
2026-04-09,387483.4503249998,212041.0503249998,175442.40000000002,0.4527739180934014
2026-04-10,390978.7047249998,390978.7047249998,0.0,0.0
2026-04-13,390978.7047249998,390978.7047249998,0.0,0.0
2026-04-14,390978.7047249998,390978.7047249998,0.0,0.0
2026-04-15,390978.7047249998,390978.7047249998,0.0,0.0
2026-04-16,390978.7047249998,390978.7047249998,0.0,0.0
2026-04-17,390978.7047249998,390978.7047249998,0.0,0.0
2026-04-20,390978.7047249998,390978.7047249998,0.0,0.0
2026-04-21,390978.7047249998,390978.7047249998,0.0,0.0
2026-04-22,390978.7047249998,390978.7047249998,0.0,0.0
2026-04-23,390978.7047249998,390978.7047249998,0.0,0.0
2026-04-24,390978.7047249998,390978.7047249998,0.0,0.0
2026-04-27,390978.7047249998,390978.7047249998,0.0,0.0
2026-04-28,392838.5936749998,36.7936749997607,392801.80000000005,0.9999063389504185
2026-04-29,396633.81962499977,396633.81962499977,0.0,0.0
2026-04-30,396633.81962499977,396633.81962499977,0.0,0.0
2026-05-06,396633.81962499977,396633.81962499977,0.0,0.0
2026-05-07,397003.03002499975,196625.43002499975,200377.6,0.5047256188129899
2026-05-08,396164.63002499973,196625.43002499975,199539.19999999998,0.5036774736487913
2026-05-11,395745.4300249998,196625.43002499975,199120.00000000003,0.5031517356686124
2026-05-12,393230.2300249997,196625.43002499975,196604.79999999996,0.49997376851596775
2026-05-13,388889.1885249998,10.288524999748915,388878.9,0.9999735438132421
2026-05-14,390837.48852499976,10.288524999748915,390827.2,0.9999736756956489
2026-05-15,382968.28852499975,10.288524999748915,382958.0,0.9999731347860696
2026-05-18,379119.48852499976,10.288524999748915,379109.2,0.9999728620519094
2026-05-19,379538.6885249998,10.288524999748915,379528.4,0.9999728920257386
2026-05-20,380524.78852499975,10.288524999748915,380514.5,0.9999729622739175
2026-05-21,377662.0885249998,10.288524999748915,377651.80000000005,0.9999727573264239
2026-05-22,371298.08852499974,10.288524999748915,371287.8,0.9999722903906114
2026-05-25,372703.3885249997,10.288524999748915,372693.1,0.9999723948713198
2026-05-26,370755.08852499974,10.288524999748915,370744.8,0.9999722498077082
2026-05-27,375070.8885249997,10.288524999748915,375060.6,0.9999725691187599
2026-05-28,367620.8885249997,10.288524999748915,367610.6,0.9999720132198118
2026-05-29,380276.67572499975,193213.17572499975,187063.5,0.4919142086307616
2026-06-01,379332.39727499976,51.09727499971632,379281.30000000005,0.9998652968336826
2026-06-02,376921.49727499974,51.09727499971632,376870.4,0.9998644352328824
2026-06-03,378523.49727499974,51.09727499971632,378472.4,0.9998650089746935
2026-06-04,374097.99727499974,51.09727499971632,374046.9,0.9998634120594819
2026-06-05,379438.5972749997,51.09727499971632,379387.5,0.9998653345353723
2026-06-08,368841.6972749997,51.09727499971632,368790.6,0.9998614655680819
2026-06-09,373047.3972749997,51.09727499971632,372996.3,0.9998630273917658
2026-06-10,368196.49727499974,4.097274999716319,368192.4,0.9999888720424284
2026-06-11,366757.2972749998,4.097274999716319,366753.20000000007,0.9999888283749767
2026-06-12,370097.19727499975,4.097274999716319,370093.10000000003,0.9999889291920342
2026-06-15,371153.1972749997,4.097274999716319,371149.1,0.9999889606905455
2026-06-16,368054.69727499975,4.097274999716319,368050.60000000003,0.9999888677551733
2026-06-17,368871.3972749997,4.097274999716319,368867.3,0.9999888924025284
2026-06-18,367577.48774999974,198392.58774999972,169184.90000000002,0.4602700264251973
2026-06-22,369149.70937499974,29.50937499970314,369120.20000000007,0.9999200612265153
2026-06-23,367147.9093749997,29.50937499970314,367118.4,0.9999196253764595
2026-06-24,361312.0093749997,29.50937499970314,361282.5,0.9999183271681151
2026-06-25,359535.10937499965,29.50937499970314,359505.6,0.9999179235233773
2026-06-26,356741.3093749997,29.50937499970314,356711.80000000005,0.9999172807459518
2026-06-29,363328.60937499965,29.50937499970314,363299.1,0.9999187804807047
2026-06-30,357500.8093749997,29.50937499970314,357471.30000000005,0.9999174564805846
2026-07-01,363715.8093749997,29.50937499970314,363686.30000000005,0.9999188669443586
2026-07-02,365915.1444999997,171846.0444999997,194069.1,0.530366405755584
2026-07-03,366450.6444999997,171846.0444999997,194604.6,0.5310526885974686
2026-07-06,366390.6021499997,33.702149999677204,366356.9,0.999908015790247
2026-07-07,363347.8021499997,33.702149999677204,363314.10000000003,0.999907245482702
2026-07-08,360241.14527499967,199011.44527499969,161229.69999999998,0.447560480291392
2026-07-09,365027.7237749997,75.72377499967115,364952.0,0.9997925533594639
2026-07-10,359722.7237749997,75.72377499967115,359647.0,0.9997894940464005
2026-07-13,339814.32377499965,75.72377499967115,339738.6,0.999777161321046
2026-07-14,345470.62377499964,110.42377499967115,345360.19999999995,0.9996803671067801
2026-07-15,340543.02377499966,110.42377499967115,340432.6,0.9996757420728353
2026-07-16,329259.4237749997,110.42377499967115,329149.0,0.9996646298722944
2026-07-17,315749.7237749997,110.42377499967115,315639.3,0.9996502806916836
2026-07-20,313154.9237749997,110.42377499967115,313044.5,0.9996473829193916
2026-07-21,325071.1237749997,110.42377499967115,324960.7,0.9996603088772779
2026-07-22,321868.02377499966,110.42377499967115,321757.6,0.9996569284090274
2026-07-23,334360.3237749997,110.42377499967115,334249.9,0.9996697461775579
2026-07-24,322685.2237749997,4.323774999671144,322680.9,0.9999866006414887
2026-07-27,331524.1237749997,4.323774999671144,331519.80000000005,0.9999869578872559
2026-07-28,320830.4237749996,4.323774999671144,320826.1,0.9999865231764844
2026-07-29,323917.3237749997,106.92377499967115,323810.4,0.9996699041170334
2026-07-30,317001.3237749997,106.92377499967115,316894.4,0.9996627024337741
2026-07-31,322248.3237749997,41.723774999671164,322206.60000000003,0.999870522910683
2026-08-03,328108.72377499973,41.723774999671164,328067.00000000006,0.9998728355207395
2026-08-04,332114.7006999997,332051.0006999997,63.70000000001164,0.00019180120562489663
2026-08-05,332115.2006999997,332051.0006999997,64.20000000001164,0.00019330641857011425
2026-08-06,332112.4006999997,332112.4006999997,0.0,0.0
2026-08-07,332112.4006999997,332112.4006999997,0.0,0.0
2026-08-10,332112.4006999997,332112.4006999997,0.0,0.0
2026-08-11,332112.4006999997,332112.4006999997,0.0,0.0
2026-08-12,332112.4006999997,332112.4006999997,0.0,0.0
2026-08-13,332112.4006999997,332112.4006999997,0.0,0.0
2026-08-14,332112.4006999997,332112.4006999997,0.0,0.0
2026-08-17,333342.4166999997,132126.4166999997,201216.0,0.6036315509798732
2026-08-18,331038.4166999997,132126.4166999997,198912.0,0.6008728593583809
2026-08-19,330014.4166999997,132126.4166999997,197888.0,0.5996344098503142
2026-08-20,329609.6973499997,15.997349999728613,329593.69999999995,0.999951465778682
2026-08-21,330889.6973499997,15.997349999728613,330873.69999999995,0.9999516535264535
2026-08-24,334201.2973499997,15.997349999728613,334185.3,0.9999521325915651
2026-08-25,334201.2973499997,15.997349999728613,334185.3,0.9999521325915651
2026-08-26,337742.7445499997,337742.7445499997,0.0,0.0
2026-08-27,337742.7445499997,337742.7445499997,0.0,0.0
2026-08-28,337742.7445499997,337742.7445499997,0.0,0.0
2026-08-31,337742.7445499997,337742.7445499997,0.0,0.0
2026-09-01,337111.56134999974,137759.9613499997,199351.60000000003,0.5913520117840959
2026-09-02,331906.6426499997,50.74264999968,331855.9,0.9998471177027536
2026-09-03,333099.0426499997,50.74264999968,333048.30000000005,0.9998476649779717
