date,equity,cash,invested,invested_pct
2006-05-15,1000000.0,1000000.0,0.0,0.0
2006-05-16,1000000.0,1000000.0,0.0,0.0
2006-05-17,1000000.0,1000000.0,0.0,0.0
2006-05-18,1000000.0,1000000.0,0.0,0.0
2006-05-19,1000000.0,1000000.0,0.0,0.0
2006-05-22,1000000.0,1000000.0,0.0,0.0
2006-05-23,1000000.0,1000000.0,0.0,0.0
2006-05-24,1000000.0,1000000.0,0.0,0.0
2006-05-25,1000000.0,1000000.0,0.0,0.0
2006-05-26,1000000.0,1000000.0,0.0,0.0
2006-05-29,1000000.0,1000000.0,0.0,0.0
2006-05-30,1000000.0,1000000.0,0.0,0.0
2006-05-31,1000000.0,1000000.0,0.0,0.0
2006-06-01,1000000.0,1000000.0,0.0,0.0
2006-06-02,1000000.0,1000000.0,0.0,0.0
2006-06-05,1000000.0,1000000.0,0.0,0.0
2006-06-06,1000000.0,1000000.0,0.0,0.0
2006-06-07,1000000.0,1000000.0,0.0,0.0
2006-06-08,1000000.0,1000000.0,0.0,0.0
2006-06-09,1000000.0,1000000.0,0.0,0.0
2006-06-12,1000000.0,1000000.0,0.0,0.0
2006-06-13,1000000.0,1000000.0,0.0,0.0
2006-06-14,1000000.0,1000000.0,0.0,0.0
2006-06-15,1000000.0,1000000.0,0.0,0.0
2006-06-16,1000000.0,1000000.0,0.0,0.0
2006-06-19,1000000.0,1000000.0,0.0,0.0
2006-06-20,1000000.0,1000000.0,0.0,0.0
2006-06-21,1000000.0,1000000.0,0.0,0.0
2006-06-22,1000000.0,1000000.0,0.0,0.0
2006-06-23,1000000.0,1000000.0,0.0,0.0
2006-06-26,1000000.0,1000000.0,0.0,0.0
2006-06-27,1000000.0,1000000.0,0.0,0.0
2006-06-28,1000000.0,1000000.0,0.0,0.0
2006-06-29,1000000.0,1000000.0,0.0,0.0
2006-06-30,1000000.0,1000000.0,0.0,0.0
2006-07-03,1000000.0,1000000.0,0.0,0.0
2006-07-04,1000000.0,1000000.0,0.0,0.0
2006-07-05,1000000.0,1000000.0,0.0,0.0
2006-07-06,1000000.0,1000000.0,0.0,0.0
2006-07-07,1000000.0,1000000.0,0.0,0.0
2006-07-10,1000000.0,1000000.0,0.0,0.0
2006-07-11,1000000.0,1000000.0,0.0,0.0
2006-07-12,1000000.0,1000000.0,0.0,0.0
2006-07-13,1000000.0,1000000.0,0.0,0.0
2006-07-14,1000000.0,1000000.0,0.0,0.0
2006-07-17,1000000.0,1000000.0,0.0,0.0
2006-07-18,1000000.0,1000000.0,0.0,0.0
2006-07-19,1000000.0,1000000.0,0.0,0.0
2006-07-20,1000000.0,1000000.0,0.0,0.0
2006-07-21,1000000.0,1000000.0,0.0,0.0
2006-07-24,1000000.0,1000000.0,0.0,0.0
2006-07-25,1000000.0,1000000.0,0.0,0.0
2006-07-26,1000000.0,1000000.0,0.0,0.0
2006-07-27,1000000.0,1000000.0,0.0,0.0
2006-07-28,1000000.0,1000000.0,0.0,0.0
2006-07-31,1000000.0,1000000.0,0.0,0.0
2006-08-01,1000000.0,1000000.0,0.0,0.0
2006-08-02,1000000.0,1000000.0,0.0,0.0
2006-08-03,1000000.0,1000000.0,0.0,0.0
2006-08-04,1000000.0,1000000.0,0.0,0.0
2006-08-07,1000000.0,1000000.0,0.0,0.0
2006-08-08,1000000.0,1000000.0,0.0,0.0
2006-08-09,1000000.0,1000000.0,0.0,0.0
2006-08-10,1000000.0,1000000.0,0.0,0.0
2006-08-11,1000000.0,1000000.0,0.0,0.0
2006-08-14,1000000.0,1000000.0,0.0,0.0
2006-08-15,1000000.0,1000000.0,0.0,0.0
2006-08-16,1000000.0,1000000.0,0.0,0.0
2006-08-17,1000000.0,1000000.0,0.0,0.0
2006-08-18,1000000.0,1000000.0,0.0,0.0
2006-08-21,1000000.0,1000000.0,0.0,0.0
2006-08-22,1000000.0,1000000.0,0.0,0.0
2006-08-23,1000000.0,1000000.0,0.0,0.0
2006-08-24,1000000.0,1000000.0,0.0,0.0
2006-08-25,1000000.0,1000000.0,0.0,0.0
2006-08-28,1000000.0,1000000.0,0.0,0.0
2006-08-29,1000000.0,1000000.0,0.0,0.0
2006-08-30,1000000.0,1000000.0,0.0,0.0
2006-08-31,1000000.0,1000000.0,0.0,0.0
2006-09-01,1000000.0,1000000.0,0.0,0.0
2006-09-04,1000000.0,1000000.0,0.0,0.0
2006-09-05,1000000.0,1000000.0,0.0,0.0
2006-09-06,1000000.0,1000000.0,0.0,0.0
2006-09-07,1000000.0,1000000.0,0.0,0.0
2006-09-08,1000000.0,1000000.0,0.0,0.0
2006-09-11,1000000.0,1000000.0,0.0,0.0
2006-09-12,1000000.0,1000000.0,0.0,0.0
2006-09-13,1000000.0,1000000.0,0.0,0.0
2006-09-14,1000000.0,1000000.0,0.0,0.0
2006-09-15,1000000.0,1000000.0,0.0,0.0
2006-09-18,1000000.0,1000000.0,0.0,0.0
2006-09-19,1000000.0,1000000.0,0.0,0.0
2006-09-20,1000000.0,1000000.0,0.0,0.0
2006-09-21,1000000.0,1000000.0,0.0,0.0
2006-09-22,1000000.0,1000000.0,0.0,0.0
2006-09-25,1000000.0,1000000.0,0.0,0.0
2006-09-26,1000000.0,1000000.0,0.0,0.0
2006-09-27,1000000.0,1000000.0,0.0,0.0
2006-09-28,1000000.0,1000000.0,0.0,0.0
2006-09-29,1000000.0,1000000.0,0.0,0.0
2006-10-09,1000000.0,1000000.0,0.0,0.0
2006-10-10,1000000.0,1000000.0,0.0,0.0
2006-10-11,1000000.0,1000000.0,0.0,0.0
2006-10-12,1000000.0,1000000.0,0.0,0.0
2006-10-13,1000000.0,1000000.0,0.0,0.0
2006-10-16,1000000.0,1000000.0,0.0,0.0
2006-10-17,1000000.0,1000000.0,0.0,0.0
2006-10-18,1000000.0,1000000.0,0.0,0.0
2006-10-19,1000000.0,1000000.0,0.0,0.0
2006-10-20,1000000.0,1000000.0,0.0,0.0
2006-10-23,1000000.0,1000000.0,0.0,0.0
2006-10-24,1000000.0,1000000.0,0.0,0.0
2006-10-25,1000000.0,1000000.0,0.0,0.0
2006-10-26,1000000.0,1000000.0,0.0,0.0
2006-10-27,1000000.0,1000000.0,0.0,0.0
2006-10-30,1000000.0,1000000.0,0.0,0.0
2006-10-31,1000000.0,1000000.0,0.0,0.0
2006-11-01,1000000.0,1000000.0,0.0,0.0
2006-11-02,1000000.0,1000000.0,0.0,0.0
2006-11-03,1000000.0,1000000.0,0.0,0.0
2006-11-06,1000000.0,1000000.0,0.0,0.0
2006-11-07,1000000.0,1000000.0,0.0,0.0
2006-11-08,1000000.0,1000000.0,0.0,0.0
2006-11-09,1000000.0,1000000.0,0.0,0.0
2006-11-10,1000000.0,1000000.0,0.0,0.0
2006-11-13,1000000.0,1000000.0,0.0,0.0
2006-11-14,1000000.0,1000000.0,0.0,0.0
2006-11-15,1000000.0,1000000.0,0.0,0.0
2006-11-16,1000000.0,1000000.0,0.0,0.0
2006-11-17,1000000.0,1000000.0,0.0,0.0
2006-11-20,1000000.0,1000000.0,0.0,0.0
2006-11-21,1000000.0,1000000.0,0.0,0.0
2006-11-22,1000000.0,1000000.0,0.0,0.0
2006-11-23,1000000.0,1000000.0,0.0,0.0
2006-11-24,1000000.0,1000000.0,0.0,0.0
2006-11-27,1000000.0,1000000.0,0.0,0.0
2006-11-28,1000000.0,1000000.0,0.0,0.0
2006-11-29,1000000.0,1000000.0,0.0,0.0
2006-11-30,1000000.0,1000000.0,0.0,0.0
2006-12-01,1000000.0,1000000.0,0.0,0.0
2006-12-04,1000000.0,1000000.0,0.0,0.0
2006-12-05,1000000.0,1000000.0,0.0,0.0
2006-12-06,1000000.0,1000000.0,0.0,0.0
2006-12-07,1000000.0,1000000.0,0.0,0.0
2006-12-08,1000000.0,1000000.0,0.0,0.0
2006-12-11,1000000.0,1000000.0,0.0,0.0
2006-12-12,1000000.0,1000000.0,0.0,0.0
2006-12-13,1000000.0,1000000.0,0.0,0.0
2006-12-14,1000000.0,1000000.0,0.0,0.0
2006-12-15,1000000.0,1000000.0,0.0,0.0
2006-12-18,1000000.0,1000000.0,0.0,0.0
2006-12-19,1000000.0,1000000.0,0.0,0.0
2006-12-20,1000000.0,1000000.0,0.0,0.0
2006-12-21,1000000.0,1000000.0,0.0,0.0
2006-12-22,1000000.0,1000000.0,0.0,0.0
2006-12-25,1000000.0,1000000.0,0.0,0.0
2006-12-26,1000000.0,1000000.0,0.0,0.0
2006-12-27,1000000.0,1000000.0,0.0,0.0
2006-12-28,1000000.0,1000000.0,0.0,0.0
2006-12-29,1000000.0,1000000.0,0.0,0.0
2007-01-04,1000000.0,1000000.0,0.0,0.0
2007-01-05,1000000.0,1000000.0,0.0,0.0
2007-01-08,1000000.0,1000000.0,0.0,0.0
2007-01-09,1000000.0,1000000.0,0.0,0.0
2007-01-10,1000000.0,1000000.0,0.0,0.0
2007-01-11,1000000.0,1000000.0,0.0,0.0
2007-01-12,1000000.0,1000000.0,0.0,0.0
2007-01-15,1000000.0,1000000.0,0.0,0.0
2007-01-16,1000000.0,1000000.0,0.0,0.0
2007-01-17,1000000.0,1000000.0,0.0,0.0
2007-01-18,1000000.0,1000000.0,0.0,0.0
2007-01-19,1000000.0,1000000.0,0.0,0.0
2007-01-22,1000000.0,1000000.0,0.0,0.0
2007-01-23,1000000.0,1000000.0,0.0,0.0
2007-01-24,1000000.0,1000000.0,0.0,0.0
2007-01-25,1000000.0,1000000.0,0.0,0.0
2007-01-26,1000000.0,1000000.0,0.0,0.0
2007-01-29,1000000.0,1000000.0,0.0,0.0
2007-01-30,1000000.0,1000000.0,0.0,0.0
2007-01-31,1000000.0,1000000.0,0.0,0.0
2007-02-01,1000000.0,1000000.0,0.0,0.0
2007-02-02,1000000.0,1000000.0,0.0,0.0
2007-02-05,1000000.0,1000000.0,0.0,0.0
2007-02-06,1000000.0,1000000.0,0.0,0.0
2007-02-07,1000000.0,1000000.0,0.0,0.0
2007-02-08,1000000.0,1000000.0,0.0,0.0
2007-02-09,1000000.0,1000000.0,0.0,0.0
2007-02-12,1000000.0,1000000.0,0.0,0.0
2007-02-13,1000000.0,1000000.0,0.0,0.0
2007-02-14,1000000.0,1000000.0,0.0,0.0
2007-02-15,1000000.0,1000000.0,0.0,0.0
2007-02-16,1000000.0,1000000.0,0.0,0.0
2007-02-26,1000000.0,1000000.0,0.0,0.0
2007-02-27,1000000.0,1000000.0,0.0,0.0
2007-02-28,1000000.0,1000000.0,0.0,0.0
2007-03-01,1000000.0,1000000.0,0.0,0.0
2007-03-02,1000000.0,1000000.0,0.0,0.0
2007-03-05,1000000.0,1000000.0,0.0,0.0
2007-03-06,1000000.0,1000000.0,0.0,0.0
2007-03-07,1000000.0,1000000.0,0.0,0.0
2007-03-08,1000000.0,1000000.0,0.0,0.0
2007-03-09,1000000.0,1000000.0,0.0,0.0
2007-03-12,1000000.0,1000000.0,0.0,0.0
2007-03-13,1000000.0,1000000.0,0.0,0.0
2007-03-14,1000000.0,1000000.0,0.0,0.0
2007-03-15,1000000.0,1000000.0,0.0,0.0
2007-03-16,1000000.0,1000000.0,0.0,0.0
2007-03-19,1000000.0,1000000.0,0.0,0.0
2007-03-20,1000000.0,1000000.0,0.0,0.0
2007-03-21,1000000.0,1000000.0,0.0,0.0
2007-03-22,1000000.0,1000000.0,0.0,0.0
2007-03-23,1000000.0,1000000.0,0.0,0.0
2007-03-26,1000000.0,1000000.0,0.0,0.0
2007-03-27,1000000.0,1000000.0,0.0,0.0
2007-03-28,1000000.0,1000000.0,0.0,0.0
2007-03-29,1000000.0,1000000.0,0.0,0.0
2007-03-30,1000000.0,1000000.0,0.0,0.0
2007-04-02,1000000.0,1000000.0,0.0,0.0
2007-04-03,1000000.0,1000000.0,0.0,0.0
2007-04-04,1000000.0,1000000.0,0.0,0.0
2007-04-05,1000000.0,1000000.0,0.0,0.0
2007-04-06,1000000.0,1000000.0,0.0,0.0
2007-04-09,1000000.0,1000000.0,0.0,0.0
2007-04-10,1000000.0,1000000.0,0.0,0.0
2007-04-11,1000000.0,1000000.0,0.0,0.0
2007-04-12,1000000.0,1000000.0,0.0,0.0
2007-04-13,1000000.0,1000000.0,0.0,0.0
2007-04-16,1000000.0,1000000.0,0.0,0.0
2007-04-17,1000000.0,1000000.0,0.0,0.0
2007-04-18,1000000.0,1000000.0,0.0,0.0
2007-04-19,1000000.0,1000000.0,0.0,0.0
2007-04-20,1000000.0,1000000.0,0.0,0.0
2007-04-23,1000000.0,1000000.0,0.0,0.0
2007-04-24,1000000.0,1000000.0,0.0,0.0
2007-04-25,1000000.0,1000000.0,0.0,0.0
2007-04-26,1000000.0,1000000.0,0.0,0.0
2007-04-27,1000000.0,1000000.0,0.0,0.0
2007-04-30,1000000.0,1000000.0,0.0,0.0
2007-05-08,1000000.0,1000000.0,0.0,0.0
2007-05-09,1000000.0,1000000.0,0.0,0.0
2007-05-10,1000000.0,1000000.0,0.0,0.0
2007-05-11,1000000.0,1000000.0,0.0,0.0
2007-05-14,1000000.0,1000000.0,0.0,0.0
2007-05-15,1000000.0,1000000.0,0.0,0.0
2007-05-16,1000000.0,1000000.0,0.0,0.0
2007-05-17,1000000.0,1000000.0,0.0,0.0
2007-05-18,1000000.0,1000000.0,0.0,0.0
2007-05-21,1000000.0,1000000.0,0.0,0.0
2007-05-22,1000000.0,1000000.0,0.0,0.0
2007-05-23,1000000.0,1000000.0,0.0,0.0
2007-05-24,1000000.0,1000000.0,0.0,0.0
2007-05-25,1000000.0,1000000.0,0.0,0.0
2007-05-28,1000000.0,1000000.0,0.0,0.0
2007-05-29,1000000.0,1000000.0,0.0,0.0
2007-05-30,1000000.0,1000000.0,0.0,0.0
2007-05-31,1000000.0,1000000.0,0.0,0.0
2007-06-01,1000000.0,1000000.0,0.0,0.0
2007-06-04,1000000.0,1000000.0,0.0,0.0
2007-06-05,1000000.0,1000000.0,0.0,0.0
2007-06-06,1000000.0,1000000.0,0.0,0.0
2007-06-07,1000000.0,1000000.0,0.0,0.0
2007-06-08,1000000.0,1000000.0,0.0,0.0
2007-06-11,1000000.0,1000000.0,0.0,0.0
2007-06-12,1000000.0,1000000.0,0.0,0.0
2007-06-13,1000000.0,1000000.0,0.0,0.0
2007-06-14,1000000.0,1000000.0,0.0,0.0
2007-06-15,1000000.0,1000000.0,0.0,0.0
2007-06-18,1000000.0,1000000.0,0.0,0.0
2007-06-19,1000000.0,1000000.0,0.0,0.0
2007-06-20,1000000.0,1000000.0,0.0,0.0
2007-06-21,1000000.0,1000000.0,0.0,0.0
2007-06-22,1000000.0,1000000.0,0.0,0.0
2007-06-25,1000000.0,1000000.0,0.0,0.0
2007-06-26,1000000.0,1000000.0,0.0,0.0
2007-06-27,1000000.0,1000000.0,0.0,0.0
2007-06-28,1000000.0,1000000.0,0.0,0.0
2007-06-29,1000000.0,1000000.0,0.0,0.0
2007-07-02,1000000.0,1000000.0,0.0,0.0
2007-07-03,1000000.0,1000000.0,0.0,0.0
2007-07-04,1000000.0,1000000.0,0.0,0.0
2007-07-05,1000000.0,1000000.0,0.0,0.0
2007-07-06,1000000.0,1000000.0,0.0,0.0
2007-07-09,1000000.0,1000000.0,0.0,0.0
2007-07-10,1000000.0,1000000.0,0.0,0.0
2007-07-11,1000000.0,1000000.0,0.0,0.0
2007-07-12,1000000.0,1000000.0,0.0,0.0
2007-07-13,1000000.0,1000000.0,0.0,0.0
2007-07-16,1000000.0,1000000.0,0.0,0.0
2007-07-17,1000000.0,1000000.0,0.0,0.0
2007-07-18,1000000.0,1000000.0,0.0,0.0
2007-07-19,1000000.0,1000000.0,0.0,0.0
2007-07-20,1000000.0,1000000.0,0.0,0.0
2007-07-23,1000000.0,1000000.0,0.0,0.0
2007-07-24,1000000.0,1000000.0,0.0,0.0
2007-07-25,1000000.0,1000000.0,0.0,0.0
2007-07-26,1000000.0,1000000.0,0.0,0.0
2007-07-27,1000000.0,1000000.0,0.0,0.0
2007-07-30,1000000.0,1000000.0,0.0,0.0
2007-07-31,1000000.0,1000000.0,0.0,0.0
2007-08-01,1000000.0,1000000.0,0.0,0.0
2007-08-02,1000000.0,1000000.0,0.0,0.0
2007-08-03,1000000.0,1000000.0,0.0,0.0
2007-08-06,1000000.0,1000000.0,0.0,0.0
2007-08-07,1000000.0,1000000.0,0.0,0.0
2007-08-08,1000000.0,1000000.0,0.0,0.0
2007-08-09,1000000.0,1000000.0,0.0,0.0
2007-08-10,1000000.0,1000000.0,0.0,0.0
2007-08-13,1000000.0,1000000.0,0.0,0.0
2007-08-14,1000000.0,1000000.0,0.0,0.0
2007-08-15,1000000.0,1000000.0,0.0,0.0
2007-08-16,1000000.0,1000000.0,0.0,0.0
2007-08-17,1000000.0,1000000.0,0.0,0.0
2007-08-20,1000000.0,1000000.0,0.0,0.0
2007-08-21,1000000.0,1000000.0,0.0,0.0
2007-08-22,1000000.0,1000000.0,0.0,0.0
2007-08-23,1000000.0,1000000.0,0.0,0.0
2007-08-24,1000000.0,1000000.0,0.0,0.0
2007-08-27,1000000.0,1000000.0,0.0,0.0
2007-08-28,1000000.0,1000000.0,0.0,0.0
2007-08-29,1000000.0,1000000.0,0.0,0.0
2007-08-30,1000000.0,1000000.0,0.0,0.0
2007-08-31,1000000.0,1000000.0,0.0,0.0
2007-09-03,1000000.0,1000000.0,0.0,0.0
2007-09-04,1000000.0,1000000.0,0.0,0.0
2007-09-05,1000000.0,1000000.0,0.0,0.0
2007-09-06,1000000.0,1000000.0,0.0,0.0
2007-09-07,1000000.0,1000000.0,0.0,0.0
2007-09-10,1000000.0,1000000.0,0.0,0.0
2007-09-11,1000000.0,1000000.0,0.0,0.0
2007-09-12,1000000.0,1000000.0,0.0,0.0
2007-09-13,1000000.0,1000000.0,0.0,0.0
2007-09-14,1000000.0,1000000.0,0.0,0.0
2007-09-17,1000000.0,1000000.0,0.0,0.0
2007-09-18,1000000.0,1000000.0,0.0,0.0
2007-09-19,1000000.0,1000000.0,0.0,0.0
2007-09-20,1000000.0,1000000.0,0.0,0.0
2007-09-21,1000000.0,1000000.0,0.0,0.0
2007-09-24,1000000.0,1000000.0,0.0,0.0
2007-09-25,1000000.0,1000000.0,0.0,0.0
2007-09-26,1000000.0,1000000.0,0.0,0.0
2007-09-27,1000000.0,1000000.0,0.0,0.0
2007-09-28,1000000.0,1000000.0,0.0,0.0
2007-10-08,1000000.0,1000000.0,0.0,0.0
2007-10-09,1000000.0,1000000.0,0.0,0.0
2007-10-10,1000000.0,1000000.0,0.0,0.0
2007-10-11,1000000.0,1000000.0,0.0,0.0
2007-10-12,1000000.0,1000000.0,0.0,0.0
2007-10-15,1000000.0,1000000.0,0.0,0.0
2007-10-16,1000000.0,1000000.0,0.0,0.0
2007-10-17,1000000.0,1000000.0,0.0,0.0
2007-10-18,1000000.0,1000000.0,0.0,0.0
2007-10-19,1000000.0,1000000.0,0.0,0.0
2007-10-22,1000000.0,1000000.0,0.0,0.0
2007-10-23,1000000.0,1000000.0,0.0,0.0
2007-10-24,1000000.0,1000000.0,0.0,0.0
2007-10-25,1000000.0,1000000.0,0.0,0.0
2007-10-26,1000000.0,1000000.0,0.0,0.0
2007-10-29,1000000.0,1000000.0,0.0,0.0
2007-10-30,1000000.0,1000000.0,0.0,0.0
2007-10-31,1000000.0,1000000.0,0.0,0.0
2007-11-01,1000000.0,1000000.0,0.0,0.0
2007-11-02,1000000.0,1000000.0,0.0,0.0
2007-11-05,1000000.0,1000000.0,0.0,0.0
2007-11-06,1000000.0,1000000.0,0.0,0.0
2007-11-07,1000000.0,1000000.0,0.0,0.0
2007-11-08,1000000.0,1000000.0,0.0,0.0
2007-11-09,1000000.0,1000000.0,0.0,0.0
2007-11-12,1000000.0,1000000.0,0.0,0.0
2007-11-13,1000000.0,1000000.0,0.0,0.0
2007-11-14,1000000.0,1000000.0,0.0,0.0
2007-11-15,1000000.0,1000000.0,0.0,0.0
2007-11-16,1000000.0,1000000.0,0.0,0.0
2007-11-19,1000000.0,1000000.0,0.0,0.0
2007-11-20,1000000.0,1000000.0,0.0,0.0
2007-11-21,1000000.0,1000000.0,0.0,0.0
2007-11-22,1000000.0,1000000.0,0.0,0.0
2007-11-23,1000000.0,1000000.0,0.0,0.0
2007-11-26,1000000.0,1000000.0,0.0,0.0
2007-11-27,1000000.0,1000000.0,0.0,0.0
2007-11-28,1000000.0,1000000.0,0.0,0.0
2007-11-29,1000000.0,1000000.0,0.0,0.0
2007-11-30,1000000.0,1000000.0,0.0,0.0
2007-12-03,1000000.0,1000000.0,0.0,0.0
2007-12-04,1000000.0,1000000.0,0.0,0.0
2007-12-05,1000000.0,1000000.0,0.0,0.0
2007-12-06,1000000.0,1000000.0,0.0,0.0
2007-12-07,1000000.0,1000000.0,0.0,0.0
2007-12-10,1000000.0,1000000.0,0.0,0.0
2007-12-11,1000000.0,1000000.0,0.0,0.0
2007-12-12,1000000.0,1000000.0,0.0,0.0
2007-12-13,1000000.0,1000000.0,0.0,0.0
2007-12-14,1000000.0,1000000.0,0.0,0.0
2007-12-17,1000000.0,1000000.0,0.0,0.0
2007-12-18,1000000.0,1000000.0,0.0,0.0
2007-12-19,1000000.0,1000000.0,0.0,0.0
2007-12-20,1000000.0,1000000.0,0.0,0.0
2007-12-21,1000000.0,1000000.0,0.0,0.0
2007-12-24,1000000.0,1000000.0,0.0,0.0
2007-12-25,1000000.0,1000000.0,0.0,0.0
2007-12-26,1000000.0,1000000.0,0.0,0.0
2007-12-27,1000000.0,1000000.0,0.0,0.0
2007-12-28,1000000.0,1000000.0,0.0,0.0
2008-01-02,1000000.0,1000000.0,0.0,0.0
2008-01-03,1000000.0,1000000.0,0.0,0.0
2008-01-04,1000000.0,1000000.0,0.0,0.0
2008-01-07,1000000.0,1000000.0,0.0,0.0
2008-01-08,1000000.0,1000000.0,0.0,0.0
2008-01-09,1000000.0,1000000.0,0.0,0.0
2008-01-10,1000000.0,1000000.0,0.0,0.0
2008-01-11,1000000.0,1000000.0,0.0,0.0
2008-01-14,1000000.0,1000000.0,0.0,0.0
2008-01-15,1000000.0,1000000.0,0.0,0.0
2008-01-16,1000000.0,1000000.0,0.0,0.0
2008-01-17,1000000.0,1000000.0,0.0,0.0
2008-01-18,1000000.0,1000000.0,0.0,0.0
2008-01-21,1000000.0,1000000.0,0.0,0.0
2008-01-22,1000000.0,1000000.0,0.0,0.0
2008-01-23,1000000.0,1000000.0,0.0,0.0
2008-01-24,1000000.0,1000000.0,0.0,0.0
2008-01-25,1000000.0,1000000.0,0.0,0.0
2008-01-28,1000000.0,1000000.0,0.0,0.0
2008-01-29,1000000.0,1000000.0,0.0,0.0
2008-01-30,1000000.0,1000000.0,0.0,0.0
2008-01-31,1000000.0,1000000.0,0.0,0.0
2008-02-01,1000000.0,1000000.0,0.0,0.0
2008-02-04,1000000.0,1000000.0,0.0,0.0
2008-02-05,1000000.0,1000000.0,0.0,0.0
2008-02-13,1000000.0,1000000.0,0.0,0.0
2008-02-14,1000000.0,1000000.0,0.0,0.0
2008-02-15,1000000.0,1000000.0,0.0,0.0
2008-02-18,1000000.0,1000000.0,0.0,0.0
2008-02-19,1000000.0,1000000.0,0.0,0.0
2008-02-20,1000000.0,1000000.0,0.0,0.0
2008-02-21,1000000.0,1000000.0,0.0,0.0
2008-02-22,1000000.0,1000000.0,0.0,0.0
2008-02-25,1000000.0,1000000.0,0.0,0.0
2008-02-26,1000000.0,1000000.0,0.0,0.0
2008-02-27,1000000.0,1000000.0,0.0,0.0
2008-02-28,1000000.0,1000000.0,0.0,0.0
2008-02-29,1000000.0,1000000.0,0.0,0.0
2008-03-03,1000000.0,1000000.0,0.0,0.0
2008-03-04,1000000.0,1000000.0,0.0,0.0
2008-03-05,1000000.0,1000000.0,0.0,0.0
2008-03-06,1000000.0,1000000.0,0.0,0.0
2008-03-07,1000000.0,1000000.0,0.0,0.0
2008-03-10,1000000.0,1000000.0,0.0,0.0
2008-03-11,1000000.0,1000000.0,0.0,0.0
2008-03-12,1000000.0,1000000.0,0.0,0.0
2008-03-13,1000000.0,1000000.0,0.0,0.0
2008-03-14,1000000.0,1000000.0,0.0,0.0
2008-03-17,1000000.0,1000000.0,0.0,0.0
2008-03-18,1000000.0,1000000.0,0.0,0.0
2008-03-19,1000000.0,1000000.0,0.0,0.0
2008-03-20,1000000.0,1000000.0,0.0,0.0
2008-03-21,1000000.0,1000000.0,0.0,0.0
2008-03-24,1000000.0,1000000.0,0.0,0.0
2008-03-25,1000000.0,1000000.0,0.0,0.0
2008-03-26,1000000.0,1000000.0,0.0,0.0
2008-03-27,1000000.0,1000000.0,0.0,0.0
2008-03-28,1000000.0,1000000.0,0.0,0.0
2008-03-31,1000000.0,1000000.0,0.0,0.0
2008-04-01,1000000.0,1000000.0,0.0,0.0
2008-04-02,1000000.0,1000000.0,0.0,0.0
2008-04-03,1000000.0,1000000.0,0.0,0.0
2008-04-07,1000000.0,1000000.0,0.0,0.0
2008-04-08,1000000.0,1000000.0,0.0,0.0
2008-04-09,1000000.0,1000000.0,0.0,0.0
2008-04-10,1000000.0,1000000.0,0.0,0.0
2008-04-11,1000000.0,1000000.0,0.0,0.0
2008-04-14,1000000.0,1000000.0,0.0,0.0
2008-04-15,1000000.0,1000000.0,0.0,0.0
2008-04-16,1000000.0,1000000.0,0.0,0.0
2008-04-17,1000000.0,1000000.0,0.0,0.0
2008-04-18,1000000.0,1000000.0,0.0,0.0
2008-04-21,1000000.0,1000000.0,0.0,0.0
2008-04-22,1000000.0,1000000.0,0.0,0.0
2008-04-23,1000000.0,1000000.0,0.0,0.0
2008-04-24,1000000.0,1000000.0,0.0,0.0
2008-04-25,1000000.0,1000000.0,0.0,0.0
2008-04-28,1000000.0,1000000.0,0.0,0.0
2008-04-29,1000000.0,1000000.0,0.0,0.0
2008-04-30,1000000.0,1000000.0,0.0,0.0
2008-05-05,1000000.0,1000000.0,0.0,0.0
2008-05-06,1000000.0,1000000.0,0.0,0.0
2008-05-07,1000000.0,1000000.0,0.0,0.0
2008-05-08,1000000.0,1000000.0,0.0,0.0
2008-05-09,1000000.0,1000000.0,0.0,0.0
2008-05-12,1000000.0,1000000.0,0.0,0.0
2008-05-13,1000000.0,1000000.0,0.0,0.0
2008-05-14,1000000.0,1000000.0,0.0,0.0
2008-05-15,1000000.0,1000000.0,0.0,0.0
2008-05-16,1000000.0,1000000.0,0.0,0.0
2008-05-19,1000000.0,1000000.0,0.0,0.0
2008-05-20,1000000.0,1000000.0,0.0,0.0
2008-05-21,1000000.0,1000000.0,0.0,0.0
2008-05-22,1000000.0,1000000.0,0.0,0.0
2008-05-23,1000000.0,1000000.0,0.0,0.0
2008-05-26,1000000.0,1000000.0,0.0,0.0
2008-05-27,1000000.0,1000000.0,0.0,0.0
2008-05-28,1000000.0,1000000.0,0.0,0.0
2008-05-29,1000000.0,1000000.0,0.0,0.0
2008-05-30,1000000.0,1000000.0,0.0,0.0
2008-06-02,1000000.0,1000000.0,0.0,0.0
2008-06-03,1000000.0,1000000.0,0.0,0.0
2008-06-04,1000000.0,1000000.0,0.0,0.0
2008-06-05,1000000.0,1000000.0,0.0,0.0
2008-06-06,1000000.0,1000000.0,0.0,0.0
2008-06-10,1000000.0,1000000.0,0.0,0.0
2008-06-11,1000000.0,1000000.0,0.0,0.0
2008-06-12,1000000.0,1000000.0,0.0,0.0
2008-06-13,1000000.0,1000000.0,0.0,0.0
2008-06-16,1000000.0,1000000.0,0.0,0.0
2008-06-17,1000000.0,1000000.0,0.0,0.0
2008-06-18,1000000.0,1000000.0,0.0,0.0
2008-06-19,1000000.0,1000000.0,0.0,0.0
2008-06-20,1000000.0,1000000.0,0.0,0.0
2008-06-23,1000000.0,1000000.0,0.0,0.0
2008-06-24,1000000.0,1000000.0,0.0,0.0
2008-06-25,1000000.0,1000000.0,0.0,0.0
2008-06-26,1000000.0,1000000.0,0.0,0.0
2008-06-27,1000000.0,1000000.0,0.0,0.0
2008-06-30,1000000.0,1000000.0,0.0,0.0
2008-07-01,1000000.0,1000000.0,0.0,0.0
2008-07-02,1000000.0,1000000.0,0.0,0.0
2008-07-03,1000000.0,1000000.0,0.0,0.0
2008-07-04,1000000.0,1000000.0,0.0,0.0
2008-07-07,1000000.0,1000000.0,0.0,0.0
2008-07-08,1000000.0,1000000.0,0.0,0.0
2008-07-09,1000000.0,1000000.0,0.0,0.0
2008-07-10,1000000.0,1000000.0,0.0,0.0
2008-07-11,1000000.0,1000000.0,0.0,0.0
2008-07-14,1000000.0,1000000.0,0.0,0.0
2008-07-15,1000000.0,1000000.0,0.0,0.0
2008-07-16,1000000.0,1000000.0,0.0,0.0
2008-07-17,1000000.0,1000000.0,0.0,0.0
2008-07-18,1000000.0,1000000.0,0.0,0.0
2008-07-21,1000000.0,1000000.0,0.0,0.0
2008-07-22,1000000.0,1000000.0,0.0,0.0
2008-07-23,1000000.0,1000000.0,0.0,0.0
2008-07-24,1000000.0,1000000.0,0.0,0.0
2008-07-25,1000000.0,1000000.0,0.0,0.0
2008-07-28,1000000.0,1000000.0,0.0,0.0
2008-07-29,1000000.0,1000000.0,0.0,0.0
2008-07-30,1000000.0,1000000.0,0.0,0.0
2008-07-31,1000000.0,1000000.0,0.0,0.0
2008-08-01,1000000.0,1000000.0,0.0,0.0
2008-08-04,1000000.0,1000000.0,0.0,0.0
2008-08-05,1000000.0,1000000.0,0.0,0.0
2008-08-06,1000000.0,1000000.0,0.0,0.0
2008-08-07,1000000.0,1000000.0,0.0,0.0
2008-08-08,1000000.0,1000000.0,0.0,0.0
2008-08-11,1000000.0,1000000.0,0.0,0.0
2008-08-12,1000000.0,1000000.0,0.0,0.0
2008-08-13,1000000.0,1000000.0,0.0,0.0
2008-08-14,1000000.0,1000000.0,0.0,0.0
2008-08-15,1000000.0,1000000.0,0.0,0.0
2008-08-18,1000000.0,1000000.0,0.0,0.0
2008-08-19,1000000.0,1000000.0,0.0,0.0
2008-08-20,1000000.0,1000000.0,0.0,0.0
2008-08-21,1000000.0,1000000.0,0.0,0.0
2008-08-22,1000000.0,1000000.0,0.0,0.0
2008-08-25,1000000.0,1000000.0,0.0,0.0
2008-08-26,1000000.0,1000000.0,0.0,0.0
2008-08-27,1000000.0,1000000.0,0.0,0.0
2008-08-28,1000000.0,1000000.0,0.0,0.0
2008-08-29,1000000.0,1000000.0,0.0,0.0
2008-09-01,1000000.0,1000000.0,0.0,0.0
2008-09-02,1000000.0,1000000.0,0.0,0.0
2008-09-03,1000000.0,1000000.0,0.0,0.0
2008-09-04,1000000.0,1000000.0,0.0,0.0
2008-09-05,1000000.0,1000000.0,0.0,0.0
2008-09-08,1000000.0,1000000.0,0.0,0.0
2008-09-09,1000000.0,1000000.0,0.0,0.0
2008-09-10,1000000.0,1000000.0,0.0,0.0
2008-09-11,1000000.0,1000000.0,0.0,0.0
2008-09-12,1000000.0,1000000.0,0.0,0.0
2008-09-16,1000000.0,1000000.0,0.0,0.0
2008-09-17,1000000.0,1000000.0,0.0,0.0
2008-09-18,1000000.0,1000000.0,0.0,0.0
2008-09-19,1000000.0,1000000.0,0.0,0.0
2008-09-22,1000000.0,1000000.0,0.0,0.0
2008-09-23,1000000.0,1000000.0,0.0,0.0
2008-09-24,1000000.0,1000000.0,0.0,0.0
2008-09-25,1000000.0,1000000.0,0.0,0.0
2008-09-26,1000000.0,1000000.0,0.0,0.0
2008-10-06,1000000.0,1000000.0,0.0,0.0
2008-10-07,1000000.0,1000000.0,0.0,0.0
2008-10-08,1000000.0,1000000.0,0.0,0.0
2008-10-09,1000000.0,1000000.0,0.0,0.0
2008-10-10,1000000.0,1000000.0,0.0,0.0
2008-10-13,1000000.0,1000000.0,0.0,0.0
2008-10-14,1000000.0,1000000.0,0.0,0.0
2008-10-15,1000000.0,1000000.0,0.0,0.0
2008-10-16,1000000.0,1000000.0,0.0,0.0
2008-10-17,1000000.0,1000000.0,0.0,0.0
2008-10-20,1000000.0,1000000.0,0.0,0.0
2008-10-21,1000000.0,1000000.0,0.0,0.0
2008-10-22,1000000.0,1000000.0,0.0,0.0
2008-10-23,1000000.0,1000000.0,0.0,0.0
2008-10-24,1000000.0,1000000.0,0.0,0.0
2008-10-27,1000000.0,1000000.0,0.0,0.0
2008-10-28,1000000.0,1000000.0,0.0,0.0
2008-10-29,1000000.0,1000000.0,0.0,0.0
2008-10-30,1000000.0,1000000.0,0.0,0.0
2008-10-31,1000000.0,1000000.0,0.0,0.0
2008-11-03,1000000.0,1000000.0,0.0,0.0
2008-11-04,1000000.0,1000000.0,0.0,0.0
2008-11-05,1000000.0,1000000.0,0.0,0.0
2008-11-06,1000000.0,1000000.0,0.0,0.0
2008-11-07,1000000.0,1000000.0,0.0,0.0
2008-11-10,1000000.0,1000000.0,0.0,0.0
2008-11-11,1000000.0,1000000.0,0.0,0.0
2008-11-12,1000000.0,1000000.0,0.0,0.0
2008-11-13,1000000.0,1000000.0,0.0,0.0
2008-11-14,1000000.0,1000000.0,0.0,0.0
2008-11-17,1000000.0,1000000.0,0.0,0.0
2008-11-18,1000000.0,1000000.0,0.0,0.0
2008-11-19,1000000.0,1000000.0,0.0,0.0
2008-11-20,1000000.0,1000000.0,0.0,0.0
2008-11-21,1000000.0,1000000.0,0.0,0.0
2008-11-24,1000000.0,1000000.0,0.0,0.0
2008-11-25,1000000.0,1000000.0,0.0,0.0
2008-11-26,1000000.0,1000000.0,0.0,0.0
2008-11-27,1000000.0,1000000.0,0.0,0.0
2008-11-28,1000000.0,1000000.0,0.0,0.0
2008-12-01,1000000.0,1000000.0,0.0,0.0
2008-12-02,1000000.0,1000000.0,0.0,0.0
2008-12-03,1000000.0,1000000.0,0.0,0.0
2008-12-04,1000000.0,1000000.0,0.0,0.0
2008-12-05,1000000.0,1000000.0,0.0,0.0
2008-12-08,1000000.0,1000000.0,0.0,0.0
2008-12-09,1000000.0,1000000.0,0.0,0.0
2008-12-10,1000000.0,1000000.0,0.0,0.0
2008-12-11,1000000.0,1000000.0,0.0,0.0
2008-12-12,1000000.0,1000000.0,0.0,0.0
2008-12-15,1000000.0,1000000.0,0.0,0.0
2008-12-16,1000000.0,1000000.0,0.0,0.0
2008-12-17,1000000.0,1000000.0,0.0,0.0
2008-12-18,1000000.0,1000000.0,0.0,0.0
2008-12-19,1000000.0,1000000.0,0.0,0.0
2008-12-22,1000000.0,1000000.0,0.0,0.0
2008-12-23,1000000.0,1000000.0,0.0,0.0
2008-12-24,1000000.0,1000000.0,0.0,0.0
2008-12-25,1000000.0,1000000.0,0.0,0.0
2008-12-26,1000000.0,1000000.0,0.0,0.0
2008-12-29,1000000.0,1000000.0,0.0,0.0
2008-12-30,1000000.0,1000000.0,0.0,0.0
2008-12-31,1000000.0,1000000.0,0.0,0.0
2009-01-05,1000000.0,1000000.0,0.0,0.0
2009-01-06,1000000.0,1000000.0,0.0,0.0
2009-01-07,1000000.0,1000000.0,0.0,0.0
2009-01-08,1000000.0,1000000.0,0.0,0.0
2009-01-09,1000000.0,1000000.0,0.0,0.0
2009-01-12,1000000.0,1000000.0,0.0,0.0
2009-01-13,1000000.0,1000000.0,0.0,0.0
2009-01-14,1000000.0,1000000.0,0.0,0.0
2009-01-15,1000000.0,1000000.0,0.0,0.0
2009-01-16,1000000.0,1000000.0,0.0,0.0
2009-01-19,1000000.0,1000000.0,0.0,0.0
2009-01-20,1000000.0,1000000.0,0.0,0.0
2009-01-21,1000000.0,1000000.0,0.0,0.0
2009-01-22,1000000.0,1000000.0,0.0,0.0
2009-01-23,1000000.0,1000000.0,0.0,0.0
2009-02-02,1000000.0,1000000.0,0.0,0.0
2009-02-03,1000000.0,1000000.0,0.0,0.0
2009-02-04,1000000.0,1000000.0,0.0,0.0
2009-02-05,1000000.0,1000000.0,0.0,0.0
2009-02-06,1000000.0,1000000.0,0.0,0.0
2009-02-09,1000000.0,1000000.0,0.0,0.0
2009-02-10,1000000.0,1000000.0,0.0,0.0
2009-02-11,1000000.0,1000000.0,0.0,0.0
2009-02-12,1000000.0,1000000.0,0.0,0.0
2009-02-13,1000000.0,1000000.0,0.0,0.0
2009-02-16,1000000.0,1000000.0,0.0,0.0
2009-02-17,1000000.0,1000000.0,0.0,0.0
2009-02-18,1000000.0,1000000.0,0.0,0.0
2009-02-19,1000000.0,1000000.0,0.0,0.0
2009-02-20,1000000.0,1000000.0,0.0,0.0
2009-02-23,1000000.0,1000000.0,0.0,0.0
2009-02-24,1000000.0,1000000.0,0.0,0.0
2009-02-25,1000000.0,1000000.0,0.0,0.0
2009-02-26,1000000.0,1000000.0,0.0,0.0
2009-02-27,1000000.0,1000000.0,0.0,0.0
2009-03-02,1000000.0,1000000.0,0.0,0.0
2009-03-03,1000000.0,1000000.0,0.0,0.0
2009-03-04,1000000.0,1000000.0,0.0,0.0
2009-03-05,1000000.0,1000000.0,0.0,0.0
2009-03-06,1000000.0,1000000.0,0.0,0.0
2009-03-09,1000000.0,1000000.0,0.0,0.0
2009-03-10,1000000.0,1000000.0,0.0,0.0
2009-03-11,1000000.0,1000000.0,0.0,0.0
2009-03-12,1000000.0,1000000.0,0.0,0.0
2009-03-13,1000000.0,1000000.0,0.0,0.0
2009-03-16,1000000.0,1000000.0,0.0,0.0
2009-03-17,1000000.0,1000000.0,0.0,0.0
2009-03-18,1000000.0,1000000.0,0.0,0.0
2009-03-19,1000000.0,1000000.0,0.0,0.0
2009-03-20,1000000.0,1000000.0,0.0,0.0
2009-03-23,1000000.0,1000000.0,0.0,0.0
2009-03-24,1000000.0,1000000.0,0.0,0.0
2009-03-25,1000000.0,1000000.0,0.0,0.0
2009-03-26,1000000.0,1000000.0,0.0,0.0
2009-03-27,1000000.0,1000000.0,0.0,0.0
2009-03-30,1000000.0,1000000.0,0.0,0.0
2009-03-31,1000000.0,1000000.0,0.0,0.0
2009-04-01,1000000.0,1000000.0,0.0,0.0
2009-04-02,1000000.0,1000000.0,0.0,0.0
2009-04-03,1000000.0,1000000.0,0.0,0.0
2009-04-07,1000000.0,1000000.0,0.0,0.0
2009-04-08,1000000.0,1000000.0,0.0,0.0
2009-04-09,1000000.0,1000000.0,0.0,0.0
2009-04-10,1000000.0,1000000.0,0.0,0.0
2009-04-13,1000000.0,1000000.0,0.0,0.0
2009-04-14,1000000.0,1000000.0,0.0,0.0
2009-04-15,1000000.0,1000000.0,0.0,0.0
2009-04-16,1000000.0,1000000.0,0.0,0.0
2009-04-17,1000000.0,1000000.0,0.0,0.0
2009-04-20,1000000.0,1000000.0,0.0,0.0
2009-04-21,1000000.0,1000000.0,0.0,0.0
2009-04-22,1000000.0,1000000.0,0.0,0.0
2009-04-23,1000000.0,1000000.0,0.0,0.0
2009-04-24,1000000.0,1000000.0,0.0,0.0
2009-04-27,1000000.0,1000000.0,0.0,0.0
2009-04-28,1000000.0,1000000.0,0.0,0.0
2009-04-29,1000000.0,1000000.0,0.0,0.0
2009-04-30,1000000.0,1000000.0,0.0,0.0
2009-05-04,1000000.0,1000000.0,0.0,0.0
2009-05-05,1000000.0,1000000.0,0.0,0.0
2009-05-06,1000000.0,1000000.0,0.0,0.0
2009-05-07,1000000.0,1000000.0,0.0,0.0
2009-05-08,1000000.0,1000000.0,0.0,0.0
2009-05-11,1000000.0,1000000.0,0.0,0.0
2009-05-12,1000000.0,1000000.0,0.0,0.0
2009-05-13,1000000.0,1000000.0,0.0,0.0
2009-05-14,1000000.0,1000000.0,0.0,0.0
2009-05-15,1000000.0,1000000.0,0.0,0.0
2009-05-18,1000000.0,1000000.0,0.0,0.0
2009-05-19,1000000.0,1000000.0,0.0,0.0
2009-05-20,1000000.0,1000000.0,0.0,0.0
2009-05-21,1000000.0,1000000.0,0.0,0.0
2009-05-22,1000000.0,1000000.0,0.0,0.0
2009-05-25,1000000.0,1000000.0,0.0,0.0
2009-05-26,1000000.0,1000000.0,0.0,0.0
2009-05-27,1000000.0,1000000.0,0.0,0.0
2009-06-01,1000000.0,1000000.0,0.0,0.0
2009-06-02,1000000.0,1000000.0,0.0,0.0
2009-06-03,1000000.0,1000000.0,0.0,0.0
2009-06-04,1000000.0,1000000.0,0.0,0.0
2009-06-05,1000000.0,1000000.0,0.0,0.0
2009-06-08,1000000.0,1000000.0,0.0,0.0
2009-06-09,1000000.0,1000000.0,0.0,0.0
2009-06-10,1000000.0,1000000.0,0.0,0.0
2009-06-11,1000000.0,1000000.0,0.0,0.0
2009-06-12,1000000.0,1000000.0,0.0,0.0
2009-06-15,1000000.0,1000000.0,0.0,0.0
2009-06-16,1000000.0,1000000.0,0.0,0.0
2009-06-17,1000000.0,1000000.0,0.0,0.0
2009-06-18,1000000.0,1000000.0,0.0,0.0
2009-06-19,1000000.0,1000000.0,0.0,0.0
2009-06-22,1000000.0,1000000.0,0.0,0.0
2009-06-23,1000000.0,1000000.0,0.0,0.0
2009-06-24,1000000.0,1000000.0,0.0,0.0
2009-06-25,1000000.0,1000000.0,0.0,0.0
2009-06-26,1000000.0,1000000.0,0.0,0.0
2009-06-29,1000000.0,1000000.0,0.0,0.0
2009-06-30,1000000.0,1000000.0,0.0,0.0
2009-07-01,1000000.0,1000000.0,0.0,0.0
2009-07-02,1000000.0,1000000.0,0.0,0.0
2009-07-03,1000000.0,1000000.0,0.0,0.0
2009-07-06,1000000.0,1000000.0,0.0,0.0
2009-07-07,1000000.0,1000000.0,0.0,0.0
2009-07-08,1000000.0,1000000.0,0.0,0.0
2009-07-09,1000000.0,1000000.0,0.0,0.0
2009-07-10,1000000.0,1000000.0,0.0,0.0
2009-07-13,1000000.0,1000000.0,0.0,0.0
2009-07-14,1000000.0,1000000.0,0.0,0.0
2009-07-15,1000000.0,1000000.0,0.0,0.0
2009-07-16,1000000.0,1000000.0,0.0,0.0
2009-07-17,1000000.0,1000000.0,0.0,0.0
2009-07-20,1000000.0,1000000.0,0.0,0.0
2009-07-21,1000000.0,1000000.0,0.0,0.0
2009-07-22,1000000.0,1000000.0,0.0,0.0
2009-07-23,1000000.0,1000000.0,0.0,0.0
2009-07-24,1000000.0,1000000.0,0.0,0.0
2009-07-27,1000000.0,1000000.0,0.0,0.0
2009-07-28,1000000.0,1000000.0,0.0,0.0
2009-07-29,1000000.0,1000000.0,0.0,0.0
2009-07-30,1000000.0,1000000.0,0.0,0.0
2009-07-31,1000000.0,1000000.0,0.0,0.0
2009-08-03,1000000.0,1000000.0,0.0,0.0
2009-08-04,1000000.0,1000000.0,0.0,0.0
2009-08-05,1000000.0,1000000.0,0.0,0.0
2009-08-06,1000000.0,1000000.0,0.0,0.0
2009-08-07,1000000.0,1000000.0,0.0,0.0
2009-08-10,1000000.0,1000000.0,0.0,0.0
2009-08-11,1000000.0,1000000.0,0.0,0.0
2009-08-12,1000000.0,1000000.0,0.0,0.0
2009-08-13,1000000.0,1000000.0,0.0,0.0
2009-08-14,1000000.0,1000000.0,0.0,0.0
2009-08-17,1000000.0,1000000.0,0.0,0.0
2009-08-18,1000000.0,1000000.0,0.0,0.0
2009-08-19,1000000.0,1000000.0,0.0,0.0
2009-08-20,1000000.0,1000000.0,0.0,0.0
2009-08-21,1000000.0,1000000.0,0.0,0.0
2009-08-24,1000000.0,1000000.0,0.0,0.0
2009-08-25,1000000.0,1000000.0,0.0,0.0
2009-08-26,1000000.0,1000000.0,0.0,0.0
2009-08-27,1000000.0,1000000.0,0.0,0.0
2009-08-28,1000000.0,1000000.0,0.0,0.0
2009-08-31,1000000.0,1000000.0,0.0,0.0
2009-09-01,1000000.0,1000000.0,0.0,0.0
2009-09-02,1000000.0,1000000.0,0.0,0.0
2009-09-03,1000000.0,1000000.0,0.0,0.0
2009-09-04,1000000.0,1000000.0,0.0,0.0
2009-09-07,1000000.0,1000000.0,0.0,0.0
2009-09-08,1000000.0,1000000.0,0.0,0.0
2009-09-09,1000000.0,1000000.0,0.0,0.0
2009-09-10,1000000.0,1000000.0,0.0,0.0
2009-09-11,1000000.0,1000000.0,0.0,0.0
2009-09-14,1000000.0,1000000.0,0.0,0.0
2009-09-15,1000000.0,1000000.0,0.0,0.0
2009-09-16,1000000.0,1000000.0,0.0,0.0
2009-09-17,1000000.0,1000000.0,0.0,0.0
2009-09-18,1000000.0,1000000.0,0.0,0.0
2009-09-21,1000000.0,1000000.0,0.0,0.0
2009-09-22,1000000.0,1000000.0,0.0,0.0
2009-09-23,1000000.0,1000000.0,0.0,0.0
2009-09-24,1000000.0,1000000.0,0.0,0.0
2009-09-25,1000000.0,1000000.0,0.0,0.0
2009-09-28,1000000.0,1000000.0,0.0,0.0
2009-09-29,1000000.0,1000000.0,0.0,0.0
2009-09-30,1000000.0,1000000.0,0.0,0.0
2009-10-09,1000000.0,1000000.0,0.0,0.0
2009-10-12,1000000.0,1000000.0,0.0,0.0
2009-10-13,1000000.0,1000000.0,0.0,0.0
2009-10-14,1000000.0,1000000.0,0.0,0.0
2009-10-15,1000000.0,1000000.0,0.0,0.0
2009-10-16,1000000.0,1000000.0,0.0,0.0
2009-10-19,1000000.0,1000000.0,0.0,0.0
2009-10-20,1000000.0,1000000.0,0.0,0.0
2009-10-21,1000000.0,1000000.0,0.0,0.0
2009-10-22,1000000.0,1000000.0,0.0,0.0
2009-10-23,1000000.0,1000000.0,0.0,0.0
2009-10-26,1000000.0,1000000.0,0.0,0.0
2009-10-27,1000000.0,1000000.0,0.0,0.0
2009-10-28,1000000.0,1000000.0,0.0,0.0
2009-10-29,1000000.0,1000000.0,0.0,0.0
2009-10-30,1000000.0,1000000.0,0.0,0.0
2009-11-02,1000000.0,1000000.0,0.0,0.0
2009-11-03,1000000.0,1000000.0,0.0,0.0
2009-11-04,1000000.0,1000000.0,0.0,0.0
2009-11-05,1000000.0,1000000.0,0.0,0.0
2009-11-06,1000000.0,1000000.0,0.0,0.0
2009-11-09,1000000.0,1000000.0,0.0,0.0
2009-11-10,1000000.0,1000000.0,0.0,0.0
2009-11-11,1000000.0,1000000.0,0.0,0.0
2009-11-12,1000000.0,1000000.0,0.0,0.0
2009-11-13,1000000.0,1000000.0,0.0,0.0
2009-11-16,1000000.0,1000000.0,0.0,0.0
2009-11-17,1000000.0,1000000.0,0.0,0.0
2009-11-18,1000000.0,1000000.0,0.0,0.0
2009-11-19,1000000.0,1000000.0,0.0,0.0
2009-11-20,1000000.0,1000000.0,0.0,0.0
2009-11-23,1000000.0,1000000.0,0.0,0.0
2009-11-24,1000000.0,1000000.0,0.0,0.0
2009-11-25,1000000.0,1000000.0,0.0,0.0
2009-11-26,1000000.0,1000000.0,0.0,0.0
2009-11-27,1000000.0,1000000.0,0.0,0.0
2009-11-30,1000000.0,1000000.0,0.0,0.0
2009-12-01,1000000.0,1000000.0,0.0,0.0
2009-12-02,1000000.0,1000000.0,0.0,0.0
2009-12-03,1000000.0,1000000.0,0.0,0.0
2009-12-04,1000000.0,1000000.0,0.0,0.0
2009-12-07,1000000.0,1000000.0,0.0,0.0
2009-12-08,1000000.0,1000000.0,0.0,0.0
2009-12-09,1000000.0,1000000.0,0.0,0.0
2009-12-10,1000000.0,1000000.0,0.0,0.0
2009-12-11,1000000.0,1000000.0,0.0,0.0
2009-12-14,1000000.0,1000000.0,0.0,0.0
2009-12-15,1000000.0,1000000.0,0.0,0.0
2009-12-16,1000000.0,1000000.0,0.0,0.0
2009-12-17,1000000.0,1000000.0,0.0,0.0
2009-12-18,1000000.0,1000000.0,0.0,0.0
2009-12-21,1000000.0,1000000.0,0.0,0.0
2009-12-22,1000000.0,1000000.0,0.0,0.0
2009-12-23,1000000.0,1000000.0,0.0,0.0
2009-12-24,1000000.0,1000000.0,0.0,0.0
2009-12-25,1000000.0,1000000.0,0.0,0.0
2009-12-28,1000000.0,1000000.0,0.0,0.0
2009-12-29,1000000.0,1000000.0,0.0,0.0
2009-12-30,1000000.0,1000000.0,0.0,0.0
2009-12-31,1000000.0,1000000.0,0.0,0.0
2010-01-04,1000000.0,1000000.0,0.0,0.0
2010-01-05,1000000.0,1000000.0,0.0,0.0
2010-01-06,1000000.0,1000000.0,0.0,0.0
2010-01-07,1000000.0,1000000.0,0.0,0.0
2010-01-08,1000000.0,1000000.0,0.0,0.0
2010-01-11,1000000.0,1000000.0,0.0,0.0
2010-01-12,1000000.0,1000000.0,0.0,0.0
2010-01-13,1000000.0,1000000.0,0.0,0.0
2010-01-14,1000000.0,1000000.0,0.0,0.0
2010-01-15,1000000.0,1000000.0,0.0,0.0
2010-01-18,1000000.0,1000000.0,0.0,0.0
2010-01-19,1000000.0,1000000.0,0.0,0.0
2010-01-20,1000000.0,1000000.0,0.0,0.0
2010-01-21,1000000.0,1000000.0,0.0,0.0
2010-01-22,1000000.0,1000000.0,0.0,0.0
2010-01-25,1000000.0,1000000.0,0.0,0.0
2010-01-26,1000000.0,1000000.0,0.0,0.0
2010-01-27,1000000.0,1000000.0,0.0,0.0
2010-01-28,1000000.0,1000000.0,0.0,0.0
2010-01-29,1000000.0,1000000.0,0.0,0.0
2010-02-01,1000000.0,1000000.0,0.0,0.0
2010-02-02,1000000.0,1000000.0,0.0,0.0
2010-02-03,1000000.0,1000000.0,0.0,0.0
2010-02-04,1000000.0,1000000.0,0.0,0.0
2010-02-05,1000000.0,1000000.0,0.0,0.0
2010-02-08,1000000.0,1000000.0,0.0,0.0
2010-02-09,1000000.0,1000000.0,0.0,0.0
2010-02-10,1000000.0,1000000.0,0.0,0.0
2010-02-11,1000000.0,1000000.0,0.0,0.0
2010-02-12,1000000.0,1000000.0,0.0,0.0
2010-02-22,1000000.0,1000000.0,0.0,0.0
2010-02-23,1000000.0,1000000.0,0.0,0.0
2010-02-24,1000000.0,1000000.0,0.0,0.0
2010-02-25,1000000.0,1000000.0,0.0,0.0
2010-02-26,1000000.0,1000000.0,0.0,0.0
2010-03-01,1000000.0,1000000.0,0.0,0.0
2010-03-02,1000000.0,1000000.0,0.0,0.0
2010-03-03,1000000.0,1000000.0,0.0,0.0
2010-03-04,1000000.0,1000000.0,0.0,0.0
2010-03-05,1000000.0,1000000.0,0.0,0.0
2010-03-08,1000000.0,1000000.0,0.0,0.0
2010-03-09,1000000.0,1000000.0,0.0,0.0
2010-03-10,1000000.0,1000000.0,0.0,0.0
2010-03-11,1000000.0,1000000.0,0.0,0.0
2010-03-12,1000000.0,1000000.0,0.0,0.0
2010-03-15,1000000.0,1000000.0,0.0,0.0
2010-03-16,1000000.0,1000000.0,0.0,0.0
2010-03-17,1000000.0,1000000.0,0.0,0.0
2010-03-18,1000000.0,1000000.0,0.0,0.0
2010-03-19,1000000.0,1000000.0,0.0,0.0
2010-03-22,1000000.0,1000000.0,0.0,0.0
2010-03-23,1000000.0,1000000.0,0.0,0.0
2010-03-24,1000000.0,1000000.0,0.0,0.0
2010-03-25,1000000.0,1000000.0,0.0,0.0
2010-03-26,1000000.0,1000000.0,0.0,0.0
2010-03-29,1000000.0,1000000.0,0.0,0.0
2010-03-30,1000000.0,1000000.0,0.0,0.0
2010-03-31,1000000.0,1000000.0,0.0,0.0
2010-04-01,1000000.0,1000000.0,0.0,0.0
2010-04-02,1000000.0,1000000.0,0.0,0.0
2010-04-06,1000000.0,1000000.0,0.0,0.0
2010-04-07,1000000.0,1000000.0,0.0,0.0
2010-04-08,1000000.0,1000000.0,0.0,0.0
2010-04-09,1000000.0,1000000.0,0.0,0.0
2010-04-12,1000000.0,1000000.0,0.0,0.0
2010-04-13,1000000.0,1000000.0,0.0,0.0
2010-04-14,1000000.0,1000000.0,0.0,0.0
2010-04-15,1000000.0,1000000.0,0.0,0.0
2010-04-16,1000000.0,1000000.0,0.0,0.0
2010-04-19,1000000.0,1000000.0,0.0,0.0
2010-04-20,1000000.0,1000000.0,0.0,0.0
2010-04-21,1000000.0,1000000.0,0.0,0.0
2010-04-22,1000000.0,1000000.0,0.0,0.0
2010-04-23,1000000.0,1000000.0,0.0,0.0
2010-04-26,1000000.0,1000000.0,0.0,0.0
2010-04-27,1000000.0,1000000.0,0.0,0.0
2010-04-28,1000000.0,1000000.0,0.0,0.0
2010-04-29,1000000.0,1000000.0,0.0,0.0
2010-04-30,1000000.0,1000000.0,0.0,0.0
2010-05-04,1000000.0,1000000.0,0.0,0.0
2010-05-05,1000000.0,1000000.0,0.0,0.0
2010-05-06,1000000.0,1000000.0,0.0,0.0
2010-05-07,1000000.0,1000000.0,0.0,0.0
2010-05-10,1000000.0,1000000.0,0.0,0.0
2010-05-11,1000000.0,1000000.0,0.0,0.0
2010-05-12,1000000.0,1000000.0,0.0,0.0
2010-05-13,1000000.0,1000000.0,0.0,0.0
2010-05-14,1000000.0,1000000.0,0.0,0.0
2010-05-17,1000000.0,1000000.0,0.0,0.0
2010-05-18,1000000.0,1000000.0,0.0,0.0
2010-05-19,1000000.0,1000000.0,0.0,0.0
2010-05-20,1000000.0,1000000.0,0.0,0.0
2010-05-21,1000000.0,1000000.0,0.0,0.0
2010-05-24,1000000.0,1000000.0,0.0,0.0
2010-05-25,1000000.0,1000000.0,0.0,0.0
2010-05-26,1000000.0,1000000.0,0.0,0.0
2010-05-27,1000000.0,1000000.0,0.0,0.0
2010-05-28,1000000.0,1000000.0,0.0,0.0
2010-05-31,1000000.0,1000000.0,0.0,0.0
2010-06-01,1000000.0,1000000.0,0.0,0.0
2010-06-02,1000000.0,1000000.0,0.0,0.0
2010-06-03,1000000.0,1000000.0,0.0,0.0
2010-06-04,1000000.0,1000000.0,0.0,0.0
2010-06-07,1000000.0,1000000.0,0.0,0.0
2010-06-08,1000000.0,1000000.0,0.0,0.0
2010-06-09,1000000.0,1000000.0,0.0,0.0
2010-06-10,1000000.0,1000000.0,0.0,0.0
2010-06-11,1000000.0,1000000.0,0.0,0.0
2010-06-17,1000000.0,1000000.0,0.0,0.0
2010-06-18,1000000.0,1000000.0,0.0,0.0
2010-06-21,1000000.0,1000000.0,0.0,0.0
2010-06-22,1000000.0,1000000.0,0.0,0.0
2010-06-23,1000000.0,1000000.0,0.0,0.0
2010-06-24,1000000.0,1000000.0,0.0,0.0
2010-06-25,1000000.0,1000000.0,0.0,0.0
2010-06-28,1000000.0,1000000.0,0.0,0.0
2010-06-29,1000000.0,1000000.0,0.0,0.0
2010-06-30,1000000.0,1000000.0,0.0,0.0
2010-07-01,1000000.0,1000000.0,0.0,0.0
2010-07-02,1000000.0,1000000.0,0.0,0.0
2010-07-05,1000000.0,1000000.0,0.0,0.0
2010-07-06,1000000.0,1000000.0,0.0,0.0
2010-07-07,1000000.0,1000000.0,0.0,0.0
2010-07-08,1000000.0,1000000.0,0.0,0.0
2010-07-09,1000000.0,1000000.0,0.0,0.0
2010-07-12,1000000.0,1000000.0,0.0,0.0
2010-07-13,1000000.0,1000000.0,0.0,0.0
2010-07-14,1000000.0,1000000.0,0.0,0.0
2010-07-15,1000000.0,1000000.0,0.0,0.0
2010-07-16,1000000.0,1000000.0,0.0,0.0
2010-07-19,1000000.0,1000000.0,0.0,0.0
2010-07-20,1000000.0,1000000.0,0.0,0.0
2010-07-21,1000000.0,1000000.0,0.0,0.0
2010-07-22,1000000.0,1000000.0,0.0,0.0
2010-07-23,1000000.0,1000000.0,0.0,0.0
2010-07-26,1000000.0,1000000.0,0.0,0.0
2010-07-27,1000000.0,1000000.0,0.0,0.0
2010-07-28,1000000.0,1000000.0,0.0,0.0
2010-07-29,1000000.0,1000000.0,0.0,0.0
2010-07-30,1000000.0,1000000.0,0.0,0.0
2010-08-02,1000000.0,1000000.0,0.0,0.0
2010-08-03,1000000.0,1000000.0,0.0,0.0
2010-08-04,1000000.0,1000000.0,0.0,0.0
2010-08-05,1000000.0,1000000.0,0.0,0.0
2010-08-06,1000000.0,1000000.0,0.0,0.0
2010-08-09,1000000.0,1000000.0,0.0,0.0
2010-08-10,1000000.0,1000000.0,0.0,0.0
2010-08-11,1000000.0,1000000.0,0.0,0.0
2010-08-12,1000000.0,1000000.0,0.0,0.0
2010-08-13,1000000.0,1000000.0,0.0,0.0
2010-08-16,1000000.0,1000000.0,0.0,0.0
2010-08-17,1000000.0,1000000.0,0.0,0.0
2010-08-18,1000000.0,1000000.0,0.0,0.0
2010-08-19,1000000.0,1000000.0,0.0,0.0
2010-08-20,1000000.0,1000000.0,0.0,0.0
2010-08-23,1000000.0,1000000.0,0.0,0.0
2010-08-24,1000000.0,1000000.0,0.0,0.0
2010-08-25,1000000.0,1000000.0,0.0,0.0
2010-08-26,1000000.0,1000000.0,0.0,0.0
2010-08-27,1000000.0,1000000.0,0.0,0.0
2010-08-30,1000000.0,1000000.0,0.0,0.0
2010-08-31,1000000.0,1000000.0,0.0,0.0
2010-09-01,1000000.0,1000000.0,0.0,0.0
2010-09-02,1000000.0,1000000.0,0.0,0.0
2010-09-03,1000000.0,1000000.0,0.0,0.0
2010-09-06,1000000.0,1000000.0,0.0,0.0
2010-09-07,1000000.0,1000000.0,0.0,0.0
2010-09-08,1000000.0,1000000.0,0.0,0.0
2010-09-09,1000000.0,1000000.0,0.0,0.0
2010-09-10,1000000.0,1000000.0,0.0,0.0
2010-09-13,1000000.0,1000000.0,0.0,0.0
2010-09-14,1000000.0,1000000.0,0.0,0.0
2010-09-15,1000000.0,1000000.0,0.0,0.0
2010-09-16,1000000.0,1000000.0,0.0,0.0
2010-09-17,1000000.0,1000000.0,0.0,0.0
2010-09-20,1000000.0,1000000.0,0.0,0.0
2010-09-21,1000000.0,1000000.0,0.0,0.0
2010-09-27,1000000.0,1000000.0,0.0,0.0
2010-09-28,1000000.0,1000000.0,0.0,0.0
2010-09-29,1000000.0,1000000.0,0.0,0.0
2010-09-30,1000000.0,1000000.0,0.0,0.0
2010-10-08,1000000.0,1000000.0,0.0,0.0
2010-10-11,1000000.0,1000000.0,0.0,0.0
2010-10-12,1000000.0,1000000.0,0.0,0.0
2010-10-13,1000000.0,1000000.0,0.0,0.0
2010-10-14,1000000.0,1000000.0,0.0,0.0
2010-10-15,1000000.0,1000000.0,0.0,0.0
2010-10-18,1000000.0,1000000.0,0.0,0.0
2010-10-19,1000000.0,1000000.0,0.0,0.0
2010-10-20,1000000.0,1000000.0,0.0,0.0
2010-10-21,1000000.0,1000000.0,0.0,0.0
2010-10-22,1000000.0,1000000.0,0.0,0.0
2010-10-25,1000000.0,1000000.0,0.0,0.0
2010-10-26,1000000.0,1000000.0,0.0,0.0
2010-10-27,1000000.0,1000000.0,0.0,0.0
2010-10-28,1000000.0,1000000.0,0.0,0.0
2010-10-29,1000000.0,1000000.0,0.0,0.0
2010-11-01,1000000.0,1000000.0,0.0,0.0
2010-11-02,1000000.0,1000000.0,0.0,0.0
2010-11-03,1000000.0,1000000.0,0.0,0.0
2010-11-04,1000000.0,1000000.0,0.0,0.0
2010-11-05,1000000.0,1000000.0,0.0,0.0
2010-11-08,1000000.0,1000000.0,0.0,0.0
2010-11-09,1000000.0,1000000.0,0.0,0.0
2010-11-10,1000000.0,1000000.0,0.0,0.0
2010-11-11,1000000.0,1000000.0,0.0,0.0
2010-11-12,1000000.0,1000000.0,0.0,0.0
2010-11-15,1000000.0,1000000.0,0.0,0.0
2010-11-16,1000000.0,1000000.0,0.0,0.0
2010-11-17,1000000.0,1000000.0,0.0,0.0
2010-11-18,1000000.0,1000000.0,0.0,0.0
2010-11-19,1000000.0,1000000.0,0.0,0.0
2010-11-22,1000000.0,1000000.0,0.0,0.0
2010-11-23,1000000.0,1000000.0,0.0,0.0
2010-11-24,1000000.0,1000000.0,0.0,0.0
2010-11-25,1000000.0,1000000.0,0.0,0.0
2010-11-26,1000000.0,1000000.0,0.0,0.0
2010-11-29,1000000.0,1000000.0,0.0,0.0
2010-11-30,1000000.0,1000000.0,0.0,0.0
2010-12-01,1000000.0,1000000.0,0.0,0.0
2010-12-02,1000000.0,1000000.0,0.0,0.0
2010-12-03,1000000.0,1000000.0,0.0,0.0
2010-12-06,1000000.0,1000000.0,0.0,0.0
2010-12-07,1000000.0,1000000.0,0.0,0.0
2010-12-08,1000000.0,1000000.0,0.0,0.0
2010-12-09,1000000.0,1000000.0,0.0,0.0
2010-12-10,1000000.0,1000000.0,0.0,0.0
2010-12-13,1000000.0,1000000.0,0.0,0.0
2010-12-14,1000000.0,1000000.0,0.0,0.0
2010-12-15,1000000.0,1000000.0,0.0,0.0
2010-12-16,1000000.0,1000000.0,0.0,0.0
2010-12-17,1000000.0,1000000.0,0.0,0.0
2010-12-20,1000000.0,1000000.0,0.0,0.0
2010-12-21,1000000.0,1000000.0,0.0,0.0
2010-12-22,1000000.0,1000000.0,0.0,0.0
2010-12-23,1000000.0,1000000.0,0.0,0.0
2010-12-24,1000000.0,1000000.0,0.0,0.0
2010-12-27,1000000.0,1000000.0,0.0,0.0
2010-12-28,1000000.0,1000000.0,0.0,0.0
2010-12-29,1000000.0,1000000.0,0.0,0.0
2010-12-30,1000000.0,1000000.0,0.0,0.0
2010-12-31,1000000.0,1000000.0,0.0,0.0
2011-01-04,1000000.0,1000000.0,0.0,0.0
2011-01-05,1000000.0,1000000.0,0.0,0.0
2011-01-06,1000000.0,1000000.0,0.0,0.0
2011-01-07,1000000.0,1000000.0,0.0,0.0
2011-01-10,1000000.0,1000000.0,0.0,0.0
2011-01-11,1000000.0,1000000.0,0.0,0.0
2011-01-12,1000000.0,1000000.0,0.0,0.0
2011-01-13,1000000.0,1000000.0,0.0,0.0
2011-01-14,1000000.0,1000000.0,0.0,0.0
2011-01-17,1000000.0,1000000.0,0.0,0.0
2011-01-18,1000000.0,1000000.0,0.0,0.0
2011-01-19,1000000.0,1000000.0,0.0,0.0
2011-01-20,1000000.0,1000000.0,0.0,0.0
2011-01-21,1000000.0,1000000.0,0.0,0.0
2011-01-24,1000000.0,1000000.0,0.0,0.0
2011-01-25,1000000.0,1000000.0,0.0,0.0
2011-01-26,1000000.0,1000000.0,0.0,0.0
2011-01-27,1000000.0,1000000.0,0.0,0.0
2011-01-28,1000000.0,1000000.0,0.0,0.0
2011-01-31,1000000.0,1000000.0,0.0,0.0
2011-02-01,1000000.0,1000000.0,0.0,0.0
2011-02-09,1000000.0,1000000.0,0.0,0.0
2011-02-10,1000000.0,1000000.0,0.0,0.0
2011-02-11,1000000.0,1000000.0,0.0,0.0
2011-02-14,1000000.0,1000000.0,0.0,0.0
2011-02-15,1000000.0,1000000.0,0.0,0.0
2011-02-16,1000000.0,1000000.0,0.0,0.0
2011-02-17,1000000.0,1000000.0,0.0,0.0
2011-02-18,1000000.0,1000000.0,0.0,0.0
2011-02-21,1000000.0,1000000.0,0.0,0.0
2011-02-22,1000000.0,1000000.0,0.0,0.0
2011-02-23,1000000.0,1000000.0,0.0,0.0
2011-02-24,1000000.0,1000000.0,0.0,0.0
2011-02-25,1000000.0,1000000.0,0.0,0.0
2011-02-28,1000000.0,1000000.0,0.0,0.0
2011-03-01,1000000.0,1000000.0,0.0,0.0
2011-03-02,1000000.0,1000000.0,0.0,0.0
2011-03-03,1000000.0,1000000.0,0.0,0.0
2011-03-04,1000000.0,1000000.0,0.0,0.0
2011-03-07,1000000.0,1000000.0,0.0,0.0
2011-03-08,1000000.0,1000000.0,0.0,0.0
2011-03-09,1000000.0,1000000.0,0.0,0.0
2011-03-10,1000000.0,1000000.0,0.0,0.0
2011-03-11,1000000.0,1000000.0,0.0,0.0
2011-03-14,1000000.0,1000000.0,0.0,0.0
2011-03-15,1000000.0,1000000.0,0.0,0.0
2011-03-16,1000000.0,1000000.0,0.0,0.0
2011-03-17,1000000.0,1000000.0,0.0,0.0
2011-03-18,1000000.0,1000000.0,0.0,0.0
2011-03-21,1000000.0,1000000.0,0.0,0.0
2011-03-22,1000000.0,1000000.0,0.0,0.0
2011-03-23,1000000.0,1000000.0,0.0,0.0
2011-03-24,1000000.0,1000000.0,0.0,0.0
2011-03-25,1000000.0,1000000.0,0.0,0.0
2011-03-28,1000000.0,1000000.0,0.0,0.0
2011-03-29,1000000.0,1000000.0,0.0,0.0
2011-03-30,1000000.0,1000000.0,0.0,0.0
2011-03-31,1000000.0,1000000.0,0.0,0.0
2011-04-01,1000000.0,1000000.0,0.0,0.0
2011-04-06,1000000.0,1000000.0,0.0,0.0
2011-04-07,1000000.0,1000000.0,0.0,0.0
2011-04-08,1000000.0,1000000.0,0.0,0.0
2011-04-11,1000000.0,1000000.0,0.0,0.0
2011-04-12,1000000.0,1000000.0,0.0,0.0
2011-04-13,1000000.0,1000000.0,0.0,0.0
2011-04-14,1000000.0,1000000.0,0.0,0.0
2011-04-15,1000000.0,1000000.0,0.0,0.0
2011-04-18,1000000.0,1000000.0,0.0,0.0
2011-04-19,1000000.0,1000000.0,0.0,0.0
2011-04-20,1000000.0,1000000.0,0.0,0.0
2011-04-21,1000000.0,1000000.0,0.0,0.0
2011-04-22,1000000.0,1000000.0,0.0,0.0
2011-04-25,1000000.0,1000000.0,0.0,0.0
2011-04-26,1000000.0,1000000.0,0.0,0.0
2011-04-27,1000000.0,1000000.0,0.0,0.0
2011-04-28,1000000.0,1000000.0,0.0,0.0
2011-04-29,1000000.0,1000000.0,0.0,0.0
2011-05-03,1000000.0,1000000.0,0.0,0.0
2011-05-04,1000000.0,1000000.0,0.0,0.0
2011-05-05,1000000.0,1000000.0,0.0,0.0
2011-05-06,1000000.0,1000000.0,0.0,0.0
2011-05-09,1000000.0,1000000.0,0.0,0.0
2011-05-10,1000000.0,1000000.0,0.0,0.0
2011-05-11,1000000.0,1000000.0,0.0,0.0
2011-05-12,1000000.0,1000000.0,0.0,0.0
2011-05-13,1000000.0,1000000.0,0.0,0.0
2011-05-16,1000000.0,1000000.0,0.0,0.0
2011-05-17,1000000.0,1000000.0,0.0,0.0
2011-05-18,1000000.0,1000000.0,0.0,0.0
2011-05-19,1000000.0,1000000.0,0.0,0.0
2011-05-20,1000000.0,1000000.0,0.0,0.0
2011-05-23,1000000.0,1000000.0,0.0,0.0
2011-05-24,1000000.0,1000000.0,0.0,0.0
2011-05-25,1000000.0,1000000.0,0.0,0.0
2011-05-26,1000000.0,1000000.0,0.0,0.0
2011-05-27,1000000.0,1000000.0,0.0,0.0
2011-05-30,1000000.0,1000000.0,0.0,0.0
2011-05-31,1000000.0,1000000.0,0.0,0.0
2011-06-01,1000000.0,1000000.0,0.0,0.0
2011-06-02,1000000.0,1000000.0,0.0,0.0
2011-06-03,1000000.0,1000000.0,0.0,0.0
2011-06-07,1000000.0,1000000.0,0.0,0.0
2011-06-08,1000000.0,1000000.0,0.0,0.0
2011-06-09,1000000.0,1000000.0,0.0,0.0
2011-06-10,1000000.0,1000000.0,0.0,0.0
2011-06-13,1000000.0,1000000.0,0.0,0.0
2011-06-14,1000000.0,1000000.0,0.0,0.0
2011-06-15,1000000.0,1000000.0,0.0,0.0
2011-06-16,1000000.0,1000000.0,0.0,0.0
2011-06-17,1000000.0,1000000.0,0.0,0.0
2011-06-20,1000000.0,1000000.0,0.0,0.0
2011-06-21,1000000.0,1000000.0,0.0,0.0
2011-06-22,1000000.0,1000000.0,0.0,0.0
2011-06-23,1000000.0,1000000.0,0.0,0.0
2011-06-24,1000000.0,1000000.0,0.0,0.0
2011-06-27,1000000.0,1000000.0,0.0,0.0
2011-06-28,1000000.0,1000000.0,0.0,0.0
2011-06-29,1000000.0,1000000.0,0.0,0.0
2011-06-30,1000000.0,1000000.0,0.0,0.0
2011-07-01,1000000.0,1000000.0,0.0,0.0
2011-07-04,1000000.0,1000000.0,0.0,0.0
2011-07-05,1000000.0,1000000.0,0.0,0.0
2011-07-06,1000000.0,1000000.0,0.0,0.0
2011-07-07,1000000.0,1000000.0,0.0,0.0
2011-07-08,1000000.0,1000000.0,0.0,0.0
2011-07-11,1000000.0,1000000.0,0.0,0.0
2011-07-12,1000000.0,1000000.0,0.0,0.0
2011-07-13,1000000.0,1000000.0,0.0,0.0
2011-07-14,1000000.0,1000000.0,0.0,0.0
2011-07-15,1000000.0,1000000.0,0.0,0.0
2011-07-18,1000000.0,1000000.0,0.0,0.0
2011-07-19,1000000.0,1000000.0,0.0,0.0
2011-07-20,1000000.0,1000000.0,0.0,0.0
2011-07-21,1000000.0,1000000.0,0.0,0.0
2011-07-22,1000000.0,1000000.0,0.0,0.0
2011-07-25,1000000.0,1000000.0,0.0,0.0
2011-07-26,1000000.0,1000000.0,0.0,0.0
2011-07-27,1000000.0,1000000.0,0.0,0.0
2011-07-28,1000000.0,1000000.0,0.0,0.0
2011-07-29,1000000.0,1000000.0,0.0,0.0
2011-08-01,1000000.0,1000000.0,0.0,0.0
2011-08-02,1000000.0,1000000.0,0.0,0.0
2011-08-03,1000000.0,1000000.0,0.0,0.0
2011-08-04,1000000.0,1000000.0,0.0,0.0
2011-08-05,1000000.0,1000000.0,0.0,0.0
2011-08-08,1000000.0,1000000.0,0.0,0.0
2011-08-09,1000000.0,1000000.0,0.0,0.0
2011-08-10,1000000.0,1000000.0,0.0,0.0
2011-08-11,1000000.0,1000000.0,0.0,0.0
2011-08-12,1000000.0,1000000.0,0.0,0.0
2011-08-15,1000000.0,1000000.0,0.0,0.0
2011-08-16,1000000.0,1000000.0,0.0,0.0
2011-08-17,1000000.0,1000000.0,0.0,0.0
2011-08-18,1000000.0,1000000.0,0.0,0.0
2011-08-19,1000000.0,1000000.0,0.0,0.0
2011-08-22,1000000.0,1000000.0,0.0,0.0
2011-08-23,1000000.0,1000000.0,0.0,0.0
2011-08-24,1000000.0,1000000.0,0.0,0.0
2011-08-25,1000000.0,1000000.0,0.0,0.0
2011-08-26,1000000.0,1000000.0,0.0,0.0
2011-08-29,1000000.0,1000000.0,0.0,0.0
2011-08-30,1000000.0,1000000.0,0.0,0.0
2011-08-31,1000000.0,1000000.0,0.0,0.0
2011-09-01,1000000.0,1000000.0,0.0,0.0
2011-09-02,1000000.0,1000000.0,0.0,0.0
2011-09-05,1000000.0,1000000.0,0.0,0.0
2011-09-06,1000000.0,1000000.0,0.0,0.0
2011-09-07,1000000.0,1000000.0,0.0,0.0
2011-09-08,1000000.0,1000000.0,0.0,0.0
2011-09-09,1000000.0,1000000.0,0.0,0.0
2011-09-13,1000000.0,1000000.0,0.0,0.0
2011-09-14,1000000.0,1000000.0,0.0,0.0
2011-09-15,1000000.0,1000000.0,0.0,0.0
2011-09-16,1000000.0,1000000.0,0.0,0.0
2011-09-19,1000000.0,1000000.0,0.0,0.0
2011-09-20,1000000.0,1000000.0,0.0,0.0
2011-09-21,1000000.0,1000000.0,0.0,0.0
2011-09-22,1000000.0,1000000.0,0.0,0.0
2011-09-23,1000000.0,1000000.0,0.0,0.0
2011-09-26,1000000.0,1000000.0,0.0,0.0
2011-09-27,1000000.0,1000000.0,0.0,0.0
2011-09-28,1000000.0,1000000.0,0.0,0.0
2011-09-29,1000000.0,1000000.0,0.0,0.0
2011-09-30,1000000.0,1000000.0,0.0,0.0
2011-10-10,1000000.0,1000000.0,0.0,0.0
2011-10-11,1000000.0,1000000.0,0.0,0.0
2011-10-12,1000000.0,1000000.0,0.0,0.0
2011-10-13,1000000.0,1000000.0,0.0,0.0
2011-10-14,1000000.0,1000000.0,0.0,0.0
2011-10-17,1000000.0,1000000.0,0.0,0.0
2011-10-18,1000000.0,1000000.0,0.0,0.0
2011-10-19,1000000.0,1000000.0,0.0,0.0
2011-10-20,1000000.0,1000000.0,0.0,0.0
2011-10-21,1000000.0,1000000.0,0.0,0.0
2011-10-24,1000000.0,1000000.0,0.0,0.0
2011-10-25,1000000.0,1000000.0,0.0,0.0
2011-10-26,1000000.0,1000000.0,0.0,0.0
2011-10-27,1000000.0,1000000.0,0.0,0.0
2011-10-28,1000000.0,1000000.0,0.0,0.0
2011-10-31,1000000.0,1000000.0,0.0,0.0
2011-11-01,1000000.0,1000000.0,0.0,0.0
2011-11-02,1000000.0,1000000.0,0.0,0.0
2011-11-03,1000000.0,1000000.0,0.0,0.0
2011-11-04,1000000.0,1000000.0,0.0,0.0
2011-11-07,1000000.0,1000000.0,0.0,0.0
2011-11-08,1000000.0,1000000.0,0.0,0.0
2011-11-09,1000000.0,1000000.0,0.0,0.0
2011-11-10,1000000.0,1000000.0,0.0,0.0
2011-11-11,1000000.0,1000000.0,0.0,0.0
2011-11-14,1000000.0,1000000.0,0.0,0.0
2011-11-15,1000000.0,1000000.0,0.0,0.0
2011-11-16,1000000.0,1000000.0,0.0,0.0
2011-11-17,1000000.0,1000000.0,0.0,0.0
2011-11-18,1000000.0,1000000.0,0.0,0.0
2011-11-21,1000000.0,1000000.0,0.0,0.0
2011-11-22,1000000.0,1000000.0,0.0,0.0
2011-11-23,1000000.0,1000000.0,0.0,0.0
2011-11-24,1000000.0,1000000.0,0.0,0.0
2011-11-25,1000000.0,1000000.0,0.0,0.0
2011-11-28,1000000.0,1000000.0,0.0,0.0
2011-11-29,1000000.0,1000000.0,0.0,0.0
2011-11-30,1000000.0,1000000.0,0.0,0.0
2011-12-01,1000000.0,1000000.0,0.0,0.0
2011-12-02,1000000.0,1000000.0,0.0,0.0
2011-12-05,1000000.0,1000000.0,0.0,0.0
2011-12-06,1000000.0,1000000.0,0.0,0.0
2011-12-07,1000000.0,1000000.0,0.0,0.0
2011-12-08,1000000.0,1000000.0,0.0,0.0
2011-12-09,1000000.0,1000000.0,0.0,0.0
2011-12-12,1000000.0,1000000.0,0.0,0.0
2011-12-13,1000000.0,1000000.0,0.0,0.0
2011-12-14,1000000.0,1000000.0,0.0,0.0
2011-12-15,1000000.0,1000000.0,0.0,0.0
2011-12-16,1000000.0,1000000.0,0.0,0.0
2011-12-19,1000000.0,1000000.0,0.0,0.0
2011-12-20,1000000.0,1000000.0,0.0,0.0
2011-12-21,1000000.0,1000000.0,0.0,0.0
2011-12-22,1000000.0,1000000.0,0.0,0.0
2011-12-23,1000000.0,1000000.0,0.0,0.0
2011-12-26,1000000.0,1000000.0,0.0,0.0
2011-12-27,1000000.0,1000000.0,0.0,0.0
2011-12-28,1000000.0,1000000.0,0.0,0.0
2011-12-29,1000000.0,1000000.0,0.0,0.0
2011-12-30,1000000.0,1000000.0,0.0,0.0
2012-01-04,1000000.0,1000000.0,0.0,0.0
2012-01-05,1000000.0,1000000.0,0.0,0.0
2012-01-06,1000000.0,1000000.0,0.0,0.0
2012-01-09,1000000.0,1000000.0,0.0,0.0
2012-01-10,1000000.0,1000000.0,0.0,0.0
2012-01-11,1000000.0,1000000.0,0.0,0.0
2012-01-12,1000000.0,1000000.0,0.0,0.0
2012-01-13,1000000.0,1000000.0,0.0,0.0
2012-01-16,1000000.0,1000000.0,0.0,0.0
2012-01-17,1000000.0,1000000.0,0.0,0.0
2012-01-18,1000000.0,1000000.0,0.0,0.0
2012-01-19,1000000.0,1000000.0,0.0,0.0
2012-01-20,1000000.0,1000000.0,0.0,0.0
2012-01-30,1000000.0,1000000.0,0.0,0.0
2012-01-31,1000000.0,1000000.0,0.0,0.0
2012-02-01,1000000.0,1000000.0,0.0,0.0
2012-02-02,1000000.0,1000000.0,0.0,0.0
2012-02-03,1000000.0,1000000.0,0.0,0.0
2012-02-06,1000000.0,1000000.0,0.0,0.0
2012-02-07,1000000.0,1000000.0,0.0,0.0
2012-02-08,1000000.0,1000000.0,0.0,0.0
2012-02-09,1000000.0,1000000.0,0.0,0.0
2012-02-10,1000000.0,1000000.0,0.0,0.0
2012-02-13,1000000.0,1000000.0,0.0,0.0
2012-02-14,1000000.0,1000000.0,0.0,0.0
2012-02-15,1000000.0,1000000.0,0.0,0.0
2012-02-16,1000000.0,1000000.0,0.0,0.0
2012-02-17,1000000.0,1000000.0,0.0,0.0
2012-02-20,1000000.0,1000000.0,0.0,0.0
2012-02-21,1000000.0,1000000.0,0.0,0.0
2012-02-22,1000000.0,1000000.0,0.0,0.0
2012-02-23,1000000.0,1000000.0,0.0,0.0
2012-02-24,1000000.0,1000000.0,0.0,0.0
2012-02-27,1000000.0,1000000.0,0.0,0.0
2012-02-28,1000000.0,1000000.0,0.0,0.0
2012-02-29,1000000.0,1000000.0,0.0,0.0
2012-03-01,1000000.0,1000000.0,0.0,0.0
2012-03-02,1000000.0,1000000.0,0.0,0.0
2012-03-05,1000000.0,1000000.0,0.0,0.0
2012-03-06,1000000.0,1000000.0,0.0,0.0
2012-03-07,1000000.0,1000000.0,0.0,0.0
2012-03-08,1000000.0,1000000.0,0.0,0.0
2012-03-09,1000000.0,1000000.0,0.0,0.0
2012-03-12,1000000.0,1000000.0,0.0,0.0
2012-03-13,1000000.0,1000000.0,0.0,0.0
2012-03-14,1000000.0,1000000.0,0.0,0.0
2012-03-15,1000000.0,1000000.0,0.0,0.0
2012-03-16,1000000.0,1000000.0,0.0,0.0
2012-03-19,1000000.0,1000000.0,0.0,0.0
2012-03-20,1000000.0,1000000.0,0.0,0.0
2012-03-21,1000000.0,1000000.0,0.0,0.0
2012-03-22,1000000.0,1000000.0,0.0,0.0
2012-03-23,1000000.0,1000000.0,0.0,0.0
2012-03-26,1000000.0,1000000.0,0.0,0.0
2012-03-27,1000000.0,1000000.0,0.0,0.0
2012-03-28,1000000.0,1000000.0,0.0,0.0
2012-03-29,1000000.0,1000000.0,0.0,0.0
2012-03-30,1000000.0,1000000.0,0.0,0.0
2012-04-05,1000000.0,1000000.0,0.0,0.0
2012-04-06,1000000.0,1000000.0,0.0,0.0
2012-04-09,1000000.0,1000000.0,0.0,0.0
2012-04-10,1000000.0,1000000.0,0.0,0.0
2012-04-11,1000000.0,1000000.0,0.0,0.0
2012-04-12,1000000.0,1000000.0,0.0,0.0
2012-04-13,1000000.0,1000000.0,0.0,0.0
2012-04-16,1000000.0,1000000.0,0.0,0.0
2012-04-17,1000000.0,1000000.0,0.0,0.0
2012-04-18,1000000.0,1000000.0,0.0,0.0
2012-04-19,1000000.0,1000000.0,0.0,0.0
2012-04-20,1000000.0,1000000.0,0.0,0.0
2012-04-23,1000000.0,1000000.0,0.0,0.0
2012-04-24,1000000.0,1000000.0,0.0,0.0
2012-04-25,1000000.0,1000000.0,0.0,0.0
2012-04-26,1000000.0,1000000.0,0.0,0.0
2012-04-27,1000000.0,1000000.0,0.0,0.0
2012-05-02,1000000.0,1000000.0,0.0,0.0
2012-05-03,1000000.0,1000000.0,0.0,0.0
2012-05-04,1000000.0,1000000.0,0.0,0.0
2012-05-07,1000000.0,1000000.0,0.0,0.0
2012-05-08,1000000.0,1000000.0,0.0,0.0
2012-05-09,1000000.0,1000000.0,0.0,0.0
2012-05-10,1000000.0,1000000.0,0.0,0.0
2012-05-11,1000000.0,1000000.0,0.0,0.0
2012-05-14,1000000.0,1000000.0,0.0,0.0
2012-05-15,1000000.0,1000000.0,0.0,0.0
2012-05-16,1000000.0,1000000.0,0.0,0.0
2012-05-17,1000000.0,1000000.0,0.0,0.0
2012-05-18,1000000.0,1000000.0,0.0,0.0
2012-05-21,1000000.0,1000000.0,0.0,0.0
2012-05-22,1000000.0,1000000.0,0.0,0.0
2012-05-23,1000000.0,1000000.0,0.0,0.0
2012-05-24,1000000.0,1000000.0,0.0,0.0
2012-05-25,1000000.0,1000000.0,0.0,0.0
2012-05-28,1000000.0,1000000.0,0.0,0.0
2012-05-29,1000000.0,1000000.0,0.0,0.0
2012-05-30,1000000.0,1000000.0,0.0,0.0
2012-05-31,1000000.0,1000000.0,0.0,0.0
2012-06-01,1000000.0,1000000.0,0.0,0.0
2012-06-04,1000000.0,1000000.0,0.0,0.0
2012-06-05,1000000.0,1000000.0,0.0,0.0
2012-06-06,1000000.0,1000000.0,0.0,0.0
2012-06-07,1000000.0,1000000.0,0.0,0.0
2012-06-08,1000000.0,1000000.0,0.0,0.0
2012-06-11,1000000.0,1000000.0,0.0,0.0
2012-06-12,1000000.0,1000000.0,0.0,0.0
2012-06-13,1000000.0,1000000.0,0.0,0.0
2012-06-14,1000000.0,1000000.0,0.0,0.0
2012-06-15,1000000.0,1000000.0,0.0,0.0
2012-06-18,1000000.0,1000000.0,0.0,0.0
2012-06-19,1000000.0,1000000.0,0.0,0.0
2012-06-20,1000000.0,1000000.0,0.0,0.0
2012-06-21,1000000.0,1000000.0,0.0,0.0
2012-06-25,1000000.0,1000000.0,0.0,0.0
2012-06-26,1000000.0,1000000.0,0.0,0.0
2012-06-27,1000000.0,1000000.0,0.0,0.0
2012-06-28,1000000.0,1000000.0,0.0,0.0
2012-06-29,1000000.0,1000000.0,0.0,0.0
2012-07-02,1000000.0,1000000.0,0.0,0.0
2012-07-03,1000000.0,1000000.0,0.0,0.0
2012-07-04,1000000.0,1000000.0,0.0,0.0
2012-07-05,1000000.0,1000000.0,0.0,0.0
2012-07-06,1000000.0,1000000.0,0.0,0.0
2012-07-09,1000000.0,1000000.0,0.0,0.0
2012-07-10,1000000.0,1000000.0,0.0,0.0
2012-07-11,1000000.0,1000000.0,0.0,0.0
2012-07-12,1000000.0,1000000.0,0.0,0.0
2012-07-13,1000000.0,1000000.0,0.0,0.0
2012-07-16,1000000.0,1000000.0,0.0,0.0
2012-07-17,1000000.0,1000000.0,0.0,0.0
2012-07-18,1000000.0,1000000.0,0.0,0.0
2012-07-19,1000000.0,1000000.0,0.0,0.0
2012-07-20,1000000.0,1000000.0,0.0,0.0
2012-07-23,1000000.0,1000000.0,0.0,0.0
2012-07-24,1000000.0,1000000.0,0.0,0.0
2012-07-25,1000000.0,1000000.0,0.0,0.0
2012-07-26,1000000.0,1000000.0,0.0,0.0
2012-07-27,1000000.0,1000000.0,0.0,0.0
2012-07-30,1000000.0,1000000.0,0.0,0.0
2012-07-31,1000000.0,1000000.0,0.0,0.0
2012-08-01,1000000.0,1000000.0,0.0,0.0
2012-08-02,1000000.0,1000000.0,0.0,0.0
2012-08-03,1000000.0,1000000.0,0.0,0.0
2012-08-06,1000000.0,1000000.0,0.0,0.0
2012-08-07,1000000.0,1000000.0,0.0,0.0
2012-08-08,1000000.0,1000000.0,0.0,0.0
2012-08-09,1000000.0,1000000.0,0.0,0.0
2012-08-10,1000000.0,1000000.0,0.0,0.0
2012-08-13,1000000.0,1000000.0,0.0,0.0
2012-08-14,1000000.0,1000000.0,0.0,0.0
2012-08-15,1000000.0,1000000.0,0.0,0.0
2012-08-16,1000000.0,1000000.0,0.0,0.0
2012-08-17,1000000.0,1000000.0,0.0,0.0
2012-08-20,1000000.0,1000000.0,0.0,0.0
2012-08-21,1000000.0,1000000.0,0.0,0.0
2012-08-22,1000000.0,1000000.0,0.0,0.0
2012-08-23,1000000.0,1000000.0,0.0,0.0
2012-08-24,1000000.0,1000000.0,0.0,0.0
2012-08-27,1000000.0,1000000.0,0.0,0.0
2012-08-28,1000000.0,1000000.0,0.0,0.0
2012-08-29,1000000.0,1000000.0,0.0,0.0
2012-08-30,1000000.0,1000000.0,0.0,0.0
2012-08-31,1000000.0,1000000.0,0.0,0.0
2012-09-03,1000000.0,1000000.0,0.0,0.0
2012-09-04,1000000.0,1000000.0,0.0,0.0
2012-09-05,1000000.0,1000000.0,0.0,0.0
2012-09-06,1000000.0,1000000.0,0.0,0.0
2012-09-07,1000000.0,1000000.0,0.0,0.0
2012-09-10,1000000.0,1000000.0,0.0,0.0
2012-09-11,1000000.0,1000000.0,0.0,0.0
2012-09-12,1000000.0,1000000.0,0.0,0.0
2012-09-13,1000000.0,1000000.0,0.0,0.0
2012-09-14,1000000.0,1000000.0,0.0,0.0
2012-09-17,1000000.0,1000000.0,0.0,0.0
2012-09-18,1000000.0,1000000.0,0.0,0.0
2012-09-19,1000000.0,1000000.0,0.0,0.0
2012-09-20,1000000.0,1000000.0,0.0,0.0
2012-09-21,1000000.0,1000000.0,0.0,0.0
2012-09-24,1000000.0,1000000.0,0.0,0.0
2012-09-25,1000000.0,1000000.0,0.0,0.0
2012-09-26,1000000.0,1000000.0,0.0,0.0
2012-09-27,1000000.0,1000000.0,0.0,0.0
2012-09-28,1000000.0,1000000.0,0.0,0.0
2012-10-08,1000000.0,1000000.0,0.0,0.0
2012-10-09,1000000.0,1000000.0,0.0,0.0
2012-10-10,1000000.0,1000000.0,0.0,0.0
2012-10-11,1000000.0,1000000.0,0.0,0.0
2012-10-12,1000000.0,1000000.0,0.0,0.0
2012-10-15,1000000.0,1000000.0,0.0,0.0
2012-10-16,1000000.0,1000000.0,0.0,0.0
2012-10-17,1000000.0,1000000.0,0.0,0.0
2012-10-18,1000000.0,1000000.0,0.0,0.0
2012-10-19,1000000.0,1000000.0,0.0,0.0
2012-10-22,1000000.0,1000000.0,0.0,0.0
2012-10-23,1000000.0,1000000.0,0.0,0.0
2012-10-24,1000000.0,1000000.0,0.0,0.0
2012-10-25,1000000.0,1000000.0,0.0,0.0
2012-10-26,1000000.0,1000000.0,0.0,0.0
2012-10-29,1000000.0,1000000.0,0.0,0.0
2012-10-30,1000000.0,1000000.0,0.0,0.0
2012-10-31,1000000.0,1000000.0,0.0,0.0
2012-11-01,1000000.0,1000000.0,0.0,0.0
2012-11-02,1000000.0,1000000.0,0.0,0.0
2012-11-05,1000000.0,1000000.0,0.0,0.0
2012-11-06,1000000.0,1000000.0,0.0,0.0
2012-11-07,1000000.0,1000000.0,0.0,0.0
2012-11-08,1000000.0,1000000.0,0.0,0.0
2012-11-09,1000000.0,1000000.0,0.0,0.0
2012-11-12,1000000.0,1000000.0,0.0,0.0
2012-11-13,1000000.0,1000000.0,0.0,0.0
2012-11-14,1000000.0,1000000.0,0.0,0.0
2012-11-15,1000000.0,1000000.0,0.0,0.0
2012-11-16,1000000.0,1000000.0,0.0,0.0
2012-11-19,1000000.0,1000000.0,0.0,0.0
2012-11-20,1000000.0,1000000.0,0.0,0.0
2012-11-21,1000000.0,1000000.0,0.0,0.0
2012-11-22,1000000.0,1000000.0,0.0,0.0
2012-11-23,1000000.0,1000000.0,0.0,0.0
2012-11-26,1000000.0,1000000.0,0.0,0.0
2012-11-27,1000000.0,1000000.0,0.0,0.0
2012-11-28,1000000.0,1000000.0,0.0,0.0
2012-11-29,1000000.0,1000000.0,0.0,0.0
2012-11-30,1000000.0,1000000.0,0.0,0.0
2012-12-03,1000000.0,1000000.0,0.0,0.0
2012-12-04,1000000.0,1000000.0,0.0,0.0
2012-12-05,1000000.0,1000000.0,0.0,0.0
2012-12-06,1000000.0,1000000.0,0.0,0.0
2012-12-07,1000000.0,1000000.0,0.0,0.0
2012-12-10,1000000.0,1000000.0,0.0,0.0
2012-12-11,1000000.0,1000000.0,0.0,0.0
2012-12-12,1000000.0,1000000.0,0.0,0.0
2012-12-13,1000000.0,1000000.0,0.0,0.0
2012-12-14,1000000.0,1000000.0,0.0,0.0
2012-12-17,1000000.0,1000000.0,0.0,0.0
2012-12-18,1000000.0,1000000.0,0.0,0.0
2012-12-19,1000000.0,1000000.0,0.0,0.0
2012-12-20,1000000.0,1000000.0,0.0,0.0
2012-12-21,1000000.0,1000000.0,0.0,0.0
2012-12-24,1000000.0,1000000.0,0.0,0.0
2012-12-25,1000000.0,1000000.0,0.0,0.0
2012-12-26,1000000.0,1000000.0,0.0,0.0
2012-12-27,1000000.0,1000000.0,0.0,0.0
2012-12-28,1000000.0,1000000.0,0.0,0.0
2012-12-31,1000000.0,1000000.0,0.0,0.0
2013-01-04,1000000.0,1000000.0,0.0,0.0
2013-01-07,1000000.0,1000000.0,0.0,0.0
2013-01-08,1000000.0,1000000.0,0.0,0.0
2013-01-09,1000000.0,1000000.0,0.0,0.0
2013-01-10,1000000.0,1000000.0,0.0,0.0
2013-01-11,1000000.0,1000000.0,0.0,0.0
2013-01-14,1000000.0,1000000.0,0.0,0.0
2013-01-15,1000000.0,1000000.0,0.0,0.0
2013-01-16,1000000.0,1000000.0,0.0,0.0
2013-01-17,1000000.0,1000000.0,0.0,0.0
2013-01-18,1000000.0,1000000.0,0.0,0.0
2013-01-21,1000000.0,1000000.0,0.0,0.0
2013-01-22,1000000.0,1000000.0,0.0,0.0
2013-01-23,1000000.0,1000000.0,0.0,0.0
2013-01-24,1000000.0,1000000.0,0.0,0.0
2013-01-25,1000000.0,1000000.0,0.0,0.0
2013-01-28,1000000.0,1000000.0,0.0,0.0
2013-01-29,1000000.0,1000000.0,0.0,0.0
2013-01-30,1000000.0,1000000.0,0.0,0.0
2013-01-31,1000000.0,1000000.0,0.0,0.0
2013-02-01,1000000.0,1000000.0,0.0,0.0
2013-02-04,1000000.0,1000000.0,0.0,0.0
2013-02-05,1000000.0,1000000.0,0.0,0.0
2013-02-06,1000000.0,1000000.0,0.0,0.0
2013-02-07,1000000.0,1000000.0,0.0,0.0
2013-02-08,1000000.0,1000000.0,0.0,0.0
2013-02-18,1000000.0,1000000.0,0.0,0.0
2013-02-19,1000000.0,1000000.0,0.0,0.0
2013-02-20,1000000.0,1000000.0,0.0,0.0
2013-02-21,1000000.0,1000000.0,0.0,0.0
2013-02-22,1000000.0,1000000.0,0.0,0.0
2013-02-25,1000000.0,1000000.0,0.0,0.0
2013-02-26,1000000.0,1000000.0,0.0,0.0
2013-02-27,1000000.0,1000000.0,0.0,0.0
2013-02-28,1000000.0,1000000.0,0.0,0.0
2013-03-01,1000000.0,1000000.0,0.0,0.0
2013-03-04,1000000.0,1000000.0,0.0,0.0
2013-03-05,1000000.0,1000000.0,0.0,0.0
2013-03-06,1000000.0,1000000.0,0.0,0.0
2013-03-07,1000000.0,1000000.0,0.0,0.0
2013-03-08,1000000.0,1000000.0,0.0,0.0
2013-03-11,1000000.0,1000000.0,0.0,0.0
2013-03-12,1000000.0,1000000.0,0.0,0.0
2013-03-13,1000000.0,1000000.0,0.0,0.0
2013-03-14,1000000.0,1000000.0,0.0,0.0
2013-03-15,1000000.0,1000000.0,0.0,0.0
2013-03-18,1000000.0,1000000.0,0.0,0.0
2013-03-19,1000000.0,1000000.0,0.0,0.0
2013-03-20,1000000.0,1000000.0,0.0,0.0
2013-03-21,1000000.0,1000000.0,0.0,0.0
2013-03-22,1000000.0,1000000.0,0.0,0.0
2013-03-25,1000000.0,1000000.0,0.0,0.0
2013-03-26,1000000.0,1000000.0,0.0,0.0
2013-03-27,1000000.0,1000000.0,0.0,0.0
2013-03-28,1000000.0,1000000.0,0.0,0.0
2013-03-29,1000000.0,1000000.0,0.0,0.0
2013-04-01,1000000.0,1000000.0,0.0,0.0
2013-04-02,1000000.0,1000000.0,0.0,0.0
2013-04-03,1000000.0,1000000.0,0.0,0.0
2013-04-08,1000000.0,1000000.0,0.0,0.0
2013-04-09,1000000.0,1000000.0,0.0,0.0
2013-04-10,1000000.0,1000000.0,0.0,0.0
2013-04-11,1000000.0,1000000.0,0.0,0.0
2013-04-12,1000000.0,1000000.0,0.0,0.0
2013-04-15,1000000.0,1000000.0,0.0,0.0
2013-04-16,1000000.0,1000000.0,0.0,0.0
2013-04-17,1000000.0,1000000.0,0.0,0.0
2013-04-18,1000000.0,1000000.0,0.0,0.0
2013-04-19,1000000.0,1000000.0,0.0,0.0
2013-04-22,1000000.0,1000000.0,0.0,0.0
2013-04-23,1000000.0,1000000.0,0.0,0.0
2013-04-24,1000000.0,1000000.0,0.0,0.0
2013-04-25,1000000.0,1000000.0,0.0,0.0
2013-04-26,1000000.0,1000000.0,0.0,0.0
2013-05-02,1000000.0,1000000.0,0.0,0.0
2013-05-03,1000000.0,1000000.0,0.0,0.0
2013-05-06,1000000.0,1000000.0,0.0,0.0
2013-05-07,1000000.0,1000000.0,0.0,0.0
2013-05-08,1000000.0,1000000.0,0.0,0.0
2013-05-09,1000000.0,1000000.0,0.0,0.0
2013-05-10,1000000.0,1000000.0,0.0,0.0
2013-05-13,1000000.0,1000000.0,0.0,0.0
2013-05-14,1000000.0,1000000.0,0.0,0.0
2013-05-15,1000000.0,1000000.0,0.0,0.0
2013-05-16,1000000.0,1000000.0,0.0,0.0
2013-05-17,1000000.0,1000000.0,0.0,0.0
2013-05-20,1000000.0,1000000.0,0.0,0.0
2013-05-21,1000000.0,1000000.0,0.0,0.0
2013-05-22,1000000.0,1000000.0,0.0,0.0
2013-05-23,1000000.0,1000000.0,0.0,0.0
2013-05-24,1000000.0,1000000.0,0.0,0.0
2013-05-27,1000000.0,1000000.0,0.0,0.0
2013-05-28,1000000.0,1000000.0,0.0,0.0
2013-05-29,1000000.0,1000000.0,0.0,0.0
2013-05-30,1000000.0,1000000.0,0.0,0.0
2013-05-31,1000000.0,1000000.0,0.0,0.0
2013-06-03,1000000.0,1000000.0,0.0,0.0
2013-06-04,1000000.0,1000000.0,0.0,0.0
2013-06-05,1000000.0,1000000.0,0.0,0.0
2013-06-06,1000000.0,1000000.0,0.0,0.0
2013-06-07,1000000.0,1000000.0,0.0,0.0
2013-06-13,1000000.0,1000000.0,0.0,0.0
2013-06-14,1000000.0,1000000.0,0.0,0.0
2013-06-17,1000000.0,1000000.0,0.0,0.0
2013-06-18,1000000.0,1000000.0,0.0,0.0
2013-06-19,1000000.0,1000000.0,0.0,0.0
2013-06-20,1000000.0,1000000.0,0.0,0.0
2013-06-21,1000000.0,1000000.0,0.0,0.0
2013-06-24,1000000.0,1000000.0,0.0,0.0
2013-06-25,1000000.0,1000000.0,0.0,0.0
2013-06-26,1000000.0,1000000.0,0.0,0.0
2013-06-27,1000000.0,1000000.0,0.0,0.0
2013-06-28,1000000.0,1000000.0,0.0,0.0
2013-07-01,1000000.0,1000000.0,0.0,0.0
2013-07-02,1000000.0,1000000.0,0.0,0.0
2013-07-03,1000000.0,1000000.0,0.0,0.0
2013-07-04,1000000.0,1000000.0,0.0,0.0
2013-07-05,1000000.0,1000000.0,0.0,0.0
2013-07-08,1000000.0,1000000.0,0.0,0.0
2013-07-09,1000000.0,1000000.0,0.0,0.0
2013-07-10,1000000.0,1000000.0,0.0,0.0
2013-07-11,1000000.0,1000000.0,0.0,0.0
2013-07-12,1000000.0,1000000.0,0.0,0.0
2013-07-15,1000000.0,1000000.0,0.0,0.0
2013-07-16,1000000.0,1000000.0,0.0,0.0
2013-07-17,1000000.0,1000000.0,0.0,0.0
2013-07-18,1000000.0,1000000.0,0.0,0.0
2013-07-19,1000000.0,1000000.0,0.0,0.0
2013-07-22,1000000.0,1000000.0,0.0,0.0
2013-07-23,1000000.0,1000000.0,0.0,0.0
2013-07-24,1000000.0,1000000.0,0.0,0.0
2013-07-25,1000000.0,1000000.0,0.0,0.0
2013-07-26,1000000.0,1000000.0,0.0,0.0
2013-07-29,1000000.0,1000000.0,0.0,0.0
2013-07-30,1000000.0,1000000.0,0.0,0.0
2013-07-31,1000000.0,1000000.0,0.0,0.0
2013-08-01,1000000.0,1000000.0,0.0,0.0
2013-08-02,1000000.0,1000000.0,0.0,0.0
2013-08-05,1000000.0,1000000.0,0.0,0.0
2013-08-06,1000000.0,1000000.0,0.0,0.0
2013-08-07,1000000.0,1000000.0,0.0,0.0
2013-08-08,1000000.0,1000000.0,0.0,0.0
2013-08-09,1000000.0,1000000.0,0.0,0.0
2013-08-12,1000000.0,1000000.0,0.0,0.0
2013-08-13,1000000.0,1000000.0,0.0,0.0
2013-08-14,1000000.0,1000000.0,0.0,0.0
2013-08-15,1000000.0,1000000.0,0.0,0.0
2013-08-16,1000000.0,1000000.0,0.0,0.0
2013-08-19,1000000.0,1000000.0,0.0,0.0
2013-08-20,1000000.0,1000000.0,0.0,0.0
2013-08-21,1000000.0,1000000.0,0.0,0.0
2013-08-22,1000000.0,1000000.0,0.0,0.0
2013-08-23,1000000.0,1000000.0,0.0,0.0
2013-08-26,1000000.0,1000000.0,0.0,0.0
2013-08-27,1000000.0,1000000.0,0.0,0.0
2013-08-28,1000000.0,1000000.0,0.0,0.0
2013-08-29,1000000.0,1000000.0,0.0,0.0
2013-08-30,1000000.0,1000000.0,0.0,0.0
2013-09-02,1000000.0,1000000.0,0.0,0.0
2013-09-03,1000000.0,1000000.0,0.0,0.0
2013-09-04,1000000.0,1000000.0,0.0,0.0
2013-09-05,1000000.0,1000000.0,0.0,0.0
2013-09-06,1000000.0,1000000.0,0.0,0.0
2013-09-09,1000000.0,1000000.0,0.0,0.0
2013-09-10,1000000.0,1000000.0,0.0,0.0
2013-09-11,1000000.0,1000000.0,0.0,0.0
2013-09-12,1000000.0,1000000.0,0.0,0.0
2013-09-13,1000000.0,1000000.0,0.0,0.0
2013-09-16,1000000.0,1000000.0,0.0,0.0
2013-09-17,1000000.0,1000000.0,0.0,0.0
2013-09-18,1000000.0,1000000.0,0.0,0.0
2013-09-23,1000000.0,1000000.0,0.0,0.0
2013-09-24,1000000.0,1000000.0,0.0,0.0
2013-09-25,1000000.0,1000000.0,0.0,0.0
2013-09-26,1000000.0,1000000.0,0.0,0.0
2013-09-27,1000000.0,1000000.0,0.0,0.0
2013-09-30,1000000.0,1000000.0,0.0,0.0
2013-10-08,1000000.0,1000000.0,0.0,0.0
2013-10-09,1000000.0,1000000.0,0.0,0.0
2013-10-10,1000000.0,1000000.0,0.0,0.0
2013-10-11,1000000.0,1000000.0,0.0,0.0
2013-10-14,1000000.0,1000000.0,0.0,0.0
2013-10-15,1000000.0,1000000.0,0.0,0.0
2013-10-16,1000000.0,1000000.0,0.0,0.0
2013-10-17,1000000.0,1000000.0,0.0,0.0
2013-10-18,1000000.0,1000000.0,0.0,0.0
2013-10-21,1000000.0,1000000.0,0.0,0.0
2013-10-22,1000000.0,1000000.0,0.0,0.0
2013-10-23,1000000.0,1000000.0,0.0,0.0
2013-10-24,1000000.0,1000000.0,0.0,0.0
2013-10-25,1000000.0,1000000.0,0.0,0.0
2013-10-28,1000000.0,1000000.0,0.0,0.0
2013-10-29,1000000.0,1000000.0,0.0,0.0
2013-10-30,1000000.0,1000000.0,0.0,0.0
2013-10-31,1000000.0,1000000.0,0.0,0.0
2013-11-01,1000000.0,1000000.0,0.0,0.0
2013-11-04,1000000.0,1000000.0,0.0,0.0
2013-11-05,1000000.0,1000000.0,0.0,0.0
2013-11-06,1000000.0,1000000.0,0.0,0.0
2013-11-07,1000000.0,1000000.0,0.0,0.0
2013-11-08,1000000.0,1000000.0,0.0,0.0
2013-11-11,1000000.0,1000000.0,0.0,0.0
2013-11-12,1000000.0,1000000.0,0.0,0.0
2013-11-13,1000000.0,1000000.0,0.0,0.0
2013-11-14,1000000.0,1000000.0,0.0,0.0
2013-11-15,1000000.0,1000000.0,0.0,0.0
2013-11-18,1000000.0,1000000.0,0.0,0.0
2013-11-19,1000000.0,1000000.0,0.0,0.0
2013-11-20,1000000.0,1000000.0,0.0,0.0
2013-11-21,1000000.0,1000000.0,0.0,0.0
2013-11-22,1000000.0,1000000.0,0.0,0.0
2013-11-25,1000000.0,1000000.0,0.0,0.0
2013-11-26,1000000.0,1000000.0,0.0,0.0
2013-11-27,1000000.0,1000000.0,0.0,0.0
2013-11-28,1000000.0,1000000.0,0.0,0.0
2013-11-29,1000000.0,1000000.0,0.0,0.0
2013-12-02,1000000.0,1000000.0,0.0,0.0
2013-12-03,1000000.0,1000000.0,0.0,0.0
2013-12-04,1000000.0,1000000.0,0.0,0.0
2013-12-05,1000000.0,1000000.0,0.0,0.0
2013-12-06,1000000.0,1000000.0,0.0,0.0
2013-12-09,1000000.0,1000000.0,0.0,0.0
2013-12-10,1000000.0,1000000.0,0.0,0.0
2013-12-11,1000000.0,1000000.0,0.0,0.0
2013-12-12,1000000.0,1000000.0,0.0,0.0
2013-12-13,1000000.0,1000000.0,0.0,0.0
2013-12-16,1000000.0,1000000.0,0.0,0.0
2013-12-17,1000000.0,1000000.0,0.0,0.0
2013-12-18,1000000.0,1000000.0,0.0,0.0
2013-12-19,1000000.0,1000000.0,0.0,0.0
2013-12-20,1000000.0,1000000.0,0.0,0.0
2013-12-23,1000000.0,1000000.0,0.0,0.0
2013-12-24,1000000.0,1000000.0,0.0,0.0
2013-12-25,1000000.0,1000000.0,0.0,0.0
2013-12-26,1000000.0,1000000.0,0.0,0.0
2013-12-27,1000000.0,1000000.0,0.0,0.0
2013-12-30,1000000.0,1000000.0,0.0,0.0
2013-12-31,1000000.0,1000000.0,0.0,0.0
2014-01-02,1000000.0,1000000.0,0.0,0.0
2014-01-03,1000000.0,1000000.0,0.0,0.0
2014-01-06,1000000.0,1000000.0,0.0,0.0
2014-01-07,1000000.0,1000000.0,0.0,0.0
2014-01-08,1000000.0,1000000.0,0.0,0.0
2014-01-09,1000000.0,1000000.0,0.0,0.0
2014-01-10,1000000.0,1000000.0,0.0,0.0
2014-01-13,1000000.0,1000000.0,0.0,0.0
2014-01-14,1000000.0,1000000.0,0.0,0.0
2014-01-15,1000000.0,1000000.0,0.0,0.0
2014-01-16,1000000.0,1000000.0,0.0,0.0
2014-01-17,1000000.0,1000000.0,0.0,0.0
2014-01-20,1000000.0,1000000.0,0.0,0.0
2014-01-21,1000000.0,1000000.0,0.0,0.0
2014-01-22,1000000.0,1000000.0,0.0,0.0
2014-01-23,1000000.0,1000000.0,0.0,0.0
2014-01-24,1000000.0,1000000.0,0.0,0.0
2014-01-27,1000000.0,1000000.0,0.0,0.0
2014-01-28,1000000.0,1000000.0,0.0,0.0
2014-01-29,1000000.0,1000000.0,0.0,0.0
2014-01-30,1000000.0,1000000.0,0.0,0.0
2014-02-07,1000000.0,1000000.0,0.0,0.0
2014-02-10,1000000.0,1000000.0,0.0,0.0
2014-02-11,1000000.0,1000000.0,0.0,0.0
2014-02-12,1000000.0,1000000.0,0.0,0.0
2014-02-13,1000000.0,1000000.0,0.0,0.0
2014-02-14,1000000.0,1000000.0,0.0,0.0
2014-02-17,1000000.0,1000000.0,0.0,0.0
2014-02-18,1000000.0,1000000.0,0.0,0.0
2014-02-19,1000000.0,1000000.0,0.0,0.0
2014-02-20,1000000.0,1000000.0,0.0,0.0
2014-02-21,1000000.0,1000000.0,0.0,0.0
2014-02-24,1000000.0,1000000.0,0.0,0.0
2014-02-25,1000000.0,1000000.0,0.0,0.0
2014-02-26,1000000.0,1000000.0,0.0,0.0
2014-02-27,1000000.0,1000000.0,0.0,0.0
2014-02-28,1000000.0,1000000.0,0.0,0.0
2014-03-03,1000000.0,1000000.0,0.0,0.0
2014-03-04,1000000.0,1000000.0,0.0,0.0
2014-03-05,1000000.0,1000000.0,0.0,0.0
2014-03-06,1000000.0,1000000.0,0.0,0.0
2014-03-07,1000000.0,1000000.0,0.0,0.0
2014-03-10,1000000.0,1000000.0,0.0,0.0
2014-03-11,1000000.0,1000000.0,0.0,0.0
2014-03-12,1000000.0,1000000.0,0.0,0.0
2014-03-13,1000000.0,1000000.0,0.0,0.0
2014-03-14,1000000.0,1000000.0,0.0,0.0
2014-03-17,1000000.0,1000000.0,0.0,0.0
2014-03-18,1000000.0,1000000.0,0.0,0.0
2014-03-19,1000000.0,1000000.0,0.0,0.0
2014-03-20,1000000.0,1000000.0,0.0,0.0
2014-03-21,1000000.0,1000000.0,0.0,0.0
2014-03-24,1000000.0,1000000.0,0.0,0.0
2014-03-25,1000000.0,1000000.0,0.0,0.0
2014-03-26,1000000.0,1000000.0,0.0,0.0
2014-03-27,1000000.0,1000000.0,0.0,0.0
2014-03-28,1000000.0,1000000.0,0.0,0.0
2014-03-31,1000000.0,1000000.0,0.0,0.0
2014-04-01,1000000.0,1000000.0,0.0,0.0
2014-04-02,1000000.0,1000000.0,0.0,0.0
2014-04-03,1000000.0,1000000.0,0.0,0.0
2014-04-04,1000000.0,1000000.0,0.0,0.0
2014-04-08,1000000.0,1000000.0,0.0,0.0
2014-04-09,1000000.0,1000000.0,0.0,0.0
2014-04-10,1000000.0,1000000.0,0.0,0.0
2014-04-11,1000000.0,1000000.0,0.0,0.0
2014-04-14,1000000.0,1000000.0,0.0,0.0
2014-04-15,1000000.0,1000000.0,0.0,0.0
2014-04-16,1000000.0,1000000.0,0.0,0.0
2014-04-17,1000000.0,1000000.0,0.0,0.0
2014-04-18,1000000.0,1000000.0,0.0,0.0
2014-04-21,1000000.0,1000000.0,0.0,0.0
2014-04-22,1000000.0,1000000.0,0.0,0.0
2014-04-23,1000000.0,1000000.0,0.0,0.0
2014-04-24,1000000.0,1000000.0,0.0,0.0
2014-04-25,1000000.0,1000000.0,0.0,0.0
2014-04-28,1000000.0,1000000.0,0.0,0.0
2014-04-29,1000000.0,1000000.0,0.0,0.0
2014-04-30,1000000.0,1000000.0,0.0,0.0
2014-05-05,1000000.0,1000000.0,0.0,0.0
2014-05-06,1000000.0,1000000.0,0.0,0.0
2014-05-07,1000000.0,1000000.0,0.0,0.0
2014-05-08,1000000.0,1000000.0,0.0,0.0
2014-05-09,1000000.0,1000000.0,0.0,0.0
2014-05-12,1000000.0,1000000.0,0.0,0.0
2014-05-13,1000000.0,1000000.0,0.0,0.0
2014-05-14,1000000.0,1000000.0,0.0,0.0
2014-05-15,1000000.0,1000000.0,0.0,0.0
2014-05-16,1000000.0,1000000.0,0.0,0.0
2014-05-19,1000000.0,1000000.0,0.0,0.0
2014-05-20,1000000.0,1000000.0,0.0,0.0
2014-05-21,1000000.0,1000000.0,0.0,0.0
2014-05-22,1000000.0,1000000.0,0.0,0.0
2014-05-23,1000000.0,1000000.0,0.0,0.0
2014-05-26,1000000.0,1000000.0,0.0,0.0
2014-05-27,1000000.0,1000000.0,0.0,0.0
2014-05-28,1000000.0,1000000.0,0.0,0.0
2014-05-29,1000000.0,1000000.0,0.0,0.0
2014-05-30,1000000.0,1000000.0,0.0,0.0
2014-06-03,1000000.0,1000000.0,0.0,0.0
2014-06-04,1000000.0,1000000.0,0.0,0.0
2014-06-05,1000000.0,1000000.0,0.0,0.0
2014-06-06,1000000.0,1000000.0,0.0,0.0
2014-06-09,1000000.0,1000000.0,0.0,0.0
2014-06-10,1000000.0,1000000.0,0.0,0.0
2014-06-11,1000000.0,1000000.0,0.0,0.0
2014-06-12,1000000.0,1000000.0,0.0,0.0
2014-06-13,1000000.0,1000000.0,0.0,0.0
2014-06-16,1000000.0,1000000.0,0.0,0.0
2014-06-17,1000000.0,1000000.0,0.0,0.0
2014-06-18,1000000.0,1000000.0,0.0,0.0
2014-06-19,1000000.0,1000000.0,0.0,0.0
2014-06-20,1000000.0,1000000.0,0.0,0.0
2014-06-23,1000000.0,1000000.0,0.0,0.0
2014-06-24,1000000.0,1000000.0,0.0,0.0
2014-06-25,1000000.0,1000000.0,0.0,0.0
2014-06-26,1000000.0,1000000.0,0.0,0.0
2014-06-27,1000000.0,1000000.0,0.0,0.0
2014-06-30,1000000.0,1000000.0,0.0,0.0
2014-07-01,1000000.0,1000000.0,0.0,0.0
2014-07-02,1000000.0,1000000.0,0.0,0.0
2014-07-03,1000000.0,1000000.0,0.0,0.0
2014-07-04,1000000.0,1000000.0,0.0,0.0
2014-07-07,1000000.0,1000000.0,0.0,0.0
2014-07-08,1000000.0,1000000.0,0.0,0.0
2014-07-09,1000000.0,1000000.0,0.0,0.0
2014-07-10,1000000.0,1000000.0,0.0,0.0
2014-07-11,1000000.0,1000000.0,0.0,0.0
2014-07-14,1000000.0,1000000.0,0.0,0.0
2014-07-15,1000000.0,1000000.0,0.0,0.0
2014-07-16,1000000.0,1000000.0,0.0,0.0
2014-07-17,1000000.0,1000000.0,0.0,0.0
2014-07-18,1000000.0,1000000.0,0.0,0.0
2014-07-21,1000000.0,1000000.0,0.0,0.0
2014-07-22,1000000.0,1000000.0,0.0,0.0
2014-07-23,1000000.0,1000000.0,0.0,0.0
2014-07-24,1000000.0,1000000.0,0.0,0.0
2014-07-25,1000000.0,1000000.0,0.0,0.0
2014-07-28,1000000.0,1000000.0,0.0,0.0
2014-07-29,1000000.0,1000000.0,0.0,0.0
2014-07-30,1000000.0,1000000.0,0.0,0.0
2014-07-31,1000000.0,1000000.0,0.0,0.0
2014-08-01,1000000.0,1000000.0,0.0,0.0
2014-08-04,1000000.0,1000000.0,0.0,0.0
2014-08-05,1000000.0,1000000.0,0.0,0.0
2014-08-06,1000000.0,1000000.0,0.0,0.0
2014-08-07,1000000.0,1000000.0,0.0,0.0
2014-08-08,1000000.0,1000000.0,0.0,0.0
2014-08-11,1000000.0,1000000.0,0.0,0.0
2014-08-12,1000000.0,1000000.0,0.0,0.0
2014-08-13,1000000.0,1000000.0,0.0,0.0
2014-08-14,1000000.0,1000000.0,0.0,0.0
2014-08-15,1000000.0,1000000.0,0.0,0.0
2014-08-18,1000000.0,1000000.0,0.0,0.0
2014-08-19,1000000.0,1000000.0,0.0,0.0
2014-08-20,1000000.0,1000000.0,0.0,0.0
2014-08-21,1000000.0,1000000.0,0.0,0.0
2014-08-22,1000000.0,1000000.0,0.0,0.0
2014-08-25,1000000.0,1000000.0,0.0,0.0
2014-08-26,1000000.0,1000000.0,0.0,0.0
2014-08-27,1000000.0,1000000.0,0.0,0.0
2014-08-28,1000000.0,1000000.0,0.0,0.0
2014-08-29,1000000.0,1000000.0,0.0,0.0
2014-09-01,1000000.0,1000000.0,0.0,0.0
2014-09-02,1000000.0,1000000.0,0.0,0.0
2014-09-03,1000000.0,1000000.0,0.0,0.0
2014-09-04,1000000.0,1000000.0,0.0,0.0
2014-09-05,1000000.0,1000000.0,0.0,0.0
2014-09-09,1000000.0,1000000.0,0.0,0.0
2014-09-10,1000000.0,1000000.0,0.0,0.0
2014-09-11,1000000.0,1000000.0,0.0,0.0
2014-09-12,1000000.0,1000000.0,0.0,0.0
2014-09-15,1000000.0,1000000.0,0.0,0.0
2014-09-16,1000000.0,1000000.0,0.0,0.0
2014-09-17,1000000.0,1000000.0,0.0,0.0
2014-09-18,1000000.0,1000000.0,0.0,0.0
2014-09-19,1000000.0,1000000.0,0.0,0.0
2014-09-22,1000000.0,1000000.0,0.0,0.0
2014-09-23,1000000.0,1000000.0,0.0,0.0
2014-09-24,1000000.0,1000000.0,0.0,0.0
2014-09-25,1000000.0,1000000.0,0.0,0.0
2014-09-26,1000000.0,1000000.0,0.0,0.0
2014-09-29,1000000.0,1000000.0,0.0,0.0
2014-09-30,1000000.0,1000000.0,0.0,0.0
2014-10-08,1000000.0,1000000.0,0.0,0.0
2014-10-09,1000000.0,1000000.0,0.0,0.0
2014-10-10,1000000.0,1000000.0,0.0,0.0
2014-10-13,1000000.0,1000000.0,0.0,0.0
2014-10-14,1000000.0,1000000.0,0.0,0.0
2014-10-15,1000000.0,1000000.0,0.0,0.0
2014-10-16,1000000.0,1000000.0,0.0,0.0
2014-10-17,1000000.0,1000000.0,0.0,0.0
2014-10-20,1000000.0,1000000.0,0.0,0.0
2014-10-21,1000000.0,1000000.0,0.0,0.0
2014-10-22,1000000.0,1000000.0,0.0,0.0
2014-10-23,1000000.0,1000000.0,0.0,0.0
2014-10-24,1000000.0,1000000.0,0.0,0.0
2014-10-27,1000000.0,1000000.0,0.0,0.0
2014-10-28,1000000.0,1000000.0,0.0,0.0
2014-10-29,1000000.0,1000000.0,0.0,0.0
2014-10-30,1000000.0,1000000.0,0.0,0.0
2014-10-31,1000000.0,1000000.0,0.0,0.0
2014-11-03,1000000.0,1000000.0,0.0,0.0
2014-11-04,1000000.0,1000000.0,0.0,0.0
2014-11-05,1000000.0,1000000.0,0.0,0.0
2014-11-06,1000000.0,1000000.0,0.0,0.0
2014-11-07,1000000.0,1000000.0,0.0,0.0
2014-11-10,1000000.0,1000000.0,0.0,0.0
2014-11-11,1000000.0,1000000.0,0.0,0.0
2014-11-12,1000000.0,1000000.0,0.0,0.0
2014-11-13,1000000.0,1000000.0,0.0,0.0
2014-11-14,1000000.0,1000000.0,0.0,0.0
2014-11-17,1004228.0186999999,800024.8187,204203.19999999995,0.20334346004839265
2014-11-18,1005511.4186999999,800024.8187,205486.59999999998,0.20436028490424143
2014-11-19,1007598.5123,1007598.5123,0.0,0.0
2014-11-20,1007598.5123,1007598.5123,0.0,0.0
2014-11-21,1007598.5123,1007598.5123,0.0,0.0
2014-11-24,1007598.5123,1007598.5123,0.0,0.0
2014-11-25,1007598.5123,1007598.5123,0.0,0.0
2014-11-26,1007598.5123,1007598.5123,0.0,0.0
2014-11-27,1007598.5123,1007598.5123,0.0,0.0
2014-11-28,1007598.5123,1007598.5123,0.0,0.0
2014-12-01,1007598.5123,1007598.5123,0.0,0.0
2014-12-02,1007598.5123,1007598.5123,0.0,0.0
2014-12-03,1007598.5123,1007598.5123,0.0,0.0
2014-12-04,1007598.5123,1007598.5123,0.0,0.0
2014-12-05,1007598.5123,1007598.5123,0.0,0.0
2014-12-08,1007598.5123,1007598.5123,0.0,0.0
2014-12-09,1007598.5123,1007598.5123,0.0,0.0
2014-12-10,1007598.5123,1007598.5123,0.0,0.0
2014-12-11,1007598.5123,1007598.5123,0.0,0.0
2014-12-12,1007598.5123,1007598.5123,0.0,0.0
2014-12-15,1007598.5123,1007598.5123,0.0,0.0
2014-12-16,1007598.5123,1007598.5123,0.0,0.0
2014-12-17,1007598.5123,1007598.5123,0.0,0.0
2014-12-18,1007598.5123,1007598.5123,0.0,0.0
2014-12-19,1007598.5123,1007598.5123,0.0,0.0
2014-12-22,1007598.5123,1007598.5123,0.0,0.0
2014-12-23,1007598.5123,1007598.5123,0.0,0.0
2014-12-24,1007598.5123,1007598.5123,0.0,0.0
2014-12-25,1007598.5123,1007598.5123,0.0,0.0
2014-12-26,1007598.5123,1007598.5123,0.0,0.0
2014-12-29,1007598.5123,1007598.5123,0.0,0.0
2014-12-30,1007598.5123,1007598.5123,0.0,0.0
2014-12-31,1007598.5123,1007598.5123,0.0,0.0
2015-01-05,1007598.5123,1007598.5123,0.0,0.0
2015-01-06,1007598.5123,1007598.5123,0.0,0.0
2015-01-07,1007598.5123,1007598.5123,0.0,0.0
2015-01-08,1007598.5123,1007598.5123,0.0,0.0
2015-01-09,1007598.5123,1007598.5123,0.0,0.0
2015-01-12,1007598.5123,1007598.5123,0.0,0.0
2015-01-13,1007598.5123,1007598.5123,0.0,0.0
2015-01-14,1007598.5123,1007598.5123,0.0,0.0
2015-01-15,1007598.5123,1007598.5123,0.0,0.0
2015-01-16,1007598.5123,1007598.5123,0.0,0.0
2015-01-19,1007598.5123,1007598.5123,0.0,0.0
2015-01-20,1007055.3347,807638.1346999999,199417.20000000007,0.19802010190374106
2015-01-21,1015357.5347,807638.1346999999,207719.40000000002,0.2045775925239707
2015-01-22,1015439.7346999999,807638.1346999999,207801.59999999998,0.2046419820880779
2015-01-23,1015193.1346999999,807638.1346999999,207555.0,0.2044487821140897
2015-01-26,1017741.3347,807638.1346999999,210103.20000000007,0.20644066703052036
2015-01-27,1016179.5347,807638.1346999999,208541.40000000002,0.20522101939552084
2015-01-28,1014699.9347,807638.1346999999,207061.80000000005,0.2040621004486599
2015-01-29,1012727.1346999999,807638.1346999999,205089.0,0.20251160749312153
2015-01-30,1011247.5347,807638.1346999999,203609.40000000002,0.20134476773820117
2015-02-02,1005411.3347,807638.1346999999,197773.20000000007,0.19670874315238618
2015-02-03,1008370.5347,807638.1346999999,200732.40000000002,0.19906611021683598
2015-02-04,1006808.7346999999,807638.1346999999,199170.59999999998,0.19782367110605878
2015-02-05,1003767.3347,807638.1346999999,196129.20000000007,0.19539308883628695
2015-02-06,998753.1346999999,807638.1346999999,191115.0,0.1913535921540873
2015-02-09,998785.3503,607650.5503,391134.80000000005,0.39161046953934286
2015-02-10,1005095.1503,607650.5503,397444.6,0.3954298256054375
2015-02-11,1005506.1503,607650.5503,397855.6,0.3956769432800554
2015-02-12,1006584.3503,607650.5503,398933.80000000005,0.3963242622251208
2015-02-13,1011472.5503,607650.5503,403822.0,0.3992416797472433
2015-02-16,1013101.9503,607650.5503,405451.4,0.40020789603646273
2015-02-17,1015749.7877499999,808250.58775,207499.19999999995,0.2042818049311475
2015-02-25,1017921.3569499999,1017921.3569499999,0.0,0.0
2015-02-26,1017921.3569499999,1017921.3569499999,0.0,0.0
2015-02-27,1017921.3569499999,1017921.3569499999,0.0,0.0
2015-03-02,1017921.3569499999,1017921.3569499999,0.0,0.0
2015-03-03,1017921.3569499999,1017921.3569499999,0.0,0.0
2015-03-04,1017921.3569499999,1017921.3569499999,0.0,0.0
2015-03-05,1017921.3569499999,1017921.3569499999,0.0,0.0
2015-03-06,1017003.4314499999,818169.4314499999,198834.0,0.19550966481648052
2015-03-09,1020238.9014499999,1020238.9014499999,0.0,0.0
2015-03-10,1020238.9014499999,1020238.9014499999,0.0,0.0
2015-03-11,1020238.9014499999,1020238.9014499999,0.0,0.0
2015-03-12,1020238.9014499999,1020238.9014499999,0.0,0.0
2015-03-13,1020238.9014499999,1020238.9014499999,0.0,0.0
2015-03-16,1020238.9014499999,1020238.9014499999,0.0,0.0
2015-03-17,1020238.9014499999,1020238.9014499999,0.0,0.0
2015-03-18,1020238.9014499999,1020238.9014499999,0.0,0.0
2015-03-19,1020238.9014499999,1020238.9014499999,0.0,0.0
2015-03-20,1020238.9014499999,1020238.9014499999,0.0,0.0
2015-03-23,1020238.9014499999,1020238.9014499999,0.0,0.0
2015-03-24,1020238.9014499999,1020238.9014499999,0.0,0.0
2015-03-25,1020238.9014499999,1020238.9014499999,0.0,0.0
2015-03-26,1020238.9014499999,1020238.9014499999,0.0,0.0
2015-03-27,1020238.9014499999,1020238.9014499999,0.0,0.0
2015-03-30,1020238.9014499999,1020238.9014499999,0.0,0.0
2015-03-31,1020238.9014499999,1020238.9014499999,0.0,0.0
2015-04-01,1020238.9014499999,1020238.9014499999,0.0,0.0
2015-04-02,1020238.9014499999,1020238.9014499999,0.0,0.0
2015-04-03,1020238.9014499999,1020238.9014499999,0.0,0.0
2015-04-07,1020238.9014499999,1020238.9014499999,0.0,0.0
2015-04-08,1020238.9014499999,1020238.9014499999,0.0,0.0
2015-04-09,1020238.9014499999,1020238.9014499999,0.0,0.0
2015-04-10,1020238.9014499999,1020238.9014499999,0.0,0.0
2015-04-13,1020238.9014499999,1020238.9014499999,0.0,0.0
2015-04-14,1020238.9014499999,1020238.9014499999,0.0,0.0
2015-04-15,1020238.9014499999,1020238.9014499999,0.0,0.0
2015-04-16,1020238.9014499999,1020238.9014499999,0.0,0.0
2015-04-17,1020238.9014499999,1020238.9014499999,0.0,0.0
2015-04-20,1020238.9014499999,1020238.9014499999,0.0,0.0
2015-04-21,1020238.9014499999,1020238.9014499999,0.0,0.0
2015-04-22,1020238.9014499999,1020238.9014499999,0.0,0.0
2015-04-23,1020238.9014499999,1020238.9014499999,0.0,0.0
2015-04-24,1020238.9014499999,1020238.9014499999,0.0,0.0
2015-04-27,1020238.9014499999,1020238.9014499999,0.0,0.0
2015-04-28,1020238.9014499999,1020238.9014499999,0.0,0.0
2015-04-29,1020238.9014499999,1020238.9014499999,0.0,0.0
2015-04-30,1020238.9014499999,1020238.9014499999,0.0,0.0
2015-05-04,1020238.9014499999,1020238.9014499999,0.0,0.0
2015-05-05,1020238.9014499999,1020238.9014499999,0.0,0.0
2015-05-06,1020238.9014499999,1020238.9014499999,0.0,0.0
2015-05-07,1020238.9014499999,1020238.9014499999,0.0,0.0
2015-05-08,1023938.9326999999,820313.9326999999,203625.0,0.19886439854676308
2015-05-11,1030876.4326999999,820313.9326999999,210562.5,0.2042558092520452
2015-05-12,1033135.7139499999,1033135.7139499999,0.0,0.0
2015-05-13,1033135.7139499999,1033135.7139499999,0.0,0.0
2015-05-14,1033135.7139499999,1033135.7139499999,0.0,0.0
2015-05-15,1033135.7139499999,1033135.7139499999,0.0,0.0
2015-05-18,1030270.7476999998,833220.7476999998,197050.0,0.19126040454890034
2015-05-19,1039391.3476999998,833220.7476999998,206170.59999999998,0.19835704853251013
2015-05-20,1042716.9605499998,1042716.9605499998,0.0,0.0
2015-05-21,1042716.9605499998,1042716.9605499998,0.0,0.0
2015-05-22,1042716.9605499998,1042716.9605499998,0.0,0.0
2015-05-25,1042716.9605499998,1042716.9605499998,0.0,0.0
2015-05-26,1042716.9605499998,1042716.9605499998,0.0,0.0
2015-05-27,1042716.9605499998,1042716.9605499998,0.0,0.0
2015-05-28,1042716.9605499998,1042716.9605499998,0.0,0.0
2015-05-29,1042716.9605499998,1042716.9605499998,0.0,0.0
2015-06-01,1042716.9605499998,1042716.9605499998,0.0,0.0
2015-06-02,1042716.9605499998,1042716.9605499998,0.0,0.0
2015-06-03,1042716.9605499998,1042716.9605499998,0.0,0.0
2015-06-04,1042716.9605499998,1042716.9605499998,0.0,0.0
2015-06-05,1042716.9605499998,1042716.9605499998,0.0,0.0
2015-06-08,1042716.9605499998,1042716.9605499998,0.0,0.0
2015-06-09,1042716.9605499998,1042716.9605499998,0.0,0.0
2015-06-10,1042716.9605499998,1042716.9605499998,0.0,0.0
2015-06-11,1042716.9605499998,1042716.9605499998,0.0,0.0
2015-06-12,1042716.9605499998,1042716.9605499998,0.0,0.0
2015-06-15,1042716.9605499998,1042716.9605499998,0.0,0.0
2015-06-16,1042716.9605499998,1042716.9605499998,0.0,0.0
2015-06-17,1042716.9605499998,1042716.9605499998,0.0,0.0
2015-06-18,1042716.9605499998,1042716.9605499998,0.0,0.0
2015-06-19,1037419.9749249999,842724.4749249999,194695.5,0.18767278894362477
2015-06-23,1041871.9749249999,842724.4749249999,199147.5,0.1911439263104623
2015-06-24,1040997.4749249999,842724.4749249999,198273.0,0.19046443894043533
2015-06-25,1036306.9749249999,842724.4749249999,193582.5,0.1868003445735855
2015-06-26,988091.0426749999,443295.6426749999,544795.4,0.5513615410631676
2015-06-29,951258.6426749999,443295.6426749999,507963.0,0.5339904177601748
2015-06-30,1016337.1427249998,243245.84272499988,773091.2999999999,0.760664220070901
2015-07-01,977707.8427249999,243245.84272499988,734462.0,0.7512080479511734
2015-07-02,951169.8427249999,243245.84272499988,707924.0,0.7442666579628654
2015-07-03,930928.0427249998,243245.84272499988,687682.2,0.7387060744104625
2015-07-06,922787.3427249999,243245.84272499988,679541.5,0.7364009761916623
2015-07-07,863957.5427249998,243245.84272499988,620711.7,0.718451624419204
2015-07-08,803597.2427249999,243245.84272499988,560351.4,0.6973037862845911
2015-07-09,859663.2427249999,243245.84272499988,616417.4,0.7170451978917372
2015-07-10,921039.1427249999,243245.84272499988,677793.3,0.7359006458668748
2015-07-13,974431.8904749999,426209.09047499986,548222.8,0.5626076130705877
2015-07-14,1011180.7109999999,1011180.7109999999,0.0,0.0
2015-07-15,1011180.7109999999,1011180.7109999999,0.0,0.0
2015-07-16,1011180.7109999999,1011180.7109999999,0.0,0.0
2015-07-17,1011180.7109999999,1011180.7109999999,0.0,0.0
2015-07-20,1011180.7109999999,1011180.7109999999,0.0,0.0
2015-07-21,1011180.7109999999,1011180.7109999999,0.0,0.0
2015-07-22,1011180.7109999999,1011180.7109999999,0.0,0.0
2015-07-23,1011180.7109999999,1011180.7109999999,0.0,0.0
2015-07-24,1011180.7109999999,1011180.7109999999,0.0,0.0
2015-07-27,1011180.7109999999,1011180.7109999999,0.0,0.0
2015-07-28,1011180.7109999999,1011180.7109999999,0.0,0.0
2015-07-29,1027264.2700999998,411267.1700999999,615997.1,0.5996481313810664
2015-07-30,1016583.2700999998,411267.1700999999,605316.1,0.5954417289795216
2015-07-31,1007370.1700999999,411267.1700999999,596103.0,0.5917417625546981
2015-08-03,1013057.3700999998,411267.1700999999,601790.2,0.5940336823575911
2015-08-04,1029088.2700999998,411267.1700999999,617821.1,0.6003577321311458
2015-08-05,1016385.7700999998,411267.1700999999,605118.6,0.5953631168414172
2015-08-06,1013355.6700999999,411267.1700999999,602088.5,0.5941531860581436
2015-08-07,1021258.7700999998,411267.1700999999,609991.6,0.5972938669993215
2015-08-10,1044267.5640499998,835985.1640499998,208282.40000000002,0.1994530972428321
2015-08-11,1041461.9640499998,835985.1640499998,205476.80000000005,0.19729649962534326
2015-08-12,1038255.5640499998,835985.1640499998,202270.40000000002,0.19481754493179793
2015-08-13,1039057.1640499998,835985.1640499998,203072.0,0.19543871793200793
2015-08-14,1039057.1640499998,835985.1640499998,203072.0,0.19543871793200793
2015-08-17,1036385.1640499998,835985.1640499998,200400.0,0.19336440442361622
2015-08-18,1028903.5640499998,835985.1640499998,192918.40000000002,0.18749901034517663
2015-08-19,1028769.9640499998,835985.1640499998,192784.80000000005,0.18739349586087878
2015-08-20,1024895.5640499998,835985.1640499998,188910.40000000002,0.1843216095633174
2015-08-21,1006494.3809999998,636002.9809999998,370491.4,0.3681008130734911
2015-08-24,969423.3809999998,636002.9809999998,333420.4,0.3439368252662353
2015-08-25,937287.3809999998,636002.9809999998,301284.4,0.3214429278654719
2015-08-26,949954.9809999998,636002.9809999998,313952.0,0.3304914509417158
2015-08-27,978536.5809999998,636002.9809999998,342533.6,0.3500468011629706
2015-08-28,993657.2540999998,436245.4540999998,557411.8,0.5609698894664369
2015-08-31,987590.6540999997,436245.4540999998,551345.2,0.5582730027983566
2015-09-01,989435.0540999998,436245.4540999998,553189.6000000001,0.5590964234668105
2015-09-02,991829.8540999999,436245.4540999998,555584.4000000001,0.5601609970735808
2015-09-07,985591.4540999997,436245.4540999998,549346.0,0.557376991972439
2015-09-08,992984.4540999997,436245.4540999998,556739.0,0.5606724231192575
2015-09-09,1003081.6540999997,436245.4540999998,566836.2,0.5650947733747412
2015-09-10,1001920.2540999998,436245.4540999998,565674.8,0.5645906425039104
2015-09-11,999177.9306999998,616693.9306999998,382484.0,0.3827986870487031
2015-09-14,979289.1306999997,616693.9306999998,362595.19999999995,0.3702636827397599
2015-09-15,970003.1306999997,616693.9306999998,353309.19999999995,0.3642351130815789
2015-09-16,997194.9306999998,616693.9306999998,380501.0,0.3815713340348613
2015-09-17,990629.5021999998,790871.9752999998,199757.52689999994,0.20164706023430198
2015-09-18,990629.5021999998,790871.9752999998,199757.52689999994,0.20164706023430198
2015-09-21,990629.5021999998,790871.9752999998,199757.52689999994,0.20164706023430198
2015-09-22,990629.5021999998,790871.9752999998,199757.52689999994,0.20164706023430198
2015-09-23,990629.5021999998,790871.9752999998,199757.52689999994,0.20164706023430198
2015-09-24,990629.5021999998,790871.9752999998,199757.52689999994,0.20164706023430198
2015-09-25,990629.5021999998,790871.9752999998,199757.52689999994,0.20164706023430198
2015-09-28,990629.5021999998,790871.9752999998,199757.52689999994,0.20164706023430198
2015-09-29,990629.5021999998,790871.9752999998,199757.52689999994,0.20164706023430198
2015-09-30,990629.5021999998,790871.9752999998,199757.52689999994,0.20164706023430198
2015-10-08,999176.3959499998,799418.8690499997,199757.52690000006,0.19992218362011446
2015-10-09,999176.3959499998,799418.8690499997,199757.52690000006,0.19992218362011446
2015-10-12,999176.3959499998,799418.8690499997,199757.52690000006,0.19992218362011446
2015-10-13,999176.3959499998,799418.8690499997,199757.52690000006,0.19992218362011446
2015-10-14,999176.3959499998,799418.8690499997,199757.52690000006,0.19992218362011446
2015-10-15,999176.3959499998,799418.8690499997,199757.52690000006,0.19992218362011446
2015-10-16,999176.3959499998,799418.8690499997,199757.52690000006,0.19992218362011446
2015-10-19,999176.3959499998,799418.8690499997,199757.52690000006,0.19992218362011446
2015-10-20,999176.3959499998,799418.8690499997,199757.52690000006,0.19992218362011446
2015-10-21,999176.3959499998,799418.8690499997,199757.52690000006,0.19992218362011446
2015-10-22,999176.3959499998,799418.8690499997,199757.52690000006,0.19992218362011446
2015-10-23,999176.3959499998,799418.8690499997,199757.52690000006,0.19992218362011446
2015-10-26,999176.3959499998,799418.8690499997,199757.52690000006,0.19992218362011446
2015-10-27,999176.3959499998,799418.8690499997,199757.52690000006,0.19992218362011446
2015-10-28,999176.3959499998,799418.8690499997,199757.52690000006,0.19992218362011446
2015-10-29,999176.3959499998,799418.8690499997,199757.52690000006,0.19992218362011446
2015-10-30,999176.3959499998,799418.8690499997,199757.52690000006,0.19992218362011446
2015-11-02,999176.3959499998,799418.8690499997,199757.52690000006,0.19992218362011446
2015-11-03,999176.3959499998,799418.8690499997,199757.52690000006,0.19992218362011446
2015-11-04,999176.3959499998,799418.8690499997,199757.52690000006,0.19992218362011446
2015-11-05,999176.3959499998,799418.8690499997,199757.52690000006,0.19992218362011446
2015-11-06,999176.3959499998,799418.8690499997,199757.52690000006,0.19992218362011446
2015-11-09,999176.3959499998,799418.8690499997,199757.52690000006,0.19992218362011446
2015-11-10,999176.3959499998,799418.8690499997,199757.52690000006,0.19992218362011446
2015-11-11,999176.3959499998,799418.8690499997,199757.52690000006,0.19992218362011446
2015-11-12,999176.3959499998,799418.8690499997,199757.52690000006,0.19992218362011446
2015-11-13,999176.3959499998,799418.8690499997,199757.52690000006,0.19992218362011446
2015-11-16,999176.3959499998,799418.8690499997,199757.52690000006,0.19992218362011446
2015-11-17,999176.3959499998,799418.8690499997,199757.52690000006,0.19992218362011446
2015-11-18,999176.3959499998,799418.8690499997,199757.52690000006,0.19992218362011446
2015-11-19,999176.3959499998,799418.8690499997,199757.52690000006,0.19992218362011446
2015-11-20,999176.3959499998,799418.8690499997,199757.52690000006,0.19992218362011446
2015-11-23,999176.3959499998,799418.8690499997,199757.52690000006,0.19992218362011446
2015-11-24,999176.3959499998,799418.8690499997,199757.52690000006,0.19992218362011446
2015-11-25,999176.3959499998,799418.8690499997,199757.52690000006,0.19992218362011446
2015-11-26,999176.3959499998,799418.8690499997,199757.52690000006,0.19992218362011446
2015-11-27,999176.3959499998,799418.8690499997,199757.52690000006,0.19992218362011446
2015-11-30,999176.3959499998,799418.8690499997,199757.52690000006,0.19992218362011446
2015-12-01,999176.3959499998,799418.8690499997,199757.52690000006,0.19992218362011446
2015-12-02,999176.3959499998,799418.8690499997,199757.52690000006,0.19992218362011446
2015-12-03,999176.3959499998,799418.8690499997,199757.52690000006,0.19992218362011446
2015-12-04,999176.3959499998,799418.8690499997,199757.52690000006,0.19992218362011446
2015-12-07,999176.3959499998,799418.8690499997,199757.52690000006,0.19992218362011446
2015-12-08,999176.3959499998,799418.8690499997,199757.52690000006,0.19992218362011446
2015-12-09,999176.3959499998,799418.8690499997,199757.52690000006,0.19992218362011446
2015-12-10,999176.3959499998,799418.8690499997,199757.52690000006,0.19992218362011446
2015-12-11,999176.3959499998,799418.8690499997,199757.52690000006,0.19992218362011446
2015-12-14,999176.3959499998,799418.8690499997,199757.52690000006,0.19992218362011446
2015-12-15,999176.3959499998,799418.8690499997,199757.52690000006,0.19992218362011446
2015-12-16,999176.3959499998,799418.8690499997,199757.52690000006,0.19992218362011446
2015-12-17,999176.3959499998,799418.8690499997,199757.52690000006,0.19992218362011446
2015-12-18,999176.3959499998,799418.8690499997,199757.52690000006,0.19992218362011446
2015-12-21,999176.3959499998,799418.8690499997,199757.52690000006,0.19992218362011446
2015-12-22,999176.3959499998,799418.8690499997,199757.52690000006,0.19992218362011446
2015-12-23,999176.3959499998,799418.8690499997,199757.52690000006,0.19992218362011446
2015-12-24,999176.3959499998,799418.8690499997,199757.52690000006,0.19992218362011446
2015-12-25,999176.3959499998,799418.8690499997,199757.52690000006,0.19992218362011446
2015-12-28,999176.3959499998,799418.8690499997,199757.52690000006,0.19992218362011446
2015-12-29,999176.3959499998,799418.8690499997,199757.52690000006,0.19992218362011446
2015-12-30,999176.3959499998,799418.8690499997,199757.52690000006,0.19992218362011446
2015-12-31,999176.3959499998,799418.8690499997,199757.52690000006,0.19992218362011446
2016-01-04,999176.3959499998,799418.8690499997,199757.52690000006,0.19992218362011446
2016-01-05,999176.3959499998,799418.8690499997,199757.52690000006,0.19992218362011446
2016-01-06,999176.3959499998,799418.8690499997,199757.52690000006,0.19992218362011446
2016-01-07,999176.3959499998,799418.8690499997,199757.52690000006,0.19992218362011446
2016-01-08,999176.3959499998,799418.8690499997,199757.52690000006,0.19992218362011446
2016-01-11,999176.3959499998,799418.8690499997,199757.52690000006,0.19992218362011446
2016-01-12,999176.3959499998,799418.8690499997,199757.52690000006,0.19992218362011446
2016-01-13,999176.3959499998,799418.8690499997,199757.52690000006,0.19992218362011446
2016-01-14,999176.3959499998,799418.8690499997,199757.52690000006,0.19992218362011446
2016-01-15,999176.3959499998,799418.8690499997,199757.52690000006,0.19992218362011446
2016-01-18,999176.3959499998,799418.8690499997,199757.52690000006,0.19992218362011446
2016-01-19,999176.3959499998,799418.8690499997,199757.52690000006,0.19992218362011446
2016-01-20,999176.3959499998,799418.8690499997,199757.52690000006,0.19992218362011446
2016-01-21,999176.3959499998,799418.8690499997,199757.52690000006,0.19992218362011446
2016-01-22,999176.3959499998,799418.8690499997,199757.52690000006,0.19992218362011446
2016-01-25,999176.3959499998,799418.8690499997,199757.52690000006,0.19992218362011446
2016-01-26,999176.3959499998,799418.8690499997,199757.52690000006,0.19992218362011446
2016-01-27,999176.3959499998,799418.8690499997,199757.52690000006,0.19992218362011446
2016-01-28,999176.3959499998,799418.8690499997,199757.52690000006,0.19992218362011446
2016-01-29,999176.3959499998,799418.8690499997,199757.52690000006,0.19992218362011446
2016-02-01,999176.3959499998,799418.8690499997,199757.52690000006,0.19992218362011446
2016-02-02,999176.3959499998,799418.8690499997,199757.52690000006,0.19992218362011446
2016-02-03,999176.3959499998,799418.8690499997,199757.52690000006,0.19992218362011446
2016-02-04,999176.3959499998,799418.8690499997,199757.52690000006,0.19992218362011446
2016-02-05,999176.3959499998,799418.8690499997,199757.52690000006,0.19992218362011446
2016-02-15,999176.3959499998,799418.8690499997,199757.52690000006,0.19992218362011446
2016-02-16,999176.3959499998,799418.8690499997,199757.52690000006,0.19992218362011446
2016-02-17,999176.3959499998,799418.8690499997,199757.52690000006,0.19992218362011446
2016-02-18,999176.3959499998,799418.8690499997,199757.52690000006,0.19992218362011446
2016-02-19,999176.3959499998,799418.8690499997,199757.52690000006,0.19992218362011446
2016-02-22,999176.3959499998,799418.8690499997,199757.52690000006,0.19992218362011446
2016-02-23,999176.3959499998,799418.8690499997,199757.52690000006,0.19992218362011446
2016-02-24,999176.3959499998,799418.8690499997,199757.52690000006,0.19992218362011446
2016-02-25,999176.3959499998,799418.8690499997,199757.52690000006,0.19992218362011446
2016-02-26,999176.3959499998,799418.8690499997,199757.52690000006,0.19992218362011446
2016-02-29,999176.3959499998,799418.8690499997,199757.52690000006,0.19992218362011446
2016-03-01,999176.3959499998,799418.8690499997,199757.52690000006,0.19992218362011446
2016-03-02,999176.3959499998,799418.8690499997,199757.52690000006,0.19992218362011446
2016-03-03,999176.3959499998,799418.8690499997,199757.52690000006,0.19992218362011446
2016-03-04,999176.3959499998,799418.8690499997,199757.52690000006,0.19992218362011446
2016-03-07,999176.3959499998,799418.8690499997,199757.52690000006,0.19992218362011446
2016-03-08,999176.3959499998,799418.8690499997,199757.52690000006,0.19992218362011446
2016-03-09,999176.3959499998,799418.8690499997,199757.52690000006,0.19992218362011446
2016-03-10,999176.3959499998,799418.8690499997,199757.52690000006,0.19992218362011446
2016-03-11,999176.3959499998,799418.8690499997,199757.52690000006,0.19992218362011446
2016-03-14,999176.3959499998,799418.8690499997,199757.52690000006,0.19992218362011446
2016-03-15,999176.3959499998,799418.8690499997,199757.52690000006,0.19992218362011446
2016-03-16,999176.3959499998,799418.8690499997,199757.52690000006,0.19992218362011446
2016-03-17,999176.3959499998,799418.8690499997,199757.52690000006,0.19992218362011446
2016-03-18,999176.3959499998,799418.8690499997,199757.52690000006,0.19992218362011446
2016-03-21,999176.3959499998,799418.8690499997,199757.52690000006,0.19992218362011446
2016-03-22,999176.3959499998,799418.8690499997,199757.52690000006,0.19992218362011446
2016-03-23,999176.3959499998,799418.8690499997,199757.52690000006,0.19992218362011446
2016-03-24,999176.3959499998,799418.8690499997,199757.52690000006,0.19992218362011446
2016-03-25,999176.3959499998,799418.8690499997,199757.52690000006,0.19992218362011446
2016-03-28,999176.3959499998,799418.8690499997,199757.52690000006,0.19992218362011446
2016-03-29,999176.3959499998,799418.8690499997,199757.52690000006,0.19992218362011446
2016-03-30,999176.3959499998,799418.8690499997,199757.52690000006,0.19992218362011446
2016-03-31,999176.3959499998,799418.8690499997,199757.52690000006,0.19992218362011446
2016-04-01,999176.3959499998,799418.8690499997,199757.52690000006,0.19992218362011446
2016-04-05,999176.3959499998,799418.8690499997,199757.52690000006,0.19992218362011446
2016-04-06,999176.3959499998,799418.8690499997,199757.52690000006,0.19992218362011446
2016-04-07,999176.3959499998,799418.8690499997,199757.52690000006,0.19992218362011446
2016-04-08,999176.3959499998,799418.8690499997,199757.52690000006,0.19992218362011446
2016-04-11,999176.3959499998,799418.8690499997,199757.52690000006,0.19992218362011446
2016-04-12,999176.3959499998,799418.8690499997,199757.52690000006,0.19992218362011446
2016-04-13,999176.3959499998,799418.8690499997,199757.52690000006,0.19992218362011446
2016-04-14,999176.3959499998,799418.8690499997,199757.52690000006,0.19992218362011446
2016-04-15,999176.3959499998,799418.8690499997,199757.52690000006,0.19992218362011446
2016-04-18,999176.3959499998,799418.8690499997,199757.52690000006,0.19992218362011446
2016-04-19,999176.3959499998,799418.8690499997,199757.52690000006,0.19992218362011446
2016-04-20,999176.3959499998,799418.8690499997,199757.52690000006,0.19992218362011446
2016-04-21,999176.3959499998,799418.8690499997,199757.52690000006,0.19992218362011446
2016-04-22,999176.3959499998,799418.8690499997,199757.52690000006,0.19992218362011446
2016-04-25,999176.3959499998,799418.8690499997,199757.52690000006,0.19992218362011446
2016-04-26,999176.3959499998,799418.8690499997,199757.52690000006,0.19992218362011446
2016-04-27,999176.3959499998,799418.8690499997,199757.52690000006,0.19992218362011446
2016-04-28,999176.3959499998,799418.8690499997,199757.52690000006,0.19992218362011446
2016-04-29,999176.3959499998,799418.8690499997,199757.52690000006,0.19992218362011446
2016-05-03,999176.3959499998,799418.8690499997,199757.52690000006,0.19992218362011446
2016-05-04,999176.3959499998,799418.8690499997,199757.52690000006,0.19992218362011446
2016-05-05,999176.3959499998,799418.8690499997,199757.52690000006,0.19992218362011446
2016-05-06,999176.3959499998,799418.8690499997,199757.52690000006,0.19992218362011446
2016-05-09,999176.3959499998,799418.8690499997,199757.52690000006,0.19992218362011446
2016-05-10,999176.3959499998,799418.8690499997,199757.52690000006,0.19992218362011446
2016-05-11,999176.3959499998,799418.8690499997,199757.52690000006,0.19992218362011446
2016-05-12,999176.3959499998,799418.8690499997,199757.52690000006,0.19992218362011446
2016-05-13,999176.3959499998,799418.8690499997,199757.52690000006,0.19992218362011446
2016-05-16,999176.3959499998,799418.8690499997,199757.52690000006,0.19992218362011446
2016-05-17,999176.3959499998,799418.8690499997,199757.52690000006,0.19992218362011446
2016-05-18,999176.3959499998,799418.8690499997,199757.52690000006,0.19992218362011446
2016-05-19,999176.3959499998,799418.8690499997,199757.52690000006,0.19992218362011446
2016-05-20,999176.3959499998,799418.8690499997,199757.52690000006,0.19992218362011446
2016-05-23,999176.3959499998,799418.8690499997,199757.52690000006,0.19992218362011446
2016-05-24,999176.3959499998,799418.8690499997,199757.52690000006,0.19992218362011446
2016-05-25,999176.3959499998,799418.8690499997,199757.52690000006,0.19992218362011446
2016-05-26,999176.3959499998,799418.8690499997,199757.52690000006,0.19992218362011446
2016-05-27,999176.3959499998,799418.8690499997,199757.52690000006,0.19992218362011446
2016-05-30,999176.3959499998,799418.8690499997,199757.52690000006,0.19992218362011446
2016-05-31,999176.3959499998,799418.8690499997,199757.52690000006,0.19992218362011446
2016-06-01,999176.3959499998,799418.8690499997,199757.52690000006,0.19992218362011446
2016-06-02,999176.3959499998,799418.8690499997,199757.52690000006,0.19992218362011446
2016-06-03,999176.3959499998,799418.8690499997,199757.52690000006,0.19992218362011446
2016-06-06,999176.3959499998,799418.8690499997,199757.52690000006,0.19992218362011446
2016-06-07,999176.3959499998,799418.8690499997,199757.52690000006,0.19992218362011446
2016-06-08,999176.3959499998,799418.8690499997,199757.52690000006,0.19992218362011446
2016-06-13,999176.3959499998,799418.8690499997,199757.52690000006,0.19992218362011446
2016-06-14,999176.3959499998,799418.8690499997,199757.52690000006,0.19992218362011446
2016-06-15,999176.3959499998,799418.8690499997,199757.52690000006,0.19992218362011446
2016-06-16,999176.3959499998,799418.8690499997,199757.52690000006,0.19992218362011446
2016-06-17,999176.3959499998,799418.8690499997,199757.52690000006,0.19992218362011446
2016-06-20,999176.3959499998,799418.8690499997,199757.52690000006,0.19992218362011446
2016-06-21,999176.3959499998,799418.8690499997,199757.52690000006,0.19992218362011446
2016-06-22,999176.3959499998,799418.8690499997,199757.52690000006,0.19992218362011446
2016-06-23,999176.3959499998,799418.8690499997,199757.52690000006,0.19992218362011446
2016-06-24,999176.3959499998,799418.8690499997,199757.52690000006,0.19992218362011446
2016-06-27,999176.3959499998,799418.8690499997,199757.52690000006,0.19992218362011446
2016-06-28,999176.3959499998,799418.8690499997,199757.52690000006,0.19992218362011446
2016-06-29,999176.3959499998,799418.8690499997,199757.52690000006,0.19992218362011446
2016-06-30,999176.3959499998,799418.8690499997,199757.52690000006,0.19992218362011446
2016-07-01,999176.3959499998,799418.8690499997,199757.52690000006,0.19992218362011446
2016-07-04,999176.3959499998,799418.8690499997,199757.52690000006,0.19992218362011446
2016-07-05,999176.3959499998,799418.8690499997,199757.52690000006,0.19992218362011446
2016-07-06,999176.3959499998,799418.8690499997,199757.52690000006,0.19992218362011446
2016-07-07,999176.3959499998,799418.8690499997,199757.52690000006,0.19992218362011446
2016-07-08,999176.3959499998,799418.8690499997,199757.52690000006,0.19992218362011446
2016-07-11,999176.3959499998,799418.8690499997,199757.52690000006,0.19992218362011446
2016-07-12,999176.3959499998,799418.8690499997,199757.52690000006,0.19992218362011446
2016-07-13,999176.3959499998,799418.8690499997,199757.52690000006,0.19992218362011446
2016-07-14,999176.3959499998,799418.8690499997,199757.52690000006,0.19992218362011446
2016-07-15,999176.3959499998,799418.8690499997,199757.52690000006,0.19992218362011446
2016-07-18,999176.3959499998,799418.8690499997,199757.52690000006,0.19992218362011446
2016-07-19,999176.3959499998,799418.8690499997,199757.52690000006,0.19992218362011446
2016-07-20,999176.3959499998,799418.8690499997,199757.52690000006,0.19992218362011446
2016-07-21,999176.3959499998,799418.8690499997,199757.52690000006,0.19992218362011446
2016-07-22,999176.3959499998,799418.8690499997,199757.52690000006,0.19992218362011446
2016-07-25,999176.3959499998,799418.8690499997,199757.52690000006,0.19992218362011446
2016-07-26,999176.3959499998,799418.8690499997,199757.52690000006,0.19992218362011446
2016-07-27,999176.3959499998,799418.8690499997,199757.52690000006,0.19992218362011446
2016-07-28,999176.3959499998,799418.8690499997,199757.52690000006,0.19992218362011446
2016-07-29,999176.3959499998,799418.8690499997,199757.52690000006,0.19992218362011446
2016-08-01,999176.3959499998,799418.8690499997,199757.52690000006,0.19992218362011446
2016-08-02,999176.3959499998,799418.8690499997,199757.52690000006,0.19992218362011446
2016-08-03,999176.3959499998,799418.8690499997,199757.52690000006,0.19992218362011446
2016-08-04,999176.3959499998,799418.8690499997,199757.52690000006,0.19992218362011446
2016-08-05,999176.3959499998,799418.8690499997,199757.52690000006,0.19992218362011446
2016-08-08,999176.3959499998,799418.8690499997,199757.52690000006,0.19992218362011446
2016-08-09,999176.3959499998,799418.8690499997,199757.52690000006,0.19992218362011446
2016-08-10,999176.3959499998,799418.8690499997,199757.52690000006,0.19992218362011446
2016-08-11,999176.3959499998,799418.8690499997,199757.52690000006,0.19992218362011446
2016-08-12,999176.3959499998,799418.8690499997,199757.52690000006,0.19992218362011446
2016-08-15,999176.3959499998,799418.8690499997,199757.52690000006,0.19992218362011446
2016-08-16,999176.3959499998,799418.8690499997,199757.52690000006,0.19992218362011446
2016-08-17,999176.3959499998,799418.8690499997,199757.52690000006,0.19992218362011446
2016-08-18,999176.3959499998,799418.8690499997,199757.52690000006,0.19992218362011446
2016-08-19,999176.3959499998,799418.8690499997,199757.52690000006,0.19992218362011446
2016-08-22,999176.3959499998,799418.8690499997,199757.52690000006,0.19992218362011446
2016-08-23,999176.3959499998,799418.8690499997,199757.52690000006,0.19992218362011446
2016-08-24,999176.3959499998,799418.8690499997,199757.52690000006,0.19992218362011446
2016-08-25,999176.3959499998,799418.8690499997,199757.52690000006,0.19992218362011446
2016-08-26,999176.3959499998,799418.8690499997,199757.52690000006,0.19992218362011446
2016-08-29,999176.3959499998,799418.8690499997,199757.52690000006,0.19992218362011446
2016-08-30,999176.3959499998,799418.8690499997,199757.52690000006,0.19992218362011446
2016-08-31,999176.3959499998,799418.8690499997,199757.52690000006,0.19992218362011446
2016-09-01,999176.3959499998,799418.8690499997,199757.52690000006,0.19992218362011446
2016-09-02,999176.3959499998,799418.8690499997,199757.52690000006,0.19992218362011446
2016-09-05,999176.3959499998,799418.8690499997,199757.52690000006,0.19992218362011446
2016-09-06,999176.3959499998,799418.8690499997,199757.52690000006,0.19992218362011446
2016-09-07,999176.3959499998,799418.8690499997,199757.52690000006,0.19992218362011446
2016-09-08,999176.3959499998,799418.8690499997,199757.52690000006,0.19992218362011446
2016-09-09,999176.3959499998,799418.8690499997,199757.52690000006,0.19992218362011446
2016-09-12,999176.3959499998,799418.8690499997,199757.52690000006,0.19992218362011446
2016-09-13,999176.3959499998,799418.8690499997,199757.52690000006,0.19992218362011446
2016-09-14,999176.3959499998,799418.8690499997,199757.52690000006,0.19992218362011446
2016-09-19,999176.3959499998,799418.8690499997,199757.52690000006,0.19992218362011446
2016-09-20,999176.3959499998,799418.8690499997,199757.52690000006,0.19992218362011446
2016-09-21,999176.3959499998,799418.8690499997,199757.52690000006,0.19992218362011446
2016-09-22,999176.3959499998,799418.8690499997,199757.52690000006,0.19992218362011446
2016-09-23,999176.3959499998,799418.8690499997,199757.52690000006,0.19992218362011446
2016-09-26,999176.3959499998,799418.8690499997,199757.52690000006,0.19992218362011446
2016-09-27,999176.3959499998,799418.8690499997,199757.52690000006,0.19992218362011446
2016-09-28,999176.3959499998,799418.8690499997,199757.52690000006,0.19992218362011446
2016-09-29,999176.3959499998,799418.8690499997,199757.52690000006,0.19992218362011446
2016-09-30,999176.3959499998,799418.8690499997,199757.52690000006,0.19992218362011446
2016-10-10,999176.3959499998,799418.8690499997,199757.52690000006,0.19992218362011446
2016-10-11,999176.3959499998,799418.8690499997,199757.52690000006,0.19992218362011446
2016-10-12,999176.3959499998,799418.8690499997,199757.52690000006,0.19992218362011446
2016-10-13,999176.3959499998,799418.8690499997,199757.52690000006,0.19992218362011446
2016-10-14,999176.3959499998,799418.8690499997,199757.52690000006,0.19992218362011446
2016-10-17,999176.3959499998,799418.8690499997,199757.52690000006,0.19992218362011446
2016-10-18,999176.3959499998,799418.8690499997,199757.52690000006,0.19992218362011446
2016-10-19,999176.3959499998,799418.8690499997,199757.52690000006,0.19992218362011446
2016-10-20,999176.3959499998,799418.8690499997,199757.52690000006,0.19992218362011446
2016-10-21,999176.3959499998,799418.8690499997,199757.52690000006,0.19992218362011446
2016-10-24,999176.3959499998,799418.8690499997,199757.52690000006,0.19992218362011446
2016-10-25,999176.3959499998,799418.8690499997,199757.52690000006,0.19992218362011446
2016-10-26,999176.3959499998,799418.8690499997,199757.52690000006,0.19992218362011446
2016-10-27,999176.3959499998,799418.8690499997,199757.52690000006,0.19992218362011446
2016-10-28,999176.3959499998,799418.8690499997,199757.52690000006,0.19992218362011446
2016-10-31,999176.3959499998,799418.8690499997,199757.52690000006,0.19992218362011446
2016-11-01,999176.3959499998,799418.8690499997,199757.52690000006,0.19992218362011446
2016-11-02,999176.3959499998,799418.8690499997,199757.52690000006,0.19992218362011446
2016-11-03,999176.3959499998,799418.8690499997,199757.52690000006,0.19992218362011446
2016-11-04,999176.3959499998,799418.8690499997,199757.52690000006,0.19992218362011446
2016-11-07,999176.3959499998,799418.8690499997,199757.52690000006,0.19992218362011446
2016-11-08,999176.3959499998,799418.8690499997,199757.52690000006,0.19992218362011446
2016-11-09,999176.3959499998,799418.8690499997,199757.52690000006,0.19992218362011446
2016-11-10,999176.3959499998,799418.8690499997,199757.52690000006,0.19992218362011446
2016-11-11,999176.3959499998,799418.8690499997,199757.52690000006,0.19992218362011446
2016-11-14,999176.3959499998,799418.8690499997,199757.52690000006,0.19992218362011446
2016-11-15,999176.3959499998,799418.8690499997,199757.52690000006,0.19992218362011446
2016-11-16,999176.3959499998,799418.8690499997,199757.52690000006,0.19992218362011446
2016-11-17,999176.3959499998,799418.8690499997,199757.52690000006,0.19992218362011446
2016-11-18,999176.3959499998,799418.8690499997,199757.52690000006,0.19992218362011446
2016-11-21,999176.3959499998,799418.8690499997,199757.52690000006,0.19992218362011446
2016-11-22,999176.3959499998,799418.8690499997,199757.52690000006,0.19992218362011446
2016-11-23,999176.3959499998,799418.8690499997,199757.52690000006,0.19992218362011446
2016-11-24,999176.3959499998,799418.8690499997,199757.52690000006,0.19992218362011446
2016-11-25,999176.3959499998,799418.8690499997,199757.52690000006,0.19992218362011446
2016-11-28,999176.3959499998,799418.8690499997,199757.52690000006,0.19992218362011446
2016-11-29,999176.3959499998,799418.8690499997,199757.52690000006,0.19992218362011446
2016-11-30,999176.3959499998,799418.8690499997,199757.52690000006,0.19992218362011446
2016-12-01,999176.3959499998,799418.8690499997,199757.52690000006,0.19992218362011446
2016-12-02,999176.3959499998,799418.8690499997,199757.52690000006,0.19992218362011446
2016-12-05,999176.3959499998,799418.8690499997,199757.52690000006,0.19992218362011446
2016-12-06,999176.3959499998,799418.8690499997,199757.52690000006,0.19992218362011446
2016-12-07,999176.3959499998,799418.8690499997,199757.52690000006,0.19992218362011446
2016-12-08,999176.3959499998,799418.8690499997,199757.52690000006,0.19992218362011446
2016-12-09,999176.3959499998,799418.8690499997,199757.52690000006,0.19992218362011446
2016-12-12,999176.3959499998,799418.8690499997,199757.52690000006,0.19992218362011446
2016-12-13,999176.3959499998,799418.8690499997,199757.52690000006,0.19992218362011446
2016-12-14,999176.3959499998,799418.8690499997,199757.52690000006,0.19992218362011446
2016-12-15,999176.3959499998,799418.8690499997,199757.52690000006,0.19992218362011446
2016-12-16,999176.3959499998,799418.8690499997,199757.52690000006,0.19992218362011446
2016-12-19,999176.3959499998,799418.8690499997,199757.52690000006,0.19992218362011446
2016-12-20,999176.3959499998,799418.8690499997,199757.52690000006,0.19992218362011446
2016-12-21,999176.3959499998,799418.8690499997,199757.52690000006,0.19992218362011446
2016-12-22,999176.3959499998,799418.8690499997,199757.52690000006,0.19992218362011446
2016-12-23,999176.3959499998,799418.8690499997,199757.52690000006,0.19992218362011446
2016-12-26,999176.3959499998,799418.8690499997,199757.52690000006,0.19992218362011446
2016-12-27,999176.3959499998,799418.8690499997,199757.52690000006,0.19992218362011446
2016-12-28,999176.3959499998,799418.8690499997,199757.52690000006,0.19992218362011446
2016-12-29,999176.3959499998,799418.8690499997,199757.52690000006,0.19992218362011446
2016-12-30,999176.3959499998,799418.8690499997,199757.52690000006,0.19992218362011446
2017-01-03,999176.3959499998,799418.8690499997,199757.52690000006,0.19992218362011446
2017-01-04,999176.3959499998,799418.8690499997,199757.52690000006,0.19992218362011446
2017-01-05,999176.3959499998,799418.8690499997,199757.52690000006,0.19992218362011446
2017-01-06,999176.3959499998,799418.8690499997,199757.52690000006,0.19992218362011446
2017-01-09,999176.3959499998,799418.8690499997,199757.52690000006,0.19992218362011446
2017-01-10,999176.3959499998,799418.8690499997,199757.52690000006,0.19992218362011446
2017-01-11,999176.3959499998,799418.8690499997,199757.52690000006,0.19992218362011446
2017-01-12,999176.3959499998,799418.8690499997,199757.52690000006,0.19992218362011446
2017-01-13,999176.3959499998,799418.8690499997,199757.52690000006,0.19992218362011446
2017-01-16,999176.3959499998,799418.8690499997,199757.52690000006,0.19992218362011446
2017-01-17,999176.3959499998,799418.8690499997,199757.52690000006,0.19992218362011446
2017-01-18,999176.3959499998,799418.8690499997,199757.52690000006,0.19992218362011446
2017-01-19,999176.3959499998,799418.8690499997,199757.52690000006,0.19992218362011446
2017-01-20,999176.3959499998,799418.8690499997,199757.52690000006,0.19992218362011446
2017-01-23,999176.3959499998,799418.8690499997,199757.52690000006,0.19992218362011446
2017-01-24,999176.3959499998,799418.8690499997,199757.52690000006,0.19992218362011446
2017-01-25,999176.3959499998,799418.8690499997,199757.52690000006,0.19992218362011446
2017-01-26,999176.3959499998,799418.8690499997,199757.52690000006,0.19992218362011446
2017-02-03,999176.3959499998,799418.8690499997,199757.52690000006,0.19992218362011446
2017-02-06,999176.3959499998,799418.8690499997,199757.52690000006,0.19992218362011446
2017-02-07,999176.3959499998,799418.8690499997,199757.52690000006,0.19992218362011446
2017-02-08,999176.3959499998,799418.8690499997,199757.52690000006,0.19992218362011446
2017-02-09,999176.3959499998,799418.8690499997,199757.52690000006,0.19992218362011446
2017-02-10,999176.3959499998,799418.8690499997,199757.52690000006,0.19992218362011446
2017-02-13,999176.3959499998,799418.8690499997,199757.52690000006,0.19992218362011446
2017-02-14,999176.3959499998,799418.8690499997,199757.52690000006,0.19992218362011446
2017-02-15,999176.3959499998,799418.8690499997,199757.52690000006,0.19992218362011446
2017-02-16,999176.3959499998,799418.8690499997,199757.52690000006,0.19992218362011446
2017-02-17,999176.3959499998,799418.8690499997,199757.52690000006,0.19992218362011446
2017-02-20,999176.3959499998,799418.8690499997,199757.52690000006,0.19992218362011446
2017-02-21,999176.3959499998,799418.8690499997,199757.52690000006,0.19992218362011446
2017-02-22,999176.3959499998,799418.8690499997,199757.52690000006,0.19992218362011446
2017-02-23,999176.3959499998,799418.8690499997,199757.52690000006,0.19992218362011446
2017-02-24,999176.3959499998,799418.8690499997,199757.52690000006,0.19992218362011446
2017-02-27,999176.3959499998,799418.8690499997,199757.52690000006,0.19992218362011446
2017-02-28,999176.3959499998,799418.8690499997,199757.52690000006,0.19992218362011446
2017-03-01,999176.3959499998,799418.8690499997,199757.52690000006,0.19992218362011446
2017-03-02,999176.3959499998,799418.8690499997,199757.52690000006,0.19992218362011446
2017-03-03,999176.3959499998,799418.8690499997,199757.52690000006,0.19992218362011446
2017-03-06,999176.3959499998,799418.8690499997,199757.52690000006,0.19992218362011446
2017-03-07,999176.3959499998,799418.8690499997,199757.52690000006,0.19992218362011446
2017-03-08,999176.3959499998,799418.8690499997,199757.52690000006,0.19992218362011446
2017-03-09,999176.3959499998,799418.8690499997,199757.52690000006,0.19992218362011446
2017-03-10,999176.3959499998,799418.8690499997,199757.52690000006,0.19992218362011446
2017-03-13,999176.3959499998,799418.8690499997,199757.52690000006,0.19992218362011446
2017-03-14,999176.3959499998,799418.8690499997,199757.52690000006,0.19992218362011446
2017-03-15,999176.3959499998,799418.8690499997,199757.52690000006,0.19992218362011446
2017-03-16,999176.3959499998,799418.8690499997,199757.52690000006,0.19992218362011446
2017-03-17,999176.3959499998,799418.8690499997,199757.52690000006,0.19992218362011446
2017-03-20,999176.3959499998,799418.8690499997,199757.52690000006,0.19992218362011446
2017-03-21,999176.3959499998,799418.8690499997,199757.52690000006,0.19992218362011446
2017-03-22,999176.3959499998,799418.8690499997,199757.52690000006,0.19992218362011446
2017-03-23,999176.3959499998,799418.8690499997,199757.52690000006,0.19992218362011446
2017-03-24,999176.3959499998,799418.8690499997,199757.52690000006,0.19992218362011446
2017-03-27,999176.3959499998,799418.8690499997,199757.52690000006,0.19992218362011446
2017-03-28,999176.3959499998,799418.8690499997,199757.52690000006,0.19992218362011446
2017-03-29,999176.3959499998,799418.8690499997,199757.52690000006,0.19992218362011446
2017-03-30,999176.3959499998,799418.8690499997,199757.52690000006,0.19992218362011446
2017-03-31,999176.3959499998,799418.8690499997,199757.52690000006,0.19992218362011446
2017-04-05,999176.3959499998,799418.8690499997,199757.52690000006,0.19992218362011446
2017-04-06,999176.3959499998,799418.8690499997,199757.52690000006,0.19992218362011446
2017-04-07,999176.3959499998,799418.8690499997,199757.52690000006,0.19992218362011446
2017-04-10,999176.3959499998,799418.8690499997,199757.52690000006,0.19992218362011446
2017-04-11,999176.3959499998,799418.8690499997,199757.52690000006,0.19992218362011446
2017-04-12,999176.3959499998,799418.8690499997,199757.52690000006,0.19992218362011446
2017-04-13,999176.3959499998,799418.8690499997,199757.52690000006,0.19992218362011446
2017-04-14,999176.3959499998,799418.8690499997,199757.52690000006,0.19992218362011446
2017-04-17,999176.3959499998,799418.8690499997,199757.52690000006,0.19992218362011446
2017-04-18,999176.3959499998,799418.8690499997,199757.52690000006,0.19992218362011446
2017-04-19,999176.3959499998,799418.8690499997,199757.52690000006,0.19992218362011446
2017-04-20,999176.3959499998,799418.8690499997,199757.52690000006,0.19992218362011446
2017-04-21,999176.3959499998,799418.8690499997,199757.52690000006,0.19992218362011446
2017-04-24,999176.3959499998,799418.8690499997,199757.52690000006,0.19992218362011446
2017-04-25,999176.3959499998,799418.8690499997,199757.52690000006,0.19992218362011446
2017-04-26,999176.3959499998,799418.8690499997,199757.52690000006,0.19992218362011446
2017-04-27,999176.3959499998,799418.8690499997,199757.52690000006,0.19992218362011446
2017-04-28,999176.3959499998,799418.8690499997,199757.52690000006,0.19992218362011446
2017-05-02,999176.3959499998,799418.8690499997,199757.52690000006,0.19992218362011446
2017-05-03,999176.3959499998,799418.8690499997,199757.52690000006,0.19992218362011446
2017-05-04,999176.3959499998,799418.8690499997,199757.52690000006,0.19992218362011446
2017-05-05,999176.3959499998,799418.8690499997,199757.52690000006,0.19992218362011446
2017-05-08,999176.3959499998,799418.8690499997,199757.52690000006,0.19992218362011446
2017-05-09,999176.3959499998,799418.8690499997,199757.52690000006,0.19992218362011446
2017-05-10,999176.3959499998,799418.8690499997,199757.52690000006,0.19992218362011446
2017-05-11,999176.3959499998,799418.8690499997,199757.52690000006,0.19992218362011446
2017-05-12,999176.3959499998,799418.8690499997,199757.52690000006,0.19992218362011446
2017-05-15,999176.3959499998,799418.8690499997,199757.52690000006,0.19992218362011446
2017-05-16,999176.3959499998,799418.8690499997,199757.52690000006,0.19992218362011446
2017-05-17,999176.3959499998,799418.8690499997,199757.52690000006,0.19992218362011446
2017-05-18,999176.3959499998,799418.8690499997,199757.52690000006,0.19992218362011446
2017-05-19,999176.3959499998,799418.8690499997,199757.52690000006,0.19992218362011446
2017-05-22,999176.3959499998,799418.8690499997,199757.52690000006,0.19992218362011446
2017-05-23,999176.3959499998,799418.8690499997,199757.52690000006,0.19992218362011446
2017-05-24,999176.3959499998,799418.8690499997,199757.52690000006,0.19992218362011446
2017-05-25,999176.3959499998,799418.8690499997,199757.52690000006,0.19992218362011446
2017-05-26,999176.3959499998,799418.8690499997,199757.52690000006,0.19992218362011446
2017-05-31,999176.3959499998,799418.8690499997,199757.52690000006,0.19992218362011446
2017-06-01,999176.3959499998,799418.8690499997,199757.52690000006,0.19992218362011446
2017-06-02,999176.3959499998,799418.8690499997,199757.52690000006,0.19992218362011446
2017-06-05,999176.3959499998,799418.8690499997,199757.52690000006,0.19992218362011446
2017-06-06,999176.3959499998,799418.8690499997,199757.52690000006,0.19992218362011446
2017-06-07,999176.3959499998,799418.8690499997,199757.52690000006,0.19992218362011446
2017-06-08,999176.3959499998,799418.8690499997,199757.52690000006,0.19992218362011446
2017-06-09,999176.3959499998,799418.8690499997,199757.52690000006,0.19992218362011446
2017-06-12,999176.3959499998,799418.8690499997,199757.52690000006,0.19992218362011446
2017-06-13,999176.3959499998,799418.8690499997,199757.52690000006,0.19992218362011446
2017-06-14,999176.3959499998,799418.8690499997,199757.52690000006,0.19992218362011446
2017-06-15,999176.3959499998,799418.8690499997,199757.52690000006,0.19992218362011446
2017-06-16,999176.3959499998,799418.8690499997,199757.52690000006,0.19992218362011446
2017-06-19,999176.3959499998,799418.8690499997,199757.52690000006,0.19992218362011446
2017-06-20,999176.3959499998,799418.8690499997,199757.52690000006,0.19992218362011446
2017-06-21,999176.3959499998,799418.8690499997,199757.52690000006,0.19992218362011446
2017-06-22,999176.3959499998,799418.8690499997,199757.52690000006,0.19992218362011446
2017-06-23,999176.3959499998,799418.8690499997,199757.52690000006,0.19992218362011446
2017-06-26,999176.3959499998,799418.8690499997,199757.52690000006,0.19992218362011446
2017-06-27,999176.3959499998,799418.8690499997,199757.52690000006,0.19992218362011446
2017-06-28,999176.3959499998,799418.8690499997,199757.52690000006,0.19992218362011446
2017-06-29,999176.3959499998,799418.8690499997,199757.52690000006,0.19992218362011446
2017-06-30,999176.3959499998,799418.8690499997,199757.52690000006,0.19992218362011446
2017-07-03,999176.3959499998,799418.8690499997,199757.52690000006,0.19992218362011446
2017-07-04,999176.3959499998,799418.8690499997,199757.52690000006,0.19992218362011446
2017-07-05,999176.3959499998,799418.8690499997,199757.52690000006,0.19992218362011446
2017-07-06,999176.3959499998,799418.8690499997,199757.52690000006,0.19992218362011446
2017-07-07,999176.3959499998,799418.8690499997,199757.52690000006,0.19992218362011446
2017-07-10,999176.3959499998,799418.8690499997,199757.52690000006,0.19992218362011446
2017-07-11,999176.3959499998,799418.8690499997,199757.52690000006,0.19992218362011446
2017-07-12,999176.3959499998,799418.8690499997,199757.52690000006,0.19992218362011446
2017-07-13,999176.3959499998,799418.8690499997,199757.52690000006,0.19992218362011446
2017-07-14,999176.3959499998,799418.8690499997,199757.52690000006,0.19992218362011446
2017-07-17,999176.3959499998,799418.8690499997,199757.52690000006,0.19992218362011446
2017-07-18,999176.3959499998,799418.8690499997,199757.52690000006,0.19992218362011446
2017-07-19,999176.3959499998,799418.8690499997,199757.52690000006,0.19992218362011446
2017-07-20,999176.3959499998,799418.8690499997,199757.52690000006,0.19992218362011446
2017-07-21,999176.3959499998,799418.8690499997,199757.52690000006,0.19992218362011446
2017-07-24,999176.3959499998,799418.8690499997,199757.52690000006,0.19992218362011446
2017-07-25,999176.3959499998,799418.8690499997,199757.52690000006,0.19992218362011446
2017-07-26,999176.3959499998,799418.8690499997,199757.52690000006,0.19992218362011446
2017-07-27,999176.3959499998,799418.8690499997,199757.52690000006,0.19992218362011446
2017-07-28,999176.3959499998,799418.8690499997,199757.52690000006,0.19992218362011446
2017-07-31,999176.3959499998,799418.8690499997,199757.52690000006,0.19992218362011446
2017-08-01,999176.3959499998,799418.8690499997,199757.52690000006,0.19992218362011446
2017-08-02,999176.3959499998,799418.8690499997,199757.52690000006,0.19992218362011446
2017-08-03,999176.3959499998,799418.8690499997,199757.52690000006,0.19992218362011446
2017-08-04,999176.3959499998,799418.8690499997,199757.52690000006,0.19992218362011446
2017-08-07,999176.3959499998,799418.8690499997,199757.52690000006,0.19992218362011446
2017-08-08,999176.3959499998,799418.8690499997,199757.52690000006,0.19992218362011446
2017-08-09,999176.3959499998,799418.8690499997,199757.52690000006,0.19992218362011446
2017-08-10,999176.3959499998,799418.8690499997,199757.52690000006,0.19992218362011446
2017-08-11,999176.3959499998,799418.8690499997,199757.52690000006,0.19992218362011446
2017-08-14,999176.3959499998,799418.8690499997,199757.52690000006,0.19992218362011446
2017-08-15,999176.3959499998,799418.8690499997,199757.52690000006,0.19992218362011446
2017-08-16,999176.3959499998,799418.8690499997,199757.52690000006,0.19992218362011446
2017-08-17,999176.3959499998,799418.8690499997,199757.52690000006,0.19992218362011446
2017-08-18,999176.3959499998,799418.8690499997,199757.52690000006,0.19992218362011446
2017-08-21,999176.3959499998,799418.8690499997,199757.52690000006,0.19992218362011446
2017-08-22,999176.3959499998,799418.8690499997,199757.52690000006,0.19992218362011446
2017-08-23,999176.3959499998,799418.8690499997,199757.52690000006,0.19992218362011446
2017-08-24,999176.3959499998,799418.8690499997,199757.52690000006,0.19992218362011446
2017-08-25,999176.3959499998,799418.8690499997,199757.52690000006,0.19992218362011446
2017-08-28,999176.3959499998,799418.8690499997,199757.52690000006,0.19992218362011446
2017-08-29,999176.3959499998,799418.8690499997,199757.52690000006,0.19992218362011446
2017-08-30,999176.3959499998,799418.8690499997,199757.52690000006,0.19992218362011446
2017-08-31,999176.3959499998,799418.8690499997,199757.52690000006,0.19992218362011446
2017-09-01,999176.3959499998,799418.8690499997,199757.52690000006,0.19992218362011446
2017-09-04,999176.3959499998,799418.8690499997,199757.52690000006,0.19992218362011446
2017-09-05,999176.3959499998,799418.8690499997,199757.52690000006,0.19992218362011446
2017-09-06,999176.3959499998,799418.8690499997,199757.52690000006,0.19992218362011446
2017-09-07,999176.3959499998,799418.8690499997,199757.52690000006,0.19992218362011446
2017-09-08,999176.3959499998,799418.8690499997,199757.52690000006,0.19992218362011446
2017-09-11,999176.3959499998,799418.8690499997,199757.52690000006,0.19992218362011446
2017-09-12,999176.3959499998,799418.8690499997,199757.52690000006,0.19992218362011446
2017-09-13,999176.3959499998,799418.8690499997,199757.52690000006,0.19992218362011446
2017-09-14,999176.3959499998,799418.8690499997,199757.52690000006,0.19992218362011446
2017-09-15,999176.3959499998,799418.8690499997,199757.52690000006,0.19992218362011446
2017-09-18,999176.3959499998,799418.8690499997,199757.52690000006,0.19992218362011446
2017-09-19,999176.3959499998,799418.8690499997,199757.52690000006,0.19992218362011446
2017-09-20,999176.3959499998,799418.8690499997,199757.52690000006,0.19992218362011446
2017-09-21,999176.3959499998,799418.8690499997,199757.52690000006,0.19992218362011446
2017-09-22,999176.3959499998,799418.8690499997,199757.52690000006,0.19992218362011446
2017-09-25,999176.3959499998,799418.8690499997,199757.52690000006,0.19992218362011446
2017-09-26,999176.3959499998,799418.8690499997,199757.52690000006,0.19992218362011446
2017-09-27,999696.9201499998,599465.6932499998,400231.2269,0.4003525656955582
2017-09-28,1000153.3201499998,599465.6932499998,400687.62690000003,0.4006262028304882
2017-09-29,1002321.2201499997,599465.6932499998,402855.52689999994,0.40192257611757604
2017-10-09,1002726.7315499997,802969.2046499997,199757.52689999994,0.19921432292048083
2017-10-10,1002726.7315499997,802969.2046499997,199757.52689999994,0.19921432292048083
2017-10-11,1002726.7315499997,802969.2046499997,199757.52689999994,0.19921432292048083
2017-10-12,1002726.7315499997,802969.2046499997,199757.52689999994,0.19921432292048083
2017-10-13,1002726.7315499997,802969.2046499997,199757.52689999994,0.19921432292048083
2017-10-16,1002726.7315499997,802969.2046499997,199757.52689999994,0.19921432292048083
2017-10-17,1002726.7315499997,802969.2046499997,199757.52689999994,0.19921432292048083
2017-10-18,1002726.7315499997,802969.2046499997,199757.52689999994,0.19921432292048083
2017-10-19,1002726.7315499997,802969.2046499997,199757.52689999994,0.19921432292048083
2017-10-20,1002726.7315499997,802969.2046499997,199757.52689999994,0.19921432292048083
2017-10-23,1002726.7315499997,802969.2046499997,199757.52689999994,0.19921432292048083
2017-10-24,1002726.7315499997,802969.2046499997,199757.52689999994,0.19921432292048083
2017-10-25,1002726.7315499997,802969.2046499997,199757.52689999994,0.19921432292048083
2017-10-26,1002726.7315499997,802969.2046499997,199757.52689999994,0.19921432292048083
2017-10-27,1002726.7315499997,802969.2046499997,199757.52689999994,0.19921432292048083
2017-10-30,1002726.7315499997,802969.2046499997,199757.52689999994,0.19921432292048083
2017-10-31,1002726.7315499997,802969.2046499997,199757.52689999994,0.19921432292048083
2017-11-01,1002726.7315499997,802969.2046499997,199757.52689999994,0.19921432292048083
2017-11-02,1002726.7315499997,802969.2046499997,199757.52689999994,0.19921432292048083
2017-11-03,1002726.7315499997,802969.2046499997,199757.52689999994,0.19921432292048083
2017-11-06,1002726.7315499997,802969.2046499997,199757.52689999994,0.19921432292048083
2017-11-07,1002726.7315499997,802969.2046499997,199757.52689999994,0.19921432292048083
2017-11-08,1002726.7315499997,802969.2046499997,199757.52689999994,0.19921432292048083
2017-11-09,1002726.7315499997,802969.2046499997,199757.52689999994,0.19921432292048083
2017-11-10,1002726.7315499997,802969.2046499997,199757.52689999994,0.19921432292048083
2017-11-13,1002726.7315499997,802969.2046499997,199757.52689999994,0.19921432292048083
2017-11-14,1002726.7315499997,802969.2046499997,199757.52689999994,0.19921432292048083
2017-11-15,1002726.7315499997,802969.2046499997,199757.52689999994,0.19921432292048083
2017-11-16,1002726.7315499997,802969.2046499997,199757.52689999994,0.19921432292048083
2017-11-17,1002726.7315499997,802969.2046499997,199757.52689999994,0.19921432292048083
2017-11-20,1002726.7315499997,802969.2046499997,199757.52689999994,0.19921432292048083
2017-11-21,1002726.7315499997,802969.2046499997,199757.52689999994,0.19921432292048083
2017-11-22,1002726.7315499997,802969.2046499997,199757.52689999994,0.19921432292048083
2017-11-23,1002726.7315499997,802969.2046499997,199757.52689999994,0.19921432292048083
2017-11-24,1002726.7315499997,802969.2046499997,199757.52689999994,0.19921432292048083
2017-11-27,1002726.7315499997,802969.2046499997,199757.52689999994,0.19921432292048083
2017-11-28,1002726.7315499997,802969.2046499997,199757.52689999994,0.19921432292048083
2017-11-29,1002726.7315499997,802969.2046499997,199757.52689999994,0.19921432292048083
2017-11-30,1002726.7315499997,802969.2046499997,199757.52689999994,0.19921432292048083
2017-12-01,1002726.7315499997,802969.2046499997,199757.52689999994,0.19921432292048083
2017-12-04,1002726.7315499997,802969.2046499997,199757.52689999994,0.19921432292048083
2017-12-05,1002726.7315499997,802969.2046499997,199757.52689999994,0.19921432292048083
2017-12-06,1002726.7315499997,802969.2046499997,199757.52689999994,0.19921432292048083
2017-12-07,1002726.7315499997,802969.2046499997,199757.52689999994,0.19921432292048083
2017-12-08,1002726.7315499997,802969.2046499997,199757.52689999994,0.19921432292048083
2017-12-11,1002726.7315499997,802969.2046499997,199757.52689999994,0.19921432292048083
2017-12-12,1002726.7315499997,802969.2046499997,199757.52689999994,0.19921432292048083
2017-12-13,1002726.7315499997,802969.2046499997,199757.52689999994,0.19921432292048083
2017-12-14,1002726.7315499997,802969.2046499997,199757.52689999994,0.19921432292048083
2017-12-15,1002726.7315499997,802969.2046499997,199757.52689999994,0.19921432292048083
2017-12-18,1002726.7315499997,802969.2046499997,199757.52689999994,0.19921432292048083
2017-12-19,1002726.7315499997,802969.2046499997,199757.52689999994,0.19921432292048083
2017-12-20,1002726.7315499997,802969.2046499997,199757.52689999994,0.19921432292048083
2017-12-21,1002726.7315499997,802969.2046499997,199757.52689999994,0.19921432292048083
2017-12-22,1002726.7315499997,802969.2046499997,199757.52689999994,0.19921432292048083
2017-12-25,1002726.7315499997,802969.2046499997,199757.52689999994,0.19921432292048083
2017-12-26,1002726.7315499997,802969.2046499997,199757.52689999994,0.19921432292048083
2017-12-27,1002726.7315499997,802969.2046499997,199757.52689999994,0.19921432292048083
2017-12-28,1002726.7315499997,802969.2046499997,199757.52689999994,0.19921432292048083
2017-12-29,1002726.7315499997,802969.2046499997,199757.52689999994,0.19921432292048083
2018-01-02,1002726.7315499997,802969.2046499997,199757.52689999994,0.19921432292048083
2018-01-03,1002726.7315499997,802969.2046499997,199757.52689999994,0.19921432292048083
2018-01-04,1002726.7315499997,802969.2046499997,199757.52689999994,0.19921432292048083
2018-01-05,1002726.7315499997,802969.2046499997,199757.52689999994,0.19921432292048083
2018-01-08,1002726.7315499997,802969.2046499997,199757.52689999994,0.19921432292048083
2018-01-09,1002726.7315499997,802969.2046499997,199757.52689999994,0.19921432292048083
2018-01-10,1002726.7315499997,802969.2046499997,199757.52689999994,0.19921432292048083
2018-01-11,1002726.7315499997,802969.2046499997,199757.52689999994,0.19921432292048083
2018-01-12,1002726.7315499997,802969.2046499997,199757.52689999994,0.19921432292048083
2018-01-15,1002726.7315499997,802969.2046499997,199757.52689999994,0.19921432292048083
2018-01-16,1002726.7315499997,802969.2046499997,199757.52689999994,0.19921432292048083
2018-01-17,1002726.7315499997,802969.2046499997,199757.52689999994,0.19921432292048083
2018-01-18,1002726.7315499997,802969.2046499997,199757.52689999994,0.19921432292048083
2018-01-19,1002726.7315499997,802969.2046499997,199757.52689999994,0.19921432292048083
2018-01-22,1002726.7315499997,802969.2046499997,199757.52689999994,0.19921432292048083
2018-01-23,1002726.7315499997,802969.2046499997,199757.52689999994,0.19921432292048083
2018-01-24,1002726.7315499997,802969.2046499997,199757.52689999994,0.19921432292048083
2018-01-25,1002726.7315499997,802969.2046499997,199757.52689999994,0.19921432292048083
2018-01-26,1002726.7315499997,802969.2046499997,199757.52689999994,0.19921432292048083
2018-01-29,1002726.7315499997,802969.2046499997,199757.52689999994,0.19921432292048083
2018-01-30,1002726.7315499997,802969.2046499997,199757.52689999994,0.19921432292048083
2018-01-31,1002726.7315499997,802969.2046499997,199757.52689999994,0.19921432292048083
2018-02-01,1002726.7315499997,802969.2046499997,199757.52689999994,0.19921432292048083
2018-02-02,1002726.7315499997,802969.2046499997,199757.52689999994,0.19921432292048083
2018-02-05,1002726.7315499997,802969.2046499997,199757.52689999994,0.19921432292048083
2018-02-06,1002726.7315499997,802969.2046499997,199757.52689999994,0.19921432292048083
2018-02-07,1002726.7315499997,802969.2046499997,199757.52689999994,0.19921432292048083
2018-02-08,1002726.7315499997,802969.2046499997,199757.52689999994,0.19921432292048083
2018-02-09,1002726.7315499997,802969.2046499997,199757.52689999994,0.19921432292048083
2018-02-12,1002726.7315499997,802969.2046499997,199757.52689999994,0.19921432292048083
2018-02-13,1002726.7315499997,802969.2046499997,199757.52689999994,0.19921432292048083
2018-02-14,1002726.7315499997,802969.2046499997,199757.52689999994,0.19921432292048083
2018-02-22,1002726.7315499997,802969.2046499997,199757.52689999994,0.19921432292048083
2018-02-23,1002726.7315499997,802969.2046499997,199757.52689999994,0.19921432292048083
2018-02-26,1002726.7315499997,802969.2046499997,199757.52689999994,0.19921432292048083
2018-02-27,1002726.7315499997,802969.2046499997,199757.52689999994,0.19921432292048083
2018-02-28,1002726.7315499997,802969.2046499997,199757.52689999994,0.19921432292048083
2018-03-01,1002726.7315499997,802969.2046499997,199757.52689999994,0.19921432292048083
2018-03-02,1002726.7315499997,802969.2046499997,199757.52689999994,0.19921432292048083
2018-03-05,1002726.7315499997,802969.2046499997,199757.52689999994,0.19921432292048083
2018-03-06,1002726.7315499997,802969.2046499997,199757.52689999994,0.19921432292048083
2018-03-07,1002726.7315499997,802969.2046499997,199757.52689999994,0.19921432292048083
2018-03-08,1002726.7315499997,802969.2046499997,199757.52689999994,0.19921432292048083
2018-03-09,1002726.7315499997,802969.2046499997,199757.52689999994,0.19921432292048083
2018-03-12,1002726.7315499997,802969.2046499997,199757.52689999994,0.19921432292048083
2018-03-13,1002726.7315499997,802969.2046499997,199757.52689999994,0.19921432292048083
2018-03-14,1002726.7315499997,802969.2046499997,199757.52689999994,0.19921432292048083
2018-03-15,1002726.7315499997,802969.2046499997,199757.52689999994,0.19921432292048083
2018-03-16,1002726.7315499997,802969.2046499997,199757.52689999994,0.19921432292048083
2018-03-19,1002726.7315499997,802969.2046499997,199757.52689999994,0.19921432292048083
2018-03-20,1002726.7315499997,802969.2046499997,199757.52689999994,0.19921432292048083
2018-03-21,1002726.7315499997,802969.2046499997,199757.52689999994,0.19921432292048083
2018-03-22,1002726.7315499997,802969.2046499997,199757.52689999994,0.19921432292048083
2018-03-23,1000792.3444749997,602970.9175749997,397821.42689999996,0.39750646484880037
2018-03-26,998773.3444749997,602970.9175749997,395802.42689999996,0.3962885364226971
2018-03-27,997767.1659499997,403006.8390499997,594760.3269,0.5960912998512167
2018-03-28,992885.5659499996,403006.8390499997,589878.7268999999,0.594105450949526
2018-03-29,1003012.9805999997,203015.4536999997,799997.5268999999,0.7975943904748307
2018-03-30,1001577.9805999997,203015.4536999997,798562.5268999999,0.797304396030769
2018-04-02,998297.9805999997,203015.4536999997,795282.5268999999,0.7966384209472378
2018-04-03,990097.9805999997,203015.4536999997,787082.5268999999,0.7949541785985945
2018-04-04,990302.9805999997,203015.4536999997,787287.5268999999,0.7949966245915995
2018-04-09,989892.9805999997,203015.4536999997,786877.5268999999,0.7949117150250457
2018-04-10,1000552.9805999997,203015.4536999997,797537.5268999999,0.7970967478621094
2018-04-11,1005062.9805999997,203015.4536999997,802047.5268999999,0.7980072317669047
2018-04-12,998912.9805999997,203015.4536999997,795897.5268999999,0.7967636244169558
2018-04-13,996247.9805999997,203015.4536999997,793232.5268999999,0.7962199596352187
2018-04-16,985382.9805999997,203015.4536999997,782367.5268999999,0.7939730463211536
2018-04-17,980462.9805999997,203015.4536999997,777447.5268999999,0.7929391953424255
2018-04-18,981817.5215999996,3129.49469999969,978688.0268999999,0.9968125495510615
2018-04-19,987028.5215999996,3129.49469999969,983899.0268999999,0.9968293776405501
2018-04-20,976694.5215999996,3129.49469999969,973565.0268999999,0.9967958305992409
2018-04-23,973652.5215999996,3129.49469999969,970523.0268999999,0.9967858197554329
2018-04-24,991920.3315999997,588717.8046999997,403202.52689999994,0.4064868054973943
2018-04-25,991445.1315999997,588717.8046999997,402727.3269,0.40620233441469056
2018-04-26,987524.7315999997,588717.8046999997,398806.92689999996,0.40384500168805704
2018-04-27,989353.9338999997,388677.00699999975,600676.9269,0.6071405857074342
2018-05-02,990213.7338999998,388677.00699999975,601536.7269,0.6074817045112286
2018-05-03,995565.1338999998,388677.00699999975,606888.1269,0.6095915839505076
2018-05-04,995419.1310999998,593437.0041999997,401982.12690000003,0.4038320284800885
2018-05-07,998214.8631999998,798457.3362999997,199757.52690000006,0.20011475912072965
2018-05-08,998214.8631999998,798457.3362999997,199757.52690000006,0.20011475912072965
2018-05-09,998214.8631999998,798457.3362999997,199757.52690000006,0.20011475912072965
2018-05-10,998214.8631999998,798457.3362999997,199757.52690000006,0.20011475912072965
2018-05-11,998214.8631999998,798457.3362999997,199757.52690000006,0.20011475912072965
2018-05-14,998214.8631999998,798457.3362999997,199757.52690000006,0.20011475912072965
2018-05-15,998214.8631999998,798457.3362999997,199757.52690000006,0.20011475912072965
2018-05-16,998214.8631999998,798457.3362999997,199757.52690000006,0.20011475912072965
2018-05-17,998214.8631999998,798457.3362999997,199757.52690000006,0.20011475912072965
2018-05-18,998214.8631999998,798457.3362999997,199757.52690000006,0.20011475912072965
2018-05-21,998214.8631999998,798457.3362999997,199757.52690000006,0.20011475912072965
2018-05-22,998214.8631999998,798457.3362999997,199757.52690000006,0.20011475912072965
2018-05-23,998214.8631999998,798457.3362999997,199757.52690000006,0.20011475912072965
2018-05-24,998214.8631999998,798457.3362999997,199757.52690000006,0.20011475912072965
2018-05-25,998214.8631999998,798457.3362999997,199757.52690000006,0.20011475912072965
2018-05-28,998214.8631999998,798457.3362999997,199757.52690000006,0.20011475912072965
2018-05-29,998214.8631999998,798457.3362999997,199757.52690000006,0.20011475912072965
2018-05-30,998214.8631999998,798457.3362999997,199757.52690000006,0.20011475912072965
2018-05-31,998214.8631999998,798457.3362999997,199757.52690000006,0.20011475912072965
2018-06-01,998214.8631999998,798457.3362999997,199757.52690000006,0.20011475912072965
2018-06-04,998214.8631999998,798457.3362999997,199757.52690000006,0.20011475912072965
2018-06-05,1002614.4978999997,598546.1709999997,404068.3269,0.40301464595448283
2018-06-06,1002243.6978999998,598546.1709999997,403697.52690000006,0.40279377934315486
2018-06-07,1000513.2978999997,598546.1709999997,401967.1268999999,0.40176090387174057
2018-06-08,998535.6978999998,598546.1709999997,399989.52690000006,0.4005760913117177
2018-06-11,996187.2978999998,598546.1709999997,397641.12690000003,0.3991630165715247
2018-06-12,998412.0978999997,598546.1709999997,399865.92689999996,0.40050188468374337
2018-06-13,995692.8978999997,598546.1709999997,397146.7269,0.398864677791331
2018-06-14,994456.8978999997,598546.1709999997,395910.7269,0.3981175330334044
2018-06-15,990378.0978999997,598546.1709999997,391831.92689999996,0.3956387239689987
2018-06-19,979624.8978999997,598546.1709999997,381078.7269,0.38900473815733966
2018-06-20,983121.7340499999,398640.8071499998,584480.9269000001,0.5945153144892984
2018-06-21,973490.6340499998,398640.8071499998,574849.8269,0.5905037057300285
2018-06-22,984266.4601749998,198695.33327499978,785571.1269,0.7981285136550601
2018-06-25,979870.8601749997,198695.33327499978,781175.5268999999,0.7972229389089969
2018-06-26,991858.8601749997,198695.33327499978,793163.5268999999,0.7996737829816404
2018-06-27,984266.4601749998,198695.33327499978,785571.1269,0.7981285136550601
2018-06-28,982668.0601749996,198695.33327499978,783972.7268999999,0.7978001511114395
2018-06-29,1007443.2601749998,198695.33327499978,808747.9269000001,0.8027726809741275
2018-07-02,999051.6601749997,198695.33327499978,800356.3269,0.8011160571614534
2018-07-03,1005844.8601749997,198695.33327499978,807149.5268999999,0.8024592647016855
2018-07-04,992258.4601749998,198695.33327499978,793563.1269,0.7997544578859456
2018-07-05,978672.0601749996,198695.33327499978,779976.7268999999,0.7969745521911902
2018-07-06,983467.2601749998,198695.33327499978,784771.9269000001,0.7979644658027115
2018-07-09,999451.2601749998,198695.33327499978,800755.9269000001,0.8011955748195174
2018-07-10,998102.5102749998,798344.9833749998,199757.52689999994,0.2001372853425268
2018-07-11,998102.5102749998,798344.9833749998,199757.52689999994,0.2001372853425268
2018-07-12,998102.5102749998,798344.9833749998,199757.52689999994,0.2001372853425268
2018-07-13,998102.5102749998,798344.9833749998,199757.52689999994,0.2001372853425268
2018-07-16,998102.5102749998,798344.9833749998,199757.52689999994,0.2001372853425268
2018-07-17,998102.5102749998,798344.9833749998,199757.52689999994,0.2001372853425268
2018-07-18,998102.5102749998,798344.9833749998,199757.52689999994,0.2001372853425268
2018-07-19,998102.5102749998,798344.9833749998,199757.52689999994,0.2001372853425268
2018-07-20,998102.5102749998,798344.9833749998,199757.52689999994,0.2001372853425268
2018-07-23,998102.5102749998,798344.9833749998,199757.52689999994,0.2001372853425268
2018-07-24,998102.5102749998,798344.9833749998,199757.52689999994,0.2001372853425268
2018-07-25,998102.5102749998,798344.9833749998,199757.52689999994,0.2001372853425268
2018-07-26,998102.5102749998,798344.9833749998,199757.52689999994,0.2001372853425268
2018-07-27,998102.5102749998,798344.9833749998,199757.52689999994,0.2001372853425268
2018-07-30,998102.5102749998,798344.9833749998,199757.52689999994,0.2001372853425268
2018-07-31,998102.5102749998,798344.9833749998,199757.52689999994,0.2001372853425268
2018-08-01,998102.5102749998,798344.9833749998,199757.52689999994,0.2001372853425268
2018-08-02,998102.5102749998,798344.9833749998,199757.52689999994,0.2001372853425268
2018-08-03,998102.5102749998,798344.9833749998,199757.52689999994,0.2001372853425268
2018-08-06,998102.5102749998,798344.9833749998,199757.52689999994,0.2001372853425268
2018-08-07,998102.5102749998,798344.9833749998,199757.52689999994,0.2001372853425268
2018-08-08,998102.5102749998,798344.9833749998,199757.52689999994,0.2001372853425268
2018-08-09,998102.5102749998,798344.9833749998,199757.52689999994,0.2001372853425268
2018-08-10,998102.5102749998,798344.9833749998,199757.52689999994,0.2001372853425268
2018-08-13,998102.5102749998,798344.9833749998,199757.52689999994,0.2001372853425268
2018-08-14,998102.5102749998,798344.9833749998,199757.52689999994,0.2001372853425268
2018-08-15,998102.5102749998,798344.9833749998,199757.52689999994,0.2001372853425268
2018-08-16,998102.5102749998,798344.9833749998,199757.52689999994,0.2001372853425268
2018-08-17,998102.5102749998,798344.9833749998,199757.52689999994,0.2001372853425268
2018-08-20,998102.5102749998,798344.9833749998,199757.52689999994,0.2001372853425268
2018-08-21,998102.5102749998,798344.9833749998,199757.52689999994,0.2001372853425268
2018-08-22,998102.5102749998,798344.9833749998,199757.52689999994,0.2001372853425268
2018-08-23,998102.5102749998,798344.9833749998,199757.52689999994,0.2001372853425268
2018-08-24,998102.5102749998,798344.9833749998,199757.52689999994,0.2001372853425268
2018-08-27,998102.5102749998,798344.9833749998,199757.52689999994,0.2001372853425268
2018-08-28,998102.5102749998,798344.9833749998,199757.52689999994,0.2001372853425268
2018-08-29,998102.5102749998,798344.9833749998,199757.52689999994,0.2001372853425268
2018-08-30,998102.5102749998,798344.9833749998,199757.52689999994,0.2001372853425268
2018-08-31,998102.5102749998,798344.9833749998,199757.52689999994,0.2001372853425268
2018-09-03,998102.5102749998,798344.9833749998,199757.52689999994,0.2001372853425268
2018-09-04,998102.5102749998,798344.9833749998,199757.52689999994,0.2001372853425268
2018-09-05,998102.5102749998,798344.9833749998,199757.52689999994,0.2001372853425268
2018-09-06,998102.5102749998,798344.9833749998,199757.52689999994,0.2001372853425268
2018-09-07,998102.5102749998,798344.9833749998,199757.52689999994,0.2001372853425268
2018-09-10,998102.5102749998,798344.9833749998,199757.52689999994,0.2001372853425268
2018-09-11,998102.5102749998,798344.9833749998,199757.52689999994,0.2001372853425268
2018-09-12,998102.5102749998,798344.9833749998,199757.52689999994,0.2001372853425268
2018-09-13,998102.5102749998,798344.9833749998,199757.52689999994,0.2001372853425268
2018-09-14,998102.5102749998,798344.9833749998,199757.52689999994,0.2001372853425268
2018-09-17,998102.5102749998,798344.9833749998,199757.52689999994,0.2001372853425268
2018-09-18,1001937.5103249998,598295.1834249998,403642.3269,0.40286177804548906
2018-09-19,1003802.3103249999,598295.1834249998,405507.12690000003,0.403971103402531
2018-09-20,1003180.7103249999,598295.1834249998,404885.52690000006,0.4036017865303944
2018-09-21,1006754.9103249998,598295.1834249998,408459.7269,0.4057191305559576
2018-09-25,1005977.9103249998,598295.1834249998,407682.7269,0.40526011825477415
2018-09-26,1006702.7347749998,806945.2078749998,199757.52689999994,0.19842751986230192
2018-09-27,1006702.7347749998,806945.2078749998,199757.52689999994,0.19842751986230192
2018-09-28,1006702.7347749998,806945.2078749998,199757.52689999994,0.19842751986230192
2018-10-08,1006702.7347749998,806945.2078749998,199757.52689999994,0.19842751986230192
2018-10-09,1001154.1409249998,606919.8140249999,394234.3269,0.3937798494602976
2018-10-10,1002890.5409249999,606919.8140249999,395970.7269,0.39482945619846294
2018-10-11,976304.9459249999,406889.81902499986,569415.1269,0.5832349096219193
2018-10-12,983413.7459249999,406889.81902499986,576523.9269000001,0.58624757818259
2018-10-15,979090.5479249997,206847.82102499987,772242.7268999999,0.7887347381063219
2018-10-16,969142.1479249998,206847.82102499987,762294.3269,0.7865660662185879
2018-10-17,969142.1479249998,206847.82102499987,762294.3269,0.7865660662185879
2018-10-18,954671.7479249999,206847.82102499987,747823.9269000001,0.7833309496435941
2018-10-19,966428.9479249999,206847.82102499987,759581.1269,0.7859668613309663
2018-10-22,996274.1479249998,206847.82102499987,789426.3269,0.7923786123971858
2018-10-23,987230.1479249998,206847.82102499987,780382.3269,0.7904765961009589
2018-10-24,987230.1479249998,206847.82102499987,780382.3269,0.7904765961009589
2018-10-25,979090.5479249997,206847.82102499987,772242.7268999999,0.7887347381063219
2018-10-26,977281.7479249999,206847.82102499987,770433.9269000001,0.788343718212085
2018-10-29,969142.1479249998,206847.82102499987,762294.3269,0.7865660662185879
2018-10-30,973664.1479249998,206847.82102499987,766816.3269,0.7875573199795654
2018-10-31,979994.9479249999,206847.82102499987,773147.1269,0.7889297067673964
2018-11-01,986180.8178249998,786423.2909249999,199757.52689999994,0.2025566947657335
2018-11-02,986180.8178249998,786423.2909249999,199757.52689999994,0.2025566947657335
2018-11-05,986180.8178249998,786423.2909249999,199757.52689999994,0.2025566947657335
2018-11-06,986180.8178249998,786423.2909249999,199757.52689999994,0.2025566947657335
2018-11-07,986180.8178249998,786423.2909249999,199757.52689999994,0.2025566947657335
2018-11-08,986180.8178249998,786423.2909249999,199757.52689999994,0.2025566947657335
2018-11-09,986180.8178249998,786423.2909249999,199757.52689999994,0.2025566947657335
2018-11-12,986180.8178249998,786423.2909249999,199757.52689999994,0.2025566947657335
2018-11-13,986180.8178249998,786423.2909249999,199757.52689999994,0.2025566947657335
2018-11-14,986180.8178249998,786423.2909249999,199757.52689999994,0.2025566947657335
2018-11-15,986180.8178249998,786423.2909249999,199757.52689999994,0.2025566947657335
2018-11-16,986180.8178249998,786423.2909249999,199757.52689999994,0.2025566947657335
2018-11-19,986180.8178249998,786423.2909249999,199757.52689999994,0.2025566947657335
2018-11-20,986180.8178249998,786423.2909249999,199757.52689999994,0.2025566947657335
2018-11-21,986180.8178249998,786423.2909249999,199757.52689999994,0.2025566947657335
2018-11-22,986180.8178249998,786423.2909249999,199757.52689999994,0.2025566947657335
2018-11-23,986180.8178249998,786423.2909249999,199757.52689999994,0.2025566947657335
2018-11-26,986180.8178249998,786423.2909249999,199757.52689999994,0.2025566947657335
2018-11-27,986180.8178249998,786423.2909249999,199757.52689999994,0.2025566947657335
2018-11-28,986180.8178249998,786423.2909249999,199757.52689999994,0.2025566947657335
2018-11-29,986180.8178249998,786423.2909249999,199757.52689999994,0.2025566947657335
2018-11-30,986180.8178249998,786423.2909249999,199757.52689999994,0.2025566947657335
2018-12-03,986180.8178249998,786423.2909249999,199757.52689999994,0.2025566947657335
2018-12-04,986180.8178249998,786423.2909249999,199757.52689999994,0.2025566947657335
2018-12-05,986180.8178249998,786423.2909249999,199757.52689999994,0.2025566947657335
2018-12-06,986180.8178249998,786423.2909249999,199757.52689999994,0.2025566947657335
2018-12-07,986180.8178249998,786423.2909249999,199757.52689999994,0.2025566947657335
2018-12-10,986180.8178249998,786423.2909249999,199757.52689999994,0.2025566947657335
2018-12-11,986180.8178249998,786423.2909249999,199757.52689999994,0.2025566947657335
2018-12-12,986180.8178249998,786423.2909249999,199757.52689999994,0.2025566947657335
2018-12-13,986180.8178249998,786423.2909249999,199757.52689999994,0.2025566947657335
2018-12-14,986180.8178249998,786423.2909249999,199757.52689999994,0.2025566947657335
2018-12-17,986180.8178249998,786423.2909249999,199757.52689999994,0.2025566947657335
2018-12-18,986180.8178249998,786423.2909249999,199757.52689999994,0.2025566947657335
2018-12-19,986180.8178249998,786423.2909249999,199757.52689999994,0.2025566947657335
2018-12-20,986180.8178249998,786423.2909249999,199757.52689999994,0.2025566947657335
2018-12-21,986180.8178249998,786423.2909249999,199757.52689999994,0.2025566947657335
2018-12-24,986180.8178249998,786423.2909249999,199757.52689999994,0.2025566947657335
2018-12-25,986180.8178249998,786423.2909249999,199757.52689999994,0.2025566947657335
2018-12-26,986180.8178249998,786423.2909249999,199757.52689999994,0.2025566947657335
2018-12-27,986180.8178249998,786423.2909249999,199757.52689999994,0.2025566947657335
2018-12-28,986180.8178249998,786423.2909249999,199757.52689999994,0.2025566947657335
2019-01-02,986180.8178249998,786423.2909249999,199757.52689999994,0.2025566947657335
2019-01-03,985658.0192249999,586378.8923249999,399279.12690000003,0.405088904175856
2019-01-04,988337.2192249999,586378.8923249999,401958.3269,0.40670159848396054
2019-01-07,990307.2192249999,586378.8923249999,403928.3269,0.40788183611961193
2019-01-08,990701.2192249999,586378.8923249999,404322.3269,0.40811732039281323
2019-01-09,990650.0780249999,790892.5511249999,199757.52690000006,0.2016428720202039
2019-01-10,990650.0780249999,790892.5511249999,199757.52690000006,0.2016428720202039
2019-01-11,990650.0780249999,790892.5511249999,199757.52690000006,0.2016428720202039
2019-01-14,990650.0780249999,790892.5511249999,199757.52690000006,0.2016428720202039
2019-01-15,990650.0780249999,790892.5511249999,199757.52690000006,0.2016428720202039
2019-01-16,990650.0780249999,790892.5511249999,199757.52690000006,0.2016428720202039
2019-01-17,990650.0780249999,790892.5511249999,199757.52690000006,0.2016428720202039
2019-01-18,990650.0780249999,790892.5511249999,199757.52690000006,0.2016428720202039
2019-01-21,990650.0780249999,790892.5511249999,199757.52690000006,0.2016428720202039
2019-01-22,990650.0780249999,790892.5511249999,199757.52690000006,0.2016428720202039
2019-01-23,990650.0780249999,790892.5511249999,199757.52690000006,0.2016428720202039
2019-01-24,990650.0780249999,790892.5511249999,199757.52690000006,0.2016428720202039
2019-01-25,990650.0780249999,790892.5511249999,199757.52690000006,0.2016428720202039
2019-01-28,990650.0780249999,790892.5511249999,199757.52690000006,0.2016428720202039
2019-01-29,990650.0780249999,790892.5511249999,199757.52690000006,0.2016428720202039
2019-01-30,990650.0780249999,790892.5511249999,199757.52690000006,0.2016428720202039
2019-01-31,990650.0780249999,790892.5511249999,199757.52690000006,0.2016428720202039
2019-02-01,990650.0780249999,790892.5511249999,199757.52690000006,0.2016428720202039
2019-02-11,990650.0780249999,790892.5511249999,199757.52690000006,0.2016428720202039
2019-02-12,990650.0780249999,790892.5511249999,199757.52690000006,0.2016428720202039
2019-02-13,990650.0780249999,790892.5511249999,199757.52690000006,0.2016428720202039
2019-02-14,990650.0780249999,790892.5511249999,199757.52690000006,0.2016428720202039
2019-02-15,990650.0780249999,790892.5511249999,199757.52690000006,0.2016428720202039
2019-02-18,990650.0780249999,790892.5511249999,199757.52690000006,0.2016428720202039
2019-02-19,990650.0780249999,790892.5511249999,199757.52690000006,0.2016428720202039
2019-02-20,990650.0780249999,790892.5511249999,199757.52690000006,0.2016428720202039
2019-02-21,990650.0780249999,790892.5511249999,199757.52690000006,0.2016428720202039
2019-02-22,990650.0780249999,790892.5511249999,199757.52690000006,0.2016428720202039
2019-02-25,990650.0780249999,790892.5511249999,199757.52690000006,0.2016428720202039
2019-02-26,990650.0780249999,790892.5511249999,199757.52690000006,0.2016428720202039
2019-02-27,990650.0780249999,790892.5511249999,199757.52690000006,0.2016428720202039
2019-02-28,990650.0780249999,790892.5511249999,199757.52690000006,0.2016428720202039
2019-03-01,990650.0780249999,790892.5511249999,199757.52690000006,0.2016428720202039
2019-03-04,990650.0780249999,790892.5511249999,199757.52690000006,0.2016428720202039
2019-03-05,990650.0780249999,790892.5511249999,199757.52690000006,0.2016428720202039
2019-03-06,990650.0780249999,790892.5511249999,199757.52690000006,0.2016428720202039
2019-03-07,990650.0780249999,790892.5511249999,199757.52690000006,0.2016428720202039
2019-03-08,990650.0780249999,790892.5511249999,199757.52690000006,0.2016428720202039
2019-03-11,990650.0780249999,790892.5511249999,199757.52690000006,0.2016428720202039
2019-03-12,990650.0780249999,790892.5511249999,199757.52690000006,0.2016428720202039
2019-03-13,990650.0780249999,790892.5511249999,199757.52690000006,0.2016428720202039
2019-03-14,990650.0780249999,790892.5511249999,199757.52690000006,0.2016428720202039
2019-03-15,990650.0780249999,790892.5511249999,199757.52690000006,0.2016428720202039
2019-03-18,990650.0780249999,790892.5511249999,199757.52690000006,0.2016428720202039
2019-03-19,990650.0780249999,790892.5511249999,199757.52690000006,0.2016428720202039
2019-03-20,990650.0780249999,790892.5511249999,199757.52690000006,0.2016428720202039
2019-03-21,990650.0780249999,790892.5511249999,199757.52690000006,0.2016428720202039
2019-03-22,990650.0780249999,790892.5511249999,199757.52690000006,0.2016428720202039
2019-03-25,990650.0780249999,790892.5511249999,199757.52690000006,0.2016428720202039
2019-03-26,990650.0780249999,790892.5511249999,199757.52690000006,0.2016428720202039
2019-03-27,990650.0780249999,790892.5511249999,199757.52690000006,0.2016428720202039
2019-03-28,990650.0780249999,790892.5511249999,199757.52690000006,0.2016428720202039
2019-03-29,990650.0780249999,790892.5511249999,199757.52690000006,0.2016428720202039
2019-04-01,990650.0780249999,790892.5511249999,199757.52690000006,0.2016428720202039
2019-04-02,990650.0780249999,790892.5511249999,199757.52690000006,0.2016428720202039
2019-04-03,990650.0780249999,790892.5511249999,199757.52690000006,0.2016428720202039
2019-04-04,990650.0780249999,790892.5511249999,199757.52690000006,0.2016428720202039
2019-04-08,990650.0780249999,790892.5511249999,199757.52690000006,0.2016428720202039
2019-04-09,990650.0780249999,790892.5511249999,199757.52690000006,0.2016428720202039
2019-04-10,990650.0780249999,790892.5511249999,199757.52690000006,0.2016428720202039
2019-04-11,990650.0780249999,790892.5511249999,199757.52690000006,0.2016428720202039
2019-04-12,990650.0780249999,790892.5511249999,199757.52690000006,0.2016428720202039
2019-04-15,990650.0780249999,790892.5511249999,199757.52690000006,0.2016428720202039
2019-04-16,990650.0780249999,790892.5511249999,199757.52690000006,0.2016428720202039
2019-04-17,990650.0780249999,790892.5511249999,199757.52690000006,0.2016428720202039
2019-04-18,990650.0780249999,790892.5511249999,199757.52690000006,0.2016428720202039
2019-04-19,990650.0780249999,790892.5511249999,199757.52690000006,0.2016428720202039
2019-04-22,990650.0780249999,790892.5511249999,199757.52690000006,0.2016428720202039
2019-04-23,990650.0780249999,790892.5511249999,199757.52690000006,0.2016428720202039
2019-04-24,990650.0780249999,790892.5511249999,199757.52690000006,0.2016428720202039
2019-04-25,990650.0780249999,790892.5511249999,199757.52690000006,0.2016428720202039
2019-04-26,989829.0915249998,590896.5646249999,398932.52689999994,0.4030317256945607
2019-04-29,983918.0915249998,590896.5646249999,393021.52689999994,0.39944537079386944
2019-04-30,987260.692325,390849.7654249999,596410.9269000001,0.6041068296717574
2019-05-06,956949.8923249999,390849.7654249999,566100.1269,0.5915671566926106
2019-05-07,960799.1083249999,190863.78142499988,769935.3269,0.8013489190703554
2019-05-08,964015.908325,190863.78142499988,773152.1269,0.8020117927756709
2019-05-09,965624.3083249999,190863.78142499988,774760.5268999999,0.8023415734468431
2019-05-10,991358.708325,190863.78142499988,800494.9269000001,0.8074725325735188
2019-05-13,984925.1083249999,190863.78142499988,794061.3269,0.8062149296309544
2019-05-14,980099.908325,190863.78142499988,789236.1269,0.805260892482698
2019-05-15,986533.5083249998,190863.78142499988,795669.7268999999,0.8065308681211845
2019-05-16,994575.5083249998,190863.78142499988,803711.7268999999,0.8080952327627287
2019-05-17,976078.908325,190863.78142499988,785215.1269,0.8044586561628181
2019-05-20,987337.708325,190863.78142499988,796473.9269000001,0.8066884513619997
2019-05-21,994575.5083249998,190863.78142499988,803711.7268999999,0.8080952327627287
2019-05-22,994424.5197749997,794666.9928749998,199757.52689999994,0.20087751551540325
2019-05-23,994424.5197749997,794666.9928749998,199757.52689999994,0.20087751551540325
2019-05-24,994424.5197749997,794666.9928749998,199757.52689999994,0.20087751551540325
2019-05-27,994424.5197749997,794666.9928749998,199757.52689999994,0.20087751551540325
2019-05-28,994424.5197749997,794666.9928749998,199757.52689999994,0.20087751551540325
2019-05-29,994424.5197749997,794666.9928749998,199757.52689999994,0.20087751551540325
2019-05-30,994424.5197749997,794666.9928749998,199757.52689999994,0.20087751551540325
2019-05-31,994424.5197749997,794666.9928749998,199757.52689999994,0.20087751551540325
2019-06-03,994424.5197749997,794666.9928749998,199757.52689999994,0.20087751551540325
2019-06-04,994424.5197749997,794666.9928749998,199757.52689999994,0.20087751551540325
2019-06-05,994424.5197749997,794666.9928749998,199757.52689999994,0.20087751551540325
2019-06-06,987586.2547499997,394706.92784999975,592879.3269,0.6003316915848359
2019-06-10,991799.1547499998,394706.92784999975,597092.2269,0.6020293766538927
2019-06-11,1003542.3547499997,394706.92784999975,608835.4269,0.6066863287017634
2019-06-12,1000764.0547499998,394706.92784999975,606057.1269,0.6055944196071259
2019-06-13,1002924.9547499997,394706.92784999975,608218.0268999999,0.606444205041853
2019-06-14,1003715.3574749997,602644.0305749997,401071.3269,0.3995867193951845
2019-06-17,1002368.5367249998,602644.0305749997,399724.50615000003,0.39877998111952373
2019-06-18,1002368.5367249998,602644.0305749997,399724.50615000003,0.39877998111952373
2019-06-19,1002368.5367249998,602644.0305749997,399724.50615000003,0.39877998111952373
2019-06-20,1002368.5367249998,602644.0305749997,399724.50615000003,0.39877998111952373
2019-06-21,1002368.5367249998,602644.0305749997,399724.50615000003,0.39877998111952373
2019-06-24,1002368.5367249998,602644.0305749997,399724.50615000003,0.39877998111952373
2019-06-25,1002368.5367249998,602644.0305749997,399724.50615000003,0.39877998111952373
2019-06-26,1002368.5367249998,602644.0305749997,399724.50615000003,0.39877998111952373
2019-06-27,1002368.5367249998,602644.0305749997,399724.50615000003,0.39877998111952373
2019-06-28,1002368.5367249998,602644.0305749997,399724.50615000003,0.39877998111952373
2019-07-01,1002368.5367249998,602644.0305749997,399724.50615000003,0.39877998111952373
2019-07-02,1002368.5367249998,602644.0305749997,399724.50615000003,0.39877998111952373
2019-07-03,1002368.5367249998,602644.0305749997,399724.50615000003,0.39877998111952373
2019-07-04,1002368.5367249998,602644.0305749997,399724.50615000003,0.39877998111952373
2019-07-05,1002368.5367249998,602644.0305749997,399724.50615000003,0.39877998111952373
2019-07-08,1002368.5367249998,602644.0305749997,399724.50615000003,0.39877998111952373
2019-07-09,1002368.5367249998,602644.0305749997,399724.50615000003,0.39877998111952373
2019-07-10,1002368.5367249998,602644.0305749997,399724.50615000003,0.39877998111952373
2019-07-11,1002368.5367249998,602644.0305749997,399724.50615000003,0.39877998111952373
2019-07-12,1002368.5367249998,602644.0305749997,399724.50615000003,0.39877998111952373
2019-07-15,1002368.5367249998,602644.0305749997,399724.50615000003,0.39877998111952373
2019-07-16,1002368.5367249998,602644.0305749997,399724.50615000003,0.39877998111952373
2019-07-17,1002368.5367249998,602644.0305749997,399724.50615000003,0.39877998111952373
2019-07-18,1002368.5367249998,602644.0305749997,399724.50615000003,0.39877998111952373
2019-07-19,1002368.5367249998,602644.0305749997,399724.50615000003,0.39877998111952373
2019-07-22,1002368.5367249998,602644.0305749997,399724.50615000003,0.39877998111952373
2019-07-23,1002368.5367249998,602644.0305749997,399724.50615000003,0.39877998111952373
2019-07-24,1002368.5367249998,602644.0305749997,399724.50615000003,0.39877998111952373
2019-07-25,1002368.5367249998,602644.0305749997,399724.50615000003,0.39877998111952373
2019-07-26,1002368.5367249998,602644.0305749997,399724.50615000003,0.39877998111952373
2019-07-29,1002368.5367249998,602644.0305749997,399724.50615000003,0.39877998111952373
2019-07-30,1002368.5367249998,602644.0305749997,399724.50615000003,0.39877998111952373
2019-07-31,1002368.5367249998,602644.0305749997,399724.50615000003,0.39877998111952373
2019-08-01,1002368.5367249998,602644.0305749997,399724.50615000003,0.39877998111952373
2019-08-02,1002368.5367249998,602644.0305749997,399724.50615000003,0.39877998111952373
2019-08-05,1002368.5367249998,602644.0305749997,399724.50615000003,0.39877998111952373
2019-08-06,1002368.5367249998,602644.0305749997,399724.50615000003,0.39877998111952373
2019-08-07,1002368.5367249998,602644.0305749997,399724.50615000003,0.39877998111952373
2019-08-08,1002368.5367249998,602644.0305749997,399724.50615000003,0.39877998111952373
2019-08-09,1002368.5367249998,602644.0305749997,399724.50615000003,0.39877998111952373
2019-08-12,1002368.5367249998,602644.0305749997,399724.50615000003,0.39877998111952373
2019-08-13,1002368.5367249998,602644.0305749997,399724.50615000003,0.39877998111952373
2019-08-14,1002368.5367249998,602644.0305749997,399724.50615000003,0.39877998111952373
2019-08-15,1002368.5367249998,602644.0305749997,399724.50615000003,0.39877998111952373
2019-08-16,1002368.5367249998,602644.0305749997,399724.50615000003,0.39877998111952373
2019-08-19,1002368.5367249998,602644.0305749997,399724.50615000003,0.39877998111952373
2019-08-20,1002368.5367249998,602644.0305749997,399724.50615000003,0.39877998111952373
2019-08-21,1002368.5367249998,602644.0305749997,399724.50615000003,0.39877998111952373
2019-08-22,1002368.5367249998,602644.0305749997,399724.50615000003,0.39877998111952373
2019-08-23,1002368.5367249998,602644.0305749997,399724.50615000003,0.39877998111952373
2019-08-26,1002368.5367249998,602644.0305749997,399724.50615000003,0.39877998111952373
2019-08-27,1002368.5367249998,602644.0305749997,399724.50615000003,0.39877998111952373
2019-08-28,1002368.5367249998,602644.0305749997,399724.50615000003,0.39877998111952373
2019-08-29,1002368.5367249998,602644.0305749997,399724.50615000003,0.39877998111952373
2019-08-30,1002368.5367249998,602644.0305749997,399724.50615000003,0.39877998111952373
2019-09-02,1002368.5367249998,602644.0305749997,399724.50615000003,0.39877998111952373
2019-09-03,1002368.5367249998,602644.0305749997,399724.50615000003,0.39877998111952373
2019-09-04,1002368.5367249998,602644.0305749997,399724.50615000003,0.39877998111952373
2019-09-05,1002368.5367249998,602644.0305749997,399724.50615000003,0.39877998111952373
2019-09-06,1002368.5367249998,602644.0305749997,399724.50615000003,0.39877998111952373
2019-09-09,1002368.5367249998,602644.0305749997,399724.50615000003,0.39877998111952373
2019-09-10,1002368.5367249998,602644.0305749997,399724.50615000003,0.39877998111952373
2019-09-11,1002368.5367249998,602644.0305749997,399724.50615000003,0.39877998111952373
2019-09-12,1002368.5367249998,602644.0305749997,399724.50615000003,0.39877998111952373
2019-09-16,1002368.5367249998,602644.0305749997,399724.50615000003,0.39877998111952373
2019-09-17,1002368.5367249998,602644.0305749997,399724.50615000003,0.39877998111952373
2019-09-18,1002368.5367249998,602644.0305749997,399724.50615000003,0.39877998111952373
2019-09-19,1002368.5367249998,602644.0305749997,399724.50615000003,0.39877998111952373
2019-09-20,1002368.5367249998,602644.0305749997,399724.50615000003,0.39877998111952373
2019-09-23,1002368.5367249998,602644.0305749997,399724.50615000003,0.39877998111952373
2019-09-24,1002368.5367249998,602644.0305749997,399724.50615000003,0.39877998111952373
2019-09-25,1002368.5367249998,602644.0305749997,399724.50615000003,0.39877998111952373
2019-09-26,1002368.5367249998,602644.0305749997,399724.50615000003,0.39877998111952373
2019-09-27,1003882.7474999998,402637.14134999976,601245.6061500001,0.5989201504332061
2019-09-30,1002057.8474999997,402637.14134999976,599420.70615,0.598189722924155
2019-10-08,999450.8474999997,402637.14134999976,596813.70615,0.5971416279678528
2019-10-09,1000754.3474999997,402637.14134999976,598117.20615,0.5976663580269884
2019-10-10,1002839.9474999998,402637.14134999976,600202.8061500001,0.5985030887992225
2019-10-11,1002318.5474999999,402637.14134999976,599681.4061500002,0.5982942325528504
2019-10-14,1004664.8474999997,402637.14134999976,602027.70615,0.5992323784872947
2019-10-15,1035214.2772499998,636542.6503499998,398671.62690000003,0.38511024786004044
2019-10-16,1033650.0772499997,636542.6503499998,397107.42689999996,0.38417974867906396
2019-10-17,1032607.2772499998,636542.6503499998,396064.62690000003,0.38355784975173157
2019-10-18,1029218.1772499997,636542.6503499998,392675.52689999994,0.38152797490343787
2019-10-21,1029218.1772499997,636542.6503499998,392675.52689999994,0.38152797490343787
2019-10-22,1031303.7772499998,636542.6503499998,394761.12690000003,0.38277870750424436
2019-10-23,1029218.1772499997,636542.6503499998,392675.52689999994,0.38152797490343787
2019-10-24,1026862.6821749997,436512.35527499975,590350.3269,0.5749067885586979
2019-10-25,1030838.2821749997,436512.35527499975,594325.9269,0.5765462315252904
2019-10-28,1038076.6821749997,436512.35527499975,601564.3269,0.5794989303098399
2019-10-29,1038265.3581749997,838507.8312749998,199757.52689999994,0.19239544623844687
2019-10-30,1038265.3581749997,838507.8312749998,199757.52689999994,0.19239544623844687
2019-10-31,1038265.3581749997,838507.8312749998,199757.52689999994,0.19239544623844687
2019-11-01,1038265.3581749997,838507.8312749998,199757.52689999994,0.19239544623844687
2019-11-04,1038265.3581749997,838507.8312749998,199757.52689999994,0.19239544623844687
2019-11-05,1038265.3581749997,838507.8312749998,199757.52689999994,0.19239544623844687
2019-11-06,1038265.3581749997,838507.8312749998,199757.52689999994,0.19239544623844687
2019-11-07,1038265.3581749997,838507.8312749998,199757.52689999994,0.19239544623844687
2019-11-08,1038265.3581749997,838507.8312749998,199757.52689999994,0.19239544623844687
2019-11-11,1038265.3581749997,838507.8312749998,199757.52689999994,0.19239544623844687
2019-11-12,1038265.3581749997,838507.8312749998,199757.52689999994,0.19239544623844687
2019-11-13,1038265.3581749997,838507.8312749998,199757.52689999994,0.19239544623844687
2019-11-14,1038654.2843499999,438512.5574499998,600141.7269000001,0.5778070104198095
2019-11-15,1035297.6843499998,438512.5574499998,596785.1269,0.5764381934986023
2019-11-18,1038838.2060749998,238549.47917499978,800288.7269,0.7703689777869245
2019-11-19,1045986.3060749997,238549.47917499978,807436.8269,0.7719382387804462
2019-11-20,1042347.2060749998,238549.47917499978,803797.7269,0.771142016993294
2019-11-21,1044435.5060749997,238549.47917499978,805886.0268999999,0.7715996078384281
2019-11-22,1047939.2598999997,848181.7329999998,199757.52689999994,0.19061937513349955
2019-11-25,1046688.7182749998,648365.2913749998,398323.42689999996,0.3805557659553824
2019-11-26,1048489.6182749998,648365.2913749998,400124.3269,0.38161973177979014
2019-11-27,1047789.6372249997,448391.1103249998,599398.5268999999,0.5720599876206702
2019-11-28,1048050.3372249998,448391.1103249998,599659.2269,0.5721664366692176
2019-11-29,1039515.3372249997,448391.1103249998,591124.2268999999,0.5686536847816157
2019-12-02,1039028.5586999997,248427.03179999976,790601.5268999999,0.7609045201694706
2019-12-03,1040202.5620999997,48390.63519999976,991811.9269,0.9534796039126197
2019-12-04,1044274.7620999997,48390.63519999976,995884.1268999999,0.9536610124497427
2019-12-05,1050478.7620999997,48390.63519999976,1002088.1268999999,0.9539346848828598
2019-12-06,1056471.1620999996,48390.63519999976,1008080.5268999998,0.9541959715172809
2019-12-09,1048080.9620999998,48390.63519999976,999690.3269,0.953829296638457
2019-12-10,1051584.9620999997,48390.63519999976,1003194.3268999999,0.9539831426427358
2019-12-11,1046779.3620999997,48390.63519999976,998388.7268999999,0.9537718864623767
2019-12-12,1045455.5620999996,48390.63519999976,997064.9268999998,0.9537133504720202
2019-12-13,1053665.0498499996,456737.5229499998,596927.5268999998,0.5665249378680434
2019-12-16,1052045.0498499996,456737.5229499998,595307.5268999998,0.5658574478202038
2019-12-17,1056939.9135999999,857182.3866999998,199757.52690000006,0.18899610500999448
2019-12-18,1056939.9135999999,857182.3866999998,199757.52690000006,0.18899610500999448
2019-12-19,1056939.9135999999,857182.3866999998,199757.52690000006,0.18899610500999448
2019-12-20,1056939.9135999999,857182.3866999998,199757.52690000006,0.18899610500999448
2019-12-23,1056939.9135999999,857182.3866999998,199757.52690000006,0.18899610500999448
2019-12-24,1056939.9135999999,857182.3866999998,199757.52690000006,0.18899610500999448
2019-12-25,1056939.9135999999,857182.3866999998,199757.52690000006,0.18899610500999448
2019-12-26,1056939.9135999999,857182.3866999998,199757.52690000006,0.18899610500999448
2019-12-27,1056939.9135999999,857182.3866999998,199757.52690000006,0.18899610500999448
2019-12-30,1056939.9135999999,857182.3866999998,199757.52690000006,0.18899610500999448
2019-12-31,1056939.9135999999,857182.3866999998,199757.52690000006,0.18899610500999448
2020-01-02,1056939.9135999999,857182.3866999998,199757.52690000006,0.18899610500999448
2020-01-03,1056939.9135999999,857182.3866999998,199757.52690000006,0.18899610500999448
2020-01-06,1056939.9135999999,857182.3866999998,199757.52690000006,0.18899610500999448
2020-01-07,1056939.9135999999,857182.3866999998,199757.52690000006,0.18899610500999448
2020-01-08,1056939.9135999999,857182.3866999998,199757.52690000006,0.18899610500999448
2020-01-09,1056939.9135999999,857182.3866999998,199757.52690000006,0.18899610500999448
2020-01-10,1056939.9135999999,857182.3866999998,199757.52690000006,0.18899610500999448
2020-01-13,1056939.9135999999,857182.3866999998,199757.52690000006,0.18899610500999448
2020-01-14,1056939.9135999999,857182.3866999998,199757.52690000006,0.18899610500999448
2020-01-15,1056939.9135999999,857182.3866999998,199757.52690000006,0.18899610500999448
2020-01-16,1056939.9135999999,857182.3866999998,199757.52690000006,0.18899610500999448
2020-01-17,1056939.9135999999,857182.3866999998,199757.52690000006,0.18899610500999448
2020-01-20,1056939.9135999999,857182.3866999998,199757.52690000006,0.18899610500999448
2020-01-21,1056939.9135999999,857182.3866999998,199757.52690000006,0.18899610500999448
2020-01-22,1056889.9254249998,657179.6985249998,399710.2269,0.37819475546544484
2020-01-23,1052562.7254249998,657179.6985249998,395383.02690000006,0.3756384463836621
2020-02-03,1037367.5254749998,457129.89857499977,580237.6269,0.5593366021693374
2020-02-04,1048390.4254749997,457129.89857499977,591260.5268999999,0.5639697888619256
2020-02-05,1048140.3315749997,257104.30467499976,791036.0268999999,0.7547043111215278
2020-02-06,1057066.3505249997,57130.123624999746,999936.2268999999,0.9459540798014943
2020-02-07,1054993.7505249996,57130.123624999746,997863.6268999998,0.9458479032728204
2020-02-10,1055839.3505249997,57130.123624999746,998709.2268999999,0.9458912725722973
2020-02-11,1061352.9505249998,57130.123624999746,1004222.8269,0.9461723608562634
2020-02-12,1066042.3505249997,57130.123624999746,1008912.2268999999,0.9464091425665551
2020-02-13,1057911.9505249998,57130.123624999746,1000781.8269,0.9459972792663431
2020-02-14,1066837.2505249996,57130.123624999746,1009707.1268999998,0.9464490730925588
2020-02-17,1083124.0289249998,273162.5020249997,809961.5269,0.747801272310325
2020-02-18,1077389.0289249998,273162.5020249997,804226.5269,0.7464588048594141
2020-02-19,1075668.5289249998,273162.5020249997,802506.0269,0.7460532732160599
2020-02-20,1080678.0514249997,880920.5245249997,199757.52690000006,0.184844622907439
2020-02-21,1080678.0514249997,880920.5245249997,199757.52690000006,0.184844622907439
2020-02-24,1080678.0514249997,880920.5245249997,199757.52690000006,0.184844622907439
2020-02-25,1080678.0514249997,880920.5245249997,199757.52690000006,0.184844622907439
2020-02-26,1080678.0514249997,880920.5245249997,199757.52690000006,0.184844622907439
2020-02-27,1080678.0514249997,880920.5245249997,199757.52690000006,0.184844622907439
2020-02-28,1080678.0514249997,880920.5245249997,199757.52690000006,0.184844622907439
2020-03-02,1080678.0514249997,880920.5245249997,199757.52690000006,0.184844622907439
2020-03-03,1080678.0514249997,880920.5245249997,199757.52690000006,0.184844622907439
2020-03-04,1080678.0514249997,880920.5245249997,199757.52690000006,0.184844622907439
2020-03-05,1080678.0514249997,880920.5245249997,199757.52690000006,0.184844622907439
2020-03-06,1080678.0514249997,880920.5245249997,199757.52690000006,0.184844622907439
2020-03-09,1080678.0514249997,880920.5245249997,199757.52690000006,0.184844622907439
2020-03-10,1088468.4688749998,680940.3419749996,407528.12690000015,0.374405082511215
2020-03-11,1084548.2688749996,680940.3419749996,403607.92689999996,0.3721438118366662
2020-03-12,1080166.8688749997,680940.3419749996,399226.52690000006,0.36959708578712186
2020-03-13,1081535.2749249996,480914.5480249996,600620.7268999999,0.5553408574136898
2020-03-16,1063871.4749249995,480914.5480249996,582956.9268999998,0.547958038766945
2020-03-17,1061826.8749249997,480914.5480249996,580912.3269,0.5470876096831055
2020-03-18,1056059.8749249997,480914.5480249996,575145.3269,0.5446143164381151
2020-03-19,1056420.6749249995,480914.5480249996,575506.1268999998,0.5447698445894745
2020-03-20,1063044.4749249995,480914.5480249996,582129.9268999998,0.5476063707880807
2020-03-23,1048972.8749249997,480914.5480249996,568058.3269,0.5415376703049786
2020-03-24,1054905.8749249997,480914.5480249996,573991.3269,0.544116153434835
2020-03-25,1063935.0749249996,480914.5480249996,583020.5268999999,0.5479850609691564
2020-03-26,1062913.2749249996,480914.5480249996,581998.7268999999,0.5475505298784291
2020-03-27,1059190.8749249997,480914.5480249996,578276.3269,0.5459604501794326
2020-03-30,1049140.8749249997,480914.5480249996,568226.3269,0.5416110843461522
2020-03-31,1050558.2749249996,480914.5480249996,569643.7268999999,0.5422295369009086
2020-04-01,1049207.4749249995,480914.5480249996,568292.9268999998,0.5416401812621694
2020-04-02,1057182.0749249996,480914.5480249996,576267.5268999999,0.5450977088699527
2020-04-03,1053952.6749249997,480914.5480249996,573038.1269,0.5437038498344131
2020-04-07,1062405.9600749996,673325.8331749996,389080.12690000003,0.3662254745563864
2020-04-08,1062589.1717749995,862831.6448749995,199757.52689999994,0.1879913067119962
2020-04-09,1062589.1717749995,862831.6448749995,199757.52689999994,0.1879913067119962
2020-04-10,1062589.1717749995,862831.6448749995,199757.52689999994,0.1879913067119962
2020-04-13,1062589.1717749995,862831.6448749995,199757.52689999994,0.1879913067119962
2020-04-14,1062589.1717749995,862831.6448749995,199757.52689999994,0.1879913067119962
2020-04-15,1062589.1717749995,862831.6448749995,199757.52689999994,0.1879913067119962
2020-04-16,1062589.1717749995,862831.6448749995,199757.52689999994,0.1879913067119962
2020-04-17,1062589.1717749995,862831.6448749995,199757.52689999994,0.1879913067119962
2020-04-20,1062589.1717749995,862831.6448749995,199757.52689999994,0.1879913067119962
2020-04-21,1062589.1717749995,862831.6448749995,199757.52689999994,0.1879913067119962
2020-04-22,1062589.1717749995,862831.6448749995,199757.52689999994,0.1879913067119962
2020-04-23,1062589.1717749995,862831.6448749995,199757.52689999994,0.1879913067119962
2020-04-24,1062589.1717749995,862831.6448749995,199757.52689999994,0.1879913067119962
2020-04-27,1061884.2810749994,662818.8541749995,399065.42689999985,0.3758087712683774
2020-04-28,1064503.8810749995,662818.8541749995,401685.02689999994,0.37734482141516895
2020-04-29,1064722.1810749995,662818.8541749995,401903.3269,0.37747248441299236
2020-04-30,1067072.3442999995,867314.8173999996,199757.52689999994,0.18720148447951865
2020-05-06,1067072.3442999995,867314.8173999996,199757.52689999994,0.18720148447951865
2020-05-07,1067072.3442999995,867314.8173999996,199757.52689999994,0.18720148447951865
2020-05-08,1067072.3442999995,867314.8173999996,199757.52689999994,0.18720148447951865
2020-05-11,1067072.3442999995,867314.8173999996,199757.52689999994,0.18720148447951865
2020-05-12,1067072.3442999995,867314.8173999996,199757.52689999994,0.18720148447951865
2020-05-13,1067072.3442999995,867314.8173999996,199757.52689999994,0.18720148447951865
2020-05-14,1067072.3442999995,867314.8173999996,199757.52689999994,0.18720148447951865
2020-05-15,1067072.3442999995,867314.8173999996,199757.52689999994,0.18720148447951865
2020-05-18,1067072.3442999995,867314.8173999996,199757.52689999994,0.18720148447951865
2020-05-19,1067072.3442999995,867314.8173999996,199757.52689999994,0.18720148447951865
2020-05-20,1067072.3442999995,867314.8173999996,199757.52689999994,0.18720148447951865
2020-05-21,1067072.3442999995,867314.8173999996,199757.52689999994,0.18720148447951865
2020-05-22,1067072.3442999995,867314.8173999996,199757.52689999994,0.18720148447951865
2020-05-25,1067072.3442999995,867314.8173999996,199757.52689999994,0.18720148447951865
2020-05-26,1068975.4799999995,467357.6530999996,601617.8269,0.5627985282693296
2020-05-27,1064751.3799999997,467357.6530999996,597393.7269000001,0.5610640550660759
2020-05-28,1070088.9799999995,467357.6530999996,602731.3269,0.5632534659874735
2020-05-29,1067861.9799999995,467357.6530999996,600504.3269,0.5623426417897192
2020-06-01,1079102.8573249995,879345.3304249996,199757.52689999994,0.18511444534136548
2020-06-02,1079102.8573249995,879345.3304249996,199757.52689999994,0.18511444534136548
2020-06-03,1079102.8573249995,879345.3304249996,199757.52689999994,0.18511444534136548
2020-06-04,1079102.8573249995,879345.3304249996,199757.52689999994,0.18511444534136548
2020-06-05,1079102.8573249995,879345.3304249996,199757.52689999994,0.18511444534136548
2020-06-08,1079102.8573249995,879345.3304249996,199757.52689999994,0.18511444534136548
2020-06-09,1079102.8573249995,879345.3304249996,199757.52689999994,0.18511444534136548
2020-06-10,1079102.8573249995,879345.3304249996,199757.52689999994,0.18511444534136548
2020-06-11,1079102.8573249995,879345.3304249996,199757.52689999994,0.18511444534136548
2020-06-12,1079102.8573249995,879345.3304249996,199757.52689999994,0.18511444534136548
2020-06-15,1079102.8573249995,879345.3304249996,199757.52689999994,0.18511444534136548
2020-06-16,1079102.8573249995,879345.3304249996,199757.52689999994,0.18511444534136548
2020-06-17,1079102.8573249995,879345.3304249996,199757.52689999994,0.18511444534136548
2020-06-18,1079102.8573249995,879345.3304249996,199757.52689999994,0.18511444534136548
2020-06-19,1079102.8573249995,879345.3304249996,199757.52689999994,0.18511444534136548
2020-06-22,1079102.8573249995,879345.3304249996,199757.52689999994,0.18511444534136548
2020-06-23,1079102.8573249995,879345.3304249996,199757.52689999994,0.18511444534136548
2020-06-24,1079102.8573249995,879345.3304249996,199757.52689999994,0.18511444534136548
2020-06-29,1079102.8573249995,879345.3304249996,199757.52689999994,0.18511444534136548
2020-06-30,1079102.8573249995,879345.3304249996,199757.52689999994,0.18511444534136548
2020-07-01,1079102.8573249995,879345.3304249996,199757.52689999994,0.18511444534136548
2020-07-02,1079102.8573249995,879345.3304249996,199757.52689999994,0.18511444534136548
2020-07-03,1079102.8573249995,879345.3304249996,199757.52689999994,0.18511444534136548
2020-07-06,1079102.8573249995,879345.3304249996,199757.52689999994,0.18511444534136548
2020-07-07,1079102.8573249995,879345.3304249996,199757.52689999994,0.18511444534136548
2020-07-08,1079102.8573249995,879345.3304249996,199757.52689999994,0.18511444534136548
2020-07-09,1079102.8573249995,879345.3304249996,199757.52689999994,0.18511444534136548
2020-07-10,1079102.8573249995,879345.3304249996,199757.52689999994,0.18511444534136548
2020-07-13,1079102.8573249995,879345.3304249996,199757.52689999994,0.18511444534136548
2020-07-14,1079102.8573249995,879345.3304249996,199757.52689999994,0.18511444534136548
2020-07-15,1079102.8573249995,879345.3304249996,199757.52689999994,0.18511444534136548
2020-07-16,1079102.8573249995,879345.3304249996,199757.52689999994,0.18511444534136548
2020-07-17,1079102.8573249995,879345.3304249996,199757.52689999994,0.18511444534136548
2020-07-20,1079102.8573249995,879345.3304249996,199757.52689999994,0.18511444534136548
2020-07-21,1079102.8573249995,879345.3304249996,199757.52689999994,0.18511444534136548
2020-07-22,1079102.8573249995,879345.3304249996,199757.52689999994,0.18511444534136548
2020-07-23,1079102.8573249995,879345.3304249996,199757.52689999994,0.18511444534136548
2020-07-24,1079102.8573249995,879345.3304249996,199757.52689999994,0.18511444534136548
2020-07-27,1079102.8573249995,879345.3304249996,199757.52689999994,0.18511444534136548
2020-07-28,1079102.8573249995,879345.3304249996,199757.52689999994,0.18511444534136548
2020-07-29,1079102.8573249995,879345.3304249996,199757.52689999994,0.18511444534136548
2020-07-30,1079102.8573249995,879345.3304249996,199757.52689999994,0.18511444534136548
2020-07-31,1079102.8573249995,879345.3304249996,199757.52689999994,0.18511444534136548
2020-08-03,1079102.8573249995,879345.3304249996,199757.52689999994,0.18511444534136548
2020-08-04,1079102.8573249995,879345.3304249996,199757.52689999994,0.18511444534136548
2020-08-05,1079102.8573249995,879345.3304249996,199757.52689999994,0.18511444534136548
2020-08-06,1079102.8573249995,879345.3304249996,199757.52689999994,0.18511444534136548
2020-08-07,1079102.8573249995,879345.3304249996,199757.52689999994,0.18511444534136548
2020-08-10,1079102.8573249995,879345.3304249996,199757.52689999994,0.18511444534136548
2020-08-11,1079102.8573249995,879345.3304249996,199757.52689999994,0.18511444534136548
2020-08-12,1079102.8573249995,879345.3304249996,199757.52689999994,0.18511444534136548
2020-08-13,1079102.8573249995,879345.3304249996,199757.52689999994,0.18511444534136548
2020-08-14,1079102.8573249995,879345.3304249996,199757.52689999994,0.18511444534136548
2020-08-17,1079102.8573249995,879345.3304249996,199757.52689999994,0.18511444534136548
2020-08-18,1079102.8573249995,879345.3304249996,199757.52689999994,0.18511444534136548
2020-08-19,1079102.8573249995,879345.3304249996,199757.52689999994,0.18511444534136548
2020-08-20,1079102.8573249995,879345.3304249996,199757.52689999994,0.18511444534136548
2020-08-21,1079102.8573249995,879345.3304249996,199757.52689999994,0.18511444534136548
2020-08-24,1079102.8573249995,879345.3304249996,199757.52689999994,0.18511444534136548
2020-08-25,1079102.8573249995,879345.3304249996,199757.52689999994,0.18511444534136548
2020-08-26,1079102.8573249995,879345.3304249996,199757.52689999994,0.18511444534136548
2020-08-27,1089088.4008499996,479419.4739499996,609668.9269000001,0.5597974658661065
2020-08-28,1092631.4008499996,479419.4739499996,613211.9269000001,0.5612248800674767
2020-08-31,1089277.6008499996,479419.4739499996,609858.1269,0.5598739260075737
2020-09-01,1088828.7008499997,479419.4739499996,609409.2269000001,0.5596924717581946
2020-09-02,1081601.7008499997,479419.4739499996,602182.2269000001,0.5567504437416865
2020-09-03,1082239.8008499995,479419.4739499996,602820.3269,0.5570117883546144
2020-09-04,1090151.3008499995,479419.4739499996,610731.8269,0.5602266643389845
2020-09-07,1074395.2008499997,479419.4739499996,594975.7269000001,0.5537773497399184
2020-09-08,1067806.3008499995,479419.4739499996,588386.8269,0.5510239323664132
2020-09-09,1048653.6008499996,479419.4739499996,569234.1269,0.5428237946626036
2020-09-10,1034759.3302499996,79437.10334999958,955322.2269000001,0.923231324398102
2020-09-11,1056409.0302499996,79437.10334999958,976971.9269000001,0.9248045964438597
2020-09-14,1065941.9302499995,79437.10334999958,986504.8269,0.9254770817286746
2020-09-15,1071416.7302499996,79437.10334999958,991979.6269,0.9258578841386358
2020-09-16,1064767.1302499995,79437.10334999958,985330.0268999999,0.9253948576236117
2020-09-17,1079774.8302499994,79437.10334999958,1000337.7268999999,0.926431788253846
2020-09-18,1087549.3302499994,79437.10334999958,1008112.2268999999,0.9269577010067773
2020-09-21,1093411.7250749995,893654.1981749996,199757.52689999994,0.1826919561213761
2020-09-22,1093411.7250749995,893654.1981749996,199757.52689999994,0.1826919561213761
2020-09-23,1093411.7250749995,893654.1981749996,199757.52689999994,0.1826919561213761
2020-09-24,1093411.7250749995,893654.1981749996,199757.52689999994,0.1826919561213761
2020-09-25,1092421.3468749993,493641.4199749995,598779.9268999998,0.5481217742704139
2020-09-28,1092949.1468749996,493641.4199749995,599307.7269000001,0.548339992408213
2020-09-29,1091052.1468749996,493641.4199749995,597410.7269000001,0.5475546962728672
2020-09-30,1088198.6572749994,293633.0303749995,794565.6268999999,0.7301659688587584
2020-10-09,1092846.5572749996,293633.0303749995,799213.5269,0.7313135788182651
2020-10-12,1100063.2511749994,900305.7242749995,199757.52689999994,0.18158731026296437
2020-10-13,1100063.2511749994,900305.7242749995,199757.52689999994,0.18158731026296437
2020-10-14,1100063.2511749994,900305.7242749995,199757.52689999994,0.18158731026296437
2020-10-15,1100063.2511749994,900305.7242749995,199757.52689999994,0.18158731026296437
2020-10-16,1100063.2511749994,900305.7242749995,199757.52689999994,0.18158731026296437
2020-10-19,1100063.2511749994,900305.7242749995,199757.52689999994,0.18158731026296437
2020-10-20,1100063.2511749994,900305.7242749995,199757.52689999994,0.18158731026296437
2020-10-21,1100063.2511749994,900305.7242749995,199757.52689999994,0.18158731026296437
2020-10-22,1100063.2511749994,900305.7242749995,199757.52689999994,0.18158731026296437
2020-10-23,1100063.2511749994,900305.7242749995,199757.52689999994,0.18158731026296437
2020-10-26,1101085.7726749994,700341.7457749995,400744.02689999994,0.3639535055715274
2020-10-27,1100133.7735499996,500295.2466499995,599838.5269,0.5452414436513418
2020-10-28,1103901.2735499996,500295.2466499995,603606.0269,0.5467934872100323
2020-10-29,1104962.7735499996,500295.2466499995,604667.5269,0.5472288672290179
2020-10-30,1092653.7735499996,500295.2466499995,592358.5269,0.5421282946522437
2020-11-02,1089443.3919499994,100268.8650499995,989174.5268999999,0.9079632170052198
2020-11-03,1105569.9919499995,100268.8650499995,1005301.1269,0.9093057284657793
2020-11-04,1100909.1919499994,100268.8650499995,1000640.3269,0.9089217659520156
2020-11-05,1113593.7919499995,100268.8650499995,1013324.9269000001,0.909959209745216
2020-11-06,1112807.5919499996,100268.8650499995,1012538.7269000001,0.9098955958106865
2020-11-09,1124341.8615499996,924584.3346499995,199757.52690000006,0.17766618297447143
2020-11-10,1124341.8615499996,924584.3346499995,199757.52690000006,0.17766618297447143
2020-11-11,1124341.8615499996,924584.3346499995,199757.52690000006,0.17766618297447143
2020-11-12,1125025.4981499994,724680.7712499995,400344.7268999999,0.3558539140297974
2020-11-13,1125130.2981499995,724680.7712499995,400449.52689999994,0.3559139128671949
2020-11-16,1126702.2981499995,724680.7712499995,402021.52689999994,0.3568125560408489
2020-11-17,1122091.0981499995,724680.7712499995,397410.3269,0.3541693963664925
2020-11-18,1119575.8981499996,724680.7712499995,394895.12690000003,0.35271849595237753
2020-11-19,1122836.9990249993,524634.2721249994,598202.7268999999,0.5327600777489888
2020-11-20,1124149.6990249995,524634.2721249994,599515.4269000001,0.5333056864401364
2020-11-23,1123989.7990249994,524634.2721249994,599355.5268999999,0.5332392940041881
2020-11-24,1118735.3990249995,524634.2721249994,594101.1269,0.5310470442052438
2020-11-25,1109905.1990249995,524634.2721249994,585270.9269000001,0.5273161414273342
2020-11-26,1105669.9094499992,324625.9825499994,781043.9268999998,0.7063988268329738
2020-11-27,1108537.9094499992,324625.9825499994,783911.9268999998,0.7071584293305202
2020-11-30,1112460.3094499994,324625.9825499994,787834.3269,0.708190953158145
2020-12-01,1128731.5094499993,324625.9825499994,804105.5268999999,0.7123975189563185
2020-12-02,1127356.3094499994,324625.9825499994,802730.3269,0.7120466884969368
2020-12-03,1134000.6670499993,934243.1401499994,199757.52689999994,0.17615291833967892
2020-12-04,1134000.6670499993,934243.1401499994,199757.52689999994,0.17615291833967892
2020-12-07,1134000.6670499993,934243.1401499994,199757.52689999994,0.17615291833967892
2020-12-08,1134000.6670499993,934243.1401499994,199757.52689999994,0.17615291833967892
2020-12-09,1134000.6670499993,934243.1401499994,199757.52689999994,0.17615291833967892
2020-12-10,1133603.2012999994,534280.1743999993,599323.0269,0.5286885448212437
2020-12-11,1130523.2012999994,534280.1743999993,596243.0269,0.5274045028128344
2020-12-14,1126655.4261749992,334329.6992749993,792325.7268999999,0.7032547028064736
2020-12-15,1124463.5512749993,134380.12437499932,990083.4269,0.8804940149259358
2020-12-16,1115245.3512749993,134380.12437499932,980865.2269,0.8795062232526952
2020-12-17,1121802.1719749994,29.345074999291683,1121772.8269,0.999973841131946
2020-12-18,1119354.7719749992,29.345074999291683,1119325.4268999998,0.9999737839371984
2020-12-21,1125443.1719749996,29.345074999291683,1125413.8269000002,0.9999739257603315
2020-12-22,1103982.2719749995,29.345074999291683,1103952.9269,0.9999734188892845
2020-12-23,1109426.3719749993,29.345074999291683,1109397.0269,0.9999735493262638
2020-12-24,1100475.3719749993,29.345074999291683,1100446.0269,0.9999733341828935
2020-12-25,1101902.3719749993,29.345074999291683,1101873.0269,0.9999733687160082
2020-12-28,1091520.0719749995,29.345074999291683,1091490.7269000001,0.9999731154050642
2020-12-29,1110022.9719749994,29.345074999291683,1109993.6269,0.999973563542611
2020-12-30,1110736.4719749994,29.345074999291683,1110707.1269,0.999973580524508
2020-12-31,1117691.9765749993,527079.1496749993,590612.8269,0.5284218186032301
2021-01-04,1118690.8765749992,527079.1496749993,591611.7268999999,0.5288428995785567
2021-01-05,1115551.4765749993,527079.1496749993,588472.3269,0.5275169629166249
2021-01-06,1115123.3765749992,527079.1496749993,588044.2268999999,0.527335574926359
2021-01-07,1113696.3765749992,527079.1496749993,586617.2268999999,0.5267299411568981
2021-01-08,1115551.4765749993,527079.1496749993,588472.3269,0.5275169629166249
2021-01-11,1110842.3765749992,527079.1496749993,583763.2268999999,0.5255140055962627
2021-01-12,1113839.0765749994,527079.1496749993,586759.9269000001,0.5267905743657855
2021-01-13,1114837.9765749993,527079.1496749993,587758.8269,0.5272145722069052
2021-01-14,1114552.5765749994,527079.1496749993,587473.4269000001,0.5270935075178739
2021-01-15,1117308.9340999993,917551.4071999993,199757.52689999994,0.17878450695546091
2021-01-18,1117308.9340999993,917551.4071999993,199757.52689999994,0.17878450695546091
2021-01-19,1117308.9340999993,917551.4071999993,199757.52689999994,0.17878450695546091
2021-01-20,1117308.9340999993,917551.4071999993,199757.52689999994,0.17878450695546091
2021-01-21,1117308.9340999993,917551.4071999993,199757.52689999994,0.17878450695546091
2021-01-22,1117308.9340999993,917551.4071999993,199757.52689999994,0.17878450695546091
2021-01-25,1117308.9340999993,917551.4071999993,199757.52689999994,0.17878450695546091
2021-01-26,1117308.9340999993,917551.4071999993,199757.52689999994,0.17878450695546091
2021-01-27,1116944.9688499994,717640.4419499993,399304.52690000006,0.3574970459924466
2021-01-28,1114432.9688499994,717640.4419499993,396792.52690000006,0.356048805079283
2021-01-29,1108069.0148499995,317724.4879499993,790344.5269000002,0.7132629071908395
2021-02-01,1111609.5148499992,317724.4879499993,793885.0268999999,0.7141761709435592
2021-02-02,1114266.5148499992,317724.4879499993,796542.0268999999,0.714857725942908
2021-02-03,1105808.614849999,317724.4879499993,788084.1268999998,0.7126767835923415
2021-02-04,1100388.2148499992,317724.4879499993,782663.7268999999,0.7112614587631599
2021-02-05,1100484.9148499994,317724.4879499993,782760.4269000001,0.711286830321244
2021-02-08,1102880.7148499992,317724.4879499993,785156.2268999999,0.7119140051395201
2021-02-09,1109510.3148499993,317724.4879499993,791785.8269,0.7136353905885461
2021-02-10,1115868.526849999,719575.9999499993,396292.5268999998,0.3551426690191716
2021-02-18,1116210.3268499994,719575.9999499993,396634.3269000001,0.355340133807328
2021-02-19,1117919.3268499994,719575.9999499993,398343.3269000001,0.3563256465226575
2021-02-22,1113305.0268499993,719575.9999499993,393729.02690000006,0.3536578183016225
2021-02-23,1114505.1441249992,519595.11722499924,594910.0268999999,0.5337884980038071
2021-02-24,1115752.3441249994,519595.11722499924,596157.2269000001,0.5343096342473037
2021-02-25,1115167.6441249992,519595.11722499924,595572.5268999999,0.5340654654370892
2021-02-26,1109174.5441249993,519595.11722499924,589579.4269000001,0.5315479245560083
2021-03-01,1116776.9094499992,714884.9825499993,401891.92689999996,0.35986769022465503
2021-03-02,1116776.9094499992,714884.9825499993,401891.92689999996,0.35986769022465503
2021-03-03,1120073.9357499992,514940.20884999924,605133.7269,0.5402623055368249
2021-03-04,1110540.5357499993,514940.20884999924,595600.3269000001,0.5363157018827446
2021-03-05,1115079.3357499992,514940.20884999924,600139.1268999999,0.5382030745788577
2021-03-08,1106068.1357499992,514940.20884999924,591127.9269,0.5344407887667515
2021-03-09,1098803.1357499992,514940.20884999924,583862.9269,0.5313626325806564
2021-03-10,1099292.6357499994,514940.20884999924,584352.4269000002,0.5315713104011854
2021-03-11,1105136.9357499992,514940.20884999924,590196.7269,0.5340485036810972
2021-03-12,1104957.3357499992,514940.20884999924,590017.1268999999,0.5339727678259367
2021-03-15,1096974.4357499992,514940.20884999924,582034.2269,0.5305813954561889
2021-03-16,1100043.235749999,514940.20884999924,585103.0268999998,0.5318909365422189
2021-03-17,1104434.1357499994,514940.20884999924,589493.9269000002,0.5337519982571768
2021-03-18,1106131.3671749993,712765.0402749992,393366.3269000001,0.3556235168564443
2021-03-19,1103796.5671749993,712765.0402749992,391031.52690000006,0.35426050282144494
2021-03-22,1108520.219574999,512924.69267499924,595595.5268999998,0.5372888255735634
2021-03-23,1110633.4195749993,512924.69267499924,597708.7269,0.5381692252054889
2021-03-24,1110977.0091749993,709717.0822749992,401259.9269000001,0.36117752535488723
2021-03-25,1111663.6093249994,509667.68242499925,601995.9269000001,0.5415270607495474
2021-03-26,1117509.8093249993,509667.68242499925,607842.1269,0.5439255403647419
2021-03-29,1119031.6093249992,509667.68242499925,609363.9268999998,0.544545767806835
2021-03-30,1121316.4093249992,509667.68242499925,611648.7268999999,0.5454738036592144
2021-03-31,1116192.0093249993,509667.68242499925,606524.3269,0.5433870891682755
2021-04-01,1118268.6093249994,509667.68242499925,608600.9269000001,0.5442350092142523
2021-04-02,1118525.4093249992,509667.68242499925,608857.7268999999,0.544339647382199
2021-04-06,1119667.8093249993,509667.68242499925,610000.1269,0.5448045588340559
2021-04-07,1120597.8093249993,509667.68242499925,610930.1269,0.5451823319804618
2021-04-08,1121143.9711749991,721767.2442749992,399376.7268999999,0.35622251661527354
2021-04-09,1118147.9711749991,721767.2442749992,396380.7268999999,0.3544975594629623
2021-04-12,1115751.1711749993,721767.2442749992,393983.9269000001,0.3531109239034856
2021-04-13,1113802.5842249992,321719.45732499927,792083.1268999999,0.7111521719543714
2021-04-14,1119295.5842249994,321719.45732499927,797576.1269000001,0.7125697073595105
2021-04-15,1112981.0842249994,321719.45732499927,791261.6269000001,0.7109389711245436
2021-04-16,1117371.6017749992,121739.67487499927,995631.9268999998,0.8910481753056817
2021-04-19,1131628.3297749993,326776.4028749993,804851.9269000001,0.7112334551221673
2021-04-20,1125593.129774999,326776.4028749993,798816.7268999999,0.7096851480069709
2021-04-21,1124543.5297749992,326776.4028749993,797767.1269,0.7094141807561853
2021-04-22,1126905.129774999,326776.4028749993,800128.7268999999,0.710023147254424
2021-04-23,1126905.129774999,326776.4028749993,800128.7268999999,0.710023147254424
2021-04-26,1116146.7297749992,326776.4028749993,789370.3269,0.7072280963087415
2021-04-27,1114572.3297749993,326776.4028749993,787795.9269000001,0.7068145385046781
2021-04-28,1116671.5297749992,326776.4028749993,789895.1269,0.707365689764794
2021-04-29,1126492.702574999,926735.1756749991,199757.52689999994,0.17732696043514812
2021-04-30,1126492.702574999,926735.1756749991,199757.52689999994,0.17732696043514812
2021-05-06,1130750.621699999,526711.6947999991,604038.9269,0.5341928762257699
2021-05-07,1124653.021699999,526711.6947999991,597941.3268999999,0.5316673812836655
2021-05-10,1115324.4256499992,126627.49874999915,988696.9269000001,0.8864657710009337
2021-05-11,1134462.6256499991,126627.49874999915,1007835.1269,0.8883810749803707
2021-05-12,1132542.6256499991,126627.49874999915,1005915.1269,0.8881918473688142
2021-05-13,1127587.825649999,126627.49874999915,1000960.3269,0.8877005445877313
2021-05-14,1147480.700399999,947723.1734999991,199757.52689999994,0.17408356134475
2021-05-17,1147480.700399999,947723.1734999991,199757.52689999994,0.17408356134475
2021-05-18,1147480.700399999,947723.1734999991,199757.52689999994,0.17408356134475
2021-05-19,1147480.700399999,947723.1734999991,199757.52689999994,0.17408356134475
2021-05-20,1147480.700399999,947723.1734999991,199757.52689999994,0.17408356134475
2021-05-21,1147480.700399999,947723.1734999991,199757.52689999994,0.17408356134475
2021-05-24,1147480.700399999,947723.1734999991,199757.52689999994,0.17408356134475
2021-05-25,1147480.700399999,947723.1734999991,199757.52689999994,0.17408356134475
2021-05-26,1147480.700399999,947723.1734999991,199757.52689999994,0.17408356134475
2021-05-27,1147480.700399999,947723.1734999991,199757.52689999994,0.17408356134475
2021-05-28,1147480.700399999,947723.1734999991,199757.52689999994,0.17408356134475
2021-05-31,1147480.700399999,947723.1734999991,199757.52689999994,0.17408356134475
2021-06-01,1147480.700399999,947723.1734999991,199757.52689999994,0.17408356134475
2021-06-02,1147480.700399999,947723.1734999991,199757.52689999994,0.17408356134475
2021-06-03,1147480.700399999,947723.1734999991,199757.52689999994,0.17408356134475
2021-06-04,1147480.700399999,947723.1734999991,199757.52689999994,0.17408356134475
2021-06-07,1147480.700399999,947723.1734999991,199757.52689999994,0.17408356134475
2021-06-08,1146822.3101999993,747712.3832999992,399109.9269000001,0.34801374489339815
2021-06-09,1146619.5101999992,747712.3832999992,398907.12690000003,0.34789842955874756
2021-06-10,1146213.910199999,747712.3832999992,398501.52689999994,0.34766767647276825
2021-06-11,1145808.3101999993,747712.3832999992,398095.9269000001,0.3474367600201058
2021-06-15,1140758.6206999992,547704.3937999991,593054.2269,0.519877050358021
2021-06-16,1134203.4409999992,347735.6140999992,786467.8269,0.6934098403074767
2021-06-17,1129179.3608499991,147765.0339499992,981414.3269,0.8691394484585976
2021-06-18,1125309.7608499993,147765.0339499992,977544.7269000001,0.8686894585910414
2021-06-21,1112033.0346749993,23.407774999184767,1112009.6269,0.9999789504679543
2021-06-22,1121703.0346749993,23.407774999184767,1121679.6269,0.999979131932182
2021-06-23,1124658.0346749993,23.407774999184767,1124634.6269,0.9999791867623068
2021-06-24,1125962.9346749992,23.407774999184767,1125939.5269,0.9999792108831664
2021-06-25,1137922.8346749991,23.407774999184767,1137899.4268999998,0.9999794293828316
2021-06-28,1147436.351274999,549419.6243749991,598016.7269,0.521176382668634
2021-06-29,1139916.3512749989,549419.6243749991,590496.7268999998,0.5180175950976823
2021-06-30,1142322.7512749992,549419.6243749991,592903.1269000001,0.5190329320135081
2021-07-01,1145180.351274999,549419.6243749991,595760.7269,0.5202331023551908
2021-07-02,1134888.371574999,349450.8446749991,785437.5268999999,0.6920835093322606
2021-07-05,1126889.571574999,349450.8446749991,777438.7268999999,0.6898978804226676
2021-07-06,1131816.7715749992,349450.8446749991,782365.9269000001,0.6912478649801993
2021-07-07,1133227.571574999,349450.8446749991,783776.7268999999,0.6916322427724555
2021-07-08,1121483.571574999,349450.8446749991,772032.7268999999,0.688403064001879
2021-07-09,1120244.3715749993,349450.8446749991,770793.5269000002,0.6880583794554653
2021-07-12,1125027.571574999,349450.8446749991,775576.7268999999,0.6893846395375179
2021-07-13,1133282.969074999,551810.2421749991,581472.7268999999,0.5130869718924709
2021-07-14,1130124.569074999,551810.2421749991,578314.3269,0.5117261784453967
2021-07-15,1138961.5808249991,351807.2539249991,787154.3269,0.6911157848975292
2021-07-16,1138298.480824999,351807.2539249991,786491.2268999999,0.6909358486800214
2021-07-19,1139652.0808249991,351807.2539249991,787844.8269,0.6913029337248923
2021-07-20,1134039.5808249991,351807.2539249991,782232.3269,0.6897751543477311
2021-07-21,1131701.5808249991,351807.2539249991,779894.3269,0.689134255985986
2021-07-22,1133499.480824999,351807.2539249991,781692.2268999999,0.6896273356305889
2021-07-23,1128283.3808249992,351807.2539249991,776476.1269,0.6881924701684801
2021-07-26,1106728.680824999,351807.2539249991,754921.4268999998,0.6821196920073055
2021-07-27,1080484.905024999,151854.0781249991,928630.8269,0.8594574737520413
2021-07-28,1086096.8050249992,151854.0781249991,934242.7269000001,0.8601836618776318
2021-07-29,1083884.3050249992,151854.0781249991,932030.2269000001,0.8598982590475865
2021-07-30,1070544.679574999,114.35267499907059,1070430.3269,0.999893182716069
2021-08-02,1091828.8795749992,114.35267499907059,1091714.5269000002,0.9998952650207937
2021-08-03,1096673.879574999,114.35267499907059,1096559.5269,0.9998957277298851
2021-08-04,1090098.179574999,114.35267499907059,1089983.8269,0.9998950987377636
2021-08-05,1084301.2795749991,114.35267499907059,1084186.9269,0.9998945379138131
2021-08-06,1084041.779574999,114.35267499907059,1083927.4268999998,0.9998945126680967
2021-08-09,1109998.379574999,114.35267499907059,1109884.0269,0.9998969794216791
2021-08-10,1117382.9444499991,917625.4175499991,199757.52690000006,0.17877266508513354
2021-08-11,1117382.9444499991,917625.4175499991,199757.52690000006,0.17877266508513354
2021-08-12,1117382.9444499991,917625.4175499991,199757.52690000006,0.17877266508513354
2021-08-13,1117382.9444499991,917625.4175499991,199757.52690000006,0.17877266508513354
2021-08-16,1117382.9444499991,917625.4175499991,199757.52690000006,0.17877266508513354
2021-08-17,1110948.964449999,717655.437549999,393293.52689999994,0.35401583644727463
2021-08-18,1112516.964449999,717655.437549999,394861.52689999994,0.3549262973218658
2021-08-19,1111687.000499999,317699.67359999893,793987.3269,0.7142184144843752
2021-08-20,1105772.2004999989,317699.67359999893,788072.5268999999,0.7126897624516658
2021-08-23,1117828.9004999988,317699.67359999893,800129.2268999999,0.7157886386209074
2021-08-24,1120213.945099999,521870.21819999896,598343.7269,0.5341334389892702
2021-08-25,1119988.245099999,521870.21819999896,598118.0269,0.5340395575728535
2021-08-26,1111863.0450999988,521870.21819999896,589992.8268999999,0.5306344423444139
2021-08-27,1113442.945099999,521870.21819999896,591572.7269,0.5313004402276494
2021-08-30,1105234.857599999,321870.23069999897,783364.6269,0.7087766202027546
2021-08-31,1095851.1575999989,321870.23069999897,773980.9268999998,0.7062828939242803
2021-09-01,1095124.179424999,121907.55252499896,973216.6269,0.8886815259717786
2021-09-02,1081817.879424999,121907.55252499896,959910.3269,0.8873123149066509
2021-09-03,1081403.679424999,121907.55252499896,959496.1269,0.8872691531900285
2021-09-06,1099218.979424999,121907.55252499896,977311.4269000001,0.8890962084836191
2021-09-07,1101287.4794249989,121907.55252499896,979379.9268999998,0.8893045142139916
2021-09-08,1097123.2794249991,121907.55252499896,975215.7269000001,0.8888843625769288
2021-09-09,1089642.9794249989,121907.55252499896,967735.4268999998,0.8881215638269617
2021-09-10,1100292.402724999,510917.07582499896,589375.3269,0.5356533639970112
2021-09-13,1088724.802724999,510917.07582499896,577807.7268999999,0.530719724078839
2021-09-14,1092405.402724999,510917.07582499896,581488.3269,0.5323008522746965
2021-09-15,1088461.902724999,510917.07582499896,577544.8269,0.5306063771769118
2021-09-16,1079260.402724999,510917.07582499896,568343.3269,0.5266044464014462
2021-09-17,1081095.305174999,310876.878274999,770218.4269,0.7124426710698955
2021-09-22,1080306.6051749988,310876.878274999,769429.7268999998,0.7122327339425644
2021-09-23,1085693.7051749988,310876.878274999,774816.8268999999,0.7136606053869586
2021-09-24,1086851.405174999,310876.878274999,775974.5269,0.7139656103909225
2021-09-27,1083383.0051749991,310876.878274999,772506.1269000001,0.7130498846760265
2021-09-28,1078913.7051749988,310876.878274999,768036.8268999999,0.7118612204258031
2021-09-29,1072983.905174999,310876.878274999,762107.0269,0.7102688336929934
2021-09-30,1080099.105174999,310876.878274999,769222.2269,0.7121774503973594
2021-10-08,1086504.858349999,688569.7314499989,397935.12690000003,0.3662525057681905
2021-10-11,1090482.306949999,890724.7800499989,199757.52690000006,0.18318273082183936
2021-10-12,1082190.1130999988,490649.3861999989,591540.7268999999,0.5466144254501604
2021-10-13,1086100.9130999988,490649.3861999989,595451.5268999999,0.5482469627987283
2021-10-14,1090314.933899999,696114.8069999989,394200.12690000003,0.3615470307188832
2021-10-15,1088581.933899999,696114.8069999989,392467.12690000003,0.36053062675211867
2021-10-18,1091701.3338999988,696114.8069999989,395586.52689999994,0.3623578304945409
2021-10-19,1097507.759149999,496165.8322499989,601341.9269000001,0.5479158774838451
2021-10-20,1095295.9591499988,496165.8322499989,599130.1269,0.5470029555892393
2021-10-21,1094511.6591499988,496165.8322499989,598345.8269,0.5466783491047297
2021-10-22,1095638.9591499988,496165.8322499989,599473.1269,0.5471447705410857
2021-10-25,1098560.059149999,496165.8322499989,602394.2269000001,0.5483489244694526
2021-10-26,1101207.0389249988,699395.9120249988,401811.12690000003,0.364882454158892
2021-10-27,1096778.1389249987,699395.9120249988,397382.2268999999,0.36231778588283314
2021-10-28,1095650.8400249989,499350.3131249988,596300.5269,0.544243206974947
2021-10-29,1099756.3400249989,499350.3131249988,600406.0269,0.5459445924961451
2021-11-01,1092782.3094499987,299578.08254999877,793204.2268999999,0.7258574924215442
2021-11-02,1076399.819299999,99567.49239999877,976832.3269000002,0.9074995270207783
2021-11-03,1089708.7604249988,107.13352499876055,1089601.6269,0.9999016860936706
2021-11-04,1091516.860424999,107.13352499876055,1091409.7269000001,0.9999018489508654
2021-11-05,1087026.5604249986,107.13352499876055,1086919.4268999998,0.999901443507547
2021-11-08,1068868.2604249988,107.13352499876055,1068761.1269,0.9998997691961063
2021-11-09,1069207.5604249989,107.13352499876055,1069100.4269,0.9998998010031315
2021-11-10,1088856.5604249986,107.13352499876055,1088749.4268999998,0.9999016091477128
2021-11-11,1088367.660424999,107.13352499876055,1088260.5269000002,0.9999015649500675
2021-11-12,1084126.1604249987,107.13352499876055,1084019.0269,0.9999011798359734
2021-11-15,1095322.6242999986,598901.8973999987,496420.7268999999,0.45321872833335625
2021-11-16,1093524.0242999988,598901.8973999987,494622.12690000003,0.452319396655802
2021-11-17,1094424.2726499988,399045.3457499987,695378.9269000001,0.6353833191365859
2021-11-18,1094266.0726499986,399045.3457499987,695220.7268999999,0.6353306058519888
2021-11-19,1098792.0455999987,698278.7186999987,400513.3269,0.3645033002412194
2021-11-22,1103882.0712749986,904124.5443749987,199757.52689999994,0.18095911882079696
2021-11-23,1103882.0712749986,904124.5443749987,199757.52689999994,0.18095911882079696
2021-11-24,1103882.0712749986,904124.5443749987,199757.52689999994,0.18095911882079696
2021-11-25,1103882.0712749986,904124.5443749987,199757.52689999994,0.18095911882079696
2021-11-26,1103015.2933249986,704162.7664249986,398852.52689999994,0.361601991662032
2021-11-29,1100168.0933749988,504112.9664749986,596055.1269000001,0.5417855057689183
2021-11-30,1100283.6933749986,504112.9664749986,596170.7269,0.5418336475307675
2021-12-01,1104059.9022749986,304098.5753749986,799961.3269,0.7245633368729536
2021-12-02,1107701.1405249988,708644.4136249986,399056.7269000001,0.3602566724007035
2021-12-03,1110151.5405249987,708644.4136249986,401507.12690000003,0.3616687562403637
2021-12-06,1107701.1405249988,708644.4136249986,399056.7269000001,0.3602566724007035
2021-12-07,1108177.3573249986,508661.63042499864,599515.7268999999,0.5409925793350947
2021-12-08,1112988.3667749986,710973.2398749987,402015.1268999999,0.3612033502783872
2021-12-09,1115843.0758749987,916085.5489749986,199757.52690000006,0.17901937218489108
2021-12-10,1115843.0758749987,916085.5489749986,199757.52690000006,0.17901937218489108
2021-12-13,1115843.0758749987,916085.5489749986,199757.52690000006,0.17901937218489108
2021-12-14,1115843.0758749987,916085.5489749986,199757.52690000006,0.17901937218489108
2021-12-15,1115843.0758749987,916085.5489749986,199757.52690000006,0.17901937218489108
2021-12-16,1116380.2904749988,716093.9635749987,400286.3269000001,0.35855732165397314
2021-12-17,1114325.0904749986,716093.9635749987,398231.1268999999,0.3573742800049918
2021-12-20,1107089.4972249987,516070.97032499866,591018.5268999999,0.5338489149986803
2021-12-21,1113060.8090999988,316068.4821999987,796992.3269000001,0.7160366445247802
2021-12-22,1113814.2281249987,116094.60122499868,997719.6269,0.895768434004984
2021-12-23,1111454.9281249987,116094.60122499868,995360.3269,0.89554718028841
2021-12-24,1108709.7281249987,116094.60122499868,992615.1269,0.8952885518364371
2021-12-27,1111925.5281249986,116094.60122499868,995830.9268999998,0.8955913878326321
2021-12-28,1118322.6281249986,116094.60122499868,1002228.0268999999,0.896188632595546
2021-12-29,1113042.4281249987,116094.60122499868,996947.8269,0.8956961583031758
2021-12-30,1127313.0930749988,522533.16617499874,604779.9269000001,0.536479111805867
2021-12-31,1126070.6930749987,522533.16617499874,603537.5268999999,0.5359677066560536
2022-01-04,1118616.2930749988,522533.16617499874,596083.1269,0.5328754199184859
2022-01-05,1098549.0109499986,322554.68404999876,775994.3268999999,0.7063811620283912
2022-01-06,1095071.624499999,122558.89759999877,972512.7269000002,0.8880813867714286
2022-01-07,1088143.9244999988,122558.89759999877,965585.0269,0.8873688536593958
2022-01-10,1085578.9244999988,122558.89759999877,963020.0269,0.8871027293971763
2022-01-11,1070154.2244999988,122558.89759999877,947595.3269000001,0.885475481202477
2022-01-12,1084163.2124499988,80.08554999878106,1084083.1269,0.9999261314633451
2022-01-13,1068195.2124499988,80.08554999878106,1068115.1269,0.9999250272337252
2022-01-14,1079109.8124499987,80.08554999878106,1079029.7269,0.9999257855418653
2022-01-17,1093326.312449999,80.08554999878106,1093246.2269000001,0.9999267505509684
2022-01-18,1099252.7124499988,80.08554999878106,1099172.6269,0.9999271454606463
2022-01-19,1084170.4124499988,80.08554999878106,1084090.3269,0.9999261319539077
2022-01-20,1074721.1124499987,80.08554999878106,1074641.0269,0.9999254824818541
2022-01-21,1057079.5124499989,80.08554999878106,1056999.4269,0.9999242388589925
2022-01-24,1064985.6124499987,80.08554999878106,1064905.5269,0.9999248012845783
2022-01-25,1044068.3124499988,9.985549998781053,1044058.3269,0.999990435922746
2022-01-26,1049140.7124499988,9.985549998781053,1049130.7269000001,0.9999904821632788
2022-01-27,1023494.3124499989,9.985549998781053,1023484.3269000001,0.9999902436683064
2022-01-28,1011967.1124499989,9.985549998781053,1011957.1269,0.9999901325350636
2022-02-07,1015347.5124499989,9.985549998781053,1015337.5269,0.9999901653868489
2022-02-08,997412.3124499989,9.985549998781053,997402.3269000001,0.9999899885434798
2022-02-09,1004849.9124499989,9.985549998781053,1004839.9269000001,0.9999900626453014
2022-02-10,1003481.9124499989,9.985549998781053,1003471.9269000001,0.9999900490981701
2022-02-11,987609.5124499988,9.985549998781053,987599.5268999999,0.9999898891719117
2022-02-14,983825.9124499988,9.985549998781053,983815.9269,0.9999898502876653
2022-02-15,1013543.9124499989,9.985549998781053,1013533.9269000001,0.9999901478861684
2022-02-16,1009180.7124499988,9.985549998781053,1009170.7269,0.999990105290484
2022-02-17,1015556.3124499989,9.985549998781053,1015546.3269000001,0.9999901674088612
2022-02-18,1011981.5124499988,9.985549998781053,1011971.5268999999,0.9999901326754729
2022-02-21,1009007.7468499987,173429.0199499988,835578.7268999999,0.8281192384385319
2022-02-22,1010746.5468499988,173429.0199499988,837317.5268999999,0.8284149270749507
2022-02-23,1022554.4145999989,648998.3876999989,373556.02689999994,0.3653165265010635
2022-02-24,1016372.4145999989,648998.3876999989,367374.02689999994,0.36145611748483236
2022-02-25,1010488.634524999,248978.10762499896,761510.5268999999,0.7536062266132896
2022-02-28,1004079.934524999,248978.10762499896,755101.8269,0.7520335791365224
2022-03-01,1013003.535399999,48931.608499998954,964071.9269000001,0.9516965076724263
2022-03-02,1002177.3353999988,48931.608499998954,953245.7268999999,0.9511747005529028
2022-03-03,1008670.235399999,48931.608499998954,959738.6269,0.951488993347172
2022-03-04,991126.735399999,48931.608499998954,942195.1269,0.9506303212774792
2022-03-07,967707.3353999988,48931.608499998954,918775.7268999999,0.9494355300306024
2022-03-08,951552.1353999989,48931.608499998954,902620.5268999999,0.9485770598587014
2022-03-09,936757.235399999,48931.608499998954,887825.6269,0.9477648993240976
2022-03-10,945816.4353999989,48931.608499998954,896884.8269,0.9482652165170876
2022-03-11,956278.035399999,48931.608499998954,907346.4269000001,0.9488311906280149
2022-03-14,929086.3353999988,48931.608499998954,880154.7268999999,0.9473336259122437
2022-03-15,892120.1353999989,48931.608499998954,843188.5268999999,0.9451513237305651
2022-03-16,936038.617999999,49.79109999895445,935988.8269,0.9999468065750264
2022-03-17,961362.0179999989,49.79109999895445,961312.2268999999,0.9999482077520573
2022-03-18,981232.0179999989,49.79109999895445,981182.2268999999,0.9999492565478035
2022-03-21,974989.727424999,591464.2005249991,383525.52689999994,0.3933636592386586
2022-03-22,975578.727424999,591464.2005249991,384114.52689999994,0.3937299124119433
2022-03-23,975873.227424999,591464.2005249991,384409.02689999994,0.39391287320621143
2022-03-24,974695.227424999,591464.2005249991,383231.02689999994,0.39318036665926825
2022-03-25,972928.227424999,591464.2005249991,381464.02689999994,0.3920782809535724
2022-03-28,975452.745549999,391486.71864999906,583966.0268999999,0.5986615236504734
2022-03-29,972830.745549999,391486.71864999906,581344.0268999999,0.5975798252257454
2022-03-30,982028.229924999,575503.203024999,406525.02689999994,0.4139647054046987
2022-03-31,975188.229924999,575503.203024999,399685.02689999994,0.40985423596708037
2022-04-01,977042.639424999,375491.212524999,601551.4269000001,0.6156859512846032
2022-04-06,963838.4394249991,375491.212524999,588347.2269000001,0.610421002975346
2022-04-07,955022.957424999,175513.230524999,779509.7269,0.81622093043896
2022-04-08,953615.857424999,175513.230524999,778102.6269,0.8159497567511843
2022-04-11,923730.7574249989,175513.230524999,748217.5268999999,0.8099952511982372
2022-04-12,931070.1574249989,175513.230524999,755556.9269,0.8114930125025115
2022-04-13,920951.2574249989,175513.230524999,745438.0268999999,0.8094218026090348
2022-04-14,922585.1574249989,175513.230524999,747071.9269,0.8097593169449323
2022-04-15,918449.9574249991,175513.230524999,742936.7269000001,0.8089027833186748
2022-04-18,939567.357424999,175513.230524999,764054.1269,0.8131978201051867
2022-04-19,937667.4574249991,175513.230524999,762154.2269000001,0.8128193218873252
2022-04-20,917866.557424999,175513.230524999,742353.3269,0.8087813210916113
2022-04-21,895045.857424999,175513.230524999,719532.6269,0.8039058791580338
2022-04-22,885776.3574249989,175513.230524999,710263.1268999999,0.8018537872977038
2022-04-25,850936.857424999,175513.230524999,675423.6269,0.7937411818591151
2022-04-26,833237.8019249991,47.375024998997105,833190.4269000001,0.9999431434520979
2022-04-27,883916.601924999,47.375024998997105,883869.2269,0.9999464032863554
2022-04-28,883888.3019249991,47.375024998997105,883840.9269000001,0.9999464015703162
2022-04-29,907789.201924999,47.375024998997105,907741.8269,0.9999478127467274
2022-05-05,911993.001924999,47.375024998997105,911945.6268999999,0.9999480533020549
2022-05-06,894921.201924999,47.375024998997105,894873.8269,0.9999470623504091
2022-05-09,899099.7980499989,354374.271149999,544725.5268999999,0.6058565779698993
2022-05-10,920190.215649999,154394.68874999898,765795.5268999999,0.8322143768493142
2022-05-11,931505.181074999,518841.854174999,412663.32690000004,0.4430070119671991
2022-05-12,931745.4810749991,518841.854174999,412903.6269000001,0.44315066215680865
2022-05-13,931745.4810749991,518841.854174999,412903.6269000001,0.44315066215680865
2022-05-16,934148.4810749991,518841.854174999,415306.6269000001,0.4445830992756887
2022-05-17,933187.2810749989,518841.854174999,414345.4268999999,0.4440110096900255
2022-05-18,929823.081074999,518841.854174999,410981.22689999995,0.44199938167253394
2022-05-19,927179.7810749989,518841.854174999,408337.9268999999,0.44040857580669107
2022-05-20,934148.4810749991,518841.854174999,415306.6269000001,0.4445830992756887
2022-05-23,930303.681074999,518841.854174999,411461.82690000004,0.4422876478619769
2022-05-24,926218.581074999,518841.854174999,407376.72689999995,0.4398278497362744
2022-05-25,931692.194549999,731934.667649999,199757.52689999994,0.2144029198360747
2022-05-26,931692.194549999,731934.667649999,199757.52689999994,0.2144029198360747
2022-05-27,931978.2996749991,531905.172774999,400073.12690000003,0.4292730067207725
2022-05-30,932986.599674999,531905.172774999,401081.42689999996,0.4298898044620518
2022-05-31,935339.2996749991,531905.172774999,403434.12690000003,0.4313238276635876
2022-06-01,935339.2996749991,531905.172774999,403434.12690000003,0.4313238276635876
2022-06-02,933322.6996749991,531905.172774999,401417.52690000006,0.43009510755474106
2022-06-06,937640.492349999,737882.9654499991,199757.52689999994,0.21304276908876837
2022-06-07,937640.492349999,737882.9654499991,199757.52689999994,0.21304276908876837
2022-06-08,937640.492349999,737882.9654499991,199757.52689999994,0.21304276908876837
2022-06-09,937640.492349999,737882.9654499991,199757.52689999994,0.21304276908876837
2022-06-10,937640.492349999,737882.9654499991,199757.52689999994,0.21304276908876837
2022-06-13,937640.492349999,737882.9654499991,199757.52689999994,0.21304276908876837
2022-06-14,937640.492349999,737882.9654499991,199757.52689999994,0.21304276908876837
2022-06-15,937640.492349999,737882.9654499991,199757.52689999994,0.21304276908876837
2022-06-16,937640.492349999,737882.9654499991,199757.52689999994,0.21304276908876837
2022-06-17,937640.492349999,737882.9654499991,199757.52689999994,0.21304276908876837
2022-06-20,937640.492349999,737882.9654499991,199757.52689999994,0.21304276908876837
2022-06-21,937640.492349999,737882.9654499991,199757.52689999994,0.21304276908876837
2022-06-22,937640.492349999,737882.9654499991,199757.52689999994,0.21304276908876837
2022-06-23,942600.4253749992,337915.09847499913,604685.3269,0.6415075896655098
2022-06-24,943113.9253749992,337915.09847499913,605198.8269,0.6417027790776835
2022-06-27,947172.7247499991,747415.1978499992,199757.52689999994,0.2108987322800335
2022-06-28,947172.7247499991,747415.1978499992,199757.52689999994,0.2108987322800335
2022-06-29,947172.7247499991,747415.1978499992,199757.52689999994,0.2108987322800335
2022-06-30,947172.7247499991,747415.1978499992,199757.52689999994,0.2108987322800335
2022-07-01,947172.7247499991,747415.1978499992,199757.52689999994,0.2108987322800335
2022-07-04,947172.7247499991,747415.1978499992,199757.52689999994,0.2108987322800335
2022-07-05,947172.7247499991,747415.1978499992,199757.52689999994,0.2108987322800335
2022-07-06,947172.7247499991,747415.1978499992,199757.52689999994,0.2108987322800335
2022-07-07,946468.1296749992,547384.9027749992,399083.2269,0.4216552194282953
2022-07-08,948759.2296749991,547384.9027749992,401374.3269,0.4230518284786459
2022-07-11,945486.2296749991,547384.9027749992,398101.3269,0.4210546006966628
2022-07-12,940057.5445749991,347394.5176749992,592663.0268999999,0.6304539869077307
2022-07-13,940658.9564499991,147392.0295499992,793266.9269,0.8433098111283079
2022-07-14,941114.9185499991,3.5916499991726596,941111.3269,0.9999961836222885
2022-07-15,927688.318549999,3.5916499991726596,927684.7268999999,0.999996128387167
2022-07-18,946647.9185499991,3.5916499991726596,946644.3269,0.9999962059283829
2022-07-19,961850.3816499992,358861.4547499992,602988.9269,0.6269051178891326
2022-07-20,965037.7515499992,765280.2246499993,199757.52689999994,0.2069945207626941
2022-07-21,965037.7515499992,765280.2246499993,199757.52689999994,0.2069945207626941
2022-07-22,965037.7515499992,765280.2246499993,199757.52689999994,0.2069945207626941
2022-07-25,965037.7515499992,765280.2246499993,199757.52689999994,0.2069945207626941
2022-07-26,965037.7515499992,765280.2246499993,199757.52689999994,0.2069945207626941
2022-07-27,965037.7515499992,765280.2246499993,199757.52689999994,0.2069945207626941
2022-07-28,965037.7515499992,765280.2246499993,199757.52689999994,0.2069945207626941
2022-07-29,965037.7515499992,765280.2246499993,199757.52689999994,0.2069945207626941
2022-08-01,970469.4660499992,365238.2391499993,605231.2268999999,0.623647881847751
2022-08-02,964915.6660499992,365238.2391499993,599677.4268999998,0.6214816983486785
2022-08-03,962386.1813999992,165249.65449999928,797136.5268999999,0.8282917422405133
2022-08-04,973288.1813999992,165249.65449999928,808038.5268999999,0.8302150815575501
2022-08-05,976853.1813999992,165249.65449999928,811603.5268999999,0.8308347071530565
2022-08-08,973115.6813999992,165249.65449999928,807866.0268999999,0.8301849845207937
2022-08-09,972368.1813999992,165249.65449999928,807118.5268999999,0.8300544406316591
2022-08-10,962650.6813999992,165249.65449999928,797401.0268999999,0.8283389211757749
2022-08-11,973598.6813999992,165249.65449999928,808349.0268999999,0.830269229347788
2022-08-12,977930.4122749993,778172.8853749994,199757.52689999994,0.20426558412811385
2022-08-15,977930.4122749993,778172.8853749994,199757.52689999994,0.20426558412811385
2022-08-16,977930.4122749993,778172.8853749994,199757.52689999994,0.20426558412811385
2022-08-17,977930.4122749993,778172.8853749994,199757.52689999994,0.20426558412811385
2022-08-18,977930.4122749993,778172.8853749994,199757.52689999994,0.20426558412811385
2022-08-19,977930.4122749993,778172.8853749994,199757.52689999994,0.20426558412811385
2022-08-22,977930.4122749993,778172.8853749994,199757.52689999994,0.20426558412811385
2022-08-23,977930.4122749993,778172.8853749994,199757.52689999994,0.20426558412811385
2022-08-24,977930.4122749993,778172.8853749994,199757.52689999994,0.20426558412811385
2022-08-25,977930.4122749993,778172.8853749994,199757.52689999994,0.20426558412811385
2022-08-26,974306.8355249994,378165.90862499934,596140.9269000001,0.6118615872983926
2022-08-29,973137.0355249994,378165.90862499934,594971.1269,0.6113950093154332
2022-08-30,969454.4800999995,178294.25319999934,791160.2269000001,0.8160880610076625
2022-08-31,950850.3800999994,178294.25319999934,772556.1269,0.8124896861467853
2022-09-01,942363.5235249994,23.39662499932456,942340.1269,0.9999751723995939
2022-09-02,938765.9235249994,23.39662499932456,938742.5269,0.9999750772536443
2022-09-05,936487.9235249994,23.39662499932456,936464.5269,0.9999750166292468
2022-09-06,947650.9235249994,23.39662499932456,947627.5269,0.9999753109247103
2022-09-07,959725.1235249994,23.39662499932456,959701.7269,0.9999756215353481
2022-09-08,945516.1235249994,23.39662499932456,945492.7269,0.9999752551813583
2022-09-09,949965.5235249993,23.39662499932456,949942.1268999999,0.9999753710798761
2022-09-13,953203.5235249994,23.39662499932456,953180.1269,0.9999754547434814
2022-09-14,941152.1235249992,23.39662499932456,941128.7268999999,0.9999751404428524
2022-09-15,913526.5235249993,23.39662499932456,913503.1268999999,0.9999743886746615
2022-09-16,901763.1235249994,23.39662499932456,901739.7269,0.9999740545777611
2022-09-19,901584.9235249993,23.39662499932456,901561.5268999999,0.9999740494495983
2022-09-20,915530.3235249993,23.39662499932456,915506.9269,0.9999744447295756
2022-09-21,911166.3235249993,23.39662499932456,911142.9269,0.9999743223334804
2022-09-22,910134.7235249993,23.39662499932456,910111.3269,0.9999742932289093
2022-09-23,900542.7235249993,23.39662499932456,900519.3269,0.9999740194169714
2022-09-26,906526.5235249994,23.39662499932456,906503.1269,0.9999741909095959
2022-09-27,909223.5235249994,23.39662499932456,909200.1269,0.9999742674662566
2022-09-28,882184.5235249994,23.39662499932456,882161.1269,0.9999734787628036
2022-09-29,888323.7235249993,23.39662499932456,888300.3269,0.9999736620509171
2022-09-30,867640.3235249994,23.39662499932456,867616.9269000001,0.9999730341889779
2022-10-10,847318.1235249995,23.39662499932456,847294.7269000001,0.9999723874370797
2022-10-11,860209.1235249994,23.39662499932456,860185.7269,0.9999728012359327
2022-10-12,884153.3235249994,23.39662499932456,884129.9269000001,0.9999735378193162
2022-10-13,878996.9235249993,23.39662499932456,878973.5268999999,0.9999733825860214
2022-10-14,893864.1235249994,23.39662499932456,893840.7269,0.9999738253003073
2022-10-17,892403.2588749994,181036.73197499936,711366.5268999999,0.7971357341262717
2022-10-18,894756.9360749994,694999.4091749995,199757.52689999994,0.2232533986003726
2022-10-19,894756.9360749994,694999.4091749995,199757.52689999994,0.2232533986003726
2022-10-20,900248.9506249995,294957.6237249995,605291.3269,0.6723599360818753
2022-10-21,894012.7506249995,294957.6237249995,599055.1269,0.6700744776639973
2022-10-24,871888.9506249995,294957.6237249995,576931.3269,0.6617027621309297
2022-10-25,873197.8337249995,16.306824999468517,873181.5268999999,0.9999813251655356
2022-10-26,875337.8337249995,16.306824999468517,875321.5268999999,0.9999813708212175
2022-10-27,847549.8337249995,16.306824999468517,847533.5268999999,0.9999807600398812
2022-10-28,836997.8337249995,16.306824999468517,836981.5268999999,0.9999805174824324
2022-10-31,828901.8337249995,16.306824999468517,828885.5268999999,0.9999803271939619
2022-11-01,869397.8337249995,16.306824999468517,869381.5268999999,0.9999812435407969
2022-11-02,885025.8337249995,16.306824999468517,885009.5268999999,0.9999815747468852
2022-11-03,877493.8337249995,16.306824999468517,877477.5268999999,0.99998141659306
2022-11-04,904857.5187249994,705099.9918249995,199757.52689999994,0.22076130525109713
2022-11-07,904857.5187249994,705099.9918249995,199757.52689999994,0.22076130525109713
2022-11-08,904857.5187249994,705099.9918249995,199757.52689999994,0.22076130525109713
2022-11-09,904857.5187249994,705099.9918249995,199757.52689999994,0.22076130525109713
2022-11-10,904857.5187249994,705099.9918249995,199757.52689999994,0.22076130525109713
2022-11-11,904857.5187249994,705099.9918249995,199757.52689999994,0.22076130525109713
2022-11-14,904857.5187249994,705099.9918249995,199757.52689999994,0.22076130525109713
2022-11-15,904857.5187249994,705099.9918249995,199757.52689999994,0.22076130525109713
2022-11-16,904857.5187249994,705099.9918249995,199757.52689999994,0.22076130525109713
2022-11-17,904857.5187249994,705099.9918249995,199757.52689999994,0.22076130525109713
2022-11-18,904857.5187249994,705099.9918249995,199757.52689999994,0.22076130525109713
2022-11-21,904857.5187249994,705099.9918249995,199757.52689999994,0.22076130525109713
2022-11-22,904857.5187249994,705099.9918249995,199757.52689999994,0.22076130525109713
2022-11-23,904857.5187249994,705099.9918249995,199757.52689999994,0.22076130525109713
2022-11-24,904857.5187249994,705099.9918249995,199757.52689999994,0.22076130525109713
2022-11-25,904857.5187249994,705099.9918249995,199757.52689999994,0.22076130525109713
2022-11-28,904497.3222749995,305014.1953749994,599483.1269,0.6627804329947322
2022-11-29,911306.9222749994,305014.1953749994,606292.7269,0.6653002540422301
2022-11-30,911053.5222749994,305014.1953749994,606039.3269,0.6652071608116438
2022-12-01,923142.9033249994,723385.3764249994,199757.52689999994,0.2163885203260603
2022-12-02,923142.9033249994,723385.3764249994,199757.52689999994,0.2163885203260603
2022-12-05,923142.9033249994,723385.3764249994,199757.52689999994,0.2163885203260603
2022-12-06,923142.9033249994,723385.3764249994,199757.52689999994,0.2163885203260603
2022-12-07,923142.9033249994,723385.3764249994,199757.52689999994,0.2163885203260603
2022-12-08,923142.9033249994,723385.3764249994,199757.52689999994,0.2163885203260603
2022-12-09,923142.9033249994,723385.3764249994,199757.52689999994,0.2163885203260603
2022-12-12,923142.9033249994,723385.3764249994,199757.52689999994,0.2163885203260603
2022-12-13,923284.1045249994,523340.1776249994,399943.92689999996,0.4331753627511637
2022-12-14,920486.4252749993,323373.1983749994,597113.2268999999,0.6486931371330215
2022-12-15,923487.8252749995,323373.1983749994,600114.6269,0.6498349089997973
2022-12-16,918495.1252749993,323373.1983749994,595121.9268999998,0.6479315028719604
2022-12-19,911345.4515749994,123428.4246749994,787917.0268999999,0.8645646121767671
2022-12-20,913579.7515749994,123428.4246749994,790151.3269,0.8648958402786286
2022-12-21,901866.3515749995,123428.4246749994,778437.9269000001,0.8631411134704752
2022-12-22,884544.9148249994,50.587924999403185,884494.3269,0.9999428090940872
2022-12-23,876790.9148249994,50.587924999403185,876740.3269,0.9999423033198177
2022-12-26,909511.8148249993,50.587924999403185,909461.2268999999,0.9999443790348022
2022-12-27,923070.7148249994,50.587924999403185,923020.1269,0.9999451960459942
2022-12-28,933291.5980999994,733534.0711999994,199757.52689999994,0.2140354925584539
2022-12-29,933291.5980999994,733534.0711999994,199757.52689999994,0.2140354925584539
2022-12-30,933291.5980999994,733534.0711999994,199757.52689999994,0.2140354925584539
2023-01-03,933291.5980999994,733534.0711999994,199757.52689999994,0.2140354925584539
2023-01-04,933291.5980999994,733534.0711999994,199757.52689999994,0.2140354925584539
2023-01-05,933291.5980999994,733534.0711999994,199757.52689999994,0.2140354925584539
2023-01-06,933291.5980999994,733534.0711999994,199757.52689999994,0.2140354925584539
2023-01-09,933291.5980999994,733534.0711999994,199757.52689999994,0.2140354925584539
2023-01-10,933291.5980999994,733534.0711999994,199757.52689999994,0.2140354925584539
2023-01-11,933291.5980999994,733534.0711999994,199757.52689999994,0.2140354925584539
2023-01-12,933291.5980999994,733534.0711999994,199757.52689999994,0.2140354925584539
2023-01-13,933291.5980999994,733534.0711999994,199757.52689999994,0.2140354925584539
2023-01-16,933291.5980999994,733534.0711999994,199757.52689999994,0.2140354925584539
2023-01-17,933291.5980999994,733534.0711999994,199757.52689999994,0.2140354925584539
2023-01-18,933291.5980999994,733534.0711999994,199757.52689999994,0.2140354925584539
2023-01-19,933291.5980999994,733534.0711999994,199757.52689999994,0.2140354925584539
2023-01-20,933291.5980999994,733534.0711999994,199757.52689999994,0.2140354925584539
2023-01-30,933291.5980999994,733534.0711999994,199757.52689999994,0.2140354925584539
2023-01-31,933291.5980999994,733534.0711999994,199757.52689999994,0.2140354925584539
2023-02-01,932687.2096999994,533530.4827999994,399156.7269,0.4279641907262666
2023-02-02,934904.8096999994,533530.4827999994,401374.3269,0.4293210632094155
2023-02-03,933241.6096999994,533530.4827999994,399711.12690000003,0.4283040133931571
2023-02-06,931763.2096999994,533530.4827999994,398232.7269,0.42739692097117604
2023-02-07,930236.9174499994,333511.4905499994,596725.4269,0.6414768277911033
2023-02-08,929810.7284999994,133505.70159999942,796305.0268999999,0.8564162603120582
2023-02-09,937252.3284999995,133505.70159999942,803746.6269,0.8575562870954239
2023-02-10,942733.1595999994,542079.1326999995,400654.02689999994,0.42499197447345227
2023-02-13,941063.6595999994,542079.1326999995,398984.52689999994,0.42397187781067747
2023-02-14,941434.6595999994,542079.1326999995,399355.52689999994,0.4241988786239076
2023-02-15,939765.1595999994,542079.1326999995,397686.02689999994,0.42317596352398357
2023-02-16,939765.1595999994,542079.1326999995,397686.02689999994,0.42317596352398357
2023-02-17,934416.0747249995,342089.6478249995,592326.4269,0.6339000825454794
2023-02-20,943292.5747249995,342089.6478249995,601202.9269,0.6373451281276864
2023-02-21,946489.5747249995,342089.6478249995,604399.9269,0.6385700836436651
2023-02-22,943168.6747249995,342089.6478249995,601079.0268999999,0.6372974877216496
2023-02-23,948984.0650499996,749226.5381499996,199757.52690000006,0.2104961866661853
2023-02-24,948984.0650499996,749226.5381499996,199757.52690000006,0.2104961866661853
2023-02-27,948984.0650499996,749226.5381499996,199757.52690000006,0.2104961866661853
2023-02-28,951681.3791749995,349183.05227499956,602498.3269,0.6330882794221508
2023-03-01,952497.5791749996,349183.05227499956,603314.5269,0.6334026879339237
2023-03-02,948127.2791749996,349183.05227499956,598944.2269,0.6317128934642229
2023-03-03,949311.9791749996,349183.05227499956,600128.9269000001,0.6321724997313767
2023-03-06,948495.7791749996,349183.05227499956,599312.7269,0.631855976651031
2023-03-07,940959.6791749996,349183.05227499956,591776.6269,0.6289075291928014
2023-03-08,939755.1791749996,349183.05227499956,590572.1269,0.6284318937390232
2023-03-09,938978.5791749995,349183.05227499956,589795.5268999999,0.6281245813064267
2023-03-10,939366.8791749995,349183.05227499956,590183.8269,0.6282783010385994
2023-03-13,937365.9791749996,349183.05227499956,588182.9269000001,0.6274848244627731
2023-03-14,937365.9791749996,349183.05227499956,588182.9269000001,0.6274848244627731
2023-03-15,934996.5791749995,349183.05227499956,585813.5268999999,0.6265408237288915
2023-03-16,933015.4791749995,349183.05227499956,583832.4269,0.6257478465590327
2023-03-17,925439.7791749996,349183.05227499956,576256.7269,0.6226841982238053
2023-03-20,918422.5837249997,149151.25682499955,769271.3269000001,0.8376006214698446
2023-03-21,941896.1055499995,1.2786499995272607,941894.8269,0.9999986424723576
2023-03-22,943437.6055499995,1.2786499995272607,943436.3269,0.999998644690447
2023-03-23,943437.6055499995,1.2786499995272607,943436.3269,0.999998644690447
2023-03-24,940212.3055499996,1.2786499995272607,940211.0269,0.9999986400411992
2023-03-27,948531.9555499996,349713.8286499995,598818.1269,0.6313104407249828
2023-03-28,949323.9222499994,149930.6953499995,799393.2268999999,0.8420658198577281
2023-03-29,945817.5222499995,149930.6953499995,795886.8269,0.841480315364289
2023-03-30,948264.7222499994,149930.6953499995,798334.0268999999,0.8418894093262789
2023-03-31,949789.3594499996,750031.8325499996,199757.52690000006,0.21031771404101102
2023-04-03,949789.3594499996,750031.8325499996,199757.52690000006,0.21031771404101102
2023-04-04,949789.3594499996,750031.8325499996,199757.52690000006,0.21031771404101102
2023-04-06,949789.3594499996,750031.8325499996,199757.52690000006,0.21031771404101102
2023-04-07,949789.3594499996,750031.8325499996,199757.52690000006,0.21031771404101102
2023-04-10,949789.3594499996,750031.8325499996,199757.52690000006,0.21031771404101102
2023-04-11,949789.3594499996,750031.8325499996,199757.52690000006,0.21031771404101102
2023-04-12,949789.3594499996,750031.8325499996,199757.52690000006,0.21031771404101102
2023-04-13,953213.1624749997,349943.93557499966,603269.2269,0.6328796649572306
2023-04-14,948980.1624749997,349943.93557499966,599036.2269,0.6312420960809929
2023-04-17,954774.3624749996,349943.93557499966,604830.4269,0.6334799620426939
2023-04-18,955282.8624749996,349943.93557499966,605338.9269,0.6336750617839563
2023-04-19,952740.3624749996,349943.93557499966,602796.4269,0.632697480490985
2023-04-20,946946.1624749997,349943.93557499966,597002.2269,0.6304500198191166
2023-04-21,944167.2624749996,349943.93557499966,594223.3269,0.6293623497835843
2023-04-24,937119.6624749997,349943.93557499966,587175.7269,0.626574972665953
2023-04-25,943386.6624749997,349943.93557499966,593442.7269,0.6290556677397658
2023-04-26,942842.4624749996,349943.93557499966,592898.5268999999,0.6288415620819806
2023-04-27,944640.0624749997,349943.93557499966,594696.1269,0.6295478569285631
2023-04-28,948543.0624749997,349943.93557499966,598599.1269,0.6310721680237654
2023-05-04,948104.4838499996,552607.7569499996,395496.7269,0.4171446645774664
2023-05-05,950232.0838499996,552607.7569499996,397624.3269,0.4184496962983704
2023-05-08,945296.0088749996,352657.8819749996,592638.1269,0.6269339141771062
2023-05-09,944328.5088749996,352657.8819749996,591670.6269,0.6265516939702169
2023-05-10,946097.2229249997,152664.0960249996,793433.1269,0.8386380465709264
2023-05-11,944636.0229249996,152664.0960249996,791971.9269,0.838388445581097
2023-05-12,942551.2229249997,152664.0960249996,789887.1269,0.8380309819648418
2023-05-15,947310.8229249996,152664.0960249996,794646.7269,0.8388447673873073
2023-05-16,941283.6229249996,152664.0960249996,788619.5268999999,0.837812862874845
2023-05-17,939059.2229249997,152664.0960249996,786395.1269,0.8374286814952111
2023-05-18,941298.8665499997,0.4396499996073544,941298.4269000001,0.9999995329326156
2023-05-19,952023.4825499996,408234.35564999963,543789.1269,0.5711929767146691
2023-05-22,958782.1630499996,759024.6361499997,199757.52689999994,0.20834505959575592
2023-05-23,958782.1630499996,759024.6361499997,199757.52689999994,0.20834505959575592
2023-05-24,947274.1897499997,359031.46284999966,588242.7269,0.6209846454860618
2023-05-25,947593.5897499997,359031.46284999966,588562.1269,0.6211123980432142
2023-05-26,951070.3908499996,158985.86394999965,792084.5268999999,0.8328348085698375
2023-05-29,945223.7908499996,158985.86394999965,786237.9269,0.8318008227374065
2023-05-30,954063.3908499996,158985.86394999965,795077.5268999999,0.8333592238474269
2023-05-31,948462.7908499996,158985.86394999965,789476.9269,0.8323752228513691
2023-06-01,945609.1908499997,158985.86394999965,786623.3269,0.8318693753313791
2023-06-02,968888.9908499997,158985.86394999965,809903.1269,0.8359091026408273
2023-06-05,963165.3908499996,158985.86394999965,804179.5268999999,0.8349339942440274
2023-06-06,969261.1232499997,769503.5963499997,199757.52690000006,0.2060925813574357
2023-06-07,969261.1232499997,769503.5963499997,199757.52690000006,0.2060925813574357
2023-06-08,969261.1232499997,769503.5963499997,199757.52690000006,0.2060925813574357
2023-06-09,969261.1232499997,769503.5963499997,199757.52690000006,0.2060925813574357
2023-06-12,969261.1232499997,769503.5963499997,199757.52690000006,0.2060925813574357
2023-06-13,969261.1232499997,769503.5963499997,199757.52690000006,0.2060925813574357
2023-06-14,970746.5374499997,569510.4105499997,401236.12690000003,0.4133273840502022
2023-06-15,971428.9374499996,569510.4105499997,401918.52689999994,0.41373950415254857
2023-06-16,970917.1374499997,569510.4105499997,401406.7269,0.41343046838605385
2023-06-19,971087.7374499997,569510.4105499997,401577.3269,0.41353351650234055
2023-06-20,969893.5374499997,569510.4105499997,400383.12690000003,0.4128114184085289
2023-06-21,964622.0589249997,369546.33202499966,595075.7269,0.6169003926399611
2023-06-26,958580.0589249997,369546.33202499966,589033.7269,0.6144856878835685
2023-06-27,969393.1646749997,169519.33777499964,799873.8269,0.8251283958332499
2023-06-28,972325.7646749996,169519.33777499964,802806.4269,0.8256558203703862
2023-06-29,974608.5646749996,169519.33777499964,805089.2268999999,0.8260641821555007
2023-06-30,977466.2391249996,371970.9122249996,605495.3269,0.6194539541764864
2023-07-03,981506.7689249995,781749.2420249996,199757.52689999994,0.20352129320390264
2023-07-04,983231.5787249996,581738.4518249995,401493.12690000003,0.40834034991088686
2023-07-05,979681.9787249996,581738.4518249995,397943.52690000006,0.40619663884998775
2023-07-06,981308.8787249995,581738.4518249995,399570.42689999996,0.407181098187103
2023-07-07,978271.1843249996,381710.8574249995,596560.3269,0.6098107932225587
2023-07-10,980489.6843249996,381710.8574249995,598778.8269,0.6106936528477793
2023-07-11,978833.6843249996,381710.8574249995,597122.8269,0.6100350207213945
2023-07-12,969337.1843249996,381710.8574249995,587626.3269,0.6062145725991055
2023-07-13,974839.7843249997,381710.8574249995,593128.9269000001,0.6084373416403963
2023-07-14,975844.7843249997,381710.8574249995,594133.9269000001,0.608840602976597
2023-07-17,973835.3843249995,381710.8574249995,592124.5268999999,0.6080334894694989
2023-07-18,968686.7843249994,381710.8574249995,586975.9268999998,0.6059501754315938
2023-07-19,968478.8843249995,381710.8574249995,586768.0268999999,0.6058655861237072
2023-07-20,960432.2843249997,381710.8574249995,578721.4269000001,0.6025634876556972
2023-07-21,961112.9843249996,381710.8574249995,579402.1269,0.6028449686453051
2023-07-24,962445.2843249997,381710.8574249995,580734.4269000001,0.6033947449878064
2023-07-25,963392.0843249995,381710.8574249995,581681.2268999999,0.603784519682404
2023-07-26,956529.2843249994,381710.8574249995,574818.4268999998,0.6009417968898212
2023-07-27,952919.6843249996,381710.8574249995,571208.8269,0.5994301894441562
2023-07-28,953956.1843249996,381710.8574249995,572245.3269,0.5998654197151722
2023-07-31,960384.2675249996,580928.2406249995,379456.02690000006,0.39510854116539607
2023-08-01,960384.2675249996,580928.2406249995,379456.02690000006,0.39510854116539607
2023-08-02,957147.9810749994,380932.4541749995,576215.5268999999,0.6020129993408504
2023-08-03,958503.0810749995,380932.4541749995,577570.6269,0.6025756602182556
2023-08-04,964562.4206999996,583923.1937999995,380639.2269,0.39462373686895613
2023-08-07,967326.5977499995,767569.0708499996,199757.52689999994,0.2065047393141424
2023-08-08,970557.0203499994,367559.49344999954,602997.5268999999,0.6212901604509015
2023-08-09,978658.8203499995,367559.49344999954,611099.3269,0.6244252993923373
2023-08-10,980165.1203499995,367559.49344999954,612605.6269,0.6250024757882116
2023-08-11,978502.2422249996,575819.9153249996,402682.3269,0.4115292837595829
2023-08-14,979625.4422249997,575819.9153249996,403805.52690000006,0.4122040011362366
2023-08-15,978876.6422249996,575819.9153249996,403056.7269,0.41175436159539647
2023-08-16,979251.0422249996,575819.9153249996,403431.12690000003,0.41197926732183643
2023-08-17,980935.8422249996,575819.9153249996,405115.92689999996,0.41298921852126347
2023-08-18,973524.6622249996,375849.9353249996,597674.7269,0.6139286965098644
2023-08-21,969389.8622249996,375849.9353249996,593539.9269,0.6122819621175662
2023-08-22,970645.0622249997,375849.9353249996,594795.1269,0.6127833438276163
2023-08-23,962317.6622249996,375849.9353249996,586467.7269,0.6094325708872607
2023-08-24,969866.0622249997,375849.9353249996,594016.1269,0.6124723299805432
2023-08-25,964649.4622249996,375849.9353249996,588799.5268999999,0.6103766704455649
2023-08-28,970258.6842249995,578911.1573249996,391347.52689999994,0.4033434930938973
2023-08-29,977853.6842249995,578911.1573249996,398942.52689999994,0.4079777305499267
2023-08-30,981722.9079749996,781965.3810749996,199757.52690000006,0.2034764853476222
2023-08-31,981722.9079749996,781965.3810749996,199757.52690000006,0.2034764853476222
2023-09-01,981722.9079749996,781965.3810749996,199757.52690000006,0.2034764853476222
2023-09-04,981722.9079749996,781965.3810749996,199757.52690000006,0.2034764853476222
2023-09-05,981722.9079749996,781965.3810749996,199757.52690000006,0.2034764853476222
2023-09-06,981722.9079749996,781965.3810749996,199757.52690000006,0.2034764853476222
2023-09-07,981722.9079749996,781965.3810749996,199757.52690000006,0.2034764853476222
2023-09-08,982442.1099749996,581923.3830749996,400518.7269,0.40767666902041905
2023-09-11,987198.2177999995,787440.6908999996,199757.52689999994,0.20234794117149593
2023-09-12,987198.2177999995,787440.6908999996,199757.52689999994,0.20234794117149593
2023-09-13,987198.2177999995,787440.6908999996,199757.52689999994,0.20234794117149593
2023-09-14,986061.6341999995,587456.3072999995,398605.3269,0.4042397686665824
2023-09-15,984612.8341999995,587456.3072999995,397156.52689999994,0.4033631424504949
2023-09-18,986384.8566999994,187446.3297999995,798938.5268999999,0.8099663346139451
2023-09-19,978422.8566999994,187446.3297999995,790976.5268999999,0.8084199193463102
2023-09-20,973648.9566999995,187446.3297999995,786202.6269,0.8074805826986005
2023-09-21,970329.8566999994,187446.3297999995,782883.5268999999,0.8068220528249158
2023-09-22,989674.6566999995,187446.3297999995,802228.3269,0.8105980298363645
2023-09-25,983019.9566999995,187446.3297999995,795573.6269,0.8093158449913292
2023-09-26,981155.6566999995,187446.3297999995,793709.3269,0.8089535248357503
2023-09-27,986424.2566999994,187446.3297999995,798977.9269,0.8099739249852942
2023-09-28,988970.1566999995,187446.3297999995,801523.8269,0.8104631079814669
2023-10-09,985929.5566999995,187446.3297999995,798483.2269,0.8098785775046644
2023-10-10,986618.6027249994,589961.5758249995,396657.02689999994,0.40203684159659037
2023-10-11,986618.6027249994,589961.5758249995,396657.02689999994,0.40203684159659037
2023-10-12,990467.4030999995,790709.8761999995,199757.52690000006,0.20168006163028884
2023-10-13,990467.4030999995,790709.8761999995,199757.52690000006,0.20168006163028884
2023-10-16,983866.0318749994,390725.00497499947,593141.0268999999,0.602867674747977
2023-10-17,985295.3318749995,390725.00497499947,594570.3269,0.6034437672292056
2023-10-18,984011.0318749994,390725.00497499947,593286.0268999999,0.602926194607304
2023-10-19,972452.3318749995,390725.00497499947,581727.3269,0.5982065216280197
2023-10-20,969883.7318749995,390725.00497499947,579158.7269,0.5971424283819652
2023-10-23,968519.5318749994,390725.00497499947,577794.5268999999,0.5965749867547041
2023-10-24,970863.2318749995,390725.00497499947,580138.2269,0.5975488697615999
2023-10-25,978953.7318749995,390725.00497499947,588228.7269,0.6008749011798136
2023-10-26,982276.9318749994,390725.00497499947,591551.9269,0.602225205239044
2023-10-27,989208.3254999996,789450.7985999995,199757.52690000006,0.20193676271278022
2023-10-30,989208.3254999996,789450.7985999995,199757.52690000006,0.20193676271278022
2023-10-31,989208.3254999996,789450.7985999995,199757.52690000006,0.20193676271278022
2023-11-01,989208.3254999996,789450.7985999995,199757.52690000006,0.20193676271278022
2023-11-02,989208.3254999996,789450.7985999995,199757.52690000006,0.20193676271278022
2023-11-03,989208.3254999996,789450.7985999995,199757.52690000006,0.20193676271278022
2023-11-06,989208.3254999996,789450.7985999995,199757.52690000006,0.20193676271278022
2023-11-07,989208.3254999996,789450.7985999995,199757.52690000006,0.20193676271278022
2023-11-08,989208.3254999996,789450.7985999995,199757.52690000006,0.20193676271278022
2023-11-09,989208.3254999996,789450.7985999995,199757.52690000006,0.20193676271278022
2023-11-10,989208.3254999996,789450.7985999995,199757.52690000006,0.20193676271278022
2023-11-13,989208.3254999996,789450.7985999995,199757.52690000006,0.20193676271278022
2023-11-14,989208.3254999996,789450.7985999995,199757.52690000006,0.20193676271278022
2023-11-15,989208.3254999996,789450.7985999995,199757.52690000006,0.20193676271278022
2023-11-16,989208.3254999996,789450.7985999995,199757.52690000006,0.20193676271278022
2023-11-17,989208.3254999996,789450.7985999995,199757.52690000006,0.20193676271278022
2023-11-20,989208.3254999996,789450.7985999995,199757.52690000006,0.20193676271278022
2023-11-21,989208.3254999996,789450.7985999995,199757.52690000006,0.20193676271278022
2023-11-22,989208.3254999996,789450.7985999995,199757.52690000006,0.20193676271278022
2023-11-23,989158.3385499995,589453.0116499995,399705.3269,0.4040862936928028
2023-11-24,987126.9385499996,589453.0116499995,397673.9269000001,0.4028599680241198
2023-11-27,981987.5402499995,389409.8133499995,592577.7269,0.603447297049348
2023-11-28,983485.3402499995,389409.8133499995,594075.5269,0.6040512273919483
2023-11-29,978380.3402499995,389409.8133499995,588970.5269,0.6019852430288042
2023-11-30,975576.9516749994,189405.52477499947,786171.4269,0.8058528089969704
2023-12-01,972227.5516749994,189405.52477499947,782822.0268999999,0.8051839567304149
2023-12-04,968258.4516749996,189405.52477499947,778852.9269000001,0.8043853637968819
2023-12-05,961018.5516749995,189405.52477499947,771613.0269,0.8029116873499719
2023-12-06,970525.6516749995,189405.52477499947,781120.1269,0.8048423300835887
2023-12-07,966556.5516749994,189405.52477499947,777151.0268999999,0.8040409281311393
2023-12-08,964446.5516749994,189405.52477499947,775041.0268999999,0.8036122121583098
2023-12-11,966227.0516749994,189405.52477499947,776821.5268999999,0.803974102726004
2023-12-12,963787.5516749994,189405.52477499947,774382.0268999999,0.8034779299174127
2023-12-13,950060.4516749996,189405.52477499947,760654.9269000001,0.800638449436487
2023-12-14,947620.9516749996,189405.52477499947,758215.4269000001,0.8001252247111998
2023-12-15,949480.0516749994,189405.52477499947,760074.5268999999,0.8005165833227724
2023-12-18,937282.5516749994,189405.52477499947,747877.0268999999,0.7979205689506152
2023-12-19,940051.5516749994,189405.52477499947,750646.0268999999,0.798515810715366
2023-12-20,935752.9516749994,189405.52477499947,746347.4269,0.7975902459768219
2023-12-21,949189.8516749995,189405.52477499947,759784.3269,0.8004555943779185
2023-12-22,958891.5629499996,571664.8360499996,387226.7269,0.40382744187331177
2023-12-25,959570.8952499996,371744.0683499996,587826.8269,0.6125934308864712
2023-12-26,956730.9102999996,560036.7833999996,396694.12690000003,0.41463500617494387
2023-12-27,959199.2259249997,360049.2990249996,599149.9269000001,0.6246355404657592
2023-12-28,971342.7336749997,160030.30677499957,811312.4269000001,0.8352483616472454
2023-12-29,982852.0336749996,160030.30677499957,822821.7269,0.8371776205451522
2024-01-02,981117.6268249997,572354.5999249996,408763.02690000006,0.4166299898441336
2024-01-03,983449.6268249997,572354.5999249996,411095.02690000006,0.41801330305771983
2024-01-04,981409.1268249997,572354.5999249996,409054.52690000006,0.4168032635108566
2024-01-05,973394.1269499996,372305.10004999966,601089.0268999999,0.6175186496999238
2024-01-08,964493.6269499996,372305.10004999966,592188.5268999999,0.6139890512005421
2024-01-09,964650.9327749996,172278.40587499968,792372.5268999999,0.8214085530613561
2024-01-10,954023.8327749997,172278.40587499968,781745.4269,0.8194191801541394
2024-01-11,966279.5327749997,172278.40587499968,794001.1269,0.8217095570882643
2024-01-12,954042.8327749997,172278.40587499968,781764.4269,0.819422776466023
2024-01-15,955259.5327749997,172278.40587499968,782981.1269,0.8196527750165066
2024-01-16,954898.3327749997,172278.40587499968,782619.9269,0.8195845568455996
2024-01-17,940399.3327749997,172278.40587499968,768120.9269,0.8168029262987375
2024-01-18,952515.6327749996,172278.40587499968,780237.2268999999,0.8191332509965275
2024-01-19,953510.5327749997,172278.40587499968,781232.1269,0.8193219687111183
2024-01-22,931331.1327749997,172278.40587499968,759052.7269,0.8150191700757625
2024-01-23,939474.1327749997,172278.40587499968,767195.7269,0.8166225126751204
2024-01-24,940076.1327749997,172278.40587499968,767797.7269,0.816739942789045
2024-01-25,953599.9405249996,372197.4136249997,581402.5268999999,0.6096922851944724
2024-01-26,942034.9405249996,372197.4136249997,569837.5268999999,0.6049006277648548
2024-01-29,932782.9405249996,372197.4136249997,560585.5268999999,0.6009817531445041
2024-01-30,916591.9405249996,372197.4136249997,544394.5268999999,0.5939333555433459
2024-01-31,907568.0551999998,172206.12829999972,735361.9269000001,0.8102554102545502
2024-02-01,912689.9551999997,172206.12829999972,740483.8269,0.8113202327703236
2024-02-02,891470.6551999997,172206.12829999972,719264.5268999999,0.8068291678525686
2024-02-05,890738.9551999997,172206.12829999972,718532.8269,0.8066704871335352
2024-02-06,924397.1551999997,172206.12829999972,752191.0268999999,0.8137098028360529
2024-02-07,930250.7551999998,172206.12829999972,758044.6269,0.8148820333255454
2024-02-08,946936.0761499999,747178.5492499998,199757.52690000006,0.2109514379388344
2024-02-19,946936.0761499999,747178.5492499998,199757.52690000006,0.2109514379388344
2024-02-20,946936.0761499999,747178.5492499998,199757.52690000006,0.2109514379388344
2024-02-21,946936.0761499999,747178.5492499998,199757.52690000006,0.2109514379388344
2024-02-22,946936.0761499999,747178.5492499998,199757.52690000006,0.2109514379388344
2024-02-23,946936.0761499999,747178.5492499998,199757.52690000006,0.2109514379388344
2024-02-26,946936.0761499999,747178.5492499998,199757.52690000006,0.2109514379388344
2024-02-27,946936.0761499999,747178.5492499998,199757.52690000006,0.2109514379388344
2024-02-28,946936.0761499999,747178.5492499998,199757.52690000006,0.2109514379388344
2024-02-29,946936.0761499999,747178.5492499998,199757.52690000006,0.2109514379388344
2024-03-01,946936.0761499999,747178.5492499998,199757.52690000006,0.2109514379388344
2024-03-04,946936.0761499999,747178.5492499998,199757.52690000006,0.2109514379388344
2024-03-05,946936.0761499999,747178.5492499998,199757.52690000006,0.2109514379388344
2024-03-06,946936.0761499999,747178.5492499998,199757.52690000006,0.2109514379388344
2024-03-07,946936.0761499999,747178.5492499998,199757.52690000006,0.2109514379388344
2024-03-08,946936.0761499999,747178.5492499998,199757.52690000006,0.2109514379388344
2024-03-11,946936.0761499999,747178.5492499998,199757.52690000006,0.2109514379388344
2024-03-12,946936.0761499999,747178.5492499998,199757.52690000006,0.2109514379388344
2024-03-13,946936.0761499999,747178.5492499998,199757.52690000006,0.2109514379388344
2024-03-14,946936.0761499999,747178.5492499998,199757.52690000006,0.2109514379388344
2024-03-15,946936.0761499999,747178.5492499998,199757.52690000006,0.2109514379388344
2024-03-18,946936.0761499999,747178.5492499998,199757.52690000006,0.2109514379388344
2024-03-19,946936.0761499999,747178.5492499998,199757.52690000006,0.2109514379388344
2024-03-20,946936.0761499999,747178.5492499998,199757.52690000006,0.2109514379388344
2024-03-21,946936.0761499999,747178.5492499998,199757.52690000006,0.2109514379388344
2024-03-22,946936.0761499999,747178.5492499998,199757.52690000006,0.2109514379388344
2024-03-25,943229.6905999999,347136.36369999987,596093.3269,0.6319704869773742
2024-03-26,943357.7905999998,347136.36369999987,596221.4269,0.6320204622689211
2024-03-27,936662.4955499999,147106.1686499999,789556.3269,0.8429464515245478
2024-03-28,936244.3955499998,147106.1686499999,789138.2268999999,0.8428763158965754
2024-03-29,936509.9955499999,147106.1686499999,789403.8269,0.8429208771406584
2024-04-01,945152.1955499998,147106.1686499999,798046.0268999999,0.8443571634890015
2024-04-02,939662.8955499998,147106.1686499999,792556.7268999999,0.8434479329271629
2024-04-03,936509.9955499999,147106.1686499999,789403.8269,0.8429208771406584
2024-04-08,925949.4955499999,147106.1686499999,778843.3269,0.8411293819404037
2024-04-09,929122.09555,147106.1686499999,782015.9269000001,0.8416718649200572
2024-04-10,919530.59555,147106.1686499999,772424.4269000001,0.8400203654322007
2024-04-11,915826.7955499999,147106.1686499999,768720.6269,0.8393733734754341
2024-04-12,904602.2955499999,147106.1686499999,757496.1269,0.8373802837184279
2024-04-15,915010.2955499999,147106.1686499999,767904.1269,0.8392300399619259
2024-04-16,907735.4955499999,147106.1686499999,760629.3269,0.8379415927093742
2024-04-17,916643.2955499999,147106.1686499999,769537.1269,0.8395164516402926
2024-04-18,922796.5955499997,147106.1686499999,775690.4268999998,0.8405865719927992
2024-04-19,916756.39555,147106.1686499999,769650.2269000001,0.8395362504542498
2024-04-22,921312.41015,535350.68325,385961.7269,0.4189260045212689
2024-04-23,921863.31015,535350.68325,386512.62690000003,0.41927325086526007
2024-04-24,919958.3165,335326.0896,584632.2268999999,0.6354986051153328
2024-04-25,921436.7165000001,335326.0896,586110.6269,0.6360834297186376
2024-04-26,927707.401375,525339.074475,402368.3269,0.4337233122249865
2024-04-29,931045.3013250001,731287.7744250001,199757.52690000006,0.21455188766402536
2024-04-30,931045.3013250001,731287.7744250001,199757.52690000006,0.21455188766402536
2024-05-06,931045.3013250001,731287.7744250001,199757.52690000006,0.21455188766402536
2024-05-07,931045.3013250001,731287.7744250001,199757.52690000006,0.21455188766402536
2024-05-08,931045.3013250001,731287.7744250001,199757.52690000006,0.21455188766402536
2024-05-09,931045.3013250001,731287.7744250001,199757.52690000006,0.21455188766402536
2024-05-10,931045.3013250001,731287.7744250001,199757.52690000006,0.21455188766402536
2024-05-13,931045.3013250001,731287.7744250001,199757.52690000006,0.21455188766402536
2024-05-14,931045.3013250001,731287.7744250001,199757.52690000006,0.21455188766402536
2024-05-15,931045.3013250001,731287.7744250001,199757.52690000006,0.21455188766402536
2024-05-16,931045.3013250001,731287.7744250001,199757.52690000006,0.21455188766402536
2024-05-17,931045.3013250001,731287.7744250001,199757.52690000006,0.21455188766402536
2024-05-20,931045.3013250001,731287.7744250001,199757.52690000006,0.21455188766402536
2024-05-21,931045.3013250001,731287.7744250001,199757.52690000006,0.21455188766402536
2024-05-22,931045.3013250001,731287.7744250001,199757.52690000006,0.21455188766402536
2024-05-23,931045.3013250001,731287.7744250001,199757.52690000006,0.21455188766402536
2024-05-24,931045.3013250001,731287.7744250001,199757.52690000006,0.21455188766402536
2024-05-27,940510.9184750002,331256.3915750001,609254.5269000002,0.6477910196809638
2024-05-28,942400.781975,540550.055075,401850.7269,0.426411707827573
2024-05-29,942870.7969750001,340560.07007500005,602310.7269,0.6388051563717803
2024-05-30,945493.1969750001,340560.07007500005,604933.1269,0.6398069587760293
2024-05-31,945235.996975,340560.07007500005,604675.9269,0.6397089497597632
2024-06-03,948584.022475,546806.4955750001,401777.52689999994,0.4235550224129869
2024-06-04,952162.416225,550880.4893250001,401281.92689999996,0.4214427287425881
2024-06-05,945454.0304250001,350887.3035250001,594566.7269,0.6288689960237734
2024-06-06,940550.0642250001,150972.5373250001,789577.5268999999,0.8394848471469731
2024-06-07,941380.7411,42.31420000010985,941338.4268999998,0.9999550509181325
2024-06-11,937637.2411,42.31420000010985,937594.9268999998,0.9999548714597231
2024-06-12,944102.3411000001,42.31420000010985,944060.0268999999,0.9999551804945734
2024-06-13,937186.1411000001,42.31420000010985,937143.8269,0.9999548497378008
2024-06-14,939643.9411,42.31420000010985,939601.6268999999,0.9999549678360607
2024-06-17,934059.4411,42.31420000010985,934017.1268999999,0.9999546986003907
2024-06-18,941359.1411000001,42.31420000010985,941316.8269,0.9999550498867513
2024-06-19,937980.8411000001,42.31420000010985,937938.5268999999,0.999954887991155
2024-06-20,926554.1411000001,42.31420000010985,926511.8269,0.9999543316487152
2024-06-21,927720.1411000001,42.31420000010985,927677.8269,0.9999543890467335
2024-06-24,909828.3411000001,42.31420000010985,909786.0268999999,0.9999534921060504
2024-06-25,912451.8411000001,42.31420000010985,912409.5268999999,0.9999536258264884
2024-06-26,923381.4411000002,42.31420000010985,923339.1269,0.9999541747341708
2024-06-27,913703.7411000001,42.31420000010985,913661.4269,0.9999536893654948
2024-06-28,918248.0411,42.31420000010985,918205.7268999999,0.9999539185512997
2024-07-01,925443.7699750001,391428.9430750001,534014.8269,0.5770364923569866
2024-07-02,924048.9703750001,191380.54347500007,732668.4269000001,0.7928891762118045
2024-07-03,920710.570375,191380.54347500007,729330.0268999999,0.7921382140784461
2024-07-04,908538.070375,191380.54347500007,717157.5268999999,0.7893533031631712
2024-07-05,910831.8431750002,23.916275000054156,910807.9269000001,0.9999737423815611
2024-07-08,891984.5431750001,23.916275000054156,891960.6269,0.9999731875678978
2024-07-09,905807.0431750001,23.916275000054156,905783.1269,0.9999735967221934
2024-07-10,903807.443175,23.916275000054156,903783.5268999999,0.9999735383071021
2024-07-11,921542.2431750001,23.916275000054156,921518.3269,0.9999740475543284
2024-07-12,919368.8431750002,23.916275000054156,919344.9269000001,0.9999739862024065
2024-07-15,912518.2431750001,23.916275000054156,912494.3269,0.9999737909075473
2024-07-16,916464.943175,23.916275000054156,916441.0268999999,0.9999739037753946
2024-07-17,914209.919975,395217.893075,518992.02689999994,0.5676945913190182
2024-07-18,912958.0199750001,395217.893075,517740.12690000003,0.5671017895370233
2024-07-19,913792.619975,395217.893075,518574.7269,0.5674971712008217
2024-07-22,915879.119975,395217.893075,520661.2269,0.5684824727898722
2024-07-23,909619.619975,395217.893075,514401.7269,0.5655130074196705
2024-07-24,902644.15295,195299.82605000003,707344.3269,0.7836358598106177
2024-07-25,903228.55295,195299.82605000003,707928.7269,0.7837758500745589
2024-07-26,914951.0515500001,45.42465000002994,914905.6269,0.9999503529178713
2024-07-29,912464.0515500001,45.42465000002994,912418.6269,0.9999502176004382
2024-07-30,914973.6386,319617.31169999996,595356.3269,0.650681398658604
2024-07-31,925021.4305499999,524401.10365,400620.3269,0.4330930221387399
2024-08-01,926927.6440499999,324405.11714999995,602522.5268999999,0.6500211001016375
2024-08-02,923737.74405,324405.11714999995,599332.6269,0.6488125344670981
2024-08-05,915143.34405,324405.11714999995,590738.2269,0.6455144221293974
2024-08-06,915540.6908999998,111.4639999999199,915429.2268999999,0.999878253363168
2024-08-07,922007.1908999999,111.4639999999199,921895.7269,0.9998791072335443
2024-08-08,920253.4908999999,111.4639999999199,920142.0268999999,0.9998788768517565
2024-08-09,919602.8908999998,111.4639999999199,919491.4268999998,0.9998787911596376
2024-08-12,916250.2908999999,111.4639999999199,916138.8269,0.9998783476511747
2024-08-13,903601.9908999999,111.4639999999199,903490.5268999999,0.9998766448047676
2024-08-14,907109.3908999999,111.4639999999199,906997.9269,0.9998771217659985
2024-08-15,915781.7211499999,311112.69424999994,604669.0268999999,0.6602763660107588
2024-08-16,911453.2211499999,311112.69424999994,600340.5268999999,0.6586630152478232
2024-08-19,912633.7211499999,311112.69424999994,601521.0268999999,0.6591045377350617
2024-08-20,903455.2211499999,111062.69424999994,792392.5268999999,0.8770689552176928
2024-08-21,898300.7211499999,111062.69424999994,787238.0268999999,0.8763635699770806
2024-08-22,899829.2211499999,111062.69424999994,788766.5268999999,0.8765735856987845
2024-08-23,899100.7211499999,111062.69424999994,788038.0268999999,0.8764735789468119
2024-08-26,899126.7211499999,111062.69424999994,788064.0268999999,0.8764771509538181
2024-08-27,894359.2211499999,111062.69424999994,783296.5268999999,0.8758186960859067
2024-08-28,893513.7211499999,111062.69424999994,782451.0268999999,0.8757011877701707
2024-08-29,890398.2211499999,111062.69424999994,779335.5268999999,0.8752662666974377
2024-08-30,898748.4211499998,310212.89424999995,588535.5268999999,0.6548390106176044
2024-09-02,898328.6635749999,110332.63667499993,787996.0268999999,0.8771800999470296
2024-09-03,889832.8635749999,110332.63667499993,779500.2268999999,0.8760074602867255
2024-09-04,887034.1931749998,23.46627499994065,887010.7268999999,0.9999735452419078
2024-09-05,885136.3931749999,23.46627499994065,885112.9269,0.9999734885208869
2024-09-06,880483.3931749999,23.46627499994065,880459.9269,0.9999733484184008
2024-09-09,871724.8931749999,23.46627499994065,871701.4269,0.9999730806414
2024-09-10,870669.4931749998,23.46627499994065,870646.0268999999,0.9999730480105438
2024-09-11,852166.6931749998,23.46627499994065,852143.2268999999,0.9999724628113398
2024-09-12,854359.393175,23.46627499994065,854335.9269000001,0.9999725334851032
2024-09-13,854839.9931749998,23.46627499994065,854816.5268999999,0.9999725489270656
2024-09-18,857555.5931749999,23.46627499994065,857532.1269,0.9999726358556965
2024-09-19,860776.393175,23.46627499994065,860752.9269000001,0.9999727382451634
2024-09-20,859827.493175,23.46627499994065,859804.0269,0.999972708159269
2024-09-23,869011.9931749998,23.46627499994065,868988.5268999999,0.9999729966039776
2024-09-24,880018.3913,680260.8644,199757.52690000006,0.22699244569753807
2024-09-25,880018.3913,680260.8644,199757.52690000006,0.22699244569753807
2024-09-26,880018.3913,680260.8644,199757.52690000006,0.22699244569753807
2024-09-27,880018.3913,680260.8644,199757.52690000006,0.22699244569753807
2024-09-30,880018.3913,680260.8644,199757.52690000006,0.22699244569753807
2024-10-08,880018.3913,680260.8644,199757.52690000006,0.22699244569753807
2024-10-09,880018.3913,680260.8644,199757.52690000006,0.22699244569753807
2024-10-10,880018.3913,680260.8644,199757.52690000006,0.22699244569753807
2024-10-11,880018.3913,680260.8644,199757.52690000006,0.22699244569753807
2024-10-14,880018.3913,680260.8644,199757.52690000006,0.22699244569753807
2024-10-15,880018.3913,680260.8644,199757.52690000006,0.22699244569753807
2024-10-16,880018.3913,680260.8644,199757.52690000006,0.22699244569753807
2024-10-17,880018.3913,680260.8644,199757.52690000006,0.22699244569753807
2024-10-18,880018.3913,680260.8644,199757.52690000006,0.22699244569753807
2024-10-21,880018.3913,680260.8644,199757.52690000006,0.22699244569753807
2024-10-22,880018.3913,680260.8644,199757.52690000006,0.22699244569753807
2024-10-23,880018.3913,680260.8644,199757.52690000006,0.22699244569753807
2024-10-24,880018.3913,680260.8644,199757.52690000006,0.22699244569753807
2024-10-25,880018.3913,680260.8644,199757.52690000006,0.22699244569753807
2024-10-28,880018.3913,680260.8644,199757.52690000006,0.22699244569753807
2024-10-29,880018.3913,680260.8644,199757.52690000006,0.22699244569753807
2024-10-30,880018.3913,680260.8644,199757.52690000006,0.22699244569753807
2024-10-31,880018.3913,680260.8644,199757.52690000006,0.22699244569753807
2024-11-01,880018.3913,680260.8644,199757.52690000006,0.22699244569753807
2024-11-04,880018.3913,680260.8644,199757.52690000006,0.22699244569753807
2024-11-05,880018.3913,680260.8644,199757.52690000006,0.22699244569753807
2024-11-06,880018.3913,680260.8644,199757.52690000006,0.22699244569753807
2024-11-07,880018.3913,680260.8644,199757.52690000006,0.22699244569753807
2024-11-08,880018.3913,680260.8644,199757.52690000006,0.22699244569753807
2024-11-11,880018.3913,680260.8644,199757.52690000006,0.22699244569753807
2024-11-12,880018.3913,680260.8644,199757.52690000006,0.22699244569753807
2024-11-13,882137.39585,480229.06895,401908.3269,0.4556074017389703
2024-11-14,880402.19585,480229.06895,400173.12690000003,0.45453444889883055
2024-11-15,880835.99585,480229.06895,400606.92689999996,0.45480308342010634
2024-11-18,886259.8159,484915.289,401344.52690000006,0.45285199633296386
2024-11-19,889882.2283999999,284915.3015,604966.9268999998,0.679828080158118
2024-11-20,891932.6284,284915.3015,607017.3269,0.6805641004398533
2024-11-21,893565.6284,284915.3015,608650.3269,0.6811478726972037
2024-11-22,887624.82645,488072.29955,399552.52690000006,0.450136718795919
2024-11-25,884909.647325,88055.82042500001,796853.8269,0.9004917386863341
2024-11-26,880695.247325,88055.82042500001,792639.4269,0.9000155607828492
2024-11-27,897192.8537249999,59.426825000016834,897133.4269,0.9999337635997063
2024-11-28,888859.0537249999,59.426825000016834,888799.6268999999,0.9999331425778352
2024-11-29,899925.0537249999,59.426825000016834,899865.6268999999,0.9999339646954444
2024-12-02,909898.8578,501517.73089999997,408381.12690000003,0.44882035338235815
2024-12-03,910145.4578,501517.73089999997,408627.7269,0.4489696931386477
2024-12-04,904227.0578,501517.73089999997,402709.3269,0.44536305723896247
2024-12-05,904227.0578,501517.73089999997,402709.3269,0.44536305723896247
2024-12-06,905213.4578,501517.73089999997,403695.7269,0.445967438311322
2024-12-09,902254.2578,501517.73089999997,400736.52690000006,0.44415033061426695
2024-12-10,908120.9334499999,708363.40655,199757.52689999994,0.21996797953011657
2024-12-11,908120.9334499999,708363.40655,199757.52689999994,0.21996797953011657
2024-12-12,908120.9334499999,708363.40655,199757.52689999994,0.21996797953011657
2024-12-13,908120.9334499999,708363.40655,199757.52689999994,0.21996797953011657
2024-12-16,902102.95145,508385.42455,393717.52690000006,0.4364441178993551
2024-12-17,900105.2528499999,308341.02595000004,591764.2268999999,0.6574389217553158
2024-12-18,903949.258825,108314.93192500007,795634.3269,0.8801758717455077
2024-12-19,904198.8588250001,108314.93192500007,795883.9269000001,0.8802089486534472
2024-12-20,912016.258825,108314.93192500007,803701.3269,0.8812357445638656
2024-12-23,903940.858825,108314.93192500007,795625.9269,0.8801747582626205
2024-12-24,911908.258825,108314.93192500007,803593.3269,0.881221678960815
2024-12-25,903570.658825,108314.93192500007,795255.7269,0.880125664919385
2024-12-26,905463.658825,108314.93192500007,797148.7269,0.8803762791920794
2024-12-27,912925.3207750001,515965.1938750001,396960.12690000003,0.43482212385456986
2024-12-30,913179.1207750001,515965.1938750001,397213.92689999996,0.4349792038202659
2024-12-31,907849.3207750001,515965.1938750001,391884.12690000003,0.43166208084559876
2025-01-02,903280.9207750001,515965.1938750001,387315.7269,0.4287876761170705
2025-01-03,898712.5207750001,515965.1938750001,382747.3269,0.4258840486276299
2025-01-06,899727.720775,515965.1938750001,383762.52689999994,0.4265318474009423
2025-01-07,900489.1207750001,515965.1938750001,384523.92689999996,0.4270167379357809
2025-01-08,898441.4289750002,315948.0020750001,582493.4269000001,0.6483376746824177
2025-01-09,897426.2289750001,315948.0020750001,581478.2269,0.6479398619362154
2025-01-10,888174.7289750001,315948.0020750001,572226.7269,0.644272695712002
2025-01-13,890944.138775,115937.21187500007,775006.9269,0.869871514016123
2025-01-14,909122.038775,115937.21187500007,793184.8269,0.8724734337853913
2025-01-15,910624.7387750001,115937.21187500007,794687.5269,0.8726838763122532
2025-01-16,912668.538775,115937.21187500007,796731.3269,0.8729689838650371
2025-01-17,912167.6387750001,115937.21187500007,796230.4269000001,0.8728992271303349
2025-01-20,919342.6294500001,517874.0025500001,401468.62690000003,0.43669097248343636
2025-01-21,918761.3294500001,517874.0025500001,400887.3269,0.43633456704145784
2025-01-22,916436.1294500001,517874.0025500001,398562.12690000003,0.4349044238786149
2025-01-23,919292.2016750001,719534.6747750001,199757.52690000006,0.21729492161037703
2025-01-24,919292.2016750001,719534.6747750001,199757.52690000006,0.21729492161037703
2025-01-27,919292.2016750001,719534.6747750001,199757.52690000006,0.21729492161037703
2025-02-05,919292.2016750001,719534.6747750001,199757.52690000006,0.21729492161037703
2025-02-06,922135.2099250001,319467.6830250001,602667.5268999999,0.653556572196193
2025-02-07,926158.2099250001,319467.6830250001,606690.5268999999,0.6550614359388225
2025-02-10,925571.2099250001,319467.6830250001,606103.5268999999,0.6548426748808588
2025-02-11,923896.2099250001,319467.6830250001,604428.5268999999,0.6542169135525149
2025-02-12,926612.2099250001,319467.6830250001,607144.5268999999,0.6552304409512822
2025-02-13,928184.9444250001,728427.4175250002,199757.52689999994,0.21521306513299182
2025-02-14,928184.9444250001,728427.4175250002,199757.52689999994,0.21521306513299182
2025-02-17,928184.9444250001,728427.4175250002,199757.52689999994,0.21521306513299182
2025-02-18,928184.9444250001,728427.4175250002,199757.52689999994,0.21521306513299182
2025-02-19,927523.56195,328397.53505000006,599126.0268999999,0.6459415711665738
2025-02-20,927720.1619500001,328397.53505000006,599322.6269,0.6460166022912207
2025-02-21,927776.9619500001,328397.53505000006,599379.4269000001,0.6460382737249968
2025-02-24,930333.86195,328397.53505000006,601936.3269,0.647011090876912
2025-02-25,929805.4831750001,532661.5562750001,397143.92689999996,0.42712581726650556
2025-02-26,933264.827225,332787.8003250001,600477.0268999999,0.6434154694176977
2025-02-27,933503.7272250002,332787.8003250001,600715.9269000001,0.6435067256621794
2025-02-28,929740.1272250001,332787.8003250001,596952.3269,0.6420636362998836
2025-03-03,929850.827225,332787.8003250001,597063.0268999999,0.6421062491086282
2025-03-04,927227.9272250001,332787.8003250001,594440.1269,0.6410938556165315
2025-03-05,926585.1272250001,332787.8003250001,593797.3269,0.6408448716183741
2025-03-06,927362.1272250001,332787.8003250001,594574.3269,0.6411457934767937
2025-03-07,929064.427225,332787.8003250001,596276.6268999999,0.6418033124796352
2025-03-10,932281.827225,332787.8003250001,599494.0268999999,0.6430394859078552
2025-03-11,932844.533825,535110.806925,397733.7269,0.4263665728619836
2025-03-12,932598.488925,732840.962025,199757.52689999994,0.21419456419049007
2025-03-13,932598.488925,732840.962025,199757.52689999994,0.21419456419049007
2025-03-14,932598.488925,732840.962025,199757.52689999994,0.21419456419049007
2025-03-17,932598.488925,732840.962025,199757.52689999994,0.21419456419049007
2025-03-18,932598.488925,732840.962025,199757.52689999994,0.21419456419049007
2025-03-19,932598.488925,732840.962025,199757.52689999994,0.21419456419049007
2025-03-20,932598.488925,732840.962025,199757.52689999994,0.21419456419049007
2025-03-21,932598.488925,732840.962025,199757.52689999994,0.21419456419049007
2025-03-24,932598.488925,732840.962025,199757.52689999994,0.21419456419049007
2025-03-25,932598.488925,732840.962025,199757.52689999994,0.21419456419049007
2025-03-26,932598.488925,732840.962025,199757.52689999994,0.21419456419049007
2025-03-27,932598.488925,732840.962025,199757.52689999994,0.21419456419049007
2025-03-28,932598.488925,732840.962025,199757.52689999994,0.21419456419049007
2025-03-31,928194.613725,532890.186825,395304.42689999996,0.4258852842439769
2025-04-01,930276.913725,532890.186825,397386.7269,0.42717036297159133
2025-04-02,931051.8639499999,132991.13705,798060.7268999999,0.8571603342419795
2025-04-03,926496.06395,132991.13705,793504.9269,0.8564579578643767
2025-04-07,878390.8639499999,132991.13705,745399.7268999999,0.8485968576085166
2025-04-08,888733.86395,132991.13705,755742.7269,0.8503588729488516
2025-04-09,896279.0639499999,132991.13705,763287.9268999998,0.8516186058570937
2025-04-10,903641.4639499999,132991.13705,770650.3268999999,0.85282754017432
2025-04-11,905172.66395,132991.13705,772181.5268999999,0.8530764987205289
2025-04-14,906532.46395,132991.13705,773541.3269,0.8532968841838022
2025-04-15,904524.86395,132991.13705,771533.7269,0.8529712754724768
2025-04-16,901985.46395,132991.13705,768994.3269,0.852557338931382
2025-04-17,902813.4639500001,132991.13705,769822.3269000001,0.8526925634580862
2025-04-18,905620.06395,132991.13705,772628.9269,0.8531490827732561
2025-04-21,907502.8639499999,132991.13705,774511.7268999999,0.8534537549874582
2025-04-22,908023.374,526052.6471,381970.7269,0.42066177792026754
2025-04-23,909069.374,526052.6471,383016.7269,0.4213283802694689
2025-04-24,908441.774,526052.6471,382389.12690000003,0.42092860306972196
2025-04-25,909383.1739999999,526052.6471,383330.52689999994,0.42152806194322656
2025-04-28,909964.72385,710207.19695,199757.52689999994,0.2195222756051896
2025-04-29,909964.72385,710207.19695,199757.52689999994,0.2195222756051896
2025-04-30,909964.72385,710207.19695,199757.52689999994,0.2195222756051896
2025-05-06,909964.72385,710207.19695,199757.52689999994,0.2195222756051896
2025-05-07,909964.72385,710207.19695,199757.52689999994,0.2195222756051896
2025-05-08,909964.72385,710207.19695,199757.52689999994,0.2195222756051896
2025-05-09,909964.72385,710207.19695,199757.52689999994,0.2195222756051896
2025-05-12,909964.72385,710207.19695,199757.52689999994,0.2195222756051896
2025-05-13,909964.72385,710207.19695,199757.52689999994,0.2195222756051896
2025-05-14,909964.72385,710207.19695,199757.52689999994,0.2195222756051896
2025-05-15,909964.72385,710207.19695,199757.52689999994,0.2195222756051896
2025-05-16,908808.857325,310241.13042500004,598567.7268999999,0.6586288437613076
2025-05-19,910983.0573250002,310241.13042500004,600741.9269000001,0.6594435780880619
2025-05-20,911774.357325,310241.13042500004,601533.2268999999,0.659739136188039
2025-05-21,909268.157325,310241.13042500004,599027.0268999999,0.6588012810899408
2025-05-22,907029.057325,310241.13042500004,596787.9268999998,0.6579589948970767
2025-05-23,902014.157325,310241.13042500004,591773.0268999999,0.6560573601804137
2025-05-26,905374.057325,310241.13042500004,595132.9268999998,0.6573337529223752
2025-05-27,902271.2573250001,310241.13042500004,592030.1269,0.6561553657989899
2025-05-28,898189.9573250001,310241.13042500004,587948.8269,0.6545929645562238
2025-05-29,906759.4573250001,310241.13042500004,596518.3269,0.6578572984060935
2025-05-30,901352.657325,310241.13042500004,591111.5268999999,0.6558049417131339
2025-06-03,905968.157325,310241.13042500004,595727.0268999999,0.6575584606184932
2025-06-04,906035.557325,310241.13042500004,595794.4268999998,0.6575839348502358
2025-06-05,909168.3399500002,709410.8130500001,199757.52690000006,0.21971456563367103
2025-06-06,909168.3399500002,709410.8130500001,199757.52690000006,0.21971456563367103
2025-06-09,909168.3399500002,709410.8130500001,199757.52690000006,0.21971456563367103
2025-06-10,909168.3399500002,709410.8130500001,199757.52690000006,0.21971456563367103
2025-06-11,909329.2566500001,509427.6297500001,399901.62690000003,0.43977648797230084
2025-06-12,907431.15665,509427.6297500001,398003.52689999994,0.4386046522463759
2025-06-13,894698.583575,109435.35667500008,785263.2269,0.8776846653341925
2025-06-16,894632.683575,109435.35667500008,785197.3269,0.8776756554011748
2025-06-17,894143.1835750001,109435.35667500008,784707.8269000001,0.87760868875894
2025-06-18,897001.9462750001,58.81937500006461,896943.1269,0.9999344267030363
2025-06-19,890149.1462750001,58.81937500006461,890090.3269,0.9999339218879822
2025-06-20,898779.1462750001,58.81937500006461,898720.3269,0.9999345563643262
2025-06-23,890853.2462750002,58.81937500006461,890794.4269000001,0.9999339741138666
2025-06-24,896621.6462750001,58.81937500006461,896562.8269,0.9999343988902739
2025-06-25,900232.546275,58.81937500006461,900173.7268999999,0.9999346620212262
2025-06-26,898605.9462750001,58.81937500006461,898547.1269,0.9999345437505239
2025-06-27,895006.3462750001,58.81937500006461,894947.5269,0.9999342804939374
2025-06-30,897706.0462750001,58.81937500006461,897647.2269,0.9999344781343023
2025-07-01,896090.746275,58.81937500006461,896031.9269,0.9999343600240884
2025-07-02,896745.0365500001,199247.9096500001,697497.1269,0.7778098550547254
2025-07-03,896745.0365500001,199247.9096500001,697497.1269,0.7778098550547254
2025-07-04,896745.0365500001,199247.9096500001,697497.1269,0.7778098550547254
2025-07-07,894576.23655,199247.9096500001,695328.3269,0.77727117990702
2025-07-08,896202.8365500001,199247.9096500001,696954.9269000001,0.777675430690423
2025-07-09,897162.6661,697405.1392000001,199757.52689999994,0.22265474751457665
2025-07-10,897162.6661,697405.1392000001,199757.52689999994,0.22265474751457665
2025-07-11,897162.6661,697405.1392000001,199757.52689999994,0.22265474751457665
2025-07-14,897162.6661,697405.1392000001,199757.52689999994,0.22265474751457665
2025-07-15,897162.6661,697405.1392000001,199757.52689999994,0.22265474751457665
2025-07-16,897162.6661,697405.1392000001,199757.52689999994,0.22265474751457665
2025-07-17,897162.6661,697405.1392000001,199757.52689999994,0.22265474751457665
2025-07-18,897162.6661,697405.1392000001,199757.52689999994,0.22265474751457665
2025-07-21,897162.6661,697405.1392000001,199757.52689999994,0.22265474751457665
2025-07-22,897162.6661,697405.1392000001,199757.52689999994,0.22265474751457665
2025-07-23,897162.6661,697405.1392000001,199757.52689999994,0.22265474751457665
2025-07-24,897162.6661,697405.1392000001,199757.52689999994,0.22265474751457665
2025-07-25,897162.6661,697405.1392000001,199757.52689999994,0.22265474751457665
2025-07-28,897162.6661,697405.1392000001,199757.52689999994,0.22265474751457665
2025-07-29,897162.6661,697405.1392000001,199757.52689999994,0.22265474751457665
2025-07-30,898675.5061000001,297465.17920000013,601210.3269,0.6689960089254956
2025-07-31,894912.3061000002,297465.17920000013,597447.1269,0.66760410246637
2025-08-01,896206.3202750002,97471.8933750001,798734.4269000001,0.8912394488078471
2025-08-04,899406.1202750002,97471.8933750001,801934.2269000001,0.8916263841464662
2025-08-05,906797.405475,302279.8785750001,604517.5268999999,0.666651143077919
2025-08-06,907134.7054750001,302279.8785750001,604854.8269,0.6667750922210409
2025-08-07,907707.8625,707950.3356000001,199757.52689999994,0.2200680804392613
2025-08-08,907707.8625,707950.3356000001,199757.52689999994,0.2200680804392613
2025-08-11,907707.8625,707950.3356000001,199757.52689999994,0.2200680804392613
2025-08-12,907707.8625,707950.3356000001,199757.52689999994,0.2200680804392613
2025-08-13,907707.8625,707950.3356000001,199757.52689999994,0.2200680804392613
2025-08-14,907707.8625,707950.3356000001,199757.52689999994,0.2200680804392613
2025-08-15,907707.8625,707950.3356000001,199757.52689999994,0.2200680804392613
2025-08-18,907707.8625,707950.3356000001,199757.52689999994,0.2200680804392613
2025-08-19,907707.8625,707950.3356000001,199757.52689999994,0.2200680804392613
2025-08-20,907707.8625,707950.3356000001,199757.52689999994,0.2200680804392613
2025-08-21,907707.8625,707950.3356000001,199757.52689999994,0.2200680804392613
2025-08-22,907707.8625,707950.3356000001,199757.52689999994,0.2200680804392613
2025-08-25,907707.8625,707950.3356000001,199757.52689999994,0.2200680804392613
2025-08-26,907707.8625,707950.3356000001,199757.52689999994,0.2200680804392613
2025-08-27,907707.8625,707950.3356000001,199757.52689999994,0.2200680804392613
2025-08-28,908706.680625,507972.85372500005,400733.8269,0.4409935961122009
2025-08-29,907788.9806250001,507972.85372500005,399816.12690000003,0.4404284866123096
2025-09-01,903602.841475,308166.3145750001,595436.5268999999,0.6589582276302236
2025-09-02,911883.871075,108234.74417500009,803649.1268999999,0.8813064386724984
2025-09-03,905066.0710750001,108234.74417500009,796831.3269,0.8804123282994761
2025-09-04,908762.442675,94.1157750000857,908668.3269,0.9998964352281956
2025-09-05,905945.442675,94.1157750000857,905851.3269,0.9998961131978078
2025-09-08,905206.842675,94.1157750000857,905112.7268999999,0.9998960284317759
2025-09-09,909096.642675,94.1157750000857,909002.5268999999,0.9998964733004368
2025-09-10,912594.3006750001,405760.6737750001,506833.6269,0.5553767172610224
2025-09-11,913078.8006750001,405760.6737750001,507318.1269,0.5556126443029467
2025-09-12,911625.3006750001,405760.6737750001,505864.6269,0.554904110850631
2025-09-15,909978.000675,405760.6737750001,504217.3268999999,0.5540983699891464
2025-09-16,909299.7006750001,405760.6737750001,503539.0269,0.5537657457999909
2025-09-17,909617.5044750001,205725.87757500008,703891.6269,0.7738325432801143
2025-09-18,900773.8044750001,205725.87757500008,695047.9269000001,0.7716120555982379
2025-09-19,903118.3132750001,5711.086375000072,897407.2269,0.9936762589230531
2025-09-22,896598.913275,5711.086375000072,890887.8269,0.9936302773844112
2025-09-23,903343.113275,5711.086375000072,897632.0268999999,0.9936778326074851
2025-09-24,902924.5132750002,5711.086375000072,897213.4269000001,0.9936749016213046
2025-09-25,899567.913275,5711.086375000072,893856.8269,0.9936513004846871
2025-09-26,900164.8132750001,5711.086375000072,894453.7269,0.9936555103123595
2025-09-29,898180.3132750001,5711.086375000072,892469.2269,0.9936414923700833
2025-09-30,893114.413275,5711.086375000072,887403.3269,0.9936054258109464
2025-10-09,894649.3132750001,5711.086375000072,888938.2269,0.9936163966257417
2025-10-10,898108.534375,308351.0074750001,589757.5268999999,0.6566662094024263
2025-10-13,901608.534375,308351.0074750001,593257.5268999999,0.657999014296431
2025-10-14,902307.3683500001,507737.04145000014,394570.3269,0.43729037436713947
2025-10-15,905117.1683500002,507737.04145000014,397380.12690000003,0.4390372216940834
2025-10-16,907780.3697500002,307692.6428500002,600087.7269,0.6610494640518193
2025-10-17,898997.2697500002,307692.6428500002,591304.6269,0.6577379562725862
2025-10-20,904463.5767000001,43.54980000015348,904420.0268999999,0.9999518501340219
2025-10-21,925780.3691,328391.84220000013,597388.5268999999,0.6452810481180897
2025-10-22,922933.3691,328391.84220000013,594541.5268999999,0.6441868360223751
2025-10-23,922883.3833250001,128398.75642500012,794484.6268999999,0.8608721765447763
2025-10-24,923519.483325,128398.75642500012,795120.7268999999,0.8609680047434205
2025-10-27,936612.131325,736854.604425,199757.52689999994,0.21327668115659398
2025-10-28,936612.131325,736854.604425,199757.52689999994,0.21327668115659398
2025-10-29,936562.1489250001,536875.0220250001,399687.12690000003,0.4267598550280586
2025-10-30,935921.348925,536875.0220250001,399046.3269,0.42636737302589034
2025-10-31,937416.548925,536875.0220250001,400541.52689999994,0.42728232967438906
2025-11-03,937202.948925,536875.0220250001,400327.92689999996,0.4271518003215719
2025-11-04,934853.348925,536875.0220250001,397978.3269,0.4257120406720909
2025-11-05,934639.7489250001,536875.0220250001,397764.7269,0.4255807944799045
2025-11-06,935066.9489250001,536875.0220250001,398191.9269000001,0.4258432269023961
2025-11-07,935707.7489250001,536875.0220250001,398832.7269,0.42623642623266095
2025-11-10,938006.992725,738249.4658250001,199757.52689999994,0.21295952849955332
2025-11-11,938006.992725,738249.4658250001,199757.52689999994,0.21295952849955332
2025-11-12,934865.5952750001,538209.6683750001,396655.92689999996,0.4242919291337485
2025-11-13,940388.7964750001,338164.4695750001,602224.3269,0.6403992999038349
2025-11-14,931800.996475,338164.4695750001,593636.5268999999,0.6370850955791256
2025-11-17,940519.4003750001,138130.0734750001,802389.3269,0.8531342645139213
2025-11-18,945311.0003750002,138130.0734750001,807180.9269000001,0.8538786987349088
2025-11-19,937117.4003750001,138130.0734750001,798987.3269,0.8526011005454327
2025-11-20,931667.4003750001,138130.0734750001,793537.3269,0.8517388572151369
2025-11-21,914421.2003750001,138130.0734750001,776291.1269,0.8489426170146169
2025-11-24,927899.800375,138130.0734750001,789769.7268999999,0.85113686475719
2025-11-25,932691.4003750001,138130.0734750001,794561.3269,0.8519016328236079
2025-11-26,931685.2003750001,138130.0734750001,793555.1269,0.8517416897688155
2025-11-27,926235.2003750001,138130.0734750001,788105.1269,0.8508693327363546
2025-11-28,929947.800375,138130.0734750001,791817.7268999999,0.8514647021915646
2025-12-01,933788.2003750001,138130.0734750001,795658.1269,0.8520755847851489
2025-12-02,924808.4003750001,138130.0734750001,786678.3269,0.850639253039884
2025-12-03,912116.0003750002,138130.0734750001,773985.9269000001,0.8485608481616259
2025-12-04,915115.2003750001,138130.0734750001,776985.1269,0.8490571750765407
2025-12-05,924596.310825,332839.5839250001,591756.7268999999,0.6400163184427876
2025-12-08,930335.2467750001,530609.1198750001,399726.12690000003,0.4296581563319755
2025-12-09,930093.4467750001,530609.1198750001,399484.3269,0.4295098823512512
2025-12-10,928598.6603250001,330613.3334250001,597985.3269,0.6439653129487729
2025-12-11,927943.560375,130563.53347500006,797380.0268999999,0.8592979799092125
2025-12-12,927332.760375,130563.53347500006,796769.2268999999,0.8592053046608619
2025-12-15,929400.360375,130563.53347500006,798836.8269,0.8595185250172278
2025-12-16,927327.060375,130563.53347500006,796763.5268999999,0.8592044392382967
2025-12-17,927573.660375,130563.53347500006,797010.1268999999,0.8592418704276102
2025-12-18,934521.960375,130563.53347500006,803958.4269,0.8602884265848517
2025-12-19,935149.56975,533625.24285,401524.3269,0.4293690976164832
2025-12-22,934785.3697500001,533625.24285,401160.12690000003,0.42914677516539085
2025-12-23,933692.7697500001,533625.24285,400067.52690000006,0.42847876717211775
2025-12-24,932964.3697500001,533625.24285,399339.12690000003,0.42803255927877304
2025-12-25,935149.56975,533625.24285,401524.3269,0.4293690976164832
2025-12-26,933692.7697500001,533625.24285,400067.52690000006,0.42847876717211775
2025-12-29,931143.3697500001,533625.24285,397518.12690000003,0.4269139853368966
2025-12-30,928396.98255,333626.45565,594770.5268999999,0.6406424601535883
2025-12-31,925591.98255,333626.45565,591965.5268999999,0.6395534296538943
2026-01-05,933913.1878500001,133597.66095,800315.5269000002,0.8569485229590122
2026-01-06,937793.0895,537889.9626,399903.12690000003,0.4264300210542339
2026-01-07,938530.0563,738772.5294,199757.52690000006,0.2128408414404022
2026-01-08,938530.0563,738772.5294,199757.52690000006,0.2128408414404022
2026-01-09,938480.06125,538742.33435,399737.7269,0.4259416298813775
2026-01-12,938824.26125,538742.33435,400081.92689999996,0.42615209620521505
2026-01-13,939168.4612499999,538742.33435,400426.1268999999,0.42636240825958627
2026-01-14,937447.4612499999,538742.33435,398705.1268999999,0.4253093035937857
2026-01-15,933975.6778500001,138708.75095000002,795266.9269000001,0.8514856925725242
2026-01-16,928535.6778500001,138708.75095000002,789826.9269000001,0.8506155937150671
2026-01-19,928098.81465,21.28774999998859,928077.5268999999,0.9999770630565797
2026-01-20,937048.81465,21.28774999998859,937027.5268999999,0.9999772821333668
2026-01-21,929866.81465,21.28774999998859,929845.5268999999,0.9999771066676811
2026-01-22,929585.81465,21.28774999998859,929564.5268999999,0.9999770997473665
2026-01-23,925729.81465,21.28774999998859,925708.5268999999,0.9999770043595192
2026-01-26,930453.81465,21.28774999998859,930432.5268999999,0.999977121110511
2026-01-27,926476.81465,21.28774999998859,926455.5268999999,0.999977022900451
2026-01-28,927095.81465,21.28774999998859,927074.5268999999,0.9999770382417182
2026-01-29,932993.90765,539514.38075,393479.52689999994,0.4217385812208416
2026-01-30,932619.71155,339479.98465,593139.7269,0.6359931272675018
2026-02-02,928640.71155,339479.98465,589160.7269,0.634433446188923
2026-02-03,932356.5115499999,339479.98465,592876.5268999999,0.6358903697839466
2026-02-04,936998.11155,339479.98465,597518.1269,0.6376940567271521
2026-02-05,932909.30755,534647.18065,398262.12690000003,0.4269033695739549
2026-02-06,937659.7454,334748.6185,602911.1269,0.6429956387247933
2026-02-09,945618.4304000001,539957.3035,405661.12690000003,0.4289902923406473
2026-02-10,944561.4304000001,539957.3035,404604.12690000003,0.4283513108603847
2026-02-11,946200.9959499999,746443.46905,199757.52689999994,0.21111532090435015
2026-02-12,946200.9959499999,746443.46905,199757.52689999994,0.21111532090435015
2026-02-13,946200.9959499999,746443.46905,199757.52689999994,0.21111532090435015
2026-02-24,944876.61115,546454.28425,398422.3269,0.42166598495340474
2026-02-25,946452.3173750001,346429.190475,600023.1269,0.6339707937576542
2026-02-26,942209.717375,346429.190475,595780.5268999999,0.6323226304222873
2026-02-27,942880.844575,146488.017675,796392.8269,0.8446378261708891
2026-03-02,931823.644575,146488.017675,785335.6269,0.8427942684993657
2026-03-03,924061.0333250001,6.406425000022864,924054.6269,0.999993067097552
2026-03-04,912043.933325,6.406425000022864,912037.5268999999,0.9999929757495599
2026-03-05,910916.233325,6.406425000022864,910909.8269,0.9999929670536482
2026-03-06,919614.533325,6.406425000022864,919608.1268999999,0.9999930335757343
2026-03-09,904317.933325,6.406425000022864,904311.5268999999,0.999992915738189
2026-03-10,912847.733325,6.406425000022864,912841.3269,0.9999929819347015
2026-03-11,911266.3333250001,6.406425000022864,911259.9269000001,0.9999929697556403
2026-03-12,909386.6333250001,6.406425000022864,909380.2269,0.999992955224142
2026-03-13,906988.3333250001,6.406425000022864,906981.9269000001,0.9999929365960237
2026-03-16,906806.733325,6.406425000022864,906800.3269,0.999992935181484
2026-03-17,911486.633325,6.406425000022864,911480.2268999999,0.9999929714548016
2026-03-18,908077.3333249999,6.406425000022864,908070.9268999998,0.9999929450667197
2026-03-19,894491.933325,6.406425000022864,894485.5268999999,0.9999928379175246
2026-03-20,885663.8333250001,6.406425000022864,885657.4269000001,0.9999927665274803
2026-03-23,853709.5333250001,6.406425000022864,853703.1269,0.9999924957790092
2026-03-24,861720.7333250002,6.406425000022864,861714.3269000001,0.9999925655438563
2026-03-25,876265.3333250001,6.406425000022864,876258.9269000001,0.9999926889439118
2026-03-26,862316.733325,6.406425000022864,862310.3269,0.999992570682265
2026-03-27,866918.633325,6.406425000022864,866912.2268999999,0.9999926101196194
2026-03-30,861175.9333250001,6.406425000022864,861169.5269,0.9999925608406457
2026-03-31,858505.5333250001,6.406425000022864,858499.1269,0.99999253770098
2026-04-01,873737.233325,6.406425000022864,873730.8269,0.9999926677898621
2026-04-02,860657.3333250001,6.406425000022864,860650.9269000001,0.9999925563580858
2026-04-03,852023.9333250001,6.406425000022864,852017.5269,0.9999924809330472
2026-04-07,849288.633325,6.406425000022864,849282.2268999999,0.9999924567164228
2026-04-08,876976.9761000001,316156.2492000001,560820.7269,0.6394931020812235
2026-04-09,869276.5761000001,316156.2492000001,553120.3269,0.636299587619821
2026-04-10,876316.4529000001,676558.9260000001,199757.52690000006,0.22795135962464366
2026-04-13,876316.4529000001,676558.9260000001,199757.52690000006,0.22795135962464366
2026-04-14,876316.4529000001,676558.9260000001,199757.52690000006,0.22795135962464366
2026-04-15,876316.4529000001,676558.9260000001,199757.52690000006,0.22795135962464366
2026-04-16,876316.4529000001,676558.9260000001,199757.52690000006,0.22795135962464366
2026-04-17,876316.4529000001,676558.9260000001,199757.52690000006,0.22795135962464366
2026-04-20,876316.4529000001,676558.9260000001,199757.52690000006,0.22795135962464366
2026-04-21,876316.4529000001,676558.9260000001,199757.52690000006,0.22795135962464366
2026-04-22,876316.4529000001,676558.9260000001,199757.52690000006,0.22795135962464366
2026-04-23,876316.4529000001,676558.9260000001,199757.52690000006,0.22795135962464366
2026-04-24,876316.4529000001,676558.9260000001,199757.52690000006,0.22795135962464366
2026-04-27,876316.4529000001,676558.9260000001,199757.52690000006,0.22795135962464366
2026-04-28,878253.2972500001,276636.3703500001,601616.9269,0.6850152783756029
2026-04-29,882075.0516000001,682317.5247000001,199757.52690000006,0.22646318648017413
2026-04-30,882075.0516000001,682317.5247000001,199757.52690000006,0.22646318648017413
2026-05-06,882075.0516000001,682317.5247000001,199757.52690000006,0.22646318648017413
2026-05-07,882444.2620000001,482309.1351000001,400135.12690000003,0.45343954755070975
2026-05-08,881605.8620000001,482309.1351000001,399296.7269,0.4529197730084966
2026-05-11,881186.662,482309.1351000001,398877.52689999994,0.4526595148350077
2026-05-12,878671.462,482309.1351000001,396362.3269,0.45109275086482775
2026-05-13,871271.2744,82258.74750000003,789012.5268999999,0.9055876741068418
2026-05-14,874929.8744000001,82258.74750000003,792671.1269,0.9059824679590344
2026-05-15,862313.8744,82258.74750000003,780055.1268999999,0.9046069535211457
2026-05-18,855799.8202000001,21.393300000025192,855778.4269000001,0.9999750019811935
2026-05-19,856825.7202,21.393300000025192,856804.3269,0.9999750319119797
2026-05-20,859627.2202,21.393300000025192,859605.8269,0.9999751132822492
2026-05-21,856115.5202,21.393300000025192,856094.1269,0.999975011199429
2026-05-22,843646.9202,21.393300000025192,843625.5269,0.9999746418798104
2026-05-25,847474.3202000001,21.393300000025192,847452.9269000001,0.9999747564032442
2026-05-26,843094.5202,21.393300000025192,843073.1269,0.9999746252650357
2026-05-27,852880.0202,21.393300000025192,852858.6269,0.9999749164014946
2026-05-28,839306.6202,21.393300000025192,839285.2269,0.9999745107455545
2026-05-29,862902.385225,472843.058325,390059.3269,0.45203180983013835
2026-06-01,858864.9156500001,272914.78875,585950.1269,0.6822378190364725
2026-06-02,856562.9156500001,272914.78875,583648.1269,0.6813838379368787
2026-06-03,858708.9156500001,272914.78875,585794.1269,0.6821800917911548
2026-06-04,854443.7156499999,272914.78875,581528.9268999998,0.6805936028888855
2026-06-05,860547.9156500001,272914.78875,587633.1269,0.6828592762974057
2026-06-08,849258.01565,272914.78875,576343.2268999999,0.6786432583257772
2026-06-09,852386.61565,272914.78875,579471.8269,0.6798227661729709
2026-06-10,847295.31565,272914.78875,574380.5268999999,0.6778988580379034
2026-06-11,848767.7156500001,272914.78875,575852.9269000001,0.678457623071823
2026-06-12,852418.9156500001,272914.78875,579504.1269,0.6798348983822201
2026-06-15,853185.4156500001,272914.78875,580270.6269,0.6801225340425214
2026-06-16,849840.2156500001,272914.78875,576925.4269000001,0.6788634101749806
2026-06-17,853530.435025,478385.908125,375144.5269,0.4395209725462361
2026-06-18,846530.040025,278355.91312499996,568174.1269,0.6711801117928674
2026-06-22,851737.5467749999,78332.91987499996,773404.6269,0.908031622919997
2026-06-23,843578.9467750001,78332.91987499996,765246.0269000002,0.907142158805093
2026-06-24,835109.0467749999,78332.91987499996,756776.1269,0.9062003696672863
2026-06-25,834535.2713249999,11.54442499995639,834523.7268999999,0.999986166642206
2026-06-26,826517.371325,11.54442499995639,826505.8269,0.9999860324472292
2026-06-29,841196.471325,11.54442499995639,841184.9269000001,0.9999862761847041
2026-06-30,831389.371325,11.54442499995639,831377.8269,0.9999861142980676
2026-07-01,843933.2713249999,11.54442499995639,843921.7268999999,0.9999863206898078
2026-07-02,848954.5852999999,378261.0583999999,470693.5269,0.5544389947946018
2026-07-03,851510.5852999999,378261.0583999999,473249.5269,0.5557764460828952
2026-07-06,850703.20165,178276.4747499999,672426.7269,0.7904363420706306
2026-07-07,848755.57015,455533.14324999996,393222.4269000001,0.463292896953249
2026-07-08,833825.98495,55492.35804999992,778333.6269,0.933448514376381
2026-07-09,839030.98495,55492.35804999992,783538.6269,0.9338613721717239
2026-07-10,833345.48495,55492.35804999992,777853.1269,0.9334101413493235
2026-07-13,806344.88495,55492.35804999992,750852.5269,0.9311803682447357
2026-07-14,809203.48495,55492.35804999992,753711.1269,0.9314234811366034
2026-07-15,811188.8849499999,55492.35804999992,755696.5268999999,0.9315913234518489
2026-07-16,799530.0849499999,55492.35804999992,744037.7269,0.9305937836554703
2026-07-17,784276.0849499999,55492.35804999992,728783.7269,0.9292438477790156
2026-07-20,777710.0849499998,55492.35804999992,722217.7268999999,0.9286464723502106
2026-07-21,791546.9849499998,55492.35804999992,736054.6268999999,0.929893791391922
2026-07-22,792564.0849499998,55492.35804999992,737071.7268999999,0.9299837589114315
2026-07-23,805415.5849499999,55492.35804999992,749923.2269,0.9311009631711499
2026-07-24,787271.28495,55492.35804999992,731778.9269000001,0.9295130419325223
2026-07-27,798281.2849499999,55492.35804999992,742788.9269,0.9304852072869582
2026-07-28,791803.0849499998,55492.35804999992,736310.7268999999,0.9299164664741056
2026-07-29,796342.2772749999,250274.35037499992,546067.9269,0.6857201262359037
2026-07-30,791249.477275,250274.35037499992,540975.1269,0.6836972945158526
2026-07-31,789648.2811749999,50239.95427499994,739408.3269,0.9363767952483317
2026-08-03,796438.6811749999,50239.95427499994,746198.7269,0.9369192438005648
2026-08-04,815894.2876749999,404525.36077499995,411368.92689999996,0.5041939049141413
2026-08-05,817555.2876749999,404525.36077499995,413029.92689999996,0.505201217736103
2026-08-06,824808.542475,625051.015575,199757.52690000006,0.24218653980060434
2026-08-07,824808.542475,625051.015575,199757.52690000006,0.24218653980060434
2026-08-10,824808.542475,625051.015575,199757.52690000006,0.24218653980060434
2026-08-11,824808.542475,625051.015575,199757.52690000006,0.24218653980060434
2026-08-12,824808.542475,625051.015575,199757.52690000006,0.24218653980060434
2026-08-13,824808.542475,625051.015575,199757.52690000006,0.24218653980060434
2026-08-14,824808.542475,625051.015575,199757.52690000006,0.24218653980060434
2026-08-17,826038.558475,425065.031575,400973.5269,0.48541744545225785
2026-08-18,823734.558475,425065.031575,398669.5269,0.48397814902663144
2026-08-19,820242.5709749999,225065.04407499998,595177.5268999999,0.7256116031535996
2026-08-20,820428.5709749999,225065.04407499998,595363.5268999999,0.7256738099606502
2026-08-21,821658.5834,25064.75649999999,796593.8269,0.9694949252568107
2026-08-24,825970.9833999999,25064.75649999999,800906.2268999999,0.969654192455013
2026-08-25,825970.9833999999,25064.75649999999,800906.2268999999,0.969654192455013
2026-08-26,834698.5762,634941.0493000001,199757.52689999994,0.23931696135077216
2026-08-27,834698.5762,634941.0493000001,199757.52689999994,0.23931696135077216
2026-08-28,834698.5762,634941.0493000001,199757.52689999994,0.23931696135077216
2026-08-31,834698.5762,634941.0493000001,199757.52689999994,0.23931696135077216
2026-09-01,834067.3930000002,434958.26610000007,399109.1269000001,0.47850944689789593
2026-09-02,827690.9023000002,234945.47540000005,592745.4269000001,0.7161434603822151
2026-09-03,829291.3023000001,234945.47540000005,594345.8269,0.7166912582485914
