date,equity,cash,invested,invested_pct
2006-05-15,1000000.0,1000000.0,0.0,0.0
2006-05-16,1000000.0,1000000.0,0.0,0.0
2006-05-17,1000000.0,1000000.0,0.0,0.0
2006-05-18,1000000.0,1000000.0,0.0,0.0
2006-05-19,1000000.0,1000000.0,0.0,0.0
2006-05-22,1000000.0,1000000.0,0.0,0.0
2006-05-23,1000000.0,1000000.0,0.0,0.0
2006-05-24,1000000.0,1000000.0,0.0,0.0
2006-05-25,1000000.0,1000000.0,0.0,0.0
2006-05-26,1000000.0,1000000.0,0.0,0.0
2006-05-29,1000000.0,1000000.0,0.0,0.0
2006-05-30,1000000.0,1000000.0,0.0,0.0
2006-05-31,1000000.0,1000000.0,0.0,0.0
2006-06-01,1000000.0,1000000.0,0.0,0.0
2006-06-02,1000000.0,1000000.0,0.0,0.0
2006-06-05,1000000.0,1000000.0,0.0,0.0
2006-06-06,1000000.0,1000000.0,0.0,0.0
2006-06-07,1000000.0,1000000.0,0.0,0.0
2006-06-08,1000000.0,1000000.0,0.0,0.0
2006-06-09,1000000.0,1000000.0,0.0,0.0
2006-06-12,1000000.0,1000000.0,0.0,0.0
2006-06-13,1000000.0,1000000.0,0.0,0.0
2006-06-14,1000000.0,1000000.0,0.0,0.0
2006-06-15,1000000.0,1000000.0,0.0,0.0
2006-06-16,1000000.0,1000000.0,0.0,0.0
2006-06-19,1000000.0,1000000.0,0.0,0.0
2006-06-20,1000000.0,1000000.0,0.0,0.0
2006-06-21,1000000.0,1000000.0,0.0,0.0
2006-06-22,1000000.0,1000000.0,0.0,0.0
2006-06-23,1000000.0,1000000.0,0.0,0.0
2006-06-26,1000000.0,1000000.0,0.0,0.0
2006-06-27,1000000.0,1000000.0,0.0,0.0
2006-06-28,1000000.0,1000000.0,0.0,0.0
2006-06-29,1000000.0,1000000.0,0.0,0.0
2006-06-30,1000000.0,1000000.0,0.0,0.0
2006-07-03,1000000.0,1000000.0,0.0,0.0
2006-07-04,1000000.0,1000000.0,0.0,0.0
2006-07-05,1000000.0,1000000.0,0.0,0.0
2006-07-06,1000000.0,1000000.0,0.0,0.0
2006-07-07,1000000.0,1000000.0,0.0,0.0
2006-07-10,1000000.0,1000000.0,0.0,0.0
2006-07-11,1000000.0,1000000.0,0.0,0.0
2006-07-12,1000000.0,1000000.0,0.0,0.0
2006-07-13,1000000.0,1000000.0,0.0,0.0
2006-07-14,1000000.0,1000000.0,0.0,0.0
2006-07-17,1000000.0,1000000.0,0.0,0.0
2006-07-18,1000000.0,1000000.0,0.0,0.0
2006-07-19,1000000.0,1000000.0,0.0,0.0
2006-07-20,1000000.0,1000000.0,0.0,0.0
2006-07-21,1000000.0,1000000.0,0.0,0.0
2006-07-24,1000000.0,1000000.0,0.0,0.0
2006-07-25,1000000.0,1000000.0,0.0,0.0
2006-07-26,1000000.0,1000000.0,0.0,0.0
2006-07-27,1000000.0,1000000.0,0.0,0.0
2006-07-28,1000000.0,1000000.0,0.0,0.0
2006-07-31,1000000.0,1000000.0,0.0,0.0
2006-08-01,997770.2202999999,800031.2202999999,197739.0,0.19818089974718403
2006-08-02,996213.2202999999,800031.2202999999,196182.0,0.19692772189965688
2006-08-03,993961.8450999999,600080.4450999999,393881.4,0.39627416478986943
2006-08-04,985167.0450999999,600080.4450999999,385086.6,0.3908845732460646
2006-08-07,975253.4654999999,400112.0654999999,575141.4,0.5897353050728534
2006-08-08,991468.0654999999,400112.0654999999,591356.0,0.596444828207127
2006-08-09,989560.4654999999,400112.0654999999,589448.4,0.5956668849964278
2006-08-10,997667.7654999999,400112.0654999999,597555.7,0.5989525979127167
2006-08-11,998144.6654999999,400112.0654999999,598032.6,0.599144212928722
2006-08-14,988606.6654999999,400112.0654999999,588494.6,0.5952767875607653
2006-08-15,995760.1655,400112.0654999999,595648.1000000001,0.5981843024428557
2006-08-16,1005298.1654999999,400112.0654999999,605186.1,0.6019966222648001
2006-08-17,999098.4654999999,400112.0654999999,598986.4,0.5995268941787801
2006-08-18,998144.6654999999,400112.0654999999,598032.6,0.599144212928722
2006-08-21,996713.9654999998,400112.0654999999,596601.8999999999,0.5985688177858686
2006-08-22,1003239.745875,1003239.745875,0.0,0.0
2006-08-23,1003239.745875,1003239.745875,0.0,0.0
2006-08-24,1003239.745875,1003239.745875,0.0,0.0
2006-08-25,1003239.745875,1003239.745875,0.0,0.0
2006-08-28,1003239.745875,1003239.745875,0.0,0.0
2006-08-29,1003239.745875,1003239.745875,0.0,0.0
2006-08-30,1003239.745875,1003239.745875,0.0,0.0
2006-08-31,1003239.745875,1003239.745875,0.0,0.0
2006-09-01,1003239.745875,1003239.745875,0.0,0.0
2006-09-04,1003239.745875,1003239.745875,0.0,0.0
2006-09-05,1003239.745875,1003239.745875,0.0,0.0
2006-09-06,1003239.745875,1003239.745875,0.0,0.0
2006-09-07,1003239.745875,1003239.745875,0.0,0.0
2006-09-08,1003239.745875,1003239.745875,0.0,0.0
2006-09-11,1003239.745875,1003239.745875,0.0,0.0
2006-09-12,1003239.745875,1003239.745875,0.0,0.0
2006-09-13,1003239.745875,1003239.745875,0.0,0.0
2006-09-14,1003239.745875,1003239.745875,0.0,0.0
2006-09-15,1003239.745875,1003239.745875,0.0,0.0
2006-09-18,1003239.745875,1003239.745875,0.0,0.0
2006-09-19,1003239.745875,1003239.745875,0.0,0.0
2006-09-20,1003239.745875,1003239.745875,0.0,0.0
2006-09-21,1003239.745875,1003239.745875,0.0,0.0
2006-09-22,1003239.745875,1003239.745875,0.0,0.0
2006-09-25,1003239.745875,1003239.745875,0.0,0.0
2006-09-26,1003239.745875,1003239.745875,0.0,0.0
2006-09-27,1003239.745875,1003239.745875,0.0,0.0
2006-09-28,1003239.745875,1003239.745875,0.0,0.0
2006-09-29,1003239.745875,1003239.745875,0.0,0.0
2006-10-09,1003239.745875,1003239.745875,0.0,0.0
2006-10-10,1003239.745875,1003239.745875,0.0,0.0
2006-10-11,1003239.745875,1003239.745875,0.0,0.0
2006-10-12,1003239.745875,1003239.745875,0.0,0.0
2006-10-13,1003239.745875,1003239.745875,0.0,0.0
2006-10-16,1003239.745875,1003239.745875,0.0,0.0
2006-10-17,1003239.745875,1003239.745875,0.0,0.0
2006-10-18,1003239.745875,1003239.745875,0.0,0.0
2006-10-19,1003239.745875,1003239.745875,0.0,0.0
2006-10-20,1003239.745875,1003239.745875,0.0,0.0
2006-10-23,1003239.745875,1003239.745875,0.0,0.0
2006-10-24,1003239.745875,1003239.745875,0.0,0.0
2006-10-25,1003239.745875,1003239.745875,0.0,0.0
2006-10-26,1003239.745875,1003239.745875,0.0,0.0
2006-10-27,1003239.745875,1003239.745875,0.0,0.0
2006-10-30,1003239.745875,1003239.745875,0.0,0.0
2006-10-31,1003239.745875,1003239.745875,0.0,0.0
2006-11-01,1003239.745875,1003239.745875,0.0,0.0
2006-11-02,1003239.745875,1003239.745875,0.0,0.0
2006-11-03,1003239.745875,1003239.745875,0.0,0.0
2006-11-06,1003239.745875,1003239.745875,0.0,0.0
2006-11-07,1003239.745875,1003239.745875,0.0,0.0
2006-11-08,1003239.745875,1003239.745875,0.0,0.0
2006-11-09,1003239.745875,1003239.745875,0.0,0.0
2006-11-10,1003239.745875,1003239.745875,0.0,0.0
2006-11-13,1003239.745875,1003239.745875,0.0,0.0
2006-11-14,1003239.745875,1003239.745875,0.0,0.0
2006-11-15,1003239.745875,1003239.745875,0.0,0.0
2006-11-16,1003239.745875,1003239.745875,0.0,0.0
2006-11-17,1003239.745875,1003239.745875,0.0,0.0
2006-11-20,1003239.745875,1003239.745875,0.0,0.0
2006-11-21,1003239.745875,1003239.745875,0.0,0.0
2006-11-22,1003239.745875,1003239.745875,0.0,0.0
2006-11-23,1003239.745875,1003239.745875,0.0,0.0
2006-11-24,1003239.745875,1003239.745875,0.0,0.0
2006-11-27,1003239.745875,1003239.745875,0.0,0.0
2006-11-28,1003239.745875,1003239.745875,0.0,0.0
2006-11-29,1003239.745875,1003239.745875,0.0,0.0
2006-11-30,1003239.745875,1003239.745875,0.0,0.0
2006-12-01,1003239.745875,1003239.745875,0.0,0.0
2006-12-04,1003239.745875,1003239.745875,0.0,0.0
2006-12-05,1003239.745875,1003239.745875,0.0,0.0
2006-12-06,1003239.745875,1003239.745875,0.0,0.0
2006-12-07,1003239.745875,1003239.745875,0.0,0.0
2006-12-08,1003239.745875,1003239.745875,0.0,0.0
2006-12-11,1003239.745875,1003239.745875,0.0,0.0
2006-12-12,1003239.745875,1003239.745875,0.0,0.0
2006-12-13,1003239.745875,1003239.745875,0.0,0.0
2006-12-14,1003239.745875,1003239.745875,0.0,0.0
2006-12-15,1003239.745875,1003239.745875,0.0,0.0
2006-12-18,1003239.745875,1003239.745875,0.0,0.0
2006-12-19,1003239.745875,1003239.745875,0.0,0.0
2006-12-20,1003239.745875,1003239.745875,0.0,0.0
2006-12-21,1003239.745875,1003239.745875,0.0,0.0
2006-12-22,1003239.745875,1003239.745875,0.0,0.0
2006-12-25,1003239.745875,1003239.745875,0.0,0.0
2006-12-26,1003239.745875,1003239.745875,0.0,0.0
2006-12-27,1003239.745875,1003239.745875,0.0,0.0
2006-12-28,1003239.745875,1003239.745875,0.0,0.0
2006-12-29,1003239.745875,1003239.745875,0.0,0.0
2007-01-04,1003239.745875,1003239.745875,0.0,0.0
2007-01-05,1003239.745875,1003239.745875,0.0,0.0
2007-01-08,1003239.745875,1003239.745875,0.0,0.0
2007-01-09,1003239.745875,1003239.745875,0.0,0.0
2007-01-10,1003239.745875,1003239.745875,0.0,0.0
2007-01-11,1003239.745875,1003239.745875,0.0,0.0
2007-01-12,1003239.745875,1003239.745875,0.0,0.0
2007-01-15,1003239.745875,1003239.745875,0.0,0.0
2007-01-16,1003239.745875,1003239.745875,0.0,0.0
2007-01-17,1003239.745875,1003239.745875,0.0,0.0
2007-01-18,1003239.745875,1003239.745875,0.0,0.0
2007-01-19,1003239.745875,1003239.745875,0.0,0.0
2007-01-22,1003239.745875,1003239.745875,0.0,0.0
2007-01-23,1003239.745875,1003239.745875,0.0,0.0
2007-01-24,1003239.745875,1003239.745875,0.0,0.0
2007-01-25,1003239.745875,1003239.745875,0.0,0.0
2007-01-26,1003239.745875,1003239.745875,0.0,0.0
2007-01-29,1003239.745875,1003239.745875,0.0,0.0
2007-01-30,1003239.745875,1003239.745875,0.0,0.0
2007-01-31,1003239.745875,1003239.745875,0.0,0.0
2007-02-01,1003239.745875,1003239.745875,0.0,0.0
2007-02-02,1003239.745875,1003239.745875,0.0,0.0
2007-02-05,1003239.745875,1003239.745875,0.0,0.0
2007-02-06,1003239.745875,1003239.745875,0.0,0.0
2007-02-07,1003239.745875,1003239.745875,0.0,0.0
2007-02-08,1003239.745875,1003239.745875,0.0,0.0
2007-02-09,1003239.745875,1003239.745875,0.0,0.0
2007-02-12,1003239.745875,1003239.745875,0.0,0.0
2007-02-13,1003239.745875,1003239.745875,0.0,0.0
2007-02-14,1003239.745875,1003239.745875,0.0,0.0
2007-02-15,1003239.745875,1003239.745875,0.0,0.0
2007-02-16,1003239.745875,1003239.745875,0.0,0.0
2007-02-26,1003239.745875,1003239.745875,0.0,0.0
2007-02-27,1003239.745875,1003239.745875,0.0,0.0
2007-02-28,1003239.745875,1003239.745875,0.0,0.0
2007-03-01,1003239.745875,1003239.745875,0.0,0.0
2007-03-02,1003239.745875,1003239.745875,0.0,0.0
2007-03-05,1003239.745875,1003239.745875,0.0,0.0
2007-03-06,1003239.745875,1003239.745875,0.0,0.0
2007-03-07,1003239.745875,1003239.745875,0.0,0.0
2007-03-08,1003239.745875,1003239.745875,0.0,0.0
2007-03-09,1003239.745875,1003239.745875,0.0,0.0
2007-03-12,1003239.745875,1003239.745875,0.0,0.0
2007-03-13,1003239.745875,1003239.745875,0.0,0.0
2007-03-14,1003239.745875,1003239.745875,0.0,0.0
2007-03-15,1003239.745875,1003239.745875,0.0,0.0
2007-03-16,1003239.745875,1003239.745875,0.0,0.0
2007-03-19,1003239.745875,1003239.745875,0.0,0.0
2007-03-20,1003239.745875,1003239.745875,0.0,0.0
2007-03-21,1003239.745875,1003239.745875,0.0,0.0
2007-03-22,1003239.745875,1003239.745875,0.0,0.0
2007-03-23,1003239.745875,1003239.745875,0.0,0.0
2007-03-26,1003239.745875,1003239.745875,0.0,0.0
2007-03-27,1003239.745875,1003239.745875,0.0,0.0
2007-03-28,1003239.745875,1003239.745875,0.0,0.0
2007-03-29,1003239.745875,1003239.745875,0.0,0.0
2007-03-30,1003239.745875,1003239.745875,0.0,0.0
2007-04-02,1003239.745875,1003239.745875,0.0,0.0
2007-04-03,1003239.745875,1003239.745875,0.0,0.0
2007-04-04,1003239.745875,1003239.745875,0.0,0.0
2007-04-05,1003239.745875,1003239.745875,0.0,0.0
2007-04-06,1003239.745875,1003239.745875,0.0,0.0
2007-04-09,1003239.745875,1003239.745875,0.0,0.0
2007-04-10,1003239.745875,1003239.745875,0.0,0.0
2007-04-11,1003239.745875,1003239.745875,0.0,0.0
2007-04-12,1003239.745875,1003239.745875,0.0,0.0
2007-04-13,1003239.745875,1003239.745875,0.0,0.0
2007-04-16,1003239.745875,1003239.745875,0.0,0.0
2007-04-17,1003239.745875,1003239.745875,0.0,0.0
2007-04-18,1003239.745875,1003239.745875,0.0,0.0
2007-04-19,1003239.745875,1003239.745875,0.0,0.0
2007-04-20,1003239.745875,1003239.745875,0.0,0.0
2007-04-23,1003239.745875,1003239.745875,0.0,0.0
2007-04-24,1003239.745875,1003239.745875,0.0,0.0
2007-04-25,1003239.745875,1003239.745875,0.0,0.0
2007-04-26,1003239.745875,1003239.745875,0.0,0.0
2007-04-27,1003239.745875,1003239.745875,0.0,0.0
2007-04-30,1003239.745875,1003239.745875,0.0,0.0
2007-05-08,1003239.745875,1003239.745875,0.0,0.0
2007-05-09,1003239.745875,1003239.745875,0.0,0.0
2007-05-10,1003239.745875,1003239.745875,0.0,0.0
2007-05-11,1003239.745875,1003239.745875,0.0,0.0
2007-05-14,1003239.745875,1003239.745875,0.0,0.0
2007-05-15,1003239.745875,1003239.745875,0.0,0.0
2007-05-16,1003239.745875,1003239.745875,0.0,0.0
2007-05-17,1003239.745875,1003239.745875,0.0,0.0
2007-05-18,1003239.745875,1003239.745875,0.0,0.0
2007-05-21,1003239.745875,1003239.745875,0.0,0.0
2007-05-22,1003239.745875,1003239.745875,0.0,0.0
2007-05-23,1003239.745875,1003239.745875,0.0,0.0
2007-05-24,1003239.745875,1003239.745875,0.0,0.0
2007-05-25,1003239.745875,1003239.745875,0.0,0.0
2007-05-28,1003239.745875,1003239.745875,0.0,0.0
2007-05-29,1003239.745875,1003239.745875,0.0,0.0
2007-05-30,1003239.745875,1003239.745875,0.0,0.0
2007-05-31,1003239.745875,1003239.745875,0.0,0.0
2007-06-01,1003239.745875,1003239.745875,0.0,0.0
2007-06-04,1003239.745875,1003239.745875,0.0,0.0
2007-06-05,1003239.745875,1003239.745875,0.0,0.0
2007-06-06,1003239.745875,1003239.745875,0.0,0.0
2007-06-07,1003239.745875,1003239.745875,0.0,0.0
2007-06-08,1003239.745875,1003239.745875,0.0,0.0
2007-06-11,1003239.745875,1003239.745875,0.0,0.0
2007-06-12,1003239.745875,1003239.745875,0.0,0.0
2007-06-13,1003239.745875,1003239.745875,0.0,0.0
2007-06-14,1003239.745875,1003239.745875,0.0,0.0
2007-06-15,1003239.745875,1003239.745875,0.0,0.0
2007-06-18,1003239.745875,1003239.745875,0.0,0.0
2007-06-19,1003239.745875,1003239.745875,0.0,0.0
2007-06-20,1003239.745875,1003239.745875,0.0,0.0
2007-06-21,1003239.745875,1003239.745875,0.0,0.0
2007-06-22,1003239.745875,1003239.745875,0.0,0.0
2007-06-25,1003239.745875,1003239.745875,0.0,0.0
2007-06-26,1003239.745875,1003239.745875,0.0,0.0
2007-06-27,1003239.745875,1003239.745875,0.0,0.0
2007-06-28,1003239.745875,1003239.745875,0.0,0.0
2007-06-29,1003239.745875,1003239.745875,0.0,0.0
2007-07-02,1003239.745875,1003239.745875,0.0,0.0
2007-07-03,1003239.745875,1003239.745875,0.0,0.0
2007-07-04,1003239.745875,1003239.745875,0.0,0.0
2007-07-05,1003239.745875,1003239.745875,0.0,0.0
2007-07-06,1012883.782475,803336.182475,209547.59999999998,0.20688217505859022
2007-07-09,1020534.182475,803336.182475,217198.0,0.21282775602209747
2007-07-10,1016080.182475,803336.182475,212744.0,0.2093771767910988
2007-07-11,1011940.5824750001,803336.182475,208604.40000000002,0.2061429333032541
2007-07-12,1012831.3824750001,803336.182475,209495.20000000007,0.20684114219295635
2007-07-13,1011992.9824750001,803336.182475,208656.80000000005,0.20618403844036007
2007-07-16,1006281.3824750001,803336.182475,202945.20000000007,0.2016783809522999
2007-07-17,1009844.5824750001,803336.182475,206508.40000000002,0.20449522984405613
2007-07-18,1010001.782475,803336.182475,206665.59999999998,0.2046190448234337
2007-07-19,1010316.182475,803336.182475,206980.0,0.20486655919234636
2007-07-20,1013879.1335750001,1013879.1335750001,0.0,0.0
2007-07-23,1013879.1335750001,1013879.1335750001,0.0,0.0
2007-07-24,1013879.1335750001,1013879.1335750001,0.0,0.0
2007-07-25,1013879.1335750001,1013879.1335750001,0.0,0.0
2007-07-26,1013879.1335750001,1013879.1335750001,0.0,0.0
2007-07-27,1013879.1335750001,1013879.1335750001,0.0,0.0
2007-07-30,1013879.1335750001,1013879.1335750001,0.0,0.0
2007-07-31,1013879.1335750001,1013879.1335750001,0.0,0.0
2007-08-01,1013879.1335750001,1013879.1335750001,0.0,0.0
2007-08-02,1013879.1335750001,1013879.1335750001,0.0,0.0
2007-08-03,1013879.1335750001,1013879.1335750001,0.0,0.0
2007-08-06,1013879.1335750001,1013879.1335750001,0.0,0.0
2007-08-07,1013879.1335750001,1013879.1335750001,0.0,0.0
2007-08-08,1013879.1335750001,1013879.1335750001,0.0,0.0
2007-08-09,1013879.1335750001,1013879.1335750001,0.0,0.0
2007-08-10,1013879.1335750001,1013879.1335750001,0.0,0.0
2007-08-13,1013879.1335750001,1013879.1335750001,0.0,0.0
2007-08-14,1013879.1335750001,1013879.1335750001,0.0,0.0
2007-08-15,1013879.1335750001,1013879.1335750001,0.0,0.0
2007-08-16,1013879.1335750001,1013879.1335750001,0.0,0.0
2007-08-17,1013879.1335750001,1013879.1335750001,0.0,0.0
2007-08-20,1013879.1335750001,1013879.1335750001,0.0,0.0
2007-08-21,1013879.1335750001,1013879.1335750001,0.0,0.0
2007-08-22,1013879.1335750001,1013879.1335750001,0.0,0.0
2007-08-23,1013879.1335750001,1013879.1335750001,0.0,0.0
2007-08-24,1013879.1335750001,1013879.1335750001,0.0,0.0
2007-08-27,1013879.1335750001,1013879.1335750001,0.0,0.0
2007-08-28,1013879.1335750001,1013879.1335750001,0.0,0.0
2007-08-29,1013879.1335750001,1013879.1335750001,0.0,0.0
2007-08-30,1013879.1335750001,1013879.1335750001,0.0,0.0
2007-08-31,1013879.1335750001,1013879.1335750001,0.0,0.0
2007-09-03,1013879.1335750001,1013879.1335750001,0.0,0.0
2007-09-04,1013879.1335750001,1013879.1335750001,0.0,0.0
2007-09-05,1013879.1335750001,1013879.1335750001,0.0,0.0
2007-09-06,1013879.1335750001,1013879.1335750001,0.0,0.0
2007-09-07,1013879.1335750001,1013879.1335750001,0.0,0.0
2007-09-10,1013879.1335750001,1013879.1335750001,0.0,0.0
2007-09-11,1013879.1335750001,1013879.1335750001,0.0,0.0
2007-09-12,1013879.1335750001,1013879.1335750001,0.0,0.0
2007-09-13,1013879.1335750001,1013879.1335750001,0.0,0.0
2007-09-14,1013879.1335750001,1013879.1335750001,0.0,0.0
2007-09-17,1013879.1335750001,1013879.1335750001,0.0,0.0
2007-09-18,1013879.1335750001,1013879.1335750001,0.0,0.0
2007-09-19,1013879.1335750001,1013879.1335750001,0.0,0.0
2007-09-20,1013879.1335750001,1013879.1335750001,0.0,0.0
2007-09-21,1013879.1335750001,1013879.1335750001,0.0,0.0
2007-09-24,1013879.1335750001,1013879.1335750001,0.0,0.0
2007-09-25,1013879.1335750001,1013879.1335750001,0.0,0.0
2007-09-26,1013879.1335750001,1013879.1335750001,0.0,0.0
2007-09-27,1013879.1335750001,1013879.1335750001,0.0,0.0
2007-09-28,1013879.1335750001,1013879.1335750001,0.0,0.0
2007-10-08,1013879.1335750001,1013879.1335750001,0.0,0.0
2007-10-09,1013879.1335750001,1013879.1335750001,0.0,0.0
2007-10-10,1013879.1335750001,1013879.1335750001,0.0,0.0
2007-10-11,1013879.1335750001,1013879.1335750001,0.0,0.0
2007-10-12,1013879.1335750001,1013879.1335750001,0.0,0.0
2007-10-15,1013879.1335750001,1013879.1335750001,0.0,0.0
2007-10-16,1013879.1335750001,1013879.1335750001,0.0,0.0
2007-10-17,1013879.1335750001,1013879.1335750001,0.0,0.0
2007-10-18,1013879.1335750001,1013879.1335750001,0.0,0.0
2007-10-19,1013879.1335750001,1013879.1335750001,0.0,0.0
2007-10-22,1013879.1335750001,1013879.1335750001,0.0,0.0
2007-10-23,1013879.1335750001,1013879.1335750001,0.0,0.0
2007-10-24,1013879.1335750001,1013879.1335750001,0.0,0.0
2007-10-25,1013879.1335750001,1013879.1335750001,0.0,0.0
2007-10-26,1017455.1650750001,813955.1650750001,203500.0,0.20000881315001168
2007-10-29,1020415.1650750001,813955.1650750001,206460.0,0.20232941166140475
2007-10-30,1024041.1650750001,813955.1650750001,210086.0,0.20515386213464712
2007-10-31,1025875.1718250001,1025875.1718250001,0.0,0.0
2007-11-01,1025875.1718250001,1025875.1718250001,0.0,0.0
2007-11-02,1025875.1718250001,1025875.1718250001,0.0,0.0
2007-11-05,1025875.1718250001,1025875.1718250001,0.0,0.0
2007-11-06,1025875.1718250001,1025875.1718250001,0.0,0.0
2007-11-07,1025875.1718250001,1025875.1718250001,0.0,0.0
2007-11-08,1025875.1718250001,1025875.1718250001,0.0,0.0
2007-11-09,1022876.08075,825860.88075,197015.19999999995,0.192609059599422
2007-11-12,1019390.78075,825860.88075,193529.90000000002,0.18984858766096901
2007-11-13,1012661.220725,625970.820725,386690.4,0.3818556414386587
2007-11-14,1026593.220725,625970.820725,400622.4,0.3902445407900441
2007-11-15,1019936.820725,625970.820725,393966.0,0.3862651019108789
2007-11-16,1012970.820725,625970.820725,387000.0,0.38204456839439627
2007-11-19,1015215.420725,625970.820725,389244.6,0.383410842717526
2007-11-20,1020710.820725,625970.820725,394740.0,0.3867304940684575
2007-11-21,1019317.620725,625970.820725,393346.80000000005,0.3858922793076295
2007-11-22,1000586.820725,625970.820725,374616.0,0.37439629649385414
2007-11-23,1002134.820725,625970.820725,376164.0,0.37536266799696877
2007-11-26,997490.820725,625970.820725,371520.0,0.3724545552509149
2007-11-27,994240.020725,625970.820725,368269.19999999995,0.3704027119442024
2007-11-28,985571.2207249999,625970.820725,359600.3999999999,0.3648649559140666
2007-11-29,997181.220725,625970.820725,371210.4,0.3722597179779536
2007-11-30,992072.820725,625970.820725,366102.0,0.3690273459285531
2007-12-03,994936.620725,625970.820725,368965.80000000005,0.37084352140052745
2007-12-04,998884.020725,625970.820725,372913.19999999995,0.37332982835117917
2007-12-05,1008231.2317250001,1008231.2317250001,0.0,0.0
2007-12-06,1008231.2317250001,1008231.2317250001,0.0,0.0
2007-12-07,1008231.2317250001,1008231.2317250001,0.0,0.0
2007-12-10,1008231.2317250001,1008231.2317250001,0.0,0.0
2007-12-11,1008231.2317250001,1008231.2317250001,0.0,0.0
2007-12-12,1008231.2317250001,1008231.2317250001,0.0,0.0
2007-12-13,1008231.2317250001,1008231.2317250001,0.0,0.0
2007-12-14,1008231.2317250001,1008231.2317250001,0.0,0.0
2007-12-17,1008231.2317250001,1008231.2317250001,0.0,0.0
2007-12-18,1008231.2317250001,1008231.2317250001,0.0,0.0
2007-12-19,1008231.2317250001,1008231.2317250001,0.0,0.0
2007-12-20,1008231.2317250001,1008231.2317250001,0.0,0.0
2007-12-21,1008231.2317250001,1008231.2317250001,0.0,0.0
2007-12-24,1008231.2317250001,1008231.2317250001,0.0,0.0
2007-12-25,1008231.2317250001,1008231.2317250001,0.0,0.0
2007-12-26,1008231.2317250001,1008231.2317250001,0.0,0.0
2007-12-27,1008231.2317250001,1008231.2317250001,0.0,0.0
2007-12-28,1008231.2317250001,1008231.2317250001,0.0,0.0
2008-01-02,1008231.2317250001,1008231.2317250001,0.0,0.0
2008-01-03,1008231.2317250001,1008231.2317250001,0.0,0.0
2008-01-04,1008231.2317250001,1008231.2317250001,0.0,0.0
2008-01-07,1008231.2317250001,1008231.2317250001,0.0,0.0
2008-01-08,1008231.2317250001,1008231.2317250001,0.0,0.0
2008-01-09,1008231.2317250001,1008231.2317250001,0.0,0.0
2008-01-10,1008231.2317250001,1008231.2317250001,0.0,0.0
2008-01-11,1008231.2317250001,1008231.2317250001,0.0,0.0
2008-01-14,1008231.2317250001,1008231.2317250001,0.0,0.0
2008-01-15,1008231.2317250001,1008231.2317250001,0.0,0.0
2008-01-16,1008231.2317250001,1008231.2317250001,0.0,0.0
2008-01-17,1008231.2317250001,1008231.2317250001,0.0,0.0
2008-01-18,1008231.2317250001,1008231.2317250001,0.0,0.0
2008-01-21,1008231.2317250001,1008231.2317250001,0.0,0.0
2008-01-22,1008231.2317250001,1008231.2317250001,0.0,0.0
2008-01-23,1017517.90685,808481.80685,209036.09999999998,0.20543726905713863
2008-01-24,1020031.6068500001,808481.80685,211549.80000000005,0.20739533812417377
2008-01-25,1022744.80685,808481.80685,214263.0,0.20949800826651832
2008-01-28,1008021.7068500001,808481.80685,199539.90000000002,0.1979519871883997
2008-01-29,1010615.2068500001,808481.80685,202133.40000000002,0.2000102498259771
2008-01-30,1008620.2068500001,808481.80685,200138.40000000002,0.19842791036781618
2008-01-31,1005188.80685,808481.80685,196707.0,0.19569159411596365
2008-02-01,999922.00685,808481.80685,191440.19999999995,0.19145513218884302
2008-02-04,1019074.00685,808481.80685,210592.19999999995,0.2066505460687288
2008-02-05,1016959.30685,808481.80685,208477.5,0.20500082805255265
2008-02-13,1011572.80685,808481.80685,203091.0,0.200767555854351
2008-02-14,1014844.6068500001,808481.80685,206362.80000000005,0.2033442347794845
2008-02-15,1012330.90685,808481.80685,203849.09999999998,0.20136607370242512
2008-02-18,1017425.7578,1017425.7578,0.0,0.0
2008-02-19,1017425.7578,1017425.7578,0.0,0.0
2008-02-20,1017425.7578,1017425.7578,0.0,0.0
2008-02-21,1017425.7578,1017425.7578,0.0,0.0
2008-02-22,1017425.7578,1017425.7578,0.0,0.0
2008-02-25,1017425.7578,1017425.7578,0.0,0.0
2008-02-26,1017425.7578,1017425.7578,0.0,0.0
2008-02-27,1017425.7578,1017425.7578,0.0,0.0
2008-02-28,1017425.7578,1017425.7578,0.0,0.0
2008-02-29,1017425.7578,1017425.7578,0.0,0.0
2008-03-03,1017425.7578,1017425.7578,0.0,0.0
2008-03-04,1017425.7578,1017425.7578,0.0,0.0
2008-03-05,1017425.7578,1017425.7578,0.0,0.0
2008-03-06,1017425.7578,1017425.7578,0.0,0.0
2008-03-07,1017425.7578,1017425.7578,0.0,0.0
2008-03-10,1017425.7578,1017425.7578,0.0,0.0
2008-03-11,1017425.7578,1017425.7578,0.0,0.0
2008-03-12,1017425.7578,1017425.7578,0.0,0.0
2008-03-13,1012833.5696749999,817823.369675,195010.19999999995,0.1925392343211681
2008-03-14,1010804.969675,817823.369675,192981.59999999998,0.19091872892359105
2008-03-17,990088.201875,617902.201875,372186.0,0.37591196349493416
2008-03-18,966354.6018749999,617902.201875,348452.3999999999,0.3605844058939691
2008-03-19,994508.942875,418016.242875,576492.7,0.5796757325614712
2008-03-20,1017097.2428749999,418016.242875,599080.9999999999,0.5890105436787879
2008-03-21,1018500.242875,418016.242875,600484.0,0.5895766880771349
2008-03-24,995210.442875,418016.242875,577194.2,0.5799720090683338
2008-03-25,1006153.842875,418016.242875,588137.6,0.5845404300394522
2008-03-26,1011485.2428750001,418016.242875,593469.0000000001,0.5867302604565446
2008-03-27,993526.8428750001,418016.242875,575510.6000000001,0.579260242566398
2008-03-28,1015553.9428750001,418016.242875,597537.7000000001,0.5883859781080564
2008-03-31,994649.242875,418016.242875,576633.0,0.5797350212958106
2008-04-01,956768.242875,418016.242875,538752.0,0.5630956127693998
2008-04-02,943720.342875,418016.242875,525704.1,0.5570549622767133
2008-04-03,955786.142875,418016.242875,537769.9,0.5626466799177385
2008-04-07,993105.9428750001,418016.242875,575089.7000000001,0.5790819238631676
2008-04-08,1002780.7152000001,1002780.7152000001,0.0,0.0
2008-04-09,1002780.7152000001,1002780.7152000001,0.0,0.0
2008-04-10,1002780.7152000001,1002780.7152000001,0.0,0.0
2008-04-11,1002780.7152000001,1002780.7152000001,0.0,0.0
2008-04-14,1002780.7152000001,1002780.7152000001,0.0,0.0
2008-04-15,1002780.7152000001,1002780.7152000001,0.0,0.0
2008-04-16,1002780.7152000001,1002780.7152000001,0.0,0.0
2008-04-17,1002780.7152000001,1002780.7152000001,0.0,0.0
2008-04-18,997094.9184000001,802743.5184000001,194351.40000000002,0.19491765168342073
2008-04-21,994137.5184000001,802743.5184000001,191394.0,0.19252266055508724
2008-04-22,999720.8878000001,602971.1878000001,396749.70000000007,0.39686046859848356
2008-04-23,1023086.1878000001,602971.1878000001,420115.0,0.4106350031988966
2008-04-24,1047836.5436500001,1047836.5436500001,0.0,0.0
2008-04-25,1047836.5436500001,1047836.5436500001,0.0,0.0
2008-04-28,1047836.5436500001,1047836.5436500001,0.0,0.0
2008-04-29,1047836.5436500001,1047836.5436500001,0.0,0.0
2008-04-30,1047836.5436500001,1047836.5436500001,0.0,0.0
2008-05-05,1047836.5436500001,1047836.5436500001,0.0,0.0
2008-05-06,1047836.5436500001,1047836.5436500001,0.0,0.0
2008-05-07,1047836.5436500001,1047836.5436500001,0.0,0.0
2008-05-08,1047836.5436500001,1047836.5436500001,0.0,0.0
2008-05-09,1047836.5436500001,1047836.5436500001,0.0,0.0
2008-05-12,1047836.5436500001,1047836.5436500001,0.0,0.0
2008-05-13,1047836.5436500001,1047836.5436500001,0.0,0.0
2008-05-14,1047836.5436500001,1047836.5436500001,0.0,0.0
2008-05-15,1047836.5436500001,1047836.5436500001,0.0,0.0
2008-05-16,1047836.5436500001,1047836.5436500001,0.0,0.0
2008-05-19,1047836.5436500001,1047836.5436500001,0.0,0.0
2008-05-20,1047836.5436500001,1047836.5436500001,0.0,0.0
2008-05-21,1047836.5436500001,1047836.5436500001,0.0,0.0
2008-05-22,1047836.5436500001,1047836.5436500001,0.0,0.0
2008-05-23,1047836.5436500001,1047836.5436500001,0.0,0.0
2008-05-26,1047836.5436500001,1047836.5436500001,0.0,0.0
2008-05-27,1049608.9616500002,847858.5616500002,201750.40000000002,0.1922148222542284
2008-05-28,1055236.9616500002,847858.5616500002,207378.40000000002,0.19652306310019405
2008-05-29,1049126.56165,847858.5616500002,201267.99999999988,0.19184339369261444
2008-05-30,1050037.7616500002,847858.5616500002,202179.20000000007,0.19254469447108385
2008-06-02,1050037.7616500002,847858.5616500002,202179.20000000007,0.19254469447108385
2008-06-03,1048912.1616500001,847858.5616500002,201053.59999999998,0.19167820466847377
2008-06-04,1047732.9616500002,847858.5616500002,199874.40000000002,0.19076845657812658
2008-06-05,1046017.7616500002,847858.5616500002,198159.20000000007,0.18944152505347664
2008-06-06,1043391.3616500002,847858.5616500002,195532.80000000005,0.1874012064761472
2008-06-10,1025006.5616500002,847858.5616500002,177148.0,0.17282621070721413
2008-06-11,1019169.8903750002,647923.4903750002,371246.4,0.3642635084749228
2008-06-12,1013683.4903750002,647923.4903750002,365760.0,0.3608226862456756
2008-06-13,994009.3235750002,448006.32357500016,546003.0,0.54929364046232
2008-06-16,987118.0235750002,448006.32357500016,539111.7000000001,0.5461471547723583
2008-06-17,955339.8634500002,248115.86345000015,707224.0,0.7402852398998779
2008-06-18,990216.6634500002,248115.86345000015,742100.8,0.7494327528426525
2008-06-19,926518.0634500002,248115.86345000015,678402.2000000001,0.7322061239409502
2008-06-20,951706.8634500002,248115.86345000015,703591.0,0.7392938172678888
2008-06-23,939112.4634500003,248115.86345000015,690996.6000000001,0.7357974969914663
2008-06-24,961637.0634500002,248115.86345000015,713521.2000000001,0.7419859603166171
2008-06-25,998693.6634500002,248115.86345000015,750577.8,0.7515595897616085
2008-06-26,1001842.2634500002,248115.86345000015,753726.4,0.7523403907960775
2008-06-27,953402.2634500002,248115.86345000015,705286.4,0.7397574214349322
2008-06-30,951464.6634500001,248115.86345000015,703348.7999999999,0.7392274532294927
2008-07-01,933299.6634500002,248115.86345000015,685183.8,0.7341519844410695
2008-07-02,938143.6634500002,248115.86345000015,690027.8,0.7355246609697706
2008-07-03,960426.0634500001,248115.86345000015,712310.2,0.7416606307426421
2008-07-04,960668.2634500002,248115.86345000015,712552.4,0.7417257622741132
2008-07-07,974534.2134500002,974534.2134500002,0.0,0.0
2008-07-08,974534.2134500002,974534.2134500002,0.0,0.0
2008-07-09,974534.2134500002,974534.2134500002,0.0,0.0
2008-07-10,974534.2134500002,974534.2134500002,0.0,0.0
2008-07-11,974534.2134500002,974534.2134500002,0.0,0.0
2008-07-14,974534.2134500002,974534.2134500002,0.0,0.0
2008-07-15,974534.2134500002,974534.2134500002,0.0,0.0
2008-07-16,974534.2134500002,974534.2134500002,0.0,0.0
2008-07-17,974534.2134500002,974534.2134500002,0.0,0.0
2008-07-18,974534.2134500002,974534.2134500002,0.0,0.0
2008-07-21,974534.2134500002,974534.2134500002,0.0,0.0
2008-07-22,974534.2134500002,974534.2134500002,0.0,0.0
2008-07-23,974534.2134500002,974534.2134500002,0.0,0.0
2008-07-24,974534.2134500002,974534.2134500002,0.0,0.0
2008-07-25,974534.2134500002,974534.2134500002,0.0,0.0
2008-07-28,974534.2134500002,974534.2134500002,0.0,0.0
2008-07-29,974534.2134500002,974534.2134500002,0.0,0.0
2008-07-30,974534.2134500002,974534.2134500002,0.0,0.0
2008-07-31,974534.2134500002,974534.2134500002,0.0,0.0
2008-08-01,974534.2134500002,974534.2134500002,0.0,0.0
2008-08-04,974534.2134500002,974534.2134500002,0.0,0.0
2008-08-05,974534.2134500002,974534.2134500002,0.0,0.0
2008-08-06,971839.4232500001,774523.4232500001,197316.0,0.20303354163195084
2008-08-07,970934.6232500002,774523.4232500001,196411.20000000007,0.20229086006074717
2008-08-08,960564.2232500002,774523.4232500001,186040.80000000005,0.19367866874173634
2008-08-11,937265.8381500002,574533.0381500002,362732.80000000005,0.3870116515885947
2008-08-12,936255.0381500002,574533.0381500002,361722.0,0.3863498568880838
2008-08-13,943802.2695500001,374608.6695500001,569193.6,0.6030856444871535
2008-08-14,943352.6695500001,374608.6695500001,568744.0,0.6028964758972944
2008-08-15,940879.8695500002,374608.6695500001,566271.2000000001,0.6018528170560539
2008-08-18,909632.6695500001,374608.6695500001,535024.0,0.5881758845190543
2008-08-19,915252.6695500001,374608.6695500001,540644.0,0.5907046414470629
2008-08-20,963584.6695500001,374608.6695500001,588976.0,0.6112342989797206
2008-08-21,937732.6695500001,374608.6695500001,563124.0,0.6005165632868826
2008-08-22,927391.8695500002,374608.6695500001,552783.2000000001,0.5960621589967442
2008-08-25,924919.0695500001,374608.6695500001,550310.4,0.5949822185715578
2008-08-26,909407.8695500001,374608.6695500001,534799.2,0.5880740841451408
2008-08-27,903113.4695500002,374608.6695500001,528504.8,0.5852030977495456
2008-08-28,902663.8695500002,374608.6695500001,528055.2000000001,0.5849964951662997
2008-08-29,918849.46955,374608.6695500001,544240.7999999999,0.5923068119814424
2008-09-01,895919.8695500002,374608.6695500001,521311.20000000007,0.5818725733383306
2008-09-02,891423.8695500002,374608.6695500001,516815.20000000007,0.5797636990143573
2008-09-03,881757.46955,374608.6695500001,507148.79999999993,0.5751567948257025
2008-09-04,885129.46955,374608.6695500001,510520.79999999993,0.576775282670849
2008-09-05,867819.8695500002,374608.6695500001,493211.20000000007,0.5683336108168969
2008-09-08,850060.6695500002,374608.6695500001,475452.0000000001,0.5593153724565235
2008-09-09,849032.2964500001,174666.2964500001,674366.0,0.7942760279198798
2008-09-10,849989.2964500001,174666.2964500001,675323.0,0.7945076518263254
2008-09-11,833720.2964500001,174666.2964500001,659054.0,0.7904977278426192
2008-09-12,840419.2964500003,174666.2964500001,665753.0000000001,0.7921676748882316
2008-09-16,828616.2964500001,174666.2964500001,653950.0,0.7892072637259074
2008-09-17,812347.2964500001,174666.2964500001,637681.0,0.7849856862781461
2008-09-18,796397.2964500001,174666.2964500001,621731.0,0.7806794457633294
2008-09-19,858602.2964500001,174666.2964500001,683936.0,0.7965690318181304
2008-09-22,878842.2084500003,878842.2084500003,0.0,0.0
2008-09-23,878842.2084500003,878842.2084500003,0.0,0.0
2008-09-24,878842.2084500003,878842.2084500003,0.0,0.0
2008-09-25,878842.2084500003,878842.2084500003,0.0,0.0
2008-09-26,878842.2084500003,878842.2084500003,0.0,0.0
2008-10-06,878842.2084500003,878842.2084500003,0.0,0.0
2008-10-07,878842.2084500003,878842.2084500003,0.0,0.0
2008-10-08,878842.2084500003,878842.2084500003,0.0,0.0
2008-10-09,878842.2084500003,878842.2084500003,0.0,0.0
2008-10-10,878842.2084500003,878842.2084500003,0.0,0.0
2008-10-13,886219.2088250003,678793.7088250003,207425.5,0.23405665092163427
2008-10-14,881550.8088250003,678793.7088250003,202757.09999999998,0.23000046959318257
2008-10-15,878792.2088250003,678793.7088250003,199998.5,0.22758337863214603
2008-10-16,869773.7088250003,678793.7088250003,190980.0,0.219574353722418
2008-10-17,871046.9088250003,678793.7088250003,192253.19999999995,0.22071509358702635
2008-10-20,878473.9088250003,678793.7088250003,199680.19999999995,0.22730350667680216
2008-10-21,876776.3088250003,678793.7088250003,197982.59999999998,0.22580742431934964
2008-10-22,873487.2088250003,678793.7088250003,194693.5,0.22289221643199364
2008-10-23,873911.6088250004,678793.7088250003,195117.90000000002,0.22326960533496257
2008-10-24,869349.3088250003,678793.7088250003,190555.59999999998,0.21919336458385424
2008-10-27,853646.5088250004,678793.7088250003,174852.80000000005,0.20483045170614678
2008-10-28,859694.2088250003,678793.7088250003,180900.5,0.21042423939001334
2008-10-29,854919.7088250003,678793.7088250003,176126.0,0.20601466802311433
2008-10-30,857890.5088250004,678793.7088250003,179096.80000000005,0.20876416997000918
2008-10-31,855025.8088250003,678793.7088250003,176232.09999999998,0.20611319352123758
2008-11-03,854601.4088250003,678793.7088250003,175807.69999999995,0.2057189447437486
2008-11-04,850145.2088250003,678793.7088250003,171351.5,0.20155556747397038
2008-11-05,855450.2088250003,678793.7088250003,176656.5,0.2065070511148109
2008-11-06,851736.7088250003,678793.7088250003,172943.0,0.20304748898116734
2008-11-07,854389.2088250003,678793.7088250003,175595.5,0.2055216734788679
2008-11-10,864210.1431250003,864210.1431250003,0.0,0.0
2008-11-11,864210.1431250003,864210.1431250003,0.0,0.0
2008-11-12,864210.1431250003,864210.1431250003,0.0,0.0
2008-11-13,864210.1431250003,864210.1431250003,0.0,0.0
2008-11-14,864210.1431250003,864210.1431250003,0.0,0.0
2008-11-17,864210.1431250003,864210.1431250003,0.0,0.0
2008-11-18,864210.1431250003,864210.1431250003,0.0,0.0
2008-11-19,864210.1431250003,864210.1431250003,0.0,0.0
2008-11-20,864210.1431250003,864210.1431250003,0.0,0.0
2008-11-21,864210.1431250003,864210.1431250003,0.0,0.0
2008-11-24,864210.1431250003,864210.1431250003,0.0,0.0
2008-11-25,864210.1431250003,864210.1431250003,0.0,0.0
2008-11-26,864210.1431250003,864210.1431250003,0.0,0.0
2008-11-27,864210.1431250003,864210.1431250003,0.0,0.0
2008-11-28,864210.1431250003,864210.1431250003,0.0,0.0
2008-12-01,864210.1431250003,864210.1431250003,0.0,0.0
2008-12-02,864210.1431250003,864210.1431250003,0.0,0.0
2008-12-03,864210.1431250003,864210.1431250003,0.0,0.0
2008-12-04,864210.1431250003,864210.1431250003,0.0,0.0
2008-12-05,864210.1431250003,864210.1431250003,0.0,0.0
2008-12-08,864210.1431250003,864210.1431250003,0.0,0.0
2008-12-09,864210.1431250003,864210.1431250003,0.0,0.0
2008-12-10,864210.1431250003,864210.1431250003,0.0,0.0
2008-12-11,864210.1431250003,864210.1431250003,0.0,0.0
2008-12-12,864210.1431250003,864210.1431250003,0.0,0.0
2008-12-15,864210.1431250003,864210.1431250003,0.0,0.0
2008-12-16,864210.1431250003,864210.1431250003,0.0,0.0
2008-12-17,864210.1431250003,864210.1431250003,0.0,0.0
2008-12-18,864210.1431250003,864210.1431250003,0.0,0.0
2008-12-19,864210.1431250003,864210.1431250003,0.0,0.0
2008-12-22,864210.1431250003,864210.1431250003,0.0,0.0
2008-12-23,864210.1431250003,864210.1431250003,0.0,0.0
2008-12-24,864210.1431250003,864210.1431250003,0.0,0.0
2008-12-25,864210.1431250003,864210.1431250003,0.0,0.0
2008-12-26,864210.1431250003,864210.1431250003,0.0,0.0
2008-12-29,864210.1431250003,864210.1431250003,0.0,0.0
2008-12-30,864210.1431250003,864210.1431250003,0.0,0.0
2008-12-31,864210.1431250003,864210.1431250003,0.0,0.0
2009-01-05,864210.1431250003,864210.1431250003,0.0,0.0
2009-01-06,864210.1431250003,864210.1431250003,0.0,0.0
2009-01-07,864210.1431250003,864210.1431250003,0.0,0.0
2009-01-08,864210.1431250003,864210.1431250003,0.0,0.0
2009-01-09,864210.1431250003,864210.1431250003,0.0,0.0
2009-01-12,864210.1431250003,864210.1431250003,0.0,0.0
2009-01-13,864210.1431250003,864210.1431250003,0.0,0.0
2009-01-14,864210.1431250003,864210.1431250003,0.0,0.0
2009-01-15,864210.1431250003,864210.1431250003,0.0,0.0
2009-01-16,864210.1431250003,864210.1431250003,0.0,0.0
2009-01-19,864210.1431250003,864210.1431250003,0.0,0.0
2009-01-20,864210.1431250003,864210.1431250003,0.0,0.0
2009-01-21,864210.1431250003,864210.1431250003,0.0,0.0
2009-01-22,864210.1431250003,864210.1431250003,0.0,0.0
2009-01-23,864210.1431250003,864210.1431250003,0.0,0.0
2009-02-02,864210.1431250003,864210.1431250003,0.0,0.0
2009-02-03,864210.1431250003,864210.1431250003,0.0,0.0
2009-02-04,864210.1431250003,864210.1431250003,0.0,0.0
2009-02-05,864210.1431250003,864210.1431250003,0.0,0.0
2009-02-06,864210.1431250003,864210.1431250003,0.0,0.0
2009-02-09,864210.1431250003,864210.1431250003,0.0,0.0
2009-02-10,864210.1431250003,864210.1431250003,0.0,0.0
2009-02-11,864210.1431250003,864210.1431250003,0.0,0.0
2009-02-12,864210.1431250003,864210.1431250003,0.0,0.0
2009-02-13,864210.1431250003,864210.1431250003,0.0,0.0
2009-02-16,864210.1431250003,864210.1431250003,0.0,0.0
2009-02-17,864210.1431250003,864210.1431250003,0.0,0.0
2009-02-18,864210.1431250003,864210.1431250003,0.0,0.0
2009-02-19,864210.1431250003,864210.1431250003,0.0,0.0
2009-02-20,864210.1431250003,864210.1431250003,0.0,0.0
2009-02-23,864210.1431250003,864210.1431250003,0.0,0.0
2009-02-24,864210.1431250003,864210.1431250003,0.0,0.0
2009-02-25,864210.1431250003,864210.1431250003,0.0,0.0
2009-02-26,864210.1431250003,864210.1431250003,0.0,0.0
2009-02-27,864210.1431250003,864210.1431250003,0.0,0.0
2009-03-02,864210.1431250003,864210.1431250003,0.0,0.0
2009-03-03,864210.1431250003,864210.1431250003,0.0,0.0
2009-03-04,864210.1431250003,864210.1431250003,0.0,0.0
2009-03-05,864210.1431250003,864210.1431250003,0.0,0.0
2009-03-06,864210.1431250003,864210.1431250003,0.0,0.0
2009-03-09,864210.1431250003,864210.1431250003,0.0,0.0
2009-03-10,864210.1431250003,864210.1431250003,0.0,0.0
2009-03-11,864210.1431250003,864210.1431250003,0.0,0.0
2009-03-12,864210.1431250003,864210.1431250003,0.0,0.0
2009-03-13,864210.1431250003,864210.1431250003,0.0,0.0
2009-03-16,864210.1431250003,864210.1431250003,0.0,0.0
2009-03-17,864210.1431250003,864210.1431250003,0.0,0.0
2009-03-18,864210.1431250003,864210.1431250003,0.0,0.0
2009-03-19,864210.1431250003,864210.1431250003,0.0,0.0
2009-03-20,864210.1431250003,864210.1431250003,0.0,0.0
2009-03-23,864210.1431250003,864210.1431250003,0.0,0.0
2009-03-24,864210.1431250003,864210.1431250003,0.0,0.0
2009-03-25,864210.1431250003,864210.1431250003,0.0,0.0
2009-03-26,864210.1431250003,864210.1431250003,0.0,0.0
2009-03-27,864210.1431250003,864210.1431250003,0.0,0.0
2009-03-30,864210.1431250003,864210.1431250003,0.0,0.0
2009-03-31,864210.1431250003,864210.1431250003,0.0,0.0
2009-04-01,864210.1431250003,864210.1431250003,0.0,0.0
2009-04-02,864210.1431250003,864210.1431250003,0.0,0.0
2009-04-03,864210.1431250003,864210.1431250003,0.0,0.0
2009-04-07,864210.1431250003,864210.1431250003,0.0,0.0
2009-04-08,864210.1431250003,864210.1431250003,0.0,0.0
2009-04-09,864210.1431250003,864210.1431250003,0.0,0.0
2009-04-10,864210.1431250003,864210.1431250003,0.0,0.0
2009-04-13,864210.1431250003,864210.1431250003,0.0,0.0
2009-04-14,864210.1431250003,864210.1431250003,0.0,0.0
2009-04-15,864210.1431250003,864210.1431250003,0.0,0.0
2009-04-16,864210.1431250003,864210.1431250003,0.0,0.0
2009-04-17,864210.1431250003,864210.1431250003,0.0,0.0
2009-04-20,864210.1431250003,864210.1431250003,0.0,0.0
2009-04-21,864210.1431250003,864210.1431250003,0.0,0.0
2009-04-22,864210.1431250003,864210.1431250003,0.0,0.0
2009-04-23,864210.1431250003,864210.1431250003,0.0,0.0
2009-04-24,864210.1431250003,864210.1431250003,0.0,0.0
2009-04-27,864210.1431250003,864210.1431250003,0.0,0.0
2009-04-28,864210.1431250003,864210.1431250003,0.0,0.0
2009-04-29,864210.1431250003,864210.1431250003,0.0,0.0
2009-04-30,864210.1431250003,864210.1431250003,0.0,0.0
2009-05-04,864210.1431250003,864210.1431250003,0.0,0.0
2009-05-05,864210.1431250003,864210.1431250003,0.0,0.0
2009-05-06,864210.1431250003,864210.1431250003,0.0,0.0
2009-05-07,864210.1431250003,864210.1431250003,0.0,0.0
2009-05-08,864210.1431250003,864210.1431250003,0.0,0.0
2009-05-11,864210.1431250003,864210.1431250003,0.0,0.0
2009-05-12,864210.1431250003,864210.1431250003,0.0,0.0
2009-05-13,864210.1431250003,864210.1431250003,0.0,0.0
2009-05-14,864210.1431250003,864210.1431250003,0.0,0.0
2009-05-15,864210.1431250003,864210.1431250003,0.0,0.0
2009-05-18,864210.1431250003,864210.1431250003,0.0,0.0
2009-05-19,864210.1431250003,864210.1431250003,0.0,0.0
2009-05-20,864210.1431250003,864210.1431250003,0.0,0.0
2009-05-21,864210.1431250003,864210.1431250003,0.0,0.0
2009-05-22,864210.1431250003,864210.1431250003,0.0,0.0
2009-05-25,864210.1431250003,864210.1431250003,0.0,0.0
2009-05-26,864210.1431250003,864210.1431250003,0.0,0.0
2009-05-27,864210.1431250003,864210.1431250003,0.0,0.0
2009-06-01,864210.1431250003,864210.1431250003,0.0,0.0
2009-06-02,864210.1431250003,864210.1431250003,0.0,0.0
2009-06-03,864210.1431250003,864210.1431250003,0.0,0.0
2009-06-04,864210.1431250003,864210.1431250003,0.0,0.0
2009-06-05,864210.1431250003,864210.1431250003,0.0,0.0
2009-06-08,864210.1431250003,864210.1431250003,0.0,0.0
2009-06-09,864210.1431250003,864210.1431250003,0.0,0.0
2009-06-10,864210.1431250003,864210.1431250003,0.0,0.0
2009-06-11,864210.1431250003,864210.1431250003,0.0,0.0
2009-06-12,864210.1431250003,864210.1431250003,0.0,0.0
2009-06-15,864210.1431250003,864210.1431250003,0.0,0.0
2009-06-16,864210.1431250003,864210.1431250003,0.0,0.0
2009-06-17,864210.1431250003,864210.1431250003,0.0,0.0
2009-06-18,864210.1431250003,864210.1431250003,0.0,0.0
2009-06-19,864210.1431250003,864210.1431250003,0.0,0.0
2009-06-22,864210.1431250003,864210.1431250003,0.0,0.0
2009-06-23,864210.1431250003,864210.1431250003,0.0,0.0
2009-06-24,864210.1431250003,864210.1431250003,0.0,0.0
2009-06-25,864210.1431250003,864210.1431250003,0.0,0.0
2009-06-26,864210.1431250003,864210.1431250003,0.0,0.0
2009-06-29,864210.1431250003,864210.1431250003,0.0,0.0
2009-06-30,864210.1431250003,864210.1431250003,0.0,0.0
2009-07-01,864210.1431250003,864210.1431250003,0.0,0.0
2009-07-02,864210.1431250003,864210.1431250003,0.0,0.0
2009-07-03,864210.1431250003,864210.1431250003,0.0,0.0
2009-07-06,864210.1431250003,864210.1431250003,0.0,0.0
2009-07-07,864210.1431250003,864210.1431250003,0.0,0.0
2009-07-08,864210.1431250003,864210.1431250003,0.0,0.0
2009-07-09,864210.1431250003,864210.1431250003,0.0,0.0
2009-07-10,864210.1431250003,864210.1431250003,0.0,0.0
2009-07-13,864210.1431250003,864210.1431250003,0.0,0.0
2009-07-14,864210.1431250003,864210.1431250003,0.0,0.0
2009-07-15,864210.1431250003,864210.1431250003,0.0,0.0
2009-07-16,864210.1431250003,864210.1431250003,0.0,0.0
2009-07-17,864210.1431250003,864210.1431250003,0.0,0.0
2009-07-20,864210.1431250003,864210.1431250003,0.0,0.0
2009-07-21,864210.1431250003,864210.1431250003,0.0,0.0
2009-07-22,864210.1431250003,864210.1431250003,0.0,0.0
2009-07-23,864210.1431250003,864210.1431250003,0.0,0.0
2009-07-24,864210.1431250003,864210.1431250003,0.0,0.0
2009-07-27,864210.1431250003,864210.1431250003,0.0,0.0
2009-07-28,864210.1431250003,864210.1431250003,0.0,0.0
2009-07-29,864210.1431250003,864210.1431250003,0.0,0.0
2009-07-30,864210.1431250003,864210.1431250003,0.0,0.0
2009-07-31,864210.1431250003,864210.1431250003,0.0,0.0
2009-08-03,864210.1431250003,864210.1431250003,0.0,0.0
2009-08-04,864210.1431250003,864210.1431250003,0.0,0.0
2009-08-05,864210.1431250003,864210.1431250003,0.0,0.0
2009-08-06,864210.1431250003,864210.1431250003,0.0,0.0
2009-08-07,864210.1431250003,864210.1431250003,0.0,0.0
2009-08-10,864210.1431250003,864210.1431250003,0.0,0.0
2009-08-11,864210.1431250003,864210.1431250003,0.0,0.0
2009-08-12,864210.1431250003,864210.1431250003,0.0,0.0
2009-08-13,866921.4792250003,664304.5792250002,202616.90000000002,0.23372001369851048
2009-08-14,861398.8792250003,664304.5792250002,197094.30000000005,0.22880723989021856
2009-08-17,838016.7248000002,464436.9248000002,373579.8,0.445790386927132
2009-08-18,840450.1248000001,464436.9248000002,376013.1999999999,0.44739501953132416
2009-08-19,810217.8817750002,264614.88177500025,545603.0,0.6734028120987775
2009-08-20,837740.8817750002,264614.88177500025,573126.0,0.6841327819476402
2009-08-21,847454.8817750002,264614.88177500025,582840.0,0.6877534279810124
2009-08-24,855873.6817750003,264614.88177500025,591258.8,0.6908248408500958
2009-08-25,839036.0817750002,264614.88177500025,574421.2,0.6846203786430718
2009-08-26,855873.6817750003,264614.88177500025,591258.8,0.6908248408500958
2009-08-27,850692.8817750002,264614.88177500025,586078.0,0.6889419349285348
2009-08-28,832074.3817750002,264614.88177500025,567459.5,0.6819816983062047
2009-08-31,783504.3817750002,264614.88177500025,518889.5,0.6622675151151994
2009-09-01,788361.3817750002,264614.88177500025,523746.5,0.6643482444824754
2009-09-02,792894.5817750002,264614.88177500025,528279.7,0.6662672594096626
2009-09-03,826569.7817750003,264614.88177500025,561954.9,0.6798638329037889
2009-09-04,834340.9817750002,264614.88177500025,569726.1,0.6828456379883784
2009-09-07,841158.5098250003,841158.5098250003,0.0,0.0
2009-09-08,841158.5098250003,841158.5098250003,0.0,0.0
2009-09-09,841158.5098250003,841158.5098250003,0.0,0.0
2009-09-10,841158.5098250003,841158.5098250003,0.0,0.0
2009-09-11,841158.5098250003,841158.5098250003,0.0,0.0
2009-09-14,841158.5098250003,841158.5098250003,0.0,0.0
2009-09-15,841158.5098250003,841158.5098250003,0.0,0.0
2009-09-16,841158.5098250003,841158.5098250003,0.0,0.0
2009-09-17,841158.5098250003,841158.5098250003,0.0,0.0
2009-09-18,841158.5098250003,841158.5098250003,0.0,0.0
2009-09-21,841158.5098250003,841158.5098250003,0.0,0.0
2009-09-22,841158.5098250003,841158.5098250003,0.0,0.0
2009-09-23,841158.5098250003,841158.5098250003,0.0,0.0
2009-09-24,841158.5098250003,841158.5098250003,0.0,0.0
2009-09-25,841158.5098250003,841158.5098250003,0.0,0.0
2009-09-28,841158.5098250003,841158.5098250003,0.0,0.0
2009-09-29,841158.5098250003,841158.5098250003,0.0,0.0
2009-09-30,841158.5098250003,841158.5098250003,0.0,0.0
2009-10-09,841158.5098250003,841158.5098250003,0.0,0.0
2009-10-12,841158.5098250003,841158.5098250003,0.0,0.0
2009-10-13,841158.5098250003,841158.5098250003,0.0,0.0
2009-10-14,841158.5098250003,841158.5098250003,0.0,0.0
2009-10-15,841158.5098250003,841158.5098250003,0.0,0.0
2009-10-16,841158.5098250003,841158.5098250003,0.0,0.0
2009-10-19,841158.5098250003,841158.5098250003,0.0,0.0
2009-10-20,841158.5098250003,841158.5098250003,0.0,0.0
2009-10-21,841158.5098250003,841158.5098250003,0.0,0.0
2009-10-22,841158.5098250003,841158.5098250003,0.0,0.0
2009-10-23,841158.5098250003,841158.5098250003,0.0,0.0
2009-10-26,841158.5098250003,841158.5098250003,0.0,0.0
2009-10-27,841158.5098250003,841158.5098250003,0.0,0.0
2009-10-28,841158.5098250003,841158.5098250003,0.0,0.0
2009-10-29,841158.5098250003,841158.5098250003,0.0,0.0
2009-10-30,841158.5098250003,841158.5098250003,0.0,0.0
2009-11-02,841158.5098250003,841158.5098250003,0.0,0.0
2009-11-03,841158.5098250003,841158.5098250003,0.0,0.0
2009-11-04,841158.5098250003,841158.5098250003,0.0,0.0
2009-11-05,841158.5098250003,841158.5098250003,0.0,0.0
2009-11-06,841158.5098250003,841158.5098250003,0.0,0.0
2009-11-09,841158.5098250003,841158.5098250003,0.0,0.0
2009-11-10,841158.5098250003,841158.5098250003,0.0,0.0
2009-11-11,841158.5098250003,841158.5098250003,0.0,0.0
2009-11-12,841158.5098250003,841158.5098250003,0.0,0.0
2009-11-13,841158.5098250003,841158.5098250003,0.0,0.0
2009-11-16,841158.5098250003,841158.5098250003,0.0,0.0
2009-11-17,841158.5098250003,841158.5098250003,0.0,0.0
2009-11-18,841158.5098250003,841158.5098250003,0.0,0.0
2009-11-19,841158.5098250003,841158.5098250003,0.0,0.0
2009-11-20,841158.5098250003,841158.5098250003,0.0,0.0
2009-11-23,841158.5098250003,841158.5098250003,0.0,0.0
2009-11-24,841158.5098250003,841158.5098250003,0.0,0.0
2009-11-25,841158.5098250003,841158.5098250003,0.0,0.0
2009-11-26,841158.5098250003,841158.5098250003,0.0,0.0
2009-11-27,841158.5098250003,841158.5098250003,0.0,0.0
2009-11-30,841158.5098250003,841158.5098250003,0.0,0.0
2009-12-01,841158.5098250003,841158.5098250003,0.0,0.0
2009-12-02,841158.5098250003,841158.5098250003,0.0,0.0
2009-12-03,841158.5098250003,841158.5098250003,0.0,0.0
2009-12-04,841158.5098250003,841158.5098250003,0.0,0.0
2009-12-07,841158.5098250003,841158.5098250003,0.0,0.0
2009-12-08,841158.5098250003,841158.5098250003,0.0,0.0
2009-12-09,841158.5098250003,841158.5098250003,0.0,0.0
2009-12-10,841158.5098250003,841158.5098250003,0.0,0.0
2009-12-11,841158.5098250003,841158.5098250003,0.0,0.0
2009-12-14,841158.5098250003,841158.5098250003,0.0,0.0
2009-12-15,841158.5098250003,841158.5098250003,0.0,0.0
2009-12-16,841158.5098250003,841158.5098250003,0.0,0.0
2009-12-17,841158.5098250003,841158.5098250003,0.0,0.0
2009-12-18,841158.5098250003,841158.5098250003,0.0,0.0
2009-12-21,842466.6870750003,641417.5870750003,201049.09999999998,0.23864338268143492
2009-12-22,837989.9870750003,641417.5870750003,196572.40000000002,0.23457607254489396
2009-12-23,841698.2414750003,441585.2414750003,400113.0,0.4753639490785178
2009-12-24,857024.7414750003,441585.2414750003,415439.5,0.48474621547681246
2009-12-25,856821.7414750003,441585.2414750003,415236.5,0.4846241404719484
2009-12-28,863013.2414750003,441585.2414750003,421428.0,0.4883215920067756
2009-12-29,865043.2414750003,441585.2414750003,423458.0,0.48952234951625584
2009-12-30,864328.5292250004,864328.5292250004,0.0,0.0
2009-12-31,864328.5292250004,864328.5292250004,0.0,0.0
2010-01-04,864328.5292250004,864328.5292250004,0.0,0.0
2010-01-05,864328.5292250004,864328.5292250004,0.0,0.0
2010-01-06,864328.5292250004,864328.5292250004,0.0,0.0
2010-01-07,864328.5292250004,864328.5292250004,0.0,0.0
2010-01-08,864328.5292250004,864328.5292250004,0.0,0.0
2010-01-11,864328.5292250004,864328.5292250004,0.0,0.0
2010-01-12,864328.5292250004,864328.5292250004,0.0,0.0
2010-01-13,864328.5292250004,864328.5292250004,0.0,0.0
2010-01-14,864328.5292250004,864328.5292250004,0.0,0.0
2010-01-15,864328.5292250004,864328.5292250004,0.0,0.0
2010-01-18,864328.5292250004,864328.5292250004,0.0,0.0
2010-01-19,864328.5292250004,864328.5292250004,0.0,0.0
2010-01-20,864328.5292250004,864328.5292250004,0.0,0.0
2010-01-21,864328.5292250004,864328.5292250004,0.0,0.0
2010-01-22,864328.5292250004,864328.5292250004,0.0,0.0
2010-01-25,863767.6045250004,664579.8045250004,199187.80000000005,0.2306034620383067
2010-01-26,858402.1045250004,664579.8045250004,193822.30000000005,0.22579429730924558
2010-01-27,855756.6739750004,464807.6739750004,390949.0,0.45684598424928086
2010-01-28,860112.0739750003,464807.6739750004,395304.3999999999,0.4595963851235155
2010-01-29,860526.8739750003,464807.6739750004,395719.19999999995,0.45985687602302144
2010-02-01,854615.9739750004,464807.6739750004,389808.30000000005,0.4561210085822745
2010-02-02,853060.4739750004,464807.6739750004,388252.80000000005,0.45512928080099757
2010-02-03,864052.6739750004,464807.6739750004,399245.0,0.4620609507095297
2010-02-04,861978.6739750004,464807.6739750004,397171.0,0.46076661986131573
2010-02-05,853060.4739750004,464807.6739750004,388252.80000000005,0.45512928080099757
2010-02-08,854823.3739750003,464807.6739750004,390015.69999999995,0.4562529662547647
2010-02-09,856067.7739750005,464807.6739750004,391260.1000000001,0.4570433695725427
2010-02-10,862497.1739750004,464807.6739750004,397689.5,0.46109078614966814
2010-02-11,863015.6739750004,464807.6739750004,398208.0,0.46141456291967087
2010-02-12,866441.0405250003,866441.0405250003,0.0,0.0
2010-02-22,866441.0405250003,866441.0405250003,0.0,0.0
2010-02-23,866441.0405250003,866441.0405250003,0.0,0.0
2010-02-24,866441.0405250003,866441.0405250003,0.0,0.0
2010-02-25,866441.0405250003,866441.0405250003,0.0,0.0
2010-02-26,866441.0405250003,866441.0405250003,0.0,0.0
2010-03-01,866441.0405250003,866441.0405250003,0.0,0.0
2010-03-02,866441.0405250003,866441.0405250003,0.0,0.0
2010-03-03,866441.0405250003,866441.0405250003,0.0,0.0
2010-03-04,866441.0405250003,866441.0405250003,0.0,0.0
2010-03-05,866441.0405250003,866441.0405250003,0.0,0.0
2010-03-08,866441.0405250003,866441.0405250003,0.0,0.0
2010-03-09,866441.0405250003,866441.0405250003,0.0,0.0
2010-03-10,866441.0405250003,866441.0405250003,0.0,0.0
2010-03-11,866441.0405250003,866441.0405250003,0.0,0.0
2010-03-12,866441.0405250003,866441.0405250003,0.0,0.0
2010-03-15,866441.0405250003,866441.0405250003,0.0,0.0
2010-03-16,866441.0405250003,866441.0405250003,0.0,0.0
2010-03-17,866441.0405250003,866441.0405250003,0.0,0.0
2010-03-18,866441.0405250003,866441.0405250003,0.0,0.0
2010-03-19,866441.0405250003,866441.0405250003,0.0,0.0
2010-03-22,866441.0405250003,866441.0405250003,0.0,0.0
2010-03-23,866441.0405250003,866441.0405250003,0.0,0.0
2010-03-24,866441.0405250003,866441.0405250003,0.0,0.0
2010-03-25,866441.0405250003,866441.0405250003,0.0,0.0
2010-03-26,866441.0405250003,866441.0405250003,0.0,0.0
2010-03-29,866441.0405250003,866441.0405250003,0.0,0.0
2010-03-30,866441.0405250003,866441.0405250003,0.0,0.0
2010-03-31,866441.0405250003,866441.0405250003,0.0,0.0
2010-04-01,866441.0405250003,866441.0405250003,0.0,0.0
2010-04-02,866441.0405250003,866441.0405250003,0.0,0.0
2010-04-06,866441.0405250003,866441.0405250003,0.0,0.0
2010-04-07,866441.0405250003,866441.0405250003,0.0,0.0
2010-04-08,866441.0405250003,866441.0405250003,0.0,0.0
2010-04-09,866441.0405250003,866441.0405250003,0.0,0.0
2010-04-12,866441.0405250003,866441.0405250003,0.0,0.0
2010-04-13,866441.0405250003,866441.0405250003,0.0,0.0
2010-04-14,866441.0405250003,866441.0405250003,0.0,0.0
2010-04-15,866441.0405250003,866441.0405250003,0.0,0.0
2010-04-16,866441.0405250003,866441.0405250003,0.0,0.0
2010-04-19,866441.0405250003,866441.0405250003,0.0,0.0
2010-04-20,864222.1897000003,666587.7897000003,197634.40000000002,0.2286847090429434
2010-04-21,869353.4897000003,666587.7897000003,202765.69999999995,0.23323734522532497
2010-04-22,868242.5897000004,666587.7897000003,201654.80000000005,0.23225628688599215
2010-04-23,867449.0897000004,666587.7897000003,200861.30000000005,0.23155399248786596
2010-04-26,866761.3897000003,666587.7897000003,200173.59999999998,0.23094429721804197
2010-04-27,862740.9897000003,666587.7897000003,196153.19999999995,0.22736047358571435
2010-04-28,862317.7897000003,666587.7897000003,195730.0,0.22698128501801443
2010-04-29,858456.0897000004,666587.7897000003,191868.30000000005,0.22350391860700894
2010-04-30,857556.7897000003,666587.7897000003,190969.0,0.22268962509970544
2010-05-04,854435.6897000003,666587.7897000003,187847.90000000002,0.2198502500123269
2010-05-05,856181.3897000003,666587.7897000003,189593.59999999998,0.22144092628132478
2010-05-06,847505.7897000003,666587.7897000003,180918.0,0.21347110804286218
2010-05-07,841549.0300000003,466699.03000000026,374850.0,0.4454285925562767
2010-05-10,842336.5300000003,466699.03000000026,375637.5,0.44594706108733034
2010-05-11,834124.0300000003,466699.03000000026,367425.0,0.44049204528971536
2010-05-12,835699.0300000003,466699.03000000026,369000.0,0.441546521838131
2010-05-13,845599.0300000003,466699.03000000026,378900.0,0.4480847145721062
2010-05-14,842674.0300000003,466699.03000000026,375975.0,0.4461689652403313
2010-05-17,820961.5300000003,466699.03000000026,354262.5,0.4315214380386373
2010-05-18,829174.0300000003,466699.03000000026,362475.0,0.4371518968098891
2010-05-19,828386.5300000003,466699.03000000026,361687.5,0.43661682910271354
2010-05-20,825799.0300000003,466699.03000000026,359100.0,0.4348515643085702
2010-05-21,835699.0300000003,466699.03000000026,369000.0,0.441546521838131
2010-05-24,850902.9550000003,850902.9550000003,0.0,0.0
2010-05-25,850902.9550000003,850902.9550000003,0.0,0.0
2010-05-26,850902.9550000003,850902.9550000003,0.0,0.0
2010-05-27,850902.9550000003,850902.9550000003,0.0,0.0
2010-05-28,850902.9550000003,850902.9550000003,0.0,0.0
2010-05-31,850902.9550000003,850902.9550000003,0.0,0.0
2010-06-01,850902.9550000003,850902.9550000003,0.0,0.0
2010-06-02,850902.9550000003,850902.9550000003,0.0,0.0
2010-06-03,850902.9550000003,850902.9550000003,0.0,0.0
2010-06-04,850902.9550000003,850902.9550000003,0.0,0.0
2010-06-07,850902.9550000003,850902.9550000003,0.0,0.0
2010-06-08,850902.9550000003,850902.9550000003,0.0,0.0
2010-06-09,850902.9550000003,850902.9550000003,0.0,0.0
2010-06-10,850902.9550000003,850902.9550000003,0.0,0.0
2010-06-11,850902.9550000003,850902.9550000003,0.0,0.0
2010-06-17,850902.9550000003,850902.9550000003,0.0,0.0
2010-06-18,850902.9550000003,850902.9550000003,0.0,0.0
2010-06-21,850902.9550000003,850902.9550000003,0.0,0.0
2010-06-22,850902.9550000003,850902.9550000003,0.0,0.0
2010-06-23,850902.9550000003,850902.9550000003,0.0,0.0
2010-06-24,850902.9550000003,850902.9550000003,0.0,0.0
2010-06-25,850902.9550000003,850902.9550000003,0.0,0.0
2010-06-28,850902.9550000003,850902.9550000003,0.0,0.0
2010-06-29,850902.9550000003,850902.9550000003,0.0,0.0
2010-06-30,848487.7737250003,650927.8737250003,197559.90000000002,0.23283765083930402
2010-07-01,845662.6737250003,650927.8737250003,194734.80000000005,0.2302747963821394
2010-07-02,844547.9303250003,451104.33032500034,393443.6,0.4658629615593213
2010-07-05,842950.7303250004,451104.33032500034,391846.4,0.4648508933006361
2010-07-06,852001.5303250004,451104.33032500034,400897.20000000007,0.4705357745626064
2010-07-07,857325.5303250004,451104.33032500034,406221.20000000007,0.4738237526252218
2010-07-08,857192.4303250003,451104.33032500034,406088.1,0.47374205094885596
2010-07-09,871034.8303250003,451104.33032500034,419930.5,0.48210529060395396
2010-07-12,871861.3147750003,871861.3147750003,0.0,0.0
2010-07-13,871861.3147750003,871861.3147750003,0.0,0.0
2010-07-14,871861.3147750003,871861.3147750003,0.0,0.0
2010-07-15,871861.3147750003,871861.3147750003,0.0,0.0
2010-07-16,871861.3147750003,871861.3147750003,0.0,0.0
2010-07-19,871861.3147750003,871861.3147750003,0.0,0.0
2010-07-20,871861.3147750003,871861.3147750003,0.0,0.0
2010-07-21,871861.3147750003,871861.3147750003,0.0,0.0
2010-07-22,871861.3147750003,871861.3147750003,0.0,0.0
2010-07-23,871861.3147750003,871861.3147750003,0.0,0.0
2010-07-26,871861.3147750003,871861.3147750003,0.0,0.0
2010-07-27,871861.3147750003,871861.3147750003,0.0,0.0
2010-07-28,871861.3147750003,871861.3147750003,0.0,0.0
2010-07-29,871861.3147750003,871861.3147750003,0.0,0.0
2010-07-30,871861.3147750003,871861.3147750003,0.0,0.0
2010-08-02,871861.3147750003,871861.3147750003,0.0,0.0
2010-08-03,871861.3147750003,871861.3147750003,0.0,0.0
2010-08-04,871861.3147750003,871861.3147750003,0.0,0.0
2010-08-05,871861.3147750003,871861.3147750003,0.0,0.0
2010-08-06,871861.3147750003,871861.3147750003,0.0,0.0
2010-08-09,871861.3147750003,871861.3147750003,0.0,0.0
2010-08-10,871861.3147750003,871861.3147750003,0.0,0.0
2010-08-11,871861.3147750003,871861.3147750003,0.0,0.0
2010-08-12,871861.3147750003,871861.3147750003,0.0,0.0
2010-08-13,871861.3147750003,871861.3147750003,0.0,0.0
2010-08-16,871861.3147750003,871861.3147750003,0.0,0.0
2010-08-17,871861.3147750003,871861.3147750003,0.0,0.0
2010-08-18,871861.3147750003,871861.3147750003,0.0,0.0
2010-08-19,871861.3147750003,871861.3147750003,0.0,0.0
2010-08-20,871861.3147750003,871861.3147750003,0.0,0.0
2010-08-23,871861.3147750003,871861.3147750003,0.0,0.0
2010-08-24,871861.3147750003,871861.3147750003,0.0,0.0
2010-08-25,871861.3147750003,871861.3147750003,0.0,0.0
2010-08-26,871861.3147750003,871861.3147750003,0.0,0.0
2010-08-27,871861.3147750003,871861.3147750003,0.0,0.0
2010-08-30,871861.3147750003,871861.3147750003,0.0,0.0
2010-08-31,871861.3147750003,871861.3147750003,0.0,0.0
2010-09-01,871861.3147750003,871861.3147750003,0.0,0.0
2010-09-02,871861.3147750003,871861.3147750003,0.0,0.0
2010-09-03,871861.3147750003,871861.3147750003,0.0,0.0
2010-09-06,871861.3147750003,871861.3147750003,0.0,0.0
2010-09-07,871861.3147750003,871861.3147750003,0.0,0.0
2010-09-08,871861.3147750003,871861.3147750003,0.0,0.0
2010-09-09,871861.3147750003,871861.3147750003,0.0,0.0
2010-09-10,871861.3147750003,871861.3147750003,0.0,0.0
2010-09-13,871861.3147750003,871861.3147750003,0.0,0.0
2010-09-14,871861.3147750003,871861.3147750003,0.0,0.0
2010-09-15,871861.3147750003,871861.3147750003,0.0,0.0
2010-09-16,871861.3147750003,871861.3147750003,0.0,0.0
2010-09-17,871861.3147750003,871861.3147750003,0.0,0.0
2010-09-20,871861.3147750003,871861.3147750003,0.0,0.0
2010-09-21,871861.3147750003,871861.3147750003,0.0,0.0
2010-09-27,871861.3147750003,871861.3147750003,0.0,0.0
2010-09-28,871861.3147750003,871861.3147750003,0.0,0.0
2010-09-29,871861.3147750003,871861.3147750003,0.0,0.0
2010-09-30,871861.3147750003,871861.3147750003,0.0,0.0
2010-10-08,871861.3147750003,871861.3147750003,0.0,0.0
2010-10-11,871861.3147750003,871861.3147750003,0.0,0.0
2010-10-12,871861.3147750003,871861.3147750003,0.0,0.0
2010-10-13,871861.3147750003,871861.3147750003,0.0,0.0
2010-10-14,871861.3147750003,871861.3147750003,0.0,0.0
2010-10-15,871861.3147750003,871861.3147750003,0.0,0.0
2010-10-18,871861.3147750003,871861.3147750003,0.0,0.0
2010-10-19,871861.3147750003,871861.3147750003,0.0,0.0
2010-10-20,871861.3147750003,871861.3147750003,0.0,0.0
2010-10-21,871861.3147750003,871861.3147750003,0.0,0.0
2010-10-22,871861.3147750003,871861.3147750003,0.0,0.0
2010-10-25,871861.3147750003,871861.3147750003,0.0,0.0
2010-10-26,871861.3147750003,871861.3147750003,0.0,0.0
2010-10-27,871861.3147750003,871861.3147750003,0.0,0.0
2010-10-28,871861.3147750003,871861.3147750003,0.0,0.0
2010-10-29,871861.3147750003,871861.3147750003,0.0,0.0
2010-11-01,871861.3147750003,871861.3147750003,0.0,0.0
2010-11-02,871861.3147750003,871861.3147750003,0.0,0.0
2010-11-03,871861.3147750003,871861.3147750003,0.0,0.0
2010-11-04,871861.3147750003,871861.3147750003,0.0,0.0
2010-11-05,871861.3147750003,871861.3147750003,0.0,0.0
2010-11-08,871861.3147750003,871861.3147750003,0.0,0.0
2010-11-09,871861.3147750003,871861.3147750003,0.0,0.0
2010-11-10,871861.3147750003,871861.3147750003,0.0,0.0
2010-11-11,871861.3147750003,871861.3147750003,0.0,0.0
2010-11-12,871861.3147750003,871861.3147750003,0.0,0.0
2010-11-15,871861.3147750003,871861.3147750003,0.0,0.0
2010-11-16,871861.3147750003,871861.3147750003,0.0,0.0
2010-11-17,868579.3324000003,671881.8324000003,196697.5,0.22645887676891716
2010-11-18,877866.2693500003,271929.66935000033,605936.6,0.6902379339038216
2010-11-19,881202.5517250003,271929.66935000033,609272.8823749999,0.6914107104913805
2010-11-22,719692.9693500004,271929.66935000033,447763.30000000005,0.6221587802982195
2010-11-23,710940.9693500004,271929.66935000033,439011.30000000005,0.6175073865856677
2010-11-24,718213.8587000003,271929.66935000033,446284.18935,0.6213806430271265
2010-11-25,721492.9587000003,271929.66935000033,449563.28935,0.6231014231379771
2010-11-26,719089.2587000004,271929.66935000033,447159.58935,0.6218415640895455
2010-11-29,719205.2587000004,271929.66935000033,447275.58935,0.621902556939688
2010-11-30,715572.6587000003,271929.66935000033,443642.98934999993,0.6199831477015596
2010-12-01,714888.0587000003,271929.66935000033,442958.38934999995,0.6196192312339148
2010-12-02,716259.1587000003,271929.66935000033,444329.48934999993,0.6203473756013834
2010-12-03,714910.4587000003,271929.66935000033,442980.78935,0.6196311495505609
2010-12-06,714377.3587000003,271929.66935000033,442447.68935,0.6193473014810426
2010-12-07,717486.1587000003,271929.66935000033,445556.48934999993,0.620996633798895
2010-12-08,717528.6879000004,476161.79855000036,241366.88935,0.33638639600098963
2010-12-09,716973.1879000004,476161.79855000036,240811.38935,0.33587223820088946
2010-12-10,717427.6879000004,476161.79855000036,241265.88935,0.3362929719874837
2010-12-13,718942.6879000004,476161.79855000036,242780.88935,0.33769157602694616
2010-12-14,719094.1879000004,476161.79855000036,242932.38935,0.3378311123045581
2010-12-15,718740.6879000004,476161.79855000036,242578.88935,0.33750543615216955
2010-12-16,718639.6879000004,476161.79855000036,242477.88935,0.33741232697371026
2010-12-17,717720.2975250003,517712.90817500034,200007.38934999995,0.27867038181825016
2010-12-20,717720.2975250003,517712.90817500034,200007.38934999995,0.27867038181825016
2010-12-21,717720.2975250003,517712.90817500034,200007.38934999995,0.27867038181825016
2010-12-22,717720.2975250003,517712.90817500034,200007.38934999995,0.27867038181825016
2010-12-23,717720.2975250003,517712.90817500034,200007.38934999995,0.27867038181825016
2010-12-24,717720.2975250003,517712.90817500034,200007.38934999995,0.27867038181825016
2010-12-27,717720.2975250003,517712.90817500034,200007.38934999995,0.27867038181825016
2010-12-28,717720.2975250003,517712.90817500034,200007.38934999995,0.27867038181825016
2010-12-29,720344.7720250003,117910.98267500038,602433.78935,0.8363131277491828
2010-12-30,721418.1720250002,117910.98267500038,603507.1893499999,0.8365566778779254
2010-12-31,730776.3720250004,117910.98267500038,612865.3893500001,0.8386497057256163
2011-01-04,735526.9437750004,535519.5544250004,200007.38934999995,0.27192394655658286
2011-01-05,735526.9437750004,535519.5544250004,200007.38934999995,0.27192394655658286
2011-01-06,735526.9437750004,535519.5544250004,200007.38934999995,0.27192394655658286
2011-01-07,735526.9437750004,535519.5544250004,200007.38934999995,0.27192394655658286
2011-01-10,735526.9437750004,535519.5544250004,200007.38934999995,0.27192394655658286
2011-01-11,735526.9437750004,535519.5544250004,200007.38934999995,0.27192394655658286
2011-01-12,735526.9437750004,535519.5544250004,200007.38934999995,0.27192394655658286
2011-01-13,735526.9437750004,535519.5544250004,200007.38934999995,0.27192394655658286
2011-01-14,735526.9437750004,535519.5544250004,200007.38934999995,0.27192394655658286
2011-01-17,735526.9437750004,535519.5544250004,200007.38934999995,0.27192394655658286
2011-01-18,735286.3863500004,135589.89700000043,599696.4893499999,0.8155958011502488
2011-01-19,746584.5863500005,135589.89700000043,610994.68935,0.8183864233483711
2011-01-20,732574.0863500003,135589.89700000043,596984.1893499999,0.8149130585882887
2011-01-21,735787.3974750004,0.5081250004295725,735786.88935,0.9999993094132869
2011-01-24,728310.1974750003,0.5081250004295725,728309.6893499999,0.9999993023233752
2011-01-25,724811.6974750004,0.5081250004295725,724811.18935,0.9999992989558499
2011-01-26,733540.2974750004,0.5081250004295725,733539.78935,0.9999993072977692
2011-01-27,742489.2974750004,0.5081250004295725,742488.78935,0.9999993156467007
2011-01-28,749517.4343000004,206201.64495000045,543315.78935,0.7248874602328909
2011-01-31,752630.3343000005,206201.64495000045,546428.68935,0.7260253333506912
2011-02-01,752988.3178000004,552980.9284500005,200007.38934999995,0.26561818373804236
2011-02-09,752988.3178000004,552980.9284500005,200007.38934999995,0.26561818373804236
2011-02-10,752988.3178000004,552980.9284500005,200007.38934999995,0.26561818373804236
2011-02-11,752988.3178000004,552980.9284500005,200007.38934999995,0.26561818373804236
2011-02-14,752988.3178000004,552980.9284500005,200007.38934999995,0.26561818373804236
2011-02-15,752988.3178000004,552980.9284500005,200007.38934999995,0.26561818373804236
2011-02-16,752988.3178000004,552980.9284500005,200007.38934999995,0.26561818373804236
2011-02-17,752988.3178000004,552980.9284500005,200007.38934999995,0.26561818373804236
2011-02-18,752988.3178000004,552980.9284500005,200007.38934999995,0.26561818373804236
2011-02-21,752988.3178000004,552980.9284500005,200007.38934999995,0.26561818373804236
2011-02-22,752988.3178000004,552980.9284500005,200007.38934999995,0.26561818373804236
2011-02-23,752988.3178000004,552980.9284500005,200007.38934999995,0.26561818373804236
2011-02-24,752988.3178000004,552980.9284500005,200007.38934999995,0.26561818373804236
2011-02-25,752988.3178000004,552980.9284500005,200007.38934999995,0.26561818373804236
2011-02-28,752988.3178000004,552980.9284500005,200007.38934999995,0.26561818373804236
2011-03-01,752988.3178000004,552980.9284500005,200007.38934999995,0.26561818373804236
2011-03-02,752988.3178000004,552980.9284500005,200007.38934999995,0.26561818373804236
2011-03-03,752988.3178000004,552980.9284500005,200007.38934999995,0.26561818373804236
2011-03-04,752988.3178000004,552980.9284500005,200007.38934999995,0.26561818373804236
2011-03-07,752988.3178000004,552980.9284500005,200007.38934999995,0.26561818373804236
2011-03-08,752988.3178000004,552980.9284500005,200007.38934999995,0.26561818373804236
2011-03-09,752988.3178000004,552980.9284500005,200007.38934999995,0.26561818373804236
2011-03-10,752988.3178000004,552980.9284500005,200007.38934999995,0.26561818373804236
2011-03-11,752988.3178000004,552980.9284500005,200007.38934999995,0.26561818373804236
2011-03-14,752988.3178000004,552980.9284500005,200007.38934999995,0.26561818373804236
2011-03-15,752988.3178000004,552980.9284500005,200007.38934999995,0.26561818373804236
2011-03-16,752988.3178000004,552980.9284500005,200007.38934999995,0.26561818373804236
2011-03-17,752988.3178000004,552980.9284500005,200007.38934999995,0.26561818373804236
2011-03-18,752988.3178000004,552980.9284500005,200007.38934999995,0.26561818373804236
2011-03-21,752988.3178000004,552980.9284500005,200007.38934999995,0.26561818373804236
2011-03-22,752988.3178000004,552980.9284500005,200007.38934999995,0.26561818373804236
2011-03-23,752988.3178000004,552980.9284500005,200007.38934999995,0.26561818373804236
2011-03-24,752988.3178000004,552980.9284500005,200007.38934999995,0.26561818373804236
2011-03-25,752988.3178000004,552980.9284500005,200007.38934999995,0.26561818373804236
2011-03-28,752988.3178000004,552980.9284500005,200007.38934999995,0.26561818373804236
2011-03-29,752988.3178000004,552980.9284500005,200007.38934999995,0.26561818373804236
2011-03-30,752988.3178000004,552980.9284500005,200007.38934999995,0.26561818373804236
2011-03-31,752988.3178000004,552980.9284500005,200007.38934999995,0.26561818373804236
2011-04-01,752988.3178000004,552980.9284500005,200007.38934999995,0.26561818373804236
2011-04-06,752988.3178000004,552980.9284500005,200007.38934999995,0.26561818373804236
2011-04-07,752988.3178000004,552980.9284500005,200007.38934999995,0.26561818373804236
2011-04-08,752988.3178000004,552980.9284500005,200007.38934999995,0.26561818373804236
2011-04-11,752988.3178000004,552980.9284500005,200007.38934999995,0.26561818373804236
2011-04-12,752988.3178000004,552980.9284500005,200007.38934999995,0.26561818373804236
2011-04-13,752988.3178000004,552980.9284500005,200007.38934999995,0.26561818373804236
2011-04-14,752988.3178000004,552980.9284500005,200007.38934999995,0.26561818373804236
2011-04-15,752988.3178000004,552980.9284500005,200007.38934999995,0.26561818373804236
2011-04-18,752988.3178000004,552980.9284500005,200007.38934999995,0.26561818373804236
2011-04-19,752988.3178000004,552980.9284500005,200007.38934999995,0.26561818373804236
2011-04-20,752988.3178000004,552980.9284500005,200007.38934999995,0.26561818373804236
2011-04-21,752988.3178000004,552980.9284500005,200007.38934999995,0.26561818373804236
2011-04-22,752988.3178000004,552980.9284500005,200007.38934999995,0.26561818373804236
2011-04-25,752988.3178000004,552980.9284500005,200007.38934999995,0.26561818373804236
2011-04-26,749561.9433250003,152983.05397500045,596578.8893499998,0.795903386855022
2011-04-27,746364.2433250004,152983.05397500045,593381.1893499999,0.7950289616052991
2011-04-28,732750.6113250004,16.82197500046459,732733.78935,0.999977042700831
2011-04-29,740987.9113250005,16.82197500046459,740971.08935,0.9999772979089897
2011-05-03,745447.1113250004,16.82197500046459,745430.28935,0.9999774337109302
2011-05-04,731951.3113250004,16.82197500046459,731934.4893499999,0.9999770176311727
2011-05-05,733379.6113250004,16.82197500046459,733362.78935,0.9999770623906901
2011-05-06,733812.3113250005,16.82197500046459,733795.48935,0.9999770759160881
2011-05-09,737275.9113250005,16.82197500046459,737259.08935,0.9999771836096337
2011-05-10,750362.7219750005,16.82197500046459,750345.9,0.9999775815422225
2011-05-11,748168.2219750006,16.82197500046459,748151.4000000001,0.999977515785212
2011-05-12,739998.5219750004,16.82197500046459,739981.7,0.9999772675559465
2011-05-13,745545.3219750004,16.82197500046459,745528.5,0.9999774366835864
2011-05-16,738063.0219750005,16.82197500046459,738046.2000000001,0.9999772079422765
2011-05-17,742181.2219750005,16.82197500046459,742164.4,0.9999773344103807
2011-05-18,747990.5219750005,16.82197500046459,747973.7000000001,0.9999775104436404
2011-05-19,746773.2819750005,346090.2819750005,400683.0,0.5365524044195967
2011-05-20,746124.6819750005,346090.2819750005,400034.4,0.5361495332671536
2011-05-23,732911.1819750005,346090.2819750005,386820.9,0.5277868717429316
2011-05-24,733842.5292000006,192.72920000049635,733649.8,0.9997373698139155
2011-05-25,725860.0292000006,192.72920000049635,725667.3,0.9997344815911506
2011-05-26,722944.6292000005,35.32920000049634,722909.3,0.9999511315271273
2011-05-27,716010.2292000005,35.32920000049634,715974.9,0.9999506582468243
2011-05-30,712159.9292000005,35.32920000049634,712124.6,0.999950391480127
2011-05-31,723812.2292000004,35.32920000049634,723776.8999999999,0.9999511901034892
2011-06-01,747262.3613750004,35.32920000049634,747227.032175,0.9999527218259254
2011-06-02,739657.3613750004,35.32920000049634,739622.032175,0.9999522357217742
2011-06-03,743453.3613750004,35.32920000049634,743418.032175,0.9999524796014976
2011-06-07,745652.7613750005,35.32920000049634,745617.432175,0.9999526197691062
2011-06-08,745579.4613750004,35.32920000049634,745544.1321749999,0.9999526151110234
2011-06-09,738070.5613750004,35.32920000049634,738035.2321749999,0.9999521330319222
2011-06-10,740058.1613750004,35.32920000049634,740022.8321749999,0.9999522615899068
2011-06-13,738383.3613750004,35.32920000049634,738348.032175,0.9999521533097188
2011-06-14,744429.8588000004,199595.7266250005,544834.1321749999,0.7318810842075262
2011-06-15,742553.0588000005,199595.7266250005,542957.332175,0.7312034146791392
2011-06-16,740050.6588000004,199595.7266250005,540454.932175,0.7302945085561481
2011-06-17,739190.4588000005,199595.7266250005,539594.732175,0.7299806507932698
2011-06-20,738408.4588000005,199595.7266250005,538812.732175,0.7296946909988454
2011-06-21,740754.4588000005,199595.7266250005,541158.732175,0.7305507590891327
2011-06-22,740676.2588000004,199595.7266250005,541080.532175,0.7305223108563333
2011-06-23,743285.5777500004,397470.4455750005,345815.1321749999,0.4652520411089057
2011-06-24,743285.5777500004,397470.4455750005,345815.1321749999,0.4652520411089057
2011-06-27,743285.5777500004,397470.4455750005,345815.1321749999,0.4652520411089057
2011-06-28,743285.5777500004,397470.4455750005,345815.1321749999,0.4652520411089057
2011-06-29,743285.5777500004,397470.4455750005,345815.1321749999,0.4652520411089057
2011-06-30,743285.5777500004,397470.4455750005,345815.1321749999,0.4652520411089057
2011-07-01,743285.5777500004,397470.4455750005,345815.1321749999,0.4652520411089057
2011-07-04,743285.5777500004,397470.4455750005,345815.1321749999,0.4652520411089057
2011-07-05,743285.5777500004,397470.4455750005,345815.1321749999,0.4652520411089057
2011-07-06,743285.5777500004,397470.4455750005,345815.1321749999,0.4652520411089057
2011-07-07,743285.5777500004,397470.4455750005,345815.1321749999,0.4652520411089057
2011-07-08,743285.5777500004,397470.4455750005,345815.1321749999,0.4652520411089057
2011-07-11,743285.5777500004,397470.4455750005,345815.1321749999,0.4652520411089057
2011-07-12,743285.5777500004,397470.4455750005,345815.1321749999,0.4652520411089057
2011-07-13,743285.5777500004,397470.4455750005,345815.1321749999,0.4652520411089057
2011-07-14,743285.5777500004,397470.4455750005,345815.1321749999,0.4652520411089057
2011-07-15,743285.5777500004,397470.4455750005,345815.1321749999,0.4652520411089057
2011-07-18,743285.5777500004,397470.4455750005,345815.1321749999,0.4652520411089057
2011-07-19,743285.5777500004,397470.4455750005,345815.1321749999,0.4652520411089057
2011-07-20,743285.5777500004,397470.4455750005,345815.1321749999,0.4652520411089057
2011-07-21,743285.5777500004,397470.4455750005,345815.1321749999,0.4652520411089057
2011-07-22,743285.5777500004,397470.4455750005,345815.1321749999,0.4652520411089057
2011-07-25,743285.5777500004,397470.4455750005,345815.1321749999,0.4652520411089057
2011-07-26,743285.5777500004,397470.4455750005,345815.1321749999,0.4652520411089057
2011-07-27,743285.5777500004,397470.4455750005,345815.1321749999,0.4652520411089057
2011-07-28,743285.5777500004,397470.4455750005,345815.1321749999,0.4652520411089057
2011-07-29,743285.5777500004,397470.4455750005,345815.1321749999,0.4652520411089057
2011-08-01,743285.5777500004,397470.4455750005,345815.1321749999,0.4652520411089057
2011-08-02,743285.5777500004,397470.4455750005,345815.1321749999,0.4652520411089057
2011-08-03,743285.5777500004,397470.4455750005,345815.1321749999,0.4652520411089057
2011-08-04,743285.5777500004,397470.4455750005,345815.1321749999,0.4652520411089057
2011-08-05,743285.5777500004,397470.4455750005,345815.1321749999,0.4652520411089057
2011-08-08,743285.5777500004,397470.4455750005,345815.1321749999,0.4652520411089057
2011-08-09,748022.7937500004,197484.4615750005,550538.3321749999,0.7359913852558314
2011-08-10,750557.1937500006,197484.4615750005,553072.732175,0.7368828608672563
2011-08-11,753936.3937500005,197484.4615750005,556451.932175,0.738062171806386
2011-08-12,754217.9937500004,197484.4615750005,556733.5321749998,0.7381599707093962
2011-08-15,757315.5937500005,197484.4615750005,559831.1321749999,0.7392309583946153
2011-08-16,755344.3937500005,197484.4615750005,557859.932175,0.73855043711311
2011-08-17,754499.5937500005,197484.4615750005,557015.1321749999,0.7382576966099256
2011-08-18,750275.5937500005,197484.4615750005,552791.1321749999,0.7367841054405877
2011-08-19,748867.5937500005,197484.4615750005,551383.1321749999,0.7362892142440228
2011-08-22,745488.3937500005,197484.4615750005,548003.932175,0.7350938482333678
2011-08-23,748585.9937500004,197484.4615750005,551101.5321749998,0.7361900126053481
2011-08-24,748022.7937500004,197484.4615750005,550538.3321749999,0.7359913852558314
2011-08-25,753602.2049500004,407787.0727750005,345815.1321749999,0.4588828561056876
2011-08-26,753602.2049500004,407787.0727750005,345815.1321749999,0.4588828561056876
2011-08-29,753602.2049500004,407787.0727750005,345815.1321749999,0.4588828561056876
2011-08-30,753602.2049500004,407787.0727750005,345815.1321749999,0.4588828561056876
2011-08-31,753602.2049500004,407787.0727750005,345815.1321749999,0.4588828561056876
2011-09-01,753602.2049500004,407787.0727750005,345815.1321749999,0.4588828561056876
2011-09-02,753602.2049500004,407787.0727750005,345815.1321749999,0.4588828561056876
2011-09-05,753602.2049500004,407787.0727750005,345815.1321749999,0.4588828561056876
2011-09-06,751561.4216500004,207803.88947500047,543757.532175,0.7235037836045635
2011-09-07,755543.0216500004,207803.88947500047,547739.1321749999,0.7249608777787586
2011-09-08,754121.0216500004,207803.88947500047,546317.1321749999,0.7244422532867072
2011-09-09,753267.8216500004,207803.88947500047,545463.932175,0.7241301387070869
2011-09-13,750708.2216500004,207803.88947500047,542904.332175,0.7231895382492773
2011-09-14,751845.8216500004,207803.88947500047,544041.932175,0.7236083735639387
2011-09-15,752130.2216500004,207803.88947500047,544326.332175,0.7237128844269459
2011-09-16,752130.2216500004,207803.88947500047,544326.332175,0.7237128844269459
2011-09-19,748433.0216500005,207803.88947500047,540629.132175,0.7223480479029712
2011-09-20,749001.8216500004,207803.88947500047,541197.932175,0.7225588997671294
2011-09-21,754405.4216500004,207803.88947500047,546601.532175,0.7245461345963005
2011-09-22,748433.0216500005,207803.88947500047,540629.132175,0.7223480479029712
2011-09-23,746726.6216500005,207803.88947500047,538922.732175,0.721713564978
2011-09-26,743313.8216500004,207803.88947500047,535509.932175,0.7204358597641579
2011-09-27,745020.2216500004,207803.88947500047,537216.332175,0.7210761756039641
2011-09-28,743029.4216500005,207803.88947500047,535225.5321750001,0.7203288545243028
2011-09-29,740754.2216500004,207803.88947500047,532950.332175,0.7194698546406856
2011-09-30,739901.0216500004,207803.88947500047,532097.1321749999,0.7191463676971389
2011-10-10,738194.6216500005,207803.88947500047,530390.732175,0.7184971505068398
2011-10-11,736488.2216500004,207803.88947500047,528684.332175,0.7178449249202595
2011-10-12,743029.4216500005,207803.88947500047,535225.5321750001,0.7203288545243028
2011-10-13,744167.0216500004,207803.88947500047,536363.1321749999,0.7207563847504981
2011-10-14,743313.8216500004,207803.88947500047,535509.932175,0.7204358597641579
2011-10-17,745541.0291500005,399725.8969750005,345815.13217500004,0.46384453524880803
2011-10-18,745541.0291500005,399725.8969750005,345815.13217500004,0.46384453524880803
2011-10-19,745541.0291500005,399725.8969750005,345815.13217500004,0.46384453524880803
2011-10-20,745541.0291500005,399725.8969750005,345815.13217500004,0.46384453524880803
2011-10-21,742935.8430500005,199731.5108750005,543204.332175,0.7311591401283916
2011-10-24,748046.2430500005,199731.5108750005,548314.732175,0.7329957703408315
2011-10-25,753156.6430500004,199731.5108750005,553425.1321749999,0.7348074763489263
2011-10-26,755020.6614500005,409205.52927500056,345815.1321749999,0.4580207533802712
2011-10-27,755020.6614500005,409205.52927500056,345815.1321749999,0.4580207533802712
2011-10-28,755020.6614500005,409205.52927500056,345815.1321749999,0.4580207533802712
2011-10-31,755020.6614500005,409205.52927500056,345815.1321749999,0.4580207533802712
2011-11-01,755020.6614500005,409205.52927500056,345815.1321749999,0.4580207533802712
2011-11-02,755020.6614500005,409205.52927500056,345815.1321749999,0.4580207533802712
2011-11-03,755020.6614500005,409205.52927500056,345815.1321749999,0.4580207533802712
2011-11-04,755020.6614500005,409205.52927500056,345815.1321749999,0.4580207533802712
2011-11-07,755020.6614500005,409205.52927500056,345815.1321749999,0.4580207533802712
2011-11-08,755020.6614500005,409205.52927500056,345815.1321749999,0.4580207533802712
2011-11-09,755020.6614500005,409205.52927500056,345815.1321749999,0.4580207533802712
2011-11-10,755020.6614500005,409205.52927500056,345815.1321749999,0.4580207533802712
2011-11-11,755020.6614500005,409205.52927500056,345815.1321749999,0.4580207533802712
2011-11-14,755020.6614500005,409205.52927500056,345815.1321749999,0.4580207533802712
2011-11-15,755020.6614500005,409205.52927500056,345815.1321749999,0.4580207533802712
2011-11-16,755020.6614500005,409205.52927500056,345815.1321749999,0.4580207533802712
2011-11-17,755020.6614500005,409205.52927500056,345815.1321749999,0.4580207533802712
2011-11-18,755020.6614500005,409205.52927500056,345815.1321749999,0.4580207533802712
2011-11-21,755020.6614500005,409205.52927500056,345815.1321749999,0.4580207533802712
2011-11-22,755020.6614500005,409205.52927500056,345815.1321749999,0.4580207533802712
2011-11-23,755020.6614500005,409205.52927500056,345815.1321749999,0.4580207533802712
2011-11-24,755020.6614500005,409205.52927500056,345815.1321749999,0.4580207533802712
2011-11-25,755020.6614500005,409205.52927500056,345815.1321749999,0.4580207533802712
2011-11-28,755020.6614500005,409205.52927500056,345815.1321749999,0.4580207533802712
2011-11-29,755020.6614500005,409205.52927500056,345815.1321749999,0.4580207533802712
2011-11-30,755020.6614500005,409205.52927500056,345815.1321749999,0.4580207533802712
2011-12-01,755020.6614500005,409205.52927500056,345815.1321749999,0.4580207533802712
2011-12-02,755020.6614500005,409205.52927500056,345815.1321749999,0.4580207533802712
2011-12-05,755020.6614500005,409205.52927500056,345815.1321749999,0.4580207533802712
2011-12-06,755020.6614500005,409205.52927500056,345815.1321749999,0.4580207533802712
2011-12-07,755020.6614500005,409205.52927500056,345815.1321749999,0.4580207533802712
2011-12-08,755020.6614500005,409205.52927500056,345815.1321749999,0.4580207533802712
2011-12-09,755020.6614500005,409205.52927500056,345815.1321749999,0.4580207533802712
2011-12-12,755020.6614500005,409205.52927500056,345815.1321749999,0.4580207533802712
2011-12-13,755020.6614500005,409205.52927500056,345815.1321749999,0.4580207533802712
2011-12-14,752933.6700750005,209190.03790000055,543743.6321749999,0.7221667110740805
2011-12-15,747841.1700750005,209190.03790000055,538651.1321749999,0.7202747772243924
2011-12-16,757473.5718750004,9147.23970000053,748326.3321749999,0.9879240147252161
2011-12-19,756090.3718750004,9147.23970000053,746943.1321749999,0.9879019227856102
2011-12-20,756090.3718750004,9147.23970000053,746943.1321749999,0.9879019227856102
2011-12-21,747791.1718750005,9147.23970000053,738643.932175,0.9877676548693871
2011-12-22,747099.5718750004,9147.23970000053,737952.3321749999,0.987756331224975
2011-12-23,749865.9718750005,9147.23970000053,740718.732175,0.9878015004773075
2011-12-26,745716.3718750004,9147.23970000053,736569.1321749999,0.9877336209248014
2011-12-27,738800.3718750005,9147.23970000053,729653.132175,0.9876187938606666
2011-12-28,738800.3718750005,9147.23970000053,729653.132175,0.9876187938606666
2011-12-29,740875.1718750005,9147.23970000053,731727.932175,0.9876534670788728
2011-12-30,747099.5718750004,9147.23970000053,737952.3321749999,0.987756331224975
2012-01-04,736725.5718750005,9147.23970000053,727578.332175,0.9875839253458784
2012-01-05,730501.1718750005,9147.23970000053,721353.932175,0.9874781313813338
2012-01-06,733267.5718750005,9147.23970000053,724120.332175,0.9875253726595183
2012-01-09,747791.1718750005,9147.23970000053,738643.932175,0.9877676548693871
2012-01-10,748384.3917750006,402569.2596000006,345815.13217500004,0.46208223471203586
2012-01-11,748384.3917750006,402569.2596000006,345815.13217500004,0.46208223471203586
2012-01-12,748384.3917750006,402569.2596000006,345815.13217500004,0.46208223471203586
2012-01-13,748384.3917750006,402569.2596000006,345815.13217500004,0.46208223471203586
2012-01-16,748384.3917750006,402569.2596000006,345815.13217500004,0.46208223471203586
2012-01-17,748384.3917750006,402569.2596000006,345815.13217500004,0.46208223471203586
2012-01-18,748384.3917750006,402569.2596000006,345815.13217500004,0.46208223471203586
2012-01-19,748384.3917750006,402569.2596000006,345815.13217500004,0.46208223471203586
2012-01-20,748384.3917750006,402569.2596000006,345815.13217500004,0.46208223471203586
2012-01-30,748384.3917750006,402569.2596000006,345815.13217500004,0.46208223471203586
2012-01-31,748384.3917750006,402569.2596000006,345815.13217500004,0.46208223471203586
2012-02-01,748384.3917750006,402569.2596000006,345815.13217500004,0.46208223471203586
2012-02-02,748384.3917750006,402569.2596000006,345815.13217500004,0.46208223471203586
2012-02-03,748384.3917750006,402569.2596000006,345815.13217500004,0.46208223471203586
2012-02-06,748384.3917750006,402569.2596000006,345815.13217500004,0.46208223471203586
2012-02-07,748384.3917750006,402569.2596000006,345815.13217500004,0.46208223471203586
2012-02-08,748384.3917750006,402569.2596000006,345815.13217500004,0.46208223471203586
2012-02-09,748384.3917750006,402569.2596000006,345815.13217500004,0.46208223471203586
2012-02-10,748384.3917750006,402569.2596000006,345815.13217500004,0.46208223471203586
2012-02-13,748384.3917750006,402569.2596000006,345815.13217500004,0.46208223471203586
2012-02-14,748384.3917750006,402569.2596000006,345815.13217500004,0.46208223471203586
2012-02-15,748384.3917750006,402569.2596000006,345815.13217500004,0.46208223471203586
2012-02-16,748384.3917750006,402569.2596000006,345815.13217500004,0.46208223471203586
2012-02-17,748384.3917750006,402569.2596000006,345815.13217500004,0.46208223471203586
2012-02-20,748384.3917750006,402569.2596000006,345815.13217500004,0.46208223471203586
2012-02-21,748384.3917750006,402569.2596000006,345815.13217500004,0.46208223471203586
2012-02-22,748384.3917750006,402569.2596000006,345815.13217500004,0.46208223471203586
2012-02-23,748384.3917750006,402569.2596000006,345815.13217500004,0.46208223471203586
2012-02-24,748384.3917750006,402569.2596000006,345815.13217500004,0.46208223471203586
2012-02-27,748384.3917750006,402569.2596000006,345815.13217500004,0.46208223471203586
2012-02-28,748384.3917750006,402569.2596000006,345815.13217500004,0.46208223471203586
2012-02-29,748384.3917750006,402569.2596000006,345815.13217500004,0.46208223471203586
2012-03-01,748384.3917750006,402569.2596000006,345815.13217500004,0.46208223471203586
2012-03-02,748384.3917750006,402569.2596000006,345815.13217500004,0.46208223471203586
2012-03-05,748384.3917750006,402569.2596000006,345815.13217500004,0.46208223471203586
2012-03-06,748384.3917750006,402569.2596000006,345815.13217500004,0.46208223471203586
2012-03-07,748384.3917750006,402569.2596000006,345815.13217500004,0.46208223471203586
2012-03-08,748384.3917750006,402569.2596000006,345815.13217500004,0.46208223471203586
2012-03-09,748384.3917750006,402569.2596000006,345815.13217500004,0.46208223471203586
2012-03-12,748384.3917750006,402569.2596000006,345815.13217500004,0.46208223471203586
2012-03-13,748384.3917750006,402569.2596000006,345815.13217500004,0.46208223471203586
2012-03-14,748384.3917750006,402569.2596000006,345815.13217500004,0.46208223471203586
2012-03-15,748384.3917750006,402569.2596000006,345815.13217500004,0.46208223471203586
2012-03-16,748384.3917750006,402569.2596000006,345815.13217500004,0.46208223471203586
2012-03-19,748384.3917750006,402569.2596000006,345815.13217500004,0.46208223471203586
2012-03-20,748384.3917750006,402569.2596000006,345815.13217500004,0.46208223471203586
2012-03-21,748384.3917750006,402569.2596000006,345815.13217500004,0.46208223471203586
2012-03-22,748384.3917750006,402569.2596000006,345815.13217500004,0.46208223471203586
2012-03-23,748384.3917750006,402569.2596000006,345815.13217500004,0.46208223471203586
2012-03-26,748269.9157000005,2564.983525000571,745704.932175,0.9965721145923647
2012-03-27,746562.1157000004,2564.983525000571,743997.1321749999,0.9965642731246876
2012-03-28,731973.3157000006,2564.983525000571,729408.3321750001,0.9964957964040703
2012-03-29,727107.2157000005,39.98352500057081,727067.232175,0.9999450101386189
2012-03-30,727113.3157000004,39.98352500057081,727073.3321749999,0.9999450105999476
2012-04-05,738887.3157000006,39.98352500057081,738847.3321750001,0.9999458868434321
2012-04-06,741368.7157000005,39.98352500057081,741328.732175,0.9999460679630071
2012-04-09,738453.1157000004,39.98352500057081,738413.1321749999,0.9999458550256605
2012-04-10,740717.4157000005,39.98352500057081,740677.432175,0.9999460205415006
2012-04-11,741802.9157000005,39.98352500057081,741762.932175,0.9999460995310826
2012-04-12,747322.7237000007,401507.59152500064,345815.13217500004,0.46273868197512663
2012-04-13,747322.7237000007,401507.59152500064,345815.13217500004,0.46273868197512663
2012-04-16,747322.7237000007,401507.59152500064,345815.13217500004,0.46273868197512663
2012-04-17,747322.7237000007,401507.59152500064,345815.13217500004,0.46273868197512663
2012-04-18,747322.7237000007,401507.59152500064,345815.13217500004,0.46273868197512663
2012-04-19,747322.7237000007,401507.59152500064,345815.13217500004,0.46273868197512663
2012-04-20,747322.7237000007,401507.59152500064,345815.13217500004,0.46273868197512663
2012-04-23,747322.7237000007,401507.59152500064,345815.13217500004,0.46273868197512663
2012-04-24,747322.7237000007,401507.59152500064,345815.13217500004,0.46273868197512663
2012-04-25,747322.7237000007,401507.59152500064,345815.13217500004,0.46273868197512663
2012-04-26,747322.7237000007,401507.59152500064,345815.13217500004,0.46273868197512663
2012-04-27,747322.7237000007,401507.59152500064,345815.13217500004,0.46273868197512663
2012-05-02,747322.7237000007,401507.59152500064,345815.13217500004,0.46273868197512663
2012-05-03,747322.7237000007,401507.59152500064,345815.13217500004,0.46273868197512663
2012-05-04,747322.7237000007,401507.59152500064,345815.13217500004,0.46273868197512663
2012-05-07,747322.7237000007,401507.59152500064,345815.13217500004,0.46273868197512663
2012-05-08,747322.7237000007,401507.59152500064,345815.13217500004,0.46273868197512663
2012-05-09,747322.7237000007,401507.59152500064,345815.13217500004,0.46273868197512663
2012-05-10,747322.7237000007,401507.59152500064,345815.13217500004,0.46273868197512663
2012-05-11,747322.7237000007,401507.59152500064,345815.13217500004,0.46273868197512663
2012-05-14,747322.7237000007,401507.59152500064,345815.13217500004,0.46273868197512663
2012-05-15,747322.7237000007,401507.59152500064,345815.13217500004,0.46273868197512663
2012-05-16,747322.7237000007,401507.59152500064,345815.13217500004,0.46273868197512663
2012-05-17,747322.7237000007,401507.59152500064,345815.13217500004,0.46273868197512663
2012-05-18,747322.7237000007,401507.59152500064,345815.13217500004,0.46273868197512663
2012-05-21,747322.7237000007,401507.59152500064,345815.13217500004,0.46273868197512663
2012-05-22,747322.7237000007,401507.59152500064,345815.13217500004,0.46273868197512663
2012-05-23,747322.7237000007,401507.59152500064,345815.13217500004,0.46273868197512663
2012-05-24,747322.7237000007,401507.59152500064,345815.13217500004,0.46273868197512663
2012-05-25,747322.7237000007,401507.59152500064,345815.13217500004,0.46273868197512663
2012-05-28,747322.7237000007,401507.59152500064,345815.13217500004,0.46273868197512663
2012-05-29,747322.7237000007,401507.59152500064,345815.13217500004,0.46273868197512663
2012-05-30,747322.7237000007,401507.59152500064,345815.13217500004,0.46273868197512663
2012-05-31,747322.7237000007,401507.59152500064,345815.13217500004,0.46273868197512663
2012-06-01,747322.7237000007,401507.59152500064,345815.13217500004,0.46273868197512663
2012-06-04,747322.7237000007,401507.59152500064,345815.13217500004,0.46273868197512663
2012-06-05,747322.7237000007,401507.59152500064,345815.13217500004,0.46273868197512663
2012-06-06,747322.7237000007,401507.59152500064,345815.13217500004,0.46273868197512663
2012-06-07,747322.7237000007,401507.59152500064,345815.13217500004,0.46273868197512663
2012-06-08,747322.7237000007,401507.59152500064,345815.13217500004,0.46273868197512663
2012-06-11,747322.7237000007,401507.59152500064,345815.13217500004,0.46273868197512663
2012-06-12,747322.7237000007,401507.59152500064,345815.13217500004,0.46273868197512663
2012-06-13,747322.7237000007,401507.59152500064,345815.13217500004,0.46273868197512663
2012-06-14,747322.7237000007,401507.59152500064,345815.13217500004,0.46273868197512663
2012-06-15,747322.7237000007,401507.59152500064,345815.13217500004,0.46273868197512663
2012-06-18,747322.7237000007,401507.59152500064,345815.13217500004,0.46273868197512663
2012-06-19,747322.7237000007,401507.59152500064,345815.13217500004,0.46273868197512663
2012-06-20,747322.7237000007,401507.59152500064,345815.13217500004,0.46273868197512663
2012-06-21,747322.7237000007,401507.59152500064,345815.13217500004,0.46273868197512663
2012-06-25,747322.7237000007,401507.59152500064,345815.13217500004,0.46273868197512663
2012-06-26,748270.8355250006,201504.90335000065,546765.932175,0.7307059238669631
2012-06-27,747272.7355250006,201504.90335000065,545767.832175,0.7303462393707805
2012-06-28,746274.6355250006,201504.90335000065,544769.732175,0.7299855927593695
2012-06-29,748603.5355250005,201504.90335000065,547098.6321749999,0.7308256055607807
2012-07-02,749268.9355250006,201504.90335000065,547764.032175,0.7310646500928143
2012-07-03,749601.6355250006,201504.90335000065,548096.732175,0.7311840132140693
2012-07-04,748936.2355250006,201504.90335000065,547431.332175,0.7309451809221826
2012-07-05,746274.6355250006,201504.90335000065,544769.732175,0.7299855927593695
2012-07-06,752263.2355250006,201504.90335000065,550758.332175,0.7321351172912612
2012-07-09,747938.1355250006,201504.90335000065,546433.232175,0.7305861356988327
2012-07-10,747272.7355250006,201504.90335000065,545767.832175,0.7303462393707805
2012-07-11,748936.2355250006,201504.90335000065,547431.332175,0.7309451809221826
2012-07-12,751214.1492500007,405399.0170750007,345815.13217500004,0.46034161166992915
2012-07-13,751214.1492500007,405399.0170750007,345815.13217500004,0.46034161166992915
2012-07-16,751214.1492500007,405399.0170750007,345815.13217500004,0.46034161166992915
2012-07-17,751214.1492500007,405399.0170750007,345815.13217500004,0.46034161166992915
2012-07-18,751214.1492500007,405399.0170750007,345815.13217500004,0.46034161166992915
2012-07-19,751214.1492500007,405399.0170750007,345815.13217500004,0.46034161166992915
2012-07-20,751214.1492500007,405399.0170750007,345815.13217500004,0.46034161166992915
2012-07-23,751214.1492500007,405399.0170750007,345815.13217500004,0.46034161166992915
2012-07-24,753569.3554500006,205373.8232750007,548195.532175,0.727465266747266
2012-07-25,751507.7554500006,205373.8232750007,546133.932175,0.7267176262844773
2012-07-26,750133.3554500006,205373.8232750007,544759.532175,0.7262169162551129
2012-07-27,749394.9604000006,5343.628225000721,744051.3321749999,0.9928694099808885
2012-07-30,747331.5604000007,5343.628225000721,741987.932175,0.9928497222542821
2012-07-31,745268.1604000006,5343.628225000721,739924.532175,0.9928299255101243
2012-08-01,751458.3604000007,5343.628225000721,746114.732175,0.9928889895879842
2012-08-02,743892.5604000007,5343.628225000721,738548.932175,0.9928166666673917
2012-08-03,748707.1604000006,5343.628225000721,743363.532175,0.9928628594627761
2012-08-06,754897.3604000007,5343.628225000721,749553.732175,0.9929213844089093
2012-08-07,756859.3099000007,411044.1777250008,345815.1321749999,0.4569080774347486
2012-08-08,756859.3099000007,411044.1777250008,345815.1321749999,0.4569080774347486
2012-08-09,756859.3099000007,411044.1777250008,345815.1321749999,0.4569080774347486
2012-08-10,756859.3099000007,411044.1777250008,345815.1321749999,0.4569080774347486
2012-08-13,756859.3099000007,411044.1777250008,345815.1321749999,0.4569080774347486
2012-08-14,756859.3099000007,411044.1777250008,345815.1321749999,0.4569080774347486
2012-08-15,756859.3099000007,411044.1777250008,345815.1321749999,0.4569080774347486
2012-08-16,756859.3099000007,411044.1777250008,345815.1321749999,0.4569080774347486
2012-08-17,756859.3099000007,411044.1777250008,345815.1321749999,0.4569080774347486
2012-08-20,756859.3099000007,411044.1777250008,345815.1321749999,0.4569080774347486
2012-08-21,756859.3099000007,411044.1777250008,345815.1321749999,0.4569080774347486
2012-08-22,756859.3099000007,411044.1777250008,345815.1321749999,0.4569080774347486
2012-08-23,756859.3099000007,411044.1777250008,345815.1321749999,0.4569080774347486
2012-08-24,756859.3099000007,411044.1777250008,345815.1321749999,0.4569080774347486
2012-08-27,752824.0125000008,211004.58032500077,541819.432175,0.7197159272001826
2012-08-28,752862.2251500008,11005.19297500077,741857.0321750001,0.9853821952976748
2012-08-29,749258.9251500007,38.192975000769366,749220.732175,0.9999490256656027
2012-08-30,746463.9251500007,38.192975000769366,746425.732175,0.9999488348013696
2012-08-31,746846.5251500008,38.192975000769366,746808.3321750001,0.9999488610126518
2012-09-03,751142.1251500009,38.192975000769366,751103.9321750002,0.9999491534641423
2012-09-04,745964.5251500008,38.192975000769366,745926.3321750001,0.9999488005478638
2012-09-05,746641.5251500008,38.192975000769366,746603.3321750001,0.9999488469717874
2012-09-06,750112.3251500006,38.192975000769366,750074.1321749999,0.9999490836589132
2012-09-07,760540.2275000007,414725.0953250008,345815.1321749999,0.4546967006751784
2012-09-10,760540.2275000007,414725.0953250008,345815.1321749999,0.4546967006751784
2012-09-11,760540.2275000007,414725.0953250008,345815.1321749999,0.4546967006751784
2012-09-12,760540.2275000007,414725.0953250008,345815.1321749999,0.4546967006751784
2012-09-13,760540.2275000007,414725.0953250008,345815.1321749999,0.4546967006751784
2012-09-14,760540.2275000007,414725.0953250008,345815.1321749999,0.4546967006751784
2012-09-17,760540.2275000007,414725.0953250008,345815.1321749999,0.4546967006751784
2012-09-18,760540.2275000007,414725.0953250008,345815.1321749999,0.4546967006751784
2012-09-19,760540.2275000007,414725.0953250008,345815.1321749999,0.4546967006751784
2012-09-20,760540.2275000007,414725.0953250008,345815.1321749999,0.4546967006751784
2012-09-21,760540.2275000007,414725.0953250008,345815.1321749999,0.4546967006751784
2012-09-24,760540.2275000007,414725.0953250008,345815.1321749999,0.4546967006751784
2012-09-25,760540.2275000007,414725.0953250008,345815.1321749999,0.4546967006751784
2012-09-26,760540.2275000007,414725.0953250008,345815.1321749999,0.4546967006751784
2012-09-27,760540.2275000007,414725.0953250008,345815.1321749999,0.4546967006751784
2012-09-28,760540.2275000007,414725.0953250008,345815.1321749999,0.4546967006751784
2012-10-08,760540.2275000007,414725.0953250008,345815.1321749999,0.4546967006751784
2012-10-09,760540.2275000007,414725.0953250008,345815.1321749999,0.4546967006751784
2012-10-10,760540.2275000007,414725.0953250008,345815.1321749999,0.4546967006751784
2012-10-11,760540.2275000007,414725.0953250008,345815.1321749999,0.4546967006751784
2012-10-12,760540.2275000007,414725.0953250008,345815.1321749999,0.4546967006751784
2012-10-15,760540.2275000007,414725.0953250008,345815.1321749999,0.4546967006751784
2012-10-16,760540.2275000007,414725.0953250008,345815.1321749999,0.4546967006751784
2012-10-17,760540.2275000007,414725.0953250008,345815.1321749999,0.4546967006751784
2012-10-18,760540.2275000007,414725.0953250008,345815.1321749999,0.4546967006751784
2012-10-19,760540.2275000007,414725.0953250008,345815.1321749999,0.4546967006751784
2012-10-22,760540.2275000007,414725.0953250008,345815.1321749999,0.4546967006751784
2012-10-23,760540.2275000007,414725.0953250008,345815.1321749999,0.4546967006751784
2012-10-24,760540.2275000007,414725.0953250008,345815.1321749999,0.4546967006751784
2012-10-25,760540.2275000007,414725.0953250008,345815.1321749999,0.4546967006751784
2012-10-26,760540.2275000007,414725.0953250008,345815.1321749999,0.4546967006751784
2012-10-29,760540.2275000007,414725.0953250008,345815.1321749999,0.4546967006751784
2012-10-30,760540.2275000007,414725.0953250008,345815.1321749999,0.4546967006751784
2012-10-31,760540.2275000007,414725.0953250008,345815.1321749999,0.4546967006751784
2012-11-01,760540.2275000007,414725.0953250008,345815.1321749999,0.4546967006751784
2012-11-02,760540.2275000007,414725.0953250008,345815.1321749999,0.4546967006751784
2012-11-05,760540.2275000007,414725.0953250008,345815.1321749999,0.4546967006751784
2012-11-06,760540.2275000007,414725.0953250008,345815.1321749999,0.4546967006751784
2012-11-07,760540.2275000007,414725.0953250008,345815.1321749999,0.4546967006751784
2012-11-08,760540.2275000007,414725.0953250008,345815.1321749999,0.4546967006751784
2012-11-09,760540.2275000007,414725.0953250008,345815.1321749999,0.4546967006751784
2012-11-12,760540.2275000007,414725.0953250008,345815.1321749999,0.4546967006751784
2012-11-13,760540.2275000007,414725.0953250008,345815.1321749999,0.4546967006751784
2012-11-14,760540.2275000007,414725.0953250008,345815.1321749999,0.4546967006751784
2012-11-15,760540.2275000007,414725.0953250008,345815.1321749999,0.4546967006751784
2012-11-16,760540.2275000007,414725.0953250008,345815.1321749999,0.4546967006751784
2012-11-19,760540.2275000007,414725.0953250008,345815.1321749999,0.4546967006751784
2012-11-20,760540.2275000007,414725.0953250008,345815.1321749999,0.4546967006751784
2012-11-21,760540.2275000007,414725.0953250008,345815.1321749999,0.4546967006751784
2012-11-22,760540.2275000007,414725.0953250008,345815.1321749999,0.4546967006751784
2012-11-23,760540.2275000007,414725.0953250008,345815.1321749999,0.4546967006751784
2012-11-26,760540.2275000007,414725.0953250008,345815.1321749999,0.4546967006751784
2012-11-27,760540.2275000007,414725.0953250008,345815.1321749999,0.4546967006751784
2012-11-28,760540.2275000007,414725.0953250008,345815.1321749999,0.4546967006751784
2012-11-29,760540.2275000007,414725.0953250008,345815.1321749999,0.4546967006751784
2012-11-30,760540.2275000007,414725.0953250008,345815.1321749999,0.4546967006751784
2012-12-03,760540.2275000007,414725.0953250008,345815.1321749999,0.4546967006751784
2012-12-04,760540.2275000007,414725.0953250008,345815.1321749999,0.4546967006751784
2012-12-05,760540.2275000007,414725.0953250008,345815.1321749999,0.4546967006751784
2012-12-06,760540.2275000007,414725.0953250008,345815.1321749999,0.4546967006751784
2012-12-07,760540.2275000007,414725.0953250008,345815.1321749999,0.4546967006751784
2012-12-10,760540.2275000007,414725.0953250008,345815.1321749999,0.4546967006751784
2012-12-11,760540.2275000007,414725.0953250008,345815.1321749999,0.4546967006751784
2012-12-12,760540.2275000007,414725.0953250008,345815.1321749999,0.4546967006751784
2012-12-13,760540.2275000007,414725.0953250008,345815.1321749999,0.4546967006751784
2012-12-14,760540.2275000007,414725.0953250008,345815.1321749999,0.4546967006751784
2012-12-17,760540.2275000007,414725.0953250008,345815.1321749999,0.4546967006751784
2012-12-18,760540.2275000007,414725.0953250008,345815.1321749999,0.4546967006751784
2012-12-19,760540.2275000007,414725.0953250008,345815.1321749999,0.4546967006751784
2012-12-20,760540.2275000007,414725.0953250008,345815.1321749999,0.4546967006751784
2012-12-21,760540.2275000007,414725.0953250008,345815.1321749999,0.4546967006751784
2012-12-24,760540.2275000007,414725.0953250008,345815.1321749999,0.4546967006751784
2012-12-25,760540.2275000007,414725.0953250008,345815.1321749999,0.4546967006751784
2012-12-26,760540.2275000007,414725.0953250008,345815.1321749999,0.4546967006751784
2012-12-27,760540.2275000007,414725.0953250008,345815.1321749999,0.4546967006751784
2012-12-28,760540.2275000007,414725.0953250008,345815.1321749999,0.4546967006751784
2012-12-31,760540.2275000007,414725.0953250008,345815.1321749999,0.4546967006751784
2013-01-04,760540.2275000007,414725.0953250008,345815.1321749999,0.4546967006751784
2013-01-07,760540.2275000007,414725.0953250008,345815.1321749999,0.4546967006751784
2013-01-08,760540.2275000007,414725.0953250008,345815.1321749999,0.4546967006751784
2013-01-09,760540.2275000007,414725.0953250008,345815.1321749999,0.4546967006751784
2013-01-10,760540.2275000007,414725.0953250008,345815.1321749999,0.4546967006751784
2013-01-11,760540.2275000007,414725.0953250008,345815.1321749999,0.4546967006751784
2013-01-14,760540.2275000007,414725.0953250008,345815.1321749999,0.4546967006751784
2013-01-15,760540.2275000007,414725.0953250008,345815.1321749999,0.4546967006751784
2013-01-16,760540.2275000007,414725.0953250008,345815.1321749999,0.4546967006751784
2013-01-17,760540.2275000007,414725.0953250008,345815.1321749999,0.4546967006751784
2013-01-18,760540.2275000007,414725.0953250008,345815.1321749999,0.4546967006751784
2013-01-21,760540.2275000007,414725.0953250008,345815.1321749999,0.4546967006751784
2013-01-22,760540.2275000007,414725.0953250008,345815.1321749999,0.4546967006751784
2013-01-23,760540.2275000007,414725.0953250008,345815.1321749999,0.4546967006751784
2013-01-24,760540.2275000007,414725.0953250008,345815.1321749999,0.4546967006751784
2013-01-25,760540.2275000007,414725.0953250008,345815.1321749999,0.4546967006751784
2013-01-28,760540.2275000007,414725.0953250008,345815.1321749999,0.4546967006751784
2013-01-29,760540.2275000007,414725.0953250008,345815.1321749999,0.4546967006751784
2013-01-30,760540.2275000007,414725.0953250008,345815.1321749999,0.4546967006751784
2013-01-31,760540.2275000007,414725.0953250008,345815.1321749999,0.4546967006751784
2013-02-01,760540.2275000007,414725.0953250008,345815.1321749999,0.4546967006751784
2013-02-04,760540.2275000007,414725.0953250008,345815.1321749999,0.4546967006751784
2013-02-05,760540.2275000007,414725.0953250008,345815.1321749999,0.4546967006751784
2013-02-06,760540.2275000007,414725.0953250008,345815.1321749999,0.4546967006751784
2013-02-07,760540.2275000007,414725.0953250008,345815.1321749999,0.4546967006751784
2013-02-08,760540.2275000007,414725.0953250008,345815.1321749999,0.4546967006751784
2013-02-18,760540.2275000007,414725.0953250008,345815.1321749999,0.4546967006751784
2013-02-19,760540.2275000007,414725.0953250008,345815.1321749999,0.4546967006751784
2013-02-20,760540.2275000007,414725.0953250008,345815.1321749999,0.4546967006751784
2013-02-21,760540.2275000007,414725.0953250008,345815.1321749999,0.4546967006751784
2013-02-22,760540.2275000007,414725.0953250008,345815.1321749999,0.4546967006751784
2013-02-25,760540.2275000007,414725.0953250008,345815.1321749999,0.4546967006751784
2013-02-26,760540.2275000007,414725.0953250008,345815.1321749999,0.4546967006751784
2013-02-27,760540.2275000007,414725.0953250008,345815.1321749999,0.4546967006751784
2013-02-28,760540.2275000007,414725.0953250008,345815.1321749999,0.4546967006751784
2013-03-01,760540.2275000007,414725.0953250008,345815.1321749999,0.4546967006751784
2013-03-04,760540.2275000007,414725.0953250008,345815.1321749999,0.4546967006751784
2013-03-05,760540.2275000007,414725.0953250008,345815.1321749999,0.4546967006751784
2013-03-06,760540.2275000007,414725.0953250008,345815.1321749999,0.4546967006751784
2013-03-07,760540.2275000007,414725.0953250008,345815.1321749999,0.4546967006751784
2013-03-08,760540.2275000007,414725.0953250008,345815.1321749999,0.4546967006751784
2013-03-11,760540.2275000007,414725.0953250008,345815.1321749999,0.4546967006751784
2013-03-12,760540.2275000007,414725.0953250008,345815.1321749999,0.4546967006751784
2013-03-13,760540.2275000007,414725.0953250008,345815.1321749999,0.4546967006751784
2013-03-14,760540.2275000007,414725.0953250008,345815.1321749999,0.4546967006751784
2013-03-15,760540.2275000007,414725.0953250008,345815.1321749999,0.4546967006751784
2013-03-18,760540.2275000007,414725.0953250008,345815.1321749999,0.4546967006751784
2013-03-19,760540.2275000007,414725.0953250008,345815.1321749999,0.4546967006751784
2013-03-20,760540.2275000007,414725.0953250008,345815.1321749999,0.4546967006751784
2013-03-21,760540.2275000007,414725.0953250008,345815.1321749999,0.4546967006751784
2013-03-22,760540.2275000007,414725.0953250008,345815.1321749999,0.4546967006751784
2013-03-25,760540.2275000007,414725.0953250008,345815.1321749999,0.4546967006751784
2013-03-26,760540.2275000007,414725.0953250008,345815.1321749999,0.4546967006751784
2013-03-27,760540.2275000007,414725.0953250008,345815.1321749999,0.4546967006751784
2013-03-28,760540.2275000007,414725.0953250008,345815.1321749999,0.4546967006751784
2013-03-29,760540.2275000007,414725.0953250008,345815.1321749999,0.4546967006751784
2013-04-01,760540.2275000007,414725.0953250008,345815.1321749999,0.4546967006751784
2013-04-02,760540.2275000007,414725.0953250008,345815.1321749999,0.4546967006751784
2013-04-03,760540.2275000007,414725.0953250008,345815.1321749999,0.4546967006751784
2013-04-08,760540.2275000007,414725.0953250008,345815.1321749999,0.4546967006751784
2013-04-09,760540.2275000007,414725.0953250008,345815.1321749999,0.4546967006751784
2013-04-10,760540.2275000007,414725.0953250008,345815.1321749999,0.4546967006751784
2013-04-11,760540.2275000007,414725.0953250008,345815.1321749999,0.4546967006751784
2013-04-12,760540.2275000007,414725.0953250008,345815.1321749999,0.4546967006751784
2013-04-15,760540.2275000007,414725.0953250008,345815.1321749999,0.4546967006751784
2013-04-16,760540.2275000007,414725.0953250008,345815.1321749999,0.4546967006751784
2013-04-17,760540.2275000007,414725.0953250008,345815.1321749999,0.4546967006751784
2013-04-18,760540.2275000007,414725.0953250008,345815.1321749999,0.4546967006751784
2013-04-19,760540.2275000007,414725.0953250008,345815.1321749999,0.4546967006751784
2013-04-22,760540.2275000007,414725.0953250008,345815.1321749999,0.4546967006751784
2013-04-23,760540.2275000007,414725.0953250008,345815.1321749999,0.4546967006751784
2013-04-24,760540.2275000007,414725.0953250008,345815.1321749999,0.4546967006751784
2013-04-25,760540.2275000007,414725.0953250008,345815.1321749999,0.4546967006751784
2013-04-26,760540.2275000007,414725.0953250008,345815.1321749999,0.4546967006751784
2013-05-02,760540.2275000007,414725.0953250008,345815.1321749999,0.4546967006751784
2013-05-03,760540.2275000007,414725.0953250008,345815.1321749999,0.4546967006751784
2013-05-06,760540.2275000007,414725.0953250008,345815.1321749999,0.4546967006751784
2013-05-07,760540.2275000007,414725.0953250008,345815.1321749999,0.4546967006751784
2013-05-08,760540.2275000007,414725.0953250008,345815.1321749999,0.4546967006751784
2013-05-09,760540.2275000007,414725.0953250008,345815.1321749999,0.4546967006751784
2013-05-10,760540.2275000007,414725.0953250008,345815.1321749999,0.4546967006751784
2013-05-13,760540.2275000007,414725.0953250008,345815.1321749999,0.4546967006751784
2013-05-14,760540.2275000007,414725.0953250008,345815.1321749999,0.4546967006751784
2013-05-15,760540.2275000007,414725.0953250008,345815.1321749999,0.4546967006751784
2013-05-16,760540.2275000007,414725.0953250008,345815.1321749999,0.4546967006751784
2013-05-17,760540.2275000007,414725.0953250008,345815.1321749999,0.4546967006751784
2013-05-20,760540.2275000007,414725.0953250008,345815.1321749999,0.4546967006751784
2013-05-21,760540.2275000007,414725.0953250008,345815.1321749999,0.4546967006751784
2013-05-22,760540.2275000007,414725.0953250008,345815.1321749999,0.4546967006751784
2013-05-23,760540.2275000007,414725.0953250008,345815.1321749999,0.4546967006751784
2013-05-24,760540.2275000007,414725.0953250008,345815.1321749999,0.4546967006751784
2013-05-27,760540.2275000007,414725.0953250008,345815.1321749999,0.4546967006751784
2013-05-28,760540.2275000007,414725.0953250008,345815.1321749999,0.4546967006751784
2013-05-29,760540.2275000007,414725.0953250008,345815.1321749999,0.4546967006751784
2013-05-30,760540.2275000007,414725.0953250008,345815.1321749999,0.4546967006751784
2013-05-31,760540.2275000007,414725.0953250008,345815.1321749999,0.4546967006751784
2013-06-03,760540.2275000007,414725.0953250008,345815.1321749999,0.4546967006751784
2013-06-04,760540.2275000007,414725.0953250008,345815.1321749999,0.4546967006751784
2013-06-05,760540.2275000007,414725.0953250008,345815.1321749999,0.4546967006751784
2013-06-06,760540.2275000007,414725.0953250008,345815.1321749999,0.4546967006751784
2013-06-07,760540.2275000007,414725.0953250008,345815.1321749999,0.4546967006751784
2013-06-13,760540.2275000007,414725.0953250008,345815.1321749999,0.4546967006751784
2013-06-14,762829.4549000008,14734.722725000785,748094.732175,0.9806841193266032
2013-06-17,760555.4549000008,14734.722725000785,745820.732175,0.9806263663877893
2013-06-18,763300.8549000007,167.72272500078543,763133.1321749999,0.9997802665568575
2013-06-19,761025.2549000008,167.72272500078543,760857.532175,0.9997796095150313
2013-06-20,747386.8549000008,167.72272500078543,747219.132175,0.9997755878044935
2013-06-21,745376.4549000008,167.72272500078543,745208.732175,0.9997749825287635
2013-06-24,718895.2549000008,167.72272500078543,718727.532175,0.9997666937932089
2013-06-25,717941.5549000008,9.122725000785437,717932.432175,0.9999872932205434
2013-06-26,719923.6549000008,9.122725000785437,719914.532175,0.999987328204958
2013-06-27,719319.4549000008,9.122725000785437,719310.332175,0.9999873175611493
2013-06-28,725625.8549000008,9.122725000785437,725616.732175,0.9999874277839754
2013-07-01,728152.9549000008,9.122725000785437,728143.832175,0.999987471416631
2013-07-02,729464.3549000008,9.122725000785437,729455.232175,0.9999874939399854
2013-07-03,727983.4549000008,9.122725000785437,727974.332175,0.9999874684995388
2013-07-04,731475.6549000008,9.122725000785437,731466.532175,0.9999875283272386
2013-07-05,732529.1549000009,9.122725000785437,732520.0321750001,0.9999875462635994
2013-07-08,721595.9549000008,9.122725000785437,721586.832175,0.9999873575718671
2013-07-09,720461.3549000008,9.122725000785437,720452.232175,0.9999873376622649
2013-07-10,731740.8549000008,9.122725000785437,731731.732175,0.9999875328472645
2013-07-11,735319.7566750008,389504.62450000085,345815.1321749999,0.4702921811032537
2013-07-12,735319.7566750008,389504.62450000085,345815.1321749999,0.4702921811032537
2013-07-15,735319.7566750008,389504.62450000085,345815.1321749999,0.4702921811032537
2013-07-16,735319.7566750008,389504.62450000085,345815.1321749999,0.4702921811032537
2013-07-17,735319.7566750008,389504.62450000085,345815.1321749999,0.4702921811032537
2013-07-18,735319.7566750008,389504.62450000085,345815.1321749999,0.4702921811032537
2013-07-19,735319.7566750008,389504.62450000085,345815.1321749999,0.4702921811032537
2013-07-22,735319.7566750008,389504.62450000085,345815.1321749999,0.4702921811032537
2013-07-23,735319.7566750008,389504.62450000085,345815.1321749999,0.4702921811032537
2013-07-24,735319.7566750008,389504.62450000085,345815.1321749999,0.4702921811032537
2013-07-25,735319.7566750008,389504.62450000085,345815.1321749999,0.4702921811032537
2013-07-26,735319.7566750008,389504.62450000085,345815.1321749999,0.4702921811032537
2013-07-29,735319.7566750008,389504.62450000085,345815.1321749999,0.4702921811032537
2013-07-30,735319.7566750008,389504.62450000085,345815.1321749999,0.4702921811032537
2013-07-31,735319.7566750008,389504.62450000085,345815.1321749999,0.4702921811032537
2013-08-01,735319.7566750008,389504.62450000085,345815.1321749999,0.4702921811032537
2013-08-02,735319.7566750008,389504.62450000085,345815.1321749999,0.4702921811032537
2013-08-05,735319.7566750008,389504.62450000085,345815.1321749999,0.4702921811032537
2013-08-06,735319.7566750008,389504.62450000085,345815.1321749999,0.4702921811032537
2013-08-07,735319.7566750008,389504.62450000085,345815.1321749999,0.4702921811032537
2013-08-08,735319.7566750008,389504.62450000085,345815.1321749999,0.4702921811032537
2013-08-09,735319.7566750008,389504.62450000085,345815.1321749999,0.4702921811032537
2013-08-12,735319.7566750008,389504.62450000085,345815.1321749999,0.4702921811032537
2013-08-13,735319.7566750008,389504.62450000085,345815.1321749999,0.4702921811032537
2013-08-14,735319.7566750008,389504.62450000085,345815.1321749999,0.4702921811032537
2013-08-15,735319.7566750008,389504.62450000085,345815.1321749999,0.4702921811032537
2013-08-16,735319.7566750008,389504.62450000085,345815.1321749999,0.4702921811032537
2013-08-19,739817.7760500008,189532.14387500085,550285.6321749999,0.7438123954158797
2013-08-20,737543.7760500008,189532.14387500085,548011.6321749999,0.7430225160463536
2013-08-21,737922.7760500008,189532.14387500085,548390.6321749999,0.7431545006788646
2013-08-22,739249.2760500008,189532.14387500085,549717.1321749999,0.7436153811502936
2013-08-23,740954.7760500008,189532.14387500085,551422.6321749999,0.7442055169879748
2013-08-26,743176.8056750009,397361.67350000085,345815.13217500004,0.4653201358469584
2013-08-27,743176.8056750009,397361.67350000085,345815.13217500004,0.4653201358469584
2013-08-28,743176.8056750009,397361.67350000085,345815.13217500004,0.4653201358469584
2013-08-29,743176.8056750009,397361.67350000085,345815.13217500004,0.4653201358469584
2013-08-30,743176.8056750009,397361.67350000085,345815.13217500004,0.4653201358469584
2013-09-02,743176.8056750009,397361.67350000085,345815.13217500004,0.4653201358469584
2013-09-03,743176.8056750009,397361.67350000085,345815.13217500004,0.4653201358469584
2013-09-04,743176.8056750009,397361.67350000085,345815.13217500004,0.4653201358469584
2013-09-05,743176.8056750009,397361.67350000085,345815.13217500004,0.4653201358469584
2013-09-06,743176.8056750009,397361.67350000085,345815.13217500004,0.4653201358469584
2013-09-09,743176.8056750009,397361.67350000085,345815.13217500004,0.4653201358469584
2013-09-10,743176.8056750009,397361.67350000085,345815.13217500004,0.4653201358469584
2013-09-11,743176.8056750009,397361.67350000085,345815.13217500004,0.4653201358469584
2013-09-12,743176.8056750009,397361.67350000085,345815.13217500004,0.4653201358469584
2013-09-13,743176.8056750009,397361.67350000085,345815.13217500004,0.4653201358469584
2013-09-16,743176.8056750009,397361.67350000085,345815.13217500004,0.4653201358469584
2013-09-17,743176.8056750009,397361.67350000085,345815.13217500004,0.4653201358469584
2013-09-18,743176.8056750009,397361.67350000085,345815.13217500004,0.4653201358469584
2013-09-23,743176.8056750009,397361.67350000085,345815.13217500004,0.4653201358469584
2013-09-24,743176.8056750009,397361.67350000085,345815.13217500004,0.4653201358469584
2013-09-25,743176.8056750009,397361.67350000085,345815.13217500004,0.4653201358469584
2013-09-26,743176.8056750009,397361.67350000085,345815.13217500004,0.4653201358469584
2013-09-27,743176.8056750009,397361.67350000085,345815.13217500004,0.4653201358469584
2013-09-30,743176.8056750009,397361.67350000085,345815.13217500004,0.4653201358469584
2013-10-08,743176.8056750009,397361.67350000085,345815.13217500004,0.4653201358469584
2013-10-09,743176.8056750009,397361.67350000085,345815.13217500004,0.4653201358469584
2013-10-10,743176.8056750009,397361.67350000085,345815.13217500004,0.4653201358469584
2013-10-11,743176.8056750009,397361.67350000085,345815.13217500004,0.4653201358469584
2013-10-14,743176.8056750009,397361.67350000085,345815.13217500004,0.4653201358469584
2013-10-15,743176.8056750009,397361.67350000085,345815.13217500004,0.4653201358469584
2013-10-16,743176.8056750009,397361.67350000085,345815.13217500004,0.4653201358469584
2013-10-17,743176.8056750009,397361.67350000085,345815.13217500004,0.4653201358469584
2013-10-18,743176.8056750009,397361.67350000085,345815.13217500004,0.4653201358469584
2013-10-21,743176.8056750009,397361.67350000085,345815.13217500004,0.4653201358469584
2013-10-22,743176.8056750009,397361.67350000085,345815.13217500004,0.4653201358469584
2013-10-23,743176.8056750009,397361.67350000085,345815.13217500004,0.4653201358469584
2013-10-24,743176.8056750009,397361.67350000085,345815.13217500004,0.4653201358469584
2013-10-25,743176.8056750009,397361.67350000085,345815.13217500004,0.4653201358469584
2013-10-28,742550.0506750008,197491.71850000083,545058.3321749999,0.7340358157399964
2013-10-29,742797.2506750007,197491.71850000083,545305.5321749998,0.7341243275731909
2013-10-30,748589.4981750008,32.36600000082399,748557.1321749999,0.9999567640207621
2013-10-31,742241.8981750008,32.36600000082399,742209.532175,0.9999563942697381
2013-11-01,743445.8981750008,32.36600000082399,743413.532175,0.9999564648885947
2013-11-04,740589.0981750009,32.36600000082399,740556.732175,0.999956296953222
2013-11-05,740969.0981750009,32.36600000082399,740936.732175,0.9999563193659755
2013-11-06,735621.8981750009,32.36600000082399,735589.5321750001,0.9999560018535594
2013-11-07,731377.8981750008,32.36600000082399,731345.532175,0.9999557465435015
2013-11-08,725941.4981750008,32.36600000082399,725909.1321749999,0.9999554151400875
2013-11-11,732078.6981750008,32.36600000082399,732046.332175,0.9999557889061906
2013-11-12,737096.2981750008,32.36600000082399,737063.932175,0.9999560898622324
2013-11-13,730538.2981750008,32.36600000082399,730505.932175,0.9999556956834683
2013-11-14,734535.0981750009,32.36600000082399,734502.732175,0.999955936754988
2013-11-15,740930.8873750007,199225.75520000083,541705.1321749999,0.731114252901744
2013-11-18,742211.5823750008,396396.45020000084,345815.132175,0.4659252703500356
2013-11-19,742211.5823750008,396396.45020000084,345815.132175,0.4659252703500356
2013-11-20,742211.5823750008,396396.45020000084,345815.132175,0.4659252703500356
2013-11-21,742211.5823750008,396396.45020000084,345815.132175,0.4659252703500356
2013-11-22,742211.5823750008,396396.45020000084,345815.132175,0.4659252703500356
2013-11-25,742211.5823750008,396396.45020000084,345815.132175,0.4659252703500356
2013-11-26,742211.5823750008,396396.45020000084,345815.132175,0.4659252703500356
2013-11-27,742211.5823750008,396396.45020000084,345815.132175,0.4659252703500356
2013-11-28,742211.5823750008,396396.45020000084,345815.132175,0.4659252703500356
2013-11-29,742211.5823750008,396396.45020000084,345815.132175,0.4659252703500356
2013-12-02,742211.5823750008,396396.45020000084,345815.132175,0.4659252703500356
2013-12-03,742211.5823750008,396396.45020000084,345815.132175,0.4659252703500356
2013-12-04,742211.5823750008,396396.45020000084,345815.132175,0.4659252703500356
2013-12-05,742211.5823750008,396396.45020000084,345815.132175,0.4659252703500356
2013-12-06,742211.5823750008,396396.45020000084,345815.132175,0.4659252703500356
2013-12-09,742211.5823750008,396396.45020000084,345815.132175,0.4659252703500356
2013-12-10,742211.5823750008,396396.45020000084,345815.132175,0.4659252703500356
2013-12-11,742211.5823750008,396396.45020000084,345815.132175,0.4659252703500356
2013-12-12,742211.5823750008,396396.45020000084,345815.132175,0.4659252703500356
2013-12-13,742211.5823750008,396396.45020000084,345815.132175,0.4659252703500356
2013-12-16,742211.5823750008,396396.45020000084,345815.132175,0.4659252703500356
2013-12-17,742211.5823750008,396396.45020000084,345815.132175,0.4659252703500356
2013-12-18,741995.5956250008,196399.4634500008,545596.1321749999,0.7353091250028663
2013-12-19,740086.5956250008,196399.4634500008,543687.1321749999,0.734626373979734
2013-12-20,731283.5222250008,56.79005000079633,731226.732175,0.9999223419531894
2013-12-23,731283.5222250008,56.79005000079633,731226.732175,0.9999223419531894
2013-12-24,731779.1222250006,56.79005000079633,731722.3321749999,0.9999223945473764
2013-12-25,733761.5222250008,56.79005000079633,733704.732175,0.9999226042136571
2013-12-26,728475.1222250006,56.79005000079633,728418.3321749999,0.9999220425677307
2013-12-27,733596.3222250008,56.79005000079633,733539.5321750001,0.9999225867847477
2013-12-30,733926.7222250007,56.79005000079633,733869.932175,0.9999226216347205
2013-12-31,738387.1222250006,56.79005000079633,738330.3321749999,0.999923089056822
2014-01-02,737065.5222250008,56.79005000079633,737008.732175,0.9999229511511686
2014-01-03,732770.3222250008,56.79005000079633,732713.5321750001,0.9999224995223219
2014-01-06,723519.1222250008,56.79005000079633,723462.332175,0.9999215085707395
2014-01-07,723684.3222250007,56.79005000079633,723627.532175,0.9999215264884748
2014-01-08,723353.9222250007,56.79005000079633,723297.1321749999,0.99992149064482
2014-01-09,721041.1222250008,56.79005000079633,720984.332175,0.9999212388194649
2014-01-10,718397.9222250007,56.79005000079633,718341.1321749999,0.9999209490336152
2014-01-13,715754.7222250007,56.79005000079633,715697.932175,0.9999206571074736
2014-01-14,718232.7222250007,56.79005000079633,718175.932175,0.9999209308511803
2014-01-15,718232.7222250007,56.79005000079633,718175.932175,0.9999209308511803
2014-01-16,718397.9222250007,56.79005000079633,718341.1321749999,0.9999209490336152
2014-01-17,713111.5222250008,56.79005000079633,713054.732175,0.9999203630172409
2014-01-20,711294.3222250008,56.79005000079633,711237.5321750001,0.999920159562327
2014-01-21,706338.3222250007,56.79005000079633,706281.532175,0.9999195993644775
2014-01-22,716250.3222250008,56.79005000079633,716193.5321750001,0.9999207120077457
2014-01-23,714267.9222250007,56.79005000079633,714211.1321749999,0.999920491949542
2014-01-24,716250.3222250008,56.79005000079633,716193.5321750001,0.9999207120077457
2014-01-27,711459.5222250008,56.79005000079633,711402.732175,0.9999201781011755
2014-01-28,711789.9222250007,56.79005000079633,711733.1321749999,0.9999202151530563
2014-01-29,712946.3222250008,56.79005000079633,712889.5321750001,0.9999203445641973
2014-01-30,707825.1222250006,56.79005000079633,707768.3321749999,0.9999197682475267
2014-02-07,710137.9222250007,56.79005000079633,710081.1321749999,0.9999200295488757
2014-02-10,715001.6167250008,369186.48455000075,345815.13217500004,0.4836564338958763
2014-02-11,715001.6167250008,369186.48455000075,345815.13217500004,0.4836564338958763
2014-02-12,715001.6167250008,369186.48455000075,345815.13217500004,0.4836564338958763
2014-02-13,715001.6167250008,369186.48455000075,345815.13217500004,0.4836564338958763
2014-02-14,715001.6167250008,369186.48455000075,345815.13217500004,0.4836564338958763
2014-02-17,715001.6167250008,369186.48455000075,345815.13217500004,0.4836564338958763
2014-02-18,715001.6167250008,369186.48455000075,345815.13217500004,0.4836564338958763
2014-02-19,715001.6167250008,369186.48455000075,345815.13217500004,0.4836564338958763
2014-02-20,715001.6167250008,369186.48455000075,345815.13217500004,0.4836564338958763
2014-02-21,715001.6167250008,369186.48455000075,345815.13217500004,0.4836564338958763
2014-02-24,715001.6167250008,369186.48455000075,345815.13217500004,0.4836564338958763
2014-02-25,715001.6167250008,369186.48455000075,345815.13217500004,0.4836564338958763
2014-02-26,715977.9312500007,169194.59907500073,546783.332175,0.7636874103373412
2014-02-27,715511.4312500007,169194.59907500073,546316.832175,0.7635333389720731
2014-02-28,720144.1450500006,7.512875000713393,720136.6321749999,0.9999895675399816
2014-03-03,722201.7450500007,7.512875000713393,722194.232175,0.9999895972627424
2014-03-04,720751.8450500007,7.512875000713393,720744.332175,0.9999895763360825
2014-03-05,717995.7450500006,7.512875000713393,717988.2321749999,0.999989536323784
2014-03-06,720005.4450500007,7.512875000713393,719997.932175,0.9999895655302993
2014-03-07,718368.9450500007,7.512875000713393,718361.432175,0.9999895417597705
2014-03-10,707200.8450500007,7.512875000713393,707193.332175,0.9999893766034736
2014-03-11,709023.9450500007,7.512875000713393,709016.432175,0.9999894039192143
2014-03-12,709866.1450500007,7.512875000713393,709858.632175,0.9999894164906256
2014-03-13,714911.8450500007,7.512875000713393,714904.332175,0.9999894911868467
2014-03-14,711593.4450500007,7.512875000713393,711585.932175,0.9999894421807101
2014-03-17,715380.8450500007,7.512875000713393,715373.332175,0.9999894980763705
2014-03-18,714538.6450500007,7.512875000713393,714531.132175,0.9999894856981456
2014-03-19,711031.1450500007,7.512875000713393,711023.632175,0.9999894338313405
2014-03-20,704301.0450500008,7.512875000713393,704293.5321750001,0.9999893328640451
2014-03-21,713596.1295500007,199619.5973750007,513976.53217499994,0.7202624998808747
2014-03-24,714864.9614000006,369049.8292250007,345815.1321749999,0.4837488908363213
2014-03-25,714864.9614000006,369049.8292250007,345815.1321749999,0.4837488908363213
2014-03-26,714864.9614000006,369049.8292250007,345815.1321749999,0.4837488908363213
2014-03-27,714864.9614000006,369049.8292250007,345815.1321749999,0.4837488908363213
2014-03-28,714864.9614000006,369049.8292250007,345815.1321749999,0.4837488908363213
2014-03-31,714864.9614000006,369049.8292250007,345815.1321749999,0.4837488908363213
2014-04-01,714864.9614000006,369049.8292250007,345815.1321749999,0.4837488908363213
2014-04-02,714864.9614000006,369049.8292250007,345815.1321749999,0.4837488908363213
2014-04-03,714864.9614000006,369049.8292250007,345815.1321749999,0.4837488908363213
2014-04-04,714864.9614000006,369049.8292250007,345815.1321749999,0.4837488908363213
2014-04-08,714864.9614000006,369049.8292250007,345815.1321749999,0.4837488908363213
2014-04-09,714864.9614000006,369049.8292250007,345815.1321749999,0.4837488908363213
2014-04-10,714864.9614000006,369049.8292250007,345815.1321749999,0.4837488908363213
2014-04-11,714864.9614000006,369049.8292250007,345815.1321749999,0.4837488908363213
2014-04-14,714864.9614000006,369049.8292250007,345815.1321749999,0.4837488908363213
2014-04-15,714864.9614000006,369049.8292250007,345815.1321749999,0.4837488908363213
2014-04-16,714864.9614000006,369049.8292250007,345815.1321749999,0.4837488908363213
2014-04-17,714864.9614000006,369049.8292250007,345815.1321749999,0.4837488908363213
2014-04-18,714864.9614000006,369049.8292250007,345815.1321749999,0.4837488908363213
2014-04-21,714864.9614000006,369049.8292250007,345815.1321749999,0.4837488908363213
2014-04-22,714864.9614000006,369049.8292250007,345815.1321749999,0.4837488908363213
2014-04-23,714864.9614000006,369049.8292250007,345815.1321749999,0.4837488908363213
2014-04-24,714864.9614000006,369049.8292250007,345815.1321749999,0.4837488908363213
2014-04-25,711007.3616000006,169000.6294250007,542006.732175,0.7623081861702619
2014-04-28,705997.3616000006,169000.6294250007,536996.732175,0.7606214433408154
2014-04-29,709094.3232500007,4.991075000696583,709089.332175,0.9999929613383762
2014-04-30,712835.0232500007,4.991075000696583,712830.032175,0.9999929982747229
2014-05-05,714772.1232500008,4.991075000696583,714767.132175,0.9999930172500601
2014-05-06,714972.5232500008,4.991075000696583,714967.5321750001,0.9999930192072585
2014-05-07,710564.3232500007,4.991075000696583,710559.332175,0.9999929758998061
2014-05-08,709896.5232500007,4.991075000696583,709891.532175,0.9999929692922317
2014-05-09,709094.9232500007,4.991075000696583,709089.932175,0.9999929613443319
2014-05-12,715773.8232500007,4.991075000696583,715768.832175,0.9999930270221701
2014-05-13,715663.8501500007,172254.31797500068,543409.532175,0.7593083429617176
2014-05-14,716265.0501500007,172254.31797500068,544010.732175,0.7595103684886941
2014-05-15,713860.2501500007,172254.31797500068,541605.932175,0.7587002246744996
2014-05-16,712457.4501500006,172254.31797500068,540203.1321749999,0.7582251151437404
2014-05-19,709651.8501500007,172254.31797500068,537397.532175,0.7572692610628846
2014-05-20,709651.8501500007,172254.31797500068,537397.532175,0.7572692610628846
2014-05-21,711455.4501500006,172254.31797500068,539201.1321749999,0.7578846041046094
2014-05-22,711455.4501500006,172254.31797500068,539201.1321749999,0.7578846041046094
2014-05-23,713058.6501500007,172254.31797500068,540804.332175,0.7584289624159739
2014-05-26,713210.2527500007,367395.12057500065,345815.13217500004,0.4848712295450098
2014-05-27,713210.2527500007,367395.12057500065,345815.13217500004,0.4848712295450098
2014-05-28,713210.2527500007,367395.12057500065,345815.13217500004,0.4848712295450098
2014-05-29,713210.2527500007,367395.12057500065,345815.13217500004,0.4848712295450098
2014-05-30,713210.2527500007,367395.12057500065,345815.13217500004,0.4848712295450098
2014-06-03,713210.2527500007,367395.12057500065,345815.13217500004,0.4848712295450098
2014-06-04,713210.2527500007,367395.12057500065,345815.13217500004,0.4848712295450098
2014-06-05,713210.2527500007,367395.12057500065,345815.13217500004,0.4848712295450098
2014-06-06,713210.2527500007,367395.12057500065,345815.13217500004,0.4848712295450098
2014-06-09,713210.2527500007,367395.12057500065,345815.13217500004,0.4848712295450098
2014-06-10,713210.2527500007,367395.12057500065,345815.13217500004,0.4848712295450098
2014-06-11,713210.2527500007,367395.12057500065,345815.13217500004,0.4848712295450098
2014-06-12,713210.2527500007,367395.12057500065,345815.13217500004,0.4848712295450098
2014-06-13,713210.2527500007,367395.12057500065,345815.13217500004,0.4848712295450098
2014-06-16,713210.2527500007,367395.12057500065,345815.13217500004,0.4848712295450098
2014-06-17,713210.2527500007,367395.12057500065,345815.13217500004,0.4848712295450098
2014-06-18,713210.2527500007,367395.12057500065,345815.13217500004,0.4848712295450098
2014-06-19,713210.2527500007,367395.12057500065,345815.13217500004,0.4848712295450098
2014-06-20,713210.2527500007,367395.12057500065,345815.13217500004,0.4848712295450098
2014-06-23,713210.2527500007,367395.12057500065,345815.13217500004,0.4848712295450098
2014-06-24,713210.2527500007,367395.12057500065,345815.13217500004,0.4848712295450098
2014-06-25,713210.2527500007,367395.12057500065,345815.13217500004,0.4848712295450098
2014-06-26,713210.2527500007,367395.12057500065,345815.13217500004,0.4848712295450098
2014-06-27,713210.2527500007,367395.12057500065,345815.13217500004,0.4848712295450098
2014-06-30,713210.2527500007,367395.12057500065,345815.13217500004,0.4848712295450098
2014-07-01,713210.2527500007,367395.12057500065,345815.13217500004,0.4848712295450098
2014-07-02,713210.2527500007,367395.12057500065,345815.13217500004,0.4848712295450098
2014-07-03,713210.2527500007,367395.12057500065,345815.13217500004,0.4848712295450098
2014-07-04,713210.2527500007,367395.12057500065,345815.13217500004,0.4848712295450098
2014-07-07,713210.2527500007,367395.12057500065,345815.13217500004,0.4848712295450098
2014-07-08,713210.2527500007,367395.12057500065,345815.13217500004,0.4848712295450098
2014-07-09,713210.2527500007,367395.12057500065,345815.13217500004,0.4848712295450098
2014-07-10,713210.2527500007,367395.12057500065,345815.13217500004,0.4848712295450098
2014-07-11,713210.2527500007,367395.12057500065,345815.13217500004,0.4848712295450098
2014-07-14,713210.2527500007,367395.12057500065,345815.13217500004,0.4848712295450098
2014-07-15,713210.2527500007,367395.12057500065,345815.13217500004,0.4848712295450098
2014-07-16,713210.2527500007,367395.12057500065,345815.13217500004,0.4848712295450098
2014-07-17,713210.2527500007,367395.12057500065,345815.13217500004,0.4848712295450098
2014-07-18,713210.2527500007,367395.12057500065,345815.13217500004,0.4848712295450098
2014-07-21,713210.2527500007,367395.12057500065,345815.13217500004,0.4848712295450098
2014-07-22,713210.2527500007,367395.12057500065,345815.13217500004,0.4848712295450098
2014-07-23,713210.2527500007,367395.12057500065,345815.13217500004,0.4848712295450098
2014-07-24,713210.2527500007,367395.12057500065,345815.13217500004,0.4848712295450098
2014-07-25,713210.2527500007,367395.12057500065,345815.13217500004,0.4848712295450098
2014-07-28,713210.2527500007,367395.12057500065,345815.13217500004,0.4848712295450098
2014-07-29,713210.2527500007,367395.12057500065,345815.13217500004,0.4848712295450098
2014-07-30,713210.2527500007,367395.12057500065,345815.13217500004,0.4848712295450098
2014-07-31,713210.2527500007,367395.12057500065,345815.13217500004,0.4848712295450098
2014-08-01,713210.2527500007,367395.12057500065,345815.13217500004,0.4848712295450098
2014-08-04,713210.2527500007,367395.12057500065,345815.13217500004,0.4848712295450098
2014-08-05,713210.2527500007,367395.12057500065,345815.13217500004,0.4848712295450098
2014-08-06,713210.2527500007,367395.12057500065,345815.13217500004,0.4848712295450098
2014-08-07,713210.2527500007,367395.12057500065,345815.13217500004,0.4848712295450098
2014-08-08,713210.2527500007,367395.12057500065,345815.13217500004,0.4848712295450098
2014-08-11,713210.2527500007,367395.12057500065,345815.13217500004,0.4848712295450098
2014-08-12,713210.2527500007,367395.12057500065,345815.13217500004,0.4848712295450098
2014-08-13,713210.2527500007,367395.12057500065,345815.13217500004,0.4848712295450098
2014-08-14,713210.2527500007,367395.12057500065,345815.13217500004,0.4848712295450098
2014-08-15,713210.2527500007,367395.12057500065,345815.13217500004,0.4848712295450098
2014-08-18,713210.2527500007,367395.12057500065,345815.13217500004,0.4848712295450098
2014-08-19,713210.2527500007,367395.12057500065,345815.13217500004,0.4848712295450098
2014-08-20,713210.2527500007,367395.12057500065,345815.13217500004,0.4848712295450098
2014-08-21,713210.2527500007,367395.12057500065,345815.13217500004,0.4848712295450098
2014-08-22,713210.2527500007,367395.12057500065,345815.13217500004,0.4848712295450098
2014-08-25,713210.2527500007,367395.12057500065,345815.13217500004,0.4848712295450098
2014-08-26,713210.2527500007,367395.12057500065,345815.13217500004,0.4848712295450098
2014-08-27,713210.2527500007,367395.12057500065,345815.13217500004,0.4848712295450098
2014-08-28,713210.2527500007,367395.12057500065,345815.13217500004,0.4848712295450098
2014-08-29,713210.2527500007,367395.12057500065,345815.13217500004,0.4848712295450098
2014-09-01,713210.2527500007,367395.12057500065,345815.13217500004,0.4848712295450098
2014-09-02,713210.2527500007,367395.12057500065,345815.13217500004,0.4848712295450098
2014-09-03,713210.2527500007,367395.12057500065,345815.13217500004,0.4848712295450098
2014-09-04,713210.2527500007,367395.12057500065,345815.13217500004,0.4848712295450098
2014-09-05,713210.2527500007,367395.12057500065,345815.13217500004,0.4848712295450098
2014-09-09,713210.2527500007,367395.12057500065,345815.13217500004,0.4848712295450098
2014-09-10,713210.2527500007,367395.12057500065,345815.13217500004,0.4848712295450098
2014-09-11,713210.2527500007,367395.12057500065,345815.13217500004,0.4848712295450098
2014-09-12,713210.2527500007,367395.12057500065,345815.13217500004,0.4848712295450098
2014-09-15,713210.2527500007,367395.12057500065,345815.13217500004,0.4848712295450098
2014-09-16,713210.2527500007,367395.12057500065,345815.13217500004,0.4848712295450098
2014-09-17,713210.2527500007,367395.12057500065,345815.13217500004,0.4848712295450098
2014-09-18,713210.2527500007,367395.12057500065,345815.13217500004,0.4848712295450098
2014-09-19,713210.2527500007,367395.12057500065,345815.13217500004,0.4848712295450098
2014-09-22,713210.2527500007,367395.12057500065,345815.13217500004,0.4848712295450098
2014-09-23,713210.2527500007,367395.12057500065,345815.13217500004,0.4848712295450098
2014-09-24,713210.2527500007,367395.12057500065,345815.13217500004,0.4848712295450098
2014-09-25,713210.2527500007,367395.12057500065,345815.13217500004,0.4848712295450098
2014-09-26,713210.2527500007,367395.12057500065,345815.13217500004,0.4848712295450098
2014-09-29,713210.2527500007,367395.12057500065,345815.13217500004,0.4848712295450098
2014-09-30,713210.2527500007,367395.12057500065,345815.13217500004,0.4848712295450098
2014-10-08,713210.2527500007,367395.12057500065,345815.13217500004,0.4848712295450098
2014-10-09,713210.2527500007,367395.12057500065,345815.13217500004,0.4848712295450098
2014-10-10,713210.2527500007,367395.12057500065,345815.13217500004,0.4848712295450098
2014-10-13,713210.2527500007,367395.12057500065,345815.13217500004,0.4848712295450098
2014-10-14,713210.2527500007,367395.12057500065,345815.13217500004,0.4848712295450098
2014-10-15,713210.2527500007,367395.12057500065,345815.13217500004,0.4848712295450098
2014-10-16,713210.2527500007,367395.12057500065,345815.13217500004,0.4848712295450098
2014-10-17,713210.2527500007,367395.12057500065,345815.13217500004,0.4848712295450098
2014-10-20,713210.2527500007,367395.12057500065,345815.13217500004,0.4848712295450098
2014-10-21,713210.2527500007,367395.12057500065,345815.13217500004,0.4848712295450098
2014-10-22,713210.2527500007,367395.12057500065,345815.13217500004,0.4848712295450098
2014-10-23,713210.2527500007,367395.12057500065,345815.13217500004,0.4848712295450098
2014-10-24,713210.2527500007,367395.12057500065,345815.13217500004,0.4848712295450098
2014-10-27,713210.2527500007,367395.12057500065,345815.13217500004,0.4848712295450098
2014-10-28,719699.1777750007,203.44560000061756,719495.732175,0.9997173185599161
2014-10-29,722626.3023000006,376811.1701250006,345815.132175,0.478553203881906
2014-10-30,722626.3023000006,376811.1701250006,345815.132175,0.478553203881906
2014-10-31,722626.3023000006,376811.1701250006,345815.132175,0.478553203881906
2014-11-03,722626.3023000006,376811.1701250006,345815.132175,0.478553203881906
2014-11-04,722626.3023000006,376811.1701250006,345815.132175,0.478553203881906
2014-11-05,722626.3023000006,376811.1701250006,345815.132175,0.478553203881906
2014-11-06,722626.3023000006,376811.1701250006,345815.132175,0.478553203881906
2014-11-07,722626.3023000006,376811.1701250006,345815.132175,0.478553203881906
2014-11-10,722626.3023000006,376811.1701250006,345815.132175,0.478553203881906
2014-11-11,722626.3023000006,376811.1701250006,345815.132175,0.478553203881906
2014-11-12,722626.3023000006,376811.1701250006,345815.132175,0.478553203881906
2014-11-13,722626.3023000006,376811.1701250006,345815.132175,0.478553203881906
2014-11-14,722626.3023000006,376811.1701250006,345815.132175,0.478553203881906
2014-11-17,722626.3023000006,376811.1701250006,345815.132175,0.478553203881906
2014-11-18,722626.3023000006,376811.1701250006,345815.132175,0.478553203881906
2014-11-19,722626.3023000006,376811.1701250006,345815.132175,0.478553203881906
2014-11-20,722626.3023000006,376811.1701250006,345815.132175,0.478553203881906
2014-11-21,722626.3023000006,376811.1701250006,345815.132175,0.478553203881906
2014-11-24,722626.3023000006,376811.1701250006,345815.132175,0.478553203881906
2014-11-25,722626.3023000006,376811.1701250006,345815.132175,0.478553203881906
2014-11-26,722626.3023000006,376811.1701250006,345815.132175,0.478553203881906
2014-11-27,722626.3023000006,376811.1701250006,345815.132175,0.478553203881906
2014-11-28,722626.3023000006,376811.1701250006,345815.132175,0.478553203881906
2014-12-01,722626.3023000006,376811.1701250006,345815.132175,0.478553203881906
2014-12-02,722626.3023000006,376811.1701250006,345815.132175,0.478553203881906
2014-12-03,722626.3023000006,376811.1701250006,345815.132175,0.478553203881906
2014-12-04,722626.3023000006,376811.1701250006,345815.132175,0.478553203881906
2014-12-05,722626.3023000006,376811.1701250006,345815.132175,0.478553203881906
2014-12-08,722626.3023000006,376811.1701250006,345815.132175,0.478553203881906
2014-12-09,722626.3023000006,376811.1701250006,345815.132175,0.478553203881906
2014-12-10,722626.3023000006,376811.1701250006,345815.132175,0.478553203881906
2014-12-11,722626.3023000006,376811.1701250006,345815.132175,0.478553203881906
2014-12-12,722626.3023000006,376811.1701250006,345815.132175,0.478553203881906
2014-12-15,722626.3023000006,376811.1701250006,345815.132175,0.478553203881906
2014-12-16,722626.3023000006,376811.1701250006,345815.132175,0.478553203881906
2014-12-17,722626.3023000006,376811.1701250006,345815.132175,0.478553203881906
2014-12-18,722626.3023000006,376811.1701250006,345815.132175,0.478553203881906
2014-12-19,722626.3023000006,376811.1701250006,345815.132175,0.478553203881906
2014-12-22,722626.3023000006,376811.1701250006,345815.132175,0.478553203881906
2014-12-23,722626.3023000006,376811.1701250006,345815.132175,0.478553203881906
2014-12-24,722626.3023000006,376811.1701250006,345815.132175,0.478553203881906
2014-12-25,722626.3023000006,376811.1701250006,345815.132175,0.478553203881906
2014-12-26,722626.3023000006,376811.1701250006,345815.132175,0.478553203881906
2014-12-29,722626.3023000006,376811.1701250006,345815.132175,0.478553203881906
2014-12-30,722626.3023000006,376811.1701250006,345815.132175,0.478553203881906
2014-12-31,722626.3023000006,376811.1701250006,345815.132175,0.478553203881906
2015-01-05,722626.3023000006,376811.1701250006,345815.132175,0.478553203881906
2015-01-06,722626.3023000006,376811.1701250006,345815.132175,0.478553203881906
2015-01-07,722626.3023000006,376811.1701250006,345815.132175,0.478553203881906
2015-01-08,722626.3023000006,376811.1701250006,345815.132175,0.478553203881906
2015-01-09,722626.3023000006,376811.1701250006,345815.132175,0.478553203881906
2015-01-12,722626.3023000006,376811.1701250006,345815.132175,0.478553203881906
2015-01-13,722626.3023000006,376811.1701250006,345815.132175,0.478553203881906
2015-01-14,722626.3023000006,376811.1701250006,345815.132175,0.478553203881906
2015-01-15,722626.3023000006,376811.1701250006,345815.132175,0.478553203881906
2015-01-16,722626.3023000006,376811.1701250006,345815.132175,0.478553203881906
2015-01-19,722626.3023000006,376811.1701250006,345815.132175,0.478553203881906
2015-01-20,722626.3023000006,376811.1701250006,345815.132175,0.478553203881906
2015-01-21,722626.3023000006,376811.1701250006,345815.132175,0.478553203881906
2015-01-22,722626.3023000006,376811.1701250006,345815.132175,0.478553203881906
2015-01-23,722626.3023000006,376811.1701250006,345815.132175,0.478553203881906
2015-01-26,722626.3023000006,376811.1701250006,345815.132175,0.478553203881906
2015-01-27,722626.3023000006,376811.1701250006,345815.132175,0.478553203881906
2015-01-28,722626.3023000006,376811.1701250006,345815.132175,0.478553203881906
2015-01-29,722626.3023000006,376811.1701250006,345815.132175,0.478553203881906
2015-01-30,722626.3023000006,376811.1701250006,345815.132175,0.478553203881906
2015-02-02,722626.3023000006,376811.1701250006,345815.132175,0.478553203881906
2015-02-03,731525.3271250005,16.294950000563404,731509.032175,0.9999777246946943
2015-02-04,727190.1271250005,16.294950000563404,727173.8321749999,0.9999775918987446
2015-02-05,736435.1125000005,213221.48032500056,523213.6321749999,0.7104680688008335
2015-02-06,734454.0125000005,213221.48032500056,521232.53217499994,0.7096870917768995
2015-02-09,735844.8281000005,13233.895925000572,722610.932175,0.9820153714212121
2015-02-10,741352.9281000005,13233.895925000572,728119.032175,0.982148993517949
2015-02-11,742433.5281000005,13233.895925000572,729199.6321749999,0.9821749753693532
2015-02-12,744001.2281000004,13233.895925000572,730767.3321749999,0.9822125348384213
2015-02-13,747344.7727500005,195809.64057500058,551535.1321749999,0.7379928946923909
2015-02-16,748234.3727500006,195809.64057500058,552424.732175,0.7383044033979119
2015-02-17,749123.9727500005,195809.64057500058,553314.332175,0.7386151722575476
2015-02-25,751295.5419500006,405480.4097750006,345815.132175,0.4602917398889801
2015-02-26,751295.5419500006,405480.4097750006,345815.132175,0.4602917398889801
2015-02-27,751295.5419500006,405480.4097750006,345815.132175,0.4602917398889801
2015-03-02,751295.5419500006,405480.4097750006,345815.132175,0.4602917398889801
2015-03-03,751295.5419500006,405480.4097750006,345815.132175,0.4602917398889801
2015-03-04,751295.5419500006,405480.4097750006,345815.132175,0.4602917398889801
2015-03-05,751295.5419500006,405480.4097750006,345815.132175,0.4602917398889801
2015-03-06,751295.5419500006,405480.4097750006,345815.132175,0.4602917398889801
2015-03-09,751295.5419500006,405480.4097750006,345815.132175,0.4602917398889801
2015-03-10,751295.5419500006,405480.4097750006,345815.132175,0.4602917398889801
2015-03-11,751295.5419500006,405480.4097750006,345815.132175,0.4602917398889801
2015-03-12,751295.5419500006,405480.4097750006,345815.132175,0.4602917398889801
2015-03-13,751295.5419500006,405480.4097750006,345815.132175,0.4602917398889801
2015-03-16,751295.5419500006,405480.4097750006,345815.132175,0.4602917398889801
2015-03-17,751295.5419500006,405480.4097750006,345815.132175,0.4602917398889801
2015-03-18,751295.5419500006,405480.4097750006,345815.132175,0.4602917398889801
2015-03-19,751295.5419500006,405480.4097750006,345815.132175,0.4602917398889801
2015-03-20,751295.5419500006,405480.4097750006,345815.132175,0.4602917398889801
2015-03-23,751295.5419500006,405480.4097750006,345815.132175,0.4602917398889801
2015-03-24,751295.5419500006,405480.4097750006,345815.132175,0.4602917398889801
2015-03-25,751295.5419500006,405480.4097750006,345815.132175,0.4602917398889801
2015-03-26,751295.5419500006,405480.4097750006,345815.132175,0.4602917398889801
2015-03-27,751295.5419500006,405480.4097750006,345815.132175,0.4602917398889801
2015-03-30,751295.5419500006,405480.4097750006,345815.132175,0.4602917398889801
2015-03-31,751295.5419500006,405480.4097750006,345815.132175,0.4602917398889801
2015-04-01,751295.5419500006,405480.4097750006,345815.132175,0.4602917398889801
2015-04-02,751295.5419500006,405480.4097750006,345815.132175,0.4602917398889801
2015-04-03,751295.5419500006,405480.4097750006,345815.132175,0.4602917398889801
2015-04-07,751295.5419500006,405480.4097750006,345815.132175,0.4602917398889801
2015-04-08,751295.5419500006,405480.4097750006,345815.132175,0.4602917398889801
2015-04-09,751295.5419500006,405480.4097750006,345815.132175,0.4602917398889801
2015-04-10,751295.5419500006,405480.4097750006,345815.132175,0.4602917398889801
2015-04-13,751295.5419500006,405480.4097750006,345815.132175,0.4602917398889801
2015-04-14,751295.5419500006,405480.4097750006,345815.132175,0.4602917398889801
2015-04-15,751295.5419500006,405480.4097750006,345815.132175,0.4602917398889801
2015-04-16,751295.5419500006,405480.4097750006,345815.132175,0.4602917398889801
2015-04-17,751295.5419500006,405480.4097750006,345815.132175,0.4602917398889801
2015-04-20,751295.5419500006,405480.4097750006,345815.132175,0.4602917398889801
2015-04-21,751295.5419500006,405480.4097750006,345815.132175,0.4602917398889801
2015-04-22,751295.5419500006,405480.4097750006,345815.132175,0.4602917398889801
2015-04-23,751295.5419500006,405480.4097750006,345815.132175,0.4602917398889801
2015-04-24,751295.5419500006,405480.4097750006,345815.132175,0.4602917398889801
2015-04-27,751295.5419500006,405480.4097750006,345815.132175,0.4602917398889801
2015-04-28,751295.5419500006,405480.4097750006,345815.132175,0.4602917398889801
2015-04-29,751295.5419500006,405480.4097750006,345815.132175,0.4602917398889801
2015-04-30,933911.9688500005,933911.9688500005,0.0,0.0
2015-05-04,933911.9688500005,933911.9688500005,0.0,0.0
2015-05-05,933911.9688500005,933911.9688500005,0.0,0.0
2015-05-06,933911.9688500005,933911.9688500005,0.0,0.0
2015-05-07,933911.9688500005,933911.9688500005,0.0,0.0
2015-05-08,933911.9688500005,933911.9688500005,0.0,0.0
2015-05-11,933911.9688500005,933911.9688500005,0.0,0.0
2015-05-12,933911.9688500005,933911.9688500005,0.0,0.0
2015-05-13,933911.9688500005,933911.9688500005,0.0,0.0
2015-05-14,933911.9688500005,933911.9688500005,0.0,0.0
2015-05-15,933911.9688500005,933911.9688500005,0.0,0.0
2015-05-18,933911.9688500005,933911.9688500005,0.0,0.0
2015-05-19,944562.3744500005,733884.3744500005,210678.0,0.22304297280809382
2015-05-20,944828.7744500005,733884.3744500005,210944.40000000002,0.22326204038694106
2015-05-21,947892.3744500005,733884.3744500005,214008.0,0.22577246717927735
2015-05-22,948859.8171500005,948859.8171500005,0.0,0.0
2015-05-25,948859.8171500005,948859.8171500005,0.0,0.0
2015-05-26,948859.8171500005,948859.8171500005,0.0,0.0
2015-05-27,948859.8171500005,948859.8171500005,0.0,0.0
2015-05-28,948859.8171500005,948859.8171500005,0.0,0.0
2015-05-29,948859.8171500005,948859.8171500005,0.0,0.0
2015-06-01,948859.8171500005,948859.8171500005,0.0,0.0
2015-06-02,948859.8171500005,948859.8171500005,0.0,0.0
2015-06-03,948859.8171500005,948859.8171500005,0.0,0.0
2015-06-04,948859.8171500005,948859.8171500005,0.0,0.0
2015-06-05,948859.8171500005,948859.8171500005,0.0,0.0
2015-06-08,948859.8171500005,948859.8171500005,0.0,0.0
2015-06-09,948859.8171500005,948859.8171500005,0.0,0.0
2015-06-10,948859.8171500005,948859.8171500005,0.0,0.0
2015-06-11,948859.8171500005,948859.8171500005,0.0,0.0
2015-06-12,948859.8171500005,948859.8171500005,0.0,0.0
2015-06-15,948859.8171500005,948859.8171500005,0.0,0.0
2015-06-16,948859.8171500005,948859.8171500005,0.0,0.0
2015-06-17,948859.8171500005,948859.8171500005,0.0,0.0
2015-06-18,948859.8171500005,948859.8171500005,0.0,0.0
2015-06-19,946097.2292750005,748858.3292750005,197238.90000000002,0.20847635306061013
2015-06-23,958123.9634750003,349295.2634750004,608828.7,0.635438339097429
2015-06-24,967222.9634750003,349295.2634750004,617927.7,0.6388678963741037
2015-06-25,951882.6634750003,349295.2634750004,602587.3999999999,0.6330479828261164
2015-06-26,897810.8634750004,349295.2634750004,548515.6,0.6109478313471904
2015-06-29,837151.4093500004,191.5093500003859,836959.9,0.9997712369018776
2015-06-30,915175.2093500004,191.5093500003859,914983.7,0.9997907402341717
2015-07-01,877501.0093500004,191.5093500003859,877309.5,0.9997817559775318
2015-07-02,841441.4093500004,191.5093500003859,841249.9,0.99977240322633
2015-07-03,793697.3093500005,191.5093500003859,793505.8,0.9997587123608151
2015-07-06,819598.8093500005,191.5093500003859,819407.3,0.9997663376913001
2015-07-07,758532.3093500005,191.5093500003859,758340.8,0.9997475264433172
2015-07-08,683125.7093500004,191.5093500003859,682934.2,0.9997196572352948
2015-07-09,751360.7093500004,191.5093500003859,751169.2,0.9997451166295799
2015-07-10,826408.1093500004,191.5093500003859,826216.6,0.9997682629831028
2015-07-13,887025.5622000003,331097.3622000003,555928.2,0.6267330093860961
2015-07-14,867267.5622000003,331097.3622000003,536170.2,0.618229279370135
2015-07-15,836008.7622000003,331097.3622000003,504911.4,0.603954674675059
2015-07-16,850758.5622000003,331097.3622000003,519661.19999999995,0.6108210050289633
2015-07-17,873491.0298750002,873491.0298750002,0.0,0.0
2015-07-20,873491.0298750002,873491.0298750002,0.0,0.0
2015-07-21,873491.0298750002,873491.0298750002,0.0,0.0
2015-07-22,873491.0298750002,873491.0298750002,0.0,0.0
2015-07-23,873491.0298750002,873491.0298750002,0.0,0.0
2015-07-24,873491.0298750002,873491.0298750002,0.0,0.0
2015-07-27,873491.0298750002,873491.0298750002,0.0,0.0
2015-07-28,894590.9969750002,490475.6969750002,404115.30000000005,0.4517319102992194
2015-07-29,914578.3705750002,290720.17057500023,623858.2,0.6821265624374837
2015-07-30,891739.1705750002,290720.17057500023,601019.0,0.673985196380303
2015-07-31,869853.7705750002,290720.17057500023,579133.6,0.6657827092215451
2015-08-03,871929.9705750002,290720.17057500023,581209.7999999999,0.6665785322377635
2015-08-04,902464.6705750002,290720.17057500023,611744.5,0.6778597766162198
2015-08-05,897307.0705750003,290720.17057500023,606586.9,0.6760081580671098
2015-08-06,891359.1705750002,290720.17057500023,600639.0,0.6738462113005897
2015-08-07,897559.6705750002,290720.17057500023,606839.5,0.6760993390124611
2015-08-10,902212.5251500001,702280.7547000002,199931.77044999995,0.2216016347331907
2015-08-11,902212.5251500001,702280.7547000002,199931.77044999995,0.2216016347331907
2015-08-12,902212.5251500001,702280.7547000002,199931.77044999995,0.2216016347331907
2015-08-13,902212.5251500001,702280.7547000002,199931.77044999995,0.2216016347331907
2015-08-14,902212.5251500001,702280.7547000002,199931.77044999995,0.2216016347331907
2015-08-17,902212.5251500001,702280.7547000002,199931.77044999995,0.2216016347331907
2015-08-18,902212.5251500001,702280.7547000002,199931.77044999995,0.2216016347331907
2015-08-19,902212.5251500001,702280.7547000002,199931.77044999995,0.2216016347331907
2015-08-20,902212.5251500001,702280.7547000002,199931.77044999995,0.2216016347331907
2015-08-21,902212.5251500001,702280.7547000002,199931.77044999995,0.2216016347331907
2015-08-24,872789.1180000002,302552.24755000015,570236.87045,0.6533501148097494
2015-08-25,838388.3180000002,302552.24755000015,535836.07045,0.6391263558254874
2015-08-26,843987.5003500001,6.029900000139605,843981.4704499999,0.9999928554629095
2015-08-27,880204.5003500001,6.029900000139605,880198.4704499999,0.99999314943289
2015-08-28,911627.20035,6.029900000139605,911621.1704499999,0.9999933855637503
2015-08-31,907548.3003500002,6.029900000139605,907542.27045,0.9999933558357192
2015-09-01,899358.8003500002,6.029900000139605,899352.77045,0.9999932953344117
2015-09-02,891304.6003500002,6.029900000139605,891298.57045,0.999993234748258
2015-09-07,884182.1003500002,6.029900000139605,884176.07045,0.9999931802509937
2015-09-08,902941.6003500002,6.029900000139605,902935.57045,0.9999933219379882
2015-09-09,920880.8003500002,6.029900000139605,920874.77045,0.9999934520298416
2015-09-10,906225.70035,6.029900000139605,906219.6704499999,0.9999933461388285
2015-09-11,906925.4003500002,6.029900000139605,906919.37045,0.9999933512723341
2015-09-14,871068.9003500002,6.029900000139605,871062.87045,0.9999930775854841
2015-09-15,843238.5003500001,6.029900000139605,843232.4704499999,0.9999928491168303
2015-09-16,889088.5003500001,6.029900000139605,889082.4704499999,0.999993217885511
2015-09-17,885952.7605500002,410462.59010000015,475490.1704500001,0.5366992368247889
2015-09-18,887949.5605500002,410462.59010000015,477486.97045,0.5377410966386901
2015-09-21,896095.71735,696163.9469000001,199931.77044999995,0.22311430194226667
2015-09-22,896095.71735,696163.9469000001,199931.77044999995,0.22311430194226667
2015-09-23,896095.71735,696163.9469000001,199931.77044999995,0.22311430194226667
2015-09-24,896095.71735,696163.9469000001,199931.77044999995,0.22311430194226667
2015-09-25,896095.71735,696163.9469000001,199931.77044999995,0.22311430194226667
2015-09-28,896095.71735,696163.9469000001,199931.77044999995,0.22311430194226667
2015-09-29,896095.71735,696163.9469000001,199931.77044999995,0.22311430194226667
2015-09-30,896740.615375,296456.1449250001,600284.4704499999,0.6694070282508306
2015-10-08,904214.8331500001,704283.0627000001,199931.77044999995,0.221110916477117
2015-10-09,904214.8331500001,704283.0627000001,199931.77044999995,0.221110916477117
2015-10-12,904214.8331500001,704283.0627000001,199931.77044999995,0.221110916477117
2015-10-13,904214.8331500001,704283.0627000001,199931.77044999995,0.221110916477117
2015-10-14,904214.8331500001,704283.0627000001,199931.77044999995,0.221110916477117
2015-10-15,904214.8331500001,704283.0627000001,199931.77044999995,0.221110916477117
2015-10-16,904214.8331500001,704283.0627000001,199931.77044999995,0.221110916477117
2015-10-19,904214.8331500001,704283.0627000001,199931.77044999995,0.221110916477117
2015-10-20,904214.8331500001,704283.0627000001,199931.77044999995,0.221110916477117
2015-10-21,904214.8331500001,704283.0627000001,199931.77044999995,0.221110916477117
2015-10-22,904214.8331500001,704283.0627000001,199931.77044999995,0.221110916477117
2015-10-23,904214.8331500001,704283.0627000001,199931.77044999995,0.221110916477117
2015-10-26,904214.8331500001,704283.0627000001,199931.77044999995,0.221110916477117
2015-10-27,904214.8331500001,704283.0627000001,199931.77044999995,0.221110916477117
2015-10-28,904214.8331500001,704283.0627000001,199931.77044999995,0.221110916477117
2015-10-29,904214.8331500001,704283.0627000001,199931.77044999995,0.221110916477117
2015-10-30,904214.8331500001,704283.0627000001,199931.77044999995,0.221110916477117
2015-11-02,904214.8331500001,704283.0627000001,199931.77044999995,0.221110916477117
2015-11-03,904214.8331500001,704283.0627000001,199931.77044999995,0.221110916477117
2015-11-04,904214.8331500001,704283.0627000001,199931.77044999995,0.221110916477117
2015-11-05,904214.8331500001,704283.0627000001,199931.77044999995,0.221110916477117
2015-11-06,904214.8331500001,704283.0627000001,199931.77044999995,0.221110916477117
2015-11-09,904214.8331500001,704283.0627000001,199931.77044999995,0.221110916477117
2015-11-10,904214.8331500001,704283.0627000001,199931.77044999995,0.221110916477117
2015-11-11,904214.8331500001,704283.0627000001,199931.77044999995,0.221110916477117
2015-11-12,904214.8331500001,704283.0627000001,199931.77044999995,0.221110916477117
2015-11-13,904214.8331500001,704283.0627000001,199931.77044999995,0.221110916477117
2015-11-16,904214.8331500001,704283.0627000001,199931.77044999995,0.221110916477117
2015-11-17,904214.8331500001,704283.0627000001,199931.77044999995,0.221110916477117
2015-11-18,904214.8331500001,704283.0627000001,199931.77044999995,0.221110916477117
2015-11-19,904214.8331500001,704283.0627000001,199931.77044999995,0.221110916477117
2015-11-20,904214.8331500001,704283.0627000001,199931.77044999995,0.221110916477117
2015-11-23,904214.8331500001,704283.0627000001,199931.77044999995,0.221110916477117
2015-11-24,904214.8331500001,704283.0627000001,199931.77044999995,0.221110916477117
2015-11-25,904214.8331500001,704283.0627000001,199931.77044999995,0.221110916477117
2015-11-26,904214.8331500001,704283.0627000001,199931.77044999995,0.221110916477117
2015-11-27,904214.8331500001,704283.0627000001,199931.77044999995,0.221110916477117
2015-11-30,904214.8331500001,704283.0627000001,199931.77044999995,0.221110916477117
2015-12-01,904214.8331500001,704283.0627000001,199931.77044999995,0.221110916477117
2015-12-02,904214.8331500001,704283.0627000001,199931.77044999995,0.221110916477117
2015-12-03,904214.8331500001,704283.0627000001,199931.77044999995,0.221110916477117
2015-12-04,904214.8331500001,704283.0627000001,199931.77044999995,0.221110916477117
2015-12-07,904214.8331500001,704283.0627000001,199931.77044999995,0.221110916477117
2015-12-08,904214.8331500001,704283.0627000001,199931.77044999995,0.221110916477117
2015-12-09,904214.8331500001,704283.0627000001,199931.77044999995,0.221110916477117
2015-12-10,904214.8331500001,704283.0627000001,199931.77044999995,0.221110916477117
2015-12-11,904214.8331500001,704283.0627000001,199931.77044999995,0.221110916477117
2015-12-14,904214.8331500001,704283.0627000001,199931.77044999995,0.221110916477117
2015-12-15,904214.8331500001,704283.0627000001,199931.77044999995,0.221110916477117
2015-12-16,904214.8331500001,704283.0627000001,199931.77044999995,0.221110916477117
2015-12-17,904214.8331500001,704283.0627000001,199931.77044999995,0.221110916477117
2015-12-18,904214.8331500001,704283.0627000001,199931.77044999995,0.221110916477117
2015-12-21,904214.8331500001,704283.0627000001,199931.77044999995,0.221110916477117
2015-12-22,904214.8331500001,704283.0627000001,199931.77044999995,0.221110916477117
2015-12-23,904214.8331500001,704283.0627000001,199931.77044999995,0.221110916477117
2015-12-24,904214.8331500001,704283.0627000001,199931.77044999995,0.221110916477117
2015-12-25,904214.8331500001,704283.0627000001,199931.77044999995,0.221110916477117
2015-12-28,904214.8331500001,704283.0627000001,199931.77044999995,0.221110916477117
2015-12-29,904214.8331500001,704283.0627000001,199931.77044999995,0.221110916477117
2015-12-30,904214.8331500001,704283.0627000001,199931.77044999995,0.221110916477117
2015-12-31,904214.8331500001,704283.0627000001,199931.77044999995,0.221110916477117
2016-01-04,904214.8331500001,704283.0627000001,199931.77044999995,0.221110916477117
2016-01-05,909329.1920500002,304418.72160000016,604910.47045,0.6652271539708126
2016-01-06,915794.1920500002,304418.72160000016,611375.47045,0.6675904649290683
2016-01-07,894747.6920500001,304418.72160000016,590328.9704499999,0.6597714369035905
2016-01-08,887496.2759500002,278.30550000017683,887217.97045,0.9996864150221901
2016-01-11,850832.0759500001,278.30550000017683,850553.77045,0.9996729019651858
2016-01-12,858101.9759500001,278.30550000017683,857823.67045,0.9996756731626308
2016-01-13,848231.9759500001,278.30550000017683,847953.67045,0.9996718993059789
2016-01-14,862606.47595,278.30550000017683,862328.1704499999,0.9996773667857135
2016-01-15,839863.4759500002,278.30550000017683,839585.1704500001,0.9996686300714704
2016-01-18,843346.77595,278.30550000017683,843068.4704499999,0.9996699987384352
2016-01-19,861683.3759500001,278.30550000017683,861405.07045,0.9996770211567638
2016-01-20,846442.7759500003,278.30550000017683,846164.4704500001,0.9996712057708949
2016-01-21,827889.27595,278.30550000017683,827610.9704499999,0.9996638372931201
2016-01-22,833071.4759500002,278.30550000017683,832793.1704500001,0.9996659284250697
2016-01-25,835823.9759500001,278.30550000017683,835545.67045,0.9996670285753841
2016-01-26,798900.2759500002,278.30550000017683,798621.97045,0.99965163924913
2016-01-27,796091.0759500001,278.30550000017683,795812.77045,0.9996504099739241
2016-01-28,781694.6759500002,278.30550000017683,781416.37045,0.9996439716060981
2016-01-29,799316.0759500001,278.30550000017683,799037.77045,0.9996518204645524
2016-02-01,792819.5759500002,278.30550000017683,792541.2704500001,0.999648967421539
2016-02-02,806378.0759500001,278.30550000017683,806099.77045,0.9996548697090105
2016-02-03,804841.7759500003,278.30550000017683,804563.4704500001,0.9996542109165847
2016-02-04,812142.5759500001,278.30550000017683,811864.27045,0.9996573194064176
2016-02-05,804578.3759500001,278.30550000017683,804300.07045,0.9996540977133874
2016-02-15,801940.7759500003,278.30550000017683,801662.4704500001,0.9996529600335257
2016-02-16,818634.131275,618702.3608250001,199931.77044999995,0.24422603799650003
2016-02-17,818634.131275,618702.3608250001,199931.77044999995,0.24422603799650003
2016-02-18,818634.131275,618702.3608250001,199931.77044999995,0.24422603799650003
2016-02-19,818634.131275,618702.3608250001,199931.77044999995,0.24422603799650003
2016-02-22,818634.131275,618702.3608250001,199931.77044999995,0.24422603799650003
2016-02-23,818634.131275,618702.3608250001,199931.77044999995,0.24422603799650003
2016-02-24,818634.131275,618702.3608250001,199931.77044999995,0.24422603799650003
2016-02-25,818634.131275,618702.3608250001,199931.77044999995,0.24422603799650003
2016-02-26,818634.131275,618702.3608250001,199931.77044999995,0.24422603799650003
2016-02-29,818634.131275,618702.3608250001,199931.77044999995,0.24422603799650003
2016-03-01,818634.131275,618702.3608250001,199931.77044999995,0.24422603799650003
2016-03-02,818634.131275,618702.3608250001,199931.77044999995,0.24422603799650003
2016-03-03,818634.131275,618702.3608250001,199931.77044999995,0.24422603799650003
2016-03-04,818634.131275,618702.3608250001,199931.77044999995,0.24422603799650003
2016-03-07,818634.131275,618702.3608250001,199931.77044999995,0.24422603799650003
2016-03-08,818634.131275,618702.3608250001,199931.77044999995,0.24422603799650003
2016-03-09,818634.131275,618702.3608250001,199931.77044999995,0.24422603799650003
2016-03-10,818634.131275,618702.3608250001,199931.77044999995,0.24422603799650003
2016-03-11,818634.131275,618702.3608250001,199931.77044999995,0.24422603799650003
2016-03-14,818634.131275,618702.3608250001,199931.77044999995,0.24422603799650003
2016-03-15,818634.131275,618702.3608250001,199931.77044999995,0.24422603799650003
2016-03-16,818634.131275,618702.3608250001,199931.77044999995,0.24422603799650003
2016-03-17,818634.131275,618702.3608250001,199931.77044999995,0.24422603799650003
2016-03-18,818634.131275,618702.3608250001,199931.77044999995,0.24422603799650003
2016-03-21,818634.131275,618702.3608250001,199931.77044999995,0.24422603799650003
2016-03-22,818634.131275,618702.3608250001,199931.77044999995,0.24422603799650003
2016-03-23,818634.131275,618702.3608250001,199931.77044999995,0.24422603799650003
2016-03-24,818634.131275,618702.3608250001,199931.77044999995,0.24422603799650003
2016-03-25,818634.131275,618702.3608250001,199931.77044999995,0.24422603799650003
2016-03-28,818634.131275,618702.3608250001,199931.77044999995,0.24422603799650003
2016-03-29,818634.131275,618702.3608250001,199931.77044999995,0.24422603799650003
2016-03-30,818634.131275,618702.3608250001,199931.77044999995,0.24422603799650003
2016-03-31,818634.131275,618702.3608250001,199931.77044999995,0.24422603799650003
2016-04-01,818634.131275,618702.3608250001,199931.77044999995,0.24422603799650003
2016-04-05,818634.131275,618702.3608250001,199931.77044999995,0.24422603799650003
2016-04-06,818634.131275,618702.3608250001,199931.77044999995,0.24422603799650003
2016-04-07,818634.131275,618702.3608250001,199931.77044999995,0.24422603799650003
2016-04-08,818634.131275,618702.3608250001,199931.77044999995,0.24422603799650003
2016-04-11,818634.131275,618702.3608250001,199931.77044999995,0.24422603799650003
2016-04-12,818634.131275,618702.3608250001,199931.77044999995,0.24422603799650003
2016-04-13,818634.131275,618702.3608250001,199931.77044999995,0.24422603799650003
2016-04-14,818634.131275,618702.3608250001,199931.77044999995,0.24422603799650003
2016-04-15,818634.131275,618702.3608250001,199931.77044999995,0.24422603799650003
2016-04-18,818634.131275,618702.3608250001,199931.77044999995,0.24422603799650003
2016-04-19,818634.131275,618702.3608250001,199931.77044999995,0.24422603799650003
2016-04-20,818634.131275,618702.3608250001,199931.77044999995,0.24422603799650003
2016-04-21,818634.131275,618702.3608250001,199931.77044999995,0.24422603799650003
2016-04-22,820233.3897750002,418886.41932500014,401346.97045,0.489308257202373
2016-04-25,819382.1897750001,418886.41932500014,400495.77044999995,0.4887777345514123
2016-04-26,820924.9897750001,418886.41932500014,402038.57045,0.48973849676593606
2016-04-27,824810.2788750001,624878.5084250001,199931.77044999995,0.24239728283054
2016-04-28,824810.2788750001,624878.5084250001,199931.77044999995,0.24239728283054
2016-04-29,824810.2788750001,624878.5084250001,199931.77044999995,0.24239728283054
2016-05-03,824810.2788750001,624878.5084250001,199931.77044999995,0.24239728283054
2016-05-04,824810.2788750001,624878.5084250001,199931.77044999995,0.24239728283054
2016-05-05,824810.2788750001,624878.5084250001,199931.77044999995,0.24239728283054
2016-05-06,824810.2788750001,624878.5084250001,199931.77044999995,0.24239728283054
2016-05-09,824810.2788750001,624878.5084250001,199931.77044999995,0.24239728283054
2016-05-10,824472.0424750001,225433.07202500012,599038.97045,0.7265728121619894
2016-05-11,825686.4424750002,225433.07202500012,600253.37045,0.7269749623728069
2016-05-12,826727.6424750001,225433.07202500012,601294.57045,0.7273188164482874
2016-05-13,825200.4424750002,225433.07202500012,599767.37045,0.7268141648726397
2016-05-16,827440.8424750001,225433.07202500012,602007.77045,0.7275538498308883
2016-05-17,827438.8424750001,225433.07202500012,602005.77045,0.7275531913020976
2016-05-18,823596.8424750001,225433.07202500012,598163.77045,0.7262822531621799
2016-05-19,823799.6424750001,225433.07202500012,598366.57045,0.726349636001643
2016-05-20,825751.6424750001,225433.07202500012,600318.57045,0.7269965199835189
2016-05-23,827481.6424750001,225433.07202500012,602048.57045,0.7275672831233704
2016-05-24,824784.8424750001,225433.07202500012,599351.77045,0.7266765095385065
2016-05-25,824438.4424750002,225433.07202500012,599005.37045,0.726561668633209
2016-05-26,824438.4424750002,225433.07202500012,599005.37045,0.726561668633209
2016-05-27,824838.8424750001,225433.07202500012,599405.77045,0.7266944032987477
2016-05-30,824105.2424750001,225433.07202500012,598672.17045,0.7264511127875287
2016-05-31,827567.466675,627635.6962250001,199931.77044999995,0.24158969328903862
2016-06-01,827567.466675,627635.6962250001,199931.77044999995,0.24158969328903862
2016-06-02,827567.466675,627635.6962250001,199931.77044999995,0.24158969328903862
2016-06-03,827567.466675,627635.6962250001,199931.77044999995,0.24158969328903862
2016-06-06,827567.466675,627635.6962250001,199931.77044999995,0.24158969328903862
2016-06-07,827567.466675,627635.6962250001,199931.77044999995,0.24158969328903862
2016-06-08,827567.466675,627635.6962250001,199931.77044999995,0.24158969328903862
2016-06-13,827567.466675,627635.6962250001,199931.77044999995,0.24158969328903862
2016-06-14,827567.466675,627635.6962250001,199931.77044999995,0.24158969328903862
2016-06-15,827567.466675,627635.6962250001,199931.77044999995,0.24158969328903862
2016-06-16,827567.466675,627635.6962250001,199931.77044999995,0.24158969328903862
2016-06-17,827567.466675,627635.6962250001,199931.77044999995,0.24158969328903862
2016-06-20,827567.466675,627635.6962250001,199931.77044999995,0.24158969328903862
2016-06-21,827567.466675,627635.6962250001,199931.77044999995,0.24158969328903862
2016-06-22,827567.466675,627635.6962250001,199931.77044999995,0.24158969328903862
2016-06-23,827567.466675,627635.6962250001,199931.77044999995,0.24158969328903862
2016-06-24,827567.466675,627635.6962250001,199931.77044999995,0.24158969328903862
2016-06-27,827567.466675,627635.6962250001,199931.77044999995,0.24158969328903862
2016-06-28,827567.466675,627635.6962250001,199931.77044999995,0.24158969328903862
2016-06-29,827567.466675,627635.6962250001,199931.77044999995,0.24158969328903862
2016-06-30,827567.466675,627635.6962250001,199931.77044999995,0.24158969328903862
2016-07-01,827567.466675,627635.6962250001,199931.77044999995,0.24158969328903862
2016-07-04,827567.466675,627635.6962250001,199931.77044999995,0.24158969328903862
2016-07-05,827567.466675,627635.6962250001,199931.77044999995,0.24158969328903862
2016-07-06,827567.466675,627635.6962250001,199931.77044999995,0.24158969328903862
2016-07-07,827567.466675,627635.6962250001,199931.77044999995,0.24158969328903862
2016-07-08,827567.466675,627635.6962250001,199931.77044999995,0.24158969328903862
2016-07-11,827567.466675,627635.6962250001,199931.77044999995,0.24158969328903862
2016-07-12,827567.466675,627635.6962250001,199931.77044999995,0.24158969328903862
2016-07-13,827567.466675,627635.6962250001,199931.77044999995,0.24158969328903862
2016-07-14,827567.466675,627635.6962250001,199931.77044999995,0.24158969328903862
2016-07-15,827567.466675,627635.6962250001,199931.77044999995,0.24158969328903862
2016-07-18,827567.466675,627635.6962250001,199931.77044999995,0.24158969328903862
2016-07-19,827567.466675,627635.6962250001,199931.77044999995,0.24158969328903862
2016-07-20,827567.466675,627635.6962250001,199931.77044999995,0.24158969328903862
2016-07-21,827567.466675,627635.6962250001,199931.77044999995,0.24158969328903862
2016-07-22,827567.466675,627635.6962250001,199931.77044999995,0.24158969328903862
2016-07-25,827567.466675,627635.6962250001,199931.77044999995,0.24158969328903862
2016-07-26,827567.466675,627635.6962250001,199931.77044999995,0.24158969328903862
2016-07-27,827567.466675,627635.6962250001,199931.77044999995,0.24158969328903862
2016-07-28,827567.466675,627635.6962250001,199931.77044999995,0.24158969328903862
2016-07-29,827567.466675,627635.6962250001,199931.77044999995,0.24158969328903862
2016-08-01,827567.466675,627635.6962250001,199931.77044999995,0.24158969328903862
2016-08-02,827567.466675,627635.6962250001,199931.77044999995,0.24158969328903862
2016-08-03,827567.466675,627635.6962250001,199931.77044999995,0.24158969328903862
2016-08-04,827567.466675,627635.6962250001,199931.77044999995,0.24158969328903862
2016-08-05,827567.466675,627635.6962250001,199931.77044999995,0.24158969328903862
2016-08-08,827567.466675,627635.6962250001,199931.77044999995,0.24158969328903862
2016-08-09,827567.466675,627635.6962250001,199931.77044999995,0.24158969328903862
2016-08-10,827567.466675,627635.6962250001,199931.77044999995,0.24158969328903862
2016-08-11,827567.466675,627635.6962250001,199931.77044999995,0.24158969328903862
2016-08-12,827567.466675,627635.6962250001,199931.77044999995,0.24158969328903862
2016-08-15,827567.466675,627635.6962250001,199931.77044999995,0.24158969328903862
2016-08-16,827567.466675,627635.6962250001,199931.77044999995,0.24158969328903862
2016-08-17,827567.466675,627635.6962250001,199931.77044999995,0.24158969328903862
2016-08-18,827567.466675,627635.6962250001,199931.77044999995,0.24158969328903862
2016-08-19,827567.466675,627635.6962250001,199931.77044999995,0.24158969328903862
2016-08-22,827567.466675,627635.6962250001,199931.77044999995,0.24158969328903862
2016-08-23,827567.466675,627635.6962250001,199931.77044999995,0.24158969328903862
2016-08-24,827567.466675,627635.6962250001,199931.77044999995,0.24158969328903862
2016-08-25,827567.466675,627635.6962250001,199931.77044999995,0.24158969328903862
2016-08-26,827567.466675,627635.6962250001,199931.77044999995,0.24158969328903862
2016-08-29,827567.466675,627635.6962250001,199931.77044999995,0.24158969328903862
2016-08-30,827567.466675,627635.6962250001,199931.77044999995,0.24158969328903862
2016-08-31,827567.466675,627635.6962250001,199931.77044999995,0.24158969328903862
2016-09-01,827567.466675,627635.6962250001,199931.77044999995,0.24158969328903862
2016-09-02,827567.466675,627635.6962250001,199931.77044999995,0.24158969328903862
2016-09-05,827567.466675,627635.6962250001,199931.77044999995,0.24158969328903862
2016-09-06,827567.466675,627635.6962250001,199931.77044999995,0.24158969328903862
2016-09-07,827567.466675,627635.6962250001,199931.77044999995,0.24158969328903862
2016-09-08,827567.466675,627635.6962250001,199931.77044999995,0.24158969328903862
2016-09-09,827567.466675,627635.6962250001,199931.77044999995,0.24158969328903862
2016-09-12,827567.466675,627635.6962250001,199931.77044999995,0.24158969328903862
2016-09-13,826280.944875,227848.57442500006,598432.37045,0.7242480589220547
2016-09-14,823945.344875,227848.57442500006,596096.77045,0.7234663975684373
2016-09-19,828376.8741250001,308.7036750000407,828068.1704500001,0.9996273390957152
2016-09-20,827333.074125,308.7036750000407,827024.37045,0.9996268689302352
2016-09-21,830248.574125,308.7036750000407,829939.87045,0.9996281792168986
2016-09-22,834871.976575,634940.206125,199931.77044999995,0.23947596285385592
2016-09-23,834871.976575,634940.206125,199931.77044999995,0.23947596285385592
2016-09-26,834871.976575,634940.206125,199931.77044999995,0.23947596285385592
2016-09-27,835673.1989750001,434979.828525,400693.37045000005,0.4794857259290748
2016-09-28,835369.1989750001,434979.828525,400389.37045000005,0.47929630508436116
2016-09-29,836281.1989750001,434979.828525,401301.37045000005,0.4798641544756247
2016-09-30,836889.1989750001,434979.828525,401909.37045000005,0.4802420331654992
2016-10-10,837689.691775,637757.921325,199931.77044999995,0.23867044373717902
2016-10-11,837689.691775,637757.921325,199931.77044999995,0.23867044373717902
2016-10-12,837689.691775,637757.921325,199931.77044999995,0.23867044373717902
2016-10-13,837689.691775,637757.921325,199931.77044999995,0.23867044373717902
2016-10-14,837689.691775,637757.921325,199931.77044999995,0.23867044373717902
2016-10-17,837689.691775,637757.921325,199931.77044999995,0.23867044373717902
2016-10-18,837689.691775,637757.921325,199931.77044999995,0.23867044373717902
2016-10-19,837689.691775,637757.921325,199931.77044999995,0.23867044373717902
2016-10-20,837689.691775,637757.921325,199931.77044999995,0.23867044373717902
2016-10-21,837689.691775,637757.921325,199931.77044999995,0.23867044373717902
2016-10-24,837689.691775,637757.921325,199931.77044999995,0.23867044373717902
2016-10-25,837689.691775,637757.921325,199931.77044999995,0.23867044373717902
2016-10-26,837689.691775,637757.921325,199931.77044999995,0.23867044373717902
2016-10-27,837689.691775,637757.921325,199931.77044999995,0.23867044373717902
2016-10-28,837689.691775,637757.921325,199931.77044999995,0.23867044373717902
2016-10-31,837689.691775,637757.921325,199931.77044999995,0.23867044373717902
2016-11-01,837689.691775,637757.921325,199931.77044999995,0.23867044373717902
2016-11-02,837689.691775,637757.921325,199931.77044999995,0.23867044373717902
2016-11-03,837689.691775,637757.921325,199931.77044999995,0.23867044373717902
2016-11-04,837689.691775,637757.921325,199931.77044999995,0.23867044373717902
2016-11-07,837689.691775,637757.921325,199931.77044999995,0.23867044373717902
2016-11-08,837689.691775,637757.921325,199931.77044999995,0.23867044373717902
2016-11-09,837689.691775,637757.921325,199931.77044999995,0.23867044373717902
2016-11-10,837689.691775,637757.921325,199931.77044999995,0.23867044373717902
2016-11-11,837689.691775,637757.921325,199931.77044999995,0.23867044373717902
2016-11-14,837689.691775,637757.921325,199931.77044999995,0.23867044373717902
2016-11-15,837689.691775,637757.921325,199931.77044999995,0.23867044373717902
2016-11-16,837689.691775,637757.921325,199931.77044999995,0.23867044373717902
2016-11-17,837689.691775,637757.921325,199931.77044999995,0.23867044373717902
2016-11-18,837689.691775,637757.921325,199931.77044999995,0.23867044373717902
2016-11-21,837689.691775,637757.921325,199931.77044999995,0.23867044373717902
2016-11-22,837689.691775,637757.921325,199931.77044999995,0.23867044373717902
2016-11-23,837689.691775,637757.921325,199931.77044999995,0.23867044373717902
2016-11-24,837689.691775,637757.921325,199931.77044999995,0.23867044373717902
2016-11-25,837689.691775,637757.921325,199931.77044999995,0.23867044373717902
2016-11-28,837689.691775,637757.921325,199931.77044999995,0.23867044373717902
2016-11-29,837689.691775,637757.921325,199931.77044999995,0.23867044373717902
2016-11-30,837689.691775,637757.921325,199931.77044999995,0.23867044373717902
2016-12-01,837689.691775,637757.921325,199931.77044999995,0.23867044373717902
2016-12-02,837689.691775,637757.921325,199931.77044999995,0.23867044373717902
2016-12-05,837689.691775,637757.921325,199931.77044999995,0.23867044373717902
2016-12-06,837689.691775,637757.921325,199931.77044999995,0.23867044373717902
2016-12-07,837689.691775,637757.921325,199931.77044999995,0.23867044373717902
2016-12-08,837689.691775,637757.921325,199931.77044999995,0.23867044373717902
2016-12-09,837689.691775,637757.921325,199931.77044999995,0.23867044373717902
2016-12-12,837689.691775,637757.921325,199931.77044999995,0.23867044373717902
2016-12-13,837787.68785,438092.3174,399695.37045,0.4770843212983128
2016-12-14,835273.38785,438092.3174,397181.07045000006,0.4755102655339554
2016-12-15,833932.6254749999,238192.855025,595739.77045,0.7143739820835915
2016-12-16,836024.748825,38236.278374999994,797788.47045,0.9542641788670256
2016-12-19,832162.148825,38236.278374999994,793925.87045,0.9540518894917427
2016-12-20,828804.848825,38236.278374999994,790568.57045,0.9538657641431421
2016-12-21,833067.348825,38236.278374999994,794831.07045,0.9541018161029473
2016-12-22,832713.948825,38236.278374999994,794477.67045,0.9540823371231463
2016-12-23,826560.448825,38236.278374999994,788324.17045,0.9537404935968629
2016-12-26,829350.448825,38236.278374999994,791114.17045,0.9538961142070013
2016-12-27,828659.148825,38236.278374999994,790422.87045,0.9538576525351621
2016-12-28,825416.548825,38236.278374999994,787180.27045,0.9536763850574231
2016-12-29,825633.548825,38236.278374999994,787397.27045,0.9536885602221277
2016-12-30,826603.848825,38236.278374999994,788367.57045,0.9537429224055125
2017-01-03,833306.0488250001,38236.278374999994,795069.7704500001,0.9541149636092107
2017-01-04,836975.5095249999,637043.7390749999,199931.77044999995,0.23887409867400441
2017-01-05,836975.5095249999,637043.7390749999,199931.77044999995,0.23887409867400441
2017-01-06,836975.5095249999,637043.7390749999,199931.77044999995,0.23887409867400441
2017-01-09,836975.5095249999,637043.7390749999,199931.77044999995,0.23887409867400441
2017-01-10,836975.5095249999,637043.7390749999,199931.77044999995,0.23887409867400441
2017-01-11,836975.5095249999,637043.7390749999,199931.77044999995,0.23887409867400441
2017-01-12,836975.5095249999,637043.7390749999,199931.77044999995,0.23887409867400441
2017-01-13,836975.5095249999,637043.7390749999,199931.77044999995,0.23887409867400441
2017-01-16,836975.5095249999,637043.7390749999,199931.77044999995,0.23887409867400441
2017-01-17,840495.5820249999,437283.81157499994,403211.77044999995,0.4797309814271061
2017-01-18,840810.5820249999,437283.81157499994,403526.77044999995,0.4799258942223944
2017-01-19,839970.5820249999,437283.81157499994,402686.77044999995,0.47940580190225623
2017-01-20,842910.5820249999,437283.81157499994,405626.77044999995,0.48122158992894154
2017-01-23,844013.869525,644082.0990749999,199931.77045000007,0.23688209124160373
2017-01-24,844013.869525,644082.0990749999,199931.77045000007,0.23688209124160373
2017-01-25,844013.869525,644082.0990749999,199931.77045000007,0.23688209124160373
2017-01-26,844013.869525,644082.0990749999,199931.77045000007,0.23688209124160373
2017-02-03,844013.869525,644082.0990749999,199931.77045000007,0.23688209124160373
2017-02-06,844013.869525,644082.0990749999,199931.77045000007,0.23688209124160373
2017-02-07,844013.869525,644082.0990749999,199931.77045000007,0.23688209124160373
2017-02-08,844013.869525,644082.0990749999,199931.77045000007,0.23688209124160373
2017-02-09,844013.869525,644082.0990749999,199931.77045000007,0.23688209124160373
2017-02-10,844013.869525,644082.0990749999,199931.77045000007,0.23688209124160373
2017-02-13,844013.869525,644082.0990749999,199931.77045000007,0.23688209124160373
2017-02-14,844013.869525,644082.0990749999,199931.77045000007,0.23688209124160373
2017-02-15,844013.869525,644082.0990749999,199931.77045000007,0.23688209124160373
2017-02-16,844013.869525,644082.0990749999,199931.77045000007,0.23688209124160373
2017-02-17,844013.869525,644082.0990749999,199931.77045000007,0.23688209124160373
2017-02-20,844013.869525,644082.0990749999,199931.77045000007,0.23688209124160373
2017-02-21,844013.869525,644082.0990749999,199931.77045000007,0.23688209124160373
2017-02-22,844013.869525,644082.0990749999,199931.77045000007,0.23688209124160373
2017-02-23,844013.869525,644082.0990749999,199931.77045000007,0.23688209124160373
2017-02-24,844013.869525,644082.0990749999,199931.77045000007,0.23688209124160373
2017-02-27,844013.869525,644082.0990749999,199931.77045000007,0.23688209124160373
2017-02-28,844013.869525,644082.0990749999,199931.77045000007,0.23688209124160373
2017-03-01,844013.869525,644082.0990749999,199931.77045000007,0.23688209124160373
2017-03-02,844013.869525,644082.0990749999,199931.77045000007,0.23688209124160373
2017-03-03,844013.869525,644082.0990749999,199931.77045000007,0.23688209124160373
2017-03-06,844013.869525,644082.0990749999,199931.77045000007,0.23688209124160373
2017-03-07,844013.869525,644082.0990749999,199931.77045000007,0.23688209124160373
2017-03-08,844013.869525,644082.0990749999,199931.77045000007,0.23688209124160373
2017-03-09,844013.869525,644082.0990749999,199931.77045000007,0.23688209124160373
2017-03-10,844013.869525,644082.0990749999,199931.77045000007,0.23688209124160373
2017-03-13,844013.869525,644082.0990749999,199931.77045000007,0.23688209124160373
2017-03-14,844013.869525,644082.0990749999,199931.77045000007,0.23688209124160373
2017-03-15,844013.869525,644082.0990749999,199931.77045000007,0.23688209124160373
2017-03-16,844013.869525,644082.0990749999,199931.77045000007,0.23688209124160373
2017-03-17,844013.869525,644082.0990749999,199931.77045000007,0.23688209124160373
2017-03-20,844013.869525,644082.0990749999,199931.77045000007,0.23688209124160373
2017-03-21,844013.869525,644082.0990749999,199931.77045000007,0.23688209124160373
2017-03-22,844013.869525,644082.0990749999,199931.77045000007,0.23688209124160373
2017-03-23,844013.869525,644082.0990749999,199931.77045000007,0.23688209124160373
2017-03-24,844013.869525,644082.0990749999,199931.77045000007,0.23688209124160373
2017-03-27,844013.869525,644082.0990749999,199931.77045000007,0.23688209124160373
2017-03-28,844013.869525,644082.0990749999,199931.77045000007,0.23688209124160373
2017-03-29,844013.869525,644082.0990749999,199931.77045000007,0.23688209124160373
2017-03-30,844013.869525,644082.0990749999,199931.77045000007,0.23688209124160373
2017-03-31,844013.869525,644082.0990749999,199931.77045000007,0.23688209124160373
2017-04-05,844013.869525,644082.0990749999,199931.77045000007,0.23688209124160373
2017-04-06,844013.869525,644082.0990749999,199931.77045000007,0.23688209124160373
2017-04-07,844013.869525,644082.0990749999,199931.77045000007,0.23688209124160373
2017-04-10,844013.869525,644082.0990749999,199931.77045000007,0.23688209124160373
2017-04-11,844013.869525,644082.0990749999,199931.77045000007,0.23688209124160373
2017-04-12,844013.869525,644082.0990749999,199931.77045000007,0.23688209124160373
2017-04-13,844013.869525,644082.0990749999,199931.77045000007,0.23688209124160373
2017-04-14,844013.869525,644082.0990749999,199931.77045000007,0.23688209124160373
2017-04-17,844013.869525,644082.0990749999,199931.77045000007,0.23688209124160373
2017-04-18,844013.869525,644082.0990749999,199931.77045000007,0.23688209124160373
2017-04-19,844013.869525,644082.0990749999,199931.77045000007,0.23688209124160373
2017-04-20,844013.869525,644082.0990749999,199931.77045000007,0.23688209124160373
2017-04-21,844013.869525,644082.0990749999,199931.77045000007,0.23688209124160373
2017-04-24,844013.869525,644082.0990749999,199931.77045000007,0.23688209124160373
2017-04-25,845476.673925,444049.70347499993,401426.9704500001,0.4747936670877446
2017-04-26,848060.8413249999,648129.070875,199931.77044999995,0.23575168278920766
2017-04-27,848060.8413249999,648129.070875,199931.77044999995,0.23575168278920766
2017-04-28,848060.8413249999,648129.070875,199931.77044999995,0.23575168278920766
2017-05-02,848060.8413249999,648129.070875,199931.77044999995,0.23575168278920766
2017-05-03,848060.8413249999,648129.070875,199931.77044999995,0.23575168278920766
2017-05-04,848060.8413249999,648129.070875,199931.77044999995,0.23575168278920766
2017-05-05,848060.8413249999,648129.070875,199931.77044999995,0.23575168278920766
2017-05-08,843632.054125,448130.28367499996,395501.77045000007,0.4688083726977484
2017-05-09,844323.8762749999,248168.90582499997,596154.9704499999,0.7060738031951967
2017-05-10,840526.3391,48370.268649999955,792156.07045,0.9424524058320495
2017-05-11,844621.2391,48370.268649999955,796250.97045,0.9427314085760599
2017-05-12,847427.4391000001,48370.268649999955,799057.1704500001,0.9429210497345105
2017-05-15,851442.2390999999,48370.268649999955,803071.9704499999,0.9431901937339533
2017-05-16,857965.38515,658033.6147,199931.77044999995,0.23303011276503358
2017-05-17,857965.38515,658033.6147,199931.77044999995,0.23303011276503358
2017-05-18,857965.38515,658033.6147,199931.77044999995,0.23303011276503358
2017-05-19,857965.38515,658033.6147,199931.77044999995,0.23303011276503358
2017-05-22,857965.38515,658033.6147,199931.77044999995,0.23303011276503358
2017-05-23,857965.38515,658033.6147,199931.77044999995,0.23303011276503358
2017-05-24,857965.38515,658033.6147,199931.77044999995,0.23303011276503358
2017-05-25,857965.38515,658033.6147,199931.77044999995,0.23303011276503358
2017-05-26,857965.38515,658033.6147,199931.77044999995,0.23303011276503358
2017-05-31,857965.38515,658033.6147,199931.77044999995,0.23303011276503358
2017-06-01,857965.38515,658033.6147,199931.77044999995,0.23303011276503358
2017-06-02,857965.38515,658033.6147,199931.77044999995,0.23303011276503358
2017-06-05,857965.38515,658033.6147,199931.77044999995,0.23303011276503358
2017-06-06,857965.38515,658033.6147,199931.77044999995,0.23303011276503358
2017-06-07,857965.38515,658033.6147,199931.77044999995,0.23303011276503358
2017-06-08,857965.38515,658033.6147,199931.77044999995,0.23303011276503358
2017-06-09,857965.38515,658033.6147,199931.77044999995,0.23303011276503358
2017-06-12,857965.38515,658033.6147,199931.77044999995,0.23303011276503358
2017-06-13,857965.38515,658033.6147,199931.77044999995,0.23303011276503358
2017-06-14,857965.38515,658033.6147,199931.77044999995,0.23303011276503358
2017-06-15,857965.38515,658033.6147,199931.77044999995,0.23303011276503358
2017-06-16,857965.38515,658033.6147,199931.77044999995,0.23303011276503358
2017-06-19,857965.38515,658033.6147,199931.77044999995,0.23303011276503358
2017-06-20,857965.38515,658033.6147,199931.77044999995,0.23303011276503358
2017-06-21,857965.38515,658033.6147,199931.77044999995,0.23303011276503358
2017-06-22,857965.38515,658033.6147,199931.77044999995,0.23303011276503358
2017-06-23,857965.38515,658033.6147,199931.77044999995,0.23303011276503358
2017-06-26,857965.38515,658033.6147,199931.77044999995,0.23303011276503358
2017-06-27,857965.38515,658033.6147,199931.77044999995,0.23303011276503358
2017-06-28,857965.38515,658033.6147,199931.77044999995,0.23303011276503358
2017-06-29,857965.38515,658033.6147,199931.77044999995,0.23303011276503358
2017-06-30,857965.38515,658033.6147,199931.77044999995,0.23303011276503358
2017-07-03,857965.38515,658033.6147,199931.77044999995,0.23303011276503358
2017-07-04,857965.38515,658033.6147,199931.77044999995,0.23303011276503358
2017-07-05,857965.38515,658033.6147,199931.77044999995,0.23303011276503358
2017-07-06,857965.38515,658033.6147,199931.77044999995,0.23303011276503358
2017-07-07,857965.38515,658033.6147,199931.77044999995,0.23303011276503358
2017-07-10,857965.38515,658033.6147,199931.77044999995,0.23303011276503358
2017-07-11,857965.38515,658033.6147,199931.77044999995,0.23303011276503358
2017-07-12,857965.38515,658033.6147,199931.77044999995,0.23303011276503358
2017-07-13,857965.38515,658033.6147,199931.77044999995,0.23303011276503358
2017-07-14,857965.38515,658033.6147,199931.77044999995,0.23303011276503358
2017-07-17,857965.38515,658033.6147,199931.77044999995,0.23303011276503358
2017-07-18,857965.38515,658033.6147,199931.77044999995,0.23303011276503358
2017-07-19,857965.38515,658033.6147,199931.77044999995,0.23303011276503358
2017-07-20,857965.38515,658033.6147,199931.77044999995,0.23303011276503358
2017-07-21,857965.38515,658033.6147,199931.77044999995,0.23303011276503358
2017-07-24,857965.38515,658033.6147,199931.77044999995,0.23303011276503358
2017-07-25,857965.38515,658033.6147,199931.77044999995,0.23303011276503358
2017-07-26,857965.38515,658033.6147,199931.77044999995,0.23303011276503358
2017-07-27,857965.38515,658033.6147,199931.77044999995,0.23303011276503358
2017-07-28,857965.38515,658033.6147,199931.77044999995,0.23303011276503358
2017-07-31,857965.38515,658033.6147,199931.77044999995,0.23303011276503358
2017-08-01,857965.38515,658033.6147,199931.77044999995,0.23303011276503358
2017-08-02,857965.38515,658033.6147,199931.77044999995,0.23303011276503358
2017-08-03,857965.38515,658033.6147,199931.77044999995,0.23303011276503358
2017-08-04,857965.38515,658033.6147,199931.77044999995,0.23303011276503358
2017-08-07,857965.38515,658033.6147,199931.77044999995,0.23303011276503358
2017-08-08,857965.38515,658033.6147,199931.77044999995,0.23303011276503358
2017-08-09,857965.38515,658033.6147,199931.77044999995,0.23303011276503358
2017-08-10,857965.38515,658033.6147,199931.77044999995,0.23303011276503358
2017-08-11,857965.38515,658033.6147,199931.77044999995,0.23303011276503358
2017-08-14,860125.360275,458284.189825,401841.17045,0.4671890738363103
2017-08-15,860664.360275,458284.189825,402380.17045,0.4675227522160105
2017-08-16,860340.960275,458284.189825,402056.77044999995,0.46732259535973536
2017-08-17,861314.273,661382.50255,199931.77045000007,0.2321240651842769
2017-08-18,861314.273,661382.50255,199931.77045000007,0.2321240651842769
2017-08-21,861314.273,661382.50255,199931.77045000007,0.2321240651842769
2017-08-22,861314.273,661382.50255,199931.77045000007,0.2321240651842769
2017-08-23,861314.273,661382.50255,199931.77045000007,0.2321240651842769
2017-08-24,861314.273,661382.50255,199931.77045000007,0.2321240651842769
2017-08-25,861314.273,661382.50255,199931.77045000007,0.2321240651842769
2017-08-28,861314.273,661382.50255,199931.77045000007,0.2321240651842769
2017-08-29,861314.273,661382.50255,199931.77045000007,0.2321240651842769
2017-08-30,861314.273,661382.50255,199931.77045000007,0.2321240651842769
2017-08-31,861314.273,661382.50255,199931.77045000007,0.2321240651842769
2017-09-01,861314.273,661382.50255,199931.77045000007,0.2321240651842769
2017-09-04,861314.273,661382.50255,199931.77045000007,0.2321240651842769
2017-09-05,861314.273,661382.50255,199931.77045000007,0.2321240651842769
2017-09-06,861314.273,661382.50255,199931.77045000007,0.2321240651842769
2017-09-07,861314.273,661382.50255,199931.77045000007,0.2321240651842769
2017-09-08,861314.273,661382.50255,199931.77045000007,0.2321240651842769
2017-09-11,861314.273,661382.50255,199931.77045000007,0.2321240651842769
2017-09-12,861314.273,661382.50255,199931.77045000007,0.2321240651842769
2017-09-13,861314.273,661382.50255,199931.77045000007,0.2321240651842769
2017-09-14,861314.273,661382.50255,199931.77045000007,0.2321240651842769
2017-09-15,861314.273,661382.50255,199931.77045000007,0.2321240651842769
2017-09-18,861314.273,661382.50255,199931.77045000007,0.2321240651842769
2017-09-19,861314.273,661382.50255,199931.77045000007,0.2321240651842769
2017-09-20,861314.273,661382.50255,199931.77045000007,0.2321240651842769
2017-09-21,861314.273,661382.50255,199931.77045000007,0.2321240651842769
2017-09-22,861314.273,661382.50255,199931.77045000007,0.2321240651842769
2017-09-25,861314.273,661382.50255,199931.77045000007,0.2321240651842769
2017-09-26,861314.273,661382.50255,199931.77045000007,0.2321240651842769
2017-09-27,861314.273,661382.50255,199931.77045000007,0.2321240651842769
2017-09-28,861314.273,661382.50255,199931.77045000007,0.2321240651842769
2017-09-29,861314.273,661382.50255,199931.77045000007,0.2321240651842769
2017-10-09,861314.273,661382.50255,199931.77045000007,0.2321240651842769
2017-10-10,861314.273,661382.50255,199931.77045000007,0.2321240651842769
2017-10-11,861314.273,661382.50255,199931.77045000007,0.2321240651842769
2017-10-12,861314.273,661382.50255,199931.77045000007,0.2321240651842769
2017-10-13,861314.273,661382.50255,199931.77045000007,0.2321240651842769
2017-10-16,861314.273,661382.50255,199931.77045000007,0.2321240651842769
2017-10-17,861314.273,661382.50255,199931.77045000007,0.2321240651842769
2017-10-18,861314.273,661382.50255,199931.77045000007,0.2321240651842769
2017-10-19,861314.273,661382.50255,199931.77045000007,0.2321240651842769
2017-10-20,861314.273,661382.50255,199931.77045000007,0.2321240651842769
2017-10-23,861314.273,661382.50255,199931.77045000007,0.2321240651842769
2017-10-24,861314.273,661382.50255,199931.77045000007,0.2321240651842769
2017-10-25,861314.273,661382.50255,199931.77045000007,0.2321240651842769
2017-10-26,861314.273,661382.50255,199931.77045000007,0.2321240651842769
2017-10-27,861314.273,661382.50255,199931.77045000007,0.2321240651842769
2017-10-30,861314.273,661382.50255,199931.77045000007,0.2321240651842769
2017-10-31,861489.6905499999,461402.7201,400086.97044999996,0.4644129521672777
2017-11-01,861940.49055,461402.7201,400537.77045,0.46469306737686594
2017-11-02,860137.29055,461402.7201,398734.57045000006,0.46357084482994115
2017-11-03,859235.6905499999,461402.7201,397832.97044999996,0.4630079672264843
2017-11-06,861489.6905499999,461402.7201,400086.97044999996,0.4644129521672777
2017-11-07,865096.0905500001,461402.7201,403693.3704500001,0.46664569966250213
2017-11-08,864870.6905499999,461402.7201,403467.97044999996,0.46650669846774584
2017-11-09,865721.1810999999,665789.41065,199931.77044999995,0.23094244984968865
2017-11-10,865721.1810999999,665789.41065,199931.77044999995,0.23094244984968865
2017-11-13,865721.1810999999,665789.41065,199931.77044999995,0.23094244984968865
2017-11-14,865721.1810999999,665789.41065,199931.77044999995,0.23094244984968865
2017-11-15,865721.1810999999,665789.41065,199931.77044999995,0.23094244984968865
2017-11-16,865721.1810999999,665789.41065,199931.77044999995,0.23094244984968865
2017-11-17,865721.1810999999,665789.41065,199931.77044999995,0.23094244984968865
2017-11-20,865721.1810999999,665789.41065,199931.77044999995,0.23094244984968865
2017-11-21,865721.1810999999,665789.41065,199931.77044999995,0.23094244984968865
2017-11-22,865721.1810999999,665789.41065,199931.77044999995,0.23094244984968865
2017-11-23,865721.1810999999,665789.41065,199931.77044999995,0.23094244984968865
2017-11-24,865721.1810999999,665789.41065,199931.77044999995,0.23094244984968865
2017-11-27,865721.1810999999,665789.41065,199931.77044999995,0.23094244984968865
2017-11-28,865721.1810999999,665789.41065,199931.77044999995,0.23094244984968865
2017-11-29,865721.1810999999,665789.41065,199931.77044999995,0.23094244984968865
2017-11-30,865721.1810999999,665789.41065,199931.77044999995,0.23094244984968865
2017-12-01,865721.1810999999,665789.41065,199931.77044999995,0.23094244984968865
2017-12-04,865721.1810999999,665789.41065,199931.77044999995,0.23094244984968865
2017-12-05,865721.1810999999,665789.41065,199931.77044999995,0.23094244984968865
2017-12-06,865721.1810999999,665789.41065,199931.77044999995,0.23094244984968865
2017-12-07,865721.1810999999,665789.41065,199931.77044999995,0.23094244984968865
2017-12-08,865721.1810999999,665789.41065,199931.77044999995,0.23094244984968865
2017-12-11,865721.1810999999,665789.41065,199931.77044999995,0.23094244984968865
2017-12-12,865721.1810999999,665789.41065,199931.77044999995,0.23094244984968865
2017-12-13,865721.1810999999,665789.41065,199931.77044999995,0.23094244984968865
2017-12-14,865721.1810999999,665789.41065,199931.77044999995,0.23094244984968865
2017-12-15,865721.1810999999,665789.41065,199931.77044999995,0.23094244984968865
2017-12-18,865721.1810999999,665789.41065,199931.77044999995,0.23094244984968865
2017-12-19,865721.1810999999,665789.41065,199931.77044999995,0.23094244984968865
2017-12-20,865721.1810999999,665789.41065,199931.77044999995,0.23094244984968865
2017-12-21,865721.1810999999,665789.41065,199931.77044999995,0.23094244984968865
2017-12-22,865721.1810999999,665789.41065,199931.77044999995,0.23094244984968865
2017-12-25,865721.1810999999,665789.41065,199931.77044999995,0.23094244984968865
2017-12-26,865721.1810999999,665789.41065,199931.77044999995,0.23094244984968865
2017-12-27,865721.1810999999,665789.41065,199931.77044999995,0.23094244984968865
2017-12-28,865721.1810999999,665789.41065,199931.77044999995,0.23094244984968865
2017-12-29,865721.1810999999,665789.41065,199931.77044999995,0.23094244984968865
2018-01-02,865721.1810999999,665789.41065,199931.77044999995,0.23094244984968865
2018-01-03,865721.1810999999,665789.41065,199931.77044999995,0.23094244984968865
2018-01-04,865721.1810999999,665789.41065,199931.77044999995,0.23094244984968865
2018-01-05,865721.1810999999,665789.41065,199931.77044999995,0.23094244984968865
2018-01-08,865721.1810999999,665789.41065,199931.77044999995,0.23094244984968865
2018-01-09,865721.1810999999,665789.41065,199931.77044999995,0.23094244984968865
2018-01-10,865721.1810999999,665789.41065,199931.77044999995,0.23094244984968865
2018-01-11,865721.1810999999,665789.41065,199931.77044999995,0.23094244984968865
2018-01-12,865721.1810999999,665789.41065,199931.77044999995,0.23094244984968865
2018-01-15,865721.1810999999,665789.41065,199931.77044999995,0.23094244984968865
2018-01-16,865721.1810999999,665789.41065,199931.77044999995,0.23094244984968865
2018-01-17,865721.1810999999,665789.41065,199931.77044999995,0.23094244984968865
2018-01-18,865721.1810999999,665789.41065,199931.77044999995,0.23094244984968865
2018-01-19,865721.1810999999,665789.41065,199931.77044999995,0.23094244984968865
2018-01-22,865721.1810999999,665789.41065,199931.77044999995,0.23094244984968865
2018-01-23,865721.1810999999,665789.41065,199931.77044999995,0.23094244984968865
2018-01-24,865721.1810999999,665789.41065,199931.77044999995,0.23094244984968865
2018-01-25,865721.1810999999,665789.41065,199931.77044999995,0.23094244984968865
2018-01-26,865721.1810999999,665789.41065,199931.77044999995,0.23094244984968865
2018-01-29,865721.1810999999,665789.41065,199931.77044999995,0.23094244984968865
2018-01-30,865721.1810999999,665789.41065,199931.77044999995,0.23094244984968865
2018-01-31,865721.1810999999,665789.41065,199931.77044999995,0.23094244984968865
2018-02-01,865721.1810999999,665789.41065,199931.77044999995,0.23094244984968865
2018-02-02,867369.7629750001,466066.992525,401302.77045000007,0.4626663132382754
2018-02-05,865236.762975,466066.992525,399169.77044999995,0.46134166684909284
2018-02-06,853577.2345749999,266303.464125,587273.77045,0.6880148001397979
2018-02-07,840836.041325,66280.470875,774555.57045,0.9211731329088196
2018-02-08,850036.7178249999,169.94737500000338,849866.77045,0.9998000705482054
2018-02-09,825107.417825,169.94737500000338,824937.47045,0.9997940299998175
2018-02-12,846007.6178250001,169.94737500000338,845837.6704500001,0.999799118386857
2018-02-13,850920.417825,169.94737500000338,850750.47045,0.9998002781794396
2018-02-14,853850.917825,169.94737500000338,853680.97045,0.9998009636442942
2018-02-22,868524.817825,169.94737500000338,868354.87045,0.999804326403216
2018-02-23,867266.317825,169.94737500000338,867096.37045,0.9998040424590382
2018-02-26,879106.4242,679174.65375,199931.77044999995,0.22742612833473588
2018-02-27,879106.4242,679174.65375,199931.77044999995,0.22742612833473588
2018-02-28,879106.4242,679174.65375,199931.77044999995,0.22742612833473588
2018-03-01,879106.4242,679174.65375,199931.77044999995,0.22742612833473588
2018-03-02,879106.4242,679174.65375,199931.77044999995,0.22742612833473588
2018-03-05,879106.4242,679174.65375,199931.77044999995,0.22742612833473588
2018-03-06,879106.4242,679174.65375,199931.77044999995,0.22742612833473588
2018-03-07,879106.4242,679174.65375,199931.77044999995,0.22742612833473588
2018-03-08,879106.4242,679174.65375,199931.77044999995,0.22742612833473588
2018-03-09,879106.4242,679174.65375,199931.77044999995,0.22742612833473588
2018-03-12,879106.4242,679174.65375,199931.77044999995,0.22742612833473588
2018-03-13,879106.4242,679174.65375,199931.77044999995,0.22742612833473588
2018-03-14,879106.4242,679174.65375,199931.77044999995,0.22742612833473588
2018-03-15,879106.4242,679174.65375,199931.77044999995,0.22742612833473588
2018-03-16,879106.4242,679174.65375,199931.77044999995,0.22742612833473588
2018-03-19,879106.4242,679174.65375,199931.77044999995,0.22742612833473588
2018-03-20,879106.4242,679174.65375,199931.77044999995,0.22742612833473588
2018-03-21,879106.4242,679174.65375,199931.77044999995,0.22742612833473588
2018-03-22,879106.4242,679174.65375,199931.77044999995,0.22742612833473588
2018-03-23,879106.4242,679174.65375,199931.77044999995,0.22742612833473588
2018-03-26,889143.7452250001,279158.77477500006,609984.97045,0.6860363959436523
2018-03-27,898075.0352250001,495944.5647750001,402130.47045,0.4477693451853406
2018-03-28,893940.7450250001,295933.7745750001,598006.9704499999,0.6689559389456803
2018-03-29,903401.4783000001,96016.9078500001,807384.57045,0.8937162378451246
2018-03-30,901157.4783000001,96016.9078500001,805140.57045,0.8934515773745424
2018-04-02,898188.2783000001,96016.9078500001,802171.37045,0.8930993532539401
2018-04-03,893367.4783000001,96016.9078500001,797350.57045,0.8925224947378745
2018-04-04,892534.2783000001,96016.9078500001,796517.37045,0.8924221621685137
2018-04-09,893457.8783000001,96016.9078500001,797440.97045,0.8925333693036617
2018-04-10,906906.2783000001,96016.9078500001,810889.37045,0.8941269785561698
2018-04-11,910149.4897,710217.7192500001,199931.77044999995,0.2196691562348738
2018-04-12,910149.4897,710217.7192500001,199931.77044999995,0.2196691562348738
2018-04-13,910149.4897,710217.7192500001,199931.77044999995,0.2196691562348738
2018-04-16,910149.4897,710217.7192500001,199931.77044999995,0.2196691562348738
2018-04-17,910149.4897,710217.7192500001,199931.77044999995,0.2196691562348738
2018-04-18,908941.2433750001,510382.4729250001,398558.77044999995,0.43848683658594567
2018-04-19,911858.4433750001,510382.4729250001,401475.97045,0.44028321870228465
2018-04-20,908812.5433750001,510382.4729250001,398430.07045,0.438407318818879
2018-04-23,908083.2433750001,510382.4729250001,397700.77044999995,0.4379562923899988
2018-04-24,911772.6433750001,510382.4729250001,401390.17045,0.44023054800615846
2018-04-25,911086.2433750001,510382.4729250001,400703.77044999995,0.43980882530466614
2018-04-26,905509.2433750001,510382.4729250001,395126.77044999995,0.4363586273037805
2018-04-27,906581.7433750001,510382.4729250001,396199.27044999995,0.43702542362593705
2018-05-02,906667.5433750001,510382.4729250001,396285.07045,0.4370786991832302
2018-05-03,909756.3433750002,510382.4729250001,399373.87045000005,0.4389899266526782
2018-05-04,908383.5433750001,510382.4729250001,398001.07045,0.43814209686281896
2018-05-07,911121.828925,711190.0584750001,199931.77044999995,0.21943472772010333
2018-05-08,911121.828925,711190.0584750001,199931.77044999995,0.21943472772010333
2018-05-09,911121.828925,711190.0584750001,199931.77044999995,0.21943472772010333
2018-05-10,911121.828925,711190.0584750001,199931.77044999995,0.21943472772010333
2018-05-11,911121.828925,711190.0584750001,199931.77044999995,0.21943472772010333
2018-05-14,911121.828925,711190.0584750001,199931.77044999995,0.21943472772010333
2018-05-15,913285.8294250001,511142.05897500005,402143.77045000007,0.4403263003688425
2018-05-16,913531.8294250001,511142.05897500005,402389.77045000007,0.44047701184454
2018-05-17,911563.8294250001,511142.05897500005,400421.77045000007,0.43926904241316783
2018-05-18,912055.8294250001,511142.05897500005,400913.77045000007,0.4395715234918828
2018-05-21,914761.8294250001,511142.05897500005,403619.77045000007,0.4412293533320109
2018-05-22,914269.8294250001,511142.05897500005,403127.77045000007,0.44092865965350075
2018-05-23,913285.8294250001,511142.05897500005,402143.77045000007,0.4403263003688425
2018-05-24,911809.8294250001,511142.05897500005,400667.77045000007,0.4394203237561792
2018-05-25,910333.8294250001,511142.05897500005,399191.77045000007,0.4385114092729522
2018-05-28,903252.639225,311131.268775,592121.37045,0.6555434711577994
2018-05-29,897254.248025,111116.477575,786137.77045,0.8761594299279327
2018-05-30,880944.648025,111116.477575,769828.17045,0.873866675024233
2018-05-31,882076.679075,12.908624999996391,882063.77045,0.999985365643026
2018-06-01,872807.3790750001,12.908624999996391,872794.47045,0.9999852102247191
2018-06-04,870835.2790750001,12.908624999996391,870822.37045,0.9999851767316849
2018-06-05,884501.3790750002,12.908624999996391,884488.4704500001,0.9999854057604596
2018-06-06,880626.479075,12.908624999996391,880613.57045,0.9999853415434276
2018-06-07,873758.7790750001,12.908624999996391,873745.87045,0.9999852263286971
2018-06-08,863990.679075,12.908624999996391,863977.77045,0.9999850593006236
2018-06-11,858550.079075,12.908624999996391,858537.17045,0.999984964621966
2018-06-12,864849.679075,12.908624999996391,864836.77045,0.9999850741402669
2018-06-13,850638.579075,12.908624999996391,850625.67045,0.9999848247830305
2018-06-14,846195.579075,12.908624999996391,846182.67045,0.9999847451046552
2018-06-15,830081.679075,12.908624999996391,830068.77045,0.9999844489701128
2018-06-19,791554.2790750001,12.908624999996391,791541.37045,0.9999836920532915
2018-06-20,801982.8790750001,12.908624999996391,801969.97045,0.9999839041139944
2018-06-21,784395.679075,12.908624999996391,784382.77045,0.9999835432227071
2018-06-22,797064.1790750001,12.908624999996391,797051.2704500001,0.9999838047859395
2018-06-25,792667.3790750001,12.908624999996391,792654.47045,0.9999837149536606
2018-06-26,809303.179075,12.908624999996391,809290.27045,0.9999840497043212
2018-06-27,805927.0790750001,12.908624999996391,805914.1704500001,0.9999839828871182
2018-06-28,802458.579075,12.908624999996391,802445.67045,0.9999839136556868
2018-06-29,825370.879075,12.908624999996391,825357.9704499999,0.9999843602126907
2018-07-02,820022.679075,12.908624999996391,820009.77045,0.9999842582097673
2018-07-03,830584.4797,630652.7092500001,199931.77044999995,0.24071214348023165
2018-07-04,830584.4797,630652.7092500001,199931.77044999995,0.24071214348023165
2018-07-05,830584.4797,630652.7092500001,199931.77044999995,0.24071214348023165
2018-07-06,830584.4797,630652.7092500001,199931.77044999995,0.24071214348023165
2018-07-09,830584.4797,630652.7092500001,199931.77044999995,0.24071214348023165
2018-07-10,830584.4797,630652.7092500001,199931.77044999995,0.24071214348023165
2018-07-11,830584.4797,630652.7092500001,199931.77044999995,0.24071214348023165
2018-07-12,830584.4797,630652.7092500001,199931.77044999995,0.24071214348023165
2018-07-13,830584.4797,630652.7092500001,199931.77044999995,0.24071214348023165
2018-07-16,830584.4797,630652.7092500001,199931.77044999995,0.24071214348023165
2018-07-17,830584.4797,630652.7092500001,199931.77044999995,0.24071214348023165
2018-07-18,830584.4797,630652.7092500001,199931.77044999995,0.24071214348023165
2018-07-19,830584.4797,630652.7092500001,199931.77044999995,0.24071214348023165
2018-07-20,830584.4797,630652.7092500001,199931.77044999995,0.24071214348023165
2018-07-23,830584.4797,630652.7092500001,199931.77044999995,0.24071214348023165
2018-07-24,830584.4797,630652.7092500001,199931.77044999995,0.24071214348023165
2018-07-25,830584.4797,630652.7092500001,199931.77044999995,0.24071214348023165
2018-07-26,830584.4797,630652.7092500001,199931.77044999995,0.24071214348023165
2018-07-27,830584.4797,630652.7092500001,199931.77044999995,0.24071214348023165
2018-07-30,830584.4797,630652.7092500001,199931.77044999995,0.24071214348023165
2018-07-31,830584.4797,630652.7092500001,199931.77044999995,0.24071214348023165
2018-08-01,830584.4797,630652.7092500001,199931.77044999995,0.24071214348023165
2018-08-02,830584.4797,630652.7092500001,199931.77044999995,0.24071214348023165
2018-08-03,821951.6950250003,230614.0245750001,591337.6704500001,0.7194311709911543
2018-08-06,812832.9950250001,230614.0245750001,582218.9704499999,0.716283632693937
2018-08-07,831278.8636250001,30.793175000086194,831248.07045,0.9999629568652019
2018-08-08,817995.4636250001,30.793175000086194,817964.67045,0.9999623553230189
2018-08-09,837504.9636250002,30.793175000086194,837474.1704500001,0.9999632322477626
2018-08-10,839444.7636250003,30.793175000086194,839413.9704500001,0.999963317211168
2018-08-13,846488.9636250002,30.793175000086194,846458.1704500001,0.9999636224731528
2018-08-14,840611.4636250002,30.793175000086194,840580.6704500001,0.9999633681238805
2018-08-15,822670.663625,30.793175000086194,822639.8704499999,0.9999625692560077
2018-08-16,819783.4636250001,30.793175000086194,819752.67045,0.9999624374284595
2018-08-17,808341.4636250001,30.793175000086194,808310.67045,0.9999619057336709
2018-08-20,813830.0636250001,30.793175000086194,813799.27045,0.9999621626474906
2018-08-21,822903.0636250001,30.793175000086194,822872.27045,0.9999625798270037
2018-08-22,817763.0636250001,30.793175000086194,817732.27045,0.9999623446247822
2018-08-23,822031.5636250001,30.793175000086194,822000.77045,0.9999625401549493
2018-08-24,818907.263625,30.793175000086194,818876.4704499999,0.9999623972379195
2018-08-27,828641.1546750001,628709.384225,199931.77045000007,0.24127666037588363
2018-08-28,828641.1546750001,628709.384225,199931.77045000007,0.24127666037588363
2018-08-29,828641.1546750001,628709.384225,199931.77045000007,0.24127666037588363
2018-08-30,828641.1546750001,628709.384225,199931.77045000007,0.24127666037588363
2018-08-31,828641.1546750001,628709.384225,199931.77045000007,0.24127666037588363
2018-09-03,828641.1546750001,628709.384225,199931.77045000007,0.24127666037588363
2018-09-04,828641.1546750001,628709.384225,199931.77045000007,0.24127666037588363
2018-09-05,828641.1546750001,628709.384225,199931.77045000007,0.24127666037588363
2018-09-06,828641.1546750001,628709.384225,199931.77045000007,0.24127666037588363
2018-09-07,828641.1546750001,628709.384225,199931.77045000007,0.24127666037588363
2018-09-10,828641.1546750001,628709.384225,199931.77045000007,0.24127666037588363
2018-09-11,829498.1450750001,228971.07462500007,600527.07045,0.7239643319463994
2018-09-12,826439.1450750001,228971.07462500007,597468.07045,0.7229426074629841
2018-09-13,828011.908575,29175.138125000027,798836.77045,0.9647648327000391
2018-09-14,825586.408575,29175.138125000027,796411.27045,0.9646613148884589
2018-09-17,818669.0085750001,29175.138125000027,789493.87045,0.9643627182421585
2018-09-18,828431.708575,29175.138125000027,799256.57045,0.9647826877906632
2018-09-19,836428.1085750001,29175.138125000027,807252.97045,0.9651193714966072
2018-09-20,835525.0085750001,29175.138125000027,806349.87045,0.9650816698176891
2018-09-21,843067.1845,438769.01405,404298.17045,0.4795562890871836
2018-09-25,841079.1845,438769.01405,402310.17045,0.47832615271434054
2018-09-26,843413.5935,643481.82305,199931.77044999995,0.2370506854416735
2018-09-27,843413.5935,643481.82305,199931.77044999995,0.2370506854416735
2018-09-28,843413.5935,643481.82305,199931.77044999995,0.2370506854416735
2018-10-08,843413.5935,643481.82305,199931.77044999995,0.2370506854416735
2018-10-09,837864.99965,443456.4292,394408.57045,0.4707304525368116
2018-10-10,839601.39965,443456.4292,396144.97045,0.4718250477132825
2018-10-11,813015.8046500001,243426.43420000002,569589.37045,0.700588312296347
2018-10-12,821880.2121000001,43406.24165000001,778473.9704500001,0.9471866568741302
2018-10-15,816943.2121,43406.24165000001,773536.97045,0.9468674921254052
2018-10-16,804365.9661,11.39565000001312,804354.57045,0.9999858327546413
2018-10-17,807665.9661,11.39565000001312,807654.57045,0.9999858906398459
2018-10-18,793787.5660999999,11.39565000001312,793776.17045,0.9999856439550244
2018-10-19,811388.7661,11.39565000001312,811377.37045,0.9999859553761697
2018-10-22,847922.5161,261745.94565000004,586176.57045,0.6913091223784286
2018-10-23,841998.5161,261745.94565000004,580252.57045,0.6891372839202086
2018-10-24,841998.5161,261745.94565000004,580252.57045,0.6891372839202086
2018-10-25,836666.9161,261745.94565000004,574920.97045,0.6871563335262612
2018-10-26,835482.1161000001,261745.94565000004,573736.1704500001,0.6867126888702053
2018-10-29,830150.5161,261745.94565000004,568404.57045,0.6847006168475717
2018-10-30,833112.5161,261745.94565000004,571366.57045,0.6858216140176411
2018-10-31,837259.3161,261745.94565000004,575513.37045,0.6873776850053732
2018-11-01,841311.1840000001,641379.41355,199931.77045000007,0.23764306745505007
2018-11-02,841311.1840000001,641379.41355,199931.77045000007,0.23764306745505007
2018-11-05,841311.1840000001,641379.41355,199931.77045000007,0.23764306745505007
2018-11-06,841311.1840000001,641379.41355,199931.77045000007,0.23764306745505007
2018-11-07,841311.1840000001,641379.41355,199931.77045000007,0.23764306745505007
2018-11-08,841311.1840000001,641379.41355,199931.77045000007,0.23764306745505007
2018-11-09,841311.1840000001,641379.41355,199931.77045000007,0.23764306745505007
2018-11-12,841311.1840000001,641379.41355,199931.77045000007,0.23764306745505007
2018-11-13,841311.1840000001,641379.41355,199931.77045000007,0.23764306745505007
2018-11-14,841311.1840000001,641379.41355,199931.77045000007,0.23764306745505007
2018-11-15,841311.1840000001,641379.41355,199931.77045000007,0.23764306745505007
2018-11-16,841311.1840000001,641379.41355,199931.77045000007,0.23764306745505007
2018-11-19,841311.1840000001,641379.41355,199931.77045000007,0.23764306745505007
2018-11-20,841311.1840000001,641379.41355,199931.77045000007,0.23764306745505007
2018-11-21,841311.1840000001,641379.41355,199931.77045000007,0.23764306745505007
2018-11-22,841311.1840000001,641379.41355,199931.77045000007,0.23764306745505007
2018-11-23,841311.1840000001,641379.41355,199931.77045000007,0.23764306745505007
2018-11-26,841311.1840000001,641379.41355,199931.77045000007,0.23764306745505007
2018-11-27,841311.1840000001,641379.41355,199931.77045000007,0.23764306745505007
2018-11-28,841311.1840000001,641379.41355,199931.77045000007,0.23764306745505007
2018-11-29,841311.1840000001,641379.41355,199931.77045000007,0.23764306745505007
2018-11-30,841311.1840000001,641379.41355,199931.77045000007,0.23764306745505007
2018-12-03,841311.1840000001,641379.41355,199931.77045000007,0.23764306745505007
2018-12-04,841311.1840000001,641379.41355,199931.77045000007,0.23764306745505007
2018-12-05,841311.1840000001,641379.41355,199931.77045000007,0.23764306745505007
2018-12-06,841311.1840000001,641379.41355,199931.77045000007,0.23764306745505007
2018-12-07,841311.1840000001,641379.41355,199931.77045000007,0.23764306745505007
2018-12-10,841311.1840000001,641379.41355,199931.77045000007,0.23764306745505007
2018-12-11,841311.1840000001,641379.41355,199931.77045000007,0.23764306745505007
2018-12-12,841311.1840000001,641379.41355,199931.77045000007,0.23764306745505007
2018-12-13,841311.1840000001,641379.41355,199931.77045000007,0.23764306745505007
2018-12-14,841311.1840000001,641379.41355,199931.77045000007,0.23764306745505007
2018-12-17,841311.1840000001,641379.41355,199931.77045000007,0.23764306745505007
2018-12-18,841311.1840000001,641379.41355,199931.77045000007,0.23764306745505007
2018-12-19,841311.1840000001,641379.41355,199931.77045000007,0.23764306745505007
2018-12-20,839284.8879750001,241295.31752500008,597989.57045,0.712498913083983
2018-12-21,835322.487975,241295.31752500008,594027.17045,0.7111351352338766
2018-12-24,838639.105525,41315.53507500008,797323.57045,0.950735024395105
2018-12-25,834623.105525,41315.53507500008,793307.57045,0.9504979735146304
2018-12-26,831494.105525,41315.53507500008,790178.57045,0.9503116921689858
2018-12-27,830577.7055250001,41315.53507500008,789262.1704500001,0.9502568696460678
2018-12-28,832795.2055250001,41315.53507500008,791479.6704500001,0.9503893216472658
2019-01-02,823447.4055250001,41315.53507500008,782131.87045,0.9498261397172553
2019-01-03,824314.805525,41315.53507500008,782999.27045,0.9498789360592809
2019-01-04,838117.2055250001,41315.53507500008,796801.6704500001,0.9507043468352141
2019-01-07,839477.105525,41315.53507500008,798161.57045,0.9507842026863118
2019-01-08,836811.2055250001,41315.53507500008,795495.6704500001,0.9506274117719546
2019-01-09,843790.831975,643859.061525,199931.77044999995,0.23694470581297283
2019-01-10,843790.831975,643859.061525,199931.77044999995,0.23694470581297283
2019-01-11,843790.831975,643859.061525,199931.77044999995,0.23694470581297283
2019-01-14,843790.831975,643859.061525,199931.77044999995,0.23694470581297283
2019-01-15,843790.831975,643859.061525,199931.77044999995,0.23694470581297283
2019-01-16,843790.831975,643859.061525,199931.77044999995,0.23694470581297283
2019-01-17,843790.831975,643859.061525,199931.77044999995,0.23694470581297283
2019-01-18,843790.831975,643859.061525,199931.77044999995,0.23694470581297283
2019-01-21,843790.831975,643859.061525,199931.77044999995,0.23694470581297283
2019-01-22,843790.831975,643859.061525,199931.77044999995,0.23694470581297283
2019-01-23,843790.831975,643859.061525,199931.77044999995,0.23694470581297283
2019-01-24,843790.831975,643859.061525,199931.77044999995,0.23694470581297283
2019-01-25,843790.831975,643859.061525,199931.77044999995,0.23694470581297283
2019-01-28,843790.831975,643859.061525,199931.77044999995,0.23694470581297283
2019-01-29,843790.831975,643859.061525,199931.77044999995,0.23694470581297283
2019-01-30,843790.831975,643859.061525,199931.77044999995,0.23694470581297283
2019-01-31,843790.831975,643859.061525,199931.77044999995,0.23694470581297283
2019-02-01,852314.4279749999,448672.65752499993,403641.77044999995,0.4735831721269883
2019-02-11,853203.4654249998,653271.6949749999,199931.77044999995,0.2343307060413889
2019-02-12,853203.4654249998,653271.6949749999,199931.77044999995,0.2343307060413889
2019-02-13,853203.4654249998,653271.6949749999,199931.77044999995,0.2343307060413889
2019-02-14,853203.4654249998,653271.6949749999,199931.77044999995,0.2343307060413889
2019-02-15,853203.4654249998,653271.6949749999,199931.77044999995,0.2343307060413889
2019-02-18,853203.4654249998,653271.6949749999,199931.77044999995,0.2343307060413889
2019-02-19,853203.4654249998,653271.6949749999,199931.77044999995,0.2343307060413889
2019-02-20,853203.4654249998,653271.6949749999,199931.77044999995,0.2343307060413889
2019-02-21,853203.4654249998,653271.6949749999,199931.77044999995,0.2343307060413889
2019-02-22,853203.4654249998,653271.6949749999,199931.77044999995,0.2343307060413889
2019-02-25,853203.4654249998,653271.6949749999,199931.77044999995,0.2343307060413889
2019-02-26,853203.4654249998,653271.6949749999,199931.77044999995,0.2343307060413889
2019-02-27,853203.4654249998,653271.6949749999,199931.77044999995,0.2343307060413889
2019-02-28,853203.4654249998,653271.6949749999,199931.77044999995,0.2343307060413889
2019-03-01,853203.4654249998,653271.6949749999,199931.77044999995,0.2343307060413889
2019-03-04,853203.4654249998,653271.6949749999,199931.77044999995,0.2343307060413889
2019-03-05,853203.4654249998,653271.6949749999,199931.77044999995,0.2343307060413889
2019-03-06,853203.4654249998,653271.6949749999,199931.77044999995,0.2343307060413889
2019-03-07,853203.4654249998,653271.6949749999,199931.77044999995,0.2343307060413889
2019-03-08,853203.4654249998,653271.6949749999,199931.77044999995,0.2343307060413889
2019-03-11,853203.4654249998,653271.6949749999,199931.77044999995,0.2343307060413889
2019-03-12,853203.4654249998,653271.6949749999,199931.77044999995,0.2343307060413889
2019-03-13,853203.4654249998,653271.6949749999,199931.77044999995,0.2343307060413889
2019-03-14,853203.4654249998,653271.6949749999,199931.77044999995,0.2343307060413889
2019-03-15,853203.4654249998,653271.6949749999,199931.77044999995,0.2343307060413889
2019-03-18,853203.4654249998,653271.6949749999,199931.77044999995,0.2343307060413889
2019-03-19,853203.4654249998,653271.6949749999,199931.77044999995,0.2343307060413889
2019-03-20,853203.4654249998,653271.6949749999,199931.77044999995,0.2343307060413889
2019-03-21,853203.4654249998,653271.6949749999,199931.77044999995,0.2343307060413889
2019-03-22,853203.4654249998,653271.6949749999,199931.77044999995,0.2343307060413889
2019-03-25,853203.4654249998,653271.6949749999,199931.77044999995,0.2343307060413889
2019-03-26,853203.4654249998,653271.6949749999,199931.77044999995,0.2343307060413889
2019-03-27,853203.4654249998,653271.6949749999,199931.77044999995,0.2343307060413889
2019-03-28,853203.4654249998,653271.6949749999,199931.77044999995,0.2343307060413889
2019-03-29,853203.4654249998,653271.6949749999,199931.77044999995,0.2343307060413889
2019-04-01,853203.4654249998,653271.6949749999,199931.77044999995,0.2343307060413889
2019-04-02,853203.4654249998,653271.6949749999,199931.77044999995,0.2343307060413889
2019-04-03,853203.4654249998,653271.6949749999,199931.77044999995,0.2343307060413889
2019-04-04,853203.4654249998,653271.6949749999,199931.77044999995,0.2343307060413889
2019-04-08,853203.4654249998,653271.6949749999,199931.77044999995,0.2343307060413889
2019-04-09,853203.4654249998,653271.6949749999,199931.77044999995,0.2343307060413889
2019-04-10,853203.4654249998,653271.6949749999,199931.77044999995,0.2343307060413889
2019-04-11,853203.4654249998,653271.6949749999,199931.77044999995,0.2343307060413889
2019-04-12,853203.4654249998,653271.6949749999,199931.77044999995,0.2343307060413889
2019-04-15,853203.4654249998,653271.6949749999,199931.77044999995,0.2343307060413889
2019-04-16,853203.4654249998,653271.6949749999,199931.77044999995,0.2343307060413889
2019-04-17,853203.4654249998,653271.6949749999,199931.77044999995,0.2343307060413889
2019-04-18,853203.4654249998,653271.6949749999,199931.77044999995,0.2343307060413889
2019-04-19,853203.4654249998,653271.6949749999,199931.77044999995,0.2343307060413889
2019-04-22,853203.4654249998,653271.6949749999,199931.77044999995,0.2343307060413889
2019-04-23,853203.4654249998,653271.6949749999,199931.77044999995,0.2343307060413889
2019-04-24,853203.4654249998,653271.6949749999,199931.77044999995,0.2343307060413889
2019-04-25,853203.4654249998,653271.6949749999,199931.77044999995,0.2343307060413889
2019-04-26,852382.478925,453275.7084749999,399106.77045000007,0.46822498152864656
2019-04-29,844563.9829249999,253641.81247499987,590922.1704500001,0.6996772090652555
2019-04-30,848036.183725,53595.01327499989,794441.1704500001,0.9368010300697504
2019-05-06,803426.183725,53595.01327499989,749831.1704500001,0.9332919260528548
2019-05-07,811613.2243499999,144.1538999998811,811469.07045,0.9998223859645519
2019-05-08,810528.7243499999,144.1538999998811,810384.57045,0.9998221483142186
2019-05-09,808176.2243499999,144.1538999998811,808032.07045,0.9998216306101855
2019-05-10,834814.02435,144.1538999998811,834669.87045,0.999827322139069
2019-05-13,826622.82435,144.1538999998811,826478.6704500001,0.9998256110335287
2019-05-14,821816.2243499999,144.1538999998811,821672.07045,0.9998245910755608
2019-05-15,832346.82435,144.1538999998811,832202.6704500001,0.9998268102961617
2019-05-16,838185.52435,144.1538999998811,838041.37045,0.9998280167149013
2019-05-17,818813.3243499999,144.1538999998811,818669.17045,0.9998239477842958
2019-05-20,823233.32435,144.1538999998811,823089.1704500001,0.9998248930215334
2019-05-21,833061.1243499999,144.1538999998811,832916.97045,0.9998269587959558
2019-05-22,831124.9061999999,392518.63574999984,438606.27045,0.5277260579945307
2019-05-23,824886.5062,392518.63574999984,432367.8704500001,0.5241543742081402
2019-05-24,825109.3061999998,392518.63574999984,432590.6704499999,0.5242828643422711
2019-05-27,829342.5062,392518.63574999984,436823.8704500001,0.526711059887069
2019-05-28,830345.1061999998,392518.63574999984,437826.47044999996,0.5272825325046759
2019-05-29,832401.7033749998,632469.9329249999,199931.77044999995,0.24018664262623451
2019-05-30,832401.7033749998,632469.9329249999,199931.77044999995,0.24018664262623451
2019-05-31,832401.7033749998,632469.9329249999,199931.77044999995,0.24018664262623451
2019-06-03,832401.7033749998,632469.9329249999,199931.77044999995,0.24018664262623451
2019-06-04,832401.7033749998,632469.9329249999,199931.77044999995,0.24018664262623451
2019-06-05,832401.7033749998,632469.9329249999,199931.77044999995,0.24018664262623451
2019-06-06,832401.7033749998,632469.9329249999,199931.77044999995,0.24018664262623451
2019-06-10,834673.9102749999,232397.53982499984,602276.37045,0.7215708590335214
2019-06-11,847873.8656749999,440523.89522499987,407349.97045,0.4804369929785548
2019-06-12,845302.5656749998,440523.89522499987,404778.67045,0.4788565501712063
2019-06-13,845302.5656749998,440523.89522499987,404778.67045,0.4788565501712063
2019-06-14,848393.2682749999,648461.4978249999,199931.77045000007,0.23565930792509987
2019-06-17,848393.2682749999,648461.4978249999,199931.77045000007,0.23565930792509987
2019-06-18,848393.2682749999,648461.4978249999,199931.77045000007,0.23565930792509987
2019-06-19,848393.2682749999,648461.4978249999,199931.77045000007,0.23565930792509987
2019-06-20,848393.2682749999,648461.4978249999,199931.77045000007,0.23565930792509987
2019-06-21,848393.2682749999,648461.4978249999,199931.77045000007,0.23565930792509987
2019-06-24,848393.2682749999,648461.4978249999,199931.77045000007,0.23565930792509987
2019-06-25,848393.2682749999,648461.4978249999,199931.77045000007,0.23565930792509987
2019-06-26,848393.2682749999,648461.4978249999,199931.77045000007,0.23565930792509987
2019-06-27,848393.2682749999,648461.4978249999,199931.77045000007,0.23565930792509987
2019-06-28,848393.2682749999,648461.4978249999,199931.77045000007,0.23565930792509987
2019-07-01,848393.2682749999,648461.4978249999,199931.77045000007,0.23565930792509987
2019-07-02,848393.2682749999,648461.4978249999,199931.77045000007,0.23565930792509987
2019-07-03,848393.2682749999,648461.4978249999,199931.77045000007,0.23565930792509987
2019-07-04,848393.2682749999,648461.4978249999,199931.77045000007,0.23565930792509987
2019-07-05,848393.2682749999,648461.4978249999,199931.77045000007,0.23565930792509987
2019-07-08,848393.2682749999,648461.4978249999,199931.77045000007,0.23565930792509987
2019-07-09,848393.2682749999,648461.4978249999,199931.77045000007,0.23565930792509987
2019-07-10,847206.2876499998,448489.0171999999,398717.27044999995,0.47062595764718773
2019-07-11,847964.2876499998,448489.0171999999,399475.27044999995,0.4710991680523281
2019-07-12,850756.1911499999,650824.4206999999,199931.77044999995,0.2350047787248477
2019-07-15,850756.1911499999,650824.4206999999,199931.77044999995,0.2350047787248477
2019-07-16,850756.1911499999,650824.4206999999,199931.77044999995,0.2350047787248477
2019-07-17,850756.1911499999,650824.4206999999,199931.77044999995,0.2350047787248477
2019-07-18,850756.1911499999,650824.4206999999,199931.77044999995,0.2350047787248477
2019-07-19,850756.1911499999,650824.4206999999,199931.77044999995,0.2350047787248477
2019-07-22,850756.1911499999,650824.4206999999,199931.77044999995,0.2350047787248477
2019-07-23,850756.1911499999,650824.4206999999,199931.77044999995,0.2350047787248477
2019-07-24,850756.1911499999,650824.4206999999,199931.77044999995,0.2350047787248477
2019-07-25,850756.1911499999,650824.4206999999,199931.77044999995,0.2350047787248477
2019-07-26,850756.1911499999,650824.4206999999,199931.77044999995,0.2350047787248477
2019-07-29,850756.1911499999,650824.4206999999,199931.77044999995,0.2350047787248477
2019-07-30,850756.1911499999,650824.4206999999,199931.77044999995,0.2350047787248477
2019-07-31,850756.1911499999,650824.4206999999,199931.77044999995,0.2350047787248477
2019-08-01,850756.1911499999,650824.4206999999,199931.77044999995,0.2350047787248477
2019-08-02,850756.1911499999,650824.4206999999,199931.77044999995,0.2350047787248477
2019-08-05,845624.3076499999,250790.43719999984,594833.87045,0.7034256998868097
2019-08-06,838934.2076499998,250790.43719999984,588143.77045,0.7010606613568574
2019-08-07,836516.6085249998,50743.93807499984,785772.67045,0.9393389951163374
2019-08-08,844802.1294249998,14.858974999835482,844787.27045,0.9999824112955185
2019-08-09,841914.6294249998,14.858974999835482,841899.77045,0.9999823509718437
2019-08-12,852526.6294249998,14.858974999835482,852511.77045,0.99998257066174
2019-08-13,847640.6294249998,14.858974999835482,847625.77045,0.999982470194934
2019-08-14,851748.1294249998,14.858974999835482,851733.27045,0.9999825547312796
2019-08-15,853250.1294249998,14.858974999835482,853235.27045,0.9999825854406728
2019-08-16,856099.0667999999,252202.29634999984,603896.7704500001,0.7054052432358056
2019-08-19,858394.4762999997,658462.7058499998,199931.77044999995,0.23291362650861924
2019-08-20,858394.4762999997,658462.7058499998,199931.77044999995,0.23291362650861924
2019-08-21,858394.4762999997,658462.7058499998,199931.77044999995,0.23291362650861924
2019-08-22,858394.4762999997,658462.7058499998,199931.77044999995,0.23291362650861924
2019-08-23,858394.4762999997,658462.7058499998,199931.77044999995,0.23291362650861924
2019-08-26,858394.4762999997,658462.7058499998,199931.77044999995,0.23291362650861924
2019-08-27,858394.4762999997,658462.7058499998,199931.77044999995,0.23291362650861924
2019-08-28,858394.4762999997,658462.7058499998,199931.77044999995,0.23291362650861924
2019-08-29,858394.4762999997,658462.7058499998,199931.77044999995,0.23291362650861924
2019-08-30,857376.0016999998,458514.3312499998,398861.67045,0.46521207691740796
2019-09-02,858731.9016999998,458514.3312499998,400217.57045,0.4660564835866748
2019-09-03,858925.6016999998,458514.3312499998,400411.27044999995,0.4661768954814006
2019-09-04,860424.6944249999,660492.9239749998,199931.77045000007,0.23236405433901386
2019-09-05,860424.6944249999,660492.9239749998,199931.77045000007,0.23236405433901386
2019-09-06,860424.6944249999,660492.9239749998,199931.77045000007,0.23236405433901386
2019-09-09,860424.6944249999,660492.9239749998,199931.77045000007,0.23236405433901386
2019-09-10,860424.6944249999,660492.9239749998,199931.77045000007,0.23236405433901386
2019-09-11,860424.6944249999,660492.9239749998,199931.77045000007,0.23236405433901386
2019-09-12,860424.6944249999,660492.9239749998,199931.77045000007,0.23236405433901386
2019-09-16,860424.6944249999,660492.9239749998,199931.77045000007,0.23236405433901386
2019-09-17,860424.6944249999,660492.9239749998,199931.77045000007,0.23236405433901386
2019-09-18,860424.6944249999,660492.9239749998,199931.77045000007,0.23236405433901386
2019-09-19,860424.6944249999,660492.9239749998,199931.77045000007,0.23236405433901386
2019-09-20,860424.6944249999,660492.9239749998,199931.77045000007,0.23236405433901386
2019-09-23,860424.6944249999,660492.9239749998,199931.77045000007,0.23236405433901386
2019-09-24,860424.6944249999,660492.9239749998,199931.77045000007,0.23236405433901386
2019-09-25,860424.6944249999,660492.9239749998,199931.77045000007,0.23236405433901386
2019-09-26,860424.6944249999,660492.9239749998,199931.77045000007,0.23236405433901386
2019-09-27,861938.9051999999,460486.0347499998,401452.8704500001,0.4657555982542046
2019-09-30,860114.0051999998,460486.0347499998,399627.97044999996,0.4646220943200148
2019-10-08,859697.7162499998,260480.2457999998,599217.47045,0.6970094942950247
2019-10-09,860894.5162499998,260480.2457999998,600414.27045,0.6974307062209727
2019-10-10,863300.2162499998,260480.2457999998,602819.97045,0.6982738554943576
2019-10-11,864114.9669999998,464226.29654999985,399888.67045,0.4627725311115923
2019-10-14,866461.2669999999,464226.29654999985,402234.97045,0.4642272952865879
2019-10-15,863072.1669999999,464226.29654999985,398845.87045000005,0.46212343034577325
2019-10-16,861507.9669999998,464226.29654999985,397281.67045,0.4611468328417676
2019-10-17,860465.1669999999,464226.29654999985,396238.87045000005,0.4604937952706226
2019-10-18,857076.0669999998,464226.29654999985,392849.77044999995,0.4583604484781396
2019-10-21,857076.0669999998,464226.29654999985,392849.77044999995,0.4583604484781396
2019-10-22,859161.6669999999,464226.29654999985,394935.37045000005,0.4596752690666774
2019-10-23,857076.0669999998,464226.29654999985,392849.77044999995,0.4583604484781396
2019-10-24,854720.5719249998,264196.0014749998,590524.57045,0.6908978089997552
2019-10-25,858696.1719249998,264196.0014749998,594500.17045,0.6923288933701276
2019-10-28,865934.5719249998,264196.0014749998,601738.57045,0.694900734950813
2019-10-29,866123.2479249998,666191.4774749998,199931.77044999995,0.23083524305459197
2019-10-30,866123.2479249998,666191.4774749998,199931.77044999995,0.23083524305459197
2019-10-31,866123.2479249998,666191.4774749998,199931.77044999995,0.23083524305459197
2019-11-01,866123.2479249998,666191.4774749998,199931.77044999995,0.23083524305459197
2019-11-04,866123.2479249998,666191.4774749998,199931.77044999995,0.23083524305459197
2019-11-05,866123.2479249998,666191.4774749998,199931.77044999995,0.23083524305459197
2019-11-06,866123.2479249998,666191.4774749998,199931.77044999995,0.23083524305459197
2019-11-07,866123.2479249998,666191.4774749998,199931.77044999995,0.23083524305459197
2019-11-08,866123.2479249998,666191.4774749998,199931.77044999995,0.23083524305459197
2019-11-11,866123.2479249998,666191.4774749998,199931.77044999995,0.23083524305459197
2019-11-12,864086.6542749999,266116.8838249999,597969.77045,0.6920252355381167
2019-11-13,863181.4542749999,266116.8838249999,597064.57045,0.6917022689643908
2019-11-14,865370.3709499999,66133.60049999991,799236.77045,0.9235776926041519
2019-11-15,860437.3709499999,66133.60049999991,794303.77045,0.92313955351918
2019-11-18,863708.6709499999,66133.60049999991,797575.07045,0.9234306627635692
2019-11-19,873524.0188499999,268691.3483999999,604832.67045,0.6924053115863559
2019-11-20,869646.71885,268691.3483999999,600955.37045,0.691033907705291
2019-11-21,872970.1188499999,268691.3483999999,604278.77045,0.6922101425946191
2019-11-22,875084.0781999999,675152.3077499999,199931.77044999995,0.22847149826019997
2019-11-25,875084.0781999999,675152.3077499999,199931.77044999995,0.22847149826019997
2019-11-26,872470.5899499999,475149.3194999999,397321.27045,0.45539789538667425
2019-11-27,872983.2899499999,475149.3194999999,397833.97044999996,0.45571773827742557
2019-11-28,873837.7899499999,475149.3194999999,398688.47044999996,0.4562499757223964
2019-11-29,869736.18995,475149.3194999999,394586.8704500001,0.4536856980421665
2019-12-02,863768.1184999999,75163.5480499999,788604.57045,0.9129817986561866
2019-12-03,864266.3184999998,75163.5480499999,789102.77045,0.9130319596620959
2019-12-04,870018.5184999999,75163.5480499999,794854.97045,0.9136069561144636
2019-12-05,875213.0184999999,75163.5480499999,800049.47045,0.9141197097606931
2019-12-06,879917.5942499998,280009.3237999999,599908.27045,0.6817777873407945
2019-12-09,874030.4942499999,280009.3237999999,594021.17045,0.6796343770130422
2019-12-10,879224.99425,280009.3237999999,599215.6704500001,0.6815271112272524
2019-12-11,878878.69425,280009.3237999999,598869.37045,0.6814016250115738
2019-12-12,879571.2942499998,280009.3237999999,599561.9704499999,0.6816524986314377
2019-12-13,883279.7343749998,683347.9639249998,199931.77044999995,0.22635158791622198
2019-12-16,883279.7343749998,683347.9639249998,199931.77044999995,0.22635158791622198
2019-12-17,883279.7343749998,683347.9639249998,199931.77044999995,0.22635158791622198
2019-12-18,883279.7343749998,683347.9639249998,199931.77044999995,0.22635158791622198
2019-12-19,883279.7343749998,683347.9639249998,199931.77044999995,0.22635158791622198
2019-12-20,883279.7343749998,683347.9639249998,199931.77044999995,0.22635158791622198
2019-12-23,883279.7343749998,683347.9639249998,199931.77044999995,0.22635158791622198
2019-12-24,883279.7343749998,683347.9639249998,199931.77044999995,0.22635158791622198
2019-12-25,883279.7343749998,683347.9639249998,199931.77044999995,0.22635158791622198
2019-12-26,883279.7343749998,683347.9639249998,199931.77044999995,0.22635158791622198
2019-12-27,883279.7343749998,683347.9639249998,199931.77044999995,0.22635158791622198
2019-12-30,883279.7343749998,683347.9639249998,199931.77044999995,0.22635158791622198
2019-12-31,883279.7343749998,683347.9639249998,199931.77044999995,0.22635158791622198
2020-01-02,883279.7343749998,683347.9639249998,199931.77044999995,0.22635158791622198
2020-01-03,883279.7343749998,683347.9639249998,199931.77044999995,0.22635158791622198
2020-01-06,883279.7343749998,683347.9639249998,199931.77044999995,0.22635158791622198
2020-01-07,883279.7343749998,683347.9639249998,199931.77044999995,0.22635158791622198
2020-01-08,883279.7343749998,683347.9639249998,199931.77044999995,0.22635158791622198
2020-01-09,883279.7343749998,683347.9639249998,199931.77044999995,0.22635158791622198
2020-01-10,883279.7343749998,683347.9639249998,199931.77044999995,0.22635158791622198
2020-01-13,883279.7343749998,683347.9639249998,199931.77044999995,0.22635158791622198
2020-01-14,883279.7343749998,683347.9639249998,199931.77044999995,0.22635158791622198
2020-01-15,883279.7343749998,683347.9639249998,199931.77044999995,0.22635158791622198
2020-01-16,883279.7343749998,683347.9639249998,199931.77044999995,0.22635158791622198
2020-01-17,883279.7343749998,683347.9639249998,199931.77044999995,0.22635158791622198
2020-01-20,883279.7343749998,683347.9639249998,199931.77044999995,0.22635158791622198
2020-01-21,883279.7343749998,683347.9639249998,199931.77044999995,0.22635158791622198
2020-01-22,883229.7461999998,483345.2757499998,399884.47045,0.4527524940939315
2020-01-23,878902.5461999997,483345.2757499998,395557.27044999995,0.4500581687471735
2020-02-03,859644.9039999999,83476.53354999982,776168.37045,0.9028941680901306
2020-02-04,876606.3039999998,83476.53354999982,793129.77045,0.9047730626974823
2020-02-05,879357.7699999997,11.299549999815639,879346.4704499999,0.9999871502244192
2020-02-06,888433.9699999997,11.299549999815639,888422.67045,0.9999872814971271
2020-02-07,886233.6699999998,11.299549999815639,886222.37045,0.999987249920216
2020-02-10,886454.7699999997,11.299549999815639,886443.4704499999,0.9999872531003474
2020-02-11,893427.7699999997,11.299549999815639,893416.4704499999,0.9999873525869922
2020-02-12,896302.1699999998,11.299549999815639,896290.87045,0.9999873931466664
2020-02-13,891675.0699999997,11.299549999815639,891663.77045,0.9999873277269042
2020-02-14,897135.3699999998,11.299549999815639,897124.07045,0.9999874048550781
2020-02-17,906324.8888749998,301860.31842499983,604464.57045,0.6669402748062099
2020-02-18,902522.8888749998,301860.31842499983,600662.57045,0.6655372155699336
2020-02-19,901382.2888749997,301860.31842499983,599521.9704499999,0.6651139897570578
2020-02-20,904703.3358749999,704771.5654249998,199931.77045000007,0.22099152564374322
2020-02-21,904703.3358749999,704771.5654249998,199931.77045000007,0.22099152564374322
2020-02-24,904703.3358749999,704771.5654249998,199931.77045000007,0.22099152564374322
2020-02-25,904703.3358749999,704771.5654249998,199931.77045000007,0.22099152564374322
2020-02-26,904703.3358749999,704771.5654249998,199931.77045000007,0.22099152564374322
2020-02-27,904703.3358749999,704771.5654249998,199931.77045000007,0.22099152564374322
2020-02-28,904703.3358749999,704771.5654249998,199931.77045000007,0.22099152564374322
2020-03-02,904703.3358749999,704771.5654249998,199931.77045000007,0.22099152564374322
2020-03-03,904703.3358749999,704771.5654249998,199931.77045000007,0.22099152564374322
2020-03-04,904703.3358749999,704771.5654249998,199931.77045000007,0.22099152564374322
2020-03-05,904703.3358749999,704771.5654249998,199931.77045000007,0.22099152564374322
2020-03-06,904703.3358749999,704771.5654249998,199931.77045000007,0.22099152564374322
2020-03-09,904703.3358749999,704771.5654249998,199931.77045000007,0.22099152564374322
2020-03-10,912493.7533249998,504791.3828749998,407702.37045000005,0.44680017694848817
2020-03-11,908573.5533249998,504791.3828749998,403782.17045,0.4444132992560986
2020-03-12,904192.1533249998,504791.3828749998,399400.77045000007,0.44172111976561335
2020-03-13,903039.1533249998,504791.3828749998,398247.77045000007,0.44100830953303355
2020-03-16,885848.1796749998,304846.80922499974,581001.37045,0.655870140934486
2020-03-17,885074.3796749997,304846.80922499974,580227.57045,0.6555692761811275
2020-03-18,874581.6874249998,104827.81697499973,769753.87045,0.8801394786990788
2020-03-19,873432.7874249996,104827.81697499973,768604.9704499999,0.879981816020387
2020-03-20,882729.2618249996,299.2913749997242,882429.9704499999,0.999660947713027
2020-03-23,859745.0618249996,299.2913749997242,859445.77045,0.9996518835777151
2020-03-24,872535.6618249997,299.2913749997242,872236.37045,0.99965698665614
2020-03-25,890357.8618249997,299.2913749997242,890058.57045,0.9996638527182922
2020-03-26,887040.6618249997,299.2913749997242,886741.37045,0.9996625956532997
2020-03-27,885401.8618249997,299.2913749997242,885102.57045,0.9996619711479002
2020-03-30,874151.6618249997,299.2913749997242,873852.37045,0.9996576207675738
2020-03-31,874784.8618249997,299.2913749997242,874485.57045,0.9996578685936846
2020-04-01,874168.6618249997,299.2913749997242,873869.37045,0.9996576274258393
2020-04-02,885490.6618249997,299.2913749997242,885191.37045,0.9996620050465774
2020-04-03,880156.6618249997,299.2913749997242,879857.37045,0.9996599567009138
2020-04-07,889860.3538749998,500605.98342499975,389254.37045000005,0.4374330969516137
2020-04-08,890043.5655749997,690111.7951249997,199931.77044999995,0.22463144297980173
2020-04-09,890043.5655749997,690111.7951249997,199931.77044999995,0.22463144297980173
2020-04-10,890043.5655749997,690111.7951249997,199931.77044999995,0.22463144297980173
2020-04-13,890043.5655749997,690111.7951249997,199931.77044999995,0.22463144297980173
2020-04-14,890043.5655749997,690111.7951249997,199931.77044999995,0.22463144297980173
2020-04-15,890043.5655749997,690111.7951249997,199931.77044999995,0.22463144297980173
2020-04-16,890043.5655749997,690111.7951249997,199931.77044999995,0.22463144297980173
2020-04-17,890043.5655749997,690111.7951249997,199931.77044999995,0.22463144297980173
2020-04-20,890043.5655749997,690111.7951249997,199931.77044999995,0.22463144297980173
2020-04-21,890043.5655749997,690111.7951249997,199931.77044999995,0.22463144297980173
2020-04-22,890043.5655749997,690111.7951249997,199931.77044999995,0.22463144297980173
2020-04-23,890043.5655749997,690111.7951249997,199931.77044999995,0.22463144297980173
2020-04-24,890043.5655749997,690111.7951249997,199931.77044999995,0.22463144297980173
2020-04-27,890043.5655749997,690111.7951249997,199931.77044999995,0.22463144297980173
2020-04-28,890043.5655749997,690111.7951249997,199931.77044999995,0.22463144297980173
2020-04-29,890043.5655749997,690111.7951249997,199931.77044999995,0.22463144297980173
2020-04-30,890043.5655749997,690111.7951249997,199931.77044999995,0.22463144297980173
2020-05-06,890043.5655749997,690111.7951249997,199931.77044999995,0.22463144297980173
2020-05-07,890043.5655749997,690111.7951249997,199931.77044999995,0.22463144297980173
2020-05-08,890043.5655749997,690111.7951249997,199931.77044999995,0.22463144297980173
2020-05-11,890043.5655749997,690111.7951249997,199931.77044999995,0.22463144297980173
2020-05-12,890043.5655749997,690111.7951249997,199931.77044999995,0.22463144297980173
2020-05-13,890043.5655749997,690111.7951249997,199931.77044999995,0.22463144297980173
2020-05-14,890043.5655749997,690111.7951249997,199931.77044999995,0.22463144297980173
2020-05-15,890043.5655749997,690111.7951249997,199931.77044999995,0.22463144297980173
2020-05-18,890043.5655749997,690111.7951249997,199931.77044999995,0.22463144297980173
2020-05-19,890043.5655749997,690111.7951249997,199931.77044999995,0.22463144297980173
2020-05-20,890043.5655749997,690111.7951249997,199931.77044999995,0.22463144297980173
2020-05-21,890043.5655749997,690111.7951249997,199931.77044999995,0.22463144297980173
2020-05-22,890043.5655749997,690111.7951249997,199931.77044999995,0.22463144297980173
2020-05-25,888877.5687749997,490074.5983249997,398802.97045,0.44865905548680624
2020-05-26,890439.9687749997,490074.5983249997,400365.37045000005,0.449626459379168
2020-05-27,888431.1687749997,490074.5983249997,398356.57045,0.4483820294140154
2020-05-28,891109.5687749997,490074.5983249997,401034.97045,0.45004002257690845
2020-05-29,889770.3687749996,490074.5983249997,399695.77044999995,0.44921227372438255
2020-06-01,895522.1769749997,695590.4065249996,199931.77045000007,0.22325719629339963
2020-06-02,895522.1769749997,695590.4065249996,199931.77045000007,0.22325719629339963
2020-06-03,895522.1769749997,695590.4065249996,199931.77045000007,0.22325719629339963
2020-06-04,895522.1769749997,695590.4065249996,199931.77045000007,0.22325719629339963
2020-06-05,895522.1769749997,695590.4065249996,199931.77045000007,0.22325719629339963
2020-06-08,895522.1769749997,695590.4065249996,199931.77045000007,0.22325719629339963
2020-06-09,895522.1769749997,695590.4065249996,199931.77045000007,0.22325719629339963
2020-06-10,895522.1769749997,695590.4065249996,199931.77045000007,0.22325719629339963
2020-06-11,895522.1769749997,695590.4065249996,199931.77045000007,0.22325719629339963
2020-06-12,895522.1769749997,695590.4065249996,199931.77045000007,0.22325719629339963
2020-06-15,895522.1769749997,695590.4065249996,199931.77045000007,0.22325719629339963
2020-06-16,895522.1769749997,695590.4065249996,199931.77045000007,0.22325719629339963
2020-06-17,895522.1769749997,695590.4065249996,199931.77045000007,0.22325719629339963
2020-06-18,895522.1769749997,695590.4065249996,199931.77045000007,0.22325719629339963
2020-06-19,895522.1769749997,695590.4065249996,199931.77045000007,0.22325719629339963
2020-06-22,895522.1769749997,695590.4065249996,199931.77045000007,0.22325719629339963
2020-06-23,895522.1769749997,695590.4065249996,199931.77045000007,0.22325719629339963
2020-06-24,895522.1769749997,695590.4065249996,199931.77045000007,0.22325719629339963
2020-06-29,895522.1769749997,695590.4065249996,199931.77045000007,0.22325719629339963
2020-06-30,895522.1769749997,695590.4065249996,199931.77045000007,0.22325719629339963
2020-07-01,895522.1769749997,695590.4065249996,199931.77045000007,0.22325719629339963
2020-07-02,895522.1769749997,695590.4065249996,199931.77045000007,0.22325719629339963
2020-07-03,895522.1769749997,695590.4065249996,199931.77045000007,0.22325719629339963
2020-07-06,895522.1769749997,695590.4065249996,199931.77045000007,0.22325719629339963
2020-07-07,895522.1769749997,695590.4065249996,199931.77045000007,0.22325719629339963
2020-07-08,895522.1769749997,695590.4065249996,199931.77045000007,0.22325719629339963
2020-07-09,895522.1769749997,695590.4065249996,199931.77045000007,0.22325719629339963
2020-07-10,895522.1769749997,695590.4065249996,199931.77045000007,0.22325719629339963
2020-07-13,895522.1769749997,695590.4065249996,199931.77045000007,0.22325719629339963
2020-07-14,895522.1769749997,695590.4065249996,199931.77045000007,0.22325719629339963
2020-07-15,895522.1769749997,695590.4065249996,199931.77045000007,0.22325719629339963
2020-07-16,895522.1769749997,695590.4065249996,199931.77045000007,0.22325719629339963
2020-07-17,895522.1769749997,695590.4065249996,199931.77045000007,0.22325719629339963
2020-07-20,895522.1769749997,695590.4065249996,199931.77045000007,0.22325719629339963
2020-07-21,895522.1769749997,695590.4065249996,199931.77045000007,0.22325719629339963
2020-07-22,895522.1769749997,695590.4065249996,199931.77045000007,0.22325719629339963
2020-07-23,895522.1769749997,695590.4065249996,199931.77045000007,0.22325719629339963
2020-07-24,895522.1769749997,695590.4065249996,199931.77045000007,0.22325719629339963
2020-07-27,895522.1769749997,695590.4065249996,199931.77045000007,0.22325719629339963
2020-07-28,895522.1769749997,695590.4065249996,199931.77045000007,0.22325719629339963
2020-07-29,895522.1769749997,695590.4065249996,199931.77045000007,0.22325719629339963
2020-07-30,895522.1769749997,695590.4065249996,199931.77045000007,0.22325719629339963
2020-07-31,895522.1769749997,695590.4065249996,199931.77045000007,0.22325719629339963
2020-08-03,895522.1769749997,695590.4065249996,199931.77045000007,0.22325719629339963
2020-08-04,895522.1769749997,695590.4065249996,199931.77045000007,0.22325719629339963
2020-08-05,895522.1769749997,695590.4065249996,199931.77045000007,0.22325719629339963
2020-08-06,895522.1769749997,695590.4065249996,199931.77045000007,0.22325719629339963
2020-08-07,895522.1769749997,695590.4065249996,199931.77045000007,0.22325719629339963
2020-08-10,895522.1769749997,695590.4065249996,199931.77045000007,0.22325719629339963
2020-08-11,895522.1769749997,695590.4065249996,199931.77045000007,0.22325719629339963
2020-08-12,895522.1769749997,695590.4065249996,199931.77045000007,0.22325719629339963
2020-08-13,895522.1769749997,695590.4065249996,199931.77045000007,0.22325719629339963
2020-08-14,895522.1769749997,695590.4065249996,199931.77045000007,0.22325719629339963
2020-08-17,895522.1769749997,695590.4065249996,199931.77045000007,0.22325719629339963
2020-08-18,895522.1769749997,695590.4065249996,199931.77045000007,0.22325719629339963
2020-08-19,895522.1769749997,695590.4065249996,199931.77045000007,0.22325719629339963
2020-08-20,895522.1769749997,695590.4065249996,199931.77045000007,0.22325719629339963
2020-08-21,895522.1769749997,695590.4065249996,199931.77045000007,0.22325719629339963
2020-08-24,895522.1769749997,695590.4065249996,199931.77045000007,0.22325719629339963
2020-08-25,895522.1769749997,695590.4065249996,199931.77045000007,0.22325719629339963
2020-08-26,895522.1769749997,695590.4065249996,199931.77045000007,0.22325719629339963
2020-08-27,895522.1769749997,695590.4065249996,199931.77045000007,0.22325719629339963
2020-08-28,895522.1769749997,695590.4065249996,199931.77045000007,0.22325719629339963
2020-08-31,895522.1769749997,695590.4065249996,199931.77045000007,0.22325719629339963
2020-09-01,895522.1769749997,695590.4065249996,199931.77045000007,0.22325719629339963
2020-09-02,895522.1769749997,695590.4065249996,199931.77045000007,0.22325719629339963
2020-09-03,895522.1769749997,695590.4065249996,199931.77045000007,0.22325719629339963
2020-09-04,895522.1769749997,695590.4065249996,199931.77045000007,0.22325719629339963
2020-09-07,895522.1769749997,695590.4065249996,199931.77045000007,0.22325719629339963
2020-09-08,897148.4069749997,296010.53652499965,601137.87045,0.670053990818435
2020-09-09,882300.7069749996,296010.53652499965,586290.17045,0.6645015308444185
2020-09-10,874037.6378749995,60.16742499964312,873977.4704499999,0.9999311615170876
2020-09-11,881640.3378749997,60.16742499964312,881580.1704500001,0.9999317551359496
2020-09-14,876929.9378749996,60.16742499964312,876869.77045,0.9999313885609318
2020-09-15,885281.4378749996,60.16742499964312,885221.27045,0.9999320358222532
2020-09-16,875235.3378749997,60.16742499964312,875175.1704500001,0.999931255717867
2020-09-17,870503.5378749997,60.16742499964312,870443.37045,0.9999308820442632
2020-09-18,880713.1378749997,60.16742499964312,880652.97045,0.9999316832889029
2020-09-21,879285.3878749995,296985.91742499964,582299.4704499999,0.6622417231989535
2020-09-22,879285.3878749995,296985.91742499964,582299.4704499999,0.6622417231989535
2020-09-23,893249.0878749997,296985.91742499964,596263.1704500001,0.6675217232726024
2020-09-24,887604.1878749996,296985.91742499964,590618.27045,0.6654072598102434
2020-09-25,890195.4024749997,96994.33202499963,793201.07045,0.8910415266633287
2020-09-28,885044.7004749996,302151.03002499964,582893.67045,0.6586036503434951
2020-09-29,888907.0004749997,302151.03002499964,586755.97045,0.6600870171305423
2020-09-30,893662.2450499996,495107.6745999996,398554.57044999994,0.44597897321677854
2020-10-09,894616.2450499996,495107.6745999996,399508.57044999994,0.44656976961967826
2020-10-12,897999.8922499996,698068.1217999996,199931.77044999995,0.22264119648061131
2020-10-13,897999.8922499996,698068.1217999996,199931.77044999995,0.22264119648061131
2020-10-14,897999.8922499996,698068.1217999996,199931.77044999995,0.22264119648061131
2020-10-15,897999.8922499996,698068.1217999996,199931.77044999995,0.22264119648061131
2020-10-16,897999.8922499996,698068.1217999996,199931.77044999995,0.22264119648061131
2020-10-19,897999.8922499996,698068.1217999996,199931.77044999995,0.22264119648061131
2020-10-20,897999.8922499996,698068.1217999996,199931.77044999995,0.22264119648061131
2020-10-21,897999.8922499996,698068.1217999996,199931.77044999995,0.22264119648061131
2020-10-22,897999.8922499996,698068.1217999996,199931.77044999995,0.22264119648061131
2020-10-23,897999.8922499996,698068.1217999996,199931.77044999995,0.22264119648061131
2020-10-26,902874.9227249997,298090.0522749997,604784.87045,0.6698434691537082
2020-10-27,907265.9227249997,298090.0522749997,609175.87045,0.6714413659672376
2020-10-28,910567.8950749997,508148.1246249997,402419.77044999995,0.4419437283332445
2020-10-29,909924.3950749997,508148.1246249997,401776.27044999995,0.4415490700377188
2020-10-30,904776.3950749997,508148.1246249997,396628.27044999995,0.43837159391975766
2020-11-02,899397.0138999997,108123.44344999967,791273.57045,0.8797822966065334
2020-11-03,910956.0138999997,108123.44344999967,802832.57045,0.8813077230951033
2020-11-04,907346.4138999997,108123.44344999967,799222.97045,0.8808355421990832
2020-11-05,916539.4138999997,108123.44344999967,808415.97045,0.8820307759707575
2020-11-06,917028.9533999998,313913.9829499997,603114.9704500001,0.6576836731423537
2020-11-09,923848.0271999997,723916.2567499997,199931.77044999995,0.21641196881261254
2020-11-10,923848.0271999997,723916.2567499997,199931.77044999995,0.21641196881261254
2020-11-11,923848.0271999997,723916.2567499997,199931.77044999995,0.21641196881261254
2020-11-12,924531.6637999997,524012.6933499997,400518.97045,0.43321282129353084
2020-11-13,924636.4637999998,524012.6933499997,400623.77045000007,0.43327706199639515
2020-11-16,926208.4637999998,524012.6933499997,402195.77045000007,0.43423892802695
2020-11-17,921597.2637999997,524012.6933499997,397584.57045,0.43140814981443104
2020-11-18,915619.8828249997,324038.81237499975,591581.07045,0.6460989779129419
2020-11-19,919824.2008249997,124060.83037499976,795763.3704499999,0.8651254986945023
2020-11-20,921985.5008249998,124060.83037499976,797924.67045,0.8654416688071676
2020-11-23,922156.2008249997,124060.83037499976,798095.3704499999,0.8654665768510695
2020-11-24,914162.6008249997,124060.83037499976,790101.77045,0.8642901927260651
2020-11-25,901241.6008249997,124060.83037499976,777180.77045,0.8623445364024097
2020-11-26,895659.4992999997,23.72884999975213,895635.77045,0.9999735068404698
2020-11-27,899103.4992999997,23.72884999975213,899079.77045,0.9999736083220473
2020-11-30,904287.4992999997,23.72884999975213,904263.77045,0.9999737596173583
2020-12-01,922663.4992999997,23.72884999975213,922639.77045,0.9999742822274668
2020-12-02,920667.4992999997,23.72884999975213,920643.77045,0.9999742264715353
2020-12-03,928733.2592999998,728801.4888499997,199931.77045000007,0.21527361968353717
2020-12-04,928733.2592999998,728801.4888499997,199931.77045000007,0.21527361968353717
2020-12-07,928733.2592999998,728801.4888499997,199931.77045000007,0.21527361968353717
2020-12-08,928733.2592999998,728801.4888499997,199931.77045000007,0.21527361968353717
2020-12-09,928733.2592999998,728801.4888499997,199931.77045000007,0.21527361968353717
2020-12-10,928733.2592999998,728801.4888499997,199931.77045000007,0.21527361968353717
2020-12-11,928733.2592999998,728801.4888499997,199931.77045000007,0.21527361968353717
2020-12-14,931707.2877999997,328815.51734999975,602891.77045,0.647082810604157
2020-12-15,932163.2877999997,328815.51734999975,603347.77045,0.6472554522866505
2020-12-16,929421.2877999997,328815.51734999975,600605.77045,0.6462147772316176
2020-12-17,930760.1212999998,533430.3508499998,397329.77044999995,0.42688740241153267
2020-12-18,931218.1212999998,533430.3508499998,397787.77044999995,0.4271692757596684
2020-12-21,934195.1212999998,533430.3508499998,400764.77044999995,0.4289947156781411
2020-12-22,930760.1212999998,533430.3508499998,397329.77044999995,0.42688740241153267
2020-12-23,929844.1212999998,533430.3508499998,396413.77044999995,0.4263228226853555
2020-12-24,925264.1212999998,533430.3508499998,391833.77044999995,0.4234831562467503
2020-12-25,923203.1212999998,533430.3508499998,389772.77044999995,0.42219611422147824
2020-12-28,920455.1212999998,533430.3508499998,387024.77044999995,0.42047109249974907
2020-12-29,926180.1212999998,533430.3508499998,392749.77044999995,0.42405333629783665
2020-12-30,928012.1212999998,533430.3508499998,394581.77044999995,0.4251903196019171
2020-12-31,930760.1212999998,533430.3508499998,397329.77044999995,0.42688740241153267
2021-01-04,931855.4855499999,731923.7150999998,199931.77045000007,0.21455233515312336
2021-01-05,931855.4855499999,731923.7150999998,199931.77045000007,0.21455233515312336
2021-01-06,931855.4855499999,731923.7150999998,199931.77045000007,0.21455233515312336
2021-01-07,931855.4855499999,731923.7150999998,199931.77045000007,0.21455233515312336
2021-01-08,931855.4855499999,731923.7150999998,199931.77045000007,0.21455233515312336
2021-01-11,931855.4855499999,731923.7150999998,199931.77045000007,0.21455233515312336
2021-01-12,931855.4855499999,731923.7150999998,199931.77045000007,0.21455233515312336
2021-01-13,931855.4855499999,731923.7150999998,199931.77045000007,0.21455233515312336
2021-01-14,931855.4855499999,731923.7150999998,199931.77045000007,0.21455233515312336
2021-01-15,931855.4855499999,731923.7150999998,199931.77045000007,0.21455233515312336
2021-01-18,931855.4855499999,731923.7150999998,199931.77045000007,0.21455233515312336
2021-01-19,931855.4855499999,731923.7150999998,199931.77045000007,0.21455233515312336
2021-01-20,931855.4855499999,731923.7150999998,199931.77045000007,0.21455233515312336
2021-01-21,931855.4855499999,731923.7150999998,199931.77045000007,0.21455233515312336
2021-01-22,931855.4855499999,731923.7150999998,199931.77045000007,0.21455233515312336
2021-01-25,931855.4855499999,731923.7150999998,199931.77045000007,0.21455233515312336
2021-01-26,931855.4855499999,731923.7150999998,199931.77045000007,0.21455233515312336
2021-01-27,931855.4855499999,731923.7150999998,199931.77045000007,0.21455233515312336
2021-01-28,931855.4855499999,731923.7150999998,199931.77045000007,0.21455233515312336
2021-01-29,931855.4855499999,731923.7150999998,199931.77045000007,0.21455233515312336
2021-02-01,929178.7325249999,332011.6620749999,597167.07045,0.64268267185499
2021-02-02,936919.432525,332011.6620749999,604907.7704500001,0.6456347786701064
2021-02-03,922157.6325249999,332011.6620749999,590145.97045,0.6399621383972018
2021-02-04,916246.7325249999,332011.6620749999,584235.07045,0.6376394585767967
2021-02-05,907796.7325249999,332011.6620749999,575785.07045,0.6342665156421935
2021-02-08,910075.432525,332011.6620749999,578063.7704500001,0.635182260492589
2021-02-09,934678.432525,332011.6620749999,602666.7704500001,0.6447851469322102
2021-02-10,930775.5325249999,332011.6620749999,598763.87045,0.6432956706819296
2021-02-18,927273.5325249999,332011.6620749999,595261.87045,0.6419485185014179
2021-02-19,927934.8325249999,332011.6620749999,595923.17045,0.6422036866839407
2021-02-22,912463.7325249999,332011.6620749999,580452.07045,0.6361371414113675
2021-02-23,924497.932525,332011.6620749999,592486.2704500001,0.6408735483396857
2021-02-24,923994.2325249999,332011.6620749999,591982.57045,0.6406777765617526
2021-02-25,933138.9085749998,733207.1381249998,199931.77044999995,0.2142572436030093
2021-02-26,936542.0357499998,333215.8652999998,603326.1704500001,0.6442061834062212
2021-03-01,951453.9357499997,333215.8652999998,618238.07045,0.6497824510680733
2021-03-02,948563.1357499999,333215.8652999998,615347.2704500002,0.6487151432081154
2021-03-03,950134.3357499999,333215.8652999998,616918.4704500001,0.6492960492402668
2021-03-04,927085.6357499997,333215.8652999998,593869.77045,0.6405770379233278
2021-03-05,930553.1426749998,133193.57222499975,797359.57045,0.8568662378140844
2021-03-08,901589.2426749996,133193.57222499975,768395.6704499999,0.8522680108407052
2021-03-09,887595.9426749998,133193.57222499975,754402.37045,0.8499389577834409
2021-03-10,894479.5553999997,11.184949999733362,894468.37045,0.9999874955778115
2021-03-11,917372.7553999997,11.184949999733362,917361.57045,0.9999878076278875
2021-03-12,930295.1553999998,11.184949999733362,930283.9704500001,0.9999879769878035
2021-03-15,898659.1553999996,11.184949999733362,898647.9704499999,0.9999875537349924
2021-03-16,903790.5553999997,11.184949999733362,903779.37045,0.9999876244004401
2021-03-17,911772.5553999997,11.184949999733362,911761.37045,0.9999877327410949
2021-03-18,921582.3553999998,11.184949999733362,921571.1704500001,0.9999878633201535
2021-03-19,901948.5553999997,11.184949999733362,901937.37045,0.9999875991264328
2021-03-22,911669.9553999996,11.184949999733362,911658.77045,0.9999877313605287
2021-03-23,897753.1553999996,11.184949999733362,897741.9704499999,0.9999875411743948
2021-03-24,885853.5553999997,11.184949999733362,885842.37045,0.9999873738159863
2021-03-25,888192.7553999997,11.184949999733362,888181.57045,0.9999874070690943
2021-03-26,912972.1553999996,11.184949999733362,912960.9704499999,0.9999877488596629
2021-03-29,910816.0628499999,321900.8923999997,588915.1704500001,0.6465796931679576
2021-03-30,913071.6286499996,713139.8581999997,199931.77044999995,0.2189661404172686
2021-03-31,913071.6286499996,713139.8581999997,199931.77044999995,0.2189661404172686
2021-04-01,913071.6286499996,713139.8581999997,199931.77044999995,0.2189661404172686
2021-04-02,913071.6286499996,713139.8581999997,199931.77044999995,0.2189661404172686
2021-04-06,913071.6286499996,713139.8581999997,199931.77044999995,0.2189661404172686
2021-04-07,913071.6286499996,713139.8581999997,199931.77044999995,0.2189661404172686
2021-04-08,913071.6286499996,713139.8581999997,199931.77044999995,0.2189661404172686
2021-04-09,913071.6286499996,713139.8581999997,199931.77044999995,0.2189661404172686
2021-04-12,913071.6286499996,713139.8581999997,199931.77044999995,0.2189661404172686
2021-04-13,912783.6480249995,313117.37757499964,599666.27045,0.6569643000808623
2021-04-14,917741.6480249995,313117.37757499964,604624.27045,0.6588175133504781
2021-04-15,914193.0480249997,313117.37757499964,601075.6704500001,0.65749315393346
2021-04-16,917015.3480249997,313117.37757499964,603897.9704500001,0.658547287949576
2021-04-19,923547.4977749996,723615.7273249996,199931.77044999995,0.21648239092377314
2021-04-20,923547.4977749996,723615.7273249996,199931.77044999995,0.21648239092377314
2021-04-21,923547.4977749996,723615.7273249996,199931.77044999995,0.21648239092377314
2021-04-22,923547.4977749996,723615.7273249996,199931.77044999995,0.21648239092377314
2021-04-23,923547.4977749996,723615.7273249996,199931.77044999995,0.21648239092377314
2021-04-26,923547.4977749996,723615.7273249996,199931.77044999995,0.21648239092377314
2021-04-27,923547.4977749996,723615.7273249996,199931.77044999995,0.21648239092377314
2021-04-28,923547.4977749996,723615.7273249996,199931.77044999995,0.21648239092377314
2021-04-29,923547.4977749996,723615.7273249996,199931.77044999995,0.21648239092377314
2021-04-30,923547.4977749996,723615.7273249996,199931.77044999995,0.21648239092377314
2021-05-06,928302.0273749996,323634.1569249996,604667.87045,0.6513697618003118
2021-05-07,922622.5273749996,323634.1569249996,598988.37045,0.6492236561296768
2021-05-10,910666.5632999996,96.99284999961674,910569.57045,0.9998934924659493
2021-05-11,929264.3632999996,96.99284999961674,929167.37045,0.9998956240507759
2021-05-12,926796.7632999995,96.99284999961674,926699.77045,0.9998953461494037
2021-05-13,924147.3632999996,96.99284999961674,924050.37045,0.9998950461215912
2021-05-14,942546.4874499997,742614.7169999997,199931.77044999995,0.21211873696638858
2021-05-17,942546.4874499997,742614.7169999997,199931.77044999995,0.21211873696638858
2021-05-18,942546.4874499997,742614.7169999997,199931.77044999995,0.21211873696638858
2021-05-19,942546.4874499997,742614.7169999997,199931.77044999995,0.21211873696638858
2021-05-20,942546.4874499997,742614.7169999997,199931.77044999995,0.21211873696638858
2021-05-21,942546.4874499997,742614.7169999997,199931.77044999995,0.21211873696638858
2021-05-24,942546.4874499997,742614.7169999997,199931.77044999995,0.21211873696638858
2021-05-25,942546.4874499997,742614.7169999997,199931.77044999995,0.21211873696638858
2021-05-26,942546.4874499997,742614.7169999997,199931.77044999995,0.21211873696638858
2021-05-27,942546.4874499997,742614.7169999997,199931.77044999995,0.21211873696638858
2021-05-28,942546.4874499997,742614.7169999997,199931.77044999995,0.21211873696638858
2021-05-31,942546.4874499997,742614.7169999997,199931.77044999995,0.21211873696638858
2021-06-01,942546.4874499997,742614.7169999997,199931.77044999995,0.21211873696638858
2021-06-02,942546.4874499997,742614.7169999997,199931.77044999995,0.21211873696638858
2021-06-03,942546.4874499997,742614.7169999997,199931.77044999995,0.21211873696638858
2021-06-04,942546.4874499997,742614.7169999997,199931.77044999995,0.21211873696638858
2021-06-07,942546.4874499997,742614.7169999997,199931.77044999995,0.21211873696638858
2021-06-08,942546.4874499997,742614.7169999997,199931.77044999995,0.21211873696638858
2021-06-09,942546.4874499997,742614.7169999997,199931.77044999995,0.21211873696638858
2021-06-10,942546.4874499997,742614.7169999997,199931.77044999995,0.21211873696638858
2021-06-11,942546.4874499997,742614.7169999997,199931.77044999995,0.21211873696638858
2021-06-15,940335.9979499996,542606.7274999997,397729.27044999995,0.4229650585717004
2021-06-16,938547.9979499996,542606.7274999997,395941.27044999995,0.4218657663910902
2021-06-17,937793.2164249998,142980.74597499968,794812.4704500001,0.8475348899194831
2021-06-18,934529.5164249998,142980.74597499968,791548.7704500002,0.8470024290704418
2021-06-21,930195.0164249998,142980.74597499968,787214.2704500002,0.8462894947292723
2021-06-22,934069.2164249998,142980.74597499968,791088.4704500001,0.8469270333924123
2021-06-23,934830.1164249997,142980.74597499968,791849.37045,0.8470516263192396
2021-06-24,938346.4164249997,142980.74597499968,795365.6704500001,0.8476247753790748
2021-06-25,945457.2322749997,347266.2618249997,598190.97045,0.6327001899500068
2021-06-28,945457.2322749997,347266.2618249997,598190.97045,0.6327001899500068
2021-06-29,937937.2322749996,347266.2618249997,590670.9704499999,0.6297553291677171
2021-06-30,940343.6322749997,347266.2618249997,593077.37045,0.6307028091583406
2021-07-01,943201.2322749997,347266.2618249997,595934.97045,0.6318216622900353
2021-07-02,931921.2322749996,347266.2618249997,584654.9704499999,0.6273652216537059
2021-07-05,927283.4508749996,147290.6804249997,779992.77045,0.841158946289817
2021-07-06,933486.5508749996,147290.6804249997,786195.8704499999,0.842214459022535
2021-07-07,939950.9508749996,147290.6804249997,792660.27045,0.8432996101680764
2021-07-08,935233.6100499997,359001.03959999967,576232.57045,0.6161375770265499
2021-07-09,932194.8117499998,158957.84129999965,773236.9704500001,0.8294800193088506
2021-07-12,934433.0242499997,168.1537999996508,934264.87045,0.999820047241872
2021-07-13,941966.1242499995,44.4537999996508,941921.6704499999,0.9999528074323957
2021-07-14,933635.5242499997,44.4537999996508,933591.07045,0.9999523863447298
2021-07-15,943990.0242499997,44.4537999996508,943945.57045,0.9999529086125301
2021-07-16,943275.4242499998,44.4537999996508,943230.9704500001,0.9999528729373661
2021-07-19,945200.5242499997,44.4537999996508,945156.07045,0.9999529689215577
2021-07-20,938513.0242499997,44.4537999996508,938468.57045,0.999952633795322
2021-07-21,935492.5242499998,44.4537999996508,935448.0704500001,0.9999524808602449
2021-07-22,937516.4242499996,44.4537999996508,937471.9704499999,0.9999525834440338
2021-07-23,930478.8242499997,44.4537999996508,930434.37045,0.9999522248128156
2021-07-26,902793.6242499996,44.4537999996508,902749.17045,0.9999507597320079
2021-07-27,874497.4242499998,44.4537999996508,874452.9704500001,0.9999491664597665
2021-07-28,878900.1242499996,44.4537999996508,878855.67045,0.9999494211017007
2021-07-29,878681.4242499997,44.4537999996508,878636.97045,0.9999494085128321
2021-07-30,867741.8242499997,44.4537999996508,867697.37045,0.999948770707188
2021-08-02,886334.8242499997,44.4537999996508,886290.37045,0.9999498453645469
2021-08-03,892178.2242499996,44.4537999996508,892133.77045,0.9999501738567571
2021-08-04,887253.7242499997,44.4537999996508,887209.2704500001,0.9999498973080815
2021-08-05,882047.2242499996,44.4537999996508,882002.77045,0.9999496015646583
2021-08-06,881264.5242499998,44.4537999996508,881220.0704500001,0.999949556803007
2021-08-09,901672.3242499997,44.4537999996508,901627.87045,0.9999506984978865
2021-08-10,906920.7439249996,706988.9734749997,199931.77044999995,0.22045120457244044
2021-08-11,906920.7439249996,706988.9734749997,199931.77044999995,0.22045120457244044
2021-08-12,906920.7439249996,706988.9734749997,199931.77044999995,0.22045120457244044
2021-08-13,906920.7439249996,706988.9734749997,199931.77044999995,0.22045120457244044
2021-08-16,906920.7439249996,706988.9734749997,199931.77044999995,0.22045120457244044
2021-08-17,906920.7439249996,706988.9734749997,199931.77044999995,0.22045120457244044
2021-08-18,907858.4592499996,507000.28879999963,400858.17045,0.44154258449181283
2021-08-19,909551.6592499997,507000.28879999963,402551.37045000005,0.4425821956962146
2021-08-20,903625.4592499996,507000.28879999963,396625.17045,0.4389265114101533
2021-08-23,912131.7844249996,307051.01397499966,605080.77045,0.6633698998127096
2021-08-24,921249.1844249996,307051.01397499966,614198.17045,0.6667014536716833
2021-08-25,928502.1844249998,307051.01397499966,621451.1704500001,0.6693050171280434
2021-08-26,916391.5844249997,307051.01397499966,609340.57045,0.6649347078327195
2021-08-27,915502.1844249996,307051.01397499966,608451.17045,0.6646091956974963
2021-08-30,916703.8844249997,307051.01397499966,609652.87045,0.6650488568971248
2021-08-31,910246.6844249996,307051.01397499966,603195.67045,0.6626727465983983
2021-09-01,915682.7844249996,307051.01397499966,608631.77045,0.6646753447834979
2021-09-02,908998.8844249996,307051.01397499966,601947.8704499999,0.6622096910831423
2021-09-03,908114.1844249998,307051.01397499966,601063.1704500001,0.6618806101245754
2021-09-06,921179.8534249996,520321.68297499965,400858.17045,0.4351573354102201
2021-09-07,922117.0748999997,722185.3044499997,199931.77044999995,0.21681820659451714
2021-09-08,922117.0748999997,722185.3044499997,199931.77044999995,0.21681820659451714
2021-09-09,922117.0748999997,722185.3044499997,199931.77044999995,0.21681820659451714
2021-09-10,922117.0748999997,722185.3044499997,199931.77044999995,0.21681820659451714
2021-09-13,922117.0748999997,722185.3044499997,199931.77044999995,0.21681820659451714
2021-09-14,922117.0748999997,722185.3044499997,199931.77044999995,0.21681820659451714
2021-09-15,922117.0748999997,722185.3044499997,199931.77044999995,0.21681820659451714
2021-09-16,922117.0748999997,722185.3044499997,199931.77044999995,0.21681820659451714
2021-09-17,922117.0748999997,722185.3044499997,199931.77044999995,0.21681820659451714
2021-09-22,922117.0748999997,722185.3044499997,199931.77044999995,0.21681820659451714
2021-09-23,922117.0748999997,722185.3044499997,199931.77044999995,0.21681820659451714
2021-09-24,922117.0748999997,722185.3044499997,199931.77044999995,0.21681820659451714
2021-09-27,922117.0748999997,722185.3044499997,199931.77044999995,0.21681820659451714
2021-09-28,922436.6864999997,522181.7160499997,400254.97045,0.433910507146769
2021-09-29,915968.6864999997,522181.7160499997,393786.97045,0.42991313595522146
2021-09-30,925807.7115999996,122182.14114999963,803625.57045,0.868026438299113
2021-10-08,925133.9115999995,122182.14114999963,802951.77045,0.8679303183917578
2021-10-11,926894.4115999998,122182.14114999963,804712.2704500002,0.868181165383132
2021-10-12,910763.3115999997,122182.14114999963,788581.1704500001,0.8658464393615571
2021-10-13,915099.7115999996,122182.14114999963,792917.57045,0.8664821553310611
2021-10-14,922046.6115999997,122182.14114999963,799864.4704500001,0.867488107853918
2021-10-15,923720.7115999996,122182.14114999963,801538.57045,0.8677282650311425
2021-10-18,930068.1115999997,122182.14114999963,807885.9704500001,0.8686309748435422
2021-10-19,935054.1115999997,122182.14114999963,812871.9704500001,0.8693314754362932
2021-10-20,936025.2953749998,736093.5249249997,199931.77045000007,0.2135965464158759
2021-10-21,936025.2953749998,736093.5249249997,199931.77045000007,0.2135965464158759
2021-10-22,936025.2953749998,736093.5249249997,199931.77045000007,0.2135965464158759
2021-10-25,936025.2953749998,736093.5249249997,199931.77045000007,0.2135965464158759
2021-10-26,936025.2953749998,736093.5249249997,199931.77045000007,0.2135965464158759
2021-10-27,936025.2953749998,736093.5249249997,199931.77045000007,0.2135965464158759
2021-10-28,936234.7283749997,336125.55792499974,600109.17045,0.6409815319408149
2021-10-29,941244.6283749997,336125.55792499974,605119.07045,0.6428924555932929
2021-11-01,927279.0464999997,136148.07604999974,791130.9704499999,0.853174644068699
2021-11-02,912645.2401499997,88.66969999973662,912556.57045,0.9999028431902136
2021-11-03,920232.8401499997,88.66969999973662,920144.17045,0.9999036442776968
2021-11-04,920133.2401499996,88.66969999973662,920044.5704499999,0.9999036338476531
2021-11-05,918699.2401499997,88.66969999973662,918610.57045,0.9999034834294788
2021-11-08,898199.6401499998,88.66969999973662,898110.97045,0.999901280632906
2021-11-09,904448.0401499998,88.66969999973662,904359.37045,0.9999019626379144
2021-11-10,928534.4401499999,88.66969999973662,928445.7704500002,0.9999045057499586
2021-11-11,923613.2401499999,88.66969999973662,923524.5704500001,0.9999039969370888
2021-11-12,922176.8401499997,88.66969999973662,922088.17045,0.9999038474009114
2021-11-15,933064.7332499998,733132.9627999997,199931.77045000007,0.21427427629121584
2021-11-16,933064.7332499998,733132.9627999997,199931.77045000007,0.21427427629121584
2021-11-17,935503.3718999997,533237.6014499997,402265.77044999995,0.42999927368834756
2021-11-18,935070.5718999997,533237.6014499997,401832.97045,0.42973544727592355
2021-11-19,937018.1718999997,533237.6014499997,403780.57045,0.4309207468530207
2021-11-22,939130.6686999998,739198.8982499997,199931.77045000007,0.2128902581008854
2021-11-23,939130.6686999998,739198.8982499997,199931.77045000007,0.2128902581008854
2021-11-24,939130.6686999998,739198.8982499997,199931.77045000007,0.2128902581008854
2021-11-25,939130.6686999998,739198.8982499997,199931.77045000007,0.2128902581008854
2021-11-26,939130.6686999998,739198.8982499997,199931.77045000007,0.2128902581008854
2021-11-29,939130.6686999998,739198.8982499997,199931.77045000007,0.2128902581008854
2021-11-30,939130.6686999998,739198.8982499997,199931.77045000007,0.2128902581008854
2021-12-01,939130.6686999998,739198.8982499997,199931.77045000007,0.2128902581008854
2021-12-02,939130.6686999998,739198.8982499997,199931.77045000007,0.2128902581008854
2021-12-03,939130.6686999998,739198.8982499997,199931.77045000007,0.2128902581008854
2021-12-06,939130.6686999998,739198.8982499997,199931.77045000007,0.2128902581008854
2021-12-07,938429.0922499998,339193.1217999997,599235.9704500001,0.6385522096435201
2021-12-08,944154.4922499997,339193.1217999997,604961.37045,0.6407440470979767
2021-12-09,948202.1973499998,748270.4268999997,199931.77045000007,0.21085351943790254
2021-12-10,948202.1973499998,748270.4268999997,199931.77045000007,0.21085351943790254
2021-12-13,948202.1973499998,748270.4268999997,199931.77045000007,0.21085351943790254
2021-12-14,948202.1973499998,748270.4268999997,199931.77045000007,0.21085351943790254
2021-12-15,948202.1973499998,748270.4268999997,199931.77045000007,0.21085351943790254
2021-12-16,950425.2287999998,348296.2583499998,602128.97045,0.6335363921370688
2021-12-17,946634.2287999998,348296.2583499998,598337.97045,0.6320688099441352
2021-12-20,937991.6287999998,348296.2583499998,589695.37045,0.628678713481073
2021-12-21,943196.9406749997,148293.77022499978,794903.17045,0.8427753909815768
2021-12-22,942127.4406749998,148293.77022499978,793833.6704500001,0.8425969101178576
2021-12-23,937568.9406749998,148293.77022499978,789275.1704500001,0.8418316096113038
2021-12-24,936850.1406749997,148293.77022499978,788556.3704499999,0.8417102546217753
2021-12-27,943196.9406749997,148293.77022499978,794903.17045,0.8427753909815768
2021-12-28,947597.6406749998,148293.77022499978,799303.87045,0.8435055514496996
2021-12-29,946493.0406749997,148293.77022499978,798199.27045,0.8433229153811392
2021-12-30,953018.7056249997,554732.3351749998,398286.37044999993,0.41792083208776004
2021-12-31,952860.9056249998,554732.3351749998,398128.57045,0.41782443596933994
2022-01-04,947180.1056249999,554732.3351749998,392447.77045000007,0.41433278435577164
2022-01-05,944181.9056249998,554732.3351749998,389449.57045,0.4124730289045356
2022-01-06,942478.7371249999,354808.3666749998,587670.37045,0.6235370065139815
2022-01-07,939216.1454999998,154791.87504999983,784424.27045,0.83519035975729
2022-01-10,943561.2454999998,154791.87504999983,788769.37045,0.835949308231736
2022-01-11,942490.1454999998,154791.87504999983,787698.27045,0.8357628715917436
2022-01-12,951427.1454999998,154791.87504999983,796635.27045,0.8373055932005675
2022-01-13,942021.1454999998,154791.87504999983,787229.27045,0.8356811035618098
2022-01-14,945864.9454999998,154791.87504999983,791073.07045,0.8363488616568042
2022-01-17,952401.3454999998,154791.87504999983,797609.47045,0.8374720113727518
2022-01-18,947616.9454999998,154791.87504999983,792825.07045,0.8366514277893948
2022-01-19,930443.2454999998,154791.87504999983,775651.37045,0.8336364138289617
2022-01-20,923486.9454999998,154791.87504999983,768695.07045,0.8323832558713741
2022-01-21,912330.2454999998,154791.87504999983,757538.37045,0.830333504985175
2022-01-24,912136.4454999998,154791.87504999983,757344.57045,0.8302974562482826
2022-01-25,895796.9687499999,46.19829999981448,895750.7704500001,0.9999484277111762
2022-01-26,886112.4687499998,46.19829999981448,886066.27045,0.9999478640673402
2022-01-27,872104.3687499999,46.19829999981448,872058.1704500001,0.9999470266384904
2022-01-28,870885.7687499998,46.19829999981448,870839.57045,0.9999469525147183
2022-02-07,876566.0687499999,46.19829999981448,876519.87045,0.9999472962716139
2022-02-08,864703.1687499998,46.19829999981448,864656.97045,0.9999465732268952
2022-02-09,871843.4687499998,46.19829999981448,871797.27045,0.9999470107861609
2022-02-10,857708.8687499998,46.19829999981448,857662.67045,0.9999461375512333
2022-02-11,837360.5687499999,46.19829999981448,837314.37045,0.9999448286655428
2022-02-14,842653.4687499998,46.19829999981448,842607.27045,0.9999451752093677
2022-02-15,866098.8687499998,46.19829999981448,866052.67045,0.9999466593230095
2022-02-16,865464.2687499998,46.19829999981448,865418.07045,0.9999466202110614
2022-02-17,867533.5687499999,46.19829999981448,867487.37045,0.9999467475361601
2022-02-18,868974.0687499999,46.19829999981448,868927.87045,0.9999468358128727
2022-02-21,870052.4687499998,46.19829999981448,870006.27045,0.9999469017080473
2022-02-22,857352.5687499999,46.19829999981448,857306.37045,0.9999461151669876
2022-02-23,871263.1942499998,491021.4237999998,380241.77045,0.43642583889627
2022-02-24,867467.1942499998,491021.4237999998,376445.77045,0.4339596620428624
2022-02-25,872245.6539499998,472520.8834999998,399724.77045,0.4582708651396888
2022-02-28,870622.0539499999,472520.8834999998,398101.17045000003,0.4572606088299977
2022-03-01,875642.1816749999,272581.81122499984,603060.37045,0.6887063952268916
2022-03-02,872563.4816749999,272581.81122499984,599981.6704500001,0.6876080457759436
2022-03-03,869303.6816749999,272581.81122499984,596721.87045,0.6864366078609248
2022-03-04,862403.7996749998,72603.82922499985,789799.9704499999,0.9158122572600434
2022-03-07,838661.0659749999,50.895524999839836,838610.1704500001,0.999939313356653
2022-03-08,823475.6659749998,50.895524999839836,823424.77045,0.9999381942574592
2022-03-09,815918.5659749999,50.895524999839836,815867.6704500001,0.999937621807957
2022-03-10,827546.4659749998,50.895524999839836,827495.57045,0.9999384982872958
2022-03-11,831599.4659749999,50.895524999839836,831548.5704500001,0.999938798030684
2022-03-14,809460.5659749998,50.895524999839836,809409.67045,0.9999371241452157
2022-03-15,777215.8659749997,50.895524999839836,777164.9704499999,0.9999345155866884
2022-03-16,796257.1659749998,50.895524999839836,796206.27045,0.9999360815485566
2022-03-17,813728.4659749998,50.895524999839836,813677.57045,0.9999374539208987
2022-03-18,818145.5659749998,50.895524999839836,818094.67045,0.9999377916019881
2022-03-21,813811.9659749998,50.895524999839836,813761.07045,0.9999374603383487
2022-03-22,816522.1659749998,50.895524999839836,816471.27045,0.9999376679199651
2022-03-23,819846.9659749998,50.895524999839836,819796.07045,0.9999379207009209
2022-03-24,812666.2659749999,50.895524999839836,812615.37045,0.9999373721696954
2022-03-25,801629.6659749998,50.895524999839836,801578.77045,0.9999365099282623
2022-03-28,796168.1659749998,50.895524999839836,796117.27045,0.999936074403405
2022-03-29,792694.1659749998,50.895524999839836,792643.27045,0.9999357942480411
2022-03-30,811985.9659749998,50.895524999839836,811935.07045,0.9999373196986986
2022-03-31,810917.4010749998,430602.8306249998,380314.57045,0.46899298244905413
2022-04-01,812960.5831749998,613028.8127249999,199931.77044999995,0.2459304603295412
2022-04-06,812960.5831749998,613028.8127249999,199931.77044999995,0.2459304603295412
2022-04-07,809294.8074999999,213026.13704999984,596268.6704500001,0.7367756038024502
2022-04-08,805402.9075,213026.13704999984,592376.7704500002,0.735503640393799
2022-04-11,776139.5317499998,8.9612999998335,776130.57045,0.9999884540090624
2022-04-12,784009.1317499998,8.9612999998335,784000.17045,0.999988569903542
2022-04-13,768275.0317499998,8.9612999998335,768266.07045,0.9999883358177352
2022-04-14,768520.5317499998,8.9612999998335,768511.57045,0.9999883395437993
2022-04-15,769258.7317499998,8.9612999998335,769249.77045,0.9999883507334659
2022-04-18,785609.13175,8.9612999998335,785600.1704500001,0.9999885931824902
2022-04-19,784992.8317499999,8.9612999998335,784983.87045,0.9999885842269669
2022-04-20,774790.13175,8.9612999998335,774781.1704500001,0.9999884339001845
2022-04-21,757699.8317499999,8.9612999998335,757690.87045,0.9999881730209981
2022-04-22,749462.8317499999,8.9612999998335,749453.87045,0.9999880430361318
2022-04-25,706804.8317499999,8.9612999998335,706795.87045,0.9999873213939728
2022-04-26,685535.9317499999,8.9612999998335,685526.97045,0.9999869280374889
2022-04-27,721062.5317499998,8.9612999998335,721053.57045,0.9999875720903455
2022-04-28,724011.9317499999,8.9612999998335,724002.97045,0.999987622717794
2022-04-29,756463.8317499999,8.9612999998335,756454.87045,0.9999881536966823
2022-05-05,767515.1026749997,567583.3322249998,199931.77044999995,0.26049229487886705
2022-05-06,767515.1026749997,567583.3322249998,199931.77044999995,0.26049229487886705
2022-05-09,767515.1026749997,567583.3322249998,199931.77044999995,0.26049229487886705
2022-05-10,767515.1026749997,567583.3322249998,199931.77044999995,0.26049229487886705
2022-05-11,767515.1026749997,567583.3322249998,199931.77044999995,0.26049229487886705
2022-05-12,767515.1026749997,567583.3322249998,199931.77044999995,0.26049229487886705
2022-05-13,767515.1026749997,567583.3322249998,199931.77044999995,0.26049229487886705
2022-05-16,767515.1026749997,567583.3322249998,199931.77044999995,0.26049229487886705
2022-05-17,767515.1026749997,567583.3322249998,199931.77044999995,0.26049229487886705
2022-05-18,767515.1026749997,567583.3322249998,199931.77044999995,0.26049229487886705
2022-05-19,767515.1026749997,567583.3322249998,199931.77044999995,0.26049229487886705
2022-05-20,767515.1026749997,567583.3322249998,199931.77044999995,0.26049229487886705
2022-05-23,767515.1026749997,567583.3322249998,199931.77044999995,0.26049229487886705
2022-05-24,767515.1026749997,567583.3322249998,199931.77044999995,0.26049229487886705
2022-05-25,767515.1026749997,567583.3322249998,199931.77044999995,0.26049229487886705
2022-05-26,767515.1026749997,567583.3322249998,199931.77044999995,0.26049229487886705
2022-05-27,767515.1026749997,567583.3322249998,199931.77044999995,0.26049229487886705
2022-05-30,767515.1026749997,567583.3322249998,199931.77044999995,0.26049229487886705
2022-05-31,767515.1026749997,567583.3322249998,199931.77044999995,0.26049229487886705
2022-06-01,767515.1026749997,567583.3322249998,199931.77044999995,0.26049229487886705
2022-06-02,767515.1026749997,567583.3322249998,199931.77044999995,0.26049229487886705
2022-06-06,767515.1026749997,567583.3322249998,199931.77044999995,0.26049229487886705
2022-06-07,767515.1026749997,567583.3322249998,199931.77044999995,0.26049229487886705
2022-06-08,767515.1026749997,567583.3322249998,199931.77044999995,0.26049229487886705
2022-06-09,767515.1026749997,567583.3322249998,199931.77044999995,0.26049229487886705
2022-06-10,767515.1026749997,567583.3322249998,199931.77044999995,0.26049229487886705
2022-06-13,767515.1026749997,567583.3322249998,199931.77044999995,0.26049229487886705
2022-06-14,767515.1026749997,567583.3322249998,199931.77044999995,0.26049229487886705
2022-06-15,767515.1026749997,567583.3322249998,199931.77044999995,0.26049229487886705
2022-06-16,767515.1026749997,567583.3322249998,199931.77044999995,0.26049229487886705
2022-06-17,767515.1026749997,567583.3322249998,199931.77044999995,0.26049229487886705
2022-06-20,767515.1026749997,567583.3322249998,199931.77044999995,0.26049229487886705
2022-06-21,767515.1026749997,567583.3322249998,199931.77044999995,0.26049229487886705
2022-06-22,767515.1026749997,567583.3322249998,199931.77044999995,0.26049229487886705
2022-06-23,770070.6204999997,367604.65004999976,402465.97044999996,0.5226351450581019
2022-06-24,768507.3204999997,367604.65004999976,400902.6704499999,0.5216640879740326
2022-06-27,770540.9566749998,570609.1862249998,199931.77044999995,0.2594693620346096
2022-06-28,770540.9566749998,570609.1862249998,199931.77044999995,0.2594693620346096
2022-06-29,770540.9566749998,570609.1862249998,199931.77044999995,0.2594693620346096
2022-06-30,770540.9566749998,570609.1862249998,199931.77044999995,0.2594693620346096
2022-07-01,770540.9566749998,570609.1862249998,199931.77044999995,0.2594693620346096
2022-07-04,770540.9566749998,570609.1862249998,199931.77044999995,0.2594693620346096
2022-07-05,770540.9566749998,570609.1862249998,199931.77044999995,0.2594693620346096
2022-07-06,770540.9566749998,570609.1862249998,199931.77044999995,0.2594693620346096
2022-07-07,769836.3615999998,370578.8911499998,399257.47045,0.5186264125277193
2022-07-08,772127.4615999998,370578.8911499998,401548.57045,0.5200547712911446
2022-07-11,768854.4615999998,370578.8911499998,398275.57045,0.5180116528441305
2022-07-12,767369.7656499997,170545.0951999998,596824.6704499999,0.7777536947190774
2022-07-13,767825.4433999998,13.47294999982114,767811.9704499999,0.9999824531081698
2022-07-14,764791.0433999998,13.47294999982114,764777.57045,0.9999823834887763
2022-07-15,751420.4433999999,13.47294999982114,751406.97045,0.999982070024687
2022-07-18,765000.2433999998,13.47294999982114,764986.77045,0.9999823883062573
2022-07-19,771894.7433999998,13.47294999982114,771881.27045,0.999982545612449
2022-07-20,774442.5374499998,376343.1669999998,398099.37045000005,0.5140463639314266
2022-07-21,773029.9374499999,376343.1669999998,396686.77045000007,0.5131583542010727
2022-07-22,773029.9374499999,376343.1669999998,396686.77045000007,0.5131583542010727
2022-07-25,771011.9374499999,376343.1669999998,394668.77045000007,0.511884124330558
2022-07-26,773158.7552749999,176364.48482499976,596794.2704500002,0.771890981481197
2022-07-27,771858.5552749997,176364.48482499976,595494.07045,0.7715067305794594
2022-07-28,774022.1552749998,176364.48482499976,597657.6704500001,0.7721454306920456
2022-07-29,769947.8552749997,176364.48482499976,593583.37045,0.7709397024529562
2022-08-01,765671.7552749997,176364.48482499976,589307.27045,0.7696604535690932
2022-08-02,752871.5552749997,176364.48482499976,576507.07045,0.7657442579822538
2022-08-03,746021.0815249997,25.411074999748962,745995.67045,0.9999659378593595
2022-08-04,750313.0815249997,25.411074999748962,750287.67045,0.9999661327042998
2022-08-05,757897.8815249997,25.411074999748962,757872.47045,0.9999664716373813
2022-08-08,757499.1815249997,25.411074999748962,757473.77045,0.9999664539901567
2022-08-09,756426.1815249997,25.411074999748962,756400.77045,0.9999664064047221
2022-08-10,758125.0495249997,193704.97907499975,564420.07045,0.7444946856770334
2022-08-11,763145.5495249997,193704.97907499975,569440.57045,0.7461755766045333
2022-08-12,764819.0495249997,193704.97907499975,571114.07045,0.7467309696387628
2022-08-15,765823.1495249998,193704.97907499975,572118.1704500001,0.747063040344047
2022-08-16,768741.6498499997,568809.8793999997,199931.77044999995,0.26007667268842727
2022-08-17,768741.6498499997,568809.8793999997,199931.77044999995,0.26007667268842727
2022-08-18,768741.6498499997,568809.8793999997,199931.77044999995,0.26007667268842727
2022-08-19,768741.6498499997,568809.8793999997,199931.77044999995,0.26007667268842727
2022-08-22,768741.6498499997,568809.8793999997,199931.77044999995,0.26007667268842727
2022-08-23,768741.6498499997,568809.8793999997,199931.77044999995,0.26007667268842727
2022-08-24,768741.6498499997,568809.8793999997,199931.77044999995,0.26007667268842727
2022-08-25,773693.0511499997,168715.08069999976,604977.9704499999,0.7819353806406487
2022-08-26,775921.2207499999,373585.4502999998,402335.77045000007,0.5185265716294049
2022-08-29,780400.0449499998,173632.2744999998,606767.77045,0.7775086308316084
2022-08-30,779048.8449499998,173632.2744999998,605416.57045,0.77712273675068
2022-08-31,776773.6449499999,173632.2744999998,603141.37045,0.7764699206405538
2022-09-01,773639.8497499997,8.079299999779323,773631.77045,0.999989556768563
2022-09-02,777284.6497499997,8.079299999779323,777276.57045,0.9999896057383838
2022-09-05,775863.8497499997,8.079299999779323,775855.77045,0.9999895867039013
2022-09-06,785230.2497499997,8.079299999779323,785222.17045,0.9999897109159991
2022-09-07,787282.9877499997,390558.41729999974,396724.57045,0.5039160970362275
2022-09-08,786431.3927499998,190528.42229999974,595902.97045,0.7577303957389615
2022-09-09,794315.0927499997,190528.42229999974,603786.67045,0.7601349589866523
2022-09-13,792282.9927499997,190528.42229999974,601754.57045,0.7595197372107167
2022-09-14,789060.5927499997,190528.42229999974,598532.17045,0.7585376534443592
2022-09-15,790331.8089999997,396012.0385499997,394319.77044999995,0.4989293939072622
2022-09-16,784720.6089999997,396012.0385499997,388708.57045,0.49534645323683624
2022-09-19,780613.4339999998,196062.0635499997,584551.37045,0.7488359090294624
2022-09-20,780312.6339999997,196062.0635499997,584250.57045,0.7487390886586621
2022-09-21,774804.6339999997,196062.0635499997,578742.57045,0.7469529027752307
2022-09-22,769250.1663999996,3.8959499996737463,769246.27045,0.9999949353927111
2022-09-23,766447.8663999996,3.8959499996737463,766443.9704499999,0.9999949168754061
2022-09-26,764760.0663999998,3.8959499996737463,764756.1704500001,0.9999949056571193
2022-09-27,779366.4663999997,3.8959499996737463,779362.57045,0.9999950011321148
2022-09-28,772986.6663999996,3.8959499996737463,772982.77045,0.9999949598742527
2022-09-29,778252.9357749998,190478.7653249997,587774.1704500001,0.7552482534032241
2022-09-30,775663.3357749997,190478.7653249997,585184.57045,0.7544311345660242
2022-10-10,767794.9357749998,190478.7653249997,577316.1704500001,0.75191453283977
2022-10-11,768162.9388749998,43.568424999684794,768119.37045,0.9999432823131723
2022-10-12,778267.3388749997,43.568424999684794,778223.77045,0.9999440186902065
2022-10-13,776230.7388749997,43.568424999684794,776187.17045,0.999943871811798
2022-10-14,789460.5388749997,43.568424999684794,789416.97045,0.9999448124094185
2022-10-17,792346.1932249997,203775.22277499968,588570.97045,0.7428204684803296
2022-10-18,793941.8101249996,594010.0396749997,199931.77044999995,0.2518216925980033
2022-10-19,793941.8101249996,594010.0396749997,199931.77044999995,0.2518216925980033
2022-10-20,797426.8266499997,193976.1561999997,603450.67045,0.7567473908359768
2022-10-21,792478.6266499998,193976.1561999997,598502.47045,0.7552285327618434
2022-10-24,765249.5666749997,87.79622499967809,765161.77045,0.9998852711209217
2022-10-25,761544.2666749996,14.296224999678088,761529.9704499999,0.9999812273223957
2022-10-26,761251.3666749997,14.296224999678088,761237.07045,0.9999812200993975
2022-10-27,749262.7666749997,14.296224999678088,749248.47045,0.9999809196110689
2022-10-28,739641.1666749998,14.296224999678088,739626.87045,0.9999806714044001
2022-10-31,730140.8666749997,14.296224999678088,730126.57045,0.9999804199084694
2022-11-01,755875.4666749997,14.296224999678088,755861.17045,0.9999810865339199
2022-11-02,764840.2666749996,14.296224999678088,764825.9704499999,0.9999813082213076
2022-11-03,758053.0666749997,14.296224999678088,758038.77045,0.9999811408651608
2022-11-04,777678.7943249997,197854.22387499968,579824.57045,0.7455836197170185
2022-11-07,779232.0943249997,197854.22387499968,581377.87045,0.7460907663891995
2022-11-08,776125.4943249996,197854.22387499968,578271.27045,0.7450744430872297
2022-11-09,779358.5773249997,579426.8068749997,199931.77045000007,0.2565337397533083
2022-11-10,779358.5773249997,579426.8068749997,199931.77045000007,0.2565337397533083
2022-11-11,779358.5773249997,579426.8068749997,199931.77045000007,0.2565337397533083
2022-11-14,779358.5773249997,579426.8068749997,199931.77045000007,0.2565337397533083
2022-11-15,779358.5773249997,579426.8068749997,199931.77045000007,0.2565337397533083
2022-11-16,779358.5773249997,579426.8068749997,199931.77045000007,0.2565337397533083
2022-11-17,779358.5773249997,579426.8068749997,199931.77045000007,0.2565337397533083
2022-11-18,779358.5773249997,579426.8068749997,199931.77045000007,0.2565337397533083
2022-11-21,779358.5773249997,579426.8068749997,199931.77045000007,0.2565337397533083
2022-11-22,779358.5773249997,579426.8068749997,199931.77045000007,0.2565337397533083
2022-11-23,779358.5773249997,579426.8068749997,199931.77045000007,0.2565337397533083
2022-11-24,779358.5773249997,579426.8068749997,199931.77045000007,0.2565337397533083
2022-11-25,779358.5773249997,579426.8068749997,199931.77045000007,0.2565337397533083
2022-11-28,779358.5773249997,579426.8068749997,199931.77045000007,0.2565337397533083
2022-11-29,782590.5951999996,379448.3247499997,403142.27044999995,0.5151381487621539
2022-11-30,781223.0951999996,379448.3247499997,401774.77044999995,0.5142894173490126
2022-12-01,785547.5404499997,585615.7699999997,199931.77045000007,0.25451262992367013
2022-12-02,785547.5404499997,585615.7699999997,199931.77045000007,0.25451262992367013
2022-12-05,785547.5404499997,585615.7699999997,199931.77045000007,0.25451262992367013
2022-12-06,785547.5404499997,585615.7699999997,199931.77045000007,0.25451262992367013
2022-12-07,785547.5404499997,585615.7699999997,199931.77045000007,0.25451262992367013
2022-12-08,785547.5404499997,585615.7699999997,199931.77045000007,0.25451262992367013
2022-12-09,785547.5404499997,585615.7699999997,199931.77045000007,0.25451262992367013
2022-12-12,785547.5404499997,585615.7699999997,199931.77045000007,0.25451262992367013
2022-12-13,785547.5404499997,585615.7699999997,199931.77045000007,0.25451262992367013
2022-12-14,783776.7655499997,385666.19509999966,398110.57045,0.507938724326223
2022-12-15,786931.5655499997,385666.19509999966,401265.37045000005,0.5099113925739513
2022-12-16,783203.1655499997,385666.19509999966,397536.97045,0.5075783499557641
2022-12-19,782916.3655499996,385666.19509999966,397250.17045,0.5073979647505915
2022-12-20,779753.9205999996,185836.45014999964,593917.4704499999,0.7616729518884578
2022-12-21,776079.3205999995,185836.45014999964,590242.8704499998,0.7605445149519942
2022-12-22,764870.2053499997,129.0348999996204,764741.1704500001,0.9998312983051281
2022-12-23,760564.0053499996,129.0348999996204,760434.97045,0.9998303431412847
2022-12-26,774691.2053499997,129.0348999996204,774562.1704500001,0.9998334369886885
2022-12-27,779874.2053499997,129.0348999996204,779745.1704500001,0.9998345439570709
2022-12-28,781912.5655499997,129.0348999996204,781783.5306500001,0.9998349752828068
2022-12-29,781195.5655499997,129.0348999996204,781066.5306500001,0.9998348238191691
2022-12-30,776006.4053499997,129.0348999996204,775877.37045,0.9998337192849054
2023-01-03,782916.3655499998,129.0348999996204,782787.3306500001,0.9998351868658296
2023-01-04,782567.3160499997,389188.9455999996,393378.37045000005,0.502676718516144
2023-01-05,786246.4222999995,586314.6518499996,199931.77044999995,0.2542863977239367
2023-01-06,786246.4222999995,586314.6518499996,199931.77044999995,0.2542863977239367
2023-01-09,786246.4222999995,586314.6518499996,199931.77044999995,0.2542863977239367
2023-01-10,786246.4222999995,586314.6518499996,199931.77044999995,0.2542863977239367
2023-01-11,786246.4222999995,586314.6518499996,199931.77044999995,0.2542863977239367
2023-01-12,786246.4222999995,586314.6518499996,199931.77044999995,0.2542863977239367
2023-01-13,786246.4222999995,586314.6518499996,199931.77044999995,0.2542863977239367
2023-01-16,786246.4222999995,586314.6518499996,199931.77044999995,0.2542863977239367
2023-01-17,786246.4222999995,586314.6518499996,199931.77044999995,0.2542863977239367
2023-01-18,786246.4222999995,586314.6518499996,199931.77044999995,0.2542863977239367
2023-01-19,786246.4222999995,586314.6518499996,199931.77044999995,0.2542863977239367
2023-01-20,786246.4222999995,586314.6518499996,199931.77044999995,0.2542863977239367
2023-01-30,786246.4222999995,586314.6518499996,199931.77044999995,0.2542863977239367
2023-01-31,786246.4222999995,586314.6518499996,199931.77044999995,0.2542863977239367
2023-02-01,786246.4222999995,586314.6518499996,199931.77044999995,0.2542863977239367
2023-02-02,786246.4222999995,586314.6518499996,199931.77044999995,0.2542863977239367
2023-02-03,786246.4222999995,586314.6518499996,199931.77044999995,0.2542863977239367
2023-02-06,786246.4222999995,586314.6518499996,199931.77044999995,0.2542863977239367
2023-02-07,789098.7449499996,186305.27449999956,602793.47045,0.7639011901966659
2023-02-08,789381.1449499996,186305.27449999956,603075.87045,0.7639856542154926
2023-02-09,793338.5807999996,392510.3103499996,400828.27045000007,0.50524237715227
2023-02-10,793338.5807999996,392510.3103499996,400828.27045000007,0.50524237715227
2023-02-13,791669.0807999996,392510.3103499996,399158.77045000007,0.5041990146269715
2023-02-14,792040.0807999996,392510.3103499996,399529.77045000007,0.5044312530831208
2023-02-15,790370.5807999996,392510.3103499996,397860.27045000007,0.503384463079702
2023-02-16,790370.5807999996,392510.3103499996,397860.27045000007,0.503384463079702
2023-02-17,788633.5920499995,192505.3215999996,596128.27045,0.7559001752644152
2023-02-20,796519.0920499995,192505.3215999996,604013.77045,0.7583167515739654
2023-02-21,796281.0920499995,192505.3215999996,603775.77045,0.7582445150061257
2023-02-22,793579.0920499995,192505.3215999996,601073.77045,0.7574213792569642
2023-02-23,793423.8215499995,393537.0510999996,399886.77044999995,0.5040014675495852
2023-02-24,791393.8215499995,393537.0510999996,397856.77044999995,0.5027291844037522
2023-02-27,789769.8215499995,393537.0510999996,396232.77044999995,0.5017066487452697
2023-02-28,793523.7279249995,193512.55747499957,600011.17045,0.756135134130117
2023-03-01,793726.7279249995,193512.55747499957,600214.17045,0.7561975039181433
2023-03-02,789163.9279249996,193512.55747499957,595651.37045,0.7547878829385742
2023-03-03,790143.5279249996,193512.55747499957,596630.97045,0.7550918907313157
2023-03-06,789737.5279249996,193512.55747499957,596224.97045,0.7549659847323639
2023-03-07,782218.2279249995,193512.55747499957,588705.67045,0.752610524062661
2023-03-08,780814.9279249996,193512.55747499957,587302.37045,0.752165909546254
2023-03-09,780444.3279249995,193512.55747499957,586931.77045,0.7520482236196147
2023-03-10,781238.6279249996,193512.55747499957,587726.07045,0.7523003208520597
2023-03-13,778381.2729249996,44.20247499956167,778337.07045,0.9999432123092665
2023-03-14,778787.8729249995,44.20247499956167,778743.6704499999,0.9999432419577444
2023-03-15,777234.6729249995,44.20247499956167,777190.4704499999,0.9999431285343547
2023-03-16,771190.5729249995,44.20247499956167,771146.3704499999,0.9999426828120682
2023-03-17,762003.4729249997,44.20247499956167,761959.2704500001,0.9999419917670062
2023-03-20,756402.5729249996,44.20247499956167,756358.37045,0.9999415622360608
2023-03-21,774000.1729249995,44.20247499956167,773955.9704499999,0.9999428908719328
2023-03-22,776014.8729249996,44.20247499956167,775970.67045,0.9999430391394007
2023-03-23,774795.0729249996,44.20247499956167,774750.87045,0.9999429494629687
2023-03-24,769934.1729249995,44.20247499956167,769889.9704499999,0.9999425892802866
2023-03-27,779437.8712249997,579506.1007749996,199931.77045000007,0.2565076420212663
2023-03-28,779437.8712249997,579506.1007749996,199931.77045000007,0.2565076420212663
2023-03-29,779437.8712249997,579506.1007749996,199931.77045000007,0.2565076420212663
2023-03-30,780125.8717249995,379458.10127499956,400667.77044999995,0.5135937481012531
2023-03-31,780679.3717249995,379458.10127499956,401221.27044999995,0.5139386090905106
2023-04-03,784000.3717249995,379458.10127499956,404542.27044999995,0.515997549286749
2023-04-04,783631.3717249995,379458.10127499956,404173.27044999995,0.5157696399523893
2023-04-06,785793.7578499995,585861.9873999995,199931.77044999995,0.25443288197787517
2023-04-07,785793.7578499995,585861.9873999995,199931.77044999995,0.25443288197787517
2023-04-10,785793.7578499995,585861.9873999995,199931.77044999995,0.25443288197787517
2023-04-11,785793.7578499995,585861.9873999995,199931.77044999995,0.25443288197787517
2023-04-12,785793.7578499995,585861.9873999995,199931.77044999995,0.25443288197787517
2023-04-13,787907.1779749996,185842.50752499956,602064.6704500001,0.7641314704066621
2023-04-14,783534.6779749996,185842.50752499956,597692.1704500001,0.762815210674148
2023-04-17,789990.9779749995,185842.50752499956,604148.4704499999,0.7647536330080964
2023-04-18,791677.2779749995,185842.50752499956,605834.77045,0.7652547159110605
2023-04-19,787917.6779749995,185842.50752499956,602075.17045,0.76413461365326
2023-04-20,783394.5779749996,185842.50752499956,597552.07045,0.7627727932386451
2023-04-21,779720.7779749996,185842.50752499956,593878.2704500001,0.7616550529695411
2023-04-24,773199.6779749995,185842.50752499956,587357.17045,0.7596448720572171
2023-04-25,777805.3386499996,38.76819999952568,777766.57045,0.9999501569376383
2023-04-26,776545.3386499996,38.76819999952568,776506.57045,0.9999500760637273
2023-04-27,779774.5386499995,38.76819999952568,779735.77045,0.9999502828085838
2023-04-28,783791.5386499995,38.76819999952568,783752.77045,0.9999505376135263
2023-05-04,774339.7386499995,38.76819999952568,774300.9704499999,0.999949933862277
2023-05-05,777412.3386499996,38.76819999952568,777373.57045,0.9999501317408123
2023-05-08,771110.5386499995,38.76819999952568,771071.77045,0.9999497241989878
2023-05-09,771819.7386499995,38.76819999952568,771780.9704499999,0.9999497703957826
2023-05-10,769377.1386499996,38.76819999952568,769338.37045,0.9999496109280455
2023-05-11,766462.9386499994,38.76819999952568,766424.1704499999,0.9999494193416999
2023-05-12,761106.1386499996,38.76819999952568,761067.37045,0.9999490633460554
2023-05-15,766068.7386499995,38.76819999952568,766029.9704499999,0.9999493933141458
2023-05-16,760712.5386499995,38.76819999952568,760673.77045,0.9999490369909396
2023-05-17,754962.1386499996,38.76819999952568,754923.37045,0.9999486488155963
2023-05-18,752362.9386499994,38.76819999952568,752324.1704499999,0.9999484714118573
2023-05-19,759531.1386499996,38.76819999952568,759492.37045,0.9999489577213799
2023-05-22,770415.8916499997,570484.1211999996,199931.77045000007,0.25951148284572145
2023-05-23,770415.8916499997,570484.1211999996,199931.77045000007,0.25951148284572145
2023-05-24,764744.7118499996,370514.94139999954,394229.77045000007,0.5155050624623685
2023-05-25,763598.2321499996,170546.16169999956,593052.07045,0.7766545880812125
2023-05-26,768194.1083999996,8.537949999561533,768185.57045,0.9999888856866953
2023-05-29,764147.9083999995,8.537949999561533,764139.3704499999,0.9999888268358708
2023-05-30,770327.7083999997,8.537949999561533,770319.1704500001,0.9999889164703457
2023-05-31,763405.9083999996,8.537949999561533,763397.37045,0.9999888159760023
2023-06-01,761064.7083999997,8.537949999561533,761056.1704500001,0.9999887815715204
2023-06-02,779894.4083999996,8.537949999561533,779885.87045,0.9999890524282421
2023-06-05,774825.6083999996,8.537949999561533,774817.07045,0.9999889808107696
2023-06-06,776485.7571499997,378918.78669999965,397566.9704500001,0.5120080655557975
2023-06-07,773060.7588499996,178875.58839999963,594185.17045,0.7686138038281831
2023-06-08,773804.1588499997,178875.58839999963,594928.57045,0.7688360984440323
2023-06-09,776928.0588499997,178875.58839999963,598052.47045,0.7697655704895389
2023-06-12,778374.6234499996,379367.0529999996,399007.57045,0.5126163654738303
2023-06-13,778833.3234499996,379367.0529999996,399466.27044999995,0.5129034138915415
2023-06-14,778833.3234499996,379367.0529999996,399466.27044999995,0.5129034138915415
2023-06-15,783369.2930749997,583437.5226249996,199931.77045000007,0.25522033122487814
2023-06-16,783369.2930749997,583437.5226249996,199931.77045000007,0.25522033122487814
2023-06-19,783369.2930749997,583437.5226249996,199931.77045000007,0.25522033122487814
2023-06-20,783369.2930749997,583437.5226249996,199931.77045000007,0.25522033122487814
2023-06-21,783369.2930749997,583437.5226249996,199931.77045000007,0.25522033122487814
2023-06-26,783369.2930749997,583437.5226249996,199931.77045000007,0.25522033122487814
2023-06-27,792010.5202749997,183446.34982499966,608564.17045,0.7683788975917846
2023-06-28,792215.9202749997,183446.34982499966,608769.57045,0.7684389506318928
2023-06-29,791788.3202749997,183446.34982499966,608341.97045,0.7683138976320261
2023-06-30,794275.8219249998,391787.65147499973,402488.1704500001,0.5067360220968747
2023-07-03,796487.8170249998,596556.0465749997,199931.77045000007,0.251016733936716
2023-07-04,796487.8170249998,596556.0465749997,199931.77045000007,0.251016733936716
2023-07-05,796487.8170249998,596556.0465749997,199931.77045000007,0.251016733936716
2023-07-06,796487.8170249998,596556.0465749997,199931.77045000007,0.251016733936716
2023-07-07,796487.8170249998,596556.0465749997,199931.77045000007,0.251016733936716
2023-07-10,796487.8170249998,596556.0465749997,199931.77045000007,0.251016733936716
2023-07-11,796487.8170249998,596556.0465749997,199931.77045000007,0.251016733936716
2023-07-12,796487.8170249998,596556.0465749997,199931.77045000007,0.251016733936716
2023-07-13,796487.8170249998,596556.0465749997,199931.77045000007,0.251016733936716
2023-07-14,796487.8170249998,596556.0465749997,199931.77045000007,0.251016733936716
2023-07-17,796487.8170249998,596556.0465749997,199931.77045000007,0.251016733936716
2023-07-18,796487.8170249998,596556.0465749997,199931.77045000007,0.251016733936716
2023-07-19,794545.2950249997,594613.5245749997,199931.77044999995,0.2516304252279403
2023-07-20,792457.0103499996,394624.8398999997,397832.17045,0.5020236621722759
2023-07-21,790569.5426499997,194704.07219999967,595865.47045,0.7537167046084915
2023-07-24,787882.7426499998,194704.07219999967,593178.6704500001,0.7528768411082043
2023-07-25,794912.4815999996,11.211149999697227,794901.27045,0.9999858963719163
2023-07-26,795093.3815999997,11.211149999697227,795082.1704500001,0.99998589958078
2023-07-27,791566.3815999997,11.211149999697227,791555.1704500001,0.9999858367532272
2023-07-28,796801.3815999997,11.211149999697227,796790.1704500001,0.9999859298060237
2023-07-31,801560.2396749996,601628.4692249997,199931.77044999995,0.24942825324153334
2023-08-01,801560.2396749996,601628.4692249997,199931.77044999995,0.24942825324153334
2023-08-02,801560.2396749996,601628.4692249997,199931.77044999995,0.24942825324153334
2023-08-03,801560.2396749996,601628.4692249997,199931.77044999995,0.24942825324153334
2023-08-04,801560.2396749996,601628.4692249997,199931.77044999995,0.24942825324153334
2023-08-07,801560.2396749996,601628.4692249997,199931.77044999995,0.24942825324153334
2023-08-08,803530.2446749997,401598.47422499966,401931.77045000007,0.5002073949469912
2023-08-09,808075.2446749997,401598.47422499966,406476.77045000007,0.5030184665705001
2023-08-10,808592.5696249997,201648.29917499967,606944.27045,0.7506181645120509
2023-08-11,807648.4914999998,409908.7210499997,397739.77045000007,0.4924664314190701
2023-08-14,810580.7144499999,9900.543999999703,800680.1704500001,0.9877858628715124
2023-08-15,804546.4144499998,9900.543999999703,794645.87045,0.9876942537780522
2023-08-16,795947.1144499996,75.34399999970265,795871.77045,0.9999053404445699
2023-08-17,809961.1144499996,75.34399999970265,809885.77045,0.9999069782503685
2023-08-18,801902.3144499996,75.34399999970265,801826.9704499999,0.9999060434187033
2023-08-21,793393.9144499997,75.34399999970265,793318.57045,0.9999050358231548
2023-08-22,799705.5144499997,75.34399999970265,799630.17045,0.9999057853189227
2023-08-23,786908.3144499996,75.34399999970265,786832.9704499999,0.9999042531402755
2023-08-24,788119.9144499997,75.34399999970265,788044.57045,0.9999044003347483
2023-08-25,777872.7144499997,75.34399999970265,777797.37045,0.9999031409656104
2023-08-28,807154.4896499997,607222.7191999996,199931.77045000007,0.24769950859927073
2023-08-29,807154.4896499997,607222.7191999996,199931.77045000007,0.24769950859927073
2023-08-30,807154.4896499997,607222.7191999996,199931.77045000007,0.24769950859927073
2023-08-31,807154.4896499997,607222.7191999996,199931.77045000007,0.24769950859927073
2023-09-01,807154.4896499997,607222.7191999996,199931.77045000007,0.24769950859927073
2023-09-04,807154.4896499997,607222.7191999996,199931.77045000007,0.24769950859927073
2023-09-05,807154.4896499997,607222.7191999996,199931.77045000007,0.24769950859927073
2023-09-06,807154.4896499997,607222.7191999996,199931.77045000007,0.24769950859927073
2023-09-07,807154.4896499997,607222.7191999996,199931.77045000007,0.24769950859927073
2023-09-08,807154.4896499997,607222.7191999996,199931.77045000007,0.24769950859927073
2023-09-11,807154.4896499997,607222.7191999996,199931.77045000007,0.24769950859927073
2023-09-12,807154.4896499997,607222.7191999996,199931.77045000007,0.24769950859927073
2023-09-13,807154.4896499997,607222.7191999996,199931.77045000007,0.24769950859927073
2023-09-14,807154.4896499997,607222.7191999996,199931.77045000007,0.24769950859927073
2023-09-15,805448.3078999995,407245.73744999955,398202.57045,0.49438625240670175
2023-09-18,811069.9056999995,411211.1352499996,399858.77044999995,0.49300161137762727
2023-09-19,809413.7056999996,411211.1352499996,398202.57045,0.4919642052584534
2023-09-20,806451.5168999996,211205.94644999958,595245.57045,0.7381045952249238
2023-09-21,804070.9168999996,211205.94644999958,592864.97045,0.7373292056572831
2023-09-22,816546.3168999996,211205.94644999958,605340.37045,0.7413423561178522
2023-09-25,811624.5168999996,211205.94644999958,600418.57045,0.7397738214504648
2023-09-26,811726.7168999995,211205.94644999958,600520.77045,0.7398065850824779
2023-09-27,813619.5168999996,211205.94644999958,602413.57045,0.7404118976217252
2023-09-28,813619.5168999996,211205.94644999958,602413.57045,0.7404118976217252
2023-10-09,813663.3168999996,211205.94644999958,602457.37045,0.7404258714099593
2023-10-10,814187.0952999996,417640.7248499996,396546.37045,0.4870457573438774
2023-10-11,817244.3391499995,417570.1686999996,399674.17045,0.48905101118925287
2023-10-12,820479.1547999997,419141.9843499996,401337.1704500001,0.48914974634283087
2023-10-13,817901.7547999995,419141.9843499996,398759.77044999995,0.4875399375411637
2023-10-16,816797.1547999997,419141.9843499996,397655.1704500001,0.4868469094353905
2023-10-17,817537.5433999996,219446.47294999956,598091.07045,0.7315762747269574
2023-10-18,812530.4433999995,219446.47294999956,593083.9704499999,0.7299221527851497
2023-10-19,802080.7213999996,19708.550949999568,782372.17045,0.9754282200978486
2023-10-20,799393.1213999996,19708.550949999568,779684.57045,0.9753456085342798
2023-10-23,790512.4213999995,57.55094999956782,790454.8704499999,0.9999271979181583
2023-10-24,794211.6213999996,57.55094999956782,794154.07045,0.9999275370084636
2023-10-25,800908.0213999996,57.55094999956782,800850.47045,0.9999281428722626
2023-10-26,801468.2213999996,57.55094999956782,801410.67045,0.9999281930980382
2023-10-27,808907.5213999996,57.55094999956782,808849.97045,0.9999288534863664
2023-10-30,808336.6213999996,57.55094999956782,808279.07045,0.999928803238062
2023-10-31,806504.9213999996,57.55094999956782,806447.37045,0.9999286415389758
2023-11-01,807091.9174749996,417168.94702499954,389922.97045,0.48312089615502596
2023-11-02,806171.4174749996,417168.94702499954,389002.47045,0.48253071495438316
2023-11-03,806539.6174749995,417168.94702499954,389370.67045,0.48276694909170953
2023-11-06,809301.1174749995,417168.94702499954,392132.17045,0.48453185345084304
2023-11-07,808196.5174749995,417168.94702499954,391027.57045,0.48382733901361547
2023-11-08,807460.1174749995,417168.94702499954,390291.17045,0.4833565918654603
2023-11-09,808012.4174749996,417168.94702499954,390843.47045,0.48370973266892026
2023-11-10,805987.3174749996,417168.94702499954,388818.37045000005,0.48241251694641035
2023-11-13,807828.3174749996,417168.94702499954,390659.37045000005,0.4835920727204392
2023-11-14,808148.7435249996,608216.9730749995,199931.77045000007,0.2473947674260231
2023-11-15,808148.7435249996,608216.9730749995,199931.77045000007,0.2473947674260231
2023-11-16,808148.7435249996,608216.9730749995,199931.77045000007,0.2473947674260231
2023-11-17,808148.7435249996,608216.9730749995,199931.77045000007,0.2473947674260231
2023-11-20,808148.7435249996,608216.9730749995,199931.77045000007,0.2473947674260231
2023-11-21,808148.7435249996,608216.9730749995,199931.77045000007,0.2473947674260231
2023-11-22,808148.7435249996,608216.9730749995,199931.77045000007,0.2473947674260231
2023-11-23,808148.7435249996,608216.9730749995,199931.77045000007,0.2473947674260231
2023-11-24,808148.7435249996,608216.9730749995,199931.77045000007,0.2473947674260231
2023-11-27,805762.7531249996,408205.38267499954,397557.37045000005,0.49339258846124173
2023-11-28,806281.2260749995,208447.25562499953,597833.97045,0.7414707810577126
2023-11-29,802905.8260749995,208447.25562499953,594458.57045,0.7403839294030375
2023-11-30,803085.2361749995,72.66572499953327,803012.57045,0.9999095167963171
2023-12-01,799568.4361749995,72.66572499953327,799495.77045,0.9999091188174621
2023-12-04,795175.2361749995,72.66572499953327,795102.57045,0.9999086167152927
2023-12-05,785590.8361749995,72.66572499953327,785518.17045,0.9999075018169086
2023-12-06,788099.6361749995,72.66572499953327,788026.97045,0.9999077962713545
2023-12-07,785142.8361749995,72.66572499953327,785070.17045,0.9999074490377401
2023-12-08,786170.4361749995,72.66572499953327,786097.77045,0.9999075700107053
2023-12-11,789589.2361749995,72.66572499953327,789516.57045,0.9999079702183485
2023-12-12,789754.4361749995,72.66572499953327,789681.77045,0.9999079894690412
2023-12-13,778630.0361749995,72.66572499953327,778557.37045,0.9999066749012708
2023-12-14,791309.0265749996,72.66572499953327,791236.36085,0.9999081702311498
2023-12-15,790525.0265749996,72.66572499953327,790452.36085,0.9999080791593477
2023-12-18,788957.0265749996,72.66572499953327,788884.36085,0.9999078964727458
2023-12-19,789181.0265749996,72.66572499953327,789108.36085,0.9999079226152777
2023-12-20,785709.0265749996,72.66572499953327,785636.36085,0.9999075157309618
2023-12-21,789181.0265749996,72.66572499953327,789108.36085,0.9999079226152777
2023-12-22,789853.0265749996,72.66572499953327,789780.36085,0.9999080009539059
2023-12-25,790861.0265749996,72.66572499953327,790788.36085,0.9999081182122298
2023-12-26,788621.0265749996,72.66572499953327,788548.36085,0.9999078572311024
2023-12-27,789741.0265749996,72.66572499953327,789668.36085,0.999907987906726
2023-12-28,793340.7625749996,385032.40172499954,408308.36085000006,0.5146695847629537
2023-12-29,793340.7625749996,385032.40172499954,408308.36085000006,0.5146695847629537
2024-01-02,793340.7625749996,385032.40172499954,408308.36085000006,0.5146695847629537
2024-01-03,793340.7625749996,385032.40172499954,408308.36085000006,0.5146695847629537
2024-01-04,793340.7625749996,385032.40172499954,408308.36085000006,0.5146695847629537
2024-01-05,793340.7625749996,385032.40172499954,408308.36085000006,0.5146695847629537
2024-01-08,793340.7625749996,385032.40172499954,408308.36085000006,0.5146695847629537
2024-01-09,793201.3879749996,185084.02712499953,608117.36085,0.7666619979101283
2024-01-10,791681.5879749996,185084.02712499953,606597.56085,0.7662140563374523
2024-01-11,795436.3879749996,185084.02712499953,610352.36085,0.7673176259937247
2024-01-12,794095.3879749996,185084.02712499953,609011.36085,0.7669246920108966
2024-01-15,793558.9879749996,185084.02712499953,608474.96085,0.766767146576846
2024-01-16,793201.3879749996,185084.02712499953,608117.36085,0.7666619979101283
2024-01-17,787390.3879749996,185084.02712499953,602306.36085,0.7649399459891856
2024-01-18,788105.5879749996,185084.02712499953,603021.56085,0.7651532612520052
2024-01-19,784440.1879749997,185084.02712499953,599356.1608500001,0.7640559089625604
2024-01-22,773980.3879749996,185084.02712499953,588896.36085,0.7608672906955131
2024-01-23,779401.7496749996,84.58882499951869,779317.1608500001,0.9998914695469509
2024-01-24,785212.9496749996,84.58882499951869,785128.36085,0.9998922727585752
2024-01-25,798106.5496749996,84.58882499951869,798021.96085,0.9998940131176295
2024-01-26,793203.3496749996,84.58882499951869,793118.7608500001,0.9998933579579131
2024-01-29,783760.1496749995,84.58882499951869,783675.56085,0.999892073072311
2024-01-30,773772.1496749995,84.58882499951869,773687.56085,0.9998906799307328
2024-01-31,758699.3496749996,84.58882499951869,758614.7608500001,0.9998885081092587
2024-02-01,756156.9496749996,84.58882499951869,756072.36085,0.9998881332439834
2024-02-02,741992.1496749995,84.58882499951869,741907.56085,0.9998859976820017
2024-02-05,724195.3496749996,84.58882499951869,724110.7608500001,0.9998831961223758
2024-02-06,793340.7625749996,84.58882499951869,793256.1737500001,0.999893376429159
2024-02-07,793340.7625749996,84.58882499951869,793256.1737500001,0.999893376429159
2024-02-08,793340.7625749996,84.58882499951869,793256.1737500001,0.999893376429159
2024-02-19,793340.7625749996,84.58882499951869,793256.1737500001,0.999893376429159
2024-02-20,793340.7625749996,84.58882499951869,793256.1737500001,0.999893376429159
2024-02-21,793340.7625749996,84.58882499951869,793256.1737500001,0.999893376429159
2024-02-22,793340.7625749996,84.58882499951869,793256.1737500001,0.999893376429159
2024-02-23,793340.7625749996,84.58882499951869,793256.1737500001,0.999893376429159
2024-02-26,793340.7625749996,84.58882499951869,793256.1737500001,0.999893376429159
2024-02-27,793340.7625749996,84.58882499951869,793256.1737500001,0.999893376429159
2024-02-28,793340.7625749996,84.58882499951869,793256.1737500001,0.999893376429159
2024-02-29,793340.7625749996,84.58882499951869,793256.1737500001,0.999893376429159
2024-03-01,793340.7625749996,84.58882499951869,793256.1737500001,0.999893376429159
2024-03-04,793340.7625749996,84.58882499951869,793256.1737500001,0.999893376429159
2024-03-05,793340.7625749996,84.58882499951869,793256.1737500001,0.999893376429159
2024-03-06,793340.7625749996,84.58882499951869,793256.1737500001,0.999893376429159
2024-03-07,793340.7625749996,84.58882499951869,793256.1737500001,0.999893376429159
2024-03-08,793340.7625749996,84.58882499951869,793256.1737500001,0.999893376429159
2024-03-11,793340.7625749996,84.58882499951869,793256.1737500001,0.999893376429159
2024-03-12,793340.7625749996,84.58882499951869,793256.1737500001,0.999893376429159
2024-03-13,793340.7625749996,84.58882499951869,793256.1737500001,0.999893376429159
2024-03-14,793340.7625749996,84.58882499951869,793256.1737500001,0.999893376429159
2024-03-15,793340.7625749996,84.58882499951869,793256.1737500001,0.999893376429159
2024-03-18,793340.7625749996,84.58882499951869,793256.1737500001,0.999893376429159
2024-03-19,793340.7625749996,84.58882499951869,793256.1737500001,0.999893376429159
2024-03-20,793340.7625749996,84.58882499951869,793256.1737500001,0.999893376429159
2024-03-21,793340.7625749996,84.58882499951869,793256.1737500001,0.999893376429159
2024-03-22,793340.7625749996,84.58882499951869,793256.1737500001,0.999893376429159
2024-03-25,793340.7625749996,84.58882499951869,793256.1737500001,0.999893376429159
2024-03-26,793340.7625749996,84.58882499951869,793256.1737500001,0.999893376429159
2024-03-27,793340.7625749996,84.58882499951869,793256.1737500001,0.999893376429159
2024-03-28,793340.7625749996,84.58882499951869,793256.1737500001,0.999893376429159
2024-03-29,793340.7625749996,84.58882499951869,793256.1737500001,0.999893376429159
2024-04-01,793340.7625749996,84.58882499951869,793256.1737500001,0.999893376429159
2024-04-02,793340.7625749996,84.58882499951869,793256.1737500001,0.999893376429159
2024-04-03,793340.7625749996,84.58882499951869,793256.1737500001,0.999893376429159
2024-04-08,793340.7625749996,84.58882499951869,793256.1737500001,0.999893376429159
2024-04-09,793340.7625749996,84.58882499951869,793256.1737500001,0.999893376429159
2024-04-10,793340.7625749996,84.58882499951869,793256.1737500001,0.999893376429159
2024-04-11,793340.7625749996,84.58882499951869,793256.1737500001,0.999893376429159
2024-04-12,793340.7625749996,84.58882499951869,793256.1737500001,0.999893376429159
2024-04-15,793340.7625749996,84.58882499951869,793256.1737500001,0.999893376429159
2024-04-16,793340.7625749996,84.58882499951869,793256.1737500001,0.999893376429159
2024-04-17,793340.7625749996,84.58882499951869,793256.1737500001,0.999893376429159
2024-04-18,793340.7625749996,84.58882499951869,793256.1737500001,0.999893376429159
2024-04-19,793340.7625749996,84.58882499951869,793256.1737500001,0.999893376429159
2024-04-22,793340.7625749996,84.58882499951869,793256.1737500001,0.999893376429159
2024-04-23,793340.7625749996,84.58882499951869,793256.1737500001,0.999893376429159
2024-04-24,793340.7625749996,84.58882499951869,793256.1737500001,0.999893376429159
2024-04-25,793340.7625749996,84.58882499951869,793256.1737500001,0.999893376429159
2024-04-26,793340.7625749996,84.58882499951869,793256.1737500001,0.999893376429159
2024-04-29,793340.7625749996,84.58882499951869,793256.1737500001,0.999893376429159
2024-04-30,793340.7625749996,84.58882499951869,793256.1737500001,0.999893376429159
2024-05-06,793340.7625749996,84.58882499951869,793256.1737500001,0.999893376429159
2024-05-07,793340.7625749996,84.58882499951869,793256.1737500001,0.999893376429159
2024-05-08,793340.7625749996,84.58882499951869,793256.1737500001,0.999893376429159
2024-05-09,793340.7625749996,84.58882499951869,793256.1737500001,0.999893376429159
2024-05-10,793340.7625749996,84.58882499951869,793256.1737500001,0.999893376429159
2024-05-13,793340.7625749996,84.58882499951869,793256.1737500001,0.999893376429159
2024-05-14,793340.7625749996,84.58882499951869,793256.1737500001,0.999893376429159
2024-05-15,793340.7625749996,84.58882499951869,793256.1737500001,0.999893376429159
2024-05-16,793340.7625749996,84.58882499951869,793256.1737500001,0.999893376429159
2024-05-17,793340.7625749996,84.58882499951869,793256.1737500001,0.999893376429159
2024-05-20,793340.7625749996,84.58882499951869,793256.1737500001,0.999893376429159
2024-05-21,793340.7625749996,84.58882499951869,793256.1737500001,0.999893376429159
2024-05-22,793340.7625749996,84.58882499951869,793256.1737500001,0.999893376429159
2024-05-23,793340.7625749996,84.58882499951869,793256.1737500001,0.999893376429159
2024-05-24,793340.7625749996,84.58882499951869,793256.1737500001,0.999893376429159
2024-05-27,793340.7625749996,84.58882499951869,793256.1737500001,0.999893376429159
2024-05-28,793340.7625749996,84.58882499951869,793256.1737500001,0.999893376429159
2024-05-29,793340.7625749996,84.58882499951869,793256.1737500001,0.999893376429159
2024-05-30,793340.7625749996,84.58882499951869,793256.1737500001,0.999893376429159
2024-05-31,793340.7625749996,84.58882499951869,793256.1737500001,0.999893376429159
2024-06-03,793340.7625749996,84.58882499951869,793256.1737500001,0.999893376429159
2024-06-04,793340.7625749996,84.58882499951869,793256.1737500001,0.999893376429159
2024-06-05,793340.7625749996,84.58882499951869,793256.1737500001,0.999893376429159
2024-06-06,793340.7625749996,84.58882499951869,793256.1737500001,0.999893376429159
2024-06-07,793340.7625749996,84.58882499951869,793256.1737500001,0.999893376429159
2024-06-11,793340.7625749996,84.58882499951869,793256.1737500001,0.999893376429159
2024-06-12,793340.7625749996,84.58882499951869,793256.1737500001,0.999893376429159
2024-06-13,793340.7625749996,84.58882499951869,793256.1737500001,0.999893376429159
2024-06-14,793340.7625749996,84.58882499951869,793256.1737500001,0.999893376429159
2024-06-17,793340.7625749996,84.58882499951869,793256.1737500001,0.999893376429159
2024-06-18,793340.7625749996,84.58882499951869,793256.1737500001,0.999893376429159
2024-06-19,793340.7625749996,84.58882499951869,793256.1737500001,0.999893376429159
2024-06-20,793340.7625749996,84.58882499951869,793256.1737500001,0.999893376429159
2024-06-21,793340.7625749996,84.58882499951869,793256.1737500001,0.999893376429159
2024-06-24,793340.7625749996,84.58882499951869,793256.1737500001,0.999893376429159
2024-06-25,793340.7625749996,84.58882499951869,793256.1737500001,0.999893376429159
2024-06-26,793340.7625749996,84.58882499951869,793256.1737500001,0.999893376429159
2024-06-27,793340.7625749996,84.58882499951869,793256.1737500001,0.999893376429159
2024-06-28,793340.7625749996,84.58882499951869,793256.1737500001,0.999893376429159
2024-07-01,793340.7625749996,84.58882499951869,793256.1737500001,0.999893376429159
2024-07-02,793340.7625749996,84.58882499951869,793256.1737500001,0.999893376429159
2024-07-03,793340.7625749996,84.58882499951869,793256.1737500001,0.999893376429159
2024-07-04,793340.7625749996,84.58882499951869,793256.1737500001,0.999893376429159
2024-07-05,793340.7625749996,84.58882499951869,793256.1737500001,0.999893376429159
2024-07-08,793340.7625749996,84.58882499951869,793256.1737500001,0.999893376429159
2024-07-09,793340.7625749996,84.58882499951869,793256.1737500001,0.999893376429159
2024-07-10,793340.7625749996,84.58882499951869,793256.1737500001,0.999893376429159
2024-07-11,793340.7625749996,84.58882499951869,793256.1737500001,0.999893376429159
2024-07-12,793340.7625749996,84.58882499951869,793256.1737500001,0.999893376429159
2024-07-15,793340.7625749996,84.58882499951869,793256.1737500001,0.999893376429159
2024-07-16,793340.7625749996,84.58882499951869,793256.1737500001,0.999893376429159
2024-07-17,793340.7625749996,84.58882499951869,793256.1737500001,0.999893376429159
2024-07-18,793340.7625749996,84.58882499951869,793256.1737500001,0.999893376429159
2024-07-19,793340.7625749996,84.58882499951869,793256.1737500001,0.999893376429159
2024-07-22,793340.7625749996,84.58882499951869,793256.1737500001,0.999893376429159
2024-07-23,793340.7625749996,84.58882499951869,793256.1737500001,0.999893376429159
2024-07-24,793340.7625749996,84.58882499951869,793256.1737500001,0.999893376429159
2024-07-25,793340.7625749996,84.58882499951869,793256.1737500001,0.999893376429159
2024-07-26,793340.7625749996,84.58882499951869,793256.1737500001,0.999893376429159
2024-07-29,793340.7625749996,84.58882499951869,793256.1737500001,0.999893376429159
2024-07-30,793340.7625749996,84.58882499951869,793256.1737500001,0.999893376429159
2024-07-31,793340.7625749996,84.58882499951869,793256.1737500001,0.999893376429159
2024-08-01,793340.7625749996,84.58882499951869,793256.1737500001,0.999893376429159
2024-08-02,793340.7625749996,84.58882499951869,793256.1737500001,0.999893376429159
2024-08-05,793340.7625749996,84.58882499951869,793256.1737500001,0.999893376429159
2024-08-06,793340.7625749996,84.58882499951869,793256.1737500001,0.999893376429159
2024-08-07,793340.7625749996,84.58882499951869,793256.1737500001,0.999893376429159
2024-08-08,793340.7625749996,84.58882499951869,793256.1737500001,0.999893376429159
2024-08-09,793340.7625749996,84.58882499951869,793256.1737500001,0.999893376429159
2024-08-12,793340.7625749996,84.58882499951869,793256.1737500001,0.999893376429159
2024-08-13,793340.7625749996,84.58882499951869,793256.1737500001,0.999893376429159
2024-08-14,793340.7625749996,84.58882499951869,793256.1737500001,0.999893376429159
2024-08-15,793340.7625749996,84.58882499951869,793256.1737500001,0.999893376429159
2024-08-16,793340.7625749996,84.58882499951869,793256.1737500001,0.999893376429159
2024-08-19,793340.7625749996,84.58882499951869,793256.1737500001,0.999893376429159
2024-08-20,793340.7625749996,84.58882499951869,793256.1737500001,0.999893376429159
2024-08-21,793340.7625749996,84.58882499951869,793256.1737500001,0.999893376429159
2024-08-22,793340.7625749996,84.58882499951869,793256.1737500001,0.999893376429159
2024-08-23,793340.7625749996,84.58882499951869,793256.1737500001,0.999893376429159
2024-08-26,793340.7625749996,84.58882499951869,793256.1737500001,0.999893376429159
2024-08-27,793340.7625749996,84.58882499951869,793256.1737500001,0.999893376429159
2024-08-28,793340.7625749996,84.58882499951869,793256.1737500001,0.999893376429159
2024-08-29,793340.7625749996,84.58882499951869,793256.1737500001,0.999893376429159
2024-08-30,793340.7625749996,84.58882499951869,793256.1737500001,0.999893376429159
2024-09-02,793340.7625749996,84.58882499951869,793256.1737500001,0.999893376429159
2024-09-03,793340.7625749996,84.58882499951869,793256.1737500001,0.999893376429159
2024-09-04,793340.7625749996,84.58882499951869,793256.1737500001,0.999893376429159
2024-09-05,793340.7625749996,84.58882499951869,793256.1737500001,0.999893376429159
2024-09-06,793340.7625749996,84.58882499951869,793256.1737500001,0.999893376429159
2024-09-09,793340.7625749996,84.58882499951869,793256.1737500001,0.999893376429159
2024-09-10,793340.7625749996,84.58882499951869,793256.1737500001,0.999893376429159
2024-09-11,793340.7625749996,84.58882499951869,793256.1737500001,0.999893376429159
2024-09-12,793340.7625749996,84.58882499951869,793256.1737500001,0.999893376429159
2024-09-13,793340.7625749996,84.58882499951869,793256.1737500001,0.999893376429159
2024-09-18,793340.7625749996,84.58882499951869,793256.1737500001,0.999893376429159
2024-09-19,793340.7625749996,84.58882499951869,793256.1737500001,0.999893376429159
2024-09-20,793340.7625749996,84.58882499951869,793256.1737500001,0.999893376429159
2024-09-23,793340.7625749996,84.58882499951869,793256.1737500001,0.999893376429159
2024-09-24,793340.7625749996,84.58882499951869,793256.1737500001,0.999893376429159
2024-09-25,793340.7625749996,84.58882499951869,793256.1737500001,0.999893376429159
2024-09-26,793340.7625749996,84.58882499951869,793256.1737500001,0.999893376429159
2024-09-27,793340.7625749996,84.58882499951869,793256.1737500001,0.999893376429159
2024-09-30,793340.7625749996,84.58882499951869,793256.1737500001,0.999893376429159
2024-10-08,793340.7625749996,84.58882499951869,793256.1737500001,0.999893376429159
2024-10-09,793340.7625749996,84.58882499951869,793256.1737500001,0.999893376429159
2024-10-10,793340.7625749996,84.58882499951869,793256.1737500001,0.999893376429159
2024-10-11,793340.7625749996,84.58882499951869,793256.1737500001,0.999893376429159
2024-10-14,793340.7625749996,84.58882499951869,793256.1737500001,0.999893376429159
2024-10-15,793340.7625749996,84.58882499951869,793256.1737500001,0.999893376429159
2024-10-16,793340.7625749996,84.58882499951869,793256.1737500001,0.999893376429159
2024-10-17,793340.7625749996,84.58882499951869,793256.1737500001,0.999893376429159
2024-10-18,793340.7625749996,84.58882499951869,793256.1737500001,0.999893376429159
2024-10-21,793340.7625749996,84.58882499951869,793256.1737500001,0.999893376429159
2024-10-22,793340.7625749996,84.58882499951869,793256.1737500001,0.999893376429159
2024-10-23,793340.7625749996,84.58882499951869,793256.1737500001,0.999893376429159
2024-10-24,793340.7625749996,84.58882499951869,793256.1737500001,0.999893376429159
2024-10-25,793340.7625749996,84.58882499951869,793256.1737500001,0.999893376429159
2024-10-28,793340.7625749996,84.58882499951869,793256.1737500001,0.999893376429159
2024-10-29,793340.7625749996,84.58882499951869,793256.1737500001,0.999893376429159
2024-10-30,793340.7625749996,84.58882499951869,793256.1737500001,0.999893376429159
2024-10-31,793340.7625749996,84.58882499951869,793256.1737500001,0.999893376429159
2024-11-01,793340.7625749996,84.58882499951869,793256.1737500001,0.999893376429159
2024-11-04,793340.7625749996,84.58882499951869,793256.1737500001,0.999893376429159
2024-11-05,793340.7625749996,84.58882499951869,793256.1737500001,0.999893376429159
2024-11-06,793340.7625749996,84.58882499951869,793256.1737500001,0.999893376429159
2024-11-07,793340.7625749996,84.58882499951869,793256.1737500001,0.999893376429159
2024-11-08,793340.7625749996,84.58882499951869,793256.1737500001,0.999893376429159
2024-11-11,793340.7625749996,84.58882499951869,793256.1737500001,0.999893376429159
2024-11-12,793340.7625749996,84.58882499951869,793256.1737500001,0.999893376429159
2024-11-13,793340.7625749996,84.58882499951869,793256.1737500001,0.999893376429159
2024-11-14,793340.7625749996,84.58882499951869,793256.1737500001,0.999893376429159
2024-11-15,793340.7625749996,84.58882499951869,793256.1737500001,0.999893376429159
2024-11-18,793340.7625749996,84.58882499951869,793256.1737500001,0.999893376429159
2024-11-19,793340.7625749996,84.58882499951869,793256.1737500001,0.999893376429159
2024-11-20,793340.7625749996,84.58882499951869,793256.1737500001,0.999893376429159
2024-11-21,793340.7625749996,84.58882499951869,793256.1737500001,0.999893376429159
2024-11-22,793340.7625749996,84.58882499951869,793256.1737500001,0.999893376429159
2024-11-25,793340.7625749996,84.58882499951869,793256.1737500001,0.999893376429159
2024-11-26,793340.7625749996,84.58882499951869,793256.1737500001,0.999893376429159
2024-11-27,793340.7625749996,84.58882499951869,793256.1737500001,0.999893376429159
2024-11-28,793340.7625749996,84.58882499951869,793256.1737500001,0.999893376429159
2024-11-29,793340.7625749996,84.58882499951869,793256.1737500001,0.999893376429159
2024-12-02,793340.7625749996,84.58882499951869,793256.1737500001,0.999893376429159
2024-12-03,793340.7625749996,84.58882499951869,793256.1737500001,0.999893376429159
2024-12-04,793340.7625749996,84.58882499951869,793256.1737500001,0.999893376429159
2024-12-05,793340.7625749996,84.58882499951869,793256.1737500001,0.999893376429159
2024-12-06,793340.7625749996,84.58882499951869,793256.1737500001,0.999893376429159
2024-12-09,793340.7625749996,84.58882499951869,793256.1737500001,0.999893376429159
2024-12-10,793340.7625749996,84.58882499951869,793256.1737500001,0.999893376429159
2024-12-11,793340.7625749996,84.58882499951869,793256.1737500001,0.999893376429159
2024-12-12,793340.7625749996,84.58882499951869,793256.1737500001,0.999893376429159
2024-12-13,793340.7625749996,84.58882499951869,793256.1737500001,0.999893376429159
2024-12-16,793340.7625749996,84.58882499951869,793256.1737500001,0.999893376429159
2024-12-17,793340.7625749996,84.58882499951869,793256.1737500001,0.999893376429159
2024-12-18,793340.7625749996,84.58882499951869,793256.1737500001,0.999893376429159
2024-12-19,793340.7625749996,84.58882499951869,793256.1737500001,0.999893376429159
2024-12-20,793340.7625749996,84.58882499951869,793256.1737500001,0.999893376429159
2024-12-23,793340.7625749996,84.58882499951869,793256.1737500001,0.999893376429159
2024-12-24,793340.7625749996,84.58882499951869,793256.1737500001,0.999893376429159
2024-12-25,793340.7625749996,84.58882499951869,793256.1737500001,0.999893376429159
2024-12-26,793340.7625749996,84.58882499951869,793256.1737500001,0.999893376429159
2024-12-27,793340.7625749996,84.58882499951869,793256.1737500001,0.999893376429159
2024-12-30,793340.7625749996,84.58882499951869,793256.1737500001,0.999893376429159
2024-12-31,793340.7625749996,84.58882499951869,793256.1737500001,0.999893376429159
2025-01-02,793340.7625749996,84.58882499951869,793256.1737500001,0.999893376429159
2025-01-03,793340.7625749996,84.58882499951869,793256.1737500001,0.999893376429159
2025-01-06,793340.7625749996,84.58882499951869,793256.1737500001,0.999893376429159
2025-01-07,793340.7625749996,84.58882499951869,793256.1737500001,0.999893376429159
2025-01-08,793340.7625749996,84.58882499951869,793256.1737500001,0.999893376429159
2025-01-09,793340.7625749996,84.58882499951869,793256.1737500001,0.999893376429159
2025-01-10,793340.7625749996,84.58882499951869,793256.1737500001,0.999893376429159
2025-01-13,793340.7625749996,84.58882499951869,793256.1737500001,0.999893376429159
2025-01-14,793340.7625749996,84.58882499951869,793256.1737500001,0.999893376429159
2025-01-15,793340.7625749996,84.58882499951869,793256.1737500001,0.999893376429159
2025-01-16,793340.7625749996,84.58882499951869,793256.1737500001,0.999893376429159
2025-01-17,793340.7625749996,84.58882499951869,793256.1737500001,0.999893376429159
2025-01-20,793340.7625749996,84.58882499951869,793256.1737500001,0.999893376429159
2025-01-21,793340.7625749996,84.58882499951869,793256.1737500001,0.999893376429159
2025-01-22,793340.7625749996,84.58882499951869,793256.1737500001,0.999893376429159
2025-01-23,793340.7625749996,84.58882499951869,793256.1737500001,0.999893376429159
2025-01-24,793340.7625749996,84.58882499951869,793256.1737500001,0.999893376429159
2025-01-27,793340.7625749996,84.58882499951869,793256.1737500001,0.999893376429159
2025-02-05,793340.7625749996,84.58882499951869,793256.1737500001,0.999893376429159
2025-02-06,793340.7625749996,84.58882499951869,793256.1737500001,0.999893376429159
2025-02-07,793340.7625749996,84.58882499951869,793256.1737500001,0.999893376429159
2025-02-10,793340.7625749996,84.58882499951869,793256.1737500001,0.999893376429159
2025-02-11,793340.7625749996,84.58882499951869,793256.1737500001,0.999893376429159
2025-02-12,793340.7625749996,84.58882499951869,793256.1737500001,0.999893376429159
2025-02-13,793340.7625749996,84.58882499951869,793256.1737500001,0.999893376429159
2025-02-14,793340.7625749996,84.58882499951869,793256.1737500001,0.999893376429159
2025-02-17,793340.7625749996,84.58882499951869,793256.1737500001,0.999893376429159
2025-02-18,793340.7625749996,84.58882499951869,793256.1737500001,0.999893376429159
2025-02-19,793340.7625749996,84.58882499951869,793256.1737500001,0.999893376429159
2025-02-20,793340.7625749996,84.58882499951869,793256.1737500001,0.999893376429159
2025-02-21,793340.7625749996,84.58882499951869,793256.1737500001,0.999893376429159
2025-02-24,793340.7625749996,84.58882499951869,793256.1737500001,0.999893376429159
2025-02-25,793340.7625749996,84.58882499951869,793256.1737500001,0.999893376429159
2025-02-26,793340.7625749996,84.58882499951869,793256.1737500001,0.999893376429159
2025-02-27,793340.7625749996,84.58882499951869,793256.1737500001,0.999893376429159
2025-02-28,793340.7625749996,84.58882499951869,793256.1737500001,0.999893376429159
2025-03-03,793340.7625749996,84.58882499951869,793256.1737500001,0.999893376429159
2025-03-04,793340.7625749996,84.58882499951869,793256.1737500001,0.999893376429159
2025-03-05,793340.7625749996,84.58882499951869,793256.1737500001,0.999893376429159
2025-03-06,793340.7625749996,84.58882499951869,793256.1737500001,0.999893376429159
2025-03-07,793340.7625749996,84.58882499951869,793256.1737500001,0.999893376429159
2025-03-10,793340.7625749996,84.58882499951869,793256.1737500001,0.999893376429159
2025-03-11,793340.7625749996,84.58882499951869,793256.1737500001,0.999893376429159
2025-03-12,793340.7625749996,84.58882499951869,793256.1737500001,0.999893376429159
2025-03-13,793340.7625749996,84.58882499951869,793256.1737500001,0.999893376429159
2025-03-14,793340.7625749996,84.58882499951869,793256.1737500001,0.999893376429159
2025-03-17,793340.7625749996,84.58882499951869,793256.1737500001,0.999893376429159
2025-03-18,793340.7625749996,84.58882499951869,793256.1737500001,0.999893376429159
2025-03-19,793340.7625749996,84.58882499951869,793256.1737500001,0.999893376429159
2025-03-20,793340.7625749996,84.58882499951869,793256.1737500001,0.999893376429159
2025-03-21,793340.7625749996,84.58882499951869,793256.1737500001,0.999893376429159
2025-03-24,793340.7625749996,84.58882499951869,793256.1737500001,0.999893376429159
2025-03-25,793340.7625749996,84.58882499951869,793256.1737500001,0.999893376429159
2025-03-26,793340.7625749996,84.58882499951869,793256.1737500001,0.999893376429159
2025-03-27,793340.7625749996,84.58882499951869,793256.1737500001,0.999893376429159
2025-03-28,793340.7625749996,84.58882499951869,793256.1737500001,0.999893376429159
2025-03-31,793340.7625749996,84.58882499951869,793256.1737500001,0.999893376429159
2025-04-01,793340.7625749996,84.58882499951869,793256.1737500001,0.999893376429159
2025-04-02,793340.7625749996,84.58882499951869,793256.1737500001,0.999893376429159
2025-04-03,793340.7625749996,84.58882499951869,793256.1737500001,0.999893376429159
2025-04-07,793340.7625749996,84.58882499951869,793256.1737500001,0.999893376429159
2025-04-08,793340.7625749996,84.58882499951869,793256.1737500001,0.999893376429159
2025-04-09,793340.7625749996,84.58882499951869,793256.1737500001,0.999893376429159
2025-04-10,793340.7625749996,84.58882499951869,793256.1737500001,0.999893376429159
2025-04-11,793340.7625749996,84.58882499951869,793256.1737500001,0.999893376429159
2025-04-14,793340.7625749996,84.58882499951869,793256.1737500001,0.999893376429159
2025-04-15,793340.7625749996,84.58882499951869,793256.1737500001,0.999893376429159
2025-04-16,793340.7625749996,84.58882499951869,793256.1737500001,0.999893376429159
2025-04-17,793340.7625749996,84.58882499951869,793256.1737500001,0.999893376429159
2025-04-18,793340.7625749996,84.58882499951869,793256.1737500001,0.999893376429159
2025-04-21,793340.7625749996,84.58882499951869,793256.1737500001,0.999893376429159
2025-04-22,793340.7625749996,84.58882499951869,793256.1737500001,0.999893376429159
2025-04-23,793340.7625749996,84.58882499951869,793256.1737500001,0.999893376429159
2025-04-24,793340.7625749996,84.58882499951869,793256.1737500001,0.999893376429159
2025-04-25,793340.7625749996,84.58882499951869,793256.1737500001,0.999893376429159
2025-04-28,793340.7625749996,84.58882499951869,793256.1737500001,0.999893376429159
2025-04-29,793340.7625749996,84.58882499951869,793256.1737500001,0.999893376429159
2025-04-30,793340.7625749996,84.58882499951869,793256.1737500001,0.999893376429159
2025-05-06,793340.7625749996,84.58882499951869,793256.1737500001,0.999893376429159
2025-05-07,793340.7625749996,84.58882499951869,793256.1737500001,0.999893376429159
2025-05-08,793340.7625749996,84.58882499951869,793256.1737500001,0.999893376429159
2025-05-09,793340.7625749996,84.58882499951869,793256.1737500001,0.999893376429159
2025-05-12,793340.7625749996,84.58882499951869,793256.1737500001,0.999893376429159
2025-05-13,793340.7625749996,84.58882499951869,793256.1737500001,0.999893376429159
2025-05-14,793340.7625749996,84.58882499951869,793256.1737500001,0.999893376429159
2025-05-15,793340.7625749996,84.58882499951869,793256.1737500001,0.999893376429159
2025-05-16,793340.7625749996,84.58882499951869,793256.1737500001,0.999893376429159
2025-05-19,793340.7625749996,84.58882499951869,793256.1737500001,0.999893376429159
2025-05-20,793340.7625749996,84.58882499951869,793256.1737500001,0.999893376429159
2025-05-21,793340.7625749996,84.58882499951869,793256.1737500001,0.999893376429159
2025-05-22,793340.7625749996,84.58882499951869,793256.1737500001,0.999893376429159
2025-05-23,793340.7625749996,84.58882499951869,793256.1737500001,0.999893376429159
2025-05-26,793340.7625749996,84.58882499951869,793256.1737500001,0.999893376429159
2025-05-27,793340.7625749996,84.58882499951869,793256.1737500001,0.999893376429159
2025-05-28,793340.7625749996,84.58882499951869,793256.1737500001,0.999893376429159
2025-05-29,793340.7625749996,84.58882499951869,793256.1737500001,0.999893376429159
2025-05-30,793340.7625749996,84.58882499951869,793256.1737500001,0.999893376429159
2025-06-03,793340.7625749996,84.58882499951869,793256.1737500001,0.999893376429159
2025-06-04,793340.7625749996,84.58882499951869,793256.1737500001,0.999893376429159
2025-06-05,793340.7625749996,84.58882499951869,793256.1737500001,0.999893376429159
2025-06-06,793340.7625749996,84.58882499951869,793256.1737500001,0.999893376429159
2025-06-09,793340.7625749996,84.58882499951869,793256.1737500001,0.999893376429159
2025-06-10,793340.7625749996,84.58882499951869,793256.1737500001,0.999893376429159
2025-06-11,793340.7625749996,84.58882499951869,793256.1737500001,0.999893376429159
2025-06-12,793340.7625749996,84.58882499951869,793256.1737500001,0.999893376429159
2025-06-13,793340.7625749996,84.58882499951869,793256.1737500001,0.999893376429159
2025-06-16,793340.7625749996,84.58882499951869,793256.1737500001,0.999893376429159
2025-06-17,793340.7625749996,84.58882499951869,793256.1737500001,0.999893376429159
2025-06-18,793340.7625749996,84.58882499951869,793256.1737500001,0.999893376429159
2025-06-19,793340.7625749996,84.58882499951869,793256.1737500001,0.999893376429159
2025-06-20,793340.7625749996,84.58882499951869,793256.1737500001,0.999893376429159
2025-06-23,793340.7625749996,84.58882499951869,793256.1737500001,0.999893376429159
2025-06-24,793340.7625749996,84.58882499951869,793256.1737500001,0.999893376429159
2025-06-25,793340.7625749996,84.58882499951869,793256.1737500001,0.999893376429159
2025-06-26,793340.7625749996,84.58882499951869,793256.1737500001,0.999893376429159
2025-06-27,793340.7625749996,84.58882499951869,793256.1737500001,0.999893376429159
2025-06-30,793340.7625749996,84.58882499951869,793256.1737500001,0.999893376429159
2025-07-01,793340.7625749996,84.58882499951869,793256.1737500001,0.999893376429159
2025-07-02,793340.7625749996,84.58882499951869,793256.1737500001,0.999893376429159
2025-07-03,793340.7625749996,84.58882499951869,793256.1737500001,0.999893376429159
2025-07-04,793340.7625749996,84.58882499951869,793256.1737500001,0.999893376429159
2025-07-07,793340.7625749996,84.58882499951869,793256.1737500001,0.999893376429159
2025-07-08,793340.7625749996,84.58882499951869,793256.1737500001,0.999893376429159
2025-07-09,793340.7625749996,84.58882499951869,793256.1737500001,0.999893376429159
2025-07-10,793340.7625749996,84.58882499951869,793256.1737500001,0.999893376429159
2025-07-11,793340.7625749996,84.58882499951869,793256.1737500001,0.999893376429159
2025-07-14,793340.7625749996,84.58882499951869,793256.1737500001,0.999893376429159
2025-07-15,793340.7625749996,84.58882499951869,793256.1737500001,0.999893376429159
2025-07-16,793340.7625749996,84.58882499951869,793256.1737500001,0.999893376429159
2025-07-17,793340.7625749996,84.58882499951869,793256.1737500001,0.999893376429159
2025-07-18,793340.7625749996,84.58882499951869,793256.1737500001,0.999893376429159
2025-07-21,793340.7625749996,84.58882499951869,793256.1737500001,0.999893376429159
2025-07-22,793340.7625749996,84.58882499951869,793256.1737500001,0.999893376429159
2025-07-23,793340.7625749996,84.58882499951869,793256.1737500001,0.999893376429159
2025-07-24,793340.7625749996,84.58882499951869,793256.1737500001,0.999893376429159
2025-07-25,793340.7625749996,84.58882499951869,793256.1737500001,0.999893376429159
2025-07-28,793340.7625749996,84.58882499951869,793256.1737500001,0.999893376429159
2025-07-29,793340.7625749996,84.58882499951869,793256.1737500001,0.999893376429159
2025-07-30,793340.7625749996,84.58882499951869,793256.1737500001,0.999893376429159
2025-07-31,793340.7625749996,84.58882499951869,793256.1737500001,0.999893376429159
2025-08-01,793340.7625749996,84.58882499951869,793256.1737500001,0.999893376429159
2025-08-04,793340.7625749996,84.58882499951869,793256.1737500001,0.999893376429159
2025-08-05,793340.7625749996,84.58882499951869,793256.1737500001,0.999893376429159
2025-08-06,793340.7625749996,84.58882499951869,793256.1737500001,0.999893376429159
2025-08-07,793340.7625749996,84.58882499951869,793256.1737500001,0.999893376429159
2025-08-08,793340.7625749996,84.58882499951869,793256.1737500001,0.999893376429159
2025-08-11,793340.7625749996,84.58882499951869,793256.1737500001,0.999893376429159
2025-08-12,793340.7625749996,84.58882499951869,793256.1737500001,0.999893376429159
2025-08-13,793340.7625749996,84.58882499951869,793256.1737500001,0.999893376429159
2025-08-14,793340.7625749996,84.58882499951869,793256.1737500001,0.999893376429159
2025-08-15,793340.7625749996,84.58882499951869,793256.1737500001,0.999893376429159
2025-08-18,793340.7625749996,84.58882499951869,793256.1737500001,0.999893376429159
2025-08-19,793340.7625749996,84.58882499951869,793256.1737500001,0.999893376429159
2025-08-20,793340.7625749996,84.58882499951869,793256.1737500001,0.999893376429159
2025-08-21,793340.7625749996,84.58882499951869,793256.1737500001,0.999893376429159
2025-08-22,793340.7625749996,84.58882499951869,793256.1737500001,0.999893376429159
2025-08-25,793340.7625749996,84.58882499951869,793256.1737500001,0.999893376429159
2025-08-26,793340.7625749996,84.58882499951869,793256.1737500001,0.999893376429159
2025-08-27,793340.7625749996,84.58882499951869,793256.1737500001,0.999893376429159
2025-08-28,793340.7625749996,84.58882499951869,793256.1737500001,0.999893376429159
2025-08-29,793340.7625749996,84.58882499951869,793256.1737500001,0.999893376429159
2025-09-01,793340.7625749996,84.58882499951869,793256.1737500001,0.999893376429159
2025-09-02,793340.7625749996,84.58882499951869,793256.1737500001,0.999893376429159
2025-09-03,793340.7625749996,84.58882499951869,793256.1737500001,0.999893376429159
2025-09-04,793340.7625749996,84.58882499951869,793256.1737500001,0.999893376429159
2025-09-05,793340.7625749996,84.58882499951869,793256.1737500001,0.999893376429159
2025-09-08,793340.7625749996,84.58882499951869,793256.1737500001,0.999893376429159
2025-09-09,793340.7625749996,84.58882499951869,793256.1737500001,0.999893376429159
2025-09-10,793340.7625749996,84.58882499951869,793256.1737500001,0.999893376429159
2025-09-11,793340.7625749996,84.58882499951869,793256.1737500001,0.999893376429159
2025-09-12,793340.7625749996,84.58882499951869,793256.1737500001,0.999893376429159
2025-09-15,793340.7625749996,84.58882499951869,793256.1737500001,0.999893376429159
2025-09-16,793340.7625749996,84.58882499951869,793256.1737500001,0.999893376429159
2025-09-17,793340.7625749996,84.58882499951869,793256.1737500001,0.999893376429159
2025-09-18,793340.7625749996,84.58882499951869,793256.1737500001,0.999893376429159
2025-09-19,793340.7625749996,84.58882499951869,793256.1737500001,0.999893376429159
2025-09-22,793340.7625749996,84.58882499951869,793256.1737500001,0.999893376429159
2025-09-23,793340.7625749996,84.58882499951869,793256.1737500001,0.999893376429159
2025-09-24,793340.7625749996,84.58882499951869,793256.1737500001,0.999893376429159
2025-09-25,793340.7625749996,84.58882499951869,793256.1737500001,0.999893376429159
2025-09-26,793340.7625749996,84.58882499951869,793256.1737500001,0.999893376429159
2025-09-29,793340.7625749996,84.58882499951869,793256.1737500001,0.999893376429159
2025-09-30,793340.7625749996,84.58882499951869,793256.1737500001,0.999893376429159
2025-10-09,793340.7625749996,84.58882499951869,793256.1737500001,0.999893376429159
2025-10-10,793340.7625749996,84.58882499951869,793256.1737500001,0.999893376429159
2025-10-13,793340.7625749996,84.58882499951869,793256.1737500001,0.999893376429159
2025-10-14,793340.7625749996,84.58882499951869,793256.1737500001,0.999893376429159
2025-10-15,793340.7625749996,84.58882499951869,793256.1737500001,0.999893376429159
2025-10-16,793340.7625749996,84.58882499951869,793256.1737500001,0.999893376429159
2025-10-17,793340.7625749996,84.58882499951869,793256.1737500001,0.999893376429159
2025-10-20,793340.7625749996,84.58882499951869,793256.1737500001,0.999893376429159
2025-10-21,793340.7625749996,84.58882499951869,793256.1737500001,0.999893376429159
2025-10-22,793340.7625749996,84.58882499951869,793256.1737500001,0.999893376429159
2025-10-23,793340.7625749996,84.58882499951869,793256.1737500001,0.999893376429159
2025-10-24,793340.7625749996,84.58882499951869,793256.1737500001,0.999893376429159
2025-10-27,793340.7625749996,84.58882499951869,793256.1737500001,0.999893376429159
2025-10-28,793340.7625749996,84.58882499951869,793256.1737500001,0.999893376429159
2025-10-29,793340.7625749996,84.58882499951869,793256.1737500001,0.999893376429159
2025-10-30,793340.7625749996,84.58882499951869,793256.1737500001,0.999893376429159
2025-10-31,793340.7625749996,84.58882499951869,793256.1737500001,0.999893376429159
2025-11-03,793340.7625749996,84.58882499951869,793256.1737500001,0.999893376429159
2025-11-04,793340.7625749996,84.58882499951869,793256.1737500001,0.999893376429159
2025-11-05,793340.7625749996,84.58882499951869,793256.1737500001,0.999893376429159
2025-11-06,793340.7625749996,84.58882499951869,793256.1737500001,0.999893376429159
2025-11-07,793340.7625749996,84.58882499951869,793256.1737500001,0.999893376429159
2025-11-10,793340.7625749996,84.58882499951869,793256.1737500001,0.999893376429159
2025-11-11,793340.7625749996,84.58882499951869,793256.1737500001,0.999893376429159
2025-11-12,793340.7625749996,84.58882499951869,793256.1737500001,0.999893376429159
2025-11-13,793340.7625749996,84.58882499951869,793256.1737500001,0.999893376429159
2025-11-14,793340.7625749996,84.58882499951869,793256.1737500001,0.999893376429159
2025-11-17,793340.7625749996,84.58882499951869,793256.1737500001,0.999893376429159
2025-11-18,793340.7625749996,84.58882499951869,793256.1737500001,0.999893376429159
2025-11-19,793340.7625749996,84.58882499951869,793256.1737500001,0.999893376429159
2025-11-20,793340.7625749996,84.58882499951869,793256.1737500001,0.999893376429159
2025-11-21,793340.7625749996,84.58882499951869,793256.1737500001,0.999893376429159
2025-11-24,793340.7625749996,84.58882499951869,793256.1737500001,0.999893376429159
2025-11-25,793340.7625749996,84.58882499951869,793256.1737500001,0.999893376429159
2025-11-26,793340.7625749996,84.58882499951869,793256.1737500001,0.999893376429159
2025-11-27,793340.7625749996,84.58882499951869,793256.1737500001,0.999893376429159
2025-11-28,793340.7625749996,84.58882499951869,793256.1737500001,0.999893376429159
2025-12-01,793340.7625749996,84.58882499951869,793256.1737500001,0.999893376429159
2025-12-02,793340.7625749996,84.58882499951869,793256.1737500001,0.999893376429159
2025-12-03,793340.7625749996,84.58882499951869,793256.1737500001,0.999893376429159
2025-12-04,793340.7625749996,84.58882499951869,793256.1737500001,0.999893376429159
2025-12-05,793340.7625749996,84.58882499951869,793256.1737500001,0.999893376429159
2025-12-08,793340.7625749996,84.58882499951869,793256.1737500001,0.999893376429159
2025-12-09,793340.7625749996,84.58882499951869,793256.1737500001,0.999893376429159
2025-12-10,793340.7625749996,84.58882499951869,793256.1737500001,0.999893376429159
2025-12-11,793340.7625749996,84.58882499951869,793256.1737500001,0.999893376429159
2025-12-12,793340.7625749996,84.58882499951869,793256.1737500001,0.999893376429159
2025-12-15,793340.7625749996,84.58882499951869,793256.1737500001,0.999893376429159
2025-12-16,793340.7625749996,84.58882499951869,793256.1737500001,0.999893376429159
2025-12-17,793340.7625749996,84.58882499951869,793256.1737500001,0.999893376429159
2025-12-18,793340.7625749996,84.58882499951869,793256.1737500001,0.999893376429159
2025-12-19,793340.7625749996,84.58882499951869,793256.1737500001,0.999893376429159
2025-12-22,793340.7625749996,84.58882499951869,793256.1737500001,0.999893376429159
2025-12-23,793340.7625749996,84.58882499951869,793256.1737500001,0.999893376429159
2025-12-24,793340.7625749996,84.58882499951869,793256.1737500001,0.999893376429159
2025-12-25,793340.7625749996,84.58882499951869,793256.1737500001,0.999893376429159
2025-12-26,793340.7625749996,84.58882499951869,793256.1737500001,0.999893376429159
2025-12-29,793340.7625749996,84.58882499951869,793256.1737500001,0.999893376429159
2025-12-30,793340.7625749996,84.58882499951869,793256.1737500001,0.999893376429159
2025-12-31,793340.7625749996,84.58882499951869,793256.1737500001,0.999893376429159
2026-01-05,793340.7625749996,84.58882499951869,793256.1737500001,0.999893376429159
2026-01-06,793340.7625749996,84.58882499951869,793256.1737500001,0.999893376429159
2026-01-07,793340.7625749996,84.58882499951869,793256.1737500001,0.999893376429159
2026-01-08,793340.7625749996,84.58882499951869,793256.1737500001,0.999893376429159
2026-01-09,793340.7625749996,84.58882499951869,793256.1737500001,0.999893376429159
2026-01-12,793340.7625749996,84.58882499951869,793256.1737500001,0.999893376429159
2026-01-13,793340.7625749996,84.58882499951869,793256.1737500001,0.999893376429159
2026-01-14,793340.7625749996,84.58882499951869,793256.1737500001,0.999893376429159
2026-01-15,793340.7625749996,84.58882499951869,793256.1737500001,0.999893376429159
2026-01-16,793340.7625749996,84.58882499951869,793256.1737500001,0.999893376429159
2026-01-19,793340.7625749996,84.58882499951869,793256.1737500001,0.999893376429159
2026-01-20,793340.7625749996,84.58882499951869,793256.1737500001,0.999893376429159
2026-01-21,793340.7625749996,84.58882499951869,793256.1737500001,0.999893376429159
2026-01-22,793340.7625749996,84.58882499951869,793256.1737500001,0.999893376429159
2026-01-23,793340.7625749996,84.58882499951869,793256.1737500001,0.999893376429159
2026-01-26,793340.7625749996,84.58882499951869,793256.1737500001,0.999893376429159
2026-01-27,793340.7625749996,84.58882499951869,793256.1737500001,0.999893376429159
2026-01-28,793340.7625749996,84.58882499951869,793256.1737500001,0.999893376429159
2026-01-29,793340.7625749996,84.58882499951869,793256.1737500001,0.999893376429159
2026-01-30,793340.7625749996,84.58882499951869,793256.1737500001,0.999893376429159
2026-02-02,793340.7625749996,84.58882499951869,793256.1737500001,0.999893376429159
2026-02-03,793340.7625749996,84.58882499951869,793256.1737500001,0.999893376429159
2026-02-04,793340.7625749996,84.58882499951869,793256.1737500001,0.999893376429159
2026-02-05,793340.7625749996,84.58882499951869,793256.1737500001,0.999893376429159
2026-02-06,793340.7625749996,84.58882499951869,793256.1737500001,0.999893376429159
2026-02-09,793340.7625749996,84.58882499951869,793256.1737500001,0.999893376429159
2026-02-10,793340.7625749996,84.58882499951869,793256.1737500001,0.999893376429159
2026-02-11,793340.7625749996,84.58882499951869,793256.1737500001,0.999893376429159
2026-02-12,793340.7625749996,84.58882499951869,793256.1737500001,0.999893376429159
2026-02-13,793340.7625749996,84.58882499951869,793256.1737500001,0.999893376429159
2026-02-24,793340.7625749996,84.58882499951869,793256.1737500001,0.999893376429159
2026-02-25,793340.7625749996,84.58882499951869,793256.1737500001,0.999893376429159
2026-02-26,793340.7625749996,84.58882499951869,793256.1737500001,0.999893376429159
2026-02-27,793340.7625749996,84.58882499951869,793256.1737500001,0.999893376429159
2026-03-02,793340.7625749996,84.58882499951869,793256.1737500001,0.999893376429159
2026-03-03,793340.7625749996,84.58882499951869,793256.1737500001,0.999893376429159
2026-03-04,793340.7625749996,84.58882499951869,793256.1737500001,0.999893376429159
2026-03-05,793340.7625749996,84.58882499951869,793256.1737500001,0.999893376429159
2026-03-06,793340.7625749996,84.58882499951869,793256.1737500001,0.999893376429159
2026-03-09,793340.7625749996,84.58882499951869,793256.1737500001,0.999893376429159
2026-03-10,793340.7625749996,84.58882499951869,793256.1737500001,0.999893376429159
2026-03-11,793340.7625749996,84.58882499951869,793256.1737500001,0.999893376429159
2026-03-12,793340.7625749996,84.58882499951869,793256.1737500001,0.999893376429159
2026-03-13,793340.7625749996,84.58882499951869,793256.1737500001,0.999893376429159
2026-03-16,793340.7625749996,84.58882499951869,793256.1737500001,0.999893376429159
2026-03-17,793340.7625749996,84.58882499951869,793256.1737500001,0.999893376429159
2026-03-18,793340.7625749996,84.58882499951869,793256.1737500001,0.999893376429159
2026-03-19,793340.7625749996,84.58882499951869,793256.1737500001,0.999893376429159
2026-03-20,793340.7625749996,84.58882499951869,793256.1737500001,0.999893376429159
2026-03-23,793340.7625749996,84.58882499951869,793256.1737500001,0.999893376429159
2026-03-24,793340.7625749996,84.58882499951869,793256.1737500001,0.999893376429159
2026-03-25,793340.7625749996,84.58882499951869,793256.1737500001,0.999893376429159
2026-03-26,793340.7625749996,84.58882499951869,793256.1737500001,0.999893376429159
2026-03-27,793340.7625749996,84.58882499951869,793256.1737500001,0.999893376429159
2026-03-30,793340.7625749996,84.58882499951869,793256.1737500001,0.999893376429159
2026-03-31,793340.7625749996,84.58882499951869,793256.1737500001,0.999893376429159
2026-04-01,793340.7625749996,84.58882499951869,793256.1737500001,0.999893376429159
2026-04-02,793340.7625749996,84.58882499951869,793256.1737500001,0.999893376429159
2026-04-03,793340.7625749996,84.58882499951869,793256.1737500001,0.999893376429159
2026-04-07,793340.7625749996,84.58882499951869,793256.1737500001,0.999893376429159
2026-04-08,793340.7625749996,84.58882499951869,793256.1737500001,0.999893376429159
2026-04-09,793340.7625749996,84.58882499951869,793256.1737500001,0.999893376429159
2026-04-10,793340.7625749996,84.58882499951869,793256.1737500001,0.999893376429159
2026-04-13,793340.7625749996,84.58882499951869,793256.1737500001,0.999893376429159
2026-04-14,793340.7625749996,84.58882499951869,793256.1737500001,0.999893376429159
2026-04-15,793340.7625749996,84.58882499951869,793256.1737500001,0.999893376429159
2026-04-16,793340.7625749996,84.58882499951869,793256.1737500001,0.999893376429159
2026-04-17,793340.7625749996,84.58882499951869,793256.1737500001,0.999893376429159
2026-04-20,793340.7625749996,84.58882499951869,793256.1737500001,0.999893376429159
2026-04-21,793340.7625749996,84.58882499951869,793256.1737500001,0.999893376429159
2026-04-22,793340.7625749996,84.58882499951869,793256.1737500001,0.999893376429159
2026-04-23,793340.7625749996,84.58882499951869,793256.1737500001,0.999893376429159
2026-04-24,793340.7625749996,84.58882499951869,793256.1737500001,0.999893376429159
2026-04-27,793340.7625749996,84.58882499951869,793256.1737500001,0.999893376429159
2026-04-28,793340.7625749996,84.58882499951869,793256.1737500001,0.999893376429159
2026-04-29,793340.7625749996,84.58882499951869,793256.1737500001,0.999893376429159
2026-04-30,793340.7625749996,84.58882499951869,793256.1737500001,0.999893376429159
2026-05-06,793340.7625749996,84.58882499951869,793256.1737500001,0.999893376429159
2026-05-07,793340.7625749996,84.58882499951869,793256.1737500001,0.999893376429159
2026-05-08,793340.7625749996,84.58882499951869,793256.1737500001,0.999893376429159
2026-05-11,793340.7625749996,84.58882499951869,793256.1737500001,0.999893376429159
2026-05-12,793340.7625749996,84.58882499951869,793256.1737500001,0.999893376429159
2026-05-13,793340.7625749996,84.58882499951869,793256.1737500001,0.999893376429159
2026-05-14,793340.7625749996,84.58882499951869,793256.1737500001,0.999893376429159
2026-05-15,793340.7625749996,84.58882499951869,793256.1737500001,0.999893376429159
2026-05-18,793340.7625749996,84.58882499951869,793256.1737500001,0.999893376429159
2026-05-19,793340.7625749996,84.58882499951869,793256.1737500001,0.999893376429159
2026-05-20,793340.7625749996,84.58882499951869,793256.1737500001,0.999893376429159
2026-05-21,793340.7625749996,84.58882499951869,793256.1737500001,0.999893376429159
2026-05-22,793340.7625749996,84.58882499951869,793256.1737500001,0.999893376429159
2026-05-25,793340.7625749996,84.58882499951869,793256.1737500001,0.999893376429159
2026-05-26,793340.7625749996,84.58882499951869,793256.1737500001,0.999893376429159
2026-05-27,793340.7625749996,84.58882499951869,793256.1737500001,0.999893376429159
2026-05-28,793340.7625749996,84.58882499951869,793256.1737500001,0.999893376429159
2026-05-29,793340.7625749996,84.58882499951869,793256.1737500001,0.999893376429159
2026-06-01,793340.7625749996,84.58882499951869,793256.1737500001,0.999893376429159
2026-06-02,793340.7625749996,84.58882499951869,793256.1737500001,0.999893376429159
2026-06-03,793340.7625749996,84.58882499951869,793256.1737500001,0.999893376429159
2026-06-04,793340.7625749996,84.58882499951869,793256.1737500001,0.999893376429159
2026-06-05,793340.7625749996,84.58882499951869,793256.1737500001,0.999893376429159
2026-06-08,793340.7625749996,84.58882499951869,793256.1737500001,0.999893376429159
2026-06-09,793340.7625749996,84.58882499951869,793256.1737500001,0.999893376429159
2026-06-10,793340.7625749996,84.58882499951869,793256.1737500001,0.999893376429159
2026-06-11,793340.7625749996,84.58882499951869,793256.1737500001,0.999893376429159
2026-06-12,793340.7625749996,84.58882499951869,793256.1737500001,0.999893376429159
2026-06-15,793340.7625749996,84.58882499951869,793256.1737500001,0.999893376429159
2026-06-16,793340.7625749996,84.58882499951869,793256.1737500001,0.999893376429159
2026-06-17,793340.7625749996,84.58882499951869,793256.1737500001,0.999893376429159
2026-06-18,793340.7625749996,84.58882499951869,793256.1737500001,0.999893376429159
2026-06-22,793340.7625749996,84.58882499951869,793256.1737500001,0.999893376429159
2026-06-23,793340.7625749996,84.58882499951869,793256.1737500001,0.999893376429159
2026-06-24,793340.7625749996,84.58882499951869,793256.1737500001,0.999893376429159
2026-06-25,793340.7625749996,84.58882499951869,793256.1737500001,0.999893376429159
2026-06-26,793340.7625749996,84.58882499951869,793256.1737500001,0.999893376429159
2026-06-29,793340.7625749996,84.58882499951869,793256.1737500001,0.999893376429159
2026-06-30,793340.7625749996,84.58882499951869,793256.1737500001,0.999893376429159
2026-07-01,793340.7625749996,84.58882499951869,793256.1737500001,0.999893376429159
2026-07-02,793340.7625749996,84.58882499951869,793256.1737500001,0.999893376429159
2026-07-03,793340.7625749996,84.58882499951869,793256.1737500001,0.999893376429159
2026-07-06,793340.7625749996,84.58882499951869,793256.1737500001,0.999893376429159
2026-07-07,793340.7625749996,84.58882499951869,793256.1737500001,0.999893376429159
2026-07-08,793340.7625749996,84.58882499951869,793256.1737500001,0.999893376429159
2026-07-09,793340.7625749996,84.58882499951869,793256.1737500001,0.999893376429159
2026-07-10,793340.7625749996,84.58882499951869,793256.1737500001,0.999893376429159
2026-07-13,793340.7625749996,84.58882499951869,793256.1737500001,0.999893376429159
2026-07-14,793340.7625749996,84.58882499951869,793256.1737500001,0.999893376429159
2026-07-15,793340.7625749996,84.58882499951869,793256.1737500001,0.999893376429159
2026-07-16,793340.7625749996,84.58882499951869,793256.1737500001,0.999893376429159
2026-07-17,793340.7625749996,84.58882499951869,793256.1737500001,0.999893376429159
2026-07-20,793340.7625749996,84.58882499951869,793256.1737500001,0.999893376429159
2026-07-21,793340.7625749996,84.58882499951869,793256.1737500001,0.999893376429159
2026-07-22,793340.7625749996,84.58882499951869,793256.1737500001,0.999893376429159
2026-07-23,793340.7625749996,84.58882499951869,793256.1737500001,0.999893376429159
2026-07-24,793340.7625749996,84.58882499951869,793256.1737500001,0.999893376429159
2026-07-27,793340.7625749996,84.58882499951869,793256.1737500001,0.999893376429159
2026-07-28,793340.7625749996,84.58882499951869,793256.1737500001,0.999893376429159
2026-07-29,793340.7625749996,84.58882499951869,793256.1737500001,0.999893376429159
2026-07-30,793340.7625749996,84.58882499951869,793256.1737500001,0.999893376429159
2026-07-31,793340.7625749996,84.58882499951869,793256.1737500001,0.999893376429159
2026-08-03,793340.7625749996,84.58882499951869,793256.1737500001,0.999893376429159
2026-08-04,793340.7625749996,84.58882499951869,793256.1737500001,0.999893376429159
2026-08-05,793340.7625749996,84.58882499951869,793256.1737500001,0.999893376429159
2026-08-06,793340.7625749996,84.58882499951869,793256.1737500001,0.999893376429159
2026-08-07,793340.7625749996,84.58882499951869,793256.1737500001,0.999893376429159
2026-08-10,793340.7625749996,84.58882499951869,793256.1737500001,0.999893376429159
2026-08-11,793340.7625749996,84.58882499951869,793256.1737500001,0.999893376429159
2026-08-12,793340.7625749996,84.58882499951869,793256.1737500001,0.999893376429159
2026-08-13,793340.7625749996,84.58882499951869,793256.1737500001,0.999893376429159
2026-08-14,793340.7625749996,84.58882499951869,793256.1737500001,0.999893376429159
2026-08-17,793340.7625749996,84.58882499951869,793256.1737500001,0.999893376429159
2026-08-18,793340.7625749996,84.58882499951869,793256.1737500001,0.999893376429159
2026-08-19,793340.7625749996,84.58882499951869,793256.1737500001,0.999893376429159
2026-08-20,793340.7625749996,84.58882499951869,793256.1737500001,0.999893376429159
2026-08-21,793340.7625749996,84.58882499951869,793256.1737500001,0.999893376429159
2026-08-24,793340.7625749996,84.58882499951869,793256.1737500001,0.999893376429159
2026-08-25,793340.7625749996,84.58882499951869,793256.1737500001,0.999893376429159
2026-08-26,793340.7625749996,84.58882499951869,793256.1737500001,0.999893376429159
2026-08-27,793340.7625749996,84.58882499951869,793256.1737500001,0.999893376429159
2026-08-28,793340.7625749996,84.58882499951869,793256.1737500001,0.999893376429159
2026-08-31,793340.7625749996,84.58882499951869,793256.1737500001,0.999893376429159
2026-09-01,793340.7625749996,84.58882499951869,793256.1737500001,0.999893376429159
2026-09-02,793340.7625749996,84.58882499951869,793256.1737500001,0.999893376429159
2026-09-03,793340.7625749996,84.58882499951869,793256.1737500001,0.999893376429159
