date,equity,cash,stock_val,etf_sh,etf_val
2020-01-02,1000000.0,1000000.0,0.0,0,0.0
2020-01-03,1000000.0,1000000.0,0.0,0,0.0
2020-01-06,1000000.0,1000000.0,0.0,0,0.0
2020-01-07,1000000.0,1000000.0,0.0,0,0.0
2020-01-08,1000000.0,1000000.0,0.0,0,0.0
2020-01-09,1000000.0,1000000.0,0.0,0,0.0
2020-01-10,1000000.0,1000000.0,0.0,0,0.0
2020-01-13,1000000.0,1000000.0,0.0,0,0.0
2020-01-14,1000000.0,1000000.0,0.0,0,0.0
2020-01-15,1000000.0,1000000.0,0.0,0,0.0
2020-01-16,1000000.0,1000000.0,0.0,0,0.0
2020-01-17,1000000.0,1000000.0,0.0,0,0.0
2020-01-20,1000000.0,1000000.0,0.0,0,0.0
2020-01-21,1000000.0,1000000.0,0.0,0,0.0
2020-01-22,1000000.0,1000000.0,0.0,0,0.0
2020-01-23,1000000.0,1000000.0,0.0,0,0.0
2020-02-03,1000000.0,1000000.0,0.0,0,0.0
2020-02-04,1000000.0,1000000.0,0.0,0,0.0
2020-02-05,1000000.0,1000000.0,0.0,0,0.0
2020-02-06,1000000.0,1000000.0,0.0,0,0.0
2020-02-07,1000000.0,1000000.0,0.0,0,0.0
2020-02-10,1000000.0,1000000.0,0.0,0,0.0
2020-02-11,1000000.0,1000000.0,0.0,0,0.0
2020-02-12,1000000.0,1000000.0,0.0,0,0.0
2020-02-13,1000000.0,1000000.0,0.0,0,0.0
2020-02-14,1000000.0,1000000.0,0.0,0,0.0
2020-02-17,1000000.0,1000000.0,0.0,0,0.0
2020-02-18,1000000.0,1000000.0,0.0,0,0.0
2020-02-19,1000000.0,1000000.0,0.0,0,0.0
2020-02-20,1000000.0,1000000.0,0.0,0,0.0
2020-02-21,1000000.0,1000000.0,0.0,0,0.0
2020-02-24,1000000.0,1000000.0,0.0,0,0.0
2020-02-25,1000000.0,1000000.0,0.0,0,0.0
2020-02-26,1000000.0,1000000.0,0.0,0,0.0
2020-02-27,1000000.0,1000000.0,0.0,0,0.0
2020-02-28,1000000.0,1000000.0,0.0,0,0.0
2020-03-02,1004324.3473688001,609388.3473688001,394936.0,0,0.0
2020-03-03,1012205.3473688001,609388.3473688001,402817.0,0,0.0
2020-03-04,1012018.3473688001,609388.3473688001,402630.0,0,0.0
2020-03-05,1018821.3473688001,609388.3473688001,409433.0,0,0.0
2020-03-06,1012591.3473688001,609388.3473688001,403203.0,0,0.0
2020-03-09,991568.3473688001,609388.3473688001,382180.0,0,0.0
2020-03-10,1013532.6106947601,422098.6106947601,591434.0,0,0.0
2020-03-11,1011657.6106947601,422098.6106947601,589559.0,0,0.0
2020-03-12,989483.6106947601,422098.6106947601,567385.0,0,0.0
2020-03-13,985169.9883532801,5121.188353280188,758372.0,121600,221676.8
2020-03-16,929215.5883532802,5121.188353280188,707768.0,121600,216326.4
2020-03-17,925192.8634811102,161.8634811101649,925031.0,0,0.0
2020-03-18,905423.8634811102,161.8634811101649,905262.0,0,0.0
2020-03-19,882234.8634811102,161.8634811101649,882073.0,0,0.0
2020-03-20,894101.8634811102,161.8634811101649,893940.0,0,0.0
2020-03-23,851187.8634811102,161.8634811101649,851026.0,0,0.0
2020-03-24,880761.8634811102,161.8634811101649,880600.0,0,0.0
2020-03-25,920141.8634811102,161.8634811101649,919980.0,0,0.0
2020-03-26,914737.8634811102,161.8634811101649,914576.0,0,0.0
2020-03-27,908264.8634811102,161.8634811101649,908103.0,0,0.0
2020-03-30,905504.8634811102,161.8634811101649,905343.0,0,0.0
2020-03-31,908887.8634811102,161.8634811101649,908726.0,0,0.0
2020-04-01,910129.8634811102,161.8634811101649,909968.0,0,0.0
2020-04-02,922524.8634811102,161.8634811101649,922363.0,0,0.0
2020-04-03,908301.8634811102,161.8634811101649,908140.0,0,0.0
2020-04-07,928206.8634811102,161.8634811101649,928045.0,0,0.0
2020-04-08,918524.8634811102,161.8634811101649,918363.0,0,0.0
2020-04-09,912123.8634811102,161.8634811101649,911962.0,0,0.0
2020-04-10,917502.8634811102,161.8634811101649,917341.0,0,0.0
2020-04-13,899380.8634811102,161.8634811101649,899219.0,0,0.0
2020-04-14,940851.8634811102,161.8634811101649,940690.0,0,0.0
2020-04-15,949070.2453313102,5028.045331310306,560867.0,203600,383175.19999999995
2020-04-16,943108.6453313102,5028.045331310306,557145.0,203600,380935.6
2020-04-17,961812.4850784703,5027.885078470339,1167.0,499800,955617.6
2020-04-20,961800.4850784703,5027.885078470339,1155.0,499800,955617.6
2020-04-21,942293.2850784704,5027.885078470339,1140.0,499800,936125.4
2020-04-22,931800.4850784704,5027.885078470339,1143.0,499800,925629.6000000001
2020-04-23,941284.6850784704,5027.885078470339,1131.0,499800,935125.8
2020-04-24,935266.0850784703,5027.885078470339,1110.0,499800,929128.2
2020-04-27,954749.2850784702,5027.885078470339,1101.0,499800,948620.3999999999
2020-04-28,963706.6850784703,5027.885078470339,1062.0,499800,957616.7999999999
2020-04-29,973816.7249539304,3778.1249539303826,204204.0,396600,765834.6
2020-04-30,1000548.7249539304,3778.1249539303826,215072.0,396600,781698.6
2020-05-06,994462.3249539305,3778.1249539303826,218504.0,396600,772180.2000000001
2020-05-07,982083.9249539304,3778.1249539303826,215644.0,396600,762661.8
2020-05-08,994370.7249539304,3778.1249539303826,220792.0,396600,769800.6
2020-05-11,1010726.8913756504,205129.6913756504,0.0,410600,805597.2
2020-05-12,999875.1581246504,5042.558124650437,197251.0,412400,797581.6
2020-05-13,989561.3581246503,5042.558124650437,196010.0,412400,788508.7999999999
2020-05-14,973402.7581246505,5042.558124650437,191811.0,412400,776549.2
2020-05-15,985701.7581246505,5042.558124650437,193800.0,412400,786859.2
2020-05-18,1006258.9581246504,5042.558124650437,202810.0,412400,798406.4
2020-05-19,1022815.9581246504,5042.558124650437,198747.0,412400,819026.4
2020-05-20,1007193.7581246505,5042.558124650437,192610.0,412400,809541.2000000001
2020-05-21,1011465.7581246505,5042.558124650437,194820.0,412400,811603.2
2020-05-22,1009041.1581246504,5042.558124650437,198169.0,412400,805829.6
2020-05-25,1027733.3581246505,5042.558124650437,203252.0,412400,819438.8
2020-05-26,1036877.9296632105,4625.129663210479,599783.0,214200,432469.80000000005
2020-05-27,1029664.9296632105,4625.129663210479,592570.0,214200,432469.80000000005
2020-05-28,1032346.7296632105,4625.129663210479,590111.0,214200,437610.60000000003
2020-05-29,1033629.4803632104,5143.380363210479,590425.0,215900,438061.1
2020-06-01,1056136.0803632103,5143.380363210479,612068.0,215900,438924.69999999995
2020-06-02,1059514.7803632105,5143.380363210479,614799.0,215900,439572.4
2020-06-03,1062708.1803632104,5143.380363210479,612379.0,215900,445185.8
2020-06-04,1065911.9523632105,5057.55236321048,613113.4,216300,447740.99999999994
2020-06-05,1062973.8523632104,5057.55236321048,606498.2,216300,451418.10000000003
2020-06-08,1078680.4523632105,5057.55236321048,615715.8,216300,457907.1
2020-06-09,1083069.6523632105,5057.55236321048,613616.0,216300,464396.1
2020-06-10,1081723.9523632105,5057.55236321048,613351.8,216300,463314.6
2020-06-11,1053722.7523632105,5057.55236321048,597896.0,216300,450769.2
2020-06-12,1041828.5523632105,5057.55236321048,599845.0,216300,436926.0
2020-06-15,1029524.5523632106,5057.55236321048,600302.7000000001,216300,424164.3
2020-06-16,1065352.3523632104,5057.55236321048,615149.4,216300,445145.39999999997
2020-06-17,1077170.2523632105,5057.55236321048,622425.0,216300,449687.7
2020-06-18,1087141.7597986585,5023.759798658546,0.0,525300,1082118.0
2020-06-19,1093445.3597986586,5023.759798658546,0.0,525300,1088421.6
2020-06-22,1081363.4597986585,5023.759798658546,0.0,525300,1076339.7
2020-06-23,1090293.5597986584,5023.759798658546,0.0,525300,1085269.7999999998
2020-06-24,1092920.0597986586,5023.759798658546,0.0,525300,1087896.3
2020-06-29,1058775.5597986584,5023.759798658546,0.0,525300,1053751.7999999998
2020-06-30,1062452.6597986585,5023.759798658546,0.0,525300,1057428.9
2020-07-01,1078211.6597986587,5023.759798658546,0.0,525300,1073187.9000000001
2020-07-02,1086616.4597986587,5023.759798658546,0.0,525300,1081592.7000000002
2020-07-03,1092920.0597986586,5023.759798658546,0.0,525300,1087896.3
2020-07-06,1100799.5597986584,5023.759798658546,0.0,525300,1095775.7999999998
2020-07-07,1091344.1597986587,5023.759798658546,0.0,525300,1086320.4000000001
2020-07-08,1086616.4597986587,5023.759798658546,0.0,525300,1081592.7000000002
2020-07-09,1088192.3597986584,5023.759798658546,0.0,525300,1083168.5999999999
2020-07-10,1075059.8597986584,5023.759798658546,0.0,525300,1070036.0999999999
2020-07-13,1101850.1597986587,5023.759798658546,0.0,525300,1096826.4000000001
2020-07-14,1093445.3597986586,5023.759798658546,0.0,525300,1088421.6
2020-07-15,1109729.6597986587,5023.759798658546,0.0,525300,1104705.9000000001
2020-07-16,1105527.2597986585,5023.759798658546,0.0,525300,1100503.5
2020-07-17,1111305.5597986586,5023.759798658546,0.0,525300,1106281.8
2020-07-20,1106577.8597986586,5023.759798658546,0.0,525300,1101554.1
2020-07-21,1124963.3597986586,5023.759798658546,0.0,525300,1119939.6
2020-07-22,1121811.5597986586,5023.759798658546,0.0,525300,1116787.8
2020-07-23,1133368.1597986587,5023.759798658546,0.0,525300,1128344.4000000001
2020-07-24,1111830.8597986586,5023.759798658546,0.0,525300,1106807.1
2020-07-27,1112881.4597986585,5023.759798658546,0.0,525300,1107857.7
2020-07-28,1119185.0597986586,5023.759798658546,0.0,525300,1114161.3
2020-07-29,1116558.5597986586,5023.759798658546,0.0,525300,1111534.8
2020-07-30,1120760.9597986585,5023.759798658546,0.0,525300,1115737.2
2020-07-31,1126013.9597986585,5023.759798658546,0.0,525300,1120990.2
2020-08-03,1127064.5597986586,5023.759798658546,0.0,525300,1122040.8
2020-08-04,1136519.9597986585,5023.759798658546,0.0,525300,1131496.2
2020-08-05,1140197.0597986586,5023.759798658546,0.0,525300,1135173.3
2020-08-06,1148076.5597986586,5023.759798658546,0.0,525300,1143052.8
2020-08-07,1160158.4597986585,5023.759798658546,0.0,525300,1155134.7
2020-08-10,1167512.6597986587,5023.759798658546,0.0,525300,1162488.9000000001
2020-08-11,1163310.2597986585,5023.759798658546,0.0,525300,1158286.5
2020-08-12,1153854.8597986584,5023.759798658546,0.0,525300,1148831.0999999999
2020-08-13,1166987.3597986586,5023.759798658546,0.0,525300,1161963.6
2020-08-14,1166987.3597986586,5023.759798658546,0.0,525300,1161963.6
2020-08-17,1166987.3597986586,5023.759798658546,0.0,525300,1161963.6
2020-08-18,1165411.4597986585,5023.759798658546,0.0,525300,1160387.7
2020-08-19,1172240.3597986586,5023.759798658546,0.0,525300,1167216.6
2020-08-20,1158582.5597986586,5023.759798658546,0.0,525300,1153558.8
2020-08-21,1163835.5597986586,5023.759798658546,0.0,525300,1158811.8
2020-08-24,1174866.8597986584,5023.759798658546,0.0,525300,1169843.0999999999
2020-08-25,1204808.9597986585,5023.759798658546,0.0,525300,1199785.2
2020-08-26,1191676.4597986585,5023.759798658546,0.0,525300,1186652.7
2020-08-27,1207435.4597986587,5023.759798658546,0.0,525300,1202411.7000000002
2020-08-28,1216365.5597986586,5023.759798658546,0.0,525300,1211341.8
2020-08-31,1226871.5597986586,5023.759798658546,0.0,525300,1221847.8
2020-09-01,1210587.2597986585,5023.759798658546,0.0,525300,1205563.5
2020-09-02,1224220.1181695187,4910.318169518578,193050.0,439700,1026259.8
2020-09-03,1283341.8181695186,4910.318169518578,194571.0,439700,1083860.5
2020-09-04,1214149.2835808785,4576.583580878563,391439.99999999994,353100,818132.7000000001
2020-09-07,1160767.5835808786,4576.583580878563,375840.0,353100,780351.0
2020-09-08,1161229.3708130086,5872.770813008625,762332.0,174600,393024.6
2020-09-09,1110211.3455311337,6621.745531133609,924296.0,82700,179293.6
2020-09-10,1090782.1171256187,1122.1171256186499,1089660.0,0,0.0
2020-09-11,1123124.1171256187,1122.1171256186499,1122002.0,0,0.0
2020-09-14,1133008.1171256187,1122.1171256186499,1131886.0,0,0.0
2020-09-15,1133230.1171256187,1122.1171256186499,1132108.0,0,0.0
2020-09-16,1120410.1171256187,1122.1171256186499,1119288.0,0,0.0
2020-09-17,1130172.1171256187,1122.1171256186499,1129050.0,0,0.0
2020-09-18,1157690.1171256187,1122.1171256186499,1156568.0,0,0.0
2020-09-21,1152370.1171256187,1122.1171256186499,1151248.0,0,0.0
2020-09-22,1128024.1171256187,1122.1171256186499,1126902.0,0,0.0
2020-09-23,1133468.1171256187,1122.1171256186499,1132346.0,0,0.0
2020-09-24,1101654.1171256187,1122.1171256186499,1100532.0,0,0.0
2020-09-25,1096782.1171256187,1122.1171256186499,1095660.0,0,0.0
2020-09-28,1106290.1171256187,1122.1171256186499,1105168.0,0,0.0
2020-09-29,1110054.1171256187,1122.1171256186499,1108932.0,0,0.0
2020-09-30,1098150.1171256187,1122.1171256186499,1097028.0,0,0.0
2020-10-09,1143850.1171256187,1122.1171256186499,1142728.0,0,0.0
2020-10-12,1175313.6430605785,205208.24306057865,969664.0,200,441.4
2020-10-13,1159698.6029833786,5040.402983378674,1151518.0,1400,3140.2
2020-10-14,1132234.0029833787,5040.402983378674,1124066.0,1400,3127.6
2020-10-15,1133001.0029833787,5040.402983378674,1124882.0,1400,3078.6
2020-10-16,1117715.3043137586,3147.3043137586747,1114568.0,0,0.0
2020-10-19,1123619.3043137586,3147.3043137586747,1120472.0,0,0.0
2020-10-20,1140657.3043137586,3147.3043137586747,1137510.0,0,0.0
2020-10-21,1117960.3043137586,3147.3043137586747,1114813.0,0,0.0
2020-10-22,1119862.3043137586,3147.3043137586747,1116715.0,0,0.0
2020-10-23,1109137.3043137586,3147.3043137586747,1105990.0,0,0.0
2020-10-26,1106063.3043137586,3147.3043137586747,1102916.0,0,0.0
2020-10-27,1115604.3043137586,3147.3043137586747,1112457.0,0,0.0
2020-10-28,1148201.1120353187,791269.1120353186,356932.0,0,0.0
2020-10-29,1141979.1120353187,791269.1120353186,350710.0,0,0.0
2020-10-30,1137479.1120353187,791269.1120353186,346210.0,0,0.0
2020-11-02,1141473.1120353187,791269.1120353186,350204.0,0,0.0
2020-11-03,1144140.1120353187,791269.1120353186,352871.0,0,0.0
2020-11-04,1144126.1120353187,791269.1120353186,352857.0,0,0.0
2020-11-05,1156311.1120353187,791269.1120353186,365042.0,0,0.0
2020-11-06,1152042.1120353187,791269.1120353186,360773.0,0,0.0
2020-11-09,1182113.8161127986,996801.8161127986,185312.0,0,0.0
2020-11-10,1178849.8161127986,996801.8161127986,182048.0,0,0.0
2020-11-11,1168001.8161127986,996801.8161127986,171200.0,0,0.0
2020-11-12,1169689.9974892386,807857.9974892386,361832.0,0,0.0
2020-11-13,1168301.9974892386,807857.9974892386,360444.0,0,0.0
2020-11-16,1168496.2619449785,614213.2619449786,554283.0,0,0.0
2020-11-17,1139601.1109752287,405073.1109752286,525649.0,93500,208879.0
2020-11-18,1120005.7958668286,5061.795866828583,895956.0,99000,218988.00000000003
2020-11-19,1137327.7958668284,5061.795866828583,913377.0,99000,218889.0
2020-11-20,1146396.7958668284,5061.795866828583,923337.0,99000,217998.0
2020-11-23,1169746.7958668284,5061.795866828583,946984.0,99000,217700.99999999997
2020-11-24,1160233.7958668286,5061.795866828583,934204.0,99000,220968.00000000003
2020-11-25,1145680.7958668284,5061.795866828583,917968.0,99000,222651.0
2020-11-26,1143411.7958668284,5061.795866828583,915699.0,99000,222651.0
2020-11-27,1164068.7958668284,5061.795866828583,936950.0,99000,222057.0
2020-11-30,1174729.7958668286,5061.795866828583,948700.0,99000,220968.00000000003
2020-12-01,1198683.7958668284,5061.795866828583,970278.0,99000,223343.99999999997
2020-12-02,1197111.7958668284,5061.795866828583,969300.0,99000,222750.0
2020-12-03,1214289.7958668284,5061.795866828583,985587.0,99000,223641.0
2020-12-04,1231546.7958668284,5061.795866828583,1003438.0,99000,223047.0
2020-12-07,1256233.5681180186,5004.568118018622,842938.0,180500,408291.0
2020-12-08,1258519.0681180186,5004.568118018622,846126.0,180500,407388.5
2020-12-09,1265845.0522409189,205101.75224091866,416580.00000000006,282900,644163.3
2020-12-10,1271673.8827948587,5213.682794858685,621673.0,284800,644787.2
2020-12-11,1263565.6827948587,5213.682794858685,613280.0,284800,645072.0
2020-12-14,1259935.2827948588,5213.682794858685,607656.0,284800,647065.6
2020-12-15,1259814.8687005336,4977.068700533739,811419.0,196900,443418.79999999993
2020-12-16,1267622.7344591836,5138.7344591837755,1011649.0,110500,250835.0
2020-12-17,1286980.7344591836,5138.7344591837755,1030123.0,110500,251719.0
2020-12-18,1295682.2344591839,5138.7344591837755,1038051.0,110500,252492.50000000003
2020-12-21,1314757.338405859,5061.3384058589,594090.0,314000,715606.0
2020-12-22,1302726.338405859,5061.3384058589,588653.0,314000,709012.0
2020-12-23,1309048.812822959,5085.812822958978,378945.0,409300,925017.9999999999
2020-12-24,1310937.612822959,5085.812822958978,378378.0,409300,927473.8
2020-12-25,1308038.4128229588,5085.812822958978,373023.0,409300,929929.5999999999
2020-12-28,1321297.712822959,5085.812822958978,381780.0,409300,934431.9
2020-12-29,1331594.0128229589,5085.812822958978,383481.0,409300,943027.2
2020-12-30,1327974.512822959,5085.812822958978,386001.0,409300,936887.7000000001
2020-12-31,1333423.412822959,5085.812822958978,390222.0,409300,938115.6
2021-01-04,1334559.812822959,5085.812822958978,396270.0,409300,933203.9999999999
2021-01-05,1333159.1156909242,5017.115690924111,0.0,591600,1328142.0
2021-01-06,1335525.5156909241,5017.115690924111,0.0,591600,1330508.4000000001
2021-01-07,1355639.915690924,5017.115690924111,0.0,591600,1350622.8
2021-01-08,1376345.915690924,5017.115690924111,0.0,591600,1371328.8
2021-01-11,1370429.915690924,5017.115690924111,0.0,591600,1365412.7999999998
2021-01-12,1372796.315690924,5017.115690924111,0.0,591600,1367779.2
2021-01-13,1369246.7156909243,5017.115690924111,0.0,591600,1364229.6
2021-01-14,1378120.7156909243,5017.115690924111,0.0,591600,1373103.6
2021-01-15,1366288.7156909243,5017.115690924111,0.0,591600,1361271.6
2021-01-18,1362147.5156909241,5017.115690924111,0.0,591600,1357130.4
2021-01-19,1372204.7156909239,5017.115690924111,0.0,591600,1367187.5999999999
2021-01-20,1369838.315690924,5017.115690924111,0.0,591600,1364821.2
2021-01-21,1393502.315690924,5017.115690924111,0.0,591600,1388485.2
2021-01-22,1386403.1156909242,5017.115690924111,0.0,591600,1381386.0
2021-01-25,1394093.915690924,5017.115690924111,0.0,591600,1389076.7999999998
2021-01-26,1381670.315690924,5017.115690924111,0.0,591600,1376653.2
2021-01-27,1388177.915690924,5017.115690924111,0.0,591600,1383160.8
2021-01-28,1352090.3156909244,5017.115690924111,0.0,591600,1347073.2000000002
2021-01-29,1357264.5080608241,7900.608060824103,391572.0,419900,957791.9
2021-02-01,1349262.7717856993,26892.77178569915,567459.0,333000,754911.0
2021-02-02,1366206.840931999,4935.340931999177,771422.0,255900,589849.5
2021-02-03,1362826.2409319992,4935.340931999177,761388.0,255900,596502.9
2021-02-04,1375231.7331393743,5066.7331393742315,969638.0,171900,400527.0
2021-02-05,1377126.8331393742,5066.7331393742315,964829.0,171900,407231.10000000003
2021-02-08,1377755.7331393743,5066.7331393742315,965286.0,171900,407403.0
2021-02-09,1389202.3331393742,5066.7331393742315,974326.0,171900,409809.6
2021-02-10,1407876.533139374,5066.7331393742315,993344.0,171900,409465.80000000005
2021-02-18,1413578.233139374,5066.7331393742315,998530.0,171900,409981.49999999994
2021-02-19,1420066.9331393742,5066.7331393742315,1006222.0,171900,408778.2
2021-02-22,1399229.7331393743,5066.7331393742315,986760.0,171900,407403.0
2021-02-23,1409007.7331393743,5066.7331393742315,996538.0,171900,407403.0
2021-02-24,1383555.6331393742,5066.7331393742315,974352.0,171900,404136.9
2021-02-25,1406204.881979214,648593.8819792141,346770.0,171900,410841.0
2021-02-26,1384512.1970462142,256049.79704621417,728623.0,171900,399839.4
2021-03-01,1422083.058120964,5035.3581209642,763585.0,278900,653462.7
2021-03-02,1438485.6581209642,5035.3581209642,770505.0,278900,662945.2999999999
2021-03-03,1445004.7581209643,5035.3581209642,777303.0,278900,662666.4
2021-03-04,1383540.6581209642,5035.3581209642,729505.0,278900,649000.2999999999
2021-03-05,1380099.958120964,5035.3581209642,732479.0,278900,642585.6
2021-03-08,1359612.058120964,5035.3581209642,698325.0,278900,656251.7000000001
2021-03-09,1345467.8581209641,5035.3581209642,678045.0,278900,662387.5
2021-03-10,1349838.2345851443,5045.734585144222,878498.0,196500,466294.50000000006
2021-03-11,1370530.234585144,5045.734585144222,891723.0,196500,473761.5
2021-03-12,1362885.0430288792,4346.643028879276,1081526.0,114800,277012.39999999997
2021-03-15,1293216.0430288792,4346.643028879276,1010135.0,114800,278734.39999999997
2021-03-16,1309202.1293543393,4858.129354339297,1223725.0,33000,80619.0
2021-03-17,1323972.1293543393,4858.129354339297,1238825.0,33000,80289.0
2021-03-18,1332593.1293543393,4858.129354339297,1247380.0,33000,80355.0
2021-03-19,1253968.1293543393,4858.129354339297,1169745.0,33000,79365.0
2021-03-22,1237668.1293543393,4858.129354339297,1153445.0,33000,79365.0
2021-03-23,1213662.1293543393,4858.129354339297,1129076.0,33000,79728.0
2021-03-24,1160882.1293543393,4858.129354339297,1076824.0,33000,79200.0
2021-03-25,1173745.1293543393,4858.129354339297,1089720.0,33000,79167.0
2021-03-26,1241108.1293543393,4858.129354339297,1156192.0,33000,80058.0
2021-03-29,1216275.1293543393,4858.129354339297,1130765.0,33000,80652.0
2021-03-30,1228971.1293543393,4858.129354339297,1142933.0,33000,81180.0
2021-03-31,1226159.1293543393,4858.129354339297,1140517.0,33000,80784.0
2021-04-01,1264196.1293543393,4858.129354339297,1177729.0,33000,81609.0
2021-04-02,1283490.0972041893,5034.09720418934,1008780.0,108000,269676.0
2021-04-06,1268274.0972041895,5034.09720418934,990000.0000000001,108000,273240.0
2021-04-07,1250482.0972041893,5034.09720418934,972640.0,108000,272808.0
2021-04-08,1243837.0972041893,5034.09720418934,964915.0,108000,273888.0
2021-04-09,1224762.0972041893,5034.09720418934,945300.0,108000,274428.0
2021-04-12,1217489.0972041893,5034.09720418934,936191.0,108000,276264.0
2021-04-13,1248662.6915078394,5209.59150783935,1165976.0,30300,77477.09999999999
2021-04-14,1271479.6574244844,205078.25742448436,807960.0,100600,258441.4
2021-04-15,1258642.0031506843,10703.603150684416,990000.0,100600,257938.4
2021-04-16,1250416.7629272344,4278.6629272344,1179755.0,25700,66383.1
2021-04-19,1307349.5347765344,5040.534776534536,588165.0,276800,714144.0
2021-04-20,1302520.9987765346,5081.998776534536,587295.0,277400,710144.0
2021-04-21,1301530.1987765348,5081.998776534536,591020.0,277400,705428.2000000001
2021-04-22,1299046.1987765345,5081.998776534536,584375.0,277400,709589.2
2021-04-23,1309235.9987765346,5081.998776534536,600945.0,277400,703209.0
2021-04-26,1316490.9987765346,5081.998776534536,601265.0,277400,710144.0
2021-04-27,1314582.1987765345,5081.998776534536,595750.0,277400,713750.2
2021-04-28,1314852.5987765347,5081.998776534536,597130.0,277400,712640.6
2021-04-29,1316248.9987765346,5081.998776534536,595475.0,277400,715692.0
2021-04-30,1313403.9987765346,5081.998776534536,592629.9999999999,277400,715692.0
2021-05-06,1298634.2331475345,5193.43314753461,770490.0,203800,522950.8
2021-05-07,1287108.6331475347,5193.43314753461,756315.0,203800,525600.2000000001
2021-05-10,1294977.9205940347,5248.920594034616,950060.0,131400,339669.0
2021-05-11,1294118.3205940346,5248.920594034616,954325.0,131400,334544.39999999997
2021-05-12,1313830.5182833346,5154.118283334654,757285.0,218200,551391.4
2021-05-13,1297545.1182833347,5154.118283334654,751255.0,218200,541136.0
2021-05-14,1324151.2391997846,4483.639199784637,970421.0,138700,349246.6
2021-05-17,1362218.2391997846,4483.639199784637,1005714.0,138700,352020.6
2021-05-18,1366705.9593942347,5153.45939423464,610014.0,295300,751538.5
2021-05-19,1390230.6593942347,5153.45939423464,645646.0,295300,739431.2
2021-05-20,1389960.7593942345,5153.45939423464,646262.0,295300,738545.2999999999
2021-05-21,1394156.3593942346,5153.45939423464,641008.0,295300,747994.9
2021-05-24,1401844.5593942348,5153.45939423464,647515.0,295300,749176.1
2021-05-25,1417786.9223029297,5097.222302929622,829276.0,228700,583413.7000000001
2021-05-26,1416044.2223029295,5097.222302929622,830049.0,228700,580898.0
2021-05-27,1415523.6223029294,5097.222302929622,833645.0,228700,576781.3999999999
2021-05-28,1411444.7714841445,5128.571484144584,993800.0,162600,412516.2
2021-05-31,1410157.7714841445,5128.571484144584,993326.0,162600,411703.2
2021-06-01,1463556.7377007846,232278.33770078458,819250.0,162600,412028.39999999997
2021-06-02,1466286.3849615846,5037.784961584606,822426.0,252200,638822.6
2021-06-03,1450219.1849615846,5037.784961584606,805350.0,252200,639831.4
2021-06-04,1462528.3849615846,5037.784961584606,818668.0,252200,638822.6
2021-06-07,1465388.1849615846,5037.784961584606,815475.0,252200,644875.4
2021-06-08,1481569.8232247347,512149.0232247347,523480.0,174400,445940.8
2021-06-09,1480064.7662986848,205061.3662986848,522184.0,294300,752819.3999999999
2021-06-10,1488705.6639378848,5215.163937884837,732810.0,294500,750680.5
2021-06-11,1476307.6639378848,5215.163937884837,718056.0,294500,753036.5
2021-06-15,1464776.5895085847,5712.989508584898,900208.0,217200,558855.6
2021-06-16,1438719.94273885,4207.742738849949,1072219.0,141300,362293.2
2021-06-17,1434505.13480557,4262.234805569984,1269785.0,62900,160457.90000000002
2021-06-18,1462017.13480557,5019.434805569984,1295785.0,62900,161212.7
2021-06-21,1440096.53480557,5019.434805569984,1276003.0,62900,159074.1
2021-06-22,1471991.73480557,5019.434805569984,1304879.0,62900,162093.3
2021-06-23,1490204.43480557,5019.434805569984,1321645.0,62900,163540.0
2021-06-24,1472130.8348055698,5019.434805569984,1303823.0,62900,163288.4
2021-06-25,1499241.13480557,5019.434805569984,1330493.0,62900,163728.7
2021-06-28,1504091.63480557,5019.434805569984,1335029.0,62900,164043.2
2021-06-29,1466801.53480557,5019.434805569984,1297676.0,62900,164106.1
2021-06-30,1487758.8348055698,5019.434805569984,1318193.0,62900,164546.4
2021-07-01,1461027.13480557,5019.434805569984,1291021.0,62900,164986.7
2021-07-02,1445026.93480557,5019.434805569984,1273637.0,62900,166370.5
2021-07-05,1452488.5348055698,5019.434805569984,1280218.0,62900,167251.09999999998
2021-07-06,1468030.9198586699,5089.319858669885,810528.0,244900,652413.6000000001
2021-07-07,1471251.3198586698,5089.319858669885,814728.0,244900,651434.0
2021-07-08,1472904.11985867,5089.319858669885,818340.0,244900,649474.8
2021-07-09,1481375.62435553,5111.424355530022,1218030.0,97300,258234.19999999998
2021-07-12,1490385.52435553,5111.424355530022,1224802.0,97300,260472.1
2021-07-13,1495570.92435553,5111.424355530022,1230182.0,97300,260277.49999999997
2021-07-14,1494979.72435553,5111.424355530022,1229980.0,97300,259888.3
2021-07-15,1502584.62435553,5111.424355530022,1237293.0,97300,260180.19999999998
2021-07-16,1473003.82435553,5111.424355530022,1208296.0,97300,259596.40000000002
2021-07-19,1517411.8285580901,498251.02855809004,761705.0,97300,257455.8
2021-07-20,1532812.8285580901,498251.02855809004,778079.0,97300,256482.80000000002
2021-07-21,1528383.7773074652,5132.777307465149,772417.0,282800,750834.0
2021-07-22,1573156.577307465,5132.777307465149,812665.0,282800,755358.7999999999
2021-07-23,1564973.5035971203,4150.203597120184,1004454.0,208300,556369.2999999999
2021-07-26,1535454.1035971204,4150.203597120184,970352.0,208300,560951.9
2021-07-27,1473776.27940812,5181.679408120209,1104367.0,134600,364227.6
2021-07-28,1480907.4794081203,5181.679408120209,1111902.0,134600,363823.8
2021-07-29,1481295.7329534004,5036.132953400183,1309585.0,61800,166674.6
2021-07-30,1430043.1329534003,5036.132953400183,1259383.0,61800,165624.0
2021-08-02,1532145.9903038102,20429.990303810162,1511716.0,0,0.0
2021-08-03,1561949.63304781,643419.63304781,918530.0,0,0.0
2021-08-04,1558559.63304781,643419.63304781,915140.0,0,0.0
2021-08-05,1545171.03878021,863661.0387802101,681510.0,0,0.0
2021-08-06,1541661.03878021,863661.0387802101,678000.0,0,0.0
2021-08-09,1553691.03878021,863661.0387802101,690030.0,0,0.0
2021-08-10,1609288.9063966102,5054.506396610173,746700.0,316200,857534.4
2021-08-11,1602453.7063966102,5054.506396610173,738600.0,316200,858799.2000000001
2021-08-12,1578246.1063966102,5054.506396610173,713760.0,316200,859431.6
2021-08-13,1592577.7063966102,5054.506396610173,722400.0,316200,865123.2000000001
2021-08-16,1588799.5063966103,5054.506396610173,722100.0,316200,861645.0
2021-08-17,1553440.4676838103,5261.267683810234,1075170.0,173200,473009.19999999995
2021-08-18,1563432.0676838104,5261.267683810234,1085508.0,173200,472662.8
2021-08-19,1552645.2676838103,5261.267683810234,1082342.0,173200,465042.0
2021-08-20,1505985.2676838103,5261.267683810234,1033084.0,173200,467640.00000000006
2021-08-23,1526452.7542733,5194.3542733002505,1234316.0,104800,286942.4
2021-08-24,1551828.7542733,5194.3542733002505,1258120.0,104800,288514.4
2021-08-25,1578435.5542733,5194.3542733002505,1285670.0,104800,287571.2
2021-08-26,1535058.1542733002,5194.3542733002505,1242083.0,104800,287780.8
2021-08-27,1533956.7542733,5194.3542733002505,1240772.0,104800,287990.4
2021-08-30,1546076.1069742502,5213.506974250224,1009396.0,192700,531466.6
2021-08-31,1525458.50697425,5213.506974250224,984539.0,192700,535706.0
2021-09-01,1546279.8069742501,5213.506974250224,1005553.0,192700,535513.2999999999
2021-09-02,1519647.9069742502,5213.506974250224,982197.0,192700,532237.4
2021-09-03,1537141.6069742502,5213.506974250224,997571.0,192700,534357.1
2021-09-06,1570126.50697425,5213.506974250224,1031134.0,192700,533779.0
2021-09-07,1571279.50697425,5213.506974250224,1032287.0,192700,533779.0
2021-09-08,1547795.4069742502,5213.506974250224,1011308.0,192700,531273.9
2021-09-09,1546220.1069742502,5213.506974250224,1011467.0,192700,529539.6000000001
2021-09-10,1569215.8069742504,5213.506974250224,1034270.0,192700,529732.3
2021-09-13,1542592.8069742504,5213.506974250224,1011501.0,192700,525878.3
2021-09-14,1546372.3013656102,5010.101365610288,802347.0,270900,739015.2000000001
2021-09-15,1513570.0013656102,5010.101365610288,774150.0,270900,734409.8999999999
2021-09-16,1510429.0013656104,5010.101365610288,768300.0,270900,737118.9
2021-09-17,1533797.5013656104,5010.101365610288,787605.0,270900,741182.4
2021-09-22,1487349.1013656103,5010.101365610288,756327.0,270900,726012.0
2021-09-23,1490149.0328428904,5178.432842890297,948552.0,198600,536418.6
2021-09-24,1514525.2328428903,5178.432842890297,969552.0,198600,539794.8
2021-09-27,1567077.9521477954,205049.45214779535,173124.0,434700,1188904.5
2021-09-28,1549157.1860921956,10744.886092195375,360810.0,434700,1177602.3
2021-09-29,1519155.9383117955,4679.138311795425,548394.0,362100,966082.8
2021-09-30,1559741.3508833754,5046.750883375433,781454.0,288200,773240.6
2021-10-08,1534918.9508833755,5046.750883375433,757208.0,288200,772664.2000000001
2021-10-11,1529990.7508833753,5046.750883375433,756891.0,288200,768053.0
2021-10-12,1494445.3508833754,5046.750883375433,729127.0,288200,760271.6
2021-10-13,1523037.1508833754,5046.750883375433,753684.0,288200,764306.4
2021-10-14,1518672.9508833755,5046.750883375433,742403.0,288200,771223.2000000001
2021-10-15,1534445.7508833753,5046.750883375433,748377.0,288200,781022.0
2021-10-18,1561121.7508833753,5046.750883375433,775053.0,288200,781022.0
2021-10-19,1574668.3508833754,5046.750883375433,783412.0,288200,786209.6000000001
2021-10-20,1576534.7508833753,5046.750883375433,783261.0,288200,788227.0
2021-10-21,1582263.7508833753,5046.750883375433,788990.0,288200,788227.0
2021-10-22,1558712.1508833754,5046.750883375433,761980.0,288200,791685.4
2021-10-25,1587726.1198019355,245358.71980193545,550682.0,288200,791685.4
2021-10-26,1602245.9198019356,245358.71980193545,559726.0,288200,797161.2
2021-10-27,1591133.4122824352,205230.61228243547,549240.0,302700,836662.7999999999
2021-10-28,1562359.4908985556,5008.090898555494,720990.0,303800,836361.4
2021-10-29,1582469.4908985556,5008.090898555494,739581.0,303800,837880.4
2021-11-01,1569599.6908985553,5008.090898555494,716382.0,303800,848209.6
2021-11-02,1572476.8908985555,5008.090898555494,721082.0,303800,846386.8
2021-11-03,1584348.0908985555,5008.090898555494,727181.0,303800,852159.0
2021-11-04,1587078.0908985555,5008.090898555494,725354.0,303800,856716.0
2021-11-05,1598128.6908985553,5008.090898555494,732759.0,303800,860361.6
2021-11-08,1632029.0908985555,5008.090898555494,765748.0,303800,861273.0
2021-11-09,1641527.2740171156,414936.0740171155,365622.0,303800,860969.2000000001
2021-11-10,1630417.6740171155,414936.0740171155,358158.0,303800,857323.6
2021-11-11,1635165.3454418655,5123.34544186556,365544.0,449200,1264498.0
2021-11-12,1628542.9454418656,5123.34544186556,359820.0,449200,1263599.6
2021-11-15,1634314.7454418654,5123.34544186556,357057.0,449200,1272134.4
2021-11-16,1649452.0499178655,4871.049917865574,574285.0,379000,1070296.0
2021-11-17,1653865.8423110857,5003.142311085598,770660.0,308900,878202.7
2021-11-18,1645259.8423110857,5003.142311085598,765143.0,308900,875113.7000000001
2021-11-19,1656474.0423110856,5003.142311085598,770797.0,308900,880673.9
2021-11-22,1658822.4423110858,5003.142311085598,774381.0,308900,879438.3
2021-11-23,1647949.9423110858,5003.142311085598,771231.0,308900,871715.8
2021-11-24,1643779.9423110855,5003.142311085598,763972.0,308900,874804.7999999999
2021-11-25,1649399.0423110856,5003.142311085598,763722.0,308900,880673.9
2021-11-26,1628662.3423110857,5003.142311085598,756268.0,308900,867391.2
2021-11-29,1661151.5423110856,5003.142311085598,789375.0,308900,866773.4
2021-11-30,1661280.1016271857,415754.40162718564,580907.0,238300,664618.7000000001
2021-12-01,1669095.8808035357,205196.88080353566,591607.0,314000,872292.0
2021-12-02,1657041.2075901357,5132.207590135689,783329.0,317000,868580.0000000001
2021-12-03,1662522.2075901357,5132.207590135689,783104.0,317000,874286.0
2021-12-06,1671840.2646259856,5217.264625985757,777823.0,323200,888800.0
2021-12-07,1705934.8646259857,5217.264625985757,801252.0,323200,899465.6
2021-12-08,1719393.4646259858,5217.264625985757,800813.0,323200,913363.2000000001
2021-12-09,1728074.2986677059,415211.0986677058,399500.0,323200,913363.2000000001
2021-12-10,1731867.6302745058,5126.230274505797,408007.0,468800,1318734.4000000001
2021-12-13,1750958.230274506,5126.230274505797,412096.00000000006,468800,1333736.0
2021-12-14,1730129.8302745058,5126.230274505797,406738.00000000006,468800,1318265.5999999999
2021-12-15,1717269.830274506,5126.230274505797,400910.0,468800,1311233.6
2021-12-16,1745775.0302745057,5126.230274505797,401756.0,468800,1338892.8
2021-12-17,1703719.8322881057,4633.632288105786,580216.0,398600,1118870.2
2021-12-20,1673219.8322881057,4633.632288105786,567653.0,398600,1100933.2
2021-12-21,1685687.118620331,5148.918620330889,948521.0,263600,732017.2000000001
2021-12-22,1693725.9186203307,5148.918620330889,950497.0,263600,738080.0
2021-12-23,1706683.9186203307,5148.918620330889,955547.0,263600,745988.0
2021-12-24,1672430.5186203308,5148.918620330889,917076.0,263600,750205.6
2021-12-27,1671894.3263017558,5166.426301755902,1088260.0,202900,578467.9
2021-12-28,1703399.226301756,5166.426301755902,1113475.0,202900,584757.8
2021-12-29,1698518.626301756,5166.426301755902,1107377.0,202900,585975.2
2021-12-30,1700701.726301756,5166.426301755902,1109763.0,202900,585772.3
2021-12-31,1722623.526301756,5166.426301755902,1133308.0,202900,584149.1
2022-01-04,1712537.7263017558,5166.426301755902,1119570.0,202900,587801.2999999999
2022-01-05,1656708.8263017558,5166.426301755902,1065973.0,202900,585569.4
2022-01-06,1630230.726301756,5166.426301755902,1053495.0,202900,571569.3
2022-01-07,1626696.926301756,5166.426301755902,1046309.0,202900,575221.5
2022-01-10,1618982.8263017558,5166.426301755902,1042450.0,202900,571366.4
2022-01-11,1597350.026301756,5166.426301755902,1023252.0,202900,568931.6
2022-01-12,1654954.8263017558,5166.426301755902,1074364.0,202900,575424.4
2022-01-13,1648079.526301756,5166.426301755902,1068909.0,202900,574004.1000000001
2022-01-14,1647003.226301756,5166.426301755902,1073311.0,202900,568525.8
2022-01-17,1690012.026301756,5166.426301755902,1117943.0,202900,566902.6
2022-01-18,1668126.126301756,5166.426301755902,1098289.0,202900,564670.7
2022-01-19,1626058.526301756,5166.426301755902,1065149.0,202900,555743.1
2022-01-20,1618382.026301756,5166.426301755902,1060516.0,202900,552699.6000000001
2022-01-21,1596363.426301756,5166.426301755902,1049454.0,202900,541743.0
2022-01-24,1600708.626301756,5166.426301755902,1060292.0,202900,535250.2
2022-01-25,1559429.926301756,5166.426301755902,1025709.0,202900,528554.5
2022-01-26,1598052.3263017558,5166.426301755902,1065143.0,202900,527742.9
2022-01-27,1555560.226301756,5166.426301755902,1032593.0,202900,517800.8
2022-01-28,1534694.726301756,5166.426301755902,1002597.0,202900,526931.3
2022-02-07,1589165.906806736,5261.306806735987,1427172.0,58200,156732.6
2022-02-08,1539258.7068067358,5261.306806735987,1377614.0,58200,156383.4
2022-02-09,1558129.7068067358,5261.306806735987,1394448.0,58200,158420.4
2022-02-10,1511568.106806736,5261.306806735987,1346024.0,58200,160282.8
2022-02-11,1439851.762225536,969.7622255360184,1438882.0,0,0.0
2022-02-14,1456359.762225536,969.7622255360184,1455390.0,0,0.0
2022-02-15,1513437.762225536,969.7622255360184,1512468.0,0,0.0
2022-02-16,1515855.762225536,969.7622255360184,1514886.0,0,0.0
2022-02-17,1542971.762225536,969.7622255360184,1542002.0,0,0.0
2022-02-18,1523771.762225536,969.7622255360184,1522802.0,0,0.0
2022-02-21,1508467.762225536,969.7622255360184,1507498.0,0,0.0
2022-02-22,1502841.762225536,969.7622255360184,1501872.0,0,0.0
2022-02-23,1572369.762225536,969.7622255360184,1571400.0,0,0.0
2022-02-24,1560171.762225536,969.7622255360184,1559202.0,0,0.0
2022-02-25,1594185.762225536,969.7622255360184,1593216.0,0,0.0
2022-02-28,1631271.762225536,969.7622255360184,1630302.0,0,0.0
2022-03-01,1663711.8422395359,788087.842239536,875624.0,0,0.0
2022-03-02,1643311.8422395359,788087.842239536,855224.0,0,0.0
2022-03-03,1635343.8422395359,788087.842239536,847256.0,0,0.0
2022-03-04,1592571.052957356,5018.452957356116,1003441.0,225700,584111.6
2022-03-07,1528932.2529573562,5018.452957356116,947476.0,225700,576437.7999999999
2022-03-08,1494441.5140788262,3052.5140788261197,1491389.0,0,0.0
2022-03-09,1527987.5140788262,3052.5140788261197,1524935.0,0,0.0
2022-03-10,1582802.5140788262,3052.5140788261197,1579750.0,0,0.0
2022-03-11,1587031.5140788262,3052.5140788261197,1583979.0,0,0.0
2022-03-14,1510746.5140788262,3052.5140788261197,1507694.0,0,0.0
2022-03-15,1471662.5140788262,3052.5140788261197,1468610.0,0,0.0
2022-03-16,1579945.5140788262,3052.5140788261197,1576893.0,0,0.0
2022-03-17,1625870.5140788262,3052.5140788261197,1622818.0,0,0.0
2022-03-18,1609882.5140788262,3052.5140788261197,1606830.0,0,0.0
2022-03-21,1648292.5140788262,3052.5140788261197,1645240.0,0,0.0
2022-03-22,1636392.5140788262,3052.5140788261197,1633340.0,0,0.0
2022-03-23,1649637.5140788262,3052.5140788261197,1646585.0,0,0.0
2022-03-24,1637992.5140788262,3052.5140788261197,1634940.0,0,0.0
2022-03-25,1580401.5140788262,3052.5140788261197,1577349.0,0,0.0
2022-03-28,1536932.5140788262,3052.5140788261197,1533880.0,0,0.0
2022-03-29,1534248.5140788262,3052.5140788261197,1531196.0,0,0.0
2022-03-30,1602104.5140788262,3052.5140788261197,1599052.0,0,0.0
2022-03-31,1568864.5140788262,3052.5140788261197,1565812.0,0,0.0
2022-04-01,1605208.5140788262,3052.5140788261197,1602156.0,0,0.0
2022-04-06,1613134.5140788262,3052.5140788261197,1610082.0,0,0.0
2022-04-07,1595262.5140788262,3052.5140788261197,1592210.0,0,0.0
2022-04-08,1607688.5140788262,3052.5140788261197,1604636.0,0,0.0
2022-04-11,1522404.5140788262,3052.5140788261197,1519352.0,0,0.0
2022-04-12,1573884.5140788262,3052.5140788261197,1570832.0,0,0.0
2022-04-13,1560856.5140788262,3052.5140788261197,1557804.0,0,0.0
2022-04-14,1588305.5140788262,3052.5140788261197,1585253.0,0,0.0
2022-04-15,1559912.5140788262,3052.5140788261197,1556860.0,0,0.0
2022-04-18,1563058.5140788262,3052.5140788261197,1560006.0,0,0.0
2022-04-19,1565378.5140788262,3052.5140788261197,1562326.0,0,0.0
2022-04-20,1524550.5140788262,3052.5140788261197,1521498.0,0,0.0
2022-04-21,1495362.5140788262,3052.5140788261197,1492310.0,0,0.0
2022-04-22,1512078.5140788262,3052.5140788261197,1509026.0,0,0.0
2022-04-25,1439402.5140788262,3052.5140788261197,1436350.0,0,0.0
2022-04-26,1447363.5140788262,3052.5140788261197,1444311.0,0,0.0
2022-04-27,1493691.5140788262,3052.5140788261197,1490639.0,0,0.0
2022-04-28,1474560.5140788262,3052.5140788261197,1471508.0,0,0.0
2022-04-29,1522388.5140788262,3052.5140788261197,1519336.0,0,0.0
2022-05-05,1502710.263950166,771322.2639501661,731388.0,0,0.0
2022-05-06,1492844.263950166,771322.2639501661,721522.0,0,0.0
2022-05-09,1485193.740678166,573873.740678166,911320.0,0,0.0
2022-05-10,1494579.740678166,573873.740678166,920706.0,0,0.0
2022-05-11,1541362.293602966,374102.29360296606,1167260.0,0,0.0
2022-05-12,1521644.293602966,374102.29360296606,1147542.0,0,0.0
2022-05-13,1506087.2389004661,205081.2389004661,1132196.0,132400,168810.0
2022-05-16,1505287.081527506,5031.9815275061355,1329754.0,133100,170501.09999999998
2022-05-17,1515403.681527506,5031.9815275061355,1339072.0,133100,171299.69999999998
2022-05-18,1529744.881527506,5031.9815275061355,1351816.0,133100,172896.9
2022-05-19,1517108.081527506,5031.9815275061355,1345568.0,133100,166508.09999999998
2022-05-20,1549329.2815275062,5031.9815275061355,1378854.0,133100,165443.30000000002
2022-05-23,1535109.681527506,5031.9815275061355,1364102.0,133100,165975.7
2022-05-24,1488618.681527506,5031.9815275061355,1318942.0,133100,164644.7
2022-05-25,1493408.7815275062,5031.9815275061355,1322268.0,133100,166108.8
2022-05-26,1490719.165627506,5114.365627506135,1305316.0,143200,180288.8
2022-05-27,1510336.765627506,5114.365627506135,1320924.0,143200,184298.4
2022-05-30,1544226.1994696262,367755.39946962614,989022.0,143200,187448.8
2022-05-31,1557008.1994696262,367755.39946962614,1002520.0,143200,186732.80000000002
2022-06-01,1574904.833394526,5002.033394526225,1020440.0,420400,549462.7999999999
2022-06-02,1577769.3306659262,447390.5306659262,587222.0,420400,543156.8
2022-06-06,1609736.9829274863,1064898.5829274862,0.0,420400,544838.4
2022-06-07,1606794.182927486,1064898.5829274862,0.0,420400,541895.6
2022-06-08,1613520.5829274862,1064898.5829274862,0.0,420400,548622.0
2022-06-09,1608896.182927486,1064898.5829274862,0.0,420400,543997.6
2022-06-10,1599226.982927486,1064898.5829274862,0.0,420400,534328.3999999999
2022-06-13,1576945.782927486,1064898.5829274862,0.0,420400,512047.2
2022-06-14,1571480.5829274862,1064898.5829274862,0.0,420400,506582.00000000006
2022-06-15,1566015.3829274862,1064898.5829274862,0.0,420400,501116.8
2022-06-16,1564333.782927486,1064898.5829274862,0.0,420400,499435.19999999995
2022-06-17,1556346.1829274863,1064898.5829274862,0.0,420400,491447.60000000003
2022-06-20,1555505.3829274862,1064898.5829274862,0.0,420400,490606.8
2022-06-21,1561390.9829274863,1064898.5829274862,0.0,420400,496492.4
2022-06-22,1561811.3829274862,1064898.5829274862,0.0,420400,496912.8
2022-06-23,1565174.5829274862,1064898.5829274862,0.0,420400,500276.0
2022-06-24,1581032.8971655662,865255.2971655662,207514.0,420400,508263.60000000003
2022-06-27,1591529.2971655661,865255.2971655662,207080.0,420400,519194.00000000006
2022-06-28,1597578.0971655662,865255.2971655662,212288.0,420400,520034.80000000005
2022-06-29,1579744.497165566,865255.2971655662,206646.0,420400,507843.2
2022-06-30,1575953.2971655661,865255.2971655662,208320.0,420400,502378.0
2022-07-01,1573713.697165566,865255.2971655662,207762.0,420400,500696.4
2022-07-04,1577167.697165566,865255.2971655662,204909.99999999997,420400,507002.39999999997
2022-07-05,1577093.697165566,865255.2971655662,200632.0,420400,511206.39999999997
2022-07-06,1574943.2971655661,865255.2971655662,201004.0,420400,508684.0
2022-07-07,1579381.697165566,865255.2971655662,200818.0,420400,513308.4
2022-07-08,1587381.2971655661,865255.2971655662,205034.0,420400,517092.0
2022-07-11,1580222.497165566,865255.2971655662,200818.0,420400,514149.2
2022-07-12,1578258.0971655662,865255.2971655662,201375.99999999997,420400,511626.80000000005
2022-07-13,1575080.4449615662,679621.6449615662,383832.0,420400,511626.80000000005
2022-07-14,1571597.9724813062,482372.3724813062,583064.0,420400,506161.6
2022-07-15,1581540.2524813064,488825.6524813062,584451.0,420400,508263.60000000003
2022-07-18,1597093.3544365312,5014.054436531267,785679.0,651900,806400.3
2022-07-19,1587748.8544365312,5014.054436531267,786113.0,651900,796621.7999999999
2022-07-20,1614809.1544365312,5014.054436531267,789053.0,651900,820742.1
2022-07-21,1610301.8544365312,5014.054436531267,782590.0,651900,822697.8
2022-07-22,1614581.9544365313,5014.054436531267,781003.0,651900,828564.8999999999
2022-07-25,1602523.0544365314,5014.054436531267,776115.0,651900,821394.0
2022-07-26,1609077.1544365312,5014.054436531267,783321.0,651900,820742.1
2022-07-27,1607314.754436531,5014.054436531267,778951.0,651900,823349.7
2022-07-28,1622886.3544365312,5014.054436531267,785396.0,651900,832476.2999999999
2022-07-29,1626781.0544365314,5064.454436531267,771639.0,651900,850077.6
2022-08-01,1637687.4544365313,5064.454436531267,778634.0,651900,853989.0
2022-08-02,1620982.8544365312,5064.454436531267,764537.0,651900,851381.4
2022-08-03,1602751.8544365312,5064.454436531267,746306.0,651900,851381.4
2022-08-04,1627791.4529739611,5010.152973961256,959720.0,502700,663061.2999999999
2022-08-05,1646832.1539742413,210323.35397424127,770934.0,502700,665574.8
2022-08-08,1640396.6419742415,205001.04197424126,762498.0,506700,672897.6000000001
2022-08-09,1637349.5223390413,5111.922339041263,953772.0,513600,678465.6
2022-08-10,1617398.722339041,5111.922339041263,937930.0,513600,674356.7999999999
2022-08-11,1663318.2533185363,5082.453318536243,1156462.0,373900,501773.80000000005
2022-08-12,1654248.2533185363,5082.453318536243,1147392.0,373900,501773.80000000005
2022-08-15,1653626.3533185362,5082.453318536243,1139666.0,373900,508877.9
2022-08-16,1661019.1533185362,5082.453318536243,1142572.0,373900,513364.7
2022-08-17,1680729.0533185364,5082.453318536243,1161908.0,373900,513738.60000000003
2022-08-18,1661819.9533185363,5082.453318536243,1146364.0,373900,510373.5
2022-08-19,1656151.7533185363,5082.453318536243,1139948.0,373900,511121.3
2022-08-22,1656623.1533185362,5082.453318536243,1145654.0,373900,505886.7
2022-08-23,1639230.9533185363,5082.453318536243,1134992.0,373900,499156.5
2022-08-24,1617150.9533185363,5082.453318536243,1112912.0,373900,499156.5
2022-08-25,1640529.3533185362,5082.453318536243,1130308.0,373900,505138.89999999997
2022-08-26,1650284.6533185362,5082.453318536243,1137446.0,373900,507756.2
2022-08-29,1624001.0533185364,5082.453318536243,1127614.0,373900,491304.60000000003
2022-08-30,1628974.6533185362,5082.453318536243,1131092.0,373900,492800.2
2022-08-31,1615849.1607398712,405047.1607398713,541076.0,513200,669726.0
2022-09-01,1594034.5485949316,5035.348594931393,921590.0,520600,667409.2000000001
2022-09-02,1580044.3485949314,5035.348594931393,900832.0,520600,674177.0
2022-09-05,1577567.3568425465,5076.656842546421,1486381.0,66700,86109.7
2022-09-06,1613607.3568425465,5076.656842546421,1522421.0,66700,86109.7
2022-09-07,1639394.3568425465,5076.656842546421,1548875.0,66700,85442.7
2022-09-08,1630994.4568425466,5076.656842546421,1538941.0,66700,86976.8
2022-09-09,1641796.0568425464,5076.656842546421,1549209.0,66700,87510.40000000001
2022-09-13,1653715.1568425465,5076.656842546421,1558927.0,66700,89711.5
2022-09-14,1628562.6568425465,5076.656842546421,1537443.0,66700,86043.0
2022-09-15,1570321.3568425465,5076.656842546421,1479135.0,66700,86109.7
2022-09-16,1562519.6568425465,5076.656842546421,1472734.0,66700,84709.0
2022-09-19,1571210.5568425464,5076.656842546421,1481625.0,66700,84508.9
2022-09-20,1611073.4568425466,5076.656842546421,1520354.0,66700,85642.8
2022-09-21,1576019.5568425464,5076.656842546421,1486434.0,66700,84508.9
2022-09-22,1578783.1568425465,5076.656842546421,1490665.0,66700,83041.5
2022-09-23,1564977.2568425466,5076.656842546421,1477326.0,66700,82574.6
2022-09-26,1631706.5856747862,420859.3856747864,1129740.0,66700,81107.2
2022-09-27,1635137.4256156464,220918.72561564643,1332111.0,66700,82107.70000000001
2022-09-28,1582794.1176156464,205089.91761564644,1280789.0,79700,96915.2
2022-09-29,1589368.7640027464,5044.364002746462,1485532.0,79800,98792.4
2022-09-30,1552077.3640027465,5044.364002746462,1450076.0,79800,96957.0
2022-10-10,1551591.5203261664,446.5203261664574,1551145.0,0,0.0
2022-10-11,1583336.5203261664,446.5203261664574,1582890.0,0,0.0
2022-10-12,1639632.9262966665,437132.9262966665,1202500.0,0,0.0
2022-10-13,1616764.6489767565,5033.8489767565625,1352219.0,215900,259511.8
2022-10-14,1654050.8489767564,5033.8489767565625,1381301.0,215900,267716.0
2022-10-17,1639998.2489767568,5033.8489767565625,1372430.0000000002,215900,262534.39999999997
2022-10-18,1683797.2489767564,5033.8489767565625,1407593.0,215900,271170.4
2022-10-19,1654696.5489767564,5033.8489767565625,1379140.0,215900,270522.69999999995
2022-10-20,1637209.4314915566,5078.831491556586,1527430.0,84300,104700.6
2022-10-21,1644996.4314915566,5078.831491556586,1536060.0,84300,103857.6
2022-10-24,1591480.0314915564,5078.831491556586,1479846.0,84300,106555.2
2022-10-25,1593580.5624057816,113100.56240578157,1480480.0,0,0.0
2022-10-26,1592271.6661819315,5070.266181931569,1479306.0,83900,107895.40000000001
2022-10-27,1587132.4661819316,5070.266181931569,1473160.0,83900,108902.2
2022-10-28,1532012.9989905814,540342.9989905815,991670.0,0,0.0
2022-10-31,1556566.1521905814,360116.15219058155,1196450.0,0,0.0
2022-11-01,1631078.1521905814,360116.15219058155,1270962.0,0,0.0
2022-11-02,1652494.7619052567,5031.461905256612,1292822.0,270100,354641.3
2022-11-03,1636820.2619052567,5031.461905256612,1283900.0,270100,347888.8
2022-11-04,1688505.8523974568,838614.3523974568,505514.0,270100,344377.5
2022-11-07,1692094.7523974567,838614.3523974568,506672.0,270100,346808.4
2022-11-08,1690810.0523974567,838614.3523974568,501876.0,270100,350319.69999999995
2022-11-09,1680794.5523974567,838614.3523974568,490510.0,270100,351670.2
2022-11-10,1672802.6523974568,838614.3523974568,487650.0,270100,346538.3
2022-11-11,1707148.2523974567,838614.3523974568,506870.0,270100,361663.89999999997
2022-11-14,1709972.0261909766,639415.6261909768,712944.0,270100,357612.4
2022-11-15,1736042.2261909768,639415.6261909768,738474.0,270100,358152.60000000003
2022-11-16,1733436.2261909768,639415.6261909768,733167.0,270100,360853.60000000003
2022-11-17,1725749.1261909767,639415.6261909768,725750.0,270100,360583.5
2022-11-18,1719453.2261909768,639415.6261909768,721885.0,270100,358152.60000000003
2022-11-21,1713883.2261909768,639415.6261909768,713614.0,270100,360853.60000000003
2022-11-22,1709944.9261909768,639415.6261909768,710486.0,270100,360043.3
2022-11-23,1717460.7261909768,639415.6261909768,713140.0,270100,364905.1
2022-11-24,1711139.7261909768,639415.6261909768,704118.0,270100,367606.1
2022-11-25,1706942.3261909767,639415.6261909768,698300.0,270100,369226.7
2022-11-28,1700062.7261909768,639415.6261909768,693041.0,270100,367606.1
2022-11-29,1723176.2261909768,639415.6261909768,720206.0,270100,363554.60000000003
2022-11-30,1726891.3261909767,639415.6261909768,726352.0,270100,361123.7
2022-12-01,1748247.0245109769,970665.7245109768,409435.0,270100,368146.3
2022-12-02,1744503.5245109769,970665.7245109768,407042.0,270100,366795.80000000005
2022-12-05,1743530.4245109768,970665.7245109768,411741.0,270100,361123.7
2022-12-06,1742539.324510977,970665.7245109768,416422.0,270100,355451.60000000003
2022-12-07,1741353.897731777,975537.0977317769,415227.0,270100,350589.8
2022-12-08,1738012.597731777,975537.0977317769,412696.0,270100,349779.5
2022-12-09,1738735.597731777,975537.0977317769,410718.0,270100,352480.5
2022-12-12,1737856.497731777,975537.0977317769,412810.0,270100,349509.4
2022-12-13,1729595.497731777,975537.0977317769,399147.0,270100,354911.4
2022-12-14,1719512.7777827168,783414.2777827169,578216.0,270100,357882.5
2022-12-15,1730647.5777827168,783414.2777827169,592592.0,270100,354641.3
2022-12-16,1710892.6777827167,783414.2777827169,580670.0,270100,346808.4
2022-12-19,1701775.2777827168,783414.2777827169,575334.0,270100,343027.0
2022-12-20,1701581.3777827169,783414.2777827169,580272.0,270100,337895.1
2022-12-21,1694448.8777827169,783414.2777827169,569088.0,270100,341946.6
2022-12-22,1691946.3777827169,783414.2777827169,562534.0,270100,345998.1
2022-12-23,1672706.678846367,205023.8788463669,745050.0,570800,722632.8
2022-12-26,1733334.365434687,5037.365434686903,1002619.0,571400,725678.0
2022-12-27,1765088.9654346867,5037.365434686903,1032088.0,571400,727963.6
2022-12-28,1755083.365434687,5037.365434686903,1030082.0,571400,719964.0
2022-12-29,1737765.9654346867,5037.365434686903,1021907.0,571400,710821.6
2022-12-30,1752929.3654346867,5037.365434686903,1030785.0,571400,717106.9999999999
2023-01-03,1776214.9744632468,443400.9744632469,618564.0,571400,714250.0
2023-01-04,1754982.974463247,443400.9744632469,600189.0,571400,711393.0000000001
2023-01-05,1789102.2716592266,875894.8716592268,201243.0,571400,711964.4
2023-01-06,1792371.0716592267,875894.8716592268,209083.0,571400,707393.2
2023-01-09,1799553.4716592268,875894.8716592268,207123.00000000003,571400,716535.6
2023-01-10,1797595.0716592267,875894.8716592268,208593.0,571400,713107.2
2023-01-11,1801333.2716592266,875894.8716592268,207760.0,571400,717678.4
2023-01-12,1809081.7284881668,679066.1284881668,407766.0,571400,722249.6
2023-01-13,1805461.5284881666,679066.1284881668,405860.0,571400,720535.3999999999
2023-01-16,1807431.9284881668,679066.1284881668,407259.0,571400,721106.8
2023-01-17,1812718.9284881665,679066.1284881668,409689.0,571400,723963.7999999999
2023-01-18,1819913.161744247,898676.9617442469,193844.0,571400,727392.2
2023-01-19,1804409.161744247,898676.9617442469,192625.0,571400,713107.2
2023-01-20,1808127.961744247,898676.9617442469,195201.0,571400,714250.0
2023-01-30,1833995.561744247,898676.9617442469,201641.0,571400,733677.6
2023-01-31,1828584.161744247,898676.9617442469,202515.0,571400,727392.2
2023-02-01,1846354.259184727,1109248.259184727,0.0,571400,737106.0
2023-02-02,1853782.459184727,1109248.259184727,0.0,571400,744534.2
2023-02-03,1860067.859184727,1109248.259184727,0.0,571400,750819.6
2023-02-06,1857210.859184727,1109248.259184727,0.0,571400,747962.6
2023-02-07,1858353.659184727,1109248.259184727,0.0,571400,749105.4
2023-02-08,1866353.259184727,1109248.259184727,0.0,571400,757105.0
2023-02-09,1863496.259184727,1109248.259184727,0.0,571400,754248.0
2023-02-10,1853211.059184727,1109248.259184727,0.0,571400,743962.8
2023-02-13,1857210.859184727,1109248.259184727,0.0,571400,747962.6
2023-02-14,1866924.659184727,1109248.259184727,0.0,571400,757676.4
2023-02-15,1865210.459184727,1109248.259184727,0.0,571400,755962.2
2023-02-16,1873781.4591847272,1109248.259184727,0.0,571400,764533.2000000001
2023-02-17,1861210.659184727,1109248.259184727,0.0,571400,751962.4
2023-02-20,1863360.3519207267,942638.551920727,168188.0,571400,752533.7999999999
2023-02-21,1860284.967226327,748954.767226327,361082.0,571400,750248.2
2023-02-22,1845209.112524077,205008.91252407705,518858.0,863900,1121342.2
2023-02-23,1853143.112576077,4957.112576077052,725116.0,863900,1123070.0
2023-02-24,1844128.412576077,4957.112576077052,710054.0,863900,1129117.3
2023-02-27,1833067.012576077,4957.112576077052,704176.0,863900,1123933.9
2023-02-28,1837321.012576077,4957.112576077052,708430.0,863900,1123933.9
2023-03-01,1834827.012576077,4957.112576077052,714575.0,863900,1115294.9
2023-03-02,1805166.312576077,4957.112576077052,696145.0,863900,1104064.2
2023-03-03,1823458.912576077,4957.112576077052,702343.0,863900,1116158.8
2023-03-06,1852835.5125760771,4957.112576077052,710986.0,863900,1136892.4000000001
2023-03-07,1844902.112576077,4957.112576077052,699597.0,863900,1140348.0
2023-03-08,1824649.614025977,4997.614025977062,891856.0,711500,927796.0
2023-03-09,1816501.114025977,4997.614025977062,881573.0,711500,929930.5
2023-03-10,1797926.114025977,4997.614025977062,885766.0,711500,907162.4999999999
2023-03-13,1782757.114025977,4997.614025977062,869174.0,711500,908585.4999999999
2023-03-14,1751311.114025977,4997.614025977062,856227.0,711500,890086.4999999999
2023-03-15,1766257.614025977,4997.614025977062,856232.0,711500,905028.0
2023-03-16,1745259.614025977,4997.614025977062,840926.0,711500,899336.0
2023-03-17,1746882.114025977,4997.614025977062,830453.0,711500,911431.4999999999
2023-03-20,1755975.135943422,4362.535943422117,1237437.0,408400,514175.6
2023-03-21,1805403.935943422,4362.535943422117,1277881.0,408400,523160.39999999997
2023-03-22,1816175.535943422,4362.535943422117,1282935.0,408400,528878.0
2023-03-23,1819108.1644273722,4748.364427372173,1493694.0,251700,320665.8
2023-03-24,1831596.564427372,4748.364427372173,1505679.0,251700,321169.2
2023-03-27,1849334.7644273723,4748.364427372173,1519390.0,251700,325196.4
2023-03-28,1824938.064427372,4748.364427372173,1495245.0,251700,324944.69999999995
2023-03-29,1842480.564427372,4748.364427372173,1511529.0,251700,326203.2
2023-03-30,1847789.864427372,4748.364427372173,1514573.0,251700,328468.5
2023-03-31,1873735.9565590124,541447.3565590123,1003065.0,251700,329223.60000000003
2023-04-03,1886115.7450315123,965861.5450315124,586500.0,251700,333754.2
2023-04-04,1874019.3450315124,965861.5450315124,572390.0,251700,335767.80000000005
2023-04-06,1869982.2450315123,965861.5450315124,571625.0,251700,332495.7
2023-04-07,1870135.7450315123,965861.5450315124,570520.0,251700,333754.2
2023-04-10,1895894.0450315124,965861.5450315124,596530.0,251700,333502.5
2023-04-11,1882764.0949993124,781659.6949993124,765840.0,251700,335264.4
2023-04-12,1860040.6949993125,781659.6949993124,743620.0,251700,334761.0
2023-04-13,1859803.2247233125,418602.72472331254,1107698.0,251700,333502.5
2023-04-14,1879598.1247233124,418602.72472331254,1125731.0,251700,335264.4
2023-04-17,1890835.5695779375,5004.76957793755,1135723.0,560200,750107.7999999999
2023-04-18,1883314.9695779376,5004.76957793755,1127082.0,560200,751228.2
2023-04-19,1875411.9695779376,5004.76957793755,1119179.0,560200,751228.2
2023-04-20,1842800.7695779377,5004.76957793755,1087128.0,560200,750668.0
2023-04-21,1814546.4646445375,5057.464644537586,1255717.0,414500,553772.0
2023-04-24,1794530.4646445375,5057.464644537586,1236530.0,414500,552943.0
2023-04-25,1778346.3865675926,4968.386567592621,1417204.0,266000,356174.0
2023-04-26,1869033.3865675926,4968.386567592621,1510285.0,266000,353780.0
2023-04-27,1867984.3865675926,4968.386567592621,1511098.0,266000,351918.0
2023-04-28,1856743.3865675926,4968.386567592621,1494537.0,266000,357238.0
2023-05-04,1846945.3865675926,4968.386567592621,1487931.0,266000,354046.0
2023-05-05,1839745.3865675926,4968.386567592621,1482061.0,266000,352716.0
2023-05-08,1834235.3865675926,4968.386567592621,1471763.0,266000,357504.0
2023-05-09,1823498.3865675926,4968.386567592621,1460760.0,266000,357770.0
2023-05-10,1854122.3865675926,4968.386567592621,1491384.0,266000,357770.0
2023-05-11,1898304.3865675926,4968.386567592621,1533704.0,266000,359632.0
2023-05-12,1874760.3865675926,4968.386567592621,1509894.0,266000,359898.0
2023-05-15,1932912.3865675926,4968.386567592621,1568046.0,266000,359898.0
2023-05-16,1925633.3865675926,4968.386567592621,1561033.0,266000,359632.0
2023-05-17,1906294.3865675926,4968.386567592621,1540896.0,266000,360430.0
2023-05-18,1894983.3865675926,4968.386567592621,1524797.0,266000,365218.0
2023-05-19,1903855.3865675926,4968.386567592621,1528083.0,266000,370804.0
2023-05-22,1920818.2164374925,373000.21643749264,1178610.0,266000,369208.0
2023-05-23,1894704.5507234926,173849.55072349266,1350051.0,266000,370804.0
2023-05-24,1896484.5507234926,173849.55072349266,1355289.0,266000,367346.0
2023-05-25,1902134.4582923627,5102.458292362682,1554930.0,247900,342102.0
2023-05-26,1877901.5582923628,5102.458292362682,1530945.0,247900,341854.1
2023-05-29,1859285.7582923628,5102.458292362682,1505388.0,247900,348795.3
2023-05-30,1860190.1582923627,5102.458292362682,1504805.0,247900,350282.7
2023-05-31,1834042.2582923628,5102.458292362682,1481384.0,247900,347555.8
2023-06-01,1832966.0587983625,5100.458798362728,1642678.0,131900,185187.59999999998
2023-06-02,1879552.2587983627,5100.458798362728,1688209.0,131900,186242.8
2023-06-05,1838412.6587983626,5100.458798362728,1643640.0,131900,189672.19999999998
2023-06-06,1828020.1587983626,5100.458798362728,1633907.0,131900,189012.7
2023-06-07,1778166.4587983626,5100.458798362728,1583130.0,131900,189936.0
2023-06-08,1779574.1587983626,5100.458798362728,1585461.0,131900,189012.7
2023-06-09,1757642.3587983625,5100.458798362728,1562474.0,131900,190067.9
2023-06-12,1772965.1587983626,5100.458798362728,1576214.0,131900,191650.7
2023-06-13,1755902.3587983628,5100.458798362728,1556777.0,131900,194024.90000000002
2023-06-14,1741974.8587983625,5100.458798362728,1542190.0,131900,194684.4
2023-06-15,1828806.2587983627,5100.458798362728,1629549.0,131900,194156.8
2023-06-16,1845693.7312743026,5005.131274302665,1292499.0,369400,548189.6
2023-06-19,1824505.4536743027,5037.253674302665,1269201.0,370800,550267.2
2023-06-20,1824906.8536743028,5037.253674302665,1268490.0,370800,551379.6000000001
2023-06-21,1790049.8536743028,5037.253674302665,1233633.0,370800,551379.6000000001
2023-06-26,1775793.2536743027,10415.653674302666,1215852.0,370800,549525.6
2023-06-27,1758807.5018521526,5085.501852152667,1593056.0,109000,160666.0
2023-06-28,1738111.5018521526,5085.501852152667,1570725.0,109000,162301.0
2023-06-29,1704881.4032444528,3601.4032444526965,1701280.0,0,0.0
2023-06-30,1749499.4032444528,3601.4032444526965,1745898.0,0,0.0
2023-07-03,1783456.4032444528,3601.4032444526965,1779855.0,0,0.0
2023-07-04,1794698.4032444528,3601.4032444526965,1791097.0,0,0.0
2023-07-05,1773075.4032444528,3601.4032444526965,1769474.0,0,0.0
2023-07-06,1755834.4032444528,3601.4032444526965,1752233.0,0,0.0
2023-07-07,1725356.4032444528,3601.4032444526965,1721755.0,0,0.0
2023-07-10,1761959.4032444528,3601.4032444526965,1758358.0,0,0.0
2023-07-11,1770338.4032444528,3601.4032444526965,1766737.0,0,0.0
2023-07-12,1752068.4032444528,3601.4032444526965,1748467.0,0,0.0
2023-07-13,1773894.4032444528,3601.4032444526965,1770293.0,0,0.0
2023-07-14,1769267.4032444528,3601.4032444526965,1765666.0,0,0.0
2023-07-17,1758172.4032444528,3601.4032444526965,1754571.0,0,0.0
2023-07-18,1759159.4032444528,3601.4032444526965,1755558.0,0,0.0
2023-07-19,1747448.4032444528,3601.4032444526965,1743847.0,0,0.0
2023-07-20,1728583.4032444528,3601.4032444526965,1724982.0,0,0.0
2023-07-21,1749093.4032444528,3601.4032444526965,1745492.0,0,0.0
2023-07-24,1714317.4032444528,3601.4032444526965,1710716.0,0,0.0
2023-07-25,1794369.9900779729,631032.9900779728,1163337.0,0,0.0
2023-07-26,1777884.9900779729,631032.9900779728,1146852.0,0,0.0
2023-07-27,1794978.9900779729,631032.9900779728,1163946.0,0,0.0
2023-07-28,1792227.9900779729,631032.9900779728,1161195.0,0,0.0
2023-07-31,1812933.9900779729,631032.9900779728,1181901.0,0,0.0
2023-08-01,1798200.3189552478,5034.218955247838,1367346.0,274900,425820.1
2023-08-02,1778632.518955248,5034.218955247838,1351077.0,274900,422521.3
2023-08-03,1786781.488642673,5020.68864267287,1560012.0,145600,221748.8
2023-08-04,1793020.288642673,5020.68864267287,1565814.0,145600,222185.6
2023-08-07,1757269.4637594328,4317.2637594329135,1731093.0,14400,21859.2
2023-08-08,1756296.863759433,4317.2637594329135,1729962.0,14400,22017.6
2023-08-09,1752957.863759433,4317.2637594329135,1726623.0,14400,22017.6
2023-08-10,1760273.6637594327,4317.2637594329135,1734054.0,14400,21902.399999999998
2023-08-11,1736432.0637594329,4317.2637594329135,1710198.0,14400,21916.8
2023-08-14,1764187.195412613,205095.19541261296,1404762.0,101200,154330.0
2023-08-15,1754455.4757220529,5101.275722052955,1590323.0,103200,159031.19999999998
2023-08-16,1750506.075722053,5101.275722052955,1588128.0,103200,157276.8
2023-08-17,1740513.0160717329,5131.01607173294,1725686.0,6400,9696.0
2023-08-18,1712622.816071733,5131.01607173294,1697911.0,6400,9580.800000000001
2023-08-21,1664547.2160717328,5131.01607173294,1649797.0,6400,9619.199999999999
2023-08-22,1657433.939271733,5063.3392717329425,1642713.0,6400,9657.599999999999
2023-08-23,1614142.3392717328,5063.3392717329425,1599415.0,6400,9664.0
2023-08-24,1648491.139271733,5063.3392717329425,1633623.0,6400,9804.8
2023-08-25,1628881.7392717327,5063.3392717329425,1614212.0,6400,9606.4
2023-08-28,1672787.270474533,614519.2704745331,1048572.0,6400,9696.0
2023-08-29,1715838.8704745332,614519.2704745331,1091566.0,6400,9753.6
2023-08-30,1715007.270474533,614519.2704745331,1090600.0,6400,9888.0
2023-08-31,1699798.470474533,614519.2704745331,1075340.0,6400,9939.199999999999
2023-09-01,1693027.8704745332,614519.2704745331,1068627.0,6400,9881.6
2023-09-04,1714173.0704745331,614519.2704745331,1089753.0,6400,9900.8
2023-09-05,1702482.470474533,614519.2704745331,1078056.0,6400,9907.2
2023-09-06,1695944.470474533,614519.2704745331,1071518.0,6400,9907.2
2023-09-07,1673440.270474533,614519.2704745331,1049097.0,6400,9824.0
2023-09-08,1663801.7800855332,416620.1800855331,1237300.0,6400,9881.6
2023-09-11,1679917.580085533,416620.1800855331,1253467.0,6400,9830.4
2023-09-12,1692688.580085533,416620.1800855331,1266206.0,6400,9862.4
2023-09-13,1669368.180085533,416620.1800855331,1242956.0,6400,9792.0
2023-09-14,1644193.980085533,416620.1800855331,1217737.0,6400,9836.8
2023-09-15,1639799.380085533,416620.1800855331,1213272.0,6400,9907.2
2023-09-18,1662198.6354421582,5032.735442158184,1236294.0,274900,420871.89999999997
2023-09-19,1643695.7354421583,5032.735442158184,1218066.0,274900,420597.0
2023-09-20,1624180.9354421583,5032.735442158184,1199101.0,274900,420047.2
2023-09-21,1605630.5354421583,5032.735442158184,1184949.0,274900,415648.8
2023-09-22,1631588.4354421583,5032.735442158184,1216130.0,274900,410425.7
2023-09-25,1621599.7354421583,5032.735442158184,1206966.0,274900,409601.0
2023-09-26,1598212.4354421583,5032.735442158184,1185503.0,274900,407676.7
2023-09-27,1609587.0322028531,5017.532202853219,1391137.0,144700,213432.5
2023-09-28,1601669.232202853,5017.532202853219,1383798.0,144700,212853.7
2023-10-09,1613631.5322028531,5017.532202853219,1395905.0,144700,212709.0
2023-10-10,1611043.5322028531,5017.532202853219,1390423.0,144700,215603.0
2023-10-11,1618388.9122958884,5058.31229588823,1185516.0,285400,427814.60000000003
2023-10-12,1663232.3122958883,5058.31229588823,1227220.0,285400,430954.0
2023-10-13,1626857.1122958884,5058.31229588823,1194555.0,285400,427243.80000000005
2023-10-16,1600257.1106769082,5007.910676908286,1344370.0,167700,250879.2
2023-10-17,1609551.8106769081,5007.910676908286,1351820.0,167700,252723.9
2023-10-18,1625533.7063109083,5120.7063109083465,1540648.0,53000,79765.0
2023-10-19,1571245.7063109083,5120.7063109083465,1487420.0,53000,78705.0
2023-10-20,1582233.2720516582,82986.27205165834,1499247.0,0,0.0
2023-10-23,1566168.9978507084,5085.19785070834,1483280.0,53400,77803.8
2023-10-24,1553009.1978507084,5085.19785070834,1470227.0,53400,77697.0
2023-10-25,1563895.5978507083,5085.19785070834,1481060.0,53400,77750.4
2023-10-26,1598820.3978507083,5085.19785070834,1517213.0,53400,76522.2
2023-10-27,1633524.3978507083,5085.19785070834,1551917.0,53400,76522.2
2023-10-30,1644301.9978507084,5085.19785070834,1563015.0,53400,76201.8
2023-10-31,1625578.5978507083,5085.19785070834,1544078.0,53400,76415.40000000001
2023-11-01,1628165.5978507083,5085.19785070834,1545864.0,53400,77216.4
2023-11-02,1612465.3978507083,5085.19785070834,1529256.0,53400,78124.2
2023-11-03,1638360.5978507083,5085.19785070834,1553923.0,53400,79352.4
2023-11-06,1685856.7367149885,709297.1367149884,896780.0,53400,79779.6
2023-11-07,1677337.9367149884,709297.1367149884,888368.0,53400,79672.8
2023-11-08,1676904.9367149884,709297.1367149884,887668.0,53400,79939.8
2023-11-09,1674946.1367149884,709297.1367149884,885282.0,53400,80367.0
2023-11-10,1662724.6370065885,511708.43700658844,1071290.0,53400,79726.20000000001
2023-11-13,1661960.6370065885,511708.43700658844,1069458.0,53400,80794.2
2023-11-14,1664257.0397469886,5064.639746988483,1267852.0,257800,391340.4
2023-11-15,1680324.8397469884,5064.639746988483,1278506.0,257800,396754.19999999995
2023-11-16,1673008.4397469885,5064.639746988483,1270674.0,257800,397269.8
2023-11-17,1666104.6397469884,5064.639746988483,1264028.0,257800,397012.0
2023-11-20,1662223.8397469884,5064.639746988483,1264272.0,257800,392887.2
2023-11-21,1668982.6397469884,5064.639746988483,1269484.0,257800,394434.0
2023-11-22,1654401.0397469886,5064.639746988483,1255418.0,257800,393918.4
2023-11-23,1655251.5941929384,5020.694192938488,1439750.0,137300,210480.9
2023-11-24,1614474.1941929385,5020.694192938488,1398698.0,137300,210755.5
2023-11-27,1576667.1165748884,5008.716574888486,1552330.0,12600,19328.4
2023-11-28,1580170.7165748884,5008.716574888486,1555821.0,12600,19341.0
2023-11-29,1541875.9165748884,5008.716574888486,1517564.0,12600,19303.2
2023-11-30,1534644.3165748885,5008.716574888486,1510345.0,12600,19290.6
2023-12-01,1522335.1165748884,5008.716574888486,1497935.0,12600,19391.399999999998
2023-12-04,1512059.9165748884,5008.716574888486,1487559.0,12600,19492.2
2023-12-05,1495539.1165748884,5008.716574888486,1471202.0,12600,19328.4
2023-12-06,1513356.3814128884,721.3814128884878,1512635.0,0,0.0
2023-12-07,1504108.3814128884,721.3814128884878,1503387.0,0,0.0
2023-12-08,1500112.3814128884,721.3814128884878,1499391.0,0,0.0
2023-12-11,1505242.3814128884,721.3814128884878,1504521.0,0,0.0
2023-12-12,1498348.3814128884,721.3814128884878,1497627.0,0,0.0
2023-12-13,1461863.3814128884,721.3814128884878,1461142.0,0,0.0
2023-12-14,1452763.3814128884,721.3814128884878,1452042.0,0,0.0
2023-12-15,1463655.3814128884,721.3814128884878,1462934.0,0,0.0
2023-12-18,1448833.3814128884,721.3814128884878,1448112.0,0,0.0
2023-12-19,1448279.3814128884,721.3814128884878,1447558.0,0,0.0
2023-12-20,1428521.3814128884,721.3814128884878,1427800.0,0,0.0
2023-12-21,1454713.3814128884,721.3814128884878,1453992.0,0,0.0
2023-12-22,1467806.3814128884,721.3814128884878,1467085.0,0,0.0
2023-12-25,1468587.3814128884,721.3814128884878,1467866.0,0,0.0
2023-12-26,1465726.3814128884,721.3814128884878,1465005.0,0,0.0
2023-12-27,1462988.3814128884,721.3814128884878,1462267.0,0,0.0
2023-12-28,1512662.3814128884,721.3814128884878,1511941.0,0,0.0
2023-12-29,1514408.0080331233,5027.508033123449,1167140.0,213500,342240.5
2024-01-02,1486068.0080331233,5027.508033123449,1137946.0,213500,343094.5
2024-01-03,1485043.0080331233,5027.508033123449,1139483.0,213500,340532.5
2024-01-04,1471668.1222492235,5064.722249223516,1325818.0,88600,140785.4
2024-01-05,1466911.9222492236,5064.722249223516,1321682.0,88600,140165.2
2024-01-08,1441909.6545329236,2358.6545329235087,1439551.0,0,0.0
2024-01-09,1455932.6545329236,2358.6545329235087,1453574.0,0,0.0
2024-01-10,1434265.6545329236,2358.6545329235087,1431907.0,0,0.0
2024-01-11,1477056.6545329236,2358.6545329235087,1474698.0,0,0.0
2024-01-12,1464484.6545329236,2358.6545329235087,1462126.0,0,0.0
2024-01-15,1458431.6545329236,2358.6545329235087,1456073.0,0,0.0
2024-01-16,1466883.6545329236,2358.6545329235087,1464525.0,0,0.0
2024-01-17,1420734.6545329236,2358.6545329235087,1418376.0,0,0.0
2024-01-18,1451494.6545329236,2358.6545329235087,1449136.0,0,0.0
2024-01-19,1443679.6545329236,2358.6545329235087,1441321.0,0,0.0
2024-01-22,1422156.6545329236,2358.6545329235087,1419798.0,0,0.0
2024-01-23,1461792.6545329236,2358.6545329235087,1459434.0,0,0.0
2024-01-24,1475394.6545329236,2358.6545329235087,1473036.0,0,0.0
2024-01-25,1486181.6176618235,5003.217661823495,1085670.0,237400,395508.39999999997
2024-01-26,1461420.8176618237,5003.217661823495,1063758.0,237400,392659.6
2024-01-29,1422561.6176618235,5003.217661823495,1023237.0,237400,394321.4
2024-01-30,1406266.2235635135,4896.723563513544,1202171.0,118500,199198.5
2024-01-31,1369782.7235635135,4896.723563513544,1166517.0,118500,198369.0
2024-02-01,1396190.9187385286,1982.9187385285622,1394208.0,0,0.0
2024-02-02,1357646.9187385286,1982.9187385285622,1355664.0,0,0.0
2024-02-05,1344016.0199197286,96.0199197285624,1343920.0,0,0.0
2024-02-06,1417589.0199197286,96.0199197285624,1417493.0,0,0.0
2024-02-07,1441911.0199197286,96.0199197285624,1441815.0,0,0.0
2024-02-08,1468813.8667088486,351987.86670884857,1116826.0,0,0.0
2024-02-19,1477061.6157009737,5023.115700973605,1125507.0,199500,346531.5
2024-02-20,1454129.6157009737,5023.115700973605,1103772.0,199500,345334.5
2024-02-21,1475384.6157009737,5023.115700973605,1127820.0,199500,342541.5
2024-02-22,1484599.6157009737,5023.115700973605,1132247.0,199500,347329.5
2024-02-23,1493656.1157009737,5023.115700973605,1136316.0,199500,352317.0
2024-02-26,1500349.6157009737,5023.115700973605,1145204.0,199500,350122.5
2024-02-27,1538072.6157009737,5023.115700973605,1181730.0,199500,351319.5
2024-02-28,1512517.6157009737,5023.115700973605,1151786.0,199500,355708.5
2024-02-29,1535389.1157009737,5023.115700973605,1176852.0,199500,353514.0
2024-03-01,1548314.6157009737,5023.115700973605,1187982.0,199500,355309.5
2024-03-04,1538138.1157009737,5023.115700973605,1175212.0,199500,357903.0
2024-03-05,1532832.6157009737,5023.115700973605,1170904.0,199500,356905.5
2024-03-06,1542796.6157009737,5023.115700973605,1182464.0,199500,355309.5
2024-03-07,1518246.1157009737,5023.115700973605,1158911.0,199500,354312.0
2024-03-08,1534733.1157009737,5023.115700973605,1170610.0,199500,359100.0
2024-03-11,1587860.1157009737,5023.115700973605,1224934.0,199500,357903.0
2024-03-12,1597967.4429778936,1241261.4429778936,0.0,199500,356706.0
2024-03-13,1596969.9429778936,1241261.4429778936,0.0,199500,355708.5
2024-03-14,1597169.4429778936,1241261.4429778936,0.0,199500,355908.0
2024-03-15,1595373.9429778936,1241261.4429778936,0.0,199500,354112.5
2024-03-18,1596570.9429778936,1241261.4429778936,0.0,199500,355309.5
2024-03-19,1595174.4429778936,1241261.4429778936,0.0,199500,353913.0
2024-03-20,1598366.4429778936,1241261.4429778936,0.0,199500,357105.0
2024-03-21,1605548.4429778936,1241261.4429778936,0.0,199500,364287.0
2024-03-22,1607742.9429778936,1241261.4429778936,0.0,199500,366481.5
2024-03-25,1605050.1531445936,1042806.6531445936,198156.0,199500,364087.5
2024-03-26,1608700.6531445936,1042806.6531445936,200410.0,199500,365484.0
2024-03-27,1609869.6531445936,1042806.6531445936,199185.0,199500,367878.0
2024-03-28,1621197.2898929936,843896.2898929936,404635.0,199500,372666.0
2024-03-29,1613889.5143697937,205005.71436979366,400519.0,543300,1008364.8
2024-04-01,1617222.3056907137,6297.605690713681,606363.0,543300,1004561.7
2024-04-02,1596020.2056907138,6297.605690713681,588964.0,543300,1000758.6000000001
2024-04-03,1570343.7002923337,5010.700292333694,778760.0,436500,786573.0
2024-04-08,1559924.2002923337,5010.700292333694,766158.0,436500,788755.5
2024-04-09,1522610.2002923337,5010.700292333694,726225.0,436500,791374.5
2024-04-10,1482506.7002923337,5010.700292333694,687431.0,436500,790065.0
2024-04-11,1457828.6360707337,5086.036070733699,869497.0,326200,583245.6
2024-04-12,1453002.4360707337,5086.036070733699,860104.0,326200,587812.4
2024-04-15,1428752.4988601736,5077.598860173703,1039795.0,215300,383879.89999999997
2024-04-16,1398264.8988601738,5077.598860173703,1018350.0,215300,374837.30000000005
2024-04-17,1455688.7988601737,5077.598860173703,1077281.0,215300,373330.2
2024-04-18,1408996.5988601737,5077.598860173703,1031450.0,215300,372469.0
2024-04-19,1349498.2988601737,5077.598860173703,976473.0,215300,367947.7
2024-04-22,1307011.3988601738,5077.598860173703,932479.0,215300,369454.8
2024-04-23,1303900.9988601739,5077.598860173703,926785.0,215300,372038.4
2024-04-24,1363839.3988601738,5077.598860173703,978542.0,215300,380219.8
2024-04-25,1378683.2988601737,5077.598860173703,999199.0,215300,374406.7
2024-04-26,1434950.3988601738,5077.598860173703,1053959.0,215300,375913.8
2024-04-29,1436570.9549722937,432261.7549722937,626673.0,215300,377636.2
2024-04-30,1415205.7150556438,5061.7150556437555,604980.0,458000,805164.0
2024-05-06,1409426.7150556438,5061.7150556437555,598743.0,458000,805622.0
2024-05-07,1407926.936507444,4723.036507443787,788895.0,345700,614308.9
2024-05-08,1397237.8365074438,4723.036507443787,775786.0,345700,616728.8
2024-05-09,1406253.3365074438,4723.036507443787,786530.0,345700,615000.2999999999
2024-05-10,1386299.3365074438,4723.036507443787,759662.0,345700,621914.2999999999
2024-05-13,1368289.936507444,4723.036507443787,738887.0,345700,624679.9
2024-05-14,1410003.936507444,4723.036507443787,780601.0,345700,624679.9
2024-05-15,1440246.2365074437,4723.036507443787,804275.0,345700,631248.2000000001
2024-05-16,1431096.0365074438,4723.036507443787,786828.0,345700,639545.0
2024-05-17,1427299.8365074438,4723.036507443787,785106.0,345700,637470.8
2024-05-20,1467801.8365074438,4723.036507443787,829065.0,345700,634013.8
2024-05-21,1477082.1214326588,5010.121432658867,377678.0,596400,1094394.0
2024-05-22,1484220.7214326588,5010.121432658867,379449.0,596400,1099761.6
2024-05-23,1481063.7214326588,5010.121432658867,373310.0,596400,1102743.6
2024-05-24,1454114.841432659,8659.641432658867,361200.0,596400,1084255.2
2024-05-27,1470747.7403922388,4830.340392238868,567991.0,489600,897926.4
2024-05-28,1456211.140392239,4830.340392238868,551496.0,489600,899884.8
2024-05-29,1442944.5947218938,4005.694721893873,741907.0,381100,697031.9
2024-05-30,1431600.294721894,4005.694721893873,739328.0,381100,688266.6
2024-05-31,1440504.3947218938,4005.694721893873,747851.0,381100,688647.7
2024-06-03,1449366.1947218939,4005.694721893873,746042.0,381100,699318.5
2024-06-04,1450973.494721894,4005.694721893873,746506.0,381100,700461.8
2024-06-05,1440993.3947218938,4005.694721893873,733096.0,381100,703891.7
2024-06-06,1452942.394721894,5301.094721893873,733841.0,381100,713800.3
2024-06-07,1438843.225195394,4646.425195393851,916835.0,274900,517361.8
2024-06-11,1451986.5251953937,4646.425195393851,928054.0,274900,519286.1
2024-06-12,1459557.225195394,4646.425195393851,934800.0,274900,520110.8
2024-06-13,1469869.5251953937,4646.425195393851,940439.0,274900,524784.1
2024-06-14,1489591.1251953938,4646.425195393851,961810.0,274900,523134.7
2024-06-17,1492598.1251953938,4646.425195393851,967566.0,274900,520385.7
2024-06-18,1516869.225195394,4646.425195393851,989363.0,274900,522859.8
2024-06-19,1519569.0251953937,4646.425195393851,991513.0,274900,523409.6
2024-06-20,1497357.325195394,4646.425195393851,964628.0,274900,528082.9
2024-06-21,1502198.433795394,5011.433795393851,970837.0,275000,526350.0
2024-06-24,1462637.433795394,5011.433795393851,932376.0,275000,525250.0
2024-06-25,1440763.433795394,5011.433795393851,911327.0,275000,524425.0
2024-06-26,1495267.433795394,5011.433795393851,958681.0,275000,531575.0
2024-06-27,1479711.433795394,5011.433795393851,939000.0,275000,535700.0
2024-06-28,1497003.433795394,5011.433795393851,949967.0,275000,542025.0
2024-07-01,1504432.433795394,5011.433795393851,958496.0,275000,540925.0
2024-07-02,1497821.433795394,5011.433795393851,950785.0,275000,542025.0
2024-07-03,1508091.433795394,5011.433795393851,953355.0,275000,549725.0
2024-07-04,1481766.433795394,5011.433795393851,933080.0,275000,543675.0
2024-07-05,1499215.433795394,5011.433795393851,946129.0,275000,548075.0
2024-07-08,1488408.433795394,5011.433795393851,933672.0,275000,549725.0
2024-07-09,1518361.787820194,213623.78782019386,755838.0,275000,548900.0
2024-07-10,1525956.8495249138,618731.8495249138,361350.0,275000,545875.0
2024-07-11,1540991.8495249138,618731.8495249138,371160.0,275000,551100.0
2024-07-12,1524845.2984853638,205057.09848536388,363780.0,484300,956008.2
2024-07-15,1548283.7921667239,5024.5921667239045,562024.0,484800,981235.2
2024-07-16,1568254.992166724,5024.5921667239045,580056.0,484800,983174.4
2024-07-17,1580587.0548328739,5052.454832874006,195508.0,672200,1380026.5999999999
2024-07-18,1563997.8548328741,5052.454832874006,196396.0,672200,1362549.4000000001
2024-07-19,1530636.8175427741,3782.0175427740323,392492.0,573200,1134362.8
2024-07-22,1518565.217542774,3782.0175427740323,393604.0,573200,1121179.2
2024-07-23,1530637.6175427742,3782.0175427740323,390200.0,573200,1136655.6
2024-07-24,1520704.287907324,4500.887907324039,587701.0,471800,928502.4
2024-07-25,1469185.6879073242,4500.887907324039,563075.0,471800,901609.8
2024-07-26,1483133.6108292742,4529.410829274071,974501.0,261600,504103.2
2024-07-29,1509911.6108292742,4529.410829274071,989507.0,261600,515875.2
2024-07-30,1484177.6108292742,4529.410829274071,966389.0,261600,513259.2
2024-07-31,1517332.210829274,4529.410829274071,1003206.0,261600,509596.8
2024-08-01,1528641.6108292742,4529.410829274071,1008237.0,261600,515875.2
2024-08-02,1468594.6108292742,4529.410829274071,963886.0,261600,500179.19999999995
2024-08-05,1389232.410829274,4529.410829274071,917747.0,261600,466956.0
2024-08-06,1392224.8108292741,4529.410829274071,915769.0,261600,471926.4
2024-08-07,1392855.010829274,4529.410829274071,914568.0,261600,473757.6
2024-08-08,1377660.8108292741,4529.410829274071,902513.0,261600,470618.39999999997
2024-08-09,1392874.800596574,3873.3005965740886,1106228.0,154100,282773.5
2024-08-12,1396583.300596574,3873.3005965740886,1106084.0,154100,286626.0
2024-08-13,1411246.000596574,3873.3005965740886,1116586.0,154100,290786.7
2024-08-14,1416337.500596574,3873.3005965740886,1116284.0,154100,296180.2
2024-08-15,1427033.072196574,5135.87219657409,1115282.0,157400,306615.2
2024-08-16,1450995.872196574,5135.87219657409,1134995.0,157400,310865.0
2024-08-19,1450792.672196574,5135.87219657409,1139986.0,157400,305670.8
2024-08-20,1439247.2721965741,5135.87219657409,1124663.0,157400,309448.4
2024-08-21,1447523.672196574,5135.87219657409,1132782.0,157400,309605.8
2024-08-22,1443634.2721965741,5135.87219657409,1128263.0,157400,310235.4
2024-08-23,1434795.4721965739,5135.87219657409,1120526.0,157400,309133.6
2024-08-26,1438786.072196574,5135.87219657409,1122313.0,157400,311337.2
2024-08-27,1427618.072196574,5135.87219657409,1111145.0,157400,311337.2
2024-08-28,1422867.672196574,5135.87219657409,1103404.0,157400,314327.8
2024-08-29,1405772.4721965739,5135.87219657409,1089929.0,157400,310707.6
2024-08-30,1440291.072196574,5135.87219657409,1123818.0,157400,311337.2
2024-09-02,1413873.472196574,5135.87219657409,1094095.0,157400,314642.60000000003
2024-09-03,1403786.072196574,5135.87219657409,1084165.0,157400,314485.2
2024-09-04,1360394.472196574,5135.87219657409,1053208.0,157400,302050.60000000003
2024-09-05,1355622.7038433242,1442.7038433241396,1354180.0,0,0.0
2024-09-06,1340708.4948613541,239.49486135413963,1340469.0,0,0.0
2024-09-09,1320711.4948613541,239.49486135413963,1320472.0,0,0.0
2024-09-10,1328316.4948613541,239.49486135413963,1328077.0,0,0.0
2024-09-11,1325968.4948613541,239.49486135413963,1325729.0,0,0.0
2024-09-12,1334392.4948613541,239.49486135413963,1334153.0,0,0.0
2024-09-13,1364406.4948613541,239.49486135413963,1364167.0,0,0.0
2024-09-18,1374226.4948613541,239.49486135413963,1373987.0,0,0.0
2024-09-19,1399688.4948613541,239.49486135413963,1399449.0,0,0.0
2024-09-20,1423785.6389149942,205119.63891499417,1024030.0,98800,194636.0
2024-09-23,1421403.0028774543,5176.402877454189,1218037.0,100400,198189.6
2024-09-24,1494918.917619694,558125.9176196941,740009.0,100400,196784.0
2024-09-25,1518308.055404734,1105615.055404734,217415.0,100400,195278.0
2024-09-26,1521205.255404734,1105615.055404734,220011.0,100400,195579.19999999998
2024-09-27,1524783.6554047342,1105615.055404734,226501.0,100400,192667.6
2024-09-30,1543621.255404734,1105615.055404734,246443.00000000003,100400,191563.19999999998
2024-10-08,1551142.255404734,1105615.055404734,255469.99999999997,100400,190057.2
2024-10-09,1535770.055404734,1105615.055404734,236885.0,100400,193270.0
2024-10-10,1550564.455404734,1105615.055404734,248567.00000000003,100400,196382.4
2024-10-11,1541933.8554047341,1105615.055404734,238831.99999999997,100400,197486.80000000002
2024-10-14,1545222.255404734,1105615.055404734,240012.0,100400,199595.2
2024-10-15,1543770.8554047341,1105615.055404734,232637.0,100400,205518.80000000002
2024-10-16,1541402.6554047342,1105615.055404734,232578.0,100400,203209.6
2024-10-17,1537375.055404734,1105615.055404734,226442.00000000003,100400,205318.0
2024-10-18,1540110.8554047341,1105615.055404734,230985.0,100400,203510.80000000002
2024-10-21,1538735.255404734,1105615.055404734,230513.0,100400,202607.19999999998
2024-10-22,1537176.455404734,1105615.055404734,230159.0,100400,201402.39999999997
2024-10-23,1537889.6554047342,1105615.055404734,231575.0,100400,200699.6
2024-10-24,1530832.4554047342,1105615.055404734,225321.0,100400,199896.40000000002
2024-10-25,1531009.4554047342,1105615.055404734,225498.0,100400,199896.40000000002
2024-10-28,1536008.8554047341,1105615.055404734,228389.0,100400,202004.8
2024-10-29,1533005.055404734,1105615.055404734,226088.0,100400,201302.0
2024-10-30,1536458.055404734,1105615.055404734,228035.0,100400,202808.0
2024-10-31,1522838.455404734,1105615.055404734,216825.0,100400,200398.4
2024-11-01,1520918.455404734,1105615.055404734,217415.0,100400,197888.4
2024-11-04,1520292.255404734,1105615.055404734,217592.00000000003,100400,197085.2
2024-11-05,1526463.455404734,1105615.055404734,223964.0,100400,196884.4
2024-11-06,1531402.6554047342,1105615.055404734,222076.0,100400,203711.6
2024-11-07,1535664.055404734,1105615.055404734,224731.00000000003,100400,205318.0
2024-11-08,1534049.255404734,1105615.055404734,221309.0,100400,207125.2
2024-11-11,1537485.6554047342,1105615.055404734,222135.0,100400,209735.6
2024-11-12,1534467.255404734,1105615.055404734,216706.99999999997,100400,212145.2
2024-11-13,1544873.055404734,1105615.055404734,228919.99999999997,100400,210338.00000000003
2024-11-14,1541211.8554047341,1105615.055404734,222548.0,100400,213048.8
2024-11-15,1532901.255404734,1105615.055404734,217651.0,100400,209635.2
2024-11-18,1533244.8554047341,1105615.055404734,216589.0,100400,211040.8
2024-11-19,1530991.455404734,1105615.055404734,213934.0,100400,211442.4
2024-11-20,1531534.8554047341,1105615.055404734,213875.0,100400,212044.80000000002
2024-11-21,1531504.8554047341,1105615.055404734,214347.0,100400,211542.80000000002
2024-11-22,1526769.255404734,1105615.055404734,207503.0,100400,213651.2
2024-11-25,1530806.7152517743,908470.9152517741,403765.0,100400,218570.80000000002
2024-11-26,1532358.3152517742,908470.9152517741,404915.0,100400,218972.4
2024-11-27,1539962.9152517742,908470.9152517741,412620.00000000006,100400,218872.00000000003
2024-11-28,1527596.8541138542,711230.6541138542,597695.0000000001,100400,218671.19999999998
2024-11-29,1536610.4541138543,711230.6541138542,606307.0,100400,219072.8
2024-12-02,1554882.2541138544,711230.6541138542,622872.0,100400,220779.59999999998
2024-12-03,1545082.4541138543,711230.6541138542,611265.0,100400,222586.80000000002
2024-12-04,1543594.4541138543,711230.6541138542,609777.0,100400,222586.80000000002
2024-12-05,1542776.8541138542,711230.6541138542,607353.0,100400,224193.2
2024-12-06,1542619.8541138542,711230.6541138542,607698.0,100400,223691.2
2024-12-09,1543949.4541138543,711230.6541138542,609128.0,100400,223590.8
2024-12-10,1550549.4541138543,711230.6541138542,617736.0,100400,221582.8
2024-12-11,1568789.4541138543,711230.6541138542,633968.0,100400,223590.8
2024-12-12,1568196.6377858543,5036.837785854121,633755.0,416400,929404.8
2024-12-13,1557710.437785854,5036.837785854121,618272.0,416400,934401.6000000001
2024-12-16,1562288.437785854,5036.837785854121,610358.0,416400,946893.6
2024-12-17,1567691.437785854,5036.837785854121,624088.9999999999,416400,938565.6
2024-12-18,1569263.1875454541,424507.5875454541,216600.0,416400,928155.6000000001
2024-12-19,1537903.671073104,5094.471073104127,215745.0,610600,1317064.2
2024-12-20,1525975.8710731042,5094.471073104127,211755.0,610600,1309126.4000000001
2024-12-23,1558956.871073104,5094.471073104127,214206.0,610600,1339656.4
2024-12-24,1560228.071073104,5094.471073104127,220361.99999999997,610600,1334771.5999999999
2024-12-25,1565519.671073104,5094.471073104127,218936.99999999997,610600,1341488.2
2024-12-26,1570543.471073104,5094.471073104127,222129.0,610600,1343320.0
2024-12-27,1567841.071073104,5094.471073104127,224922.0,610600,1337824.5999999999
2024-12-30,1549001.471073104,5094.471073104127,221958.0,610600,1321949.0
2024-12-31,1538961.671073104,5094.471073104127,213750.0,610600,1320117.2
2025-01-02,1530607.223945464,6529.423945464077,391974.0,518600,1132103.7999999998
2025-01-03,1510193.040686229,4877.040686229069,576339.0,428100,928977.0
2025-01-06,1521328.3707000292,5166.270700029127,770834.0,337100,745328.1
2025-01-07,1533628.318113469,4522.8181134691695,986338.0,247500,542767.5
2025-01-08,1520696.818113469,4522.8181134691695,974149.0,247500,542025.0
2025-01-09,1516148.818113469,4522.8181134691695,970591.0,247500,541035.0
2025-01-10,1493145.318113469,4522.8181134691695,950805.0,247500,537817.5
2025-01-13,1484585.318113469,4522.8181134691695,950660.0,247500,529402.5
2025-01-14,1555853.818113469,4522.8181134691695,1016236.0,247500,535095.0
2025-01-15,1543793.818113469,4522.8181134691695,1005166.0,247500,534105.0
2025-01-16,1551322.318113469,4522.8181134691695,1004032.0,247500,542767.5
2025-01-17,1554130.318113469,4522.8181134691695,1007335.0,247500,542272.5
2025-01-20,1565179.318113469,4522.8181134691695,1015909.0,247500,544747.5
2025-01-21,1574563.818113469,4522.8181134691695,1025541.0,247500,544500.0
2025-01-22,1579944.961904339,5124.3619043391955,791423.0,353200,783397.6
2025-01-23,1579503.3619043392,5124.3619043391955,795573.0,353200,778806.0
2025-01-24,1590116.1619043392,5124.3619043391955,803007.0,353200,781984.8
2025-01-27,1555431.5619043391,5124.3619043391955,774680.0,353200,775627.2000000001
2025-02-05,1555157.7619043393,5124.3619043391955,775819.0,353200,774214.4
2025-02-06,1575289.0567740793,5187.856774079228,985653.0,265900,584448.2
2025-02-07,1608850.5378882394,821215.7378882393,204782.0,265900,582852.8
2025-02-10,1612917.0378882391,821215.7378882393,210178.0,265900,581523.2999999999
2025-02-11,1613525.4378882393,821215.7378882393,211850.0,265900,580459.7
2025-02-12,1611139.0465907394,5006.546590739512,212610.0,640700,1393522.5
2025-02-13,1602034.9465907398,5006.546590739512,205428.0,640700,1391600.4000000001
2025-02-14,1601364.6465907395,5006.546590739512,204117.0,640700,1392241.1
2025-02-17,1614889.5465907394,5006.546590739512,219564.0,640700,1390319.0
2025-02-18,1620757.0465907394,5006.546590739512,215821.0,640700,1399929.5
2025-02-19,1616225.7465907396,5006.546590739512,217056.0,640700,1394163.2000000002
2025-02-20,1615324.3465907397,5006.546590739512,217436.0,640700,1392881.8
2025-02-21,1610661.3465907397,5006.546590739512,225587.0,640700,1380067.8
2025-02-24,1584044.0465907394,5006.546590739512,217550.0,640700,1361487.5
2025-02-25,1558197.3465907392,5006.546590739512,211565.0,640700,1341625.7999999998
2025-02-26,1557928.2465907396,5006.546590739512,213218.0,640700,1339703.7000000002
2025-02-27,1545767.3465907397,5006.546590739512,205542.0,640700,1335218.8
2025-02-28,1498561.9465907393,5006.546590739512,191653.0,640700,1301902.4
2025-03-03,1515701.5945849395,11379.594584939536,378863.0,543700,1125459.0
2025-03-04,1502557.0407663397,5093.540766339564,584529.0,449500,912934.5000000001
2025-03-05,1503590.5407663395,5093.540766339564,588709.0,449500,909788.0
2025-03-06,1514834.0407663395,5093.540766339564,599503.0,449500,910237.5
2025-03-07,1489634.0407663395,5093.540766339564,585091.0,449500,899449.5
2025-03-10,1491621.0407663395,5093.540766339564,587977.0,449500,898550.5
2025-03-11,1466981.0407663395,5093.540766339564,585812.0,449500,876075.5
2025-03-12,1471718.5407663395,5093.540766339564,595494.0,449500,871131.0
2025-03-13,1457753.5407663395,5093.540766339564,584226.0,449500,868434.0
2025-03-14,1464999.5407663395,5093.540766339564,592371.0,449500,867535.0
2025-03-17,1466688.0407663395,5093.540766339564,594509.0,449500,867085.5
2025-03-18,1500598.5407663395,5093.540766339564,619879.0,449500,875626.0
2025-03-19,1471879.0407663395,5093.540766339564,597902.0,449500,868883.5
2025-03-20,1491033.0407663395,5093.540766339564,595480.0,449500,890459.5
2025-03-21,1469857.0407663395,5093.540766339564,577900.0,449500,886863.5
2025-03-24,1489811.0407663395,5093.540766339564,586167.0,449500,898550.5
2025-03-25,1491470.0407663395,5093.540766339564,579735.0,449500,906641.5
2025-03-26,1485430.0407663395,5093.540766339564,576392.0,449500,903944.5
2025-03-27,1465295.0407663395,5093.540766339564,568843.0,449500,891358.5
2025-03-28,1453621.0407663395,5093.540766339564,566159.0,449500,882368.5
2025-03-31,1437245.9751840895,5036.075184089577,769146.0,347700,663063.9
2025-04-01,1446889.9751840895,5036.075184089577,768359.0,347700,673494.9
2025-04-02,1459374.9751840895,5036.075184089577,780844.0,347700,673494.9
2025-04-03,1407494.9751840895,5036.075184089577,742872.0,347700,659586.9
2025-04-07,1199428.0254430645,5014.425443064579,793610.0,234800,400803.60000000003
2025-04-08,1185103.2254430645,5014.425443064579,763084.0,234800,417004.8
2025-04-09,1182983.5381333646,201.538133364651,1182782.0,0,0.0
2025-04-10,1268209.5381333646,201.538133364651,1268008.0,0,0.0
2025-04-11,1283566.5381333646,201.538133364651,1283365.0,0,0.0
2025-04-14,1321145.5381333646,201.538133364651,1320944.0,0,0.0
2025-04-15,1304377.5381333646,201.538133364651,1304176.0,0,0.0
2025-04-16,1266019.1281333647,3453.128133364651,1262566.0,0,0.0
2025-04-17,1262852.1281333647,3453.128133364651,1259399.0,0,0.0
2025-04-18,1296360.1281333647,3453.128133364651,1292907.0,0,0.0
2025-04-21,1331633.1281333647,3453.128133364651,1328180.0,0,0.0
2025-04-22,1317236.1281333647,3453.128133364651,1313783.0,0,0.0
2025-04-23,1400274.1281333647,3453.128133364651,1396821.0,0,0.0
2025-04-24,1372534.1281333647,3453.128133364651,1369081.0,0,0.0
2025-04-25,1432252.1281333647,3453.128133364651,1428799.0,0,0.0
2025-04-28,1394373.1281333647,3453.128133364651,1390920.0,0,0.0
2025-04-29,1387901.1281333647,3453.128133364651,1384448.0,0,0.0
2025-04-30,1391629.1281333647,3453.128133364651,1388176.0,0,0.0
2025-05-06,1444039.1281333647,3453.128133364651,1440586.0,0,0.0
2025-05-07,1449605.9972384847,5004.597238484683,1250095.0,101200,194506.4
2025-05-08,1521578.8739139647,1325250.8739139647,0.0,101200,196328.0
2025-05-09,1521781.2739139646,1325250.8739139647,0.0,101200,196530.4
2025-05-12,1524623.4843457649,1127431.8843457648,198535.99999999997,101200,198655.6
2025-05-13,1524200.2843457647,1127431.8843457648,196696.0,101200,200072.40000000002
2025-05-14,1529085.4843457649,1127431.8843457648,197938.0,101200,203715.59999999998
2025-05-15,1523896.6843457648,1127431.8843457648,194166.0,101200,202298.80000000002
2025-05-16,1526854.3383380845,933619.9383380847,389620.0,101200,203614.4
2025-05-19,1527673.1383380846,933619.9383380847,391046.0,101200,203007.19999999998
2025-05-20,1529733.9383380846,933619.9383380847,391184.0,101200,204930.0
2025-05-21,1523753.9383380846,933619.9383380847,386721.99999999994,101200,203411.99999999997
2025-05-22,1520432.7383380847,933619.9383380847,385526.0,101200,201286.80000000002
2025-05-23,1515943.1383380846,933619.9383380847,381340.0,101200,200983.2
2025-05-26,1521601.1383380846,933619.9383380847,386492.0,101200,201489.2
2025-05-27,1516606.5229113847,205003.32291138475,381800.0,465600,929803.2000000001
2025-05-28,1516800.7124165848,5082.912416584773,560243.0,472900,951474.8
2025-05-29,1533709.7124165848,5082.912416584773,567694.0,472900,960932.8
2025-05-30,1511486.5124165849,5082.912416584773,558712.0,472900,947691.6
2025-06-03,1513731.9124165848,5082.912416584773,558120.0,472900,950528.9999999999
2025-06-04,1529475.0124165849,5082.912416584773,564878.0,472900,959514.1
2025-06-05,1536857.4124165848,5082.912416584773,574152.0,472900,957622.5
2025-06-06,1534208.5124165849,5082.912416584773,571976.0,472900,957149.6
2025-06-09,1539796.4124165848,5082.912416584773,572362.0,472900,962351.5000000001
2025-06-10,1527146.3124165847,5082.912416584773,559239.0,472900,962824.4
2025-06-11,1534082.3124165847,5082.912416584773,561446.0,472900,967553.3999999999
2025-06-12,1529680.9124165848,5082.912416584773,559882.0,472900,964716.0
2025-06-13,1524063.612416585,5082.912416584773,562304.0,472900,956676.7000000001
2025-06-16,1530463.1489241845,5020.148924184774,703110.0,403500,822332.9999999999
2025-06-17,1521083.1489241845,5020.148924184774,693730.0,403500,822332.9999999999
2025-06-18,1521061.6489241847,5020.148924184774,694919.0,403500,821122.5
2025-06-19,1514921.6489241847,5020.148924184774,692814.0,403500,817087.5
2025-06-20,1511859.6489241847,5020.148924184774,688945.0,403500,817894.5
2025-06-23,1525187.1386838648,395699.6386838648,312400.0,403500,817087.5
2025-06-24,1552720.3570220398,5064.557022039837,325895.0,592800,1221760.8
2025-06-25,1556115.5570220398,5064.557022039837,326919.0,592800,1224132.0
2025-06-26,1566482.01865603,5018.6186560298665,142000.0,685400,1419463.4000000001
2025-06-27,1578499.01865603,5018.6186560298665,140309.0,685400,1433171.4000000001
2025-06-30,1586681.4186560297,5018.6186560298665,140952.0,685400,1440710.7999999998
2025-07-01,1582127.01865603,5018.6186560298665,140510.0,685400,1436598.4000000001
2025-07-02,1592172.61865603,5018.6186560298665,140960.0,685400,1446194.0
2025-07-03,1595514.2186560298,5018.6186560298665,141560.0,685400,1448935.5999999999
2025-07-04,1603715.61865603,5018.6186560298665,142222.0,685400,1456475.0
2025-07-07,1599822.0186560298,5018.6186560298665,141070.0,685400,1453733.4
2025-07-08,1600363.0186560298,5018.6186560298665,141611.0,685400,1453733.4
2025-07-09,1595156.8186560299,5018.6186560298665,141888.0,685400,1448250.2
2025-07-10,1601074.9491727748,5022.449172774883,0.0,752500,1596052.5
2025-07-11,1603332.4491727748,5022.449172774883,0.0,752500,1598310.0
2025-07-14,1590539.949172775,5022.449172774883,0.0,752500,1585517.5000000002
2025-07-15,1608599.9491727746,5022.449172774883,0.0,752500,1603577.4999999998
2025-07-16,1596559.949172775,5022.449172774883,0.0,752500,1591537.5000000002
2025-07-17,1608599.9491727746,5022.449172774883,0.0,752500,1603577.4999999998
2025-07-18,1617629.9491727746,5022.449172774883,0.0,752500,1612607.4999999998
2025-07-21,1615372.4491727748,5022.449172774883,0.0,752500,1610350.0
2025-07-22,1612362.4491727748,5022.449172774883,0.0,752500,1607340.0
2025-07-23,1618382.4491727748,5022.449172774883,0.0,752500,1613360.0
2025-07-24,1625154.9491727748,5022.449172774883,0.0,752500,1620132.5
2025-07-25,1633432.4491727748,5022.449172774883,0.0,752500,1628410.0
2025-07-28,1649234.9491727748,5022.449172774883,0.0,752500,1644212.5
2025-07-29,1648482.449172775,5022.449172774883,0.0,752500,1643460.0000000002
2025-07-30,1645472.449172775,5022.449172774883,0.0,752500,1640450.0000000002
2025-07-31,1662027.4491727748,5022.449172774883,0.0,752500,1657005.0
2025-08-01,1639452.4491727748,5022.449172774883,0.0,752500,1634430.0
2025-08-04,1621392.4491727748,5022.449172774883,0.0,752500,1616370.0
2025-08-05,1650739.9491727746,5022.449172774883,0.0,752500,1645717.4999999998
2025-08-06,1640957.4491727748,5022.449172774883,0.0,752500,1635935.0
2025-08-07,1640957.4491727748,5022.449172774883,0.0,752500,1635935.0
2025-08-08,1640957.4491727748,5022.449172774883,0.0,752500,1635935.0
2025-08-11,1654502.449172775,5022.449172774883,0.0,752500,1649480.0000000002
2025-08-12,1650739.9491727746,5022.449172774883,0.0,752500,1645717.4999999998
2025-08-13,1663532.449172775,5022.449172774883,0.0,752500,1658510.0000000002
2025-08-14,1662779.9491727748,5022.449172774883,0.0,752500,1657757.5
2025-08-15,1673314.9491727748,5022.449172774883,0.0,752500,1668292.5
2025-08-18,1662779.9491727748,5022.449172774883,0.0,752500,1657757.5
2025-08-19,1658264.9491727748,5022.449172774883,0.0,752500,1653242.5
2025-08-20,1649234.9491727748,5022.449172774883,0.0,752500,1644212.5
2025-08-21,1647729.9491727746,5022.449172774883,0.0,752500,1642707.4999999998
2025-08-22,1637947.4491727748,5022.449172774883,0.0,752500,1632925.0
2025-08-25,1660522.449172775,5022.449172774883,0.0,752500,1655500.0000000002
2025-08-26,1653749.9491727746,5022.449172774883,0.0,752500,1648727.4999999998
2025-08-27,1665037.4491727748,5022.449172774883,0.0,752500,1660015.0
2025-08-28,1656007.4491727748,5022.449172774883,0.0,752500,1650985.0
2025-08-29,1656759.9491727746,5022.449172774883,0.0,752500,1651737.4999999998
2025-09-01,1649234.9491727748,5022.449172774883,0.0,752500,1644212.5
2025-09-02,1650739.9491727746,5022.449172774883,0.0,752500,1645717.4999999998
2025-09-03,1643214.9491727748,5022.449172774883,0.0,752500,1638192.5
2025-09-04,1652244.9491727748,5022.449172774883,0.0,752500,1647222.5
2025-09-05,1663532.449172775,5022.449172774883,0.0,752500,1658510.0000000002
2025-09-08,1656759.9491727746,5022.449172774883,0.0,752500,1651737.4999999998
2025-09-09,1659017.4491727748,5022.449172774883,0.0,752500,1653995.0
2025-09-10,1665789.9491727748,5022.449172774883,0.0,752500,1660767.5
2025-09-11,1668047.4491727748,5022.449172774883,0.0,752500,1663025.0
2025-09-12,1677077.4491727748,5022.449172774883,0.0,752500,1672055.0
2025-09-15,1682344.9491727748,5022.449172774883,0.0,752500,1677322.5
2025-09-16,1689117.4491727748,5022.449172774883,0.0,752500,1684095.0
2025-09-17,1683097.4491727748,5022.449172774883,0.0,752500,1678075.0
2025-09-18,1691374.9491727748,5022.449172774883,0.0,752500,1686352.5
2025-09-19,1699652.4491727746,5022.449172774883,0.0,752500,1694629.9999999998
2025-09-22,1712444.9491727748,5022.449172774883,0.0,752500,1707422.5
2025-09-23,1726742.4491727746,5022.449172774883,0.0,752500,1721719.9999999998
2025-09-24,1720722.4491727746,5022.449172774883,0.0,752500,1715699.9999999998
2025-09-25,1713197.4491727748,5022.449172774883,0.0,752500,1708175.0
2025-09-26,1709434.9491727748,5022.449172774883,0.0,752500,1704412.5
2025-09-29,1721474.9491727748,5022.449172774883,0.0,752500,1716452.5
2025-09-30,1723732.4491727746,5022.449172774883,0.0,752500,1718709.9999999998
2025-10-09,1752327.4491727748,5022.449172774883,0.0,752500,1747305.0
2025-10-10,1757594.949172775,5022.449172774883,0.0,752500,1752572.5000000002
2025-10-13,1731257.4491727748,5022.449172774883,0.0,752500,1726235.0
2025-10-14,1707929.9491727748,5022.449172774883,0.0,752500,1702907.5
2025-10-15,1730594.7078234248,5026.20782342492,177060.0,676500,1548508.5
2025-10-16,1734313.7078234248,5026.20782342492,183485.0,676500,1545802.5
2025-10-17,1722745.7078234248,5026.20782342492,186800.0,676500,1530919.5
2025-10-20,1776682.707823425,5026.20782342492,201500.0,676500,1570156.5000000002
2025-10-21,1799315.2078234248,5026.20782342492,220750.0,676500,1573539.0
2025-10-22,1815598.2078234248,5026.20782342492,222150.0,676500,1588422.0
2025-10-23,1816594.2078234248,5026.20782342492,220440.0,676500,1591128.0
2025-10-24,1838728.247584225,242188.24758422494,0.0,676500,1596540.0
2025-10-27,1875935.747584225,242188.24758422494,0.0,676500,1633747.5
2025-10-28,1879698.721140775,5118.421140774997,0.0,774300,1874580.2999999998
2025-10-29,1916090.821140775,5118.421140774997,0.0,774300,1910972.4
2025-10-30,1919962.321140775,5118.421140774997,0.0,774300,1914843.9
2025-10-31,1905250.6211407753,5118.421140774997,0.0,774300,1900132.2000000002
2025-11-03,1924608.1211407753,5118.421140774997,0.0,774300,1919489.7000000002
2025-11-04,1875052.921140775,5118.421140774997,0.0,774300,1869934.5
2025-11-05,1854146.821140775,5118.421140774997,0.0,774300,1849028.4
2025-11-06,1854921.121140775,5118.421140774997,0.0,774300,1849802.7
2025-11-07,1851049.621140775,5118.421140774997,0.0,774300,1845931.2
2025-11-10,1882021.621140775,5118.421140774997,0.0,774300,1876903.2
2025-11-11,1886667.4211407753,5118.421140774997,0.0,774300,1881549.0000000002
2025-11-12,1912219.3211407752,5118.421140774997,0.0,774300,1907100.9000000001
2025-11-13,1931576.821140775,5118.421140774997,0.0,774300,1926458.4
2025-11-14,1900604.821140775,5118.421140774997,0.0,774300,1895486.4
2025-11-17,1905250.6211407753,5118.421140774997,0.0,774300,1900132.2000000002
2025-11-18,1862664.121140775,5118.421140774997,0.0,774300,1857545.7
2025-11-19,1831692.121140775,5118.421140774997,0.0,774300,1826573.7
2025-11-20,1873504.321140775,5118.421140774997,0.0,774300,1868385.9
2025-11-21,1828594.921140775,5118.421140774997,0.0,774300,1823476.5
2025-11-24,1852918.307021025,16631.307021025015,185275.0,690800,1651012.0
2025-11-25,1874493.621388515,5232.221388515027,585285.0,534100,1283976.4
2025-11-26,1906568.921388515,5232.221388515027,594394.0,534100,1306942.7
2025-11-27,1903433.521388515,5232.221388515027,598736.0,534100,1299465.2999999998
2025-11-28,1926255.5213885151,5232.221388515027,605535.0,534100,1315488.3
2025-12-01,1926353.221388515,5232.221388515027,607235.0,534100,1313886.0
2025-12-02,1925369.221388515,5232.221388515027,606251.0,534100,1313886.0
2025-12-03,1925383.121388515,5232.221388515027,601458.0,534100,1318692.9
2025-12-04,1923633.321388515,5232.221388515027,603981.0,534100,1314420.0999999999
2025-12-05,1919720.3213885152,5232.221388515027,605409.0,534100,1309079.1
2025-12-08,1936624.621388515,5232.221388515027,626052.0,534100,1305340.4
2025-12-09,1935764.221388515,5232.221388515027,638010.0,534100,1292522.0
2025-12-10,1938452.5213885151,5232.221388515027,628414.0,534100,1304806.3
2025-12-11,1924575.421388515,5232.221388515027,620412.0,534100,1298931.2
2025-12-12,1929694.521388515,5232.221388515027,614315.0,534100,1310147.2999999998
2025-12-15,1910574.921388515,5232.221388515027,598400.0,534100,1306942.7
2025-12-16,1891284.221388515,5232.221388515027,593530.0,534100,1292522.0
2025-12-17,1920592.721388515,5232.221388515027,614827.0,534100,1300533.5
2025-12-18,1897155.8213885152,5232.221388515027,596197.0,534100,1295726.6
2025-12-19,1917155.3213885152,5232.221388515027,602844.0,534100,1309079.1
2025-12-22,1928564.9595946348,5053.359594635054,398090.0,621100,1525421.5999999999
2025-12-23,1933945.059594635,5053.359594635054,409060.0,621100,1519831.7
2025-12-24,1945643.8595946352,5053.359594635054,415790.0,621100,1524800.5
2025-12-25,1953881.847011635,240713.04701163506,186505.0,621100,1526663.8
2025-12-26,1956160.998693735,5147.298693735094,187215.0,716700,1763798.7
2025-12-29,1943567.1986937353,5147.298693735094,184655.0,716700,1753764.9000000001
2025-12-30,1937778.5986937352,5147.298693735094,184600.0,716700,1748031.3
2025-12-31,1931791.698693735,5147.298693735094,183630.0,716700,1743014.4
2026-01-05,1962712.8986937352,5147.298693735094,188750.0,716700,1768815.6
2026-01-06,1960241.1986937353,5147.298693735094,186995.0,716700,1768098.9000000001
2026-01-07,1957317.7986937352,5147.298693735094,185505.0,716700,1766665.5
2026-01-08,1951400.8986937352,5147.298693735094,184605.0,716700,1761648.6
2026-01-09,1955059.1482171852,5052.148217185106,384955.0,636200,1565052.0
2026-01-12,1949219.7482171853,5052.148217185106,380388.0,636200,1563779.6
2026-01-13,1944409.0687964351,10783.068796435138,567588.0,555300,1366038.0
2026-01-14,1929251.6671183351,5186.267118335201,931741.0,404700,992324.4
2026-01-15,1961491.7671183352,5186.267118335201,966814.0,404700,989491.4999999999
2026-01-16,1963669.36894926,5076.86894926021,1145251.0,331300,813341.5
2026-01-19,1955312.16894926,5076.86894926021,1141532.0,331300,808703.2999999999
2026-01-20,1940144.20832746,5091.408327460256,1304192.0,259400,630860.7999999999
2026-01-21,1942507.2083274603,5091.408327460256,1307852.0,259400,629563.8
2026-01-22,1945558.0083274604,5091.408327460256,1302602.0,259400,637864.6
2026-01-23,1921581.0083274604,5091.408327460256,1285110.0,259400,631379.6000000001
2026-01-26,1898627.20832746,5091.408327460256,1267863.0,259400,625672.7999999999
2026-01-27,1899081.0083274604,5091.408327460256,1265204.0,259400,628785.6
2026-01-28,1896332.6083274602,5091.408327460256,1260121.0,259400,631120.2
2026-01-29,1888024.4083274603,5091.408327460256,1253888.0,259400,629045.0
2026-01-30,1918168.4429138554,5203.64291385531,1478335.0,178200,434629.8
2026-02-02,1926781.0309335552,5010.230933555344,1272380.0,274700,649390.7999999999
2026-02-03,1930302.7309335554,5010.230933555344,1272880.0,274700,652412.5
2026-02-04,1952994.9456204304,5159.945620430357,1407760.0,227400,540075.0
2026-02-05,1944056.1456204304,5159.945620430357,1400413.0,227400,538483.2
2026-02-06,1934795.1788555807,205052.17885558063,770268.0,412500,959475.0
2026-02-09,1975565.2497336806,5045.149733680657,956077.0,425700,1014443.1
2026-02-10,1979653.9497336806,5045.149733680657,955483.0,425700,1019125.8
2026-02-11,1962599.6497336808,5045.149733680657,938003.0,425700,1019551.5
2026-02-12,1958968.8349856806,5070.134985680657,935468.0,426300,1018430.7
2026-02-13,1962752.7349856808,5070.134985680657,942236.0,426300,1015446.6000000001
2026-02-24,1959235.6349856807,5070.134985680657,937440.0,426300,1016725.4999999999
2026-02-25,1974247.7349856808,5070.134985680657,953731.0,426300,1015446.6000000001
2026-02-26,1989555.3349856806,5070.134985680657,968186.0,426300,1016299.2
2026-02-27,1970868.2349856808,5070.134985680657,948220.0,426300,1017578.1
2026-03-02,1960049.5349856806,5070.134985680657,949764.0,426300,1005215.4
2026-03-03,1922989.0252962806,5218.125296280716,1106600.0,342700,811170.9
2026-03-04,1885766.7252962808,5218.125296280716,1079316.0,342700,801232.6
2026-03-05,1918599.0427747807,5180.542774780743,1303100.0,258500,610318.5
2026-03-06,1915435.5427747807,5180.542774780743,1302780.0,258500,607475.0
2026-03-09,1873974.5427747807,5180.542774780743,1275795.0,258500,592999.0
2026-03-10,1944382.0427747807,5180.542774780743,1341808.0,258500,597393.5
2026-03-11,1952559.0427747807,5180.542774780743,1349468.0,258500,597910.5
2026-03-12,1938863.5427747807,5180.542774780743,1334480.0,258500,599203.0
2026-03-13,1925073.5427747807,5180.542774780743,1328962.0,258500,590931.0
2026-03-16,1926598.0427747807,5180.542774780743,1332296.0,258500,589121.5
2026-03-17,1930970.0427747807,5180.542774780743,1335634.0,258500,590155.5
2026-03-18,1930427.3583599008,179485.3583599007,1160528.0,258500,590414.0
2026-03-19,1893208.8583599008,179485.3583599007,1129772.0,258500,583951.5
2026-03-20,1886825.7160533508,566.9160533507529,1327054.0,249200,559204.8
2026-03-23,1808913.7160533508,566.9160533507529,1272816.0,249200,535530.8
2026-03-24,1851554.5687667758,5138.56876677577,1703628.0,65200,142788.0
2026-03-25,1959150.1687667759,5138.56876677577,1809724.0,65200,144287.6
2026-03-26,1924550.3687667758,5138.56876677577,1774733.0,65200,144678.8
2026-03-27,1936352.3687667758,5138.56876677577,1787187.0,65200,144026.80000000002
2026-03-30,1896409.7687667757,5138.56876677577,1749722.0,65200,141549.19999999998
2026-03-31,1894223.3687667758,5138.56876677577,1747992.0,65200,141092.80000000002
2026-04-01,1966171.1687667759,5138.56876677577,1815115.0,65200,145917.6
2026-04-02,1920453.7687667757,5138.56876677577,1771484.0,65200,143831.2
2026-04-03,1907584.7687667757,5138.56876677577,1758615.0,65200,143831.2
2026-04-07,1930847.9687667757,5138.56876677577,1781813.0,65200,143896.4
2026-04-08,2049156.0984541357,1467098.0984541357,432749.99999999994,65200,149308.0
2026-04-09,2039178.0984541357,1467098.0984541357,423750.0,65200,148330.0
2026-04-10,2038541.8984541357,1467098.0984541357,421875.0,65200,149568.8
2026-04-13,2036569.2984541357,1467098.0984541357,420749.99999999994,65200,148721.2
2026-04-14,2052905.6984541358,1467098.0984541357,434999.99999999994,65200,150807.6
2026-04-15,2065559.3380791359,1913186.9380791357,0.0,65200,152372.40000000002
2026-04-16,2067384.9380791357,1913186.9380791357,0.0,65200,154198.0
2026-04-17,2067124.1380791357,1913186.9380791357,0.0,65200,153937.2
2026-04-20,2067058.9380791357,1913186.9380791357,0.0,65200,153872.0
2026-04-21,2067710.9380791357,1913186.9380791357,0.0,65200,154524.0
2026-04-22,2067906.5380791358,1913186.9380791357,0.0,65200,154719.6
2026-04-23,2067645.7380791358,1913186.9380791357,0.0,65200,154458.80000000002
2026-04-24,2067450.1380791357,1913186.9380791357,0.0,65200,154263.2
2026-04-27,2068623.7380791358,1913186.9380791357,0.0,65200,155436.8
2026-04-28,2070123.3380791356,1913186.9380791357,0.0,65200,156936.4
2026-04-29,2070384.1380791357,1913186.9380791357,0.0,65200,157197.2
2026-04-30,2070905.7380791358,1913186.9380791357,0.0,65200,157718.8
2026-05-06,2073187.7380791358,1913186.9380791357,0.0,65200,160000.80000000002
2026-05-07,2075013.3380791359,1913186.9380791357,0.0,65200,161826.40000000002
2026-05-08,2075078.5380791358,1913186.9380791357,0.0,65200,161891.6
2026-05-11,2075665.3380791356,1913186.9380791357,0.0,65200,162478.4
2026-05-12,2074687.3380791356,1913186.9380791357,0.0,65200,161500.4
2026-05-13,2075404.5380791358,1913186.9380791357,0.0,65200,162217.6
2026-05-14,2075469.7380791358,1913186.9380791357,0.0,65200,162282.8
2026-05-15,2074882.9380791357,1913186.9380791357,0.0,65200,161696.0
2026-05-18,2072274.9380791357,1913186.9380791357,0.0,65200,159088.0
2026-05-19,2072274.9380791357,1913186.9380791357,0.0,65200,159088.0
2026-05-20,2071753.3380791356,1913186.9380791357,0.0,65200,158566.4
2026-05-21,2073057.3380791356,1913186.9380791357,0.0,65200,159870.4
2026-05-22,2075208.9380791357,1913186.9380791357,0.0,65200,162022.0
2026-05-25,2079186.1380791357,1913186.9380791357,0.0,65200,165999.19999999998
2026-05-26,2078077.7380791358,1913186.9380791357,0.0,65200,164890.8
2026-05-27,2078860.1380791357,1913186.9380791357,0.0,65200,165673.19999999998
2026-05-28,2077751.7380791358,1913186.9380791357,0.0,65200,164564.8
2026-05-29,2079903.3380791356,1913186.9380791357,0.0,65200,166716.4
2026-06-01,2084336.9380791357,1913186.9380791357,0.0,65200,171150.0
2026-06-02,2083424.1380791357,1913186.9380791357,0.0,65200,170237.2
2026-06-03,2082837.3380791356,1913186.9380791357,0.0,65200,169650.4
2026-06-04,2080490.1380791357,1913186.9380791357,0.0,65200,167303.19999999998
2026-06-05,2080620.5380791358,1913186.9380791357,0.0,65200,167433.6
2026-06-08,2077164.9380791357,1913186.9380791357,0.0,65200,163978.0
2026-06-09,2079577.3380791356,1913186.9380791357,0.0,65200,166390.4
2026-06-10,2077164.9380791357,1913186.9380791357,0.0,65200,163978.0
2026-06-11,2076056.5380791358,1913186.9380791357,0.0,65200,162869.6
2026-06-12,2077164.9380791357,1913186.9380791357,0.0,65200,163978.0
2026-06-15,2081011.7380791358,1913186.9380791357,0.0,65200,167824.8
2026-06-16,2081794.1380791357,1913186.9380791357,0.0,65200,168607.19999999998
2026-06-17,2081272.5380791356,1913186.9380791357,0.0,65200,168085.59999999998
2026-06-18,2080359.7380791358,1913186.9380791357,0.0,65200,167172.80000000002
2026-06-22,2080424.9380791357,1913186.9380791357,0.0,65200,167238.0
2026-06-23,2076512.9380791357,1913186.9380791357,0.0,65200,163326.0
2026-06-24,2077686.5380791358,1913186.9380791357,0.0,65200,164499.6
2026-06-25,2077360.5380791356,1913186.9380791357,0.0,65200,164173.59999999998
2026-06-26,2075013.3380791359,1913186.9380791357,0.0,65200,161826.40000000002
2026-06-29,2074752.5380791358,1913186.9380791357,0.0,65200,161565.6
2026-06-30,2075078.5380791358,1913186.9380791357,0.0,65200,161891.6
2026-07-01,2075600.1380791357,1913186.9380791357,0.0,65200,162413.2
2026-07-02,2064535.9960663358,1723668.3960663357,178976.0,65200,161891.6
2026-07-03,2063487.9960663358,1723668.3960663357,176624.0,65200,163195.6
2026-07-06,2069869.4069263358,1534430.2069263358,371722.0,65200,163717.2
2026-07-07,2060314.5855355358,1339604.9855355357,555884.0,65200,164825.6
2026-07-08,2040829.5855355358,1339604.9855355357,538029.0,65200,163195.6
2026-07-09,2051803.6677185358,1143908.6677185358,743917.0,65200,163978.0
2026-07-10,2014952.0677185357,1143908.6677185358,706283.0,65200,164760.40000000002
2026-07-13,1957591.0677185357,1143908.6677185358,649248.0,65200,164434.4
2026-07-14,1980581.6677185358,1143908.6677185358,671065.0,65200,165608.0
2026-07-15,1968076.4677185358,1143908.6677185358,656995.0,65200,167172.80000000002
2026-07-16,1930068.2209185357,963681.8209185358,798366.0,65200,168020.4
2026-07-17,1853534.420918536,963681.8209185358,726657.0,65200,163195.6
2026-07-20,1823937.7605065359,777247.1605065358,883821.0,65200,162869.6
2026-07-21,1883843.3605065357,777247.1605065358,941901.0,65200,164695.19999999998
2026-07-22,1846977.4663112608,5001.766311260755,906195.0,370900,935780.7000000001
2026-07-23,1875493.3663112607,5001.766311260755,934340.0,370900,936151.6
2026-07-24,1822353.1663112608,5001.766311260755,887876.0,370900,929475.3999999999
2026-07-27,1856787.7663112609,5001.766311260755,917118.0,370900,934668.0
2026-07-28,1764163.3663112607,5001.766311260755,837846.0,370900,921315.6
2026-07-29,1759570.6663112608,5001.766311260755,823239.0,370900,931329.9
2026-07-30,1737573.8663112607,5001.766311260755,813111.0,370900,919461.1
2026-07-31,1757677.8663112607,5001.766311260755,822088.0,370900,930588.1
2026-08-03,1741553.4663112606,5001.766311260755,797062.0,370900,939489.7
2026-08-04,1795136.5663112607,5001.766311260755,832471.0,370900,957663.7999999999
2026-08-05,1873017.8663112607,5001.766311260755,878084.0,370900,989932.1
2026-08-06,1884494.7663112609,5001.766311260755,881772.0,370900,997721.0
2026-08-07,1939681.2663112606,5001.766311260755,935104.0,370900,999575.4999999999
2026-08-10,1935483.1663112608,5001.766311260755,930535.0,370900,999946.4
2026-08-11,1950285.1723304607,5105.172330460802,591254.0,498500,1353926.0
2026-08-12,1953042.1723304607,5105.172330460802,602984.0,498500,1344953.0
2026-08-13,1936851.6723304607,5105.172330460802,580313.0,498500,1351433.5
2026-08-14,2006842.1723304607,5105.172330460802,616904.0,498500,1384833.0
2026-08-17,2021085.1723304607,5105.172330460802,646102.0,498500,1369878.0
2026-08-18,1995175.545405021,5126.3454050208675,329134.0,617900,1660915.2000000002
2026-08-19,1938828.145405021,5126.3454050208675,301210.0,617900,1632491.8
2026-08-20,1963079.8454050208,5126.3454050208675,305071.0,617900,1652882.5
2026-08-21,1960737.450731361,4528.250731360924,506382.0,542600,1449827.2000000002
2026-08-24,1939338.450731361,4528.250731360924,484983.0,542600,1449827.2000000002
2026-08-25,1953653.459273041,1953653.459273041,0.0,0,0.0
