date,equity,cash,stock_val,etf_sh,etf_val
2020-01-02,1000000.0,1000000.0,0.0,0,0.0
2020-01-03,1000000.0,1000000.0,0.0,0,0.0
2020-01-06,1000000.0,1000000.0,0.0,0,0.0
2020-01-07,1000000.0,1000000.0,0.0,0,0.0
2020-01-08,1000000.0,1000000.0,0.0,0,0.0
2020-01-09,1000000.0,1000000.0,0.0,0,0.0
2020-01-10,1000000.0,1000000.0,0.0,0,0.0
2020-01-13,1000000.0,1000000.0,0.0,0,0.0
2020-01-14,1000000.0,1000000.0,0.0,0,0.0
2020-01-15,1000000.0,1000000.0,0.0,0,0.0
2020-01-16,1000000.0,1000000.0,0.0,0,0.0
2020-01-17,1000000.0,1000000.0,0.0,0,0.0
2020-01-20,1000000.0,1000000.0,0.0,0,0.0
2020-01-21,1000000.0,1000000.0,0.0,0,0.0
2020-01-22,1000000.0,1000000.0,0.0,0,0.0
2020-01-23,1000000.0,1000000.0,0.0,0,0.0
2020-02-03,1000000.0,1000000.0,0.0,0,0.0
2020-02-04,1000000.0,1000000.0,0.0,0,0.0
2020-02-05,1000000.0,1000000.0,0.0,0,0.0
2020-02-06,1000000.0,1000000.0,0.0,0,0.0
2020-02-07,1000000.0,1000000.0,0.0,0,0.0
2020-02-10,1000000.0,1000000.0,0.0,0,0.0
2020-02-11,1000000.0,1000000.0,0.0,0,0.0
2020-02-12,1000000.0,1000000.0,0.0,0,0.0
2020-02-13,1000000.0,1000000.0,0.0,0,0.0
2020-02-14,1000000.0,1000000.0,0.0,0,0.0
2020-02-17,1000000.0,1000000.0,0.0,0,0.0
2020-02-18,1000000.0,1000000.0,0.0,0,0.0
2020-02-19,1000000.0,1000000.0,0.0,0,0.0
2020-02-20,1000000.0,1000000.0,0.0,0,0.0
2020-02-21,1000000.0,1000000.0,0.0,0,0.0
2020-02-24,1000000.0,1000000.0,0.0,0,0.0
2020-02-25,1000000.0,1000000.0,0.0,0,0.0
2020-02-26,1000000.0,1000000.0,0.0,0,0.0
2020-02-27,1000000.0,1000000.0,0.0,0,0.0
2020-02-28,1000000.0,1000000.0,0.0,0,0.0
2020-03-02,1004324.3473688001,609388.3473688001,394936.0,0,0.0
2020-03-03,1012205.3473688001,609388.3473688001,402817.0,0,0.0
2020-03-04,1012018.3473688001,609388.3473688001,402630.0,0,0.0
2020-03-05,1018821.3473688001,609388.3473688001,409433.0,0,0.0
2020-03-06,1012591.3473688001,609388.3473688001,403203.0,0,0.0
2020-03-09,991568.3473688001,609388.3473688001,382180.0,0,0.0
2020-03-10,1013532.6106947601,422098.6106947601,591434.0,0,0.0
2020-03-11,1011657.6106947601,422098.6106947601,589559.0,0,0.0
2020-03-12,989483.6106947601,422098.6106947601,567385.0,0,0.0
2020-03-13,985169.9883532801,5121.188353280188,758372.0,121600,221676.8
2020-03-16,929215.5883532802,5121.188353280188,707768.0,121600,216326.4
2020-03-17,925192.8634811102,161.8634811101649,925031.0,0,0.0
2020-03-18,905423.8634811102,161.8634811101649,905262.0,0,0.0
2020-03-19,882234.8634811102,161.8634811101649,882073.0,0,0.0
2020-03-20,894101.8634811102,161.8634811101649,893940.0,0,0.0
2020-03-23,851187.8634811102,161.8634811101649,851026.0,0,0.0
2020-03-24,880761.8634811102,161.8634811101649,880600.0,0,0.0
2020-03-25,920141.8634811102,161.8634811101649,919980.0,0,0.0
2020-03-26,914737.8634811102,161.8634811101649,914576.0,0,0.0
2020-03-27,908264.8634811102,161.8634811101649,908103.0,0,0.0
2020-03-30,905504.8634811102,161.8634811101649,905343.0,0,0.0
2020-03-31,908887.8634811102,161.8634811101649,908726.0,0,0.0
2020-04-01,910129.8634811102,161.8634811101649,909968.0,0,0.0
2020-04-02,922524.8634811102,161.8634811101649,922363.0,0,0.0
2020-04-03,908301.8634811102,161.8634811101649,908140.0,0,0.0
2020-04-07,928206.8634811102,161.8634811101649,928045.0,0,0.0
2020-04-08,918524.8634811102,161.8634811101649,918363.0,0,0.0
2020-04-09,912123.8634811102,161.8634811101649,911962.0,0,0.0
2020-04-10,917502.8634811102,161.8634811101649,917341.0,0,0.0
2020-04-13,899380.8634811102,161.8634811101649,899219.0,0,0.0
2020-04-14,940851.8634811102,161.8634811101649,940690.0,0,0.0
2020-04-15,950176.7768949703,949024.7768949703,1152.0,0,0.0
2020-04-16,950167.7768949703,949024.7768949703,1143.0,0,0.0
2020-04-17,950191.7768949703,949024.7768949703,1167.0,0,0.0
2020-04-20,950179.7768949703,949024.7768949703,1155.0,0,0.0
2020-04-21,950164.7768949703,949024.7768949703,1140.0,0,0.0
2020-04-22,950167.7768949703,949024.7768949703,1143.0,0,0.0
2020-04-23,950155.7768949703,949024.7768949703,1131.0,0,0.0
2020-04-24,950134.7768949703,949024.7768949703,1110.0,0,0.0
2020-04-27,950125.7768949703,949024.7768949703,1101.0,0,0.0
2020-04-28,950086.7768949703,949024.7768949703,1062.0,0,0.0
2020-04-29,953258.0790280304,749054.0790280304,204204.0,0,0.0
2020-04-30,964126.0790280304,749054.0790280304,215072.0,0,0.0
2020-05-06,967558.0790280304,749054.0790280304,218504.0,0,0.0
2020-05-07,964698.0790280304,749054.0790280304,215644.0,0,0.0
2020-05-08,969846.0790280304,749054.0790280304,220792.0,0,0.0
2020-05-11,975625.1553138704,975625.1553138704,0.0,0,0.0
2020-05-12,976278.7032628704,779027.7032628704,197251.0,0,0.0
2020-05-13,975037.7032628704,779027.7032628704,196010.0,0,0.0
2020-05-14,970838.7032628704,779027.7032628704,191811.0,0,0.0
2020-05-15,972827.7032628704,779027.7032628704,193800.0,0,0.0
2020-05-18,981837.7032628704,779027.7032628704,202810.0,0,0.0
2020-05-19,977774.7032628704,779027.7032628704,198747.0,0,0.0
2020-05-20,971637.7032628704,779027.7032628704,192610.0,0,0.0
2020-05-21,973847.7032628704,779027.7032628704,194820.0,0,0.0
2020-05-22,977196.7032628704,779027.7032628704,198169.0,0,0.0
2020-05-25,981812.6648738704,405004.66487387044,203252.0,188000,373556.0
2020-05-26,987238.0015142306,5056.401514230476,599783.0,189400,382398.60000000003
2020-05-27,980025.0015142306,5056.401514230476,592570.0,189400,382398.60000000003
2020-05-28,982111.6015142305,5056.401514230476,590111.0,189400,386944.2
2020-05-29,983741.1464142306,5168.446414230477,590425.0,191300,388147.7
2020-06-01,1006149.3464142305,5168.446414230477,612068.0,191300,388912.89999999997
2020-06-02,1013448.0288619904,215967.2288619905,407994.0,191300,389486.8
2020-06-03,1018313.8288619905,215967.2288619905,407886.0,191300,394460.6
2020-06-04,1017974.2288619904,215967.2288619905,406016.0,191300,395990.99999999994
2020-06-05,1021515.0533424155,5125.6533424155205,406568.0,292200,609821.4
2020-06-08,1038516.0533424155,5125.6533424155205,414803.0,292200,618587.4
2020-06-09,1045529.0533424155,5125.6533424155205,413050.0,292200,627353.3999999999
2020-06-10,1043168.0533424155,5125.6533424155205,412150.0,292200,625892.4
2020-06-11,1020937.4533424156,5125.6533424155205,406867.0,292200,608944.8
2020-06-12,1002451.6533424156,5125.6533424155205,407082.0,292200,590244.0
2020-06-15,978357.8533424155,5125.6533424155205,400228.0,292200,573004.2000000001
2020-06-16,1018098.8166265504,5137.0166265505095,612475.0,194600,400486.8
2020-06-17,1031241.1431803355,5025.843180335505,409376.0,296700,616839.3
2020-06-18,1031483.8854940555,5061.8854940555175,204276.0,399100,822146.0
2020-06-19,1041667.0854940556,5061.8854940555175,209670.0,399100,826935.2000000001
2020-06-22,1037707.7854940556,5061.8854940555175,214890.0,399100,817755.9
2020-06-23,1040316.4854940556,5061.8854940555175,210714.0,399100,824540.6
2020-06-24,1042137.9854940556,5061.8854940555175,210540.0,399100,826536.1000000001
2020-06-29,1010280.4854940553,5061.8854940555175,204624.0,399100,800594.5999999999
2020-06-30,1025950.1854940555,5061.8854940555175,217500.0,399100,803388.2999999999
2020-07-01,1035400.1854940555,5061.8854940555175,214977.0,399100,815361.3
2020-07-02,1045439.7854940556,5061.8854940555175,218631.0,399100,821746.9
2020-07-03,1051533.9854940556,5061.8854940555175,219936.0,399100,826536.1000000001
2020-07-06,1064205.5762258356,5143.376225835556,0.0,507700,1059062.2
2020-07-07,1055066.9762258357,5143.376225835556,0.0,507700,1049923.6
2020-07-08,1050497.6762258357,5143.376225835556,0.0,507700,1045354.3
2020-07-09,1052020.7762258356,5143.376225835556,0.0,507700,1046877.3999999999
2020-07-10,1039328.2762258354,5143.376225835556,0.0,507700,1034184.8999999999
2020-07-13,1065220.9762258357,5143.376225835556,0.0,507700,1060077.6
2020-07-14,1057097.7762258358,5143.376225835556,0.0,507700,1051954.4000000001
2020-07-15,1072836.4762258357,5143.376225835556,0.0,507700,1067693.1
2020-07-16,1068774.8762258356,5143.376225835556,0.0,507700,1063631.5
2020-07-17,1074359.5762258356,5143.376225835556,0.0,507700,1069216.2
2020-07-20,1069790.2762258356,5143.376225835556,0.0,507700,1064646.9
2020-07-21,1087559.7762258358,5143.376225835556,0.0,507700,1082416.4000000001
2020-07-22,1084513.5762258356,5143.376225835556,0.0,507700,1079370.2
2020-07-23,1095682.9762258357,5143.376225835556,0.0,507700,1090539.6
2020-07-24,1074867.2762258358,5143.376225835556,0.0,507700,1069723.9000000001
2020-07-27,1075882.6762258357,5143.376225835556,0.0,507700,1070739.3
2020-07-28,1081975.0762258356,5143.376225835556,0.0,507700,1076831.7
2020-07-29,1079436.5762258356,5143.376225835556,0.0,507700,1074293.2
2020-07-30,1083498.1762258357,5143.376225835556,0.0,507700,1078354.8
2020-07-31,1088575.1762258357,5143.376225835556,0.0,507700,1083431.8
2020-08-03,1089590.5762258356,5143.376225835556,0.0,507700,1084447.2
2020-08-04,1098729.1762258357,5143.376225835556,0.0,507700,1093585.8
2020-08-05,1102283.0762258356,5143.376225835556,0.0,507700,1097139.7
2020-08-06,1109898.5762258358,5143.376225835556,0.0,507700,1104755.2000000002
2020-08-07,1121575.6762258355,5143.376225835556,0.0,507700,1116432.2999999998
2020-08-10,1128683.4762258357,5143.376225835556,0.0,507700,1123540.1
2020-08-11,1124621.8762258356,5143.376225835556,0.0,507700,1119478.5
2020-08-12,1115483.2762258356,5143.376225835556,0.0,507700,1110339.9
2020-08-13,1128175.7762258358,5143.376225835556,0.0,507700,1123032.4000000001
2020-08-14,1128175.7762258358,5143.376225835556,0.0,507700,1123032.4000000001
2020-08-17,1128175.7762258358,5143.376225835556,0.0,507700,1123032.4000000001
2020-08-18,1126652.6762258357,5143.376225835556,0.0,507700,1121509.3
2020-08-19,1133252.7762258356,5143.376225835556,0.0,507700,1128109.4
2020-08-20,1120052.5762258358,5143.376225835556,0.0,507700,1114909.2000000002
2020-08-21,1125129.5762258356,5143.376225835556,0.0,507700,1119986.2
2020-08-24,1135791.2762258356,5143.376225835556,0.0,507700,1130647.9
2020-08-25,1164730.1762258355,5143.376225835556,0.0,507700,1159586.7999999998
2020-08-26,1152037.6762258357,5143.376225835556,0.0,507700,1146894.3
2020-08-27,1167268.6762258357,5143.376225835556,0.0,507700,1162125.3
2020-08-28,1175899.5762258356,5143.376225835556,0.0,507700,1170756.2
2020-08-31,1186053.5762258356,5143.376225835556,0.0,507700,1180910.2
2020-09-01,1170314.8762258356,5143.376225835556,0.0,507700,1165171.5
2020-09-02,1183261.3345966956,5029.934596695588,193050.0,422100,985181.4
2020-09-03,1240077.4345966955,5029.934596695588,194571.0,422100,1040476.4999999999
2020-09-04,1173491.6874505556,4466.487450555578,391439.99999999994,335600,777585.2000000001
2020-09-07,1121982.4874505554,4466.487450555578,375840.0,335600,741676.0
2020-09-08,1121726.7746826857,5762.674682685669,762332.0,157100,353632.1
2020-09-09,1072159.6800796855,6726.880079685623,924296.0,65100,141136.80000000002
2020-09-10,1053456.5322664906,872.5322664906271,1052584.0,0,0.0
2020-09-11,1084394.5322664906,872.5322664906271,1083522.0,0,0.0
2020-09-14,1093914.5322664906,872.5322664906271,1093042.0,0,0.0
2020-09-15,1094292.5322664906,872.5322664906271,1093420.0,0,0.0
2020-09-16,1082018.5322664906,872.5322664906271,1081146.0,0,0.0
2020-09-17,1091130.5322664906,872.5322664906271,1090258.0,0,0.0
2020-09-18,1117764.5322664906,872.5322664906271,1116892.0,0,0.0
2020-09-21,1112678.5322664906,872.5322664906271,1111806.0,0,0.0
2020-09-22,1089216.5322664906,872.5322664906271,1088344.0,0,0.0
2020-09-23,1094270.5322664906,872.5322664906271,1093398.0,0,0.0
2020-09-24,1063730.5322664906,872.5322664906271,1062858.0,0,0.0
2020-09-25,1059144.5322664906,872.5322664906271,1058272.0,0,0.0
2020-09-28,1068444.5322664906,872.5322664906271,1067572.0,0,0.0
2020-09-29,1071948.5322664906,872.5322664906271,1071076.0,0,0.0
2020-09-30,1060434.5322664906,872.5322664906271,1059562.0,0,0.0
2020-10-09,1104288.5322664906,872.5322664906271,1103416.0,0,0.0
2020-10-12,1132023.2806542506,929047.2806542506,202976.0,0,0.0
2020-10-13,1125300.7321770508,731578.7321770507,393722.0,0,0.0
2020-10-14,1116620.7321770508,731578.7321770507,385042.0,0,0.0
2020-10-15,1108544.7321770508,731578.7321770507,376966.0,0,0.0
2020-10-16,1095495.3876970008,205138.3876970007,563056.0,148100,327301.0
2020-10-19,1095471.7740939208,5042.974093920731,758850.0,149900,331578.80000000005
2020-10-20,1086283.374093921,5042.974093920731,755058.0,149900,326182.4
2020-10-21,1059640.388463761,5041.78846376081,920842.0,61300,133756.6
2020-10-22,1055853.2884637609,5041.78846376081,918710.0,61300,132101.5
2020-10-23,1045750.6884637609,5041.78846376081,907504.0,61300,133204.9
2020-10-26,1044590.3418593358,5193.141859335781,1036804.0,1200,2593.2
2020-10-27,1056701.1418593358,5193.141859335781,1048922.0,1200,2585.9999999999995
2020-10-28,1070936.3418593358,5193.141859335781,1063192.0,1200,2551.2
2020-10-29,1056734.741859336,5193.141859335781,1049036.0,1200,2505.6
2020-10-30,1051078.741859336,5193.141859335781,1043428.0,1200,2457.6
2020-11-02,1059042.741859336,5193.141859335781,1051368.0,1200,2481.6
2020-11-03,1069342.3418593358,5193.141859335781,1061622.0,1200,2527.2
2020-11-04,1070527.1418593358,5193.141859335781,1062766.0,1200,2568.0
2020-11-05,1094997.5418593357,5193.141859335781,1087204.0,1200,2600.3999999999996
2020-11-06,1079250.3418593358,5193.141859335781,1071446.0,1200,2611.2000000000003
2020-11-09,1158753.8876454558,412133.8876454557,743968.0,1200,2652.0
2020-11-10,1144721.5860054558,5065.586005455698,730456.0,186000,409200.00000000006
2020-11-11,1109773.5860054558,5065.586005455698,693648.0,186000,411060.0
2020-11-12,1118500.2417586457,5023.841758645707,890748.0,100600,222728.4
2020-11-13,1124999.0417586458,5023.841758645707,897448.0,100600,222527.2
2020-11-16,1119209.0417586458,5023.841758645707,888640.0,100600,225545.2
2020-11-17,1087146.2417586457,5023.841758645707,857382.0,100600,224740.4
2020-11-18,1081116.8517096709,5180.0517096707,1045190.0,13900,30746.800000000003
2020-11-19,1093672.9517096707,5180.0517096707,1057760.0,13900,30732.899999999998
2020-11-20,1087985.8517096709,5180.0517096707,1052198.0,13900,30607.8
2020-11-23,1106560.151709671,5180.0517096707,1070814.0,13900,30566.1
2020-11-24,1096668.8517096709,5180.0517096707,1060464.0,13900,31024.800000000003
2020-11-25,1070243.1517096707,5180.0517096707,1033802.0,13900,31261.100000000002
2020-11-26,1054279.1517096707,5180.0517096707,1017838.0,13900,31261.100000000002
2020-11-27,1073865.7517096708,5180.0517096707,1037508.0,13900,31177.699999999997
2020-11-30,1108098.5168613507,5166.116861350689,922810.0,80700,180122.40000000002
2020-12-01,1126395.3168613508,5166.116861350689,939170.0,80700,182059.19999999998
2020-12-02,1135545.1168613508,5166.116861350689,948804.0,80700,181575.0
2020-12-03,1154737.4168613506,5166.116861350689,967270.0,80700,182301.3
2020-12-04,1180137.2168613507,5166.116861350689,993154.0,80700,181817.1
2020-12-07,1220060.4256882307,1037517.0256882308,0.0,80700,182543.4
2020-12-08,1219656.925688231,1037517.0256882308,0.0,80700,182139.90000000002
2020-12-09,1221270.925688231,1037517.0256882308,0.0,80700,183753.90000000002
2020-12-10,1219417.6578421707,841939.8578421707,194773.0,80700,182704.8
2020-12-11,1222505.3578421706,841939.8578421707,197780.0,80700,182785.5
2020-12-14,1219846.2578421708,841939.8578421707,194556.0,80700,183350.4
2020-12-15,1214828.0575464708,205099.05754647084,390429.0,275000,619299.9999999999
2020-12-16,1227712.0547944708,9653.054794470867,593809.0,275000,624250.0
2020-12-17,1239789.075122261,5124.275122260884,799339.0,191100,435325.8
2020-12-18,1232410.775122261,5124.275122260884,790623.0,191100,436663.5
2020-12-21,1232472.233630381,4538.233630380913,990918.0,104000,237016.0
2020-12-22,1228811.845348131,5032.045348130981,776470.0,198100,447309.8
2020-12-23,1235373.0453481309,5032.045348130981,782635.0,198100,447705.99999999994
2020-12-24,1226577.645348131,5032.045348130981,772651.0,198100,448894.6
2020-12-25,1218177.2453481308,5032.045348130981,763062.0,198100,450083.19999999995
2020-12-28,1218893.345348131,5032.045348130981,761599.0,198100,452262.3
2020-12-29,1228404.445348131,5032.045348130981,766950.0,198100,456422.39999999997
2020-12-30,1256714.945348131,5032.045348130981,798232.0,198100,453450.9
2020-12-31,1270874.2453481308,5032.045348130981,811797.0,198100,454045.19999999995
2021-01-04,1278268.0453481309,5032.045348130981,821568.0,198100,451667.99999999994
2021-01-05,1284408.279447271,410652.7794472709,429021.0,198100,444734.5
2021-01-06,1297688.272061046,5101.472061045875,442015.0,378200,850571.8
2021-01-07,1300911.0720610458,5101.472061045875,432379.0,378200,863430.6
2021-01-08,1331376.0720610458,5101.472061045875,449607.0,378200,876667.6
2021-01-11,1333279.3570480258,460393.75704802584,0.0,378200,872885.6
2021-01-12,1334223.5803554258,5054.780355425959,0.0,574900,1329168.7999999998
2021-01-13,1330774.1803554262,5054.780355425959,0.0,574900,1325719.4000000001
2021-01-14,1339397.6803554262,5054.780355425959,0.0,574900,1334342.9000000001
2021-01-15,1327899.6803554262,5054.780355425959,0.0,574900,1322844.9000000001
2021-01-18,1323875.380355426,5054.780355425959,0.0,574900,1318820.6
2021-01-19,1333648.680355426,5054.780355425959,0.0,574900,1328593.9
2021-01-20,1331349.080355426,5054.780355425959,0.0,574900,1326294.3
2021-01-21,1354345.080355426,5054.780355425959,0.0,574900,1349290.3
2021-01-22,1347446.280355426,5054.780355425959,0.0,574900,1342391.5
2021-01-25,1354919.980355426,5054.780355425959,0.0,574900,1349865.2
2021-01-26,1342847.080355426,5054.780355425959,0.0,574900,1337792.3
2021-01-27,1349170.980355426,5054.780355425959,0.0,574900,1344116.2
2021-01-28,1314102.080355426,5054.780355425959,0.0,574900,1309047.3
2021-01-29,1319209.472725326,7938.272725325951,391572.0,403200,919699.2000000001
2021-02-01,1311441.536450201,26930.436450201,567459.0,316300,717052.1
2021-02-02,1327751.005596501,4973.005596501025,771422.0,239200,551356.0
2021-02-03,1323936.205596501,4973.005596501025,761388.0,239200,557575.2
2021-02-04,1336358.397803876,5104.39780387608,969638.0,155200,361616.0
2021-02-05,1337602.1978038761,5104.39780387608,964829.0,155200,367668.80000000005
2021-02-08,1338214.397803876,5104.39780387608,965286.0,155200,367824.0
2021-02-09,1350186.1632733762,210963.3632733761,769226.0,155200,369996.8
2021-02-10,1367406.7536317261,5139.753631726111,787014.0,241500,575253.0
2021-02-18,1381147.2536317261,5139.753631726111,800030.0,241500,575977.5
2021-02-19,1391898.7536317261,5139.753631726111,812472.0,241500,574287.0
2021-02-22,1376754.7536317261,5139.753631726111,799260.0,241500,572355.0
2021-02-23,1384610.687101836,5122.687101836129,1006213.0,157500,373275.0
2021-02-24,1368892.187101836,5122.687101836129,993487.0,157500,370282.5
2021-02-25,1383428.2572475462,405081.2572475461,365073.0,256600,613274.0
2021-02-26,1356126.329114546,5081.529114546131,746750.0,259800,604294.8
2021-03-01,1389924.9291145462,5081.529114546131,776132.0,259800,608711.4
2021-03-02,1399638.129114546,5081.529114546131,777012.0,259800,617544.6
2021-03-03,1412474.329114546,5081.529114546131,790108.0,259800,617284.7999999999
2021-03-04,1354064.129114546,5081.529114546131,744428.0,259800,604554.6
2021-03-05,1357210.729114546,5081.529114546131,753550.0,259800,598579.2
2021-03-08,1332194.9291145462,5081.529114546131,715804.0,259800,611309.4
2021-03-09,1312578.5291145463,5081.529114546131,690472.0,259800,617025.0
2021-03-10,1311389.1055787262,5091.9055787261605,885327.0,177400,420970.2
2021-03-11,1327626.3055787263,5091.9055787261605,894823.0,177400,427711.4
2021-03-12,1312256.914022461,4392.814022461214,1076940.0,95700,230924.09999999998
2021-03-15,1251984.4140224613,4392.814022461214,1015232.0,95700,232359.6
2021-03-16,1261626.0003479212,4904.300347921235,1222764.0,13900,33957.700000000004
2021-03-17,1272531.0003479212,4904.300347921235,1233808.0,13900,33818.7
2021-03-18,1284846.8003479212,4904.300347921235,1246096.0,13900,33846.5
2021-03-19,1210013.8003479212,4904.300347921235,1171680.0,13900,33429.5
2021-03-22,1200777.8003479212,4904.300347921235,1162444.0,13900,33429.5
2021-03-23,1175792.700347921,4904.300347921235,1137306.0,13900,33582.4
2021-03-24,1130406.3003479212,4904.300347921235,1092142.0,13900,33360.0
2021-03-25,1142852.4003479213,4904.300347921235,1104602.0,13900,33346.1
2021-03-26,1203797.700347921,4904.300347921235,1165172.0,13900,33721.4
2021-03-29,1177683.9003479213,4904.300347921235,1138808.0,13900,33971.6
2021-03-30,1187446.3003479212,4904.300347921235,1148348.0,13900,34194.0
2021-03-31,1179197.5003479212,4904.300347921235,1140266.0,13900,34027.2
2021-04-01,1218393.0003479212,4904.300347921235,1179114.0,13900,34374.7
2021-04-02,1236773.8802917614,359485.5802917613,842580.0,13900,34708.299999999996
2021-04-06,1221310.0580550113,5096.058055011323,827100.0000000001,153800,389113.99999999994
2021-04-07,1206234.8580550114,5096.058055011323,812640.0,153800,388498.8
2021-04-08,1200122.8580550114,5096.058055011323,804990.0,153800,390036.8
2021-04-09,1185201.8580550114,5096.058055011323,789300.0,153800,390805.8
2021-04-12,1177202.4580550112,5096.058055011323,778686.0,153800,393420.39999999997
2021-04-13,1203454.9966586614,5015.596658661333,1003596.0,76200,194843.4
2021-04-14,1214297.6109690613,205184.91096906137,807960.0,78300,201152.69999999998
2021-04-15,1201571.4566952614,10810.256695261429,990000.0,78300,200761.2
2021-04-16,1192922.5164718113,4385.316471811413,1179755.0,3400,8782.2
2021-04-19,1244266.7844158115,647329.7844158115,588165.0,3400,8772.0
2021-04-20,1244108.7836478115,5037.783647811622,587295.0,254600,651776.0
2021-04-21,1243505.5836478118,5037.783647811622,591020.0,254600,647447.8
2021-04-22,1240679.5836478116,5037.783647811622,584375.0,254600,651266.7999999999
2021-04-23,1251393.7836478115,5037.783647811622,600945.0,254600,645411.0
2021-04-26,1258078.7836478115,5037.783647811622,601265.0,254600,651776.0
2021-04-27,1255873.5836478116,5037.783647811622,595750.0,254600,655085.7999999999
2021-04-28,1256235.1836478116,5037.783647811622,597130.0,254600,654067.4
2021-04-29,1257380.7836478115,5037.783647811622,595475.0,254600,656868.0
2021-04-30,1254535.7836478115,5037.783647811622,592629.9999999999,254600,656868.0
2021-05-06,1240085.2180188117,5149.218018811689,770490.0,181000,464445.99999999994
2021-05-07,1228263.2180188117,5149.218018811689,756315.0,181000,466799.00000000006
2021-05-10,1235995.7054653117,5204.705465311696,950060.0,108600,280731.0
2021-05-11,1236025.3054653117,5204.705465311696,954325.0,108600,276495.6
2021-05-12,1254264.8728374117,222547.67283741172,757285.0,108600,274432.2
2021-05-13,1243108.3128374116,205165.31283741174,751255.0,115600,286688.0
2021-05-14,1267330.4648766117,5073.264876611753,970421.0,115900,291836.19999999995
2021-05-17,1304941.4648766117,5073.264876611753,1005714.0,115900,294154.19999999995
2021-05-18,1305262.8016579866,5044.801657986653,610014.0,271200,690204.0
2021-05-19,1329775.6016579866,5044.801657986653,645646.0,271200,679084.8
2021-05-20,1329578.0016579865,5044.801657986653,646262.0,271200,678271.2
2021-05-21,1333002.4016579865,5044.801657986653,641008.0,271200,686949.6
2021-05-24,1340594.2016579867,5044.801657986653,647515.0,271200,688034.4
2021-05-25,1356199.4835054567,5243.983505456636,829276.0,204500,521679.50000000006
2021-05-26,1371038.9888019566,461984.9888019567,389624.0,204500,519430.0
2021-05-27,1367433.3154301066,205176.91543010675,390020.0,306200,772236.3999999999
2021-05-28,1354738.7842662716,5074.684266271761,539600.0,319300,810064.1
2021-05-31,1360118.2842662716,5074.684266271761,546576.0,319300,808467.6
2021-06-01,1384351.1579917718,5132.557991771784,345600.0,407900,1033618.6
2021-06-02,1394519.2579917717,5132.557991771784,356176.0,407900,1033210.7
2021-06-03,1385574.8579917718,5132.557991771784,345600.0,407900,1034842.2999999999
2021-06-04,1383511.2579917717,5132.557991771784,345168.0,407900,1033210.7
2021-06-07,1387732.8579917718,5132.557991771784,339600.0,407900,1043000.2999999999
2021-06-08,1372213.5737614217,4667.873761421797,523480.0,330100,844065.7
2021-06-09,1371247.6737614218,4667.873761421797,522184.0,330100,844395.7999999999
2021-06-10,1380023.9457676718,4356.145767671842,732810.0,252200,642857.7999999999
2021-06-11,1367287.545767672,4356.145767671842,718056.0,252200,644875.4
2021-06-15,1355078.4070312718,5624.60703127188,900208.0,174600,449245.8
2021-06-16,1329405.139450712,4375.7394507119025,1072219.0,98600,252810.4
2021-06-17,1325745.431517432,4430.231517431937,1269785.0,20200,51530.200000000004
2021-06-18,1352745.031517432,5187.431517431937,1295785.0,20200,51772.600000000006
2021-06-21,1332276.231517432,5187.431517431937,1276003.0,20200,51085.799999999996
2021-06-22,1362121.831517432,5187.431517431937,1304879.0,20200,52055.4
2021-06-23,1379352.431517432,5187.431517431937,1321645.0,20200,52520.0
2021-06-24,1361449.631517432,5187.431517431937,1303823.0,20200,52439.200000000004
2021-06-25,1388261.031517432,5187.431517431937,1330493.0,20200,52580.600000000006
2021-06-28,1392898.031517432,5187.431517431937,1335029.0,20200,52681.6
2021-06-29,1355565.231517432,5187.431517431937,1297676.0,20200,52701.8
2021-06-30,1376223.631517432,5187.431517431937,1318193.0,20200,52843.200000000004
2021-07-01,1349193.031517432,5187.431517431937,1291021.0,20200,52984.600000000006
2021-07-02,1332253.431517432,5187.431517431937,1273637.0,20200,53429.0
2021-07-05,1338702.506599597,405047.2065995969,660576.0,102700,273079.3
2021-07-06,1348475.830343357,5087.630343356985,1045553.0,111800,297835.2
2021-07-07,1357788.630343357,5087.630343356985,1055313.0,111800,297388.0
2021-07-08,1360732.2303433572,5087.630343356985,1059151.0,111800,296493.60000000003
2021-07-09,1370644.461769517,4803.661769517028,1269766.0,36200,96074.8
2021-07-12,1380436.061769517,4803.661769517028,1278725.0,36200,96907.40000000001
2021-07-13,1387504.661769517,4803.661769517028,1285866.0,36200,96835.0
2021-07-14,1386912.861769517,4803.661769517028,1285419.0,36200,96690.2
2021-07-15,1387934.461769517,4803.661769517028,1286332.0,36200,96798.8
2021-07-16,1355517.261769517,4803.661769517028,1254132.0,36200,96581.6
2021-07-19,1397967.5308003968,533694.330800397,768488.0,36200,95785.2
2021-07-20,1410795.410302697,5043.410302696982,782338.0,236500,623414.0
2021-07-21,1405684.910302697,5043.410302696982,772734.0,236500,627907.5
2021-07-22,1451399.910302697,5043.410302696982,814665.0,236500,631691.5
2021-07-23,1445553.836592352,4060.8365923520178,1008791.0,162000,432701.99999999994
2021-07-26,1423572.836592352,4060.8365923520178,983246.0,162000,436266.0
2021-07-27,1367525.1189367522,5165.518936752054,1119902.0,89600,242457.6
2021-07-28,1377588.3189367522,5165.518936752054,1130234.0,89600,242188.8
2021-07-29,1389256.718936752,5165.518936752054,1142440.0,89600,241651.2
2021-07-30,1371660.518936752,5165.518936752054,1126367.0,89600,240128.0
2021-08-02,1445681.9189367522,5165.518936752054,1198238.0,89600,242278.40000000002
2021-08-03,1486076.761680752,628155.1616807521,616808.0,89600,241113.59999999998
2021-08-04,1493878.068593252,5027.068593252101,624581.0,320100,864270.0
2021-08-05,1497524.7764494922,5090.176449492166,412410.00000000006,400900,1080024.6
2021-08-06,1505792.3764494923,5090.176449492166,415064.99999999994,400900,1085637.2000000002
2021-08-09,1521106.676449492,5090.176449492166,427573.0,400900,1088443.5
2021-08-10,1522145.9764494922,5090.176449492166,429814.99999999994,400900,1087240.8
2021-08-11,1518321.5764494925,5090.176449492166,424387.00000000006,400900,1088844.4000000001
2021-08-12,1513164.376449492,5090.176449492166,418428.0,400900,1089646.2
2021-08-13,1524451.5764494922,5090.176449492166,422499.0,400900,1096862.4000000001
2021-08-16,1539983.676449492,5090.176449492166,442440.99999999994,400900,1092452.5
2021-08-17,1528001.5646366922,5023.564636692227,818380.0,258000,704598.0
2021-08-18,1547163.5646366922,5023.564636692227,838058.0,258000,704082.0
2021-08-19,1536591.5646366922,5023.564636692227,838838.0,258000,692730.0
2021-08-20,1540367.5646366922,5023.564636692227,838744.0,258000,696600.0
2021-08-23,1558786.5646366922,5023.564636692227,847359.0,258000,706404.0
2021-08-24,1570367.5646366922,5023.564636692227,855070.0,258000,710274.0
2021-08-25,1558380.5646366922,5023.564636692227,845405.0,258000,707952.0
2021-08-26,1548398.5646366922,5023.564636692227,834907.0,258000,708468.0
2021-08-27,1554990.6470304923,5009.847030492208,603020.0,344600,946960.8
2021-08-30,1546794.6470304923,5009.847030492208,591378.0,344600,950406.8
2021-08-31,1549351.1455262671,5063.1455262672125,785348.0,273000,758940.0
2021-09-01,1574649.1455262671,5063.1455262672125,810919.0,273000,758667.0
2021-09-02,1572280.1455262671,5063.1455262672125,813191.0,273000,754026.0
2021-09-03,1580048.1455262671,5063.1455262672125,817956.0,273000,757029.0
2021-09-06,1609581.1455262671,5063.1455262672125,848308.0,273000,756210.0
2021-09-07,1616755.1455262671,5063.1455262672125,855482.0,273000,756210.0
2021-09-08,1606132.1455262671,5063.1455262672125,848408.0,273000,752661.0
2021-09-09,1599125.1455262674,5063.1455262672125,843858.0,273000,750204.0000000001
2021-09-10,1600740.1455262671,5063.1455262672125,845200.0,273000,750477.0
2021-09-13,1582922.1455262671,5063.1455262672125,832842.0,273000,745017.0
2021-09-14,1569832.2342000674,5186.834200067242,609027.0000000001,350300,955618.4
2021-09-15,1546878.1342000673,5186.834200067242,592028.0,350300,949663.2999999999
2021-09-16,1545308.1342000673,5186.834200067242,586955.0,350300,953166.3
2021-09-17,1575545.0878346174,5199.487834617246,809464.0,278100,760881.6000000001
2021-09-22,1532549.4878346173,5199.487834617246,782042.0,278100,745308.0
2021-09-23,1539725.7461982972,5017.046198297294,1173585.0,133700,361123.7
2021-09-24,1555057.6461982974,5017.046198297294,1186644.0,133700,363396.6
2021-09-27,1584967.7068802973,434744.2068802973,784554.0,133700,365669.5
2021-09-28,1588801.9107704472,205178.6107704473,986213.0,146700,397410.3
2021-09-29,1571424.7425110475,5164.942511047355,1173797.0,147100,392462.80000000005
2021-09-30,1597086.2425110475,5164.942511047355,1197252.0,147100,394669.3
2021-10-08,1598540.0425110476,5164.942511047355,1199000.0,147100,394375.10000000003
2021-10-11,1581069.4425110475,5164.942511047355,1183883.0,147100,392021.5
2021-10-12,1564949.7425110475,5164.942511047355,1171735.0,147100,388049.8
2021-10-13,1573812.1425110474,5164.942511047355,1178538.0,147100,390109.2
2021-10-14,1562642.5425110476,5164.942511047355,1163838.0,147100,393639.60000000003
2021-10-15,1576300.9425110475,5164.942511047355,1172495.0,147100,398641.0
2021-10-18,1590188.9425110475,5164.942511047355,1186383.0,147100,398641.0
2021-10-19,1609719.7425110475,5164.942511047355,1203266.0,147100,401288.80000000005
2021-10-20,1585427.4425110475,5164.942511047355,1177944.0,147100,402318.5
2021-10-21,1589385.4425110477,5164.942511047355,1181902.0000000002,147100,402318.5
2021-10-22,1598762.7422166273,653131.0422166274,541548.0,147100,404083.7
2021-10-25,1607896.7422166273,653131.0422166274,550682.0,147100,404083.7
2021-10-26,1618926.4254056276,5077.825405627489,559726.0,381100,1054122.6
2021-10-27,1607678.2254056274,5077.825405627489,549240.0,381100,1053360.4
2021-10-28,1577504.9457786474,5012.045778647512,720990.0,309300,851502.9
2021-10-29,1597642.4457786474,5012.045778647512,739581.0,309300,853049.4
2021-11-01,1584959.6457786476,5012.045778647512,716382.0,309300,863565.6
2021-11-02,1587803.8457786476,5012.045778647512,721082.0,309300,861709.8
2021-11-03,1599779.5457786475,5012.045778647512,727181.0,309300,867586.5
2021-11-04,1602592.0457786475,5012.045778647512,725354.0,309300,872226.0
2021-11-05,1613708.6457786476,5012.045778647512,732759.0,309300,875937.6
2021-11-08,1647625.5457786475,5012.045778647512,765748.0,309300,876865.5
2021-11-09,1657118.2288972076,414940.0288972076,365622.0,309300,876556.2000000001
2021-11-10,1645942.6288972076,414940.0288972076,358158.0,309300,872844.6
2021-11-11,1650651.8003219576,5127.30032195762,365544.0,454700,1279980.5
2021-11-12,1644018.4003219577,5127.30032195762,359820.0,454700,1279071.1
2021-11-15,1649894.7003219575,5127.30032195762,357057.0,454700,1287710.4
2021-11-16,1664988.0047979576,4875.004797957634,574285.0,384500,1085828.0
2021-11-17,1669506.2971911775,5007.097191177658,770660.0,314400,893839.2
2021-11-18,1660845.2971911777,5007.097191177658,765143.0,314400,890695.2000000001
2021-11-19,1672158.4971911777,5007.097191177658,770797.0,314400,896354.4
2021-11-22,1674484.8971911776,5007.097191177658,774381.0,314400,895096.8
2021-11-23,1663474.8971911776,5007.097191177658,771231.0,314400,887236.8
2021-11-24,1659359.8971911776,5007.097191177658,763972.0,314400,890380.7999999999
2021-11-25,1665083.4971911777,5007.097191177658,763722.0,314400,896354.4
2021-11-26,1644110.2971911775,5007.097191177658,756268.0,314400,882835.2
2021-11-29,1673696.7503743677,205196.9503743677,384542.0,386300,1083957.8
2021-11-30,1665562.296018608,5033.3960186077375,580907.0,387100,1079621.9000000001
2021-12-01,1672004.1960186078,5033.3960186077375,591607.0,387100,1075363.8
2021-12-02,1656414.8395458078,5053.8395458077775,783329.0,316800,868032.0000000001
2021-12-03,1661892.2395458077,5053.8395458077775,783104.0,316800,873734.4
2021-12-06,1669411.093310983,219213.0933109828,777823.0,244500,672375.0
2021-12-07,1697775.219840963,622672.7198409628,394659.0,244500,680443.5
2021-12-08,1709181.719840963,622672.7198409628,395552.0,244500,690957.0
2021-12-09,1713129.719840963,622672.7198409628,399500.0,244500,690957.0
2021-12-10,1717686.9519932382,5010.551993237925,408007.0,463800,1304669.4000000001
2021-12-13,1736617.551993238,5010.551993237925,412096.00000000006,463800,1319511.0
2021-12-14,1715954.151993238,5010.551993237925,406738.00000000006,463800,1304205.5999999999
2021-12-15,1703169.151993238,5010.551993237925,400910.0,463800,1297248.6
2021-12-16,1731379.351993238,5010.551993237925,401756.0,463800,1324612.8
2021-12-17,1689571.300077638,4800.8000776379195,580216.0,393500,1104554.5
2021-12-20,1659300.800077638,4800.8000776379195,567653.0,393500,1086847.0
2021-12-21,1671691.308709863,5038.108709863023,948521.0,258600,718132.2000000001
2021-12-22,1679615.108709863,5038.108709863023,950497.0,258600,724080.0
2021-12-23,1692423.108709863,5038.108709863023,955547.0,258600,731838.0
2021-12-24,1658089.708709863,5038.108709863023,917076.0,258600,735975.6
2021-12-27,1657528.516391288,5055.616391288047,1088260.0,197900,564212.9
2021-12-28,1688878.4163912882,5055.616391288047,1113475.0,197900,570347.8
2021-12-29,1683967.816391288,5055.616391288047,1107377.0,197900,571535.2
2021-12-30,1686155.9163912882,5055.616391288047,1109763.0,197900,571337.3
2021-12-31,1708117.7163912882,5055.616391288047,1133308.0,197900,569754.1
2022-01-04,1697941.916391288,5055.616391288047,1119570.0,197900,573316.2999999999
2022-01-05,1642168.016391288,5055.616391288047,1065973.0,197900,571139.4
2022-01-06,1616034.9163912882,5055.616391288047,1053495.0,197900,557484.3
2022-01-07,1612411.1163912881,5055.616391288047,1046309.0,197900,561046.5
2022-01-10,1604792.016391288,5055.616391288047,1042450.0,197900,557286.4
2022-01-11,1583219.216391288,5055.616391288047,1023252.0,197900,554911.6
2022-01-12,1640664.016391288,5055.616391288047,1074364.0,197900,561244.4
2022-01-13,1633823.7163912882,5055.616391288047,1068909.0,197900,559859.1000000001
2022-01-14,1632882.4163912882,5055.616391288047,1073311.0,197900,554515.8
2022-01-17,1675931.2163912882,5055.616391288047,1117943.0,197900,552932.6
2022-01-18,1654100.316391288,5055.616391288047,1098289.0,197900,550755.7
2022-01-19,1612252.7163912882,5055.616391288047,1065149.0,197900,542048.1
2022-01-20,1604651.2163912882,5055.616391288047,1060516.0,197900,539079.6000000001
2022-01-21,1582902.6163912881,5055.616391288047,1049454.0,197900,528393.0
2022-01-24,1587407.816391288,5055.616391288047,1060292.0,197900,522060.19999999995
2022-01-25,1546294.1163912881,5055.616391288047,1025709.0,197900,515529.5
2022-01-26,1584936.516391288,5055.616391288047,1065143.0,197900,514737.9
2022-01-27,1542689.416391288,5055.616391288047,1032593.0,197900,505040.8
2022-01-28,1521598.916391288,5055.616391288047,1002597.0,197900,513946.3
2022-02-07,1591168.863923653,205197.46392365315,1079508.0,113800,306463.4
2022-02-08,1558170.4635546533,5261.363554653182,1243098.0,115300,309811.1
2022-02-09,1581215.9635546533,5261.363554653182,1262108.0,115300,313846.6
2022-02-10,1551001.5635546532,5261.363554653182,1228204.0,115300,317536.2
2022-02-11,1492333.757210453,5135.857210453228,1371733.0,43100,115464.9
2022-02-14,1500831.3572104531,5135.857210453228,1381265.0,43100,114430.49999999999
2022-02-15,1549186.6572104532,5135.857210453228,1430353.0,43100,113697.8
2022-02-16,1550106.9572104532,5135.857210453228,1429851.0,43100,115120.09999999999
2022-02-17,1573146.257210453,5135.857210453228,1453192.0,43100,114818.40000000001
2022-02-18,1557979.6572104532,5135.857210453228,1439577.0,43100,113266.8
2022-02-21,1552776.557210453,5135.857210453228,1434848.0,43100,112792.7
2022-02-22,1542931.9572104532,5135.857210453228,1427417.0,43100,110379.09999999999
2022-02-23,1608275.257210453,5135.857210453228,1492200.0,43100,110939.4
2022-02-24,1591174.3572104531,5135.857210453228,1479797.0,43100,106241.5
2022-02-25,1618047.257210453,5135.857210453228,1503696.0,43100,109215.4
2022-02-28,1650839.8853552334,801685.5853552333,739120.0,43100,110034.3
2022-03-01,1666883.9322152333,1361418.4322152333,193190.0,43100,112275.5
2022-03-02,1661213.0322152334,1361418.4322152333,189200.0,43100,110594.59999999999
2022-03-03,1654871.3829131336,405015.7829131334,182070.0,408800,1067785.6
2022-03-04,1635844.6531083537,12118.25310835347,565752.0,408800,1057974.4000000001
2022-03-07,1590524.7212044736,5068.121204473486,733953.0,333400,851503.6
2022-03-08,1539794.8938981134,7620.493898113491,1085056.0,180800,447118.39999999997
2022-03-09,1511809.3433823986,4482.3433823984815,1252577.0,101900,254750.0
2022-03-10,1570924.0254018086,5001.025401808511,1565923.0,0,0.0
2022-03-11,1573818.0713027585,86.07130275851068,1573732.0,0,0.0
2022-03-14,1508029.0713027585,86.07130275851068,1507943.0,0,0.0
2022-03-15,1437003.0713027585,86.07130275851068,1436917.0,0,0.0
2022-03-16,1534277.0713027585,86.07130275851068,1534191.0,0,0.0
2022-03-17,1591147.0713027585,86.07130275851068,1591061.0,0,0.0
2022-03-18,1626116.0713027585,86.07130275851068,1626030.0,0,0.0
2022-03-21,1606539.0713027585,86.07130275851068,1606453.0,0,0.0
2022-03-22,1608642.0713027585,86.07130275851068,1608556.0,0,0.0
2022-03-23,1617530.0713027585,86.07130275851068,1617444.0,0,0.0
2022-03-24,1578835.0713027585,86.07130275851068,1578749.0,0,0.0
2022-03-25,1541111.0713027585,86.07130275851068,1541025.0,0,0.0
2022-03-28,1506632.0713027585,86.07130275851068,1506546.0,0,0.0
2022-03-29,1492484.0713027585,86.07130275851068,1492398.0,0,0.0
2022-03-30,1602627.0713027585,86.07130275851068,1602541.0,0,0.0
2022-03-31,1589745.7699581585,430900.76995815855,1158845.0,0,0.0
2022-04-01,1619445.0621478586,5077.86214785857,1387878.0,165200,226489.2
2022-04-06,1595420.0621478586,5077.86214785857,1363853.0,165200,226489.2
2022-04-07,1566800.9944779587,4650.994477958593,1537814.0,18000,24336.0
2022-04-08,1567337.9944779587,4650.994477958593,1538117.0,18000,24570.0
2022-04-11,1493746.9944779587,4650.994477958593,1464742.0,18000,24354.0
2022-04-12,1552363.9944779587,4650.994477958593,1523827.0,18000,23886.0
2022-04-13,1542993.9944779587,4650.994477958593,1514259.0,18000,24084.0
2022-04-14,1589567.3550489787,739963.3550489787,825358.0,18000,24246.0
2022-04-15,1577868.7958758788,543280.7958758788,1010576.0,18000,24012.0
2022-04-18,1603306.7958758788,543280.7958758788,1036194.0,18000,23832.0
2022-04-19,1572130.755454179,5024.355454178818,1198122.0,276600,368984.4
2022-04-20,1538403.3554541788,5024.355454178818,1158586.0,276600,374793.0
2022-04-21,1484338.0906067288,11812.290606728813,1293617.0,130400,178908.80000000002
2022-04-22,1444777.1349994089,33.13499940885231,1444744.0,0,0.0
2022-04-25,1315452.1349994089,33.13499940885231,1315419.0,0,0.0
2022-04-26,1307004.1349994089,33.13499940885231,1306971.0,0,0.0
2022-04-27,1398935.1349994089,33.13499940885231,1398902.0,0,0.0
2022-04-28,1421133.1349994089,33.13499940885231,1421100.0,0,0.0
2022-04-29,1471635.1349994089,33.13499940885231,1471602.0,0,0.0
2022-05-05,1496309.1349994089,33.13499940885231,1496276.0,0,0.0
2022-05-06,1457530.1349994089,33.13499940885231,1457497.0,0,0.0
2022-05-09,1482990.1349994089,33.13499940885231,1482957.0,0,0.0
2022-05-10,1532489.1349994089,33.13499940885231,1532456.0,0,0.0
2022-05-11,1591789.1349994089,33.13499940885231,1591756.0,0,0.0
2022-05-12,1589461.1349994089,33.13499940885231,1589428.0,0,0.0
2022-05-13,1574465.1349994089,33.13499940885231,1574432.0,0,0.0
2022-05-16,1558529.1349994089,33.13499940885231,1558496.0,0,0.0
2022-05-17,1587960.1349994089,33.13499940885231,1587927.0,0,0.0
2022-05-18,1596464.1349994089,33.13499940885231,1596431.0,0,0.0
2022-05-19,1623266.1349994089,33.13499940885231,1623233.0,0,0.0
2022-05-20,1641378.775204724,5003.475204723829,1202444.0,349100,433931.30000000005
2022-05-23,1652041.1752047238,5003.475204723829,1211710.0,349100,435327.7
2022-05-24,1582880.1752047238,5003.475204723829,1146040.0,349100,431836.7
2022-05-25,1581770.275204724,5003.475204723829,1141090.0,349100,435676.8
2022-05-26,1581940.3752047238,5003.475204723829,1137420.0,349100,439516.89999999997
2022-05-27,1570163.8138702237,5069.913870223877,1308080.0,199700,257013.9
2022-05-30,1610627.2138702238,5069.913870223877,1344150.0,199700,261407.3
2022-05-31,1635220.7138702238,5069.913870223877,1369742.0,199700,260408.80000000002
2022-06-01,1679001.6148422237,775525.7148422238,642468.0,199700,261007.9
2022-06-02,1659578.1148422237,775525.7148422238,626040.0,199700,258012.4
2022-06-06,1686868.9148422237,775525.7148422238,652532.0,199700,258811.2
2022-06-07,1687987.0148422238,775525.7148422238,655048.0,199700,257413.3
2022-06-08,1705834.2148422238,775525.7148422238,669700.0,199700,260608.5
2022-06-09,1685507.5148422238,775525.7148422238,651570.0,199700,258411.80000000002
2022-06-10,1700228.4148422237,775525.7148422238,670884.0,199700,253818.69999999998
2022-06-13,1677730.314842224,775525.7148422238,658970.0,199700,243234.6
2022-06-14,1681350.2148422238,775525.7148422238,665186.0,199700,240638.5
2022-06-15,1712691.4021717836,1474649.0021717837,0.0,199700,238042.4
2022-06-16,1711892.6021717838,1474649.0021717837,0.0,199700,237243.59999999998
2022-06-17,1708098.3021717838,1474649.0021717837,0.0,199700,233449.30000000002
2022-06-20,1707698.9021717836,1474649.0021717837,0.0,199700,233049.9
2022-06-21,1710494.7021717837,1474649.0021717837,0.0,199700,235845.7
2022-06-22,1710694.4021717836,1474649.0021717837,0.0,199700,236045.4
2022-06-23,1712292.0021717837,1474649.0021717837,0.0,199700,237643.0
2022-06-24,1723957.0164098637,1275005.7164098637,207514.0,199700,241437.30000000002
2022-06-27,1728715.2164098637,1275005.7164098637,207080.0,199700,246629.50000000003
2022-06-28,1734322.6164098638,1275005.7164098637,212288.0,199700,247028.90000000002
2022-06-29,1722889.3164098638,1275005.7164098637,206646.0,199700,241237.6
2022-06-30,1721967.2164098637,1275005.7164098637,208320.0,199700,238641.5
2022-07-01,1720610.4164098636,1275005.7164098637,207762.0,199700,237842.7
2022-07-04,1720753.9164098636,1275005.7164098637,204909.99999999997,199700,240838.19999999998
2022-07-05,1718472.9164098636,1275005.7164098637,200632.0,199700,242835.19999999998
2022-07-06,1717646.7164098637,1275005.7164098637,201004.0,199700,241637.0
2022-07-07,1719657.4164098636,1275005.7164098637,200818.0,199700,243833.7
2022-07-08,1725670.7164098637,1275005.7164098637,205034.0,199700,245631.0
2022-07-11,1720056.8164098638,1275005.7164098637,200818.0,199700,244233.1
2022-07-12,1719416.6164098638,1275005.7164098637,201375.99999999997,199700,243034.90000000002
2022-07-13,1716238.964205864,1089372.0642058637,383832.0,199700,243034.90000000002
2022-07-14,1715625.591725604,892122.7917256037,583064.0,199700,240438.8
2022-07-15,1724464.3717256037,898576.0717256038,584451.0,199700,241437.30000000002
2022-07-18,1734195.9021472037,701488.0021472038,785679.0,199700,247028.90000000002
2022-07-19,1731634.4021472037,701488.0021472038,786113.0,199700,244033.4
2022-07-20,1741963.3021472038,701488.0021472038,789053.0,199700,251422.3
2022-07-21,1736099.4021472037,701488.0021472038,782590.0,199700,252021.4
2022-07-22,1736309.7021472037,701488.0021472038,781003.0,199700,253818.69999999998
2022-07-25,1729225.0021472038,701488.0021472038,776115.0,199700,251622.0
2022-07-26,1736231.3021472038,701488.0021472038,783321.0,199700,251422.3
2022-07-27,1732660.1021472039,701488.0021472038,778951.0,199700,252221.09999999998
2022-07-28,1741900.9021472037,701488.0021472038,785396.0,199700,255016.9
2022-07-29,1733586.2021472037,701538.4021472038,771639.0,199700,260408.80000000002
2022-08-01,1742060.8438175637,905861.8438175638,574592.0,199700,261607.0
2022-08-02,1732249.0438175637,905861.8438175638,565579.0,199700,260808.2
2022-08-03,1717084.889514854,205000.0895148539,750948.0,582800,761136.8
2022-08-04,1737940.429466634,5063.529466633901,961130.0,585100,771746.9
2022-08-05,1755401.929466634,5063.529466633901,975666.0,585100,774672.4
2022-08-08,1748272.329466634,5063.529466633901,966196.0,585100,777012.8
2022-08-09,1737426.6294666338,5063.529466633901,959446.0,585100,772917.1
2022-08-10,1715637.829466634,5063.529466633901,942338.0,585100,768236.2999999999
2022-08-11,1774138.860446129,5034.06044612888,1171378.0,445400,597726.8
2022-08-12,1770222.860446129,5034.06044612888,1167462.0,445400,597726.8
2022-08-15,1771493.460446129,5034.06044612888,1160270.0,445400,606189.4
2022-08-16,1784126.260446129,5034.06044612888,1167558.0,445400,611534.2
2022-08-17,1805533.660446129,5034.06044612888,1188520.0,445400,611979.6000000001
2022-08-18,1787795.060446129,5034.06044612888,1174790.0,445400,607971.0
2022-08-19,1781103.860446129,5034.06044612888,1167208.0,445400,608861.8
2022-08-22,1773282.260446129,5034.06044612888,1165622.0,445400,602626.2
2022-08-23,1755411.060446129,5034.06044612888,1155768.0,445400,594609.0
2022-08-24,1733503.060446129,5034.06044612888,1133860.0,445400,594609.0
2022-08-25,1758671.460446129,5034.06044612888,1151902.0,445400,601735.4
2022-08-26,1765389.260446129,5034.06044612888,1155502.0,445400,604853.2000000001
2022-08-29,1733769.6604461288,5034.06044612888,1143480.0,445400,585255.6
2022-08-30,1739187.260446129,5034.06044612888,1147116.0,445400,587037.2000000001
2022-08-31,1716428.8913517888,405011.89135178877,554256.0,580200,757161.0
2022-09-01,1698765.279206849,5000.079206848839,940462.0,587600,753303.2000000001
2022-09-02,1692324.079206849,5000.079206848839,926382.0,587600,760942.0
2022-09-05,1690804.225115914,5035.425115913853,1314219.0,287800,371549.8
2022-09-06,1725572.225115914,5035.425115913853,1348987.0,287800,371549.8
2022-09-07,1744685.225115914,5035.425115913853,1370978.0,287800,368671.8
2022-09-08,1737535.6251159138,5035.425115913853,1357209.0,287800,375291.2
2022-09-09,1743553.025115914,5035.425115913853,1360924.0,287800,377593.60000000003
2022-09-13,1759964.4251159139,5035.425115913853,1367838.0,287800,387091.0
2022-09-14,1721763.4251159139,5035.425115913853,1345466.0,287800,371262.0
2022-09-15,1663975.225115914,5035.425115913853,1287390.0,287800,371549.8
2022-09-16,1634840.4251159139,5035.425115913853,1264299.0,287800,365506.0
2022-09-19,1631826.6412082687,4445.5412082689,1461024.0,131300,166357.09999999998
2022-09-20,1663589.7412082688,4445.5412082689,1490555.0,131300,168589.2
2022-09-21,1636459.225293354,1009.2252933538693,1635450.0,0,0.0
2022-09-22,1627724.225293354,1009.2252933538693,1626715.0,0,0.0
2022-09-23,1613659.225293354,1009.2252933538693,1612650.0,0,0.0
2022-09-26,1647739.225293354,1009.2252933538693,1646730.0,0,0.0
2022-09-27,1655630.225293354,1009.2252933538693,1654621.0,0,0.0
2022-09-28,1597361.225293354,1009.2252933538693,1596352.0,0,0.0
2022-09-29,1593726.225293354,1009.2252933538693,1592717.0,0,0.0
2022-09-30,1545575.225293354,1009.2252933538693,1544566.0,0,0.0
2022-10-10,1540684.225293354,1009.2252933538693,1539675.0,0,0.0
2022-10-11,1567750.225293354,1009.2252933538693,1566741.0,0,0.0
2022-10-12,1626134.513251354,433330.51325135387,1192804.0,0,0.0
2022-10-13,1607069.690559394,261067.6905593939,1346002.0,0,0.0
2022-10-14,1639018.016637394,5060.016637393943,1378270.0,206200,255688.0
2022-10-17,1626630.216637394,5060.016637393943,1370831.0,206200,250739.19999999998
2022-10-18,1664302.216637394,5060.016637393943,1400255.0,206200,258987.2
2022-10-19,1629318.6166373938,5060.016637393943,1365890.0,206200,258368.59999999998
2022-10-20,1619454.199152194,5104.999152193966,1521696.0,74600,92653.2
2022-10-21,1623772.199152194,5104.999152193966,1526760.0,74600,91907.2
2022-10-24,1551202.399152194,5104.999152193966,1451803.0,74600,94294.4
2022-10-25,1510103.183330144,100697.18333014395,1409406.0,0,0.0
2022-10-26,1513620.2783151038,667.2783151039475,1512953.0,0,0.0
2022-10-27,1504012.2783151038,667.2783151039475,1503345.0,0,0.0
2022-10-28,1432794.2783151038,667.2783151039475,1432127.0,0,0.0
2022-10-31,1456798.2783151038,667.2783151039475,1456131.0,0,0.0
2022-11-01,1539181.2783151038,667.2783151039475,1538514.0,0,0.0
2022-11-02,1557840.2783151038,667.2783151039475,1557173.0,0,0.0
2022-11-03,1547554.2783151038,667.2783151039475,1546887.0,0,0.0
2022-11-04,1619113.1683083042,715868.168308304,903245.0,0,0.0
2022-11-07,1619664.1683083042,715868.168308304,903796.0,0,0.0
2022-11-08,1612426.1683083042,715868.168308304,896558.0,0,0.0
2022-11-09,1602195.1683083042,715868.168308304,886327.0,0,0.0
2022-11-10,1606611.1683083042,715868.168308304,890743.0,0,0.0
2022-11-11,1649000.1683083042,715868.168308304,933132.0,0,0.0
2022-11-14,1667364.442101824,516669.4421018241,1150695.0,0,0.0
2022-11-15,1708905.7440151041,1168521.7440151041,540384.0,0,0.0
2022-11-16,1709653.7440151041,1168521.7440151041,541132.0,0,0.0
2022-11-17,1706711.7440151041,1168521.7440151041,538190.0,0,0.0
2022-11-18,1700011.7440151041,1168521.7440151041,531490.0,0,0.0
2022-11-21,1690935.7440151041,1168521.7440151041,522414.0,0,0.0
2022-11-22,1691507.7440151041,1168521.7440151041,522986.0,0,0.0
2022-11-23,1691901.7440151041,1168521.7440151041,523380.0,0,0.0
2022-11-24,1689287.462099204,972059.4620992041,717228.0,0,0.0
2022-11-25,1677144.462099204,972059.4620992041,705085.0,0,0.0
2022-11-28,1678607.272959204,782821.272959204,895786.0,0,0.0
2022-11-29,1681727.272959204,782821.272959204,898906.0,0,0.0
2022-11-30,1689933.272959204,782821.272959204,907112.0,0,0.0
2022-12-01,1716391.371279204,1114071.371279204,602320.0,0,0.0
2022-12-02,1725373.371279204,1114071.371279204,611302.0,0,0.0
2022-12-05,1721997.371279204,1114071.371279204,607926.0,0,0.0
2022-12-06,1736863.371279204,1114071.371279204,622792.0,0,0.0
2022-12-07,1748259.104453804,916032.1044538041,832227.0,0,0.0
2022-12-08,1746628.104453804,916032.1044538041,830596.0,0,0.0
2022-12-09,1746600.104453804,916032.1044538041,830568.0,0,0.0
2022-12-12,1746832.104453804,916032.1044538041,830800.0,0,0.0
2022-12-13,1726179.104453804,916032.1044538041,810147.0,0,0.0
2022-12-14,1709645.2845047442,723909.2845047441,985736.0,0,0.0
2022-12-15,1734251.2845047442,723909.2845047441,1010342.0,0,0.0
2022-12-16,1712579.2845047442,723909.2845047441,988670.0,0,0.0
2022-12-19,1717743.2845047442,723909.2845047441,993834.0,0,0.0
2022-12-20,1722520.1995325442,939950.1995325441,782570.0,0,0.0
2022-12-21,1714404.1995325442,939950.1995325441,774454.0,0,0.0
2022-12-22,1701252.1995325442,939950.1995325441,761302.0,0,0.0
2022-12-23,1685685.953517744,742721.9535177441,942964.0,0,0.0
2022-12-26,1754085.953517744,742721.9535177441,1011364.0,0,0.0
2022-12-27,1777530.953517744,742721.9535177441,1034809.0,0,0.0
2022-12-28,1775029.953517744,742721.9535177441,1032308.0,0,0.0
2022-12-29,1767199.953517744,742721.9535177441,1024478.0,0,0.0
2022-12-30,1774787.9564812242,1173843.9564812242,600944.0,0,0.0
2023-01-03,1773803.693469224,977396.6934692241,796407.0,0,0.0
2023-01-04,1740517.0580993241,783037.0580993241,957480.0,0,0.0
2023-01-05,1813489.4888115241,584757.4888115241,1228732.0,0,0.0
2023-01-06,1847261.891023524,1229497.891023524,617764.0,0,0.0
2023-01-09,1856403.891023524,1229497.891023524,626906.0,0,0.0
2023-01-10,1867155.891023524,1229497.891023524,637658.0,0,0.0
2023-01-11,1861499.891023524,1229497.891023524,632002.0,0,0.0
2023-01-12,1873777.147852464,1032669.1478524641,841108.0,0,0.0
2023-01-13,1882609.147852464,1032669.1478524641,849940.0,0,0.0
2023-01-16,1864534.147852464,1032669.1478524641,831865.0,0,0.0
2023-01-17,1870695.147852464,1032669.1478524641,838026.0,0,0.0
2023-01-18,1872839.4160302642,1251204.4160302642,621635.0,0,0.0
2023-01-19,1868617.4160302642,1251204.4160302642,617413.0,0,0.0
2023-01-20,1879383.4160302642,1251204.4160302642,628179.0,0,0.0
2023-01-30,1904366.2390544442,1702725.2390544442,201641.0,0,0.0
2023-01-31,1905240.2390544442,1702725.2390544442,202515.0,0,0.0
2023-02-01,1911185.3159887642,1911185.3159887642,0.0,0,0.0
2023-02-02,1911185.3159887642,1911185.3159887642,0.0,0,0.0
2023-02-03,1911185.3159887642,1911185.3159887642,0.0,0,0.0
2023-02-06,1911185.3159887642,1911185.3159887642,0.0,0,0.0
2023-02-07,1911185.3159887642,1911185.3159887642,0.0,0,0.0
2023-02-08,1911185.3159887642,1911185.3159887642,0.0,0,0.0
2023-02-09,1911185.3159887642,1911185.3159887642,0.0,0,0.0
2023-02-10,1911185.3159887642,1911185.3159887642,0.0,0,0.0
2023-02-13,1911185.3159887642,1911185.3159887642,0.0,0,0.0
2023-02-14,1911185.3159887642,1911185.3159887642,0.0,0,0.0
2023-02-15,1911185.3159887642,1911185.3159887642,0.0,0,0.0
2023-02-16,1911185.3159887642,1911185.3159887642,0.0,0,0.0
2023-02-17,1911185.3159887642,1911185.3159887642,0.0,0,0.0
2023-02-20,1912763.608724764,1744575.608724764,168188.0,0,0.0
2023-02-21,1911973.8240303642,1550891.8240303642,361082.0,0,0.0
2023-02-22,1905943.6454943642,1387085.6454943642,518858.0,0,0.0
2023-02-23,1912149.8455463643,1187033.8455463643,725116.0,0,0.0
2023-02-24,1897087.8455463643,1187033.8455463643,710054.0,0,0.0
2023-02-27,1891209.8455463643,1187033.8455463643,704176.0,0,0.0
2023-02-28,1895463.8455463643,1187033.8455463643,708430.0,0,0.0
2023-03-01,1901608.8455463643,1187033.8455463643,714575.0,0,0.0
2023-03-02,1883178.8455463643,1187033.8455463643,696145.0,0,0.0
2023-03-03,1889376.8455463643,1187033.8455463643,702343.0,0,0.0
2023-03-06,1898019.8455463643,1187033.8455463643,710986.0,0,0.0
2023-03-07,1886630.8455463643,1187033.8455463643,699597.0,0,0.0
2023-03-08,1880144.6902376644,988288.6902376644,891856.0,0,0.0
2023-03-09,1869861.6902376644,988288.6902376644,881573.0,0,0.0
2023-03-10,1874054.6902376644,988288.6902376644,885766.0,0,0.0
2023-03-13,1857462.6902376644,988288.6902376644,869174.0,0,0.0
2023-03-14,1844515.6902376644,988288.6902376644,856227.0,0,0.0
2023-03-15,1844520.6902376644,988288.6902376644,856232.0,0,0.0
2023-03-16,1829214.6902376644,988288.6902376644,840926.0,0,0.0
2023-03-17,1818741.6902376644,988288.6902376644,830453.0,0,0.0
2023-03-20,1839121.0811669845,601684.0811669845,1237437.0,0,0.0
2023-03-21,1879565.0811669845,601684.0811669845,1277881.0,0,0.0
2023-03-22,1884619.0811669845,601684.0811669845,1282935.0,0,0.0
2023-03-23,1896377.6044919845,402683.60449198453,1493694.0,0,0.0
2023-03-24,1908362.6044919845,402683.60449198453,1505679.0,0,0.0
2023-03-27,1921577.0542017848,5026.2542017846135,1519390.0,307400,397160.8
2023-03-28,1897124.6542017846,5026.2542017846135,1495245.0,307400,396853.39999999997
2023-03-29,1914945.6542017846,5026.2542017846135,1511529.0,307400,398390.4
2023-03-30,1920756.2542017847,5026.2542017846135,1514573.0,307400,401157.0
2023-03-31,1941499.6028721046,536355.4028721047,1003065.0,307400,402079.2
2023-04-03,1950586.7152203047,956474.3152203046,586500.0,307400,407612.4
2023-04-04,1938935.9152203049,956474.3152203046,572390.0,307400,410071.60000000003
2023-04-06,1934174.7152203047,956474.3152203046,571625.0,307400,406075.39999999997
2023-04-07,1934606.7152203047,956474.3152203046,570520.0,307400,407612.4
2023-04-10,1960309.3152203048,956474.3152203046,596530.0,307400,407305.0
2023-04-11,1947569.2651881047,772272.4651881047,765840.0,307400,409456.80000000005
2023-04-12,1924734.4651881047,772272.4651881047,743620.0,307400,408842.0
2023-04-13,1924218.4949121047,409215.4949121047,1107698.0,307400,407305.0
2023-04-14,1944403.2949121047,409215.4949121047,1125731.0,307400,409456.80000000005
2023-04-17,1956042.35835998,5002.258359979722,1135723.0,608900,815317.1
2023-04-18,1964447.51197478,597640.6119747797,550272.0,608900,816534.9
2023-04-19,1960284.51197478,597640.6119747797,546109.0,608900,816534.9
2023-04-20,1952104.6119747797,597640.6119747797,538538.0,608900,815926.0
2023-04-21,1944878.01197478,597640.6119747797,533747.0,608900,813490.4
2023-04-24,1933213.2119747798,597640.6119747797,523300.0,608900,812272.6000000001
2023-04-25,1942575.7119747796,597640.6119747797,529618.0,608900,815317.1
2023-04-26,1935949.6119747797,597640.6119747797,528472.0,608900,809837.0
2023-04-27,1933774.0424404796,205013.14244047977,531049.0,905300,1197711.9
2023-04-28,1958480.75749892,5004.9574989198045,735912.0,906600,1217563.8
2023-05-04,1949667.5574989198,5004.9574989198045,737978.0,906600,1206684.5999999999
2023-05-05,1958556.5574989198,5004.9574989198045,751400.0,906600,1202151.6
2023-05-08,1971866.31542452,5019.91542451983,531992.0,1067600,1434854.4000000001
2023-05-09,1980158.9154245197,5019.91542451983,539217.0,1067600,1435922.0
2023-05-10,1977340.8697612148,4831.369761214824,735782.0,919500,1236727.5
2023-05-11,1983347.3697612148,4831.369761214824,735352.0,919500,1243164.0
2023-05-12,1979253.8697612148,4831.369761214824,730339.0,919500,1244083.5
2023-05-15,1991174.8697612148,4831.369761214824,742260.0,919500,1244083.5
2023-05-16,1982503.3697612148,4831.369761214824,734508.0,919500,1243164.0
2023-05-17,1982427.8697612148,4831.369761214824,731674.0,919500,1245922.5
2023-05-18,1999970.8697612148,4831.369761214824,732666.0,919500,1262473.5
2023-05-19,2024244.3697612148,4831.369761214824,737630.0,919500,1281783.0
2023-05-22,2027147.5560199148,205068.75601991484,381890.0,1037600,1440188.7999999998
2023-05-23,2018203.6539059146,5075.85390591487,565877.0,1038200,1447250.7999999998
2023-05-24,1993438.0539059148,5075.85390591487,554608.0,1038200,1433754.2
2023-05-25,1993111.474256035,5061.474256034905,749638.0,897400,1238412.0
2023-05-26,1999720.074256035,5061.474256034905,757144.0,897400,1237514.6
2023-05-29,2021881.274256035,5061.474256034905,754178.0,897400,1262641.8
2023-05-30,2020140.674256035,5061.474256034905,747053.0,897400,1268026.2
2023-05-31,2010520.2742560348,5061.474256034905,747304.0,897400,1258154.7999999998
2023-06-01,2018462.324261935,5058.724261934942,916318.0,781400,1097085.5999999999
2023-06-02,2035685.5242619351,5058.724261934942,927290.0,781400,1103336.8
2023-06-05,2052463.924261935,5058.724261934942,923752.0,781400,1123653.2
2023-06-06,2042624.924261935,5058.724261934942,917820.0,781400,1119746.2
2023-06-07,2038856.7242619349,5058.724261934942,908582.0,781400,1125216.0
2023-06-08,2036350.924261935,5058.724261934942,911546.0,781400,1119746.2
2023-06-09,2035230.1242619352,5058.724261934942,904174.0,781400,1125997.4000000001
2023-06-12,2051428.924261935,5058.724261934942,910996.0,781400,1135374.2
2023-06-13,2073458.1242619352,5058.724261934942,918960.0,781400,1149439.4000000001
2023-06-14,2096450.394054775,350809.9940547749,592294.0,781400,1153346.4
2023-06-15,2103989.043721975,5047.043721974944,603390.0,1016000,1495552.0
2023-06-16,2119865.043721975,5047.043721974944,607074.0,1016000,1507744.0
2023-06-19,2118066.131576475,5014.53157647507,209228.0,1282900,1903823.6
2023-06-20,2111312.831576475,5014.53157647507,198626.0,1282900,1907672.3
2023-06-21,2105726.831576475,5014.53157647507,193040.0,1282900,1907672.3
2023-06-26,2099958.331576475,5014.53157647507,193686.0,1282900,1901257.8
2023-06-27,2085174.148903175,7657.9489031751,384922.0,1148300,1692594.2
2023-06-28,2093620.6489031753,7657.9489031751,376144.0,1148300,1709818.7000000002
2023-06-29,2094448.0646980351,5120.064698035154,566400.0,1018000,1522928.0
2023-06-30,2097726.064698035,5120.064698035154,562552.0,1018000,1530054.0
2023-07-03,2122848.064698035,5120.064698035154,568332.0,1018000,1549396.0
2023-07-04,2121702.064698035,5120.064698035154,573294.0,1018000,1543288.0
2023-07-05,2109942.064698035,5120.064698035154,562552.0,1018000,1542270.0
2023-07-06,2109604.064698035,5120.064698035154,565268.0,1018000,1539216.0
2023-07-07,2084096.0646980351,5120.064698035154,549940.0,1018000,1529036.0
2023-07-10,2065824.0646980351,5120.064698035154,541848.0,1018000,1518856.0
2023-07-11,2078006.0646980351,5120.064698035154,546904.0,1018000,1525982.0
2023-07-12,2058774.02460066,4681.624600660172,719927.0,885900,1334165.4
2023-07-13,2074700.02460066,4681.624600660172,726994.0,885900,1343024.4
2023-07-14,2092526.3246006602,4681.624600660172,747478.0,885900,1340366.7
2023-07-17,2101013.52460066,4681.624600660172,748878.0,885900,1347453.9
2023-07-18,2108831.8246006602,4681.624600660172,750495.0,885900,1353655.2
2023-07-19,2120866.4246006603,4681.624600660172,741268.0,885900,1374916.8
2023-07-20,2092029.52460066,4681.624600660172,722176.0,885900,1365171.9
2023-07-21,2098365.0246006604,4681.624600660172,732941.0,885900,1360742.4000000001
2023-07-24,2102329.52460066,4681.624600660172,732476.0,885900,1365171.9
2023-07-25,2118312.8246006602,4681.624600660172,751117.0,885900,1362514.2
2023-07-26,2102261.52460066,4681.624600660172,732408.0,885900,1365171.9
2023-07-27,2091953.12460066,4681.624600660172,718556.0,885900,1368715.5
2023-07-28,2095509.2246006601,4681.624600660172,731857.0,885900,1358970.6
2023-07-31,2119747.09660622,197550.9966062202,558796.0,885900,1363400.0999999999
2023-08-01,2118795.07886352,525.278863520216,748644.0,884200,1369625.8
2023-08-02,2099847.6788635203,525.278863520216,740307.0,884200,1359015.4
2023-08-03,2088610.7309446952,5081.030944695255,938386.0,751900,1145143.7
2023-08-04,2089968.8468918952,229293.44689189526,713276.0,751900,1147399.4
2023-08-07,2060841.5602510553,29808.360251055303,889649.0,751900,1141384.2
2023-08-08,2076452.6312799754,5140.931279975359,1093822.0,639300,977489.7
2023-08-09,2063235.6312799754,5140.931279975359,1080605.0,639300,977489.7
2023-08-10,2059018.2312799753,5140.931279975359,1081502.0,639300,972375.2999999999
2023-08-11,2058739.5312799755,5140.931279975359,1080584.0,639300,973014.6
2023-08-14,2104625.306617015,366526.80661701533,763166.0,639300,974932.5
2023-08-15,2112358.268926455,169622.96892645533,957574.0,639300,985161.2999999999
2023-08-16,2102377.1689264555,169622.96892645533,958461.0,639300,974293.2000000001
2023-08-17,2095520.7324746205,5047.732474620338,1152385.0,619200,938087.9999999999
2023-08-18,2059721.1324746204,5047.732474620338,1127731.0,619200,926942.4
2023-08-21,2037761.3324746205,5047.732474620338,1102056.0,619200,930657.6
2023-08-22,2051575.3638661602,5018.563866160366,1303827.0,492200,742729.7999999999
2023-08-23,2026722.5638661603,5018.563866160366,1278482.0,492200,743222.0
2023-08-24,2074772.9638661603,5018.563866160366,1315704.0,492200,754050.4
2023-08-25,2051494.7638661603,5018.563866160366,1307684.0,492200,738792.2
2023-08-28,2099270.1847070004,610111.1847070004,743476.0,492200,745683.0
2023-08-29,2133859.9847070007,610111.1847070004,773636.0,492200,750112.8
2023-08-30,2153120.1847070004,610111.1847070004,782560.0,492200,760449.0
2023-08-31,2157397.7847070005,610111.1847070004,782900.0,492200,764386.6
2023-09-01,2149227.9847070007,610111.1847070004,779160.0,492200,759956.8
2023-09-04,2160568.5847070003,610111.1847070004,789024.0,492200,761433.4
2023-09-05,2147548.7847070005,610111.1847070004,775512.0,492200,761925.6
2023-09-06,2149292.7847070005,610111.1847070004,777256.0,492200,761925.6
2023-09-07,2134282.1847070004,610111.1847070004,768644.0,492200,755527.0
2023-09-08,2124845.4306456004,5014.030645600404,953185.0,755600,1166646.4000000001
2023-09-11,2136170.6306456006,5014.030645600404,970555.0,755600,1160601.6
2023-09-12,2153124.6306456,5014.030645600404,983731.0,755600,1164379.5999999999
2023-09-13,2130702.0306456005,5014.030645600404,969620.0,755600,1156068.0
2023-09-14,2116674.2306456002,5014.030645600404,950303.0,755600,1161357.2
2023-09-15,2121448.8306456003,5014.030645600404,946766.0,755600,1169668.8
2023-09-18,2121200.6306456,5014.030645600404,959363.0,755600,1156823.5999999999
2023-09-19,2118329.0306456005,5014.030645600404,957247.0,755600,1156068.0
2023-09-20,2109513.8306456003,5014.030645600404,949943.0,755600,1154556.8
2023-09-21,2089035.2306456002,5014.030645600404,941554.0,755600,1142467.2
2023-09-22,2104001.8306456003,5014.030645600404,970877.0,755600,1128110.8
2023-09-25,2096846.0306456005,5014.030645600404,965988.0,755600,1125844.0
2023-09-26,2073067.8306456003,5014.030645600404,947499.0,755600,1120554.8
2023-09-27,2060559.0549062954,12238.554906295438,1133083.0,620500,915237.5
2023-09-28,2052151.8470062953,5018.447006295438,1127170.0,625400,919963.4
2023-10-09,2069427.4470062954,5018.447006295438,1145071.0,625400,919338.0
2023-10-10,2078959.7718288354,5071.771828835481,932548.0,766000,1141340.0
2023-10-11,2093177.7718288354,5071.771828835481,939872.0,766000,1148234.0
2023-10-12,2119367.7718288354,5071.771828835481,957636.0,766000,1156660.0
2023-10-13,2088677.7718288354,5071.771828835481,936904.0,766000,1146702.0
2023-10-16,2072948.1702098555,5021.370209855537,1098070.0,648300,969856.8
2023-10-17,2079853.4702098556,5021.370209855537,1097844.0,648300,976988.1
2023-10-18,2108395.1556152957,828395.1556152957,503420.0,516000,776580.0
2023-10-19,2076263.128239296,630546.1282392958,679457.0,516000,766260.0
2023-10-20,2050476.2154477458,205049.81544774584,1023613.0,560200,821813.4
2023-10-23,2015932.4722114457,5043.072211445862,1194678.0,560200,816211.4
2023-10-24,1980426.9776069708,6121.477606970846,1358404.0,423300,615901.5
2023-10-25,1979566.508552621,5083.108552620876,1555301.0,287900,419182.39999999997
2023-10-26,1976428.808552621,5083.108552620876,1558785.0,287900,412560.7
2023-10-27,1986842.808552621,5083.108552620876,1569199.0,287900,412560.7
2023-10-30,2007878.408552621,5083.108552620876,1591962.0,287900,410833.3
2023-10-31,1993229.0085526211,5083.108552620876,1576161.0,287900,411984.9
2023-11-01,2047333.1303526207,559106.7303526208,1071923.0,287900,416303.39999999997
2023-11-02,2034953.3330758458,205057.5330758458,1055091.0,529600,774804.8
2023-11-03,2081035.8876422457,5446.28764224585,1288604.0,529600,786985.6
2023-11-06,2119765.3888422456,5142.1888422458505,1323102.0,529800,791521.2
2023-11-07,2131338.788842246,5142.1888422458505,1335735.0,529800,790461.6
2023-11-08,2138916.788842246,5142.1888422458505,1340664.0,529800,793110.6000000001
2023-11-09,2203667.188842246,5142.1888422458505,1401176.0,529800,797349.0
2023-11-10,2178687.063894546,205064.66389454593,916877.0,707800,1056745.4000000001
2023-11-13,2214228.6038039457,5090.403803945959,1137329.0,708400,1071809.2
2023-11-14,2214185.6038039457,5090.403803945959,1133744.0,708400,1075351.2
2023-11-15,2238201.003803946,5090.403803945959,1142883.0,708400,1090227.5999999999
2023-11-16,2222422.803803946,5090.403803945959,1125688.0,708400,1091644.4
2023-11-17,2223039.403803946,5090.403803945959,1127013.0,708400,1090936.0
2023-11-20,2210950.003803946,5090.403803945959,1126258.0,708400,1079601.6
2023-11-21,2206892.403803946,5090.403803945959,1117950.0,708400,1083852.0
2023-11-22,2182007.6038039457,5090.403803945959,1094482.0,708400,1082435.2
2023-11-23,2194614.6038039457,5090.403803945959,1103547.0,708400,1085977.2
2023-11-24,2176055.403803946,5090.403803945959,1083571.0,708400,1087394.0
2023-11-27,2161974.003803946,5090.403803945959,1070198.0,708400,1086685.6
2023-11-28,2159143.542558651,5003.042558650982,1265529.0,578900,888611.5
2023-11-29,2139962.842558651,5003.042558650982,1248085.0,578900,886874.8
2023-11-30,2129535.199660971,4397.199660971033,1437719.0,449000,687419.0
2023-12-01,2146875.199660971,4397.199660971033,1451467.0,449000,691011.0
2023-12-04,2134004.199660971,4397.199660971033,1435004.0,449000,694603.0
2023-12-05,2093687.199660971,4397.199660971033,1400524.0,449000,688766.0
2023-12-06,2115348.703114471,5079.303114471057,1614931.0,320400,495338.4
2023-12-07,2099564.503114471,5079.303114471057,1603312.0,320400,491173.19999999995
2023-12-08,2124769.303114471,5079.303114471057,1624672.0,320400,495018.0
2023-12-11,2147362.903114471,5079.303114471057,1642780.0,320400,499503.6
2023-12-12,2149195.103114471,5079.303114471057,1642049.0,320400,502066.8
2023-12-13,2114059.703114471,5079.303114471057,1604030.0,320400,504950.4
2023-12-14,2130975.503114471,5079.303114471057,1615499.0,320400,510397.2
2023-12-15,2147740.703114471,5079.303114471057,1634507.0,320400,508154.4
2023-12-18,2116400.503114471,5079.303114471057,1600924.0,320400,510397.2
2023-12-19,2124067.703114471,5079.303114471057,1606028.0,320400,512960.39999999997
2023-12-20,2101371.903114471,5079.303114471057,1580769.0,320400,515523.6
2023-12-21,2135998.503114471,5079.303114471057,1622124.0,320400,508795.2
2023-12-22,2129754.103114471,5079.303114471057,1612996.0,320400,511678.8
2023-12-25,2137029.303114471,5079.303114471057,1619310.0,320400,512640.0
2023-12-26,2111985.303114471,5079.303114471057,1592664.0,320400,514242.0
2023-12-27,2103786.503114471,5079.303114471057,1583504.0,320400,515203.2
2023-12-28,2176729.474120711,978687.474120711,683800.0,320400,514242.0
2023-12-29,2180768.674120711,978687.474120711,688480.0,320400,513601.2
2024-01-02,2159170.274120711,978687.474120711,665600.0,320400,514882.8
2024-01-03,2148305.474120711,978687.474120711,658580.0,320400,511038.0
2024-01-04,2130013.794692711,780638.194692711,840260.0,320400,509115.6
2024-01-05,2108554.328978711,581487.528978711,1020194.0,320400,506872.80000000005
2024-01-08,2069582.1986753512,385304.598675351,1176764.0,320400,507513.60000000003
2024-01-09,2090978.200643241,5048.800643241062,1387722.0,433400,698207.4
2024-01-10,2079232.800643241,5048.800643241062,1376410.0,433400,697774.0
2024-01-11,2114117.000643241,5048.800643241062,1405660.0,433400,703408.2
2024-01-12,2083083.200643241,5048.800643241062,1377660.0,433400,700374.4
2024-01-15,2088904.4006432411,5048.800643241062,1380014.0,433400,703841.6000000001
2024-01-16,2107601.200643241,5048.800643241062,1402178.0,433400,700374.4
2024-01-17,2061549.4006432411,5048.800643241062,1359160.0,433400,697340.6
2024-01-18,2095740.800643241,5048.800643241062,1392918.0,433400,697774.0
2024-01-19,2085307.200643241,5048.800643241062,1375550.0,433400,704708.3999999999
2024-01-22,2046465.6006432408,5048.800643241062,1325440.0,433400,715976.7999999999
2024-01-23,2119289.200643241,5048.800643241062,1396530.0,433400,717710.3999999999
2024-01-24,2134938.400643241,5048.800643241062,1404378.0,433400,725511.6
2024-01-25,2164321.200643241,5048.800643241062,1437228.0,433400,722044.4
2024-01-26,2132956.400643241,5048.800643241062,1411064.0,433400,716843.6
2024-01-29,2095232.200643241,5048.800643241062,1370306.0,433400,719877.4
2024-01-30,2078600.200643241,5048.800643241062,1345006.0,433400,728545.4
2024-01-31,2013344.4006432411,5048.800643241062,1282784.0,433400,725511.6
2024-02-01,2040613.537909191,3799.5379091910436,1516902.0,313200,519912.0
2024-02-02,2007231.1379091912,3799.5379091910436,1474750.0,313200,528681.6
2024-02-05,1987880.951532491,3777.9515324910753,1652561.0,195600,331542.0
2024-02-06,2094863.951532491,3777.9515324910753,1759544.0,195600,331542.0
2024-02-07,2127068.551532491,3777.9515324910753,1790575.0,195600,332715.60000000003
2024-02-08,2184272.063389576,5036.563389576157,1435342.0,426300,743893.5
2024-02-19,2200451.663389576,5036.563389576157,1454932.0,426300,740483.1000000001
2024-02-20,2166727.863389576,5036.563389576157,1423766.0,426300,737925.3
2024-02-21,2196451.663389576,5036.563389576157,1459458.0,426300,731957.1
2024-02-22,2241682.6839543763,878976.3839543762,620518.0,426300,742188.3
2024-02-23,2290505.1839543763,878976.3839543762,658683.0,426300,752845.8
2024-02-26,2295414.144903216,1547257.644903216,0.0,426300,748156.5
2024-02-27,2297971.944903216,1547257.644903216,0.0,426300,750714.2999999999
2024-02-28,2307350.544903216,1547257.644903216,0.0,426300,760092.9
2024-02-29,2302661.244903216,1547257.644903216,0.0,426300,755403.6
2024-03-01,2306497.944903216,1547257.644903216,0.0,426300,759240.2999999999
2024-03-04,2312039.844903216,1547257.644903216,0.0,426300,764782.2000000001
2024-03-05,2309908.3449032158,1547257.644903216,0.0,426300,762650.7
2024-03-06,2306497.944903216,1547257.644903216,0.0,426300,759240.2999999999
2024-03-07,2304366.4449032163,1547257.644903216,0.0,426300,757108.8
2024-03-08,2314597.644903216,1547257.644903216,0.0,426300,767340.0
2024-03-11,2312039.844903216,1547257.644903216,0.0,426300,764782.2000000001
2024-03-12,2309482.044903216,1547257.644903216,0.0,426300,762224.4
2024-03-13,2307350.544903216,1547257.644903216,0.0,426300,760092.9
2024-03-14,2307776.844903216,1547257.644903216,0.0,426300,760519.2000000001
2024-03-15,2303940.144903216,1547257.644903216,0.0,426300,756682.5
2024-03-18,2306497.944903216,1547257.644903216,0.0,426300,759240.2999999999
2024-03-19,2303513.8449032158,1547257.644903216,0.0,426300,756256.2
2024-03-20,2310334.644903216,1547257.644903216,0.0,426300,763077.0
2024-03-21,2325681.4449032163,1547257.644903216,0.0,426300,778423.8
2024-03-22,2330370.744903216,1547257.644903216,0.0,426300,783113.1
2024-03-25,2324956.3550699158,1348802.855069916,198156.0,426300,777997.5
2024-03-26,2330194.455069916,1348802.855069916,200410.0,426300,780981.6
2024-03-27,2334085.055069916,1348802.855069916,199185.0,426300,786097.2000000001
2024-03-28,2350855.891818316,1149892.491818316,404635.0,426300,796328.4
2024-03-29,2341624.291818316,1149892.491818316,400519.0,426300,791212.8
2024-04-01,2345776.083139236,951184.3831392361,606363.0,426300,788228.7
2024-04-02,2325392.983139236,951184.3831392361,588964.0,426300,785244.6
2024-04-03,2301626.640730856,754674.0407308561,778760.0,426300,768192.6
2024-04-08,2291156.140730856,754674.0407308561,766158.0,426300,770324.1
2024-04-09,2253780.9407308563,754674.0407308561,726225.0,426300,772881.9
2024-04-10,2213021.6872376064,205014.68723760627,687431.0,729600,1320576.0
2024-04-11,2181920.5316540063,5037.931654006285,869497.0,731200,1307385.6
2024-04-12,2182764.3316540066,5037.931654006285,860104.0,731200,1317622.4000000001
2024-04-15,2150819.3944434463,5029.494443446265,1039795.0,620300,1105994.9
2024-04-16,2103321.794443446,5029.494443446265,1018350.0,620300,1079942.3
2024-04-17,2157910.694443446,5029.494443446265,1077281.0,620300,1075600.2
2024-04-18,2109598.4944434464,5029.494443446265,1031450.0,620300,1073119.0
2024-04-19,2041595.1944434461,5029.494443446265,976473.0,620300,1060092.7
2024-04-22,2001943.2944434462,5029.494443446265,932479.0,620300,1064434.8
2024-04-23,2003692.8944434463,5029.494443446265,926785.0,620300,1071878.4
2024-04-24,2079021.2944434462,5029.494443446265,978542.0,620300,1095449.8
2024-04-25,2082930.1944434461,5029.494443446265,999199.0,620300,1078701.7
2024-04-26,2143814.9338667262,426265.1338667263,634506.0,620300,1083043.8
2024-04-29,2147479.0329816863,226609.8329816863,832863.0,620300,1088006.2
2024-04-30,2132688.5123986364,5000.912398636312,815868.0,746200,1311819.6
2024-05-06,2125631.712398636,5000.912398636312,808065.0,746200,1312565.7999999998
2024-05-07,2135592.3123986362,5000.912398636312,804594.0,746200,1325997.4
2024-05-08,2122617.712398636,5000.912398636312,786396.0,746200,1331220.8
2024-05-09,2127655.712398636,5000.912398636312,795165.0,746200,1327489.8
2024-05-10,2121129.712398636,5000.912398636312,773715.0,746200,1342413.8
2024-05-13,2112402.3123986362,5000.912398636312,759018.0,746200,1348383.4
2024-05-14,2151195.3123986362,5000.912398636312,797811.0,746200,1348383.4
2024-05-15,2195022.1123986365,5000.912398636312,827460.0,746200,1362561.2
2024-05-16,2200723.9123986363,5000.912398636312,815253.0,746200,1380470.0
2024-05-17,2195292.712398636,5000.912398636312,814299.0,746200,1375992.8
2024-05-20,2228366.712398636,5000.912398636312,854835.0,746200,1368530.8
2024-05-21,2235756.481804476,463726.48180447635,402753.0,746200,1369277.0
2024-05-22,2241992.2818044764,463726.48180447635,402273.0,746200,1375992.8
2024-05-23,2238949.2818044764,463726.48180447635,395499.0,746200,1379723.8
2024-05-24,2208729.0949700265,205065.69497002635,388734.0,888300,1614929.4000000001
2024-05-27,2233527.4161953065,5036.816195306387,598248.0,888900,1630242.6
2024-05-28,2227381.0161953066,5036.816195306387,588546.0,888900,1633798.2
2024-05-29,2211215.3998540863,4028.8998540863977,779652.0,780500,1427534.5
2024-05-30,2186882.8998540863,4028.8998540863977,773271.0,780500,1409583.0
2024-05-31,2194683.3998540863,4028.8998540863977,780291.0,780500,1410363.5
2024-06-03,2210228.3998540863,4028.8998540863977,773982.0,780500,1432217.5
2024-06-04,2208546.8998540863,4028.8998540863977,769959.0,780500,1434559.0
2024-06-05,2194943.0415264363,4380.74152643641,949563.0,671900,1240999.3
2024-06-06,2224745.2796264365,5108.679626436409,960606.0,672200,1259030.6
2024-06-07,2216647.0796264363,5108.679626436409,946458.0,672200,1265080.4
2024-06-11,2224133.4796264367,5108.679626436409,949239.0,672200,1269785.8
2024-06-12,2229093.0796264363,5108.679626436409,952182.0,672200,1271802.4
2024-06-13,2239260.4796264367,5108.679626436409,950922.0,672200,1283229.8
2024-06-14,2242553.2796264365,5108.679626436409,958248.0,672200,1279196.6
2024-06-17,2224005.2796264365,5108.679626436409,946422.0,672200,1272474.6
2024-06-18,2246723.0796264363,5108.679626436409,963090.0,672200,1278524.4
2024-06-19,2265233.0512245167,606257.2512245165,379107.0,672200,1279868.8
2024-06-20,2271805.6703483667,5001.8703483665595,375003.0,984800,1891800.8
2024-06-21,2266451.0703483666,5001.8703483665595,376542.0,984800,1884907.2
2024-06-24,2260972.8703483664,5001.8703483665595,375003.0,984800,1880968.0
2024-06-25,2255966.4703483665,5001.8703483665595,372951.0,984800,1878013.6
2024-06-26,2283110.270348367,5001.8703483665595,374490.0,984800,1903618.4000000001
2024-06-27,2300447.2703483663,5001.8703483665595,377055.0,984800,1918390.4
2024-06-28,2327201.6703483667,5001.8703483665595,381159.0,984800,1941040.8
2024-07-01,2322248.186521942,5055.886521941691,198930.0,1076900,2118262.3000000003
2024-07-02,2322755.7865219414,5055.886521941691,195130.0,1076900,2122569.9
2024-07-03,2350930.950099622,4123.850099621748,393984.0,976900,1952823.1
2024-07-04,2324447.150099622,4123.850099621748,388992.00000000006,976900,1931331.3
2024-07-05,2343149.550099622,4123.850099621748,392064.00000000006,976900,1946961.7000000002
2024-07-08,2339410.950099622,4123.850099621748,382464.00000000006,976900,1952823.1
2024-07-09,2348005.0886431867,3807.688643186848,734623.0,806400,1609574.4
2024-07-10,2336621.688643187,3807.688643186848,732110.0,806400,1600704.0
2024-07-11,2363934.288643187,3807.688643186848,744101.0,806400,1616025.6
2024-07-12,2329553.288643187,3807.688643186848,733912.0,806400,1591833.6
2024-07-15,2363593.490645297,4825.890645296866,931038.0,705400,1427729.6
2024-07-16,2370846.090645297,4825.890645296866,935469.0,705400,1430551.2
2024-07-17,2385479.090645297,4825.890645296866,932467.0,705400,1448186.2
2024-07-18,2370889.224847777,155458.42484777686,785585.0,705400,1429845.8
2024-07-19,2338792.952966927,1016.652966926893,986713.0,682700,1351063.3
2024-07-22,2322984.852966927,1016.652966926893,986607.0,682700,1335361.2
2024-07-23,2324540.752966927,1016.652966926893,969730.0,682700,1353794.1
2024-07-24,2303168.252966927,1016.652966926893,958598.0,682700,1343553.6
2024-07-25,2255567.352966927,1016.652966926893,949911.0,682700,1304639.7
2024-07-26,2275779.573148427,4018.2731484269316,1162002.0,575900,1109759.3
2024-07-29,2308955.073148427,4018.2731484269316,1169262.0,575900,1135674.8
2024-07-30,2282066.073148427,4018.2731484269316,1148132.0,575900,1129915.8
2024-07-31,2309560.961069067,414558.76106906694,773149.0,575900,1121853.2
2024-08-01,2328186.217820867,5054.617820866988,778464.0,783300,1544667.6
2024-08-02,2253103.217820867,5054.617820866988,750379.0,783300,1497669.5999999999
2024-08-05,2115581.558312147,5042.0583121469845,891563.0,682900,1218976.5
2024-08-06,2130368.658312147,5042.0583121469845,893375.0,682900,1231951.6
2024-08-07,2131930.787314502,5048.587314502001,1074329.0,581200,1052553.2
2024-08-08,2109369.387314502,5048.587314502001,1058742.0,581200,1045578.7999999999
2024-08-09,2137601.811994902,4050.811994902033,1265963.0,472800,867588.0
2024-08-12,2147661.811994902,4050.811994902033,1264203.0,472800,879408.0
2024-08-13,2165443.411994902,4050.811994902033,1269219.0,472800,892173.6
2024-08-14,2178709.411994902,4050.811994902033,1265937.0,472800,908721.6
2024-08-15,2203951.988794902,5118.388794902034,1271196.0,476200,927637.6
2024-08-16,2237734.388794902,5118.388794902034,1292121.0,476200,940495.0
2024-08-19,2219208.788794902,5118.388794902034,1289310.0,476200,924780.4
2024-08-20,2217212.588794902,5118.388794902034,1275885.0,476200,936209.2
2024-08-21,2231829.788794902,5118.388794902034,1290026.0,476200,936685.4
2024-08-22,2228893.588794902,5118.388794902034,1285185.0,476200,938590.2000000001
2024-08-23,2215894.188794902,5118.388794902034,1275519.0,476200,935256.7999999999
2024-08-26,2222392.988794902,5118.388794902034,1275351.0,476200,941923.6
2024-08-27,2216239.988794902,5118.388794902034,1269198.0,476200,941923.6
2024-08-28,2216617.788794902,5118.388794902034,1260528.0,476200,950971.4
2024-08-29,2183054.188794902,5118.388794902034,1237917.0,476200,940018.8
2024-08-30,2233959.818138752,5100.018138752086,899446.0,672100,1329413.8
2024-09-02,2226671.918138752,5100.018138752086,878044.0,672100,1343527.9000000001
2024-09-03,2215999.818138752,5100.018138752086,868044.0,672100,1342855.8
2024-09-04,2151142.918138752,5100.018138752086,856283.0,672100,1289759.9000000001
2024-09-05,2148691.117934652,4372.617934652168,1244440.0,466500,899878.5
2024-09-06,2123709.1516721323,4850.651672132197,1423221.0,362500,695637.5
2024-09-09,2106930.943535182,3979.9435351821885,1612604.0,257400,490347.0
2024-09-10,2114426.4029183825,3658.4029183822277,2017155.0,49400,93613.0
2024-09-11,2110984.002918382,3658.4029183822277,2013515.0,49400,93810.6
2024-09-12,2132076.8029183825,3658.4029183822277,2033027.0,49400,95391.40000000001
2024-09-13,2170004.8029183825,3658.4029183822277,2070461.0,49400,95885.40000000001
2024-09-18,2190510.002918382,3658.4029183822277,2091065.0,49400,95786.6
2024-09-19,2233692.402918382,3658.4029183822277,2132963.0,49400,97071.0
2024-09-20,2259064.0897660223,1006480.0897660223,1155266.0,49400,97318.0
2024-09-23,2255130.012128482,809703.4121284822,1347911.0,49400,97515.6
2024-09-24,2337075.7847579224,1579490.7847579224,660761.0,49400,96824.0
2024-09-25,2357470.2103859223,2043972.2103859223,217415.0,49400,96083.0
2024-09-26,2360214.4103859225,2043972.2103859223,220011.0,49400,96231.2
2024-09-27,2365271.8103859224,2043972.2103859223,226501.0,49400,94798.6
2024-09-30,2384670.4103859225,2043972.2103859223,246443.00000000003,49400,94255.2
2024-10-08,2392956.4103859225,2043972.2103859223,255469.99999999997,49400,93514.2
2024-10-09,2375952.2103859223,2043972.2103859223,236885.0,49400,95095.0
2024-10-10,2389165.6103859222,2043972.2103859223,248567.00000000003,49400,96626.4
2024-10-11,2379974.010385922,2043972.2103859223,238831.99999999997,49400,97169.8
2024-10-14,2382191.4103859225,2043972.2103859223,240012.0,49400,98207.2
2024-10-15,2377731.010385922,2043972.2103859223,232637.0,49400,101121.8
2024-10-16,2376535.8103859224,2043972.2103859223,232578.0,49400,99985.6
2024-10-17,2371437.2103859223,2043972.2103859223,226442.00000000003,49400,101023.0
2024-10-18,2375091.010385922,2043972.2103859223,230985.0,49400,100133.8
2024-10-21,2374174.4103859225,2043972.2103859223,230513.0,49400,99689.2
2024-10-22,2373227.6103859222,2043972.2103859223,230159.0,49400,99096.4
2024-10-23,2374297.8103859224,2043972.2103859223,231575.0,49400,98750.6
2024-10-24,2367648.6103859222,2043972.2103859223,225321.0,49400,98355.40000000001
2024-10-25,2367825.6103859222,2043972.2103859223,225498.0,49400,98355.40000000001
2024-10-28,2371754.010385922,2043972.2103859223,228389.0,49400,99392.8
2024-10-29,2369107.2103859223,2043972.2103859223,226088.0,49400,99047.0
2024-10-30,2371795.2103859223,2043972.2103859223,228035.0,49400,99788.0
2024-10-31,2359399.6103859222,2043972.2103859223,216825.0,49400,98602.4
2024-11-01,2358754.6103859222,2043972.2103859223,217415.0,49400,97367.40000000001
2024-11-04,2358536.4103859225,2043972.2103859223,217592.00000000003,49400,96972.2
2024-11-05,2364809.6103859222,2043972.2103859223,223964.0,49400,96873.40000000001
2024-11-06,2366280.8103859224,2043972.2103859223,222076.0,49400,100232.59999999999
2024-11-07,2369726.2103859223,2043972.2103859223,224731.00000000003,49400,101023.0
2024-11-08,2367193.4103859225,2043972.2103859223,221309.0,49400,101912.20000000001
2024-11-11,2369303.8103859224,2043972.2103859223,222135.0,49400,103196.59999999999
2024-11-12,2365061.4103859225,2043972.2103859223,216706.99999999997,49400,104382.2
2024-11-13,2376385.2103859223,2043972.2103859223,228919.99999999997,49400,103493.00000000001
2024-11-14,2371347.010385922,2043972.2103859223,222548.0,49400,104826.79999999999
2024-11-15,2364770.4103859225,2043972.2103859223,217651.0,49400,103147.2
2024-11-18,2364400.010385922,2043972.2103859223,216589.0,49400,103838.79999999999
2024-11-19,2361942.6103859222,2043972.2103859223,213934.0,49400,104036.4
2024-11-20,2362180.010385922,2043972.2103859223,213875.0,49400,104332.8
2024-11-21,2362405.010385922,2043972.2103859223,214347.0,49400,104085.8
2024-11-22,2356598.4103859225,2043972.2103859223,207503.0,49400,105123.20000000001
2024-11-25,2358136.870232962,1846828.0702329623,403765.0,49400,107543.8
2024-11-26,2359484.470232962,1846828.0702329623,404915.0,49400,107741.40000000001
2024-11-27,2367140.0702329623,1846828.0702329623,412620.00000000006,49400,107692.00000000001
2024-11-28,2354876.0090950425,1649587.8090950423,597695.0000000001,49400,107593.2
2024-11-29,2363685.609095042,1649587.8090950423,606307.0,49400,107790.8
2024-12-02,2381090.4090950424,1649587.8090950423,622872.0,49400,108630.59999999999
2024-12-03,2370372.609095042,1649587.8090950423,611265.0,49400,109519.8
2024-12-04,2368884.609095042,1649587.8090950423,609777.0,49400,109519.8
2024-12-05,2367251.0090950425,1649587.8090950423,607353.0,49400,110310.20000000001
2024-12-06,2367349.0090950425,1649587.8090950423,607698.0,49400,110063.20000000001
2024-12-09,2368729.609095042,1649587.8090950423,609128.0,49400,110013.79999999999
2024-12-10,2376349.609095042,1649587.8090950423,617736.0,49400,109025.79999999999
2024-12-11,2393569.609095042,1649587.8090950423,633968.0,49400,110013.79999999999
2024-12-12,2393603.609095042,1649587.8090950423,633755.0,49400,110260.8
2024-12-13,2378713.4090950424,1649587.8090950423,618272.0,49400,110853.6
2024-12-16,2372281.4090950424,1649587.8090950423,610358.0,49400,112335.6
2024-12-17,2388661.0259200423,2065729.4259200422,211583.99999999997,49400,111347.6
2024-12-18,2392442.0259200423,2065729.4259200422,216600.0,49400,110112.6
2024-12-19,2388030.225920042,2065729.4259200422,215745.0,49400,106555.8
2024-12-20,2383398.0259200423,2065729.4259200422,211755.0,49400,105913.6
2024-12-23,2388319.0259200423,2065729.4259200422,214206.0,49400,108383.59999999999
2024-12-24,2394079.825920042,2065729.4259200422,220361.99999999997,49400,107988.4
2024-12-25,2393198.225920042,2065729.4259200422,218936.99999999997,49400,108531.8
2024-12-26,2396538.425920042,2065729.4259200422,222129.0,49400,108680.00000000001
2024-12-27,2398886.825920042,2065729.4259200422,224922.0,49400,108235.4
2024-12-30,2394638.425920042,2065729.4259200422,221958.0,49400,106951.0
2024-12-31,2386282.225920042,2065729.4259200422,213750.0,49400,106802.8
2025-01-02,2368231.2740434026,1868417.0740434022,391974.0,49400,107840.2
2025-01-03,2353167.867064042,1669630.8670640422,576339.0,49400,107198.0
2025-01-06,2351118.3323008423,1471060.9323008424,770834.0,49400,109223.4
2025-01-07,2366426.2699862826,1271754.0699862824,986338.0,49400,108334.2
2025-01-08,2354089.0699862824,1271754.0699862824,974149.0,49400,108186.0
2025-01-09,2350333.4699862823,1271754.0699862824,970591.0,49400,107988.4
2025-01-10,2329905.2699862826,1271754.0699862824,950805.0,49400,107346.2
2025-01-13,2328080.6699862825,1271754.0699862824,950660.0,49400,105666.59999999999
2025-01-14,2394792.869986282,1271754.0699862824,1016236.0,49400,106802.8
2025-01-15,2383525.2699862826,1271754.0699862824,1005166.0,49400,106605.2
2025-01-16,2384120.2699862826,1271754.0699862824,1004032.0,49400,108334.2
2025-01-17,2387324.4699862823,1271754.0699862824,1007335.0,49400,108235.4
2025-01-20,2396392.4699862823,1271754.0699862824,1015909.0,49400,108729.40000000001
2025-01-21,2405975.0699862824,1271754.0699862824,1025541.0,49400,108680.00000000001
2025-01-22,2405693.7372583626,1504701.5372583624,791423.0,49400,109569.2
2025-01-23,2409201.5372583624,1504701.5372583624,795573.0,49400,108927.0
2025-01-24,2417080.1372583625,1504701.5372583624,803007.0,49400,109371.59999999999
2025-01-27,2387863.9372583623,1504701.5372583624,774680.0,49400,108482.40000000001
2025-02-05,2388805.337258362,1504701.5372583624,775819.0,49400,108284.8
2025-02-06,2407193.396208103,1312959.1962081024,985653.0,49400,108581.2
2025-02-07,2433817.3928115023,2120750.5928115025,204782.0,49400,108284.8
2025-02-10,2438966.3928115023,2120750.5928115025,210178.0,49400,108037.79999999999
2025-02-11,2440440.7928115027,2120750.5928115025,211850.0,49400,107840.2
2025-02-12,2440805.5928115025,2120750.5928115025,212610.0,49400,107444.99999999999
2025-02-13,2433475.3928115023,2120750.5928115025,205428.0,49400,107296.8
2025-02-14,2432213.7928115027,2120750.5928115025,204117.0,49400,107346.2
2025-02-17,2447512.5928115025,2120750.5928115025,219564.0,49400,107198.0
2025-02-18,2444510.5928115025,2120750.5928115025,215821.0,49400,107939.0
2025-02-19,2445300.9928115024,2120750.5928115025,217056.0,49400,107494.40000000001
2025-02-20,2445582.1928115026,2120750.5928115025,217436.0,49400,107395.59999999999
2025-02-21,2452745.1928115026,2120750.5928115025,225587.0,49400,106407.59999999999
2025-02-24,2443275.5928115025,2120750.5928115025,217550.0,49400,104975.0
2025-02-25,2435759.1928115026,2120750.5928115025,211565.0,49400,103443.59999999999
2025-02-26,2437263.9928115024,2120750.5928115025,213218.0,49400,103295.40000000001
2025-02-27,2429242.1928115026,2120750.5928115025,205542.0,49400,102949.6
2025-02-28,2412784.3928115023,2120750.5928115025,191653.0,49400,100380.8
2025-03-03,2409449.3960447023,1928328.3960447025,378863.0,49400,102257.99999999999
2025-03-04,2415545.0270220027,1730684.6270220026,584529.0,49400,100331.40000000001
2025-03-05,2419379.227022003,1730684.6270220026,588709.0,49400,99985.6
2025-03-06,2430222.627022003,1730684.6270220026,599503.0,49400,100035.0
2025-03-07,2414625.0270220027,1730684.6270220026,585091.0,49400,98849.4
2025-03-10,2417412.227022003,1730684.6270220026,587977.0,49400,98750.6
2025-03-11,2412777.227022003,1730684.6270220026,585812.0,49400,96280.6
2025-03-12,2421915.827022003,1730684.6270220026,595494.0,49400,95737.2
2025-03-13,2410351.4270220026,1730684.6270220026,584226.0,49400,95440.8
2025-03-14,2418397.627022003,1730684.6270220026,592371.0,49400,95342.0
2025-03-17,2420486.227022003,1730684.6270220026,594509.0,49400,95292.6
2025-03-18,2446794.827022003,1730684.6270220026,619879.0,49400,96231.2
2025-03-19,2424076.827022003,1730684.6270220026,597902.0,49400,95490.2
2025-03-20,2424026.0270220027,1730684.6270220026,595480.0,49400,97861.40000000001
2025-03-21,2406050.827022003,1730684.6270220026,577900.0,49400,97466.2
2025-03-24,2415602.227022003,1730684.6270220026,586167.0,49400,98750.6
2025-03-25,2410059.4270220026,1730684.6270220026,579735.0,49400,99639.79999999999
2025-03-26,2406420.0270220027,1730684.6270220026,576392.0,49400,99343.40000000001
2025-03-27,2397487.827022003,1730684.6270220026,568843.0,49400,97960.20000000001
2025-03-28,2393815.827022003,1730684.6270220026,566159.0,49400,96972.2
2025-03-31,2399791.9365820023,1536440.1365820025,769146.0,49400,94205.8
2025-04-01,2400486.9365820023,1536440.1365820025,768359.0,49400,95687.8
2025-04-02,2412971.9365820023,1536440.1365820025,780844.0,49400,95687.8
2025-04-03,2373023.9365820023,1536440.1365820025,742872.0,49400,93711.8
2025-04-07,2221893.6641996023,1343957.8641996025,793610.0,49400,84325.8
2025-04-08,2194776.2641996024,1343957.8641996025,763084.0,49400,87734.4
2025-04-09,2215597.4642862226,752700.6642862227,1377830.0,49400,85066.8
2025-04-10,2313209.0642862227,752700.6642862227,1467340.0,49400,93168.4
2025-04-11,2329115.0642862227,752700.6642862227,1485469.0,49400,90945.4
2025-04-14,2371375.4642862226,752700.6642862227,1526198.0,49400,92476.8
2025-04-15,2351552.664286223,752700.6642862227,1506721.0,49400,92131.0
2025-04-16,2310127.7342862226,759061.9342862227,1460071.0,49400,90994.8
2025-04-17,2305669.934286223,759061.9342862227,1455959.0,49400,90649.0
2025-04-18,2346504.534286223,759061.9342862227,1497090.0,49400,90352.59999999999
2025-04-21,2379759.3342862227,759061.9342862227,1531481.0,49400,89216.40000000001
2025-04-22,2361875.134286223,759061.9342862227,1513745.0,49400,89068.2
2025-04-23,2449623.934286223,759061.9342862227,1598925.0,49400,91637.0
2025-04-24,2418226.3342862227,759061.9342862227,1567972.0,49400,91192.40000000001
2025-04-25,2480679.934286223,759061.9342862227,1628005.0,49400,93613.0
2025-04-28,2441585.3342862227,759061.9342862227,1588614.0,49400,93909.4
2025-04-29,2435419.7342862226,759061.9342862227,1582646.0,49400,93711.8
2025-04-30,2442319.934286223,759061.9342862227,1589398.0,49400,93860.0
2025-05-06,2500785.134286223,759061.9342862227,1646974.0,49400,94749.2
2025-05-07,2527794.4152661427,1971267.6152661429,461580.0,49400,94946.8
2025-05-08,2563529.743454903,2467693.743454903,0.0,49400,95836.0
2025-05-09,2563628.5434549027,2467693.743454903,0.0,49400,95934.8
2025-05-12,2565382.953886703,2269874.753886703,198535.99999999997,49400,96972.2
2025-05-13,2564234.5538867027,2269874.753886703,196696.0,49400,97663.8
2025-05-14,2567254.953886703,2269874.753886703,197938.0,49400,99442.2
2025-05-15,2562791.353886703,2269874.753886703,194166.0,49400,98750.6
2025-05-16,2565075.607879023,2076062.807879023,389620.0,49400,99392.8
2025-05-19,2566205.207879023,2076062.807879023,391046.0,49400,99096.4
2025-05-20,2567281.8078790233,2076062.807879023,391184.0,49400,100035.0
2025-05-21,2562078.807879023,2076062.807879023,386721.99999999994,49400,99293.99999999999
2025-05-22,2559845.4078790233,2076062.807879023,385526.0,49400,98256.6
2025-05-23,2555511.207879023,2076062.807879023,381340.0,49400,98108.4
2025-05-26,2560910.207879023,2076062.807879023,386492.0,49400,98355.40000000001
2025-05-27,2556514.607879023,2076062.807879023,381800.0,49400,98651.8
2025-05-28,2550485.484984223,1890849.684984223,560243.0,49400,99392.8
2025-05-29,2558924.484984223,1890849.684984223,567694.0,49400,100380.8
2025-05-30,2548559.284984223,1890849.684984223,558712.0,49400,98997.6
2025-06-03,2548263.684984223,1890849.684984223,558120.0,49400,99293.99999999999
2025-06-04,2555960.284984223,1890849.684984223,564878.0,49400,100232.59999999999
2025-06-05,2565036.684984223,1890849.684984223,574152.0,49400,100035.0
2025-06-06,2562811.284984223,1890849.684984223,571976.0,49400,99985.6
2025-06-09,2563740.684984223,1890849.684984223,572362.0,49400,100529.0
2025-06-10,2550667.084984223,1890849.684984223,559239.0,49400,100578.40000000001
2025-06-11,2553368.084984223,1890849.684984223,561446.0,49400,101072.4
2025-06-12,2551507.684984223,1890849.684984223,559882.0,49400,100776.0
2025-06-13,2553089.884984223,1890849.684984223,562304.0,49400,99936.20000000001
2025-06-16,2554340.297353023,1750553.097353023,703110.0,49400,100677.2
2025-06-17,2544960.297353023,1750553.097353023,693730.0,49400,100677.2
2025-06-18,2546001.097353023,1750553.097353023,694919.0,49400,100529.0
2025-06-19,2543402.097353023,1750553.097353023,692814.0,49400,100035.0
2025-06-20,2539631.897353023,1750553.097353023,688945.0,49400,100133.8
2025-06-23,2549764.465741103,2137329.465741103,312400.0,49400,100035.0
2025-06-24,2565037.865741103,2137329.465741103,325895.0,49400,101813.4
2025-06-25,2566259.465741103,2137329.465741103,326919.0,49400,102011.0
2025-06-26,2571706.6396432226,2327399.2396432227,142000.0,49400,102307.40000000001
2025-06-27,2571003.6396432226,2327399.2396432227,140309.0,49400,103295.40000000001
2025-06-30,2572190.0396432225,2327399.2396432227,140952.0,49400,103838.79999999999
2025-07-01,2571451.6396432226,2327399.2396432227,140510.0,49400,103542.40000000001
2025-07-02,2572593.2396432227,2327399.2396432227,140960.0,49400,104234.0
2025-07-03,2573390.8396432227,2327399.2396432227,141560.0,49400,104431.59999999999
2025-07-04,2574596.2396432227,2327399.2396432227,142222.0,49400,104975.0
2025-07-07,2573246.6396432226,2327399.2396432227,141070.0,49400,104777.4
2025-07-08,2573787.6396432226,2327399.2396432227,141611.0,49400,104777.4
2025-07-09,2573207.1993162227,2468824.9993162225,0.0,49400,104382.2
2025-07-10,2573602.3993162224,2468824.9993162225,0.0,49400,104777.4
2025-07-11,2573750.5993162226,2468824.9993162225,0.0,49400,104925.6
2025-07-14,2572910.7993162223,2468824.9993162225,0.0,49400,104085.8
2025-07-15,2574096.3993162224,2468824.9993162225,0.0,49400,105271.4
2025-07-16,2573305.9993162225,2468824.9993162225,0.0,49400,104481.00000000001
2025-07-17,2574096.3993162224,2468824.9993162225,0.0,49400,105271.4
2025-07-18,2574689.1993162227,2468824.9993162225,0.0,49400,105864.2
2025-07-21,2574540.9993162225,2468824.9993162225,0.0,49400,105716.0
2025-07-22,2574343.3993162224,2468824.9993162225,0.0,49400,105518.40000000001
2025-07-23,2574738.5993162226,2468824.9993162225,0.0,49400,105913.6
2025-07-24,2575183.1993162227,2468824.9993162225,0.0,49400,106358.2
2025-07-25,2575726.5993162226,2468824.9993162225,0.0,49400,106901.6
2025-07-28,2576763.9993162225,2468824.9993162225,0.0,49400,107939.0
2025-07-29,2576714.5993162226,2468824.9993162225,0.0,49400,107889.6
2025-07-30,2576516.9993162225,2468824.9993162225,0.0,49400,107692.00000000001
2025-07-31,2577603.7993162223,2468824.9993162225,0.0,49400,108778.8
2025-08-01,2576121.7993162223,2468824.9993162225,0.0,49400,107296.8
2025-08-04,2574936.1993162227,2468824.9993162225,0.0,49400,106111.20000000001
2025-08-05,2576862.7993162223,2468824.9993162225,0.0,49400,108037.79999999999
2025-08-06,2576220.5993162226,2468824.9993162225,0.0,49400,107395.59999999999
2025-08-07,2576220.5993162226,2468824.9993162225,0.0,49400,107395.59999999999
2025-08-08,2576220.5993162226,2468824.9993162225,0.0,49400,107395.59999999999
2025-08-11,2577109.7993162223,2468824.9993162225,0.0,49400,108284.8
2025-08-12,2576862.7993162223,2468824.9993162225,0.0,49400,108037.79999999999
2025-08-13,2577702.5993162226,2468824.9993162225,0.0,49400,108877.6
2025-08-14,2577653.1993162227,2468824.9993162225,0.0,49400,108828.2
2025-08-15,2578344.7993162223,2468824.9993162225,0.0,49400,109519.8
2025-08-18,2577653.1993162227,2468824.9993162225,0.0,49400,108828.2
2025-08-19,2577356.7993162223,2468824.9993162225,0.0,49400,108531.8
2025-08-20,2576763.9993162225,2468824.9993162225,0.0,49400,107939.0
2025-08-21,2576665.1993162227,2468824.9993162225,0.0,49400,107840.2
2025-08-22,2576022.9993162225,2468824.9993162225,0.0,49400,107198.0
2025-08-25,2577504.9993162225,2468824.9993162225,0.0,49400,108680.00000000001
2025-08-26,2577060.3993162224,2468824.9993162225,0.0,49400,108235.4
2025-08-27,2577801.3993162224,2468824.9993162225,0.0,49400,108976.4
2025-08-28,2577208.5993162226,2468824.9993162225,0.0,49400,108383.59999999999
2025-08-29,2577257.9993162225,2468824.9993162225,0.0,49400,108432.99999999999
2025-09-01,2576763.9993162225,2468824.9993162225,0.0,49400,107939.0
2025-09-02,2576862.7993162223,2468824.9993162225,0.0,49400,108037.79999999999
2025-09-03,2576368.7993162223,2468824.9993162225,0.0,49400,107543.8
2025-09-04,2576961.5993162226,2468824.9993162225,0.0,49400,108136.6
2025-09-05,2577702.5993162226,2468824.9993162225,0.0,49400,108877.6
2025-09-08,2577257.9993162225,2468824.9993162225,0.0,49400,108432.99999999999
2025-09-09,2577406.1993162227,2468824.9993162225,0.0,49400,108581.2
2025-09-10,2577850.7993162223,2468824.9993162225,0.0,49400,109025.79999999999
2025-09-11,2577998.9993162225,2468824.9993162225,0.0,49400,109174.0
2025-09-12,2578591.7993162223,2468824.9993162225,0.0,49400,109766.8
2025-09-15,2578937.5993162226,2468824.9993162225,0.0,49400,110112.6
2025-09-16,2579382.1993162227,2468824.9993162225,0.0,49400,110557.2
2025-09-17,2578986.9993162225,2468824.9993162225,0.0,49400,110162.0
2025-09-18,2579530.3993162224,2468824.9993162225,0.0,49400,110705.40000000001
2025-09-19,2580073.7993162223,2468824.9993162225,0.0,49400,111248.79999999999
2025-09-22,2580913.5993162226,2468824.9993162225,0.0,49400,112088.6
2025-09-23,2581852.1993162227,2468824.9993162225,0.0,49400,113027.2
2025-09-24,2581456.9993162225,2468824.9993162225,0.0,49400,112631.99999999999
2025-09-25,2580962.9993162225,2468824.9993162225,0.0,49400,112138.0
2025-09-26,2580715.9993162225,2468824.9993162225,0.0,49400,111891.0
2025-09-29,2581506.3993162224,2468824.9993162225,0.0,49400,112681.40000000001
2025-09-30,2581654.5993162226,2468824.9993162225,0.0,49400,112829.59999999999
2025-10-09,2583531.7993162223,2468824.9993162225,0.0,49400,114706.8
2025-10-10,2583877.5993162226,2468824.9993162225,0.0,49400,115052.6
2025-10-13,2582148.5993162226,2468824.9993162225,0.0,49400,113323.6
2025-10-14,2580617.1993162227,2468824.9993162225,0.0,49400,111792.2
2025-10-15,2586244.204466223,2296107.6044662227,177060.0,49400,113076.6
2025-10-16,2592471.6044662227,2296107.6044662227,183485.0,49400,112879.0
2025-10-17,2594699.804466223,2296107.6044662227,186800.0,49400,111792.2
2025-10-20,2612265.0044662226,2296107.6044662227,201500.0,49400,114657.40000000001
2025-10-21,2631762.0044662226,2296107.6044662227,220750.0,49400,114904.40000000001
2025-10-22,2634248.804466223,2296107.6044662227,222150.0,49400,115991.2
2025-10-23,2632736.4044662225,2296107.6044662227,220440.0,49400,116188.79999999999
2025-10-24,2647477.8312182226,2530893.8312182226,0.0,49400,116584.0
2025-10-27,2650194.8312182226,2530893.8312182226,0.0,49400,119301.0
2025-10-28,2650491.2312182225,2530893.8312182226,0.0,49400,119597.4
2025-10-29,2652813.031218223,2530893.8312182226,0.0,49400,121919.2
2025-10-30,2653060.031218223,2530893.8312182226,0.0,49400,122166.2
2025-10-31,2652121.4312182227,2530893.8312182226,0.0,49400,121227.6
2025-11-03,2653356.4312182227,2530893.8312182226,0.0,49400,122462.6
2025-11-04,2650194.8312182226,2530893.8312182226,0.0,49400,119301.0
2025-11-05,2648861.031218223,2530893.8312182226,0.0,49400,117967.2
2025-11-06,2648910.4312182227,2530893.8312182226,0.0,49400,118016.59999999999
2025-11-07,2648663.4312182227,2530893.8312182226,0.0,49400,117769.59999999999
2025-11-10,2650639.4312182227,2530893.8312182226,0.0,49400,119745.59999999999
2025-11-11,2650935.8312182226,2530893.8312182226,0.0,49400,120042.00000000001
2025-11-12,2652566.031218223,2530893.8312182226,0.0,49400,121672.2
2025-11-13,2653801.031218223,2530893.8312182226,0.0,49400,122907.2
2025-11-14,2651825.031218223,2530893.8312182226,0.0,49400,120931.2
2025-11-17,2652121.4312182227,2530893.8312182226,0.0,49400,121227.6
2025-11-18,2649404.4312182227,2530893.8312182226,0.0,49400,118510.6
2025-11-19,2647428.4312182227,2530893.8312182226,0.0,49400,116534.6
2025-11-20,2650096.031218223,2530893.8312182226,0.0,49400,119202.2
2025-11-21,2647230.8312182226,2530893.8312182226,0.0,49400,116337.0
2025-11-24,2647099.2886242224,2343758.2886242224,185275.0,49400,118066.0
2025-11-25,2655280.8339374624,1951238.2339374623,585285.0,49400,118757.59999999999
2025-11-26,2666514.033937462,1951238.2339374623,594394.0,49400,120881.8
2025-11-27,2670164.4339374625,1951238.2339374623,598736.0,49400,120190.2
2025-11-28,2678445.4339374625,1951238.2339374623,605535.0,49400,121672.2
2025-12-01,2679997.2339374623,1951238.2339374623,607235.0,49400,121524.0
2025-12-02,2679013.2339374623,1951238.2339374623,606251.0,49400,121524.0
2025-12-03,2674664.8339374624,1951238.2339374623,601458.0,49400,121968.59999999999
2025-12-04,2676792.6339374622,1951238.2339374623,603981.0,49400,121573.4
2025-12-05,2677726.6339374622,1951238.2339374623,605409.0,49400,121079.40000000001
2025-12-08,2698023.8339374624,1951238.2339374623,626052.0,49400,120733.59999999999
2025-12-09,2708796.2339374623,1951238.2339374623,638010.0,49400,119548.0
2025-12-10,2700336.4339374625,1951238.2339374623,628414.0,49400,120684.2
2025-12-11,2691791.033937462,1951238.2339374623,620412.0,49400,120140.8
2025-12-12,2686731.4339374625,1951238.2339374623,614315.0,49400,121178.2
2025-12-15,2670520.033937462,1951238.2339374623,598400.0,49400,120881.8
2025-12-16,2664316.2339374623,1951238.2339374623,593530.0,49400,119548.0
2025-12-17,2686354.2339374623,1951238.2339374623,614827.0,49400,120289.0
2025-12-18,2667279.6339374622,1951238.2339374623,596197.0,49400,119844.40000000001
2025-12-19,2674261.966339622,2162132.5663396223,391050.0,49400,121079.40000000001
2025-12-22,2681548.966339622,2162132.5663396223,398090.0,49400,121326.4
2025-12-23,2692074.366339622,2162132.5663396223,409060.0,49400,120881.8
2025-12-24,2699199.5663396223,2162132.5663396223,415790.0,49400,121277.0
2025-12-25,2703346.6407478224,2395416.440747822,186505.0,49400,121425.20000000001
2025-12-26,2704204.840747822,2395416.440747822,187215.0,49400,121573.4
2025-12-29,2700953.240747822,2395416.440747822,184655.0,49400,120881.8
2025-12-30,2700503.0407478223,2395416.440747822,184600.0,49400,120486.6
2025-12-31,2699187.240747822,2395416.440747822,183630.0,49400,120140.8
2026-01-05,2706085.6407478224,2395416.440747822,188750.0,49400,121919.2
2026-01-06,2704281.240747822,2395416.440747822,186995.0,49400,121869.8
2026-01-07,2702692.440747822,2395416.440747822,185505.0,49400,121771.0
2026-01-08,2701446.6407478224,2395416.440747822,184605.0,49400,121425.20000000001
2026-01-09,2704186.5898082224,2197707.5898082224,384955.0,49400,121524.0
2026-01-12,2699520.7898082226,2197707.5898082224,380388.0,49400,121425.20000000001
2026-01-13,2693946.8259244226,2004834.8259244224,567588.0,49400,121524.0
2026-01-14,2682096.8582893224,1629227.0582893225,931741.0,49400,121128.8
2026-01-15,2716824.0582893225,1629227.0582893225,966814.0,49400,120782.99999999999
2026-01-16,2716534.4780506226,1450006.4780506226,1145251.0,49400,121277.0
2026-01-19,2712123.8780506225,1450006.4780506226,1141532.0,49400,120585.4
2026-01-20,2699118.7325506224,1274785.9325506226,1304192.0,49400,120140.8
2026-01-21,2702531.7325506224,1274785.9325506226,1307852.0,49400,119893.8
2026-01-22,2698862.5325506227,1274785.9325506226,1302602.0,49400,121474.6
2026-01-23,2680135.5325506227,1274785.9325506226,1285110.0,49400,120239.6
2026-01-26,2661801.7325506224,1274785.9325506226,1267863.0,49400,119152.8
2026-01-27,2659735.5325506227,1274785.9325506226,1265204.0,49400,119745.59999999999
2026-01-28,2655097.132550623,1274785.9325506226,1260121.0,49400,120190.2
2026-01-29,2648468.9325506226,1274785.9325506226,1253888.0,49400,119794.99999999999
2026-01-30,2679543.6751191425,1290467.0751191427,1268590.0,49400,120486.6
2026-02-02,2679628.6751191425,1290467.0751191427,1272380.0,49400,116781.59999999999
2026-02-03,2680672.0751191424,1290467.0751191427,1272880.0,49400,117325.0
2026-02-04,2705413.446519143,1180328.4465191427,1407760.0,49400,117325.0
2026-02-05,2702952.179143143,1911439.9791431427,674533.0,49400,116979.2
2026-02-06,2692225.9907368426,1807053.5907368427,770268.0,49400,114904.40000000001
2026-02-09,2712338.688978843,1638541.4889788427,956077.0,49400,117720.2
2026-02-10,2712288.088978843,1638541.4889788427,955483.0,49400,118263.6
2026-02-11,2694857.4889788427,1638541.4889788427,938003.0,49400,118313.0
2026-02-12,2693490.9076308426,1640006.3076308428,935468.0,49400,118016.59999999999
2026-02-13,2699913.1076308424,1640006.3076308428,942236.0,49400,117670.8
2026-02-24,2695265.3076308426,1640006.3076308428,937440.0,49400,117818.99999999999
2026-02-25,2711408.1076308424,1640006.3076308428,953731.0,49400,117670.8
2026-02-26,2725961.9076308426,1640006.3076308428,968186.0,49400,117769.59999999999
2026-02-27,2706144.1076308424,1640006.3076308428,948220.0,49400,117917.8
2026-03-02,2706255.5076308427,1640006.3076308428,949764.0,49400,116485.20000000001
2026-03-03,2666648.2901044427,1443118.490104443,1106600.0,49400,116929.8
2026-03-04,2637931.690104443,1443118.490104443,1079316.0,49400,115497.2
2026-03-05,2665203.114780443,1245469.7147804429,1303100.0,49400,116633.40000000001
2026-03-06,2664339.714780443,1245469.7147804429,1302780.0,49400,116090.0
2026-03-09,2634588.314780443,1245469.7147804429,1275795.0,49400,113323.6
2026-03-10,2701441.114780443,1245469.7147804429,1341808.0,49400,114163.4
2026-03-11,2709199.914780443,1245469.7147804429,1349468.0,49400,114262.20000000001
2026-03-12,2694458.914780443,1245469.7147804429,1334480.0,49400,114509.2
2026-03-13,2687360.114780443,1245469.7147804429,1328962.0,49400,112928.40000000001
2026-03-16,2690348.314780443,1245469.7147804429,1332296.0,49400,112582.59999999999
2026-03-17,2703794.363947843,1418280.163947843,1172734.0,49400,112780.2
2026-03-18,2691637.763947843,1418280.163947843,1160528.0,49400,112829.59999999999
2026-03-19,2659646.763947843,1418280.163947843,1129772.0,49400,111594.59999999999
2026-03-20,2656296.1656414433,1218388.565641443,1327054.0,49400,110853.6
2026-03-23,2597365.1656414433,1218388.565641443,1272816.0,49400,106160.6
2026-03-24,2635831.180733943,824017.180733943,1703628.0,49400,108186.0
2026-03-25,2743063.380733943,824017.180733943,1809724.0,49400,109322.2
2026-03-26,2735806.1509662634,1815102.550966263,811085.0000000001,49400,109618.59999999999
2026-03-27,2739702.150966263,1815102.550966263,815475.0,49400,109124.6
2026-03-30,2735879.9509662627,1815102.550966263,813530.0,49400,107247.4
2026-03-31,2724204.150966263,1815102.550966263,802200.0,49400,106901.6
2026-04-01,2776374.205466263,1639882.005466263,1025935.0,49400,110557.2
2026-04-02,2735347.4054662627,1639882.005466263,986489.0,49400,108976.4
2026-04-03,2744883.4054662627,1639882.005466263,996025.0,49400,108976.4
2026-04-07,2784443.796849783,2095530.9968497832,579887.0,49400,109025.79999999999
2026-04-08,2824215.8320728233,1895983.8320728233,815106.0,49400,113126.0
2026-04-09,2805541.8320728233,1895983.8320728233,797173.0,49400,112385.0
2026-04-10,2826009.4320728234,1895983.8320728233,816702.0,49400,113323.6
2026-04-13,2827697.232072823,1895983.8320728233,819032.0,49400,112681.40000000001
2026-04-14,2864389.0320728235,1895983.8320728233,854143.0,49400,114262.20000000001
2026-04-15,2863544.471697823,2342072.6716978233,406024.0,49400,115447.8
2026-04-16,2873854.6716978233,2342072.6716978233,414951.0,49400,116831.00000000001
2026-04-17,2876585.946217743,2547552.5462177433,212400.0,49400,116633.40000000001
2026-04-20,2880456.5462177433,2547552.5462177433,216319.99999999997,49400,116584.0
2026-04-21,2882598.5462177433,2547552.5462177433,217967.99999999997,49400,117078.0
2026-04-22,2883834.7462177435,2547552.5462177433,219056.0,49400,117226.20000000001
2026-04-23,2879781.1462177434,2547552.5462177433,215200.0,49400,117028.6
2026-04-24,2878496.946217743,2547552.5462177433,214064.0,49400,116880.40000000001
2026-04-27,2875546.1462177434,2547552.5462177433,210223.99999999997,49400,117769.59999999999
2026-04-28,2874282.346217743,2547552.5462177433,207823.99999999997,49400,118905.8
2026-04-29,2887567.946217743,2547552.5462177433,220912.0,49400,119103.40000000001
2026-04-30,2886907.1462177434,2547552.5462177433,219856.0,49400,119498.6
2026-05-06,2893628.1462177434,2547552.5462177433,224848.0,49400,121227.6
2026-05-07,2893363.346217743,2547552.5462177433,223200.0,49400,122610.8
2026-05-08,2898194.9639495835,2775534.7639495833,0.0,49400,122660.20000000001
2026-05-11,2898639.563949583,2775534.7639495833,0.0,49400,123104.8
2026-05-12,2897898.563949583,2775534.7639495833,0.0,49400,122363.79999999999
2026-05-13,2898441.9639495835,2775534.7639495833,0.0,49400,122907.2
2026-05-14,2898491.3639495834,2775534.7639495833,0.0,49400,122956.59999999999
2026-05-15,2898046.7639495833,2775534.7639495833,0.0,49400,122512.0
2026-05-18,2896070.7639495833,2775534.7639495833,0.0,49400,120536.0
2026-05-19,2896070.7639495833,2775534.7639495833,0.0,49400,120536.0
2026-05-20,2895675.563949583,2775534.7639495833,0.0,49400,120140.8
2026-05-21,2896663.563949583,2775534.7639495833,0.0,49400,121128.8
2026-05-22,2898293.7639495833,2775534.7639495833,0.0,49400,122759.0
2026-05-25,2901307.163949583,2775534.7639495833,0.0,49400,125772.4
2026-05-26,2900467.3639495834,2775534.7639495833,0.0,49400,124932.59999999999
2026-05-27,2901060.163949583,2775534.7639495833,0.0,49400,125525.4
2026-05-28,2900220.3639495834,2775534.7639495833,0.0,49400,124685.6
2026-05-29,2901850.563949583,2775534.7639495833,0.0,49400,126315.8
2026-06-01,2905209.7639495833,2775534.7639495833,0.0,49400,129675.0
2026-06-02,2904518.163949583,2775534.7639495833,0.0,49400,128983.40000000001
2026-06-03,2904073.563949583,2775534.7639495833,0.0,49400,128538.79999999999
2026-06-04,2902295.163949583,2775534.7639495833,0.0,49400,126760.4
2026-06-05,2902393.9639495835,2775534.7639495833,0.0,49400,126859.2
2026-06-08,2899775.7639495833,2775534.7639495833,0.0,49400,124241.0
2026-06-09,2901603.563949583,2775534.7639495833,0.0,49400,126068.8
2026-06-10,2899775.7639495833,2775534.7639495833,0.0,49400,124241.0
2026-06-11,2898935.9639495835,2775534.7639495833,0.0,49400,123401.20000000001
2026-06-12,2899775.7639495833,2775534.7639495833,0.0,49400,124241.0
2026-06-15,2902690.3639495834,2775534.7639495833,0.0,49400,127155.59999999999
2026-06-16,2903283.163949583,2775534.7639495833,0.0,49400,127748.4
2026-06-17,2902887.9639495835,2775534.7639495833,0.0,49400,127353.2
2026-06-18,2902196.3639495834,2775534.7639495833,0.0,49400,126661.6
2026-06-22,2902245.7639495833,2775534.7639495833,0.0,49400,126711.0
2026-06-23,2899281.7639495833,2775534.7639495833,0.0,49400,123747.0
2026-06-24,2900170.9639495835,2775534.7639495833,0.0,49400,124636.20000000001
2026-06-25,2899923.9639495835,2775534.7639495833,0.0,49400,124389.2
2026-06-26,2898145.563949583,2775534.7639495833,0.0,49400,122610.8
2026-06-29,2897947.9639495835,2775534.7639495833,0.0,49400,122413.20000000001
2026-06-30,2898194.9639495835,2775534.7639495833,0.0,49400,122660.20000000001
2026-07-01,2898590.163949583,2775534.7639495833,0.0,49400,123055.40000000001
2026-07-02,2887652.4219367835,2586016.2219367833,178976.0,49400,122660.20000000001
2026-07-03,2886288.4219367835,2586016.2219367833,176624.0,49400,123648.20000000001
2026-07-06,2892543.4327967833,2396778.0327967834,371722.0,49400,124043.40000000001
2026-07-07,2882720.0114059835,2201952.8114059833,555884.0,49400,124883.2
2026-07-08,2863630.0114059835,2201952.8114059833,538029.0,49400,123648.20000000001
2026-07-09,2874414.493588983,2006256.4935889833,743917.0,49400,124241.0
2026-07-10,2837373.293588983,2006256.4935889833,706283.0,49400,124833.8
2026-07-13,2780091.293588983,2006256.4935889833,649248.0,49400,124586.79999999999
2026-07-14,2802797.493588983,2006256.4935889833,671065.0,49400,125476.0
2026-07-15,2789913.093588983,2006256.4935889833,656995.0,49400,126661.6
2026-07-16,2751699.4467889834,1826029.6467889834,798366.0,49400,127303.8
2026-07-17,2676334.846788984,1826029.6467889834,726657.0,49400,123648.20000000001
2026-07-20,2646817.1863769833,1639594.9863769833,883821.0,49400,123401.20000000001
2026-07-21,2706280.386376983,1639594.9863769833,941901.0,49400,124784.4
2026-07-22,2670426.1863769833,1639594.9863769833,906195.0,49400,124636.20000000001
2026-07-23,2698620.586376983,1639594.9863769833,934340.0,49400,124685.6
2026-07-24,2651267.386376983,1639594.9863769833,887876.0,49400,123796.4
2026-07-27,2681200.986376983,1639594.9863769833,917118.0,49400,124488.0
2026-07-28,2600150.586376983,1639594.9863769833,837846.0,49400,122709.6
2026-07-29,2586877.386376983,1639594.9863769833,823239.0,49400,124043.40000000001
2026-07-30,2575168.586376983,1639594.9863769833,813111.0,49400,122462.6
2026-07-31,2585627.586376983,1639594.9863769833,822088.0,49400,123944.59999999999
2026-08-03,2561787.1863769833,1639594.9863769833,797062.0,49400,125130.2
2026-08-04,2599616.786376983,1639594.9863769833,832471.0,49400,127550.79999999999
2026-08-05,2649527.586376983,1639594.9863769833,878084.0,49400,131848.6
2026-08-06,2654252.986376983,1639594.9863769833,881772.0,49400,132886.0
2026-08-07,2707831.986376983,1639594.9863769833,935104.0,49400,133133.0
2026-08-10,2703312.386376983,1639594.9863769833,930535.0,49400,133182.4
2026-08-11,2708643.8031917834,1983219.4031917835,591254.0,49400,134170.40000000002
2026-08-12,2719484.6031917837,1983219.4031917835,602984.0,49400,133281.2
2026-08-13,2697455.8031917834,1983219.4031917835,580313.0,49400,133923.4
2026-08-14,2737356.6031917837,1983219.4031917835,616904.0,49400,137233.2
2026-08-17,2764810.7069895435,2295245.5069895433,333813.99999999994,49400,135751.2
2026-08-18,2757166.7069895435,2295245.5069895433,329134.0,49400,132787.2
2026-08-19,2726970.306989543,2295245.5069895433,301210.0,49400,130514.79999999999
2026-08-20,2732461.5069895433,2295245.5069895433,305071.0,49400,132145.0
2026-08-21,2734482.652617883,2096103.8526178834,506382.0,49400,131996.80000000002
2026-08-24,2713083.652617883,2096103.8526178834,484983.0,49400,131996.80000000002
2026-08-25,2721727.296538414,2721727.296538414,0.0,0,0.0
