sample,episode_id,ts_code,signal_date,stop_pct,bound,ret0,cf_ret,delta,cf_hold,trig,exec,pending,coll,gap,mae_cf
PRIMARY,1,000651.SZ,2020-03-19,-10.0,STOP_FIRST,8.76502998612771,8.76502998612771,0.0,15,0,0,0,0,0,-3.253806511060575
PRIMARY,2,600030.SH,2020-03-16,-10.0,STOP_FIRST,1.2152522266729697,1.2152522266729697,0.0,19,0,0,0,0,0,-7.086832162571954
PRIMARY,3,300750.SZ,2020-02-28,-10.0,STOP_FIRST,-1.0193924653390611,-6.3493958563406565,-5.330003391001595,12,1,1,0,0,1,-24.419958905481774
PRIMARY,4,601318.SH,2020-02-28,-10.0,STOP_FIRST,-1.3453625770562572,-3.9032366938148586,-2.5578741167586014,14,1,1,0,0,1,-15.814522556095568
PRIMARY,5,600036.SH,2020-03-19,-10.0,STOP_FIRST,10.683448687695108,10.683448687695108,0.0,25,0,0,0,0,0,-0.09990265754196148
PRIMARY,6,002475.SZ,2020-03-17,-10.0,STOP_FIRST,14.92275528149982,-10.22662768107341,-25.149382962573227,4,1,1,0,0,0,-11.112505536775796
PRIMARY,7,000858.SZ,2020-03-17,-10.0,STOP_FIRST,26.82736619482785,-6.349335751344004,-33.17670194617185,3,1,1,0,0,0,-12.958069092199342
PRIMARY,8,000063.SZ,2020-03-17,-10.0,STOP_FIRST,3.2396956676295363,-10.226627681073417,-13.466323348702954,28,1,1,0,0,0,-10.59060271470772
PRIMARY,9,000725.SZ,2020-03-16,-10.0,STOP_FIRST,4.611959703094805,-4.007216449676209,-8.619176152771015,31,1,1,0,0,1,-20.127607365604128
PRIMARY,10,002506.SZ,2020-03-26,-10.0,STOP_FIRST,-6.524016348081019,-5.9716325167208835,0.5523838313601352,23,1,1,0,0,1,-31.211643047504246
PRIMARY,11,600519.SH,2020-03-18,-10.0,STOP_FIRST,39.54846152311298,39.54846152311298,0.0,48,0,0,0,0,0,-3.505987509815356
PRIMARY,12,000002.SZ,2020-03-18,-10.0,STOP_FIRST,4.681297620587952,4.681297620587952,0.0,49,0,0,0,0,0,-6.372695888701285
PRIMARY,13,002714.SZ,2020-05-11,-10.0,STOP_FIRST,-37.346517858183255,-39.08929023133747,-1.7427723731542173,17,1,1,0,0,1,-43.62347582705105
PRIMARY,14,000063.SZ,2020-05-25,-10.0,STOP_FIRST,8.355437860095789,8.355437860095789,0.0,17,0,0,0,0,0,-5.214052830367422
PRIMARY,15,002415.SZ,2020-05-25,-10.0,STOP_FIRST,7.15509150196319,7.15509150196319,0.0,17,0,0,0,0,0,-2.5965128554330974
PRIMARY,16,600703.SH,2020-06-15,-10.0,STOP_FIRST,15.534542524394753,15.534542524394753,0.0,12,0,0,0,0,0,-1.7232235549681896
PRIMARY,17,600030.SH,2020-09-07,-10.0,STOP_FIRST,3.3416942678344705,3.3416942678344705,0.0,18,0,0,0,0,0,-2.3347247522243597
PRIMARY,18,300059.SZ,2020-09-09,-10.0,STOP_FIRST,4.052671012057143,4.052671012057143,0.0,16,0,0,0,0,0,-5.835594827212354
PRIMARY,19,600276.SH,2020-09-17,-10.0,STOP_FIRST,7.964121567403469,7.964121567403469,0.0,10,0,0,0,0,0,-0.30802389658590723
PRIMARY,20,000063.SZ,2020-09-10,-10.0,STOP_FIRST,8.16654508112372,8.16654508112372,0.0,16,0,0,0,0,0,-2.1893558485753473
PRIMARY,21,000651.SZ,2020-09-28,-10.0,STOP_FIRST,7.18749636223901,7.18749636223901,0.0,5,0,0,0,0,0,-0.7920940870049797
PRIMARY,22,600036.SH,2020-09-30,-10.0,STOP_FIRST,8.189846606772502,8.189846606772502,0.0,5,0,0,0,0,0,-0.8409143929827279
PRIMARY,23,002456.SZ,2020-09-01,-10.0,STOP_FIRST,0.3287151054327302,-6.477445975097433,-6.806161080530163,7,1,1,0,0,1,-16.877466166367018
PRIMARY,24,300136.SZ,2020-10-12,-10.0,STOP_FIRST,3.7523403888601528,-8.157552231114824,-11.909892619974977,9,1,1,0,0,0,-11.264076050883421
PRIMARY,25,600030.SH,2020-10-26,-10.0,STOP_FIRST,5.218510332201447,5.218510332201447,0.0,19,0,0,0,0,0,-4.85376403171518
PRIMARY,26,000661.SZ,2020-09-16,-10.0,STOP_FIRST,10.365131138225253,-5.873322144135988,-16.23845328236124,22,1,1,0,0,0,-10.396266523703268
PRIMARY,27,600745.SH,2020-09-08,-10.0,STOP_FIRST,1.4169185149017833,-5.351620756841717,-6.7685392717435,25,1,1,0,0,1,-24.96934183424869
PRIMARY,28,601012.SH,2020-11-13,-10.0,STOP_FIRST,11.570904483395198,11.570904483395198,0.0,17,0,0,0,0,0,-7.125413198287678
PRIMARY,29,300122.SZ,2020-11-11,-10.0,STOP_FIRST,21.594186068179752,-5.413702989428535,-27.00788905760829,5,1,1,0,0,1,-14.25593292277403
PRIMARY,30,002475.SZ,2020-11-16,-10.0,STOP_FIRST,4.922943424348968,4.922943424348968,0.0,26,0,0,0,0,0,-6.247600021016375
PRIMARY,31,002241.SZ,2020-11-16,-10.0,STOP_FIRST,2.7641560070263713,2.7641560070263713,0.0,28,0,0,0,0,0,-8.190219287755895
PRIMARY,32,000651.SZ,2020-12-09,-10.0,STOP_FIRST,4.778058019478602,4.778058019478602,0.0,17,0,0,0,0,0,-6.9491076663235285
PRIMARY,33,688981.SH,2020-12-16,-10.0,STOP_FIRST,16.521188858697652,16.521188858697652,0.0,16,0,0,0,0,0,-4.393704306917501
PRIMARY,34,601318.SH,2021-01-28,-10.0,STOP_FIRST,9.42474089385644,9.42474089385644,0.0,14,0,0,0,0,0,-7.015107202120719
PRIMARY,35,300059.SZ,2021-02-22,-10.0,STOP_FIRST,-9.75617275607125,-5.720446354390398,4.035726401680852,7,1,1,0,0,0,-21.294436987155805
PRIMARY,36,000333.SZ,2021-02-22,-10.0,STOP_FIRST,1.124921971714471,-7.54687717483014,-8.671799146544611,22,1,1,0,0,0,-11.037863818654303
PRIMARY,37,000858.SZ,2021-03-08,-10.0,STOP_FIRST,16.23467230378328,16.23467230378328,0.0,18,0,0,0,0,0,-5.053624061888506
PRIMARY,38,600030.SH,2021-03-01,-10.0,STOP_FIRST,-1.7719464410848904,-1.7719464410848904,0.0,24,0,0,0,0,0,-9.731175855642116
PRIMARY,39,601012.SH,2021-03-04,-10.0,STOP_FIRST,2.8151228530517156,-7.166594342057516,-9.981717195109232,4,1,1,0,0,0,-20.33269501471261
PRIMARY,40,002241.SZ,2021-01-29,-10.0,STOP_FIRST,-2.3809753380773024,-5.051222753194992,-2.6702474151176894,27,1,1,0,0,1,-24.32266643437805
PRIMARY,41,300750.SZ,2021-01-29,-10.0,STOP_FIRST,2.6778263400166544,-5.862812661519871,-8.540639001536526,15,1,1,0,0,0,-20.744980856829066
PRIMARY,42,002475.SZ,2021-01-28,-10.0,STOP_FIRST,-17.795635461958412,-5.765825560272962,12.02980990168545,28,1,1,0,0,1,-38.05999710973133
PRIMARY,43,600438.SH,2021-03-05,-10.0,STOP_FIRST,-2.082117681436346,-5.945455606445182,-3.863337925008836,3,1,1,0,0,1,-21.900640918932147
PRIMARY,44,300014.SZ,2021-03-23,-10.0,STOP_FIRST,20.343646524893185,20.343646524893185,0.0,18,0,0,0,0,0,-1.1328405715407053
PRIMARY,45,601899.SH,2021-03-24,-10.0,STOP_FIRST,13.67315267261283,13.67315267261283,0.0,17,0,0,0,0,0,-0.5227592786883895
PRIMARY,46,601166.SH,2021-04-15,-10.0,STOP_FIRST,10.16039399503804,10.16039399503804,0.0,15,0,0,0,0,0,-2.3887839446735004
PRIMARY,47,600276.SH,2021-04-15,-10.0,STOP_FIRST,2.9762113310555116,2.9762113310555116,0.0,18,0,0,0,0,0,-5.364820806114978
PRIMARY,48,002352.SZ,2021-04-12,-10.0,STOP_FIRST,1.806031845385725,1.806031845385725,0.0,22,0,0,0,0,0,-8.258407334556994
PRIMARY,49,600519.SH,2021-05-06,-10.0,STOP_FIRST,12.309433820124724,12.309433820124724,0.0,12,0,0,0,0,0,-5.132526010090399
PRIMARY,50,600031.SH,2021-03-09,-10.0,STOP_FIRST,2.027751640672817,-1.5480240764433268,-3.5757757171161435,44,1,1,0,0,1,-27.978387085265844
PRIMARY,51,600009.SH,2021-02-03,-10.0,STOP_FIRST,-1.1354409255495685,-6.476280044983684,-5.340839119434116,58,1,1,0,0,1,-22.985275095121573
PRIMARY,52,002594.SZ,2021-02-24,-10.0,STOP_FIRST,16.160298578230066,-5.154091082621371,-21.314389660851436,49,1,1,0,0,1,-34.73181070183321
PRIMARY,53,002340.SZ,2021-06-07,-10.0,STOP_FIRST,5.290865136021748,-7.51487311338241,-12.805738249404158,7,1,1,0,0,0,-11.268220523967209
PRIMARY,54,000661.SZ,2021-05-24,-10.0,STOP_FIRST,3.543179209088439,-6.356846356591017,-9.900025565679456,30,1,1,0,0,1,-16.869230019043936
PRIMARY,55,002594.SZ,2021-07-16,-10.0,STOP_FIRST,25.77910857036041,25.77910857036041,0.0,10,0,0,0,0,0,-2.6882194842621776
PRIMARY,56,600031.SH,2021-06-11,-10.0,STOP_FIRST,4.433342850860986,-5.042364300556394,-9.47570715141738,19,1,1,0,0,1,-15.123799665013548
PRIMARY,57,002241.SZ,2021-07-22,-10.0,STOP_FIRST,10.273218124699701,10.273218124699701,0.0,9,0,0,0,0,0,-7.886693775763421
PRIMARY,58,600036.SH,2021-07-08,-10.0,STOP_FIRST,8.736132867824947,-6.283388969564406,-15.019521837389354,16,1,1,0,0,0,-10.298243793004092
PRIMARY,59,300782.SZ,2021-07-13,-10.0,STOP_FIRST,4.700284102162052,-8.717539980996778,-13.41782408315883,13,1,1,0,0,0,-10.944165622271129
PRIMARY,60,601919.SH,2021-07-23,-10.0,STOP_FIRST,21.9399821535198,-6.047660828324056,-27.987642981843855,3,1,1,0,0,0,-13.003666576368966
PRIMARY,61,002460.SZ,2021-08-16,-10.0,STOP_FIRST,24.025427124052413,24.025427124052413,0.0,9,0,0,0,0,0,-2.17885582383488
PRIMARY,62,300750.SZ,2021-07-27,-10.0,STOP_FIRST,8.626053858905106,8.626053858905106,0.0,34,0,0,0,0,0,-5.360767280539502
PRIMARY,63,300760.SZ,2021-08-20,-10.0,STOP_FIRST,25.243095200327115,25.243095200327115,0.0,19,0,0,0,0,0,-1.3648131532456809
PRIMARY,64,600519.SH,2021-07-26,-10.0,STOP_FIRST,2.091334708861519,-3.959888012286438,-6.051222721147957,20,1,1,0,0,1,-15.47553943560599
PRIMARY,65,002714.SZ,2021-05-24,-10.0,STOP_FIRST,-18.715268930191936,-6.419125730570796,12.29614319962114,42,1,1,0,0,1,-56.67478900029019
PRIMARY,66,000858.SZ,2021-07-08,-10.0,STOP_FIRST,-7.6342909419297795,-3.0282627042047325,4.606028237725047,32,1,1,0,0,1,-28.655500122152368
PRIMARY,67,002594.SZ,2021-09-29,-10.0,STOP_FIRST,17.089129638620165,17.089129638620165,0.0,6,0,0,0,0,0,-0.5192972651856032
PRIMARY,68,601318.SH,2021-03-18,-10.0,STOP_FIRST,-28.116081051784203,-4.868341631282686,23.247739420501517,59,1,1,0,0,1,-41.80696245003698
PRIMARY,69,000651.SZ,2021-05-25,-10.0,STOP_FIRST,-19.03127753582529,-3.0683924428245977,15.962885093000692,63,1,1,0,0,1,-33.090168102543274
PRIMARY,70,000333.SZ,2021-07-05,-10.0,STOP_FIRST,11.175030722164129,11.175030722164129,0.0,71,0,0,0,0,0,-9.770984837876318
PRIMARY,71,600111.SH,2021-09-29,-10.0,STOP_FIRST,22.277893313169177,22.277893313169177,0.0,12,0,0,0,0,0,-3.6351512387024387
PRIMARY,72,600089.SH,2021-10-08,-10.0,STOP_FIRST,21.757208672823793,21.757208672823793,0.0,12,0,0,0,0,0,-5.355399017850127
PRIMARY,73,002466.SZ,2021-09-22,-10.0,STOP_FIRST,5.276533723848393,-6.339166578572278,-11.61570030242067,4,1,1,0,0,1,-18.18048772561611
PRIMARY,74,000858.SZ,2021-11-01,-10.0,STOP_FIRST,7.772649549904674,7.772649549904674,0.0,16,0,0,0,0,0,-2.695601939103509
PRIMARY,75,603259.SH,2021-11-04,-10.0,STOP_FIRST,10.333997515607747,10.333997515607747,0.0,15,0,0,0,0,0,-4.388640111365582
PRIMARY,76,601919.SH,2021-09-28,-10.0,STOP_FIRST,3.0377221934720415,-3.0390644173506574,-6.076786610822699,30,1,1,0,0,1,-19.410201081693145
PRIMARY,77,600030.SH,2021-11-16,-10.0,STOP_FIRST,7.942169042945349,7.942169042945349,0.0,13,0,0,0,0,0,-1.3115665629502171
PRIMARY,78,000651.SZ,2021-10-27,-10.0,STOP_FIRST,3.7666645298140864,3.7666645298140864,0.0,30,0,0,0,0,0,-6.591904190897946
PRIMARY,79,600036.SH,2021-11-26,-10.0,STOP_FIRST,7.780249533285357,7.780249533285357,0.0,8,0,0,0,0,0,-2.0264594890360255
PRIMARY,80,600036.SH,2021-12-29,-10.0,STOP_FIRST,5.516341863497587,5.516341863497587,0.0,14,0,0,0,0,0,-0.892595978810895
PRIMARY,81,002129.SZ,2021-12-01,-10.0,STOP_FIRST,7.212021342950852,-6.723232330467793,-13.935253673418645,27,1,1,0,0,0,-10.209695479014202
PRIMARY,82,600030.SH,2022-01-14,-10.0,STOP_FIRST,1.0102995428563417,1.0102995428563417,0.0,9,0,0,0,0,0,-4.115180796829354
PRIMARY,83,601888.SH,2021-11-02,-10.0,STOP_FIRST,7.8045788936873635,-2.2926840052737916,-10.097262898961155,53,1,1,0,0,1,-17.76278012400819
PRIMARY,84,600111.SH,2021-12-24,-10.0,STOP_FIRST,10.927469701064592,-3.7061648665025495,-14.63363456756714,25,1,1,0,0,1,-16.158101136300374
PRIMARY,85,000792.SZ,2022-01-20,-10.0,STOP_FIRST,18.801769360068377,18.801769360068377,0.0,13,0,0,0,0,0,-2.101609531796167
PRIMARY,86,002460.SZ,2021-12-20,-10.0,STOP_FIRST,7.327370162653349,-8.059054413690026,-15.386424576343375,20,1,1,0,0,0,-13.694999767838578
PRIMARY,87,002466.SZ,2021-12-20,-10.0,STOP_FIRST,1.837573601773871,-6.279473591075598,-8.11704719284947,22,1,1,0,0,1,-19.98566660073482
PRIMARY,88,000661.SZ,2022-01-24,-10.0,STOP_FIRST,11.89884859958246,11.89884859958246,0.0,17,0,0,0,0,0,-4.775620293737893
PRIMARY,89,601012.SH,2021-12-01,-10.0,STOP_FIRST,6.472325573333965,-5.21987484578146,-11.692200419115425,46,1,1,0,0,1,-23.797689806559163
PRIMARY,90,603259.SH,2021-12-20,-10.0,STOP_FIRST,12.254494786218984,-4.92666461920808,-17.181159405427064,33,1,1,0,0,1,-28.86139126771904
PRIMARY,91,000002.SZ,2022-03-04,-10.0,STOP_FIRST,14.88504791739044,-5.2098905795639086,-20.09493849695435,7,1,1,0,0,1,-22.246037106497695
PRIMARY,92,300059.SZ,2022-01-05,-10.0,STOP_FIRST,-5.7513210082683415,-2.8395714088874384,2.911749599380903,44,1,1,0,0,1,-34.89656169461941
PRIMARY,93,600519.SH,2022-01-07,-10.0,STOP_FIRST,0.9984159395398549,-3.7558770538752393,-4.754292993415094,43,1,1,0,0,1,-17.458488731459298
PRIMARY,94,601888.SH,2022-03-14,-10.0,STOP_FIRST,7.812849493656972,7.812849493656972,0.0,20,0,0,0,0,0,-8.439813952671848
PRIMARY,95,002594.SZ,2021-12-16,-10.0,STOP_FIRST,-1.5968178542206901,-4.422510162277446,-2.8256923080567553,52,1,1,0,0,1,-26.330714118353036
PRIMARY,96,000625.SZ,2021-11-16,-10.0,STOP_FIRST,-22.229994518631575,-3.2745966460224736,18.9553978726091,74,1,1,0,0,1,-53.29984290867762
PRIMARY,97,002475.SZ,2022-02-08,-10.0,STOP_FIRST,-17.15409169654668,-3.104337726431763,14.049753970114917,36,1,1,0,0,1,-40.77681436537638
PRIMARY,98,002466.SZ,2022-04-25,-10.0,STOP_FIRST,41.854779546894,41.854779546894,0.0,8,0,0,0,0,0,-3.4110472521140522
PRIMARY,99,300274.SZ,2021-12-21,-10.0,STOP_FIRST,-25.58857835409347,-1.5903319737089898,23.99824638038448,63,1,1,0,0,1,-58.717689038471335
PRIMARY,100,002460.SZ,2022-03-08,-10.0,STOP_FIRST,17.706849570514894,-3.7634529788942195,-21.470302549409112,33,1,1,0,0,1,-28.642784574491998
PRIMARY,101,000858.SZ,2022-01-28,-10.0,STOP_FIRST,-8.807756178930596,-4.121784409556869,4.685971769373727,24,1,1,0,0,1,-25.5194802146096
PRIMARY,102,300014.SZ,2022-03-03,-10.0,STOP_FIRST,26.31764601662993,-7.361073022816973,-33.678719039446904,36,1,1,0,0,1,-32.624915571840454
PRIMARY,103,300750.SZ,2021-12-20,-10.0,STOP_FIRST,-14.232912370394569,-4.178822495779358,10.054089874615212,73,1,1,0,0,1,-41.8073675499418
PRIMARY,104,601012.SH,2022-03-29,-10.0,STOP_FIRST,-12.752364240157288,-4.580196142332826,8.17216809782446,18,1,1,0,0,1,-24.82075936524716
PRIMARY,105,002415.SZ,2022-05-06,-10.0,STOP_FIRST,3.5450375895839463,3.5450375895839463,0.0,19,0,0,0,0,0,-8.562023743217374
PRIMARY,106,600276.SH,2022-01-13,-10.0,STOP_FIRST,-29.55698724716474,-6.300560679125497,23.256426568039245,33,1,1,0,0,1,-42.610580908453244
PRIMARY,107,601318.SH,2022-03-15,-10.0,STOP_FIRST,-0.3864474449981416,-0.3864474449981416,0.0,55,0,0,0,0,0,-2.315282705156485
PRIMARY,108,600036.SH,2022-03-07,-10.0,STOP_FIRST,-6.245523329299984,-5.042810380329586,1.2027129489703983,31,1,1,0,0,1,-24.345417637488787
PRIMARY,109,300122.SZ,2022-04-14,-10.0,STOP_FIRST,-6.645958234266682,-4.9676298305148086,1.6783284037518733,28,1,1,0,0,1,-28.79470109263167
PRIMARY,110,002241.SZ,2022-06-23,-10.0,STOP_FIRST,2.8400230023871615,2.8400230023871615,0.0,30,0,0,0,0,0,-5.007927632982501
PRIMARY,111,002466.SZ,2022-08-19,-10.0,STOP_FIRST,13.385590477234006,13.385590477234006,0.0,2,0,0,0,0,0,-2.8634236347626074
PRIMARY,112,600036.SH,2022-07-13,-10.0,STOP_FIRST,-1.5651520516643562,-5.062387407047038,-3.497235355382682,16,1,1,0,0,1,-12.409355098525655
PRIMARY,113,601888.SH,2022-08-08,-10.0,STOP_FIRST,7.1858432781792185,7.1858432781792185,0.0,33,0,0,0,0,0,-8.133019118063235
PRIMARY,114,000858.SZ,2022-07-29,-10.0,STOP_FIRST,-2.4673011477159523,-6.978827994615508,-4.511526846899556,25,1,1,0,0,1,-12.093504633059515
PRIMARY,115,300274.SZ,2022-08-31,-10.0,STOP_FIRST,13.216110132265186,13.216110132265186,0.0,23,0,0,0,0,0,-6.803285897864219
PRIMARY,116,300760.SZ,2022-09-21,-10.0,STOP_FIRST,26.10435256088347,26.10435256088347,0.0,11,0,0,0,0,0,-2.945982270341807
PRIMARY,117,603259.SH,2022-07-27,-10.0,STOP_FIRST,-6.553924195303395,-4.578034330701117,1.9758898646022782,35,1,1,0,0,1,-30.331191278374803
PRIMARY,118,601012.SH,2022-08-03,-10.0,STOP_FIRST,-1.5712301907594528,-4.632435662106117,-3.061205471346664,32,1,1,0,0,1,-20.79675190961924
PRIMARY,119,688599.SH,2022-08-19,-10.0,STOP_FIRST,4.900961296612725,-8.022452262710173,-12.9234135593229,29,1,1,0,0,0,-11.786057206268874
PRIMARY,120,002459.SZ,2022-08-19,-10.0,STOP_FIRST,5.627000867343111,-10.16519050132508,-15.792191368668192,40,1,1,0,0,0,-10.712385831051897
PRIMARY,121,601899.SH,2022-09-26,-10.0,STOP_FIRST,6.916188828671841,6.916188828671841,0.0,18,0,0,0,0,0,-3.33920245581949
PRIMARY,122,002460.SZ,2022-08-25,-10.0,STOP_FIRST,2.226213115920718,-5.562591458131939,-7.788804574052657,26,1,1,0,0,1,-16.759572939966095
PRIMARY,123,002271.SZ,2022-08-23,-10.0,STOP_FIRST,-5.965240206705305,-6.830838451678877,-0.8655982449735724,29,1,1,0,0,1,-29.215251654169816
PRIMARY,124,600703.SH,2022-09-20,-10.0,STOP_FIRST,1.4365619204532005,-7.8083526297178105,-9.24491455017101,7,1,1,0,0,0,-17.135927537327543
PRIMARY,125,002594.SZ,2022-07-12,-10.0,STOP_FIRST,-2.227087712436274,-4.946339111163904,-2.71925139872763,58,1,1,0,0,1,-23.762322609884045
PRIMARY,126,002466.SZ,2022-09-01,-10.0,STOP_FIRST,0.41755742217796255,-5.667375252453307,-6.084932674631269,22,1,1,0,0,0,-17.18698543788346
PRIMARY,127,002050.SZ,2022-10-11,-10.0,STOP_FIRST,8.648758708124946,8.648758708124946,0.0,17,0,0,0,0,0,-7.919779995223497
PRIMARY,128,603799.SH,2022-09-29,-10.0,STOP_FIRST,1.9036214562895246,-8.362988963711349,-10.266610420000873,9,1,1,0,0,0,-18.54792363873298
PRIMARY,129,600030.SH,2022-09-16,-10.0,STOP_FIRST,3.2914258355483077,3.2914258355483077,0.0,34,0,0,0,0,0,-7.2317278605463
PRIMARY,130,600036.SH,2022-10-10,-10.0,STOP_FIRST,4.74708231806275,-5.670889601031013,-10.417971919093763,11,1,1,0,0,1,-17.352231797581
PRIMARY,131,601166.SH,2022-08-29,-10.0,STOP_FIRST,2.990941980494697,-5.365375898262362,-8.356317878757059,37,1,1,0,0,0,-11.758858159541209
PRIMARY,132,601318.SH,2022-10-24,-10.0,STOP_FIRST,11.54058817209945,11.54058817209945,0.0,14,0,0,0,0,0,-4.56589305883337
PRIMARY,133,000651.SZ,2022-10-31,-10.0,STOP_FIRST,11.08646263720554,11.08646263720554,0.0,9,0,0,0,0,0,-0.62111668689665
PRIMARY,134,300059.SZ,2022-08-02,-10.0,STOP_FIRST,1.3148602142200303,-3.450090461310853,-4.7649506755308835,55,1,1,0,0,1,-28.41433393805436
PRIMARY,135,000625.SZ,2022-08-24,-10.0,STOP_FIRST,2.31475867645841,-3.1491145887274428,-5.463873265185853,42,1,1,0,0,1,-27.190338345372766
PRIMARY,136,000858.SZ,2022-10-24,-10.0,STOP_FIRST,13.014502136358589,13.014502136358589,0.0,26,0,0,0,0,0,-6.076160549181053
PRIMARY,137,600519.SH,2022-09-05,-10.0,STOP_FIRST,-5.861614932184937,-6.384442559710439,-0.5228276275255022,27,1,1,0,0,1,-27.44375317821398
PRIMARY,138,000568.SZ,2022-10-10,-10.0,STOP_FIRST,5.894426001503926,-4.840030707605747,-10.734456709109672,14,1,1,0,0,1,-26.23829865914583
PRIMARY,139,600887.SH,2022-10-20,-10.0,STOP_FIRST,6.706648715667189,-5.719856921221057,-12.426505636888246,8,1,1,0,0,1,-18.517421916247343
PRIMARY,140,002714.SZ,2022-10-26,-10.0,STOP_FIRST,5.23244617556544,5.23244617556544,0.0,28,0,0,0,0,0,-8.911088606217998
PRIMARY,141,300750.SZ,2022-09-01,-10.0,STOP_FIRST,-1.3981718838619202,-3.199685840608909,-1.8015139567469887,36,1,1,0,0,1,-24.986572858520837
PRIMARY,142,002371.SZ,2022-10-12,-10.0,STOP_FIRST,10.597667780822029,10.597667780822029,0.0,44,0,0,0,0,0,-5.446303292394417
PRIMARY,143,603259.SH,2022-11-28,-10.0,STOP_FIRST,6.738265986701266,6.738265986701266,0.0,22,0,0,0,0,0,-2.1226976811561937
PRIMARY,144,600522.SH,2022-11-01,-10.0,STOP_FIRST,-5.676303523410963,-4.09892371241295,1.5773798109980133,20,1,1,0,0,1,-30.66339374603776
PRIMARY,145,300274.SZ,2022-12-06,-10.0,STOP_FIRST,12.35423017458993,-8.865297592274038,-21.21952776686397,12,1,1,0,0,0,-12.997661644686353
PRIMARY,146,002241.SZ,2022-11-11,-10.0,STOP_FIRST,8.552942953591648,8.552942953591648,0.0,37,0,0,0,0,0,-2.0552360649699564
PRIMARY,147,002812.SZ,2022-11-23,-10.0,STOP_FIRST,12.272962184274384,12.272962184274384,0.0,30,0,0,0,0,0,-7.454367889448843
PRIMARY,148,601012.SH,2022-12-22,-10.0,STOP_FIRST,11.348570853081775,11.348570853081775,0.0,17,0,0,0,0,0,-1.83945407826005
PRIMARY,149,000625.SZ,2022-12-28,-10.0,STOP_FIRST,15.403895272762636,15.403895272762636,0.0,16,0,0,0,0,0,-2.461030882431914
PRIMARY,150,002709.SZ,2022-12-30,-10.0,STOP_FIRST,15.538268097973235,15.538268097973235,0.0,14,0,0,0,0,0,-2.7348780509869663
PRIMARY,151,300014.SZ,2023-01-11,-10.0,STOP_FIRST,6.981985480381129,6.981985480381129,0.0,9,0,0,0,0,0,-4.915491114570337
PRIMARY,152,300750.SZ,2023-02-17,-10.0,STOP_FIRST,3.6254689430868456,-6.179066374431378,-9.804535317518223,21,1,1,0,0,1,-11.62683470375777
PRIMARY,153,600519.SH,2023-03-08,-10.0,STOP_FIRST,3.358107895598216,3.358107895598216,0.0,16,0,0,0,0,0,-2.5877984739737014
PRIMARY,154,300059.SZ,2023-03-07,-10.0,STOP_FIRST,6.704927557794763,6.704927557794763,0.0,18,0,0,0,0,0,-6.726693190328403
PRIMARY,155,300274.SZ,2023-03-14,-10.0,STOP_FIRST,3.872684453553771,-7.7077980114059255,-11.580482464959697,3,1,1,0,0,1,-11.398858058207795
PRIMARY,156,002594.SZ,2023-03-10,-10.0,STOP_FIRST,7.839512102970262,7.839512102970262,0.0,33,0,0,0,0,0,-3.6913778017047982
PRIMARY,157,000858.SZ,2023-04-10,-10.0,STOP_FIRST,-2.6488868636941545,-8.142131680013929,-5.493244816319774,10,1,1,0,0,0,-10.048100566887374
PRIMARY,158,000651.SZ,2023-05-04,-10.0,STOP_FIRST,6.144996620188443,6.144996620188443,0.0,25,0,0,0,0,0,-8.255590958382841
PRIMARY,159,601899.SH,2023-05-12,-10.0,STOP_FIRST,6.727401168026937,6.727401168026937,0.0,19,0,0,0,0,0,-5.558920911138776
PRIMARY,160,600519.SH,2023-04-12,-10.0,STOP_FIRST,6.514893856808776,6.514893856808776,0.0,43,0,0,0,0,0,-4.355999030555235
PRIMARY,161,601012.SH,2023-03-16,-10.0,STOP_FIRST,-17.84953964554572,-5.293491537164195,12.556048108381523,49,1,1,0,0,1,-33.276416390528766
PRIMARY,162,600036.SH,2023-04-27,-10.0,STOP_FIRST,-0.6278320762058595,-0.6278320762058595,0.0,57,0,0,0,0,0,-3.793063901958049
PRIMARY,163,600809.SH,2023-05-22,-10.0,STOP_FIRST,9.67465728119054,-5.514287152119697,-15.188944433310237,27,1,1,0,0,1,-16.847859403834985
PRIMARY,164,300059.SZ,2023-05-29,-10.0,STOP_FIRST,3.238668828858134,3.238668828858134,0.0,38,0,0,0,0,0,-4.622126321593722
PRIMARY,165,002415.SZ,2023-06-09,-10.0,STOP_FIRST,9.253968396028046,9.253968396028046,0.0,31,0,0,0,0,0,-3.0509320142771967
PRIMARY,166,300750.SZ,2023-06-07,-10.0,STOP_FIRST,8.015096907867838,8.015096907867838,0.0,35,0,0,0,0,0,-2.799902799902787
PRIMARY,167,688981.SH,2023-05-09,-10.0,STOP_FIRST,-1.9912914951639942,-1.9912914951639942,0.0,57,0,0,0,0,0,-7.822752791213516
PRIMARY,168,600570.SH,2023-07-11,-10.0,STOP_FIRST,12.935015317595871,12.935015317595871,0.0,17,0,0,0,0,0,-3.6163828033945022
PRIMARY,169,300418.SZ,2023-06-26,-10.0,STOP_FIRST,-7.109717403112448,-6.435360283007645,0.6743571201048031,3,1,1,0,0,1,-22.324869570606698
PRIMARY,170,600276.SH,2023-07-31,-10.0,STOP_FIRST,2.244966610480217,-6.867824183346291,-9.112790793826507,5,1,1,0,0,1,-16.355370032537774
PRIMARY,171,002230.SZ,2023-08-16,-10.0,STOP_FIRST,-4.04018826584394,-8.109709518746149,-4.0695212529022085,8,1,1,0,0,1,-19.948062722882465
PRIMARY,172,002475.SZ,2023-09-07,-10.0,STOP_FIRST,6.728014277472455,6.728014277472455,0.0,17,0,0,0,0,0,-4.4345508276317
PRIMARY,173,300760.SZ,2023-08-07,-10.0,STOP_FIRST,6.5338873044717865,6.5338873044717865,0.0,53,0,0,0,0,0,-4.449940020156773
PRIMARY,174,000858.SZ,2023-08-18,-10.0,STOP_FIRST,9.240903528696505,-4.405220729786691,-13.646124258483196,39,1,1,0,0,1,-12.715230910264852
PRIMARY,175,300014.SZ,2023-02-20,-10.0,STOP_FIRST,-28.568832058383776,-4.53680428247079,24.032027775912987,45,1,1,0,0,1,-44.47756749417103
PRIMARY,176,300059.SZ,2023-10-23,-10.0,STOP_FIRST,6.795375111896212,6.795375111896212,0.0,9,0,0,0,0,0,-0.4417866895821354
PRIMARY,177,603019.SH,2023-08-09,-10.0,STOP_FIRST,2.102020516340531,-4.992453607117964,-7.094474123458495,48,1,1,0,0,1,-18.940916927699114
PRIMARY,178,300274.SZ,2023-08-21,-10.0,STOP_FIRST,2.059040269174881,-4.730971766532794,-6.790012035707675,40,1,1,0,0,1,-23.84860922169848
PRIMARY,179,300308.SZ,2023-07-20,-10.0,STOP_FIRST,-5.693477162892338,-3.8899869809468024,1.803490181945536,43,1,1,0,0,1,-34.647305581306
PRIMARY,180,000977.SZ,2023-08-18,-10.0,STOP_FIRST,7.706372017077919,-5.308924594328142,-13.015296611406061,41,1,1,0,0,1,-32.22636562323018
PRIMARY,181,601012.SH,2023-08-21,-10.0,STOP_FIRST,-11.755699669774852,-1.4362664284123994,10.319433241362454,48,1,1,0,0,1,-26.371969728680746
PRIMARY,182,600519.SH,2023-10-13,-10.0,STOP_FIRST,1.893988027016628,1.893988027016628,0.0,54,0,0,0,0,0,-7.786761434433009
PRIMARY,183,600009.SH,2023-08-21,-10.0,STOP_FIRST,-11.699228208217027,-4.381461831569243,7.317766376647785,39,1,1,0,0,1,-24.842656679790675
PRIMARY,184,601318.SH,2023-11-09,-10.0,STOP_FIRST,-2.3138721028580727,-7.3513359652263,-5.037463862368227,21,1,1,0,0,0,-12.395299497973422
PRIMARY,185,000651.SZ,2023-12-20,-10.0,STOP_FIRST,12.104633410839133,12.104633410839133,0.0,26,0,0,0,0,0,-0.22839068988121936
PRIMARY,186,601138.SH,2023-10-24,-10.0,STOP_FIRST,11.050900506142318,11.050900506142318,0.0,73,0,0,0,0,0,-8.702006282856667
PRIMARY,187,000858.SZ,2023-12-13,-10.0,STOP_FIRST,2.808164916171326,2.808164916171326,0.0,37,0,0,0,0,0,-9.305511112151732
PRIMARY,188,600519.SH,2024-01-17,-10.0,STOP_FIRST,5.907729356690894,5.907729356690894,0.0,13,0,0,0,0,0,-1.2708988071569394
PRIMARY,189,300750.SZ,2023-09-08,-10.0,STOP_FIRST,-18.00484444688593,-4.181723245451534,13.823121201434397,51,1,1,0,0,1,-37.07504075265946
PRIMARY,190,002230.SZ,2024-01-03,-10.0,STOP_FIRST,3.585730933845497,-7.794656368759463,-11.380387302604959,10,1,1,0,0,0,-13.110142123274604
PRIMARY,191,300418.SZ,2024-01-31,-10.0,STOP_FIRST,39.428041617887864,39.428041617887864,0.0,6,0,0,0,0,0,-9.269811195543308
PRIMARY,192,000568.SZ,2023-12-11,-10.0,STOP_FIRST,1.1120117479146117,-3.6752715882147386,-4.7872833361293505,39,1,1,0,0,1,-22.710877834749677
PRIMARY,193,300059.SZ,2023-12-27,-10.0,STOP_FIRST,5.900250298765934,-7.031832203157573,-12.932082501923507,26,1,1,0,0,0,-11.47429406768471
PRIMARY,194,000063.SZ,2023-07-20,-10.0,STOP_FIRST,-20.144973123840867,-4.4520949940309,15.692878129809966,63,1,1,0,0,1,-49.074840753076984
PRIMARY,195,000628.SZ,2023-12-14,-10.0,STOP_FIRST,44.67924500816973,-1.6279655926625076,-46.307210600832235,37,1,1,0,0,1,-39.992579634592374
PRIMARY,196,000625.SZ,2024-01-04,-10.0,STOP_FIRST,12.686864654118965,-4.950400502148606,-17.63726515626757,22,1,1,0,0,1,-24.25874529738413
PRIMARY,197,301236.SZ,2024-01-22,-10.0,STOP_FIRST,15.202767971466354,-10.181684364200537,-25.384452335666893,6,1,1,0,0,0,-20.518249818689295
PRIMARY,198,002555.SZ,2023-12-25,-10.0,STOP_FIRST,17.471539089853273,-1.0467477543349164,-18.51828684418819,30,1,1,0,0,1,-18.06601865960579
PRIMARY,199,000661.SZ,2024-01-12,-10.0,STOP_FIRST,5.324721980411358,-9.772203116903565,-15.096925097314923,14,1,1,0,0,0,-15.088906432452676
PRIMARY,200,300033.SZ,2024-01-16,-10.0,STOP_FIRST,11.478914185701258,-7.6519540082726,-19.13086819397386,4,1,1,0,0,0,-19.68785420497784
PRIMARY,201,002456.SZ,2023-12-14,-10.0,STOP_FIRST,9.13490121758614,-2.545982938215681,-11.680884155801822,34,1,1,0,0,1,-32.75517367129328
PRIMARY,202,603259.SH,2024-01-30,-10.0,STOP_FIRST,16.5357317467109,-1.4040871914383553,-17.939818938149255,5,1,1,0,0,1,-19.366346576745652
PRIMARY,203,002594.SZ,2023-08-14,-10.0,STOP_FIRST,-16.277210987224258,-7.755298221077493,8.521912766146766,67,1,1,0,0,0,-33.85103047938111
PRIMARY,204,601012.SH,2024-01-29,-10.0,STOP_FIRST,15.268422377533785,-6.255255021878154,-21.523677399411937,5,1,1,0,0,1,-13.258914832233726
PRIMARY,205,002475.SZ,2024-01-17,-10.0,STOP_FIRST,7.219372761109448,-5.352713401914688,-12.572086163024135,11,1,1,0,0,0,-11.861191429965057
PRIMARY,206,601318.SH,2024-03-22,-10.0,STOP_FIRST,8.104543046068015,8.104543046068015,0.0,23,0,0,0,0,0,-6.965721129438385
PRIMARY,207,600519.SH,2024-04-08,-10.0,STOP_FIRST,5.19682233937109,5.19682233937109,0.0,16,0,0,0,0,0,-1.7024675784346077
PRIMARY,208,000977.SZ,2024-04-10,-10.0,STOP_FIRST,12.570545419631626,12.570545419631626,0.0,14,0,0,0,0,0,-8.98589486777226
PRIMARY,209,000628.SZ,2024-03-29,-10.0,STOP_FIRST,-22.18874094507154,-7.315737013731185,14.873003931340357,7,1,1,0,0,1,-52.38614252495148
PRIMARY,210,002129.SZ,2024-01-30,-10.0,STOP_FIRST,-6.5866863796632105,-7.219345570824995,-0.6326591911617845,36,1,1,0,0,1,-23.270953005067007
PRIMARY,211,601138.SH,2024-05-31,-10.0,STOP_FIRST,17.235953981802986,17.235953981802986,0.0,8,0,0,0,0,0,-0.1435072194053144
PRIMARY,212,002230.SZ,2024-04-23,-10.0,STOP_FIRST,5.3407176576942215,5.3407176576942215,0.0,35,0,0,0,0,0,-3.192044234481095
PRIMARY,213,600919.SH,2024-04-26,-10.0,STOP_FIRST,-3.22433989136676,-3.22433989136676,0.0,42,0,0,0,0,0,-6.245585876244874
PRIMARY,214,000977.SZ,2024-05-28,-10.0,STOP_FIRST,4.476827597833199,4.476827597833199,0.0,28,0,0,0,0,0,-6.538088943116049
PRIMARY,215,000625.SZ,2024-04-16,-10.0,STOP_FIRST,-3.5813249331349106,-4.718101505991767,-1.136776572856856,35,1,1,0,0,1,-22.439671783461513
PRIMARY,216,000725.SZ,2024-05-28,-10.0,STOP_FIRST,4.499483038676097,4.499483038676097,0.0,29,0,0,0,0,0,-5.704054833968886
PRIMARY,217,603019.SH,2024-03-27,-10.0,STOP_FIRST,-3.1650656694684725,-4.977707379642923,-1.8126417101744505,38,1,1,0,0,1,-19.720874640088848
PRIMARY,218,000858.SZ,2024-06-11,-10.0,STOP_FIRST,-4.863606074584775,-4.863606074584775,0.0,25,0,0,0,0,0,-9.446093150024627
PRIMARY,219,600519.SH,2024-06-11,-10.0,STOP_FIRST,0.5216824393800606,-6.920953433527936,-7.442635872907997,20,1,1,0,0,0,-10.274440490341663
PRIMARY,220,300750.SZ,2024-06-07,-10.0,STOP_FIRST,1.3901215027090492,1.3901215027090492,0.0,29,0,0,0,0,0,-9.524339063610821
PRIMARY,221,300059.SZ,2024-06-28,-10.0,STOP_FIRST,3.9349979609446946,3.9349979609446946,0.0,22,0,0,0,0,0,-5.914697081934461
PRIMARY,222,601012.SH,2024-06-06,-10.0,STOP_FIRST,-12.181185272863992,-9.281507881741586,2.899677391122406,10,1,1,0,0,1,-25.1188709649811
PRIMARY,223,600519.SH,2024-07-30,-10.0,STOP_FIRST,4.979956385509713,4.979956385509713,0.0,22,0,0,0,0,0,-0.09990187614892232
PRIMARY,224,002594.SZ,2024-08-02,-10.0,STOP_FIRST,6.379967880191982,6.379967880191982,0.0,19,0,0,0,0,0,-3.2764151461084245
PRIMARY,225,002475.SZ,2024-08-05,-10.0,STOP_FIRST,8.544910470004318,8.544910470004318,0.0,18,0,0,0,0,0,-3.167255709326977
PRIMARY,226,002466.SZ,2024-04-25,-10.0,STOP_FIRST,-13.212317215788726,-3.929768021378911,9.282549194409816,83,1,1,0,0,1,-36.23508762311697
PRIMARY,227,300502.SZ,2024-07-25,-10.0,STOP_FIRST,13.964744747831642,-9.375859213962022,-23.34060396179366,28,1,1,0,0,1,-12.266195988559547
PRIMARY,228,601919.SH,2024-07-08,-10.0,STOP_FIRST,1.7285541339282333,-3.8767364559280884,-5.605290589856322,46,1,1,0,0,1,-19.814263643782315
PRIMARY,229,000063.SZ,2024-08-22,-10.0,STOP_FIRST,3.3955801711335427,3.3955801711335427,0.0,19,0,0,0,0,0,-3.013656189391656
PRIMARY,230,601138.SH,2024-07-18,-10.0,STOP_FIRST,-2.550959931032771,-2.876823063453348,-0.32586313242057674,37,1,1,0,0,1,-27.58542866236795
PRIMARY,231,300308.SZ,2024-07-25,-10.0,STOP_FIRST,7.199933708510119,-4.625957817048419,-11.825891525558538,28,1,1,0,0,1,-20.412077421209307
PRIMARY,232,601899.SH,2024-07-23,-10.0,STOP_FIRST,11.302372099604602,-4.030549841145687,-15.332921940750289,35,1,1,0,0,1,-15.34301819528009
PRIMARY,233,601127.SH,2024-08-28,-10.0,STOP_FIRST,11.860904824260553,11.860904824260553,0.0,17,0,0,0,0,0,-0.6937050159442237
PRIMARY,234,600036.SH,2024-09-09,-10.0,STOP_FIRST,12.650986424212693,12.650986424212693,0.0,9,0,0,0,0,0,-1.1566935372865572
PRIMARY,235,000858.SZ,2024-08-22,-10.0,STOP_FIRST,9.447704740723928,-6.514781315462663,-15.962486056186592,17,1,1,0,0,1,-11.92058204560389
PRIMARY,236,600809.SH,2024-08-28,-10.0,STOP_FIRST,10.265232797714383,10.265232797714383,0.0,18,0,0,0,0,0,-9.343746064530556
PRIMARY,237,600519.SH,2024-09-09,-10.0,STOP_FIRST,13.065449104192647,13.065449104192647,0.0,10,0,0,0,0,0,-9.155678699288794
PRIMARY,238,600276.SH,2024-09-20,-10.0,STOP_FIRST,7.0921102706178285,7.0921102706178285,0.0,3,0,0,0,0,0,-1.5909424566413088
PRIMARY,239,000100.SZ,2024-05-07,-10.0,STOP_FIRST,6.430946014868081,-2.841197695130715,-9.272143709998796,94,1,1,0,0,1,-22.85372018914835
PRIMARY,240,688012.SH,2024-08-23,-10.0,STOP_FIRST,8.980679975166685,-6.924816261825957,-15.905496236992644,19,1,1,0,0,0,-11.105843309233144
PRIMARY,241,688256.SH,2024-09-05,-10.0,STOP_FIRST,22.25002533076108,22.25002533076108,0.0,14,0,0,0,0,0,-3.4709343344747623
PRIMARY,242,600900.SH,2024-09-11,-10.0,STOP_FIRST,8.228584541518643,8.228584541518643,0.0,10,0,0,0,0,0,-0.35235825269818166
PRIMARY,243,600150.SH,2024-09-19,-10.0,STOP_FIRST,4.47320430931633,4.47320430931633,0.0,58,0,0,0,0,0,-6.4123490487716595
PRIMARY,244,600418.SH,2024-11-27,-10.0,STOP_FIRST,19.31501930377224,19.31501930377224,0.0,38,0,0,0,0,0,-4.031151825779977
PRIMARY,245,603019.SH,2025-01-02,-10.0,STOP_FIRST,7.198386187683706,-8.877592416629616,-16.07597860431332,6,1,1,0,0,1,-10.82782494103971
PRIMARY,246,600030.SH,2024-12-31,-10.0,STOP_FIRST,-0.029241512213777625,-0.029241512213777625,0.0,20,0,0,0,0,0,-9.821028359452445
PRIMARY,247,300059.SZ,2025-01-02,-10.0,STOP_FIRST,5.568619214325684,-7.981215611916015,-13.5498348262417,6,1,1,0,0,1,-10.373910853057232
PRIMARY,248,300033.SZ,2025-01-02,-10.0,STOP_FIRST,23.218740081380986,23.218740081380986,0.0,19,0,0,0,0,0,-8.449836646713571
PRIMARY,249,300750.SZ,2025-01-07,-10.0,STOP_FIRST,8.716235937905914,8.716235937905914,0.0,21,0,0,0,0,0,-2.061431530740332
PRIMARY,250,000858.SZ,2025-01-06,-10.0,STOP_FIRST,1.2030252662316376,1.2030252662316376,0.0,23,0,0,0,0,0,-5.193889847781408
PRIMARY,251,688256.SH,2025-01-16,-10.0,STOP_FIRST,19.16467811575612,19.16467811575612,0.0,19,0,0,0,0,0,-4.483732441599764
PRIMARY,252,600519.SH,2025-01-03,-10.0,STOP_FIRST,4.558943908999476,4.558943908999476,0.0,33,0,0,0,0,0,-3.7431935053504506
PRIMARY,253,688256.SH,2025-03-25,-10.0,STOP_FIRST,8.922494348994318,-10.181684364200533,-19.10417871319485,7,1,1,0,0,0,-17.216747908844678
PRIMARY,254,002261.SZ,2025-03-24,-10.0,STOP_FIRST,2.6716085217561965,-10.181684364200558,-12.853292885956755,4,1,1,0,0,0,-27.78696429320907
PRIMARY,255,600989.SH,2025-03-28,-10.0,STOP_FIRST,6.913448021154776,6.913448021154776,0.0,20,0,0,0,0,0,-8.97260383386529
PRIMARY,256,000063.SZ,2025-03-03,-10.0,STOP_FIRST,2.6037524048102836,-1.5351685502815429,-4.138920955091827,26,1,1,0,0,1,-20.196827200957447
PRIMARY,257,600050.SH,2025-03-19,-10.0,STOP_FIRST,-4.102896566069308,-10.181684364200544,-6.078787798131236,11,1,1,0,0,0,-12.91204099525517
PRIMARY,258,300846.SZ,2025-03-25,-10.0,STOP_FIRST,-3.7770156011244347,-4.751850188338003,-0.9748345872135684,9,1,1,0,0,1,-31.401379445935305
PRIMARY,259,300059.SZ,2025-04-01,-10.0,STOP_FIRST,5.1627907747067665,-5.762474268474052,-10.925265043180818,4,1,1,0,0,1,-18.189916816625797
PRIMARY,260,002475.SZ,2025-04-02,-10.0,STOP_FIRST,3.6625597634810965,-4.408565470368695,-8.071125233849791,4,1,1,0,0,1,-27.255123038788852
PRIMARY,261,300308.SZ,2025-01-10,-10.0,STOP_FIRST,0.7734206644023827,-0.4751140795307125,-1.2485347439330952,56,1,1,0,0,1,-39.080885586063495
PRIMARY,262,300502.SZ,2025-02-28,-10.0,STOP_FIRST,28.725713357688992,-0.4122799177202055,-29.137993275409197,27,1,1,0,0,1,-31.75728487388515
PRIMARY,263,300750.SZ,2025-04-01,-10.0,STOP_FIRST,7.81936272756536,-3.031675832381223,-10.851038559946582,5,1,1,0,0,1,-16.506355111574443
PRIMARY,264,601318.SH,2025-04-07,-10.0,STOP_FIRST,6.926822925723594,6.926822925723594,0.0,19,0,0,0,0,0,-1.0258567917744377
PRIMARY,265,600036.SH,2025-04-07,-10.0,STOP_FIRST,5.565919809741665,5.565919809741665,0.0,19,0,0,0,0,0,-1.275773669536573
PRIMARY,266,002594.SZ,2025-04-08,-10.0,STOP_FIRST,17.218917139643203,17.218917139643203,0.0,21,0,0,0,0,0,-2.0179308927128603
PRIMARY,267,601658.SH,2025-03-28,-10.0,STOP_FIRST,3.737034722718007,3.737034722718007,0.0,28,0,0,0,0,0,-5.998762052795592
PRIMARY,268,600309.SH,2025-04-15,-10.0,STOP_FIRST,2.8522101436284233,2.8522101436284233,0.0,18,0,0,0,0,0,-4.325283052386664
PRIMARY,269,601899.SH,2025-04-07,-10.0,STOP_FIRST,18.75276321406046,18.75276321406046,0.0,28,0,0,0,0,0,-2.3499050474409477
PRIMARY,270,603259.SH,2025-04-08,-10.0,STOP_FIRST,27.365745385479556,27.365745385479556,0.0,29,0,0,0,0,0,-2.7478554733693317
PRIMARY,271,688981.SH,2025-04-01,-10.0,STOP_FIRST,-0.3367121465143475,-8.841427510041656,-8.504715363527309,29,1,1,0,0,0,-10.022828466095346
PRIMARY,272,688256.SH,2025-05-27,-10.0,STOP_FIRST,2.4520211429184493,2.4520211429184493,0.0,20,0,0,0,0,0,-9.161551567123071
PRIMARY,273,000858.SZ,2025-06-13,-10.0,STOP_FIRST,2.9441509741563254,2.9441509741563254,0.0,17,0,0,0,0,0,-0.8036010497183277
PRIMARY,274,600519.SH,2025-06-13,-10.0,STOP_FIRST,1.571155348492451,1.571155348492451,0.0,18,0,0,0,0,0,-0.18545542382252256
PRIMARY,275,300308.SZ,2025-10-14,-10.0,STOP_FIRST,37.312191378736536,37.312191378736536,0.0,7,0,0,0,0,0,-2.4164241555545862
PRIMARY,276,002460.SZ,2025-11-24,-10.0,STOP_FIRST,9.614217661278927,9.614217661278927,0.0,19,0,0,0,0,0,-1.7925475782034406
PRIMARY,277,601138.SH,2025-11-24,-10.0,STOP_FIRST,19.316165850131622,19.316165850131622,0.0,22,0,0,0,0,0,-2.475096837577462
PRIMARY,278,300502.SZ,2026-01-12,-10.0,STOP_FIRST,18.325572753597463,18.325572753597463,0.0,14,0,0,0,0,0,-2.8874334496876597
PRIMARY,279,300750.SZ,2025-11-21,-10.0,STOP_FIRST,1.7797735978262685,-6.856372127833353,-8.636145725659622,44,1,1,0,0,0,-11.001248680259001
PRIMARY,280,300274.SZ,2025-12-16,-10.0,STOP_FIRST,-0.04130443998742119,-8.579395362168857,-8.538090922181436,30,1,1,0,0,1,-13.261308807790783
PRIMARY,281,300308.SZ,2026-02-06,-10.0,STOP_FIRST,3.437565472561077,3.437565472561077,0.0,21,0,0,0,0,0,-9.894027541086349
PRIMARY,282,002475.SZ,2026-01-08,-10.0,STOP_FIRST,1.540552873571203,-6.066141340630484,-7.606694214201687,34,1,1,0,0,1,-18.823201056328863
PRIMARY,283,601138.SH,2026-01-29,-10.0,STOP_FIRST,3.823418044659373,-4.167545624885487,-7.990963669544859,32,1,1,0,0,1,-17.012814423960076
PRIMARY,284,688256.SH,2026-02-03,-10.0,STOP_FIRST,12.397855616133041,-3.9037607329959347,-16.301616349128977,29,1,1,0,0,1,-12.087912087912079
PRIMARY,285,601899.SH,2026-03-16,-10.0,STOP_FIRST,9.119263883295172,-6.651164281403404,-15.770428164698576,6,1,1,0,0,1,-14.280941525906998
PRIMARY,286,603986.SH,2026-03-31,-10.0,STOP_FIRST,19.7457903723054,19.7457903723054,0.0,13,0,0,0,0,0,-2.865134133444669
PRIMARY,287,300059.SZ,2026-03-20,-10.0,STOP_FIRST,8.424165896338625,8.424165896338625,0.0,31,0,0,0,0,0,-7.322200643291355
PRIMARY,288,300274.SZ,2026-04-01,-10.0,STOP_FIRST,13.077001683310016,13.077001683310016,0.0,23,0,0,0,0,0,-7.472322364359973
PRIMARY,289,300274.SZ,2026-07-01,-10.0,STOP_FIRST,-8.358514552822074,-6.9050301509880345,1.4534844018340394,5,1,1,0,0,0,-26.27934444027391
PRIMARY,290,600487.SH,2026-07-06,-10.0,STOP_FIRST,-17.707576907721744,-6.485599534944897,11.221977372776848,3,1,1,0,0,0,-46.153139444336865
PRIMARY,291,688525.SH,2026-07-15,-10.0,STOP_FIRST,-19.368418251981645,-9.160083100126664,10.20833515185498,3,1,1,0,0,1,-34.73193473193472
PRIMARY,292,688008.SH,2026-07-16,-10.0,STOP_FIRST,-3.6609369962131426,-8.480611050722212,-4.819674054509069,3,1,1,0,0,0,-12.165294341773524
PRIMARY,293,688256.SH,2026-07-16,-10.0,STOP_FIRST,-7.309240157764709,-2.232447937072287,5.076792220692422,27,1,1,1,0,1,-25.153710642669623
PRIMARY,294,300308.SZ,2026-07-17,-10.0,STOP_FIRST,-11.744158826402947,-5.139938628116869,6.604220198286078,10,1,1,0,0,1,-22.96628924619374
PRIMARY,295,600584.SH,2026-07-20,-10.0,STOP_FIRST,-3.746170199653699,-10.181684364200557,-6.435514164546857,7,1,1,0,0,0,-20.75720869405966
PRIMARY,296,300502.SZ,2026-07-28,-10.0,STOP_FIRST,-3.1289001702402826,-11.36599644956487,-8.237096279324588,3,1,1,0,0,0,-14.854383942881455
PRIMARY,297,002384.SZ,2026-07-29,-10.0,STOP_FIRST,6.860142611567042,6.860142611567042,0.0,18,0,0,0,0,0,-9.217430672804971
PRIMARY,298,002475.SZ,2026-08-03,-10.0,STOP_FIRST,1.2862198685484683,1.2862198685484683,0.0,15,0,0,0,0,0,-4.021902045888859
PRIMARY,299,600276.SH,2026-08-20,-10.0,STOP_FIRST,-2.438053366642191,-2.438053366642191,0.0,2,0,0,0,0,0,-4.81585777507767
PRIMARY,1,000651.SZ,2020-03-19,-10.0,TP_FIRST,8.76502998612771,8.76502998612771,0.0,15,0,0,0,0,0,-3.253806511060575
PRIMARY,2,600030.SH,2020-03-16,-10.0,TP_FIRST,1.2152522266729697,1.2152522266729697,0.0,19,0,0,0,0,0,-7.086832162571954
PRIMARY,3,300750.SZ,2020-02-28,-10.0,TP_FIRST,-1.0193924653390611,-6.3493958563406565,-5.330003391001595,12,1,1,0,0,1,-24.419958905481774
PRIMARY,4,601318.SH,2020-02-28,-10.0,TP_FIRST,-1.3453625770562572,-3.9032366938148586,-2.5578741167586014,14,1,1,0,0,1,-15.814522556095568
PRIMARY,5,600036.SH,2020-03-19,-10.0,TP_FIRST,10.683448687695108,10.683448687695108,0.0,25,0,0,0,0,0,-0.09990265754196148
PRIMARY,6,002475.SZ,2020-03-17,-10.0,TP_FIRST,14.92275528149982,-10.22662768107341,-25.149382962573227,4,1,1,0,0,0,-11.112505536775796
PRIMARY,7,000858.SZ,2020-03-17,-10.0,TP_FIRST,26.82736619482785,-6.349335751344004,-33.17670194617185,3,1,1,0,0,0,-12.958069092199342
PRIMARY,8,000063.SZ,2020-03-17,-10.0,TP_FIRST,3.2396956676295363,-10.226627681073417,-13.466323348702954,28,1,1,0,0,0,-10.59060271470772
PRIMARY,9,000725.SZ,2020-03-16,-10.0,TP_FIRST,4.611959703094805,-4.007216449676209,-8.619176152771015,31,1,1,0,0,1,-20.127607365604128
PRIMARY,10,002506.SZ,2020-03-26,-10.0,TP_FIRST,-6.524016348081019,-5.9716325167208835,0.5523838313601352,23,1,1,0,0,1,-31.211643047504246
PRIMARY,11,600519.SH,2020-03-18,-10.0,TP_FIRST,39.54846152311298,39.54846152311298,0.0,48,0,0,0,0,0,-3.505987509815356
PRIMARY,12,000002.SZ,2020-03-18,-10.0,TP_FIRST,4.681297620587952,4.681297620587952,0.0,49,0,0,0,0,0,-6.372695888701285
PRIMARY,13,002714.SZ,2020-05-11,-10.0,TP_FIRST,-37.346517858183255,-39.08929023133747,-1.7427723731542173,17,1,1,0,0,1,-43.62347582705105
PRIMARY,14,000063.SZ,2020-05-25,-10.0,TP_FIRST,8.355437860095789,8.355437860095789,0.0,17,0,0,0,0,0,-5.214052830367422
PRIMARY,15,002415.SZ,2020-05-25,-10.0,TP_FIRST,7.15509150196319,7.15509150196319,0.0,17,0,0,0,0,0,-2.5965128554330974
PRIMARY,16,600703.SH,2020-06-15,-10.0,TP_FIRST,15.534542524394753,15.534542524394753,0.0,12,0,0,0,0,0,-1.7232235549681896
PRIMARY,17,600030.SH,2020-09-07,-10.0,TP_FIRST,3.3416942678344705,3.3416942678344705,0.0,18,0,0,0,0,0,-2.3347247522243597
PRIMARY,18,300059.SZ,2020-09-09,-10.0,TP_FIRST,4.052671012057143,4.052671012057143,0.0,16,0,0,0,0,0,-5.835594827212354
PRIMARY,19,600276.SH,2020-09-17,-10.0,TP_FIRST,7.964121567403469,7.964121567403469,0.0,10,0,0,0,0,0,-0.30802389658590723
PRIMARY,20,000063.SZ,2020-09-10,-10.0,TP_FIRST,8.16654508112372,8.16654508112372,0.0,16,0,0,0,0,0,-2.1893558485753473
PRIMARY,21,000651.SZ,2020-09-28,-10.0,TP_FIRST,7.18749636223901,7.18749636223901,0.0,5,0,0,0,0,0,-0.7920940870049797
PRIMARY,22,600036.SH,2020-09-30,-10.0,TP_FIRST,8.189846606772502,8.189846606772502,0.0,5,0,0,0,0,0,-0.8409143929827279
PRIMARY,23,002456.SZ,2020-09-01,-10.0,TP_FIRST,0.3287151054327302,-6.477445975097433,-6.806161080530163,7,1,1,0,0,1,-16.877466166367018
PRIMARY,24,300136.SZ,2020-10-12,-10.0,TP_FIRST,3.7523403888601528,-8.157552231114824,-11.909892619974977,9,1,1,0,0,0,-11.264076050883421
PRIMARY,25,600030.SH,2020-10-26,-10.0,TP_FIRST,5.218510332201447,5.218510332201447,0.0,19,0,0,0,0,0,-4.85376403171518
PRIMARY,26,000661.SZ,2020-09-16,-10.0,TP_FIRST,10.365131138225253,-5.873322144135988,-16.23845328236124,22,1,1,0,0,0,-10.396266523703268
PRIMARY,27,600745.SH,2020-09-08,-10.0,TP_FIRST,1.4169185149017833,-5.351620756841717,-6.7685392717435,25,1,1,0,0,1,-24.96934183424869
PRIMARY,28,601012.SH,2020-11-13,-10.0,TP_FIRST,11.570904483395198,11.570904483395198,0.0,17,0,0,0,0,0,-7.125413198287678
PRIMARY,29,300122.SZ,2020-11-11,-10.0,TP_FIRST,21.594186068179752,-5.413702989428535,-27.00788905760829,5,1,1,0,0,1,-14.25593292277403
PRIMARY,30,002475.SZ,2020-11-16,-10.0,TP_FIRST,4.922943424348968,4.922943424348968,0.0,26,0,0,0,0,0,-6.247600021016375
PRIMARY,31,002241.SZ,2020-11-16,-10.0,TP_FIRST,2.7641560070263713,2.7641560070263713,0.0,28,0,0,0,0,0,-8.190219287755895
PRIMARY,32,000651.SZ,2020-12-09,-10.0,TP_FIRST,4.778058019478602,4.778058019478602,0.0,17,0,0,0,0,0,-6.9491076663235285
PRIMARY,33,688981.SH,2020-12-16,-10.0,TP_FIRST,16.521188858697652,16.521188858697652,0.0,16,0,0,0,0,0,-4.393704306917501
PRIMARY,34,601318.SH,2021-01-28,-10.0,TP_FIRST,9.42474089385644,9.42474089385644,0.0,14,0,0,0,0,0,-7.015107202120719
PRIMARY,35,300059.SZ,2021-02-22,-10.0,TP_FIRST,-9.75617275607125,-5.720446354390398,4.035726401680852,7,1,1,0,0,0,-21.294436987155805
PRIMARY,36,000333.SZ,2021-02-22,-10.0,TP_FIRST,1.124921971714471,-7.54687717483014,-8.671799146544611,22,1,1,0,0,0,-11.037863818654303
PRIMARY,37,000858.SZ,2021-03-08,-10.0,TP_FIRST,16.23467230378328,16.23467230378328,0.0,18,0,0,0,0,0,-5.053624061888506
PRIMARY,38,600030.SH,2021-03-01,-10.0,TP_FIRST,-1.7719464410848904,-1.7719464410848904,0.0,24,0,0,0,0,0,-9.731175855642116
PRIMARY,39,601012.SH,2021-03-04,-10.0,TP_FIRST,2.8151228530517156,-7.166594342057516,-9.981717195109232,4,1,1,0,0,0,-20.33269501471261
PRIMARY,40,002241.SZ,2021-01-29,-10.0,TP_FIRST,-2.3809753380773024,-5.051222753194992,-2.6702474151176894,27,1,1,0,0,1,-24.32266643437805
PRIMARY,41,300750.SZ,2021-01-29,-10.0,TP_FIRST,2.6778263400166544,-5.862812661519871,-8.540639001536526,15,1,1,0,0,0,-20.744980856829066
PRIMARY,42,002475.SZ,2021-01-28,-10.0,TP_FIRST,-17.795635461958412,-5.765825560272962,12.02980990168545,28,1,1,0,0,1,-38.05999710973133
PRIMARY,43,600438.SH,2021-03-05,-10.0,TP_FIRST,-2.082117681436346,-5.945455606445182,-3.863337925008836,3,1,1,0,0,1,-21.900640918932147
PRIMARY,44,300014.SZ,2021-03-23,-10.0,TP_FIRST,20.343646524893185,20.343646524893185,0.0,18,0,0,0,0,0,-1.1328405715407053
PRIMARY,45,601899.SH,2021-03-24,-10.0,TP_FIRST,13.67315267261283,13.67315267261283,0.0,17,0,0,0,0,0,-0.5227592786883895
PRIMARY,46,601166.SH,2021-04-15,-10.0,TP_FIRST,10.16039399503804,10.16039399503804,0.0,15,0,0,0,0,0,-2.3887839446735004
PRIMARY,47,600276.SH,2021-04-15,-10.0,TP_FIRST,2.9762113310555116,2.9762113310555116,0.0,18,0,0,0,0,0,-5.364820806114978
PRIMARY,48,002352.SZ,2021-04-12,-10.0,TP_FIRST,1.806031845385725,1.806031845385725,0.0,22,0,0,0,0,0,-8.258407334556994
PRIMARY,49,600519.SH,2021-05-06,-10.0,TP_FIRST,12.309433820124724,12.309433820124724,0.0,12,0,0,0,0,0,-5.132526010090399
PRIMARY,50,600031.SH,2021-03-09,-10.0,TP_FIRST,2.027751640672817,-1.5480240764433268,-3.5757757171161435,44,1,1,0,0,1,-27.978387085265844
PRIMARY,51,600009.SH,2021-02-03,-10.0,TP_FIRST,-1.1354409255495685,-6.476280044983684,-5.340839119434116,58,1,1,0,0,1,-22.985275095121573
PRIMARY,52,002594.SZ,2021-02-24,-10.0,TP_FIRST,16.160298578230066,-5.154091082621371,-21.314389660851436,49,1,1,0,0,1,-34.73181070183321
PRIMARY,53,002340.SZ,2021-06-07,-10.0,TP_FIRST,5.290865136021748,-7.51487311338241,-12.805738249404158,7,1,1,0,0,0,-11.268220523967209
PRIMARY,54,000661.SZ,2021-05-24,-10.0,TP_FIRST,3.543179209088439,-6.356846356591017,-9.900025565679456,30,1,1,0,0,1,-16.869230019043936
PRIMARY,55,002594.SZ,2021-07-16,-10.0,TP_FIRST,25.77910857036041,25.77910857036041,0.0,10,0,0,0,0,0,-2.6882194842621776
PRIMARY,56,600031.SH,2021-06-11,-10.0,TP_FIRST,4.433342850860986,-5.042364300556394,-9.47570715141738,19,1,1,0,0,1,-15.123799665013548
PRIMARY,57,002241.SZ,2021-07-22,-10.0,TP_FIRST,10.273218124699701,10.273218124699701,0.0,9,0,0,0,0,0,-7.886693775763421
PRIMARY,58,600036.SH,2021-07-08,-10.0,TP_FIRST,8.736132867824947,-6.283388969564406,-15.019521837389354,16,1,1,0,0,0,-10.298243793004092
PRIMARY,59,300782.SZ,2021-07-13,-10.0,TP_FIRST,4.700284102162052,-8.717539980996778,-13.41782408315883,13,1,1,0,0,0,-10.944165622271129
PRIMARY,60,601919.SH,2021-07-23,-10.0,TP_FIRST,21.9399821535198,-6.047660828324056,-27.987642981843855,3,1,1,0,0,0,-13.003666576368966
PRIMARY,61,002460.SZ,2021-08-16,-10.0,TP_FIRST,24.025427124052413,24.025427124052413,0.0,9,0,0,0,0,0,-2.17885582383488
PRIMARY,62,300750.SZ,2021-07-27,-10.0,TP_FIRST,8.626053858905106,8.626053858905106,0.0,34,0,0,0,0,0,-5.360767280539502
PRIMARY,63,300760.SZ,2021-08-20,-10.0,TP_FIRST,25.243095200327115,25.243095200327115,0.0,19,0,0,0,0,0,-1.3648131532456809
PRIMARY,64,600519.SH,2021-07-26,-10.0,TP_FIRST,2.091334708861519,-3.959888012286438,-6.051222721147957,20,1,1,0,0,1,-15.47553943560599
PRIMARY,65,002714.SZ,2021-05-24,-10.0,TP_FIRST,-18.715268930191936,-6.419125730570796,12.29614319962114,42,1,1,0,0,1,-56.67478900029019
PRIMARY,66,000858.SZ,2021-07-08,-10.0,TP_FIRST,-7.6342909419297795,-3.0282627042047325,4.606028237725047,32,1,1,0,0,1,-28.655500122152368
PRIMARY,67,002594.SZ,2021-09-29,-10.0,TP_FIRST,17.089129638620165,17.089129638620165,0.0,6,0,0,0,0,0,-0.5192972651856032
PRIMARY,68,601318.SH,2021-03-18,-10.0,TP_FIRST,-28.116081051784203,-4.868341631282686,23.247739420501517,59,1,1,0,0,1,-41.80696245003698
PRIMARY,69,000651.SZ,2021-05-25,-10.0,TP_FIRST,-19.03127753582529,-3.0683924428245977,15.962885093000692,63,1,1,0,0,1,-33.090168102543274
PRIMARY,70,000333.SZ,2021-07-05,-10.0,TP_FIRST,11.175030722164129,11.175030722164129,0.0,71,0,0,0,0,0,-9.770984837876318
PRIMARY,71,600111.SH,2021-09-29,-10.0,TP_FIRST,22.277893313169177,22.277893313169177,0.0,12,0,0,0,0,0,-3.6351512387024387
PRIMARY,72,600089.SH,2021-10-08,-10.0,TP_FIRST,21.757208672823793,21.757208672823793,0.0,12,0,0,0,0,0,-5.355399017850127
PRIMARY,73,002466.SZ,2021-09-22,-10.0,TP_FIRST,5.276533723848393,-6.339166578572278,-11.61570030242067,4,1,1,0,0,1,-18.18048772561611
PRIMARY,74,000858.SZ,2021-11-01,-10.0,TP_FIRST,7.772649549904674,7.772649549904674,0.0,16,0,0,0,0,0,-2.695601939103509
PRIMARY,75,603259.SH,2021-11-04,-10.0,TP_FIRST,10.333997515607747,10.333997515607747,0.0,15,0,0,0,0,0,-4.388640111365582
PRIMARY,76,601919.SH,2021-09-28,-10.0,TP_FIRST,3.0377221934720415,-3.0390644173506574,-6.076786610822699,30,1,1,0,0,1,-19.410201081693145
PRIMARY,77,600030.SH,2021-11-16,-10.0,TP_FIRST,7.942169042945349,7.942169042945349,0.0,13,0,0,0,0,0,-1.3115665629502171
PRIMARY,78,000651.SZ,2021-10-27,-10.0,TP_FIRST,3.7666645298140864,3.7666645298140864,0.0,30,0,0,0,0,0,-6.591904190897946
PRIMARY,79,600036.SH,2021-11-26,-10.0,TP_FIRST,7.780249533285357,7.780249533285357,0.0,8,0,0,0,0,0,-2.0264594890360255
PRIMARY,80,600036.SH,2021-12-29,-10.0,TP_FIRST,5.516341863497587,5.516341863497587,0.0,14,0,0,0,0,0,-0.892595978810895
PRIMARY,81,002129.SZ,2021-12-01,-10.0,TP_FIRST,7.212021342950852,-6.723232330467793,-13.935253673418645,27,1,1,0,0,0,-10.209695479014202
PRIMARY,82,600030.SH,2022-01-14,-10.0,TP_FIRST,1.0102995428563417,1.0102995428563417,0.0,9,0,0,0,0,0,-4.115180796829354
PRIMARY,83,601888.SH,2021-11-02,-10.0,TP_FIRST,7.8045788936873635,-2.2926840052737916,-10.097262898961155,53,1,1,0,0,1,-17.76278012400819
PRIMARY,84,600111.SH,2021-12-24,-10.0,TP_FIRST,10.927469701064592,-3.7061648665025495,-14.63363456756714,25,1,1,0,0,1,-16.158101136300374
PRIMARY,85,000792.SZ,2022-01-20,-10.0,TP_FIRST,18.801769360068377,18.801769360068377,0.0,13,0,0,0,0,0,-2.101609531796167
PRIMARY,86,002460.SZ,2021-12-20,-10.0,TP_FIRST,7.327370162653349,-8.059054413690026,-15.386424576343375,20,1,1,0,0,0,-13.694999767838578
PRIMARY,87,002466.SZ,2021-12-20,-10.0,TP_FIRST,1.837573601773871,-6.279473591075598,-8.11704719284947,22,1,1,0,0,1,-19.98566660073482
PRIMARY,88,000661.SZ,2022-01-24,-10.0,TP_FIRST,11.89884859958246,11.89884859958246,0.0,17,0,0,0,0,0,-4.775620293737893
PRIMARY,89,601012.SH,2021-12-01,-10.0,TP_FIRST,6.472325573333965,-5.21987484578146,-11.692200419115425,46,1,1,0,0,1,-23.797689806559163
PRIMARY,90,603259.SH,2021-12-20,-10.0,TP_FIRST,12.254494786218984,-4.92666461920808,-17.181159405427064,33,1,1,0,0,1,-28.86139126771904
PRIMARY,91,000002.SZ,2022-03-04,-10.0,TP_FIRST,14.88504791739044,-5.2098905795639086,-20.09493849695435,7,1,1,0,0,1,-22.246037106497695
PRIMARY,92,300059.SZ,2022-01-05,-10.0,TP_FIRST,-5.7513210082683415,-2.8395714088874384,2.911749599380903,44,1,1,0,0,1,-34.89656169461941
PRIMARY,93,600519.SH,2022-01-07,-10.0,TP_FIRST,0.9984159395398549,-3.7558770538752393,-4.754292993415094,43,1,1,0,0,1,-17.458488731459298
PRIMARY,94,601888.SH,2022-03-14,-10.0,TP_FIRST,7.812849493656972,7.812849493656972,0.0,20,0,0,0,0,0,-8.439813952671848
PRIMARY,95,002594.SZ,2021-12-16,-10.0,TP_FIRST,-1.5968178542206901,-4.422510162277446,-2.8256923080567553,52,1,1,0,0,1,-26.330714118353036
PRIMARY,96,000625.SZ,2021-11-16,-10.0,TP_FIRST,-22.229994518631575,-3.2745966460224736,18.9553978726091,74,1,1,0,0,1,-53.29984290867762
PRIMARY,97,002475.SZ,2022-02-08,-10.0,TP_FIRST,-17.15409169654668,-3.104337726431763,14.049753970114917,36,1,1,0,0,1,-40.77681436537638
PRIMARY,98,002466.SZ,2022-04-25,-10.0,TP_FIRST,41.854779546894,41.854779546894,0.0,8,0,0,0,0,0,-3.4110472521140522
PRIMARY,99,300274.SZ,2021-12-21,-10.0,TP_FIRST,-25.58857835409347,-1.5903319737089898,23.99824638038448,63,1,1,0,0,1,-58.717689038471335
PRIMARY,100,002460.SZ,2022-03-08,-10.0,TP_FIRST,17.706849570514894,-3.7634529788942195,-21.470302549409112,33,1,1,0,0,1,-28.642784574491998
PRIMARY,101,000858.SZ,2022-01-28,-10.0,TP_FIRST,-8.807756178930596,-4.121784409556869,4.685971769373727,24,1,1,0,0,1,-25.5194802146096
PRIMARY,102,300014.SZ,2022-03-03,-10.0,TP_FIRST,26.31764601662993,-7.361073022816973,-33.678719039446904,36,1,1,0,0,1,-32.624915571840454
PRIMARY,103,300750.SZ,2021-12-20,-10.0,TP_FIRST,-14.232912370394569,-4.178822495779358,10.054089874615212,73,1,1,0,0,1,-41.8073675499418
PRIMARY,104,601012.SH,2022-03-29,-10.0,TP_FIRST,-12.752364240157288,-4.580196142332826,8.17216809782446,18,1,1,0,0,1,-24.82075936524716
PRIMARY,105,002415.SZ,2022-05-06,-10.0,TP_FIRST,3.5450375895839463,3.5450375895839463,0.0,19,0,0,0,0,0,-8.562023743217374
PRIMARY,106,600276.SH,2022-01-13,-10.0,TP_FIRST,-29.55698724716474,-6.300560679125497,23.256426568039245,33,1,1,0,0,1,-42.610580908453244
PRIMARY,107,601318.SH,2022-03-15,-10.0,TP_FIRST,-0.3864474449981416,-0.3864474449981416,0.0,55,0,0,0,0,0,-2.315282705156485
PRIMARY,108,600036.SH,2022-03-07,-10.0,TP_FIRST,-6.245523329299984,-5.042810380329586,1.2027129489703983,31,1,1,0,0,1,-24.345417637488787
PRIMARY,109,300122.SZ,2022-04-14,-10.0,TP_FIRST,-6.645958234266682,-4.9676298305148086,1.6783284037518733,28,1,1,0,0,1,-28.79470109263167
PRIMARY,110,002241.SZ,2022-06-23,-10.0,TP_FIRST,2.8400230023871615,2.8400230023871615,0.0,30,0,0,0,0,0,-5.007927632982501
PRIMARY,111,002466.SZ,2022-08-19,-10.0,TP_FIRST,13.385590477234006,13.385590477234006,0.0,2,0,0,0,0,0,-2.8634236347626074
PRIMARY,112,600036.SH,2022-07-13,-10.0,TP_FIRST,-1.5651520516643562,-5.062387407047038,-3.497235355382682,16,1,1,0,0,1,-12.409355098525655
PRIMARY,113,601888.SH,2022-08-08,-10.0,TP_FIRST,7.1858432781792185,7.1858432781792185,0.0,33,0,0,0,0,0,-8.133019118063235
PRIMARY,114,000858.SZ,2022-07-29,-10.0,TP_FIRST,-2.4673011477159523,-6.978827994615508,-4.511526846899556,25,1,1,0,0,1,-12.093504633059515
PRIMARY,115,300274.SZ,2022-08-31,-10.0,TP_FIRST,13.216110132265186,13.216110132265186,0.0,23,0,0,0,0,0,-6.803285897864219
PRIMARY,116,300760.SZ,2022-09-21,-10.0,TP_FIRST,26.10435256088347,26.10435256088347,0.0,11,0,0,0,0,0,-2.945982270341807
PRIMARY,117,603259.SH,2022-07-27,-10.0,TP_FIRST,-6.553924195303395,-4.578034330701117,1.9758898646022782,35,1,1,0,0,1,-30.331191278374803
PRIMARY,118,601012.SH,2022-08-03,-10.0,TP_FIRST,-1.5712301907594528,-4.632435662106117,-3.061205471346664,32,1,1,0,0,1,-20.79675190961924
PRIMARY,119,688599.SH,2022-08-19,-10.0,TP_FIRST,4.900961296612725,-8.022452262710173,-12.9234135593229,29,1,1,0,0,0,-11.786057206268874
PRIMARY,120,002459.SZ,2022-08-19,-10.0,TP_FIRST,5.627000867343111,-10.16519050132508,-15.792191368668192,40,1,1,0,0,0,-10.712385831051897
PRIMARY,121,601899.SH,2022-09-26,-10.0,TP_FIRST,6.916188828671841,6.916188828671841,0.0,18,0,0,0,0,0,-3.33920245581949
PRIMARY,122,002460.SZ,2022-08-25,-10.0,TP_FIRST,2.226213115920718,-5.562591458131939,-7.788804574052657,26,1,1,0,0,1,-16.759572939966095
PRIMARY,123,002271.SZ,2022-08-23,-10.0,TP_FIRST,-5.965240206705305,-6.830838451678877,-0.8655982449735724,29,1,1,0,0,1,-29.215251654169816
PRIMARY,124,600703.SH,2022-09-20,-10.0,TP_FIRST,1.4365619204532005,-7.8083526297178105,-9.24491455017101,7,1,1,0,0,0,-17.135927537327543
PRIMARY,125,002594.SZ,2022-07-12,-10.0,TP_FIRST,-2.227087712436274,-4.946339111163904,-2.71925139872763,58,1,1,0,0,1,-23.762322609884045
PRIMARY,126,002466.SZ,2022-09-01,-10.0,TP_FIRST,0.41755742217796255,-5.667375252453307,-6.084932674631269,22,1,1,0,0,0,-17.18698543788346
PRIMARY,127,002050.SZ,2022-10-11,-10.0,TP_FIRST,8.648758708124946,8.648758708124946,0.0,17,0,0,0,0,0,-7.919779995223497
PRIMARY,128,603799.SH,2022-09-29,-10.0,TP_FIRST,1.9036214562895246,-8.362988963711349,-10.266610420000873,9,1,1,0,0,0,-18.54792363873298
PRIMARY,129,600030.SH,2022-09-16,-10.0,TP_FIRST,3.2914258355483077,3.2914258355483077,0.0,34,0,0,0,0,0,-7.2317278605463
PRIMARY,130,600036.SH,2022-10-10,-10.0,TP_FIRST,4.74708231806275,-5.670889601031013,-10.417971919093763,11,1,1,0,0,1,-17.352231797581
PRIMARY,131,601166.SH,2022-08-29,-10.0,TP_FIRST,2.990941980494697,-5.365375898262362,-8.356317878757059,37,1,1,0,0,0,-11.758858159541209
PRIMARY,132,601318.SH,2022-10-24,-10.0,TP_FIRST,11.54058817209945,11.54058817209945,0.0,14,0,0,0,0,0,-4.56589305883337
PRIMARY,133,000651.SZ,2022-10-31,-10.0,TP_FIRST,11.08646263720554,11.08646263720554,0.0,9,0,0,0,0,0,-0.62111668689665
PRIMARY,134,300059.SZ,2022-08-02,-10.0,TP_FIRST,1.3148602142200303,-3.450090461310853,-4.7649506755308835,55,1,1,0,0,1,-28.41433393805436
PRIMARY,135,000625.SZ,2022-08-24,-10.0,TP_FIRST,2.31475867645841,-3.1491145887274428,-5.463873265185853,42,1,1,0,0,1,-27.190338345372766
PRIMARY,136,000858.SZ,2022-10-24,-10.0,TP_FIRST,13.014502136358589,13.014502136358589,0.0,26,0,0,0,0,0,-6.076160549181053
PRIMARY,137,600519.SH,2022-09-05,-10.0,TP_FIRST,-5.861614932184937,-6.384442559710439,-0.5228276275255022,27,1,1,0,0,1,-27.44375317821398
PRIMARY,138,000568.SZ,2022-10-10,-10.0,TP_FIRST,5.894426001503926,-4.840030707605747,-10.734456709109672,14,1,1,0,0,1,-26.23829865914583
PRIMARY,139,600887.SH,2022-10-20,-10.0,TP_FIRST,6.706648715667189,-5.719856921221057,-12.426505636888246,8,1,1,0,0,1,-18.517421916247343
PRIMARY,140,002714.SZ,2022-10-26,-10.0,TP_FIRST,5.23244617556544,5.23244617556544,0.0,28,0,0,0,0,0,-8.911088606217998
PRIMARY,141,300750.SZ,2022-09-01,-10.0,TP_FIRST,-1.3981718838619202,-3.199685840608909,-1.8015139567469887,36,1,1,0,0,1,-24.986572858520837
PRIMARY,142,002371.SZ,2022-10-12,-10.0,TP_FIRST,10.597667780822029,10.597667780822029,0.0,44,0,0,0,0,0,-5.446303292394417
PRIMARY,143,603259.SH,2022-11-28,-10.0,TP_FIRST,6.738265986701266,6.738265986701266,0.0,22,0,0,0,0,0,-2.1226976811561937
PRIMARY,144,600522.SH,2022-11-01,-10.0,TP_FIRST,-5.676303523410963,-4.09892371241295,1.5773798109980133,20,1,1,0,0,1,-30.66339374603776
PRIMARY,145,300274.SZ,2022-12-06,-10.0,TP_FIRST,12.35423017458993,-8.865297592274038,-21.21952776686397,12,1,1,0,0,0,-12.997661644686353
PRIMARY,146,002241.SZ,2022-11-11,-10.0,TP_FIRST,8.552942953591648,8.552942953591648,0.0,37,0,0,0,0,0,-2.0552360649699564
PRIMARY,147,002812.SZ,2022-11-23,-10.0,TP_FIRST,12.272962184274384,12.272962184274384,0.0,30,0,0,0,0,0,-7.454367889448843
PRIMARY,148,601012.SH,2022-12-22,-10.0,TP_FIRST,11.348570853081775,11.348570853081775,0.0,17,0,0,0,0,0,-1.83945407826005
PRIMARY,149,000625.SZ,2022-12-28,-10.0,TP_FIRST,15.403895272762636,15.403895272762636,0.0,16,0,0,0,0,0,-2.461030882431914
PRIMARY,150,002709.SZ,2022-12-30,-10.0,TP_FIRST,15.538268097973235,15.538268097973235,0.0,14,0,0,0,0,0,-2.7348780509869663
PRIMARY,151,300014.SZ,2023-01-11,-10.0,TP_FIRST,6.981985480381129,6.981985480381129,0.0,9,0,0,0,0,0,-4.915491114570337
PRIMARY,152,300750.SZ,2023-02-17,-10.0,TP_FIRST,3.6254689430868456,-6.179066374431378,-9.804535317518223,21,1,1,0,0,1,-11.62683470375777
PRIMARY,153,600519.SH,2023-03-08,-10.0,TP_FIRST,3.358107895598216,3.358107895598216,0.0,16,0,0,0,0,0,-2.5877984739737014
PRIMARY,154,300059.SZ,2023-03-07,-10.0,TP_FIRST,6.704927557794763,6.704927557794763,0.0,18,0,0,0,0,0,-6.726693190328403
PRIMARY,155,300274.SZ,2023-03-14,-10.0,TP_FIRST,3.872684453553771,-7.7077980114059255,-11.580482464959697,3,1,1,0,0,1,-11.398858058207795
PRIMARY,156,002594.SZ,2023-03-10,-10.0,TP_FIRST,7.839512102970262,7.839512102970262,0.0,33,0,0,0,0,0,-3.6913778017047982
PRIMARY,157,000858.SZ,2023-04-10,-10.0,TP_FIRST,-2.6488868636941545,-8.142131680013929,-5.493244816319774,10,1,1,0,0,0,-10.048100566887374
PRIMARY,158,000651.SZ,2023-05-04,-10.0,TP_FIRST,6.144996620188443,6.144996620188443,0.0,25,0,0,0,0,0,-8.255590958382841
PRIMARY,159,601899.SH,2023-05-12,-10.0,TP_FIRST,6.727401168026937,6.727401168026937,0.0,19,0,0,0,0,0,-5.558920911138776
PRIMARY,160,600519.SH,2023-04-12,-10.0,TP_FIRST,6.514893856808776,6.514893856808776,0.0,43,0,0,0,0,0,-4.355999030555235
PRIMARY,161,601012.SH,2023-03-16,-10.0,TP_FIRST,-17.84953964554572,-5.293491537164195,12.556048108381523,49,1,1,0,0,1,-33.276416390528766
PRIMARY,162,600036.SH,2023-04-27,-10.0,TP_FIRST,-0.6278320762058595,-0.6278320762058595,0.0,57,0,0,0,0,0,-3.793063901958049
PRIMARY,163,600809.SH,2023-05-22,-10.0,TP_FIRST,9.67465728119054,-5.514287152119697,-15.188944433310237,27,1,1,0,0,1,-16.847859403834985
PRIMARY,164,300059.SZ,2023-05-29,-10.0,TP_FIRST,3.238668828858134,3.238668828858134,0.0,38,0,0,0,0,0,-4.622126321593722
PRIMARY,165,002415.SZ,2023-06-09,-10.0,TP_FIRST,9.253968396028046,9.253968396028046,0.0,31,0,0,0,0,0,-3.0509320142771967
PRIMARY,166,300750.SZ,2023-06-07,-10.0,TP_FIRST,8.015096907867838,8.015096907867838,0.0,35,0,0,0,0,0,-2.799902799902787
PRIMARY,167,688981.SH,2023-05-09,-10.0,TP_FIRST,-1.9912914951639942,-1.9912914951639942,0.0,57,0,0,0,0,0,-7.822752791213516
PRIMARY,168,600570.SH,2023-07-11,-10.0,TP_FIRST,12.935015317595871,12.935015317595871,0.0,17,0,0,0,0,0,-3.6163828033945022
PRIMARY,169,300418.SZ,2023-06-26,-10.0,TP_FIRST,-7.109717403112448,-6.435360283007645,0.6743571201048031,3,1,1,0,0,1,-22.324869570606698
PRIMARY,170,600276.SH,2023-07-31,-10.0,TP_FIRST,2.244966610480217,-6.867824183346291,-9.112790793826507,5,1,1,0,0,1,-16.355370032537774
PRIMARY,171,002230.SZ,2023-08-16,-10.0,TP_FIRST,-4.04018826584394,-8.109709518746149,-4.0695212529022085,8,1,1,0,0,1,-19.948062722882465
PRIMARY,172,002475.SZ,2023-09-07,-10.0,TP_FIRST,6.728014277472455,6.728014277472455,0.0,17,0,0,0,0,0,-4.4345508276317
PRIMARY,173,300760.SZ,2023-08-07,-10.0,TP_FIRST,6.5338873044717865,6.5338873044717865,0.0,53,0,0,0,0,0,-4.449940020156773
PRIMARY,174,000858.SZ,2023-08-18,-10.0,TP_FIRST,9.240903528696505,-4.405220729786691,-13.646124258483196,39,1,1,0,0,1,-12.715230910264852
PRIMARY,175,300014.SZ,2023-02-20,-10.0,TP_FIRST,-28.568832058383776,-4.53680428247079,24.032027775912987,45,1,1,0,0,1,-44.47756749417103
PRIMARY,176,300059.SZ,2023-10-23,-10.0,TP_FIRST,6.795375111896212,6.795375111896212,0.0,9,0,0,0,0,0,-0.4417866895821354
PRIMARY,177,603019.SH,2023-08-09,-10.0,TP_FIRST,2.102020516340531,-4.992453607117964,-7.094474123458495,48,1,1,0,0,1,-18.940916927699114
PRIMARY,178,300274.SZ,2023-08-21,-10.0,TP_FIRST,2.059040269174881,-4.730971766532794,-6.790012035707675,40,1,1,0,0,1,-23.84860922169848
PRIMARY,179,300308.SZ,2023-07-20,-10.0,TP_FIRST,-5.693477162892338,-3.8899869809468024,1.803490181945536,43,1,1,0,0,1,-34.647305581306
PRIMARY,180,000977.SZ,2023-08-18,-10.0,TP_FIRST,7.706372017077919,-5.308924594328142,-13.015296611406061,41,1,1,0,0,1,-32.22636562323018
PRIMARY,181,601012.SH,2023-08-21,-10.0,TP_FIRST,-11.755699669774852,-1.4362664284123994,10.319433241362454,48,1,1,0,0,1,-26.371969728680746
PRIMARY,182,600519.SH,2023-10-13,-10.0,TP_FIRST,1.893988027016628,1.893988027016628,0.0,54,0,0,0,0,0,-7.786761434433009
PRIMARY,183,600009.SH,2023-08-21,-10.0,TP_FIRST,-11.699228208217027,-4.381461831569243,7.317766376647785,39,1,1,0,0,1,-24.842656679790675
PRIMARY,184,601318.SH,2023-11-09,-10.0,TP_FIRST,-2.3138721028580727,-7.3513359652263,-5.037463862368227,21,1,1,0,0,0,-12.395299497973422
PRIMARY,185,000651.SZ,2023-12-20,-10.0,TP_FIRST,12.104633410839133,12.104633410839133,0.0,26,0,0,0,0,0,-0.22839068988121936
PRIMARY,186,601138.SH,2023-10-24,-10.0,TP_FIRST,11.050900506142318,11.050900506142318,0.0,73,0,0,0,0,0,-8.702006282856667
PRIMARY,187,000858.SZ,2023-12-13,-10.0,TP_FIRST,2.808164916171326,2.808164916171326,0.0,37,0,0,0,0,0,-9.305511112151732
PRIMARY,188,600519.SH,2024-01-17,-10.0,TP_FIRST,5.907729356690894,5.907729356690894,0.0,13,0,0,0,0,0,-1.2708988071569394
PRIMARY,189,300750.SZ,2023-09-08,-10.0,TP_FIRST,-18.00484444688593,-4.181723245451534,13.823121201434397,51,1,1,0,0,1,-37.07504075265946
PRIMARY,190,002230.SZ,2024-01-03,-10.0,TP_FIRST,3.585730933845497,-7.794656368759463,-11.380387302604959,10,1,1,0,0,0,-13.110142123274604
PRIMARY,191,300418.SZ,2024-01-31,-10.0,TP_FIRST,39.428041617887864,39.428041617887864,0.0,6,0,0,0,0,0,-9.269811195543308
PRIMARY,192,000568.SZ,2023-12-11,-10.0,TP_FIRST,1.1120117479146117,-3.6752715882147386,-4.7872833361293505,39,1,1,0,0,1,-22.710877834749677
PRIMARY,193,300059.SZ,2023-12-27,-10.0,TP_FIRST,5.900250298765934,-7.031832203157573,-12.932082501923507,26,1,1,0,0,0,-11.47429406768471
PRIMARY,194,000063.SZ,2023-07-20,-10.0,TP_FIRST,-20.144973123840867,-4.4520949940309,15.692878129809966,63,1,1,0,0,1,-49.074840753076984
PRIMARY,195,000628.SZ,2023-12-14,-10.0,TP_FIRST,44.67924500816973,-1.6279655926625076,-46.307210600832235,37,1,1,0,0,1,-39.992579634592374
PRIMARY,196,000625.SZ,2024-01-04,-10.0,TP_FIRST,12.686864654118965,-4.950400502148606,-17.63726515626757,22,1,1,0,0,1,-24.25874529738413
PRIMARY,197,301236.SZ,2024-01-22,-10.0,TP_FIRST,15.202767971466354,-10.181684364200537,-25.384452335666893,6,1,1,0,0,0,-20.518249818689295
PRIMARY,198,002555.SZ,2023-12-25,-10.0,TP_FIRST,17.471539089853273,-1.0467477543349164,-18.51828684418819,30,1,1,0,0,1,-18.06601865960579
PRIMARY,199,000661.SZ,2024-01-12,-10.0,TP_FIRST,5.324721980411358,-9.772203116903565,-15.096925097314923,14,1,1,0,0,0,-15.088906432452676
PRIMARY,200,300033.SZ,2024-01-16,-10.0,TP_FIRST,11.478914185701258,-7.6519540082726,-19.13086819397386,4,1,1,0,0,0,-19.68785420497784
PRIMARY,201,002456.SZ,2023-12-14,-10.0,TP_FIRST,9.13490121758614,-2.545982938215681,-11.680884155801822,34,1,1,0,0,1,-32.75517367129328
PRIMARY,202,603259.SH,2024-01-30,-10.0,TP_FIRST,16.5357317467109,-1.4040871914383553,-17.939818938149255,5,1,1,0,0,1,-19.366346576745652
PRIMARY,203,002594.SZ,2023-08-14,-10.0,TP_FIRST,-16.277210987224258,-7.755298221077493,8.521912766146766,67,1,1,0,0,0,-33.85103047938111
PRIMARY,204,601012.SH,2024-01-29,-10.0,TP_FIRST,15.268422377533785,-6.255255021878154,-21.523677399411937,5,1,1,0,0,1,-13.258914832233726
PRIMARY,205,002475.SZ,2024-01-17,-10.0,TP_FIRST,7.219372761109448,-5.352713401914688,-12.572086163024135,11,1,1,0,0,0,-11.861191429965057
PRIMARY,206,601318.SH,2024-03-22,-10.0,TP_FIRST,8.104543046068015,8.104543046068015,0.0,23,0,0,0,0,0,-6.965721129438385
PRIMARY,207,600519.SH,2024-04-08,-10.0,TP_FIRST,5.19682233937109,5.19682233937109,0.0,16,0,0,0,0,0,-1.7024675784346077
PRIMARY,208,000977.SZ,2024-04-10,-10.0,TP_FIRST,12.570545419631626,12.570545419631626,0.0,14,0,0,0,0,0,-8.98589486777226
PRIMARY,209,000628.SZ,2024-03-29,-10.0,TP_FIRST,-22.18874094507154,-7.315737013731185,14.873003931340357,7,1,1,0,0,1,-52.38614252495148
PRIMARY,210,002129.SZ,2024-01-30,-10.0,TP_FIRST,-6.5866863796632105,-7.219345570824995,-0.6326591911617845,36,1,1,0,0,1,-23.270953005067007
PRIMARY,211,601138.SH,2024-05-31,-10.0,TP_FIRST,17.235953981802986,17.235953981802986,0.0,8,0,0,0,0,0,-0.1435072194053144
PRIMARY,212,002230.SZ,2024-04-23,-10.0,TP_FIRST,5.3407176576942215,5.3407176576942215,0.0,35,0,0,0,0,0,-3.192044234481095
PRIMARY,213,600919.SH,2024-04-26,-10.0,TP_FIRST,-3.22433989136676,-3.22433989136676,0.0,42,0,0,0,0,0,-6.245585876244874
PRIMARY,214,000977.SZ,2024-05-28,-10.0,TP_FIRST,4.476827597833199,4.476827597833199,0.0,28,0,0,0,0,0,-6.538088943116049
PRIMARY,215,000625.SZ,2024-04-16,-10.0,TP_FIRST,-3.5813249331349106,-4.718101505991767,-1.136776572856856,35,1,1,0,0,1,-22.439671783461513
PRIMARY,216,000725.SZ,2024-05-28,-10.0,TP_FIRST,4.499483038676097,4.499483038676097,0.0,29,0,0,0,0,0,-5.704054833968886
PRIMARY,217,603019.SH,2024-03-27,-10.0,TP_FIRST,-3.1650656694684725,-4.977707379642923,-1.8126417101744505,38,1,1,0,0,1,-19.720874640088848
PRIMARY,218,000858.SZ,2024-06-11,-10.0,TP_FIRST,-4.863606074584775,-4.863606074584775,0.0,25,0,0,0,0,0,-9.446093150024627
PRIMARY,219,600519.SH,2024-06-11,-10.0,TP_FIRST,0.5216824393800606,-6.920953433527936,-7.442635872907997,20,1,1,0,0,0,-10.274440490341663
PRIMARY,220,300750.SZ,2024-06-07,-10.0,TP_FIRST,1.3901215027090492,1.3901215027090492,0.0,29,0,0,0,0,0,-9.524339063610821
PRIMARY,221,300059.SZ,2024-06-28,-10.0,TP_FIRST,3.9349979609446946,3.9349979609446946,0.0,22,0,0,0,0,0,-5.914697081934461
PRIMARY,222,601012.SH,2024-06-06,-10.0,TP_FIRST,-12.181185272863992,-9.281507881741586,2.899677391122406,10,1,1,0,0,1,-25.1188709649811
PRIMARY,223,600519.SH,2024-07-30,-10.0,TP_FIRST,4.979956385509713,4.979956385509713,0.0,22,0,0,0,0,0,-0.09990187614892232
PRIMARY,224,002594.SZ,2024-08-02,-10.0,TP_FIRST,6.379967880191982,6.379967880191982,0.0,19,0,0,0,0,0,-3.2764151461084245
PRIMARY,225,002475.SZ,2024-08-05,-10.0,TP_FIRST,8.544910470004318,8.544910470004318,0.0,18,0,0,0,0,0,-3.167255709326977
PRIMARY,226,002466.SZ,2024-04-25,-10.0,TP_FIRST,-13.212317215788726,-3.929768021378911,9.282549194409816,83,1,1,0,0,1,-36.23508762311697
PRIMARY,227,300502.SZ,2024-07-25,-10.0,TP_FIRST,13.964744747831642,-9.375859213962022,-23.34060396179366,28,1,1,0,0,1,-12.266195988559547
PRIMARY,228,601919.SH,2024-07-08,-10.0,TP_FIRST,1.7285541339282333,-3.8767364559280884,-5.605290589856322,46,1,1,0,0,1,-19.814263643782315
PRIMARY,229,000063.SZ,2024-08-22,-10.0,TP_FIRST,3.3955801711335427,3.3955801711335427,0.0,19,0,0,0,0,0,-3.013656189391656
PRIMARY,230,601138.SH,2024-07-18,-10.0,TP_FIRST,-2.550959931032771,-2.876823063453348,-0.32586313242057674,37,1,1,0,0,1,-27.58542866236795
PRIMARY,231,300308.SZ,2024-07-25,-10.0,TP_FIRST,7.199933708510119,-4.625957817048419,-11.825891525558538,28,1,1,0,0,1,-20.412077421209307
PRIMARY,232,601899.SH,2024-07-23,-10.0,TP_FIRST,11.302372099604602,-4.030549841145687,-15.332921940750289,35,1,1,0,0,1,-15.34301819528009
PRIMARY,233,601127.SH,2024-08-28,-10.0,TP_FIRST,11.860904824260553,11.860904824260553,0.0,17,0,0,0,0,0,-0.6937050159442237
PRIMARY,234,600036.SH,2024-09-09,-10.0,TP_FIRST,12.650986424212693,12.650986424212693,0.0,9,0,0,0,0,0,-1.1566935372865572
PRIMARY,235,000858.SZ,2024-08-22,-10.0,TP_FIRST,9.447704740723928,-6.514781315462663,-15.962486056186592,17,1,1,0,0,1,-11.92058204560389
PRIMARY,236,600809.SH,2024-08-28,-10.0,TP_FIRST,10.265232797714383,10.265232797714383,0.0,18,0,0,0,0,0,-9.343746064530556
PRIMARY,237,600519.SH,2024-09-09,-10.0,TP_FIRST,13.065449104192647,13.065449104192647,0.0,10,0,0,0,0,0,-9.155678699288794
PRIMARY,238,600276.SH,2024-09-20,-10.0,TP_FIRST,7.0921102706178285,7.0921102706178285,0.0,3,0,0,0,0,0,-1.5909424566413088
PRIMARY,239,000100.SZ,2024-05-07,-10.0,TP_FIRST,6.430946014868081,-2.841197695130715,-9.272143709998796,94,1,1,0,0,1,-22.85372018914835
PRIMARY,240,688012.SH,2024-08-23,-10.0,TP_FIRST,8.980679975166685,-6.924816261825957,-15.905496236992644,19,1,1,0,0,0,-11.105843309233144
PRIMARY,241,688256.SH,2024-09-05,-10.0,TP_FIRST,22.25002533076108,22.25002533076108,0.0,14,0,0,0,0,0,-3.4709343344747623
PRIMARY,242,600900.SH,2024-09-11,-10.0,TP_FIRST,8.228584541518643,8.228584541518643,0.0,10,0,0,0,0,0,-0.35235825269818166
PRIMARY,243,600150.SH,2024-09-19,-10.0,TP_FIRST,4.47320430931633,4.47320430931633,0.0,58,0,0,0,0,0,-6.4123490487716595
PRIMARY,244,600418.SH,2024-11-27,-10.0,TP_FIRST,19.31501930377224,19.31501930377224,0.0,38,0,0,0,0,0,-4.031151825779977
PRIMARY,245,603019.SH,2025-01-02,-10.0,TP_FIRST,7.198386187683706,-8.877592416629616,-16.07597860431332,6,1,1,0,0,1,-10.82782494103971
PRIMARY,246,600030.SH,2024-12-31,-10.0,TP_FIRST,-0.029241512213777625,-0.029241512213777625,0.0,20,0,0,0,0,0,-9.821028359452445
PRIMARY,247,300059.SZ,2025-01-02,-10.0,TP_FIRST,5.568619214325684,-7.981215611916015,-13.5498348262417,6,1,1,0,0,1,-10.373910853057232
PRIMARY,248,300033.SZ,2025-01-02,-10.0,TP_FIRST,23.218740081380986,23.218740081380986,0.0,19,0,0,0,0,0,-8.449836646713571
PRIMARY,249,300750.SZ,2025-01-07,-10.0,TP_FIRST,8.716235937905914,8.716235937905914,0.0,21,0,0,0,0,0,-2.061431530740332
PRIMARY,250,000858.SZ,2025-01-06,-10.0,TP_FIRST,1.2030252662316376,1.2030252662316376,0.0,23,0,0,0,0,0,-5.193889847781408
PRIMARY,251,688256.SH,2025-01-16,-10.0,TP_FIRST,19.16467811575612,19.16467811575612,0.0,19,0,0,0,0,0,-4.483732441599764
PRIMARY,252,600519.SH,2025-01-03,-10.0,TP_FIRST,4.558943908999476,4.558943908999476,0.0,33,0,0,0,0,0,-3.7431935053504506
PRIMARY,253,688256.SH,2025-03-25,-10.0,TP_FIRST,8.922494348994318,-10.181684364200533,-19.10417871319485,7,1,1,0,0,0,-17.216747908844678
PRIMARY,254,002261.SZ,2025-03-24,-10.0,TP_FIRST,2.6716085217561965,-10.181684364200558,-12.853292885956755,4,1,1,0,0,0,-27.78696429320907
PRIMARY,255,600989.SH,2025-03-28,-10.0,TP_FIRST,6.913448021154776,6.913448021154776,0.0,20,0,0,0,0,0,-8.97260383386529
PRIMARY,256,000063.SZ,2025-03-03,-10.0,TP_FIRST,2.6037524048102836,-1.5351685502815429,-4.138920955091827,26,1,1,0,0,1,-20.196827200957447
PRIMARY,257,600050.SH,2025-03-19,-10.0,TP_FIRST,-4.102896566069308,-10.181684364200544,-6.078787798131236,11,1,1,0,0,0,-12.91204099525517
PRIMARY,258,300846.SZ,2025-03-25,-10.0,TP_FIRST,-3.7770156011244347,-4.751850188338003,-0.9748345872135684,9,1,1,0,0,1,-31.401379445935305
PRIMARY,259,300059.SZ,2025-04-01,-10.0,TP_FIRST,5.1627907747067665,-5.762474268474052,-10.925265043180818,4,1,1,0,0,1,-18.189916816625797
PRIMARY,260,002475.SZ,2025-04-02,-10.0,TP_FIRST,3.6625597634810965,-4.408565470368695,-8.071125233849791,4,1,1,0,0,1,-27.255123038788852
PRIMARY,261,300308.SZ,2025-01-10,-10.0,TP_FIRST,0.7734206644023827,-0.4751140795307125,-1.2485347439330952,56,1,1,0,0,1,-39.080885586063495
PRIMARY,262,300502.SZ,2025-02-28,-10.0,TP_FIRST,28.725713357688992,-0.4122799177202055,-29.137993275409197,27,1,1,0,0,1,-31.75728487388515
PRIMARY,263,300750.SZ,2025-04-01,-10.0,TP_FIRST,7.81936272756536,-3.031675832381223,-10.851038559946582,5,1,1,0,0,1,-16.506355111574443
PRIMARY,264,601318.SH,2025-04-07,-10.0,TP_FIRST,6.926822925723594,6.926822925723594,0.0,19,0,0,0,0,0,-1.0258567917744377
PRIMARY,265,600036.SH,2025-04-07,-10.0,TP_FIRST,5.565919809741665,5.565919809741665,0.0,19,0,0,0,0,0,-1.275773669536573
PRIMARY,266,002594.SZ,2025-04-08,-10.0,TP_FIRST,17.218917139643203,17.218917139643203,0.0,21,0,0,0,0,0,-2.0179308927128603
PRIMARY,267,601658.SH,2025-03-28,-10.0,TP_FIRST,3.737034722718007,3.737034722718007,0.0,28,0,0,0,0,0,-5.998762052795592
PRIMARY,268,600309.SH,2025-04-15,-10.0,TP_FIRST,2.8522101436284233,2.8522101436284233,0.0,18,0,0,0,0,0,-4.325283052386664
PRIMARY,269,601899.SH,2025-04-07,-10.0,TP_FIRST,18.75276321406046,18.75276321406046,0.0,28,0,0,0,0,0,-2.3499050474409477
PRIMARY,270,603259.SH,2025-04-08,-10.0,TP_FIRST,27.365745385479556,27.365745385479556,0.0,29,0,0,0,0,0,-2.7478554733693317
PRIMARY,271,688981.SH,2025-04-01,-10.0,TP_FIRST,-0.3367121465143475,-8.841427510041656,-8.504715363527309,29,1,1,0,0,0,-10.022828466095346
PRIMARY,272,688256.SH,2025-05-27,-10.0,TP_FIRST,2.4520211429184493,2.4520211429184493,0.0,20,0,0,0,0,0,-9.161551567123071
PRIMARY,273,000858.SZ,2025-06-13,-10.0,TP_FIRST,2.9441509741563254,2.9441509741563254,0.0,17,0,0,0,0,0,-0.8036010497183277
PRIMARY,274,600519.SH,2025-06-13,-10.0,TP_FIRST,1.571155348492451,1.571155348492451,0.0,18,0,0,0,0,0,-0.18545542382252256
PRIMARY,275,300308.SZ,2025-10-14,-10.0,TP_FIRST,37.312191378736536,37.312191378736536,0.0,7,0,0,0,0,0,-2.4164241555545862
PRIMARY,276,002460.SZ,2025-11-24,-10.0,TP_FIRST,9.614217661278927,9.614217661278927,0.0,19,0,0,0,0,0,-1.7925475782034406
PRIMARY,277,601138.SH,2025-11-24,-10.0,TP_FIRST,19.316165850131622,19.316165850131622,0.0,22,0,0,0,0,0,-2.475096837577462
PRIMARY,278,300502.SZ,2026-01-12,-10.0,TP_FIRST,18.325572753597463,18.325572753597463,0.0,14,0,0,0,0,0,-2.8874334496876597
PRIMARY,279,300750.SZ,2025-11-21,-10.0,TP_FIRST,1.7797735978262685,-6.856372127833353,-8.636145725659622,44,1,1,0,0,0,-11.001248680259001
PRIMARY,280,300274.SZ,2025-12-16,-10.0,TP_FIRST,-0.04130443998742119,-8.579395362168857,-8.538090922181436,30,1,1,0,0,1,-13.261308807790783
PRIMARY,281,300308.SZ,2026-02-06,-10.0,TP_FIRST,3.437565472561077,3.437565472561077,0.0,21,0,0,0,0,0,-9.894027541086349
PRIMARY,282,002475.SZ,2026-01-08,-10.0,TP_FIRST,1.540552873571203,-6.066141340630484,-7.606694214201687,34,1,1,0,0,1,-18.823201056328863
PRIMARY,283,601138.SH,2026-01-29,-10.0,TP_FIRST,3.823418044659373,-4.167545624885487,-7.990963669544859,32,1,1,0,0,1,-17.012814423960076
PRIMARY,284,688256.SH,2026-02-03,-10.0,TP_FIRST,12.397855616133041,-3.9037607329959347,-16.301616349128977,29,1,1,0,0,1,-12.087912087912079
PRIMARY,285,601899.SH,2026-03-16,-10.0,TP_FIRST,9.119263883295172,-6.651164281403404,-15.770428164698576,6,1,1,0,0,1,-14.280941525906998
PRIMARY,286,603986.SH,2026-03-31,-10.0,TP_FIRST,19.7457903723054,19.7457903723054,0.0,13,0,0,0,0,0,-2.865134133444669
PRIMARY,287,300059.SZ,2026-03-20,-10.0,TP_FIRST,8.424165896338625,8.424165896338625,0.0,31,0,0,0,0,0,-7.322200643291355
PRIMARY,288,300274.SZ,2026-04-01,-10.0,TP_FIRST,13.077001683310016,13.077001683310016,0.0,23,0,0,0,0,0,-7.472322364359973
PRIMARY,289,300274.SZ,2026-07-01,-10.0,TP_FIRST,-8.358514552822074,-6.9050301509880345,1.4534844018340394,5,1,1,0,0,0,-26.27934444027391
PRIMARY,290,600487.SH,2026-07-06,-10.0,TP_FIRST,-17.707576907721744,-6.485599534944897,11.221977372776848,3,1,1,0,0,0,-46.153139444336865
PRIMARY,291,688525.SH,2026-07-15,-10.0,TP_FIRST,-19.368418251981645,-9.160083100126664,10.20833515185498,3,1,1,0,0,1,-34.73193473193472
PRIMARY,292,688008.SH,2026-07-16,-10.0,TP_FIRST,-3.6609369962131426,-8.480611050722212,-4.819674054509069,3,1,1,0,0,0,-12.165294341773524
PRIMARY,293,688256.SH,2026-07-16,-10.0,TP_FIRST,-7.309240157764709,-2.232447937072287,5.076792220692422,27,1,1,1,0,1,-25.153710642669623
PRIMARY,294,300308.SZ,2026-07-17,-10.0,TP_FIRST,-11.744158826402947,-5.139938628116869,6.604220198286078,10,1,1,0,0,1,-22.96628924619374
PRIMARY,295,600584.SH,2026-07-20,-10.0,TP_FIRST,-3.746170199653699,-10.181684364200557,-6.435514164546857,7,1,1,0,0,0,-20.75720869405966
PRIMARY,296,300502.SZ,2026-07-28,-10.0,TP_FIRST,-3.1289001702402826,-11.36599644956487,-8.237096279324588,3,1,1,0,0,0,-14.854383942881455
PRIMARY,297,002384.SZ,2026-07-29,-10.0,TP_FIRST,6.860142611567042,6.860142611567042,0.0,18,0,0,0,0,0,-9.217430672804971
PRIMARY,298,002475.SZ,2026-08-03,-10.0,TP_FIRST,1.2862198685484683,1.2862198685484683,0.0,15,0,0,0,0,0,-4.021902045888859
PRIMARY,299,600276.SH,2026-08-20,-10.0,TP_FIRST,-2.438053366642191,-2.438053366642191,0.0,2,0,0,0,0,0,-4.81585777507767
PRIMARY,1,000651.SZ,2020-03-19,-12.5,STOP_FIRST,8.76502998612771,8.76502998612771,0.0,15,0,0,0,0,0,-3.253806511060575
PRIMARY,2,600030.SH,2020-03-16,-12.5,STOP_FIRST,1.2152522266729697,1.2152522266729697,0.0,19,0,0,0,0,0,-7.086832162571954
PRIMARY,3,300750.SZ,2020-02-28,-12.5,STOP_FIRST,-1.0193924653390611,-8.03495629607975,-7.015563830740689,12,1,1,0,0,1,-24.419958905481774
PRIMARY,4,601318.SH,2020-02-28,-12.5,STOP_FIRST,-1.3453625770562572,-5.927674387335586,-4.582311810279329,14,1,1,0,0,0,-15.814522556095568
PRIMARY,5,600036.SH,2020-03-19,-12.5,STOP_FIRST,10.683448687695108,10.683448687695108,0.0,25,0,0,0,0,0,-0.09990265754196148
PRIMARY,6,002475.SZ,2020-03-17,-12.5,STOP_FIRST,14.92275528149982,14.92275528149982,0.0,28,0,0,0,0,0,-11.112505536775796
PRIMARY,7,000858.SZ,2020-03-17,-12.5,STOP_FIRST,26.82736619482785,-8.950743091584453,-35.7781092864123,3,1,1,0,0,0,-12.958069092199342
PRIMARY,8,000063.SZ,2020-03-17,-12.5,STOP_FIRST,3.2396956676295363,3.2396956676295363,0.0,32,0,0,0,0,0,-10.59060271470772
PRIMARY,9,000725.SZ,2020-03-16,-12.5,STOP_FIRST,4.611959703094805,-5.25320983449895,-9.865169537593754,31,1,1,0,0,1,-20.127607365604128
PRIMARY,10,002506.SZ,2020-03-26,-12.5,STOP_FIRST,-6.524016348081019,-6.802398274628787,-0.2783819265477687,23,1,1,0,0,1,-31.211643047504246
PRIMARY,11,600519.SH,2020-03-18,-12.5,STOP_FIRST,39.54846152311298,39.54846152311298,0.0,48,0,0,0,0,0,-3.505987509815356
PRIMARY,12,000002.SZ,2020-03-18,-12.5,STOP_FIRST,4.681297620587952,4.681297620587952,0.0,49,0,0,0,0,0,-6.372695888701285
PRIMARY,13,002714.SZ,2020-05-11,-12.5,STOP_FIRST,-37.346517858183255,-39.08929023133747,-1.7427723731542173,17,1,1,0,0,1,-43.62347582705105
PRIMARY,14,000063.SZ,2020-05-25,-12.5,STOP_FIRST,8.355437860095789,8.355437860095789,0.0,17,0,0,0,0,0,-5.214052830367422
PRIMARY,15,002415.SZ,2020-05-25,-12.5,STOP_FIRST,7.15509150196319,7.15509150196319,0.0,17,0,0,0,0,0,-2.5965128554330974
PRIMARY,16,600703.SH,2020-06-15,-12.5,STOP_FIRST,15.534542524394753,15.534542524394753,0.0,12,0,0,0,0,0,-1.7232235549681896
PRIMARY,17,600030.SH,2020-09-07,-12.5,STOP_FIRST,3.3416942678344705,3.3416942678344705,0.0,18,0,0,0,0,0,-2.3347247522243597
PRIMARY,18,300059.SZ,2020-09-09,-12.5,STOP_FIRST,4.052671012057143,4.052671012057143,0.0,16,0,0,0,0,0,-5.835594827212354
PRIMARY,19,600276.SH,2020-09-17,-12.5,STOP_FIRST,7.964121567403469,7.964121567403469,0.0,10,0,0,0,0,0,-0.30802389658590723
PRIMARY,20,000063.SZ,2020-09-10,-12.5,STOP_FIRST,8.16654508112372,8.16654508112372,0.0,16,0,0,0,0,0,-2.1893558485753473
PRIMARY,21,000651.SZ,2020-09-28,-12.5,STOP_FIRST,7.18749636223901,7.18749636223901,0.0,5,0,0,0,0,0,-0.7920940870049797
PRIMARY,22,600036.SH,2020-09-30,-12.5,STOP_FIRST,8.189846606772502,8.189846606772502,0.0,5,0,0,0,0,0,-0.8409143929827279
PRIMARY,23,002456.SZ,2020-09-01,-12.5,STOP_FIRST,0.3287151054327302,-7.986759532970112,-8.315474638402842,7,1,1,0,0,1,-16.877466166367018
PRIMARY,24,300136.SZ,2020-10-12,-12.5,STOP_FIRST,3.7523403888601528,3.7523403888601528,0.0,19,0,0,0,0,0,-11.264076050883421
PRIMARY,25,600030.SH,2020-10-26,-12.5,STOP_FIRST,5.218510332201447,5.218510332201447,0.0,19,0,0,0,0,0,-4.85376403171518
PRIMARY,26,000661.SZ,2020-09-16,-12.5,STOP_FIRST,10.365131138225253,10.365131138225253,0.0,47,0,0,0,0,0,-10.396266523703268
PRIMARY,27,600745.SH,2020-09-08,-12.5,STOP_FIRST,1.4169185149017833,-6.674682501408648,-8.091601016310431,25,1,1,0,0,1,-24.96934183424869
PRIMARY,28,601012.SH,2020-11-13,-12.5,STOP_FIRST,11.570904483395198,11.570904483395198,0.0,17,0,0,0,0,0,-7.125413198287678
PRIMARY,29,300122.SZ,2020-11-11,-12.5,STOP_FIRST,21.594186068179752,-7.450768698158634,-29.044954766338385,5,1,1,0,0,0,-14.25593292277403
PRIMARY,30,002475.SZ,2020-11-16,-12.5,STOP_FIRST,4.922943424348968,4.922943424348968,0.0,26,0,0,0,0,0,-6.247600021016375
PRIMARY,31,002241.SZ,2020-11-16,-12.5,STOP_FIRST,2.7641560070263713,2.7641560070263713,0.0,28,0,0,0,0,0,-8.190219287755895
PRIMARY,32,000651.SZ,2020-12-09,-12.5,STOP_FIRST,4.778058019478602,4.778058019478602,0.0,17,0,0,0,0,0,-6.9491076663235285
PRIMARY,33,688981.SH,2020-12-16,-12.5,STOP_FIRST,16.521188858697652,16.521188858697652,0.0,16,0,0,0,0,0,-4.393704306917501
PRIMARY,34,601318.SH,2021-01-28,-12.5,STOP_FIRST,9.42474089385644,9.42474089385644,0.0,14,0,0,0,0,0,-7.015107202120719
PRIMARY,35,300059.SZ,2021-02-22,-12.5,STOP_FIRST,-9.75617275607125,-8.339322844546246,1.416849911525004,8,1,1,0,0,0,-21.294436987155805
PRIMARY,36,000333.SZ,2021-02-22,-12.5,STOP_FIRST,1.124921971714471,1.124921971714471,0.0,28,0,0,0,0,0,-11.037863818654303
PRIMARY,37,000858.SZ,2021-03-08,-12.5,STOP_FIRST,16.23467230378328,16.23467230378328,0.0,18,0,0,0,0,0,-5.053624061888506
PRIMARY,38,600030.SH,2021-03-01,-12.5,STOP_FIRST,-1.7719464410848904,-1.7719464410848904,0.0,24,0,0,0,0,0,-9.731175855642116
PRIMARY,39,601012.SH,2021-03-04,-12.5,STOP_FIRST,2.8151228530517156,-9.745300054778138,-12.560422907829853,4,1,1,0,0,0,-20.33269501471261
PRIMARY,40,002241.SZ,2021-01-29,-12.5,STOP_FIRST,-2.3809753380773024,-5.886105403963423,-3.505130065886121,27,1,1,0,0,1,-24.32266643437805
PRIMARY,41,300750.SZ,2021-01-29,-12.5,STOP_FIRST,2.6778263400166544,-8.477734532033214,-11.155560872049868,19,1,1,0,0,0,-20.744980856829066
PRIMARY,42,002475.SZ,2021-01-28,-12.5,STOP_FIRST,-17.795635461958412,-6.383752331927423,11.41188313003099,28,1,1,0,0,1,-38.05999710973133
PRIMARY,43,600438.SH,2021-03-05,-12.5,STOP_FIRST,-2.082117681436346,-7.32172880237123,-5.239611120934884,3,1,1,0,0,0,-21.900640918932147
PRIMARY,44,300014.SZ,2021-03-23,-12.5,STOP_FIRST,20.343646524893185,20.343646524893185,0.0,18,0,0,0,0,0,-1.1328405715407053
PRIMARY,45,601899.SH,2021-03-24,-12.5,STOP_FIRST,13.67315267261283,13.67315267261283,0.0,17,0,0,0,0,0,-0.5227592786883895
PRIMARY,46,601166.SH,2021-04-15,-12.5,STOP_FIRST,10.16039399503804,10.16039399503804,0.0,15,0,0,0,0,0,-2.3887839446735004
PRIMARY,47,600276.SH,2021-04-15,-12.5,STOP_FIRST,2.9762113310555116,2.9762113310555116,0.0,18,0,0,0,0,0,-5.364820806114978
PRIMARY,48,002352.SZ,2021-04-12,-12.5,STOP_FIRST,1.806031845385725,1.806031845385725,0.0,22,0,0,0,0,0,-8.258407334556994
PRIMARY,49,600519.SH,2021-05-06,-12.5,STOP_FIRST,12.309433820124724,12.309433820124724,0.0,12,0,0,0,0,0,-5.132526010090399
PRIMARY,50,600031.SH,2021-03-09,-12.5,STOP_FIRST,2.027751640672817,-2.16919750458003,-4.196949145252846,44,1,1,0,0,1,-27.978387085265844
PRIMARY,51,600009.SH,2021-02-03,-12.5,STOP_FIRST,-1.1354409255495685,-7.469022967344653,-6.3335820417950845,58,1,1,0,0,1,-22.985275095121573
PRIMARY,52,002594.SZ,2021-02-24,-12.5,STOP_FIRST,16.160298578230066,-6.830895544963105,-22.99119412319317,49,1,1,0,0,1,-34.73181070183321
PRIMARY,53,002340.SZ,2021-06-07,-12.5,STOP_FIRST,5.290865136021748,5.290865136021748,0.0,19,0,0,0,0,0,-11.268220523967209
PRIMARY,54,000661.SZ,2021-05-24,-12.5,STOP_FIRST,3.543179209088439,-7.999184773660684,-11.542363982749123,30,1,1,0,0,1,-16.869230019043936
PRIMARY,55,002594.SZ,2021-07-16,-12.5,STOP_FIRST,25.77910857036041,25.77910857036041,0.0,10,0,0,0,0,0,-2.6882194842621776
PRIMARY,56,600031.SH,2021-06-11,-12.5,STOP_FIRST,4.433342850860986,-7.6800764033187185,-12.113419254179703,24,1,1,0,0,0,-15.123799665013548
PRIMARY,57,002241.SZ,2021-07-22,-12.5,STOP_FIRST,10.273218124699701,10.273218124699701,0.0,9,0,0,0,0,0,-7.886693775763421
PRIMARY,58,600036.SH,2021-07-08,-12.5,STOP_FIRST,8.736132867824947,8.736132867824947,0.0,28,0,0,0,0,0,-10.298243793004092
PRIMARY,59,300782.SZ,2021-07-13,-12.5,STOP_FIRST,4.700284102162052,4.700284102162052,0.0,29,0,0,0,0,0,-10.944165622271129
PRIMARY,60,601919.SH,2021-07-23,-12.5,STOP_FIRST,21.9399821535198,-8.657448027537267,-30.597430181057067,3,1,1,0,0,0,-13.003666576368966
PRIMARY,61,002460.SZ,2021-08-16,-12.5,STOP_FIRST,24.025427124052413,24.025427124052413,0.0,9,0,0,0,0,0,-2.17885582383488
PRIMARY,62,300750.SZ,2021-07-27,-12.5,STOP_FIRST,8.626053858905106,8.626053858905106,0.0,34,0,0,0,0,0,-5.360767280539502
PRIMARY,63,300760.SZ,2021-08-20,-12.5,STOP_FIRST,25.243095200327115,25.243095200327115,0.0,19,0,0,0,0,0,-1.3648131532456809
PRIMARY,64,600519.SH,2021-07-26,-12.5,STOP_FIRST,2.091334708861519,-6.713584970085199,-8.804919678946717,20,1,1,0,0,1,-15.47553943560599
PRIMARY,65,002714.SZ,2021-05-24,-12.5,STOP_FIRST,-18.715268930191936,-6.419125730570796,12.29614319962114,42,1,1,0,0,1,-56.67478900029019
PRIMARY,66,000858.SZ,2021-07-08,-12.5,STOP_FIRST,-7.6342909419297795,-3.5171154189361147,4.117175522993665,32,1,1,0,0,1,-28.655500122152368
PRIMARY,67,002594.SZ,2021-09-29,-12.5,STOP_FIRST,17.089129638620165,17.089129638620165,0.0,6,0,0,0,0,0,-0.5192972651856032
PRIMARY,68,601318.SH,2021-03-18,-12.5,STOP_FIRST,-28.116081051784203,-6.411563594218774,21.70451745756543,59,1,1,0,0,1,-41.80696245003698
PRIMARY,69,000651.SZ,2021-05-25,-12.5,STOP_FIRST,-19.03127753582529,-4.6608017047018535,14.370475831123436,63,1,1,0,0,1,-33.090168102543274
PRIMARY,70,000333.SZ,2021-07-05,-12.5,STOP_FIRST,11.175030722164129,11.175030722164129,0.0,71,0,0,0,0,0,-9.770984837876318
PRIMARY,71,600111.SH,2021-09-29,-12.5,STOP_FIRST,22.277893313169177,22.277893313169177,0.0,12,0,0,0,0,0,-3.6351512387024387
PRIMARY,72,600089.SH,2021-10-08,-12.5,STOP_FIRST,21.757208672823793,21.757208672823793,0.0,12,0,0,0,0,0,-5.355399017850127
PRIMARY,73,002466.SZ,2021-09-22,-12.5,STOP_FIRST,5.276533723848393,-7.688575203292576,-12.96510892714097,4,1,1,0,0,0,-18.18048772561611
PRIMARY,74,000858.SZ,2021-11-01,-12.5,STOP_FIRST,7.772649549904674,7.772649549904674,0.0,16,0,0,0,0,0,-2.695601939103509
PRIMARY,75,603259.SH,2021-11-04,-12.5,STOP_FIRST,10.333997515607747,10.333997515607747,0.0,15,0,0,0,0,0,-4.388640111365582
PRIMARY,76,601919.SH,2021-09-28,-12.5,STOP_FIRST,3.0377221934720415,-4.42042769539305,-7.4581498888650914,30,1,1,0,0,1,-19.410201081693145
PRIMARY,77,600030.SH,2021-11-16,-12.5,STOP_FIRST,7.942169042945349,7.942169042945349,0.0,13,0,0,0,0,0,-1.3115665629502171
PRIMARY,78,000651.SZ,2021-10-27,-12.5,STOP_FIRST,3.7666645298140864,3.7666645298140864,0.0,30,0,0,0,0,0,-6.591904190897946
PRIMARY,79,600036.SH,2021-11-26,-12.5,STOP_FIRST,7.780249533285357,7.780249533285357,0.0,8,0,0,0,0,0,-2.0264594890360255
PRIMARY,80,600036.SH,2021-12-29,-12.5,STOP_FIRST,5.516341863497587,5.516341863497587,0.0,14,0,0,0,0,0,-0.892595978810895
PRIMARY,81,002129.SZ,2021-12-01,-12.5,STOP_FIRST,7.212021342950852,7.212021342950852,0.0,38,0,0,0,0,0,-10.209695479014202
PRIMARY,82,600030.SH,2022-01-14,-12.5,STOP_FIRST,1.0102995428563417,1.0102995428563417,0.0,9,0,0,0,0,0,-4.115180796829354
PRIMARY,83,601888.SH,2021-11-02,-12.5,STOP_FIRST,7.8045788936873635,-4.419476382923391,-12.224055276610756,53,1,1,0,0,1,-17.76278012400819
PRIMARY,84,600111.SH,2021-12-24,-12.5,STOP_FIRST,10.927469701064592,-6.380993620210816,-17.308463321275408,25,1,1,0,0,1,-16.158101136300374
PRIMARY,85,000792.SZ,2022-01-20,-12.5,STOP_FIRST,18.801769360068377,18.801769360068377,0.0,13,0,0,0,0,0,-2.101609531796167
PRIMARY,86,002460.SZ,2021-12-20,-12.5,STOP_FIRST,7.327370162653349,-10.612969568865273,-17.94033973151862,22,1,1,0,0,0,-13.694999767838578
PRIMARY,87,002466.SZ,2021-12-20,-12.5,STOP_FIRST,1.837573601773871,-7.994220531850588,-9.83179413362446,22,1,1,0,0,1,-19.98566660073482
PRIMARY,88,000661.SZ,2022-01-24,-12.5,STOP_FIRST,11.89884859958246,11.89884859958246,0.0,17,0,0,0,0,0,-4.775620293737893
PRIMARY,89,601012.SH,2021-12-01,-12.5,STOP_FIRST,6.472325573333965,-6.5610657305165425,-13.033391303850507,46,1,1,0,0,1,-23.797689806559163
PRIMARY,90,603259.SH,2021-12-20,-12.5,STOP_FIRST,12.254494786218984,-7.395919718108656,-19.650414504327642,33,1,1,0,0,1,-28.86139126771904
PRIMARY,91,000002.SZ,2022-03-04,-12.5,STOP_FIRST,14.88504791739044,-6.69774505208255,-21.58279296947299,7,1,1,0,0,1,-22.246037106497695
PRIMARY,92,300059.SZ,2022-01-05,-12.5,STOP_FIRST,-5.7513210082683415,-3.8526205799000075,1.898700428368334,44,1,1,0,0,1,-34.89656169461941
PRIMARY,93,600519.SH,2022-01-07,-12.5,STOP_FIRST,0.9984159395398549,-7.9650677720611975,-8.963483711601052,43,1,1,0,0,1,-17.458488731459298
PRIMARY,94,601888.SH,2022-03-14,-12.5,STOP_FIRST,7.812849493656972,7.812849493656972,0.0,20,0,0,0,0,0,-8.439813952671848
PRIMARY,95,002594.SZ,2021-12-16,-12.5,STOP_FIRST,-1.5968178542206901,-5.694061219619657,-4.097243365398967,52,1,1,0,0,1,-26.330714118353036
PRIMARY,96,000625.SZ,2021-11-16,-12.5,STOP_FIRST,-22.229994518631575,-3.9605412394898702,18.269453279141704,74,1,1,0,0,1,-53.29984290867762
PRIMARY,97,002475.SZ,2022-02-08,-12.5,STOP_FIRST,-17.15409169654668,-4.119715111486995,13.034376585059684,36,1,1,0,0,1,-40.77681436537638
PRIMARY,98,002466.SZ,2022-04-25,-12.5,STOP_FIRST,41.854779546894,41.854779546894,0.0,8,0,0,0,0,0,-3.4110472521140522
PRIMARY,99,300274.SZ,2021-12-21,-12.5,STOP_FIRST,-25.58857835409347,-2.2163959703887732,23.372182383704697,63,1,1,0,0,1,-58.717689038471335
PRIMARY,100,002460.SZ,2022-03-08,-12.5,STOP_FIRST,17.706849570514894,-4.989145537306018,-22.695995107820913,33,1,1,0,0,1,-28.642784574491998
PRIMARY,101,000858.SZ,2022-01-28,-12.5,STOP_FIRST,-8.807756178930596,-5.277433883843314,3.5303222950872817,24,1,1,0,0,1,-25.5194802146096
PRIMARY,102,300014.SZ,2022-03-03,-12.5,STOP_FIRST,26.31764601662993,-8.897505656375463,-35.215151673005394,36,1,1,0,0,1,-32.624915571840454
PRIMARY,103,300750.SZ,2021-12-20,-12.5,STOP_FIRST,-14.232912370394569,-5.214164439258337,9.018747931136232,73,1,1,0,0,1,-41.8073675499418
PRIMARY,104,601012.SH,2022-03-29,-12.5,STOP_FIRST,-12.752364240157288,-6.537041139747858,6.21532310040943,18,1,1,0,0,1,-24.82075936524716
PRIMARY,105,002415.SZ,2022-05-06,-12.5,STOP_FIRST,3.5450375895839463,3.5450375895839463,0.0,19,0,0,0,0,0,-8.562023743217374
PRIMARY,106,600276.SH,2022-01-13,-12.5,STOP_FIRST,-29.55698724716474,-8.358522603317578,21.198464643847164,33,1,1,0,0,1,-42.610580908453244
PRIMARY,107,601318.SH,2022-03-15,-12.5,STOP_FIRST,-0.3864474449981416,-0.3864474449981416,0.0,55,0,0,0,0,0,-2.315282705156485
PRIMARY,108,600036.SH,2022-03-07,-12.5,STOP_FIRST,-6.245523329299984,-6.236672266987262,0.008851062312722036,31,1,1,0,0,1,-24.345417637488787
PRIMARY,109,300122.SZ,2022-04-14,-12.5,STOP_FIRST,-6.645958234266682,-6.460479030290134,0.1854792039765476,28,1,1,0,0,1,-28.79470109263167
PRIMARY,110,002241.SZ,2022-06-23,-12.5,STOP_FIRST,2.8400230023871615,2.8400230023871615,0.0,30,0,0,0,0,0,-5.007927632982501
PRIMARY,111,002466.SZ,2022-08-19,-12.5,STOP_FIRST,13.385590477234006,13.385590477234006,0.0,2,0,0,0,0,0,-2.8634236347626074
PRIMARY,112,600036.SH,2022-07-13,-12.5,STOP_FIRST,-1.5651520516643562,-1.5651520516643562,0.0,34,0,0,0,0,0,-12.409355098525655
PRIMARY,113,601888.SH,2022-08-08,-12.5,STOP_FIRST,7.1858432781792185,7.1858432781792185,0.0,33,0,0,0,0,0,-8.133019118063235
PRIMARY,114,000858.SZ,2022-07-29,-12.5,STOP_FIRST,-2.4673011477159523,-2.4673011477159523,0.0,40,0,0,0,0,0,-12.093504633059515
PRIMARY,115,300274.SZ,2022-08-31,-12.5,STOP_FIRST,13.216110132265186,13.216110132265186,0.0,23,0,0,0,0,0,-6.803285897864219
PRIMARY,116,300760.SZ,2022-09-21,-12.5,STOP_FIRST,26.10435256088347,26.10435256088347,0.0,11,0,0,0,0,0,-2.945982270341807
PRIMARY,117,603259.SH,2022-07-27,-12.5,STOP_FIRST,-6.553924195303395,-6.1379051363654975,0.4160190589378976,35,1,1,0,0,1,-30.331191278374803
PRIMARY,118,601012.SH,2022-08-03,-12.5,STOP_FIRST,-1.5712301907594528,-6.349239899217239,-4.778009708457787,32,1,1,0,0,1,-20.79675190961924
PRIMARY,119,688599.SH,2022-08-19,-12.5,STOP_FIRST,4.900961296612725,4.900961296612725,0.0,42,0,0,0,0,0,-11.786057206268874
PRIMARY,120,002459.SZ,2022-08-19,-12.5,STOP_FIRST,5.627000867343111,5.627000867343111,0.0,42,0,0,0,0,0,-10.712385831051897
PRIMARY,121,601899.SH,2022-09-26,-12.5,STOP_FIRST,6.916188828671841,6.916188828671841,0.0,18,0,0,0,0,0,-3.33920245581949
PRIMARY,122,002460.SZ,2022-08-25,-12.5,STOP_FIRST,2.226213115920718,-7.293435296993339,-9.519648412914057,26,1,1,0,0,1,-16.759572939966095
PRIMARY,123,002271.SZ,2022-08-23,-12.5,STOP_FIRST,-5.965240206705305,-8.501906463200013,-2.5366662564947084,29,1,1,0,0,1,-29.215251654169816
PRIMARY,124,600703.SH,2022-09-20,-12.5,STOP_FIRST,1.4365619204532005,-10.369231723336751,-11.805793643789952,8,1,1,0,0,0,-17.135927537327543
PRIMARY,125,002594.SZ,2022-07-12,-12.5,STOP_FIRST,-2.227087712436274,-6.842012295112345,-4.614924582676071,58,1,1,0,0,1,-23.762322609884045
PRIMARY,126,002466.SZ,2022-09-01,-12.5,STOP_FIRST,0.41755742217796255,-8.287725939885167,-8.70528336206313,28,1,1,0,0,0,-17.18698543788346
PRIMARY,127,002050.SZ,2022-10-11,-12.5,STOP_FIRST,8.648758708124946,8.648758708124946,0.0,17,0,0,0,0,0,-7.919779995223497
PRIMARY,128,603799.SH,2022-09-29,-12.5,STOP_FIRST,1.9036214562895246,-10.908461492497134,-12.812082948786658,11,1,1,0,0,0,-18.54792363873298
PRIMARY,129,600030.SH,2022-09-16,-12.5,STOP_FIRST,3.2914258355483077,3.2914258355483077,0.0,34,0,0,0,0,0,-7.2317278605463
PRIMARY,130,600036.SH,2022-10-10,-12.5,STOP_FIRST,4.74708231806275,-7.527435021571452,-12.274517339634201,11,1,1,0,0,0,-17.352231797581
PRIMARY,131,601166.SH,2022-08-29,-12.5,STOP_FIRST,2.990941980494697,2.990941980494697,0.0,48,0,0,0,0,0,-11.758858159541209
PRIMARY,132,601318.SH,2022-10-24,-12.5,STOP_FIRST,11.54058817209945,11.54058817209945,0.0,14,0,0,0,0,0,-4.56589305883337
PRIMARY,133,000651.SZ,2022-10-31,-12.5,STOP_FIRST,11.08646263720554,11.08646263720554,0.0,9,0,0,0,0,0,-0.62111668689665
PRIMARY,134,300059.SZ,2022-08-02,-12.5,STOP_FIRST,1.3148602142200303,-4.495352151967049,-5.81021236618708,55,1,1,0,0,1,-28.41433393805436
PRIMARY,135,000625.SZ,2022-08-24,-12.5,STOP_FIRST,2.31475867645841,-3.9811613532770656,-6.295920029735475,42,1,1,0,0,1,-27.190338345372766
PRIMARY,136,000858.SZ,2022-10-24,-12.5,STOP_FIRST,13.014502136358589,13.014502136358589,0.0,26,0,0,0,0,0,-6.076160549181053
PRIMARY,137,600519.SH,2022-09-05,-12.5,STOP_FIRST,-5.861614932184937,-10.965503283469403,-5.103888351284466,28,1,1,0,0,1,-27.44375317821398
PRIMARY,138,000568.SZ,2022-10-10,-12.5,STOP_FIRST,5.894426001503926,-5.526936374012762,-11.421362375516688,14,1,1,0,0,1,-26.23829865914583
PRIMARY,139,600887.SH,2022-10-20,-12.5,STOP_FIRST,6.706648715667189,-6.307263849523776,-13.013912565190964,8,1,1,0,0,1,-18.517421916247343
PRIMARY,140,002714.SZ,2022-10-26,-12.5,STOP_FIRST,5.23244617556544,5.23244617556544,0.0,28,0,0,0,0,0,-8.911088606217998
PRIMARY,141,300750.SZ,2022-09-01,-12.5,STOP_FIRST,-1.3981718838619202,-4.480079544741454,-3.0819076608795335,36,1,1,0,0,1,-24.986572858520837
PRIMARY,142,002371.SZ,2022-10-12,-12.5,STOP_FIRST,10.597667780822029,10.597667780822029,0.0,44,0,0,0,0,0,-5.446303292394417
PRIMARY,143,603259.SH,2022-11-28,-12.5,STOP_FIRST,6.738265986701266,6.738265986701266,0.0,22,0,0,0,0,0,-2.1226976811561937
PRIMARY,144,600522.SH,2022-11-01,-12.5,STOP_FIRST,-5.676303523410963,-10.697449176321005,-5.021145652910041,20,1,1,0,0,1,-30.66339374603776
PRIMARY,145,300274.SZ,2022-12-06,-12.5,STOP_FIRST,12.35423017458993,-11.39681710359977,-23.7510472781897,12,1,1,0,0,0,-12.997661644686353
PRIMARY,146,002241.SZ,2022-11-11,-12.5,STOP_FIRST,8.552942953591648,8.552942953591648,0.0,37,0,0,0,0,0,-2.0552360649699564
PRIMARY,147,002812.SZ,2022-11-23,-12.5,STOP_FIRST,12.272962184274384,12.272962184274384,0.0,30,0,0,0,0,0,-7.454367889448843
PRIMARY,148,601012.SH,2022-12-22,-12.5,STOP_FIRST,11.348570853081775,11.348570853081775,0.0,17,0,0,0,0,0,-1.83945407826005
PRIMARY,149,000625.SZ,2022-12-28,-12.5,STOP_FIRST,15.403895272762636,15.403895272762636,0.0,16,0,0,0,0,0,-2.461030882431914
PRIMARY,150,002709.SZ,2022-12-30,-12.5,STOP_FIRST,15.538268097973235,15.538268097973235,0.0,14,0,0,0,0,0,-2.7348780509869663
PRIMARY,151,300014.SZ,2023-01-11,-12.5,STOP_FIRST,6.981985480381129,6.981985480381129,0.0,9,0,0,0,0,0,-4.915491114570337
PRIMARY,152,300750.SZ,2023-02-17,-12.5,STOP_FIRST,3.6254689430868456,3.6254689430868456,0.0,29,0,0,0,0,0,-11.62683470375777
PRIMARY,153,600519.SH,2023-03-08,-12.5,STOP_FIRST,3.358107895598216,3.358107895598216,0.0,16,0,0,0,0,0,-2.5877984739737014
PRIMARY,154,300059.SZ,2023-03-07,-12.5,STOP_FIRST,6.704927557794763,6.704927557794763,0.0,18,0,0,0,0,0,-6.726693190328403
PRIMARY,155,300274.SZ,2023-03-14,-12.5,STOP_FIRST,3.872684453553771,3.872684453553771,0.0,23,0,0,0,0,0,-11.398858058207795
PRIMARY,156,002594.SZ,2023-03-10,-12.5,STOP_FIRST,7.839512102970262,7.839512102970262,0.0,33,0,0,0,0,0,-3.6913778017047982
PRIMARY,157,000858.SZ,2023-04-10,-12.5,STOP_FIRST,-2.6488868636941545,-2.6488868636941545,0.0,26,0,0,0,0,0,-10.048100566887374
PRIMARY,158,000651.SZ,2023-05-04,-12.5,STOP_FIRST,6.144996620188443,6.144996620188443,0.0,25,0,0,0,0,0,-8.255590958382841
PRIMARY,159,601899.SH,2023-05-12,-12.5,STOP_FIRST,6.727401168026937,6.727401168026937,0.0,19,0,0,0,0,0,-5.558920911138776
PRIMARY,160,600519.SH,2023-04-12,-12.5,STOP_FIRST,6.514893856808776,6.514893856808776,0.0,43,0,0,0,0,0,-4.355999030555235
PRIMARY,161,601012.SH,2023-03-16,-12.5,STOP_FIRST,-17.84953964554572,-6.847149836793625,11.002389808752092,49,1,1,0,0,1,-33.276416390528766
PRIMARY,162,600036.SH,2023-04-27,-12.5,STOP_FIRST,-0.6278320762058595,-0.6278320762058595,0.0,57,0,0,0,0,0,-3.793063901958049
PRIMARY,163,600809.SH,2023-05-22,-12.5,STOP_FIRST,9.67465728119054,-6.793583438306902,-16.46824071949744,27,1,1,0,0,1,-16.847859403834985
PRIMARY,164,300059.SZ,2023-05-29,-12.5,STOP_FIRST,3.238668828858134,3.238668828858134,0.0,38,0,0,0,0,0,-4.622126321593722
PRIMARY,165,002415.SZ,2023-06-09,-12.5,STOP_FIRST,9.253968396028046,9.253968396028046,0.0,31,0,0,0,0,0,-3.0509320142771967
PRIMARY,166,300750.SZ,2023-06-07,-12.5,STOP_FIRST,8.015096907867838,8.015096907867838,0.0,35,0,0,0,0,0,-2.799902799902787
PRIMARY,167,688981.SH,2023-05-09,-12.5,STOP_FIRST,-1.9912914951639942,-1.9912914951639942,0.0,57,0,0,0,0,0,-7.822752791213516
PRIMARY,168,600570.SH,2023-07-11,-12.5,STOP_FIRST,12.935015317595871,12.935015317595871,0.0,17,0,0,0,0,0,-3.6163828033945022
PRIMARY,169,300418.SZ,2023-06-26,-12.5,STOP_FIRST,-7.109717403112448,-8.963231234027107,-1.8535138309146593,8,1,1,0,0,0,-22.324869570606698
PRIMARY,170,600276.SH,2023-07-31,-12.5,STOP_FIRST,2.244966610480217,-8.575404834692584,-10.820371445172801,5,1,1,0,0,1,-16.355370032537774
PRIMARY,171,002230.SZ,2023-08-16,-12.5,STOP_FIRST,-4.04018826584394,-10.074500196494368,-6.034311930650428,8,1,1,0,0,1,-19.948062722882465
PRIMARY,172,002475.SZ,2023-09-07,-12.5,STOP_FIRST,6.728014277472455,6.728014277472455,0.0,17,0,0,0,0,0,-4.4345508276317
PRIMARY,173,300760.SZ,2023-08-07,-12.5,STOP_FIRST,6.5338873044717865,6.5338873044717865,0.0,53,0,0,0,0,0,-4.449940020156773
PRIMARY,174,000858.SZ,2023-08-18,-12.5,STOP_FIRST,9.240903528696505,-6.520448068390417,-15.761351597086922,40,1,1,0,0,0,-12.715230910264852
PRIMARY,175,300014.SZ,2023-02-20,-12.5,STOP_FIRST,-28.568832058383776,-5.535481611254121,23.033350447129656,45,1,1,0,0,1,-44.47756749417103
PRIMARY,176,300059.SZ,2023-10-23,-12.5,STOP_FIRST,6.795375111896212,6.795375111896212,0.0,9,0,0,0,0,0,-0.4417866895821354
PRIMARY,177,603019.SH,2023-08-09,-12.5,STOP_FIRST,2.102020516340531,-6.931440261430794,-9.033460777771325,48,1,1,0,0,1,-18.940916927699114
PRIMARY,178,300274.SZ,2023-08-21,-12.5,STOP_FIRST,2.059040269174881,-5.9905223696149505,-8.049562638789832,40,1,1,0,0,1,-23.84860922169848
PRIMARY,179,300308.SZ,2023-07-20,-12.5,STOP_FIRST,-5.693477162892338,-4.865546199611108,0.8279309632812302,43,1,1,0,0,1,-34.647305581306
PRIMARY,180,000977.SZ,2023-08-18,-12.5,STOP_FIRST,7.706372017077919,-6.137472048024835,-13.843844065102754,41,1,1,0,0,1,-32.22636562323018
PRIMARY,181,601012.SH,2023-08-21,-12.5,STOP_FIRST,-11.755699669774852,-3.6015168065630867,8.154182863211766,48,1,1,0,0,1,-26.371969728680746
PRIMARY,182,600519.SH,2023-10-13,-12.5,STOP_FIRST,1.893988027016628,1.893988027016628,0.0,54,0,0,0,0,0,-7.786761434433009
PRIMARY,183,600009.SH,2023-08-21,-12.5,STOP_FIRST,-11.699228208217027,-5.936968526628256,5.762259681588771,39,1,1,0,0,1,-24.842656679790675
PRIMARY,184,601318.SH,2023-11-09,-12.5,STOP_FIRST,-2.3138721028580727,-2.3138721028580727,0.0,53,0,0,0,0,0,-12.395299497973422
PRIMARY,185,000651.SZ,2023-12-20,-12.5,STOP_FIRST,12.104633410839133,12.104633410839133,0.0,26,0,0,0,0,0,-0.22839068988121936
PRIMARY,186,601138.SH,2023-10-24,-12.5,STOP_FIRST,11.050900506142318,11.050900506142318,0.0,73,0,0,0,0,0,-8.702006282856667
PRIMARY,187,000858.SZ,2023-12-13,-12.5,STOP_FIRST,2.808164916171326,2.808164916171326,0.0,37,0,0,0,0,0,-9.305511112151732
PRIMARY,188,600519.SH,2024-01-17,-12.5,STOP_FIRST,5.907729356690894,5.907729356690894,0.0,13,0,0,0,0,0,-1.2708988071569394
PRIMARY,189,300750.SZ,2023-09-08,-12.5,STOP_FIRST,-18.00484444688593,-5.733872895602583,12.270971551283345,51,1,1,0,0,1,-37.07504075265946
PRIMARY,190,002230.SZ,2024-01-03,-12.5,STOP_FIRST,3.585730933845497,-10.35591591407169,-13.941646847917188,20,1,1,0,0,0,-13.110142123274604
PRIMARY,191,300418.SZ,2024-01-31,-12.5,STOP_FIRST,39.428041617887864,39.428041617887864,0.0,6,0,0,0,0,0,-9.269811195543308
PRIMARY,192,000568.SZ,2023-12-11,-12.5,STOP_FIRST,1.1120117479146117,-4.753699533284165,-5.865711281198777,39,1,1,0,0,1,-22.710877834749677
PRIMARY,193,300059.SZ,2023-12-27,-12.5,STOP_FIRST,5.900250298765934,5.900250298765934,0.0,32,0,0,0,0,0,-11.47429406768471
PRIMARY,194,000063.SZ,2023-07-20,-12.5,STOP_FIRST,-20.144973123840867,-5.486158220057914,14.658814903782954,63,1,1,0,0,1,-49.074840753076984
PRIMARY,195,000628.SZ,2023-12-14,-12.5,STOP_FIRST,44.67924500816973,-2.086059483942194,-46.76530449211192,37,1,1,0,0,1,-39.992579634592374
PRIMARY,196,000625.SZ,2024-01-04,-12.5,STOP_FIRST,12.686864654118965,-5.779889923695918,-18.466754577814882,22,1,1,0,0,1,-24.25874529738413
PRIMARY,197,301236.SZ,2024-01-22,-12.5,STOP_FIRST,15.202767971466354,-12.676637576306089,-27.879405547772443,6,1,1,0,0,0,-20.518249818689295
PRIMARY,198,002555.SZ,2023-12-25,-12.5,STOP_FIRST,17.471539089853273,-3.7954492056034197,-21.26698829545669,30,1,1,0,0,1,-18.06601865960579
PRIMARY,199,000661.SZ,2024-01-12,-12.5,STOP_FIRST,5.324721980411358,-12.278530808100676,-17.603252788512034,14,1,1,0,0,0,-15.088906432452676
PRIMARY,200,300033.SZ,2024-01-16,-12.5,STOP_FIRST,11.478914185701258,-10.21717750804281,-21.69609169374407,12,1,1,0,0,0,-19.68785420497784
PRIMARY,201,002456.SZ,2023-12-14,-12.5,STOP_FIRST,9.13490121758614,-3.7983569202340703,-12.93325813782021,34,1,1,0,0,1,-32.75517367129328
PRIMARY,202,603259.SH,2024-01-30,-12.5,STOP_FIRST,16.5357317467109,-6.602634043081164,-23.138365789792065,5,1,1,0,0,1,-19.366346576745652
PRIMARY,203,002594.SZ,2023-08-14,-12.5,STOP_FIRST,-16.277210987224258,-11.695366814494431,4.581844172729827,68,1,1,0,0,1,-33.85103047938111
PRIMARY,204,601012.SH,2024-01-29,-12.5,STOP_FIRST,15.268422377533785,-8.598750071402902,-23.867172448936685,5,1,1,0,0,0,-13.258914832233726
PRIMARY,205,002475.SZ,2024-01-17,-12.5,STOP_FIRST,7.219372761109448,7.219372761109448,0.0,37,0,0,0,0,0,-11.861191429965057
PRIMARY,206,601318.SH,2024-03-22,-12.5,STOP_FIRST,8.104543046068015,8.104543046068015,0.0,23,0,0,0,0,0,-6.965721129438385
PRIMARY,207,600519.SH,2024-04-08,-12.5,STOP_FIRST,5.19682233937109,5.19682233937109,0.0,16,0,0,0,0,0,-1.7024675784346077
PRIMARY,208,000977.SZ,2024-04-10,-12.5,STOP_FIRST,12.570545419631626,12.570545419631626,0.0,14,0,0,0,0,0,-8.98589486777226
PRIMARY,209,000628.SZ,2024-03-29,-12.5,STOP_FIRST,-22.18874094507154,-7.70379974368931,14.484941201382231,7,1,1,0,0,1,-52.38614252495148
PRIMARY,210,002129.SZ,2024-01-30,-12.5,STOP_FIRST,-6.5866863796632105,-9.137670420378415,-2.5509840407152042,36,1,1,0,0,1,-23.270953005067007
PRIMARY,211,601138.SH,2024-05-31,-12.5,STOP_FIRST,17.235953981802986,17.235953981802986,0.0,8,0,0,0,0,0,-0.1435072194053144
PRIMARY,212,002230.SZ,2024-04-23,-12.5,STOP_FIRST,5.3407176576942215,5.3407176576942215,0.0,35,0,0,0,0,0,-3.192044234481095
PRIMARY,213,600919.SH,2024-04-26,-12.5,STOP_FIRST,-3.22433989136676,-3.22433989136676,0.0,42,0,0,0,0,0,-6.245585876244874
PRIMARY,214,000977.SZ,2024-05-28,-12.5,STOP_FIRST,4.476827597833199,4.476827597833199,0.0,28,0,0,0,0,0,-6.538088943116049
PRIMARY,215,000625.SZ,2024-04-16,-12.5,STOP_FIRST,-3.5813249331349106,-5.548914057016622,-1.9675891238817118,35,1,1,0,0,1,-22.439671783461513
PRIMARY,216,000725.SZ,2024-05-28,-12.5,STOP_FIRST,4.499483038676097,4.499483038676097,0.0,29,0,0,0,0,0,-5.704054833968886
PRIMARY,217,603019.SH,2024-03-27,-12.5,STOP_FIRST,-3.1650656694684725,-6.4420802156219645,-3.277014546153492,38,1,1,0,0,1,-19.720874640088848
PRIMARY,218,000858.SZ,2024-06-11,-12.5,STOP_FIRST,-4.863606074584775,-4.863606074584775,0.0,25,0,0,0,0,0,-9.446093150024627
PRIMARY,219,600519.SH,2024-06-11,-12.5,STOP_FIRST,0.5216824393800606,0.5216824393800606,0.0,27,0,0,0,0,0,-10.274440490341663
PRIMARY,220,300750.SZ,2024-06-07,-12.5,STOP_FIRST,1.3901215027090492,1.3901215027090492,0.0,29,0,0,0,0,0,-9.524339063610821
PRIMARY,221,300059.SZ,2024-06-28,-12.5,STOP_FIRST,3.9349979609446946,3.9349979609446946,0.0,22,0,0,0,0,0,-5.914697081934461
PRIMARY,222,601012.SH,2024-06-06,-12.5,STOP_FIRST,-12.181185272863992,-11.62688078696081,0.5543044859031827,11,1,1,0,0,0,-25.1188709649811
PRIMARY,223,600519.SH,2024-07-30,-12.5,STOP_FIRST,4.979956385509713,4.979956385509713,0.0,22,0,0,0,0,0,-0.09990187614892232
PRIMARY,224,002594.SZ,2024-08-02,-12.5,STOP_FIRST,6.379967880191982,6.379967880191982,0.0,19,0,0,0,0,0,-3.2764151461084245
PRIMARY,225,002475.SZ,2024-08-05,-12.5,STOP_FIRST,8.544910470004318,8.544910470004318,0.0,18,0,0,0,0,0,-3.167255709326977
PRIMARY,226,002466.SZ,2024-04-25,-12.5,STOP_FIRST,-13.212317215788726,-4.951461978317289,8.260855237471437,83,1,1,0,0,1,-36.23508762311697
PRIMARY,227,300502.SZ,2024-07-25,-12.5,STOP_FIRST,13.964744747831642,13.964744747831642,0.0,35,0,0,0,0,0,-12.266195988559547
PRIMARY,228,601919.SH,2024-07-08,-12.5,STOP_FIRST,1.7285541339282333,-4.905615495912708,-6.634169629840942,46,1,1,0,0,1,-19.814263643782315
PRIMARY,229,000063.SZ,2024-08-22,-12.5,STOP_FIRST,3.3955801711335427,3.3955801711335427,0.0,19,0,0,0,0,0,-3.013656189391656
PRIMARY,230,601138.SH,2024-07-18,-12.5,STOP_FIRST,-2.550959931032771,-5.775508614031174,-3.2245486829984027,37,1,1,0,0,1,-27.58542866236795
PRIMARY,231,300308.SZ,2024-07-25,-12.5,STOP_FIRST,7.199933708510119,-5.983392987205915,-13.183326695716033,28,1,1,0,0,1,-20.412077421209307
PRIMARY,232,601899.SH,2024-07-23,-12.5,STOP_FIRST,11.302372099604602,-6.008005072733059,-17.31037717233766,35,1,1,0,0,1,-15.34301819528009
PRIMARY,233,601127.SH,2024-08-28,-12.5,STOP_FIRST,11.860904824260553,11.860904824260553,0.0,17,0,0,0,0,0,-0.6937050159442237
PRIMARY,234,600036.SH,2024-09-09,-12.5,STOP_FIRST,12.650986424212693,12.650986424212693,0.0,9,0,0,0,0,0,-1.1566935372865572
PRIMARY,235,000858.SZ,2024-08-22,-12.5,STOP_FIRST,9.447704740723928,9.447704740723928,0.0,22,0,0,0,0,0,-11.92058204560389
PRIMARY,236,600809.SH,2024-08-28,-12.5,STOP_FIRST,10.265232797714383,10.265232797714383,0.0,18,0,0,0,0,0,-9.343746064530556
PRIMARY,237,600519.SH,2024-09-09,-12.5,STOP_FIRST,13.065449104192647,13.065449104192647,0.0,10,0,0,0,0,0,-9.155678699288794
PRIMARY,238,600276.SH,2024-09-20,-12.5,STOP_FIRST,7.0921102706178285,7.0921102706178285,0.0,3,0,0,0,0,0,-1.5909424566413088
PRIMARY,239,000100.SZ,2024-05-07,-12.5,STOP_FIRST,6.430946014868081,-3.448885971470697,-9.879831986338777,94,1,1,0,0,1,-22.85372018914835
PRIMARY,240,688012.SH,2024-08-23,-12.5,STOP_FIRST,8.980679975166685,8.980679975166685,0.0,22,0,0,0,0,0,-11.105843309233144
PRIMARY,241,688256.SH,2024-09-05,-12.5,STOP_FIRST,22.25002533076108,22.25002533076108,0.0,14,0,0,0,0,0,-3.4709343344747623
PRIMARY,242,600900.SH,2024-09-11,-12.5,STOP_FIRST,8.228584541518643,8.228584541518643,0.0,10,0,0,0,0,0,-0.35235825269818166
PRIMARY,243,600150.SH,2024-09-19,-12.5,STOP_FIRST,4.47320430931633,4.47320430931633,0.0,58,0,0,0,0,0,-6.4123490487716595
PRIMARY,244,600418.SH,2024-11-27,-12.5,STOP_FIRST,19.31501930377224,19.31501930377224,0.0,38,0,0,0,0,0,-4.031151825779977
PRIMARY,245,603019.SH,2025-01-02,-12.5,STOP_FIRST,7.198386187683706,7.198386187683706,0.0,17,0,0,0,0,0,-10.82782494103971
PRIMARY,246,600030.SH,2024-12-31,-12.5,STOP_FIRST,-0.029241512213777625,-0.029241512213777625,0.0,20,0,0,0,0,0,-9.821028359452445
PRIMARY,247,300059.SZ,2025-01-02,-12.5,STOP_FIRST,5.568619214325684,5.568619214325684,0.0,19,0,0,0,0,0,-10.373910853057232
PRIMARY,248,300033.SZ,2025-01-02,-12.5,STOP_FIRST,23.218740081380986,23.218740081380986,0.0,19,0,0,0,0,0,-8.449836646713571
PRIMARY,249,300750.SZ,2025-01-07,-12.5,STOP_FIRST,8.716235937905914,8.716235937905914,0.0,21,0,0,0,0,0,-2.061431530740332
PRIMARY,250,000858.SZ,2025-01-06,-12.5,STOP_FIRST,1.2030252662316376,1.2030252662316376,0.0,23,0,0,0,0,0,-5.193889847781408
PRIMARY,251,688256.SH,2025-01-16,-12.5,STOP_FIRST,19.16467811575612,19.16467811575612,0.0,19,0,0,0,0,0,-4.483732441599764
PRIMARY,252,600519.SH,2025-01-03,-12.5,STOP_FIRST,4.558943908999476,4.558943908999476,0.0,33,0,0,0,0,0,-3.7431935053504506
PRIMARY,253,688256.SH,2025-03-25,-12.5,STOP_FIRST,8.922494348994318,-12.676637576306105,-21.599131925300423,7,1,1,0,0,0,-17.216747908844678
PRIMARY,254,002261.SZ,2025-03-24,-12.5,STOP_FIRST,2.6716085217561965,-15.975391202322417,-18.64699972407861,8,1,1,0,0,1,-27.78696429320907
PRIMARY,255,600989.SH,2025-03-28,-12.5,STOP_FIRST,6.913448021154776,6.913448021154776,0.0,20,0,0,0,0,0,-8.97260383386529
PRIMARY,256,000063.SZ,2025-03-03,-12.5,STOP_FIRST,2.6037524048102836,-3.229380975232924,-5.833133380043208,26,1,1,0,0,1,-20.196827200957447
PRIMARY,257,600050.SH,2025-03-19,-12.5,STOP_FIRST,-4.102896566069308,-12.676637576306101,-8.573741010236793,11,1,1,0,0,0,-12.91204099525517
PRIMARY,258,300846.SZ,2025-03-25,-12.5,STOP_FIRST,-3.7770156011244347,-6.475697398454337,-2.6986817973299027,9,1,1,0,0,1,-31.401379445935305
PRIMARY,259,300059.SZ,2025-04-01,-12.5,STOP_FIRST,5.1627907747067665,-7.053181910869162,-12.215972685575927,4,1,1,0,0,0,-18.189916816625797
PRIMARY,260,002475.SZ,2025-04-02,-12.5,STOP_FIRST,3.6625597634810965,-4.408565470368695,-8.071125233849791,4,1,1,0,0,1,-27.255123038788852
PRIMARY,261,300308.SZ,2025-01-10,-12.5,STOP_FIRST,0.7734206644023827,-2.0362495800948106,-2.8096702444971933,56,1,1,0,0,1,-39.080885586063495
PRIMARY,262,300502.SZ,2025-02-28,-12.5,STOP_FIRST,28.725713357688992,-0.4122799177202055,-29.137993275409197,27,1,1,0,0,1,-31.75728487388515
PRIMARY,263,300750.SZ,2025-04-01,-12.5,STOP_FIRST,7.81936272756536,-4.251090738113151,-12.070453465678511,5,1,1,0,0,1,-16.506355111574443
PRIMARY,264,601318.SH,2025-04-07,-12.5,STOP_FIRST,6.926822925723594,6.926822925723594,0.0,19,0,0,0,0,0,-1.0258567917744377
PRIMARY,265,600036.SH,2025-04-07,-12.5,STOP_FIRST,5.565919809741665,5.565919809741665,0.0,19,0,0,0,0,0,-1.275773669536573
PRIMARY,266,002594.SZ,2025-04-08,-12.5,STOP_FIRST,17.218917139643203,17.218917139643203,0.0,21,0,0,0,0,0,-2.0179308927128603
PRIMARY,267,601658.SH,2025-03-28,-12.5,STOP_FIRST,3.737034722718007,3.737034722718007,0.0,28,0,0,0,0,0,-5.998762052795592
PRIMARY,268,600309.SH,2025-04-15,-12.5,STOP_FIRST,2.8522101436284233,2.8522101436284233,0.0,18,0,0,0,0,0,-4.325283052386664
PRIMARY,269,601899.SH,2025-04-07,-12.5,STOP_FIRST,18.75276321406046,18.75276321406046,0.0,28,0,0,0,0,0,-2.3499050474409477
PRIMARY,270,603259.SH,2025-04-08,-12.5,STOP_FIRST,27.365745385479556,27.365745385479556,0.0,29,0,0,0,0,0,-2.7478554733693317
PRIMARY,271,688981.SH,2025-04-01,-12.5,STOP_FIRST,-0.3367121465143475,-0.3367121465143475,0.0,53,0,0,0,0,0,-10.022828466095346
PRIMARY,272,688256.SH,2025-05-27,-12.5,STOP_FIRST,2.4520211429184493,2.4520211429184493,0.0,20,0,0,0,0,0,-9.161551567123071
PRIMARY,273,000858.SZ,2025-06-13,-12.5,STOP_FIRST,2.9441509741563254,2.9441509741563254,0.0,17,0,0,0,0,0,-0.8036010497183277
PRIMARY,274,600519.SH,2025-06-13,-12.5,STOP_FIRST,1.571155348492451,1.571155348492451,0.0,18,0,0,0,0,0,-0.18545542382252256
PRIMARY,275,300308.SZ,2025-10-14,-12.5,STOP_FIRST,37.312191378736536,37.312191378736536,0.0,7,0,0,0,0,0,-2.4164241555545862
PRIMARY,276,002460.SZ,2025-11-24,-12.5,STOP_FIRST,9.614217661278927,9.614217661278927,0.0,19,0,0,0,0,0,-1.7925475782034406
PRIMARY,277,601138.SH,2025-11-24,-12.5,STOP_FIRST,19.316165850131622,19.316165850131622,0.0,22,0,0,0,0,0,-2.475096837577462
PRIMARY,278,300502.SZ,2026-01-12,-12.5,STOP_FIRST,18.325572753597463,18.325572753597463,0.0,14,0,0,0,0,0,-2.8874334496876597
PRIMARY,279,300750.SZ,2025-11-21,-12.5,STOP_FIRST,1.7797735978262685,1.7797735978262685,0.0,52,0,0,0,0,0,-11.001248680259001
PRIMARY,280,300274.SZ,2025-12-16,-12.5,STOP_FIRST,-0.04130443998742119,-10.936053741153003,-10.894749301165582,35,1,1,0,0,0,-13.261308807790783
PRIMARY,281,300308.SZ,2026-02-06,-12.5,STOP_FIRST,3.437565472561077,3.437565472561077,0.0,21,0,0,0,0,0,-9.894027541086349
PRIMARY,282,002475.SZ,2026-01-08,-12.5,STOP_FIRST,1.540552873571203,-7.597912800087515,-9.138465673658718,34,1,1,0,0,1,-18.823201056328863
PRIMARY,283,601138.SH,2026-01-29,-12.5,STOP_FIRST,3.823418044659373,-7.566304822534106,-11.389722867193479,32,1,1,0,0,1,-17.012814423960076
PRIMARY,284,688256.SH,2026-02-03,-12.5,STOP_FIRST,12.397855616133041,12.397855616133041,0.0,38,0,0,0,0,0,-12.087912087912079
PRIMARY,285,601899.SH,2026-03-16,-12.5,STOP_FIRST,9.119263883295172,-7.569440659012379,-16.68870454230755,6,1,1,0,0,1,-14.280941525906998
PRIMARY,286,603986.SH,2026-03-31,-12.5,STOP_FIRST,19.7457903723054,19.7457903723054,0.0,13,0,0,0,0,0,-2.865134133444669
PRIMARY,287,300059.SZ,2026-03-20,-12.5,STOP_FIRST,8.424165896338625,8.424165896338625,0.0,31,0,0,0,0,0,-7.322200643291355
PRIMARY,288,300274.SZ,2026-04-01,-12.5,STOP_FIRST,13.077001683310016,13.077001683310016,0.0,23,0,0,0,0,0,-7.472322364359973
PRIMARY,289,300274.SZ,2026-07-01,-12.5,STOP_FIRST,-8.358514552822074,-9.491001535682809,-1.1324869828607351,5,1,1,0,0,0,-26.27934444027391
PRIMARY,290,600487.SH,2026-07-06,-12.5,STOP_FIRST,-17.707576907721744,-9.08322177008533,8.624355137636414,3,1,1,0,0,0,-46.153139444336865
PRIMARY,291,688525.SH,2026-07-15,-12.5,STOP_FIRST,-19.368418251981645,-10.38643913010755,8.981979121874094,3,1,1,0,0,1,-34.73193473193472
PRIMARY,292,688008.SH,2026-07-16,-12.5,STOP_FIRST,-3.6609369962131426,-3.6609369962131426,0.0,27,0,0,0,0,0,-12.165294341773524
PRIMARY,293,688256.SH,2026-07-16,-12.5,STOP_FIRST,-7.309240157764709,-2.960130668055558,4.349109489709151,27,1,1,1,0,1,-25.153710642669623
PRIMARY,294,300308.SZ,2026-07-17,-12.5,STOP_FIRST,-11.744158826402947,-6.437784123922485,5.306374702480461,10,1,1,0,0,1,-22.96628924619374
PRIMARY,295,600584.SH,2026-07-20,-12.5,STOP_FIRST,-3.746170199653699,-12.67663757630611,-8.93046737665241,7,1,1,0,0,0,-20.75720869405966
PRIMARY,296,300502.SZ,2026-07-28,-12.5,STOP_FIRST,-3.1289001702402826,-13.828052103743616,-10.699151933503334,3,1,1,0,0,0,-14.854383942881455
PRIMARY,297,002384.SZ,2026-07-29,-12.5,STOP_FIRST,6.860142611567042,6.860142611567042,0.0,18,0,0,0,0,0,-9.217430672804971
PRIMARY,298,002475.SZ,2026-08-03,-12.5,STOP_FIRST,1.2862198685484683,1.2862198685484683,0.0,15,0,0,0,0,0,-4.021902045888859
PRIMARY,299,600276.SH,2026-08-20,-12.5,STOP_FIRST,-2.438053366642191,-2.438053366642191,0.0,2,0,0,0,0,0,-4.81585777507767
PRIMARY,1,000651.SZ,2020-03-19,-12.5,TP_FIRST,8.76502998612771,8.76502998612771,0.0,15,0,0,0,0,0,-3.253806511060575
PRIMARY,2,600030.SH,2020-03-16,-12.5,TP_FIRST,1.2152522266729697,1.2152522266729697,0.0,19,0,0,0,0,0,-7.086832162571954
PRIMARY,3,300750.SZ,2020-02-28,-12.5,TP_FIRST,-1.0193924653390611,-8.03495629607975,-7.015563830740689,12,1,1,0,0,1,-24.419958905481774
PRIMARY,4,601318.SH,2020-02-28,-12.5,TP_FIRST,-1.3453625770562572,-5.927674387335586,-4.582311810279329,14,1,1,0,0,0,-15.814522556095568
PRIMARY,5,600036.SH,2020-03-19,-12.5,TP_FIRST,10.683448687695108,10.683448687695108,0.0,25,0,0,0,0,0,-0.09990265754196148
PRIMARY,6,002475.SZ,2020-03-17,-12.5,TP_FIRST,14.92275528149982,14.92275528149982,0.0,28,0,0,0,0,0,-11.112505536775796
PRIMARY,7,000858.SZ,2020-03-17,-12.5,TP_FIRST,26.82736619482785,-8.950743091584453,-35.7781092864123,3,1,1,0,0,0,-12.958069092199342
PRIMARY,8,000063.SZ,2020-03-17,-12.5,TP_FIRST,3.2396956676295363,3.2396956676295363,0.0,32,0,0,0,0,0,-10.59060271470772
PRIMARY,9,000725.SZ,2020-03-16,-12.5,TP_FIRST,4.611959703094805,-5.25320983449895,-9.865169537593754,31,1,1,0,0,1,-20.127607365604128
PRIMARY,10,002506.SZ,2020-03-26,-12.5,TP_FIRST,-6.524016348081019,-6.802398274628787,-0.2783819265477687,23,1,1,0,0,1,-31.211643047504246
PRIMARY,11,600519.SH,2020-03-18,-12.5,TP_FIRST,39.54846152311298,39.54846152311298,0.0,48,0,0,0,0,0,-3.505987509815356
PRIMARY,12,000002.SZ,2020-03-18,-12.5,TP_FIRST,4.681297620587952,4.681297620587952,0.0,49,0,0,0,0,0,-6.372695888701285
PRIMARY,13,002714.SZ,2020-05-11,-12.5,TP_FIRST,-37.346517858183255,-39.08929023133747,-1.7427723731542173,17,1,1,0,0,1,-43.62347582705105
PRIMARY,14,000063.SZ,2020-05-25,-12.5,TP_FIRST,8.355437860095789,8.355437860095789,0.0,17,0,0,0,0,0,-5.214052830367422
PRIMARY,15,002415.SZ,2020-05-25,-12.5,TP_FIRST,7.15509150196319,7.15509150196319,0.0,17,0,0,0,0,0,-2.5965128554330974
PRIMARY,16,600703.SH,2020-06-15,-12.5,TP_FIRST,15.534542524394753,15.534542524394753,0.0,12,0,0,0,0,0,-1.7232235549681896
PRIMARY,17,600030.SH,2020-09-07,-12.5,TP_FIRST,3.3416942678344705,3.3416942678344705,0.0,18,0,0,0,0,0,-2.3347247522243597
PRIMARY,18,300059.SZ,2020-09-09,-12.5,TP_FIRST,4.052671012057143,4.052671012057143,0.0,16,0,0,0,0,0,-5.835594827212354
PRIMARY,19,600276.SH,2020-09-17,-12.5,TP_FIRST,7.964121567403469,7.964121567403469,0.0,10,0,0,0,0,0,-0.30802389658590723
PRIMARY,20,000063.SZ,2020-09-10,-12.5,TP_FIRST,8.16654508112372,8.16654508112372,0.0,16,0,0,0,0,0,-2.1893558485753473
PRIMARY,21,000651.SZ,2020-09-28,-12.5,TP_FIRST,7.18749636223901,7.18749636223901,0.0,5,0,0,0,0,0,-0.7920940870049797
PRIMARY,22,600036.SH,2020-09-30,-12.5,TP_FIRST,8.189846606772502,8.189846606772502,0.0,5,0,0,0,0,0,-0.8409143929827279
PRIMARY,23,002456.SZ,2020-09-01,-12.5,TP_FIRST,0.3287151054327302,-7.986759532970112,-8.315474638402842,7,1,1,0,0,1,-16.877466166367018
PRIMARY,24,300136.SZ,2020-10-12,-12.5,TP_FIRST,3.7523403888601528,3.7523403888601528,0.0,19,0,0,0,0,0,-11.264076050883421
PRIMARY,25,600030.SH,2020-10-26,-12.5,TP_FIRST,5.218510332201447,5.218510332201447,0.0,19,0,0,0,0,0,-4.85376403171518
PRIMARY,26,000661.SZ,2020-09-16,-12.5,TP_FIRST,10.365131138225253,10.365131138225253,0.0,47,0,0,0,0,0,-10.396266523703268
PRIMARY,27,600745.SH,2020-09-08,-12.5,TP_FIRST,1.4169185149017833,-6.674682501408648,-8.091601016310431,25,1,1,0,0,1,-24.96934183424869
PRIMARY,28,601012.SH,2020-11-13,-12.5,TP_FIRST,11.570904483395198,11.570904483395198,0.0,17,0,0,0,0,0,-7.125413198287678
PRIMARY,29,300122.SZ,2020-11-11,-12.5,TP_FIRST,21.594186068179752,-7.450768698158634,-29.044954766338385,5,1,1,0,0,0,-14.25593292277403
PRIMARY,30,002475.SZ,2020-11-16,-12.5,TP_FIRST,4.922943424348968,4.922943424348968,0.0,26,0,0,0,0,0,-6.247600021016375
PRIMARY,31,002241.SZ,2020-11-16,-12.5,TP_FIRST,2.7641560070263713,2.7641560070263713,0.0,28,0,0,0,0,0,-8.190219287755895
PRIMARY,32,000651.SZ,2020-12-09,-12.5,TP_FIRST,4.778058019478602,4.778058019478602,0.0,17,0,0,0,0,0,-6.9491076663235285
PRIMARY,33,688981.SH,2020-12-16,-12.5,TP_FIRST,16.521188858697652,16.521188858697652,0.0,16,0,0,0,0,0,-4.393704306917501
PRIMARY,34,601318.SH,2021-01-28,-12.5,TP_FIRST,9.42474089385644,9.42474089385644,0.0,14,0,0,0,0,0,-7.015107202120719
PRIMARY,35,300059.SZ,2021-02-22,-12.5,TP_FIRST,-9.75617275607125,-8.339322844546246,1.416849911525004,8,1,1,0,0,0,-21.294436987155805
PRIMARY,36,000333.SZ,2021-02-22,-12.5,TP_FIRST,1.124921971714471,1.124921971714471,0.0,28,0,0,0,0,0,-11.037863818654303
PRIMARY,37,000858.SZ,2021-03-08,-12.5,TP_FIRST,16.23467230378328,16.23467230378328,0.0,18,0,0,0,0,0,-5.053624061888506
PRIMARY,38,600030.SH,2021-03-01,-12.5,TP_FIRST,-1.7719464410848904,-1.7719464410848904,0.0,24,0,0,0,0,0,-9.731175855642116
PRIMARY,39,601012.SH,2021-03-04,-12.5,TP_FIRST,2.8151228530517156,-9.745300054778138,-12.560422907829853,4,1,1,0,0,0,-20.33269501471261
PRIMARY,40,002241.SZ,2021-01-29,-12.5,TP_FIRST,-2.3809753380773024,-5.886105403963423,-3.505130065886121,27,1,1,0,0,1,-24.32266643437805
PRIMARY,41,300750.SZ,2021-01-29,-12.5,TP_FIRST,2.6778263400166544,-8.477734532033214,-11.155560872049868,19,1,1,0,0,0,-20.744980856829066
PRIMARY,42,002475.SZ,2021-01-28,-12.5,TP_FIRST,-17.795635461958412,-6.383752331927423,11.41188313003099,28,1,1,0,0,1,-38.05999710973133
PRIMARY,43,600438.SH,2021-03-05,-12.5,TP_FIRST,-2.082117681436346,-7.32172880237123,-5.239611120934884,3,1,1,0,0,0,-21.900640918932147
PRIMARY,44,300014.SZ,2021-03-23,-12.5,TP_FIRST,20.343646524893185,20.343646524893185,0.0,18,0,0,0,0,0,-1.1328405715407053
PRIMARY,45,601899.SH,2021-03-24,-12.5,TP_FIRST,13.67315267261283,13.67315267261283,0.0,17,0,0,0,0,0,-0.5227592786883895
PRIMARY,46,601166.SH,2021-04-15,-12.5,TP_FIRST,10.16039399503804,10.16039399503804,0.0,15,0,0,0,0,0,-2.3887839446735004
PRIMARY,47,600276.SH,2021-04-15,-12.5,TP_FIRST,2.9762113310555116,2.9762113310555116,0.0,18,0,0,0,0,0,-5.364820806114978
PRIMARY,48,002352.SZ,2021-04-12,-12.5,TP_FIRST,1.806031845385725,1.806031845385725,0.0,22,0,0,0,0,0,-8.258407334556994
PRIMARY,49,600519.SH,2021-05-06,-12.5,TP_FIRST,12.309433820124724,12.309433820124724,0.0,12,0,0,0,0,0,-5.132526010090399
PRIMARY,50,600031.SH,2021-03-09,-12.5,TP_FIRST,2.027751640672817,-2.16919750458003,-4.196949145252846,44,1,1,0,0,1,-27.978387085265844
PRIMARY,51,600009.SH,2021-02-03,-12.5,TP_FIRST,-1.1354409255495685,-7.469022967344653,-6.3335820417950845,58,1,1,0,0,1,-22.985275095121573
PRIMARY,52,002594.SZ,2021-02-24,-12.5,TP_FIRST,16.160298578230066,-6.830895544963105,-22.99119412319317,49,1,1,0,0,1,-34.73181070183321
PRIMARY,53,002340.SZ,2021-06-07,-12.5,TP_FIRST,5.290865136021748,5.290865136021748,0.0,19,0,0,0,0,0,-11.268220523967209
PRIMARY,54,000661.SZ,2021-05-24,-12.5,TP_FIRST,3.543179209088439,-7.999184773660684,-11.542363982749123,30,1,1,0,0,1,-16.869230019043936
PRIMARY,55,002594.SZ,2021-07-16,-12.5,TP_FIRST,25.77910857036041,25.77910857036041,0.0,10,0,0,0,0,0,-2.6882194842621776
PRIMARY,56,600031.SH,2021-06-11,-12.5,TP_FIRST,4.433342850860986,-7.6800764033187185,-12.113419254179703,24,1,1,0,0,0,-15.123799665013548
PRIMARY,57,002241.SZ,2021-07-22,-12.5,TP_FIRST,10.273218124699701,10.273218124699701,0.0,9,0,0,0,0,0,-7.886693775763421
PRIMARY,58,600036.SH,2021-07-08,-12.5,TP_FIRST,8.736132867824947,8.736132867824947,0.0,28,0,0,0,0,0,-10.298243793004092
PRIMARY,59,300782.SZ,2021-07-13,-12.5,TP_FIRST,4.700284102162052,4.700284102162052,0.0,29,0,0,0,0,0,-10.944165622271129
PRIMARY,60,601919.SH,2021-07-23,-12.5,TP_FIRST,21.9399821535198,-8.657448027537267,-30.597430181057067,3,1,1,0,0,0,-13.003666576368966
PRIMARY,61,002460.SZ,2021-08-16,-12.5,TP_FIRST,24.025427124052413,24.025427124052413,0.0,9,0,0,0,0,0,-2.17885582383488
PRIMARY,62,300750.SZ,2021-07-27,-12.5,TP_FIRST,8.626053858905106,8.626053858905106,0.0,34,0,0,0,0,0,-5.360767280539502
PRIMARY,63,300760.SZ,2021-08-20,-12.5,TP_FIRST,25.243095200327115,25.243095200327115,0.0,19,0,0,0,0,0,-1.3648131532456809
PRIMARY,64,600519.SH,2021-07-26,-12.5,TP_FIRST,2.091334708861519,-6.713584970085199,-8.804919678946717,20,1,1,0,0,1,-15.47553943560599
PRIMARY,65,002714.SZ,2021-05-24,-12.5,TP_FIRST,-18.715268930191936,-6.419125730570796,12.29614319962114,42,1,1,0,0,1,-56.67478900029019
PRIMARY,66,000858.SZ,2021-07-08,-12.5,TP_FIRST,-7.6342909419297795,-3.5171154189361147,4.117175522993665,32,1,1,0,0,1,-28.655500122152368
PRIMARY,67,002594.SZ,2021-09-29,-12.5,TP_FIRST,17.089129638620165,17.089129638620165,0.0,6,0,0,0,0,0,-0.5192972651856032
PRIMARY,68,601318.SH,2021-03-18,-12.5,TP_FIRST,-28.116081051784203,-6.411563594218774,21.70451745756543,59,1,1,0,0,1,-41.80696245003698
PRIMARY,69,000651.SZ,2021-05-25,-12.5,TP_FIRST,-19.03127753582529,-4.6608017047018535,14.370475831123436,63,1,1,0,0,1,-33.090168102543274
PRIMARY,70,000333.SZ,2021-07-05,-12.5,TP_FIRST,11.175030722164129,11.175030722164129,0.0,71,0,0,0,0,0,-9.770984837876318
PRIMARY,71,600111.SH,2021-09-29,-12.5,TP_FIRST,22.277893313169177,22.277893313169177,0.0,12,0,0,0,0,0,-3.6351512387024387
PRIMARY,72,600089.SH,2021-10-08,-12.5,TP_FIRST,21.757208672823793,21.757208672823793,0.0,12,0,0,0,0,0,-5.355399017850127
PRIMARY,73,002466.SZ,2021-09-22,-12.5,TP_FIRST,5.276533723848393,-7.688575203292576,-12.96510892714097,4,1,1,0,0,0,-18.18048772561611
PRIMARY,74,000858.SZ,2021-11-01,-12.5,TP_FIRST,7.772649549904674,7.772649549904674,0.0,16,0,0,0,0,0,-2.695601939103509
PRIMARY,75,603259.SH,2021-11-04,-12.5,TP_FIRST,10.333997515607747,10.333997515607747,0.0,15,0,0,0,0,0,-4.388640111365582
PRIMARY,76,601919.SH,2021-09-28,-12.5,TP_FIRST,3.0377221934720415,-4.42042769539305,-7.4581498888650914,30,1,1,0,0,1,-19.410201081693145
PRIMARY,77,600030.SH,2021-11-16,-12.5,TP_FIRST,7.942169042945349,7.942169042945349,0.0,13,0,0,0,0,0,-1.3115665629502171
PRIMARY,78,000651.SZ,2021-10-27,-12.5,TP_FIRST,3.7666645298140864,3.7666645298140864,0.0,30,0,0,0,0,0,-6.591904190897946
PRIMARY,79,600036.SH,2021-11-26,-12.5,TP_FIRST,7.780249533285357,7.780249533285357,0.0,8,0,0,0,0,0,-2.0264594890360255
PRIMARY,80,600036.SH,2021-12-29,-12.5,TP_FIRST,5.516341863497587,5.516341863497587,0.0,14,0,0,0,0,0,-0.892595978810895
PRIMARY,81,002129.SZ,2021-12-01,-12.5,TP_FIRST,7.212021342950852,7.212021342950852,0.0,38,0,0,0,0,0,-10.209695479014202
PRIMARY,82,600030.SH,2022-01-14,-12.5,TP_FIRST,1.0102995428563417,1.0102995428563417,0.0,9,0,0,0,0,0,-4.115180796829354
PRIMARY,83,601888.SH,2021-11-02,-12.5,TP_FIRST,7.8045788936873635,-4.419476382923391,-12.224055276610756,53,1,1,0,0,1,-17.76278012400819
PRIMARY,84,600111.SH,2021-12-24,-12.5,TP_FIRST,10.927469701064592,-6.380993620210816,-17.308463321275408,25,1,1,0,0,1,-16.158101136300374
PRIMARY,85,000792.SZ,2022-01-20,-12.5,TP_FIRST,18.801769360068377,18.801769360068377,0.0,13,0,0,0,0,0,-2.101609531796167
PRIMARY,86,002460.SZ,2021-12-20,-12.5,TP_FIRST,7.327370162653349,-10.612969568865273,-17.94033973151862,22,1,1,0,0,0,-13.694999767838578
PRIMARY,87,002466.SZ,2021-12-20,-12.5,TP_FIRST,1.837573601773871,-7.994220531850588,-9.83179413362446,22,1,1,0,0,1,-19.98566660073482
PRIMARY,88,000661.SZ,2022-01-24,-12.5,TP_FIRST,11.89884859958246,11.89884859958246,0.0,17,0,0,0,0,0,-4.775620293737893
PRIMARY,89,601012.SH,2021-12-01,-12.5,TP_FIRST,6.472325573333965,-6.5610657305165425,-13.033391303850507,46,1,1,0,0,1,-23.797689806559163
PRIMARY,90,603259.SH,2021-12-20,-12.5,TP_FIRST,12.254494786218984,-7.395919718108656,-19.650414504327642,33,1,1,0,0,1,-28.86139126771904
PRIMARY,91,000002.SZ,2022-03-04,-12.5,TP_FIRST,14.88504791739044,-6.69774505208255,-21.58279296947299,7,1,1,0,0,1,-22.246037106497695
PRIMARY,92,300059.SZ,2022-01-05,-12.5,TP_FIRST,-5.7513210082683415,-3.8526205799000075,1.898700428368334,44,1,1,0,0,1,-34.89656169461941
PRIMARY,93,600519.SH,2022-01-07,-12.5,TP_FIRST,0.9984159395398549,-7.9650677720611975,-8.963483711601052,43,1,1,0,0,1,-17.458488731459298
PRIMARY,94,601888.SH,2022-03-14,-12.5,TP_FIRST,7.812849493656972,7.812849493656972,0.0,20,0,0,0,0,0,-8.439813952671848
PRIMARY,95,002594.SZ,2021-12-16,-12.5,TP_FIRST,-1.5968178542206901,-5.694061219619657,-4.097243365398967,52,1,1,0,0,1,-26.330714118353036
PRIMARY,96,000625.SZ,2021-11-16,-12.5,TP_FIRST,-22.229994518631575,-3.9605412394898702,18.269453279141704,74,1,1,0,0,1,-53.29984290867762
PRIMARY,97,002475.SZ,2022-02-08,-12.5,TP_FIRST,-17.15409169654668,-4.119715111486995,13.034376585059684,36,1,1,0,0,1,-40.77681436537638
PRIMARY,98,002466.SZ,2022-04-25,-12.5,TP_FIRST,41.854779546894,41.854779546894,0.0,8,0,0,0,0,0,-3.4110472521140522
PRIMARY,99,300274.SZ,2021-12-21,-12.5,TP_FIRST,-25.58857835409347,-2.2163959703887732,23.372182383704697,63,1,1,0,0,1,-58.717689038471335
PRIMARY,100,002460.SZ,2022-03-08,-12.5,TP_FIRST,17.706849570514894,-4.989145537306018,-22.695995107820913,33,1,1,0,0,1,-28.642784574491998
PRIMARY,101,000858.SZ,2022-01-28,-12.5,TP_FIRST,-8.807756178930596,-5.277433883843314,3.5303222950872817,24,1,1,0,0,1,-25.5194802146096
PRIMARY,102,300014.SZ,2022-03-03,-12.5,TP_FIRST,26.31764601662993,-8.897505656375463,-35.215151673005394,36,1,1,0,0,1,-32.624915571840454
PRIMARY,103,300750.SZ,2021-12-20,-12.5,TP_FIRST,-14.232912370394569,-5.214164439258337,9.018747931136232,73,1,1,0,0,1,-41.8073675499418
PRIMARY,104,601012.SH,2022-03-29,-12.5,TP_FIRST,-12.752364240157288,-6.537041139747858,6.21532310040943,18,1,1,0,0,1,-24.82075936524716
PRIMARY,105,002415.SZ,2022-05-06,-12.5,TP_FIRST,3.5450375895839463,3.5450375895839463,0.0,19,0,0,0,0,0,-8.562023743217374
PRIMARY,106,600276.SH,2022-01-13,-12.5,TP_FIRST,-29.55698724716474,-8.358522603317578,21.198464643847164,33,1,1,0,0,1,-42.610580908453244
PRIMARY,107,601318.SH,2022-03-15,-12.5,TP_FIRST,-0.3864474449981416,-0.3864474449981416,0.0,55,0,0,0,0,0,-2.315282705156485
PRIMARY,108,600036.SH,2022-03-07,-12.5,TP_FIRST,-6.245523329299984,-6.236672266987262,0.008851062312722036,31,1,1,0,0,1,-24.345417637488787
PRIMARY,109,300122.SZ,2022-04-14,-12.5,TP_FIRST,-6.645958234266682,-6.460479030290134,0.1854792039765476,28,1,1,0,0,1,-28.79470109263167
PRIMARY,110,002241.SZ,2022-06-23,-12.5,TP_FIRST,2.8400230023871615,2.8400230023871615,0.0,30,0,0,0,0,0,-5.007927632982501
PRIMARY,111,002466.SZ,2022-08-19,-12.5,TP_FIRST,13.385590477234006,13.385590477234006,0.0,2,0,0,0,0,0,-2.8634236347626074
PRIMARY,112,600036.SH,2022-07-13,-12.5,TP_FIRST,-1.5651520516643562,-1.5651520516643562,0.0,34,0,0,0,0,0,-12.409355098525655
PRIMARY,113,601888.SH,2022-08-08,-12.5,TP_FIRST,7.1858432781792185,7.1858432781792185,0.0,33,0,0,0,0,0,-8.133019118063235
PRIMARY,114,000858.SZ,2022-07-29,-12.5,TP_FIRST,-2.4673011477159523,-2.4673011477159523,0.0,40,0,0,0,0,0,-12.093504633059515
PRIMARY,115,300274.SZ,2022-08-31,-12.5,TP_FIRST,13.216110132265186,13.216110132265186,0.0,23,0,0,0,0,0,-6.803285897864219
PRIMARY,116,300760.SZ,2022-09-21,-12.5,TP_FIRST,26.10435256088347,26.10435256088347,0.0,11,0,0,0,0,0,-2.945982270341807
PRIMARY,117,603259.SH,2022-07-27,-12.5,TP_FIRST,-6.553924195303395,-6.1379051363654975,0.4160190589378976,35,1,1,0,0,1,-30.331191278374803
PRIMARY,118,601012.SH,2022-08-03,-12.5,TP_FIRST,-1.5712301907594528,-6.349239899217239,-4.778009708457787,32,1,1,0,0,1,-20.79675190961924
PRIMARY,119,688599.SH,2022-08-19,-12.5,TP_FIRST,4.900961296612725,4.900961296612725,0.0,42,0,0,0,0,0,-11.786057206268874
PRIMARY,120,002459.SZ,2022-08-19,-12.5,TP_FIRST,5.627000867343111,5.627000867343111,0.0,42,0,0,0,0,0,-10.712385831051897
PRIMARY,121,601899.SH,2022-09-26,-12.5,TP_FIRST,6.916188828671841,6.916188828671841,0.0,18,0,0,0,0,0,-3.33920245581949
PRIMARY,122,002460.SZ,2022-08-25,-12.5,TP_FIRST,2.226213115920718,-7.293435296993339,-9.519648412914057,26,1,1,0,0,1,-16.759572939966095
PRIMARY,123,002271.SZ,2022-08-23,-12.5,TP_FIRST,-5.965240206705305,-8.501906463200013,-2.5366662564947084,29,1,1,0,0,1,-29.215251654169816
PRIMARY,124,600703.SH,2022-09-20,-12.5,TP_FIRST,1.4365619204532005,-10.369231723336751,-11.805793643789952,8,1,1,0,0,0,-17.135927537327543
PRIMARY,125,002594.SZ,2022-07-12,-12.5,TP_FIRST,-2.227087712436274,-6.842012295112345,-4.614924582676071,58,1,1,0,0,1,-23.762322609884045
PRIMARY,126,002466.SZ,2022-09-01,-12.5,TP_FIRST,0.41755742217796255,-8.287725939885167,-8.70528336206313,28,1,1,0,0,0,-17.18698543788346
PRIMARY,127,002050.SZ,2022-10-11,-12.5,TP_FIRST,8.648758708124946,8.648758708124946,0.0,17,0,0,0,0,0,-7.919779995223497
PRIMARY,128,603799.SH,2022-09-29,-12.5,TP_FIRST,1.9036214562895246,-10.908461492497134,-12.812082948786658,11,1,1,0,0,0,-18.54792363873298
PRIMARY,129,600030.SH,2022-09-16,-12.5,TP_FIRST,3.2914258355483077,3.2914258355483077,0.0,34,0,0,0,0,0,-7.2317278605463
PRIMARY,130,600036.SH,2022-10-10,-12.5,TP_FIRST,4.74708231806275,-7.527435021571452,-12.274517339634201,11,1,1,0,0,0,-17.352231797581
PRIMARY,131,601166.SH,2022-08-29,-12.5,TP_FIRST,2.990941980494697,2.990941980494697,0.0,48,0,0,0,0,0,-11.758858159541209
PRIMARY,132,601318.SH,2022-10-24,-12.5,TP_FIRST,11.54058817209945,11.54058817209945,0.0,14,0,0,0,0,0,-4.56589305883337
PRIMARY,133,000651.SZ,2022-10-31,-12.5,TP_FIRST,11.08646263720554,11.08646263720554,0.0,9,0,0,0,0,0,-0.62111668689665
PRIMARY,134,300059.SZ,2022-08-02,-12.5,TP_FIRST,1.3148602142200303,-4.495352151967049,-5.81021236618708,55,1,1,0,0,1,-28.41433393805436
PRIMARY,135,000625.SZ,2022-08-24,-12.5,TP_FIRST,2.31475867645841,-3.9811613532770656,-6.295920029735475,42,1,1,0,0,1,-27.190338345372766
PRIMARY,136,000858.SZ,2022-10-24,-12.5,TP_FIRST,13.014502136358589,13.014502136358589,0.0,26,0,0,0,0,0,-6.076160549181053
PRIMARY,137,600519.SH,2022-09-05,-12.5,TP_FIRST,-5.861614932184937,-10.965503283469403,-5.103888351284466,28,1,1,0,0,1,-27.44375317821398
PRIMARY,138,000568.SZ,2022-10-10,-12.5,TP_FIRST,5.894426001503926,-5.526936374012762,-11.421362375516688,14,1,1,0,0,1,-26.23829865914583
PRIMARY,139,600887.SH,2022-10-20,-12.5,TP_FIRST,6.706648715667189,-6.307263849523776,-13.013912565190964,8,1,1,0,0,1,-18.517421916247343
PRIMARY,140,002714.SZ,2022-10-26,-12.5,TP_FIRST,5.23244617556544,5.23244617556544,0.0,28,0,0,0,0,0,-8.911088606217998
PRIMARY,141,300750.SZ,2022-09-01,-12.5,TP_FIRST,-1.3981718838619202,-4.480079544741454,-3.0819076608795335,36,1,1,0,0,1,-24.986572858520837
PRIMARY,142,002371.SZ,2022-10-12,-12.5,TP_FIRST,10.597667780822029,10.597667780822029,0.0,44,0,0,0,0,0,-5.446303292394417
PRIMARY,143,603259.SH,2022-11-28,-12.5,TP_FIRST,6.738265986701266,6.738265986701266,0.0,22,0,0,0,0,0,-2.1226976811561937
PRIMARY,144,600522.SH,2022-11-01,-12.5,TP_FIRST,-5.676303523410963,-10.697449176321005,-5.021145652910041,20,1,1,0,0,1,-30.66339374603776
PRIMARY,145,300274.SZ,2022-12-06,-12.5,TP_FIRST,12.35423017458993,-11.39681710359977,-23.7510472781897,12,1,1,0,0,0,-12.997661644686353
PRIMARY,146,002241.SZ,2022-11-11,-12.5,TP_FIRST,8.552942953591648,8.552942953591648,0.0,37,0,0,0,0,0,-2.0552360649699564
PRIMARY,147,002812.SZ,2022-11-23,-12.5,TP_FIRST,12.272962184274384,12.272962184274384,0.0,30,0,0,0,0,0,-7.454367889448843
PRIMARY,148,601012.SH,2022-12-22,-12.5,TP_FIRST,11.348570853081775,11.348570853081775,0.0,17,0,0,0,0,0,-1.83945407826005
PRIMARY,149,000625.SZ,2022-12-28,-12.5,TP_FIRST,15.403895272762636,15.403895272762636,0.0,16,0,0,0,0,0,-2.461030882431914
PRIMARY,150,002709.SZ,2022-12-30,-12.5,TP_FIRST,15.538268097973235,15.538268097973235,0.0,14,0,0,0,0,0,-2.7348780509869663
PRIMARY,151,300014.SZ,2023-01-11,-12.5,TP_FIRST,6.981985480381129,6.981985480381129,0.0,9,0,0,0,0,0,-4.915491114570337
PRIMARY,152,300750.SZ,2023-02-17,-12.5,TP_FIRST,3.6254689430868456,3.6254689430868456,0.0,29,0,0,0,0,0,-11.62683470375777
PRIMARY,153,600519.SH,2023-03-08,-12.5,TP_FIRST,3.358107895598216,3.358107895598216,0.0,16,0,0,0,0,0,-2.5877984739737014
PRIMARY,154,300059.SZ,2023-03-07,-12.5,TP_FIRST,6.704927557794763,6.704927557794763,0.0,18,0,0,0,0,0,-6.726693190328403
PRIMARY,155,300274.SZ,2023-03-14,-12.5,TP_FIRST,3.872684453553771,3.872684453553771,0.0,23,0,0,0,0,0,-11.398858058207795
PRIMARY,156,002594.SZ,2023-03-10,-12.5,TP_FIRST,7.839512102970262,7.839512102970262,0.0,33,0,0,0,0,0,-3.6913778017047982
PRIMARY,157,000858.SZ,2023-04-10,-12.5,TP_FIRST,-2.6488868636941545,-2.6488868636941545,0.0,26,0,0,0,0,0,-10.048100566887374
PRIMARY,158,000651.SZ,2023-05-04,-12.5,TP_FIRST,6.144996620188443,6.144996620188443,0.0,25,0,0,0,0,0,-8.255590958382841
PRIMARY,159,601899.SH,2023-05-12,-12.5,TP_FIRST,6.727401168026937,6.727401168026937,0.0,19,0,0,0,0,0,-5.558920911138776
PRIMARY,160,600519.SH,2023-04-12,-12.5,TP_FIRST,6.514893856808776,6.514893856808776,0.0,43,0,0,0,0,0,-4.355999030555235
PRIMARY,161,601012.SH,2023-03-16,-12.5,TP_FIRST,-17.84953964554572,-6.847149836793625,11.002389808752092,49,1,1,0,0,1,-33.276416390528766
PRIMARY,162,600036.SH,2023-04-27,-12.5,TP_FIRST,-0.6278320762058595,-0.6278320762058595,0.0,57,0,0,0,0,0,-3.793063901958049
PRIMARY,163,600809.SH,2023-05-22,-12.5,TP_FIRST,9.67465728119054,-6.793583438306902,-16.46824071949744,27,1,1,0,0,1,-16.847859403834985
PRIMARY,164,300059.SZ,2023-05-29,-12.5,TP_FIRST,3.238668828858134,3.238668828858134,0.0,38,0,0,0,0,0,-4.622126321593722
PRIMARY,165,002415.SZ,2023-06-09,-12.5,TP_FIRST,9.253968396028046,9.253968396028046,0.0,31,0,0,0,0,0,-3.0509320142771967
PRIMARY,166,300750.SZ,2023-06-07,-12.5,TP_FIRST,8.015096907867838,8.015096907867838,0.0,35,0,0,0,0,0,-2.799902799902787
PRIMARY,167,688981.SH,2023-05-09,-12.5,TP_FIRST,-1.9912914951639942,-1.9912914951639942,0.0,57,0,0,0,0,0,-7.822752791213516
PRIMARY,168,600570.SH,2023-07-11,-12.5,TP_FIRST,12.935015317595871,12.935015317595871,0.0,17,0,0,0,0,0,-3.6163828033945022
PRIMARY,169,300418.SZ,2023-06-26,-12.5,TP_FIRST,-7.109717403112448,-8.963231234027107,-1.8535138309146593,8,1,1,0,0,0,-22.324869570606698
PRIMARY,170,600276.SH,2023-07-31,-12.5,TP_FIRST,2.244966610480217,-8.575404834692584,-10.820371445172801,5,1,1,0,0,1,-16.355370032537774
PRIMARY,171,002230.SZ,2023-08-16,-12.5,TP_FIRST,-4.04018826584394,-10.074500196494368,-6.034311930650428,8,1,1,0,0,1,-19.948062722882465
PRIMARY,172,002475.SZ,2023-09-07,-12.5,TP_FIRST,6.728014277472455,6.728014277472455,0.0,17,0,0,0,0,0,-4.4345508276317
PRIMARY,173,300760.SZ,2023-08-07,-12.5,TP_FIRST,6.5338873044717865,6.5338873044717865,0.0,53,0,0,0,0,0,-4.449940020156773
PRIMARY,174,000858.SZ,2023-08-18,-12.5,TP_FIRST,9.240903528696505,-6.520448068390417,-15.761351597086922,40,1,1,0,0,0,-12.715230910264852
PRIMARY,175,300014.SZ,2023-02-20,-12.5,TP_FIRST,-28.568832058383776,-5.535481611254121,23.033350447129656,45,1,1,0,0,1,-44.47756749417103
PRIMARY,176,300059.SZ,2023-10-23,-12.5,TP_FIRST,6.795375111896212,6.795375111896212,0.0,9,0,0,0,0,0,-0.4417866895821354
PRIMARY,177,603019.SH,2023-08-09,-12.5,TP_FIRST,2.102020516340531,-6.931440261430794,-9.033460777771325,48,1,1,0,0,1,-18.940916927699114
PRIMARY,178,300274.SZ,2023-08-21,-12.5,TP_FIRST,2.059040269174881,-5.9905223696149505,-8.049562638789832,40,1,1,0,0,1,-23.84860922169848
PRIMARY,179,300308.SZ,2023-07-20,-12.5,TP_FIRST,-5.693477162892338,-4.865546199611108,0.8279309632812302,43,1,1,0,0,1,-34.647305581306
PRIMARY,180,000977.SZ,2023-08-18,-12.5,TP_FIRST,7.706372017077919,-6.137472048024835,-13.843844065102754,41,1,1,0,0,1,-32.22636562323018
PRIMARY,181,601012.SH,2023-08-21,-12.5,TP_FIRST,-11.755699669774852,-3.6015168065630867,8.154182863211766,48,1,1,0,0,1,-26.371969728680746
PRIMARY,182,600519.SH,2023-10-13,-12.5,TP_FIRST,1.893988027016628,1.893988027016628,0.0,54,0,0,0,0,0,-7.786761434433009
PRIMARY,183,600009.SH,2023-08-21,-12.5,TP_FIRST,-11.699228208217027,-5.936968526628256,5.762259681588771,39,1,1,0,0,1,-24.842656679790675
PRIMARY,184,601318.SH,2023-11-09,-12.5,TP_FIRST,-2.3138721028580727,-2.3138721028580727,0.0,53,0,0,0,0,0,-12.395299497973422
PRIMARY,185,000651.SZ,2023-12-20,-12.5,TP_FIRST,12.104633410839133,12.104633410839133,0.0,26,0,0,0,0,0,-0.22839068988121936
PRIMARY,186,601138.SH,2023-10-24,-12.5,TP_FIRST,11.050900506142318,11.050900506142318,0.0,73,0,0,0,0,0,-8.702006282856667
PRIMARY,187,000858.SZ,2023-12-13,-12.5,TP_FIRST,2.808164916171326,2.808164916171326,0.0,37,0,0,0,0,0,-9.305511112151732
PRIMARY,188,600519.SH,2024-01-17,-12.5,TP_FIRST,5.907729356690894,5.907729356690894,0.0,13,0,0,0,0,0,-1.2708988071569394
PRIMARY,189,300750.SZ,2023-09-08,-12.5,TP_FIRST,-18.00484444688593,-5.733872895602583,12.270971551283345,51,1,1,0,0,1,-37.07504075265946
PRIMARY,190,002230.SZ,2024-01-03,-12.5,TP_FIRST,3.585730933845497,-10.35591591407169,-13.941646847917188,20,1,1,0,0,0,-13.110142123274604
PRIMARY,191,300418.SZ,2024-01-31,-12.5,TP_FIRST,39.428041617887864,39.428041617887864,0.0,6,0,0,0,0,0,-9.269811195543308
PRIMARY,192,000568.SZ,2023-12-11,-12.5,TP_FIRST,1.1120117479146117,-4.753699533284165,-5.865711281198777,39,1,1,0,0,1,-22.710877834749677
PRIMARY,193,300059.SZ,2023-12-27,-12.5,TP_FIRST,5.900250298765934,5.900250298765934,0.0,32,0,0,0,0,0,-11.47429406768471
PRIMARY,194,000063.SZ,2023-07-20,-12.5,TP_FIRST,-20.144973123840867,-5.486158220057914,14.658814903782954,63,1,1,0,0,1,-49.074840753076984
PRIMARY,195,000628.SZ,2023-12-14,-12.5,TP_FIRST,44.67924500816973,-2.086059483942194,-46.76530449211192,37,1,1,0,0,1,-39.992579634592374
PRIMARY,196,000625.SZ,2024-01-04,-12.5,TP_FIRST,12.686864654118965,-5.779889923695918,-18.466754577814882,22,1,1,0,0,1,-24.25874529738413
PRIMARY,197,301236.SZ,2024-01-22,-12.5,TP_FIRST,15.202767971466354,-12.676637576306089,-27.879405547772443,6,1,1,0,0,0,-20.518249818689295
PRIMARY,198,002555.SZ,2023-12-25,-12.5,TP_FIRST,17.471539089853273,-3.7954492056034197,-21.26698829545669,30,1,1,0,0,1,-18.06601865960579
PRIMARY,199,000661.SZ,2024-01-12,-12.5,TP_FIRST,5.324721980411358,-12.278530808100676,-17.603252788512034,14,1,1,0,0,0,-15.088906432452676
PRIMARY,200,300033.SZ,2024-01-16,-12.5,TP_FIRST,11.478914185701258,-10.21717750804281,-21.69609169374407,12,1,1,0,0,0,-19.68785420497784
PRIMARY,201,002456.SZ,2023-12-14,-12.5,TP_FIRST,9.13490121758614,-3.7983569202340703,-12.93325813782021,34,1,1,0,0,1,-32.75517367129328
PRIMARY,202,603259.SH,2024-01-30,-12.5,TP_FIRST,16.5357317467109,-6.602634043081164,-23.138365789792065,5,1,1,0,0,1,-19.366346576745652
PRIMARY,203,002594.SZ,2023-08-14,-12.5,TP_FIRST,-16.277210987224258,-11.695366814494431,4.581844172729827,68,1,1,0,0,1,-33.85103047938111
PRIMARY,204,601012.SH,2024-01-29,-12.5,TP_FIRST,15.268422377533785,-8.598750071402902,-23.867172448936685,5,1,1,0,0,0,-13.258914832233726
PRIMARY,205,002475.SZ,2024-01-17,-12.5,TP_FIRST,7.219372761109448,7.219372761109448,0.0,37,0,0,0,0,0,-11.861191429965057
PRIMARY,206,601318.SH,2024-03-22,-12.5,TP_FIRST,8.104543046068015,8.104543046068015,0.0,23,0,0,0,0,0,-6.965721129438385
PRIMARY,207,600519.SH,2024-04-08,-12.5,TP_FIRST,5.19682233937109,5.19682233937109,0.0,16,0,0,0,0,0,-1.7024675784346077
PRIMARY,208,000977.SZ,2024-04-10,-12.5,TP_FIRST,12.570545419631626,12.570545419631626,0.0,14,0,0,0,0,0,-8.98589486777226
PRIMARY,209,000628.SZ,2024-03-29,-12.5,TP_FIRST,-22.18874094507154,-7.70379974368931,14.484941201382231,7,1,1,0,0,1,-52.38614252495148
PRIMARY,210,002129.SZ,2024-01-30,-12.5,TP_FIRST,-6.5866863796632105,-9.137670420378415,-2.5509840407152042,36,1,1,0,0,1,-23.270953005067007
PRIMARY,211,601138.SH,2024-05-31,-12.5,TP_FIRST,17.235953981802986,17.235953981802986,0.0,8,0,0,0,0,0,-0.1435072194053144
PRIMARY,212,002230.SZ,2024-04-23,-12.5,TP_FIRST,5.3407176576942215,5.3407176576942215,0.0,35,0,0,0,0,0,-3.192044234481095
PRIMARY,213,600919.SH,2024-04-26,-12.5,TP_FIRST,-3.22433989136676,-3.22433989136676,0.0,42,0,0,0,0,0,-6.245585876244874
PRIMARY,214,000977.SZ,2024-05-28,-12.5,TP_FIRST,4.476827597833199,4.476827597833199,0.0,28,0,0,0,0,0,-6.538088943116049
PRIMARY,215,000625.SZ,2024-04-16,-12.5,TP_FIRST,-3.5813249331349106,-5.548914057016622,-1.9675891238817118,35,1,1,0,0,1,-22.439671783461513
PRIMARY,216,000725.SZ,2024-05-28,-12.5,TP_FIRST,4.499483038676097,4.499483038676097,0.0,29,0,0,0,0,0,-5.704054833968886
PRIMARY,217,603019.SH,2024-03-27,-12.5,TP_FIRST,-3.1650656694684725,-6.4420802156219645,-3.277014546153492,38,1,1,0,0,1,-19.720874640088848
PRIMARY,218,000858.SZ,2024-06-11,-12.5,TP_FIRST,-4.863606074584775,-4.863606074584775,0.0,25,0,0,0,0,0,-9.446093150024627
PRIMARY,219,600519.SH,2024-06-11,-12.5,TP_FIRST,0.5216824393800606,0.5216824393800606,0.0,27,0,0,0,0,0,-10.274440490341663
PRIMARY,220,300750.SZ,2024-06-07,-12.5,TP_FIRST,1.3901215027090492,1.3901215027090492,0.0,29,0,0,0,0,0,-9.524339063610821
PRIMARY,221,300059.SZ,2024-06-28,-12.5,TP_FIRST,3.9349979609446946,3.9349979609446946,0.0,22,0,0,0,0,0,-5.914697081934461
PRIMARY,222,601012.SH,2024-06-06,-12.5,TP_FIRST,-12.181185272863992,-11.62688078696081,0.5543044859031827,11,1,1,0,0,0,-25.1188709649811
PRIMARY,223,600519.SH,2024-07-30,-12.5,TP_FIRST,4.979956385509713,4.979956385509713,0.0,22,0,0,0,0,0,-0.09990187614892232
PRIMARY,224,002594.SZ,2024-08-02,-12.5,TP_FIRST,6.379967880191982,6.379967880191982,0.0,19,0,0,0,0,0,-3.2764151461084245
PRIMARY,225,002475.SZ,2024-08-05,-12.5,TP_FIRST,8.544910470004318,8.544910470004318,0.0,18,0,0,0,0,0,-3.167255709326977
PRIMARY,226,002466.SZ,2024-04-25,-12.5,TP_FIRST,-13.212317215788726,-4.951461978317289,8.260855237471437,83,1,1,0,0,1,-36.23508762311697
PRIMARY,227,300502.SZ,2024-07-25,-12.5,TP_FIRST,13.964744747831642,13.964744747831642,0.0,35,0,0,0,0,0,-12.266195988559547
PRIMARY,228,601919.SH,2024-07-08,-12.5,TP_FIRST,1.7285541339282333,-4.905615495912708,-6.634169629840942,46,1,1,0,0,1,-19.814263643782315
PRIMARY,229,000063.SZ,2024-08-22,-12.5,TP_FIRST,3.3955801711335427,3.3955801711335427,0.0,19,0,0,0,0,0,-3.013656189391656
PRIMARY,230,601138.SH,2024-07-18,-12.5,TP_FIRST,-2.550959931032771,-5.775508614031174,-3.2245486829984027,37,1,1,0,0,1,-27.58542866236795
PRIMARY,231,300308.SZ,2024-07-25,-12.5,TP_FIRST,7.199933708510119,-5.983392987205915,-13.183326695716033,28,1,1,0,0,1,-20.412077421209307
PRIMARY,232,601899.SH,2024-07-23,-12.5,TP_FIRST,11.302372099604602,-6.008005072733059,-17.31037717233766,35,1,1,0,0,1,-15.34301819528009
PRIMARY,233,601127.SH,2024-08-28,-12.5,TP_FIRST,11.860904824260553,11.860904824260553,0.0,17,0,0,0,0,0,-0.6937050159442237
PRIMARY,234,600036.SH,2024-09-09,-12.5,TP_FIRST,12.650986424212693,12.650986424212693,0.0,9,0,0,0,0,0,-1.1566935372865572
PRIMARY,235,000858.SZ,2024-08-22,-12.5,TP_FIRST,9.447704740723928,9.447704740723928,0.0,22,0,0,0,0,0,-11.92058204560389
PRIMARY,236,600809.SH,2024-08-28,-12.5,TP_FIRST,10.265232797714383,10.265232797714383,0.0,18,0,0,0,0,0,-9.343746064530556
PRIMARY,237,600519.SH,2024-09-09,-12.5,TP_FIRST,13.065449104192647,13.065449104192647,0.0,10,0,0,0,0,0,-9.155678699288794
PRIMARY,238,600276.SH,2024-09-20,-12.5,TP_FIRST,7.0921102706178285,7.0921102706178285,0.0,3,0,0,0,0,0,-1.5909424566413088
PRIMARY,239,000100.SZ,2024-05-07,-12.5,TP_FIRST,6.430946014868081,-3.448885971470697,-9.879831986338777,94,1,1,0,0,1,-22.85372018914835
PRIMARY,240,688012.SH,2024-08-23,-12.5,TP_FIRST,8.980679975166685,8.980679975166685,0.0,22,0,0,0,0,0,-11.105843309233144
PRIMARY,241,688256.SH,2024-09-05,-12.5,TP_FIRST,22.25002533076108,22.25002533076108,0.0,14,0,0,0,0,0,-3.4709343344747623
PRIMARY,242,600900.SH,2024-09-11,-12.5,TP_FIRST,8.228584541518643,8.228584541518643,0.0,10,0,0,0,0,0,-0.35235825269818166
PRIMARY,243,600150.SH,2024-09-19,-12.5,TP_FIRST,4.47320430931633,4.47320430931633,0.0,58,0,0,0,0,0,-6.4123490487716595
PRIMARY,244,600418.SH,2024-11-27,-12.5,TP_FIRST,19.31501930377224,19.31501930377224,0.0,38,0,0,0,0,0,-4.031151825779977
PRIMARY,245,603019.SH,2025-01-02,-12.5,TP_FIRST,7.198386187683706,7.198386187683706,0.0,17,0,0,0,0,0,-10.82782494103971
PRIMARY,246,600030.SH,2024-12-31,-12.5,TP_FIRST,-0.029241512213777625,-0.029241512213777625,0.0,20,0,0,0,0,0,-9.821028359452445
PRIMARY,247,300059.SZ,2025-01-02,-12.5,TP_FIRST,5.568619214325684,5.568619214325684,0.0,19,0,0,0,0,0,-10.373910853057232
PRIMARY,248,300033.SZ,2025-01-02,-12.5,TP_FIRST,23.218740081380986,23.218740081380986,0.0,19,0,0,0,0,0,-8.449836646713571
PRIMARY,249,300750.SZ,2025-01-07,-12.5,TP_FIRST,8.716235937905914,8.716235937905914,0.0,21,0,0,0,0,0,-2.061431530740332
PRIMARY,250,000858.SZ,2025-01-06,-12.5,TP_FIRST,1.2030252662316376,1.2030252662316376,0.0,23,0,0,0,0,0,-5.193889847781408
PRIMARY,251,688256.SH,2025-01-16,-12.5,TP_FIRST,19.16467811575612,19.16467811575612,0.0,19,0,0,0,0,0,-4.483732441599764
PRIMARY,252,600519.SH,2025-01-03,-12.5,TP_FIRST,4.558943908999476,4.558943908999476,0.0,33,0,0,0,0,0,-3.7431935053504506
PRIMARY,253,688256.SH,2025-03-25,-12.5,TP_FIRST,8.922494348994318,-12.676637576306105,-21.599131925300423,7,1,1,0,0,0,-17.216747908844678
PRIMARY,254,002261.SZ,2025-03-24,-12.5,TP_FIRST,2.6716085217561965,-15.975391202322417,-18.64699972407861,8,1,1,0,0,1,-27.78696429320907
PRIMARY,255,600989.SH,2025-03-28,-12.5,TP_FIRST,6.913448021154776,6.913448021154776,0.0,20,0,0,0,0,0,-8.97260383386529
PRIMARY,256,000063.SZ,2025-03-03,-12.5,TP_FIRST,2.6037524048102836,-3.229380975232924,-5.833133380043208,26,1,1,0,0,1,-20.196827200957447
PRIMARY,257,600050.SH,2025-03-19,-12.5,TP_FIRST,-4.102896566069308,-12.676637576306101,-8.573741010236793,11,1,1,0,0,0,-12.91204099525517
PRIMARY,258,300846.SZ,2025-03-25,-12.5,TP_FIRST,-3.7770156011244347,-6.475697398454337,-2.6986817973299027,9,1,1,0,0,1,-31.401379445935305
PRIMARY,259,300059.SZ,2025-04-01,-12.5,TP_FIRST,5.1627907747067665,-7.053181910869162,-12.215972685575927,4,1,1,0,0,0,-18.189916816625797
PRIMARY,260,002475.SZ,2025-04-02,-12.5,TP_FIRST,3.6625597634810965,-4.408565470368695,-8.071125233849791,4,1,1,0,0,1,-27.255123038788852
PRIMARY,261,300308.SZ,2025-01-10,-12.5,TP_FIRST,0.7734206644023827,-2.0362495800948106,-2.8096702444971933,56,1,1,0,0,1,-39.080885586063495
PRIMARY,262,300502.SZ,2025-02-28,-12.5,TP_FIRST,28.725713357688992,-0.4122799177202055,-29.137993275409197,27,1,1,0,0,1,-31.75728487388515
PRIMARY,263,300750.SZ,2025-04-01,-12.5,TP_FIRST,7.81936272756536,-4.251090738113151,-12.070453465678511,5,1,1,0,0,1,-16.506355111574443
PRIMARY,264,601318.SH,2025-04-07,-12.5,TP_FIRST,6.926822925723594,6.926822925723594,0.0,19,0,0,0,0,0,-1.0258567917744377
PRIMARY,265,600036.SH,2025-04-07,-12.5,TP_FIRST,5.565919809741665,5.565919809741665,0.0,19,0,0,0,0,0,-1.275773669536573
PRIMARY,266,002594.SZ,2025-04-08,-12.5,TP_FIRST,17.218917139643203,17.218917139643203,0.0,21,0,0,0,0,0,-2.0179308927128603
PRIMARY,267,601658.SH,2025-03-28,-12.5,TP_FIRST,3.737034722718007,3.737034722718007,0.0,28,0,0,0,0,0,-5.998762052795592
PRIMARY,268,600309.SH,2025-04-15,-12.5,TP_FIRST,2.8522101436284233,2.8522101436284233,0.0,18,0,0,0,0,0,-4.325283052386664
PRIMARY,269,601899.SH,2025-04-07,-12.5,TP_FIRST,18.75276321406046,18.75276321406046,0.0,28,0,0,0,0,0,-2.3499050474409477
PRIMARY,270,603259.SH,2025-04-08,-12.5,TP_FIRST,27.365745385479556,27.365745385479556,0.0,29,0,0,0,0,0,-2.7478554733693317
PRIMARY,271,688981.SH,2025-04-01,-12.5,TP_FIRST,-0.3367121465143475,-0.3367121465143475,0.0,53,0,0,0,0,0,-10.022828466095346
PRIMARY,272,688256.SH,2025-05-27,-12.5,TP_FIRST,2.4520211429184493,2.4520211429184493,0.0,20,0,0,0,0,0,-9.161551567123071
PRIMARY,273,000858.SZ,2025-06-13,-12.5,TP_FIRST,2.9441509741563254,2.9441509741563254,0.0,17,0,0,0,0,0,-0.8036010497183277
PRIMARY,274,600519.SH,2025-06-13,-12.5,TP_FIRST,1.571155348492451,1.571155348492451,0.0,18,0,0,0,0,0,-0.18545542382252256
PRIMARY,275,300308.SZ,2025-10-14,-12.5,TP_FIRST,37.312191378736536,37.312191378736536,0.0,7,0,0,0,0,0,-2.4164241555545862
PRIMARY,276,002460.SZ,2025-11-24,-12.5,TP_FIRST,9.614217661278927,9.614217661278927,0.0,19,0,0,0,0,0,-1.7925475782034406
PRIMARY,277,601138.SH,2025-11-24,-12.5,TP_FIRST,19.316165850131622,19.316165850131622,0.0,22,0,0,0,0,0,-2.475096837577462
PRIMARY,278,300502.SZ,2026-01-12,-12.5,TP_FIRST,18.325572753597463,18.325572753597463,0.0,14,0,0,0,0,0,-2.8874334496876597
PRIMARY,279,300750.SZ,2025-11-21,-12.5,TP_FIRST,1.7797735978262685,1.7797735978262685,0.0,52,0,0,0,0,0,-11.001248680259001
PRIMARY,280,300274.SZ,2025-12-16,-12.5,TP_FIRST,-0.04130443998742119,-10.936053741153003,-10.894749301165582,35,1,1,0,0,0,-13.261308807790783
PRIMARY,281,300308.SZ,2026-02-06,-12.5,TP_FIRST,3.437565472561077,3.437565472561077,0.0,21,0,0,0,0,0,-9.894027541086349
PRIMARY,282,002475.SZ,2026-01-08,-12.5,TP_FIRST,1.540552873571203,-7.597912800087515,-9.138465673658718,34,1,1,0,0,1,-18.823201056328863
PRIMARY,283,601138.SH,2026-01-29,-12.5,TP_FIRST,3.823418044659373,-7.566304822534106,-11.389722867193479,32,1,1,0,0,1,-17.012814423960076
PRIMARY,284,688256.SH,2026-02-03,-12.5,TP_FIRST,12.397855616133041,12.397855616133041,0.0,38,0,0,0,0,0,-12.087912087912079
PRIMARY,285,601899.SH,2026-03-16,-12.5,TP_FIRST,9.119263883295172,-7.569440659012379,-16.68870454230755,6,1,1,0,0,1,-14.280941525906998
PRIMARY,286,603986.SH,2026-03-31,-12.5,TP_FIRST,19.7457903723054,19.7457903723054,0.0,13,0,0,0,0,0,-2.865134133444669
PRIMARY,287,300059.SZ,2026-03-20,-12.5,TP_FIRST,8.424165896338625,8.424165896338625,0.0,31,0,0,0,0,0,-7.322200643291355
PRIMARY,288,300274.SZ,2026-04-01,-12.5,TP_FIRST,13.077001683310016,13.077001683310016,0.0,23,0,0,0,0,0,-7.472322364359973
PRIMARY,289,300274.SZ,2026-07-01,-12.5,TP_FIRST,-8.358514552822074,-9.491001535682809,-1.1324869828607351,5,1,1,0,0,0,-26.27934444027391
PRIMARY,290,600487.SH,2026-07-06,-12.5,TP_FIRST,-17.707576907721744,-9.08322177008533,8.624355137636414,3,1,1,0,0,0,-46.153139444336865
PRIMARY,291,688525.SH,2026-07-15,-12.5,TP_FIRST,-19.368418251981645,-10.38643913010755,8.981979121874094,3,1,1,0,0,1,-34.73193473193472
PRIMARY,292,688008.SH,2026-07-16,-12.5,TP_FIRST,-3.6609369962131426,-3.6609369962131426,0.0,27,0,0,0,0,0,-12.165294341773524
PRIMARY,293,688256.SH,2026-07-16,-12.5,TP_FIRST,-7.309240157764709,-2.960130668055558,4.349109489709151,27,1,1,1,0,1,-25.153710642669623
PRIMARY,294,300308.SZ,2026-07-17,-12.5,TP_FIRST,-11.744158826402947,-6.437784123922485,5.306374702480461,10,1,1,0,0,1,-22.96628924619374
PRIMARY,295,600584.SH,2026-07-20,-12.5,TP_FIRST,-3.746170199653699,-12.67663757630611,-8.93046737665241,7,1,1,0,0,0,-20.75720869405966
PRIMARY,296,300502.SZ,2026-07-28,-12.5,TP_FIRST,-3.1289001702402826,-13.828052103743616,-10.699151933503334,3,1,1,0,0,0,-14.854383942881455
PRIMARY,297,002384.SZ,2026-07-29,-12.5,TP_FIRST,6.860142611567042,6.860142611567042,0.0,18,0,0,0,0,0,-9.217430672804971
PRIMARY,298,002475.SZ,2026-08-03,-12.5,TP_FIRST,1.2862198685484683,1.2862198685484683,0.0,15,0,0,0,0,0,-4.021902045888859
PRIMARY,299,600276.SH,2026-08-20,-12.5,TP_FIRST,-2.438053366642191,-2.438053366642191,0.0,2,0,0,0,0,0,-4.81585777507767
PRIMARY,1,000651.SZ,2020-03-19,-15.0,STOP_FIRST,8.76502998612771,8.76502998612771,0.0,15,0,0,0,0,0,-3.253806511060575
PRIMARY,2,600030.SH,2020-03-16,-15.0,STOP_FIRST,1.2152522266729697,1.2152522266729697,0.0,19,0,0,0,0,0,-7.086832162571954
PRIMARY,3,300750.SZ,2020-02-28,-15.0,STOP_FIRST,-1.0193924653390611,-9.942913648225634,-8.923521182886573,12,1,1,0,0,0,-24.419958905481774
PRIMARY,4,601318.SH,2020-02-28,-15.0,STOP_FIRST,-1.3453625770562572,-8.615455119125967,-7.27009254206971,14,1,1,0,0,0,-15.814522556095568
PRIMARY,5,600036.SH,2020-03-19,-15.0,STOP_FIRST,10.683448687695108,10.683448687695108,0.0,25,0,0,0,0,0,-0.09990265754196148
PRIMARY,6,002475.SZ,2020-03-17,-15.0,STOP_FIRST,14.92275528149982,14.92275528149982,0.0,28,0,0,0,0,0,-11.112505536775796
PRIMARY,7,000858.SZ,2020-03-17,-15.0,STOP_FIRST,26.82736619482785,26.82736619482785,0.0,28,0,0,0,0,0,-12.958069092199342
PRIMARY,8,000063.SZ,2020-03-17,-15.0,STOP_FIRST,3.2396956676295363,3.2396956676295363,0.0,32,0,0,0,0,0,-10.59060271470772
PRIMARY,9,000725.SZ,2020-03-16,-15.0,STOP_FIRST,4.611959703094805,-6.9954937757310915,-11.607453478825896,31,1,1,0,0,1,-20.127607365604128
PRIMARY,10,002506.SZ,2020-03-26,-15.0,STOP_FIRST,-6.524016348081019,-8.066735621466995,-1.542719273385976,23,1,1,0,0,1,-31.211643047504246
PRIMARY,11,600519.SH,2020-03-18,-15.0,STOP_FIRST,39.54846152311298,39.54846152311298,0.0,48,0,0,0,0,0,-3.505987509815356
PRIMARY,12,000002.SZ,2020-03-18,-15.0,STOP_FIRST,4.681297620587952,4.681297620587952,0.0,49,0,0,0,0,0,-6.372695888701285
PRIMARY,13,002714.SZ,2020-05-11,-15.0,STOP_FIRST,-37.346517858183255,-39.08929023133747,-1.7427723731542173,17,1,1,0,0,1,-43.62347582705105
PRIMARY,14,000063.SZ,2020-05-25,-15.0,STOP_FIRST,8.355437860095789,8.355437860095789,0.0,17,0,0,0,0,0,-5.214052830367422
PRIMARY,15,002415.SZ,2020-05-25,-15.0,STOP_FIRST,7.15509150196319,7.15509150196319,0.0,17,0,0,0,0,0,-2.5965128554330974
PRIMARY,16,600703.SH,2020-06-15,-15.0,STOP_FIRST,15.534542524394753,15.534542524394753,0.0,12,0,0,0,0,0,-1.7232235549681896
PRIMARY,17,600030.SH,2020-09-07,-15.0,STOP_FIRST,3.3416942678344705,3.3416942678344705,0.0,18,0,0,0,0,0,-2.3347247522243597
PRIMARY,18,300059.SZ,2020-09-09,-15.0,STOP_FIRST,4.052671012057143,4.052671012057143,0.0,16,0,0,0,0,0,-5.835594827212354
PRIMARY,19,600276.SH,2020-09-17,-15.0,STOP_FIRST,7.964121567403469,7.964121567403469,0.0,10,0,0,0,0,0,-0.30802389658590723
PRIMARY,20,000063.SZ,2020-09-10,-15.0,STOP_FIRST,8.16654508112372,8.16654508112372,0.0,16,0,0,0,0,0,-2.1893558485753473
PRIMARY,21,000651.SZ,2020-09-28,-15.0,STOP_FIRST,7.18749636223901,7.18749636223901,0.0,5,0,0,0,0,0,-0.7920940870049797
PRIMARY,22,600036.SH,2020-09-30,-15.0,STOP_FIRST,8.189846606772502,8.189846606772502,0.0,5,0,0,0,0,0,-0.8409143929827279
PRIMARY,23,002456.SZ,2020-09-01,-15.0,STOP_FIRST,0.3287151054327302,-9.938675215657671,-10.267390321090401,7,1,1,0,0,1,-16.877466166367018
PRIMARY,24,300136.SZ,2020-10-12,-15.0,STOP_FIRST,3.7523403888601528,3.7523403888601528,0.0,19,0,0,0,0,0,-11.264076050883421
PRIMARY,25,600030.SH,2020-10-26,-15.0,STOP_FIRST,5.218510332201447,5.218510332201447,0.0,19,0,0,0,0,0,-4.85376403171518
PRIMARY,26,000661.SZ,2020-09-16,-15.0,STOP_FIRST,10.365131138225253,10.365131138225253,0.0,47,0,0,0,0,0,-10.396266523703268
PRIMARY,27,600745.SH,2020-09-08,-15.0,STOP_FIRST,1.4169185149017833,-8.670819892761699,-10.087738407663483,25,1,1,0,0,1,-24.96934183424869
PRIMARY,28,601012.SH,2020-11-13,-15.0,STOP_FIRST,11.570904483395198,11.570904483395198,0.0,17,0,0,0,0,0,-7.125413198287678
PRIMARY,29,300122.SZ,2020-11-11,-15.0,STOP_FIRST,21.594186068179752,21.594186068179752,0.0,27,0,0,0,0,0,-14.25593292277403
PRIMARY,30,002475.SZ,2020-11-16,-15.0,STOP_FIRST,4.922943424348968,4.922943424348968,0.0,26,0,0,0,0,0,-6.247600021016375
PRIMARY,31,002241.SZ,2020-11-16,-15.0,STOP_FIRST,2.7641560070263713,2.7641560070263713,0.0,28,0,0,0,0,0,-8.190219287755895
PRIMARY,32,000651.SZ,2020-12-09,-15.0,STOP_FIRST,4.778058019478602,4.778058019478602,0.0,17,0,0,0,0,0,-6.9491076663235285
PRIMARY,33,688981.SH,2020-12-16,-15.0,STOP_FIRST,16.521188858697652,16.521188858697652,0.0,16,0,0,0,0,0,-4.393704306917501
PRIMARY,34,601318.SH,2021-01-28,-15.0,STOP_FIRST,9.42474089385644,9.42474089385644,0.0,14,0,0,0,0,0,-7.015107202120719
PRIMARY,35,300059.SZ,2021-02-22,-15.0,STOP_FIRST,-9.75617275607125,-10.958199334702066,-1.2020265786308162,10,1,1,0,0,0,-21.294436987155805
PRIMARY,36,000333.SZ,2021-02-22,-15.0,STOP_FIRST,1.124921971714471,1.124921971714471,0.0,28,0,0,0,0,0,-11.037863818654303
PRIMARY,37,000858.SZ,2021-03-08,-15.0,STOP_FIRST,16.23467230378328,16.23467230378328,0.0,18,0,0,0,0,0,-5.053624061888506
PRIMARY,38,600030.SH,2021-03-01,-15.0,STOP_FIRST,-1.7719464410848904,-1.7719464410848904,0.0,24,0,0,0,0,0,-9.731175855642116
PRIMARY,39,601012.SH,2021-03-04,-15.0,STOP_FIRST,2.8151228530517156,-12.324005767498775,-15.13912862055049,7,1,1,0,0,0,-20.33269501471261
PRIMARY,40,002241.SZ,2021-01-29,-15.0,STOP_FIRST,-2.3809753380773024,-6.936187596613029,-4.555212258535726,27,1,1,0,0,1,-24.32266643437805
PRIMARY,41,300750.SZ,2021-01-29,-15.0,STOP_FIRST,2.6778263400166544,-11.196275548360868,-13.874101888377522,21,1,1,0,0,1,-20.744980856829066
PRIMARY,42,002475.SZ,2021-01-28,-15.0,STOP_FIRST,-17.795635461958412,-7.001679103581883,10.79395635837653,28,1,1,0,0,1,-38.05999710973133
PRIMARY,43,600438.SH,2021-03-05,-15.0,STOP_FIRST,-2.082117681436346,-9.969679408017793,-7.887561726581447,5,1,1,0,0,0,-21.900640918932147
PRIMARY,44,300014.SZ,2021-03-23,-15.0,STOP_FIRST,20.343646524893185,20.343646524893185,0.0,18,0,0,0,0,0,-1.1328405715407053
PRIMARY,45,601899.SH,2021-03-24,-15.0,STOP_FIRST,13.67315267261283,13.67315267261283,0.0,17,0,0,0,0,0,-0.5227592786883895
PRIMARY,46,601166.SH,2021-04-15,-15.0,STOP_FIRST,10.16039399503804,10.16039399503804,0.0,15,0,0,0,0,0,-2.3887839446735004
PRIMARY,47,600276.SH,2021-04-15,-15.0,STOP_FIRST,2.9762113310555116,2.9762113310555116,0.0,18,0,0,0,0,0,-5.364820806114978
PRIMARY,48,002352.SZ,2021-04-12,-15.0,STOP_FIRST,1.806031845385725,1.806031845385725,0.0,22,0,0,0,0,0,-8.258407334556994
PRIMARY,49,600519.SH,2021-05-06,-15.0,STOP_FIRST,12.309433820124724,12.309433820124724,0.0,12,0,0,0,0,0,-5.132526010090399
PRIMARY,50,600031.SH,2021-03-09,-15.0,STOP_FIRST,2.027751640672817,-2.7903709327167325,-4.81812257338955,44,1,1,0,0,1,-27.978387085265844
PRIMARY,51,600009.SH,2021-02-03,-15.0,STOP_FIRST,-1.1354409255495685,-8.949099997787147,-7.813659072237579,58,1,1,0,0,1,-22.985275095121573
PRIMARY,52,002594.SZ,2021-02-24,-15.0,STOP_FIRST,16.160298578230066,-7.734650367014534,-23.8949489452446,49,1,1,0,0,1,-34.73181070183321
PRIMARY,53,002340.SZ,2021-06-07,-15.0,STOP_FIRST,5.290865136021748,5.290865136021748,0.0,19,0,0,0,0,0,-11.268220523967209
PRIMARY,54,000661.SZ,2021-05-24,-15.0,STOP_FIRST,3.543179209088439,-9.64152319073035,-13.18470239981879,30,1,1,0,0,1,-16.869230019043936
PRIMARY,55,002594.SZ,2021-07-16,-15.0,STOP_FIRST,25.77910857036041,25.77910857036041,0.0,10,0,0,0,0,0,-2.6882194842621776
PRIMARY,56,600031.SH,2021-06-11,-15.0,STOP_FIRST,4.433342850860986,-10.317788506081042,-14.751131356942029,24,1,1,0,0,0,-15.123799665013548
PRIMARY,57,002241.SZ,2021-07-22,-15.0,STOP_FIRST,10.273218124699701,10.273218124699701,0.0,9,0,0,0,0,0,-7.886693775763421
PRIMARY,58,600036.SH,2021-07-08,-15.0,STOP_FIRST,8.736132867824947,8.736132867824947,0.0,28,0,0,0,0,0,-10.298243793004092
PRIMARY,59,300782.SZ,2021-07-13,-15.0,STOP_FIRST,4.700284102162052,4.700284102162052,0.0,29,0,0,0,0,0,-10.944165622271129
PRIMARY,60,601919.SH,2021-07-23,-15.0,STOP_FIRST,21.9399821535198,21.9399821535198,0.0,25,0,0,0,0,0,-13.003666576368966
PRIMARY,61,002460.SZ,2021-08-16,-15.0,STOP_FIRST,24.025427124052413,24.025427124052413,0.0,9,0,0,0,0,0,-2.17885582383488
PRIMARY,62,300750.SZ,2021-07-27,-15.0,STOP_FIRST,8.626053858905106,8.626053858905106,0.0,34,0,0,0,0,0,-5.360767280539502
PRIMARY,63,300760.SZ,2021-08-20,-15.0,STOP_FIRST,25.243095200327115,25.243095200327115,0.0,19,0,0,0,0,0,-1.3648131532456809
PRIMARY,64,600519.SH,2021-07-26,-15.0,STOP_FIRST,2.091334708861519,-8.367978354878332,-10.45931306373985,20,1,1,0,0,0,-15.47553943560599
PRIMARY,65,002714.SZ,2021-05-24,-15.0,STOP_FIRST,-18.715268930191936,-6.419125730570796,12.29614319962114,42,1,1,0,0,1,-56.67478900029019
PRIMARY,66,000858.SZ,2021-07-08,-15.0,STOP_FIRST,-7.6342909419297795,-4.645352475998579,2.9889384659312004,32,1,1,0,0,1,-28.655500122152368
PRIMARY,67,002594.SZ,2021-09-29,-15.0,STOP_FIRST,17.089129638620165,17.089129638620165,0.0,6,0,0,0,0,0,-0.5192972651856032
PRIMARY,68,601318.SH,2021-03-18,-15.0,STOP_FIRST,-28.116081051784203,-8.264108375592158,19.851972676192045,59,1,1,0,0,1,-41.80696245003698
PRIMARY,69,000651.SZ,2021-05-25,-15.0,STOP_FIRST,-19.03127753582529,-6.253210966579145,12.778066569246144,63,1,1,0,0,1,-33.090168102543274
PRIMARY,70,000333.SZ,2021-07-05,-15.0,STOP_FIRST,11.175030722164129,11.175030722164129,0.0,71,0,0,0,0,0,-9.770984837876318
PRIMARY,71,600111.SH,2021-09-29,-15.0,STOP_FIRST,22.277893313169177,22.277893313169177,0.0,12,0,0,0,0,0,-3.6351512387024387
PRIMARY,72,600089.SH,2021-10-08,-15.0,STOP_FIRST,21.757208672823793,21.757208672823793,0.0,12,0,0,0,0,0,-5.355399017850127
PRIMARY,73,002466.SZ,2021-09-22,-15.0,STOP_FIRST,5.276533723848393,-10.326044483198494,-15.602578207046887,4,1,1,0,0,0,-18.18048772561611
PRIMARY,74,000858.SZ,2021-11-01,-15.0,STOP_FIRST,7.772649549904674,7.772649549904674,0.0,16,0,0,0,0,0,-2.695601939103509
PRIMARY,75,603259.SH,2021-11-04,-15.0,STOP_FIRST,10.333997515607747,10.333997515607747,0.0,15,0,0,0,0,0,-4.388640111365582
PRIMARY,76,601919.SH,2021-09-28,-15.0,STOP_FIRST,3.0377221934720415,-5.635197712434225,-8.672919905906266,30,1,1,0,0,1,-19.410201081693145
PRIMARY,77,600030.SH,2021-11-16,-15.0,STOP_FIRST,7.942169042945349,7.942169042945349,0.0,13,0,0,0,0,0,-1.3115665629502171
PRIMARY,78,000651.SZ,2021-10-27,-15.0,STOP_FIRST,3.7666645298140864,3.7666645298140864,0.0,30,0,0,0,0,0,-6.591904190897946
PRIMARY,79,600036.SH,2021-11-26,-15.0,STOP_FIRST,7.780249533285357,7.780249533285357,0.0,8,0,0,0,0,0,-2.0264594890360255
PRIMARY,80,600036.SH,2021-12-29,-15.0,STOP_FIRST,5.516341863497587,5.516341863497587,0.0,14,0,0,0,0,0,-0.892595978810895
PRIMARY,81,002129.SZ,2021-12-01,-15.0,STOP_FIRST,7.212021342950852,7.212021342950852,0.0,38,0,0,0,0,0,-10.209695479014202
PRIMARY,82,600030.SH,2022-01-14,-15.0,STOP_FIRST,1.0102995428563417,1.0102995428563417,0.0,9,0,0,0,0,0,-4.115180796829354
PRIMARY,83,601888.SH,2021-11-02,-15.0,STOP_FIRST,7.8045788936873635,-7.134347083599987,-14.93892597728735,53,1,1,0,0,1,-17.76278012400819
PRIMARY,84,600111.SH,2021-12-24,-15.0,STOP_FIRST,10.927469701064592,-9.055822373919083,-19.983292074983673,25,1,1,0,0,0,-16.158101136300374
PRIMARY,85,000792.SZ,2022-01-20,-15.0,STOP_FIRST,18.801769360068377,18.801769360068377,0.0,13,0,0,0,0,0,-2.101609531796167
PRIMARY,86,002460.SZ,2021-12-20,-15.0,STOP_FIRST,7.327370162653349,7.327370162653349,0.0,36,0,0,0,0,0,-13.694999767838578
PRIMARY,87,002466.SZ,2021-12-20,-15.0,STOP_FIRST,1.837573601773871,-9.708967472625536,-11.546541074399407,22,1,1,0,0,1,-19.98566660073482
PRIMARY,88,000661.SZ,2022-01-24,-15.0,STOP_FIRST,11.89884859958246,11.89884859958246,0.0,17,0,0,0,0,0,-4.775620293737893
PRIMARY,89,601012.SH,2021-12-01,-15.0,STOP_FIRST,6.472325573333965,-8.54192874075959,-15.014254314093554,46,1,1,0,0,1,-23.797689806559163
PRIMARY,90,603259.SH,2021-12-20,-15.0,STOP_FIRST,12.254494786218984,-7.395919718108656,-19.650414504327642,33,1,1,0,0,1,-28.86139126771904
PRIMARY,91,000002.SZ,2022-03-04,-15.0,STOP_FIRST,14.88504791739044,-8.678461323891431,-23.56350924128187,7,1,1,0,0,1,-22.246037106497695
PRIMARY,92,300059.SZ,2022-01-05,-15.0,STOP_FIRST,-5.7513210082683415,-4.865669750912575,0.8856512573557662,44,1,1,0,0,1,-34.89656169461941
PRIMARY,93,600519.SH,2022-01-07,-15.0,STOP_FIRST,0.9984159395398549,-8.925082271284348,-9.923498210824203,43,1,1,0,0,1,-17.458488731459298
PRIMARY,94,601888.SH,2022-03-14,-15.0,STOP_FIRST,7.812849493656972,7.812849493656972,0.0,20,0,0,0,0,0,-8.439813952671848
PRIMARY,95,002594.SZ,2021-12-16,-15.0,STOP_FIRST,-1.5968178542206901,-7.104509939983361,-5.50769208576267,52,1,1,0,0,1,-26.330714118353036
PRIMARY,96,000625.SZ,2021-11-16,-15.0,STOP_FIRST,-22.229994518631575,-5.596780108089962,16.633214410541612,74,1,1,0,0,1,-53.29984290867762
PRIMARY,97,002475.SZ,2022-02-08,-15.0,STOP_FIRST,-17.15409169654668,-5.5257728556840195,11.62831884086266,36,1,1,0,0,1,-40.77681436537638
PRIMARY,98,002466.SZ,2022-04-25,-15.0,STOP_FIRST,41.854779546894,41.854779546894,0.0,8,0,0,0,0,0,-3.4110472521140522
PRIMARY,99,300274.SZ,2021-12-21,-15.0,STOP_FIRST,-25.58857835409347,-3.298894020386213,22.289684333707257,63,1,1,0,0,1,-58.717689038471335
PRIMARY,100,002460.SZ,2022-03-08,-15.0,STOP_FIRST,17.706849570514894,-6.293436650556755,-24.000286221071647,33,1,1,0,0,1,-28.642784574491998
PRIMARY,101,000858.SZ,2022-01-28,-15.0,STOP_FIRST,-8.807756178930596,-6.576704583974174,2.231051594956422,24,1,1,0,0,1,-25.5194802146096
PRIMARY,102,300014.SZ,2022-03-03,-15.0,STOP_FIRST,26.31764601662993,-10.433938289933952,-36.751584306563885,36,1,1,0,0,1,-32.624915571840454
PRIMARY,103,300750.SZ,2021-12-20,-15.0,STOP_FIRST,-14.232912370394569,-6.249506382737327,7.983405987657242,73,1,1,0,0,1,-41.8073675499418
PRIMARY,104,601012.SH,2022-03-29,-15.0,STOP_FIRST,-12.752364240157288,-8.493886137162875,4.258478102994413,18,1,1,0,0,1,-24.82075936524716
PRIMARY,105,002415.SZ,2022-05-06,-15.0,STOP_FIRST,3.5450375895839463,3.5450375895839463,0.0,19,0,0,0,0,0,-8.562023743217374
PRIMARY,106,600276.SH,2022-01-13,-15.0,STOP_FIRST,-29.55698724716474,-10.41648452750967,19.14050271965507,33,1,1,0,0,1,-42.610580908453244
PRIMARY,107,601318.SH,2022-03-15,-15.0,STOP_FIRST,-0.3864474449981416,-0.3864474449981416,0.0,55,0,0,0,0,0,-2.315282705156485
PRIMARY,108,600036.SH,2022-03-07,-15.0,STOP_FIRST,-6.245523329299984,-8.518778430746096,-2.2732551014461118,31,1,1,0,0,0,-24.345417637488787
PRIMARY,109,300122.SZ,2022-04-14,-15.0,STOP_FIRST,-6.645958234266682,-8.006247477832652,-1.36028924356597,28,1,1,0,0,1,-28.79470109263167
PRIMARY,110,002241.SZ,2022-06-23,-15.0,STOP_FIRST,2.8400230023871615,2.8400230023871615,0.0,30,0,0,0,0,0,-5.007927632982501
PRIMARY,111,002466.SZ,2022-08-19,-15.0,STOP_FIRST,13.385590477234006,13.385590477234006,0.0,2,0,0,0,0,0,-2.8634236347626074
PRIMARY,112,600036.SH,2022-07-13,-15.0,STOP_FIRST,-1.5651520516643562,-1.5651520516643562,0.0,34,0,0,0,0,0,-12.409355098525655
PRIMARY,113,601888.SH,2022-08-08,-15.0,STOP_FIRST,7.1858432781792185,7.1858432781792185,0.0,33,0,0,0,0,0,-8.133019118063235
PRIMARY,114,000858.SZ,2022-07-29,-15.0,STOP_FIRST,-2.4673011477159523,-2.4673011477159523,0.0,40,0,0,0,0,0,-12.093504633059515
PRIMARY,115,300274.SZ,2022-08-31,-15.0,STOP_FIRST,13.216110132265186,13.216110132265186,0.0,23,0,0,0,0,0,-6.803285897864219
PRIMARY,116,300760.SZ,2022-09-21,-15.0,STOP_FIRST,26.10435256088347,26.10435256088347,0.0,11,0,0,0,0,0,-2.945982270341807
PRIMARY,117,603259.SH,2022-07-27,-15.0,STOP_FIRST,-6.553924195303395,-8.05487099124435,-1.5009467959409548,35,1,1,0,0,1,-30.331191278374803
PRIMARY,118,601012.SH,2022-08-03,-15.0,STOP_FIRST,-1.5712301907594528,-8.389418347487702,-6.818188156728249,32,1,1,0,0,1,-20.79675190961924
PRIMARY,119,688599.SH,2022-08-19,-15.0,STOP_FIRST,4.900961296612725,4.900961296612725,0.0,42,0,0,0,0,0,-11.786057206268874
PRIMARY,120,002459.SZ,2022-08-19,-15.0,STOP_FIRST,5.627000867343111,5.627000867343111,0.0,42,0,0,0,0,0,-10.712385831051897
PRIMARY,121,601899.SH,2022-09-26,-15.0,STOP_FIRST,6.916188828671841,6.916188828671841,0.0,18,0,0,0,0,0,-3.33920245581949
PRIMARY,122,002460.SZ,2022-08-25,-15.0,STOP_FIRST,2.226213115920718,-9.483295625335348,-11.709508741256066,26,1,1,0,0,0,-16.759572939966095
PRIMARY,123,002271.SZ,2022-08-23,-15.0,STOP_FIRST,-5.965240206705305,-10.17297447472115,-4.2077342680158445,29,1,1,0,0,1,-29.215251654169816
PRIMARY,124,600703.SH,2022-09-20,-15.0,STOP_FIRST,1.4365619204532005,-15.118051687286574,-16.554613607739775,23,1,1,0,0,1,-17.135927537327543
PRIMARY,125,002594.SZ,2022-07-12,-15.0,STOP_FIRST,-2.227087712436274,-8.508706651069597,-6.281618938633322,58,1,1,0,0,1,-23.762322609884045
PRIMARY,126,002466.SZ,2022-09-01,-15.0,STOP_FIRST,0.41755742217796255,-10.908076627317012,-11.325634049494974,29,1,1,0,0,0,-17.18698543788346
PRIMARY,127,002050.SZ,2022-10-11,-15.0,STOP_FIRST,8.648758708124946,8.648758708124946,0.0,17,0,0,0,0,0,-7.919779995223497
PRIMARY,128,603799.SH,2022-09-29,-15.0,STOP_FIRST,1.9036214562895246,-13.453934021282935,-15.35755547757246,15,1,1,0,0,0,-18.54792363873298
PRIMARY,129,600030.SH,2022-09-16,-15.0,STOP_FIRST,3.2914258355483077,3.2914258355483077,0.0,34,0,0,0,0,0,-7.2317278605463
PRIMARY,130,600036.SH,2022-10-10,-15.0,STOP_FIRST,4.74708231806275,-10.169508306669384,-14.916590624732134,13,1,1,0,0,0,-17.352231797581
PRIMARY,131,601166.SH,2022-08-29,-15.0,STOP_FIRST,2.990941980494697,2.990941980494697,0.0,48,0,0,0,0,0,-11.758858159541209
PRIMARY,132,601318.SH,2022-10-24,-15.0,STOP_FIRST,11.54058817209945,11.54058817209945,0.0,14,0,0,0,0,0,-4.56589305883337
PRIMARY,133,000651.SZ,2022-10-31,-15.0,STOP_FIRST,11.08646263720554,11.08646263720554,0.0,9,0,0,0,0,0,-0.62111668689665
PRIMARY,134,300059.SZ,2022-08-02,-15.0,STOP_FIRST,1.3148602142200303,-6.133441831749132,-7.448302045969163,55,1,1,0,0,1,-28.41433393805436
PRIMARY,135,000625.SZ,2022-08-24,-15.0,STOP_FIRST,2.31475867645841,-4.813208117826708,-7.127966794285118,42,1,1,0,0,1,-27.190338345372766
PRIMARY,136,000858.SZ,2022-10-24,-15.0,STOP_FIRST,13.014502136358589,13.014502136358589,0.0,26,0,0,0,0,0,-6.076160549181053
PRIMARY,137,600519.SH,2022-09-05,-15.0,STOP_FIRST,-5.861614932184937,-11.440955662157053,-5.579340729972117,28,1,1,0,0,0,-27.44375317821398
PRIMARY,138,000568.SZ,2022-10-10,-15.0,STOP_FIRST,5.894426001503926,-6.568878718925478,-12.463304720429404,14,1,1,0,0,1,-26.23829865914583
PRIMARY,139,600887.SH,2022-10-20,-15.0,STOP_FIRST,6.706648715667189,-9.6988712765375,-16.405519992204688,8,1,1,0,0,1,-18.517421916247343
PRIMARY,140,002714.SZ,2022-10-26,-15.0,STOP_FIRST,5.23244617556544,5.23244617556544,0.0,28,0,0,0,0,0,-8.911088606217998
PRIMARY,141,300750.SZ,2022-09-01,-15.0,STOP_FIRST,-1.3981718838619202,-5.760473248874,-4.36230136501208,36,1,1,0,0,1,-24.986572858520837
PRIMARY,142,002371.SZ,2022-10-12,-15.0,STOP_FIRST,10.597667780822029,10.597667780822029,0.0,44,0,0,0,0,0,-5.446303292394417
PRIMARY,143,603259.SH,2022-11-28,-15.0,STOP_FIRST,6.738265986701266,6.738265986701266,0.0,22,0,0,0,0,0,-2.1226976811561937
PRIMARY,144,600522.SH,2022-11-01,-15.0,STOP_FIRST,-5.676303523410963,-10.697449176321005,-5.021145652910041,20,1,1,0,0,1,-30.66339374603776
PRIMARY,145,300274.SZ,2022-12-06,-15.0,STOP_FIRST,12.35423017458993,12.35423017458993,0.0,18,0,0,0,0,0,-12.997661644686353
PRIMARY,146,002241.SZ,2022-11-11,-15.0,STOP_FIRST,8.552942953591648,8.552942953591648,0.0,37,0,0,0,0,0,-2.0552360649699564
PRIMARY,147,002812.SZ,2022-11-23,-15.0,STOP_FIRST,12.272962184274384,12.272962184274384,0.0,30,0,0,0,0,0,-7.454367889448843
PRIMARY,148,601012.SH,2022-12-22,-15.0,STOP_FIRST,11.348570853081775,11.348570853081775,0.0,17,0,0,0,0,0,-1.83945407826005
PRIMARY,149,000625.SZ,2022-12-28,-15.0,STOP_FIRST,15.403895272762636,15.403895272762636,0.0,16,0,0,0,0,0,-2.461030882431914
PRIMARY,150,002709.SZ,2022-12-30,-15.0,STOP_FIRST,15.538268097973235,15.538268097973235,0.0,14,0,0,0,0,0,-2.7348780509869663
PRIMARY,151,300014.SZ,2023-01-11,-15.0,STOP_FIRST,6.981985480381129,6.981985480381129,0.0,9,0,0,0,0,0,-4.915491114570337
PRIMARY,152,300750.SZ,2023-02-17,-15.0,STOP_FIRST,3.6254689430868456,3.6254689430868456,0.0,29,0,0,0,0,0,-11.62683470375777
PRIMARY,153,600519.SH,2023-03-08,-15.0,STOP_FIRST,3.358107895598216,3.358107895598216,0.0,16,0,0,0,0,0,-2.5877984739737014
PRIMARY,154,300059.SZ,2023-03-07,-15.0,STOP_FIRST,6.704927557794763,6.704927557794763,0.0,18,0,0,0,0,0,-6.726693190328403
PRIMARY,155,300274.SZ,2023-03-14,-15.0,STOP_FIRST,3.872684453553771,3.872684453553771,0.0,23,0,0,0,0,0,-11.398858058207795
PRIMARY,156,002594.SZ,2023-03-10,-15.0,STOP_FIRST,7.839512102970262,7.839512102970262,0.0,33,0,0,0,0,0,-3.6913778017047982
PRIMARY,157,000858.SZ,2023-04-10,-15.0,STOP_FIRST,-2.6488868636941545,-2.6488868636941545,0.0,26,0,0,0,0,0,-10.048100566887374
PRIMARY,158,000651.SZ,2023-05-04,-15.0,STOP_FIRST,6.144996620188443,6.144996620188443,0.0,25,0,0,0,0,0,-8.255590958382841
PRIMARY,159,601899.SH,2023-05-12,-15.0,STOP_FIRST,6.727401168026937,6.727401168026937,0.0,19,0,0,0,0,0,-5.558920911138776
PRIMARY,160,600519.SH,2023-04-12,-15.0,STOP_FIRST,6.514893856808776,6.514893856808776,0.0,43,0,0,0,0,0,-4.355999030555235
PRIMARY,161,601012.SH,2023-03-16,-15.0,STOP_FIRST,-17.84953964554572,-8.71627457387073,9.133265071674987,49,1,1,0,0,1,-33.276416390528766
PRIMARY,162,600036.SH,2023-04-27,-15.0,STOP_FIRST,-0.6278320762058595,-0.6278320762058595,0.0,57,0,0,0,0,0,-3.793063901958049
PRIMARY,163,600809.SH,2023-05-22,-15.0,STOP_FIRST,9.67465728119054,-8.5563488373,-18.23100611849054,27,1,1,0,0,1,-16.847859403834985
PRIMARY,164,300059.SZ,2023-05-29,-15.0,STOP_FIRST,3.238668828858134,3.238668828858134,0.0,38,0,0,0,0,0,-4.622126321593722
PRIMARY,165,002415.SZ,2023-06-09,-15.0,STOP_FIRST,9.253968396028046,9.253968396028046,0.0,31,0,0,0,0,0,-3.0509320142771967
PRIMARY,166,300750.SZ,2023-06-07,-15.0,STOP_FIRST,8.015096907867838,8.015096907867838,0.0,35,0,0,0,0,0,-2.799902799902787
PRIMARY,167,688981.SH,2023-05-09,-15.0,STOP_FIRST,-1.9912914951639942,-1.9912914951639942,0.0,57,0,0,0,0,0,-7.822752791213516
PRIMARY,168,600570.SH,2023-07-11,-15.0,STOP_FIRST,12.935015317595871,12.935015317595871,0.0,17,0,0,0,0,0,-3.6163828033945022
PRIMARY,169,300418.SZ,2023-06-26,-15.0,STOP_FIRST,-7.109717403112448,-11.56428177019778,-4.454564367085332,11,1,1,0,0,0,-22.324869570606698
PRIMARY,170,600276.SH,2023-07-31,-15.0,STOP_FIRST,2.244966610480217,-11.02019953745473,-13.265166147934947,14,1,1,0,0,0,-16.355370032537774
PRIMARY,171,002230.SZ,2023-08-16,-15.0,STOP_FIRST,-4.04018826584394,-12.53474182960427,-8.49455356376033,19,1,1,0,0,0,-19.948062722882465
PRIMARY,172,002475.SZ,2023-09-07,-15.0,STOP_FIRST,6.728014277472455,6.728014277472455,0.0,17,0,0,0,0,0,-4.4345508276317
PRIMARY,173,300760.SZ,2023-08-07,-15.0,STOP_FIRST,6.5338873044717865,6.5338873044717865,0.0,53,0,0,0,0,0,-4.449940020156773
PRIMARY,174,000858.SZ,2023-08-18,-15.0,STOP_FIRST,9.240903528696505,9.240903528696505,0.0,46,0,0,0,0,0,-12.715230910264852
PRIMARY,175,300014.SZ,2023-02-20,-15.0,STOP_FIRST,-28.568832058383776,-6.84077307990007,21.728058978483705,45,1,1,0,0,1,-44.47756749417103
PRIMARY,176,300059.SZ,2023-10-23,-15.0,STOP_FIRST,6.795375111896212,6.795375111896212,0.0,9,0,0,0,0,0,-0.4417866895821354
PRIMARY,177,603019.SH,2023-08-09,-15.0,STOP_FIRST,2.102020516340531,-8.83742255555922,-10.93944307189975,48,1,1,0,0,1,-18.940916927699114
PRIMARY,178,300274.SZ,2023-08-21,-15.0,STOP_FIRST,2.059040269174881,-7.250072972697108,-9.309113241871989,40,1,1,0,0,1,-23.84860922169848
PRIMARY,179,300308.SZ,2023-07-20,-15.0,STOP_FIRST,-5.693477162892338,-6.256101287867893,-0.5626241249755548,43,1,1,0,0,1,-34.647305581306
PRIMARY,180,000977.SZ,2023-08-18,-15.0,STOP_FIRST,7.706372017077919,-6.966019501721567,-14.672391518799486,41,1,1,0,0,1,-32.22636562323018
PRIMARY,181,601012.SH,2023-08-21,-15.0,STOP_FIRST,-11.755699669774852,-5.766767184713785,5.988932485061067,48,1,1,0,0,1,-26.371969728680746
PRIMARY,182,600519.SH,2023-10-13,-15.0,STOP_FIRST,1.893988027016628,1.893988027016628,0.0,54,0,0,0,0,0,-7.786761434433009
PRIMARY,183,600009.SH,2023-08-21,-15.0,STOP_FIRST,-11.699228208217027,-7.641567355766727,4.0576608524503,39,1,1,0,0,1,-24.842656679790675
PRIMARY,184,601318.SH,2023-11-09,-15.0,STOP_FIRST,-2.3138721028580727,-2.3138721028580727,0.0,53,0,0,0,0,0,-12.395299497973422
PRIMARY,185,000651.SZ,2023-12-20,-15.0,STOP_FIRST,12.104633410839133,12.104633410839133,0.0,26,0,0,0,0,0,-0.22839068988121936
PRIMARY,186,601138.SH,2023-10-24,-15.0,STOP_FIRST,11.050900506142318,11.050900506142318,0.0,73,0,0,0,0,0,-8.702006282856667
PRIMARY,187,000858.SZ,2023-12-13,-15.0,STOP_FIRST,2.808164916171326,2.808164916171326,0.0,37,0,0,0,0,0,-9.305511112151732
PRIMARY,188,600519.SH,2024-01-17,-15.0,STOP_FIRST,5.907729356690894,5.907729356690894,0.0,13,0,0,0,0,0,-1.2708988071569394
PRIMARY,189,300750.SZ,2023-09-08,-15.0,STOP_FIRST,-18.00484444688593,-7.286022545753608,10.718821901132323,51,1,1,0,0,1,-37.07504075265946
PRIMARY,190,002230.SZ,2024-01-03,-15.0,STOP_FIRST,3.585730933845497,3.585730933845497,0.0,25,0,0,0,0,0,-13.110142123274604
PRIMARY,191,300418.SZ,2024-01-31,-15.0,STOP_FIRST,39.428041617887864,39.428041617887864,0.0,6,0,0,0,0,0,-9.269811195543308
PRIMARY,192,000568.SZ,2023-12-11,-15.0,STOP_FIRST,1.1120117479146117,-6.326962564560162,-7.438974312474774,39,1,1,0,0,1,-22.710877834749677
PRIMARY,193,300059.SZ,2023-12-27,-15.0,STOP_FIRST,5.900250298765934,5.900250298765934,0.0,32,0,0,0,0,0,-11.47429406768471
PRIMARY,194,000063.SZ,2023-07-20,-15.0,STOP_FIRST,-20.144973123840867,-6.520221446084927,13.62475167775594,63,1,1,0,0,1,-49.074840753076984
PRIMARY,195,000628.SZ,2023-12-14,-15.0,STOP_FIRST,44.67924500816973,-2.9164858547928216,-47.595730862962554,37,1,1,0,0,1,-39.992579634592374
PRIMARY,196,000625.SZ,2024-01-04,-15.0,STOP_FIRST,12.686864654118965,-6.609379345243248,-19.29624399936221,22,1,1,0,0,1,-24.25874529738413
PRIMARY,197,301236.SZ,2024-01-22,-15.0,STOP_FIRST,15.202767971466354,-15.171590788411638,-30.374358759877992,8,1,1,0,0,0,-20.518249818689295
PRIMARY,198,002555.SZ,2023-12-25,-15.0,STOP_FIRST,17.471539089853273,-6.544150656871879,-24.01568974672515,30,1,1,0,0,1,-18.06601865960579
PRIMARY,199,000661.SZ,2024-01-12,-15.0,STOP_FIRST,5.324721980411358,-14.784858499297815,-20.109580479709173,15,1,1,0,0,0,-15.088906432452676
PRIMARY,200,300033.SZ,2024-01-16,-15.0,STOP_FIRST,11.478914185701258,-12.782401007813021,-24.261315193514278,12,1,1,0,0,0,-19.68785420497784
PRIMARY,201,002456.SZ,2023-12-14,-15.0,STOP_FIRST,9.13490121758614,-5.394765430243031,-14.52966664782917,34,1,1,0,0,1,-32.75517367129328
PRIMARY,202,603259.SH,2024-01-30,-15.0,STOP_FIRST,16.5357317467109,-8.096511509877566,-24.632243256588467,5,1,1,0,0,1,-19.366346576745652
PRIMARY,203,002594.SZ,2023-08-14,-15.0,STOP_FIRST,-16.277210987224258,-12.880003875462071,3.397207111762187,68,1,1,0,0,0,-33.85103047938111
PRIMARY,204,601012.SH,2024-01-29,-15.0,STOP_FIRST,15.268422377533785,15.268422377533785,0.0,24,0,0,0,0,0,-13.258914832233726
PRIMARY,205,002475.SZ,2024-01-17,-15.0,STOP_FIRST,7.219372761109448,7.219372761109448,0.0,37,0,0,0,0,0,-11.861191429965057
PRIMARY,206,601318.SH,2024-03-22,-15.0,STOP_FIRST,8.104543046068015,8.104543046068015,0.0,23,0,0,0,0,0,-6.965721129438385
PRIMARY,207,600519.SH,2024-04-08,-15.0,STOP_FIRST,5.19682233937109,5.19682233937109,0.0,16,0,0,0,0,0,-1.7024675784346077
PRIMARY,208,000977.SZ,2024-04-10,-15.0,STOP_FIRST,12.570545419631626,12.570545419631626,0.0,14,0,0,0,0,0,-8.98589486777226
PRIMARY,209,000628.SZ,2024-03-29,-15.0,STOP_FIRST,-22.18874094507154,-9.409958033093613,12.778782911977927,7,1,1,0,0,1,-52.38614252495148
PRIMARY,210,002129.SZ,2024-01-30,-15.0,STOP_FIRST,-6.5866863796632105,-11.577701345178326,-4.991014965515116,41,1,1,0,0,0,-23.270953005067007
PRIMARY,211,601138.SH,2024-05-31,-15.0,STOP_FIRST,17.235953981802986,17.235953981802986,0.0,8,0,0,0,0,0,-0.1435072194053144
PRIMARY,212,002230.SZ,2024-04-23,-15.0,STOP_FIRST,5.3407176576942215,5.3407176576942215,0.0,35,0,0,0,0,0,-3.192044234481095
PRIMARY,213,600919.SH,2024-04-26,-15.0,STOP_FIRST,-3.22433989136676,-3.22433989136676,0.0,42,0,0,0,0,0,-6.245585876244874
PRIMARY,214,000977.SZ,2024-05-28,-15.0,STOP_FIRST,4.476827597833199,4.476827597833199,0.0,28,0,0,0,0,0,-6.538088943116049
PRIMARY,215,000625.SZ,2024-04-16,-15.0,STOP_FIRST,-3.5813249331349106,-7.06448482352471,-3.4831598903897993,35,1,1,0,0,1,-22.439671783461513
PRIMARY,216,000725.SZ,2024-05-28,-15.0,STOP_FIRST,4.499483038676097,4.499483038676097,0.0,29,0,0,0,0,0,-5.704054833968886
PRIMARY,217,603019.SH,2024-03-27,-15.0,STOP_FIRST,-3.1650656694684725,-9.11516363803275,-5.950097968564277,39,1,1,0,0,0,-19.720874640088848
PRIMARY,218,000858.SZ,2024-06-11,-15.0,STOP_FIRST,-4.863606074584775,-4.863606074584775,0.0,25,0,0,0,0,0,-9.446093150024627
PRIMARY,219,600519.SH,2024-06-11,-15.0,STOP_FIRST,0.5216824393800606,0.5216824393800606,0.0,27,0,0,0,0,0,-10.274440490341663
PRIMARY,220,300750.SZ,2024-06-07,-15.0,STOP_FIRST,1.3901215027090492,1.3901215027090492,0.0,29,0,0,0,0,0,-9.524339063610821
PRIMARY,221,300059.SZ,2024-06-28,-15.0,STOP_FIRST,3.9349979609446946,3.9349979609446946,0.0,22,0,0,0,0,0,-5.914697081934461
PRIMARY,222,601012.SH,2024-06-06,-15.0,STOP_FIRST,-12.181185272863992,-14.151827050190505,-1.970641777326513,11,1,1,0,0,0,-25.1188709649811
PRIMARY,223,600519.SH,2024-07-30,-15.0,STOP_FIRST,4.979956385509713,4.979956385509713,0.0,22,0,0,0,0,0,-0.09990187614892232
PRIMARY,224,002594.SZ,2024-08-02,-15.0,STOP_FIRST,6.379967880191982,6.379967880191982,0.0,19,0,0,0,0,0,-3.2764151461084245
PRIMARY,225,002475.SZ,2024-08-05,-15.0,STOP_FIRST,8.544910470004318,8.544910470004318,0.0,18,0,0,0,0,0,-3.167255709326977
PRIMARY,226,002466.SZ,2024-04-25,-15.0,STOP_FIRST,-13.212317215788726,-5.973155935255668,7.239161280533058,83,1,1,0,0,1,-36.23508762311697
PRIMARY,227,300502.SZ,2024-07-25,-15.0,STOP_FIRST,13.964744747831642,13.964744747831642,0.0,35,0,0,0,0,0,-12.266195988559547
PRIMARY,228,601919.SH,2024-07-08,-15.0,STOP_FIRST,1.7285541339282333,-6.161221536821402,-7.889775670749636,46,1,1,0,0,1,-19.814263643782315
PRIMARY,229,000063.SZ,2024-08-22,-15.0,STOP_FIRST,3.3955801711335427,3.3955801711335427,0.0,19,0,0,0,0,0,-3.013656189391656
PRIMARY,230,601138.SH,2024-07-18,-15.0,STOP_FIRST,-2.550959931032771,-5.775508614031174,-3.2245486829984027,37,1,1,0,0,1,-27.58542866236795
PRIMARY,231,300308.SZ,2024-07-25,-15.0,STOP_FIRST,7.199933708510119,-7.567428195384044,-14.767361903894162,28,1,1,0,0,1,-20.412077421209307
PRIMARY,232,601899.SH,2024-07-23,-15.0,STOP_FIRST,11.302372099604602,-8.25431665114376,-19.556688750748364,35,1,1,0,0,0,-15.34301819528009
PRIMARY,233,601127.SH,2024-08-28,-15.0,STOP_FIRST,11.860904824260553,11.860904824260553,0.0,17,0,0,0,0,0,-0.6937050159442237
PRIMARY,234,600036.SH,2024-09-09,-15.0,STOP_FIRST,12.650986424212693,12.650986424212693,0.0,9,0,0,0,0,0,-1.1566935372865572
PRIMARY,235,000858.SZ,2024-08-22,-15.0,STOP_FIRST,9.447704740723928,9.447704740723928,0.0,22,0,0,0,0,0,-11.92058204560389
PRIMARY,236,600809.SH,2024-08-28,-15.0,STOP_FIRST,10.265232797714383,10.265232797714383,0.0,18,0,0,0,0,0,-9.343746064530556
PRIMARY,237,600519.SH,2024-09-09,-15.0,STOP_FIRST,13.065449104192647,13.065449104192647,0.0,10,0,0,0,0,0,-9.155678699288794
PRIMARY,238,600276.SH,2024-09-20,-15.0,STOP_FIRST,7.0921102706178285,7.0921102706178285,0.0,3,0,0,0,0,0,-1.5909424566413088
PRIMARY,239,000100.SZ,2024-05-07,-15.0,STOP_FIRST,6.430946014868081,-4.512477519134546,-10.943423534002626,94,1,1,0,0,1,-22.85372018914835
PRIMARY,240,688012.SH,2024-08-23,-15.0,STOP_FIRST,8.980679975166685,8.980679975166685,0.0,22,0,0,0,0,0,-11.105843309233144
PRIMARY,241,688256.SH,2024-09-05,-15.0,STOP_FIRST,22.25002533076108,22.25002533076108,0.0,14,0,0,0,0,0,-3.4709343344747623
PRIMARY,242,600900.SH,2024-09-11,-15.0,STOP_FIRST,8.228584541518643,8.228584541518643,0.0,10,0,0,0,0,0,-0.35235825269818166
PRIMARY,243,600150.SH,2024-09-19,-15.0,STOP_FIRST,4.47320430931633,4.47320430931633,0.0,58,0,0,0,0,0,-6.4123490487716595
PRIMARY,244,600418.SH,2024-11-27,-15.0,STOP_FIRST,19.31501930377224,19.31501930377224,0.0,38,0,0,0,0,0,-4.031151825779977
PRIMARY,245,603019.SH,2025-01-02,-15.0,STOP_FIRST,7.198386187683706,7.198386187683706,0.0,17,0,0,0,0,0,-10.82782494103971
PRIMARY,246,600030.SH,2024-12-31,-15.0,STOP_FIRST,-0.029241512213777625,-0.029241512213777625,0.0,20,0,0,0,0,0,-9.821028359452445
PRIMARY,247,300059.SZ,2025-01-02,-15.0,STOP_FIRST,5.568619214325684,5.568619214325684,0.0,19,0,0,0,0,0,-10.373910853057232
PRIMARY,248,300033.SZ,2025-01-02,-15.0,STOP_FIRST,23.218740081380986,23.218740081380986,0.0,19,0,0,0,0,0,-8.449836646713571
PRIMARY,249,300750.SZ,2025-01-07,-15.0,STOP_FIRST,8.716235937905914,8.716235937905914,0.0,21,0,0,0,0,0,-2.061431530740332
PRIMARY,250,000858.SZ,2025-01-06,-15.0,STOP_FIRST,1.2030252662316376,1.2030252662316376,0.0,23,0,0,0,0,0,-5.193889847781408
PRIMARY,251,688256.SH,2025-01-16,-15.0,STOP_FIRST,19.16467811575612,19.16467811575612,0.0,19,0,0,0,0,0,-4.483732441599764
PRIMARY,252,600519.SH,2025-01-03,-15.0,STOP_FIRST,4.558943908999476,4.558943908999476,0.0,33,0,0,0,0,0,-3.7431935053504506
PRIMARY,253,688256.SH,2025-03-25,-15.0,STOP_FIRST,8.922494348994318,-15.171590788411645,-24.094085137405962,7,1,1,0,0,0,-17.216747908844678
PRIMARY,254,002261.SZ,2025-03-24,-15.0,STOP_FIRST,2.6716085217561965,-15.975391202322417,-18.64699972407861,8,1,1,0,0,1,-27.78696429320907
PRIMARY,255,600989.SH,2025-03-28,-15.0,STOP_FIRST,6.913448021154776,6.913448021154776,0.0,20,0,0,0,0,0,-8.97260383386529
PRIMARY,256,000063.SZ,2025-03-03,-15.0,STOP_FIRST,2.6037524048102836,-5.994255804511984,-8.598008209322268,26,1,1,0,0,1,-20.196827200957447
PRIMARY,257,600050.SH,2025-03-19,-15.0,STOP_FIRST,-4.102896566069308,-4.102896566069308,0.0,30,0,0,0,0,0,-12.91204099525517
PRIMARY,258,300846.SZ,2025-03-25,-15.0,STOP_FIRST,-3.7770156011244347,-11.04087004474754,-7.2638544436231065,9,1,1,0,0,1,-31.401379445935305
PRIMARY,259,300059.SZ,2025-04-01,-15.0,STOP_FIRST,5.1627907747067665,-9.708805284844349,-14.871596059551116,4,1,1,0,0,0,-18.189916816625797
PRIMARY,260,002475.SZ,2025-04-02,-15.0,STOP_FIRST,3.6625597634810965,-4.408565470368695,-8.071125233849791,4,1,1,0,0,1,-27.255123038788852
PRIMARY,261,300308.SZ,2025-01-10,-15.0,STOP_FIRST,0.7734206644023827,-3.648499949832801,-4.421920614235184,56,1,1,0,0,1,-39.080885586063495
PRIMARY,262,300502.SZ,2025-02-28,-15.0,STOP_FIRST,28.725713357688992,-0.4122799177202055,-29.137993275409197,27,1,1,0,0,1,-31.75728487388515
PRIMARY,263,300750.SZ,2025-04-01,-15.0,STOP_FIRST,7.81936272756536,-6.986773859881362,-14.806136587446723,5,1,1,0,0,0,-16.506355111574443
PRIMARY,264,601318.SH,2025-04-07,-15.0,STOP_FIRST,6.926822925723594,6.926822925723594,0.0,19,0,0,0,0,0,-1.0258567917744377
PRIMARY,265,600036.SH,2025-04-07,-15.0,STOP_FIRST,5.565919809741665,5.565919809741665,0.0,19,0,0,0,0,0,-1.275773669536573
PRIMARY,266,002594.SZ,2025-04-08,-15.0,STOP_FIRST,17.218917139643203,17.218917139643203,0.0,21,0,0,0,0,0,-2.0179308927128603
PRIMARY,267,601658.SH,2025-03-28,-15.0,STOP_FIRST,3.737034722718007,3.737034722718007,0.0,28,0,0,0,0,0,-5.998762052795592
PRIMARY,268,600309.SH,2025-04-15,-15.0,STOP_FIRST,2.8522101436284233,2.8522101436284233,0.0,18,0,0,0,0,0,-4.325283052386664
PRIMARY,269,601899.SH,2025-04-07,-15.0,STOP_FIRST,18.75276321406046,18.75276321406046,0.0,28,0,0,0,0,0,-2.3499050474409477
PRIMARY,270,603259.SH,2025-04-08,-15.0,STOP_FIRST,27.365745385479556,27.365745385479556,0.0,29,0,0,0,0,0,-2.7478554733693317
PRIMARY,271,688981.SH,2025-04-01,-15.0,STOP_FIRST,-0.3367121465143475,-0.3367121465143475,0.0,53,0,0,0,0,0,-10.022828466095346
PRIMARY,272,688256.SH,2025-05-27,-15.0,STOP_FIRST,2.4520211429184493,2.4520211429184493,0.0,20,0,0,0,0,0,-9.161551567123071
PRIMARY,273,000858.SZ,2025-06-13,-15.0,STOP_FIRST,2.9441509741563254,2.9441509741563254,0.0,17,0,0,0,0,0,-0.8036010497183277
PRIMARY,274,600519.SH,2025-06-13,-15.0,STOP_FIRST,1.571155348492451,1.571155348492451,0.0,18,0,0,0,0,0,-0.18545542382252256
PRIMARY,275,300308.SZ,2025-10-14,-15.0,STOP_FIRST,37.312191378736536,37.312191378736536,0.0,7,0,0,0,0,0,-2.4164241555545862
PRIMARY,276,002460.SZ,2025-11-24,-15.0,STOP_FIRST,9.614217661278927,9.614217661278927,0.0,19,0,0,0,0,0,-1.7925475782034406
PRIMARY,277,601138.SH,2025-11-24,-15.0,STOP_FIRST,19.316165850131622,19.316165850131622,0.0,22,0,0,0,0,0,-2.475096837577462
PRIMARY,278,300502.SZ,2026-01-12,-15.0,STOP_FIRST,18.325572753597463,18.325572753597463,0.0,14,0,0,0,0,0,-2.8874334496876597
PRIMARY,279,300750.SZ,2025-11-21,-15.0,STOP_FIRST,1.7797735978262685,1.7797735978262685,0.0,52,0,0,0,0,0,-11.001248680259001
PRIMARY,280,300274.SZ,2025-12-16,-15.0,STOP_FIRST,-0.04130443998742119,-0.04130443998742119,0.0,52,0,0,0,0,0,-13.261308807790783
PRIMARY,281,300308.SZ,2026-02-06,-15.0,STOP_FIRST,3.437565472561077,3.437565472561077,0.0,21,0,0,0,0,0,-9.894027541086349
PRIMARY,282,002475.SZ,2026-01-08,-15.0,STOP_FIRST,1.540552873571203,-9.130039604790545,-10.670592478361748,34,1,1,0,0,1,-18.823201056328863
PRIMARY,283,601138.SH,2026-01-29,-15.0,STOP_FIRST,3.823418044659373,-8.59911329191619,-12.422531336575563,32,1,1,0,0,0,-17.012814423960076
PRIMARY,284,688256.SH,2026-02-03,-15.0,STOP_FIRST,12.397855616133041,12.397855616133041,0.0,38,0,0,0,0,0,-12.087912087912079
PRIMARY,285,601899.SH,2026-03-16,-15.0,STOP_FIRST,9.119263883295172,9.119263883295172,0.0,20,0,0,0,0,0,-14.280941525906998
PRIMARY,286,603986.SH,2026-03-31,-15.0,STOP_FIRST,19.7457903723054,19.7457903723054,0.0,13,0,0,0,0,0,-2.865134133444669
PRIMARY,287,300059.SZ,2026-03-20,-15.0,STOP_FIRST,8.424165896338625,8.424165896338625,0.0,31,0,0,0,0,0,-7.322200643291355
PRIMARY,288,300274.SZ,2026-04-01,-15.0,STOP_FIRST,13.077001683310016,13.077001683310016,0.0,23,0,0,0,0,0,-7.472322364359973
PRIMARY,289,300274.SZ,2026-07-01,-15.0,STOP_FIRST,-8.358514552822074,-12.07697292037758,-3.718458367555506,6,1,1,0,0,0,-26.27934444027391
PRIMARY,290,600487.SH,2026-07-06,-15.0,STOP_FIRST,-17.707576907721744,-11.680844005225763,6.026732902495981,4,1,1,0,0,0,-46.153139444336865
PRIMARY,291,688525.SH,2026-07-15,-15.0,STOP_FIRST,-19.368418251981645,-11.612795160088417,7.755623091893227,3,1,1,0,0,1,-34.73193473193472
PRIMARY,292,688008.SH,2026-07-16,-15.0,STOP_FIRST,-3.6609369962131426,-3.6609369962131426,0.0,27,0,0,0,0,0,-12.165294341773524
PRIMARY,293,688256.SH,2026-07-16,-15.0,STOP_FIRST,-7.309240157764709,-4.172195268915839,3.1370448888488696,27,1,1,1,0,1,-25.153710642669623
PRIMARY,294,300308.SZ,2026-07-17,-15.0,STOP_FIRST,-11.744158826402947,-8.714702438380588,3.029456388022359,10,1,1,0,0,0,-22.96628924619374
PRIMARY,295,600584.SH,2026-07-20,-15.0,STOP_FIRST,-3.746170199653699,-15.171590788411624,-11.425420588757925,7,1,1,0,0,0,-20.75720869405966
PRIMARY,296,300502.SZ,2026-07-28,-15.0,STOP_FIRST,-3.1289001702402826,-3.1289001702402826,0.0,19,0,0,0,0,0,-14.854383942881455
PRIMARY,297,002384.SZ,2026-07-29,-15.0,STOP_FIRST,6.860142611567042,6.860142611567042,0.0,18,0,0,0,0,0,-9.217430672804971
PRIMARY,298,002475.SZ,2026-08-03,-15.0,STOP_FIRST,1.2862198685484683,1.2862198685484683,0.0,15,0,0,0,0,0,-4.021902045888859
PRIMARY,299,600276.SH,2026-08-20,-15.0,STOP_FIRST,-2.438053366642191,-2.438053366642191,0.0,2,0,0,0,0,0,-4.81585777507767
PRIMARY,1,000651.SZ,2020-03-19,-15.0,TP_FIRST,8.76502998612771,8.76502998612771,0.0,15,0,0,0,0,0,-3.253806511060575
PRIMARY,2,600030.SH,2020-03-16,-15.0,TP_FIRST,1.2152522266729697,1.2152522266729697,0.0,19,0,0,0,0,0,-7.086832162571954
PRIMARY,3,300750.SZ,2020-02-28,-15.0,TP_FIRST,-1.0193924653390611,-9.942913648225634,-8.923521182886573,12,1,1,0,0,0,-24.419958905481774
PRIMARY,4,601318.SH,2020-02-28,-15.0,TP_FIRST,-1.3453625770562572,-8.615455119125967,-7.27009254206971,14,1,1,0,0,0,-15.814522556095568
PRIMARY,5,600036.SH,2020-03-19,-15.0,TP_FIRST,10.683448687695108,10.683448687695108,0.0,25,0,0,0,0,0,-0.09990265754196148
PRIMARY,6,002475.SZ,2020-03-17,-15.0,TP_FIRST,14.92275528149982,14.92275528149982,0.0,28,0,0,0,0,0,-11.112505536775796
PRIMARY,7,000858.SZ,2020-03-17,-15.0,TP_FIRST,26.82736619482785,26.82736619482785,0.0,28,0,0,0,0,0,-12.958069092199342
PRIMARY,8,000063.SZ,2020-03-17,-15.0,TP_FIRST,3.2396956676295363,3.2396956676295363,0.0,32,0,0,0,0,0,-10.59060271470772
PRIMARY,9,000725.SZ,2020-03-16,-15.0,TP_FIRST,4.611959703094805,-6.9954937757310915,-11.607453478825896,31,1,1,0,0,1,-20.127607365604128
PRIMARY,10,002506.SZ,2020-03-26,-15.0,TP_FIRST,-6.524016348081019,-8.066735621466995,-1.542719273385976,23,1,1,0,0,1,-31.211643047504246
PRIMARY,11,600519.SH,2020-03-18,-15.0,TP_FIRST,39.54846152311298,39.54846152311298,0.0,48,0,0,0,0,0,-3.505987509815356
PRIMARY,12,000002.SZ,2020-03-18,-15.0,TP_FIRST,4.681297620587952,4.681297620587952,0.0,49,0,0,0,0,0,-6.372695888701285
PRIMARY,13,002714.SZ,2020-05-11,-15.0,TP_FIRST,-37.346517858183255,-39.08929023133747,-1.7427723731542173,17,1,1,0,0,1,-43.62347582705105
PRIMARY,14,000063.SZ,2020-05-25,-15.0,TP_FIRST,8.355437860095789,8.355437860095789,0.0,17,0,0,0,0,0,-5.214052830367422
PRIMARY,15,002415.SZ,2020-05-25,-15.0,TP_FIRST,7.15509150196319,7.15509150196319,0.0,17,0,0,0,0,0,-2.5965128554330974
PRIMARY,16,600703.SH,2020-06-15,-15.0,TP_FIRST,15.534542524394753,15.534542524394753,0.0,12,0,0,0,0,0,-1.7232235549681896
PRIMARY,17,600030.SH,2020-09-07,-15.0,TP_FIRST,3.3416942678344705,3.3416942678344705,0.0,18,0,0,0,0,0,-2.3347247522243597
PRIMARY,18,300059.SZ,2020-09-09,-15.0,TP_FIRST,4.052671012057143,4.052671012057143,0.0,16,0,0,0,0,0,-5.835594827212354
PRIMARY,19,600276.SH,2020-09-17,-15.0,TP_FIRST,7.964121567403469,7.964121567403469,0.0,10,0,0,0,0,0,-0.30802389658590723
PRIMARY,20,000063.SZ,2020-09-10,-15.0,TP_FIRST,8.16654508112372,8.16654508112372,0.0,16,0,0,0,0,0,-2.1893558485753473
PRIMARY,21,000651.SZ,2020-09-28,-15.0,TP_FIRST,7.18749636223901,7.18749636223901,0.0,5,0,0,0,0,0,-0.7920940870049797
PRIMARY,22,600036.SH,2020-09-30,-15.0,TP_FIRST,8.189846606772502,8.189846606772502,0.0,5,0,0,0,0,0,-0.8409143929827279
PRIMARY,23,002456.SZ,2020-09-01,-15.0,TP_FIRST,0.3287151054327302,-9.938675215657671,-10.267390321090401,7,1,1,0,0,1,-16.877466166367018
PRIMARY,24,300136.SZ,2020-10-12,-15.0,TP_FIRST,3.7523403888601528,3.7523403888601528,0.0,19,0,0,0,0,0,-11.264076050883421
PRIMARY,25,600030.SH,2020-10-26,-15.0,TP_FIRST,5.218510332201447,5.218510332201447,0.0,19,0,0,0,0,0,-4.85376403171518
PRIMARY,26,000661.SZ,2020-09-16,-15.0,TP_FIRST,10.365131138225253,10.365131138225253,0.0,47,0,0,0,0,0,-10.396266523703268
PRIMARY,27,600745.SH,2020-09-08,-15.0,TP_FIRST,1.4169185149017833,-8.670819892761699,-10.087738407663483,25,1,1,0,0,1,-24.96934183424869
PRIMARY,28,601012.SH,2020-11-13,-15.0,TP_FIRST,11.570904483395198,11.570904483395198,0.0,17,0,0,0,0,0,-7.125413198287678
PRIMARY,29,300122.SZ,2020-11-11,-15.0,TP_FIRST,21.594186068179752,21.594186068179752,0.0,27,0,0,0,0,0,-14.25593292277403
PRIMARY,30,002475.SZ,2020-11-16,-15.0,TP_FIRST,4.922943424348968,4.922943424348968,0.0,26,0,0,0,0,0,-6.247600021016375
PRIMARY,31,002241.SZ,2020-11-16,-15.0,TP_FIRST,2.7641560070263713,2.7641560070263713,0.0,28,0,0,0,0,0,-8.190219287755895
PRIMARY,32,000651.SZ,2020-12-09,-15.0,TP_FIRST,4.778058019478602,4.778058019478602,0.0,17,0,0,0,0,0,-6.9491076663235285
PRIMARY,33,688981.SH,2020-12-16,-15.0,TP_FIRST,16.521188858697652,16.521188858697652,0.0,16,0,0,0,0,0,-4.393704306917501
PRIMARY,34,601318.SH,2021-01-28,-15.0,TP_FIRST,9.42474089385644,9.42474089385644,0.0,14,0,0,0,0,0,-7.015107202120719
PRIMARY,35,300059.SZ,2021-02-22,-15.0,TP_FIRST,-9.75617275607125,-10.958199334702066,-1.2020265786308162,10,1,1,0,0,0,-21.294436987155805
PRIMARY,36,000333.SZ,2021-02-22,-15.0,TP_FIRST,1.124921971714471,1.124921971714471,0.0,28,0,0,0,0,0,-11.037863818654303
PRIMARY,37,000858.SZ,2021-03-08,-15.0,TP_FIRST,16.23467230378328,16.23467230378328,0.0,18,0,0,0,0,0,-5.053624061888506
PRIMARY,38,600030.SH,2021-03-01,-15.0,TP_FIRST,-1.7719464410848904,-1.7719464410848904,0.0,24,0,0,0,0,0,-9.731175855642116
PRIMARY,39,601012.SH,2021-03-04,-15.0,TP_FIRST,2.8151228530517156,-12.324005767498775,-15.13912862055049,7,1,1,0,0,0,-20.33269501471261
PRIMARY,40,002241.SZ,2021-01-29,-15.0,TP_FIRST,-2.3809753380773024,-6.936187596613029,-4.555212258535726,27,1,1,0,0,1,-24.32266643437805
PRIMARY,41,300750.SZ,2021-01-29,-15.0,TP_FIRST,2.6778263400166544,-11.196275548360868,-13.874101888377522,21,1,1,0,0,1,-20.744980856829066
PRIMARY,42,002475.SZ,2021-01-28,-15.0,TP_FIRST,-17.795635461958412,-7.001679103581883,10.79395635837653,28,1,1,0,0,1,-38.05999710973133
PRIMARY,43,600438.SH,2021-03-05,-15.0,TP_FIRST,-2.082117681436346,-9.969679408017793,-7.887561726581447,5,1,1,0,0,0,-21.900640918932147
PRIMARY,44,300014.SZ,2021-03-23,-15.0,TP_FIRST,20.343646524893185,20.343646524893185,0.0,18,0,0,0,0,0,-1.1328405715407053
PRIMARY,45,601899.SH,2021-03-24,-15.0,TP_FIRST,13.67315267261283,13.67315267261283,0.0,17,0,0,0,0,0,-0.5227592786883895
PRIMARY,46,601166.SH,2021-04-15,-15.0,TP_FIRST,10.16039399503804,10.16039399503804,0.0,15,0,0,0,0,0,-2.3887839446735004
PRIMARY,47,600276.SH,2021-04-15,-15.0,TP_FIRST,2.9762113310555116,2.9762113310555116,0.0,18,0,0,0,0,0,-5.364820806114978
PRIMARY,48,002352.SZ,2021-04-12,-15.0,TP_FIRST,1.806031845385725,1.806031845385725,0.0,22,0,0,0,0,0,-8.258407334556994
PRIMARY,49,600519.SH,2021-05-06,-15.0,TP_FIRST,12.309433820124724,12.309433820124724,0.0,12,0,0,0,0,0,-5.132526010090399
PRIMARY,50,600031.SH,2021-03-09,-15.0,TP_FIRST,2.027751640672817,-2.7903709327167325,-4.81812257338955,44,1,1,0,0,1,-27.978387085265844
PRIMARY,51,600009.SH,2021-02-03,-15.0,TP_FIRST,-1.1354409255495685,-8.949099997787147,-7.813659072237579,58,1,1,0,0,1,-22.985275095121573
PRIMARY,52,002594.SZ,2021-02-24,-15.0,TP_FIRST,16.160298578230066,-7.734650367014534,-23.8949489452446,49,1,1,0,0,1,-34.73181070183321
PRIMARY,53,002340.SZ,2021-06-07,-15.0,TP_FIRST,5.290865136021748,5.290865136021748,0.0,19,0,0,0,0,0,-11.268220523967209
PRIMARY,54,000661.SZ,2021-05-24,-15.0,TP_FIRST,3.543179209088439,-9.64152319073035,-13.18470239981879,30,1,1,0,0,1,-16.869230019043936
PRIMARY,55,002594.SZ,2021-07-16,-15.0,TP_FIRST,25.77910857036041,25.77910857036041,0.0,10,0,0,0,0,0,-2.6882194842621776
PRIMARY,56,600031.SH,2021-06-11,-15.0,TP_FIRST,4.433342850860986,-10.317788506081042,-14.751131356942029,24,1,1,0,0,0,-15.123799665013548
PRIMARY,57,002241.SZ,2021-07-22,-15.0,TP_FIRST,10.273218124699701,10.273218124699701,0.0,9,0,0,0,0,0,-7.886693775763421
PRIMARY,58,600036.SH,2021-07-08,-15.0,TP_FIRST,8.736132867824947,8.736132867824947,0.0,28,0,0,0,0,0,-10.298243793004092
PRIMARY,59,300782.SZ,2021-07-13,-15.0,TP_FIRST,4.700284102162052,4.700284102162052,0.0,29,0,0,0,0,0,-10.944165622271129
PRIMARY,60,601919.SH,2021-07-23,-15.0,TP_FIRST,21.9399821535198,21.9399821535198,0.0,25,0,0,0,0,0,-13.003666576368966
PRIMARY,61,002460.SZ,2021-08-16,-15.0,TP_FIRST,24.025427124052413,24.025427124052413,0.0,9,0,0,0,0,0,-2.17885582383488
PRIMARY,62,300750.SZ,2021-07-27,-15.0,TP_FIRST,8.626053858905106,8.626053858905106,0.0,34,0,0,0,0,0,-5.360767280539502
PRIMARY,63,300760.SZ,2021-08-20,-15.0,TP_FIRST,25.243095200327115,25.243095200327115,0.0,19,0,0,0,0,0,-1.3648131532456809
PRIMARY,64,600519.SH,2021-07-26,-15.0,TP_FIRST,2.091334708861519,-8.367978354878332,-10.45931306373985,20,1,1,0,0,0,-15.47553943560599
PRIMARY,65,002714.SZ,2021-05-24,-15.0,TP_FIRST,-18.715268930191936,-6.419125730570796,12.29614319962114,42,1,1,0,0,1,-56.67478900029019
PRIMARY,66,000858.SZ,2021-07-08,-15.0,TP_FIRST,-7.6342909419297795,-4.645352475998579,2.9889384659312004,32,1,1,0,0,1,-28.655500122152368
PRIMARY,67,002594.SZ,2021-09-29,-15.0,TP_FIRST,17.089129638620165,17.089129638620165,0.0,6,0,0,0,0,0,-0.5192972651856032
PRIMARY,68,601318.SH,2021-03-18,-15.0,TP_FIRST,-28.116081051784203,-8.264108375592158,19.851972676192045,59,1,1,0,0,1,-41.80696245003698
PRIMARY,69,000651.SZ,2021-05-25,-15.0,TP_FIRST,-19.03127753582529,-6.253210966579145,12.778066569246144,63,1,1,0,0,1,-33.090168102543274
PRIMARY,70,000333.SZ,2021-07-05,-15.0,TP_FIRST,11.175030722164129,11.175030722164129,0.0,71,0,0,0,0,0,-9.770984837876318
PRIMARY,71,600111.SH,2021-09-29,-15.0,TP_FIRST,22.277893313169177,22.277893313169177,0.0,12,0,0,0,0,0,-3.6351512387024387
PRIMARY,72,600089.SH,2021-10-08,-15.0,TP_FIRST,21.757208672823793,21.757208672823793,0.0,12,0,0,0,0,0,-5.355399017850127
PRIMARY,73,002466.SZ,2021-09-22,-15.0,TP_FIRST,5.276533723848393,-10.326044483198494,-15.602578207046887,4,1,1,0,0,0,-18.18048772561611
PRIMARY,74,000858.SZ,2021-11-01,-15.0,TP_FIRST,7.772649549904674,7.772649549904674,0.0,16,0,0,0,0,0,-2.695601939103509
PRIMARY,75,603259.SH,2021-11-04,-15.0,TP_FIRST,10.333997515607747,10.333997515607747,0.0,15,0,0,0,0,0,-4.388640111365582
PRIMARY,76,601919.SH,2021-09-28,-15.0,TP_FIRST,3.0377221934720415,-5.635197712434225,-8.672919905906266,30,1,1,0,0,1,-19.410201081693145
PRIMARY,77,600030.SH,2021-11-16,-15.0,TP_FIRST,7.942169042945349,7.942169042945349,0.0,13,0,0,0,0,0,-1.3115665629502171
PRIMARY,78,000651.SZ,2021-10-27,-15.0,TP_FIRST,3.7666645298140864,3.7666645298140864,0.0,30,0,0,0,0,0,-6.591904190897946
PRIMARY,79,600036.SH,2021-11-26,-15.0,TP_FIRST,7.780249533285357,7.780249533285357,0.0,8,0,0,0,0,0,-2.0264594890360255
PRIMARY,80,600036.SH,2021-12-29,-15.0,TP_FIRST,5.516341863497587,5.516341863497587,0.0,14,0,0,0,0,0,-0.892595978810895
PRIMARY,81,002129.SZ,2021-12-01,-15.0,TP_FIRST,7.212021342950852,7.212021342950852,0.0,38,0,0,0,0,0,-10.209695479014202
PRIMARY,82,600030.SH,2022-01-14,-15.0,TP_FIRST,1.0102995428563417,1.0102995428563417,0.0,9,0,0,0,0,0,-4.115180796829354
PRIMARY,83,601888.SH,2021-11-02,-15.0,TP_FIRST,7.8045788936873635,-7.134347083599987,-14.93892597728735,53,1,1,0,0,1,-17.76278012400819
PRIMARY,84,600111.SH,2021-12-24,-15.0,TP_FIRST,10.927469701064592,-9.055822373919083,-19.983292074983673,25,1,1,0,0,0,-16.158101136300374
PRIMARY,85,000792.SZ,2022-01-20,-15.0,TP_FIRST,18.801769360068377,18.801769360068377,0.0,13,0,0,0,0,0,-2.101609531796167
PRIMARY,86,002460.SZ,2021-12-20,-15.0,TP_FIRST,7.327370162653349,7.327370162653349,0.0,36,0,0,0,0,0,-13.694999767838578
PRIMARY,87,002466.SZ,2021-12-20,-15.0,TP_FIRST,1.837573601773871,-9.708967472625536,-11.546541074399407,22,1,1,0,0,1,-19.98566660073482
PRIMARY,88,000661.SZ,2022-01-24,-15.0,TP_FIRST,11.89884859958246,11.89884859958246,0.0,17,0,0,0,0,0,-4.775620293737893
PRIMARY,89,601012.SH,2021-12-01,-15.0,TP_FIRST,6.472325573333965,-8.54192874075959,-15.014254314093554,46,1,1,0,0,1,-23.797689806559163
PRIMARY,90,603259.SH,2021-12-20,-15.0,TP_FIRST,12.254494786218984,-7.395919718108656,-19.650414504327642,33,1,1,0,0,1,-28.86139126771904
PRIMARY,91,000002.SZ,2022-03-04,-15.0,TP_FIRST,14.88504791739044,-8.678461323891431,-23.56350924128187,7,1,1,0,0,1,-22.246037106497695
PRIMARY,92,300059.SZ,2022-01-05,-15.0,TP_FIRST,-5.7513210082683415,-4.865669750912575,0.8856512573557662,44,1,1,0,0,1,-34.89656169461941
PRIMARY,93,600519.SH,2022-01-07,-15.0,TP_FIRST,0.9984159395398549,-8.925082271284348,-9.923498210824203,43,1,1,0,0,1,-17.458488731459298
PRIMARY,94,601888.SH,2022-03-14,-15.0,TP_FIRST,7.812849493656972,7.812849493656972,0.0,20,0,0,0,0,0,-8.439813952671848
PRIMARY,95,002594.SZ,2021-12-16,-15.0,TP_FIRST,-1.5968178542206901,-7.104509939983361,-5.50769208576267,52,1,1,0,0,1,-26.330714118353036
PRIMARY,96,000625.SZ,2021-11-16,-15.0,TP_FIRST,-22.229994518631575,-5.596780108089962,16.633214410541612,74,1,1,0,0,1,-53.29984290867762
PRIMARY,97,002475.SZ,2022-02-08,-15.0,TP_FIRST,-17.15409169654668,-5.5257728556840195,11.62831884086266,36,1,1,0,0,1,-40.77681436537638
PRIMARY,98,002466.SZ,2022-04-25,-15.0,TP_FIRST,41.854779546894,41.854779546894,0.0,8,0,0,0,0,0,-3.4110472521140522
PRIMARY,99,300274.SZ,2021-12-21,-15.0,TP_FIRST,-25.58857835409347,-3.298894020386213,22.289684333707257,63,1,1,0,0,1,-58.717689038471335
PRIMARY,100,002460.SZ,2022-03-08,-15.0,TP_FIRST,17.706849570514894,-6.293436650556755,-24.000286221071647,33,1,1,0,0,1,-28.642784574491998
PRIMARY,101,000858.SZ,2022-01-28,-15.0,TP_FIRST,-8.807756178930596,-6.576704583974174,2.231051594956422,24,1,1,0,0,1,-25.5194802146096
PRIMARY,102,300014.SZ,2022-03-03,-15.0,TP_FIRST,26.31764601662993,-10.433938289933952,-36.751584306563885,36,1,1,0,0,1,-32.624915571840454
PRIMARY,103,300750.SZ,2021-12-20,-15.0,TP_FIRST,-14.232912370394569,-6.249506382737327,7.983405987657242,73,1,1,0,0,1,-41.8073675499418
PRIMARY,104,601012.SH,2022-03-29,-15.0,TP_FIRST,-12.752364240157288,-8.493886137162875,4.258478102994413,18,1,1,0,0,1,-24.82075936524716
PRIMARY,105,002415.SZ,2022-05-06,-15.0,TP_FIRST,3.5450375895839463,3.5450375895839463,0.0,19,0,0,0,0,0,-8.562023743217374
PRIMARY,106,600276.SH,2022-01-13,-15.0,TP_FIRST,-29.55698724716474,-10.41648452750967,19.14050271965507,33,1,1,0,0,1,-42.610580908453244
PRIMARY,107,601318.SH,2022-03-15,-15.0,TP_FIRST,-0.3864474449981416,-0.3864474449981416,0.0,55,0,0,0,0,0,-2.315282705156485
PRIMARY,108,600036.SH,2022-03-07,-15.0,TP_FIRST,-6.245523329299984,-8.518778430746096,-2.2732551014461118,31,1,1,0,0,0,-24.345417637488787
PRIMARY,109,300122.SZ,2022-04-14,-15.0,TP_FIRST,-6.645958234266682,-8.006247477832652,-1.36028924356597,28,1,1,0,0,1,-28.79470109263167
PRIMARY,110,002241.SZ,2022-06-23,-15.0,TP_FIRST,2.8400230023871615,2.8400230023871615,0.0,30,0,0,0,0,0,-5.007927632982501
PRIMARY,111,002466.SZ,2022-08-19,-15.0,TP_FIRST,13.385590477234006,13.385590477234006,0.0,2,0,0,0,0,0,-2.8634236347626074
PRIMARY,112,600036.SH,2022-07-13,-15.0,TP_FIRST,-1.5651520516643562,-1.5651520516643562,0.0,34,0,0,0,0,0,-12.409355098525655
PRIMARY,113,601888.SH,2022-08-08,-15.0,TP_FIRST,7.1858432781792185,7.1858432781792185,0.0,33,0,0,0,0,0,-8.133019118063235
PRIMARY,114,000858.SZ,2022-07-29,-15.0,TP_FIRST,-2.4673011477159523,-2.4673011477159523,0.0,40,0,0,0,0,0,-12.093504633059515
PRIMARY,115,300274.SZ,2022-08-31,-15.0,TP_FIRST,13.216110132265186,13.216110132265186,0.0,23,0,0,0,0,0,-6.803285897864219
PRIMARY,116,300760.SZ,2022-09-21,-15.0,TP_FIRST,26.10435256088347,26.10435256088347,0.0,11,0,0,0,0,0,-2.945982270341807
PRIMARY,117,603259.SH,2022-07-27,-15.0,TP_FIRST,-6.553924195303395,-8.05487099124435,-1.5009467959409548,35,1,1,0,0,1,-30.331191278374803
PRIMARY,118,601012.SH,2022-08-03,-15.0,TP_FIRST,-1.5712301907594528,-8.389418347487702,-6.818188156728249,32,1,1,0,0,1,-20.79675190961924
PRIMARY,119,688599.SH,2022-08-19,-15.0,TP_FIRST,4.900961296612725,4.900961296612725,0.0,42,0,0,0,0,0,-11.786057206268874
PRIMARY,120,002459.SZ,2022-08-19,-15.0,TP_FIRST,5.627000867343111,5.627000867343111,0.0,42,0,0,0,0,0,-10.712385831051897
PRIMARY,121,601899.SH,2022-09-26,-15.0,TP_FIRST,6.916188828671841,6.916188828671841,0.0,18,0,0,0,0,0,-3.33920245581949
PRIMARY,122,002460.SZ,2022-08-25,-15.0,TP_FIRST,2.226213115920718,-9.483295625335348,-11.709508741256066,26,1,1,0,0,0,-16.759572939966095
PRIMARY,123,002271.SZ,2022-08-23,-15.0,TP_FIRST,-5.965240206705305,-10.17297447472115,-4.2077342680158445,29,1,1,0,0,1,-29.215251654169816
PRIMARY,124,600703.SH,2022-09-20,-15.0,TP_FIRST,1.4365619204532005,-15.118051687286574,-16.554613607739775,23,1,1,0,0,1,-17.135927537327543
PRIMARY,125,002594.SZ,2022-07-12,-15.0,TP_FIRST,-2.227087712436274,-8.508706651069597,-6.281618938633322,58,1,1,0,0,1,-23.762322609884045
PRIMARY,126,002466.SZ,2022-09-01,-15.0,TP_FIRST,0.41755742217796255,-10.908076627317012,-11.325634049494974,29,1,1,0,0,0,-17.18698543788346
PRIMARY,127,002050.SZ,2022-10-11,-15.0,TP_FIRST,8.648758708124946,8.648758708124946,0.0,17,0,0,0,0,0,-7.919779995223497
PRIMARY,128,603799.SH,2022-09-29,-15.0,TP_FIRST,1.9036214562895246,-13.453934021282935,-15.35755547757246,15,1,1,0,0,0,-18.54792363873298
PRIMARY,129,600030.SH,2022-09-16,-15.0,TP_FIRST,3.2914258355483077,3.2914258355483077,0.0,34,0,0,0,0,0,-7.2317278605463
PRIMARY,130,600036.SH,2022-10-10,-15.0,TP_FIRST,4.74708231806275,-10.169508306669384,-14.916590624732134,13,1,1,0,0,0,-17.352231797581
PRIMARY,131,601166.SH,2022-08-29,-15.0,TP_FIRST,2.990941980494697,2.990941980494697,0.0,48,0,0,0,0,0,-11.758858159541209
PRIMARY,132,601318.SH,2022-10-24,-15.0,TP_FIRST,11.54058817209945,11.54058817209945,0.0,14,0,0,0,0,0,-4.56589305883337
PRIMARY,133,000651.SZ,2022-10-31,-15.0,TP_FIRST,11.08646263720554,11.08646263720554,0.0,9,0,0,0,0,0,-0.62111668689665
PRIMARY,134,300059.SZ,2022-08-02,-15.0,TP_FIRST,1.3148602142200303,-6.133441831749132,-7.448302045969163,55,1,1,0,0,1,-28.41433393805436
PRIMARY,135,000625.SZ,2022-08-24,-15.0,TP_FIRST,2.31475867645841,-4.813208117826708,-7.127966794285118,42,1,1,0,0,1,-27.190338345372766
PRIMARY,136,000858.SZ,2022-10-24,-15.0,TP_FIRST,13.014502136358589,13.014502136358589,0.0,26,0,0,0,0,0,-6.076160549181053
PRIMARY,137,600519.SH,2022-09-05,-15.0,TP_FIRST,-5.861614932184937,-11.440955662157053,-5.579340729972117,28,1,1,0,0,0,-27.44375317821398
PRIMARY,138,000568.SZ,2022-10-10,-15.0,TP_FIRST,5.894426001503926,-6.568878718925478,-12.463304720429404,14,1,1,0,0,1,-26.23829865914583
PRIMARY,139,600887.SH,2022-10-20,-15.0,TP_FIRST,6.706648715667189,-9.6988712765375,-16.405519992204688,8,1,1,0,0,1,-18.517421916247343
PRIMARY,140,002714.SZ,2022-10-26,-15.0,TP_FIRST,5.23244617556544,5.23244617556544,0.0,28,0,0,0,0,0,-8.911088606217998
PRIMARY,141,300750.SZ,2022-09-01,-15.0,TP_FIRST,-1.3981718838619202,-5.760473248874,-4.36230136501208,36,1,1,0,0,1,-24.986572858520837
PRIMARY,142,002371.SZ,2022-10-12,-15.0,TP_FIRST,10.597667780822029,10.597667780822029,0.0,44,0,0,0,0,0,-5.446303292394417
PRIMARY,143,603259.SH,2022-11-28,-15.0,TP_FIRST,6.738265986701266,6.738265986701266,0.0,22,0,0,0,0,0,-2.1226976811561937
PRIMARY,144,600522.SH,2022-11-01,-15.0,TP_FIRST,-5.676303523410963,-10.697449176321005,-5.021145652910041,20,1,1,0,0,1,-30.66339374603776
PRIMARY,145,300274.SZ,2022-12-06,-15.0,TP_FIRST,12.35423017458993,12.35423017458993,0.0,18,0,0,0,0,0,-12.997661644686353
PRIMARY,146,002241.SZ,2022-11-11,-15.0,TP_FIRST,8.552942953591648,8.552942953591648,0.0,37,0,0,0,0,0,-2.0552360649699564
PRIMARY,147,002812.SZ,2022-11-23,-15.0,TP_FIRST,12.272962184274384,12.272962184274384,0.0,30,0,0,0,0,0,-7.454367889448843
PRIMARY,148,601012.SH,2022-12-22,-15.0,TP_FIRST,11.348570853081775,11.348570853081775,0.0,17,0,0,0,0,0,-1.83945407826005
PRIMARY,149,000625.SZ,2022-12-28,-15.0,TP_FIRST,15.403895272762636,15.403895272762636,0.0,16,0,0,0,0,0,-2.461030882431914
PRIMARY,150,002709.SZ,2022-12-30,-15.0,TP_FIRST,15.538268097973235,15.538268097973235,0.0,14,0,0,0,0,0,-2.7348780509869663
PRIMARY,151,300014.SZ,2023-01-11,-15.0,TP_FIRST,6.981985480381129,6.981985480381129,0.0,9,0,0,0,0,0,-4.915491114570337
PRIMARY,152,300750.SZ,2023-02-17,-15.0,TP_FIRST,3.6254689430868456,3.6254689430868456,0.0,29,0,0,0,0,0,-11.62683470375777
PRIMARY,153,600519.SH,2023-03-08,-15.0,TP_FIRST,3.358107895598216,3.358107895598216,0.0,16,0,0,0,0,0,-2.5877984739737014
PRIMARY,154,300059.SZ,2023-03-07,-15.0,TP_FIRST,6.704927557794763,6.704927557794763,0.0,18,0,0,0,0,0,-6.726693190328403
PRIMARY,155,300274.SZ,2023-03-14,-15.0,TP_FIRST,3.872684453553771,3.872684453553771,0.0,23,0,0,0,0,0,-11.398858058207795
PRIMARY,156,002594.SZ,2023-03-10,-15.0,TP_FIRST,7.839512102970262,7.839512102970262,0.0,33,0,0,0,0,0,-3.6913778017047982
PRIMARY,157,000858.SZ,2023-04-10,-15.0,TP_FIRST,-2.6488868636941545,-2.6488868636941545,0.0,26,0,0,0,0,0,-10.048100566887374
PRIMARY,158,000651.SZ,2023-05-04,-15.0,TP_FIRST,6.144996620188443,6.144996620188443,0.0,25,0,0,0,0,0,-8.255590958382841
PRIMARY,159,601899.SH,2023-05-12,-15.0,TP_FIRST,6.727401168026937,6.727401168026937,0.0,19,0,0,0,0,0,-5.558920911138776
PRIMARY,160,600519.SH,2023-04-12,-15.0,TP_FIRST,6.514893856808776,6.514893856808776,0.0,43,0,0,0,0,0,-4.355999030555235
PRIMARY,161,601012.SH,2023-03-16,-15.0,TP_FIRST,-17.84953964554572,-8.71627457387073,9.133265071674987,49,1,1,0,0,1,-33.276416390528766
PRIMARY,162,600036.SH,2023-04-27,-15.0,TP_FIRST,-0.6278320762058595,-0.6278320762058595,0.0,57,0,0,0,0,0,-3.793063901958049
PRIMARY,163,600809.SH,2023-05-22,-15.0,TP_FIRST,9.67465728119054,-8.5563488373,-18.23100611849054,27,1,1,0,0,1,-16.847859403834985
PRIMARY,164,300059.SZ,2023-05-29,-15.0,TP_FIRST,3.238668828858134,3.238668828858134,0.0,38,0,0,0,0,0,-4.622126321593722
PRIMARY,165,002415.SZ,2023-06-09,-15.0,TP_FIRST,9.253968396028046,9.253968396028046,0.0,31,0,0,0,0,0,-3.0509320142771967
PRIMARY,166,300750.SZ,2023-06-07,-15.0,TP_FIRST,8.015096907867838,8.015096907867838,0.0,35,0,0,0,0,0,-2.799902799902787
PRIMARY,167,688981.SH,2023-05-09,-15.0,TP_FIRST,-1.9912914951639942,-1.9912914951639942,0.0,57,0,0,0,0,0,-7.822752791213516
PRIMARY,168,600570.SH,2023-07-11,-15.0,TP_FIRST,12.935015317595871,12.935015317595871,0.0,17,0,0,0,0,0,-3.6163828033945022
PRIMARY,169,300418.SZ,2023-06-26,-15.0,TP_FIRST,-7.109717403112448,-11.56428177019778,-4.454564367085332,11,1,1,0,0,0,-22.324869570606698
PRIMARY,170,600276.SH,2023-07-31,-15.0,TP_FIRST,2.244966610480217,-11.02019953745473,-13.265166147934947,14,1,1,0,0,0,-16.355370032537774
PRIMARY,171,002230.SZ,2023-08-16,-15.0,TP_FIRST,-4.04018826584394,-12.53474182960427,-8.49455356376033,19,1,1,0,0,0,-19.948062722882465
PRIMARY,172,002475.SZ,2023-09-07,-15.0,TP_FIRST,6.728014277472455,6.728014277472455,0.0,17,0,0,0,0,0,-4.4345508276317
PRIMARY,173,300760.SZ,2023-08-07,-15.0,TP_FIRST,6.5338873044717865,6.5338873044717865,0.0,53,0,0,0,0,0,-4.449940020156773
PRIMARY,174,000858.SZ,2023-08-18,-15.0,TP_FIRST,9.240903528696505,9.240903528696505,0.0,46,0,0,0,0,0,-12.715230910264852
PRIMARY,175,300014.SZ,2023-02-20,-15.0,TP_FIRST,-28.568832058383776,-6.84077307990007,21.728058978483705,45,1,1,0,0,1,-44.47756749417103
PRIMARY,176,300059.SZ,2023-10-23,-15.0,TP_FIRST,6.795375111896212,6.795375111896212,0.0,9,0,0,0,0,0,-0.4417866895821354
PRIMARY,177,603019.SH,2023-08-09,-15.0,TP_FIRST,2.102020516340531,-8.83742255555922,-10.93944307189975,48,1,1,0,0,1,-18.940916927699114
PRIMARY,178,300274.SZ,2023-08-21,-15.0,TP_FIRST,2.059040269174881,-7.250072972697108,-9.309113241871989,40,1,1,0,0,1,-23.84860922169848
PRIMARY,179,300308.SZ,2023-07-20,-15.0,TP_FIRST,-5.693477162892338,-6.256101287867893,-0.5626241249755548,43,1,1,0,0,1,-34.647305581306
PRIMARY,180,000977.SZ,2023-08-18,-15.0,TP_FIRST,7.706372017077919,-6.966019501721567,-14.672391518799486,41,1,1,0,0,1,-32.22636562323018
PRIMARY,181,601012.SH,2023-08-21,-15.0,TP_FIRST,-11.755699669774852,-5.766767184713785,5.988932485061067,48,1,1,0,0,1,-26.371969728680746
PRIMARY,182,600519.SH,2023-10-13,-15.0,TP_FIRST,1.893988027016628,1.893988027016628,0.0,54,0,0,0,0,0,-7.786761434433009
PRIMARY,183,600009.SH,2023-08-21,-15.0,TP_FIRST,-11.699228208217027,-7.641567355766727,4.0576608524503,39,1,1,0,0,1,-24.842656679790675
PRIMARY,184,601318.SH,2023-11-09,-15.0,TP_FIRST,-2.3138721028580727,-2.3138721028580727,0.0,53,0,0,0,0,0,-12.395299497973422
PRIMARY,185,000651.SZ,2023-12-20,-15.0,TP_FIRST,12.104633410839133,12.104633410839133,0.0,26,0,0,0,0,0,-0.22839068988121936
PRIMARY,186,601138.SH,2023-10-24,-15.0,TP_FIRST,11.050900506142318,11.050900506142318,0.0,73,0,0,0,0,0,-8.702006282856667
PRIMARY,187,000858.SZ,2023-12-13,-15.0,TP_FIRST,2.808164916171326,2.808164916171326,0.0,37,0,0,0,0,0,-9.305511112151732
PRIMARY,188,600519.SH,2024-01-17,-15.0,TP_FIRST,5.907729356690894,5.907729356690894,0.0,13,0,0,0,0,0,-1.2708988071569394
PRIMARY,189,300750.SZ,2023-09-08,-15.0,TP_FIRST,-18.00484444688593,-7.286022545753608,10.718821901132323,51,1,1,0,0,1,-37.07504075265946
PRIMARY,190,002230.SZ,2024-01-03,-15.0,TP_FIRST,3.585730933845497,3.585730933845497,0.0,25,0,0,0,0,0,-13.110142123274604
PRIMARY,191,300418.SZ,2024-01-31,-15.0,TP_FIRST,39.428041617887864,39.428041617887864,0.0,6,0,0,0,0,0,-9.269811195543308
PRIMARY,192,000568.SZ,2023-12-11,-15.0,TP_FIRST,1.1120117479146117,-6.326962564560162,-7.438974312474774,39,1,1,0,0,1,-22.710877834749677
PRIMARY,193,300059.SZ,2023-12-27,-15.0,TP_FIRST,5.900250298765934,5.900250298765934,0.0,32,0,0,0,0,0,-11.47429406768471
PRIMARY,194,000063.SZ,2023-07-20,-15.0,TP_FIRST,-20.144973123840867,-6.520221446084927,13.62475167775594,63,1,1,0,0,1,-49.074840753076984
PRIMARY,195,000628.SZ,2023-12-14,-15.0,TP_FIRST,44.67924500816973,-2.9164858547928216,-47.595730862962554,37,1,1,0,0,1,-39.992579634592374
PRIMARY,196,000625.SZ,2024-01-04,-15.0,TP_FIRST,12.686864654118965,-6.609379345243248,-19.29624399936221,22,1,1,0,0,1,-24.25874529738413
PRIMARY,197,301236.SZ,2024-01-22,-15.0,TP_FIRST,15.202767971466354,-15.171590788411638,-30.374358759877992,8,1,1,0,0,0,-20.518249818689295
PRIMARY,198,002555.SZ,2023-12-25,-15.0,TP_FIRST,17.471539089853273,-6.544150656871879,-24.01568974672515,30,1,1,0,0,1,-18.06601865960579
PRIMARY,199,000661.SZ,2024-01-12,-15.0,TP_FIRST,5.324721980411358,-14.784858499297815,-20.109580479709173,15,1,1,0,0,0,-15.088906432452676
PRIMARY,200,300033.SZ,2024-01-16,-15.0,TP_FIRST,11.478914185701258,-12.782401007813021,-24.261315193514278,12,1,1,0,0,0,-19.68785420497784
PRIMARY,201,002456.SZ,2023-12-14,-15.0,TP_FIRST,9.13490121758614,-5.394765430243031,-14.52966664782917,34,1,1,0,0,1,-32.75517367129328
PRIMARY,202,603259.SH,2024-01-30,-15.0,TP_FIRST,16.5357317467109,-8.096511509877566,-24.632243256588467,5,1,1,0,0,1,-19.366346576745652
PRIMARY,203,002594.SZ,2023-08-14,-15.0,TP_FIRST,-16.277210987224258,-12.880003875462071,3.397207111762187,68,1,1,0,0,0,-33.85103047938111
PRIMARY,204,601012.SH,2024-01-29,-15.0,TP_FIRST,15.268422377533785,15.268422377533785,0.0,24,0,0,0,0,0,-13.258914832233726
PRIMARY,205,002475.SZ,2024-01-17,-15.0,TP_FIRST,7.219372761109448,7.219372761109448,0.0,37,0,0,0,0,0,-11.861191429965057
PRIMARY,206,601318.SH,2024-03-22,-15.0,TP_FIRST,8.104543046068015,8.104543046068015,0.0,23,0,0,0,0,0,-6.965721129438385
PRIMARY,207,600519.SH,2024-04-08,-15.0,TP_FIRST,5.19682233937109,5.19682233937109,0.0,16,0,0,0,0,0,-1.7024675784346077
PRIMARY,208,000977.SZ,2024-04-10,-15.0,TP_FIRST,12.570545419631626,12.570545419631626,0.0,14,0,0,0,0,0,-8.98589486777226
PRIMARY,209,000628.SZ,2024-03-29,-15.0,TP_FIRST,-22.18874094507154,-9.409958033093613,12.778782911977927,7,1,1,0,0,1,-52.38614252495148
PRIMARY,210,002129.SZ,2024-01-30,-15.0,TP_FIRST,-6.5866863796632105,-11.577701345178326,-4.991014965515116,41,1,1,0,0,0,-23.270953005067007
PRIMARY,211,601138.SH,2024-05-31,-15.0,TP_FIRST,17.235953981802986,17.235953981802986,0.0,8,0,0,0,0,0,-0.1435072194053144
PRIMARY,212,002230.SZ,2024-04-23,-15.0,TP_FIRST,5.3407176576942215,5.3407176576942215,0.0,35,0,0,0,0,0,-3.192044234481095
PRIMARY,213,600919.SH,2024-04-26,-15.0,TP_FIRST,-3.22433989136676,-3.22433989136676,0.0,42,0,0,0,0,0,-6.245585876244874
PRIMARY,214,000977.SZ,2024-05-28,-15.0,TP_FIRST,4.476827597833199,4.476827597833199,0.0,28,0,0,0,0,0,-6.538088943116049
PRIMARY,215,000625.SZ,2024-04-16,-15.0,TP_FIRST,-3.5813249331349106,-7.06448482352471,-3.4831598903897993,35,1,1,0,0,1,-22.439671783461513
PRIMARY,216,000725.SZ,2024-05-28,-15.0,TP_FIRST,4.499483038676097,4.499483038676097,0.0,29,0,0,0,0,0,-5.704054833968886
PRIMARY,217,603019.SH,2024-03-27,-15.0,TP_FIRST,-3.1650656694684725,-9.11516363803275,-5.950097968564277,39,1,1,0,0,0,-19.720874640088848
PRIMARY,218,000858.SZ,2024-06-11,-15.0,TP_FIRST,-4.863606074584775,-4.863606074584775,0.0,25,0,0,0,0,0,-9.446093150024627
PRIMARY,219,600519.SH,2024-06-11,-15.0,TP_FIRST,0.5216824393800606,0.5216824393800606,0.0,27,0,0,0,0,0,-10.274440490341663
PRIMARY,220,300750.SZ,2024-06-07,-15.0,TP_FIRST,1.3901215027090492,1.3901215027090492,0.0,29,0,0,0,0,0,-9.524339063610821
PRIMARY,221,300059.SZ,2024-06-28,-15.0,TP_FIRST,3.9349979609446946,3.9349979609446946,0.0,22,0,0,0,0,0,-5.914697081934461
PRIMARY,222,601012.SH,2024-06-06,-15.0,TP_FIRST,-12.181185272863992,-14.151827050190505,-1.970641777326513,11,1,1,0,0,0,-25.1188709649811
PRIMARY,223,600519.SH,2024-07-30,-15.0,TP_FIRST,4.979956385509713,4.979956385509713,0.0,22,0,0,0,0,0,-0.09990187614892232
PRIMARY,224,002594.SZ,2024-08-02,-15.0,TP_FIRST,6.379967880191982,6.379967880191982,0.0,19,0,0,0,0,0,-3.2764151461084245
PRIMARY,225,002475.SZ,2024-08-05,-15.0,TP_FIRST,8.544910470004318,8.544910470004318,0.0,18,0,0,0,0,0,-3.167255709326977
PRIMARY,226,002466.SZ,2024-04-25,-15.0,TP_FIRST,-13.212317215788726,-5.973155935255668,7.239161280533058,83,1,1,0,0,1,-36.23508762311697
PRIMARY,227,300502.SZ,2024-07-25,-15.0,TP_FIRST,13.964744747831642,13.964744747831642,0.0,35,0,0,0,0,0,-12.266195988559547
PRIMARY,228,601919.SH,2024-07-08,-15.0,TP_FIRST,1.7285541339282333,-6.161221536821402,-7.889775670749636,46,1,1,0,0,1,-19.814263643782315
PRIMARY,229,000063.SZ,2024-08-22,-15.0,TP_FIRST,3.3955801711335427,3.3955801711335427,0.0,19,0,0,0,0,0,-3.013656189391656
PRIMARY,230,601138.SH,2024-07-18,-15.0,TP_FIRST,-2.550959931032771,-5.775508614031174,-3.2245486829984027,37,1,1,0,0,1,-27.58542866236795
PRIMARY,231,300308.SZ,2024-07-25,-15.0,TP_FIRST,7.199933708510119,-7.567428195384044,-14.767361903894162,28,1,1,0,0,1,-20.412077421209307
PRIMARY,232,601899.SH,2024-07-23,-15.0,TP_FIRST,11.302372099604602,-8.25431665114376,-19.556688750748364,35,1,1,0,0,0,-15.34301819528009
PRIMARY,233,601127.SH,2024-08-28,-15.0,TP_FIRST,11.860904824260553,11.860904824260553,0.0,17,0,0,0,0,0,-0.6937050159442237
PRIMARY,234,600036.SH,2024-09-09,-15.0,TP_FIRST,12.650986424212693,12.650986424212693,0.0,9,0,0,0,0,0,-1.1566935372865572
PRIMARY,235,000858.SZ,2024-08-22,-15.0,TP_FIRST,9.447704740723928,9.447704740723928,0.0,22,0,0,0,0,0,-11.92058204560389
PRIMARY,236,600809.SH,2024-08-28,-15.0,TP_FIRST,10.265232797714383,10.265232797714383,0.0,18,0,0,0,0,0,-9.343746064530556
PRIMARY,237,600519.SH,2024-09-09,-15.0,TP_FIRST,13.065449104192647,13.065449104192647,0.0,10,0,0,0,0,0,-9.155678699288794
PRIMARY,238,600276.SH,2024-09-20,-15.0,TP_FIRST,7.0921102706178285,7.0921102706178285,0.0,3,0,0,0,0,0,-1.5909424566413088
PRIMARY,239,000100.SZ,2024-05-07,-15.0,TP_FIRST,6.430946014868081,-4.512477519134546,-10.943423534002626,94,1,1,0,0,1,-22.85372018914835
PRIMARY,240,688012.SH,2024-08-23,-15.0,TP_FIRST,8.980679975166685,8.980679975166685,0.0,22,0,0,0,0,0,-11.105843309233144
PRIMARY,241,688256.SH,2024-09-05,-15.0,TP_FIRST,22.25002533076108,22.25002533076108,0.0,14,0,0,0,0,0,-3.4709343344747623
PRIMARY,242,600900.SH,2024-09-11,-15.0,TP_FIRST,8.228584541518643,8.228584541518643,0.0,10,0,0,0,0,0,-0.35235825269818166
PRIMARY,243,600150.SH,2024-09-19,-15.0,TP_FIRST,4.47320430931633,4.47320430931633,0.0,58,0,0,0,0,0,-6.4123490487716595
PRIMARY,244,600418.SH,2024-11-27,-15.0,TP_FIRST,19.31501930377224,19.31501930377224,0.0,38,0,0,0,0,0,-4.031151825779977
PRIMARY,245,603019.SH,2025-01-02,-15.0,TP_FIRST,7.198386187683706,7.198386187683706,0.0,17,0,0,0,0,0,-10.82782494103971
PRIMARY,246,600030.SH,2024-12-31,-15.0,TP_FIRST,-0.029241512213777625,-0.029241512213777625,0.0,20,0,0,0,0,0,-9.821028359452445
PRIMARY,247,300059.SZ,2025-01-02,-15.0,TP_FIRST,5.568619214325684,5.568619214325684,0.0,19,0,0,0,0,0,-10.373910853057232
PRIMARY,248,300033.SZ,2025-01-02,-15.0,TP_FIRST,23.218740081380986,23.218740081380986,0.0,19,0,0,0,0,0,-8.449836646713571
PRIMARY,249,300750.SZ,2025-01-07,-15.0,TP_FIRST,8.716235937905914,8.716235937905914,0.0,21,0,0,0,0,0,-2.061431530740332
PRIMARY,250,000858.SZ,2025-01-06,-15.0,TP_FIRST,1.2030252662316376,1.2030252662316376,0.0,23,0,0,0,0,0,-5.193889847781408
PRIMARY,251,688256.SH,2025-01-16,-15.0,TP_FIRST,19.16467811575612,19.16467811575612,0.0,19,0,0,0,0,0,-4.483732441599764
PRIMARY,252,600519.SH,2025-01-03,-15.0,TP_FIRST,4.558943908999476,4.558943908999476,0.0,33,0,0,0,0,0,-3.7431935053504506
PRIMARY,253,688256.SH,2025-03-25,-15.0,TP_FIRST,8.922494348994318,-15.171590788411645,-24.094085137405962,7,1,1,0,0,0,-17.216747908844678
PRIMARY,254,002261.SZ,2025-03-24,-15.0,TP_FIRST,2.6716085217561965,-15.975391202322417,-18.64699972407861,8,1,1,0,0,1,-27.78696429320907
PRIMARY,255,600989.SH,2025-03-28,-15.0,TP_FIRST,6.913448021154776,6.913448021154776,0.0,20,0,0,0,0,0,-8.97260383386529
PRIMARY,256,000063.SZ,2025-03-03,-15.0,TP_FIRST,2.6037524048102836,-5.994255804511984,-8.598008209322268,26,1,1,0,0,1,-20.196827200957447
PRIMARY,257,600050.SH,2025-03-19,-15.0,TP_FIRST,-4.102896566069308,-4.102896566069308,0.0,30,0,0,0,0,0,-12.91204099525517
PRIMARY,258,300846.SZ,2025-03-25,-15.0,TP_FIRST,-3.7770156011244347,-11.04087004474754,-7.2638544436231065,9,1,1,0,0,1,-31.401379445935305
PRIMARY,259,300059.SZ,2025-04-01,-15.0,TP_FIRST,5.1627907747067665,-9.708805284844349,-14.871596059551116,4,1,1,0,0,0,-18.189916816625797
PRIMARY,260,002475.SZ,2025-04-02,-15.0,TP_FIRST,3.6625597634810965,-4.408565470368695,-8.071125233849791,4,1,1,0,0,1,-27.255123038788852
PRIMARY,261,300308.SZ,2025-01-10,-15.0,TP_FIRST,0.7734206644023827,-3.648499949832801,-4.421920614235184,56,1,1,0,0,1,-39.080885586063495
PRIMARY,262,300502.SZ,2025-02-28,-15.0,TP_FIRST,28.725713357688992,-0.4122799177202055,-29.137993275409197,27,1,1,0,0,1,-31.75728487388515
PRIMARY,263,300750.SZ,2025-04-01,-15.0,TP_FIRST,7.81936272756536,-6.986773859881362,-14.806136587446723,5,1,1,0,0,0,-16.506355111574443
PRIMARY,264,601318.SH,2025-04-07,-15.0,TP_FIRST,6.926822925723594,6.926822925723594,0.0,19,0,0,0,0,0,-1.0258567917744377
PRIMARY,265,600036.SH,2025-04-07,-15.0,TP_FIRST,5.565919809741665,5.565919809741665,0.0,19,0,0,0,0,0,-1.275773669536573
PRIMARY,266,002594.SZ,2025-04-08,-15.0,TP_FIRST,17.218917139643203,17.218917139643203,0.0,21,0,0,0,0,0,-2.0179308927128603
PRIMARY,267,601658.SH,2025-03-28,-15.0,TP_FIRST,3.737034722718007,3.737034722718007,0.0,28,0,0,0,0,0,-5.998762052795592
PRIMARY,268,600309.SH,2025-04-15,-15.0,TP_FIRST,2.8522101436284233,2.8522101436284233,0.0,18,0,0,0,0,0,-4.325283052386664
PRIMARY,269,601899.SH,2025-04-07,-15.0,TP_FIRST,18.75276321406046,18.75276321406046,0.0,28,0,0,0,0,0,-2.3499050474409477
PRIMARY,270,603259.SH,2025-04-08,-15.0,TP_FIRST,27.365745385479556,27.365745385479556,0.0,29,0,0,0,0,0,-2.7478554733693317
PRIMARY,271,688981.SH,2025-04-01,-15.0,TP_FIRST,-0.3367121465143475,-0.3367121465143475,0.0,53,0,0,0,0,0,-10.022828466095346
PRIMARY,272,688256.SH,2025-05-27,-15.0,TP_FIRST,2.4520211429184493,2.4520211429184493,0.0,20,0,0,0,0,0,-9.161551567123071
PRIMARY,273,000858.SZ,2025-06-13,-15.0,TP_FIRST,2.9441509741563254,2.9441509741563254,0.0,17,0,0,0,0,0,-0.8036010497183277
PRIMARY,274,600519.SH,2025-06-13,-15.0,TP_FIRST,1.571155348492451,1.571155348492451,0.0,18,0,0,0,0,0,-0.18545542382252256
PRIMARY,275,300308.SZ,2025-10-14,-15.0,TP_FIRST,37.312191378736536,37.312191378736536,0.0,7,0,0,0,0,0,-2.4164241555545862
PRIMARY,276,002460.SZ,2025-11-24,-15.0,TP_FIRST,9.614217661278927,9.614217661278927,0.0,19,0,0,0,0,0,-1.7925475782034406
PRIMARY,277,601138.SH,2025-11-24,-15.0,TP_FIRST,19.316165850131622,19.316165850131622,0.0,22,0,0,0,0,0,-2.475096837577462
PRIMARY,278,300502.SZ,2026-01-12,-15.0,TP_FIRST,18.325572753597463,18.325572753597463,0.0,14,0,0,0,0,0,-2.8874334496876597
PRIMARY,279,300750.SZ,2025-11-21,-15.0,TP_FIRST,1.7797735978262685,1.7797735978262685,0.0,52,0,0,0,0,0,-11.001248680259001
PRIMARY,280,300274.SZ,2025-12-16,-15.0,TP_FIRST,-0.04130443998742119,-0.04130443998742119,0.0,52,0,0,0,0,0,-13.261308807790783
PRIMARY,281,300308.SZ,2026-02-06,-15.0,TP_FIRST,3.437565472561077,3.437565472561077,0.0,21,0,0,0,0,0,-9.894027541086349
PRIMARY,282,002475.SZ,2026-01-08,-15.0,TP_FIRST,1.540552873571203,-9.130039604790545,-10.670592478361748,34,1,1,0,0,1,-18.823201056328863
PRIMARY,283,601138.SH,2026-01-29,-15.0,TP_FIRST,3.823418044659373,-8.59911329191619,-12.422531336575563,32,1,1,0,0,0,-17.012814423960076
PRIMARY,284,688256.SH,2026-02-03,-15.0,TP_FIRST,12.397855616133041,12.397855616133041,0.0,38,0,0,0,0,0,-12.087912087912079
PRIMARY,285,601899.SH,2026-03-16,-15.0,TP_FIRST,9.119263883295172,9.119263883295172,0.0,20,0,0,0,0,0,-14.280941525906998
PRIMARY,286,603986.SH,2026-03-31,-15.0,TP_FIRST,19.7457903723054,19.7457903723054,0.0,13,0,0,0,0,0,-2.865134133444669
PRIMARY,287,300059.SZ,2026-03-20,-15.0,TP_FIRST,8.424165896338625,8.424165896338625,0.0,31,0,0,0,0,0,-7.322200643291355
PRIMARY,288,300274.SZ,2026-04-01,-15.0,TP_FIRST,13.077001683310016,13.077001683310016,0.0,23,0,0,0,0,0,-7.472322364359973
PRIMARY,289,300274.SZ,2026-07-01,-15.0,TP_FIRST,-8.358514552822074,-12.07697292037758,-3.718458367555506,6,1,1,0,0,0,-26.27934444027391
PRIMARY,290,600487.SH,2026-07-06,-15.0,TP_FIRST,-17.707576907721744,-11.680844005225763,6.026732902495981,4,1,1,0,0,0,-46.153139444336865
PRIMARY,291,688525.SH,2026-07-15,-15.0,TP_FIRST,-19.368418251981645,-11.612795160088417,7.755623091893227,3,1,1,0,0,1,-34.73193473193472
PRIMARY,292,688008.SH,2026-07-16,-15.0,TP_FIRST,-3.6609369962131426,-3.6609369962131426,0.0,27,0,0,0,0,0,-12.165294341773524
PRIMARY,293,688256.SH,2026-07-16,-15.0,TP_FIRST,-7.309240157764709,-4.172195268915839,3.1370448888488696,27,1,1,1,0,1,-25.153710642669623
PRIMARY,294,300308.SZ,2026-07-17,-15.0,TP_FIRST,-11.744158826402947,-8.714702438380588,3.029456388022359,10,1,1,0,0,0,-22.96628924619374
PRIMARY,295,600584.SH,2026-07-20,-15.0,TP_FIRST,-3.746170199653699,-15.171590788411624,-11.425420588757925,7,1,1,0,0,0,-20.75720869405966
PRIMARY,296,300502.SZ,2026-07-28,-15.0,TP_FIRST,-3.1289001702402826,-3.1289001702402826,0.0,19,0,0,0,0,0,-14.854383942881455
PRIMARY,297,002384.SZ,2026-07-29,-15.0,TP_FIRST,6.860142611567042,6.860142611567042,0.0,18,0,0,0,0,0,-9.217430672804971
PRIMARY,298,002475.SZ,2026-08-03,-15.0,TP_FIRST,1.2862198685484683,1.2862198685484683,0.0,15,0,0,0,0,0,-4.021902045888859
PRIMARY,299,600276.SH,2026-08-20,-15.0,TP_FIRST,-2.438053366642191,-2.438053366642191,0.0,2,0,0,0,0,0,-4.81585777507767
PRIMARY,1,000651.SZ,2020-03-19,-17.5,STOP_FIRST,8.76502998612771,8.76502998612771,0.0,15,0,0,0,0,0,-3.253806511060575
PRIMARY,2,600030.SH,2020-03-16,-17.5,STOP_FIRST,1.2152522266729697,1.2152522266729697,0.0,19,0,0,0,0,0,-7.086832162571954
PRIMARY,3,300750.SZ,2020-02-28,-17.5,STOP_FIRST,-1.0193924653390611,-12.591651482101332,-11.57225901676227,12,1,1,0,0,0,-24.419958905481774
PRIMARY,4,601318.SH,2020-02-28,-17.5,STOP_FIRST,-1.3453625770562572,-1.3453625770562572,0.0,33,0,0,0,0,0,-15.814522556095568
PRIMARY,5,600036.SH,2020-03-19,-17.5,STOP_FIRST,10.683448687695108,10.683448687695108,0.0,25,0,0,0,0,0,-0.09990265754196148
PRIMARY,6,002475.SZ,2020-03-17,-17.5,STOP_FIRST,14.92275528149982,14.92275528149982,0.0,28,0,0,0,0,0,-11.112505536775796
PRIMARY,7,000858.SZ,2020-03-17,-17.5,STOP_FIRST,26.82736619482785,26.82736619482785,0.0,28,0,0,0,0,0,-12.958069092199342
PRIMARY,8,000063.SZ,2020-03-17,-17.5,STOP_FIRST,3.2396956676295363,3.2396956676295363,0.0,32,0,0,0,0,0,-10.59060271470772
PRIMARY,9,000725.SZ,2020-03-16,-17.5,STOP_FIRST,4.611959703094805,-9.730920429386055,-14.342880132480861,31,1,1,0,0,0,-20.127607365604128
PRIMARY,10,002506.SZ,2020-03-26,-17.5,STOP_FIRST,-6.524016348081019,-9.80114132657298,-3.277124978491961,23,1,1,0,0,1,-31.211643047504246
PRIMARY,11,600519.SH,2020-03-18,-17.5,STOP_FIRST,39.54846152311298,39.54846152311298,0.0,48,0,0,0,0,0,-3.505987509815356
PRIMARY,12,000002.SZ,2020-03-18,-17.5,STOP_FIRST,4.681297620587952,4.681297620587952,0.0,49,0,0,0,0,0,-6.372695888701285
PRIMARY,13,002714.SZ,2020-05-11,-17.5,STOP_FIRST,-37.346517858183255,-39.08929023133747,-1.7427723731542173,17,1,1,0,0,1,-43.62347582705105
PRIMARY,14,000063.SZ,2020-05-25,-17.5,STOP_FIRST,8.355437860095789,8.355437860095789,0.0,17,0,0,0,0,0,-5.214052830367422
PRIMARY,15,002415.SZ,2020-05-25,-17.5,STOP_FIRST,7.15509150196319,7.15509150196319,0.0,17,0,0,0,0,0,-2.5965128554330974
PRIMARY,16,600703.SH,2020-06-15,-17.5,STOP_FIRST,15.534542524394753,15.534542524394753,0.0,12,0,0,0,0,0,-1.7232235549681896
PRIMARY,17,600030.SH,2020-09-07,-17.5,STOP_FIRST,3.3416942678344705,3.3416942678344705,0.0,18,0,0,0,0,0,-2.3347247522243597
PRIMARY,18,300059.SZ,2020-09-09,-17.5,STOP_FIRST,4.052671012057143,4.052671012057143,0.0,16,0,0,0,0,0,-5.835594827212354
PRIMARY,19,600276.SH,2020-09-17,-17.5,STOP_FIRST,7.964121567403469,7.964121567403469,0.0,10,0,0,0,0,0,-0.30802389658590723
PRIMARY,20,000063.SZ,2020-09-10,-17.5,STOP_FIRST,8.16654508112372,8.16654508112372,0.0,16,0,0,0,0,0,-2.1893558485753473
PRIMARY,21,000651.SZ,2020-09-28,-17.5,STOP_FIRST,7.18749636223901,7.18749636223901,0.0,5,0,0,0,0,0,-0.7920940870049797
PRIMARY,22,600036.SH,2020-09-30,-17.5,STOP_FIRST,8.189846606772502,8.189846606772502,0.0,5,0,0,0,0,0,-0.8409143929827279
PRIMARY,23,002456.SZ,2020-09-01,-17.5,STOP_FIRST,0.3287151054327302,0.3287151054327302,0.0,34,0,0,0,0,0,-16.877466166367018
PRIMARY,24,300136.SZ,2020-10-12,-17.5,STOP_FIRST,3.7523403888601528,3.7523403888601528,0.0,19,0,0,0,0,0,-11.264076050883421
PRIMARY,25,600030.SH,2020-10-26,-17.5,STOP_FIRST,5.218510332201447,5.218510332201447,0.0,19,0,0,0,0,0,-4.85376403171518
PRIMARY,26,000661.SZ,2020-09-16,-17.5,STOP_FIRST,10.365131138225253,10.365131138225253,0.0,47,0,0,0,0,0,-10.396266523703268
PRIMARY,27,600745.SH,2020-09-08,-17.5,STOP_FIRST,1.4169185149017833,-10.878336468413863,-12.295254983315647,25,1,1,0,0,0,-24.96934183424869
PRIMARY,28,601012.SH,2020-11-13,-17.5,STOP_FIRST,11.570904483395198,11.570904483395198,0.0,17,0,0,0,0,0,-7.125413198287678
PRIMARY,29,300122.SZ,2020-11-11,-17.5,STOP_FIRST,21.594186068179752,21.594186068179752,0.0,27,0,0,0,0,0,-14.25593292277403
PRIMARY,30,002475.SZ,2020-11-16,-17.5,STOP_FIRST,4.922943424348968,4.922943424348968,0.0,26,0,0,0,0,0,-6.247600021016375
PRIMARY,31,002241.SZ,2020-11-16,-17.5,STOP_FIRST,2.7641560070263713,2.7641560070263713,0.0,28,0,0,0,0,0,-8.190219287755895
PRIMARY,32,000651.SZ,2020-12-09,-17.5,STOP_FIRST,4.778058019478602,4.778058019478602,0.0,17,0,0,0,0,0,-6.9491076663235285
PRIMARY,33,688981.SH,2020-12-16,-17.5,STOP_FIRST,16.521188858697652,16.521188858697652,0.0,16,0,0,0,0,0,-4.393704306917501
PRIMARY,34,601318.SH,2021-01-28,-17.5,STOP_FIRST,9.42474089385644,9.42474089385644,0.0,14,0,0,0,0,0,-7.015107202120719
PRIMARY,35,300059.SZ,2021-02-22,-17.5,STOP_FIRST,-9.75617275607125,-13.577075824857884,-3.8209030687866345,10,1,1,0,0,0,-21.294436987155805
PRIMARY,36,000333.SZ,2021-02-22,-17.5,STOP_FIRST,1.124921971714471,1.124921971714471,0.0,28,0,0,0,0,0,-11.037863818654303
PRIMARY,37,000858.SZ,2021-03-08,-17.5,STOP_FIRST,16.23467230378328,16.23467230378328,0.0,18,0,0,0,0,0,-5.053624061888506
PRIMARY,38,600030.SH,2021-03-01,-17.5,STOP_FIRST,-1.7719464410848904,-1.7719464410848904,0.0,24,0,0,0,0,0,-9.731175855642116
PRIMARY,39,601012.SH,2021-03-04,-17.5,STOP_FIRST,2.8151228530517156,-14.902711480219399,-17.717834333271114,12,1,1,0,0,0,-20.33269501471261
PRIMARY,40,002241.SZ,2021-01-29,-17.5,STOP_FIRST,-2.3809753380773024,-8.70335587407288,-6.322380535995578,27,1,1,0,0,1,-24.32266643437805
PRIMARY,41,300750.SZ,2021-01-29,-17.5,STOP_FIRST,2.6778263400166544,-13.707578273059898,-16.385404613076552,21,1,1,0,0,0,-20.744980856829066
PRIMARY,42,002475.SZ,2021-01-28,-17.5,STOP_FIRST,-17.795635461958412,-7.924437315837402,9.87119814612101,28,1,1,0,0,1,-38.05999710973133
PRIMARY,43,600438.SH,2021-03-05,-17.5,STOP_FIRST,-2.082117681436346,-12.617630013664312,-10.535512332227967,5,1,1,0,0,0,-21.900640918932147
PRIMARY,44,300014.SZ,2021-03-23,-17.5,STOP_FIRST,20.343646524893185,20.343646524893185,0.0,18,0,0,0,0,0,-1.1328405715407053
PRIMARY,45,601899.SH,2021-03-24,-17.5,STOP_FIRST,13.67315267261283,13.67315267261283,0.0,17,0,0,0,0,0,-0.5227592786883895
PRIMARY,46,601166.SH,2021-04-15,-17.5,STOP_FIRST,10.16039399503804,10.16039399503804,0.0,15,0,0,0,0,0,-2.3887839446735004
PRIMARY,47,600276.SH,2021-04-15,-17.5,STOP_FIRST,2.9762113310555116,2.9762113310555116,0.0,18,0,0,0,0,0,-5.364820806114978
PRIMARY,48,002352.SZ,2021-04-12,-17.5,STOP_FIRST,1.806031845385725,1.806031845385725,0.0,22,0,0,0,0,0,-8.258407334556994
PRIMARY,49,600519.SH,2021-05-06,-17.5,STOP_FIRST,12.309433820124724,12.309433820124724,0.0,12,0,0,0,0,0,-5.132526010090399
PRIMARY,50,600031.SH,2021-03-09,-17.5,STOP_FIRST,2.027751640672817,-3.5239694200213494,-5.551721060694167,44,1,1,0,0,1,-27.978387085265844
PRIMARY,51,600009.SH,2021-02-03,-17.5,STOP_FIRST,-1.1354409255495685,-11.049686471188604,-9.914245545639035,58,1,1,0,0,1,-22.985275095121573
PRIMARY,52,002594.SZ,2021-02-24,-17.5,STOP_FIRST,16.160298578230066,-9.02493000921113,-25.185228587441195,49,1,1,0,0,1,-34.73181070183321
PRIMARY,53,002340.SZ,2021-06-07,-17.5,STOP_FIRST,5.290865136021748,5.290865136021748,0.0,19,0,0,0,0,0,-11.268220523967209
PRIMARY,54,000661.SZ,2021-05-24,-17.5,STOP_FIRST,3.543179209088439,3.543179209088439,0.0,38,0,0,0,0,0,-16.869230019043936
PRIMARY,55,002594.SZ,2021-07-16,-17.5,STOP_FIRST,25.77910857036041,25.77910857036041,0.0,10,0,0,0,0,0,-2.6882194842621776
PRIMARY,56,600031.SH,2021-06-11,-17.5,STOP_FIRST,4.433342850860986,4.433342850860986,0.0,35,0,0,0,0,0,-15.123799665013548
PRIMARY,57,002241.SZ,2021-07-22,-17.5,STOP_FIRST,10.273218124699701,10.273218124699701,0.0,9,0,0,0,0,0,-7.886693775763421
PRIMARY,58,600036.SH,2021-07-08,-17.5,STOP_FIRST,8.736132867824947,8.736132867824947,0.0,28,0,0,0,0,0,-10.298243793004092
PRIMARY,59,300782.SZ,2021-07-13,-17.5,STOP_FIRST,4.700284102162052,4.700284102162052,0.0,29,0,0,0,0,0,-10.944165622271129
PRIMARY,60,601919.SH,2021-07-23,-17.5,STOP_FIRST,21.9399821535198,21.9399821535198,0.0,25,0,0,0,0,0,-13.003666576368966
PRIMARY,61,002460.SZ,2021-08-16,-17.5,STOP_FIRST,24.025427124052413,24.025427124052413,0.0,9,0,0,0,0,0,-2.17885582383488
PRIMARY,62,300750.SZ,2021-07-27,-17.5,STOP_FIRST,8.626053858905106,8.626053858905106,0.0,34,0,0,0,0,0,-5.360767280539502
PRIMARY,63,300760.SZ,2021-08-20,-17.5,STOP_FIRST,25.243095200327115,25.243095200327115,0.0,19,0,0,0,0,0,-1.3648131532456809
PRIMARY,64,600519.SH,2021-07-26,-17.5,STOP_FIRST,2.091334708861519,2.091334708861519,0.0,41,0,0,0,0,0,-15.47553943560599
PRIMARY,65,002714.SZ,2021-05-24,-17.5,STOP_FIRST,-18.715268930191936,-6.419125730570796,12.29614319962114,42,1,1,0,0,1,-56.67478900029019
PRIMARY,66,000858.SZ,2021-07-08,-17.5,STOP_FIRST,-7.6342909419297795,-6.865051600337567,0.769239341592213,32,1,1,0,0,1,-28.655500122152368
PRIMARY,67,002594.SZ,2021-09-29,-17.5,STOP_FIRST,17.089129638620165,17.089129638620165,0.0,6,0,0,0,0,0,-0.5192972651856032
PRIMARY,68,601318.SH,2021-03-18,-17.5,STOP_FIRST,-28.116081051784203,-10.383466538024347,17.732614513759856,59,1,1,0,0,1,-41.80696245003698
PRIMARY,69,000651.SZ,2021-05-25,-17.5,STOP_FIRST,-19.03127753582529,-7.984553930465259,11.04672360536003,63,1,1,0,0,1,-33.090168102543274
PRIMARY,70,000333.SZ,2021-07-05,-17.5,STOP_FIRST,11.175030722164129,11.175030722164129,0.0,71,0,0,0,0,0,-9.770984837876318
PRIMARY,71,600111.SH,2021-09-29,-17.5,STOP_FIRST,22.277893313169177,22.277893313169177,0.0,12,0,0,0,0,0,-3.6351512387024387
PRIMARY,72,600089.SH,2021-10-08,-17.5,STOP_FIRST,21.757208672823793,21.757208672823793,0.0,12,0,0,0,0,0,-5.355399017850127
PRIMARY,73,002466.SZ,2021-09-22,-17.5,STOP_FIRST,5.276533723848393,-12.963513763104412,-18.240047486952804,8,1,1,0,0,0,-18.18048772561611
PRIMARY,74,000858.SZ,2021-11-01,-17.5,STOP_FIRST,7.772649549904674,7.772649549904674,0.0,16,0,0,0,0,0,-2.695601939103509
PRIMARY,75,603259.SH,2021-11-04,-17.5,STOP_FIRST,10.333997515607747,10.333997515607747,0.0,15,0,0,0,0,0,-4.388640111365582
PRIMARY,76,601919.SH,2021-09-28,-17.5,STOP_FIRST,3.0377221934720415,-8.410633073833191,-11.448355267305232,30,1,1,0,0,1,-19.410201081693145
PRIMARY,77,600030.SH,2021-11-16,-17.5,STOP_FIRST,7.942169042945349,7.942169042945349,0.0,13,0,0,0,0,0,-1.3115665629502171
PRIMARY,78,000651.SZ,2021-10-27,-17.5,STOP_FIRST,3.7666645298140864,3.7666645298140864,0.0,30,0,0,0,0,0,-6.591904190897946
PRIMARY,79,600036.SH,2021-11-26,-17.5,STOP_FIRST,7.780249533285357,7.780249533285357,0.0,8,0,0,0,0,0,-2.0264594890360255
PRIMARY,80,600036.SH,2021-12-29,-17.5,STOP_FIRST,5.516341863497587,5.516341863497587,0.0,14,0,0,0,0,0,-0.892595978810895
PRIMARY,81,002129.SZ,2021-12-01,-17.5,STOP_FIRST,7.212021342950852,7.212021342950852,0.0,38,0,0,0,0,0,-10.209695479014202
PRIMARY,82,600030.SH,2022-01-14,-17.5,STOP_FIRST,1.0102995428563417,1.0102995428563417,0.0,9,0,0,0,0,0,-4.115180796829354
PRIMARY,83,601888.SH,2021-11-02,-17.5,STOP_FIRST,7.8045788936873635,-9.37235591334958,-17.176934807036943,54,1,1,0,0,0,-17.76278012400819
PRIMARY,84,600111.SH,2021-12-24,-17.5,STOP_FIRST,10.927469701064592,10.927469701064592,0.0,31,0,0,0,0,0,-16.158101136300374
PRIMARY,85,000792.SZ,2022-01-20,-17.5,STOP_FIRST,18.801769360068377,18.801769360068377,0.0,13,0,0,0,0,0,-2.101609531796167
PRIMARY,86,002460.SZ,2021-12-20,-17.5,STOP_FIRST,7.327370162653349,7.327370162653349,0.0,36,0,0,0,0,0,-13.694999767838578
PRIMARY,87,002466.SZ,2021-12-20,-17.5,STOP_FIRST,1.837573601773871,-11.669621002030635,-13.507194603804505,22,1,1,0,0,0,-19.98566660073482
PRIMARY,88,000661.SZ,2022-01-24,-17.5,STOP_FIRST,11.89884859958246,11.89884859958246,0.0,17,0,0,0,0,0,-4.775620293737893
PRIMARY,89,601012.SH,2021-12-01,-17.5,STOP_FIRST,6.472325573333965,-10.522791751002604,-16.99511732433657,46,1,1,0,0,1,-23.797689806559163
PRIMARY,90,603259.SH,2021-12-20,-17.5,STOP_FIRST,12.254494786218984,-7.428609741149876,-19.68310452736886,33,1,1,0,0,1,-28.86139126771904
PRIMARY,91,000002.SZ,2022-03-04,-17.5,STOP_FIRST,14.88504791739044,-10.65917759570034,-25.54422551309078,7,1,1,0,0,1,-22.246037106497695
PRIMARY,92,300059.SZ,2022-01-05,-17.5,STOP_FIRST,-5.7513210082683415,-5.878718921925144,-0.12739791365680286,44,1,1,0,0,1,-34.89656169461941
PRIMARY,93,600519.SH,2022-01-07,-17.5,STOP_FIRST,0.9984159395398549,0.9984159395398549,0.0,61,0,0,0,0,0,-17.458488731459298
PRIMARY,94,601888.SH,2022-03-14,-17.5,STOP_FIRST,7.812849493656972,7.812849493656972,0.0,20,0,0,0,0,0,-8.439813952671848
PRIMARY,95,002594.SZ,2021-12-16,-17.5,STOP_FIRST,-1.5968178542206901,-9.102661601521108,-7.505843747300418,52,1,1,0,0,1,-26.330714118353036
PRIMARY,96,000625.SZ,2021-11-16,-17.5,STOP_FIRST,-22.229994518631575,-7.357546962952237,14.872447555679337,74,1,1,0,0,1,-53.29984290867762
PRIMARY,97,002475.SZ,2022-02-08,-17.5,STOP_FIRST,-17.15409169654668,-7.687544062575783,9.466547633970897,36,1,1,0,0,1,-40.77681436537638
PRIMARY,98,002466.SZ,2022-04-25,-17.5,STOP_FIRST,41.854779546894,41.854779546894,0.0,8,0,0,0,0,0,-3.4110472521140522
PRIMARY,99,300274.SZ,2021-12-21,-17.5,STOP_FIRST,-25.58857835409347,-4.381392070383629,21.20718628370984,63,1,1,0,0,1,-58.717689038471335
PRIMARY,100,002460.SZ,2022-03-08,-17.5,STOP_FIRST,17.706849570514894,-7.597727763807462,-25.304577334322357,33,1,1,0,0,1,-28.642784574491998
PRIMARY,101,000858.SZ,2022-01-28,-17.5,STOP_FIRST,-8.807756178930596,-8.83259518194644,-0.02483900301584363,24,1,1,0,0,0,-25.5194802146096
PRIMARY,102,300014.SZ,2022-03-03,-17.5,STOP_FIRST,26.31764601662993,-11.97037092349243,-38.28801694012236,36,1,1,0,0,1,-32.624915571840454
PRIMARY,103,300750.SZ,2021-12-20,-17.5,STOP_FIRST,-14.232912370394569,-7.284848326216318,6.948064044178251,73,1,1,0,0,1,-41.8073675499418
PRIMARY,104,601012.SH,2022-03-29,-17.5,STOP_FIRST,-12.752364240157288,-11.1550056873183,1.5973585528389886,18,1,1,0,0,1,-24.82075936524716
PRIMARY,105,002415.SZ,2022-05-06,-17.5,STOP_FIRST,3.5450375895839463,3.5450375895839463,0.0,19,0,0,0,0,0,-8.562023743217374
PRIMARY,106,600276.SH,2022-01-13,-17.5,STOP_FIRST,-29.55698724716474,-12.474446451701764,17.082540795462975,33,1,1,0,0,1,-42.610580908453244
PRIMARY,107,601318.SH,2022-03-15,-17.5,STOP_FIRST,-0.3864474449981416,-0.3864474449981416,0.0,55,0,0,0,0,0,-2.315282705156485
PRIMARY,108,600036.SH,2022-03-07,-17.5,STOP_FIRST,-6.245523329299984,-11.209402594547717,-4.963879265247733,33,1,1,0,0,0,-24.345417637488787
PRIMARY,109,300122.SZ,2022-04-14,-17.5,STOP_FIRST,-6.645958234266682,-9.552015925375155,-2.9060576911084732,28,1,1,0,0,1,-28.79470109263167
PRIMARY,110,002241.SZ,2022-06-23,-17.5,STOP_FIRST,2.8400230023871615,2.8400230023871615,0.0,30,0,0,0,0,0,-5.007927632982501
PRIMARY,111,002466.SZ,2022-08-19,-17.5,STOP_FIRST,13.385590477234006,13.385590477234006,0.0,2,0,0,0,0,0,-2.8634236347626074
PRIMARY,112,600036.SH,2022-07-13,-17.5,STOP_FIRST,-1.5651520516643562,-1.5651520516643562,0.0,34,0,0,0,0,0,-12.409355098525655
PRIMARY,113,601888.SH,2022-08-08,-17.5,STOP_FIRST,7.1858432781792185,7.1858432781792185,0.0,33,0,0,0,0,0,-8.133019118063235
PRIMARY,114,000858.SZ,2022-07-29,-17.5,STOP_FIRST,-2.4673011477159523,-2.4673011477159523,0.0,40,0,0,0,0,0,-12.093504633059515
PRIMARY,115,300274.SZ,2022-08-31,-17.5,STOP_FIRST,13.216110132265186,13.216110132265186,0.0,23,0,0,0,0,0,-6.803285897864219
PRIMARY,116,300760.SZ,2022-09-21,-17.5,STOP_FIRST,26.10435256088347,26.10435256088347,0.0,11,0,0,0,0,0,-2.945982270341807
PRIMARY,117,603259.SH,2022-07-27,-17.5,STOP_FIRST,-6.553924195303395,-10.184218440246537,-3.6302942449431423,35,1,1,0,0,1,-30.331191278374803
PRIMARY,118,601012.SH,2022-08-03,-17.5,STOP_FIRST,-1.5712301907594528,-11.083847219620406,-9.512617028860953,41,1,1,0,0,0,-20.79675190961924
PRIMARY,119,688599.SH,2022-08-19,-17.5,STOP_FIRST,4.900961296612725,4.900961296612725,0.0,42,0,0,0,0,0,-11.786057206268874
PRIMARY,120,002459.SZ,2022-08-19,-17.5,STOP_FIRST,5.627000867343111,5.627000867343111,0.0,42,0,0,0,0,0,-10.712385831051897
PRIMARY,121,601899.SH,2022-09-26,-17.5,STOP_FIRST,6.916188828671841,6.916188828671841,0.0,18,0,0,0,0,0,-3.33920245581949
PRIMARY,122,002460.SZ,2022-08-25,-17.5,STOP_FIRST,2.226213115920718,2.226213115920718,0.0,41,0,0,0,0,0,-16.759572939966095
PRIMARY,123,002271.SZ,2022-08-23,-17.5,STOP_FIRST,-5.965240206705305,-11.844042486242305,-5.878802279537,29,1,1,0,0,1,-29.215251654169816
PRIMARY,124,600703.SH,2022-09-20,-17.5,STOP_FIRST,1.4365619204532005,1.4365619204532005,0.0,26,0,0,0,0,0,-17.135927537327543
PRIMARY,125,002594.SZ,2022-07-12,-17.5,STOP_FIRST,-2.227087712436274,-10.647658065619654,-8.420570353183379,58,1,1,0,0,1,-23.762322609884045
PRIMARY,126,002466.SZ,2022-09-01,-17.5,STOP_FIRST,0.41755742217796255,0.41755742217796255,0.0,39,0,0,0,0,0,-17.18698543788346
PRIMARY,127,002050.SZ,2022-10-11,-17.5,STOP_FIRST,8.648758708124946,8.648758708124946,0.0,17,0,0,0,0,0,-7.919779995223497
PRIMARY,128,603799.SH,2022-09-29,-17.5,STOP_FIRST,1.9036214562895246,-16.02545110986104,-17.929072566150566,16,1,1,0,0,1,-18.54792363873298
PRIMARY,129,600030.SH,2022-09-16,-17.5,STOP_FIRST,3.2914258355483077,3.2914258355483077,0.0,34,0,0,0,0,0,-7.2317278605463
PRIMARY,130,600036.SH,2022-10-10,-17.5,STOP_FIRST,4.74708231806275,4.74708231806275,0.0,23,0,0,0,0,0,-17.352231797581
PRIMARY,131,601166.SH,2022-08-29,-17.5,STOP_FIRST,2.990941980494697,2.990941980494697,0.0,48,0,0,0,0,0,-11.758858159541209
PRIMARY,132,601318.SH,2022-10-24,-17.5,STOP_FIRST,11.54058817209945,11.54058817209945,0.0,14,0,0,0,0,0,-4.56589305883337
PRIMARY,133,000651.SZ,2022-10-31,-17.5,STOP_FIRST,11.08646263720554,11.08646263720554,0.0,9,0,0,0,0,0,-0.62111668689665
PRIMARY,134,300059.SZ,2022-08-02,-17.5,STOP_FIRST,1.3148602142200303,-8.303959730203607,-9.618819944423636,55,1,1,0,0,1,-28.41433393805436
PRIMARY,135,000625.SZ,2022-08-24,-17.5,STOP_FIRST,2.31475867645841,-5.645254882376351,-7.960013558834762,42,1,1,0,0,1,-27.190338345372766
PRIMARY,136,000858.SZ,2022-10-24,-17.5,STOP_FIRST,13.014502136358589,13.014502136358589,0.0,26,0,0,0,0,0,-6.076160549181053
PRIMARY,137,600519.SH,2022-09-05,-17.5,STOP_FIRST,-5.861614932184937,-14.045633436799484,-8.184018504614547,28,1,1,0,0,0,-27.44375317821398
PRIMARY,138,000568.SZ,2022-10-10,-17.5,STOP_FIRST,5.894426001503926,-7.779665765931913,-13.67409176743584,14,1,1,0,0,1,-26.23829865914583
PRIMARY,139,600887.SH,2022-10-20,-17.5,STOP_FIRST,6.706648715667189,-11.52567336948474,-18.232322085151928,8,1,1,0,0,0,-18.517421916247343
PRIMARY,140,002714.SZ,2022-10-26,-17.5,STOP_FIRST,5.23244617556544,5.23244617556544,0.0,28,0,0,0,0,0,-8.911088606217998
PRIMARY,141,300750.SZ,2022-09-01,-17.5,STOP_FIRST,-1.3981718838619202,-7.040866953006546,-5.642695069144626,36,1,1,0,0,1,-24.986572858520837
PRIMARY,142,002371.SZ,2022-10-12,-17.5,STOP_FIRST,10.597667780822029,10.597667780822029,0.0,44,0,0,0,0,0,-5.446303292394417
PRIMARY,143,603259.SH,2022-11-28,-17.5,STOP_FIRST,6.738265986701266,6.738265986701266,0.0,22,0,0,0,0,0,-2.1226976811561937
PRIMARY,144,600522.SH,2022-11-01,-17.5,STOP_FIRST,-5.676303523410963,-10.697449176321005,-5.021145652910041,20,1,1,0,0,1,-30.66339374603776
PRIMARY,145,300274.SZ,2022-12-06,-17.5,STOP_FIRST,12.35423017458993,12.35423017458993,0.0,18,0,0,0,0,0,-12.997661644686353
PRIMARY,146,002241.SZ,2022-11-11,-17.5,STOP_FIRST,8.552942953591648,8.552942953591648,0.0,37,0,0,0,0,0,-2.0552360649699564
PRIMARY,147,002812.SZ,2022-11-23,-17.5,STOP_FIRST,12.272962184274384,12.272962184274384,0.0,30,0,0,0,0,0,-7.454367889448843
PRIMARY,148,601012.SH,2022-12-22,-17.5,STOP_FIRST,11.348570853081775,11.348570853081775,0.0,17,0,0,0,0,0,-1.83945407826005
PRIMARY,149,000625.SZ,2022-12-28,-17.5,STOP_FIRST,15.403895272762636,15.403895272762636,0.0,16,0,0,0,0,0,-2.461030882431914
PRIMARY,150,002709.SZ,2022-12-30,-17.5,STOP_FIRST,15.538268097973235,15.538268097973235,0.0,14,0,0,0,0,0,-2.7348780509869663
PRIMARY,151,300014.SZ,2023-01-11,-17.5,STOP_FIRST,6.981985480381129,6.981985480381129,0.0,9,0,0,0,0,0,-4.915491114570337
PRIMARY,152,300750.SZ,2023-02-17,-17.5,STOP_FIRST,3.6254689430868456,3.6254689430868456,0.0,29,0,0,0,0,0,-11.62683470375777
PRIMARY,153,600519.SH,2023-03-08,-17.5,STOP_FIRST,3.358107895598216,3.358107895598216,0.0,16,0,0,0,0,0,-2.5877984739737014
PRIMARY,154,300059.SZ,2023-03-07,-17.5,STOP_FIRST,6.704927557794763,6.704927557794763,0.0,18,0,0,0,0,0,-6.726693190328403
PRIMARY,155,300274.SZ,2023-03-14,-17.5,STOP_FIRST,3.872684453553771,3.872684453553771,0.0,23,0,0,0,0,0,-11.398858058207795
PRIMARY,156,002594.SZ,2023-03-10,-17.5,STOP_FIRST,7.839512102970262,7.839512102970262,0.0,33,0,0,0,0,0,-3.6913778017047982
PRIMARY,157,000858.SZ,2023-04-10,-17.5,STOP_FIRST,-2.6488868636941545,-2.6488868636941545,0.0,26,0,0,0,0,0,-10.048100566887374
PRIMARY,158,000651.SZ,2023-05-04,-17.5,STOP_FIRST,6.144996620188443,6.144996620188443,0.0,25,0,0,0,0,0,-8.255590958382841
PRIMARY,159,601899.SH,2023-05-12,-17.5,STOP_FIRST,6.727401168026937,6.727401168026937,0.0,19,0,0,0,0,0,-5.558920911138776
PRIMARY,160,600519.SH,2023-04-12,-17.5,STOP_FIRST,6.514893856808776,6.514893856808776,0.0,43,0,0,0,0,0,-4.355999030555235
PRIMARY,161,601012.SH,2023-03-16,-17.5,STOP_FIRST,-17.84953964554572,-10.828437491014002,7.021102154531716,49,1,1,0,0,1,-33.276416390528766
PRIMARY,162,600036.SH,2023-04-27,-17.5,STOP_FIRST,-0.6278320762058595,-0.6278320762058595,0.0,57,0,0,0,0,0,-3.793063901958049
PRIMARY,163,600809.SH,2023-05-22,-17.5,STOP_FIRST,9.67465728119054,9.67465728119054,0.0,43,0,0,0,0,0,-16.847859403834985
PRIMARY,164,300059.SZ,2023-05-29,-17.5,STOP_FIRST,3.238668828858134,3.238668828858134,0.0,38,0,0,0,0,0,-4.622126321593722
PRIMARY,165,002415.SZ,2023-06-09,-17.5,STOP_FIRST,9.253968396028046,9.253968396028046,0.0,31,0,0,0,0,0,-3.0509320142771967
PRIMARY,166,300750.SZ,2023-06-07,-17.5,STOP_FIRST,8.015096907867838,8.015096907867838,0.0,35,0,0,0,0,0,-2.799902799902787
PRIMARY,167,688981.SH,2023-05-09,-17.5,STOP_FIRST,-1.9912914951639942,-1.9912914951639942,0.0,57,0,0,0,0,0,-7.822752791213516
PRIMARY,168,600570.SH,2023-07-11,-17.5,STOP_FIRST,12.935015317595871,12.935015317595871,0.0,17,0,0,0,0,0,-3.6163828033945022
PRIMARY,169,300418.SZ,2023-06-26,-17.5,STOP_FIRST,-7.109717403112448,-14.165332306368425,-7.055614903255977,12,1,1,0,0,0,-22.324869570606698
PRIMARY,170,600276.SH,2023-07-31,-17.5,STOP_FIRST,2.244966610480217,2.244966610480217,0.0,19,0,0,0,0,0,-16.355370032537774
PRIMARY,171,002230.SZ,2023-08-16,-17.5,STOP_FIRST,-4.04018826584394,-15.107249422851195,-11.067061157007256,23,1,1,0,0,0,-19.948062722882465
PRIMARY,172,002475.SZ,2023-09-07,-17.5,STOP_FIRST,6.728014277472455,6.728014277472455,0.0,17,0,0,0,0,0,-4.4345508276317
PRIMARY,173,300760.SZ,2023-08-07,-17.5,STOP_FIRST,6.5338873044717865,6.5338873044717865,0.0,53,0,0,0,0,0,-4.449940020156773
PRIMARY,174,000858.SZ,2023-08-18,-17.5,STOP_FIRST,9.240903528696505,9.240903528696505,0.0,46,0,0,0,0,0,-12.715230910264852
PRIMARY,175,300014.SZ,2023-02-20,-17.5,STOP_FIRST,-28.568832058383776,-8.845814806869749,19.72301725151403,45,1,1,0,0,1,-44.47756749417103
PRIMARY,176,300059.SZ,2023-10-23,-17.5,STOP_FIRST,6.795375111896212,6.795375111896212,0.0,9,0,0,0,0,0,-0.4417866895821354
PRIMARY,177,603019.SH,2023-08-09,-17.5,STOP_FIRST,2.102020516340531,-10.987846390997664,-13.089866907338195,48,1,1,0,0,1,-18.940916927699114
PRIMARY,178,300274.SZ,2023-08-21,-17.5,STOP_FIRST,2.059040269174881,-8.50962357577928,-10.56866384495416,40,1,1,0,0,1,-23.84860922169848
PRIMARY,179,300308.SZ,2023-07-20,-17.5,STOP_FIRST,-5.693477162892338,-8.04033469492568,-2.346857532033341,43,1,1,0,0,1,-34.647305581306
PRIMARY,180,000977.SZ,2023-08-18,-17.5,STOP_FIRST,7.706372017077919,-8.947791469675018,-16.654163486752935,41,1,1,0,0,1,-32.22636562323018
PRIMARY,181,601012.SH,2023-08-21,-17.5,STOP_FIRST,-11.755699669774852,-8.485726919674944,3.2699727500999085,48,1,1,0,0,1,-26.371969728680746
PRIMARY,182,600519.SH,2023-10-13,-17.5,STOP_FIRST,1.893988027016628,1.893988027016628,0.0,54,0,0,0,0,0,-7.786761434433009
PRIMARY,183,600009.SH,2023-08-21,-17.5,STOP_FIRST,-11.699228208217027,-10.25447465328289,1.4447535549341382,73,1,1,0,0,0,-24.842656679790675
PRIMARY,184,601318.SH,2023-11-09,-17.5,STOP_FIRST,-2.3138721028580727,-2.3138721028580727,0.0,53,0,0,0,0,0,-12.395299497973422
PRIMARY,185,000651.SZ,2023-12-20,-17.5,STOP_FIRST,12.104633410839133,12.104633410839133,0.0,26,0,0,0,0,0,-0.22839068988121936
PRIMARY,186,601138.SH,2023-10-24,-17.5,STOP_FIRST,11.050900506142318,11.050900506142318,0.0,73,0,0,0,0,0,-8.702006282856667
PRIMARY,187,000858.SZ,2023-12-13,-17.5,STOP_FIRST,2.808164916171326,2.808164916171326,0.0,37,0,0,0,0,0,-9.305511112151732
PRIMARY,188,600519.SH,2024-01-17,-17.5,STOP_FIRST,5.907729356690894,5.907729356690894,0.0,13,0,0,0,0,0,-1.2708988071569394
PRIMARY,189,300750.SZ,2023-09-08,-17.5,STOP_FIRST,-18.00484444688593,-8.947722134290567,9.057122312595363,51,1,1,0,0,1,-37.07504075265946
PRIMARY,190,002230.SZ,2024-01-03,-17.5,STOP_FIRST,3.585730933845497,3.585730933845497,0.0,25,0,0,0,0,0,-13.110142123274604
PRIMARY,191,300418.SZ,2024-01-31,-17.5,STOP_FIRST,39.428041617887864,39.428041617887864,0.0,6,0,0,0,0,0,-9.269811195543308
PRIMARY,192,000568.SZ,2023-12-11,-17.5,STOP_FIRST,1.1120117479146117,-7.900225595836183,-9.012237343750794,39,1,1,0,0,1,-22.710877834749677
PRIMARY,193,300059.SZ,2023-12-27,-17.5,STOP_FIRST,5.900250298765934,5.900250298765934,0.0,32,0,0,0,0,0,-11.47429406768471
PRIMARY,194,000063.SZ,2023-07-20,-17.5,STOP_FIRST,-20.144973123840867,-7.554284672111951,12.590688451728916,63,1,1,0,0,1,-49.074840753076984
PRIMARY,195,000628.SZ,2023-12-14,-17.5,STOP_FIRST,44.67924500816973,-3.7469122256434493,-48.42615723381318,37,1,1,0,0,1,-39.992579634592374
PRIMARY,196,000625.SZ,2024-01-04,-17.5,STOP_FIRST,12.686864654118965,-7.997491100076543,-20.684355754195508,22,1,1,0,0,1,-24.25874529738413
PRIMARY,197,301236.SZ,2024-01-22,-17.5,STOP_FIRST,15.202767971466354,-17.666544000517174,-32.86931197198353,9,1,1,0,0,0,-20.518249818689295
PRIMARY,198,002555.SZ,2023-12-25,-17.5,STOP_FIRST,17.471539089853273,-9.292852108140353,-26.764391197993625,30,1,1,0,0,0,-18.06601865960579
PRIMARY,199,000661.SZ,2024-01-12,-17.5,STOP_FIRST,5.324721980411358,5.324721980411358,0.0,26,0,0,0,0,0,-15.088906432452676
PRIMARY,200,300033.SZ,2024-01-16,-17.5,STOP_FIRST,11.478914185701258,-15.347624507583232,-26.82653869328449,13,1,1,0,0,0,-19.68785420497784
PRIMARY,201,002456.SZ,2023-12-14,-17.5,STOP_FIRST,9.13490121758614,-7.262974360451785,-16.397875578037926,34,1,1,0,0,1,-32.75517367129328
PRIMARY,202,603259.SH,2024-01-30,-17.5,STOP_FIRST,16.5357317467109,-9.6204132588185,-26.156145005529403,8,1,1,0,0,0,-19.366346576745652
PRIMARY,203,002594.SZ,2023-08-14,-17.5,STOP_FIRST,-16.277210987224258,-15.442356702654362,0.8348542845698965,70,1,1,0,0,0,-33.85103047938111
PRIMARY,204,601012.SH,2024-01-29,-17.5,STOP_FIRST,15.268422377533785,15.268422377533785,0.0,24,0,0,0,0,0,-13.258914832233726
PRIMARY,205,002475.SZ,2024-01-17,-17.5,STOP_FIRST,7.219372761109448,7.219372761109448,0.0,37,0,0,0,0,0,-11.861191429965057
PRIMARY,206,601318.SH,2024-03-22,-17.5,STOP_FIRST,8.104543046068015,8.104543046068015,0.0,23,0,0,0,0,0,-6.965721129438385
PRIMARY,207,600519.SH,2024-04-08,-17.5,STOP_FIRST,5.19682233937109,5.19682233937109,0.0,16,0,0,0,0,0,-1.7024675784346077
PRIMARY,208,000977.SZ,2024-04-10,-17.5,STOP_FIRST,12.570545419631626,12.570545419631626,0.0,14,0,0,0,0,0,-8.98589486777226
PRIMARY,209,000628.SZ,2024-03-29,-17.5,STOP_FIRST,-22.18874094507154,-13.666407948467048,8.522332996604492,7,1,1,0,0,1,-52.38614252495148
PRIMARY,210,002129.SZ,2024-01-30,-17.5,STOP_FIRST,-6.5866863796632105,-14.178357187967194,-7.591670808303983,50,1,1,0,0,0,-23.270953005067007
PRIMARY,211,601138.SH,2024-05-31,-17.5,STOP_FIRST,17.235953981802986,17.235953981802986,0.0,8,0,0,0,0,0,-0.1435072194053144
PRIMARY,212,002230.SZ,2024-04-23,-17.5,STOP_FIRST,5.3407176576942215,5.3407176576942215,0.0,35,0,0,0,0,0,-3.192044234481095
PRIMARY,213,600919.SH,2024-04-26,-17.5,STOP_FIRST,-3.22433989136676,-3.22433989136676,0.0,42,0,0,0,0,0,-6.245585876244874
PRIMARY,214,000977.SZ,2024-05-28,-17.5,STOP_FIRST,4.476827597833199,4.476827597833199,0.0,28,0,0,0,0,0,-6.538088943116049
PRIMARY,215,000625.SZ,2024-04-16,-17.5,STOP_FIRST,-3.5813249331349106,-8.823852578636217,-5.242527645501307,35,1,1,0,0,1,-22.439671783461513
PRIMARY,216,000725.SZ,2024-05-28,-17.5,STOP_FIRST,4.499483038676097,4.499483038676097,0.0,29,0,0,0,0,0,-5.704054833968886
PRIMARY,217,603019.SH,2024-03-27,-17.5,STOP_FIRST,-3.1650656694684725,-11.788247060443581,-8.623181390975109,46,1,1,0,0,0,-19.720874640088848
PRIMARY,218,000858.SZ,2024-06-11,-17.5,STOP_FIRST,-4.863606074584775,-4.863606074584775,0.0,25,0,0,0,0,0,-9.446093150024627
PRIMARY,219,600519.SH,2024-06-11,-17.5,STOP_FIRST,0.5216824393800606,0.5216824393800606,0.0,27,0,0,0,0,0,-10.274440490341663
PRIMARY,220,300750.SZ,2024-06-07,-17.5,STOP_FIRST,1.3901215027090492,1.3901215027090492,0.0,29,0,0,0,0,0,-9.524339063610821
PRIMARY,221,300059.SZ,2024-06-28,-17.5,STOP_FIRST,3.9349979609446946,3.9349979609446946,0.0,22,0,0,0,0,0,-5.914697081934461
PRIMARY,222,601012.SH,2024-06-06,-17.5,STOP_FIRST,-12.181185272863992,-16.676773313420203,-4.4955880405562105,14,1,1,0,0,0,-25.1188709649811
PRIMARY,223,600519.SH,2024-07-30,-17.5,STOP_FIRST,4.979956385509713,4.979956385509713,0.0,22,0,0,0,0,0,-0.09990187614892232
PRIMARY,224,002594.SZ,2024-08-02,-17.5,STOP_FIRST,6.379967880191982,6.379967880191982,0.0,19,0,0,0,0,0,-3.2764151461084245
PRIMARY,225,002475.SZ,2024-08-05,-17.5,STOP_FIRST,8.544910470004318,8.544910470004318,0.0,18,0,0,0,0,0,-3.167255709326977
PRIMARY,226,002466.SZ,2024-04-25,-17.5,STOP_FIRST,-13.212317215788726,-6.994849892194059,6.217467323594667,83,1,1,0,0,1,-36.23508762311697
PRIMARY,227,300502.SZ,2024-07-25,-17.5,STOP_FIRST,13.964744747831642,13.964744747831642,0.0,35,0,0,0,0,0,-12.266195988559547
PRIMARY,228,601919.SH,2024-07-08,-17.5,STOP_FIRST,1.7285541339282333,-7.813159718961692,-9.541713852889925,46,1,1,0,0,1,-19.814263643782315
PRIMARY,229,000063.SZ,2024-08-22,-17.5,STOP_FIRST,3.3955801711335427,3.3955801711335427,0.0,19,0,0,0,0,0,-3.013656189391656
PRIMARY,230,601138.SH,2024-07-18,-17.5,STOP_FIRST,-2.550959931032771,-6.770802641449329,-4.2198427104165575,37,1,1,0,0,1,-27.58542866236795
PRIMARY,231,300308.SZ,2024-07-25,-17.5,STOP_FIRST,7.199933708510119,-10.69679033246155,-17.89672404097167,28,1,1,0,0,1,-20.412077421209307
PRIMARY,232,601899.SH,2024-07-23,-17.5,STOP_FIRST,11.302372099604602,11.302372099604602,0.0,43,0,0,0,0,0,-15.34301819528009
PRIMARY,233,601127.SH,2024-08-28,-17.5,STOP_FIRST,11.860904824260553,11.860904824260553,0.0,17,0,0,0,0,0,-0.6937050159442237
PRIMARY,234,600036.SH,2024-09-09,-17.5,STOP_FIRST,12.650986424212693,12.650986424212693,0.0,9,0,0,0,0,0,-1.1566935372865572
PRIMARY,235,000858.SZ,2024-08-22,-17.5,STOP_FIRST,9.447704740723928,9.447704740723928,0.0,22,0,0,0,0,0,-11.92058204560389
PRIMARY,236,600809.SH,2024-08-28,-17.5,STOP_FIRST,10.265232797714383,10.265232797714383,0.0,18,0,0,0,0,0,-9.343746064530556
PRIMARY,237,600519.SH,2024-09-09,-17.5,STOP_FIRST,13.065449104192647,13.065449104192647,0.0,10,0,0,0,0,0,-9.155678699288794
PRIMARY,238,600276.SH,2024-09-20,-17.5,STOP_FIRST,7.0921102706178285,7.0921102706178285,0.0,3,0,0,0,0,0,-1.5909424566413088
PRIMARY,239,000100.SZ,2024-05-07,-17.5,STOP_FIRST,6.430946014868081,-5.576069066798383,-12.007015081666463,94,1,1,0,0,1,-22.85372018914835
PRIMARY,240,688012.SH,2024-08-23,-17.5,STOP_FIRST,8.980679975166685,8.980679975166685,0.0,22,0,0,0,0,0,-11.105843309233144
PRIMARY,241,688256.SH,2024-09-05,-17.5,STOP_FIRST,22.25002533076108,22.25002533076108,0.0,14,0,0,0,0,0,-3.4709343344747623
PRIMARY,242,600900.SH,2024-09-11,-17.5,STOP_FIRST,8.228584541518643,8.228584541518643,0.0,10,0,0,0,0,0,-0.35235825269818166
PRIMARY,243,600150.SH,2024-09-19,-17.5,STOP_FIRST,4.47320430931633,4.47320430931633,0.0,58,0,0,0,0,0,-6.4123490487716595
PRIMARY,244,600418.SH,2024-11-27,-17.5,STOP_FIRST,19.31501930377224,19.31501930377224,0.0,38,0,0,0,0,0,-4.031151825779977
PRIMARY,245,603019.SH,2025-01-02,-17.5,STOP_FIRST,7.198386187683706,7.198386187683706,0.0,17,0,0,0,0,0,-10.82782494103971
PRIMARY,246,600030.SH,2024-12-31,-17.5,STOP_FIRST,-0.029241512213777625,-0.029241512213777625,0.0,20,0,0,0,0,0,-9.821028359452445
PRIMARY,247,300059.SZ,2025-01-02,-17.5,STOP_FIRST,5.568619214325684,5.568619214325684,0.0,19,0,0,0,0,0,-10.373910853057232
PRIMARY,248,300033.SZ,2025-01-02,-17.5,STOP_FIRST,23.218740081380986,23.218740081380986,0.0,19,0,0,0,0,0,-8.449836646713571
PRIMARY,249,300750.SZ,2025-01-07,-17.5,STOP_FIRST,8.716235937905914,8.716235937905914,0.0,21,0,0,0,0,0,-2.061431530740332
PRIMARY,250,000858.SZ,2025-01-06,-17.5,STOP_FIRST,1.2030252662316376,1.2030252662316376,0.0,23,0,0,0,0,0,-5.193889847781408
PRIMARY,251,688256.SH,2025-01-16,-17.5,STOP_FIRST,19.16467811575612,19.16467811575612,0.0,19,0,0,0,0,0,-4.483732441599764
PRIMARY,252,600519.SH,2025-01-03,-17.5,STOP_FIRST,4.558943908999476,4.558943908999476,0.0,33,0,0,0,0,0,-3.7431935053504506
PRIMARY,253,688256.SH,2025-03-25,-17.5,STOP_FIRST,8.922494348994318,8.922494348994318,0.0,17,0,0,0,0,0,-17.216747908844678
PRIMARY,254,002261.SZ,2025-03-24,-17.5,STOP_FIRST,2.6716085217561965,-17.6665440005172,-20.338152522273397,8,1,1,0,0,0,-27.78696429320907
PRIMARY,255,600989.SH,2025-03-28,-17.5,STOP_FIRST,6.913448021154776,6.913448021154776,0.0,20,0,0,0,0,0,-8.97260383386529
PRIMARY,256,000063.SZ,2025-03-03,-17.5,STOP_FIRST,2.6037524048102836,-8.759130633791044,-11.362883038601327,26,1,1,0,0,1,-20.196827200957447
PRIMARY,257,600050.SH,2025-03-19,-17.5,STOP_FIRST,-4.102896566069308,-4.102896566069308,0.0,30,0,0,0,0,0,-12.91204099525517
PRIMARY,258,300846.SZ,2025-03-25,-17.5,STOP_FIRST,-3.7770156011244347,-11.04087004474754,-7.2638544436231065,9,1,1,0,0,1,-31.401379445935305
PRIMARY,259,300059.SZ,2025-04-01,-17.5,STOP_FIRST,5.1627907747067665,-12.36442865881952,-17.527219433526287,4,1,1,0,0,0,-18.189916816625797
PRIMARY,260,002475.SZ,2025-04-02,-17.5,STOP_FIRST,3.6625597634810965,-5.850391724964586,-9.512951488445683,4,1,1,0,0,1,-27.255123038788852
PRIMARY,261,300308.SZ,2025-01-10,-17.5,STOP_FIRST,0.7734206644023827,-11.636613277367998,-12.41003394177038,56,1,1,0,0,1,-39.080885586063495
PRIMARY,262,300502.SZ,2025-02-28,-17.5,STOP_FIRST,28.725713357688992,-0.6154920433528001,-29.34120540104179,27,1,1,0,0,1,-31.75728487388515
PRIMARY,263,300750.SZ,2025-04-01,-17.5,STOP_FIRST,7.81936272756536,7.81936272756536,0.0,22,0,0,0,0,0,-16.506355111574443
PRIMARY,264,601318.SH,2025-04-07,-17.5,STOP_FIRST,6.926822925723594,6.926822925723594,0.0,19,0,0,0,0,0,-1.0258567917744377
PRIMARY,265,600036.SH,2025-04-07,-17.5,STOP_FIRST,5.565919809741665,5.565919809741665,0.0,19,0,0,0,0,0,-1.275773669536573
PRIMARY,266,002594.SZ,2025-04-08,-17.5,STOP_FIRST,17.218917139643203,17.218917139643203,0.0,21,0,0,0,0,0,-2.0179308927128603
PRIMARY,267,601658.SH,2025-03-28,-17.5,STOP_FIRST,3.737034722718007,3.737034722718007,0.0,28,0,0,0,0,0,-5.998762052795592
PRIMARY,268,600309.SH,2025-04-15,-17.5,STOP_FIRST,2.8522101436284233,2.8522101436284233,0.0,18,0,0,0,0,0,-4.325283052386664
PRIMARY,269,601899.SH,2025-04-07,-17.5,STOP_FIRST,18.75276321406046,18.75276321406046,0.0,28,0,0,0,0,0,-2.3499050474409477
PRIMARY,270,603259.SH,2025-04-08,-17.5,STOP_FIRST,27.365745385479556,27.365745385479556,0.0,29,0,0,0,0,0,-2.7478554733693317
PRIMARY,271,688981.SH,2025-04-01,-17.5,STOP_FIRST,-0.3367121465143475,-0.3367121465143475,0.0,53,0,0,0,0,0,-10.022828466095346
PRIMARY,272,688256.SH,2025-05-27,-17.5,STOP_FIRST,2.4520211429184493,2.4520211429184493,0.0,20,0,0,0,0,0,-9.161551567123071
PRIMARY,273,000858.SZ,2025-06-13,-17.5,STOP_FIRST,2.9441509741563254,2.9441509741563254,0.0,17,0,0,0,0,0,-0.8036010497183277
PRIMARY,274,600519.SH,2025-06-13,-17.5,STOP_FIRST,1.571155348492451,1.571155348492451,0.0,18,0,0,0,0,0,-0.18545542382252256
PRIMARY,275,300308.SZ,2025-10-14,-17.5,STOP_FIRST,37.312191378736536,37.312191378736536,0.0,7,0,0,0,0,0,-2.4164241555545862
PRIMARY,276,002460.SZ,2025-11-24,-17.5,STOP_FIRST,9.614217661278927,9.614217661278927,0.0,19,0,0,0,0,0,-1.7925475782034406
PRIMARY,277,601138.SH,2025-11-24,-17.5,STOP_FIRST,19.316165850131622,19.316165850131622,0.0,22,0,0,0,0,0,-2.475096837577462
PRIMARY,278,300502.SZ,2026-01-12,-17.5,STOP_FIRST,18.325572753597463,18.325572753597463,0.0,14,0,0,0,0,0,-2.8874334496876597
PRIMARY,279,300750.SZ,2025-11-21,-17.5,STOP_FIRST,1.7797735978262685,1.7797735978262685,0.0,52,0,0,0,0,0,-11.001248680259001
PRIMARY,280,300274.SZ,2025-12-16,-17.5,STOP_FIRST,-0.04130443998742119,-0.04130443998742119,0.0,52,0,0,0,0,0,-13.261308807790783
PRIMARY,281,300308.SZ,2026-02-06,-17.5,STOP_FIRST,3.437565472561077,3.437565472561077,0.0,21,0,0,0,0,0,-9.894027541086349
PRIMARY,282,002475.SZ,2026-01-08,-17.5,STOP_FIRST,1.540552873571203,-11.76996393527538,-13.310516808846582,46,1,1,0,0,0,-18.823201056328863
PRIMARY,283,601138.SH,2026-01-29,-17.5,STOP_FIRST,3.823418044659373,3.823418044659373,0.0,41,0,0,0,0,0,-17.012814423960076
PRIMARY,284,688256.SH,2026-02-03,-17.5,STOP_FIRST,12.397855616133041,12.397855616133041,0.0,38,0,0,0,0,0,-12.087912087912079
PRIMARY,285,601899.SH,2026-03-16,-17.5,STOP_FIRST,9.119263883295172,9.119263883295172,0.0,20,0,0,0,0,0,-14.280941525906998
PRIMARY,286,603986.SH,2026-03-31,-17.5,STOP_FIRST,19.7457903723054,19.7457903723054,0.0,13,0,0,0,0,0,-2.865134133444669
PRIMARY,287,300059.SZ,2026-03-20,-17.5,STOP_FIRST,8.424165896338625,8.424165896338625,0.0,31,0,0,0,0,0,-7.322200643291355
PRIMARY,288,300274.SZ,2026-04-01,-17.5,STOP_FIRST,13.077001683310016,13.077001683310016,0.0,23,0,0,0,0,0,-7.472322364359973
PRIMARY,289,300274.SZ,2026-07-01,-17.5,STOP_FIRST,-8.358514552822074,-14.66294430507237,-6.304429752250297,7,1,1,0,0,0,-26.27934444027391
PRIMARY,290,600487.SH,2026-07-06,-17.5,STOP_FIRST,-17.707576907721744,-15.339537897238003,2.3680390104837414,5,1,1,0,0,1,-46.153139444336865
PRIMARY,291,688525.SH,2026-07-15,-17.5,STOP_FIRST,-19.368418251981645,-12.839151190069304,6.529267061912341,3,1,1,0,0,1,-34.73193473193472
PRIMARY,292,688008.SH,2026-07-16,-17.5,STOP_FIRST,-3.6609369962131426,-3.6609369962131426,0.0,27,0,0,0,0,0,-12.165294341773524
PRIMARY,293,688256.SH,2026-07-16,-17.5,STOP_FIRST,-7.309240157764709,-5.627560730882408,1.681679426882301,27,1,1,1,0,1,-25.153710642669623
PRIMARY,294,300308.SZ,2026-07-17,-17.5,STOP_FIRST,-11.744158826402947,-11.39956413136939,0.3445946950335568,10,1,1,0,0,0,-22.96628924619374
PRIMARY,295,600584.SH,2026-07-20,-17.5,STOP_FIRST,-3.746170199653699,-17.66654400051719,-13.920373800863493,9,1,1,0,0,0,-20.75720869405966
PRIMARY,296,300502.SZ,2026-07-28,-17.5,STOP_FIRST,-3.1289001702402826,-3.1289001702402826,0.0,19,0,0,0,0,0,-14.854383942881455
PRIMARY,297,002384.SZ,2026-07-29,-17.5,STOP_FIRST,6.860142611567042,6.860142611567042,0.0,18,0,0,0,0,0,-9.217430672804971
PRIMARY,298,002475.SZ,2026-08-03,-17.5,STOP_FIRST,1.2862198685484683,1.2862198685484683,0.0,15,0,0,0,0,0,-4.021902045888859
PRIMARY,299,600276.SH,2026-08-20,-17.5,STOP_FIRST,-2.438053366642191,-2.438053366642191,0.0,2,0,0,0,0,0,-4.81585777507767
PRIMARY,1,000651.SZ,2020-03-19,-17.5,TP_FIRST,8.76502998612771,8.76502998612771,0.0,15,0,0,0,0,0,-3.253806511060575
PRIMARY,2,600030.SH,2020-03-16,-17.5,TP_FIRST,1.2152522266729697,1.2152522266729697,0.0,19,0,0,0,0,0,-7.086832162571954
PRIMARY,3,300750.SZ,2020-02-28,-17.5,TP_FIRST,-1.0193924653390611,-12.591651482101332,-11.57225901676227,12,1,1,0,0,0,-24.419958905481774
PRIMARY,4,601318.SH,2020-02-28,-17.5,TP_FIRST,-1.3453625770562572,-1.3453625770562572,0.0,33,0,0,0,0,0,-15.814522556095568
PRIMARY,5,600036.SH,2020-03-19,-17.5,TP_FIRST,10.683448687695108,10.683448687695108,0.0,25,0,0,0,0,0,-0.09990265754196148
PRIMARY,6,002475.SZ,2020-03-17,-17.5,TP_FIRST,14.92275528149982,14.92275528149982,0.0,28,0,0,0,0,0,-11.112505536775796
PRIMARY,7,000858.SZ,2020-03-17,-17.5,TP_FIRST,26.82736619482785,26.82736619482785,0.0,28,0,0,0,0,0,-12.958069092199342
PRIMARY,8,000063.SZ,2020-03-17,-17.5,TP_FIRST,3.2396956676295363,3.2396956676295363,0.0,32,0,0,0,0,0,-10.59060271470772
PRIMARY,9,000725.SZ,2020-03-16,-17.5,TP_FIRST,4.611959703094805,-9.730920429386055,-14.342880132480861,31,1,1,0,0,0,-20.127607365604128
PRIMARY,10,002506.SZ,2020-03-26,-17.5,TP_FIRST,-6.524016348081019,-9.80114132657298,-3.277124978491961,23,1,1,0,0,1,-31.211643047504246
PRIMARY,11,600519.SH,2020-03-18,-17.5,TP_FIRST,39.54846152311298,39.54846152311298,0.0,48,0,0,0,0,0,-3.505987509815356
PRIMARY,12,000002.SZ,2020-03-18,-17.5,TP_FIRST,4.681297620587952,4.681297620587952,0.0,49,0,0,0,0,0,-6.372695888701285
PRIMARY,13,002714.SZ,2020-05-11,-17.5,TP_FIRST,-37.346517858183255,-39.08929023133747,-1.7427723731542173,17,1,1,0,0,1,-43.62347582705105
PRIMARY,14,000063.SZ,2020-05-25,-17.5,TP_FIRST,8.355437860095789,8.355437860095789,0.0,17,0,0,0,0,0,-5.214052830367422
PRIMARY,15,002415.SZ,2020-05-25,-17.5,TP_FIRST,7.15509150196319,7.15509150196319,0.0,17,0,0,0,0,0,-2.5965128554330974
PRIMARY,16,600703.SH,2020-06-15,-17.5,TP_FIRST,15.534542524394753,15.534542524394753,0.0,12,0,0,0,0,0,-1.7232235549681896
PRIMARY,17,600030.SH,2020-09-07,-17.5,TP_FIRST,3.3416942678344705,3.3416942678344705,0.0,18,0,0,0,0,0,-2.3347247522243597
PRIMARY,18,300059.SZ,2020-09-09,-17.5,TP_FIRST,4.052671012057143,4.052671012057143,0.0,16,0,0,0,0,0,-5.835594827212354
PRIMARY,19,600276.SH,2020-09-17,-17.5,TP_FIRST,7.964121567403469,7.964121567403469,0.0,10,0,0,0,0,0,-0.30802389658590723
PRIMARY,20,000063.SZ,2020-09-10,-17.5,TP_FIRST,8.16654508112372,8.16654508112372,0.0,16,0,0,0,0,0,-2.1893558485753473
PRIMARY,21,000651.SZ,2020-09-28,-17.5,TP_FIRST,7.18749636223901,7.18749636223901,0.0,5,0,0,0,0,0,-0.7920940870049797
PRIMARY,22,600036.SH,2020-09-30,-17.5,TP_FIRST,8.189846606772502,8.189846606772502,0.0,5,0,0,0,0,0,-0.8409143929827279
PRIMARY,23,002456.SZ,2020-09-01,-17.5,TP_FIRST,0.3287151054327302,0.3287151054327302,0.0,34,0,0,0,0,0,-16.877466166367018
PRIMARY,24,300136.SZ,2020-10-12,-17.5,TP_FIRST,3.7523403888601528,3.7523403888601528,0.0,19,0,0,0,0,0,-11.264076050883421
PRIMARY,25,600030.SH,2020-10-26,-17.5,TP_FIRST,5.218510332201447,5.218510332201447,0.0,19,0,0,0,0,0,-4.85376403171518
PRIMARY,26,000661.SZ,2020-09-16,-17.5,TP_FIRST,10.365131138225253,10.365131138225253,0.0,47,0,0,0,0,0,-10.396266523703268
PRIMARY,27,600745.SH,2020-09-08,-17.5,TP_FIRST,1.4169185149017833,-10.878336468413863,-12.295254983315647,25,1,1,0,0,0,-24.96934183424869
PRIMARY,28,601012.SH,2020-11-13,-17.5,TP_FIRST,11.570904483395198,11.570904483395198,0.0,17,0,0,0,0,0,-7.125413198287678
PRIMARY,29,300122.SZ,2020-11-11,-17.5,TP_FIRST,21.594186068179752,21.594186068179752,0.0,27,0,0,0,0,0,-14.25593292277403
PRIMARY,30,002475.SZ,2020-11-16,-17.5,TP_FIRST,4.922943424348968,4.922943424348968,0.0,26,0,0,0,0,0,-6.247600021016375
PRIMARY,31,002241.SZ,2020-11-16,-17.5,TP_FIRST,2.7641560070263713,2.7641560070263713,0.0,28,0,0,0,0,0,-8.190219287755895
PRIMARY,32,000651.SZ,2020-12-09,-17.5,TP_FIRST,4.778058019478602,4.778058019478602,0.0,17,0,0,0,0,0,-6.9491076663235285
PRIMARY,33,688981.SH,2020-12-16,-17.5,TP_FIRST,16.521188858697652,16.521188858697652,0.0,16,0,0,0,0,0,-4.393704306917501
PRIMARY,34,601318.SH,2021-01-28,-17.5,TP_FIRST,9.42474089385644,9.42474089385644,0.0,14,0,0,0,0,0,-7.015107202120719
PRIMARY,35,300059.SZ,2021-02-22,-17.5,TP_FIRST,-9.75617275607125,-13.577075824857884,-3.8209030687866345,10,1,1,0,0,0,-21.294436987155805
PRIMARY,36,000333.SZ,2021-02-22,-17.5,TP_FIRST,1.124921971714471,1.124921971714471,0.0,28,0,0,0,0,0,-11.037863818654303
PRIMARY,37,000858.SZ,2021-03-08,-17.5,TP_FIRST,16.23467230378328,16.23467230378328,0.0,18,0,0,0,0,0,-5.053624061888506
PRIMARY,38,600030.SH,2021-03-01,-17.5,TP_FIRST,-1.7719464410848904,-1.7719464410848904,0.0,24,0,0,0,0,0,-9.731175855642116
PRIMARY,39,601012.SH,2021-03-04,-17.5,TP_FIRST,2.8151228530517156,-14.902711480219399,-17.717834333271114,12,1,1,0,0,0,-20.33269501471261
PRIMARY,40,002241.SZ,2021-01-29,-17.5,TP_FIRST,-2.3809753380773024,-8.70335587407288,-6.322380535995578,27,1,1,0,0,1,-24.32266643437805
PRIMARY,41,300750.SZ,2021-01-29,-17.5,TP_FIRST,2.6778263400166544,-13.707578273059898,-16.385404613076552,21,1,1,0,0,0,-20.744980856829066
PRIMARY,42,002475.SZ,2021-01-28,-17.5,TP_FIRST,-17.795635461958412,-7.924437315837402,9.87119814612101,28,1,1,0,0,1,-38.05999710973133
PRIMARY,43,600438.SH,2021-03-05,-17.5,TP_FIRST,-2.082117681436346,-12.617630013664312,-10.535512332227967,5,1,1,0,0,0,-21.900640918932147
PRIMARY,44,300014.SZ,2021-03-23,-17.5,TP_FIRST,20.343646524893185,20.343646524893185,0.0,18,0,0,0,0,0,-1.1328405715407053
PRIMARY,45,601899.SH,2021-03-24,-17.5,TP_FIRST,13.67315267261283,13.67315267261283,0.0,17,0,0,0,0,0,-0.5227592786883895
PRIMARY,46,601166.SH,2021-04-15,-17.5,TP_FIRST,10.16039399503804,10.16039399503804,0.0,15,0,0,0,0,0,-2.3887839446735004
PRIMARY,47,600276.SH,2021-04-15,-17.5,TP_FIRST,2.9762113310555116,2.9762113310555116,0.0,18,0,0,0,0,0,-5.364820806114978
PRIMARY,48,002352.SZ,2021-04-12,-17.5,TP_FIRST,1.806031845385725,1.806031845385725,0.0,22,0,0,0,0,0,-8.258407334556994
PRIMARY,49,600519.SH,2021-05-06,-17.5,TP_FIRST,12.309433820124724,12.309433820124724,0.0,12,0,0,0,0,0,-5.132526010090399
PRIMARY,50,600031.SH,2021-03-09,-17.5,TP_FIRST,2.027751640672817,-3.5239694200213494,-5.551721060694167,44,1,1,0,0,1,-27.978387085265844
PRIMARY,51,600009.SH,2021-02-03,-17.5,TP_FIRST,-1.1354409255495685,-11.049686471188604,-9.914245545639035,58,1,1,0,0,1,-22.985275095121573
PRIMARY,52,002594.SZ,2021-02-24,-17.5,TP_FIRST,16.160298578230066,-9.02493000921113,-25.185228587441195,49,1,1,0,0,1,-34.73181070183321
PRIMARY,53,002340.SZ,2021-06-07,-17.5,TP_FIRST,5.290865136021748,5.290865136021748,0.0,19,0,0,0,0,0,-11.268220523967209
PRIMARY,54,000661.SZ,2021-05-24,-17.5,TP_FIRST,3.543179209088439,3.543179209088439,0.0,38,0,0,0,0,0,-16.869230019043936
PRIMARY,55,002594.SZ,2021-07-16,-17.5,TP_FIRST,25.77910857036041,25.77910857036041,0.0,10,0,0,0,0,0,-2.6882194842621776
PRIMARY,56,600031.SH,2021-06-11,-17.5,TP_FIRST,4.433342850860986,4.433342850860986,0.0,35,0,0,0,0,0,-15.123799665013548
PRIMARY,57,002241.SZ,2021-07-22,-17.5,TP_FIRST,10.273218124699701,10.273218124699701,0.0,9,0,0,0,0,0,-7.886693775763421
PRIMARY,58,600036.SH,2021-07-08,-17.5,TP_FIRST,8.736132867824947,8.736132867824947,0.0,28,0,0,0,0,0,-10.298243793004092
PRIMARY,59,300782.SZ,2021-07-13,-17.5,TP_FIRST,4.700284102162052,4.700284102162052,0.0,29,0,0,0,0,0,-10.944165622271129
PRIMARY,60,601919.SH,2021-07-23,-17.5,TP_FIRST,21.9399821535198,21.9399821535198,0.0,25,0,0,0,0,0,-13.003666576368966
PRIMARY,61,002460.SZ,2021-08-16,-17.5,TP_FIRST,24.025427124052413,24.025427124052413,0.0,9,0,0,0,0,0,-2.17885582383488
PRIMARY,62,300750.SZ,2021-07-27,-17.5,TP_FIRST,8.626053858905106,8.626053858905106,0.0,34,0,0,0,0,0,-5.360767280539502
PRIMARY,63,300760.SZ,2021-08-20,-17.5,TP_FIRST,25.243095200327115,25.243095200327115,0.0,19,0,0,0,0,0,-1.3648131532456809
PRIMARY,64,600519.SH,2021-07-26,-17.5,TP_FIRST,2.091334708861519,2.091334708861519,0.0,41,0,0,0,0,0,-15.47553943560599
PRIMARY,65,002714.SZ,2021-05-24,-17.5,TP_FIRST,-18.715268930191936,-6.419125730570796,12.29614319962114,42,1,1,0,0,1,-56.67478900029019
PRIMARY,66,000858.SZ,2021-07-08,-17.5,TP_FIRST,-7.6342909419297795,-6.865051600337567,0.769239341592213,32,1,1,0,0,1,-28.655500122152368
PRIMARY,67,002594.SZ,2021-09-29,-17.5,TP_FIRST,17.089129638620165,17.089129638620165,0.0,6,0,0,0,0,0,-0.5192972651856032
PRIMARY,68,601318.SH,2021-03-18,-17.5,TP_FIRST,-28.116081051784203,-10.383466538024347,17.732614513759856,59,1,1,0,0,1,-41.80696245003698
PRIMARY,69,000651.SZ,2021-05-25,-17.5,TP_FIRST,-19.03127753582529,-7.984553930465259,11.04672360536003,63,1,1,0,0,1,-33.090168102543274
PRIMARY,70,000333.SZ,2021-07-05,-17.5,TP_FIRST,11.175030722164129,11.175030722164129,0.0,71,0,0,0,0,0,-9.770984837876318
PRIMARY,71,600111.SH,2021-09-29,-17.5,TP_FIRST,22.277893313169177,22.277893313169177,0.0,12,0,0,0,0,0,-3.6351512387024387
PRIMARY,72,600089.SH,2021-10-08,-17.5,TP_FIRST,21.757208672823793,21.757208672823793,0.0,12,0,0,0,0,0,-5.355399017850127
PRIMARY,73,002466.SZ,2021-09-22,-17.5,TP_FIRST,5.276533723848393,-12.963513763104412,-18.240047486952804,8,1,1,0,0,0,-18.18048772561611
PRIMARY,74,000858.SZ,2021-11-01,-17.5,TP_FIRST,7.772649549904674,7.772649549904674,0.0,16,0,0,0,0,0,-2.695601939103509
PRIMARY,75,603259.SH,2021-11-04,-17.5,TP_FIRST,10.333997515607747,10.333997515607747,0.0,15,0,0,0,0,0,-4.388640111365582
PRIMARY,76,601919.SH,2021-09-28,-17.5,TP_FIRST,3.0377221934720415,-8.410633073833191,-11.448355267305232,30,1,1,0,0,1,-19.410201081693145
PRIMARY,77,600030.SH,2021-11-16,-17.5,TP_FIRST,7.942169042945349,7.942169042945349,0.0,13,0,0,0,0,0,-1.3115665629502171
PRIMARY,78,000651.SZ,2021-10-27,-17.5,TP_FIRST,3.7666645298140864,3.7666645298140864,0.0,30,0,0,0,0,0,-6.591904190897946
PRIMARY,79,600036.SH,2021-11-26,-17.5,TP_FIRST,7.780249533285357,7.780249533285357,0.0,8,0,0,0,0,0,-2.0264594890360255
PRIMARY,80,600036.SH,2021-12-29,-17.5,TP_FIRST,5.516341863497587,5.516341863497587,0.0,14,0,0,0,0,0,-0.892595978810895
PRIMARY,81,002129.SZ,2021-12-01,-17.5,TP_FIRST,7.212021342950852,7.212021342950852,0.0,38,0,0,0,0,0,-10.209695479014202
PRIMARY,82,600030.SH,2022-01-14,-17.5,TP_FIRST,1.0102995428563417,1.0102995428563417,0.0,9,0,0,0,0,0,-4.115180796829354
PRIMARY,83,601888.SH,2021-11-02,-17.5,TP_FIRST,7.8045788936873635,-9.37235591334958,-17.176934807036943,54,1,1,0,0,0,-17.76278012400819
PRIMARY,84,600111.SH,2021-12-24,-17.5,TP_FIRST,10.927469701064592,10.927469701064592,0.0,31,0,0,0,0,0,-16.158101136300374
PRIMARY,85,000792.SZ,2022-01-20,-17.5,TP_FIRST,18.801769360068377,18.801769360068377,0.0,13,0,0,0,0,0,-2.101609531796167
PRIMARY,86,002460.SZ,2021-12-20,-17.5,TP_FIRST,7.327370162653349,7.327370162653349,0.0,36,0,0,0,0,0,-13.694999767838578
PRIMARY,87,002466.SZ,2021-12-20,-17.5,TP_FIRST,1.837573601773871,-11.669621002030635,-13.507194603804505,22,1,1,0,0,0,-19.98566660073482
PRIMARY,88,000661.SZ,2022-01-24,-17.5,TP_FIRST,11.89884859958246,11.89884859958246,0.0,17,0,0,0,0,0,-4.775620293737893
PRIMARY,89,601012.SH,2021-12-01,-17.5,TP_FIRST,6.472325573333965,-10.522791751002604,-16.99511732433657,46,1,1,0,0,1,-23.797689806559163
PRIMARY,90,603259.SH,2021-12-20,-17.5,TP_FIRST,12.254494786218984,-7.428609741149876,-19.68310452736886,33,1,1,0,0,1,-28.86139126771904
PRIMARY,91,000002.SZ,2022-03-04,-17.5,TP_FIRST,14.88504791739044,-10.65917759570034,-25.54422551309078,7,1,1,0,0,1,-22.246037106497695
PRIMARY,92,300059.SZ,2022-01-05,-17.5,TP_FIRST,-5.7513210082683415,-5.878718921925144,-0.12739791365680286,44,1,1,0,0,1,-34.89656169461941
PRIMARY,93,600519.SH,2022-01-07,-17.5,TP_FIRST,0.9984159395398549,0.9984159395398549,0.0,61,0,0,0,0,0,-17.458488731459298
PRIMARY,94,601888.SH,2022-03-14,-17.5,TP_FIRST,7.812849493656972,7.812849493656972,0.0,20,0,0,0,0,0,-8.439813952671848
PRIMARY,95,002594.SZ,2021-12-16,-17.5,TP_FIRST,-1.5968178542206901,-9.102661601521108,-7.505843747300418,52,1,1,0,0,1,-26.330714118353036
PRIMARY,96,000625.SZ,2021-11-16,-17.5,TP_FIRST,-22.229994518631575,-7.357546962952237,14.872447555679337,74,1,1,0,0,1,-53.29984290867762
PRIMARY,97,002475.SZ,2022-02-08,-17.5,TP_FIRST,-17.15409169654668,-7.687544062575783,9.466547633970897,36,1,1,0,0,1,-40.77681436537638
PRIMARY,98,002466.SZ,2022-04-25,-17.5,TP_FIRST,41.854779546894,41.854779546894,0.0,8,0,0,0,0,0,-3.4110472521140522
PRIMARY,99,300274.SZ,2021-12-21,-17.5,TP_FIRST,-25.58857835409347,-4.381392070383629,21.20718628370984,63,1,1,0,0,1,-58.717689038471335
PRIMARY,100,002460.SZ,2022-03-08,-17.5,TP_FIRST,17.706849570514894,-7.597727763807462,-25.304577334322357,33,1,1,0,0,1,-28.642784574491998
PRIMARY,101,000858.SZ,2022-01-28,-17.5,TP_FIRST,-8.807756178930596,-8.83259518194644,-0.02483900301584363,24,1,1,0,0,0,-25.5194802146096
PRIMARY,102,300014.SZ,2022-03-03,-17.5,TP_FIRST,26.31764601662993,-11.97037092349243,-38.28801694012236,36,1,1,0,0,1,-32.624915571840454
PRIMARY,103,300750.SZ,2021-12-20,-17.5,TP_FIRST,-14.232912370394569,-7.284848326216318,6.948064044178251,73,1,1,0,0,1,-41.8073675499418
PRIMARY,104,601012.SH,2022-03-29,-17.5,TP_FIRST,-12.752364240157288,-11.1550056873183,1.5973585528389886,18,1,1,0,0,1,-24.82075936524716
PRIMARY,105,002415.SZ,2022-05-06,-17.5,TP_FIRST,3.5450375895839463,3.5450375895839463,0.0,19,0,0,0,0,0,-8.562023743217374
PRIMARY,106,600276.SH,2022-01-13,-17.5,TP_FIRST,-29.55698724716474,-12.474446451701764,17.082540795462975,33,1,1,0,0,1,-42.610580908453244
PRIMARY,107,601318.SH,2022-03-15,-17.5,TP_FIRST,-0.3864474449981416,-0.3864474449981416,0.0,55,0,0,0,0,0,-2.315282705156485
PRIMARY,108,600036.SH,2022-03-07,-17.5,TP_FIRST,-6.245523329299984,-11.209402594547717,-4.963879265247733,33,1,1,0,0,0,-24.345417637488787
PRIMARY,109,300122.SZ,2022-04-14,-17.5,TP_FIRST,-6.645958234266682,-9.552015925375155,-2.9060576911084732,28,1,1,0,0,1,-28.79470109263167
PRIMARY,110,002241.SZ,2022-06-23,-17.5,TP_FIRST,2.8400230023871615,2.8400230023871615,0.0,30,0,0,0,0,0,-5.007927632982501
PRIMARY,111,002466.SZ,2022-08-19,-17.5,TP_FIRST,13.385590477234006,13.385590477234006,0.0,2,0,0,0,0,0,-2.8634236347626074
PRIMARY,112,600036.SH,2022-07-13,-17.5,TP_FIRST,-1.5651520516643562,-1.5651520516643562,0.0,34,0,0,0,0,0,-12.409355098525655
PRIMARY,113,601888.SH,2022-08-08,-17.5,TP_FIRST,7.1858432781792185,7.1858432781792185,0.0,33,0,0,0,0,0,-8.133019118063235
PRIMARY,114,000858.SZ,2022-07-29,-17.5,TP_FIRST,-2.4673011477159523,-2.4673011477159523,0.0,40,0,0,0,0,0,-12.093504633059515
PRIMARY,115,300274.SZ,2022-08-31,-17.5,TP_FIRST,13.216110132265186,13.216110132265186,0.0,23,0,0,0,0,0,-6.803285897864219
PRIMARY,116,300760.SZ,2022-09-21,-17.5,TP_FIRST,26.10435256088347,26.10435256088347,0.0,11,0,0,0,0,0,-2.945982270341807
PRIMARY,117,603259.SH,2022-07-27,-17.5,TP_FIRST,-6.553924195303395,-10.184218440246537,-3.6302942449431423,35,1,1,0,0,1,-30.331191278374803
PRIMARY,118,601012.SH,2022-08-03,-17.5,TP_FIRST,-1.5712301907594528,-11.083847219620406,-9.512617028860953,41,1,1,0,0,0,-20.79675190961924
PRIMARY,119,688599.SH,2022-08-19,-17.5,TP_FIRST,4.900961296612725,4.900961296612725,0.0,42,0,0,0,0,0,-11.786057206268874
PRIMARY,120,002459.SZ,2022-08-19,-17.5,TP_FIRST,5.627000867343111,5.627000867343111,0.0,42,0,0,0,0,0,-10.712385831051897
PRIMARY,121,601899.SH,2022-09-26,-17.5,TP_FIRST,6.916188828671841,6.916188828671841,0.0,18,0,0,0,0,0,-3.33920245581949
PRIMARY,122,002460.SZ,2022-08-25,-17.5,TP_FIRST,2.226213115920718,2.226213115920718,0.0,41,0,0,0,0,0,-16.759572939966095
PRIMARY,123,002271.SZ,2022-08-23,-17.5,TP_FIRST,-5.965240206705305,-11.844042486242305,-5.878802279537,29,1,1,0,0,1,-29.215251654169816
PRIMARY,124,600703.SH,2022-09-20,-17.5,TP_FIRST,1.4365619204532005,1.4365619204532005,0.0,26,0,0,0,0,0,-17.135927537327543
PRIMARY,125,002594.SZ,2022-07-12,-17.5,TP_FIRST,-2.227087712436274,-10.647658065619654,-8.420570353183379,58,1,1,0,0,1,-23.762322609884045
PRIMARY,126,002466.SZ,2022-09-01,-17.5,TP_FIRST,0.41755742217796255,0.41755742217796255,0.0,39,0,0,0,0,0,-17.18698543788346
PRIMARY,127,002050.SZ,2022-10-11,-17.5,TP_FIRST,8.648758708124946,8.648758708124946,0.0,17,0,0,0,0,0,-7.919779995223497
PRIMARY,128,603799.SH,2022-09-29,-17.5,TP_FIRST,1.9036214562895246,-16.02545110986104,-17.929072566150566,16,1,1,0,0,1,-18.54792363873298
PRIMARY,129,600030.SH,2022-09-16,-17.5,TP_FIRST,3.2914258355483077,3.2914258355483077,0.0,34,0,0,0,0,0,-7.2317278605463
PRIMARY,130,600036.SH,2022-10-10,-17.5,TP_FIRST,4.74708231806275,4.74708231806275,0.0,23,0,0,0,0,0,-17.352231797581
PRIMARY,131,601166.SH,2022-08-29,-17.5,TP_FIRST,2.990941980494697,2.990941980494697,0.0,48,0,0,0,0,0,-11.758858159541209
PRIMARY,132,601318.SH,2022-10-24,-17.5,TP_FIRST,11.54058817209945,11.54058817209945,0.0,14,0,0,0,0,0,-4.56589305883337
PRIMARY,133,000651.SZ,2022-10-31,-17.5,TP_FIRST,11.08646263720554,11.08646263720554,0.0,9,0,0,0,0,0,-0.62111668689665
PRIMARY,134,300059.SZ,2022-08-02,-17.5,TP_FIRST,1.3148602142200303,-8.303959730203607,-9.618819944423636,55,1,1,0,0,1,-28.41433393805436
PRIMARY,135,000625.SZ,2022-08-24,-17.5,TP_FIRST,2.31475867645841,-5.645254882376351,-7.960013558834762,42,1,1,0,0,1,-27.190338345372766
PRIMARY,136,000858.SZ,2022-10-24,-17.5,TP_FIRST,13.014502136358589,13.014502136358589,0.0,26,0,0,0,0,0,-6.076160549181053
PRIMARY,137,600519.SH,2022-09-05,-17.5,TP_FIRST,-5.861614932184937,-14.045633436799484,-8.184018504614547,28,1,1,0,0,0,-27.44375317821398
PRIMARY,138,000568.SZ,2022-10-10,-17.5,TP_FIRST,5.894426001503926,-7.779665765931913,-13.67409176743584,14,1,1,0,0,1,-26.23829865914583
PRIMARY,139,600887.SH,2022-10-20,-17.5,TP_FIRST,6.706648715667189,-11.52567336948474,-18.232322085151928,8,1,1,0,0,0,-18.517421916247343
PRIMARY,140,002714.SZ,2022-10-26,-17.5,TP_FIRST,5.23244617556544,5.23244617556544,0.0,28,0,0,0,0,0,-8.911088606217998
PRIMARY,141,300750.SZ,2022-09-01,-17.5,TP_FIRST,-1.3981718838619202,-7.040866953006546,-5.642695069144626,36,1,1,0,0,1,-24.986572858520837
PRIMARY,142,002371.SZ,2022-10-12,-17.5,TP_FIRST,10.597667780822029,10.597667780822029,0.0,44,0,0,0,0,0,-5.446303292394417
PRIMARY,143,603259.SH,2022-11-28,-17.5,TP_FIRST,6.738265986701266,6.738265986701266,0.0,22,0,0,0,0,0,-2.1226976811561937
PRIMARY,144,600522.SH,2022-11-01,-17.5,TP_FIRST,-5.676303523410963,-10.697449176321005,-5.021145652910041,20,1,1,0,0,1,-30.66339374603776
PRIMARY,145,300274.SZ,2022-12-06,-17.5,TP_FIRST,12.35423017458993,12.35423017458993,0.0,18,0,0,0,0,0,-12.997661644686353
PRIMARY,146,002241.SZ,2022-11-11,-17.5,TP_FIRST,8.552942953591648,8.552942953591648,0.0,37,0,0,0,0,0,-2.0552360649699564
PRIMARY,147,002812.SZ,2022-11-23,-17.5,TP_FIRST,12.272962184274384,12.272962184274384,0.0,30,0,0,0,0,0,-7.454367889448843
PRIMARY,148,601012.SH,2022-12-22,-17.5,TP_FIRST,11.348570853081775,11.348570853081775,0.0,17,0,0,0,0,0,-1.83945407826005
PRIMARY,149,000625.SZ,2022-12-28,-17.5,TP_FIRST,15.403895272762636,15.403895272762636,0.0,16,0,0,0,0,0,-2.461030882431914
PRIMARY,150,002709.SZ,2022-12-30,-17.5,TP_FIRST,15.538268097973235,15.538268097973235,0.0,14,0,0,0,0,0,-2.7348780509869663
PRIMARY,151,300014.SZ,2023-01-11,-17.5,TP_FIRST,6.981985480381129,6.981985480381129,0.0,9,0,0,0,0,0,-4.915491114570337
PRIMARY,152,300750.SZ,2023-02-17,-17.5,TP_FIRST,3.6254689430868456,3.6254689430868456,0.0,29,0,0,0,0,0,-11.62683470375777
PRIMARY,153,600519.SH,2023-03-08,-17.5,TP_FIRST,3.358107895598216,3.358107895598216,0.0,16,0,0,0,0,0,-2.5877984739737014
PRIMARY,154,300059.SZ,2023-03-07,-17.5,TP_FIRST,6.704927557794763,6.704927557794763,0.0,18,0,0,0,0,0,-6.726693190328403
PRIMARY,155,300274.SZ,2023-03-14,-17.5,TP_FIRST,3.872684453553771,3.872684453553771,0.0,23,0,0,0,0,0,-11.398858058207795
PRIMARY,156,002594.SZ,2023-03-10,-17.5,TP_FIRST,7.839512102970262,7.839512102970262,0.0,33,0,0,0,0,0,-3.6913778017047982
PRIMARY,157,000858.SZ,2023-04-10,-17.5,TP_FIRST,-2.6488868636941545,-2.6488868636941545,0.0,26,0,0,0,0,0,-10.048100566887374
PRIMARY,158,000651.SZ,2023-05-04,-17.5,TP_FIRST,6.144996620188443,6.144996620188443,0.0,25,0,0,0,0,0,-8.255590958382841
PRIMARY,159,601899.SH,2023-05-12,-17.5,TP_FIRST,6.727401168026937,6.727401168026937,0.0,19,0,0,0,0,0,-5.558920911138776
PRIMARY,160,600519.SH,2023-04-12,-17.5,TP_FIRST,6.514893856808776,6.514893856808776,0.0,43,0,0,0,0,0,-4.355999030555235
PRIMARY,161,601012.SH,2023-03-16,-17.5,TP_FIRST,-17.84953964554572,-10.828437491014002,7.021102154531716,49,1,1,0,0,1,-33.276416390528766
PRIMARY,162,600036.SH,2023-04-27,-17.5,TP_FIRST,-0.6278320762058595,-0.6278320762058595,0.0,57,0,0,0,0,0,-3.793063901958049
PRIMARY,163,600809.SH,2023-05-22,-17.5,TP_FIRST,9.67465728119054,9.67465728119054,0.0,43,0,0,0,0,0,-16.847859403834985
PRIMARY,164,300059.SZ,2023-05-29,-17.5,TP_FIRST,3.238668828858134,3.238668828858134,0.0,38,0,0,0,0,0,-4.622126321593722
PRIMARY,165,002415.SZ,2023-06-09,-17.5,TP_FIRST,9.253968396028046,9.253968396028046,0.0,31,0,0,0,0,0,-3.0509320142771967
PRIMARY,166,300750.SZ,2023-06-07,-17.5,TP_FIRST,8.015096907867838,8.015096907867838,0.0,35,0,0,0,0,0,-2.799902799902787
PRIMARY,167,688981.SH,2023-05-09,-17.5,TP_FIRST,-1.9912914951639942,-1.9912914951639942,0.0,57,0,0,0,0,0,-7.822752791213516
PRIMARY,168,600570.SH,2023-07-11,-17.5,TP_FIRST,12.935015317595871,12.935015317595871,0.0,17,0,0,0,0,0,-3.6163828033945022
PRIMARY,169,300418.SZ,2023-06-26,-17.5,TP_FIRST,-7.109717403112448,-14.165332306368425,-7.055614903255977,12,1,1,0,0,0,-22.324869570606698
PRIMARY,170,600276.SH,2023-07-31,-17.5,TP_FIRST,2.244966610480217,2.244966610480217,0.0,19,0,0,0,0,0,-16.355370032537774
PRIMARY,171,002230.SZ,2023-08-16,-17.5,TP_FIRST,-4.04018826584394,-15.107249422851195,-11.067061157007256,23,1,1,0,0,0,-19.948062722882465
PRIMARY,172,002475.SZ,2023-09-07,-17.5,TP_FIRST,6.728014277472455,6.728014277472455,0.0,17,0,0,0,0,0,-4.4345508276317
PRIMARY,173,300760.SZ,2023-08-07,-17.5,TP_FIRST,6.5338873044717865,6.5338873044717865,0.0,53,0,0,0,0,0,-4.449940020156773
PRIMARY,174,000858.SZ,2023-08-18,-17.5,TP_FIRST,9.240903528696505,9.240903528696505,0.0,46,0,0,0,0,0,-12.715230910264852
PRIMARY,175,300014.SZ,2023-02-20,-17.5,TP_FIRST,-28.568832058383776,-8.845814806869749,19.72301725151403,45,1,1,0,0,1,-44.47756749417103
PRIMARY,176,300059.SZ,2023-10-23,-17.5,TP_FIRST,6.795375111896212,6.795375111896212,0.0,9,0,0,0,0,0,-0.4417866895821354
PRIMARY,177,603019.SH,2023-08-09,-17.5,TP_FIRST,2.102020516340531,-10.987846390997664,-13.089866907338195,48,1,1,0,0,1,-18.940916927699114
PRIMARY,178,300274.SZ,2023-08-21,-17.5,TP_FIRST,2.059040269174881,-8.50962357577928,-10.56866384495416,40,1,1,0,0,1,-23.84860922169848
PRIMARY,179,300308.SZ,2023-07-20,-17.5,TP_FIRST,-5.693477162892338,-8.04033469492568,-2.346857532033341,43,1,1,0,0,1,-34.647305581306
PRIMARY,180,000977.SZ,2023-08-18,-17.5,TP_FIRST,7.706372017077919,-8.947791469675018,-16.654163486752935,41,1,1,0,0,1,-32.22636562323018
PRIMARY,181,601012.SH,2023-08-21,-17.5,TP_FIRST,-11.755699669774852,-8.485726919674944,3.2699727500999085,48,1,1,0,0,1,-26.371969728680746
PRIMARY,182,600519.SH,2023-10-13,-17.5,TP_FIRST,1.893988027016628,1.893988027016628,0.0,54,0,0,0,0,0,-7.786761434433009
PRIMARY,183,600009.SH,2023-08-21,-17.5,TP_FIRST,-11.699228208217027,-10.25447465328289,1.4447535549341382,73,1,1,0,0,0,-24.842656679790675
PRIMARY,184,601318.SH,2023-11-09,-17.5,TP_FIRST,-2.3138721028580727,-2.3138721028580727,0.0,53,0,0,0,0,0,-12.395299497973422
PRIMARY,185,000651.SZ,2023-12-20,-17.5,TP_FIRST,12.104633410839133,12.104633410839133,0.0,26,0,0,0,0,0,-0.22839068988121936
PRIMARY,186,601138.SH,2023-10-24,-17.5,TP_FIRST,11.050900506142318,11.050900506142318,0.0,73,0,0,0,0,0,-8.702006282856667
PRIMARY,187,000858.SZ,2023-12-13,-17.5,TP_FIRST,2.808164916171326,2.808164916171326,0.0,37,0,0,0,0,0,-9.305511112151732
PRIMARY,188,600519.SH,2024-01-17,-17.5,TP_FIRST,5.907729356690894,5.907729356690894,0.0,13,0,0,0,0,0,-1.2708988071569394
PRIMARY,189,300750.SZ,2023-09-08,-17.5,TP_FIRST,-18.00484444688593,-8.947722134290567,9.057122312595363,51,1,1,0,0,1,-37.07504075265946
PRIMARY,190,002230.SZ,2024-01-03,-17.5,TP_FIRST,3.585730933845497,3.585730933845497,0.0,25,0,0,0,0,0,-13.110142123274604
PRIMARY,191,300418.SZ,2024-01-31,-17.5,TP_FIRST,39.428041617887864,39.428041617887864,0.0,6,0,0,0,0,0,-9.269811195543308
PRIMARY,192,000568.SZ,2023-12-11,-17.5,TP_FIRST,1.1120117479146117,-7.900225595836183,-9.012237343750794,39,1,1,0,0,1,-22.710877834749677
PRIMARY,193,300059.SZ,2023-12-27,-17.5,TP_FIRST,5.900250298765934,5.900250298765934,0.0,32,0,0,0,0,0,-11.47429406768471
PRIMARY,194,000063.SZ,2023-07-20,-17.5,TP_FIRST,-20.144973123840867,-7.554284672111951,12.590688451728916,63,1,1,0,0,1,-49.074840753076984
PRIMARY,195,000628.SZ,2023-12-14,-17.5,TP_FIRST,44.67924500816973,-3.7469122256434493,-48.42615723381318,37,1,1,0,0,1,-39.992579634592374
PRIMARY,196,000625.SZ,2024-01-04,-17.5,TP_FIRST,12.686864654118965,-7.997491100076543,-20.684355754195508,22,1,1,0,0,1,-24.25874529738413
PRIMARY,197,301236.SZ,2024-01-22,-17.5,TP_FIRST,15.202767971466354,-17.666544000517174,-32.86931197198353,9,1,1,0,0,0,-20.518249818689295
PRIMARY,198,002555.SZ,2023-12-25,-17.5,TP_FIRST,17.471539089853273,-9.292852108140353,-26.764391197993625,30,1,1,0,0,0,-18.06601865960579
PRIMARY,199,000661.SZ,2024-01-12,-17.5,TP_FIRST,5.324721980411358,5.324721980411358,0.0,26,0,0,0,0,0,-15.088906432452676
PRIMARY,200,300033.SZ,2024-01-16,-17.5,TP_FIRST,11.478914185701258,-15.347624507583232,-26.82653869328449,13,1,1,0,0,0,-19.68785420497784
PRIMARY,201,002456.SZ,2023-12-14,-17.5,TP_FIRST,9.13490121758614,-7.262974360451785,-16.397875578037926,34,1,1,0,0,1,-32.75517367129328
PRIMARY,202,603259.SH,2024-01-30,-17.5,TP_FIRST,16.5357317467109,-9.6204132588185,-26.156145005529403,8,1,1,0,0,0,-19.366346576745652
PRIMARY,203,002594.SZ,2023-08-14,-17.5,TP_FIRST,-16.277210987224258,-15.442356702654362,0.8348542845698965,70,1,1,0,0,0,-33.85103047938111
PRIMARY,204,601012.SH,2024-01-29,-17.5,TP_FIRST,15.268422377533785,15.268422377533785,0.0,24,0,0,0,0,0,-13.258914832233726
PRIMARY,205,002475.SZ,2024-01-17,-17.5,TP_FIRST,7.219372761109448,7.219372761109448,0.0,37,0,0,0,0,0,-11.861191429965057
PRIMARY,206,601318.SH,2024-03-22,-17.5,TP_FIRST,8.104543046068015,8.104543046068015,0.0,23,0,0,0,0,0,-6.965721129438385
PRIMARY,207,600519.SH,2024-04-08,-17.5,TP_FIRST,5.19682233937109,5.19682233937109,0.0,16,0,0,0,0,0,-1.7024675784346077
PRIMARY,208,000977.SZ,2024-04-10,-17.5,TP_FIRST,12.570545419631626,12.570545419631626,0.0,14,0,0,0,0,0,-8.98589486777226
PRIMARY,209,000628.SZ,2024-03-29,-17.5,TP_FIRST,-22.18874094507154,-13.666407948467048,8.522332996604492,7,1,1,0,0,1,-52.38614252495148
PRIMARY,210,002129.SZ,2024-01-30,-17.5,TP_FIRST,-6.5866863796632105,-14.178357187967194,-7.591670808303983,50,1,1,0,0,0,-23.270953005067007
PRIMARY,211,601138.SH,2024-05-31,-17.5,TP_FIRST,17.235953981802986,17.235953981802986,0.0,8,0,0,0,0,0,-0.1435072194053144
PRIMARY,212,002230.SZ,2024-04-23,-17.5,TP_FIRST,5.3407176576942215,5.3407176576942215,0.0,35,0,0,0,0,0,-3.192044234481095
PRIMARY,213,600919.SH,2024-04-26,-17.5,TP_FIRST,-3.22433989136676,-3.22433989136676,0.0,42,0,0,0,0,0,-6.245585876244874
PRIMARY,214,000977.SZ,2024-05-28,-17.5,TP_FIRST,4.476827597833199,4.476827597833199,0.0,28,0,0,0,0,0,-6.538088943116049
PRIMARY,215,000625.SZ,2024-04-16,-17.5,TP_FIRST,-3.5813249331349106,-8.823852578636217,-5.242527645501307,35,1,1,0,0,1,-22.439671783461513
PRIMARY,216,000725.SZ,2024-05-28,-17.5,TP_FIRST,4.499483038676097,4.499483038676097,0.0,29,0,0,0,0,0,-5.704054833968886
PRIMARY,217,603019.SH,2024-03-27,-17.5,TP_FIRST,-3.1650656694684725,-11.788247060443581,-8.623181390975109,46,1,1,0,0,0,-19.720874640088848
PRIMARY,218,000858.SZ,2024-06-11,-17.5,TP_FIRST,-4.863606074584775,-4.863606074584775,0.0,25,0,0,0,0,0,-9.446093150024627
PRIMARY,219,600519.SH,2024-06-11,-17.5,TP_FIRST,0.5216824393800606,0.5216824393800606,0.0,27,0,0,0,0,0,-10.274440490341663
PRIMARY,220,300750.SZ,2024-06-07,-17.5,TP_FIRST,1.3901215027090492,1.3901215027090492,0.0,29,0,0,0,0,0,-9.524339063610821
PRIMARY,221,300059.SZ,2024-06-28,-17.5,TP_FIRST,3.9349979609446946,3.9349979609446946,0.0,22,0,0,0,0,0,-5.914697081934461
PRIMARY,222,601012.SH,2024-06-06,-17.5,TP_FIRST,-12.181185272863992,-16.676773313420203,-4.4955880405562105,14,1,1,0,0,0,-25.1188709649811
PRIMARY,223,600519.SH,2024-07-30,-17.5,TP_FIRST,4.979956385509713,4.979956385509713,0.0,22,0,0,0,0,0,-0.09990187614892232
PRIMARY,224,002594.SZ,2024-08-02,-17.5,TP_FIRST,6.379967880191982,6.379967880191982,0.0,19,0,0,0,0,0,-3.2764151461084245
PRIMARY,225,002475.SZ,2024-08-05,-17.5,TP_FIRST,8.544910470004318,8.544910470004318,0.0,18,0,0,0,0,0,-3.167255709326977
PRIMARY,226,002466.SZ,2024-04-25,-17.5,TP_FIRST,-13.212317215788726,-6.994849892194059,6.217467323594667,83,1,1,0,0,1,-36.23508762311697
PRIMARY,227,300502.SZ,2024-07-25,-17.5,TP_FIRST,13.964744747831642,13.964744747831642,0.0,35,0,0,0,0,0,-12.266195988559547
PRIMARY,228,601919.SH,2024-07-08,-17.5,TP_FIRST,1.7285541339282333,-7.813159718961692,-9.541713852889925,46,1,1,0,0,1,-19.814263643782315
PRIMARY,229,000063.SZ,2024-08-22,-17.5,TP_FIRST,3.3955801711335427,3.3955801711335427,0.0,19,0,0,0,0,0,-3.013656189391656
PRIMARY,230,601138.SH,2024-07-18,-17.5,TP_FIRST,-2.550959931032771,-6.770802641449329,-4.2198427104165575,37,1,1,0,0,1,-27.58542866236795
PRIMARY,231,300308.SZ,2024-07-25,-17.5,TP_FIRST,7.199933708510119,-10.69679033246155,-17.89672404097167,28,1,1,0,0,1,-20.412077421209307
PRIMARY,232,601899.SH,2024-07-23,-17.5,TP_FIRST,11.302372099604602,11.302372099604602,0.0,43,0,0,0,0,0,-15.34301819528009
PRIMARY,233,601127.SH,2024-08-28,-17.5,TP_FIRST,11.860904824260553,11.860904824260553,0.0,17,0,0,0,0,0,-0.6937050159442237
PRIMARY,234,600036.SH,2024-09-09,-17.5,TP_FIRST,12.650986424212693,12.650986424212693,0.0,9,0,0,0,0,0,-1.1566935372865572
PRIMARY,235,000858.SZ,2024-08-22,-17.5,TP_FIRST,9.447704740723928,9.447704740723928,0.0,22,0,0,0,0,0,-11.92058204560389
PRIMARY,236,600809.SH,2024-08-28,-17.5,TP_FIRST,10.265232797714383,10.265232797714383,0.0,18,0,0,0,0,0,-9.343746064530556
PRIMARY,237,600519.SH,2024-09-09,-17.5,TP_FIRST,13.065449104192647,13.065449104192647,0.0,10,0,0,0,0,0,-9.155678699288794
PRIMARY,238,600276.SH,2024-09-20,-17.5,TP_FIRST,7.0921102706178285,7.0921102706178285,0.0,3,0,0,0,0,0,-1.5909424566413088
PRIMARY,239,000100.SZ,2024-05-07,-17.5,TP_FIRST,6.430946014868081,-5.576069066798383,-12.007015081666463,94,1,1,0,0,1,-22.85372018914835
PRIMARY,240,688012.SH,2024-08-23,-17.5,TP_FIRST,8.980679975166685,8.980679975166685,0.0,22,0,0,0,0,0,-11.105843309233144
PRIMARY,241,688256.SH,2024-09-05,-17.5,TP_FIRST,22.25002533076108,22.25002533076108,0.0,14,0,0,0,0,0,-3.4709343344747623
PRIMARY,242,600900.SH,2024-09-11,-17.5,TP_FIRST,8.228584541518643,8.228584541518643,0.0,10,0,0,0,0,0,-0.35235825269818166
PRIMARY,243,600150.SH,2024-09-19,-17.5,TP_FIRST,4.47320430931633,4.47320430931633,0.0,58,0,0,0,0,0,-6.4123490487716595
PRIMARY,244,600418.SH,2024-11-27,-17.5,TP_FIRST,19.31501930377224,19.31501930377224,0.0,38,0,0,0,0,0,-4.031151825779977
PRIMARY,245,603019.SH,2025-01-02,-17.5,TP_FIRST,7.198386187683706,7.198386187683706,0.0,17,0,0,0,0,0,-10.82782494103971
PRIMARY,246,600030.SH,2024-12-31,-17.5,TP_FIRST,-0.029241512213777625,-0.029241512213777625,0.0,20,0,0,0,0,0,-9.821028359452445
PRIMARY,247,300059.SZ,2025-01-02,-17.5,TP_FIRST,5.568619214325684,5.568619214325684,0.0,19,0,0,0,0,0,-10.373910853057232
PRIMARY,248,300033.SZ,2025-01-02,-17.5,TP_FIRST,23.218740081380986,23.218740081380986,0.0,19,0,0,0,0,0,-8.449836646713571
PRIMARY,249,300750.SZ,2025-01-07,-17.5,TP_FIRST,8.716235937905914,8.716235937905914,0.0,21,0,0,0,0,0,-2.061431530740332
PRIMARY,250,000858.SZ,2025-01-06,-17.5,TP_FIRST,1.2030252662316376,1.2030252662316376,0.0,23,0,0,0,0,0,-5.193889847781408
PRIMARY,251,688256.SH,2025-01-16,-17.5,TP_FIRST,19.16467811575612,19.16467811575612,0.0,19,0,0,0,0,0,-4.483732441599764
PRIMARY,252,600519.SH,2025-01-03,-17.5,TP_FIRST,4.558943908999476,4.558943908999476,0.0,33,0,0,0,0,0,-3.7431935053504506
PRIMARY,253,688256.SH,2025-03-25,-17.5,TP_FIRST,8.922494348994318,8.922494348994318,0.0,17,0,0,0,0,0,-17.216747908844678
PRIMARY,254,002261.SZ,2025-03-24,-17.5,TP_FIRST,2.6716085217561965,-17.6665440005172,-20.338152522273397,8,1,1,0,0,0,-27.78696429320907
PRIMARY,255,600989.SH,2025-03-28,-17.5,TP_FIRST,6.913448021154776,6.913448021154776,0.0,20,0,0,0,0,0,-8.97260383386529
PRIMARY,256,000063.SZ,2025-03-03,-17.5,TP_FIRST,2.6037524048102836,-8.759130633791044,-11.362883038601327,26,1,1,0,0,1,-20.196827200957447
PRIMARY,257,600050.SH,2025-03-19,-17.5,TP_FIRST,-4.102896566069308,-4.102896566069308,0.0,30,0,0,0,0,0,-12.91204099525517
PRIMARY,258,300846.SZ,2025-03-25,-17.5,TP_FIRST,-3.7770156011244347,-11.04087004474754,-7.2638544436231065,9,1,1,0,0,1,-31.401379445935305
PRIMARY,259,300059.SZ,2025-04-01,-17.5,TP_FIRST,5.1627907747067665,-12.36442865881952,-17.527219433526287,4,1,1,0,0,0,-18.189916816625797
PRIMARY,260,002475.SZ,2025-04-02,-17.5,TP_FIRST,3.6625597634810965,-5.850391724964586,-9.512951488445683,4,1,1,0,0,1,-27.255123038788852
PRIMARY,261,300308.SZ,2025-01-10,-17.5,TP_FIRST,0.7734206644023827,-11.636613277367998,-12.41003394177038,56,1,1,0,0,1,-39.080885586063495
PRIMARY,262,300502.SZ,2025-02-28,-17.5,TP_FIRST,28.725713357688992,-0.6154920433528001,-29.34120540104179,27,1,1,0,0,1,-31.75728487388515
PRIMARY,263,300750.SZ,2025-04-01,-17.5,TP_FIRST,7.81936272756536,7.81936272756536,0.0,22,0,0,0,0,0,-16.506355111574443
PRIMARY,264,601318.SH,2025-04-07,-17.5,TP_FIRST,6.926822925723594,6.926822925723594,0.0,19,0,0,0,0,0,-1.0258567917744377
PRIMARY,265,600036.SH,2025-04-07,-17.5,TP_FIRST,5.565919809741665,5.565919809741665,0.0,19,0,0,0,0,0,-1.275773669536573
PRIMARY,266,002594.SZ,2025-04-08,-17.5,TP_FIRST,17.218917139643203,17.218917139643203,0.0,21,0,0,0,0,0,-2.0179308927128603
PRIMARY,267,601658.SH,2025-03-28,-17.5,TP_FIRST,3.737034722718007,3.737034722718007,0.0,28,0,0,0,0,0,-5.998762052795592
PRIMARY,268,600309.SH,2025-04-15,-17.5,TP_FIRST,2.8522101436284233,2.8522101436284233,0.0,18,0,0,0,0,0,-4.325283052386664
PRIMARY,269,601899.SH,2025-04-07,-17.5,TP_FIRST,18.75276321406046,18.75276321406046,0.0,28,0,0,0,0,0,-2.3499050474409477
PRIMARY,270,603259.SH,2025-04-08,-17.5,TP_FIRST,27.365745385479556,27.365745385479556,0.0,29,0,0,0,0,0,-2.7478554733693317
PRIMARY,271,688981.SH,2025-04-01,-17.5,TP_FIRST,-0.3367121465143475,-0.3367121465143475,0.0,53,0,0,0,0,0,-10.022828466095346
PRIMARY,272,688256.SH,2025-05-27,-17.5,TP_FIRST,2.4520211429184493,2.4520211429184493,0.0,20,0,0,0,0,0,-9.161551567123071
PRIMARY,273,000858.SZ,2025-06-13,-17.5,TP_FIRST,2.9441509741563254,2.9441509741563254,0.0,17,0,0,0,0,0,-0.8036010497183277
PRIMARY,274,600519.SH,2025-06-13,-17.5,TP_FIRST,1.571155348492451,1.571155348492451,0.0,18,0,0,0,0,0,-0.18545542382252256
PRIMARY,275,300308.SZ,2025-10-14,-17.5,TP_FIRST,37.312191378736536,37.312191378736536,0.0,7,0,0,0,0,0,-2.4164241555545862
PRIMARY,276,002460.SZ,2025-11-24,-17.5,TP_FIRST,9.614217661278927,9.614217661278927,0.0,19,0,0,0,0,0,-1.7925475782034406
PRIMARY,277,601138.SH,2025-11-24,-17.5,TP_FIRST,19.316165850131622,19.316165850131622,0.0,22,0,0,0,0,0,-2.475096837577462
PRIMARY,278,300502.SZ,2026-01-12,-17.5,TP_FIRST,18.325572753597463,18.325572753597463,0.0,14,0,0,0,0,0,-2.8874334496876597
PRIMARY,279,300750.SZ,2025-11-21,-17.5,TP_FIRST,1.7797735978262685,1.7797735978262685,0.0,52,0,0,0,0,0,-11.001248680259001
PRIMARY,280,300274.SZ,2025-12-16,-17.5,TP_FIRST,-0.04130443998742119,-0.04130443998742119,0.0,52,0,0,0,0,0,-13.261308807790783
PRIMARY,281,300308.SZ,2026-02-06,-17.5,TP_FIRST,3.437565472561077,3.437565472561077,0.0,21,0,0,0,0,0,-9.894027541086349
PRIMARY,282,002475.SZ,2026-01-08,-17.5,TP_FIRST,1.540552873571203,-11.76996393527538,-13.310516808846582,46,1,1,0,0,0,-18.823201056328863
PRIMARY,283,601138.SH,2026-01-29,-17.5,TP_FIRST,3.823418044659373,3.823418044659373,0.0,41,0,0,0,0,0,-17.012814423960076
PRIMARY,284,688256.SH,2026-02-03,-17.5,TP_FIRST,12.397855616133041,12.397855616133041,0.0,38,0,0,0,0,0,-12.087912087912079
PRIMARY,285,601899.SH,2026-03-16,-17.5,TP_FIRST,9.119263883295172,9.119263883295172,0.0,20,0,0,0,0,0,-14.280941525906998
PRIMARY,286,603986.SH,2026-03-31,-17.5,TP_FIRST,19.7457903723054,19.7457903723054,0.0,13,0,0,0,0,0,-2.865134133444669
PRIMARY,287,300059.SZ,2026-03-20,-17.5,TP_FIRST,8.424165896338625,8.424165896338625,0.0,31,0,0,0,0,0,-7.322200643291355
PRIMARY,288,300274.SZ,2026-04-01,-17.5,TP_FIRST,13.077001683310016,13.077001683310016,0.0,23,0,0,0,0,0,-7.472322364359973
PRIMARY,289,300274.SZ,2026-07-01,-17.5,TP_FIRST,-8.358514552822074,-14.66294430507237,-6.304429752250297,7,1,1,0,0,0,-26.27934444027391
PRIMARY,290,600487.SH,2026-07-06,-17.5,TP_FIRST,-17.707576907721744,-15.339537897238003,2.3680390104837414,5,1,1,0,0,1,-46.153139444336865
PRIMARY,291,688525.SH,2026-07-15,-17.5,TP_FIRST,-19.368418251981645,-12.839151190069304,6.529267061912341,3,1,1,0,0,1,-34.73193473193472
PRIMARY,292,688008.SH,2026-07-16,-17.5,TP_FIRST,-3.6609369962131426,-3.6609369962131426,0.0,27,0,0,0,0,0,-12.165294341773524
PRIMARY,293,688256.SH,2026-07-16,-17.5,TP_FIRST,-7.309240157764709,-5.627560730882408,1.681679426882301,27,1,1,1,0,1,-25.153710642669623
PRIMARY,294,300308.SZ,2026-07-17,-17.5,TP_FIRST,-11.744158826402947,-11.39956413136939,0.3445946950335568,10,1,1,0,0,0,-22.96628924619374
PRIMARY,295,600584.SH,2026-07-20,-17.5,TP_FIRST,-3.746170199653699,-17.66654400051719,-13.920373800863493,9,1,1,0,0,0,-20.75720869405966
PRIMARY,296,300502.SZ,2026-07-28,-17.5,TP_FIRST,-3.1289001702402826,-3.1289001702402826,0.0,19,0,0,0,0,0,-14.854383942881455
PRIMARY,297,002384.SZ,2026-07-29,-17.5,TP_FIRST,6.860142611567042,6.860142611567042,0.0,18,0,0,0,0,0,-9.217430672804971
PRIMARY,298,002475.SZ,2026-08-03,-17.5,TP_FIRST,1.2862198685484683,1.2862198685484683,0.0,15,0,0,0,0,0,-4.021902045888859
PRIMARY,299,600276.SH,2026-08-20,-17.5,TP_FIRST,-2.438053366642191,-2.438053366642191,0.0,2,0,0,0,0,0,-4.81585777507767
PRIMARY,1,000651.SZ,2020-03-19,-20.0,STOP_FIRST,8.76502998612771,8.76502998612771,0.0,15,0,0,0,0,0,-3.253806511060575
PRIMARY,2,600030.SH,2020-03-16,-20.0,STOP_FIRST,1.2152522266729697,1.2152522266729697,0.0,19,0,0,0,0,0,-7.086832162571954
PRIMARY,3,300750.SZ,2020-02-28,-20.0,STOP_FIRST,-1.0193924653390611,-15.508076915379753,-14.488684450040692,15,1,1,0,0,1,-24.419958905481774
PRIMARY,4,601318.SH,2020-02-28,-20.0,STOP_FIRST,-1.3453625770562572,-1.3453625770562572,0.0,33,0,0,0,0,0,-15.814522556095568
PRIMARY,5,600036.SH,2020-03-19,-20.0,STOP_FIRST,10.683448687695108,10.683448687695108,0.0,25,0,0,0,0,0,-0.09990265754196148
PRIMARY,6,002475.SZ,2020-03-17,-20.0,STOP_FIRST,14.92275528149982,14.92275528149982,0.0,28,0,0,0,0,0,-11.112505536775796
PRIMARY,7,000858.SZ,2020-03-17,-20.0,STOP_FIRST,26.82736619482785,26.82736619482785,0.0,28,0,0,0,0,0,-12.958069092199342
PRIMARY,8,000063.SZ,2020-03-17,-20.0,STOP_FIRST,3.2396956676295363,3.2396956676295363,0.0,32,0,0,0,0,0,-10.59060271470772
PRIMARY,9,000725.SZ,2020-03-16,-20.0,STOP_FIRST,4.611959703094805,-12.466347083041034,-17.07830678613584,31,1,1,0,0,0,-20.127607365604128
PRIMARY,10,002506.SZ,2020-03-26,-20.0,STOP_FIRST,-6.524016348081019,-11.535547031678943,-5.0115306835979245,23,1,1,0,0,1,-31.211643047504246
PRIMARY,11,600519.SH,2020-03-18,-20.0,STOP_FIRST,39.54846152311298,39.54846152311298,0.0,48,0,0,0,0,0,-3.505987509815356
PRIMARY,12,000002.SZ,2020-03-18,-20.0,STOP_FIRST,4.681297620587952,4.681297620587952,0.0,49,0,0,0,0,0,-6.372695888701285
PRIMARY,13,002714.SZ,2020-05-11,-20.0,STOP_FIRST,-37.346517858183255,-39.08929023133747,-1.7427723731542173,17,1,1,0,0,1,-43.62347582705105
PRIMARY,14,000063.SZ,2020-05-25,-20.0,STOP_FIRST,8.355437860095789,8.355437860095789,0.0,17,0,0,0,0,0,-5.214052830367422
PRIMARY,15,002415.SZ,2020-05-25,-20.0,STOP_FIRST,7.15509150196319,7.15509150196319,0.0,17,0,0,0,0,0,-2.5965128554330974
PRIMARY,16,600703.SH,2020-06-15,-20.0,STOP_FIRST,15.534542524394753,15.534542524394753,0.0,12,0,0,0,0,0,-1.7232235549681896
PRIMARY,17,600030.SH,2020-09-07,-20.0,STOP_FIRST,3.3416942678344705,3.3416942678344705,0.0,18,0,0,0,0,0,-2.3347247522243597
PRIMARY,18,300059.SZ,2020-09-09,-20.0,STOP_FIRST,4.052671012057143,4.052671012057143,0.0,16,0,0,0,0,0,-5.835594827212354
PRIMARY,19,600276.SH,2020-09-17,-20.0,STOP_FIRST,7.964121567403469,7.964121567403469,0.0,10,0,0,0,0,0,-0.30802389658590723
PRIMARY,20,000063.SZ,2020-09-10,-20.0,STOP_FIRST,8.16654508112372,8.16654508112372,0.0,16,0,0,0,0,0,-2.1893558485753473
PRIMARY,21,000651.SZ,2020-09-28,-20.0,STOP_FIRST,7.18749636223901,7.18749636223901,0.0,5,0,0,0,0,0,-0.7920940870049797
PRIMARY,22,600036.SH,2020-09-30,-20.0,STOP_FIRST,8.189846606772502,8.189846606772502,0.0,5,0,0,0,0,0,-0.8409143929827279
PRIMARY,23,002456.SZ,2020-09-01,-20.0,STOP_FIRST,0.3287151054327302,0.3287151054327302,0.0,34,0,0,0,0,0,-16.877466166367018
PRIMARY,24,300136.SZ,2020-10-12,-20.0,STOP_FIRST,3.7523403888601528,3.7523403888601528,0.0,19,0,0,0,0,0,-11.264076050883421
PRIMARY,25,600030.SH,2020-10-26,-20.0,STOP_FIRST,5.218510332201447,5.218510332201447,0.0,19,0,0,0,0,0,-4.85376403171518
PRIMARY,26,000661.SZ,2020-09-16,-20.0,STOP_FIRST,10.365131138225253,10.365131138225253,0.0,47,0,0,0,0,0,-10.396266523703268
PRIMARY,27,600745.SH,2020-09-08,-20.0,STOP_FIRST,1.4169185149017833,-13.57899293906798,-14.995911453969764,28,1,1,0,0,0,-24.96934183424869
PRIMARY,28,601012.SH,2020-11-13,-20.0,STOP_FIRST,11.570904483395198,11.570904483395198,0.0,17,0,0,0,0,0,-7.125413198287678
PRIMARY,29,300122.SZ,2020-11-11,-20.0,STOP_FIRST,21.594186068179752,21.594186068179752,0.0,27,0,0,0,0,0,-14.25593292277403
PRIMARY,30,002475.SZ,2020-11-16,-20.0,STOP_FIRST,4.922943424348968,4.922943424348968,0.0,26,0,0,0,0,0,-6.247600021016375
PRIMARY,31,002241.SZ,2020-11-16,-20.0,STOP_FIRST,2.7641560070263713,2.7641560070263713,0.0,28,0,0,0,0,0,-8.190219287755895
PRIMARY,32,000651.SZ,2020-12-09,-20.0,STOP_FIRST,4.778058019478602,4.778058019478602,0.0,17,0,0,0,0,0,-6.9491076663235285
PRIMARY,33,688981.SH,2020-12-16,-20.0,STOP_FIRST,16.521188858697652,16.521188858697652,0.0,16,0,0,0,0,0,-4.393704306917501
PRIMARY,34,601318.SH,2021-01-28,-20.0,STOP_FIRST,9.42474089385644,9.42474089385644,0.0,14,0,0,0,0,0,-7.015107202120719
PRIMARY,35,300059.SZ,2021-02-22,-20.0,STOP_FIRST,-9.75617275607125,-16.195952315013688,-6.439779558942439,15,1,1,0,0,0,-21.294436987155805
PRIMARY,36,000333.SZ,2021-02-22,-20.0,STOP_FIRST,1.124921971714471,1.124921971714471,0.0,28,0,0,0,0,0,-11.037863818654303
PRIMARY,37,000858.SZ,2021-03-08,-20.0,STOP_FIRST,16.23467230378328,16.23467230378328,0.0,18,0,0,0,0,0,-5.053624061888506
PRIMARY,38,600030.SH,2021-03-01,-20.0,STOP_FIRST,-1.7719464410848904,-1.7719464410848904,0.0,24,0,0,0,0,0,-9.731175855642116
PRIMARY,39,601012.SH,2021-03-04,-20.0,STOP_FIRST,2.8151228530517156,-17.48141719294002,-20.296540045991737,14,1,1,0,0,0,-20.33269501471261
PRIMARY,40,002241.SZ,2021-01-29,-20.0,STOP_FIRST,-2.3809753380773024,-11.391121331776741,-9.010145993699439,27,1,1,0,0,0,-24.32266643437805
PRIMARY,41,300750.SZ,2021-01-29,-20.0,STOP_FIRST,2.6778263400166544,-16.965554622822772,-19.643380962839426,33,1,1,0,0,1,-20.744980856829066
PRIMARY,42,002475.SZ,2021-01-28,-20.0,STOP_FIRST,-17.795635461958412,-9.24159701331138,8.554038448647033,28,1,1,0,0,1,-38.05999710973133
PRIMARY,43,600438.SH,2021-03-05,-20.0,STOP_FIRST,-2.082117681436346,-15.265580619310862,-13.183462937874516,12,1,1,0,0,0,-21.900640918932147
PRIMARY,44,300014.SZ,2021-03-23,-20.0,STOP_FIRST,20.343646524893185,20.343646524893185,0.0,18,0,0,0,0,0,-1.1328405715407053
PRIMARY,45,601899.SH,2021-03-24,-20.0,STOP_FIRST,13.67315267261283,13.67315267261283,0.0,17,0,0,0,0,0,-0.5227592786883895
PRIMARY,46,601166.SH,2021-04-15,-20.0,STOP_FIRST,10.16039399503804,10.16039399503804,0.0,15,0,0,0,0,0,-2.3887839446735004
PRIMARY,47,600276.SH,2021-04-15,-20.0,STOP_FIRST,2.9762113310555116,2.9762113310555116,0.0,18,0,0,0,0,0,-5.364820806114978
PRIMARY,48,002352.SZ,2021-04-12,-20.0,STOP_FIRST,1.806031845385725,1.806031845385725,0.0,22,0,0,0,0,0,-8.258407334556994
PRIMARY,49,600519.SH,2021-05-06,-20.0,STOP_FIRST,12.309433820124724,12.309433820124724,0.0,12,0,0,0,0,0,-5.132526010090399
PRIMARY,50,600031.SH,2021-03-09,-20.0,STOP_FIRST,2.027751640672817,-4.897718347631361,-6.925469988304178,44,1,1,0,0,1,-27.978387085265844
PRIMARY,51,600009.SH,2021-02-03,-20.0,STOP_FIRST,-1.1354409255495685,-13.150272944590084,-12.014832019040515,58,1,1,0,0,1,-22.985275095121573
PRIMARY,52,002594.SZ,2021-02-24,-20.0,STOP_FIRST,16.160298578230066,-10.405681499041886,-26.565980077271952,49,1,1,0,0,1,-34.73181070183321
PRIMARY,53,002340.SZ,2021-06-07,-20.0,STOP_FIRST,5.290865136021748,5.290865136021748,0.0,19,0,0,0,0,0,-11.268220523967209
PRIMARY,54,000661.SZ,2021-05-24,-20.0,STOP_FIRST,3.543179209088439,3.543179209088439,0.0,38,0,0,0,0,0,-16.869230019043936
PRIMARY,55,002594.SZ,2021-07-16,-20.0,STOP_FIRST,25.77910857036041,25.77910857036041,0.0,10,0,0,0,0,0,-2.6882194842621776
PRIMARY,56,600031.SH,2021-06-11,-20.0,STOP_FIRST,4.433342850860986,4.433342850860986,0.0,35,0,0,0,0,0,-15.123799665013548
PRIMARY,57,002241.SZ,2021-07-22,-20.0,STOP_FIRST,10.273218124699701,10.273218124699701,0.0,9,0,0,0,0,0,-7.886693775763421
PRIMARY,58,600036.SH,2021-07-08,-20.0,STOP_FIRST,8.736132867824947,8.736132867824947,0.0,28,0,0,0,0,0,-10.298243793004092
PRIMARY,59,300782.SZ,2021-07-13,-20.0,STOP_FIRST,4.700284102162052,4.700284102162052,0.0,29,0,0,0,0,0,-10.944165622271129
PRIMARY,60,601919.SH,2021-07-23,-20.0,STOP_FIRST,21.9399821535198,21.9399821535198,0.0,25,0,0,0,0,0,-13.003666576368966
PRIMARY,61,002460.SZ,2021-08-16,-20.0,STOP_FIRST,24.025427124052413,24.025427124052413,0.0,9,0,0,0,0,0,-2.17885582383488
PRIMARY,62,300750.SZ,2021-07-27,-20.0,STOP_FIRST,8.626053858905106,8.626053858905106,0.0,34,0,0,0,0,0,-5.360767280539502
PRIMARY,63,300760.SZ,2021-08-20,-20.0,STOP_FIRST,25.243095200327115,25.243095200327115,0.0,19,0,0,0,0,0,-1.3648131532456809
PRIMARY,64,600519.SH,2021-07-26,-20.0,STOP_FIRST,2.091334708861519,2.091334708861519,0.0,41,0,0,0,0,0,-15.47553943560599
PRIMARY,65,002714.SZ,2021-05-24,-20.0,STOP_FIRST,-18.715268930191936,-6.419125730570796,12.29614319962114,42,1,1,0,0,1,-56.67478900029019
PRIMARY,66,000858.SZ,2021-07-08,-20.0,STOP_FIRST,-7.6342909419297795,-9.196415491644885,-1.5621245497151053,32,1,1,0,0,1,-28.655500122152368
PRIMARY,67,002594.SZ,2021-09-29,-20.0,STOP_FIRST,17.089129638620165,17.089129638620165,0.0,6,0,0,0,0,0,-0.5192972651856032
PRIMARY,68,601318.SH,2021-03-18,-20.0,STOP_FIRST,-28.116081051784203,-13.085739047439954,15.030342004344249,60,1,1,0,0,0,-41.80696245003698
PRIMARY,69,000651.SZ,2021-05-25,-20.0,STOP_FIRST,-19.03127753582529,-11.447748531293376,7.583529004531913,63,1,1,0,0,1,-33.090168102543274
PRIMARY,70,000333.SZ,2021-07-05,-20.0,STOP_FIRST,11.175030722164129,11.175030722164129,0.0,71,0,0,0,0,0,-9.770984837876318
PRIMARY,71,600111.SH,2021-09-29,-20.0,STOP_FIRST,22.277893313169177,22.277893313169177,0.0,12,0,0,0,0,0,-3.6351512387024387
PRIMARY,72,600089.SH,2021-10-08,-20.0,STOP_FIRST,21.757208672823793,21.757208672823793,0.0,12,0,0,0,0,0,-5.355399017850127
PRIMARY,73,002466.SZ,2021-09-22,-20.0,STOP_FIRST,5.276533723848393,5.276533723848393,0.0,28,0,0,0,0,0,-18.18048772561611
PRIMARY,74,000858.SZ,2021-11-01,-20.0,STOP_FIRST,7.772649549904674,7.772649549904674,0.0,16,0,0,0,0,0,-2.695601939103509
PRIMARY,75,603259.SH,2021-11-04,-20.0,STOP_FIRST,10.333997515607747,10.333997515607747,0.0,15,0,0,0,0,0,-4.388640111365582
PRIMARY,76,601919.SH,2021-09-28,-20.0,STOP_FIRST,3.0377221934720415,3.0377221934720415,0.0,39,0,0,0,0,0,-19.410201081693145
PRIMARY,77,600030.SH,2021-11-16,-20.0,STOP_FIRST,7.942169042945349,7.942169042945349,0.0,13,0,0,0,0,0,-1.3115665629502171
PRIMARY,78,000651.SZ,2021-10-27,-20.0,STOP_FIRST,3.7666645298140864,3.7666645298140864,0.0,30,0,0,0,0,0,-6.591904190897946
PRIMARY,79,600036.SH,2021-11-26,-20.0,STOP_FIRST,7.780249533285357,7.780249533285357,0.0,8,0,0,0,0,0,-2.0264594890360255
PRIMARY,80,600036.SH,2021-12-29,-20.0,STOP_FIRST,5.516341863497587,5.516341863497587,0.0,14,0,0,0,0,0,-0.892595978810895
PRIMARY,81,002129.SZ,2021-12-01,-20.0,STOP_FIRST,7.212021342950852,7.212021342950852,0.0,38,0,0,0,0,0,-10.209695479014202
PRIMARY,82,600030.SH,2022-01-14,-20.0,STOP_FIRST,1.0102995428563417,1.0102995428563417,0.0,9,0,0,0,0,0,-4.115180796829354
PRIMARY,83,601888.SH,2021-11-02,-20.0,STOP_FIRST,7.8045788936873635,7.8045788936873635,0.0,65,0,0,0,0,0,-17.76278012400819
PRIMARY,84,600111.SH,2021-12-24,-20.0,STOP_FIRST,10.927469701064592,10.927469701064592,0.0,31,0,0,0,0,0,-16.158101136300374
PRIMARY,85,000792.SZ,2022-01-20,-20.0,STOP_FIRST,18.801769360068377,18.801769360068377,0.0,13,0,0,0,0,0,-2.101609531796167
PRIMARY,86,002460.SZ,2021-12-20,-20.0,STOP_FIRST,7.327370162653349,7.327370162653349,0.0,36,0,0,0,0,0,-13.694999767838578
PRIMARY,87,002466.SZ,2021-12-20,-20.0,STOP_FIRST,1.837573601773871,1.837573601773871,0.0,36,0,0,0,0,0,-19.98566660073482
PRIMARY,88,000661.SZ,2022-01-24,-20.0,STOP_FIRST,11.89884859958246,11.89884859958246,0.0,17,0,0,0,0,0,-4.775620293737893
PRIMARY,89,601012.SH,2021-12-01,-20.0,STOP_FIRST,6.472325573333965,-12.50365476124562,-18.975980334579585,46,1,1,0,0,1,-23.797689806559163
PRIMARY,90,603259.SH,2021-12-20,-20.0,STOP_FIRST,12.254494786218984,-8.262591448463809,-20.517086234682793,33,1,1,0,0,1,-28.86139126771904
PRIMARY,91,000002.SZ,2022-03-04,-20.0,STOP_FIRST,14.88504791739044,-13.196997167413347,-28.082045084803788,7,1,1,0,0,0,-22.246037106497695
PRIMARY,92,300059.SZ,2022-01-05,-20.0,STOP_FIRST,-5.7513210082683415,-6.8917680929377125,-1.140447084669371,44,1,1,0,0,1,-34.89656169461941
PRIMARY,93,600519.SH,2022-01-07,-20.0,STOP_FIRST,0.9984159395398549,0.9984159395398549,0.0,61,0,0,0,0,0,-17.458488731459298
PRIMARY,94,601888.SH,2022-03-14,-20.0,STOP_FIRST,7.812849493656972,7.812849493656972,0.0,20,0,0,0,0,0,-8.439813952671848
PRIMARY,95,002594.SZ,2021-12-16,-20.0,STOP_FIRST,-1.5968178542206901,-11.100813263058843,-9.503995408838152,52,1,1,0,0,1,-26.330714118353036
PRIMARY,96,000625.SZ,2021-11-16,-20.0,STOP_FIRST,-22.229994518631575,-9.589615111434714,12.64037940719686,74,1,1,0,0,1,-53.29984290867762
PRIMARY,97,002475.SZ,2022-02-08,-20.0,STOP_FIRST,-17.15409169654668,-9.849315269467548,7.3047764270791316,36,1,1,0,0,1,-40.77681436537638
PRIMARY,98,002466.SZ,2022-04-25,-20.0,STOP_FIRST,41.854779546894,41.854779546894,0.0,8,0,0,0,0,0,-3.4110472521140522
PRIMARY,99,300274.SZ,2021-12-21,-20.0,STOP_FIRST,-25.58857835409347,-5.547198693036328,20.041379661057142,63,1,1,0,0,1,-58.717689038471335
PRIMARY,100,002460.SZ,2022-03-08,-20.0,STOP_FIRST,17.706849570514894,-8.902018877058168,-26.608868447573062,33,1,1,0,0,1,-28.642784574491998
PRIMARY,101,000858.SZ,2022-01-28,-20.0,STOP_FIRST,-8.807756178930596,-11.595243812796536,-2.78748763386594,24,1,1,0,0,0,-25.5194802146096
PRIMARY,102,300014.SZ,2022-03-03,-20.0,STOP_FIRST,26.31764601662993,-13.506803557050898,-39.82444957368082,36,1,1,0,0,1,-32.624915571840454
PRIMARY,103,300750.SZ,2021-12-20,-20.0,STOP_FIRST,-14.232912370394569,-8.344604026169062,5.888308344225507,73,1,1,0,0,1,-41.8073675499418
PRIMARY,104,601012.SH,2022-03-29,-20.0,STOP_FIRST,-12.752364240157288,-12.407576131992922,0.3447881081643658,18,1,1,0,0,1,-24.82075936524716
PRIMARY,105,002415.SZ,2022-05-06,-20.0,STOP_FIRST,3.5450375895839463,3.5450375895839463,0.0,19,0,0,0,0,0,-8.562023743217374
PRIMARY,106,600276.SH,2022-01-13,-20.0,STOP_FIRST,-29.55698724716474,-14.532408375893832,15.02457887127091,33,1,1,0,0,1,-42.610580908453244
PRIMARY,107,601318.SH,2022-03-15,-20.0,STOP_FIRST,-0.3864474449981416,-0.3864474449981416,0.0,55,0,0,0,0,0,-2.315282705156485
PRIMARY,108,600036.SH,2022-03-07,-20.0,STOP_FIRST,-6.245523329299984,-13.90002675834929,-7.6545034290493055,39,1,1,0,0,0,-24.345417637488787
PRIMARY,109,300122.SZ,2022-04-14,-20.0,STOP_FIRST,-6.645958234266682,-11.412444822024385,-4.766486587757703,28,1,1,0,0,1,-28.79470109263167
PRIMARY,110,002241.SZ,2022-06-23,-20.0,STOP_FIRST,2.8400230023871615,2.8400230023871615,0.0,30,0,0,0,0,0,-5.007927632982501
PRIMARY,111,002466.SZ,2022-08-19,-20.0,STOP_FIRST,13.385590477234006,13.385590477234006,0.0,2,0,0,0,0,0,-2.8634236347626074
PRIMARY,112,600036.SH,2022-07-13,-20.0,STOP_FIRST,-1.5651520516643562,-1.5651520516643562,0.0,34,0,0,0,0,0,-12.409355098525655
PRIMARY,113,601888.SH,2022-08-08,-20.0,STOP_FIRST,7.1858432781792185,7.1858432781792185,0.0,33,0,0,0,0,0,-8.133019118063235
PRIMARY,114,000858.SZ,2022-07-29,-20.0,STOP_FIRST,-2.4673011477159523,-2.4673011477159523,0.0,40,0,0,0,0,0,-12.093504633059515
PRIMARY,115,300274.SZ,2022-08-31,-20.0,STOP_FIRST,13.216110132265186,13.216110132265186,0.0,23,0,0,0,0,0,-6.803285897864219
PRIMARY,116,300760.SZ,2022-09-21,-20.0,STOP_FIRST,26.10435256088347,26.10435256088347,0.0,11,0,0,0,0,0,-2.945982270341807
PRIMARY,117,603259.SH,2022-07-27,-20.0,STOP_FIRST,-6.553924195303395,-12.31356588924869,-5.759641693945294,35,1,1,0,0,1,-30.331191278374803
PRIMARY,118,601012.SH,2022-08-03,-20.0,STOP_FIRST,-1.5712301907594528,-13.778276091753112,-12.20704590099366,42,1,1,0,0,0,-20.79675190961924
PRIMARY,119,688599.SH,2022-08-19,-20.0,STOP_FIRST,4.900961296612725,4.900961296612725,0.0,42,0,0,0,0,0,-11.786057206268874
PRIMARY,120,002459.SZ,2022-08-19,-20.0,STOP_FIRST,5.627000867343111,5.627000867343111,0.0,42,0,0,0,0,0,-10.712385831051897
PRIMARY,121,601899.SH,2022-09-26,-20.0,STOP_FIRST,6.916188828671841,6.916188828671841,0.0,18,0,0,0,0,0,-3.33920245581949
PRIMARY,122,002460.SZ,2022-08-25,-20.0,STOP_FIRST,2.226213115920718,2.226213115920718,0.0,41,0,0,0,0,0,-16.759572939966095
PRIMARY,123,002271.SZ,2022-08-23,-20.0,STOP_FIRST,-5.965240206705305,-13.515110497763422,-7.549870291058117,29,1,1,0,0,1,-29.215251654169816
PRIMARY,124,600703.SH,2022-09-20,-20.0,STOP_FIRST,1.4365619204532005,1.4365619204532005,0.0,26,0,0,0,0,0,-17.135927537327543
PRIMARY,125,002594.SZ,2022-07-12,-20.0,STOP_FIRST,-2.227087712436274,-13.12566562442943,-10.898577911993156,71,1,1,0,0,0,-23.762322609884045
PRIMARY,126,002466.SZ,2022-09-01,-20.0,STOP_FIRST,0.41755742217796255,0.41755742217796255,0.0,39,0,0,0,0,0,-17.18698543788346
PRIMARY,127,002050.SZ,2022-10-11,-20.0,STOP_FIRST,8.648758708124946,8.648758708124946,0.0,17,0,0,0,0,0,-7.919779995223497
PRIMARY,128,603799.SH,2022-09-29,-20.0,STOP_FIRST,1.9036214562895246,1.9036214562895246,0.0,21,0,0,0,0,0,-18.54792363873298
PRIMARY,129,600030.SH,2022-09-16,-20.0,STOP_FIRST,3.2914258355483077,3.2914258355483077,0.0,34,0,0,0,0,0,-7.2317278605463
PRIMARY,130,600036.SH,2022-10-10,-20.0,STOP_FIRST,4.74708231806275,4.74708231806275,0.0,23,0,0,0,0,0,-17.352231797581
PRIMARY,131,601166.SH,2022-08-29,-20.0,STOP_FIRST,2.990941980494697,2.990941980494697,0.0,48,0,0,0,0,0,-11.758858159541209
PRIMARY,132,601318.SH,2022-10-24,-20.0,STOP_FIRST,11.54058817209945,11.54058817209945,0.0,14,0,0,0,0,0,-4.56589305883337
PRIMARY,133,000651.SZ,2022-10-31,-20.0,STOP_FIRST,11.08646263720554,11.08646263720554,0.0,9,0,0,0,0,0,-0.62111668689665
PRIMARY,134,300059.SZ,2022-08-02,-20.0,STOP_FIRST,1.3148602142200303,-10.919550286273903,-12.234410500493933,55,1,1,0,0,1,-28.41433393805436
PRIMARY,135,000625.SZ,2022-08-24,-20.0,STOP_FIRST,2.31475867645841,-6.4773016469259925,-8.792060323384403,42,1,1,0,0,1,-27.190338345372766
PRIMARY,136,000858.SZ,2022-10-24,-20.0,STOP_FIRST,13.014502136358589,13.014502136358589,0.0,26,0,0,0,0,0,-6.076160549181053
PRIMARY,137,600519.SH,2022-09-05,-20.0,STOP_FIRST,-5.861614932184937,-16.650311211441927,-10.78869627925699,30,1,1,0,0,0,-27.44375317821398
PRIMARY,138,000568.SZ,2022-10-10,-20.0,STOP_FIRST,5.894426001503926,-9.973228597327092,-15.867654598831017,14,1,1,0,0,1,-26.23829865914583
PRIMARY,139,600887.SH,2022-10-20,-20.0,STOP_FIRST,6.706648715667189,6.706648715667189,0.0,29,0,0,0,0,0,-18.517421916247343
PRIMARY,140,002714.SZ,2022-10-26,-20.0,STOP_FIRST,5.23244617556544,5.23244617556544,0.0,28,0,0,0,0,0,-8.911088606217998
PRIMARY,141,300750.SZ,2022-09-01,-20.0,STOP_FIRST,-1.3981718838619202,-8.32126065713909,-6.92308877327717,36,1,1,0,0,1,-24.986572858520837
PRIMARY,142,002371.SZ,2022-10-12,-20.0,STOP_FIRST,10.597667780822029,10.597667780822029,0.0,44,0,0,0,0,0,-5.446303292394417
PRIMARY,143,603259.SH,2022-11-28,-20.0,STOP_FIRST,6.738265986701266,6.738265986701266,0.0,22,0,0,0,0,0,-2.1226976811561937
PRIMARY,144,600522.SH,2022-11-01,-20.0,STOP_FIRST,-5.676303523410963,-11.332912428101597,-5.656608904690634,20,1,1,0,0,1,-30.66339374603776
PRIMARY,145,300274.SZ,2022-12-06,-20.0,STOP_FIRST,12.35423017458993,12.35423017458993,0.0,18,0,0,0,0,0,-12.997661644686353
PRIMARY,146,002241.SZ,2022-11-11,-20.0,STOP_FIRST,8.552942953591648,8.552942953591648,0.0,37,0,0,0,0,0,-2.0552360649699564
PRIMARY,147,002812.SZ,2022-11-23,-20.0,STOP_FIRST,12.272962184274384,12.272962184274384,0.0,30,0,0,0,0,0,-7.454367889448843
PRIMARY,148,601012.SH,2022-12-22,-20.0,STOP_FIRST,11.348570853081775,11.348570853081775,0.0,17,0,0,0,0,0,-1.83945407826005
PRIMARY,149,000625.SZ,2022-12-28,-20.0,STOP_FIRST,15.403895272762636,15.403895272762636,0.0,16,0,0,0,0,0,-2.461030882431914
PRIMARY,150,002709.SZ,2022-12-30,-20.0,STOP_FIRST,15.538268097973235,15.538268097973235,0.0,14,0,0,0,0,0,-2.7348780509869663
PRIMARY,151,300014.SZ,2023-01-11,-20.0,STOP_FIRST,6.981985480381129,6.981985480381129,0.0,9,0,0,0,0,0,-4.915491114570337
PRIMARY,152,300750.SZ,2023-02-17,-20.0,STOP_FIRST,3.6254689430868456,3.6254689430868456,0.0,29,0,0,0,0,0,-11.62683470375777
PRIMARY,153,600519.SH,2023-03-08,-20.0,STOP_FIRST,3.358107895598216,3.358107895598216,0.0,16,0,0,0,0,0,-2.5877984739737014
PRIMARY,154,300059.SZ,2023-03-07,-20.0,STOP_FIRST,6.704927557794763,6.704927557794763,0.0,18,0,0,0,0,0,-6.726693190328403
PRIMARY,155,300274.SZ,2023-03-14,-20.0,STOP_FIRST,3.872684453553771,3.872684453553771,0.0,23,0,0,0,0,0,-11.398858058207795
PRIMARY,156,002594.SZ,2023-03-10,-20.0,STOP_FIRST,7.839512102970262,7.839512102970262,0.0,33,0,0,0,0,0,-3.6913778017047982
PRIMARY,157,000858.SZ,2023-04-10,-20.0,STOP_FIRST,-2.6488868636941545,-2.6488868636941545,0.0,26,0,0,0,0,0,-10.048100566887374
PRIMARY,158,000651.SZ,2023-05-04,-20.0,STOP_FIRST,6.144996620188443,6.144996620188443,0.0,25,0,0,0,0,0,-8.255590958382841
PRIMARY,159,601899.SH,2023-05-12,-20.0,STOP_FIRST,6.727401168026937,6.727401168026937,0.0,19,0,0,0,0,0,-5.558920911138776
PRIMARY,160,600519.SH,2023-04-12,-20.0,STOP_FIRST,6.514893856808776,6.514893856808776,0.0,43,0,0,0,0,0,-4.355999030555235
PRIMARY,161,601012.SH,2023-03-16,-20.0,STOP_FIRST,-17.84953964554572,-12.940600408157286,4.908939237388433,49,1,1,0,0,1,-33.276416390528766
PRIMARY,162,600036.SH,2023-04-27,-20.0,STOP_FIRST,-0.6278320762058595,-0.6278320762058595,0.0,57,0,0,0,0,0,-3.793063901958049
PRIMARY,163,600809.SH,2023-05-22,-20.0,STOP_FIRST,9.67465728119054,9.67465728119054,0.0,43,0,0,0,0,0,-16.847859403834985
PRIMARY,164,300059.SZ,2023-05-29,-20.0,STOP_FIRST,3.238668828858134,3.238668828858134,0.0,38,0,0,0,0,0,-4.622126321593722
PRIMARY,165,002415.SZ,2023-06-09,-20.0,STOP_FIRST,9.253968396028046,9.253968396028046,0.0,31,0,0,0,0,0,-3.0509320142771967
PRIMARY,166,300750.SZ,2023-06-07,-20.0,STOP_FIRST,8.015096907867838,8.015096907867838,0.0,35,0,0,0,0,0,-2.799902799902787
PRIMARY,167,688981.SH,2023-05-09,-20.0,STOP_FIRST,-1.9912914951639942,-1.9912914951639942,0.0,57,0,0,0,0,0,-7.822752791213516
PRIMARY,168,600570.SH,2023-07-11,-20.0,STOP_FIRST,12.935015317595871,12.935015317595871,0.0,17,0,0,0,0,0,-3.6163828033945022
PRIMARY,169,300418.SZ,2023-06-26,-20.0,STOP_FIRST,-7.109717403112448,-17.246599431755758,-10.13688202864331,24,1,1,0,0,1,-22.324869570606698
PRIMARY,170,600276.SH,2023-07-31,-20.0,STOP_FIRST,2.244966610480217,2.244966610480217,0.0,19,0,0,0,0,0,-16.355370032537774
PRIMARY,171,002230.SZ,2023-08-16,-20.0,STOP_FIRST,-4.04018826584394,-4.04018826584394,0.0,32,0,0,0,0,0,-19.948062722882465
PRIMARY,172,002475.SZ,2023-09-07,-20.0,STOP_FIRST,6.728014277472455,6.728014277472455,0.0,17,0,0,0,0,0,-4.4345508276317
PRIMARY,173,300760.SZ,2023-08-07,-20.0,STOP_FIRST,6.5338873044717865,6.5338873044717865,0.0,53,0,0,0,0,0,-4.449940020156773
PRIMARY,174,000858.SZ,2023-08-18,-20.0,STOP_FIRST,9.240903528696505,9.240903528696505,0.0,46,0,0,0,0,0,-12.715230910264852
PRIMARY,175,300014.SZ,2023-02-20,-20.0,STOP_FIRST,-28.568832058383776,-11.362676328362529,17.206155730021248,45,1,1,0,0,0,-44.47756749417103
PRIMARY,176,300059.SZ,2023-10-23,-20.0,STOP_FIRST,6.795375111896212,6.795375111896212,0.0,9,0,0,0,0,0,-0.4417866895821354
PRIMARY,177,603019.SH,2023-08-09,-20.0,STOP_FIRST,2.102020516340531,2.102020516340531,0.0,57,0,0,0,0,0,-18.940916927699114
PRIMARY,178,300274.SZ,2023-08-21,-20.0,STOP_FIRST,2.059040269174881,-10.08746464151949,-12.146504910694372,40,1,1,0,0,0,-23.84860922169848
PRIMARY,179,300308.SZ,2023-07-20,-20.0,STOP_FIRST,-5.693477162892338,-10.108482431150781,-4.415005268258443,43,1,1,0,0,1,-34.647305581306
PRIMARY,180,000977.SZ,2023-08-18,-20.0,STOP_FIRST,7.706372017077919,-8.947791469675018,-16.654163486752935,41,1,1,0,0,1,-32.22636562323018
PRIMARY,181,601012.SH,2023-08-21,-20.0,STOP_FIRST,-11.755699669774852,-11.258886709987816,0.4968129597870359,64,1,1,0,0,0,-26.371969728680746
PRIMARY,182,600519.SH,2023-10-13,-20.0,STOP_FIRST,1.893988027016628,1.893988027016628,0.0,54,0,0,0,0,0,-7.786761434433009
PRIMARY,183,600009.SH,2023-08-21,-20.0,STOP_FIRST,-11.699228208217027,-12.974036027425806,-1.2748078192087782,78,1,1,0,0,0,-24.842656679790675
PRIMARY,184,601318.SH,2023-11-09,-20.0,STOP_FIRST,-2.3138721028580727,-2.3138721028580727,0.0,53,0,0,0,0,0,-12.395299497973422
PRIMARY,185,000651.SZ,2023-12-20,-20.0,STOP_FIRST,12.104633410839133,12.104633410839133,0.0,26,0,0,0,0,0,-0.22839068988121936
PRIMARY,186,601138.SH,2023-10-24,-20.0,STOP_FIRST,11.050900506142318,11.050900506142318,0.0,73,0,0,0,0,0,-8.702006282856667
PRIMARY,187,000858.SZ,2023-12-13,-20.0,STOP_FIRST,2.808164916171326,2.808164916171326,0.0,37,0,0,0,0,0,-9.305511112151732
PRIMARY,188,600519.SH,2024-01-17,-20.0,STOP_FIRST,5.907729356690894,5.907729356690894,0.0,13,0,0,0,0,0,-1.2708988071569394
PRIMARY,189,300750.SZ,2023-09-08,-20.0,STOP_FIRST,-18.00484444688593,-11.096852419115049,6.907992027770881,51,1,1,0,0,1,-37.07504075265946
PRIMARY,190,002230.SZ,2024-01-03,-20.0,STOP_FIRST,3.585730933845497,3.585730933845497,0.0,25,0,0,0,0,0,-13.110142123274604
PRIMARY,191,300418.SZ,2024-01-31,-20.0,STOP_FIRST,39.428041617887864,39.428041617887864,0.0,6,0,0,0,0,0,-9.269811195543308
PRIMARY,192,000568.SZ,2023-12-11,-20.0,STOP_FIRST,1.1120117479146117,-9.810766043909231,-10.922777791823842,39,1,1,0,0,1,-22.710877834749677
PRIMARY,193,300059.SZ,2023-12-27,-20.0,STOP_FIRST,5.900250298765934,5.900250298765934,0.0,32,0,0,0,0,0,-11.47429406768471
PRIMARY,194,000063.SZ,2023-07-20,-20.0,STOP_FIRST,-20.144973123840867,-8.57178201272027,11.573191111120597,63,1,1,0,0,1,-49.074840753076984
PRIMARY,195,000628.SZ,2023-12-14,-20.0,STOP_FIRST,44.67924500816973,-4.679713136494294,-49.35895814466402,37,1,1,0,0,1,-39.992579634592374
PRIMARY,196,000625.SZ,2024-01-04,-20.0,STOP_FIRST,12.686864654118965,-9.822367827480642,-22.509232481599607,22,1,1,0,0,1,-24.25874529738413
PRIMARY,197,301236.SZ,2024-01-22,-20.0,STOP_FIRST,15.202767971466354,-20.161497212622724,-35.36426518408908,9,1,1,0,0,0,-20.518249818689295
PRIMARY,198,002555.SZ,2023-12-25,-20.0,STOP_FIRST,17.471539089853273,17.471539089853273,0.0,39,0,0,0,0,0,-18.06601865960579
PRIMARY,199,000661.SZ,2024-01-12,-20.0,STOP_FIRST,5.324721980411358,5.324721980411358,0.0,26,0,0,0,0,0,-15.088906432452676
PRIMARY,200,300033.SZ,2024-01-16,-20.0,STOP_FIRST,11.478914185701258,11.478914185701258,0.0,24,0,0,0,0,0,-19.68785420497784
PRIMARY,201,002456.SZ,2023-12-14,-20.0,STOP_FIRST,9.13490121758614,-9.46105540380662,-18.59595662139276,34,1,1,0,0,1,-32.75517367129328
PRIMARY,202,603259.SH,2024-01-30,-20.0,STOP_FIRST,16.5357317467109,16.5357317467109,0.0,17,0,0,0,0,0,-19.366346576745652
PRIMARY,203,002594.SZ,2023-08-14,-20.0,STOP_FIRST,-16.277210987224258,-18.004709529846675,-1.727498542622417,72,1,1,0,0,0,-33.85103047938111
PRIMARY,204,601012.SH,2024-01-29,-20.0,STOP_FIRST,15.268422377533785,15.268422377533785,0.0,24,0,0,0,0,0,-13.258914832233726
PRIMARY,205,002475.SZ,2024-01-17,-20.0,STOP_FIRST,7.219372761109448,7.219372761109448,0.0,37,0,0,0,0,0,-11.861191429965057
PRIMARY,206,601318.SH,2024-03-22,-20.0,STOP_FIRST,8.104543046068015,8.104543046068015,0.0,23,0,0,0,0,0,-6.965721129438385
PRIMARY,207,600519.SH,2024-04-08,-20.0,STOP_FIRST,5.19682233937109,5.19682233937109,0.0,16,0,0,0,0,0,-1.7024675784346077
PRIMARY,208,000977.SZ,2024-04-10,-20.0,STOP_FIRST,12.570545419631626,12.570545419631626,0.0,14,0,0,0,0,0,-8.98589486777226
PRIMARY,209,000628.SZ,2024-03-29,-20.0,STOP_FIRST,-22.18874094507154,-13.666407948467048,8.522332996604492,7,1,1,0,0,1,-52.38614252495148
PRIMARY,210,002129.SZ,2024-01-30,-20.0,STOP_FIRST,-6.5866863796632105,-16.779013030756065,-10.192326651092856,51,1,1,0,0,0,-23.270953005067007
PRIMARY,211,601138.SH,2024-05-31,-20.0,STOP_FIRST,17.235953981802986,17.235953981802986,0.0,8,0,0,0,0,0,-0.1435072194053144
PRIMARY,212,002230.SZ,2024-04-23,-20.0,STOP_FIRST,5.3407176576942215,5.3407176576942215,0.0,35,0,0,0,0,0,-3.192044234481095
PRIMARY,213,600919.SH,2024-04-26,-20.0,STOP_FIRST,-3.22433989136676,-3.22433989136676,0.0,42,0,0,0,0,0,-6.245585876244874
PRIMARY,214,000977.SZ,2024-05-28,-20.0,STOP_FIRST,4.476827597833199,4.476827597833199,0.0,28,0,0,0,0,0,-6.538088943116049
PRIMARY,215,000625.SZ,2024-04-16,-20.0,STOP_FIRST,-3.5813249331349106,-10.583220333747684,-7.001895400612774,35,1,1,0,0,1,-22.439671783461513
PRIMARY,216,000725.SZ,2024-05-28,-20.0,STOP_FIRST,4.499483038676097,4.499483038676097,0.0,29,0,0,0,0,0,-5.704054833968886
PRIMARY,217,603019.SH,2024-03-27,-20.0,STOP_FIRST,-3.1650656694684725,-3.1650656694684725,0.0,73,0,0,0,0,0,-19.720874640088848
PRIMARY,218,000858.SZ,2024-06-11,-20.0,STOP_FIRST,-4.863606074584775,-4.863606074584775,0.0,25,0,0,0,0,0,-9.446093150024627
PRIMARY,219,600519.SH,2024-06-11,-20.0,STOP_FIRST,0.5216824393800606,0.5216824393800606,0.0,27,0,0,0,0,0,-10.274440490341663
PRIMARY,220,300750.SZ,2024-06-07,-20.0,STOP_FIRST,1.3901215027090492,1.3901215027090492,0.0,29,0,0,0,0,0,-9.524339063610821
PRIMARY,221,300059.SZ,2024-06-28,-20.0,STOP_FIRST,3.9349979609446946,3.9349979609446946,0.0,22,0,0,0,0,0,-5.914697081934461
PRIMARY,222,601012.SH,2024-06-06,-20.0,STOP_FIRST,-12.181185272863992,-19.201719576649882,-7.02053430378589,17,1,1,0,0,0,-25.1188709649811
PRIMARY,223,600519.SH,2024-07-30,-20.0,STOP_FIRST,4.979956385509713,4.979956385509713,0.0,22,0,0,0,0,0,-0.09990187614892232
PRIMARY,224,002594.SZ,2024-08-02,-20.0,STOP_FIRST,6.379967880191982,6.379967880191982,0.0,19,0,0,0,0,0,-3.2764151461084245
PRIMARY,225,002475.SZ,2024-08-05,-20.0,STOP_FIRST,8.544910470004318,8.544910470004318,0.0,18,0,0,0,0,0,-3.167255709326977
PRIMARY,226,002466.SZ,2024-04-25,-20.0,STOP_FIRST,-13.212317215788726,-8.016543849132438,5.195773366656288,83,1,1,0,0,1,-36.23508762311697
PRIMARY,227,300502.SZ,2024-07-25,-20.0,STOP_FIRST,13.964744747831642,13.964744747831642,0.0,35,0,0,0,0,0,-12.266195988559547
PRIMARY,228,601919.SH,2024-07-08,-20.0,STOP_FIRST,1.7285541339282333,1.7285541339282333,0.0,51,0,0,0,0,0,-19.814263643782315
PRIMARY,229,000063.SZ,2024-08-22,-20.0,STOP_FIRST,3.3955801711335427,3.3955801711335427,0.0,19,0,0,0,0,0,-3.013656189391656
PRIMARY,230,601138.SH,2024-07-18,-20.0,STOP_FIRST,-2.550959931032771,-8.068795834114647,-5.517835903081876,37,1,1,0,0,1,-27.58542866236795
PRIMARY,231,300308.SZ,2024-07-25,-20.0,STOP_FIRST,7.199933708510119,-11.358745412832748,-18.558679121342866,28,1,1,0,0,0,-20.412077421209307
PRIMARY,232,601899.SH,2024-07-23,-20.0,STOP_FIRST,11.302372099604602,11.302372099604602,0.0,43,0,0,0,0,0,-15.34301819528009
PRIMARY,233,601127.SH,2024-08-28,-20.0,STOP_FIRST,11.860904824260553,11.860904824260553,0.0,17,0,0,0,0,0,-0.6937050159442237
PRIMARY,234,600036.SH,2024-09-09,-20.0,STOP_FIRST,12.650986424212693,12.650986424212693,0.0,9,0,0,0,0,0,-1.1566935372865572
PRIMARY,235,000858.SZ,2024-08-22,-20.0,STOP_FIRST,9.447704740723928,9.447704740723928,0.0,22,0,0,0,0,0,-11.92058204560389
PRIMARY,236,600809.SH,2024-08-28,-20.0,STOP_FIRST,10.265232797714383,10.265232797714383,0.0,18,0,0,0,0,0,-9.343746064530556
PRIMARY,237,600519.SH,2024-09-09,-20.0,STOP_FIRST,13.065449104192647,13.065449104192647,0.0,10,0,0,0,0,0,-9.155678699288794
PRIMARY,238,600276.SH,2024-09-20,-20.0,STOP_FIRST,7.0921102706178285,7.0921102706178285,0.0,3,0,0,0,0,0,-1.5909424566413088
PRIMARY,239,000100.SZ,2024-05-07,-20.0,STOP_FIRST,6.430946014868081,-6.728828911433729,-13.159774926301811,94,1,1,0,0,1,-22.85372018914835
PRIMARY,240,688012.SH,2024-08-23,-20.0,STOP_FIRST,8.980679975166685,8.980679975166685,0.0,22,0,0,0,0,0,-11.105843309233144
PRIMARY,241,688256.SH,2024-09-05,-20.0,STOP_FIRST,22.25002533076108,22.25002533076108,0.0,14,0,0,0,0,0,-3.4709343344747623
PRIMARY,242,600900.SH,2024-09-11,-20.0,STOP_FIRST,8.228584541518643,8.228584541518643,0.0,10,0,0,0,0,0,-0.35235825269818166
PRIMARY,243,600150.SH,2024-09-19,-20.0,STOP_FIRST,4.47320430931633,4.47320430931633,0.0,58,0,0,0,0,0,-6.4123490487716595
PRIMARY,244,600418.SH,2024-11-27,-20.0,STOP_FIRST,19.31501930377224,19.31501930377224,0.0,38,0,0,0,0,0,-4.031151825779977
PRIMARY,245,603019.SH,2025-01-02,-20.0,STOP_FIRST,7.198386187683706,7.198386187683706,0.0,17,0,0,0,0,0,-10.82782494103971
PRIMARY,246,600030.SH,2024-12-31,-20.0,STOP_FIRST,-0.029241512213777625,-0.029241512213777625,0.0,20,0,0,0,0,0,-9.821028359452445
PRIMARY,247,300059.SZ,2025-01-02,-20.0,STOP_FIRST,5.568619214325684,5.568619214325684,0.0,19,0,0,0,0,0,-10.373910853057232
PRIMARY,248,300033.SZ,2025-01-02,-20.0,STOP_FIRST,23.218740081380986,23.218740081380986,0.0,19,0,0,0,0,0,-8.449836646713571
PRIMARY,249,300750.SZ,2025-01-07,-20.0,STOP_FIRST,8.716235937905914,8.716235937905914,0.0,21,0,0,0,0,0,-2.061431530740332
PRIMARY,250,000858.SZ,2025-01-06,-20.0,STOP_FIRST,1.2030252662316376,1.2030252662316376,0.0,23,0,0,0,0,0,-5.193889847781408
PRIMARY,251,688256.SH,2025-01-16,-20.0,STOP_FIRST,19.16467811575612,19.16467811575612,0.0,19,0,0,0,0,0,-4.483732441599764
PRIMARY,252,600519.SH,2025-01-03,-20.0,STOP_FIRST,4.558943908999476,4.558943908999476,0.0,33,0,0,0,0,0,-3.7431935053504506
PRIMARY,253,688256.SH,2025-03-25,-20.0,STOP_FIRST,8.922494348994318,8.922494348994318,0.0,17,0,0,0,0,0,-17.216747908844678
PRIMARY,254,002261.SZ,2025-03-24,-20.0,STOP_FIRST,2.6716085217561965,-22.535776339030324,-25.20738486078652,9,1,1,0,0,1,-27.78696429320907
PRIMARY,255,600989.SH,2025-03-28,-20.0,STOP_FIRST,6.913448021154776,6.913448021154776,0.0,20,0,0,0,0,0,-8.97260383386529
PRIMARY,256,000063.SZ,2025-03-03,-20.0,STOP_FIRST,2.6037524048102836,-11.524005463070104,-14.127757867880387,26,1,1,0,0,0,-20.196827200957447
PRIMARY,257,600050.SH,2025-03-19,-20.0,STOP_FIRST,-4.102896566069308,-4.102896566069308,0.0,30,0,0,0,0,0,-12.91204099525517
PRIMARY,258,300846.SZ,2025-03-25,-20.0,STOP_FIRST,-3.7770156011244347,-11.64723902880342,-7.870223427678987,9,1,1,0,0,1,-31.401379445935305
PRIMARY,259,300059.SZ,2025-04-01,-20.0,STOP_FIRST,5.1627907747067665,5.1627907747067665,0.0,21,0,0,0,0,0,-18.189916816625797
PRIMARY,260,002475.SZ,2025-04-02,-20.0,STOP_FIRST,3.6625597634810965,-7.52007995816826,-11.182639721649357,4,1,1,0,0,1,-27.255123038788852
PRIMARY,261,300308.SZ,2025-01-10,-20.0,STOP_FIRST,0.7734206644023827,-11.636613277367998,-12.41003394177038,56,1,1,0,0,1,-39.080885586063495
PRIMARY,262,300502.SZ,2025-02-28,-20.0,STOP_FIRST,28.725713357688992,-3.3723691343860933,-32.098082492075086,27,1,1,0,0,1,-31.75728487388515
PRIMARY,263,300750.SZ,2025-04-01,-20.0,STOP_FIRST,7.81936272756536,7.81936272756536,0.0,22,0,0,0,0,0,-16.506355111574443
PRIMARY,264,601318.SH,2025-04-07,-20.0,STOP_FIRST,6.926822925723594,6.926822925723594,0.0,19,0,0,0,0,0,-1.0258567917744377
PRIMARY,265,600036.SH,2025-04-07,-20.0,STOP_FIRST,5.565919809741665,5.565919809741665,0.0,19,0,0,0,0,0,-1.275773669536573
PRIMARY,266,002594.SZ,2025-04-08,-20.0,STOP_FIRST,17.218917139643203,17.218917139643203,0.0,21,0,0,0,0,0,-2.0179308927128603
PRIMARY,267,601658.SH,2025-03-28,-20.0,STOP_FIRST,3.737034722718007,3.737034722718007,0.0,28,0,0,0,0,0,-5.998762052795592
PRIMARY,268,600309.SH,2025-04-15,-20.0,STOP_FIRST,2.8522101436284233,2.8522101436284233,0.0,18,0,0,0,0,0,-4.325283052386664
PRIMARY,269,601899.SH,2025-04-07,-20.0,STOP_FIRST,18.75276321406046,18.75276321406046,0.0,28,0,0,0,0,0,-2.3499050474409477
PRIMARY,270,603259.SH,2025-04-08,-20.0,STOP_FIRST,27.365745385479556,27.365745385479556,0.0,29,0,0,0,0,0,-2.7478554733693317
PRIMARY,271,688981.SH,2025-04-01,-20.0,STOP_FIRST,-0.3367121465143475,-0.3367121465143475,0.0,53,0,0,0,0,0,-10.022828466095346
PRIMARY,272,688256.SH,2025-05-27,-20.0,STOP_FIRST,2.4520211429184493,2.4520211429184493,0.0,20,0,0,0,0,0,-9.161551567123071
PRIMARY,273,000858.SZ,2025-06-13,-20.0,STOP_FIRST,2.9441509741563254,2.9441509741563254,0.0,17,0,0,0,0,0,-0.8036010497183277
PRIMARY,274,600519.SH,2025-06-13,-20.0,STOP_FIRST,1.571155348492451,1.571155348492451,0.0,18,0,0,0,0,0,-0.18545542382252256
PRIMARY,275,300308.SZ,2025-10-14,-20.0,STOP_FIRST,37.312191378736536,37.312191378736536,0.0,7,0,0,0,0,0,-2.4164241555545862
PRIMARY,276,002460.SZ,2025-11-24,-20.0,STOP_FIRST,9.614217661278927,9.614217661278927,0.0,19,0,0,0,0,0,-1.7925475782034406
PRIMARY,277,601138.SH,2025-11-24,-20.0,STOP_FIRST,19.316165850131622,19.316165850131622,0.0,22,0,0,0,0,0,-2.475096837577462
PRIMARY,278,300502.SZ,2026-01-12,-20.0,STOP_FIRST,18.325572753597463,18.325572753597463,0.0,14,0,0,0,0,0,-2.8874334496876597
PRIMARY,279,300750.SZ,2025-11-21,-20.0,STOP_FIRST,1.7797735978262685,1.7797735978262685,0.0,52,0,0,0,0,0,-11.001248680259001
PRIMARY,280,300274.SZ,2025-12-16,-20.0,STOP_FIRST,-0.04130443998742119,-0.04130443998742119,0.0,52,0,0,0,0,0,-13.261308807790783
PRIMARY,281,300308.SZ,2026-02-06,-20.0,STOP_FIRST,3.437565472561077,3.437565472561077,0.0,21,0,0,0,0,0,-9.894027541086349
PRIMARY,282,002475.SZ,2026-01-08,-20.0,STOP_FIRST,1.540552873571203,1.540552873571203,0.0,56,0,0,0,0,0,-18.823201056328863
PRIMARY,283,601138.SH,2026-01-29,-20.0,STOP_FIRST,3.823418044659373,3.823418044659373,0.0,41,0,0,0,0,0,-17.012814423960076
PRIMARY,284,688256.SH,2026-02-03,-20.0,STOP_FIRST,12.397855616133041,12.397855616133041,0.0,38,0,0,0,0,0,-12.087912087912079
PRIMARY,285,601899.SH,2026-03-16,-20.0,STOP_FIRST,9.119263883295172,9.119263883295172,0.0,20,0,0,0,0,0,-14.280941525906998
PRIMARY,286,603986.SH,2026-03-31,-20.0,STOP_FIRST,19.7457903723054,19.7457903723054,0.0,13,0,0,0,0,0,-2.865134133444669
PRIMARY,287,300059.SZ,2026-03-20,-20.0,STOP_FIRST,8.424165896338625,8.424165896338625,0.0,31,0,0,0,0,0,-7.322200643291355
PRIMARY,288,300274.SZ,2026-04-01,-20.0,STOP_FIRST,13.077001683310016,13.077001683310016,0.0,23,0,0,0,0,0,-7.472322364359973
PRIMARY,289,300274.SZ,2026-07-01,-20.0,STOP_FIRST,-8.358514552822074,-17.248915689767145,-8.890401136945071,7,1,1,0,0,0,-26.27934444027391
PRIMARY,290,600487.SH,2026-07-06,-20.0,STOP_FIRST,-17.707576907721744,-16.876088475506585,0.8314884322151599,7,1,1,0,0,0,-46.153139444336865
PRIMARY,291,688525.SH,2026-07-15,-20.0,STOP_FIRST,-19.368418251981645,-14.972648587992513,4.395769663989132,3,1,1,0,0,0,-34.73193473193472
PRIMARY,292,688008.SH,2026-07-16,-20.0,STOP_FIRST,-3.6609369962131426,-3.6609369962131426,0.0,27,0,0,0,0,0,-12.165294341773524
PRIMARY,293,688256.SH,2026-07-16,-20.0,STOP_FIRST,-7.309240157764709,-7.082926192848962,0.22631396491574662,27,1,1,1,0,1,-25.153710642669623
PRIMARY,294,300308.SZ,2026-07-17,-20.0,STOP_FIRST,-11.744158826402947,-14.084425824358194,-2.340266997955247,10,1,1,0,0,0,-22.96628924619374
PRIMARY,295,600584.SH,2026-07-20,-20.0,STOP_FIRST,-3.746170199653699,-20.161497212622717,-16.415327012969016,9,1,1,0,0,0,-20.75720869405966
PRIMARY,296,300502.SZ,2026-07-28,-20.0,STOP_FIRST,-3.1289001702402826,-3.1289001702402826,0.0,19,0,0,0,0,0,-14.854383942881455
PRIMARY,297,002384.SZ,2026-07-29,-20.0,STOP_FIRST,6.860142611567042,6.860142611567042,0.0,18,0,0,0,0,0,-9.217430672804971
PRIMARY,298,002475.SZ,2026-08-03,-20.0,STOP_FIRST,1.2862198685484683,1.2862198685484683,0.0,15,0,0,0,0,0,-4.021902045888859
PRIMARY,299,600276.SH,2026-08-20,-20.0,STOP_FIRST,-2.438053366642191,-2.438053366642191,0.0,2,0,0,0,0,0,-4.81585777507767
PRIMARY,1,000651.SZ,2020-03-19,-20.0,TP_FIRST,8.76502998612771,8.76502998612771,0.0,15,0,0,0,0,0,-3.253806511060575
PRIMARY,2,600030.SH,2020-03-16,-20.0,TP_FIRST,1.2152522266729697,1.2152522266729697,0.0,19,0,0,0,0,0,-7.086832162571954
PRIMARY,3,300750.SZ,2020-02-28,-20.0,TP_FIRST,-1.0193924653390611,-15.508076915379753,-14.488684450040692,15,1,1,0,0,1,-24.419958905481774
PRIMARY,4,601318.SH,2020-02-28,-20.0,TP_FIRST,-1.3453625770562572,-1.3453625770562572,0.0,33,0,0,0,0,0,-15.814522556095568
PRIMARY,5,600036.SH,2020-03-19,-20.0,TP_FIRST,10.683448687695108,10.683448687695108,0.0,25,0,0,0,0,0,-0.09990265754196148
PRIMARY,6,002475.SZ,2020-03-17,-20.0,TP_FIRST,14.92275528149982,14.92275528149982,0.0,28,0,0,0,0,0,-11.112505536775796
PRIMARY,7,000858.SZ,2020-03-17,-20.0,TP_FIRST,26.82736619482785,26.82736619482785,0.0,28,0,0,0,0,0,-12.958069092199342
PRIMARY,8,000063.SZ,2020-03-17,-20.0,TP_FIRST,3.2396956676295363,3.2396956676295363,0.0,32,0,0,0,0,0,-10.59060271470772
PRIMARY,9,000725.SZ,2020-03-16,-20.0,TP_FIRST,4.611959703094805,-12.466347083041034,-17.07830678613584,31,1,1,0,0,0,-20.127607365604128
PRIMARY,10,002506.SZ,2020-03-26,-20.0,TP_FIRST,-6.524016348081019,-11.535547031678943,-5.0115306835979245,23,1,1,0,0,1,-31.211643047504246
PRIMARY,11,600519.SH,2020-03-18,-20.0,TP_FIRST,39.54846152311298,39.54846152311298,0.0,48,0,0,0,0,0,-3.505987509815356
PRIMARY,12,000002.SZ,2020-03-18,-20.0,TP_FIRST,4.681297620587952,4.681297620587952,0.0,49,0,0,0,0,0,-6.372695888701285
PRIMARY,13,002714.SZ,2020-05-11,-20.0,TP_FIRST,-37.346517858183255,-39.08929023133747,-1.7427723731542173,17,1,1,0,0,1,-43.62347582705105
PRIMARY,14,000063.SZ,2020-05-25,-20.0,TP_FIRST,8.355437860095789,8.355437860095789,0.0,17,0,0,0,0,0,-5.214052830367422
PRIMARY,15,002415.SZ,2020-05-25,-20.0,TP_FIRST,7.15509150196319,7.15509150196319,0.0,17,0,0,0,0,0,-2.5965128554330974
PRIMARY,16,600703.SH,2020-06-15,-20.0,TP_FIRST,15.534542524394753,15.534542524394753,0.0,12,0,0,0,0,0,-1.7232235549681896
PRIMARY,17,600030.SH,2020-09-07,-20.0,TP_FIRST,3.3416942678344705,3.3416942678344705,0.0,18,0,0,0,0,0,-2.3347247522243597
PRIMARY,18,300059.SZ,2020-09-09,-20.0,TP_FIRST,4.052671012057143,4.052671012057143,0.0,16,0,0,0,0,0,-5.835594827212354
PRIMARY,19,600276.SH,2020-09-17,-20.0,TP_FIRST,7.964121567403469,7.964121567403469,0.0,10,0,0,0,0,0,-0.30802389658590723
PRIMARY,20,000063.SZ,2020-09-10,-20.0,TP_FIRST,8.16654508112372,8.16654508112372,0.0,16,0,0,0,0,0,-2.1893558485753473
PRIMARY,21,000651.SZ,2020-09-28,-20.0,TP_FIRST,7.18749636223901,7.18749636223901,0.0,5,0,0,0,0,0,-0.7920940870049797
PRIMARY,22,600036.SH,2020-09-30,-20.0,TP_FIRST,8.189846606772502,8.189846606772502,0.0,5,0,0,0,0,0,-0.8409143929827279
PRIMARY,23,002456.SZ,2020-09-01,-20.0,TP_FIRST,0.3287151054327302,0.3287151054327302,0.0,34,0,0,0,0,0,-16.877466166367018
PRIMARY,24,300136.SZ,2020-10-12,-20.0,TP_FIRST,3.7523403888601528,3.7523403888601528,0.0,19,0,0,0,0,0,-11.264076050883421
PRIMARY,25,600030.SH,2020-10-26,-20.0,TP_FIRST,5.218510332201447,5.218510332201447,0.0,19,0,0,0,0,0,-4.85376403171518
PRIMARY,26,000661.SZ,2020-09-16,-20.0,TP_FIRST,10.365131138225253,10.365131138225253,0.0,47,0,0,0,0,0,-10.396266523703268
PRIMARY,27,600745.SH,2020-09-08,-20.0,TP_FIRST,1.4169185149017833,-13.57899293906798,-14.995911453969764,28,1,1,0,0,0,-24.96934183424869
PRIMARY,28,601012.SH,2020-11-13,-20.0,TP_FIRST,11.570904483395198,11.570904483395198,0.0,17,0,0,0,0,0,-7.125413198287678
PRIMARY,29,300122.SZ,2020-11-11,-20.0,TP_FIRST,21.594186068179752,21.594186068179752,0.0,27,0,0,0,0,0,-14.25593292277403
PRIMARY,30,002475.SZ,2020-11-16,-20.0,TP_FIRST,4.922943424348968,4.922943424348968,0.0,26,0,0,0,0,0,-6.247600021016375
PRIMARY,31,002241.SZ,2020-11-16,-20.0,TP_FIRST,2.7641560070263713,2.7641560070263713,0.0,28,0,0,0,0,0,-8.190219287755895
PRIMARY,32,000651.SZ,2020-12-09,-20.0,TP_FIRST,4.778058019478602,4.778058019478602,0.0,17,0,0,0,0,0,-6.9491076663235285
PRIMARY,33,688981.SH,2020-12-16,-20.0,TP_FIRST,16.521188858697652,16.521188858697652,0.0,16,0,0,0,0,0,-4.393704306917501
PRIMARY,34,601318.SH,2021-01-28,-20.0,TP_FIRST,9.42474089385644,9.42474089385644,0.0,14,0,0,0,0,0,-7.015107202120719
PRIMARY,35,300059.SZ,2021-02-22,-20.0,TP_FIRST,-9.75617275607125,-16.195952315013688,-6.439779558942439,15,1,1,0,0,0,-21.294436987155805
PRIMARY,36,000333.SZ,2021-02-22,-20.0,TP_FIRST,1.124921971714471,1.124921971714471,0.0,28,0,0,0,0,0,-11.037863818654303
PRIMARY,37,000858.SZ,2021-03-08,-20.0,TP_FIRST,16.23467230378328,16.23467230378328,0.0,18,0,0,0,0,0,-5.053624061888506
PRIMARY,38,600030.SH,2021-03-01,-20.0,TP_FIRST,-1.7719464410848904,-1.7719464410848904,0.0,24,0,0,0,0,0,-9.731175855642116
PRIMARY,39,601012.SH,2021-03-04,-20.0,TP_FIRST,2.8151228530517156,-17.48141719294002,-20.296540045991737,14,1,1,0,0,0,-20.33269501471261
PRIMARY,40,002241.SZ,2021-01-29,-20.0,TP_FIRST,-2.3809753380773024,-11.391121331776741,-9.010145993699439,27,1,1,0,0,0,-24.32266643437805
PRIMARY,41,300750.SZ,2021-01-29,-20.0,TP_FIRST,2.6778263400166544,-16.965554622822772,-19.643380962839426,33,1,1,0,0,1,-20.744980856829066
PRIMARY,42,002475.SZ,2021-01-28,-20.0,TP_FIRST,-17.795635461958412,-9.24159701331138,8.554038448647033,28,1,1,0,0,1,-38.05999710973133
PRIMARY,43,600438.SH,2021-03-05,-20.0,TP_FIRST,-2.082117681436346,-15.265580619310862,-13.183462937874516,12,1,1,0,0,0,-21.900640918932147
PRIMARY,44,300014.SZ,2021-03-23,-20.0,TP_FIRST,20.343646524893185,20.343646524893185,0.0,18,0,0,0,0,0,-1.1328405715407053
PRIMARY,45,601899.SH,2021-03-24,-20.0,TP_FIRST,13.67315267261283,13.67315267261283,0.0,17,0,0,0,0,0,-0.5227592786883895
PRIMARY,46,601166.SH,2021-04-15,-20.0,TP_FIRST,10.16039399503804,10.16039399503804,0.0,15,0,0,0,0,0,-2.3887839446735004
PRIMARY,47,600276.SH,2021-04-15,-20.0,TP_FIRST,2.9762113310555116,2.9762113310555116,0.0,18,0,0,0,0,0,-5.364820806114978
PRIMARY,48,002352.SZ,2021-04-12,-20.0,TP_FIRST,1.806031845385725,1.806031845385725,0.0,22,0,0,0,0,0,-8.258407334556994
PRIMARY,49,600519.SH,2021-05-06,-20.0,TP_FIRST,12.309433820124724,12.309433820124724,0.0,12,0,0,0,0,0,-5.132526010090399
PRIMARY,50,600031.SH,2021-03-09,-20.0,TP_FIRST,2.027751640672817,-4.897718347631361,-6.925469988304178,44,1,1,0,0,1,-27.978387085265844
PRIMARY,51,600009.SH,2021-02-03,-20.0,TP_FIRST,-1.1354409255495685,-13.150272944590084,-12.014832019040515,58,1,1,0,0,1,-22.985275095121573
PRIMARY,52,002594.SZ,2021-02-24,-20.0,TP_FIRST,16.160298578230066,-10.405681499041886,-26.565980077271952,49,1,1,0,0,1,-34.73181070183321
PRIMARY,53,002340.SZ,2021-06-07,-20.0,TP_FIRST,5.290865136021748,5.290865136021748,0.0,19,0,0,0,0,0,-11.268220523967209
PRIMARY,54,000661.SZ,2021-05-24,-20.0,TP_FIRST,3.543179209088439,3.543179209088439,0.0,38,0,0,0,0,0,-16.869230019043936
PRIMARY,55,002594.SZ,2021-07-16,-20.0,TP_FIRST,25.77910857036041,25.77910857036041,0.0,10,0,0,0,0,0,-2.6882194842621776
PRIMARY,56,600031.SH,2021-06-11,-20.0,TP_FIRST,4.433342850860986,4.433342850860986,0.0,35,0,0,0,0,0,-15.123799665013548
PRIMARY,57,002241.SZ,2021-07-22,-20.0,TP_FIRST,10.273218124699701,10.273218124699701,0.0,9,0,0,0,0,0,-7.886693775763421
PRIMARY,58,600036.SH,2021-07-08,-20.0,TP_FIRST,8.736132867824947,8.736132867824947,0.0,28,0,0,0,0,0,-10.298243793004092
PRIMARY,59,300782.SZ,2021-07-13,-20.0,TP_FIRST,4.700284102162052,4.700284102162052,0.0,29,0,0,0,0,0,-10.944165622271129
PRIMARY,60,601919.SH,2021-07-23,-20.0,TP_FIRST,21.9399821535198,21.9399821535198,0.0,25,0,0,0,0,0,-13.003666576368966
PRIMARY,61,002460.SZ,2021-08-16,-20.0,TP_FIRST,24.025427124052413,24.025427124052413,0.0,9,0,0,0,0,0,-2.17885582383488
PRIMARY,62,300750.SZ,2021-07-27,-20.0,TP_FIRST,8.626053858905106,8.626053858905106,0.0,34,0,0,0,0,0,-5.360767280539502
PRIMARY,63,300760.SZ,2021-08-20,-20.0,TP_FIRST,25.243095200327115,25.243095200327115,0.0,19,0,0,0,0,0,-1.3648131532456809
PRIMARY,64,600519.SH,2021-07-26,-20.0,TP_FIRST,2.091334708861519,2.091334708861519,0.0,41,0,0,0,0,0,-15.47553943560599
PRIMARY,65,002714.SZ,2021-05-24,-20.0,TP_FIRST,-18.715268930191936,-6.419125730570796,12.29614319962114,42,1,1,0,0,1,-56.67478900029019
PRIMARY,66,000858.SZ,2021-07-08,-20.0,TP_FIRST,-7.6342909419297795,-9.196415491644885,-1.5621245497151053,32,1,1,0,0,1,-28.655500122152368
PRIMARY,67,002594.SZ,2021-09-29,-20.0,TP_FIRST,17.089129638620165,17.089129638620165,0.0,6,0,0,0,0,0,-0.5192972651856032
PRIMARY,68,601318.SH,2021-03-18,-20.0,TP_FIRST,-28.116081051784203,-13.085739047439954,15.030342004344249,60,1,1,0,0,0,-41.80696245003698
PRIMARY,69,000651.SZ,2021-05-25,-20.0,TP_FIRST,-19.03127753582529,-11.447748531293376,7.583529004531913,63,1,1,0,0,1,-33.090168102543274
PRIMARY,70,000333.SZ,2021-07-05,-20.0,TP_FIRST,11.175030722164129,11.175030722164129,0.0,71,0,0,0,0,0,-9.770984837876318
PRIMARY,71,600111.SH,2021-09-29,-20.0,TP_FIRST,22.277893313169177,22.277893313169177,0.0,12,0,0,0,0,0,-3.6351512387024387
PRIMARY,72,600089.SH,2021-10-08,-20.0,TP_FIRST,21.757208672823793,21.757208672823793,0.0,12,0,0,0,0,0,-5.355399017850127
PRIMARY,73,002466.SZ,2021-09-22,-20.0,TP_FIRST,5.276533723848393,5.276533723848393,0.0,28,0,0,0,0,0,-18.18048772561611
PRIMARY,74,000858.SZ,2021-11-01,-20.0,TP_FIRST,7.772649549904674,7.772649549904674,0.0,16,0,0,0,0,0,-2.695601939103509
PRIMARY,75,603259.SH,2021-11-04,-20.0,TP_FIRST,10.333997515607747,10.333997515607747,0.0,15,0,0,0,0,0,-4.388640111365582
PRIMARY,76,601919.SH,2021-09-28,-20.0,TP_FIRST,3.0377221934720415,3.0377221934720415,0.0,39,0,0,0,0,0,-19.410201081693145
PRIMARY,77,600030.SH,2021-11-16,-20.0,TP_FIRST,7.942169042945349,7.942169042945349,0.0,13,0,0,0,0,0,-1.3115665629502171
PRIMARY,78,000651.SZ,2021-10-27,-20.0,TP_FIRST,3.7666645298140864,3.7666645298140864,0.0,30,0,0,0,0,0,-6.591904190897946
PRIMARY,79,600036.SH,2021-11-26,-20.0,TP_FIRST,7.780249533285357,7.780249533285357,0.0,8,0,0,0,0,0,-2.0264594890360255
PRIMARY,80,600036.SH,2021-12-29,-20.0,TP_FIRST,5.516341863497587,5.516341863497587,0.0,14,0,0,0,0,0,-0.892595978810895
PRIMARY,81,002129.SZ,2021-12-01,-20.0,TP_FIRST,7.212021342950852,7.212021342950852,0.0,38,0,0,0,0,0,-10.209695479014202
PRIMARY,82,600030.SH,2022-01-14,-20.0,TP_FIRST,1.0102995428563417,1.0102995428563417,0.0,9,0,0,0,0,0,-4.115180796829354
PRIMARY,83,601888.SH,2021-11-02,-20.0,TP_FIRST,7.8045788936873635,7.8045788936873635,0.0,65,0,0,0,0,0,-17.76278012400819
PRIMARY,84,600111.SH,2021-12-24,-20.0,TP_FIRST,10.927469701064592,10.927469701064592,0.0,31,0,0,0,0,0,-16.158101136300374
PRIMARY,85,000792.SZ,2022-01-20,-20.0,TP_FIRST,18.801769360068377,18.801769360068377,0.0,13,0,0,0,0,0,-2.101609531796167
PRIMARY,86,002460.SZ,2021-12-20,-20.0,TP_FIRST,7.327370162653349,7.327370162653349,0.0,36,0,0,0,0,0,-13.694999767838578
PRIMARY,87,002466.SZ,2021-12-20,-20.0,TP_FIRST,1.837573601773871,1.837573601773871,0.0,36,0,0,0,0,0,-19.98566660073482
PRIMARY,88,000661.SZ,2022-01-24,-20.0,TP_FIRST,11.89884859958246,11.89884859958246,0.0,17,0,0,0,0,0,-4.775620293737893
PRIMARY,89,601012.SH,2021-12-01,-20.0,TP_FIRST,6.472325573333965,-12.50365476124562,-18.975980334579585,46,1,1,0,0,1,-23.797689806559163
PRIMARY,90,603259.SH,2021-12-20,-20.0,TP_FIRST,12.254494786218984,-8.262591448463809,-20.517086234682793,33,1,1,0,0,1,-28.86139126771904
PRIMARY,91,000002.SZ,2022-03-04,-20.0,TP_FIRST,14.88504791739044,-13.196997167413347,-28.082045084803788,7,1,1,0,0,0,-22.246037106497695
PRIMARY,92,300059.SZ,2022-01-05,-20.0,TP_FIRST,-5.7513210082683415,-6.8917680929377125,-1.140447084669371,44,1,1,0,0,1,-34.89656169461941
PRIMARY,93,600519.SH,2022-01-07,-20.0,TP_FIRST,0.9984159395398549,0.9984159395398549,0.0,61,0,0,0,0,0,-17.458488731459298
PRIMARY,94,601888.SH,2022-03-14,-20.0,TP_FIRST,7.812849493656972,7.812849493656972,0.0,20,0,0,0,0,0,-8.439813952671848
PRIMARY,95,002594.SZ,2021-12-16,-20.0,TP_FIRST,-1.5968178542206901,-11.100813263058843,-9.503995408838152,52,1,1,0,0,1,-26.330714118353036
PRIMARY,96,000625.SZ,2021-11-16,-20.0,TP_FIRST,-22.229994518631575,-9.589615111434714,12.64037940719686,74,1,1,0,0,1,-53.29984290867762
PRIMARY,97,002475.SZ,2022-02-08,-20.0,TP_FIRST,-17.15409169654668,-9.849315269467548,7.3047764270791316,36,1,1,0,0,1,-40.77681436537638
PRIMARY,98,002466.SZ,2022-04-25,-20.0,TP_FIRST,41.854779546894,41.854779546894,0.0,8,0,0,0,0,0,-3.4110472521140522
PRIMARY,99,300274.SZ,2021-12-21,-20.0,TP_FIRST,-25.58857835409347,-5.547198693036328,20.041379661057142,63,1,1,0,0,1,-58.717689038471335
PRIMARY,100,002460.SZ,2022-03-08,-20.0,TP_FIRST,17.706849570514894,-8.902018877058168,-26.608868447573062,33,1,1,0,0,1,-28.642784574491998
PRIMARY,101,000858.SZ,2022-01-28,-20.0,TP_FIRST,-8.807756178930596,-11.595243812796536,-2.78748763386594,24,1,1,0,0,0,-25.5194802146096
PRIMARY,102,300014.SZ,2022-03-03,-20.0,TP_FIRST,26.31764601662993,-13.506803557050898,-39.82444957368082,36,1,1,0,0,1,-32.624915571840454
PRIMARY,103,300750.SZ,2021-12-20,-20.0,TP_FIRST,-14.232912370394569,-8.344604026169062,5.888308344225507,73,1,1,0,0,1,-41.8073675499418
PRIMARY,104,601012.SH,2022-03-29,-20.0,TP_FIRST,-12.752364240157288,-12.407576131992922,0.3447881081643658,18,1,1,0,0,1,-24.82075936524716
PRIMARY,105,002415.SZ,2022-05-06,-20.0,TP_FIRST,3.5450375895839463,3.5450375895839463,0.0,19,0,0,0,0,0,-8.562023743217374
PRIMARY,106,600276.SH,2022-01-13,-20.0,TP_FIRST,-29.55698724716474,-14.532408375893832,15.02457887127091,33,1,1,0,0,1,-42.610580908453244
PRIMARY,107,601318.SH,2022-03-15,-20.0,TP_FIRST,-0.3864474449981416,-0.3864474449981416,0.0,55,0,0,0,0,0,-2.315282705156485
PRIMARY,108,600036.SH,2022-03-07,-20.0,TP_FIRST,-6.245523329299984,-13.90002675834929,-7.6545034290493055,39,1,1,0,0,0,-24.345417637488787
PRIMARY,109,300122.SZ,2022-04-14,-20.0,TP_FIRST,-6.645958234266682,-11.412444822024385,-4.766486587757703,28,1,1,0,0,1,-28.79470109263167
PRIMARY,110,002241.SZ,2022-06-23,-20.0,TP_FIRST,2.8400230023871615,2.8400230023871615,0.0,30,0,0,0,0,0,-5.007927632982501
PRIMARY,111,002466.SZ,2022-08-19,-20.0,TP_FIRST,13.385590477234006,13.385590477234006,0.0,2,0,0,0,0,0,-2.8634236347626074
PRIMARY,112,600036.SH,2022-07-13,-20.0,TP_FIRST,-1.5651520516643562,-1.5651520516643562,0.0,34,0,0,0,0,0,-12.409355098525655
PRIMARY,113,601888.SH,2022-08-08,-20.0,TP_FIRST,7.1858432781792185,7.1858432781792185,0.0,33,0,0,0,0,0,-8.133019118063235
PRIMARY,114,000858.SZ,2022-07-29,-20.0,TP_FIRST,-2.4673011477159523,-2.4673011477159523,0.0,40,0,0,0,0,0,-12.093504633059515
PRIMARY,115,300274.SZ,2022-08-31,-20.0,TP_FIRST,13.216110132265186,13.216110132265186,0.0,23,0,0,0,0,0,-6.803285897864219
PRIMARY,116,300760.SZ,2022-09-21,-20.0,TP_FIRST,26.10435256088347,26.10435256088347,0.0,11,0,0,0,0,0,-2.945982270341807
PRIMARY,117,603259.SH,2022-07-27,-20.0,TP_FIRST,-6.553924195303395,-12.31356588924869,-5.759641693945294,35,1,1,0,0,1,-30.331191278374803
PRIMARY,118,601012.SH,2022-08-03,-20.0,TP_FIRST,-1.5712301907594528,-13.778276091753112,-12.20704590099366,42,1,1,0,0,0,-20.79675190961924
PRIMARY,119,688599.SH,2022-08-19,-20.0,TP_FIRST,4.900961296612725,4.900961296612725,0.0,42,0,0,0,0,0,-11.786057206268874
PRIMARY,120,002459.SZ,2022-08-19,-20.0,TP_FIRST,5.627000867343111,5.627000867343111,0.0,42,0,0,0,0,0,-10.712385831051897
PRIMARY,121,601899.SH,2022-09-26,-20.0,TP_FIRST,6.916188828671841,6.916188828671841,0.0,18,0,0,0,0,0,-3.33920245581949
PRIMARY,122,002460.SZ,2022-08-25,-20.0,TP_FIRST,2.226213115920718,2.226213115920718,0.0,41,0,0,0,0,0,-16.759572939966095
PRIMARY,123,002271.SZ,2022-08-23,-20.0,TP_FIRST,-5.965240206705305,-13.515110497763422,-7.549870291058117,29,1,1,0,0,1,-29.215251654169816
PRIMARY,124,600703.SH,2022-09-20,-20.0,TP_FIRST,1.4365619204532005,1.4365619204532005,0.0,26,0,0,0,0,0,-17.135927537327543
PRIMARY,125,002594.SZ,2022-07-12,-20.0,TP_FIRST,-2.227087712436274,-13.12566562442943,-10.898577911993156,71,1,1,0,0,0,-23.762322609884045
PRIMARY,126,002466.SZ,2022-09-01,-20.0,TP_FIRST,0.41755742217796255,0.41755742217796255,0.0,39,0,0,0,0,0,-17.18698543788346
PRIMARY,127,002050.SZ,2022-10-11,-20.0,TP_FIRST,8.648758708124946,8.648758708124946,0.0,17,0,0,0,0,0,-7.919779995223497
PRIMARY,128,603799.SH,2022-09-29,-20.0,TP_FIRST,1.9036214562895246,1.9036214562895246,0.0,21,0,0,0,0,0,-18.54792363873298
PRIMARY,129,600030.SH,2022-09-16,-20.0,TP_FIRST,3.2914258355483077,3.2914258355483077,0.0,34,0,0,0,0,0,-7.2317278605463
PRIMARY,130,600036.SH,2022-10-10,-20.0,TP_FIRST,4.74708231806275,4.74708231806275,0.0,23,0,0,0,0,0,-17.352231797581
PRIMARY,131,601166.SH,2022-08-29,-20.0,TP_FIRST,2.990941980494697,2.990941980494697,0.0,48,0,0,0,0,0,-11.758858159541209
PRIMARY,132,601318.SH,2022-10-24,-20.0,TP_FIRST,11.54058817209945,11.54058817209945,0.0,14,0,0,0,0,0,-4.56589305883337
PRIMARY,133,000651.SZ,2022-10-31,-20.0,TP_FIRST,11.08646263720554,11.08646263720554,0.0,9,0,0,0,0,0,-0.62111668689665
PRIMARY,134,300059.SZ,2022-08-02,-20.0,TP_FIRST,1.3148602142200303,-10.919550286273903,-12.234410500493933,55,1,1,0,0,1,-28.41433393805436
PRIMARY,135,000625.SZ,2022-08-24,-20.0,TP_FIRST,2.31475867645841,-6.4773016469259925,-8.792060323384403,42,1,1,0,0,1,-27.190338345372766
PRIMARY,136,000858.SZ,2022-10-24,-20.0,TP_FIRST,13.014502136358589,13.014502136358589,0.0,26,0,0,0,0,0,-6.076160549181053
PRIMARY,137,600519.SH,2022-09-05,-20.0,TP_FIRST,-5.861614932184937,-16.650311211441927,-10.78869627925699,30,1,1,0,0,0,-27.44375317821398
PRIMARY,138,000568.SZ,2022-10-10,-20.0,TP_FIRST,5.894426001503926,-9.973228597327092,-15.867654598831017,14,1,1,0,0,1,-26.23829865914583
PRIMARY,139,600887.SH,2022-10-20,-20.0,TP_FIRST,6.706648715667189,6.706648715667189,0.0,29,0,0,0,0,0,-18.517421916247343
PRIMARY,140,002714.SZ,2022-10-26,-20.0,TP_FIRST,5.23244617556544,5.23244617556544,0.0,28,0,0,0,0,0,-8.911088606217998
PRIMARY,141,300750.SZ,2022-09-01,-20.0,TP_FIRST,-1.3981718838619202,-8.32126065713909,-6.92308877327717,36,1,1,0,0,1,-24.986572858520837
PRIMARY,142,002371.SZ,2022-10-12,-20.0,TP_FIRST,10.597667780822029,10.597667780822029,0.0,44,0,0,0,0,0,-5.446303292394417
PRIMARY,143,603259.SH,2022-11-28,-20.0,TP_FIRST,6.738265986701266,6.738265986701266,0.0,22,0,0,0,0,0,-2.1226976811561937
PRIMARY,144,600522.SH,2022-11-01,-20.0,TP_FIRST,-5.676303523410963,-11.332912428101597,-5.656608904690634,20,1,1,0,0,1,-30.66339374603776
PRIMARY,145,300274.SZ,2022-12-06,-20.0,TP_FIRST,12.35423017458993,12.35423017458993,0.0,18,0,0,0,0,0,-12.997661644686353
PRIMARY,146,002241.SZ,2022-11-11,-20.0,TP_FIRST,8.552942953591648,8.552942953591648,0.0,37,0,0,0,0,0,-2.0552360649699564
PRIMARY,147,002812.SZ,2022-11-23,-20.0,TP_FIRST,12.272962184274384,12.272962184274384,0.0,30,0,0,0,0,0,-7.454367889448843
PRIMARY,148,601012.SH,2022-12-22,-20.0,TP_FIRST,11.348570853081775,11.348570853081775,0.0,17,0,0,0,0,0,-1.83945407826005
PRIMARY,149,000625.SZ,2022-12-28,-20.0,TP_FIRST,15.403895272762636,15.403895272762636,0.0,16,0,0,0,0,0,-2.461030882431914
PRIMARY,150,002709.SZ,2022-12-30,-20.0,TP_FIRST,15.538268097973235,15.538268097973235,0.0,14,0,0,0,0,0,-2.7348780509869663
PRIMARY,151,300014.SZ,2023-01-11,-20.0,TP_FIRST,6.981985480381129,6.981985480381129,0.0,9,0,0,0,0,0,-4.915491114570337
PRIMARY,152,300750.SZ,2023-02-17,-20.0,TP_FIRST,3.6254689430868456,3.6254689430868456,0.0,29,0,0,0,0,0,-11.62683470375777
PRIMARY,153,600519.SH,2023-03-08,-20.0,TP_FIRST,3.358107895598216,3.358107895598216,0.0,16,0,0,0,0,0,-2.5877984739737014
PRIMARY,154,300059.SZ,2023-03-07,-20.0,TP_FIRST,6.704927557794763,6.704927557794763,0.0,18,0,0,0,0,0,-6.726693190328403
PRIMARY,155,300274.SZ,2023-03-14,-20.0,TP_FIRST,3.872684453553771,3.872684453553771,0.0,23,0,0,0,0,0,-11.398858058207795
PRIMARY,156,002594.SZ,2023-03-10,-20.0,TP_FIRST,7.839512102970262,7.839512102970262,0.0,33,0,0,0,0,0,-3.6913778017047982
PRIMARY,157,000858.SZ,2023-04-10,-20.0,TP_FIRST,-2.6488868636941545,-2.6488868636941545,0.0,26,0,0,0,0,0,-10.048100566887374
PRIMARY,158,000651.SZ,2023-05-04,-20.0,TP_FIRST,6.144996620188443,6.144996620188443,0.0,25,0,0,0,0,0,-8.255590958382841
PRIMARY,159,601899.SH,2023-05-12,-20.0,TP_FIRST,6.727401168026937,6.727401168026937,0.0,19,0,0,0,0,0,-5.558920911138776
PRIMARY,160,600519.SH,2023-04-12,-20.0,TP_FIRST,6.514893856808776,6.514893856808776,0.0,43,0,0,0,0,0,-4.355999030555235
PRIMARY,161,601012.SH,2023-03-16,-20.0,TP_FIRST,-17.84953964554572,-12.940600408157286,4.908939237388433,49,1,1,0,0,1,-33.276416390528766
PRIMARY,162,600036.SH,2023-04-27,-20.0,TP_FIRST,-0.6278320762058595,-0.6278320762058595,0.0,57,0,0,0,0,0,-3.793063901958049
PRIMARY,163,600809.SH,2023-05-22,-20.0,TP_FIRST,9.67465728119054,9.67465728119054,0.0,43,0,0,0,0,0,-16.847859403834985
PRIMARY,164,300059.SZ,2023-05-29,-20.0,TP_FIRST,3.238668828858134,3.238668828858134,0.0,38,0,0,0,0,0,-4.622126321593722
PRIMARY,165,002415.SZ,2023-06-09,-20.0,TP_FIRST,9.253968396028046,9.253968396028046,0.0,31,0,0,0,0,0,-3.0509320142771967
PRIMARY,166,300750.SZ,2023-06-07,-20.0,TP_FIRST,8.015096907867838,8.015096907867838,0.0,35,0,0,0,0,0,-2.799902799902787
PRIMARY,167,688981.SH,2023-05-09,-20.0,TP_FIRST,-1.9912914951639942,-1.9912914951639942,0.0,57,0,0,0,0,0,-7.822752791213516
PRIMARY,168,600570.SH,2023-07-11,-20.0,TP_FIRST,12.935015317595871,12.935015317595871,0.0,17,0,0,0,0,0,-3.6163828033945022
PRIMARY,169,300418.SZ,2023-06-26,-20.0,TP_FIRST,-7.109717403112448,-17.246599431755758,-10.13688202864331,24,1,1,0,0,1,-22.324869570606698
PRIMARY,170,600276.SH,2023-07-31,-20.0,TP_FIRST,2.244966610480217,2.244966610480217,0.0,19,0,0,0,0,0,-16.355370032537774
PRIMARY,171,002230.SZ,2023-08-16,-20.0,TP_FIRST,-4.04018826584394,-4.04018826584394,0.0,32,0,0,0,0,0,-19.948062722882465
PRIMARY,172,002475.SZ,2023-09-07,-20.0,TP_FIRST,6.728014277472455,6.728014277472455,0.0,17,0,0,0,0,0,-4.4345508276317
PRIMARY,173,300760.SZ,2023-08-07,-20.0,TP_FIRST,6.5338873044717865,6.5338873044717865,0.0,53,0,0,0,0,0,-4.449940020156773
PRIMARY,174,000858.SZ,2023-08-18,-20.0,TP_FIRST,9.240903528696505,9.240903528696505,0.0,46,0,0,0,0,0,-12.715230910264852
PRIMARY,175,300014.SZ,2023-02-20,-20.0,TP_FIRST,-28.568832058383776,-11.362676328362529,17.206155730021248,45,1,1,0,0,0,-44.47756749417103
PRIMARY,176,300059.SZ,2023-10-23,-20.0,TP_FIRST,6.795375111896212,6.795375111896212,0.0,9,0,0,0,0,0,-0.4417866895821354
PRIMARY,177,603019.SH,2023-08-09,-20.0,TP_FIRST,2.102020516340531,2.102020516340531,0.0,57,0,0,0,0,0,-18.940916927699114
PRIMARY,178,300274.SZ,2023-08-21,-20.0,TP_FIRST,2.059040269174881,-10.08746464151949,-12.146504910694372,40,1,1,0,0,0,-23.84860922169848
PRIMARY,179,300308.SZ,2023-07-20,-20.0,TP_FIRST,-5.693477162892338,-10.108482431150781,-4.415005268258443,43,1,1,0,0,1,-34.647305581306
PRIMARY,180,000977.SZ,2023-08-18,-20.0,TP_FIRST,7.706372017077919,-8.947791469675018,-16.654163486752935,41,1,1,0,0,1,-32.22636562323018
PRIMARY,181,601012.SH,2023-08-21,-20.0,TP_FIRST,-11.755699669774852,-11.258886709987816,0.4968129597870359,64,1,1,0,0,0,-26.371969728680746
PRIMARY,182,600519.SH,2023-10-13,-20.0,TP_FIRST,1.893988027016628,1.893988027016628,0.0,54,0,0,0,0,0,-7.786761434433009
PRIMARY,183,600009.SH,2023-08-21,-20.0,TP_FIRST,-11.699228208217027,-12.974036027425806,-1.2748078192087782,78,1,1,0,0,0,-24.842656679790675
PRIMARY,184,601318.SH,2023-11-09,-20.0,TP_FIRST,-2.3138721028580727,-2.3138721028580727,0.0,53,0,0,0,0,0,-12.395299497973422
PRIMARY,185,000651.SZ,2023-12-20,-20.0,TP_FIRST,12.104633410839133,12.104633410839133,0.0,26,0,0,0,0,0,-0.22839068988121936
PRIMARY,186,601138.SH,2023-10-24,-20.0,TP_FIRST,11.050900506142318,11.050900506142318,0.0,73,0,0,0,0,0,-8.702006282856667
PRIMARY,187,000858.SZ,2023-12-13,-20.0,TP_FIRST,2.808164916171326,2.808164916171326,0.0,37,0,0,0,0,0,-9.305511112151732
PRIMARY,188,600519.SH,2024-01-17,-20.0,TP_FIRST,5.907729356690894,5.907729356690894,0.0,13,0,0,0,0,0,-1.2708988071569394
PRIMARY,189,300750.SZ,2023-09-08,-20.0,TP_FIRST,-18.00484444688593,-11.096852419115049,6.907992027770881,51,1,1,0,0,1,-37.07504075265946
PRIMARY,190,002230.SZ,2024-01-03,-20.0,TP_FIRST,3.585730933845497,3.585730933845497,0.0,25,0,0,0,0,0,-13.110142123274604
PRIMARY,191,300418.SZ,2024-01-31,-20.0,TP_FIRST,39.428041617887864,39.428041617887864,0.0,6,0,0,0,0,0,-9.269811195543308
PRIMARY,192,000568.SZ,2023-12-11,-20.0,TP_FIRST,1.1120117479146117,-9.810766043909231,-10.922777791823842,39,1,1,0,0,1,-22.710877834749677
PRIMARY,193,300059.SZ,2023-12-27,-20.0,TP_FIRST,5.900250298765934,5.900250298765934,0.0,32,0,0,0,0,0,-11.47429406768471
PRIMARY,194,000063.SZ,2023-07-20,-20.0,TP_FIRST,-20.144973123840867,-8.57178201272027,11.573191111120597,63,1,1,0,0,1,-49.074840753076984
PRIMARY,195,000628.SZ,2023-12-14,-20.0,TP_FIRST,44.67924500816973,-4.679713136494294,-49.35895814466402,37,1,1,0,0,1,-39.992579634592374
PRIMARY,196,000625.SZ,2024-01-04,-20.0,TP_FIRST,12.686864654118965,-9.822367827480642,-22.509232481599607,22,1,1,0,0,1,-24.25874529738413
PRIMARY,197,301236.SZ,2024-01-22,-20.0,TP_FIRST,15.202767971466354,-20.161497212622724,-35.36426518408908,9,1,1,0,0,0,-20.518249818689295
PRIMARY,198,002555.SZ,2023-12-25,-20.0,TP_FIRST,17.471539089853273,17.471539089853273,0.0,39,0,0,0,0,0,-18.06601865960579
PRIMARY,199,000661.SZ,2024-01-12,-20.0,TP_FIRST,5.324721980411358,5.324721980411358,0.0,26,0,0,0,0,0,-15.088906432452676
PRIMARY,200,300033.SZ,2024-01-16,-20.0,TP_FIRST,11.478914185701258,11.478914185701258,0.0,24,0,0,0,0,0,-19.68785420497784
PRIMARY,201,002456.SZ,2023-12-14,-20.0,TP_FIRST,9.13490121758614,-9.46105540380662,-18.59595662139276,34,1,1,0,0,1,-32.75517367129328
PRIMARY,202,603259.SH,2024-01-30,-20.0,TP_FIRST,16.5357317467109,16.5357317467109,0.0,17,0,0,0,0,0,-19.366346576745652
PRIMARY,203,002594.SZ,2023-08-14,-20.0,TP_FIRST,-16.277210987224258,-18.004709529846675,-1.727498542622417,72,1,1,0,0,0,-33.85103047938111
PRIMARY,204,601012.SH,2024-01-29,-20.0,TP_FIRST,15.268422377533785,15.268422377533785,0.0,24,0,0,0,0,0,-13.258914832233726
PRIMARY,205,002475.SZ,2024-01-17,-20.0,TP_FIRST,7.219372761109448,7.219372761109448,0.0,37,0,0,0,0,0,-11.861191429965057
PRIMARY,206,601318.SH,2024-03-22,-20.0,TP_FIRST,8.104543046068015,8.104543046068015,0.0,23,0,0,0,0,0,-6.965721129438385
PRIMARY,207,600519.SH,2024-04-08,-20.0,TP_FIRST,5.19682233937109,5.19682233937109,0.0,16,0,0,0,0,0,-1.7024675784346077
PRIMARY,208,000977.SZ,2024-04-10,-20.0,TP_FIRST,12.570545419631626,12.570545419631626,0.0,14,0,0,0,0,0,-8.98589486777226
PRIMARY,209,000628.SZ,2024-03-29,-20.0,TP_FIRST,-22.18874094507154,-13.666407948467048,8.522332996604492,7,1,1,0,0,1,-52.38614252495148
PRIMARY,210,002129.SZ,2024-01-30,-20.0,TP_FIRST,-6.5866863796632105,-16.779013030756065,-10.192326651092856,51,1,1,0,0,0,-23.270953005067007
PRIMARY,211,601138.SH,2024-05-31,-20.0,TP_FIRST,17.235953981802986,17.235953981802986,0.0,8,0,0,0,0,0,-0.1435072194053144
PRIMARY,212,002230.SZ,2024-04-23,-20.0,TP_FIRST,5.3407176576942215,5.3407176576942215,0.0,35,0,0,0,0,0,-3.192044234481095
PRIMARY,213,600919.SH,2024-04-26,-20.0,TP_FIRST,-3.22433989136676,-3.22433989136676,0.0,42,0,0,0,0,0,-6.245585876244874
PRIMARY,214,000977.SZ,2024-05-28,-20.0,TP_FIRST,4.476827597833199,4.476827597833199,0.0,28,0,0,0,0,0,-6.538088943116049
PRIMARY,215,000625.SZ,2024-04-16,-20.0,TP_FIRST,-3.5813249331349106,-10.583220333747684,-7.001895400612774,35,1,1,0,0,1,-22.439671783461513
PRIMARY,216,000725.SZ,2024-05-28,-20.0,TP_FIRST,4.499483038676097,4.499483038676097,0.0,29,0,0,0,0,0,-5.704054833968886
PRIMARY,217,603019.SH,2024-03-27,-20.0,TP_FIRST,-3.1650656694684725,-3.1650656694684725,0.0,73,0,0,0,0,0,-19.720874640088848
PRIMARY,218,000858.SZ,2024-06-11,-20.0,TP_FIRST,-4.863606074584775,-4.863606074584775,0.0,25,0,0,0,0,0,-9.446093150024627
PRIMARY,219,600519.SH,2024-06-11,-20.0,TP_FIRST,0.5216824393800606,0.5216824393800606,0.0,27,0,0,0,0,0,-10.274440490341663
PRIMARY,220,300750.SZ,2024-06-07,-20.0,TP_FIRST,1.3901215027090492,1.3901215027090492,0.0,29,0,0,0,0,0,-9.524339063610821
PRIMARY,221,300059.SZ,2024-06-28,-20.0,TP_FIRST,3.9349979609446946,3.9349979609446946,0.0,22,0,0,0,0,0,-5.914697081934461
PRIMARY,222,601012.SH,2024-06-06,-20.0,TP_FIRST,-12.181185272863992,-19.201719576649882,-7.02053430378589,17,1,1,0,0,0,-25.1188709649811
PRIMARY,223,600519.SH,2024-07-30,-20.0,TP_FIRST,4.979956385509713,4.979956385509713,0.0,22,0,0,0,0,0,-0.09990187614892232
PRIMARY,224,002594.SZ,2024-08-02,-20.0,TP_FIRST,6.379967880191982,6.379967880191982,0.0,19,0,0,0,0,0,-3.2764151461084245
PRIMARY,225,002475.SZ,2024-08-05,-20.0,TP_FIRST,8.544910470004318,8.544910470004318,0.0,18,0,0,0,0,0,-3.167255709326977
PRIMARY,226,002466.SZ,2024-04-25,-20.0,TP_FIRST,-13.212317215788726,-8.016543849132438,5.195773366656288,83,1,1,0,0,1,-36.23508762311697
PRIMARY,227,300502.SZ,2024-07-25,-20.0,TP_FIRST,13.964744747831642,13.964744747831642,0.0,35,0,0,0,0,0,-12.266195988559547
PRIMARY,228,601919.SH,2024-07-08,-20.0,TP_FIRST,1.7285541339282333,1.7285541339282333,0.0,51,0,0,0,0,0,-19.814263643782315
PRIMARY,229,000063.SZ,2024-08-22,-20.0,TP_FIRST,3.3955801711335427,3.3955801711335427,0.0,19,0,0,0,0,0,-3.013656189391656
PRIMARY,230,601138.SH,2024-07-18,-20.0,TP_FIRST,-2.550959931032771,-8.068795834114647,-5.517835903081876,37,1,1,0,0,1,-27.58542866236795
PRIMARY,231,300308.SZ,2024-07-25,-20.0,TP_FIRST,7.199933708510119,-11.358745412832748,-18.558679121342866,28,1,1,0,0,0,-20.412077421209307
PRIMARY,232,601899.SH,2024-07-23,-20.0,TP_FIRST,11.302372099604602,11.302372099604602,0.0,43,0,0,0,0,0,-15.34301819528009
PRIMARY,233,601127.SH,2024-08-28,-20.0,TP_FIRST,11.860904824260553,11.860904824260553,0.0,17,0,0,0,0,0,-0.6937050159442237
PRIMARY,234,600036.SH,2024-09-09,-20.0,TP_FIRST,12.650986424212693,12.650986424212693,0.0,9,0,0,0,0,0,-1.1566935372865572
PRIMARY,235,000858.SZ,2024-08-22,-20.0,TP_FIRST,9.447704740723928,9.447704740723928,0.0,22,0,0,0,0,0,-11.92058204560389
PRIMARY,236,600809.SH,2024-08-28,-20.0,TP_FIRST,10.265232797714383,10.265232797714383,0.0,18,0,0,0,0,0,-9.343746064530556
PRIMARY,237,600519.SH,2024-09-09,-20.0,TP_FIRST,13.065449104192647,13.065449104192647,0.0,10,0,0,0,0,0,-9.155678699288794
PRIMARY,238,600276.SH,2024-09-20,-20.0,TP_FIRST,7.0921102706178285,7.0921102706178285,0.0,3,0,0,0,0,0,-1.5909424566413088
PRIMARY,239,000100.SZ,2024-05-07,-20.0,TP_FIRST,6.430946014868081,-6.728828911433729,-13.159774926301811,94,1,1,0,0,1,-22.85372018914835
PRIMARY,240,688012.SH,2024-08-23,-20.0,TP_FIRST,8.980679975166685,8.980679975166685,0.0,22,0,0,0,0,0,-11.105843309233144
PRIMARY,241,688256.SH,2024-09-05,-20.0,TP_FIRST,22.25002533076108,22.25002533076108,0.0,14,0,0,0,0,0,-3.4709343344747623
PRIMARY,242,600900.SH,2024-09-11,-20.0,TP_FIRST,8.228584541518643,8.228584541518643,0.0,10,0,0,0,0,0,-0.35235825269818166
PRIMARY,243,600150.SH,2024-09-19,-20.0,TP_FIRST,4.47320430931633,4.47320430931633,0.0,58,0,0,0,0,0,-6.4123490487716595
PRIMARY,244,600418.SH,2024-11-27,-20.0,TP_FIRST,19.31501930377224,19.31501930377224,0.0,38,0,0,0,0,0,-4.031151825779977
PRIMARY,245,603019.SH,2025-01-02,-20.0,TP_FIRST,7.198386187683706,7.198386187683706,0.0,17,0,0,0,0,0,-10.82782494103971
PRIMARY,246,600030.SH,2024-12-31,-20.0,TP_FIRST,-0.029241512213777625,-0.029241512213777625,0.0,20,0,0,0,0,0,-9.821028359452445
PRIMARY,247,300059.SZ,2025-01-02,-20.0,TP_FIRST,5.568619214325684,5.568619214325684,0.0,19,0,0,0,0,0,-10.373910853057232
PRIMARY,248,300033.SZ,2025-01-02,-20.0,TP_FIRST,23.218740081380986,23.218740081380986,0.0,19,0,0,0,0,0,-8.449836646713571
PRIMARY,249,300750.SZ,2025-01-07,-20.0,TP_FIRST,8.716235937905914,8.716235937905914,0.0,21,0,0,0,0,0,-2.061431530740332
PRIMARY,250,000858.SZ,2025-01-06,-20.0,TP_FIRST,1.2030252662316376,1.2030252662316376,0.0,23,0,0,0,0,0,-5.193889847781408
PRIMARY,251,688256.SH,2025-01-16,-20.0,TP_FIRST,19.16467811575612,19.16467811575612,0.0,19,0,0,0,0,0,-4.483732441599764
PRIMARY,252,600519.SH,2025-01-03,-20.0,TP_FIRST,4.558943908999476,4.558943908999476,0.0,33,0,0,0,0,0,-3.7431935053504506
PRIMARY,253,688256.SH,2025-03-25,-20.0,TP_FIRST,8.922494348994318,8.922494348994318,0.0,17,0,0,0,0,0,-17.216747908844678
PRIMARY,254,002261.SZ,2025-03-24,-20.0,TP_FIRST,2.6716085217561965,-22.535776339030324,-25.20738486078652,9,1,1,0,0,1,-27.78696429320907
PRIMARY,255,600989.SH,2025-03-28,-20.0,TP_FIRST,6.913448021154776,6.913448021154776,0.0,20,0,0,0,0,0,-8.97260383386529
PRIMARY,256,000063.SZ,2025-03-03,-20.0,TP_FIRST,2.6037524048102836,-11.524005463070104,-14.127757867880387,26,1,1,0,0,0,-20.196827200957447
PRIMARY,257,600050.SH,2025-03-19,-20.0,TP_FIRST,-4.102896566069308,-4.102896566069308,0.0,30,0,0,0,0,0,-12.91204099525517
PRIMARY,258,300846.SZ,2025-03-25,-20.0,TP_FIRST,-3.7770156011244347,-11.64723902880342,-7.870223427678987,9,1,1,0,0,1,-31.401379445935305
PRIMARY,259,300059.SZ,2025-04-01,-20.0,TP_FIRST,5.1627907747067665,5.1627907747067665,0.0,21,0,0,0,0,0,-18.189916816625797
PRIMARY,260,002475.SZ,2025-04-02,-20.0,TP_FIRST,3.6625597634810965,-7.52007995816826,-11.182639721649357,4,1,1,0,0,1,-27.255123038788852
PRIMARY,261,300308.SZ,2025-01-10,-20.0,TP_FIRST,0.7734206644023827,-11.636613277367998,-12.41003394177038,56,1,1,0,0,1,-39.080885586063495
PRIMARY,262,300502.SZ,2025-02-28,-20.0,TP_FIRST,28.725713357688992,-3.3723691343860933,-32.098082492075086,27,1,1,0,0,1,-31.75728487388515
PRIMARY,263,300750.SZ,2025-04-01,-20.0,TP_FIRST,7.81936272756536,7.81936272756536,0.0,22,0,0,0,0,0,-16.506355111574443
PRIMARY,264,601318.SH,2025-04-07,-20.0,TP_FIRST,6.926822925723594,6.926822925723594,0.0,19,0,0,0,0,0,-1.0258567917744377
PRIMARY,265,600036.SH,2025-04-07,-20.0,TP_FIRST,5.565919809741665,5.565919809741665,0.0,19,0,0,0,0,0,-1.275773669536573
PRIMARY,266,002594.SZ,2025-04-08,-20.0,TP_FIRST,17.218917139643203,17.218917139643203,0.0,21,0,0,0,0,0,-2.0179308927128603
PRIMARY,267,601658.SH,2025-03-28,-20.0,TP_FIRST,3.737034722718007,3.737034722718007,0.0,28,0,0,0,0,0,-5.998762052795592
PRIMARY,268,600309.SH,2025-04-15,-20.0,TP_FIRST,2.8522101436284233,2.8522101436284233,0.0,18,0,0,0,0,0,-4.325283052386664
PRIMARY,269,601899.SH,2025-04-07,-20.0,TP_FIRST,18.75276321406046,18.75276321406046,0.0,28,0,0,0,0,0,-2.3499050474409477
PRIMARY,270,603259.SH,2025-04-08,-20.0,TP_FIRST,27.365745385479556,27.365745385479556,0.0,29,0,0,0,0,0,-2.7478554733693317
PRIMARY,271,688981.SH,2025-04-01,-20.0,TP_FIRST,-0.3367121465143475,-0.3367121465143475,0.0,53,0,0,0,0,0,-10.022828466095346
PRIMARY,272,688256.SH,2025-05-27,-20.0,TP_FIRST,2.4520211429184493,2.4520211429184493,0.0,20,0,0,0,0,0,-9.161551567123071
PRIMARY,273,000858.SZ,2025-06-13,-20.0,TP_FIRST,2.9441509741563254,2.9441509741563254,0.0,17,0,0,0,0,0,-0.8036010497183277
PRIMARY,274,600519.SH,2025-06-13,-20.0,TP_FIRST,1.571155348492451,1.571155348492451,0.0,18,0,0,0,0,0,-0.18545542382252256
PRIMARY,275,300308.SZ,2025-10-14,-20.0,TP_FIRST,37.312191378736536,37.312191378736536,0.0,7,0,0,0,0,0,-2.4164241555545862
PRIMARY,276,002460.SZ,2025-11-24,-20.0,TP_FIRST,9.614217661278927,9.614217661278927,0.0,19,0,0,0,0,0,-1.7925475782034406
PRIMARY,277,601138.SH,2025-11-24,-20.0,TP_FIRST,19.316165850131622,19.316165850131622,0.0,22,0,0,0,0,0,-2.475096837577462
PRIMARY,278,300502.SZ,2026-01-12,-20.0,TP_FIRST,18.325572753597463,18.325572753597463,0.0,14,0,0,0,0,0,-2.8874334496876597
PRIMARY,279,300750.SZ,2025-11-21,-20.0,TP_FIRST,1.7797735978262685,1.7797735978262685,0.0,52,0,0,0,0,0,-11.001248680259001
PRIMARY,280,300274.SZ,2025-12-16,-20.0,TP_FIRST,-0.04130443998742119,-0.04130443998742119,0.0,52,0,0,0,0,0,-13.261308807790783
PRIMARY,281,300308.SZ,2026-02-06,-20.0,TP_FIRST,3.437565472561077,3.437565472561077,0.0,21,0,0,0,0,0,-9.894027541086349
PRIMARY,282,002475.SZ,2026-01-08,-20.0,TP_FIRST,1.540552873571203,1.540552873571203,0.0,56,0,0,0,0,0,-18.823201056328863
PRIMARY,283,601138.SH,2026-01-29,-20.0,TP_FIRST,3.823418044659373,3.823418044659373,0.0,41,0,0,0,0,0,-17.012814423960076
PRIMARY,284,688256.SH,2026-02-03,-20.0,TP_FIRST,12.397855616133041,12.397855616133041,0.0,38,0,0,0,0,0,-12.087912087912079
PRIMARY,285,601899.SH,2026-03-16,-20.0,TP_FIRST,9.119263883295172,9.119263883295172,0.0,20,0,0,0,0,0,-14.280941525906998
PRIMARY,286,603986.SH,2026-03-31,-20.0,TP_FIRST,19.7457903723054,19.7457903723054,0.0,13,0,0,0,0,0,-2.865134133444669
PRIMARY,287,300059.SZ,2026-03-20,-20.0,TP_FIRST,8.424165896338625,8.424165896338625,0.0,31,0,0,0,0,0,-7.322200643291355
PRIMARY,288,300274.SZ,2026-04-01,-20.0,TP_FIRST,13.077001683310016,13.077001683310016,0.0,23,0,0,0,0,0,-7.472322364359973
PRIMARY,289,300274.SZ,2026-07-01,-20.0,TP_FIRST,-8.358514552822074,-17.248915689767145,-8.890401136945071,7,1,1,0,0,0,-26.27934444027391
PRIMARY,290,600487.SH,2026-07-06,-20.0,TP_FIRST,-17.707576907721744,-16.876088475506585,0.8314884322151599,7,1,1,0,0,0,-46.153139444336865
PRIMARY,291,688525.SH,2026-07-15,-20.0,TP_FIRST,-19.368418251981645,-14.972648587992513,4.395769663989132,3,1,1,0,0,0,-34.73193473193472
PRIMARY,292,688008.SH,2026-07-16,-20.0,TP_FIRST,-3.6609369962131426,-3.6609369962131426,0.0,27,0,0,0,0,0,-12.165294341773524
PRIMARY,293,688256.SH,2026-07-16,-20.0,TP_FIRST,-7.309240157764709,-7.082926192848962,0.22631396491574662,27,1,1,1,0,1,-25.153710642669623
PRIMARY,294,300308.SZ,2026-07-17,-20.0,TP_FIRST,-11.744158826402947,-14.084425824358194,-2.340266997955247,10,1,1,0,0,0,-22.96628924619374
PRIMARY,295,600584.SH,2026-07-20,-20.0,TP_FIRST,-3.746170199653699,-20.161497212622717,-16.415327012969016,9,1,1,0,0,0,-20.75720869405966
PRIMARY,296,300502.SZ,2026-07-28,-20.0,TP_FIRST,-3.1289001702402826,-3.1289001702402826,0.0,19,0,0,0,0,0,-14.854383942881455
PRIMARY,297,002384.SZ,2026-07-29,-20.0,TP_FIRST,6.860142611567042,6.860142611567042,0.0,18,0,0,0,0,0,-9.217430672804971
PRIMARY,298,002475.SZ,2026-08-03,-20.0,TP_FIRST,1.2862198685484683,1.2862198685484683,0.0,15,0,0,0,0,0,-4.021902045888859
PRIMARY,299,600276.SH,2026-08-20,-20.0,TP_FIRST,-2.438053366642191,-2.438053366642191,0.0,2,0,0,0,0,0,-4.81585777507767
PRIMARY,1,000651.SZ,2020-03-19,-22.5,STOP_FIRST,8.76502998612771,8.76502998612771,0.0,15,0,0,0,0,0,-3.253806511060575
PRIMARY,2,600030.SH,2020-03-16,-22.5,STOP_FIRST,1.2152522266729697,1.2152522266729697,0.0,19,0,0,0,0,0,-7.086832162571954
PRIMARY,3,300750.SZ,2020-02-28,-22.5,STOP_FIRST,-1.0193924653390611,-17.889127149852772,-16.869734684513713,15,1,1,0,0,0,-24.419958905481774
PRIMARY,4,601318.SH,2020-02-28,-22.5,STOP_FIRST,-1.3453625770562572,-1.3453625770562572,0.0,33,0,0,0,0,0,-15.814522556095568
PRIMARY,5,600036.SH,2020-03-19,-22.5,STOP_FIRST,10.683448687695108,10.683448687695108,0.0,25,0,0,0,0,0,-0.09990265754196148
PRIMARY,6,002475.SZ,2020-03-17,-22.5,STOP_FIRST,14.92275528149982,14.92275528149982,0.0,28,0,0,0,0,0,-11.112505536775796
PRIMARY,7,000858.SZ,2020-03-17,-22.5,STOP_FIRST,26.82736619482785,26.82736619482785,0.0,28,0,0,0,0,0,-12.958069092199342
PRIMARY,8,000063.SZ,2020-03-17,-22.5,STOP_FIRST,3.2396956676295363,3.2396956676295363,0.0,32,0,0,0,0,0,-10.59060271470772
PRIMARY,9,000725.SZ,2020-03-16,-22.5,STOP_FIRST,4.611959703094805,4.611959703094805,0.0,35,0,0,0,0,0,-20.127607365604128
PRIMARY,10,002506.SZ,2020-03-26,-22.5,STOP_FIRST,-6.524016348081019,-13.26995273678491,-6.745936388703892,23,1,1,0,0,1,-31.211643047504246
PRIMARY,11,600519.SH,2020-03-18,-22.5,STOP_FIRST,39.54846152311298,39.54846152311298,0.0,48,0,0,0,0,0,-3.505987509815356
PRIMARY,12,000002.SZ,2020-03-18,-22.5,STOP_FIRST,4.681297620587952,4.681297620587952,0.0,49,0,0,0,0,0,-6.372695888701285
PRIMARY,13,002714.SZ,2020-05-11,-22.5,STOP_FIRST,-37.346517858183255,-39.08929023133747,-1.7427723731542173,17,1,1,0,0,1,-43.62347582705105
PRIMARY,14,000063.SZ,2020-05-25,-22.5,STOP_FIRST,8.355437860095789,8.355437860095789,0.0,17,0,0,0,0,0,-5.214052830367422
PRIMARY,15,002415.SZ,2020-05-25,-22.5,STOP_FIRST,7.15509150196319,7.15509150196319,0.0,17,0,0,0,0,0,-2.5965128554330974
PRIMARY,16,600703.SH,2020-06-15,-22.5,STOP_FIRST,15.534542524394753,15.534542524394753,0.0,12,0,0,0,0,0,-1.7232235549681896
PRIMARY,17,600030.SH,2020-09-07,-22.5,STOP_FIRST,3.3416942678344705,3.3416942678344705,0.0,18,0,0,0,0,0,-2.3347247522243597
PRIMARY,18,300059.SZ,2020-09-09,-22.5,STOP_FIRST,4.052671012057143,4.052671012057143,0.0,16,0,0,0,0,0,-5.835594827212354
PRIMARY,19,600276.SH,2020-09-17,-22.5,STOP_FIRST,7.964121567403469,7.964121567403469,0.0,10,0,0,0,0,0,-0.30802389658590723
PRIMARY,20,000063.SZ,2020-09-10,-22.5,STOP_FIRST,8.16654508112372,8.16654508112372,0.0,16,0,0,0,0,0,-2.1893558485753473
PRIMARY,21,000651.SZ,2020-09-28,-22.5,STOP_FIRST,7.18749636223901,7.18749636223901,0.0,5,0,0,0,0,0,-0.7920940870049797
PRIMARY,22,600036.SH,2020-09-30,-22.5,STOP_FIRST,8.189846606772502,8.189846606772502,0.0,5,0,0,0,0,0,-0.8409143929827279
PRIMARY,23,002456.SZ,2020-09-01,-22.5,STOP_FIRST,0.3287151054327302,0.3287151054327302,0.0,34,0,0,0,0,0,-16.877466166367018
PRIMARY,24,300136.SZ,2020-10-12,-22.5,STOP_FIRST,3.7523403888601528,3.7523403888601528,0.0,19,0,0,0,0,0,-11.264076050883421
PRIMARY,25,600030.SH,2020-10-26,-22.5,STOP_FIRST,5.218510332201447,5.218510332201447,0.0,19,0,0,0,0,0,-4.85376403171518
PRIMARY,26,000661.SZ,2020-09-16,-22.5,STOP_FIRST,10.365131138225253,10.365131138225253,0.0,47,0,0,0,0,0,-10.396266523703268
PRIMARY,27,600745.SH,2020-09-08,-22.5,STOP_FIRST,1.4169185149017833,-16.279649409722126,-17.69656792462391,32,1,1,0,0,0,-24.96934183424869
PRIMARY,28,601012.SH,2020-11-13,-22.5,STOP_FIRST,11.570904483395198,11.570904483395198,0.0,17,0,0,0,0,0,-7.125413198287678
PRIMARY,29,300122.SZ,2020-11-11,-22.5,STOP_FIRST,21.594186068179752,21.594186068179752,0.0,27,0,0,0,0,0,-14.25593292277403
PRIMARY,30,002475.SZ,2020-11-16,-22.5,STOP_FIRST,4.922943424348968,4.922943424348968,0.0,26,0,0,0,0,0,-6.247600021016375
PRIMARY,31,002241.SZ,2020-11-16,-22.5,STOP_FIRST,2.7641560070263713,2.7641560070263713,0.0,28,0,0,0,0,0,-8.190219287755895
PRIMARY,32,000651.SZ,2020-12-09,-22.5,STOP_FIRST,4.778058019478602,4.778058019478602,0.0,17,0,0,0,0,0,-6.9491076663235285
PRIMARY,33,688981.SH,2020-12-16,-22.5,STOP_FIRST,16.521188858697652,16.521188858697652,0.0,16,0,0,0,0,0,-4.393704306917501
PRIMARY,34,601318.SH,2021-01-28,-22.5,STOP_FIRST,9.42474089385644,9.42474089385644,0.0,14,0,0,0,0,0,-7.015107202120719
PRIMARY,35,300059.SZ,2021-02-22,-22.5,STOP_FIRST,-9.75617275607125,-9.75617275607125,0.0,28,0,0,0,0,0,-21.294436987155805
PRIMARY,36,000333.SZ,2021-02-22,-22.5,STOP_FIRST,1.124921971714471,1.124921971714471,0.0,28,0,0,0,0,0,-11.037863818654303
PRIMARY,37,000858.SZ,2021-03-08,-22.5,STOP_FIRST,16.23467230378328,16.23467230378328,0.0,18,0,0,0,0,0,-5.053624061888506
PRIMARY,38,600030.SH,2021-03-01,-22.5,STOP_FIRST,-1.7719464410848904,-1.7719464410848904,0.0,24,0,0,0,0,0,-9.731175855642116
PRIMARY,39,601012.SH,2021-03-04,-22.5,STOP_FIRST,2.8151228530517156,2.8151228530517156,0.0,21,0,0,0,0,0,-20.33269501471261
PRIMARY,40,002241.SZ,2021-01-29,-22.5,STOP_FIRST,-2.3809753380773024,-14.160148790158711,-11.779173452081409,30,1,1,0,0,0,-24.32266643437805
PRIMARY,41,300750.SZ,2021-01-29,-22.5,STOP_FIRST,2.6778263400166544,2.6778263400166544,0.0,46,0,0,0,0,0,-20.744980856829066
PRIMARY,42,002475.SZ,2021-01-28,-22.5,STOP_FIRST,-17.795635461958412,-10.847469172608378,6.948166289350034,28,1,1,0,0,1,-38.05999710973133
PRIMARY,43,600438.SH,2021-03-05,-22.5,STOP_FIRST,-2.082117681436346,-2.082117681436346,0.0,30,0,0,0,0,0,-21.900640918932147
PRIMARY,44,300014.SZ,2021-03-23,-22.5,STOP_FIRST,20.343646524893185,20.343646524893185,0.0,18,0,0,0,0,0,-1.1328405715407053
PRIMARY,45,601899.SH,2021-03-24,-22.5,STOP_FIRST,13.67315267261283,13.67315267261283,0.0,17,0,0,0,0,0,-0.5227592786883895
PRIMARY,46,601166.SH,2021-04-15,-22.5,STOP_FIRST,10.16039399503804,10.16039399503804,0.0,15,0,0,0,0,0,-2.3887839446735004
PRIMARY,47,600276.SH,2021-04-15,-22.5,STOP_FIRST,2.9762113310555116,2.9762113310555116,0.0,18,0,0,0,0,0,-5.364820806114978
PRIMARY,48,002352.SZ,2021-04-12,-22.5,STOP_FIRST,1.806031845385725,1.806031845385725,0.0,22,0,0,0,0,0,-8.258407334556994
PRIMARY,49,600519.SH,2021-05-06,-22.5,STOP_FIRST,12.309433820124724,12.309433820124724,0.0,12,0,0,0,0,0,-5.132526010090399
PRIMARY,50,600031.SH,2021-03-09,-22.5,STOP_FIRST,2.027751640672817,-6.271467275241389,-8.299218915914206,44,1,1,0,0,1,-27.978387085265844
PRIMARY,51,600009.SH,2021-02-03,-22.5,STOP_FIRST,-1.1354409255495685,-15.703177070827506,-14.567736145277937,58,1,1,0,0,0,-22.985275095121573
PRIMARY,52,002594.SZ,2021-02-24,-22.5,STOP_FIRST,16.160298578230066,-11.605489293604295,-27.765787871834362,49,1,1,0,0,1,-34.73181070183321
PRIMARY,53,002340.SZ,2021-06-07,-22.5,STOP_FIRST,5.290865136021748,5.290865136021748,0.0,19,0,0,0,0,0,-11.268220523967209
PRIMARY,54,000661.SZ,2021-05-24,-22.5,STOP_FIRST,3.543179209088439,3.543179209088439,0.0,38,0,0,0,0,0,-16.869230019043936
PRIMARY,55,002594.SZ,2021-07-16,-22.5,STOP_FIRST,25.77910857036041,25.77910857036041,0.0,10,0,0,0,0,0,-2.6882194842621776
PRIMARY,56,600031.SH,2021-06-11,-22.5,STOP_FIRST,4.433342850860986,4.433342850860986,0.0,35,0,0,0,0,0,-15.123799665013548
PRIMARY,57,002241.SZ,2021-07-22,-22.5,STOP_FIRST,10.273218124699701,10.273218124699701,0.0,9,0,0,0,0,0,-7.886693775763421
PRIMARY,58,600036.SH,2021-07-08,-22.5,STOP_FIRST,8.736132867824947,8.736132867824947,0.0,28,0,0,0,0,0,-10.298243793004092
PRIMARY,59,300782.SZ,2021-07-13,-22.5,STOP_FIRST,4.700284102162052,4.700284102162052,0.0,29,0,0,0,0,0,-10.944165622271129
PRIMARY,60,601919.SH,2021-07-23,-22.5,STOP_FIRST,21.9399821535198,21.9399821535198,0.0,25,0,0,0,0,0,-13.003666576368966
PRIMARY,61,002460.SZ,2021-08-16,-22.5,STOP_FIRST,24.025427124052413,24.025427124052413,0.0,9,0,0,0,0,0,-2.17885582383488
PRIMARY,62,300750.SZ,2021-07-27,-22.5,STOP_FIRST,8.626053858905106,8.626053858905106,0.0,34,0,0,0,0,0,-5.360767280539502
PRIMARY,63,300760.SZ,2021-08-20,-22.5,STOP_FIRST,25.243095200327115,25.243095200327115,0.0,19,0,0,0,0,0,-1.3648131532456809
PRIMARY,64,600519.SH,2021-07-26,-22.5,STOP_FIRST,2.091334708861519,2.091334708861519,0.0,41,0,0,0,0,0,-15.47553943560599
PRIMARY,65,002714.SZ,2021-05-24,-22.5,STOP_FIRST,-18.715268930191936,-6.419125730570796,12.29614319962114,42,1,1,0,0,1,-56.67478900029019
PRIMARY,66,000858.SZ,2021-07-08,-22.5,STOP_FIRST,-7.6342909419297795,-11.334562135024434,-3.700271193094655,32,1,1,0,0,1,-28.655500122152368
PRIMARY,67,002594.SZ,2021-09-29,-22.5,STOP_FIRST,17.089129638620165,17.089129638620165,0.0,6,0,0,0,0,0,-0.5192972651856032
PRIMARY,68,601318.SH,2021-03-18,-22.5,STOP_FIRST,-28.116081051784203,-15.801809702207454,12.31427134957675,70,1,1,0,0,0,-41.80696245003698
PRIMARY,69,000651.SZ,2021-05-25,-22.5,STOP_FIRST,-19.03127753582529,-13.065727995390548,5.965549540434742,63,1,1,0,0,0,-33.090168102543274
PRIMARY,70,000333.SZ,2021-07-05,-22.5,STOP_FIRST,11.175030722164129,11.175030722164129,0.0,71,0,0,0,0,0,-9.770984837876318
PRIMARY,71,600111.SH,2021-09-29,-22.5,STOP_FIRST,22.277893313169177,22.277893313169177,0.0,12,0,0,0,0,0,-3.6351512387024387
PRIMARY,72,600089.SH,2021-10-08,-22.5,STOP_FIRST,21.757208672823793,21.757208672823793,0.0,12,0,0,0,0,0,-5.355399017850127
PRIMARY,73,002466.SZ,2021-09-22,-22.5,STOP_FIRST,5.276533723848393,5.276533723848393,0.0,28,0,0,0,0,0,-18.18048772561611
PRIMARY,74,000858.SZ,2021-11-01,-22.5,STOP_FIRST,7.772649549904674,7.772649549904674,0.0,16,0,0,0,0,0,-2.695601939103509
PRIMARY,75,603259.SH,2021-11-04,-22.5,STOP_FIRST,10.333997515607747,10.333997515607747,0.0,15,0,0,0,0,0,-4.388640111365582
PRIMARY,76,601919.SH,2021-09-28,-22.5,STOP_FIRST,3.0377221934720415,3.0377221934720415,0.0,39,0,0,0,0,0,-19.410201081693145
PRIMARY,77,600030.SH,2021-11-16,-22.5,STOP_FIRST,7.942169042945349,7.942169042945349,0.0,13,0,0,0,0,0,-1.3115665629502171
PRIMARY,78,000651.SZ,2021-10-27,-22.5,STOP_FIRST,3.7666645298140864,3.7666645298140864,0.0,30,0,0,0,0,0,-6.591904190897946
PRIMARY,79,600036.SH,2021-11-26,-22.5,STOP_FIRST,7.780249533285357,7.780249533285357,0.0,8,0,0,0,0,0,-2.0264594890360255
PRIMARY,80,600036.SH,2021-12-29,-22.5,STOP_FIRST,5.516341863497587,5.516341863497587,0.0,14,0,0,0,0,0,-0.892595978810895
PRIMARY,81,002129.SZ,2021-12-01,-22.5,STOP_FIRST,7.212021342950852,7.212021342950852,0.0,38,0,0,0,0,0,-10.209695479014202
PRIMARY,82,600030.SH,2022-01-14,-22.5,STOP_FIRST,1.0102995428563417,1.0102995428563417,0.0,9,0,0,0,0,0,-4.115180796829354
PRIMARY,83,601888.SH,2021-11-02,-22.5,STOP_FIRST,7.8045788936873635,7.8045788936873635,0.0,65,0,0,0,0,0,-17.76278012400819
PRIMARY,84,600111.SH,2021-12-24,-22.5,STOP_FIRST,10.927469701064592,10.927469701064592,0.0,31,0,0,0,0,0,-16.158101136300374
PRIMARY,85,000792.SZ,2022-01-20,-22.5,STOP_FIRST,18.801769360068377,18.801769360068377,0.0,13,0,0,0,0,0,-2.101609531796167
PRIMARY,86,002460.SZ,2021-12-20,-22.5,STOP_FIRST,7.327370162653349,7.327370162653349,0.0,36,0,0,0,0,0,-13.694999767838578
PRIMARY,87,002466.SZ,2021-12-20,-22.5,STOP_FIRST,1.837573601773871,1.837573601773871,0.0,36,0,0,0,0,0,-19.98566660073482
PRIMARY,88,000661.SZ,2022-01-24,-22.5,STOP_FIRST,11.89884859958246,11.89884859958246,0.0,17,0,0,0,0,0,-4.775620293737893
PRIMARY,89,601012.SH,2021-12-01,-22.5,STOP_FIRST,6.472325573333965,-14.528437949919375,-21.00076352325334,46,1,1,0,0,0,-23.797689806559163
PRIMARY,90,603259.SH,2021-12-20,-22.5,STOP_FIRST,12.254494786218984,-9.875295163881324,-22.12978995010031,33,1,1,0,0,1,-28.86139126771904
PRIMARY,91,000002.SZ,2022-03-04,-22.5,STOP_FIRST,14.88504791739044,14.88504791739044,0.0,18,0,0,0,0,0,-22.246037106497695
PRIMARY,92,300059.SZ,2022-01-05,-22.5,STOP_FIRST,-5.7513210082683415,-8.738392651795484,-2.987071643527143,44,1,1,0,0,1,-34.89656169461941
PRIMARY,93,600519.SH,2022-01-07,-22.5,STOP_FIRST,0.9984159395398549,0.9984159395398549,0.0,61,0,0,0,0,0,-17.458488731459298
PRIMARY,94,601888.SH,2022-03-14,-22.5,STOP_FIRST,7.812849493656972,7.812849493656972,0.0,20,0,0,0,0,0,-8.439813952671848
PRIMARY,95,002594.SZ,2021-12-16,-22.5,STOP_FIRST,-1.5968178542206901,-13.098964924596604,-11.502147070375914,52,1,1,0,0,1,-26.330714118353036
PRIMARY,96,000625.SZ,2021-11-16,-22.5,STOP_FIRST,-22.229994518631575,-11.821683259917213,10.408311258714361,74,1,1,0,0,1,-53.29984290867762
PRIMARY,97,002475.SZ,2022-02-08,-22.5,STOP_FIRST,-17.15409169654668,-12.011086476359335,5.143005220187344,36,1,1,0,0,1,-40.77681436537638
PRIMARY,98,002466.SZ,2022-04-25,-22.5,STOP_FIRST,41.854779546894,41.854779546894,0.0,8,0,0,0,0,0,-3.4110472521140522
PRIMARY,99,300274.SZ,2021-12-21,-22.5,STOP_FIRST,-25.58857835409347,-7.7866443728722725,17.801933981221197,63,1,1,0,0,1,-58.717689038471335
PRIMARY,100,002460.SZ,2022-03-08,-22.5,STOP_FIRST,17.706849570514894,-10.558148433546789,-28.26499800406168,33,1,1,0,0,1,-28.642784574491998
PRIMARY,101,000858.SZ,2022-01-28,-22.5,STOP_FIRST,-8.807756178930596,-14.35789244364667,-5.550136264716073,27,1,1,0,0,0,-25.5194802146096
PRIMARY,102,300014.SZ,2022-03-03,-22.5,STOP_FIRST,26.31764601662993,-15.992177336571528,-42.30982335320146,36,1,1,0,0,1,-32.624915571840454
PRIMARY,103,300750.SZ,2021-12-20,-22.5,STOP_FIRST,-14.232912370394569,-9.897616941387549,4.3352954290070205,73,1,1,0,0,1,-41.8073675499418
PRIMARY,104,601012.SH,2022-03-29,-22.5,STOP_FIRST,-12.752364240157288,-14.364421129407939,-1.6120568892506508,18,1,1,0,0,1,-24.82075936524716
PRIMARY,105,002415.SZ,2022-05-06,-22.5,STOP_FIRST,3.5450375895839463,3.5450375895839463,0.0,19,0,0,0,0,0,-8.562023743217374
PRIMARY,106,600276.SH,2022-01-13,-22.5,STOP_FIRST,-29.55698724716474,-16.77081574402472,12.786171503140022,33,1,1,0,0,0,-42.610580908453244
PRIMARY,107,601318.SH,2022-03-15,-22.5,STOP_FIRST,-0.3864474449981416,-0.3864474449981416,0.0,55,0,0,0,0,0,-2.315282705156485
PRIMARY,108,600036.SH,2022-03-07,-22.5,STOP_FIRST,-6.245523329299984,-16.91413725285793,-10.668613923557945,40,1,1,0,0,1,-24.345417637488787
PRIMARY,109,300122.SZ,2022-04-14,-22.5,STOP_FIRST,-6.645958234266682,-13.582465911843677,-6.936507677576995,28,1,1,0,0,1,-28.79470109263167
PRIMARY,110,002241.SZ,2022-06-23,-22.5,STOP_FIRST,2.8400230023871615,2.8400230023871615,0.0,30,0,0,0,0,0,-5.007927632982501
PRIMARY,111,002466.SZ,2022-08-19,-22.5,STOP_FIRST,13.385590477234006,13.385590477234006,0.0,2,0,0,0,0,0,-2.8634236347626074
PRIMARY,112,600036.SH,2022-07-13,-22.5,STOP_FIRST,-1.5651520516643562,-1.5651520516643562,0.0,34,0,0,0,0,0,-12.409355098525655
PRIMARY,113,601888.SH,2022-08-08,-22.5,STOP_FIRST,7.1858432781792185,7.1858432781792185,0.0,33,0,0,0,0,0,-8.133019118063235
PRIMARY,114,000858.SZ,2022-07-29,-22.5,STOP_FIRST,-2.4673011477159523,-2.4673011477159523,0.0,40,0,0,0,0,0,-12.093504633059515
PRIMARY,115,300274.SZ,2022-08-31,-22.5,STOP_FIRST,13.216110132265186,13.216110132265186,0.0,23,0,0,0,0,0,-6.803285897864219
PRIMARY,116,300760.SZ,2022-09-21,-22.5,STOP_FIRST,26.10435256088347,26.10435256088347,0.0,11,0,0,0,0,0,-2.945982270341807
PRIMARY,117,603259.SH,2022-07-27,-22.5,STOP_FIRST,-6.553924195303395,-16.747255035486454,-10.193330840183059,35,1,1,0,0,1,-30.331191278374803
PRIMARY,118,601012.SH,2022-08-03,-22.5,STOP_FIRST,-1.5712301907594528,-1.5712301907594528,0.0,54,0,0,0,0,0,-20.79675190961924
PRIMARY,119,688599.SH,2022-08-19,-22.5,STOP_FIRST,4.900961296612725,4.900961296612725,0.0,42,0,0,0,0,0,-11.786057206268874
PRIMARY,120,002459.SZ,2022-08-19,-22.5,STOP_FIRST,5.627000867343111,5.627000867343111,0.0,42,0,0,0,0,0,-10.712385831051897
PRIMARY,121,601899.SH,2022-09-26,-22.5,STOP_FIRST,6.916188828671841,6.916188828671841,0.0,18,0,0,0,0,0,-3.33920245581949
PRIMARY,122,002460.SZ,2022-08-25,-22.5,STOP_FIRST,2.226213115920718,2.226213115920718,0.0,41,0,0,0,0,0,-16.759572939966095
PRIMARY,123,002271.SZ,2022-08-23,-22.5,STOP_FIRST,-5.965240206705305,-15.871752027979799,-9.906511821274494,29,1,1,0,0,0,-29.215251654169816
PRIMARY,124,600703.SH,2022-09-20,-22.5,STOP_FIRST,1.4365619204532005,1.4365619204532005,0.0,26,0,0,0,0,0,-17.135927537327543
PRIMARY,125,002594.SZ,2022-07-12,-22.5,STOP_FIRST,-2.227087712436274,-15.840488573666011,-13.613400861229737,71,1,1,0,0,0,-23.762322609884045
PRIMARY,126,002466.SZ,2022-09-01,-22.5,STOP_FIRST,0.41755742217796255,0.41755742217796255,0.0,39,0,0,0,0,0,-17.18698543788346
PRIMARY,127,002050.SZ,2022-10-11,-22.5,STOP_FIRST,8.648758708124946,8.648758708124946,0.0,17,0,0,0,0,0,-7.919779995223497
PRIMARY,128,603799.SH,2022-09-29,-22.5,STOP_FIRST,1.9036214562895246,1.9036214562895246,0.0,21,0,0,0,0,0,-18.54792363873298
PRIMARY,129,600030.SH,2022-09-16,-22.5,STOP_FIRST,3.2914258355483077,3.2914258355483077,0.0,34,0,0,0,0,0,-7.2317278605463
PRIMARY,130,600036.SH,2022-10-10,-22.5,STOP_FIRST,4.74708231806275,4.74708231806275,0.0,23,0,0,0,0,0,-17.352231797581
PRIMARY,131,601166.SH,2022-08-29,-22.5,STOP_FIRST,2.990941980494697,2.990941980494697,0.0,48,0,0,0,0,0,-11.758858159541209
PRIMARY,132,601318.SH,2022-10-24,-22.5,STOP_FIRST,11.54058817209945,11.54058817209945,0.0,14,0,0,0,0,0,-4.56589305883337
PRIMARY,133,000651.SZ,2022-10-31,-22.5,STOP_FIRST,11.08646263720554,11.08646263720554,0.0,9,0,0,0,0,0,-0.62111668689665
PRIMARY,134,300059.SZ,2022-08-02,-22.5,STOP_FIRST,1.3148602142200303,-12.6449955271125,-13.959855741332529,55,1,1,0,0,1,-28.41433393805436
PRIMARY,135,000625.SZ,2022-08-24,-22.5,STOP_FIRST,2.31475867645841,-8.306764025679266,-10.621522702137677,42,1,1,0,0,1,-27.190338345372766
PRIMARY,136,000858.SZ,2022-10-24,-22.5,STOP_FIRST,13.014502136358589,13.014502136358589,0.0,26,0,0,0,0,0,-6.076160549181053
PRIMARY,137,600519.SH,2022-09-05,-22.5,STOP_FIRST,-5.861614932184937,-19.25498898608435,-13.393374053899413,31,1,1,0,0,0,-27.44375317821398
PRIMARY,138,000568.SZ,2022-10-10,-22.5,STOP_FIRST,5.894426001503926,-12.166791428722293,-18.06121743022622,14,1,1,0,0,1,-26.23829865914583
PRIMARY,139,600887.SH,2022-10-20,-22.5,STOP_FIRST,6.706648715667189,6.706648715667189,0.0,29,0,0,0,0,0,-18.517421916247343
PRIMARY,140,002714.SZ,2022-10-26,-22.5,STOP_FIRST,5.23244617556544,5.23244617556544,0.0,28,0,0,0,0,0,-8.911088606217998
PRIMARY,141,300750.SZ,2022-09-01,-22.5,STOP_FIRST,-1.3981718838619202,-10.692539136755075,-9.294367252893155,36,1,1,0,0,1,-24.986572858520837
PRIMARY,142,002371.SZ,2022-10-12,-22.5,STOP_FIRST,10.597667780822029,10.597667780822029,0.0,44,0,0,0,0,0,-5.446303292394417
PRIMARY,143,603259.SH,2022-11-28,-22.5,STOP_FIRST,6.738265986701266,6.738265986701266,0.0,22,0,0,0,0,0,-2.1226976811561937
PRIMARY,144,600522.SH,2022-11-01,-22.5,STOP_FIRST,-5.676303523410963,-12.908811042888143,-7.2325075194771795,20,1,1,0,0,1,-30.66339374603776
PRIMARY,145,300274.SZ,2022-12-06,-22.5,STOP_FIRST,12.35423017458993,12.35423017458993,0.0,18,0,0,0,0,0,-12.997661644686353
PRIMARY,146,002241.SZ,2022-11-11,-22.5,STOP_FIRST,8.552942953591648,8.552942953591648,0.0,37,0,0,0,0,0,-2.0552360649699564
PRIMARY,147,002812.SZ,2022-11-23,-22.5,STOP_FIRST,12.272962184274384,12.272962184274384,0.0,30,0,0,0,0,0,-7.454367889448843
PRIMARY,148,601012.SH,2022-12-22,-22.5,STOP_FIRST,11.348570853081775,11.348570853081775,0.0,17,0,0,0,0,0,-1.83945407826005
PRIMARY,149,000625.SZ,2022-12-28,-22.5,STOP_FIRST,15.403895272762636,15.403895272762636,0.0,16,0,0,0,0,0,-2.461030882431914
PRIMARY,150,002709.SZ,2022-12-30,-22.5,STOP_FIRST,15.538268097973235,15.538268097973235,0.0,14,0,0,0,0,0,-2.7348780509869663
PRIMARY,151,300014.SZ,2023-01-11,-22.5,STOP_FIRST,6.981985480381129,6.981985480381129,0.0,9,0,0,0,0,0,-4.915491114570337
PRIMARY,152,300750.SZ,2023-02-17,-22.5,STOP_FIRST,3.6254689430868456,3.6254689430868456,0.0,29,0,0,0,0,0,-11.62683470375777
PRIMARY,153,600519.SH,2023-03-08,-22.5,STOP_FIRST,3.358107895598216,3.358107895598216,0.0,16,0,0,0,0,0,-2.5877984739737014
PRIMARY,154,300059.SZ,2023-03-07,-22.5,STOP_FIRST,6.704927557794763,6.704927557794763,0.0,18,0,0,0,0,0,-6.726693190328403
PRIMARY,155,300274.SZ,2023-03-14,-22.5,STOP_FIRST,3.872684453553771,3.872684453553771,0.0,23,0,0,0,0,0,-11.398858058207795
PRIMARY,156,002594.SZ,2023-03-10,-22.5,STOP_FIRST,7.839512102970262,7.839512102970262,0.0,33,0,0,0,0,0,-3.6913778017047982
PRIMARY,157,000858.SZ,2023-04-10,-22.5,STOP_FIRST,-2.6488868636941545,-2.6488868636941545,0.0,26,0,0,0,0,0,-10.048100566887374
PRIMARY,158,000651.SZ,2023-05-04,-22.5,STOP_FIRST,6.144996620188443,6.144996620188443,0.0,25,0,0,0,0,0,-8.255590958382841
PRIMARY,159,601899.SH,2023-05-12,-22.5,STOP_FIRST,6.727401168026937,6.727401168026937,0.0,19,0,0,0,0,0,-5.558920911138776
PRIMARY,160,600519.SH,2023-04-12,-22.5,STOP_FIRST,6.514893856808776,6.514893856808776,0.0,43,0,0,0,0,0,-4.355999030555235
PRIMARY,161,601012.SH,2023-03-16,-22.5,STOP_FIRST,-17.84953964554572,-15.05276332530057,2.796776320245149,49,1,1,0,0,1,-33.276416390528766
PRIMARY,162,600036.SH,2023-04-27,-22.5,STOP_FIRST,-0.6278320762058595,-0.6278320762058595,0.0,57,0,0,0,0,0,-3.793063901958049
PRIMARY,163,600809.SH,2023-05-22,-22.5,STOP_FIRST,9.67465728119054,9.67465728119054,0.0,43,0,0,0,0,0,-16.847859403834985
PRIMARY,164,300059.SZ,2023-05-29,-22.5,STOP_FIRST,3.238668828858134,3.238668828858134,0.0,38,0,0,0,0,0,-4.622126321593722
PRIMARY,165,002415.SZ,2023-06-09,-22.5,STOP_FIRST,9.253968396028046,9.253968396028046,0.0,31,0,0,0,0,0,-3.0509320142771967
PRIMARY,166,300750.SZ,2023-06-07,-22.5,STOP_FIRST,8.015096907867838,8.015096907867838,0.0,35,0,0,0,0,0,-2.799902799902787
PRIMARY,167,688981.SH,2023-05-09,-22.5,STOP_FIRST,-1.9912914951639942,-1.9912914951639942,0.0,57,0,0,0,0,0,-7.822752791213516
PRIMARY,168,600570.SH,2023-07-11,-22.5,STOP_FIRST,12.935015317595871,12.935015317595871,0.0,17,0,0,0,0,0,-3.6163828033945022
PRIMARY,169,300418.SZ,2023-06-26,-22.5,STOP_FIRST,-7.109717403112448,-7.109717403112448,0.0,34,0,0,0,0,0,-22.324869570606698
PRIMARY,170,600276.SH,2023-07-31,-22.5,STOP_FIRST,2.244966610480217,2.244966610480217,0.0,19,0,0,0,0,0,-16.355370032537774
PRIMARY,171,002230.SZ,2023-08-16,-22.5,STOP_FIRST,-4.04018826584394,-4.04018826584394,0.0,32,0,0,0,0,0,-19.948062722882465
PRIMARY,172,002475.SZ,2023-09-07,-22.5,STOP_FIRST,6.728014277472455,6.728014277472455,0.0,17,0,0,0,0,0,-4.4345508276317
PRIMARY,173,300760.SZ,2023-08-07,-22.5,STOP_FIRST,6.5338873044717865,6.5338873044717865,0.0,53,0,0,0,0,0,-4.449940020156773
PRIMARY,174,000858.SZ,2023-08-18,-22.5,STOP_FIRST,9.240903528696505,9.240903528696505,0.0,46,0,0,0,0,0,-12.715230910264852
PRIMARY,175,300014.SZ,2023-02-20,-22.5,STOP_FIRST,-28.568832058383776,-14.1325926931012,14.436239365282576,75,1,1,0,0,0,-44.47756749417103
PRIMARY,176,300059.SZ,2023-10-23,-22.5,STOP_FIRST,6.795375111896212,6.795375111896212,0.0,9,0,0,0,0,0,-0.4417866895821354
PRIMARY,177,603019.SH,2023-08-09,-22.5,STOP_FIRST,2.102020516340531,2.102020516340531,0.0,57,0,0,0,0,0,-18.940916927699114
PRIMARY,178,300274.SZ,2023-08-21,-22.5,STOP_FIRST,2.059040269174881,-13.079493606216586,-15.138533875391467,41,1,1,0,0,1,-23.84860922169848
PRIMARY,179,300308.SZ,2023-07-20,-22.5,STOP_FIRST,-5.693477162892338,-11.59582503409463,-5.902347871202292,43,1,1,0,0,1,-34.647305581306
PRIMARY,180,000977.SZ,2023-08-18,-22.5,STOP_FIRST,7.706372017077919,-9.451661862811724,-17.158033879889643,41,1,1,0,0,1,-32.22636562323018
PRIMARY,181,601012.SH,2023-08-21,-22.5,STOP_FIRST,-11.755699669774852,-14.032046500300698,-2.2763468305258456,67,1,1,0,0,0,-26.371969728680746
PRIMARY,182,600519.SH,2023-10-13,-22.5,STOP_FIRST,1.893988027016628,1.893988027016628,0.0,54,0,0,0,0,0,-7.786761434433009
PRIMARY,183,600009.SH,2023-08-21,-22.5,STOP_FIRST,-11.699228208217027,-15.954686077165773,-4.255457868948746,81,1,1,0,0,1,-24.842656679790675
PRIMARY,184,601318.SH,2023-11-09,-22.5,STOP_FIRST,-2.3138721028580727,-2.3138721028580727,0.0,53,0,0,0,0,0,-12.395299497973422
PRIMARY,185,000651.SZ,2023-12-20,-22.5,STOP_FIRST,12.104633410839133,12.104633410839133,0.0,26,0,0,0,0,0,-0.22839068988121936
PRIMARY,186,601138.SH,2023-10-24,-22.5,STOP_FIRST,11.050900506142318,11.050900506142318,0.0,73,0,0,0,0,0,-8.702006282856667
PRIMARY,187,000858.SZ,2023-12-13,-22.5,STOP_FIRST,2.808164916171326,2.808164916171326,0.0,37,0,0,0,0,0,-9.305511112151732
PRIMARY,188,600519.SH,2024-01-17,-22.5,STOP_FIRST,5.907729356690894,5.907729356690894,0.0,13,0,0,0,0,0,-1.2708988071569394
PRIMARY,189,300750.SZ,2023-09-08,-22.5,STOP_FIRST,-18.00484444688593,-13.245982703939568,4.758861742946362,51,1,1,0,0,1,-37.07504075265946
PRIMARY,190,002230.SZ,2024-01-03,-22.5,STOP_FIRST,3.585730933845497,3.585730933845497,0.0,25,0,0,0,0,0,-13.110142123274604
PRIMARY,191,300418.SZ,2024-01-31,-22.5,STOP_FIRST,39.428041617887864,39.428041617887864,0.0,6,0,0,0,0,0,-9.269811195543308
PRIMARY,192,000568.SZ,2023-12-11,-22.5,STOP_FIRST,1.1120117479146117,-12.498811995796887,-13.610823743711498,39,1,1,0,0,0,-22.710877834749677
PRIMARY,193,300059.SZ,2023-12-27,-22.5,STOP_FIRST,5.900250298765934,5.900250298765934,0.0,32,0,0,0,0,0,-11.47429406768471
PRIMARY,194,000063.SZ,2023-07-20,-22.5,STOP_FIRST,-20.144973123840867,-9.606362922666623,10.538610201174244,63,1,1,0,0,1,-49.074840753076984
PRIMARY,195,000628.SZ,2023-12-14,-22.5,STOP_FIRST,44.67924500816973,-5.407764967344724,-50.087009975514455,37,1,1,0,0,1,-39.992579634592374
PRIMARY,196,000625.SZ,2024-01-04,-22.5,STOP_FIRST,12.686864654118965,-11.647244554884743,-24.334109209003707,22,1,1,0,0,1,-24.25874529738413
PRIMARY,197,301236.SZ,2024-01-22,-22.5,STOP_FIRST,15.202767971466354,15.202767971466354,0.0,18,0,0,0,0,0,-20.518249818689295
PRIMARY,198,002555.SZ,2023-12-25,-22.5,STOP_FIRST,17.471539089853273,17.471539089853273,0.0,39,0,0,0,0,0,-18.06601865960579
PRIMARY,199,000661.SZ,2024-01-12,-22.5,STOP_FIRST,5.324721980411358,5.324721980411358,0.0,26,0,0,0,0,0,-15.088906432452676
PRIMARY,200,300033.SZ,2024-01-16,-22.5,STOP_FIRST,11.478914185701258,11.478914185701258,0.0,24,0,0,0,0,0,-19.68785420497784
PRIMARY,201,002456.SZ,2023-12-14,-22.5,STOP_FIRST,9.13490121758614,-11.65913644716149,-20.79403766474763,34,1,1,0,0,1,-32.75517367129328
PRIMARY,202,603259.SH,2024-01-30,-22.5,STOP_FIRST,16.5357317467109,16.5357317467109,0.0,17,0,0,0,0,0,-19.366346576745652
PRIMARY,203,002594.SZ,2023-08-14,-22.5,STOP_FIRST,-16.277210987224258,-20.56706235703894,-4.289851369814681,83,1,1,0,0,0,-33.85103047938111
PRIMARY,204,601012.SH,2024-01-29,-22.5,STOP_FIRST,15.268422377533785,15.268422377533785,0.0,24,0,0,0,0,0,-13.258914832233726
PRIMARY,205,002475.SZ,2024-01-17,-22.5,STOP_FIRST,7.219372761109448,7.219372761109448,0.0,37,0,0,0,0,0,-11.861191429965057
PRIMARY,206,601318.SH,2024-03-22,-22.5,STOP_FIRST,8.104543046068015,8.104543046068015,0.0,23,0,0,0,0,0,-6.965721129438385
PRIMARY,207,600519.SH,2024-04-08,-22.5,STOP_FIRST,5.19682233937109,5.19682233937109,0.0,16,0,0,0,0,0,-1.7024675784346077
PRIMARY,208,000977.SZ,2024-04-10,-22.5,STOP_FIRST,12.570545419631626,12.570545419631626,0.0,14,0,0,0,0,0,-8.98589486777226
PRIMARY,209,000628.SZ,2024-03-29,-22.5,STOP_FIRST,-22.18874094507154,-14.528432901306502,7.660308043765038,7,1,1,0,0,1,-52.38614252495148
PRIMARY,210,002129.SZ,2024-01-30,-22.5,STOP_FIRST,-6.5866863796632105,-19.379668873544947,-12.792982493881738,53,1,1,0,0,0,-23.270953005067007
PRIMARY,211,601138.SH,2024-05-31,-22.5,STOP_FIRST,17.235953981802986,17.235953981802986,0.0,8,0,0,0,0,0,-0.1435072194053144
PRIMARY,212,002230.SZ,2024-04-23,-22.5,STOP_FIRST,5.3407176576942215,5.3407176576942215,0.0,35,0,0,0,0,0,-3.192044234481095
PRIMARY,213,600919.SH,2024-04-26,-22.5,STOP_FIRST,-3.22433989136676,-3.22433989136676,0.0,42,0,0,0,0,0,-6.245585876244874
PRIMARY,214,000977.SZ,2024-05-28,-22.5,STOP_FIRST,4.476827597833199,4.476827597833199,0.0,28,0,0,0,0,0,-6.538088943116049
PRIMARY,215,000625.SZ,2024-04-16,-22.5,STOP_FIRST,-3.5813249331349106,-3.5813249331349106,0.0,56,0,0,0,0,0,-22.439671783461513
PRIMARY,216,000725.SZ,2024-05-28,-22.5,STOP_FIRST,4.499483038676097,4.499483038676097,0.0,29,0,0,0,0,0,-5.704054833968886
PRIMARY,217,603019.SH,2024-03-27,-22.5,STOP_FIRST,-3.1650656694684725,-3.1650656694684725,0.0,73,0,0,0,0,0,-19.720874640088848
PRIMARY,218,000858.SZ,2024-06-11,-22.5,STOP_FIRST,-4.863606074584775,-4.863606074584775,0.0,25,0,0,0,0,0,-9.446093150024627
PRIMARY,219,600519.SH,2024-06-11,-22.5,STOP_FIRST,0.5216824393800606,0.5216824393800606,0.0,27,0,0,0,0,0,-10.274440490341663
PRIMARY,220,300750.SZ,2024-06-07,-22.5,STOP_FIRST,1.3901215027090492,1.3901215027090492,0.0,29,0,0,0,0,0,-9.524339063610821
PRIMARY,221,300059.SZ,2024-06-28,-22.5,STOP_FIRST,3.9349979609446946,3.9349979609446946,0.0,22,0,0,0,0,0,-5.914697081934461
PRIMARY,222,601012.SH,2024-06-06,-22.5,STOP_FIRST,-12.181185272863992,-21.72666583987958,-9.545480567015588,20,1,1,0,0,0,-25.1188709649811
PRIMARY,223,600519.SH,2024-07-30,-22.5,STOP_FIRST,4.979956385509713,4.979956385509713,0.0,22,0,0,0,0,0,-0.09990187614892232
PRIMARY,224,002594.SZ,2024-08-02,-22.5,STOP_FIRST,6.379967880191982,6.379967880191982,0.0,19,0,0,0,0,0,-3.2764151461084245
PRIMARY,225,002475.SZ,2024-08-05,-22.5,STOP_FIRST,8.544910470004318,8.544910470004318,0.0,18,0,0,0,0,0,-3.167255709326977
PRIMARY,226,002466.SZ,2024-04-25,-22.5,STOP_FIRST,-13.212317215788726,-9.228522364362442,3.9837948514262838,83,1,1,0,0,1,-36.23508762311697
PRIMARY,227,300502.SZ,2024-07-25,-22.5,STOP_FIRST,13.964744747831642,13.964744747831642,0.0,35,0,0,0,0,0,-12.266195988559547
PRIMARY,228,601919.SH,2024-07-08,-22.5,STOP_FIRST,1.7285541339282333,1.7285541339282333,0.0,51,0,0,0,0,0,-19.814263643782315
PRIMARY,229,000063.SZ,2024-08-22,-22.5,STOP_FIRST,3.3955801711335427,3.3955801711335427,0.0,19,0,0,0,0,0,-3.013656189391656
PRIMARY,230,601138.SH,2024-07-18,-22.5,STOP_FIRST,-2.550959931032771,-10.137644195297767,-7.586684264264996,37,1,1,0,0,1,-27.58542866236795
PRIMARY,231,300308.SZ,2024-07-25,-22.5,STOP_FIRST,7.199933708510119,7.199933708510119,0.0,40,0,0,0,0,0,-20.412077421209307
PRIMARY,232,601899.SH,2024-07-23,-22.5,STOP_FIRST,11.302372099604602,11.302372099604602,0.0,43,0,0,0,0,0,-15.34301819528009
PRIMARY,233,601127.SH,2024-08-28,-22.5,STOP_FIRST,11.860904824260553,11.860904824260553,0.0,17,0,0,0,0,0,-0.6937050159442237
PRIMARY,234,600036.SH,2024-09-09,-22.5,STOP_FIRST,12.650986424212693,12.650986424212693,0.0,9,0,0,0,0,0,-1.1566935372865572
PRIMARY,235,000858.SZ,2024-08-22,-22.5,STOP_FIRST,9.447704740723928,9.447704740723928,0.0,22,0,0,0,0,0,-11.92058204560389
PRIMARY,236,600809.SH,2024-08-28,-22.5,STOP_FIRST,10.265232797714383,10.265232797714383,0.0,18,0,0,0,0,0,-9.343746064530556
PRIMARY,237,600519.SH,2024-09-09,-22.5,STOP_FIRST,13.065449104192647,13.065449104192647,0.0,10,0,0,0,0,0,-9.155678699288794
PRIMARY,238,600276.SH,2024-09-20,-22.5,STOP_FIRST,7.0921102706178285,7.0921102706178285,0.0,3,0,0,0,0,0,-1.5909424566413088
PRIMARY,239,000100.SZ,2024-05-07,-22.5,STOP_FIRST,6.430946014868081,-9.373472969536136,-15.804418984404217,94,1,1,0,0,0,-22.85372018914835
PRIMARY,240,688012.SH,2024-08-23,-22.5,STOP_FIRST,8.980679975166685,8.980679975166685,0.0,22,0,0,0,0,0,-11.105843309233144
PRIMARY,241,688256.SH,2024-09-05,-22.5,STOP_FIRST,22.25002533076108,22.25002533076108,0.0,14,0,0,0,0,0,-3.4709343344747623
PRIMARY,242,600900.SH,2024-09-11,-22.5,STOP_FIRST,8.228584541518643,8.228584541518643,0.0,10,0,0,0,0,0,-0.35235825269818166
PRIMARY,243,600150.SH,2024-09-19,-22.5,STOP_FIRST,4.47320430931633,4.47320430931633,0.0,58,0,0,0,0,0,-6.4123490487716595
PRIMARY,244,600418.SH,2024-11-27,-22.5,STOP_FIRST,19.31501930377224,19.31501930377224,0.0,38,0,0,0,0,0,-4.031151825779977
PRIMARY,245,603019.SH,2025-01-02,-22.5,STOP_FIRST,7.198386187683706,7.198386187683706,0.0,17,0,0,0,0,0,-10.82782494103971
PRIMARY,246,600030.SH,2024-12-31,-22.5,STOP_FIRST,-0.029241512213777625,-0.029241512213777625,0.0,20,0,0,0,0,0,-9.821028359452445
PRIMARY,247,300059.SZ,2025-01-02,-22.5,STOP_FIRST,5.568619214325684,5.568619214325684,0.0,19,0,0,0,0,0,-10.373910853057232
PRIMARY,248,300033.SZ,2025-01-02,-22.5,STOP_FIRST,23.218740081380986,23.218740081380986,0.0,19,0,0,0,0,0,-8.449836646713571
PRIMARY,249,300750.SZ,2025-01-07,-22.5,STOP_FIRST,8.716235937905914,8.716235937905914,0.0,21,0,0,0,0,0,-2.061431530740332
PRIMARY,250,000858.SZ,2025-01-06,-22.5,STOP_FIRST,1.2030252662316376,1.2030252662316376,0.0,23,0,0,0,0,0,-5.193889847781408
PRIMARY,251,688256.SH,2025-01-16,-22.5,STOP_FIRST,19.16467811575612,19.16467811575612,0.0,19,0,0,0,0,0,-4.483732441599764
PRIMARY,252,600519.SH,2025-01-03,-22.5,STOP_FIRST,4.558943908999476,4.558943908999476,0.0,33,0,0,0,0,0,-3.7431935053504506
PRIMARY,253,688256.SH,2025-03-25,-22.5,STOP_FIRST,8.922494348994318,8.922494348994318,0.0,17,0,0,0,0,0,-17.216747908844678
PRIMARY,254,002261.SZ,2025-03-24,-22.5,STOP_FIRST,2.6716085217561965,-22.656450424728256,-25.328058946484454,9,1,1,0,0,0,-27.78696429320907
PRIMARY,255,600989.SH,2025-03-28,-22.5,STOP_FIRST,6.913448021154776,6.913448021154776,0.0,20,0,0,0,0,0,-8.97260383386529
PRIMARY,256,000063.SZ,2025-03-03,-22.5,STOP_FIRST,2.6037524048102836,2.6037524048102836,0.0,42,0,0,0,0,0,-20.196827200957447
PRIMARY,257,600050.SH,2025-03-19,-22.5,STOP_FIRST,-4.102896566069308,-4.102896566069308,0.0,30,0,0,0,0,0,-12.91204099525517
PRIMARY,258,300846.SZ,2025-03-25,-22.5,STOP_FIRST,-3.7770156011244347,-13.371086238919775,-9.59407063779534,9,1,1,0,0,1,-31.401379445935305
PRIMARY,259,300059.SZ,2025-04-01,-22.5,STOP_FIRST,5.1627907747067665,5.1627907747067665,0.0,21,0,0,0,0,0,-18.189916816625797
PRIMARY,260,002475.SZ,2025-04-02,-22.5,STOP_FIRST,3.6625597634810965,-9.601668050211403,-13.2642278136925,4,1,1,0,0,1,-27.255123038788852
PRIMARY,261,300308.SZ,2025-01-10,-22.5,STOP_FIRST,0.7734206644023827,-11.636613277367998,-12.41003394177038,56,1,1,0,0,1,-39.080885586063495
PRIMARY,262,300502.SZ,2025-02-28,-22.5,STOP_FIRST,28.725713357688992,-6.391982598936523,-35.11769595662552,27,1,1,0,0,1,-31.75728487388515
PRIMARY,263,300750.SZ,2025-04-01,-22.5,STOP_FIRST,7.81936272756536,7.81936272756536,0.0,22,0,0,0,0,0,-16.506355111574443
PRIMARY,264,601318.SH,2025-04-07,-22.5,STOP_FIRST,6.926822925723594,6.926822925723594,0.0,19,0,0,0,0,0,-1.0258567917744377
PRIMARY,265,600036.SH,2025-04-07,-22.5,STOP_FIRST,5.565919809741665,5.565919809741665,0.0,19,0,0,0,0,0,-1.275773669536573
PRIMARY,266,002594.SZ,2025-04-08,-22.5,STOP_FIRST,17.218917139643203,17.218917139643203,0.0,21,0,0,0,0,0,-2.0179308927128603
PRIMARY,267,601658.SH,2025-03-28,-22.5,STOP_FIRST,3.737034722718007,3.737034722718007,0.0,28,0,0,0,0,0,-5.998762052795592
PRIMARY,268,600309.SH,2025-04-15,-22.5,STOP_FIRST,2.8522101436284233,2.8522101436284233,0.0,18,0,0,0,0,0,-4.325283052386664
PRIMARY,269,601899.SH,2025-04-07,-22.5,STOP_FIRST,18.75276321406046,18.75276321406046,0.0,28,0,0,0,0,0,-2.3499050474409477
PRIMARY,270,603259.SH,2025-04-08,-22.5,STOP_FIRST,27.365745385479556,27.365745385479556,0.0,29,0,0,0,0,0,-2.7478554733693317
PRIMARY,271,688981.SH,2025-04-01,-22.5,STOP_FIRST,-0.3367121465143475,-0.3367121465143475,0.0,53,0,0,0,0,0,-10.022828466095346
PRIMARY,272,688256.SH,2025-05-27,-22.5,STOP_FIRST,2.4520211429184493,2.4520211429184493,0.0,20,0,0,0,0,0,-9.161551567123071
PRIMARY,273,000858.SZ,2025-06-13,-22.5,STOP_FIRST,2.9441509741563254,2.9441509741563254,0.0,17,0,0,0,0,0,-0.8036010497183277
PRIMARY,274,600519.SH,2025-06-13,-22.5,STOP_FIRST,1.571155348492451,1.571155348492451,0.0,18,0,0,0,0,0,-0.18545542382252256
PRIMARY,275,300308.SZ,2025-10-14,-22.5,STOP_FIRST,37.312191378736536,37.312191378736536,0.0,7,0,0,0,0,0,-2.4164241555545862
PRIMARY,276,002460.SZ,2025-11-24,-22.5,STOP_FIRST,9.614217661278927,9.614217661278927,0.0,19,0,0,0,0,0,-1.7925475782034406
PRIMARY,277,601138.SH,2025-11-24,-22.5,STOP_FIRST,19.316165850131622,19.316165850131622,0.0,22,0,0,0,0,0,-2.475096837577462
PRIMARY,278,300502.SZ,2026-01-12,-22.5,STOP_FIRST,18.325572753597463,18.325572753597463,0.0,14,0,0,0,0,0,-2.8874334496876597
PRIMARY,279,300750.SZ,2025-11-21,-22.5,STOP_FIRST,1.7797735978262685,1.7797735978262685,0.0,52,0,0,0,0,0,-11.001248680259001
PRIMARY,280,300274.SZ,2025-12-16,-22.5,STOP_FIRST,-0.04130443998742119,-0.04130443998742119,0.0,52,0,0,0,0,0,-13.261308807790783
PRIMARY,281,300308.SZ,2026-02-06,-22.5,STOP_FIRST,3.437565472561077,3.437565472561077,0.0,21,0,0,0,0,0,-9.894027541086349
PRIMARY,282,002475.SZ,2026-01-08,-22.5,STOP_FIRST,1.540552873571203,1.540552873571203,0.0,56,0,0,0,0,0,-18.823201056328863
PRIMARY,283,601138.SH,2026-01-29,-22.5,STOP_FIRST,3.823418044659373,3.823418044659373,0.0,41,0,0,0,0,0,-17.012814423960076
PRIMARY,284,688256.SH,2026-02-03,-22.5,STOP_FIRST,12.397855616133041,12.397855616133041,0.0,38,0,0,0,0,0,-12.087912087912079
PRIMARY,285,601899.SH,2026-03-16,-22.5,STOP_FIRST,9.119263883295172,9.119263883295172,0.0,20,0,0,0,0,0,-14.280941525906998
PRIMARY,286,603986.SH,2026-03-31,-22.5,STOP_FIRST,19.7457903723054,19.7457903723054,0.0,13,0,0,0,0,0,-2.865134133444669
PRIMARY,287,300059.SZ,2026-03-20,-22.5,STOP_FIRST,8.424165896338625,8.424165896338625,0.0,31,0,0,0,0,0,-7.322200643291355
PRIMARY,288,300274.SZ,2026-04-01,-22.5,STOP_FIRST,13.077001683310016,13.077001683310016,0.0,23,0,0,0,0,0,-7.472322364359973
PRIMARY,289,300274.SZ,2026-07-01,-22.5,STOP_FIRST,-8.358514552822074,-19.834887074461914,-11.47637252163984,8,1,1,0,0,0,-26.27934444027391
PRIMARY,290,600487.SH,2026-07-06,-22.5,STOP_FIRST,-17.707576907721744,-19.473710710647016,-1.7661338029252711,7,1,1,0,0,0,-46.153139444336865
PRIMARY,291,688525.SH,2026-07-15,-22.5,STOP_FIRST,-19.368418251981645,-17.62975331961775,1.7386649323638963,3,1,1,0,0,0,-34.73193473193472
PRIMARY,292,688008.SH,2026-07-16,-22.5,STOP_FIRST,-3.6609369962131426,-3.6609369962131426,0.0,27,0,0,0,0,0,-12.165294341773524
PRIMARY,293,688256.SH,2026-07-16,-22.5,STOP_FIRST,-7.309240157764709,-8.53829165481553,-1.229051497050822,27,1,1,1,0,1,-25.153710642669623
PRIMARY,294,300308.SZ,2026-07-17,-22.5,STOP_FIRST,-11.744158826402947,-16.769287517346996,-5.025128690944049,10,1,1,0,0,0,-22.96628924619374
PRIMARY,295,600584.SH,2026-07-20,-22.5,STOP_FIRST,-3.746170199653699,-3.746170199653699,0.0,25,0,0,0,0,0,-20.75720869405966
PRIMARY,296,300502.SZ,2026-07-28,-22.5,STOP_FIRST,-3.1289001702402826,-3.1289001702402826,0.0,19,0,0,0,0,0,-14.854383942881455
PRIMARY,297,002384.SZ,2026-07-29,-22.5,STOP_FIRST,6.860142611567042,6.860142611567042,0.0,18,0,0,0,0,0,-9.217430672804971
PRIMARY,298,002475.SZ,2026-08-03,-22.5,STOP_FIRST,1.2862198685484683,1.2862198685484683,0.0,15,0,0,0,0,0,-4.021902045888859
PRIMARY,299,600276.SH,2026-08-20,-22.5,STOP_FIRST,-2.438053366642191,-2.438053366642191,0.0,2,0,0,0,0,0,-4.81585777507767
PRIMARY,1,000651.SZ,2020-03-19,-22.5,TP_FIRST,8.76502998612771,8.76502998612771,0.0,15,0,0,0,0,0,-3.253806511060575
PRIMARY,2,600030.SH,2020-03-16,-22.5,TP_FIRST,1.2152522266729697,1.2152522266729697,0.0,19,0,0,0,0,0,-7.086832162571954
PRIMARY,3,300750.SZ,2020-02-28,-22.5,TP_FIRST,-1.0193924653390611,-17.889127149852772,-16.869734684513713,15,1,1,0,0,0,-24.419958905481774
PRIMARY,4,601318.SH,2020-02-28,-22.5,TP_FIRST,-1.3453625770562572,-1.3453625770562572,0.0,33,0,0,0,0,0,-15.814522556095568
PRIMARY,5,600036.SH,2020-03-19,-22.5,TP_FIRST,10.683448687695108,10.683448687695108,0.0,25,0,0,0,0,0,-0.09990265754196148
PRIMARY,6,002475.SZ,2020-03-17,-22.5,TP_FIRST,14.92275528149982,14.92275528149982,0.0,28,0,0,0,0,0,-11.112505536775796
PRIMARY,7,000858.SZ,2020-03-17,-22.5,TP_FIRST,26.82736619482785,26.82736619482785,0.0,28,0,0,0,0,0,-12.958069092199342
PRIMARY,8,000063.SZ,2020-03-17,-22.5,TP_FIRST,3.2396956676295363,3.2396956676295363,0.0,32,0,0,0,0,0,-10.59060271470772
PRIMARY,9,000725.SZ,2020-03-16,-22.5,TP_FIRST,4.611959703094805,4.611959703094805,0.0,35,0,0,0,0,0,-20.127607365604128
PRIMARY,10,002506.SZ,2020-03-26,-22.5,TP_FIRST,-6.524016348081019,-13.26995273678491,-6.745936388703892,23,1,1,0,0,1,-31.211643047504246
PRIMARY,11,600519.SH,2020-03-18,-22.5,TP_FIRST,39.54846152311298,39.54846152311298,0.0,48,0,0,0,0,0,-3.505987509815356
PRIMARY,12,000002.SZ,2020-03-18,-22.5,TP_FIRST,4.681297620587952,4.681297620587952,0.0,49,0,0,0,0,0,-6.372695888701285
PRIMARY,13,002714.SZ,2020-05-11,-22.5,TP_FIRST,-37.346517858183255,-39.08929023133747,-1.7427723731542173,17,1,1,0,0,1,-43.62347582705105
PRIMARY,14,000063.SZ,2020-05-25,-22.5,TP_FIRST,8.355437860095789,8.355437860095789,0.0,17,0,0,0,0,0,-5.214052830367422
PRIMARY,15,002415.SZ,2020-05-25,-22.5,TP_FIRST,7.15509150196319,7.15509150196319,0.0,17,0,0,0,0,0,-2.5965128554330974
PRIMARY,16,600703.SH,2020-06-15,-22.5,TP_FIRST,15.534542524394753,15.534542524394753,0.0,12,0,0,0,0,0,-1.7232235549681896
PRIMARY,17,600030.SH,2020-09-07,-22.5,TP_FIRST,3.3416942678344705,3.3416942678344705,0.0,18,0,0,0,0,0,-2.3347247522243597
PRIMARY,18,300059.SZ,2020-09-09,-22.5,TP_FIRST,4.052671012057143,4.052671012057143,0.0,16,0,0,0,0,0,-5.835594827212354
PRIMARY,19,600276.SH,2020-09-17,-22.5,TP_FIRST,7.964121567403469,7.964121567403469,0.0,10,0,0,0,0,0,-0.30802389658590723
PRIMARY,20,000063.SZ,2020-09-10,-22.5,TP_FIRST,8.16654508112372,8.16654508112372,0.0,16,0,0,0,0,0,-2.1893558485753473
PRIMARY,21,000651.SZ,2020-09-28,-22.5,TP_FIRST,7.18749636223901,7.18749636223901,0.0,5,0,0,0,0,0,-0.7920940870049797
PRIMARY,22,600036.SH,2020-09-30,-22.5,TP_FIRST,8.189846606772502,8.189846606772502,0.0,5,0,0,0,0,0,-0.8409143929827279
PRIMARY,23,002456.SZ,2020-09-01,-22.5,TP_FIRST,0.3287151054327302,0.3287151054327302,0.0,34,0,0,0,0,0,-16.877466166367018
PRIMARY,24,300136.SZ,2020-10-12,-22.5,TP_FIRST,3.7523403888601528,3.7523403888601528,0.0,19,0,0,0,0,0,-11.264076050883421
PRIMARY,25,600030.SH,2020-10-26,-22.5,TP_FIRST,5.218510332201447,5.218510332201447,0.0,19,0,0,0,0,0,-4.85376403171518
PRIMARY,26,000661.SZ,2020-09-16,-22.5,TP_FIRST,10.365131138225253,10.365131138225253,0.0,47,0,0,0,0,0,-10.396266523703268
PRIMARY,27,600745.SH,2020-09-08,-22.5,TP_FIRST,1.4169185149017833,-16.279649409722126,-17.69656792462391,32,1,1,0,0,0,-24.96934183424869
PRIMARY,28,601012.SH,2020-11-13,-22.5,TP_FIRST,11.570904483395198,11.570904483395198,0.0,17,0,0,0,0,0,-7.125413198287678
PRIMARY,29,300122.SZ,2020-11-11,-22.5,TP_FIRST,21.594186068179752,21.594186068179752,0.0,27,0,0,0,0,0,-14.25593292277403
PRIMARY,30,002475.SZ,2020-11-16,-22.5,TP_FIRST,4.922943424348968,4.922943424348968,0.0,26,0,0,0,0,0,-6.247600021016375
PRIMARY,31,002241.SZ,2020-11-16,-22.5,TP_FIRST,2.7641560070263713,2.7641560070263713,0.0,28,0,0,0,0,0,-8.190219287755895
PRIMARY,32,000651.SZ,2020-12-09,-22.5,TP_FIRST,4.778058019478602,4.778058019478602,0.0,17,0,0,0,0,0,-6.9491076663235285
PRIMARY,33,688981.SH,2020-12-16,-22.5,TP_FIRST,16.521188858697652,16.521188858697652,0.0,16,0,0,0,0,0,-4.393704306917501
PRIMARY,34,601318.SH,2021-01-28,-22.5,TP_FIRST,9.42474089385644,9.42474089385644,0.0,14,0,0,0,0,0,-7.015107202120719
PRIMARY,35,300059.SZ,2021-02-22,-22.5,TP_FIRST,-9.75617275607125,-9.75617275607125,0.0,28,0,0,0,0,0,-21.294436987155805
PRIMARY,36,000333.SZ,2021-02-22,-22.5,TP_FIRST,1.124921971714471,1.124921971714471,0.0,28,0,0,0,0,0,-11.037863818654303
PRIMARY,37,000858.SZ,2021-03-08,-22.5,TP_FIRST,16.23467230378328,16.23467230378328,0.0,18,0,0,0,0,0,-5.053624061888506
PRIMARY,38,600030.SH,2021-03-01,-22.5,TP_FIRST,-1.7719464410848904,-1.7719464410848904,0.0,24,0,0,0,0,0,-9.731175855642116
PRIMARY,39,601012.SH,2021-03-04,-22.5,TP_FIRST,2.8151228530517156,2.8151228530517156,0.0,21,0,0,0,0,0,-20.33269501471261
PRIMARY,40,002241.SZ,2021-01-29,-22.5,TP_FIRST,-2.3809753380773024,-14.160148790158711,-11.779173452081409,30,1,1,0,0,0,-24.32266643437805
PRIMARY,41,300750.SZ,2021-01-29,-22.5,TP_FIRST,2.6778263400166544,2.6778263400166544,0.0,46,0,0,0,0,0,-20.744980856829066
PRIMARY,42,002475.SZ,2021-01-28,-22.5,TP_FIRST,-17.795635461958412,-10.847469172608378,6.948166289350034,28,1,1,0,0,1,-38.05999710973133
PRIMARY,43,600438.SH,2021-03-05,-22.5,TP_FIRST,-2.082117681436346,-2.082117681436346,0.0,30,0,0,0,0,0,-21.900640918932147
PRIMARY,44,300014.SZ,2021-03-23,-22.5,TP_FIRST,20.343646524893185,20.343646524893185,0.0,18,0,0,0,0,0,-1.1328405715407053
PRIMARY,45,601899.SH,2021-03-24,-22.5,TP_FIRST,13.67315267261283,13.67315267261283,0.0,17,0,0,0,0,0,-0.5227592786883895
PRIMARY,46,601166.SH,2021-04-15,-22.5,TP_FIRST,10.16039399503804,10.16039399503804,0.0,15,0,0,0,0,0,-2.3887839446735004
PRIMARY,47,600276.SH,2021-04-15,-22.5,TP_FIRST,2.9762113310555116,2.9762113310555116,0.0,18,0,0,0,0,0,-5.364820806114978
PRIMARY,48,002352.SZ,2021-04-12,-22.5,TP_FIRST,1.806031845385725,1.806031845385725,0.0,22,0,0,0,0,0,-8.258407334556994
PRIMARY,49,600519.SH,2021-05-06,-22.5,TP_FIRST,12.309433820124724,12.309433820124724,0.0,12,0,0,0,0,0,-5.132526010090399
PRIMARY,50,600031.SH,2021-03-09,-22.5,TP_FIRST,2.027751640672817,-6.271467275241389,-8.299218915914206,44,1,1,0,0,1,-27.978387085265844
PRIMARY,51,600009.SH,2021-02-03,-22.5,TP_FIRST,-1.1354409255495685,-15.703177070827506,-14.567736145277937,58,1,1,0,0,0,-22.985275095121573
PRIMARY,52,002594.SZ,2021-02-24,-22.5,TP_FIRST,16.160298578230066,-11.605489293604295,-27.765787871834362,49,1,1,0,0,1,-34.73181070183321
PRIMARY,53,002340.SZ,2021-06-07,-22.5,TP_FIRST,5.290865136021748,5.290865136021748,0.0,19,0,0,0,0,0,-11.268220523967209
PRIMARY,54,000661.SZ,2021-05-24,-22.5,TP_FIRST,3.543179209088439,3.543179209088439,0.0,38,0,0,0,0,0,-16.869230019043936
PRIMARY,55,002594.SZ,2021-07-16,-22.5,TP_FIRST,25.77910857036041,25.77910857036041,0.0,10,0,0,0,0,0,-2.6882194842621776
PRIMARY,56,600031.SH,2021-06-11,-22.5,TP_FIRST,4.433342850860986,4.433342850860986,0.0,35,0,0,0,0,0,-15.123799665013548
PRIMARY,57,002241.SZ,2021-07-22,-22.5,TP_FIRST,10.273218124699701,10.273218124699701,0.0,9,0,0,0,0,0,-7.886693775763421
PRIMARY,58,600036.SH,2021-07-08,-22.5,TP_FIRST,8.736132867824947,8.736132867824947,0.0,28,0,0,0,0,0,-10.298243793004092
PRIMARY,59,300782.SZ,2021-07-13,-22.5,TP_FIRST,4.700284102162052,4.700284102162052,0.0,29,0,0,0,0,0,-10.944165622271129
PRIMARY,60,601919.SH,2021-07-23,-22.5,TP_FIRST,21.9399821535198,21.9399821535198,0.0,25,0,0,0,0,0,-13.003666576368966
PRIMARY,61,002460.SZ,2021-08-16,-22.5,TP_FIRST,24.025427124052413,24.025427124052413,0.0,9,0,0,0,0,0,-2.17885582383488
PRIMARY,62,300750.SZ,2021-07-27,-22.5,TP_FIRST,8.626053858905106,8.626053858905106,0.0,34,0,0,0,0,0,-5.360767280539502
PRIMARY,63,300760.SZ,2021-08-20,-22.5,TP_FIRST,25.243095200327115,25.243095200327115,0.0,19,0,0,0,0,0,-1.3648131532456809
PRIMARY,64,600519.SH,2021-07-26,-22.5,TP_FIRST,2.091334708861519,2.091334708861519,0.0,41,0,0,0,0,0,-15.47553943560599
PRIMARY,65,002714.SZ,2021-05-24,-22.5,TP_FIRST,-18.715268930191936,-6.419125730570796,12.29614319962114,42,1,1,0,0,1,-56.67478900029019
PRIMARY,66,000858.SZ,2021-07-08,-22.5,TP_FIRST,-7.6342909419297795,-11.334562135024434,-3.700271193094655,32,1,1,0,0,1,-28.655500122152368
PRIMARY,67,002594.SZ,2021-09-29,-22.5,TP_FIRST,17.089129638620165,17.089129638620165,0.0,6,0,0,0,0,0,-0.5192972651856032
PRIMARY,68,601318.SH,2021-03-18,-22.5,TP_FIRST,-28.116081051784203,-15.801809702207454,12.31427134957675,70,1,1,0,0,0,-41.80696245003698
PRIMARY,69,000651.SZ,2021-05-25,-22.5,TP_FIRST,-19.03127753582529,-13.065727995390548,5.965549540434742,63,1,1,0,0,0,-33.090168102543274
PRIMARY,70,000333.SZ,2021-07-05,-22.5,TP_FIRST,11.175030722164129,11.175030722164129,0.0,71,0,0,0,0,0,-9.770984837876318
PRIMARY,71,600111.SH,2021-09-29,-22.5,TP_FIRST,22.277893313169177,22.277893313169177,0.0,12,0,0,0,0,0,-3.6351512387024387
PRIMARY,72,600089.SH,2021-10-08,-22.5,TP_FIRST,21.757208672823793,21.757208672823793,0.0,12,0,0,0,0,0,-5.355399017850127
PRIMARY,73,002466.SZ,2021-09-22,-22.5,TP_FIRST,5.276533723848393,5.276533723848393,0.0,28,0,0,0,0,0,-18.18048772561611
PRIMARY,74,000858.SZ,2021-11-01,-22.5,TP_FIRST,7.772649549904674,7.772649549904674,0.0,16,0,0,0,0,0,-2.695601939103509
PRIMARY,75,603259.SH,2021-11-04,-22.5,TP_FIRST,10.333997515607747,10.333997515607747,0.0,15,0,0,0,0,0,-4.388640111365582
PRIMARY,76,601919.SH,2021-09-28,-22.5,TP_FIRST,3.0377221934720415,3.0377221934720415,0.0,39,0,0,0,0,0,-19.410201081693145
PRIMARY,77,600030.SH,2021-11-16,-22.5,TP_FIRST,7.942169042945349,7.942169042945349,0.0,13,0,0,0,0,0,-1.3115665629502171
PRIMARY,78,000651.SZ,2021-10-27,-22.5,TP_FIRST,3.7666645298140864,3.7666645298140864,0.0,30,0,0,0,0,0,-6.591904190897946
PRIMARY,79,600036.SH,2021-11-26,-22.5,TP_FIRST,7.780249533285357,7.780249533285357,0.0,8,0,0,0,0,0,-2.0264594890360255
PRIMARY,80,600036.SH,2021-12-29,-22.5,TP_FIRST,5.516341863497587,5.516341863497587,0.0,14,0,0,0,0,0,-0.892595978810895
PRIMARY,81,002129.SZ,2021-12-01,-22.5,TP_FIRST,7.212021342950852,7.212021342950852,0.0,38,0,0,0,0,0,-10.209695479014202
PRIMARY,82,600030.SH,2022-01-14,-22.5,TP_FIRST,1.0102995428563417,1.0102995428563417,0.0,9,0,0,0,0,0,-4.115180796829354
PRIMARY,83,601888.SH,2021-11-02,-22.5,TP_FIRST,7.8045788936873635,7.8045788936873635,0.0,65,0,0,0,0,0,-17.76278012400819
PRIMARY,84,600111.SH,2021-12-24,-22.5,TP_FIRST,10.927469701064592,10.927469701064592,0.0,31,0,0,0,0,0,-16.158101136300374
PRIMARY,85,000792.SZ,2022-01-20,-22.5,TP_FIRST,18.801769360068377,18.801769360068377,0.0,13,0,0,0,0,0,-2.101609531796167
PRIMARY,86,002460.SZ,2021-12-20,-22.5,TP_FIRST,7.327370162653349,7.327370162653349,0.0,36,0,0,0,0,0,-13.694999767838578
PRIMARY,87,002466.SZ,2021-12-20,-22.5,TP_FIRST,1.837573601773871,1.837573601773871,0.0,36,0,0,0,0,0,-19.98566660073482
PRIMARY,88,000661.SZ,2022-01-24,-22.5,TP_FIRST,11.89884859958246,11.89884859958246,0.0,17,0,0,0,0,0,-4.775620293737893
PRIMARY,89,601012.SH,2021-12-01,-22.5,TP_FIRST,6.472325573333965,-14.528437949919375,-21.00076352325334,46,1,1,0,0,0,-23.797689806559163
PRIMARY,90,603259.SH,2021-12-20,-22.5,TP_FIRST,12.254494786218984,-9.875295163881324,-22.12978995010031,33,1,1,0,0,1,-28.86139126771904
PRIMARY,91,000002.SZ,2022-03-04,-22.5,TP_FIRST,14.88504791739044,14.88504791739044,0.0,18,0,0,0,0,0,-22.246037106497695
PRIMARY,92,300059.SZ,2022-01-05,-22.5,TP_FIRST,-5.7513210082683415,-8.738392651795484,-2.987071643527143,44,1,1,0,0,1,-34.89656169461941
PRIMARY,93,600519.SH,2022-01-07,-22.5,TP_FIRST,0.9984159395398549,0.9984159395398549,0.0,61,0,0,0,0,0,-17.458488731459298
PRIMARY,94,601888.SH,2022-03-14,-22.5,TP_FIRST,7.812849493656972,7.812849493656972,0.0,20,0,0,0,0,0,-8.439813952671848
PRIMARY,95,002594.SZ,2021-12-16,-22.5,TP_FIRST,-1.5968178542206901,-13.098964924596604,-11.502147070375914,52,1,1,0,0,1,-26.330714118353036
PRIMARY,96,000625.SZ,2021-11-16,-22.5,TP_FIRST,-22.229994518631575,-11.821683259917213,10.408311258714361,74,1,1,0,0,1,-53.29984290867762
PRIMARY,97,002475.SZ,2022-02-08,-22.5,TP_FIRST,-17.15409169654668,-12.011086476359335,5.143005220187344,36,1,1,0,0,1,-40.77681436537638
PRIMARY,98,002466.SZ,2022-04-25,-22.5,TP_FIRST,41.854779546894,41.854779546894,0.0,8,0,0,0,0,0,-3.4110472521140522
PRIMARY,99,300274.SZ,2021-12-21,-22.5,TP_FIRST,-25.58857835409347,-7.7866443728722725,17.801933981221197,63,1,1,0,0,1,-58.717689038471335
PRIMARY,100,002460.SZ,2022-03-08,-22.5,TP_FIRST,17.706849570514894,-10.558148433546789,-28.26499800406168,33,1,1,0,0,1,-28.642784574491998
PRIMARY,101,000858.SZ,2022-01-28,-22.5,TP_FIRST,-8.807756178930596,-14.35789244364667,-5.550136264716073,27,1,1,0,0,0,-25.5194802146096
PRIMARY,102,300014.SZ,2022-03-03,-22.5,TP_FIRST,26.31764601662993,-15.992177336571528,-42.30982335320146,36,1,1,0,0,1,-32.624915571840454
PRIMARY,103,300750.SZ,2021-12-20,-22.5,TP_FIRST,-14.232912370394569,-9.897616941387549,4.3352954290070205,73,1,1,0,0,1,-41.8073675499418
PRIMARY,104,601012.SH,2022-03-29,-22.5,TP_FIRST,-12.752364240157288,-14.364421129407939,-1.6120568892506508,18,1,1,0,0,1,-24.82075936524716
PRIMARY,105,002415.SZ,2022-05-06,-22.5,TP_FIRST,3.5450375895839463,3.5450375895839463,0.0,19,0,0,0,0,0,-8.562023743217374
PRIMARY,106,600276.SH,2022-01-13,-22.5,TP_FIRST,-29.55698724716474,-16.77081574402472,12.786171503140022,33,1,1,0,0,0,-42.610580908453244
PRIMARY,107,601318.SH,2022-03-15,-22.5,TP_FIRST,-0.3864474449981416,-0.3864474449981416,0.0,55,0,0,0,0,0,-2.315282705156485
PRIMARY,108,600036.SH,2022-03-07,-22.5,TP_FIRST,-6.245523329299984,-16.91413725285793,-10.668613923557945,40,1,1,0,0,1,-24.345417637488787
PRIMARY,109,300122.SZ,2022-04-14,-22.5,TP_FIRST,-6.645958234266682,-13.582465911843677,-6.936507677576995,28,1,1,0,0,1,-28.79470109263167
PRIMARY,110,002241.SZ,2022-06-23,-22.5,TP_FIRST,2.8400230023871615,2.8400230023871615,0.0,30,0,0,0,0,0,-5.007927632982501
PRIMARY,111,002466.SZ,2022-08-19,-22.5,TP_FIRST,13.385590477234006,13.385590477234006,0.0,2,0,0,0,0,0,-2.8634236347626074
PRIMARY,112,600036.SH,2022-07-13,-22.5,TP_FIRST,-1.5651520516643562,-1.5651520516643562,0.0,34,0,0,0,0,0,-12.409355098525655
PRIMARY,113,601888.SH,2022-08-08,-22.5,TP_FIRST,7.1858432781792185,7.1858432781792185,0.0,33,0,0,0,0,0,-8.133019118063235
PRIMARY,114,000858.SZ,2022-07-29,-22.5,TP_FIRST,-2.4673011477159523,-2.4673011477159523,0.0,40,0,0,0,0,0,-12.093504633059515
PRIMARY,115,300274.SZ,2022-08-31,-22.5,TP_FIRST,13.216110132265186,13.216110132265186,0.0,23,0,0,0,0,0,-6.803285897864219
PRIMARY,116,300760.SZ,2022-09-21,-22.5,TP_FIRST,26.10435256088347,26.10435256088347,0.0,11,0,0,0,0,0,-2.945982270341807
PRIMARY,117,603259.SH,2022-07-27,-22.5,TP_FIRST,-6.553924195303395,-16.747255035486454,-10.193330840183059,35,1,1,0,0,1,-30.331191278374803
PRIMARY,118,601012.SH,2022-08-03,-22.5,TP_FIRST,-1.5712301907594528,-1.5712301907594528,0.0,54,0,0,0,0,0,-20.79675190961924
PRIMARY,119,688599.SH,2022-08-19,-22.5,TP_FIRST,4.900961296612725,4.900961296612725,0.0,42,0,0,0,0,0,-11.786057206268874
PRIMARY,120,002459.SZ,2022-08-19,-22.5,TP_FIRST,5.627000867343111,5.627000867343111,0.0,42,0,0,0,0,0,-10.712385831051897
PRIMARY,121,601899.SH,2022-09-26,-22.5,TP_FIRST,6.916188828671841,6.916188828671841,0.0,18,0,0,0,0,0,-3.33920245581949
PRIMARY,122,002460.SZ,2022-08-25,-22.5,TP_FIRST,2.226213115920718,2.226213115920718,0.0,41,0,0,0,0,0,-16.759572939966095
PRIMARY,123,002271.SZ,2022-08-23,-22.5,TP_FIRST,-5.965240206705305,-15.871752027979799,-9.906511821274494,29,1,1,0,0,0,-29.215251654169816
PRIMARY,124,600703.SH,2022-09-20,-22.5,TP_FIRST,1.4365619204532005,1.4365619204532005,0.0,26,0,0,0,0,0,-17.135927537327543
PRIMARY,125,002594.SZ,2022-07-12,-22.5,TP_FIRST,-2.227087712436274,-15.840488573666011,-13.613400861229737,71,1,1,0,0,0,-23.762322609884045
PRIMARY,126,002466.SZ,2022-09-01,-22.5,TP_FIRST,0.41755742217796255,0.41755742217796255,0.0,39,0,0,0,0,0,-17.18698543788346
PRIMARY,127,002050.SZ,2022-10-11,-22.5,TP_FIRST,8.648758708124946,8.648758708124946,0.0,17,0,0,0,0,0,-7.919779995223497
PRIMARY,128,603799.SH,2022-09-29,-22.5,TP_FIRST,1.9036214562895246,1.9036214562895246,0.0,21,0,0,0,0,0,-18.54792363873298
PRIMARY,129,600030.SH,2022-09-16,-22.5,TP_FIRST,3.2914258355483077,3.2914258355483077,0.0,34,0,0,0,0,0,-7.2317278605463
PRIMARY,130,600036.SH,2022-10-10,-22.5,TP_FIRST,4.74708231806275,4.74708231806275,0.0,23,0,0,0,0,0,-17.352231797581
PRIMARY,131,601166.SH,2022-08-29,-22.5,TP_FIRST,2.990941980494697,2.990941980494697,0.0,48,0,0,0,0,0,-11.758858159541209
PRIMARY,132,601318.SH,2022-10-24,-22.5,TP_FIRST,11.54058817209945,11.54058817209945,0.0,14,0,0,0,0,0,-4.56589305883337
PRIMARY,133,000651.SZ,2022-10-31,-22.5,TP_FIRST,11.08646263720554,11.08646263720554,0.0,9,0,0,0,0,0,-0.62111668689665
PRIMARY,134,300059.SZ,2022-08-02,-22.5,TP_FIRST,1.3148602142200303,-12.6449955271125,-13.959855741332529,55,1,1,0,0,1,-28.41433393805436
PRIMARY,135,000625.SZ,2022-08-24,-22.5,TP_FIRST,2.31475867645841,-8.306764025679266,-10.621522702137677,42,1,1,0,0,1,-27.190338345372766
PRIMARY,136,000858.SZ,2022-10-24,-22.5,TP_FIRST,13.014502136358589,13.014502136358589,0.0,26,0,0,0,0,0,-6.076160549181053
PRIMARY,137,600519.SH,2022-09-05,-22.5,TP_FIRST,-5.861614932184937,-19.25498898608435,-13.393374053899413,31,1,1,0,0,0,-27.44375317821398
PRIMARY,138,000568.SZ,2022-10-10,-22.5,TP_FIRST,5.894426001503926,-12.166791428722293,-18.06121743022622,14,1,1,0,0,1,-26.23829865914583
PRIMARY,139,600887.SH,2022-10-20,-22.5,TP_FIRST,6.706648715667189,6.706648715667189,0.0,29,0,0,0,0,0,-18.517421916247343
PRIMARY,140,002714.SZ,2022-10-26,-22.5,TP_FIRST,5.23244617556544,5.23244617556544,0.0,28,0,0,0,0,0,-8.911088606217998
PRIMARY,141,300750.SZ,2022-09-01,-22.5,TP_FIRST,-1.3981718838619202,-10.692539136755075,-9.294367252893155,36,1,1,0,0,1,-24.986572858520837
PRIMARY,142,002371.SZ,2022-10-12,-22.5,TP_FIRST,10.597667780822029,10.597667780822029,0.0,44,0,0,0,0,0,-5.446303292394417
PRIMARY,143,603259.SH,2022-11-28,-22.5,TP_FIRST,6.738265986701266,6.738265986701266,0.0,22,0,0,0,0,0,-2.1226976811561937
PRIMARY,144,600522.SH,2022-11-01,-22.5,TP_FIRST,-5.676303523410963,-12.908811042888143,-7.2325075194771795,20,1,1,0,0,1,-30.66339374603776
PRIMARY,145,300274.SZ,2022-12-06,-22.5,TP_FIRST,12.35423017458993,12.35423017458993,0.0,18,0,0,0,0,0,-12.997661644686353
PRIMARY,146,002241.SZ,2022-11-11,-22.5,TP_FIRST,8.552942953591648,8.552942953591648,0.0,37,0,0,0,0,0,-2.0552360649699564
PRIMARY,147,002812.SZ,2022-11-23,-22.5,TP_FIRST,12.272962184274384,12.272962184274384,0.0,30,0,0,0,0,0,-7.454367889448843
PRIMARY,148,601012.SH,2022-12-22,-22.5,TP_FIRST,11.348570853081775,11.348570853081775,0.0,17,0,0,0,0,0,-1.83945407826005
PRIMARY,149,000625.SZ,2022-12-28,-22.5,TP_FIRST,15.403895272762636,15.403895272762636,0.0,16,0,0,0,0,0,-2.461030882431914
PRIMARY,150,002709.SZ,2022-12-30,-22.5,TP_FIRST,15.538268097973235,15.538268097973235,0.0,14,0,0,0,0,0,-2.7348780509869663
PRIMARY,151,300014.SZ,2023-01-11,-22.5,TP_FIRST,6.981985480381129,6.981985480381129,0.0,9,0,0,0,0,0,-4.915491114570337
PRIMARY,152,300750.SZ,2023-02-17,-22.5,TP_FIRST,3.6254689430868456,3.6254689430868456,0.0,29,0,0,0,0,0,-11.62683470375777
PRIMARY,153,600519.SH,2023-03-08,-22.5,TP_FIRST,3.358107895598216,3.358107895598216,0.0,16,0,0,0,0,0,-2.5877984739737014
PRIMARY,154,300059.SZ,2023-03-07,-22.5,TP_FIRST,6.704927557794763,6.704927557794763,0.0,18,0,0,0,0,0,-6.726693190328403
PRIMARY,155,300274.SZ,2023-03-14,-22.5,TP_FIRST,3.872684453553771,3.872684453553771,0.0,23,0,0,0,0,0,-11.398858058207795
PRIMARY,156,002594.SZ,2023-03-10,-22.5,TP_FIRST,7.839512102970262,7.839512102970262,0.0,33,0,0,0,0,0,-3.6913778017047982
PRIMARY,157,000858.SZ,2023-04-10,-22.5,TP_FIRST,-2.6488868636941545,-2.6488868636941545,0.0,26,0,0,0,0,0,-10.048100566887374
PRIMARY,158,000651.SZ,2023-05-04,-22.5,TP_FIRST,6.144996620188443,6.144996620188443,0.0,25,0,0,0,0,0,-8.255590958382841
PRIMARY,159,601899.SH,2023-05-12,-22.5,TP_FIRST,6.727401168026937,6.727401168026937,0.0,19,0,0,0,0,0,-5.558920911138776
PRIMARY,160,600519.SH,2023-04-12,-22.5,TP_FIRST,6.514893856808776,6.514893856808776,0.0,43,0,0,0,0,0,-4.355999030555235
PRIMARY,161,601012.SH,2023-03-16,-22.5,TP_FIRST,-17.84953964554572,-15.05276332530057,2.796776320245149,49,1,1,0,0,1,-33.276416390528766
PRIMARY,162,600036.SH,2023-04-27,-22.5,TP_FIRST,-0.6278320762058595,-0.6278320762058595,0.0,57,0,0,0,0,0,-3.793063901958049
PRIMARY,163,600809.SH,2023-05-22,-22.5,TP_FIRST,9.67465728119054,9.67465728119054,0.0,43,0,0,0,0,0,-16.847859403834985
PRIMARY,164,300059.SZ,2023-05-29,-22.5,TP_FIRST,3.238668828858134,3.238668828858134,0.0,38,0,0,0,0,0,-4.622126321593722
PRIMARY,165,002415.SZ,2023-06-09,-22.5,TP_FIRST,9.253968396028046,9.253968396028046,0.0,31,0,0,0,0,0,-3.0509320142771967
PRIMARY,166,300750.SZ,2023-06-07,-22.5,TP_FIRST,8.015096907867838,8.015096907867838,0.0,35,0,0,0,0,0,-2.799902799902787
PRIMARY,167,688981.SH,2023-05-09,-22.5,TP_FIRST,-1.9912914951639942,-1.9912914951639942,0.0,57,0,0,0,0,0,-7.822752791213516
PRIMARY,168,600570.SH,2023-07-11,-22.5,TP_FIRST,12.935015317595871,12.935015317595871,0.0,17,0,0,0,0,0,-3.6163828033945022
PRIMARY,169,300418.SZ,2023-06-26,-22.5,TP_FIRST,-7.109717403112448,-7.109717403112448,0.0,34,0,0,0,0,0,-22.324869570606698
PRIMARY,170,600276.SH,2023-07-31,-22.5,TP_FIRST,2.244966610480217,2.244966610480217,0.0,19,0,0,0,0,0,-16.355370032537774
PRIMARY,171,002230.SZ,2023-08-16,-22.5,TP_FIRST,-4.04018826584394,-4.04018826584394,0.0,32,0,0,0,0,0,-19.948062722882465
PRIMARY,172,002475.SZ,2023-09-07,-22.5,TP_FIRST,6.728014277472455,6.728014277472455,0.0,17,0,0,0,0,0,-4.4345508276317
PRIMARY,173,300760.SZ,2023-08-07,-22.5,TP_FIRST,6.5338873044717865,6.5338873044717865,0.0,53,0,0,0,0,0,-4.449940020156773
PRIMARY,174,000858.SZ,2023-08-18,-22.5,TP_FIRST,9.240903528696505,9.240903528696505,0.0,46,0,0,0,0,0,-12.715230910264852
PRIMARY,175,300014.SZ,2023-02-20,-22.5,TP_FIRST,-28.568832058383776,-14.1325926931012,14.436239365282576,75,1,1,0,0,0,-44.47756749417103
PRIMARY,176,300059.SZ,2023-10-23,-22.5,TP_FIRST,6.795375111896212,6.795375111896212,0.0,9,0,0,0,0,0,-0.4417866895821354
PRIMARY,177,603019.SH,2023-08-09,-22.5,TP_FIRST,2.102020516340531,2.102020516340531,0.0,57,0,0,0,0,0,-18.940916927699114
PRIMARY,178,300274.SZ,2023-08-21,-22.5,TP_FIRST,2.059040269174881,-13.079493606216586,-15.138533875391467,41,1,1,0,0,1,-23.84860922169848
PRIMARY,179,300308.SZ,2023-07-20,-22.5,TP_FIRST,-5.693477162892338,-11.59582503409463,-5.902347871202292,43,1,1,0,0,1,-34.647305581306
PRIMARY,180,000977.SZ,2023-08-18,-22.5,TP_FIRST,7.706372017077919,-9.451661862811724,-17.158033879889643,41,1,1,0,0,1,-32.22636562323018
PRIMARY,181,601012.SH,2023-08-21,-22.5,TP_FIRST,-11.755699669774852,-14.032046500300698,-2.2763468305258456,67,1,1,0,0,0,-26.371969728680746
PRIMARY,182,600519.SH,2023-10-13,-22.5,TP_FIRST,1.893988027016628,1.893988027016628,0.0,54,0,0,0,0,0,-7.786761434433009
PRIMARY,183,600009.SH,2023-08-21,-22.5,TP_FIRST,-11.699228208217027,-15.954686077165773,-4.255457868948746,81,1,1,0,0,1,-24.842656679790675
PRIMARY,184,601318.SH,2023-11-09,-22.5,TP_FIRST,-2.3138721028580727,-2.3138721028580727,0.0,53,0,0,0,0,0,-12.395299497973422
PRIMARY,185,000651.SZ,2023-12-20,-22.5,TP_FIRST,12.104633410839133,12.104633410839133,0.0,26,0,0,0,0,0,-0.22839068988121936
PRIMARY,186,601138.SH,2023-10-24,-22.5,TP_FIRST,11.050900506142318,11.050900506142318,0.0,73,0,0,0,0,0,-8.702006282856667
PRIMARY,187,000858.SZ,2023-12-13,-22.5,TP_FIRST,2.808164916171326,2.808164916171326,0.0,37,0,0,0,0,0,-9.305511112151732
PRIMARY,188,600519.SH,2024-01-17,-22.5,TP_FIRST,5.907729356690894,5.907729356690894,0.0,13,0,0,0,0,0,-1.2708988071569394
PRIMARY,189,300750.SZ,2023-09-08,-22.5,TP_FIRST,-18.00484444688593,-13.245982703939568,4.758861742946362,51,1,1,0,0,1,-37.07504075265946
PRIMARY,190,002230.SZ,2024-01-03,-22.5,TP_FIRST,3.585730933845497,3.585730933845497,0.0,25,0,0,0,0,0,-13.110142123274604
PRIMARY,191,300418.SZ,2024-01-31,-22.5,TP_FIRST,39.428041617887864,39.428041617887864,0.0,6,0,0,0,0,0,-9.269811195543308
PRIMARY,192,000568.SZ,2023-12-11,-22.5,TP_FIRST,1.1120117479146117,-12.498811995796887,-13.610823743711498,39,1,1,0,0,0,-22.710877834749677
PRIMARY,193,300059.SZ,2023-12-27,-22.5,TP_FIRST,5.900250298765934,5.900250298765934,0.0,32,0,0,0,0,0,-11.47429406768471
PRIMARY,194,000063.SZ,2023-07-20,-22.5,TP_FIRST,-20.144973123840867,-9.606362922666623,10.538610201174244,63,1,1,0,0,1,-49.074840753076984
PRIMARY,195,000628.SZ,2023-12-14,-22.5,TP_FIRST,44.67924500816973,-5.407764967344724,-50.087009975514455,37,1,1,0,0,1,-39.992579634592374
PRIMARY,196,000625.SZ,2024-01-04,-22.5,TP_FIRST,12.686864654118965,-11.647244554884743,-24.334109209003707,22,1,1,0,0,1,-24.25874529738413
PRIMARY,197,301236.SZ,2024-01-22,-22.5,TP_FIRST,15.202767971466354,15.202767971466354,0.0,18,0,0,0,0,0,-20.518249818689295
PRIMARY,198,002555.SZ,2023-12-25,-22.5,TP_FIRST,17.471539089853273,17.471539089853273,0.0,39,0,0,0,0,0,-18.06601865960579
PRIMARY,199,000661.SZ,2024-01-12,-22.5,TP_FIRST,5.324721980411358,5.324721980411358,0.0,26,0,0,0,0,0,-15.088906432452676
PRIMARY,200,300033.SZ,2024-01-16,-22.5,TP_FIRST,11.478914185701258,11.478914185701258,0.0,24,0,0,0,0,0,-19.68785420497784
PRIMARY,201,002456.SZ,2023-12-14,-22.5,TP_FIRST,9.13490121758614,-11.65913644716149,-20.79403766474763,34,1,1,0,0,1,-32.75517367129328
PRIMARY,202,603259.SH,2024-01-30,-22.5,TP_FIRST,16.5357317467109,16.5357317467109,0.0,17,0,0,0,0,0,-19.366346576745652
PRIMARY,203,002594.SZ,2023-08-14,-22.5,TP_FIRST,-16.277210987224258,-20.56706235703894,-4.289851369814681,83,1,1,0,0,0,-33.85103047938111
PRIMARY,204,601012.SH,2024-01-29,-22.5,TP_FIRST,15.268422377533785,15.268422377533785,0.0,24,0,0,0,0,0,-13.258914832233726
PRIMARY,205,002475.SZ,2024-01-17,-22.5,TP_FIRST,7.219372761109448,7.219372761109448,0.0,37,0,0,0,0,0,-11.861191429965057
PRIMARY,206,601318.SH,2024-03-22,-22.5,TP_FIRST,8.104543046068015,8.104543046068015,0.0,23,0,0,0,0,0,-6.965721129438385
PRIMARY,207,600519.SH,2024-04-08,-22.5,TP_FIRST,5.19682233937109,5.19682233937109,0.0,16,0,0,0,0,0,-1.7024675784346077
PRIMARY,208,000977.SZ,2024-04-10,-22.5,TP_FIRST,12.570545419631626,12.570545419631626,0.0,14,0,0,0,0,0,-8.98589486777226
PRIMARY,209,000628.SZ,2024-03-29,-22.5,TP_FIRST,-22.18874094507154,-14.528432901306502,7.660308043765038,7,1,1,0,0,1,-52.38614252495148
PRIMARY,210,002129.SZ,2024-01-30,-22.5,TP_FIRST,-6.5866863796632105,-19.379668873544947,-12.792982493881738,53,1,1,0,0,0,-23.270953005067007
PRIMARY,211,601138.SH,2024-05-31,-22.5,TP_FIRST,17.235953981802986,17.235953981802986,0.0,8,0,0,0,0,0,-0.1435072194053144
PRIMARY,212,002230.SZ,2024-04-23,-22.5,TP_FIRST,5.3407176576942215,5.3407176576942215,0.0,35,0,0,0,0,0,-3.192044234481095
PRIMARY,213,600919.SH,2024-04-26,-22.5,TP_FIRST,-3.22433989136676,-3.22433989136676,0.0,42,0,0,0,0,0,-6.245585876244874
PRIMARY,214,000977.SZ,2024-05-28,-22.5,TP_FIRST,4.476827597833199,4.476827597833199,0.0,28,0,0,0,0,0,-6.538088943116049
PRIMARY,215,000625.SZ,2024-04-16,-22.5,TP_FIRST,-3.5813249331349106,-3.5813249331349106,0.0,56,0,0,0,0,0,-22.439671783461513
PRIMARY,216,000725.SZ,2024-05-28,-22.5,TP_FIRST,4.499483038676097,4.499483038676097,0.0,29,0,0,0,0,0,-5.704054833968886
PRIMARY,217,603019.SH,2024-03-27,-22.5,TP_FIRST,-3.1650656694684725,-3.1650656694684725,0.0,73,0,0,0,0,0,-19.720874640088848
PRIMARY,218,000858.SZ,2024-06-11,-22.5,TP_FIRST,-4.863606074584775,-4.863606074584775,0.0,25,0,0,0,0,0,-9.446093150024627
PRIMARY,219,600519.SH,2024-06-11,-22.5,TP_FIRST,0.5216824393800606,0.5216824393800606,0.0,27,0,0,0,0,0,-10.274440490341663
PRIMARY,220,300750.SZ,2024-06-07,-22.5,TP_FIRST,1.3901215027090492,1.3901215027090492,0.0,29,0,0,0,0,0,-9.524339063610821
PRIMARY,221,300059.SZ,2024-06-28,-22.5,TP_FIRST,3.9349979609446946,3.9349979609446946,0.0,22,0,0,0,0,0,-5.914697081934461
PRIMARY,222,601012.SH,2024-06-06,-22.5,TP_FIRST,-12.181185272863992,-21.72666583987958,-9.545480567015588,20,1,1,0,0,0,-25.1188709649811
PRIMARY,223,600519.SH,2024-07-30,-22.5,TP_FIRST,4.979956385509713,4.979956385509713,0.0,22,0,0,0,0,0,-0.09990187614892232
PRIMARY,224,002594.SZ,2024-08-02,-22.5,TP_FIRST,6.379967880191982,6.379967880191982,0.0,19,0,0,0,0,0,-3.2764151461084245
PRIMARY,225,002475.SZ,2024-08-05,-22.5,TP_FIRST,8.544910470004318,8.544910470004318,0.0,18,0,0,0,0,0,-3.167255709326977
PRIMARY,226,002466.SZ,2024-04-25,-22.5,TP_FIRST,-13.212317215788726,-9.228522364362442,3.9837948514262838,83,1,1,0,0,1,-36.23508762311697
PRIMARY,227,300502.SZ,2024-07-25,-22.5,TP_FIRST,13.964744747831642,13.964744747831642,0.0,35,0,0,0,0,0,-12.266195988559547
PRIMARY,228,601919.SH,2024-07-08,-22.5,TP_FIRST,1.7285541339282333,1.7285541339282333,0.0,51,0,0,0,0,0,-19.814263643782315
PRIMARY,229,000063.SZ,2024-08-22,-22.5,TP_FIRST,3.3955801711335427,3.3955801711335427,0.0,19,0,0,0,0,0,-3.013656189391656
PRIMARY,230,601138.SH,2024-07-18,-22.5,TP_FIRST,-2.550959931032771,-10.137644195297767,-7.586684264264996,37,1,1,0,0,1,-27.58542866236795
PRIMARY,231,300308.SZ,2024-07-25,-22.5,TP_FIRST,7.199933708510119,7.199933708510119,0.0,40,0,0,0,0,0,-20.412077421209307
PRIMARY,232,601899.SH,2024-07-23,-22.5,TP_FIRST,11.302372099604602,11.302372099604602,0.0,43,0,0,0,0,0,-15.34301819528009
PRIMARY,233,601127.SH,2024-08-28,-22.5,TP_FIRST,11.860904824260553,11.860904824260553,0.0,17,0,0,0,0,0,-0.6937050159442237
PRIMARY,234,600036.SH,2024-09-09,-22.5,TP_FIRST,12.650986424212693,12.650986424212693,0.0,9,0,0,0,0,0,-1.1566935372865572
PRIMARY,235,000858.SZ,2024-08-22,-22.5,TP_FIRST,9.447704740723928,9.447704740723928,0.0,22,0,0,0,0,0,-11.92058204560389
PRIMARY,236,600809.SH,2024-08-28,-22.5,TP_FIRST,10.265232797714383,10.265232797714383,0.0,18,0,0,0,0,0,-9.343746064530556
PRIMARY,237,600519.SH,2024-09-09,-22.5,TP_FIRST,13.065449104192647,13.065449104192647,0.0,10,0,0,0,0,0,-9.155678699288794
PRIMARY,238,600276.SH,2024-09-20,-22.5,TP_FIRST,7.0921102706178285,7.0921102706178285,0.0,3,0,0,0,0,0,-1.5909424566413088
PRIMARY,239,000100.SZ,2024-05-07,-22.5,TP_FIRST,6.430946014868081,-9.373472969536136,-15.804418984404217,94,1,1,0,0,0,-22.85372018914835
PRIMARY,240,688012.SH,2024-08-23,-22.5,TP_FIRST,8.980679975166685,8.980679975166685,0.0,22,0,0,0,0,0,-11.105843309233144
PRIMARY,241,688256.SH,2024-09-05,-22.5,TP_FIRST,22.25002533076108,22.25002533076108,0.0,14,0,0,0,0,0,-3.4709343344747623
PRIMARY,242,600900.SH,2024-09-11,-22.5,TP_FIRST,8.228584541518643,8.228584541518643,0.0,10,0,0,0,0,0,-0.35235825269818166
PRIMARY,243,600150.SH,2024-09-19,-22.5,TP_FIRST,4.47320430931633,4.47320430931633,0.0,58,0,0,0,0,0,-6.4123490487716595
PRIMARY,244,600418.SH,2024-11-27,-22.5,TP_FIRST,19.31501930377224,19.31501930377224,0.0,38,0,0,0,0,0,-4.031151825779977
PRIMARY,245,603019.SH,2025-01-02,-22.5,TP_FIRST,7.198386187683706,7.198386187683706,0.0,17,0,0,0,0,0,-10.82782494103971
PRIMARY,246,600030.SH,2024-12-31,-22.5,TP_FIRST,-0.029241512213777625,-0.029241512213777625,0.0,20,0,0,0,0,0,-9.821028359452445
PRIMARY,247,300059.SZ,2025-01-02,-22.5,TP_FIRST,5.568619214325684,5.568619214325684,0.0,19,0,0,0,0,0,-10.373910853057232
PRIMARY,248,300033.SZ,2025-01-02,-22.5,TP_FIRST,23.218740081380986,23.218740081380986,0.0,19,0,0,0,0,0,-8.449836646713571
PRIMARY,249,300750.SZ,2025-01-07,-22.5,TP_FIRST,8.716235937905914,8.716235937905914,0.0,21,0,0,0,0,0,-2.061431530740332
PRIMARY,250,000858.SZ,2025-01-06,-22.5,TP_FIRST,1.2030252662316376,1.2030252662316376,0.0,23,0,0,0,0,0,-5.193889847781408
PRIMARY,251,688256.SH,2025-01-16,-22.5,TP_FIRST,19.16467811575612,19.16467811575612,0.0,19,0,0,0,0,0,-4.483732441599764
PRIMARY,252,600519.SH,2025-01-03,-22.5,TP_FIRST,4.558943908999476,4.558943908999476,0.0,33,0,0,0,0,0,-3.7431935053504506
PRIMARY,253,688256.SH,2025-03-25,-22.5,TP_FIRST,8.922494348994318,8.922494348994318,0.0,17,0,0,0,0,0,-17.216747908844678
PRIMARY,254,002261.SZ,2025-03-24,-22.5,TP_FIRST,2.6716085217561965,-22.656450424728256,-25.328058946484454,9,1,1,0,0,0,-27.78696429320907
PRIMARY,255,600989.SH,2025-03-28,-22.5,TP_FIRST,6.913448021154776,6.913448021154776,0.0,20,0,0,0,0,0,-8.97260383386529
PRIMARY,256,000063.SZ,2025-03-03,-22.5,TP_FIRST,2.6037524048102836,2.6037524048102836,0.0,42,0,0,0,0,0,-20.196827200957447
PRIMARY,257,600050.SH,2025-03-19,-22.5,TP_FIRST,-4.102896566069308,-4.102896566069308,0.0,30,0,0,0,0,0,-12.91204099525517
PRIMARY,258,300846.SZ,2025-03-25,-22.5,TP_FIRST,-3.7770156011244347,-13.371086238919775,-9.59407063779534,9,1,1,0,0,1,-31.401379445935305
PRIMARY,259,300059.SZ,2025-04-01,-22.5,TP_FIRST,5.1627907747067665,5.1627907747067665,0.0,21,0,0,0,0,0,-18.189916816625797
PRIMARY,260,002475.SZ,2025-04-02,-22.5,TP_FIRST,3.6625597634810965,-9.601668050211403,-13.2642278136925,4,1,1,0,0,1,-27.255123038788852
PRIMARY,261,300308.SZ,2025-01-10,-22.5,TP_FIRST,0.7734206644023827,-11.636613277367998,-12.41003394177038,56,1,1,0,0,1,-39.080885586063495
PRIMARY,262,300502.SZ,2025-02-28,-22.5,TP_FIRST,28.725713357688992,-6.391982598936523,-35.11769595662552,27,1,1,0,0,1,-31.75728487388515
PRIMARY,263,300750.SZ,2025-04-01,-22.5,TP_FIRST,7.81936272756536,7.81936272756536,0.0,22,0,0,0,0,0,-16.506355111574443
PRIMARY,264,601318.SH,2025-04-07,-22.5,TP_FIRST,6.926822925723594,6.926822925723594,0.0,19,0,0,0,0,0,-1.0258567917744377
PRIMARY,265,600036.SH,2025-04-07,-22.5,TP_FIRST,5.565919809741665,5.565919809741665,0.0,19,0,0,0,0,0,-1.275773669536573
PRIMARY,266,002594.SZ,2025-04-08,-22.5,TP_FIRST,17.218917139643203,17.218917139643203,0.0,21,0,0,0,0,0,-2.0179308927128603
PRIMARY,267,601658.SH,2025-03-28,-22.5,TP_FIRST,3.737034722718007,3.737034722718007,0.0,28,0,0,0,0,0,-5.998762052795592
PRIMARY,268,600309.SH,2025-04-15,-22.5,TP_FIRST,2.8522101436284233,2.8522101436284233,0.0,18,0,0,0,0,0,-4.325283052386664
PRIMARY,269,601899.SH,2025-04-07,-22.5,TP_FIRST,18.75276321406046,18.75276321406046,0.0,28,0,0,0,0,0,-2.3499050474409477
PRIMARY,270,603259.SH,2025-04-08,-22.5,TP_FIRST,27.365745385479556,27.365745385479556,0.0,29,0,0,0,0,0,-2.7478554733693317
PRIMARY,271,688981.SH,2025-04-01,-22.5,TP_FIRST,-0.3367121465143475,-0.3367121465143475,0.0,53,0,0,0,0,0,-10.022828466095346
PRIMARY,272,688256.SH,2025-05-27,-22.5,TP_FIRST,2.4520211429184493,2.4520211429184493,0.0,20,0,0,0,0,0,-9.161551567123071
PRIMARY,273,000858.SZ,2025-06-13,-22.5,TP_FIRST,2.9441509741563254,2.9441509741563254,0.0,17,0,0,0,0,0,-0.8036010497183277
PRIMARY,274,600519.SH,2025-06-13,-22.5,TP_FIRST,1.571155348492451,1.571155348492451,0.0,18,0,0,0,0,0,-0.18545542382252256
PRIMARY,275,300308.SZ,2025-10-14,-22.5,TP_FIRST,37.312191378736536,37.312191378736536,0.0,7,0,0,0,0,0,-2.4164241555545862
PRIMARY,276,002460.SZ,2025-11-24,-22.5,TP_FIRST,9.614217661278927,9.614217661278927,0.0,19,0,0,0,0,0,-1.7925475782034406
PRIMARY,277,601138.SH,2025-11-24,-22.5,TP_FIRST,19.316165850131622,19.316165850131622,0.0,22,0,0,0,0,0,-2.475096837577462
PRIMARY,278,300502.SZ,2026-01-12,-22.5,TP_FIRST,18.325572753597463,18.325572753597463,0.0,14,0,0,0,0,0,-2.8874334496876597
PRIMARY,279,300750.SZ,2025-11-21,-22.5,TP_FIRST,1.7797735978262685,1.7797735978262685,0.0,52,0,0,0,0,0,-11.001248680259001
PRIMARY,280,300274.SZ,2025-12-16,-22.5,TP_FIRST,-0.04130443998742119,-0.04130443998742119,0.0,52,0,0,0,0,0,-13.261308807790783
PRIMARY,281,300308.SZ,2026-02-06,-22.5,TP_FIRST,3.437565472561077,3.437565472561077,0.0,21,0,0,0,0,0,-9.894027541086349
PRIMARY,282,002475.SZ,2026-01-08,-22.5,TP_FIRST,1.540552873571203,1.540552873571203,0.0,56,0,0,0,0,0,-18.823201056328863
PRIMARY,283,601138.SH,2026-01-29,-22.5,TP_FIRST,3.823418044659373,3.823418044659373,0.0,41,0,0,0,0,0,-17.012814423960076
PRIMARY,284,688256.SH,2026-02-03,-22.5,TP_FIRST,12.397855616133041,12.397855616133041,0.0,38,0,0,0,0,0,-12.087912087912079
PRIMARY,285,601899.SH,2026-03-16,-22.5,TP_FIRST,9.119263883295172,9.119263883295172,0.0,20,0,0,0,0,0,-14.280941525906998
PRIMARY,286,603986.SH,2026-03-31,-22.5,TP_FIRST,19.7457903723054,19.7457903723054,0.0,13,0,0,0,0,0,-2.865134133444669
PRIMARY,287,300059.SZ,2026-03-20,-22.5,TP_FIRST,8.424165896338625,8.424165896338625,0.0,31,0,0,0,0,0,-7.322200643291355
PRIMARY,288,300274.SZ,2026-04-01,-22.5,TP_FIRST,13.077001683310016,13.077001683310016,0.0,23,0,0,0,0,0,-7.472322364359973
PRIMARY,289,300274.SZ,2026-07-01,-22.5,TP_FIRST,-8.358514552822074,-19.834887074461914,-11.47637252163984,8,1,1,0,0,0,-26.27934444027391
PRIMARY,290,600487.SH,2026-07-06,-22.5,TP_FIRST,-17.707576907721744,-19.473710710647016,-1.7661338029252711,7,1,1,0,0,0,-46.153139444336865
PRIMARY,291,688525.SH,2026-07-15,-22.5,TP_FIRST,-19.368418251981645,-17.62975331961775,1.7386649323638963,3,1,1,0,0,0,-34.73193473193472
PRIMARY,292,688008.SH,2026-07-16,-22.5,TP_FIRST,-3.6609369962131426,-3.6609369962131426,0.0,27,0,0,0,0,0,-12.165294341773524
PRIMARY,293,688256.SH,2026-07-16,-22.5,TP_FIRST,-7.309240157764709,-8.53829165481553,-1.229051497050822,27,1,1,1,0,1,-25.153710642669623
PRIMARY,294,300308.SZ,2026-07-17,-22.5,TP_FIRST,-11.744158826402947,-16.769287517346996,-5.025128690944049,10,1,1,0,0,0,-22.96628924619374
PRIMARY,295,600584.SH,2026-07-20,-22.5,TP_FIRST,-3.746170199653699,-3.746170199653699,0.0,25,0,0,0,0,0,-20.75720869405966
PRIMARY,296,300502.SZ,2026-07-28,-22.5,TP_FIRST,-3.1289001702402826,-3.1289001702402826,0.0,19,0,0,0,0,0,-14.854383942881455
PRIMARY,297,002384.SZ,2026-07-29,-22.5,TP_FIRST,6.860142611567042,6.860142611567042,0.0,18,0,0,0,0,0,-9.217430672804971
PRIMARY,298,002475.SZ,2026-08-03,-22.5,TP_FIRST,1.2862198685484683,1.2862198685484683,0.0,15,0,0,0,0,0,-4.021902045888859
PRIMARY,299,600276.SH,2026-08-20,-22.5,TP_FIRST,-2.438053366642191,-2.438053366642191,0.0,2,0,0,0,0,0,-4.81585777507767
PRIMARY,1,000651.SZ,2020-03-19,-25.0,STOP_FIRST,8.76502998612771,8.76502998612771,0.0,15,0,0,0,0,0,-3.253806511060575
PRIMARY,2,600030.SH,2020-03-16,-25.0,STOP_FIRST,1.2152522266729697,1.2152522266729697,0.0,19,0,0,0,0,0,-7.086832162571954
PRIMARY,3,300750.SZ,2020-02-28,-25.0,STOP_FIRST,-1.0193924653390611,-1.0193924653390611,0.0,31,0,0,0,0,0,-24.419958905481774
PRIMARY,4,601318.SH,2020-02-28,-25.0,STOP_FIRST,-1.3453625770562572,-1.3453625770562572,0.0,33,0,0,0,0,0,-15.814522556095568
PRIMARY,5,600036.SH,2020-03-19,-25.0,STOP_FIRST,10.683448687695108,10.683448687695108,0.0,25,0,0,0,0,0,-0.09990265754196148
PRIMARY,6,002475.SZ,2020-03-17,-25.0,STOP_FIRST,14.92275528149982,14.92275528149982,0.0,28,0,0,0,0,0,-11.112505536775796
PRIMARY,7,000858.SZ,2020-03-17,-25.0,STOP_FIRST,26.82736619482785,26.82736619482785,0.0,28,0,0,0,0,0,-12.958069092199342
PRIMARY,8,000063.SZ,2020-03-17,-25.0,STOP_FIRST,3.2396956676295363,3.2396956676295363,0.0,32,0,0,0,0,0,-10.59060271470772
PRIMARY,9,000725.SZ,2020-03-16,-25.0,STOP_FIRST,4.611959703094805,4.611959703094805,0.0,35,0,0,0,0,0,-20.127607365604128
PRIMARY,10,002506.SZ,2020-03-26,-25.0,STOP_FIRST,-6.524016348081019,-15.004358441890876,-8.480342093809856,23,1,1,0,0,1,-31.211643047504246
PRIMARY,11,600519.SH,2020-03-18,-25.0,STOP_FIRST,39.54846152311298,39.54846152311298,0.0,48,0,0,0,0,0,-3.505987509815356
PRIMARY,12,000002.SZ,2020-03-18,-25.0,STOP_FIRST,4.681297620587952,4.681297620587952,0.0,49,0,0,0,0,0,-6.372695888701285
PRIMARY,13,002714.SZ,2020-05-11,-25.0,STOP_FIRST,-37.346517858183255,-39.08929023133747,-1.7427723731542173,17,1,1,0,0,1,-43.62347582705105
PRIMARY,14,000063.SZ,2020-05-25,-25.0,STOP_FIRST,8.355437860095789,8.355437860095789,0.0,17,0,0,0,0,0,-5.214052830367422
PRIMARY,15,002415.SZ,2020-05-25,-25.0,STOP_FIRST,7.15509150196319,7.15509150196319,0.0,17,0,0,0,0,0,-2.5965128554330974
PRIMARY,16,600703.SH,2020-06-15,-25.0,STOP_FIRST,15.534542524394753,15.534542524394753,0.0,12,0,0,0,0,0,-1.7232235549681896
PRIMARY,17,600030.SH,2020-09-07,-25.0,STOP_FIRST,3.3416942678344705,3.3416942678344705,0.0,18,0,0,0,0,0,-2.3347247522243597
PRIMARY,18,300059.SZ,2020-09-09,-25.0,STOP_FIRST,4.052671012057143,4.052671012057143,0.0,16,0,0,0,0,0,-5.835594827212354
PRIMARY,19,600276.SH,2020-09-17,-25.0,STOP_FIRST,7.964121567403469,7.964121567403469,0.0,10,0,0,0,0,0,-0.30802389658590723
PRIMARY,20,000063.SZ,2020-09-10,-25.0,STOP_FIRST,8.16654508112372,8.16654508112372,0.0,16,0,0,0,0,0,-2.1893558485753473
PRIMARY,21,000651.SZ,2020-09-28,-25.0,STOP_FIRST,7.18749636223901,7.18749636223901,0.0,5,0,0,0,0,0,-0.7920940870049797
PRIMARY,22,600036.SH,2020-09-30,-25.0,STOP_FIRST,8.189846606772502,8.189846606772502,0.0,5,0,0,0,0,0,-0.8409143929827279
PRIMARY,23,002456.SZ,2020-09-01,-25.0,STOP_FIRST,0.3287151054327302,0.3287151054327302,0.0,34,0,0,0,0,0,-16.877466166367018
PRIMARY,24,300136.SZ,2020-10-12,-25.0,STOP_FIRST,3.7523403888601528,3.7523403888601528,0.0,19,0,0,0,0,0,-11.264076050883421
PRIMARY,25,600030.SH,2020-10-26,-25.0,STOP_FIRST,5.218510332201447,5.218510332201447,0.0,19,0,0,0,0,0,-4.85376403171518
PRIMARY,26,000661.SZ,2020-09-16,-25.0,STOP_FIRST,10.365131138225253,10.365131138225253,0.0,47,0,0,0,0,0,-10.396266523703268
PRIMARY,27,600745.SH,2020-09-08,-25.0,STOP_FIRST,1.4169185149017833,1.4169185149017833,0.0,57,0,0,0,0,0,-24.96934183424869
PRIMARY,28,601012.SH,2020-11-13,-25.0,STOP_FIRST,11.570904483395198,11.570904483395198,0.0,17,0,0,0,0,0,-7.125413198287678
PRIMARY,29,300122.SZ,2020-11-11,-25.0,STOP_FIRST,21.594186068179752,21.594186068179752,0.0,27,0,0,0,0,0,-14.25593292277403
PRIMARY,30,002475.SZ,2020-11-16,-25.0,STOP_FIRST,4.922943424348968,4.922943424348968,0.0,26,0,0,0,0,0,-6.247600021016375
PRIMARY,31,002241.SZ,2020-11-16,-25.0,STOP_FIRST,2.7641560070263713,2.7641560070263713,0.0,28,0,0,0,0,0,-8.190219287755895
PRIMARY,32,000651.SZ,2020-12-09,-25.0,STOP_FIRST,4.778058019478602,4.778058019478602,0.0,17,0,0,0,0,0,-6.9491076663235285
PRIMARY,33,688981.SH,2020-12-16,-25.0,STOP_FIRST,16.521188858697652,16.521188858697652,0.0,16,0,0,0,0,0,-4.393704306917501
PRIMARY,34,601318.SH,2021-01-28,-25.0,STOP_FIRST,9.42474089385644,9.42474089385644,0.0,14,0,0,0,0,0,-7.015107202120719
PRIMARY,35,300059.SZ,2021-02-22,-25.0,STOP_FIRST,-9.75617275607125,-9.75617275607125,0.0,28,0,0,0,0,0,-21.294436987155805
PRIMARY,36,000333.SZ,2021-02-22,-25.0,STOP_FIRST,1.124921971714471,1.124921971714471,0.0,28,0,0,0,0,0,-11.037863818654303
PRIMARY,37,000858.SZ,2021-03-08,-25.0,STOP_FIRST,16.23467230378328,16.23467230378328,0.0,18,0,0,0,0,0,-5.053624061888506
PRIMARY,38,600030.SH,2021-03-01,-25.0,STOP_FIRST,-1.7719464410848904,-1.7719464410848904,0.0,24,0,0,0,0,0,-9.731175855642116
PRIMARY,39,601012.SH,2021-03-04,-25.0,STOP_FIRST,2.8151228530517156,2.8151228530517156,0.0,21,0,0,0,0,0,-20.33269501471261
PRIMARY,40,002241.SZ,2021-01-29,-25.0,STOP_FIRST,-2.3809753380773024,-2.3809753380773024,0.0,45,0,0,0,0,0,-24.32266643437805
PRIMARY,41,300750.SZ,2021-01-29,-25.0,STOP_FIRST,2.6778263400166544,2.6778263400166544,0.0,46,0,0,0,0,0,-20.744980856829066
PRIMARY,42,002475.SZ,2021-01-28,-25.0,STOP_FIRST,-17.795635461958412,-12.928906719233904,4.866728742724508,28,1,1,0,0,1,-38.05999710973133
PRIMARY,43,600438.SH,2021-03-05,-25.0,STOP_FIRST,-2.082117681436346,-2.082117681436346,0.0,30,0,0,0,0,0,-21.900640918932147
PRIMARY,44,300014.SZ,2021-03-23,-25.0,STOP_FIRST,20.343646524893185,20.343646524893185,0.0,18,0,0,0,0,0,-1.1328405715407053
PRIMARY,45,601899.SH,2021-03-24,-25.0,STOP_FIRST,13.67315267261283,13.67315267261283,0.0,17,0,0,0,0,0,-0.5227592786883895
PRIMARY,46,601166.SH,2021-04-15,-25.0,STOP_FIRST,10.16039399503804,10.16039399503804,0.0,15,0,0,0,0,0,-2.3887839446735004
PRIMARY,47,600276.SH,2021-04-15,-25.0,STOP_FIRST,2.9762113310555116,2.9762113310555116,0.0,18,0,0,0,0,0,-5.364820806114978
PRIMARY,48,002352.SZ,2021-04-12,-25.0,STOP_FIRST,1.806031845385725,1.806031845385725,0.0,22,0,0,0,0,0,-8.258407334556994
PRIMARY,49,600519.SH,2021-05-06,-25.0,STOP_FIRST,12.309433820124724,12.309433820124724,0.0,12,0,0,0,0,0,-5.132526010090399
PRIMARY,50,600031.SH,2021-03-09,-25.0,STOP_FIRST,2.027751640672817,-8.148264385040209,-10.176016025713025,44,1,1,0,0,1,-27.978387085265844
PRIMARY,51,600009.SH,2021-02-03,-25.0,STOP_FIRST,-1.1354409255495685,-1.1354409255495685,0.0,76,0,0,0,0,0,-22.985275095121573
PRIMARY,52,002594.SZ,2021-02-24,-25.0,STOP_FIRST,16.160298578230066,-14.08800075764759,-30.248299335877654,49,1,1,0,0,1,-34.73181070183321
PRIMARY,53,002340.SZ,2021-06-07,-25.0,STOP_FIRST,5.290865136021748,5.290865136021748,0.0,19,0,0,0,0,0,-11.268220523967209
PRIMARY,54,000661.SZ,2021-05-24,-25.0,STOP_FIRST,3.543179209088439,3.543179209088439,0.0,38,0,0,0,0,0,-16.869230019043936
PRIMARY,55,002594.SZ,2021-07-16,-25.0,STOP_FIRST,25.77910857036041,25.77910857036041,0.0,10,0,0,0,0,0,-2.6882194842621776
PRIMARY,56,600031.SH,2021-06-11,-25.0,STOP_FIRST,4.433342850860986,4.433342850860986,0.0,35,0,0,0,0,0,-15.123799665013548
PRIMARY,57,002241.SZ,2021-07-22,-25.0,STOP_FIRST,10.273218124699701,10.273218124699701,0.0,9,0,0,0,0,0,-7.886693775763421
PRIMARY,58,600036.SH,2021-07-08,-25.0,STOP_FIRST,8.736132867824947,8.736132867824947,0.0,28,0,0,0,0,0,-10.298243793004092
PRIMARY,59,300782.SZ,2021-07-13,-25.0,STOP_FIRST,4.700284102162052,4.700284102162052,0.0,29,0,0,0,0,0,-10.944165622271129
PRIMARY,60,601919.SH,2021-07-23,-25.0,STOP_FIRST,21.9399821535198,21.9399821535198,0.0,25,0,0,0,0,0,-13.003666576368966
PRIMARY,61,002460.SZ,2021-08-16,-25.0,STOP_FIRST,24.025427124052413,24.025427124052413,0.0,9,0,0,0,0,0,-2.17885582383488
PRIMARY,62,300750.SZ,2021-07-27,-25.0,STOP_FIRST,8.626053858905106,8.626053858905106,0.0,34,0,0,0,0,0,-5.360767280539502
PRIMARY,63,300760.SZ,2021-08-20,-25.0,STOP_FIRST,25.243095200327115,25.243095200327115,0.0,19,0,0,0,0,0,-1.3648131532456809
PRIMARY,64,600519.SH,2021-07-26,-25.0,STOP_FIRST,2.091334708861519,2.091334708861519,0.0,41,0,0,0,0,0,-15.47553943560599
PRIMARY,65,002714.SZ,2021-05-24,-25.0,STOP_FIRST,-18.715268930191936,-6.419125730570796,12.29614319962114,42,1,1,0,0,1,-56.67478900029019
PRIMARY,66,000858.SZ,2021-07-08,-25.0,STOP_FIRST,-7.6342909419297795,-14.10159441148657,-6.46730346955679,36,1,1,0,0,0,-28.655500122152368
PRIMARY,67,002594.SZ,2021-09-29,-25.0,STOP_FIRST,17.089129638620165,17.089129638620165,0.0,6,0,0,0,0,0,-0.5192972651856032
PRIMARY,68,601318.SH,2021-03-18,-25.0,STOP_FIRST,-28.116081051784203,-18.517880356974953,9.59820069480925,74,1,1,0,0,0,-41.80696245003698
PRIMARY,69,000651.SZ,2021-05-25,-25.0,STOP_FIRST,-19.03127753582529,-15.870059350377947,3.1612181854473427,67,1,1,0,0,0,-33.090168102543274
PRIMARY,70,000333.SZ,2021-07-05,-25.0,STOP_FIRST,11.175030722164129,11.175030722164129,0.0,71,0,0,0,0,0,-9.770984837876318
PRIMARY,71,600111.SH,2021-09-29,-25.0,STOP_FIRST,22.277893313169177,22.277893313169177,0.0,12,0,0,0,0,0,-3.6351512387024387
PRIMARY,72,600089.SH,2021-10-08,-25.0,STOP_FIRST,21.757208672823793,21.757208672823793,0.0,12,0,0,0,0,0,-5.355399017850127
PRIMARY,73,002466.SZ,2021-09-22,-25.0,STOP_FIRST,5.276533723848393,5.276533723848393,0.0,28,0,0,0,0,0,-18.18048772561611
PRIMARY,74,000858.SZ,2021-11-01,-25.0,STOP_FIRST,7.772649549904674,7.772649549904674,0.0,16,0,0,0,0,0,-2.695601939103509
PRIMARY,75,603259.SH,2021-11-04,-25.0,STOP_FIRST,10.333997515607747,10.333997515607747,0.0,15,0,0,0,0,0,-4.388640111365582
PRIMARY,76,601919.SH,2021-09-28,-25.0,STOP_FIRST,3.0377221934720415,3.0377221934720415,0.0,39,0,0,0,0,0,-19.410201081693145
PRIMARY,77,600030.SH,2021-11-16,-25.0,STOP_FIRST,7.942169042945349,7.942169042945349,0.0,13,0,0,0,0,0,-1.3115665629502171
PRIMARY,78,000651.SZ,2021-10-27,-25.0,STOP_FIRST,3.7666645298140864,3.7666645298140864,0.0,30,0,0,0,0,0,-6.591904190897946
PRIMARY,79,600036.SH,2021-11-26,-25.0,STOP_FIRST,7.780249533285357,7.780249533285357,0.0,8,0,0,0,0,0,-2.0264594890360255
PRIMARY,80,600036.SH,2021-12-29,-25.0,STOP_FIRST,5.516341863497587,5.516341863497587,0.0,14,0,0,0,0,0,-0.892595978810895
PRIMARY,81,002129.SZ,2021-12-01,-25.0,STOP_FIRST,7.212021342950852,7.212021342950852,0.0,38,0,0,0,0,0,-10.209695479014202
PRIMARY,82,600030.SH,2022-01-14,-25.0,STOP_FIRST,1.0102995428563417,1.0102995428563417,0.0,9,0,0,0,0,0,-4.115180796829354
PRIMARY,83,601888.SH,2021-11-02,-25.0,STOP_FIRST,7.8045788936873635,7.8045788936873635,0.0,65,0,0,0,0,0,-17.76278012400819
PRIMARY,84,600111.SH,2021-12-24,-25.0,STOP_FIRST,10.927469701064592,10.927469701064592,0.0,31,0,0,0,0,0,-16.158101136300374
PRIMARY,85,000792.SZ,2022-01-20,-25.0,STOP_FIRST,18.801769360068377,18.801769360068377,0.0,13,0,0,0,0,0,-2.101609531796167
PRIMARY,86,002460.SZ,2021-12-20,-25.0,STOP_FIRST,7.327370162653349,7.327370162653349,0.0,36,0,0,0,0,0,-13.694999767838578
PRIMARY,87,002466.SZ,2021-12-20,-25.0,STOP_FIRST,1.837573601773871,1.837573601773871,0.0,36,0,0,0,0,0,-19.98566660073482
PRIMARY,88,000661.SZ,2022-01-24,-25.0,STOP_FIRST,11.89884859958246,11.89884859958246,0.0,17,0,0,0,0,0,-4.775620293737893
PRIMARY,89,601012.SH,2021-12-01,-25.0,STOP_FIRST,6.472325573333965,6.472325573333965,0.0,57,0,0,0,0,0,-23.797689806559163
PRIMARY,90,603259.SH,2021-12-20,-25.0,STOP_FIRST,12.254494786218984,-11.739489568465427,-23.99398435468441,33,1,1,0,0,1,-28.86139126771904
PRIMARY,91,000002.SZ,2022-03-04,-25.0,STOP_FIRST,14.88504791739044,14.88504791739044,0.0,18,0,0,0,0,0,-22.246037106497695
PRIMARY,92,300059.SZ,2022-01-05,-25.0,STOP_FIRST,-5.7513210082683415,-11.035219651591216,-5.283898643322875,44,1,1,0,0,1,-34.89656169461941
PRIMARY,93,600519.SH,2022-01-07,-25.0,STOP_FIRST,0.9984159395398549,0.9984159395398549,0.0,61,0,0,0,0,0,-17.458488731459298
PRIMARY,94,601888.SH,2022-03-14,-25.0,STOP_FIRST,7.812849493656972,7.812849493656972,0.0,20,0,0,0,0,0,-8.439813952671848
PRIMARY,95,002594.SZ,2021-12-16,-25.0,STOP_FIRST,-1.5968178542206901,-15.532679762268009,-13.935861908047318,52,1,1,0,0,0,-26.330714118353036
PRIMARY,96,000625.SZ,2021-11-16,-25.0,STOP_FIRST,-22.229994518631575,-14.053751408399714,8.17624311023186,74,1,1,0,0,1,-53.29984290867762
PRIMARY,97,002475.SZ,2022-02-08,-25.0,STOP_FIRST,-17.15409169654668,-14.184233908235782,2.9698577883108968,36,1,1,0,0,1,-40.77681436537638
PRIMARY,98,002466.SZ,2022-04-25,-25.0,STOP_FIRST,41.854779546894,41.854779546894,0.0,8,0,0,0,0,0,-3.4110472521140522
PRIMARY,99,300274.SZ,2021-12-21,-25.0,STOP_FIRST,-25.58857835409347,-10.126236932544126,15.462341421549345,63,1,1,0,0,1,-58.717689038471335
PRIMARY,100,002460.SZ,2022-03-08,-25.0,STOP_FIRST,17.706849570514894,-12.636862395290105,-30.343711965805,33,1,1,0,0,1,-28.642784574491998
PRIMARY,101,000858.SZ,2022-01-28,-25.0,STOP_FIRST,-8.807756178930596,-17.120541074496753,-8.312784895566157,36,1,1,0,0,0,-25.5194802146096
PRIMARY,102,300014.SZ,2022-03-03,-25.0,STOP_FIRST,26.31764601662993,-16.81315903077665,-43.13080504740658,36,1,1,0,0,1,-32.624915571840454
PRIMARY,103,300750.SZ,2021-12-20,-25.0,STOP_FIRST,-14.232912370394569,-11.995934804285998,2.236977566108571,73,1,1,0,0,0,-41.8073675499418
PRIMARY,104,601012.SH,2022-03-29,-25.0,STOP_FIRST,-12.752364240157288,-12.752364240157288,0.0,42,0,0,0,0,0,-24.82075936524716
PRIMARY,105,002415.SZ,2022-05-06,-25.0,STOP_FIRST,3.5450375895839463,3.5450375895839463,0.0,19,0,0,0,0,0,-8.562023743217374
PRIMARY,106,600276.SH,2022-01-13,-25.0,STOP_FIRST,-29.55698724716474,-19.455628139378753,10.101359107785989,33,1,1,0,0,0,-42.610580908453244
PRIMARY,107,601318.SH,2022-03-15,-25.0,STOP_FIRST,-0.3864474449981416,-0.3864474449981416,0.0,55,0,0,0,0,0,-2.315282705156485
PRIMARY,108,600036.SH,2022-03-07,-25.0,STOP_FIRST,-6.245523329299984,-6.245523329299984,0.0,65,0,0,0,0,0,-24.345417637488787
PRIMARY,109,300122.SZ,2022-04-14,-25.0,STOP_FIRST,-6.645958234266682,-15.752487001662985,-9.106528767396302,28,1,1,0,0,1,-28.79470109263167
PRIMARY,110,002241.SZ,2022-06-23,-25.0,STOP_FIRST,2.8400230023871615,2.8400230023871615,0.0,30,0,0,0,0,0,-5.007927632982501
PRIMARY,111,002466.SZ,2022-08-19,-25.0,STOP_FIRST,13.385590477234006,13.385590477234006,0.0,2,0,0,0,0,0,-2.8634236347626074
PRIMARY,112,600036.SH,2022-07-13,-25.0,STOP_FIRST,-1.5651520516643562,-1.5651520516643562,0.0,34,0,0,0,0,0,-12.409355098525655
PRIMARY,113,601888.SH,2022-08-08,-25.0,STOP_FIRST,7.1858432781792185,7.1858432781792185,0.0,33,0,0,0,0,0,-8.133019118063235
PRIMARY,114,000858.SZ,2022-07-29,-25.0,STOP_FIRST,-2.4673011477159523,-2.4673011477159523,0.0,40,0,0,0,0,0,-12.093504633059515
PRIMARY,115,300274.SZ,2022-08-31,-25.0,STOP_FIRST,13.216110132265186,13.216110132265186,0.0,23,0,0,0,0,0,-6.803285897864219
PRIMARY,116,300760.SZ,2022-09-21,-25.0,STOP_FIRST,26.10435256088347,26.10435256088347,0.0,11,0,0,0,0,0,-2.945982270341807
PRIMARY,117,603259.SH,2022-07-27,-25.0,STOP_FIRST,-6.553924195303395,-17.54968598631132,-10.995761791007926,37,1,1,0,0,0,-30.331191278374803
PRIMARY,118,601012.SH,2022-08-03,-25.0,STOP_FIRST,-1.5712301907594528,-1.5712301907594528,0.0,54,0,0,0,0,0,-20.79675190961924
PRIMARY,119,688599.SH,2022-08-19,-25.0,STOP_FIRST,4.900961296612725,4.900961296612725,0.0,42,0,0,0,0,0,-11.786057206268874
PRIMARY,120,002459.SZ,2022-08-19,-25.0,STOP_FIRST,5.627000867343111,5.627000867343111,0.0,42,0,0,0,0,0,-10.712385831051897
PRIMARY,121,601899.SH,2022-09-26,-25.0,STOP_FIRST,6.916188828671841,6.916188828671841,0.0,18,0,0,0,0,0,-3.33920245581949
PRIMARY,122,002460.SZ,2022-08-25,-25.0,STOP_FIRST,2.226213115920718,2.226213115920718,0.0,41,0,0,0,0,0,-16.759572939966095
PRIMARY,123,002271.SZ,2022-08-23,-25.0,STOP_FIRST,-5.965240206705305,-18.58556647869013,-12.620326271984824,35,1,1,0,0,0,-29.215251654169816
PRIMARY,124,600703.SH,2022-09-20,-25.0,STOP_FIRST,1.4365619204532005,1.4365619204532005,0.0,26,0,0,0,0,0,-17.135927537327543
PRIMARY,125,002594.SZ,2022-07-12,-25.0,STOP_FIRST,-2.227087712436274,-2.227087712436274,0.0,76,0,0,0,0,0,-23.762322609884045
PRIMARY,126,002466.SZ,2022-09-01,-25.0,STOP_FIRST,0.41755742217796255,0.41755742217796255,0.0,39,0,0,0,0,0,-17.18698543788346
PRIMARY,127,002050.SZ,2022-10-11,-25.0,STOP_FIRST,8.648758708124946,8.648758708124946,0.0,17,0,0,0,0,0,-7.919779995223497
PRIMARY,128,603799.SH,2022-09-29,-25.0,STOP_FIRST,1.9036214562895246,1.9036214562895246,0.0,21,0,0,0,0,0,-18.54792363873298
PRIMARY,129,600030.SH,2022-09-16,-25.0,STOP_FIRST,3.2914258355483077,3.2914258355483077,0.0,34,0,0,0,0,0,-7.2317278605463
PRIMARY,130,600036.SH,2022-10-10,-25.0,STOP_FIRST,4.74708231806275,4.74708231806275,0.0,23,0,0,0,0,0,-17.352231797581
PRIMARY,131,601166.SH,2022-08-29,-25.0,STOP_FIRST,2.990941980494697,2.990941980494697,0.0,48,0,0,0,0,0,-11.758858159541209
PRIMARY,132,601318.SH,2022-10-24,-25.0,STOP_FIRST,11.54058817209945,11.54058817209945,0.0,14,0,0,0,0,0,-4.56589305883337
PRIMARY,133,000651.SZ,2022-10-31,-25.0,STOP_FIRST,11.08646263720554,11.08646263720554,0.0,9,0,0,0,0,0,-0.62111668689665
PRIMARY,134,300059.SZ,2022-08-02,-25.0,STOP_FIRST,1.3148602142200303,-14.815513425566952,-16.13037363978698,55,1,1,0,0,1,-28.41433393805436
PRIMARY,135,000625.SZ,2022-08-24,-25.0,STOP_FIRST,2.31475867645841,-10.180457121420806,-12.495215797879217,42,1,1,0,0,1,-27.190338345372766
PRIMARY,136,000858.SZ,2022-10-24,-25.0,STOP_FIRST,13.014502136358589,13.014502136358589,0.0,26,0,0,0,0,0,-6.076160549181053
PRIMARY,137,600519.SH,2022-09-05,-25.0,STOP_FIRST,-5.861614932184937,-21.859666760726792,-15.998051828541856,32,1,1,0,0,0,-27.44375317821398
PRIMARY,138,000568.SZ,2022-10-10,-25.0,STOP_FIRST,5.894426001503926,-14.451049575587554,-20.34547557709148,14,1,1,0,0,0,-26.23829865914583
PRIMARY,139,600887.SH,2022-10-20,-25.0,STOP_FIRST,6.706648715667189,6.706648715667189,0.0,29,0,0,0,0,0,-18.517421916247343
PRIMARY,140,002714.SZ,2022-10-26,-25.0,STOP_FIRST,5.23244617556544,5.23244617556544,0.0,28,0,0,0,0,0,-8.911088606217998
PRIMARY,141,300750.SZ,2022-09-01,-25.0,STOP_FIRST,-1.3981718838619202,-1.3981718838619202,0.0,62,0,0,0,0,0,-24.986572858520837
PRIMARY,142,002371.SZ,2022-10-12,-25.0,STOP_FIRST,10.597667780822029,10.597667780822029,0.0,44,0,0,0,0,0,-5.446303292394417
PRIMARY,143,603259.SH,2022-11-28,-25.0,STOP_FIRST,6.738265986701266,6.738265986701266,0.0,22,0,0,0,0,0,-2.1226976811561937
PRIMARY,144,600522.SH,2022-11-01,-25.0,STOP_FIRST,-5.676303523410963,-15.358993754206113,-9.68269023079515,30,1,1,0,0,0,-30.66339374603776
PRIMARY,145,300274.SZ,2022-12-06,-25.0,STOP_FIRST,12.35423017458993,12.35423017458993,0.0,18,0,0,0,0,0,-12.997661644686353
PRIMARY,146,002241.SZ,2022-11-11,-25.0,STOP_FIRST,8.552942953591648,8.552942953591648,0.0,37,0,0,0,0,0,-2.0552360649699564
PRIMARY,147,002812.SZ,2022-11-23,-25.0,STOP_FIRST,12.272962184274384,12.272962184274384,0.0,30,0,0,0,0,0,-7.454367889448843
PRIMARY,148,601012.SH,2022-12-22,-25.0,STOP_FIRST,11.348570853081775,11.348570853081775,0.0,17,0,0,0,0,0,-1.83945407826005
PRIMARY,149,000625.SZ,2022-12-28,-25.0,STOP_FIRST,15.403895272762636,15.403895272762636,0.0,16,0,0,0,0,0,-2.461030882431914
PRIMARY,150,002709.SZ,2022-12-30,-25.0,STOP_FIRST,15.538268097973235,15.538268097973235,0.0,14,0,0,0,0,0,-2.7348780509869663
PRIMARY,151,300014.SZ,2023-01-11,-25.0,STOP_FIRST,6.981985480381129,6.981985480381129,0.0,9,0,0,0,0,0,-4.915491114570337
PRIMARY,152,300750.SZ,2023-02-17,-25.0,STOP_FIRST,3.6254689430868456,3.6254689430868456,0.0,29,0,0,0,0,0,-11.62683470375777
PRIMARY,153,600519.SH,2023-03-08,-25.0,STOP_FIRST,3.358107895598216,3.358107895598216,0.0,16,0,0,0,0,0,-2.5877984739737014
PRIMARY,154,300059.SZ,2023-03-07,-25.0,STOP_FIRST,6.704927557794763,6.704927557794763,0.0,18,0,0,0,0,0,-6.726693190328403
PRIMARY,155,300274.SZ,2023-03-14,-25.0,STOP_FIRST,3.872684453553771,3.872684453553771,0.0,23,0,0,0,0,0,-11.398858058207795
PRIMARY,156,002594.SZ,2023-03-10,-25.0,STOP_FIRST,7.839512102970262,7.839512102970262,0.0,33,0,0,0,0,0,-3.6913778017047982
PRIMARY,157,000858.SZ,2023-04-10,-25.0,STOP_FIRST,-2.6488868636941545,-2.6488868636941545,0.0,26,0,0,0,0,0,-10.048100566887374
PRIMARY,158,000651.SZ,2023-05-04,-25.0,STOP_FIRST,6.144996620188443,6.144996620188443,0.0,25,0,0,0,0,0,-8.255590958382841
PRIMARY,159,601899.SH,2023-05-12,-25.0,STOP_FIRST,6.727401168026937,6.727401168026937,0.0,19,0,0,0,0,0,-5.558920911138776
PRIMARY,160,600519.SH,2023-04-12,-25.0,STOP_FIRST,6.514893856808776,6.514893856808776,0.0,43,0,0,0,0,0,-4.355999030555235
PRIMARY,161,601012.SH,2023-03-16,-25.0,STOP_FIRST,-17.84953964554572,-17.164926242443855,0.6846134031018636,49,1,1,0,0,1,-33.276416390528766
PRIMARY,162,600036.SH,2023-04-27,-25.0,STOP_FIRST,-0.6278320762058595,-0.6278320762058595,0.0,57,0,0,0,0,0,-3.793063901958049
PRIMARY,163,600809.SH,2023-05-22,-25.0,STOP_FIRST,9.67465728119054,9.67465728119054,0.0,43,0,0,0,0,0,-16.847859403834985
PRIMARY,164,300059.SZ,2023-05-29,-25.0,STOP_FIRST,3.238668828858134,3.238668828858134,0.0,38,0,0,0,0,0,-4.622126321593722
PRIMARY,165,002415.SZ,2023-06-09,-25.0,STOP_FIRST,9.253968396028046,9.253968396028046,0.0,31,0,0,0,0,0,-3.0509320142771967
PRIMARY,166,300750.SZ,2023-06-07,-25.0,STOP_FIRST,8.015096907867838,8.015096907867838,0.0,35,0,0,0,0,0,-2.799902799902787
PRIMARY,167,688981.SH,2023-05-09,-25.0,STOP_FIRST,-1.9912914951639942,-1.9912914951639942,0.0,57,0,0,0,0,0,-7.822752791213516
PRIMARY,168,600570.SH,2023-07-11,-25.0,STOP_FIRST,12.935015317595871,12.935015317595871,0.0,17,0,0,0,0,0,-3.6163828033945022
PRIMARY,169,300418.SZ,2023-06-26,-25.0,STOP_FIRST,-7.109717403112448,-7.109717403112448,0.0,34,0,0,0,0,0,-22.324869570606698
PRIMARY,170,600276.SH,2023-07-31,-25.0,STOP_FIRST,2.244966610480217,2.244966610480217,0.0,19,0,0,0,0,0,-16.355370032537774
PRIMARY,171,002230.SZ,2023-08-16,-25.0,STOP_FIRST,-4.04018826584394,-4.04018826584394,0.0,32,0,0,0,0,0,-19.948062722882465
PRIMARY,172,002475.SZ,2023-09-07,-25.0,STOP_FIRST,6.728014277472455,6.728014277472455,0.0,17,0,0,0,0,0,-4.4345508276317
PRIMARY,173,300760.SZ,2023-08-07,-25.0,STOP_FIRST,6.5338873044717865,6.5338873044717865,0.0,53,0,0,0,0,0,-4.449940020156773
PRIMARY,174,000858.SZ,2023-08-18,-25.0,STOP_FIRST,9.240903528696505,9.240903528696505,0.0,46,0,0,0,0,0,-12.715230910264852
PRIMARY,175,300014.SZ,2023-02-20,-25.0,STOP_FIRST,-28.568832058383776,-16.9025090578399,11.666323000543876,77,1,1,0,0,0,-44.47756749417103
PRIMARY,176,300059.SZ,2023-10-23,-25.0,STOP_FIRST,6.795375111896212,6.795375111896212,0.0,9,0,0,0,0,0,-0.4417866895821354
PRIMARY,177,603019.SH,2023-08-09,-25.0,STOP_FIRST,2.102020516340531,2.102020516340531,0.0,57,0,0,0,0,0,-18.940916927699114
PRIMARY,178,300274.SZ,2023-08-21,-25.0,STOP_FIRST,2.059040269174881,2.059040269174881,0.0,51,0,0,0,0,0,-23.84860922169848
PRIMARY,179,300308.SZ,2023-07-20,-25.0,STOP_FIRST,-5.693477162892338,-13.380477037118442,-7.686999874226104,43,1,1,0,0,1,-34.647305581306
PRIMARY,180,000977.SZ,2023-08-18,-25.0,STOP_FIRST,7.706372017077919,-10.827683324979565,-18.534055342057485,41,1,1,0,0,1,-32.22636562323018
PRIMARY,181,601012.SH,2023-08-21,-25.0,STOP_FIRST,-11.755699669774852,-16.805206290613572,-5.04950662083872,73,1,1,0,0,0,-26.371969728680746
PRIMARY,182,600519.SH,2023-10-13,-25.0,STOP_FIRST,1.893988027016628,1.893988027016628,0.0,54,0,0,0,0,0,-7.786761434433009
PRIMARY,183,600009.SH,2023-08-21,-25.0,STOP_FIRST,-11.699228208217027,-11.699228208217027,0.0,98,0,0,0,0,0,-24.842656679790675
PRIMARY,184,601318.SH,2023-11-09,-25.0,STOP_FIRST,-2.3138721028580727,-2.3138721028580727,0.0,53,0,0,0,0,0,-12.395299497973422
PRIMARY,185,000651.SZ,2023-12-20,-25.0,STOP_FIRST,12.104633410839133,12.104633410839133,0.0,26,0,0,0,0,0,-0.22839068988121936
PRIMARY,186,601138.SH,2023-10-24,-25.0,STOP_FIRST,11.050900506142318,11.050900506142318,0.0,73,0,0,0,0,0,-8.702006282856667
PRIMARY,187,000858.SZ,2023-12-13,-25.0,STOP_FIRST,2.808164916171326,2.808164916171326,0.0,37,0,0,0,0,0,-9.305511112151732
PRIMARY,188,600519.SH,2024-01-17,-25.0,STOP_FIRST,5.907729356690894,5.907729356690894,0.0,13,0,0,0,0,0,-1.2708988071569394
PRIMARY,189,300750.SZ,2023-09-08,-25.0,STOP_FIRST,-18.00484444688593,-15.82573051104024,2.17911393584569,51,1,1,0,0,0,-37.07504075265946
PRIMARY,190,002230.SZ,2024-01-03,-25.0,STOP_FIRST,3.585730933845497,3.585730933845497,0.0,25,0,0,0,0,0,-13.110142123274604
PRIMARY,191,300418.SZ,2024-01-31,-25.0,STOP_FIRST,39.428041617887864,39.428041617887864,0.0,6,0,0,0,0,0,-9.269811195543308
PRIMARY,192,000568.SZ,2023-12-11,-25.0,STOP_FIRST,1.1120117479146117,1.1120117479146117,0.0,44,0,0,0,0,0,-22.710877834749677
PRIMARY,193,300059.SZ,2023-12-27,-25.0,STOP_FIRST,5.900250298765934,5.900250298765934,0.0,32,0,0,0,0,0,-11.47429406768471
PRIMARY,194,000063.SZ,2023-07-20,-25.0,STOP_FIRST,-20.144973123840867,-10.640943832612974,9.504029291227893,63,1,1,0,0,1,-49.074840753076984
PRIMARY,195,000628.SZ,2023-12-14,-25.0,STOP_FIRST,44.67924500816973,-6.238191338195351,-50.91743634636508,37,1,1,0,0,1,-39.992579634592374
PRIMARY,196,000625.SZ,2024-01-04,-25.0,STOP_FIRST,12.686864654118965,12.686864654118965,0.0,30,0,0,0,0,0,-24.25874529738413
PRIMARY,197,301236.SZ,2024-01-22,-25.0,STOP_FIRST,15.202767971466354,15.202767971466354,0.0,18,0,0,0,0,0,-20.518249818689295
PRIMARY,198,002555.SZ,2023-12-25,-25.0,STOP_FIRST,17.471539089853273,17.471539089853273,0.0,39,0,0,0,0,0,-18.06601865960579
PRIMARY,199,000661.SZ,2024-01-12,-25.0,STOP_FIRST,5.324721980411358,5.324721980411358,0.0,26,0,0,0,0,0,-15.088906432452676
PRIMARY,200,300033.SZ,2024-01-16,-25.0,STOP_FIRST,11.478914185701258,11.478914185701258,0.0,24,0,0,0,0,0,-19.68785420497784
PRIMARY,201,002456.SZ,2023-12-14,-25.0,STOP_FIRST,9.13490121758614,-14.360478830330322,-23.495380047916463,34,1,1,0,0,0,-32.75517367129328
PRIMARY,202,603259.SH,2024-01-30,-25.0,STOP_FIRST,16.5357317467109,16.5357317467109,0.0,17,0,0,0,0,0,-19.366346576745652
PRIMARY,203,002594.SZ,2023-08-14,-25.0,STOP_FIRST,-16.277210987224258,-23.63731809627668,-7.3601071090524215,86,1,1,0,0,1,-33.85103047938111
PRIMARY,204,601012.SH,2024-01-29,-25.0,STOP_FIRST,15.268422377533785,15.268422377533785,0.0,24,0,0,0,0,0,-13.258914832233726
PRIMARY,205,002475.SZ,2024-01-17,-25.0,STOP_FIRST,7.219372761109448,7.219372761109448,0.0,37,0,0,0,0,0,-11.861191429965057
PRIMARY,206,601318.SH,2024-03-22,-25.0,STOP_FIRST,8.104543046068015,8.104543046068015,0.0,23,0,0,0,0,0,-6.965721129438385
PRIMARY,207,600519.SH,2024-04-08,-25.0,STOP_FIRST,5.19682233937109,5.19682233937109,0.0,16,0,0,0,0,0,-1.7024675784346077
PRIMARY,208,000977.SZ,2024-04-10,-25.0,STOP_FIRST,12.570545419631626,12.570545419631626,0.0,14,0,0,0,0,0,-8.98589486777226
PRIMARY,209,000628.SZ,2024-03-29,-25.0,STOP_FIRST,-22.18874094507154,-16.234591190710805,5.954149754360735,7,1,1,0,0,1,-52.38614252495148
PRIMARY,210,002129.SZ,2024-01-30,-25.0,STOP_FIRST,-6.5866863796632105,-6.5866863796632105,0.0,69,0,0,0,0,0,-23.270953005067007
PRIMARY,211,601138.SH,2024-05-31,-25.0,STOP_FIRST,17.235953981802986,17.235953981802986,0.0,8,0,0,0,0,0,-0.1435072194053144
PRIMARY,212,002230.SZ,2024-04-23,-25.0,STOP_FIRST,5.3407176576942215,5.3407176576942215,0.0,35,0,0,0,0,0,-3.192044234481095
PRIMARY,213,600919.SH,2024-04-26,-25.0,STOP_FIRST,-3.22433989136676,-3.22433989136676,0.0,42,0,0,0,0,0,-6.245585876244874
PRIMARY,214,000977.SZ,2024-05-28,-25.0,STOP_FIRST,4.476827597833199,4.476827597833199,0.0,28,0,0,0,0,0,-6.538088943116049
PRIMARY,215,000625.SZ,2024-04-16,-25.0,STOP_FIRST,-3.5813249331349106,-3.5813249331349106,0.0,56,0,0,0,0,0,-22.439671783461513
PRIMARY,216,000725.SZ,2024-05-28,-25.0,STOP_FIRST,4.499483038676097,4.499483038676097,0.0,29,0,0,0,0,0,-5.704054833968886
PRIMARY,217,603019.SH,2024-03-27,-25.0,STOP_FIRST,-3.1650656694684725,-3.1650656694684725,0.0,73,0,0,0,0,0,-19.720874640088848
PRIMARY,218,000858.SZ,2024-06-11,-25.0,STOP_FIRST,-4.863606074584775,-4.863606074584775,0.0,25,0,0,0,0,0,-9.446093150024627
PRIMARY,219,600519.SH,2024-06-11,-25.0,STOP_FIRST,0.5216824393800606,0.5216824393800606,0.0,27,0,0,0,0,0,-10.274440490341663
PRIMARY,220,300750.SZ,2024-06-07,-25.0,STOP_FIRST,1.3901215027090492,1.3901215027090492,0.0,29,0,0,0,0,0,-9.524339063610821
PRIMARY,221,300059.SZ,2024-06-28,-25.0,STOP_FIRST,3.9349979609446946,3.9349979609446946,0.0,22,0,0,0,0,0,-5.914697081934461
PRIMARY,222,601012.SH,2024-06-06,-25.0,STOP_FIRST,-12.181185272863992,-24.25161210310926,-12.070426830245268,21,1,1,0,0,0,-25.1188709649811
PRIMARY,223,600519.SH,2024-07-30,-25.0,STOP_FIRST,4.979956385509713,4.979956385509713,0.0,22,0,0,0,0,0,-0.09990187614892232
PRIMARY,224,002594.SZ,2024-08-02,-25.0,STOP_FIRST,6.379967880191982,6.379967880191982,0.0,19,0,0,0,0,0,-3.2764151461084245
PRIMARY,225,002475.SZ,2024-08-05,-25.0,STOP_FIRST,8.544910470004318,8.544910470004318,0.0,18,0,0,0,0,0,-3.167255709326977
PRIMARY,226,002466.SZ,2024-04-25,-25.0,STOP_FIRST,-13.212317215788726,-11.524715469471248,1.687601746317478,83,1,1,0,0,1,-36.23508762311697
PRIMARY,227,300502.SZ,2024-07-25,-25.0,STOP_FIRST,13.964744747831642,13.964744747831642,0.0,35,0,0,0,0,0,-12.266195988559547
PRIMARY,228,601919.SH,2024-07-08,-25.0,STOP_FIRST,1.7285541339282333,1.7285541339282333,0.0,51,0,0,0,0,0,-19.814263643782315
PRIMARY,229,000063.SZ,2024-08-22,-25.0,STOP_FIRST,3.3955801711335427,3.3955801711335427,0.0,19,0,0,0,0,0,-3.013656189391656
PRIMARY,230,601138.SH,2024-07-18,-25.0,STOP_FIRST,-2.550959931032771,-10.827407517338445,-8.276447586305673,37,1,1,0,0,1,-27.58542866236795
PRIMARY,231,300308.SZ,2024-07-25,-25.0,STOP_FIRST,7.199933708510119,7.199933708510119,0.0,40,0,0,0,0,0,-20.412077421209307
PRIMARY,232,601899.SH,2024-07-23,-25.0,STOP_FIRST,11.302372099604602,11.302372099604602,0.0,43,0,0,0,0,0,-15.34301819528009
PRIMARY,233,601127.SH,2024-08-28,-25.0,STOP_FIRST,11.860904824260553,11.860904824260553,0.0,17,0,0,0,0,0,-0.6937050159442237
PRIMARY,234,600036.SH,2024-09-09,-25.0,STOP_FIRST,12.650986424212693,12.650986424212693,0.0,9,0,0,0,0,0,-1.1566935372865572
PRIMARY,235,000858.SZ,2024-08-22,-25.0,STOP_FIRST,9.447704740723928,9.447704740723928,0.0,22,0,0,0,0,0,-11.92058204560389
PRIMARY,236,600809.SH,2024-08-28,-25.0,STOP_FIRST,10.265232797714383,10.265232797714383,0.0,18,0,0,0,0,0,-9.343746064530556
PRIMARY,237,600519.SH,2024-09-09,-25.0,STOP_FIRST,13.065449104192647,13.065449104192647,0.0,10,0,0,0,0,0,-9.155678699288794
PRIMARY,238,600276.SH,2024-09-20,-25.0,STOP_FIRST,7.0921102706178285,7.0921102706178285,0.0,3,0,0,0,0,0,-1.5909424566413088
PRIMARY,239,000100.SZ,2024-05-07,-25.0,STOP_FIRST,6.430946014868081,6.430946014868081,0.0,99,0,0,0,0,0,-22.85372018914835
PRIMARY,240,688012.SH,2024-08-23,-25.0,STOP_FIRST,8.980679975166685,8.980679975166685,0.0,22,0,0,0,0,0,-11.105843309233144
PRIMARY,241,688256.SH,2024-09-05,-25.0,STOP_FIRST,22.25002533076108,22.25002533076108,0.0,14,0,0,0,0,0,-3.4709343344747623
PRIMARY,242,600900.SH,2024-09-11,-25.0,STOP_FIRST,8.228584541518643,8.228584541518643,0.0,10,0,0,0,0,0,-0.35235825269818166
PRIMARY,243,600150.SH,2024-09-19,-25.0,STOP_FIRST,4.47320430931633,4.47320430931633,0.0,58,0,0,0,0,0,-6.4123490487716595
PRIMARY,244,600418.SH,2024-11-27,-25.0,STOP_FIRST,19.31501930377224,19.31501930377224,0.0,38,0,0,0,0,0,-4.031151825779977
PRIMARY,245,603019.SH,2025-01-02,-25.0,STOP_FIRST,7.198386187683706,7.198386187683706,0.0,17,0,0,0,0,0,-10.82782494103971
PRIMARY,246,600030.SH,2024-12-31,-25.0,STOP_FIRST,-0.029241512213777625,-0.029241512213777625,0.0,20,0,0,0,0,0,-9.821028359452445
PRIMARY,247,300059.SZ,2025-01-02,-25.0,STOP_FIRST,5.568619214325684,5.568619214325684,0.0,19,0,0,0,0,0,-10.373910853057232
PRIMARY,248,300033.SZ,2025-01-02,-25.0,STOP_FIRST,23.218740081380986,23.218740081380986,0.0,19,0,0,0,0,0,-8.449836646713571
PRIMARY,249,300750.SZ,2025-01-07,-25.0,STOP_FIRST,8.716235937905914,8.716235937905914,0.0,21,0,0,0,0,0,-2.061431530740332
PRIMARY,250,000858.SZ,2025-01-06,-25.0,STOP_FIRST,1.2030252662316376,1.2030252662316376,0.0,23,0,0,0,0,0,-5.193889847781408
PRIMARY,251,688256.SH,2025-01-16,-25.0,STOP_FIRST,19.16467811575612,19.16467811575612,0.0,19,0,0,0,0,0,-4.483732441599764
PRIMARY,252,600519.SH,2025-01-03,-25.0,STOP_FIRST,4.558943908999476,4.558943908999476,0.0,33,0,0,0,0,0,-3.7431935053504506
PRIMARY,253,688256.SH,2025-03-25,-25.0,STOP_FIRST,8.922494348994318,8.922494348994318,0.0,17,0,0,0,0,0,-17.216747908844678
PRIMARY,254,002261.SZ,2025-03-24,-25.0,STOP_FIRST,2.6716085217561965,-25.15140363683379,-27.82301215858999,9,1,1,0,0,0,-27.78696429320907
PRIMARY,255,600989.SH,2025-03-28,-25.0,STOP_FIRST,6.913448021154776,6.913448021154776,0.0,20,0,0,0,0,0,-8.97260383386529
PRIMARY,256,000063.SZ,2025-03-03,-25.0,STOP_FIRST,2.6037524048102836,2.6037524048102836,0.0,42,0,0,0,0,0,-20.196827200957447
PRIMARY,257,600050.SH,2025-03-19,-25.0,STOP_FIRST,-4.102896566069308,-4.102896566069308,0.0,30,0,0,0,0,0,-12.91204099525517
PRIMARY,258,300846.SZ,2025-03-25,-25.0,STOP_FIRST,-3.7770156011244347,-15.09493344903613,-11.317917847911696,9,1,1,0,0,1,-31.401379445935305
PRIMARY,259,300059.SZ,2025-04-01,-25.0,STOP_FIRST,5.1627907747067665,5.1627907747067665,0.0,21,0,0,0,0,0,-18.189916816625797
PRIMARY,260,002475.SZ,2025-04-02,-25.0,STOP_FIRST,3.6625597634810965,-12.665464451773808,-16.328024215254903,4,1,1,0,0,1,-27.255123038788852
PRIMARY,261,300308.SZ,2025-01-10,-25.0,STOP_FIRST,0.7734206644023827,-11.636613277367998,-12.41003394177038,56,1,1,0,0,1,-39.080885586063495
PRIMARY,262,300502.SZ,2025-02-28,-25.0,STOP_FIRST,28.725713357688992,-9.411596063486954,-38.13730942117594,27,1,1,0,0,1,-31.75728487388515
PRIMARY,263,300750.SZ,2025-04-01,-25.0,STOP_FIRST,7.81936272756536,7.81936272756536,0.0,22,0,0,0,0,0,-16.506355111574443
PRIMARY,264,601318.SH,2025-04-07,-25.0,STOP_FIRST,6.926822925723594,6.926822925723594,0.0,19,0,0,0,0,0,-1.0258567917744377
PRIMARY,265,600036.SH,2025-04-07,-25.0,STOP_FIRST,5.565919809741665,5.565919809741665,0.0,19,0,0,0,0,0,-1.275773669536573
PRIMARY,266,002594.SZ,2025-04-08,-25.0,STOP_FIRST,17.218917139643203,17.218917139643203,0.0,21,0,0,0,0,0,-2.0179308927128603
PRIMARY,267,601658.SH,2025-03-28,-25.0,STOP_FIRST,3.737034722718007,3.737034722718007,0.0,28,0,0,0,0,0,-5.998762052795592
PRIMARY,268,600309.SH,2025-04-15,-25.0,STOP_FIRST,2.8522101436284233,2.8522101436284233,0.0,18,0,0,0,0,0,-4.325283052386664
PRIMARY,269,601899.SH,2025-04-07,-25.0,STOP_FIRST,18.75276321406046,18.75276321406046,0.0,28,0,0,0,0,0,-2.3499050474409477
PRIMARY,270,603259.SH,2025-04-08,-25.0,STOP_FIRST,27.365745385479556,27.365745385479556,0.0,29,0,0,0,0,0,-2.7478554733693317
PRIMARY,271,688981.SH,2025-04-01,-25.0,STOP_FIRST,-0.3367121465143475,-0.3367121465143475,0.0,53,0,0,0,0,0,-10.022828466095346
PRIMARY,272,688256.SH,2025-05-27,-25.0,STOP_FIRST,2.4520211429184493,2.4520211429184493,0.0,20,0,0,0,0,0,-9.161551567123071
PRIMARY,273,000858.SZ,2025-06-13,-25.0,STOP_FIRST,2.9441509741563254,2.9441509741563254,0.0,17,0,0,0,0,0,-0.8036010497183277
PRIMARY,274,600519.SH,2025-06-13,-25.0,STOP_FIRST,1.571155348492451,1.571155348492451,0.0,18,0,0,0,0,0,-0.18545542382252256
PRIMARY,275,300308.SZ,2025-10-14,-25.0,STOP_FIRST,37.312191378736536,37.312191378736536,0.0,7,0,0,0,0,0,-2.4164241555545862
PRIMARY,276,002460.SZ,2025-11-24,-25.0,STOP_FIRST,9.614217661278927,9.614217661278927,0.0,19,0,0,0,0,0,-1.7925475782034406
PRIMARY,277,601138.SH,2025-11-24,-25.0,STOP_FIRST,19.316165850131622,19.316165850131622,0.0,22,0,0,0,0,0,-2.475096837577462
PRIMARY,278,300502.SZ,2026-01-12,-25.0,STOP_FIRST,18.325572753597463,18.325572753597463,0.0,14,0,0,0,0,0,-2.8874334496876597
PRIMARY,279,300750.SZ,2025-11-21,-25.0,STOP_FIRST,1.7797735978262685,1.7797735978262685,0.0,52,0,0,0,0,0,-11.001248680259001
PRIMARY,280,300274.SZ,2025-12-16,-25.0,STOP_FIRST,-0.04130443998742119,-0.04130443998742119,0.0,52,0,0,0,0,0,-13.261308807790783
PRIMARY,281,300308.SZ,2026-02-06,-25.0,STOP_FIRST,3.437565472561077,3.437565472561077,0.0,21,0,0,0,0,0,-9.894027541086349
PRIMARY,282,002475.SZ,2026-01-08,-25.0,STOP_FIRST,1.540552873571203,1.540552873571203,0.0,56,0,0,0,0,0,-18.823201056328863
PRIMARY,283,601138.SH,2026-01-29,-25.0,STOP_FIRST,3.823418044659373,3.823418044659373,0.0,41,0,0,0,0,0,-17.012814423960076
PRIMARY,284,688256.SH,2026-02-03,-25.0,STOP_FIRST,12.397855616133041,12.397855616133041,0.0,38,0,0,0,0,0,-12.087912087912079
PRIMARY,285,601899.SH,2026-03-16,-25.0,STOP_FIRST,9.119263883295172,9.119263883295172,0.0,20,0,0,0,0,0,-14.280941525906998
PRIMARY,286,603986.SH,2026-03-31,-25.0,STOP_FIRST,19.7457903723054,19.7457903723054,0.0,13,0,0,0,0,0,-2.865134133444669
PRIMARY,287,300059.SZ,2026-03-20,-25.0,STOP_FIRST,8.424165896338625,8.424165896338625,0.0,31,0,0,0,0,0,-7.322200643291355
PRIMARY,288,300274.SZ,2026-04-01,-25.0,STOP_FIRST,13.077001683310016,13.077001683310016,0.0,23,0,0,0,0,0,-7.472322364359973
PRIMARY,289,300274.SZ,2026-07-01,-25.0,STOP_FIRST,-8.358514552822074,-22.42085845915669,-14.062343906334617,8,1,1,0,0,0,-26.27934444027391
PRIMARY,290,600487.SH,2026-07-06,-25.0,STOP_FIRST,-17.707576907721744,-22.071332945787432,-4.363756038065688,8,1,1,0,0,0,-46.153139444336865
PRIMARY,291,688525.SH,2026-07-15,-25.0,STOP_FIRST,-19.368418251981645,-20.286858051243,-0.9184397992613569,3,1,1,0,0,0,-34.73193473193472
PRIMARY,292,688008.SH,2026-07-16,-25.0,STOP_FIRST,-3.6609369962131426,-3.6609369962131426,0.0,27,0,0,0,0,0,-12.165294341773524
PRIMARY,293,688256.SH,2026-07-16,-25.0,STOP_FIRST,-7.309240157764709,-9.993657116782098,-2.6844169590173887,27,1,1,1,0,0,-25.153710642669623
PRIMARY,294,300308.SZ,2026-07-17,-25.0,STOP_FIRST,-11.744158826402947,-11.744158826402947,0.0,26,0,0,0,0,0,-22.96628924619374
PRIMARY,295,600584.SH,2026-07-20,-25.0,STOP_FIRST,-3.746170199653699,-3.746170199653699,0.0,25,0,0,0,0,0,-20.75720869405966
PRIMARY,296,300502.SZ,2026-07-28,-25.0,STOP_FIRST,-3.1289001702402826,-3.1289001702402826,0.0,19,0,0,0,0,0,-14.854383942881455
PRIMARY,297,002384.SZ,2026-07-29,-25.0,STOP_FIRST,6.860142611567042,6.860142611567042,0.0,18,0,0,0,0,0,-9.217430672804971
PRIMARY,298,002475.SZ,2026-08-03,-25.0,STOP_FIRST,1.2862198685484683,1.2862198685484683,0.0,15,0,0,0,0,0,-4.021902045888859
PRIMARY,299,600276.SH,2026-08-20,-25.0,STOP_FIRST,-2.438053366642191,-2.438053366642191,0.0,2,0,0,0,0,0,-4.81585777507767
PRIMARY,1,000651.SZ,2020-03-19,-25.0,TP_FIRST,8.76502998612771,8.76502998612771,0.0,15,0,0,0,0,0,-3.253806511060575
PRIMARY,2,600030.SH,2020-03-16,-25.0,TP_FIRST,1.2152522266729697,1.2152522266729697,0.0,19,0,0,0,0,0,-7.086832162571954
PRIMARY,3,300750.SZ,2020-02-28,-25.0,TP_FIRST,-1.0193924653390611,-1.0193924653390611,0.0,31,0,0,0,0,0,-24.419958905481774
PRIMARY,4,601318.SH,2020-02-28,-25.0,TP_FIRST,-1.3453625770562572,-1.3453625770562572,0.0,33,0,0,0,0,0,-15.814522556095568
PRIMARY,5,600036.SH,2020-03-19,-25.0,TP_FIRST,10.683448687695108,10.683448687695108,0.0,25,0,0,0,0,0,-0.09990265754196148
PRIMARY,6,002475.SZ,2020-03-17,-25.0,TP_FIRST,14.92275528149982,14.92275528149982,0.0,28,0,0,0,0,0,-11.112505536775796
PRIMARY,7,000858.SZ,2020-03-17,-25.0,TP_FIRST,26.82736619482785,26.82736619482785,0.0,28,0,0,0,0,0,-12.958069092199342
PRIMARY,8,000063.SZ,2020-03-17,-25.0,TP_FIRST,3.2396956676295363,3.2396956676295363,0.0,32,0,0,0,0,0,-10.59060271470772
PRIMARY,9,000725.SZ,2020-03-16,-25.0,TP_FIRST,4.611959703094805,4.611959703094805,0.0,35,0,0,0,0,0,-20.127607365604128
PRIMARY,10,002506.SZ,2020-03-26,-25.0,TP_FIRST,-6.524016348081019,-15.004358441890876,-8.480342093809856,23,1,1,0,0,1,-31.211643047504246
PRIMARY,11,600519.SH,2020-03-18,-25.0,TP_FIRST,39.54846152311298,39.54846152311298,0.0,48,0,0,0,0,0,-3.505987509815356
PRIMARY,12,000002.SZ,2020-03-18,-25.0,TP_FIRST,4.681297620587952,4.681297620587952,0.0,49,0,0,0,0,0,-6.372695888701285
PRIMARY,13,002714.SZ,2020-05-11,-25.0,TP_FIRST,-37.346517858183255,-39.08929023133747,-1.7427723731542173,17,1,1,0,0,1,-43.62347582705105
PRIMARY,14,000063.SZ,2020-05-25,-25.0,TP_FIRST,8.355437860095789,8.355437860095789,0.0,17,0,0,0,0,0,-5.214052830367422
PRIMARY,15,002415.SZ,2020-05-25,-25.0,TP_FIRST,7.15509150196319,7.15509150196319,0.0,17,0,0,0,0,0,-2.5965128554330974
PRIMARY,16,600703.SH,2020-06-15,-25.0,TP_FIRST,15.534542524394753,15.534542524394753,0.0,12,0,0,0,0,0,-1.7232235549681896
PRIMARY,17,600030.SH,2020-09-07,-25.0,TP_FIRST,3.3416942678344705,3.3416942678344705,0.0,18,0,0,0,0,0,-2.3347247522243597
PRIMARY,18,300059.SZ,2020-09-09,-25.0,TP_FIRST,4.052671012057143,4.052671012057143,0.0,16,0,0,0,0,0,-5.835594827212354
PRIMARY,19,600276.SH,2020-09-17,-25.0,TP_FIRST,7.964121567403469,7.964121567403469,0.0,10,0,0,0,0,0,-0.30802389658590723
PRIMARY,20,000063.SZ,2020-09-10,-25.0,TP_FIRST,8.16654508112372,8.16654508112372,0.0,16,0,0,0,0,0,-2.1893558485753473
PRIMARY,21,000651.SZ,2020-09-28,-25.0,TP_FIRST,7.18749636223901,7.18749636223901,0.0,5,0,0,0,0,0,-0.7920940870049797
PRIMARY,22,600036.SH,2020-09-30,-25.0,TP_FIRST,8.189846606772502,8.189846606772502,0.0,5,0,0,0,0,0,-0.8409143929827279
PRIMARY,23,002456.SZ,2020-09-01,-25.0,TP_FIRST,0.3287151054327302,0.3287151054327302,0.0,34,0,0,0,0,0,-16.877466166367018
PRIMARY,24,300136.SZ,2020-10-12,-25.0,TP_FIRST,3.7523403888601528,3.7523403888601528,0.0,19,0,0,0,0,0,-11.264076050883421
PRIMARY,25,600030.SH,2020-10-26,-25.0,TP_FIRST,5.218510332201447,5.218510332201447,0.0,19,0,0,0,0,0,-4.85376403171518
PRIMARY,26,000661.SZ,2020-09-16,-25.0,TP_FIRST,10.365131138225253,10.365131138225253,0.0,47,0,0,0,0,0,-10.396266523703268
PRIMARY,27,600745.SH,2020-09-08,-25.0,TP_FIRST,1.4169185149017833,1.4169185149017833,0.0,57,0,0,0,0,0,-24.96934183424869
PRIMARY,28,601012.SH,2020-11-13,-25.0,TP_FIRST,11.570904483395198,11.570904483395198,0.0,17,0,0,0,0,0,-7.125413198287678
PRIMARY,29,300122.SZ,2020-11-11,-25.0,TP_FIRST,21.594186068179752,21.594186068179752,0.0,27,0,0,0,0,0,-14.25593292277403
PRIMARY,30,002475.SZ,2020-11-16,-25.0,TP_FIRST,4.922943424348968,4.922943424348968,0.0,26,0,0,0,0,0,-6.247600021016375
PRIMARY,31,002241.SZ,2020-11-16,-25.0,TP_FIRST,2.7641560070263713,2.7641560070263713,0.0,28,0,0,0,0,0,-8.190219287755895
PRIMARY,32,000651.SZ,2020-12-09,-25.0,TP_FIRST,4.778058019478602,4.778058019478602,0.0,17,0,0,0,0,0,-6.9491076663235285
PRIMARY,33,688981.SH,2020-12-16,-25.0,TP_FIRST,16.521188858697652,16.521188858697652,0.0,16,0,0,0,0,0,-4.393704306917501
PRIMARY,34,601318.SH,2021-01-28,-25.0,TP_FIRST,9.42474089385644,9.42474089385644,0.0,14,0,0,0,0,0,-7.015107202120719
PRIMARY,35,300059.SZ,2021-02-22,-25.0,TP_FIRST,-9.75617275607125,-9.75617275607125,0.0,28,0,0,0,0,0,-21.294436987155805
PRIMARY,36,000333.SZ,2021-02-22,-25.0,TP_FIRST,1.124921971714471,1.124921971714471,0.0,28,0,0,0,0,0,-11.037863818654303
PRIMARY,37,000858.SZ,2021-03-08,-25.0,TP_FIRST,16.23467230378328,16.23467230378328,0.0,18,0,0,0,0,0,-5.053624061888506
PRIMARY,38,600030.SH,2021-03-01,-25.0,TP_FIRST,-1.7719464410848904,-1.7719464410848904,0.0,24,0,0,0,0,0,-9.731175855642116
PRIMARY,39,601012.SH,2021-03-04,-25.0,TP_FIRST,2.8151228530517156,2.8151228530517156,0.0,21,0,0,0,0,0,-20.33269501471261
PRIMARY,40,002241.SZ,2021-01-29,-25.0,TP_FIRST,-2.3809753380773024,-2.3809753380773024,0.0,45,0,0,0,0,0,-24.32266643437805
PRIMARY,41,300750.SZ,2021-01-29,-25.0,TP_FIRST,2.6778263400166544,2.6778263400166544,0.0,46,0,0,0,0,0,-20.744980856829066
PRIMARY,42,002475.SZ,2021-01-28,-25.0,TP_FIRST,-17.795635461958412,-12.928906719233904,4.866728742724508,28,1,1,0,0,1,-38.05999710973133
PRIMARY,43,600438.SH,2021-03-05,-25.0,TP_FIRST,-2.082117681436346,-2.082117681436346,0.0,30,0,0,0,0,0,-21.900640918932147
PRIMARY,44,300014.SZ,2021-03-23,-25.0,TP_FIRST,20.343646524893185,20.343646524893185,0.0,18,0,0,0,0,0,-1.1328405715407053
PRIMARY,45,601899.SH,2021-03-24,-25.0,TP_FIRST,13.67315267261283,13.67315267261283,0.0,17,0,0,0,0,0,-0.5227592786883895
PRIMARY,46,601166.SH,2021-04-15,-25.0,TP_FIRST,10.16039399503804,10.16039399503804,0.0,15,0,0,0,0,0,-2.3887839446735004
PRIMARY,47,600276.SH,2021-04-15,-25.0,TP_FIRST,2.9762113310555116,2.9762113310555116,0.0,18,0,0,0,0,0,-5.364820806114978
PRIMARY,48,002352.SZ,2021-04-12,-25.0,TP_FIRST,1.806031845385725,1.806031845385725,0.0,22,0,0,0,0,0,-8.258407334556994
PRIMARY,49,600519.SH,2021-05-06,-25.0,TP_FIRST,12.309433820124724,12.309433820124724,0.0,12,0,0,0,0,0,-5.132526010090399
PRIMARY,50,600031.SH,2021-03-09,-25.0,TP_FIRST,2.027751640672817,-8.148264385040209,-10.176016025713025,44,1,1,0,0,1,-27.978387085265844
PRIMARY,51,600009.SH,2021-02-03,-25.0,TP_FIRST,-1.1354409255495685,-1.1354409255495685,0.0,76,0,0,0,0,0,-22.985275095121573
PRIMARY,52,002594.SZ,2021-02-24,-25.0,TP_FIRST,16.160298578230066,-14.08800075764759,-30.248299335877654,49,1,1,0,0,1,-34.73181070183321
PRIMARY,53,002340.SZ,2021-06-07,-25.0,TP_FIRST,5.290865136021748,5.290865136021748,0.0,19,0,0,0,0,0,-11.268220523967209
PRIMARY,54,000661.SZ,2021-05-24,-25.0,TP_FIRST,3.543179209088439,3.543179209088439,0.0,38,0,0,0,0,0,-16.869230019043936
PRIMARY,55,002594.SZ,2021-07-16,-25.0,TP_FIRST,25.77910857036041,25.77910857036041,0.0,10,0,0,0,0,0,-2.6882194842621776
PRIMARY,56,600031.SH,2021-06-11,-25.0,TP_FIRST,4.433342850860986,4.433342850860986,0.0,35,0,0,0,0,0,-15.123799665013548
PRIMARY,57,002241.SZ,2021-07-22,-25.0,TP_FIRST,10.273218124699701,10.273218124699701,0.0,9,0,0,0,0,0,-7.886693775763421
PRIMARY,58,600036.SH,2021-07-08,-25.0,TP_FIRST,8.736132867824947,8.736132867824947,0.0,28,0,0,0,0,0,-10.298243793004092
PRIMARY,59,300782.SZ,2021-07-13,-25.0,TP_FIRST,4.700284102162052,4.700284102162052,0.0,29,0,0,0,0,0,-10.944165622271129
PRIMARY,60,601919.SH,2021-07-23,-25.0,TP_FIRST,21.9399821535198,21.9399821535198,0.0,25,0,0,0,0,0,-13.003666576368966
PRIMARY,61,002460.SZ,2021-08-16,-25.0,TP_FIRST,24.025427124052413,24.025427124052413,0.0,9,0,0,0,0,0,-2.17885582383488
PRIMARY,62,300750.SZ,2021-07-27,-25.0,TP_FIRST,8.626053858905106,8.626053858905106,0.0,34,0,0,0,0,0,-5.360767280539502
PRIMARY,63,300760.SZ,2021-08-20,-25.0,TP_FIRST,25.243095200327115,25.243095200327115,0.0,19,0,0,0,0,0,-1.3648131532456809
PRIMARY,64,600519.SH,2021-07-26,-25.0,TP_FIRST,2.091334708861519,2.091334708861519,0.0,41,0,0,0,0,0,-15.47553943560599
PRIMARY,65,002714.SZ,2021-05-24,-25.0,TP_FIRST,-18.715268930191936,-6.419125730570796,12.29614319962114,42,1,1,0,0,1,-56.67478900029019
PRIMARY,66,000858.SZ,2021-07-08,-25.0,TP_FIRST,-7.6342909419297795,-14.10159441148657,-6.46730346955679,36,1,1,0,0,0,-28.655500122152368
PRIMARY,67,002594.SZ,2021-09-29,-25.0,TP_FIRST,17.089129638620165,17.089129638620165,0.0,6,0,0,0,0,0,-0.5192972651856032
PRIMARY,68,601318.SH,2021-03-18,-25.0,TP_FIRST,-28.116081051784203,-18.517880356974953,9.59820069480925,74,1,1,0,0,0,-41.80696245003698
PRIMARY,69,000651.SZ,2021-05-25,-25.0,TP_FIRST,-19.03127753582529,-15.870059350377947,3.1612181854473427,67,1,1,0,0,0,-33.090168102543274
PRIMARY,70,000333.SZ,2021-07-05,-25.0,TP_FIRST,11.175030722164129,11.175030722164129,0.0,71,0,0,0,0,0,-9.770984837876318
PRIMARY,71,600111.SH,2021-09-29,-25.0,TP_FIRST,22.277893313169177,22.277893313169177,0.0,12,0,0,0,0,0,-3.6351512387024387
PRIMARY,72,600089.SH,2021-10-08,-25.0,TP_FIRST,21.757208672823793,21.757208672823793,0.0,12,0,0,0,0,0,-5.355399017850127
PRIMARY,73,002466.SZ,2021-09-22,-25.0,TP_FIRST,5.276533723848393,5.276533723848393,0.0,28,0,0,0,0,0,-18.18048772561611
PRIMARY,74,000858.SZ,2021-11-01,-25.0,TP_FIRST,7.772649549904674,7.772649549904674,0.0,16,0,0,0,0,0,-2.695601939103509
PRIMARY,75,603259.SH,2021-11-04,-25.0,TP_FIRST,10.333997515607747,10.333997515607747,0.0,15,0,0,0,0,0,-4.388640111365582
PRIMARY,76,601919.SH,2021-09-28,-25.0,TP_FIRST,3.0377221934720415,3.0377221934720415,0.0,39,0,0,0,0,0,-19.410201081693145
PRIMARY,77,600030.SH,2021-11-16,-25.0,TP_FIRST,7.942169042945349,7.942169042945349,0.0,13,0,0,0,0,0,-1.3115665629502171
PRIMARY,78,000651.SZ,2021-10-27,-25.0,TP_FIRST,3.7666645298140864,3.7666645298140864,0.0,30,0,0,0,0,0,-6.591904190897946
PRIMARY,79,600036.SH,2021-11-26,-25.0,TP_FIRST,7.780249533285357,7.780249533285357,0.0,8,0,0,0,0,0,-2.0264594890360255
PRIMARY,80,600036.SH,2021-12-29,-25.0,TP_FIRST,5.516341863497587,5.516341863497587,0.0,14,0,0,0,0,0,-0.892595978810895
PRIMARY,81,002129.SZ,2021-12-01,-25.0,TP_FIRST,7.212021342950852,7.212021342950852,0.0,38,0,0,0,0,0,-10.209695479014202
PRIMARY,82,600030.SH,2022-01-14,-25.0,TP_FIRST,1.0102995428563417,1.0102995428563417,0.0,9,0,0,0,0,0,-4.115180796829354
PRIMARY,83,601888.SH,2021-11-02,-25.0,TP_FIRST,7.8045788936873635,7.8045788936873635,0.0,65,0,0,0,0,0,-17.76278012400819
PRIMARY,84,600111.SH,2021-12-24,-25.0,TP_FIRST,10.927469701064592,10.927469701064592,0.0,31,0,0,0,0,0,-16.158101136300374
PRIMARY,85,000792.SZ,2022-01-20,-25.0,TP_FIRST,18.801769360068377,18.801769360068377,0.0,13,0,0,0,0,0,-2.101609531796167
PRIMARY,86,002460.SZ,2021-12-20,-25.0,TP_FIRST,7.327370162653349,7.327370162653349,0.0,36,0,0,0,0,0,-13.694999767838578
PRIMARY,87,002466.SZ,2021-12-20,-25.0,TP_FIRST,1.837573601773871,1.837573601773871,0.0,36,0,0,0,0,0,-19.98566660073482
PRIMARY,88,000661.SZ,2022-01-24,-25.0,TP_FIRST,11.89884859958246,11.89884859958246,0.0,17,0,0,0,0,0,-4.775620293737893
PRIMARY,89,601012.SH,2021-12-01,-25.0,TP_FIRST,6.472325573333965,6.472325573333965,0.0,57,0,0,0,0,0,-23.797689806559163
PRIMARY,90,603259.SH,2021-12-20,-25.0,TP_FIRST,12.254494786218984,-11.739489568465427,-23.99398435468441,33,1,1,0,0,1,-28.86139126771904
PRIMARY,91,000002.SZ,2022-03-04,-25.0,TP_FIRST,14.88504791739044,14.88504791739044,0.0,18,0,0,0,0,0,-22.246037106497695
PRIMARY,92,300059.SZ,2022-01-05,-25.0,TP_FIRST,-5.7513210082683415,-11.035219651591216,-5.283898643322875,44,1,1,0,0,1,-34.89656169461941
PRIMARY,93,600519.SH,2022-01-07,-25.0,TP_FIRST,0.9984159395398549,0.9984159395398549,0.0,61,0,0,0,0,0,-17.458488731459298
PRIMARY,94,601888.SH,2022-03-14,-25.0,TP_FIRST,7.812849493656972,7.812849493656972,0.0,20,0,0,0,0,0,-8.439813952671848
PRIMARY,95,002594.SZ,2021-12-16,-25.0,TP_FIRST,-1.5968178542206901,-15.532679762268009,-13.935861908047318,52,1,1,0,0,0,-26.330714118353036
PRIMARY,96,000625.SZ,2021-11-16,-25.0,TP_FIRST,-22.229994518631575,-14.053751408399714,8.17624311023186,74,1,1,0,0,1,-53.29984290867762
PRIMARY,97,002475.SZ,2022-02-08,-25.0,TP_FIRST,-17.15409169654668,-14.184233908235782,2.9698577883108968,36,1,1,0,0,1,-40.77681436537638
PRIMARY,98,002466.SZ,2022-04-25,-25.0,TP_FIRST,41.854779546894,41.854779546894,0.0,8,0,0,0,0,0,-3.4110472521140522
PRIMARY,99,300274.SZ,2021-12-21,-25.0,TP_FIRST,-25.58857835409347,-10.126236932544126,15.462341421549345,63,1,1,0,0,1,-58.717689038471335
PRIMARY,100,002460.SZ,2022-03-08,-25.0,TP_FIRST,17.706849570514894,-12.636862395290105,-30.343711965805,33,1,1,0,0,1,-28.642784574491998
PRIMARY,101,000858.SZ,2022-01-28,-25.0,TP_FIRST,-8.807756178930596,-17.120541074496753,-8.312784895566157,36,1,1,0,0,0,-25.5194802146096
PRIMARY,102,300014.SZ,2022-03-03,-25.0,TP_FIRST,26.31764601662993,-16.81315903077665,-43.13080504740658,36,1,1,0,0,1,-32.624915571840454
PRIMARY,103,300750.SZ,2021-12-20,-25.0,TP_FIRST,-14.232912370394569,-11.995934804285998,2.236977566108571,73,1,1,0,0,0,-41.8073675499418
PRIMARY,104,601012.SH,2022-03-29,-25.0,TP_FIRST,-12.752364240157288,-12.752364240157288,0.0,42,0,0,0,0,0,-24.82075936524716
PRIMARY,105,002415.SZ,2022-05-06,-25.0,TP_FIRST,3.5450375895839463,3.5450375895839463,0.0,19,0,0,0,0,0,-8.562023743217374
PRIMARY,106,600276.SH,2022-01-13,-25.0,TP_FIRST,-29.55698724716474,-19.455628139378753,10.101359107785989,33,1,1,0,0,0,-42.610580908453244
PRIMARY,107,601318.SH,2022-03-15,-25.0,TP_FIRST,-0.3864474449981416,-0.3864474449981416,0.0,55,0,0,0,0,0,-2.315282705156485
PRIMARY,108,600036.SH,2022-03-07,-25.0,TP_FIRST,-6.245523329299984,-6.245523329299984,0.0,65,0,0,0,0,0,-24.345417637488787
PRIMARY,109,300122.SZ,2022-04-14,-25.0,TP_FIRST,-6.645958234266682,-15.752487001662985,-9.106528767396302,28,1,1,0,0,1,-28.79470109263167
PRIMARY,110,002241.SZ,2022-06-23,-25.0,TP_FIRST,2.8400230023871615,2.8400230023871615,0.0,30,0,0,0,0,0,-5.007927632982501
PRIMARY,111,002466.SZ,2022-08-19,-25.0,TP_FIRST,13.385590477234006,13.385590477234006,0.0,2,0,0,0,0,0,-2.8634236347626074
PRIMARY,112,600036.SH,2022-07-13,-25.0,TP_FIRST,-1.5651520516643562,-1.5651520516643562,0.0,34,0,0,0,0,0,-12.409355098525655
PRIMARY,113,601888.SH,2022-08-08,-25.0,TP_FIRST,7.1858432781792185,7.1858432781792185,0.0,33,0,0,0,0,0,-8.133019118063235
PRIMARY,114,000858.SZ,2022-07-29,-25.0,TP_FIRST,-2.4673011477159523,-2.4673011477159523,0.0,40,0,0,0,0,0,-12.093504633059515
PRIMARY,115,300274.SZ,2022-08-31,-25.0,TP_FIRST,13.216110132265186,13.216110132265186,0.0,23,0,0,0,0,0,-6.803285897864219
PRIMARY,116,300760.SZ,2022-09-21,-25.0,TP_FIRST,26.10435256088347,26.10435256088347,0.0,11,0,0,0,0,0,-2.945982270341807
PRIMARY,117,603259.SH,2022-07-27,-25.0,TP_FIRST,-6.553924195303395,-17.54968598631132,-10.995761791007926,37,1,1,0,0,0,-30.331191278374803
PRIMARY,118,601012.SH,2022-08-03,-25.0,TP_FIRST,-1.5712301907594528,-1.5712301907594528,0.0,54,0,0,0,0,0,-20.79675190961924
PRIMARY,119,688599.SH,2022-08-19,-25.0,TP_FIRST,4.900961296612725,4.900961296612725,0.0,42,0,0,0,0,0,-11.786057206268874
PRIMARY,120,002459.SZ,2022-08-19,-25.0,TP_FIRST,5.627000867343111,5.627000867343111,0.0,42,0,0,0,0,0,-10.712385831051897
PRIMARY,121,601899.SH,2022-09-26,-25.0,TP_FIRST,6.916188828671841,6.916188828671841,0.0,18,0,0,0,0,0,-3.33920245581949
PRIMARY,122,002460.SZ,2022-08-25,-25.0,TP_FIRST,2.226213115920718,2.226213115920718,0.0,41,0,0,0,0,0,-16.759572939966095
PRIMARY,123,002271.SZ,2022-08-23,-25.0,TP_FIRST,-5.965240206705305,-18.58556647869013,-12.620326271984824,35,1,1,0,0,0,-29.215251654169816
PRIMARY,124,600703.SH,2022-09-20,-25.0,TP_FIRST,1.4365619204532005,1.4365619204532005,0.0,26,0,0,0,0,0,-17.135927537327543
PRIMARY,125,002594.SZ,2022-07-12,-25.0,TP_FIRST,-2.227087712436274,-2.227087712436274,0.0,76,0,0,0,0,0,-23.762322609884045
PRIMARY,126,002466.SZ,2022-09-01,-25.0,TP_FIRST,0.41755742217796255,0.41755742217796255,0.0,39,0,0,0,0,0,-17.18698543788346
PRIMARY,127,002050.SZ,2022-10-11,-25.0,TP_FIRST,8.648758708124946,8.648758708124946,0.0,17,0,0,0,0,0,-7.919779995223497
PRIMARY,128,603799.SH,2022-09-29,-25.0,TP_FIRST,1.9036214562895246,1.9036214562895246,0.0,21,0,0,0,0,0,-18.54792363873298
PRIMARY,129,600030.SH,2022-09-16,-25.0,TP_FIRST,3.2914258355483077,3.2914258355483077,0.0,34,0,0,0,0,0,-7.2317278605463
PRIMARY,130,600036.SH,2022-10-10,-25.0,TP_FIRST,4.74708231806275,4.74708231806275,0.0,23,0,0,0,0,0,-17.352231797581
PRIMARY,131,601166.SH,2022-08-29,-25.0,TP_FIRST,2.990941980494697,2.990941980494697,0.0,48,0,0,0,0,0,-11.758858159541209
PRIMARY,132,601318.SH,2022-10-24,-25.0,TP_FIRST,11.54058817209945,11.54058817209945,0.0,14,0,0,0,0,0,-4.56589305883337
PRIMARY,133,000651.SZ,2022-10-31,-25.0,TP_FIRST,11.08646263720554,11.08646263720554,0.0,9,0,0,0,0,0,-0.62111668689665
PRIMARY,134,300059.SZ,2022-08-02,-25.0,TP_FIRST,1.3148602142200303,-14.815513425566952,-16.13037363978698,55,1,1,0,0,1,-28.41433393805436
PRIMARY,135,000625.SZ,2022-08-24,-25.0,TP_FIRST,2.31475867645841,-10.180457121420806,-12.495215797879217,42,1,1,0,0,1,-27.190338345372766
PRIMARY,136,000858.SZ,2022-10-24,-25.0,TP_FIRST,13.014502136358589,13.014502136358589,0.0,26,0,0,0,0,0,-6.076160549181053
PRIMARY,137,600519.SH,2022-09-05,-25.0,TP_FIRST,-5.861614932184937,-21.859666760726792,-15.998051828541856,32,1,1,0,0,0,-27.44375317821398
PRIMARY,138,000568.SZ,2022-10-10,-25.0,TP_FIRST,5.894426001503926,-14.451049575587554,-20.34547557709148,14,1,1,0,0,0,-26.23829865914583
PRIMARY,139,600887.SH,2022-10-20,-25.0,TP_FIRST,6.706648715667189,6.706648715667189,0.0,29,0,0,0,0,0,-18.517421916247343
PRIMARY,140,002714.SZ,2022-10-26,-25.0,TP_FIRST,5.23244617556544,5.23244617556544,0.0,28,0,0,0,0,0,-8.911088606217998
PRIMARY,141,300750.SZ,2022-09-01,-25.0,TP_FIRST,-1.3981718838619202,-1.3981718838619202,0.0,62,0,0,0,0,0,-24.986572858520837
PRIMARY,142,002371.SZ,2022-10-12,-25.0,TP_FIRST,10.597667780822029,10.597667780822029,0.0,44,0,0,0,0,0,-5.446303292394417
PRIMARY,143,603259.SH,2022-11-28,-25.0,TP_FIRST,6.738265986701266,6.738265986701266,0.0,22,0,0,0,0,0,-2.1226976811561937
PRIMARY,144,600522.SH,2022-11-01,-25.0,TP_FIRST,-5.676303523410963,-15.358993754206113,-9.68269023079515,30,1,1,0,0,0,-30.66339374603776
PRIMARY,145,300274.SZ,2022-12-06,-25.0,TP_FIRST,12.35423017458993,12.35423017458993,0.0,18,0,0,0,0,0,-12.997661644686353
PRIMARY,146,002241.SZ,2022-11-11,-25.0,TP_FIRST,8.552942953591648,8.552942953591648,0.0,37,0,0,0,0,0,-2.0552360649699564
PRIMARY,147,002812.SZ,2022-11-23,-25.0,TP_FIRST,12.272962184274384,12.272962184274384,0.0,30,0,0,0,0,0,-7.454367889448843
PRIMARY,148,601012.SH,2022-12-22,-25.0,TP_FIRST,11.348570853081775,11.348570853081775,0.0,17,0,0,0,0,0,-1.83945407826005
PRIMARY,149,000625.SZ,2022-12-28,-25.0,TP_FIRST,15.403895272762636,15.403895272762636,0.0,16,0,0,0,0,0,-2.461030882431914
PRIMARY,150,002709.SZ,2022-12-30,-25.0,TP_FIRST,15.538268097973235,15.538268097973235,0.0,14,0,0,0,0,0,-2.7348780509869663
PRIMARY,151,300014.SZ,2023-01-11,-25.0,TP_FIRST,6.981985480381129,6.981985480381129,0.0,9,0,0,0,0,0,-4.915491114570337
PRIMARY,152,300750.SZ,2023-02-17,-25.0,TP_FIRST,3.6254689430868456,3.6254689430868456,0.0,29,0,0,0,0,0,-11.62683470375777
PRIMARY,153,600519.SH,2023-03-08,-25.0,TP_FIRST,3.358107895598216,3.358107895598216,0.0,16,0,0,0,0,0,-2.5877984739737014
PRIMARY,154,300059.SZ,2023-03-07,-25.0,TP_FIRST,6.704927557794763,6.704927557794763,0.0,18,0,0,0,0,0,-6.726693190328403
PRIMARY,155,300274.SZ,2023-03-14,-25.0,TP_FIRST,3.872684453553771,3.872684453553771,0.0,23,0,0,0,0,0,-11.398858058207795
PRIMARY,156,002594.SZ,2023-03-10,-25.0,TP_FIRST,7.839512102970262,7.839512102970262,0.0,33,0,0,0,0,0,-3.6913778017047982
PRIMARY,157,000858.SZ,2023-04-10,-25.0,TP_FIRST,-2.6488868636941545,-2.6488868636941545,0.0,26,0,0,0,0,0,-10.048100566887374
PRIMARY,158,000651.SZ,2023-05-04,-25.0,TP_FIRST,6.144996620188443,6.144996620188443,0.0,25,0,0,0,0,0,-8.255590958382841
PRIMARY,159,601899.SH,2023-05-12,-25.0,TP_FIRST,6.727401168026937,6.727401168026937,0.0,19,0,0,0,0,0,-5.558920911138776
PRIMARY,160,600519.SH,2023-04-12,-25.0,TP_FIRST,6.514893856808776,6.514893856808776,0.0,43,0,0,0,0,0,-4.355999030555235
PRIMARY,161,601012.SH,2023-03-16,-25.0,TP_FIRST,-17.84953964554572,-17.164926242443855,0.6846134031018636,49,1,1,0,0,1,-33.276416390528766
PRIMARY,162,600036.SH,2023-04-27,-25.0,TP_FIRST,-0.6278320762058595,-0.6278320762058595,0.0,57,0,0,0,0,0,-3.793063901958049
PRIMARY,163,600809.SH,2023-05-22,-25.0,TP_FIRST,9.67465728119054,9.67465728119054,0.0,43,0,0,0,0,0,-16.847859403834985
PRIMARY,164,300059.SZ,2023-05-29,-25.0,TP_FIRST,3.238668828858134,3.238668828858134,0.0,38,0,0,0,0,0,-4.622126321593722
PRIMARY,165,002415.SZ,2023-06-09,-25.0,TP_FIRST,9.253968396028046,9.253968396028046,0.0,31,0,0,0,0,0,-3.0509320142771967
PRIMARY,166,300750.SZ,2023-06-07,-25.0,TP_FIRST,8.015096907867838,8.015096907867838,0.0,35,0,0,0,0,0,-2.799902799902787
PRIMARY,167,688981.SH,2023-05-09,-25.0,TP_FIRST,-1.9912914951639942,-1.9912914951639942,0.0,57,0,0,0,0,0,-7.822752791213516
PRIMARY,168,600570.SH,2023-07-11,-25.0,TP_FIRST,12.935015317595871,12.935015317595871,0.0,17,0,0,0,0,0,-3.6163828033945022
PRIMARY,169,300418.SZ,2023-06-26,-25.0,TP_FIRST,-7.109717403112448,-7.109717403112448,0.0,34,0,0,0,0,0,-22.324869570606698
PRIMARY,170,600276.SH,2023-07-31,-25.0,TP_FIRST,2.244966610480217,2.244966610480217,0.0,19,0,0,0,0,0,-16.355370032537774
PRIMARY,171,002230.SZ,2023-08-16,-25.0,TP_FIRST,-4.04018826584394,-4.04018826584394,0.0,32,0,0,0,0,0,-19.948062722882465
PRIMARY,172,002475.SZ,2023-09-07,-25.0,TP_FIRST,6.728014277472455,6.728014277472455,0.0,17,0,0,0,0,0,-4.4345508276317
PRIMARY,173,300760.SZ,2023-08-07,-25.0,TP_FIRST,6.5338873044717865,6.5338873044717865,0.0,53,0,0,0,0,0,-4.449940020156773
PRIMARY,174,000858.SZ,2023-08-18,-25.0,TP_FIRST,9.240903528696505,9.240903528696505,0.0,46,0,0,0,0,0,-12.715230910264852
PRIMARY,175,300014.SZ,2023-02-20,-25.0,TP_FIRST,-28.568832058383776,-16.9025090578399,11.666323000543876,77,1,1,0,0,0,-44.47756749417103
PRIMARY,176,300059.SZ,2023-10-23,-25.0,TP_FIRST,6.795375111896212,6.795375111896212,0.0,9,0,0,0,0,0,-0.4417866895821354
PRIMARY,177,603019.SH,2023-08-09,-25.0,TP_FIRST,2.102020516340531,2.102020516340531,0.0,57,0,0,0,0,0,-18.940916927699114
PRIMARY,178,300274.SZ,2023-08-21,-25.0,TP_FIRST,2.059040269174881,2.059040269174881,0.0,51,0,0,0,0,0,-23.84860922169848
PRIMARY,179,300308.SZ,2023-07-20,-25.0,TP_FIRST,-5.693477162892338,-13.380477037118442,-7.686999874226104,43,1,1,0,0,1,-34.647305581306
PRIMARY,180,000977.SZ,2023-08-18,-25.0,TP_FIRST,7.706372017077919,-10.827683324979565,-18.534055342057485,41,1,1,0,0,1,-32.22636562323018
PRIMARY,181,601012.SH,2023-08-21,-25.0,TP_FIRST,-11.755699669774852,-16.805206290613572,-5.04950662083872,73,1,1,0,0,0,-26.371969728680746
PRIMARY,182,600519.SH,2023-10-13,-25.0,TP_FIRST,1.893988027016628,1.893988027016628,0.0,54,0,0,0,0,0,-7.786761434433009
PRIMARY,183,600009.SH,2023-08-21,-25.0,TP_FIRST,-11.699228208217027,-11.699228208217027,0.0,98,0,0,0,0,0,-24.842656679790675
PRIMARY,184,601318.SH,2023-11-09,-25.0,TP_FIRST,-2.3138721028580727,-2.3138721028580727,0.0,53,0,0,0,0,0,-12.395299497973422
PRIMARY,185,000651.SZ,2023-12-20,-25.0,TP_FIRST,12.104633410839133,12.104633410839133,0.0,26,0,0,0,0,0,-0.22839068988121936
PRIMARY,186,601138.SH,2023-10-24,-25.0,TP_FIRST,11.050900506142318,11.050900506142318,0.0,73,0,0,0,0,0,-8.702006282856667
PRIMARY,187,000858.SZ,2023-12-13,-25.0,TP_FIRST,2.808164916171326,2.808164916171326,0.0,37,0,0,0,0,0,-9.305511112151732
PRIMARY,188,600519.SH,2024-01-17,-25.0,TP_FIRST,5.907729356690894,5.907729356690894,0.0,13,0,0,0,0,0,-1.2708988071569394
PRIMARY,189,300750.SZ,2023-09-08,-25.0,TP_FIRST,-18.00484444688593,-15.82573051104024,2.17911393584569,51,1,1,0,0,0,-37.07504075265946
PRIMARY,190,002230.SZ,2024-01-03,-25.0,TP_FIRST,3.585730933845497,3.585730933845497,0.0,25,0,0,0,0,0,-13.110142123274604
PRIMARY,191,300418.SZ,2024-01-31,-25.0,TP_FIRST,39.428041617887864,39.428041617887864,0.0,6,0,0,0,0,0,-9.269811195543308
PRIMARY,192,000568.SZ,2023-12-11,-25.0,TP_FIRST,1.1120117479146117,1.1120117479146117,0.0,44,0,0,0,0,0,-22.710877834749677
PRIMARY,193,300059.SZ,2023-12-27,-25.0,TP_FIRST,5.900250298765934,5.900250298765934,0.0,32,0,0,0,0,0,-11.47429406768471
PRIMARY,194,000063.SZ,2023-07-20,-25.0,TP_FIRST,-20.144973123840867,-10.640943832612974,9.504029291227893,63,1,1,0,0,1,-49.074840753076984
PRIMARY,195,000628.SZ,2023-12-14,-25.0,TP_FIRST,44.67924500816973,-6.238191338195351,-50.91743634636508,37,1,1,0,0,1,-39.992579634592374
PRIMARY,196,000625.SZ,2024-01-04,-25.0,TP_FIRST,12.686864654118965,12.686864654118965,0.0,30,0,0,0,0,0,-24.25874529738413
PRIMARY,197,301236.SZ,2024-01-22,-25.0,TP_FIRST,15.202767971466354,15.202767971466354,0.0,18,0,0,0,0,0,-20.518249818689295
PRIMARY,198,002555.SZ,2023-12-25,-25.0,TP_FIRST,17.471539089853273,17.471539089853273,0.0,39,0,0,0,0,0,-18.06601865960579
PRIMARY,199,000661.SZ,2024-01-12,-25.0,TP_FIRST,5.324721980411358,5.324721980411358,0.0,26,0,0,0,0,0,-15.088906432452676
PRIMARY,200,300033.SZ,2024-01-16,-25.0,TP_FIRST,11.478914185701258,11.478914185701258,0.0,24,0,0,0,0,0,-19.68785420497784
PRIMARY,201,002456.SZ,2023-12-14,-25.0,TP_FIRST,9.13490121758614,-14.360478830330322,-23.495380047916463,34,1,1,0,0,0,-32.75517367129328
PRIMARY,202,603259.SH,2024-01-30,-25.0,TP_FIRST,16.5357317467109,16.5357317467109,0.0,17,0,0,0,0,0,-19.366346576745652
PRIMARY,203,002594.SZ,2023-08-14,-25.0,TP_FIRST,-16.277210987224258,-23.63731809627668,-7.3601071090524215,86,1,1,0,0,1,-33.85103047938111
PRIMARY,204,601012.SH,2024-01-29,-25.0,TP_FIRST,15.268422377533785,15.268422377533785,0.0,24,0,0,0,0,0,-13.258914832233726
PRIMARY,205,002475.SZ,2024-01-17,-25.0,TP_FIRST,7.219372761109448,7.219372761109448,0.0,37,0,0,0,0,0,-11.861191429965057
PRIMARY,206,601318.SH,2024-03-22,-25.0,TP_FIRST,8.104543046068015,8.104543046068015,0.0,23,0,0,0,0,0,-6.965721129438385
PRIMARY,207,600519.SH,2024-04-08,-25.0,TP_FIRST,5.19682233937109,5.19682233937109,0.0,16,0,0,0,0,0,-1.7024675784346077
PRIMARY,208,000977.SZ,2024-04-10,-25.0,TP_FIRST,12.570545419631626,12.570545419631626,0.0,14,0,0,0,0,0,-8.98589486777226
PRIMARY,209,000628.SZ,2024-03-29,-25.0,TP_FIRST,-22.18874094507154,-16.234591190710805,5.954149754360735,7,1,1,0,0,1,-52.38614252495148
PRIMARY,210,002129.SZ,2024-01-30,-25.0,TP_FIRST,-6.5866863796632105,-6.5866863796632105,0.0,69,0,0,0,0,0,-23.270953005067007
PRIMARY,211,601138.SH,2024-05-31,-25.0,TP_FIRST,17.235953981802986,17.235953981802986,0.0,8,0,0,0,0,0,-0.1435072194053144
PRIMARY,212,002230.SZ,2024-04-23,-25.0,TP_FIRST,5.3407176576942215,5.3407176576942215,0.0,35,0,0,0,0,0,-3.192044234481095
PRIMARY,213,600919.SH,2024-04-26,-25.0,TP_FIRST,-3.22433989136676,-3.22433989136676,0.0,42,0,0,0,0,0,-6.245585876244874
PRIMARY,214,000977.SZ,2024-05-28,-25.0,TP_FIRST,4.476827597833199,4.476827597833199,0.0,28,0,0,0,0,0,-6.538088943116049
PRIMARY,215,000625.SZ,2024-04-16,-25.0,TP_FIRST,-3.5813249331349106,-3.5813249331349106,0.0,56,0,0,0,0,0,-22.439671783461513
PRIMARY,216,000725.SZ,2024-05-28,-25.0,TP_FIRST,4.499483038676097,4.499483038676097,0.0,29,0,0,0,0,0,-5.704054833968886
PRIMARY,217,603019.SH,2024-03-27,-25.0,TP_FIRST,-3.1650656694684725,-3.1650656694684725,0.0,73,0,0,0,0,0,-19.720874640088848
PRIMARY,218,000858.SZ,2024-06-11,-25.0,TP_FIRST,-4.863606074584775,-4.863606074584775,0.0,25,0,0,0,0,0,-9.446093150024627
PRIMARY,219,600519.SH,2024-06-11,-25.0,TP_FIRST,0.5216824393800606,0.5216824393800606,0.0,27,0,0,0,0,0,-10.274440490341663
PRIMARY,220,300750.SZ,2024-06-07,-25.0,TP_FIRST,1.3901215027090492,1.3901215027090492,0.0,29,0,0,0,0,0,-9.524339063610821
PRIMARY,221,300059.SZ,2024-06-28,-25.0,TP_FIRST,3.9349979609446946,3.9349979609446946,0.0,22,0,0,0,0,0,-5.914697081934461
PRIMARY,222,601012.SH,2024-06-06,-25.0,TP_FIRST,-12.181185272863992,-24.25161210310926,-12.070426830245268,21,1,1,0,0,0,-25.1188709649811
PRIMARY,223,600519.SH,2024-07-30,-25.0,TP_FIRST,4.979956385509713,4.979956385509713,0.0,22,0,0,0,0,0,-0.09990187614892232
PRIMARY,224,002594.SZ,2024-08-02,-25.0,TP_FIRST,6.379967880191982,6.379967880191982,0.0,19,0,0,0,0,0,-3.2764151461084245
PRIMARY,225,002475.SZ,2024-08-05,-25.0,TP_FIRST,8.544910470004318,8.544910470004318,0.0,18,0,0,0,0,0,-3.167255709326977
PRIMARY,226,002466.SZ,2024-04-25,-25.0,TP_FIRST,-13.212317215788726,-11.524715469471248,1.687601746317478,83,1,1,0,0,1,-36.23508762311697
PRIMARY,227,300502.SZ,2024-07-25,-25.0,TP_FIRST,13.964744747831642,13.964744747831642,0.0,35,0,0,0,0,0,-12.266195988559547
PRIMARY,228,601919.SH,2024-07-08,-25.0,TP_FIRST,1.7285541339282333,1.7285541339282333,0.0,51,0,0,0,0,0,-19.814263643782315
PRIMARY,229,000063.SZ,2024-08-22,-25.0,TP_FIRST,3.3955801711335427,3.3955801711335427,0.0,19,0,0,0,0,0,-3.013656189391656
PRIMARY,230,601138.SH,2024-07-18,-25.0,TP_FIRST,-2.550959931032771,-10.827407517338445,-8.276447586305673,37,1,1,0,0,1,-27.58542866236795
PRIMARY,231,300308.SZ,2024-07-25,-25.0,TP_FIRST,7.199933708510119,7.199933708510119,0.0,40,0,0,0,0,0,-20.412077421209307
PRIMARY,232,601899.SH,2024-07-23,-25.0,TP_FIRST,11.302372099604602,11.302372099604602,0.0,43,0,0,0,0,0,-15.34301819528009
PRIMARY,233,601127.SH,2024-08-28,-25.0,TP_FIRST,11.860904824260553,11.860904824260553,0.0,17,0,0,0,0,0,-0.6937050159442237
PRIMARY,234,600036.SH,2024-09-09,-25.0,TP_FIRST,12.650986424212693,12.650986424212693,0.0,9,0,0,0,0,0,-1.1566935372865572
PRIMARY,235,000858.SZ,2024-08-22,-25.0,TP_FIRST,9.447704740723928,9.447704740723928,0.0,22,0,0,0,0,0,-11.92058204560389
PRIMARY,236,600809.SH,2024-08-28,-25.0,TP_FIRST,10.265232797714383,10.265232797714383,0.0,18,0,0,0,0,0,-9.343746064530556
PRIMARY,237,600519.SH,2024-09-09,-25.0,TP_FIRST,13.065449104192647,13.065449104192647,0.0,10,0,0,0,0,0,-9.155678699288794
PRIMARY,238,600276.SH,2024-09-20,-25.0,TP_FIRST,7.0921102706178285,7.0921102706178285,0.0,3,0,0,0,0,0,-1.5909424566413088
PRIMARY,239,000100.SZ,2024-05-07,-25.0,TP_FIRST,6.430946014868081,6.430946014868081,0.0,99,0,0,0,0,0,-22.85372018914835
PRIMARY,240,688012.SH,2024-08-23,-25.0,TP_FIRST,8.980679975166685,8.980679975166685,0.0,22,0,0,0,0,0,-11.105843309233144
PRIMARY,241,688256.SH,2024-09-05,-25.0,TP_FIRST,22.25002533076108,22.25002533076108,0.0,14,0,0,0,0,0,-3.4709343344747623
PRIMARY,242,600900.SH,2024-09-11,-25.0,TP_FIRST,8.228584541518643,8.228584541518643,0.0,10,0,0,0,0,0,-0.35235825269818166
PRIMARY,243,600150.SH,2024-09-19,-25.0,TP_FIRST,4.47320430931633,4.47320430931633,0.0,58,0,0,0,0,0,-6.4123490487716595
PRIMARY,244,600418.SH,2024-11-27,-25.0,TP_FIRST,19.31501930377224,19.31501930377224,0.0,38,0,0,0,0,0,-4.031151825779977
PRIMARY,245,603019.SH,2025-01-02,-25.0,TP_FIRST,7.198386187683706,7.198386187683706,0.0,17,0,0,0,0,0,-10.82782494103971
PRIMARY,246,600030.SH,2024-12-31,-25.0,TP_FIRST,-0.029241512213777625,-0.029241512213777625,0.0,20,0,0,0,0,0,-9.821028359452445
PRIMARY,247,300059.SZ,2025-01-02,-25.0,TP_FIRST,5.568619214325684,5.568619214325684,0.0,19,0,0,0,0,0,-10.373910853057232
PRIMARY,248,300033.SZ,2025-01-02,-25.0,TP_FIRST,23.218740081380986,23.218740081380986,0.0,19,0,0,0,0,0,-8.449836646713571
PRIMARY,249,300750.SZ,2025-01-07,-25.0,TP_FIRST,8.716235937905914,8.716235937905914,0.0,21,0,0,0,0,0,-2.061431530740332
PRIMARY,250,000858.SZ,2025-01-06,-25.0,TP_FIRST,1.2030252662316376,1.2030252662316376,0.0,23,0,0,0,0,0,-5.193889847781408
PRIMARY,251,688256.SH,2025-01-16,-25.0,TP_FIRST,19.16467811575612,19.16467811575612,0.0,19,0,0,0,0,0,-4.483732441599764
PRIMARY,252,600519.SH,2025-01-03,-25.0,TP_FIRST,4.558943908999476,4.558943908999476,0.0,33,0,0,0,0,0,-3.7431935053504506
PRIMARY,253,688256.SH,2025-03-25,-25.0,TP_FIRST,8.922494348994318,8.922494348994318,0.0,17,0,0,0,0,0,-17.216747908844678
PRIMARY,254,002261.SZ,2025-03-24,-25.0,TP_FIRST,2.6716085217561965,-25.15140363683379,-27.82301215858999,9,1,1,0,0,0,-27.78696429320907
PRIMARY,255,600989.SH,2025-03-28,-25.0,TP_FIRST,6.913448021154776,6.913448021154776,0.0,20,0,0,0,0,0,-8.97260383386529
PRIMARY,256,000063.SZ,2025-03-03,-25.0,TP_FIRST,2.6037524048102836,2.6037524048102836,0.0,42,0,0,0,0,0,-20.196827200957447
PRIMARY,257,600050.SH,2025-03-19,-25.0,TP_FIRST,-4.102896566069308,-4.102896566069308,0.0,30,0,0,0,0,0,-12.91204099525517
PRIMARY,258,300846.SZ,2025-03-25,-25.0,TP_FIRST,-3.7770156011244347,-15.09493344903613,-11.317917847911696,9,1,1,0,0,1,-31.401379445935305
PRIMARY,259,300059.SZ,2025-04-01,-25.0,TP_FIRST,5.1627907747067665,5.1627907747067665,0.0,21,0,0,0,0,0,-18.189916816625797
PRIMARY,260,002475.SZ,2025-04-02,-25.0,TP_FIRST,3.6625597634810965,-12.665464451773808,-16.328024215254903,4,1,1,0,0,1,-27.255123038788852
PRIMARY,261,300308.SZ,2025-01-10,-25.0,TP_FIRST,0.7734206644023827,-11.636613277367998,-12.41003394177038,56,1,1,0,0,1,-39.080885586063495
PRIMARY,262,300502.SZ,2025-02-28,-25.0,TP_FIRST,28.725713357688992,-9.411596063486954,-38.13730942117594,27,1,1,0,0,1,-31.75728487388515
PRIMARY,263,300750.SZ,2025-04-01,-25.0,TP_FIRST,7.81936272756536,7.81936272756536,0.0,22,0,0,0,0,0,-16.506355111574443
PRIMARY,264,601318.SH,2025-04-07,-25.0,TP_FIRST,6.926822925723594,6.926822925723594,0.0,19,0,0,0,0,0,-1.0258567917744377
PRIMARY,265,600036.SH,2025-04-07,-25.0,TP_FIRST,5.565919809741665,5.565919809741665,0.0,19,0,0,0,0,0,-1.275773669536573
PRIMARY,266,002594.SZ,2025-04-08,-25.0,TP_FIRST,17.218917139643203,17.218917139643203,0.0,21,0,0,0,0,0,-2.0179308927128603
PRIMARY,267,601658.SH,2025-03-28,-25.0,TP_FIRST,3.737034722718007,3.737034722718007,0.0,28,0,0,0,0,0,-5.998762052795592
PRIMARY,268,600309.SH,2025-04-15,-25.0,TP_FIRST,2.8522101436284233,2.8522101436284233,0.0,18,0,0,0,0,0,-4.325283052386664
PRIMARY,269,601899.SH,2025-04-07,-25.0,TP_FIRST,18.75276321406046,18.75276321406046,0.0,28,0,0,0,0,0,-2.3499050474409477
PRIMARY,270,603259.SH,2025-04-08,-25.0,TP_FIRST,27.365745385479556,27.365745385479556,0.0,29,0,0,0,0,0,-2.7478554733693317
PRIMARY,271,688981.SH,2025-04-01,-25.0,TP_FIRST,-0.3367121465143475,-0.3367121465143475,0.0,53,0,0,0,0,0,-10.022828466095346
PRIMARY,272,688256.SH,2025-05-27,-25.0,TP_FIRST,2.4520211429184493,2.4520211429184493,0.0,20,0,0,0,0,0,-9.161551567123071
PRIMARY,273,000858.SZ,2025-06-13,-25.0,TP_FIRST,2.9441509741563254,2.9441509741563254,0.0,17,0,0,0,0,0,-0.8036010497183277
PRIMARY,274,600519.SH,2025-06-13,-25.0,TP_FIRST,1.571155348492451,1.571155348492451,0.0,18,0,0,0,0,0,-0.18545542382252256
PRIMARY,275,300308.SZ,2025-10-14,-25.0,TP_FIRST,37.312191378736536,37.312191378736536,0.0,7,0,0,0,0,0,-2.4164241555545862
PRIMARY,276,002460.SZ,2025-11-24,-25.0,TP_FIRST,9.614217661278927,9.614217661278927,0.0,19,0,0,0,0,0,-1.7925475782034406
PRIMARY,277,601138.SH,2025-11-24,-25.0,TP_FIRST,19.316165850131622,19.316165850131622,0.0,22,0,0,0,0,0,-2.475096837577462
PRIMARY,278,300502.SZ,2026-01-12,-25.0,TP_FIRST,18.325572753597463,18.325572753597463,0.0,14,0,0,0,0,0,-2.8874334496876597
PRIMARY,279,300750.SZ,2025-11-21,-25.0,TP_FIRST,1.7797735978262685,1.7797735978262685,0.0,52,0,0,0,0,0,-11.001248680259001
PRIMARY,280,300274.SZ,2025-12-16,-25.0,TP_FIRST,-0.04130443998742119,-0.04130443998742119,0.0,52,0,0,0,0,0,-13.261308807790783
PRIMARY,281,300308.SZ,2026-02-06,-25.0,TP_FIRST,3.437565472561077,3.437565472561077,0.0,21,0,0,0,0,0,-9.894027541086349
PRIMARY,282,002475.SZ,2026-01-08,-25.0,TP_FIRST,1.540552873571203,1.540552873571203,0.0,56,0,0,0,0,0,-18.823201056328863
PRIMARY,283,601138.SH,2026-01-29,-25.0,TP_FIRST,3.823418044659373,3.823418044659373,0.0,41,0,0,0,0,0,-17.012814423960076
PRIMARY,284,688256.SH,2026-02-03,-25.0,TP_FIRST,12.397855616133041,12.397855616133041,0.0,38,0,0,0,0,0,-12.087912087912079
PRIMARY,285,601899.SH,2026-03-16,-25.0,TP_FIRST,9.119263883295172,9.119263883295172,0.0,20,0,0,0,0,0,-14.280941525906998
PRIMARY,286,603986.SH,2026-03-31,-25.0,TP_FIRST,19.7457903723054,19.7457903723054,0.0,13,0,0,0,0,0,-2.865134133444669
PRIMARY,287,300059.SZ,2026-03-20,-25.0,TP_FIRST,8.424165896338625,8.424165896338625,0.0,31,0,0,0,0,0,-7.322200643291355
PRIMARY,288,300274.SZ,2026-04-01,-25.0,TP_FIRST,13.077001683310016,13.077001683310016,0.0,23,0,0,0,0,0,-7.472322364359973
PRIMARY,289,300274.SZ,2026-07-01,-25.0,TP_FIRST,-8.358514552822074,-22.42085845915669,-14.062343906334617,8,1,1,0,0,0,-26.27934444027391
PRIMARY,290,600487.SH,2026-07-06,-25.0,TP_FIRST,-17.707576907721744,-22.071332945787432,-4.363756038065688,8,1,1,0,0,0,-46.153139444336865
PRIMARY,291,688525.SH,2026-07-15,-25.0,TP_FIRST,-19.368418251981645,-20.286858051243,-0.9184397992613569,3,1,1,0,0,0,-34.73193473193472
PRIMARY,292,688008.SH,2026-07-16,-25.0,TP_FIRST,-3.6609369962131426,-3.6609369962131426,0.0,27,0,0,0,0,0,-12.165294341773524
PRIMARY,293,688256.SH,2026-07-16,-25.0,TP_FIRST,-7.309240157764709,-9.993657116782098,-2.6844169590173887,27,1,1,1,0,0,-25.153710642669623
PRIMARY,294,300308.SZ,2026-07-17,-25.0,TP_FIRST,-11.744158826402947,-11.744158826402947,0.0,26,0,0,0,0,0,-22.96628924619374
PRIMARY,295,600584.SH,2026-07-20,-25.0,TP_FIRST,-3.746170199653699,-3.746170199653699,0.0,25,0,0,0,0,0,-20.75720869405966
PRIMARY,296,300502.SZ,2026-07-28,-25.0,TP_FIRST,-3.1289001702402826,-3.1289001702402826,0.0,19,0,0,0,0,0,-14.854383942881455
PRIMARY,297,002384.SZ,2026-07-29,-25.0,TP_FIRST,6.860142611567042,6.860142611567042,0.0,18,0,0,0,0,0,-9.217430672804971
PRIMARY,298,002475.SZ,2026-08-03,-25.0,TP_FIRST,1.2862198685484683,1.2862198685484683,0.0,15,0,0,0,0,0,-4.021902045888859
PRIMARY,299,600276.SH,2026-08-20,-25.0,TP_FIRST,-2.438053366642191,-2.438053366642191,0.0,2,0,0,0,0,0,-4.81585777507767
PRIMARY,1,000651.SZ,2020-03-19,-27.5,STOP_FIRST,8.76502998612771,8.76502998612771,0.0,15,0,0,0,0,0,-3.253806511060575
PRIMARY,2,600030.SH,2020-03-16,-27.5,STOP_FIRST,1.2152522266729697,1.2152522266729697,0.0,19,0,0,0,0,0,-7.086832162571954
PRIMARY,3,300750.SZ,2020-02-28,-27.5,STOP_FIRST,-1.0193924653390611,-1.0193924653390611,0.0,31,0,0,0,0,0,-24.419958905481774
PRIMARY,4,601318.SH,2020-02-28,-27.5,STOP_FIRST,-1.3453625770562572,-1.3453625770562572,0.0,33,0,0,0,0,0,-15.814522556095568
PRIMARY,5,600036.SH,2020-03-19,-27.5,STOP_FIRST,10.683448687695108,10.683448687695108,0.0,25,0,0,0,0,0,-0.09990265754196148
PRIMARY,6,002475.SZ,2020-03-17,-27.5,STOP_FIRST,14.92275528149982,14.92275528149982,0.0,28,0,0,0,0,0,-11.112505536775796
PRIMARY,7,000858.SZ,2020-03-17,-27.5,STOP_FIRST,26.82736619482785,26.82736619482785,0.0,28,0,0,0,0,0,-12.958069092199342
PRIMARY,8,000063.SZ,2020-03-17,-27.5,STOP_FIRST,3.2396956676295363,3.2396956676295363,0.0,32,0,0,0,0,0,-10.59060271470772
PRIMARY,9,000725.SZ,2020-03-16,-27.5,STOP_FIRST,4.611959703094805,4.611959703094805,0.0,35,0,0,0,0,0,-20.127607365604128
PRIMARY,10,002506.SZ,2020-03-26,-27.5,STOP_FIRST,-6.524016348081019,-16.73876414699685,-10.21474779891583,23,1,1,0,0,1,-31.211643047504246
PRIMARY,11,600519.SH,2020-03-18,-27.5,STOP_FIRST,39.54846152311298,39.54846152311298,0.0,48,0,0,0,0,0,-3.505987509815356
PRIMARY,12,000002.SZ,2020-03-18,-27.5,STOP_FIRST,4.681297620587952,4.681297620587952,0.0,49,0,0,0,0,0,-6.372695888701285
PRIMARY,13,002714.SZ,2020-05-11,-27.5,STOP_FIRST,-37.346517858183255,-39.08929023133747,-1.7427723731542173,17,1,1,0,0,1,-43.62347582705105
PRIMARY,14,000063.SZ,2020-05-25,-27.5,STOP_FIRST,8.355437860095789,8.355437860095789,0.0,17,0,0,0,0,0,-5.214052830367422
PRIMARY,15,002415.SZ,2020-05-25,-27.5,STOP_FIRST,7.15509150196319,7.15509150196319,0.0,17,0,0,0,0,0,-2.5965128554330974
PRIMARY,16,600703.SH,2020-06-15,-27.5,STOP_FIRST,15.534542524394753,15.534542524394753,0.0,12,0,0,0,0,0,-1.7232235549681896
PRIMARY,17,600030.SH,2020-09-07,-27.5,STOP_FIRST,3.3416942678344705,3.3416942678344705,0.0,18,0,0,0,0,0,-2.3347247522243597
PRIMARY,18,300059.SZ,2020-09-09,-27.5,STOP_FIRST,4.052671012057143,4.052671012057143,0.0,16,0,0,0,0,0,-5.835594827212354
PRIMARY,19,600276.SH,2020-09-17,-27.5,STOP_FIRST,7.964121567403469,7.964121567403469,0.0,10,0,0,0,0,0,-0.30802389658590723
PRIMARY,20,000063.SZ,2020-09-10,-27.5,STOP_FIRST,8.16654508112372,8.16654508112372,0.0,16,0,0,0,0,0,-2.1893558485753473
PRIMARY,21,000651.SZ,2020-09-28,-27.5,STOP_FIRST,7.18749636223901,7.18749636223901,0.0,5,0,0,0,0,0,-0.7920940870049797
PRIMARY,22,600036.SH,2020-09-30,-27.5,STOP_FIRST,8.189846606772502,8.189846606772502,0.0,5,0,0,0,0,0,-0.8409143929827279
PRIMARY,23,002456.SZ,2020-09-01,-27.5,STOP_FIRST,0.3287151054327302,0.3287151054327302,0.0,34,0,0,0,0,0,-16.877466166367018
PRIMARY,24,300136.SZ,2020-10-12,-27.5,STOP_FIRST,3.7523403888601528,3.7523403888601528,0.0,19,0,0,0,0,0,-11.264076050883421
PRIMARY,25,600030.SH,2020-10-26,-27.5,STOP_FIRST,5.218510332201447,5.218510332201447,0.0,19,0,0,0,0,0,-4.85376403171518
PRIMARY,26,000661.SZ,2020-09-16,-27.5,STOP_FIRST,10.365131138225253,10.365131138225253,0.0,47,0,0,0,0,0,-10.396266523703268
PRIMARY,27,600745.SH,2020-09-08,-27.5,STOP_FIRST,1.4169185149017833,1.4169185149017833,0.0,57,0,0,0,0,0,-24.96934183424869
PRIMARY,28,601012.SH,2020-11-13,-27.5,STOP_FIRST,11.570904483395198,11.570904483395198,0.0,17,0,0,0,0,0,-7.125413198287678
PRIMARY,29,300122.SZ,2020-11-11,-27.5,STOP_FIRST,21.594186068179752,21.594186068179752,0.0,27,0,0,0,0,0,-14.25593292277403
PRIMARY,30,002475.SZ,2020-11-16,-27.5,STOP_FIRST,4.922943424348968,4.922943424348968,0.0,26,0,0,0,0,0,-6.247600021016375
PRIMARY,31,002241.SZ,2020-11-16,-27.5,STOP_FIRST,2.7641560070263713,2.7641560070263713,0.0,28,0,0,0,0,0,-8.190219287755895
PRIMARY,32,000651.SZ,2020-12-09,-27.5,STOP_FIRST,4.778058019478602,4.778058019478602,0.0,17,0,0,0,0,0,-6.9491076663235285
PRIMARY,33,688981.SH,2020-12-16,-27.5,STOP_FIRST,16.521188858697652,16.521188858697652,0.0,16,0,0,0,0,0,-4.393704306917501
PRIMARY,34,601318.SH,2021-01-28,-27.5,STOP_FIRST,9.42474089385644,9.42474089385644,0.0,14,0,0,0,0,0,-7.015107202120719
PRIMARY,35,300059.SZ,2021-02-22,-27.5,STOP_FIRST,-9.75617275607125,-9.75617275607125,0.0,28,0,0,0,0,0,-21.294436987155805
PRIMARY,36,000333.SZ,2021-02-22,-27.5,STOP_FIRST,1.124921971714471,1.124921971714471,0.0,28,0,0,0,0,0,-11.037863818654303
PRIMARY,37,000858.SZ,2021-03-08,-27.5,STOP_FIRST,16.23467230378328,16.23467230378328,0.0,18,0,0,0,0,0,-5.053624061888506
PRIMARY,38,600030.SH,2021-03-01,-27.5,STOP_FIRST,-1.7719464410848904,-1.7719464410848904,0.0,24,0,0,0,0,0,-9.731175855642116
PRIMARY,39,601012.SH,2021-03-04,-27.5,STOP_FIRST,2.8151228530517156,2.8151228530517156,0.0,21,0,0,0,0,0,-20.33269501471261
PRIMARY,40,002241.SZ,2021-01-29,-27.5,STOP_FIRST,-2.3809753380773024,-2.3809753380773024,0.0,45,0,0,0,0,0,-24.32266643437805
PRIMARY,41,300750.SZ,2021-01-29,-27.5,STOP_FIRST,2.6778263400166544,2.6778263400166544,0.0,46,0,0,0,0,0,-20.744980856829066
PRIMARY,42,002475.SZ,2021-01-28,-27.5,STOP_FIRST,-17.795635461958412,-15.11637505167656,2.6792604102818522,28,1,1,0,0,0,-38.05999710973133
PRIMARY,43,600438.SH,2021-03-05,-27.5,STOP_FIRST,-2.082117681436346,-2.082117681436346,0.0,30,0,0,0,0,0,-21.900640918932147
PRIMARY,44,300014.SZ,2021-03-23,-27.5,STOP_FIRST,20.343646524893185,20.343646524893185,0.0,18,0,0,0,0,0,-1.1328405715407053
PRIMARY,45,601899.SH,2021-03-24,-27.5,STOP_FIRST,13.67315267261283,13.67315267261283,0.0,17,0,0,0,0,0,-0.5227592786883895
PRIMARY,46,601166.SH,2021-04-15,-27.5,STOP_FIRST,10.16039399503804,10.16039399503804,0.0,15,0,0,0,0,0,-2.3887839446735004
PRIMARY,47,600276.SH,2021-04-15,-27.5,STOP_FIRST,2.9762113310555116,2.9762113310555116,0.0,18,0,0,0,0,0,-5.364820806114978
PRIMARY,48,002352.SZ,2021-04-12,-27.5,STOP_FIRST,1.806031845385725,1.806031845385725,0.0,22,0,0,0,0,0,-8.258407334556994
PRIMARY,49,600519.SH,2021-05-06,-27.5,STOP_FIRST,12.309433820124724,12.309433820124724,0.0,12,0,0,0,0,0,-5.132526010090399
PRIMARY,50,600031.SH,2021-03-09,-27.5,STOP_FIRST,2.027751640672817,-10.969123848022022,-12.996875488694839,44,1,1,0,0,0,-27.978387085265844
PRIMARY,51,600009.SH,2021-02-03,-27.5,STOP_FIRST,-1.1354409255495685,-1.1354409255495685,0.0,76,0,0,0,0,0,-22.985275095121573
PRIMARY,52,002594.SZ,2021-02-24,-27.5,STOP_FIRST,16.160298578230066,-14.186048577997473,-30.346347156227537,49,1,1,0,0,1,-34.73181070183321
PRIMARY,53,002340.SZ,2021-06-07,-27.5,STOP_FIRST,5.290865136021748,5.290865136021748,0.0,19,0,0,0,0,0,-11.268220523967209
PRIMARY,54,000661.SZ,2021-05-24,-27.5,STOP_FIRST,3.543179209088439,3.543179209088439,0.0,38,0,0,0,0,0,-16.869230019043936
PRIMARY,55,002594.SZ,2021-07-16,-27.5,STOP_FIRST,25.77910857036041,25.77910857036041,0.0,10,0,0,0,0,0,-2.6882194842621776
PRIMARY,56,600031.SH,2021-06-11,-27.5,STOP_FIRST,4.433342850860986,4.433342850860986,0.0,35,0,0,0,0,0,-15.123799665013548
PRIMARY,57,002241.SZ,2021-07-22,-27.5,STOP_FIRST,10.273218124699701,10.273218124699701,0.0,9,0,0,0,0,0,-7.886693775763421
PRIMARY,58,600036.SH,2021-07-08,-27.5,STOP_FIRST,8.736132867824947,8.736132867824947,0.0,28,0,0,0,0,0,-10.298243793004092
PRIMARY,59,300782.SZ,2021-07-13,-27.5,STOP_FIRST,4.700284102162052,4.700284102162052,0.0,29,0,0,0,0,0,-10.944165622271129
PRIMARY,60,601919.SH,2021-07-23,-27.5,STOP_FIRST,21.9399821535198,21.9399821535198,0.0,25,0,0,0,0,0,-13.003666576368966
PRIMARY,61,002460.SZ,2021-08-16,-27.5,STOP_FIRST,24.025427124052413,24.025427124052413,0.0,9,0,0,0,0,0,-2.17885582383488
PRIMARY,62,300750.SZ,2021-07-27,-27.5,STOP_FIRST,8.626053858905106,8.626053858905106,0.0,34,0,0,0,0,0,-5.360767280539502
PRIMARY,63,300760.SZ,2021-08-20,-27.5,STOP_FIRST,25.243095200327115,25.243095200327115,0.0,19,0,0,0,0,0,-1.3648131532456809
PRIMARY,64,600519.SH,2021-07-26,-27.5,STOP_FIRST,2.091334708861519,2.091334708861519,0.0,41,0,0,0,0,0,-15.47553943560599
PRIMARY,65,002714.SZ,2021-05-24,-27.5,STOP_FIRST,-18.715268930191936,-6.57935577689013,12.135913153301807,42,1,1,0,0,1,-56.67478900029019
PRIMARY,66,000858.SZ,2021-07-08,-27.5,STOP_FIRST,-7.6342909419297795,-16.96487459777034,-9.33058365584056,49,1,1,0,0,0,-28.655500122152368
PRIMARY,67,002594.SZ,2021-09-29,-27.5,STOP_FIRST,17.089129638620165,17.089129638620165,0.0,6,0,0,0,0,0,-0.5192972651856032
PRIMARY,68,601318.SH,2021-03-18,-27.5,STOP_FIRST,-28.116081051784203,-21.233951011742462,6.882130040041741,78,1,1,0,0,0,-41.80696245003698
PRIMARY,69,000651.SZ,2021-05-25,-27.5,STOP_FIRST,-19.03127753582529,-18.674390705365358,0.3568868304599313,68,1,1,0,0,0,-33.090168102543274
PRIMARY,70,000333.SZ,2021-07-05,-27.5,STOP_FIRST,11.175030722164129,11.175030722164129,0.0,71,0,0,0,0,0,-9.770984837876318
PRIMARY,71,600111.SH,2021-09-29,-27.5,STOP_FIRST,22.277893313169177,22.277893313169177,0.0,12,0,0,0,0,0,-3.6351512387024387
PRIMARY,72,600089.SH,2021-10-08,-27.5,STOP_FIRST,21.757208672823793,21.757208672823793,0.0,12,0,0,0,0,0,-5.355399017850127
PRIMARY,73,002466.SZ,2021-09-22,-27.5,STOP_FIRST,5.276533723848393,5.276533723848393,0.0,28,0,0,0,0,0,-18.18048772561611
PRIMARY,74,000858.SZ,2021-11-01,-27.5,STOP_FIRST,7.772649549904674,7.772649549904674,0.0,16,0,0,0,0,0,-2.695601939103509
PRIMARY,75,603259.SH,2021-11-04,-27.5,STOP_FIRST,10.333997515607747,10.333997515607747,0.0,15,0,0,0,0,0,-4.388640111365582
PRIMARY,76,601919.SH,2021-09-28,-27.5,STOP_FIRST,3.0377221934720415,3.0377221934720415,0.0,39,0,0,0,0,0,-19.410201081693145
PRIMARY,77,600030.SH,2021-11-16,-27.5,STOP_FIRST,7.942169042945349,7.942169042945349,0.0,13,0,0,0,0,0,-1.3115665629502171
PRIMARY,78,000651.SZ,2021-10-27,-27.5,STOP_FIRST,3.7666645298140864,3.7666645298140864,0.0,30,0,0,0,0,0,-6.591904190897946
PRIMARY,79,600036.SH,2021-11-26,-27.5,STOP_FIRST,7.780249533285357,7.780249533285357,0.0,8,0,0,0,0,0,-2.0264594890360255
PRIMARY,80,600036.SH,2021-12-29,-27.5,STOP_FIRST,5.516341863497587,5.516341863497587,0.0,14,0,0,0,0,0,-0.892595978810895
PRIMARY,81,002129.SZ,2021-12-01,-27.5,STOP_FIRST,7.212021342950852,7.212021342950852,0.0,38,0,0,0,0,0,-10.209695479014202
PRIMARY,82,600030.SH,2022-01-14,-27.5,STOP_FIRST,1.0102995428563417,1.0102995428563417,0.0,9,0,0,0,0,0,-4.115180796829354
PRIMARY,83,601888.SH,2021-11-02,-27.5,STOP_FIRST,7.8045788936873635,7.8045788936873635,0.0,65,0,0,0,0,0,-17.76278012400819
PRIMARY,84,600111.SH,2021-12-24,-27.5,STOP_FIRST,10.927469701064592,10.927469701064592,0.0,31,0,0,0,0,0,-16.158101136300374
PRIMARY,85,000792.SZ,2022-01-20,-27.5,STOP_FIRST,18.801769360068377,18.801769360068377,0.0,13,0,0,0,0,0,-2.101609531796167
PRIMARY,86,002460.SZ,2021-12-20,-27.5,STOP_FIRST,7.327370162653349,7.327370162653349,0.0,36,0,0,0,0,0,-13.694999767838578
PRIMARY,87,002466.SZ,2021-12-20,-27.5,STOP_FIRST,1.837573601773871,1.837573601773871,0.0,36,0,0,0,0,0,-19.98566660073482
PRIMARY,88,000661.SZ,2022-01-24,-27.5,STOP_FIRST,11.89884859958246,11.89884859958246,0.0,17,0,0,0,0,0,-4.775620293737893
PRIMARY,89,601012.SH,2021-12-01,-27.5,STOP_FIRST,6.472325573333965,6.472325573333965,0.0,57,0,0,0,0,0,-23.797689806559163
PRIMARY,90,603259.SH,2021-12-20,-27.5,STOP_FIRST,12.254494786218984,-13.603683973049508,-25.85817875926849,33,1,1,0,0,1,-28.86139126771904
PRIMARY,91,000002.SZ,2022-03-04,-27.5,STOP_FIRST,14.88504791739044,14.88504791739044,0.0,18,0,0,0,0,0,-22.246037106497695
PRIMARY,92,300059.SZ,2022-01-05,-27.5,STOP_FIRST,-5.7513210082683415,-13.332046651386948,-7.5807256431186065,44,1,1,0,0,1,-34.89656169461941
PRIMARY,93,600519.SH,2022-01-07,-27.5,STOP_FIRST,0.9984159395398549,0.9984159395398549,0.0,61,0,0,0,0,0,-17.458488731459298
PRIMARY,94,601888.SH,2022-03-14,-27.5,STOP_FIRST,7.812849493656972,7.812849493656972,0.0,20,0,0,0,0,0,-8.439813952671848
PRIMARY,95,002594.SZ,2021-12-16,-27.5,STOP_FIRST,-1.5968178542206901,-1.5968178542206901,0.0,88,0,0,0,0,0,-26.330714118353036
PRIMARY,96,000625.SZ,2021-11-16,-27.5,STOP_FIRST,-22.229994518631575,-16.285819556882213,5.944174961749361,74,1,1,0,0,1,-53.29984290867762
PRIMARY,97,002475.SZ,2022-02-08,-27.5,STOP_FIRST,-17.15409169654668,-17.044759444627918,0.10933225191876161,36,1,1,0,0,1,-40.77681436537638
PRIMARY,98,002466.SZ,2022-04-25,-27.5,STOP_FIRST,41.854779546894,41.854779546894,0.0,8,0,0,0,0,0,-3.4110472521140522
PRIMARY,99,300274.SZ,2021-12-21,-27.5,STOP_FIRST,-25.58857835409347,-12.465829492215978,13.122748861877493,63,1,1,0,0,1,-58.717689038471335
PRIMARY,100,002460.SZ,2022-03-08,-27.5,STOP_FIRST,17.706849570514894,-14.895004860390598,-32.60185443090549,33,1,1,0,0,0,-28.642784574491998
PRIMARY,101,000858.SZ,2022-01-28,-27.5,STOP_FIRST,-8.807756178930596,-8.807756178930596,0.0,75,0,0,0,0,0,-25.5194802146096
PRIMARY,102,300014.SZ,2022-03-03,-27.5,STOP_FIRST,26.31764601662993,-18.960225146903245,-45.27787116353318,36,1,1,0,0,1,-32.624915571840454
PRIMARY,103,300750.SZ,2021-12-20,-27.5,STOP_FIRST,-14.232912370394569,-14.92940364414315,-0.6964912737485811,75,1,1,0,0,0,-41.8073675499418
PRIMARY,104,601012.SH,2022-03-29,-27.5,STOP_FIRST,-12.752364240157288,-12.752364240157288,0.0,42,0,0,0,0,0,-24.82075936524716
PRIMARY,105,002415.SZ,2022-05-06,-27.5,STOP_FIRST,3.5450375895839463,3.5450375895839463,0.0,19,0,0,0,0,0,-8.562023743217374
PRIMARY,106,600276.SH,2022-01-13,-27.5,STOP_FIRST,-29.55698724716474,-22.14044053473281,7.416546712431931,53,1,1,0,0,0,-42.610580908453244
PRIMARY,107,601318.SH,2022-03-15,-27.5,STOP_FIRST,-0.3864474449981416,-0.3864474449981416,0.0,55,0,0,0,0,0,-2.315282705156485
PRIMARY,108,600036.SH,2022-03-07,-27.5,STOP_FIRST,-6.245523329299984,-6.245523329299984,0.0,65,0,0,0,0,0,-24.345417637488787
PRIMARY,109,300122.SZ,2022-04-14,-27.5,STOP_FIRST,-6.645958234266682,-18.103998596545946,-11.458040362279263,28,1,1,0,0,0,-28.79470109263167
PRIMARY,110,002241.SZ,2022-06-23,-27.5,STOP_FIRST,2.8400230023871615,2.8400230023871615,0.0,30,0,0,0,0,0,-5.007927632982501
PRIMARY,111,002466.SZ,2022-08-19,-27.5,STOP_FIRST,13.385590477234006,13.385590477234006,0.0,2,0,0,0,0,0,-2.8634236347626074
PRIMARY,112,600036.SH,2022-07-13,-27.5,STOP_FIRST,-1.5651520516643562,-1.5651520516643562,0.0,34,0,0,0,0,0,-12.409355098525655
PRIMARY,113,601888.SH,2022-08-08,-27.5,STOP_FIRST,7.1858432781792185,7.1858432781792185,0.0,33,0,0,0,0,0,-8.133019118063235
PRIMARY,114,000858.SZ,2022-07-29,-27.5,STOP_FIRST,-2.4673011477159523,-2.4673011477159523,0.0,40,0,0,0,0,0,-12.093504633059515
PRIMARY,115,300274.SZ,2022-08-31,-27.5,STOP_FIRST,13.216110132265186,13.216110132265186,0.0,23,0,0,0,0,0,-6.803285897864219
PRIMARY,116,300760.SZ,2022-09-21,-27.5,STOP_FIRST,26.10435256088347,26.10435256088347,0.0,11,0,0,0,0,0,-2.945982270341807
PRIMARY,117,603259.SH,2022-07-27,-27.5,STOP_FIRST,-6.553924195303395,-20.29802978676759,-13.744105591464194,39,1,1,0,0,0,-30.331191278374803
PRIMARY,118,601012.SH,2022-08-03,-27.5,STOP_FIRST,-1.5712301907594528,-1.5712301907594528,0.0,54,0,0,0,0,0,-20.79675190961924
PRIMARY,119,688599.SH,2022-08-19,-27.5,STOP_FIRST,4.900961296612725,4.900961296612725,0.0,42,0,0,0,0,0,-11.786057206268874
PRIMARY,120,002459.SZ,2022-08-19,-27.5,STOP_FIRST,5.627000867343111,5.627000867343111,0.0,42,0,0,0,0,0,-10.712385831051897
PRIMARY,121,601899.SH,2022-09-26,-27.5,STOP_FIRST,6.916188828671841,6.916188828671841,0.0,18,0,0,0,0,0,-3.33920245581949
PRIMARY,122,002460.SZ,2022-08-25,-27.5,STOP_FIRST,2.226213115920718,2.226213115920718,0.0,41,0,0,0,0,0,-16.759572939966095
PRIMARY,123,002271.SZ,2022-08-23,-27.5,STOP_FIRST,-5.965240206705305,-21.299380929400463,-15.334140722695158,37,1,1,0,0,0,-29.215251654169816
PRIMARY,124,600703.SH,2022-09-20,-27.5,STOP_FIRST,1.4365619204532005,1.4365619204532005,0.0,26,0,0,0,0,0,-17.135927537327543
PRIMARY,125,002594.SZ,2022-07-12,-27.5,STOP_FIRST,-2.227087712436274,-2.227087712436274,0.0,76,0,0,0,0,0,-23.762322609884045
PRIMARY,126,002466.SZ,2022-09-01,-27.5,STOP_FIRST,0.41755742217796255,0.41755742217796255,0.0,39,0,0,0,0,0,-17.18698543788346
PRIMARY,127,002050.SZ,2022-10-11,-27.5,STOP_FIRST,8.648758708124946,8.648758708124946,0.0,17,0,0,0,0,0,-7.919779995223497
PRIMARY,128,603799.SH,2022-09-29,-27.5,STOP_FIRST,1.9036214562895246,1.9036214562895246,0.0,21,0,0,0,0,0,-18.54792363873298
PRIMARY,129,600030.SH,2022-09-16,-27.5,STOP_FIRST,3.2914258355483077,3.2914258355483077,0.0,34,0,0,0,0,0,-7.2317278605463
PRIMARY,130,600036.SH,2022-10-10,-27.5,STOP_FIRST,4.74708231806275,4.74708231806275,0.0,23,0,0,0,0,0,-17.352231797581
PRIMARY,131,601166.SH,2022-08-29,-27.5,STOP_FIRST,2.990941980494697,2.990941980494697,0.0,48,0,0,0,0,0,-11.758858159541209
PRIMARY,132,601318.SH,2022-10-24,-27.5,STOP_FIRST,11.54058817209945,11.54058817209945,0.0,14,0,0,0,0,0,-4.56589305883337
PRIMARY,133,000651.SZ,2022-10-31,-27.5,STOP_FIRST,11.08646263720554,11.08646263720554,0.0,9,0,0,0,0,0,-0.62111668689665
PRIMARY,134,300059.SZ,2022-08-02,-27.5,STOP_FIRST,1.3148602142200303,-17.413660502541386,-18.728520716761416,55,1,1,0,0,0,-28.41433393805436
PRIMARY,135,000625.SZ,2022-08-24,-27.5,STOP_FIRST,2.31475867645841,2.31475867645841,0.0,63,0,0,0,0,0,-27.190338345372766
PRIMARY,136,000858.SZ,2022-10-24,-27.5,STOP_FIRST,13.014502136358589,13.014502136358589,0.0,26,0,0,0,0,0,-6.076160549181053
PRIMARY,137,600519.SH,2022-09-05,-27.5,STOP_FIRST,-5.861614932184937,-5.861614932184937,0.0,56,0,0,0,0,0,-27.44375317821398
PRIMARY,138,000568.SZ,2022-10-10,-27.5,STOP_FIRST,5.894426001503926,5.894426001503926,0.0,37,0,0,0,0,0,-26.23829865914583
PRIMARY,139,600887.SH,2022-10-20,-27.5,STOP_FIRST,6.706648715667189,6.706648715667189,0.0,29,0,0,0,0,0,-18.517421916247343
PRIMARY,140,002714.SZ,2022-10-26,-27.5,STOP_FIRST,5.23244617556544,5.23244617556544,0.0,28,0,0,0,0,0,-8.911088606217998
PRIMARY,141,300750.SZ,2022-09-01,-27.5,STOP_FIRST,-1.3981718838619202,-1.3981718838619202,0.0,62,0,0,0,0,0,-24.986572858520837
PRIMARY,142,002371.SZ,2022-10-12,-27.5,STOP_FIRST,10.597667780822029,10.597667780822029,0.0,44,0,0,0,0,0,-5.446303292394417
PRIMARY,143,603259.SH,2022-11-28,-27.5,STOP_FIRST,6.738265986701266,6.738265986701266,0.0,22,0,0,0,0,0,-2.1226976811561937
PRIMARY,144,600522.SH,2022-11-01,-27.5,STOP_FIRST,-5.676303523410963,-18.18036062906592,-12.504057105654956,33,1,1,0,0,0,-30.66339374603776
PRIMARY,145,300274.SZ,2022-12-06,-27.5,STOP_FIRST,12.35423017458993,12.35423017458993,0.0,18,0,0,0,0,0,-12.997661644686353
PRIMARY,146,002241.SZ,2022-11-11,-27.5,STOP_FIRST,8.552942953591648,8.552942953591648,0.0,37,0,0,0,0,0,-2.0552360649699564
PRIMARY,147,002812.SZ,2022-11-23,-27.5,STOP_FIRST,12.272962184274384,12.272962184274384,0.0,30,0,0,0,0,0,-7.454367889448843
PRIMARY,148,601012.SH,2022-12-22,-27.5,STOP_FIRST,11.348570853081775,11.348570853081775,0.0,17,0,0,0,0,0,-1.83945407826005
PRIMARY,149,000625.SZ,2022-12-28,-27.5,STOP_FIRST,15.403895272762636,15.403895272762636,0.0,16,0,0,0,0,0,-2.461030882431914
PRIMARY,150,002709.SZ,2022-12-30,-27.5,STOP_FIRST,15.538268097973235,15.538268097973235,0.0,14,0,0,0,0,0,-2.7348780509869663
PRIMARY,151,300014.SZ,2023-01-11,-27.5,STOP_FIRST,6.981985480381129,6.981985480381129,0.0,9,0,0,0,0,0,-4.915491114570337
PRIMARY,152,300750.SZ,2023-02-17,-27.5,STOP_FIRST,3.6254689430868456,3.6254689430868456,0.0,29,0,0,0,0,0,-11.62683470375777
PRIMARY,153,600519.SH,2023-03-08,-27.5,STOP_FIRST,3.358107895598216,3.358107895598216,0.0,16,0,0,0,0,0,-2.5877984739737014
PRIMARY,154,300059.SZ,2023-03-07,-27.5,STOP_FIRST,6.704927557794763,6.704927557794763,0.0,18,0,0,0,0,0,-6.726693190328403
PRIMARY,155,300274.SZ,2023-03-14,-27.5,STOP_FIRST,3.872684453553771,3.872684453553771,0.0,23,0,0,0,0,0,-11.398858058207795
PRIMARY,156,002594.SZ,2023-03-10,-27.5,STOP_FIRST,7.839512102970262,7.839512102970262,0.0,33,0,0,0,0,0,-3.6913778017047982
PRIMARY,157,000858.SZ,2023-04-10,-27.5,STOP_FIRST,-2.6488868636941545,-2.6488868636941545,0.0,26,0,0,0,0,0,-10.048100566887374
PRIMARY,158,000651.SZ,2023-05-04,-27.5,STOP_FIRST,6.144996620188443,6.144996620188443,0.0,25,0,0,0,0,0,-8.255590958382841
PRIMARY,159,601899.SH,2023-05-12,-27.5,STOP_FIRST,6.727401168026937,6.727401168026937,0.0,19,0,0,0,0,0,-5.558920911138776
PRIMARY,160,600519.SH,2023-04-12,-27.5,STOP_FIRST,6.514893856808776,6.514893856808776,0.0,43,0,0,0,0,0,-4.355999030555235
PRIMARY,161,601012.SH,2023-03-16,-27.5,STOP_FIRST,-17.84953964554572,-19.311314713362897,-1.4617750678171788,49,1,1,0,0,0,-33.276416390528766
PRIMARY,162,600036.SH,2023-04-27,-27.5,STOP_FIRST,-0.6278320762058595,-0.6278320762058595,0.0,57,0,0,0,0,0,-3.793063901958049
PRIMARY,163,600809.SH,2023-05-22,-27.5,STOP_FIRST,9.67465728119054,9.67465728119054,0.0,43,0,0,0,0,0,-16.847859403834985
PRIMARY,164,300059.SZ,2023-05-29,-27.5,STOP_FIRST,3.238668828858134,3.238668828858134,0.0,38,0,0,0,0,0,-4.622126321593722
PRIMARY,165,002415.SZ,2023-06-09,-27.5,STOP_FIRST,9.253968396028046,9.253968396028046,0.0,31,0,0,0,0,0,-3.0509320142771967
PRIMARY,166,300750.SZ,2023-06-07,-27.5,STOP_FIRST,8.015096907867838,8.015096907867838,0.0,35,0,0,0,0,0,-2.799902799902787
PRIMARY,167,688981.SH,2023-05-09,-27.5,STOP_FIRST,-1.9912914951639942,-1.9912914951639942,0.0,57,0,0,0,0,0,-7.822752791213516
PRIMARY,168,600570.SH,2023-07-11,-27.5,STOP_FIRST,12.935015317595871,12.935015317595871,0.0,17,0,0,0,0,0,-3.6163828033945022
PRIMARY,169,300418.SZ,2023-06-26,-27.5,STOP_FIRST,-7.109717403112448,-7.109717403112448,0.0,34,0,0,0,0,0,-22.324869570606698
PRIMARY,170,600276.SH,2023-07-31,-27.5,STOP_FIRST,2.244966610480217,2.244966610480217,0.0,19,0,0,0,0,0,-16.355370032537774
PRIMARY,171,002230.SZ,2023-08-16,-27.5,STOP_FIRST,-4.04018826584394,-4.04018826584394,0.0,32,0,0,0,0,0,-19.948062722882465
PRIMARY,172,002475.SZ,2023-09-07,-27.5,STOP_FIRST,6.728014277472455,6.728014277472455,0.0,17,0,0,0,0,0,-4.4345508276317
PRIMARY,173,300760.SZ,2023-08-07,-27.5,STOP_FIRST,6.5338873044717865,6.5338873044717865,0.0,53,0,0,0,0,0,-4.449940020156773
PRIMARY,174,000858.SZ,2023-08-18,-27.5,STOP_FIRST,9.240903528696505,9.240903528696505,0.0,46,0,0,0,0,0,-12.715230910264852
PRIMARY,175,300014.SZ,2023-02-20,-27.5,STOP_FIRST,-28.568832058383776,-19.672425422578534,8.896406635805242,123,1,1,0,0,0,-44.47756749417103
PRIMARY,176,300059.SZ,2023-10-23,-27.5,STOP_FIRST,6.795375111896212,6.795375111896212,0.0,9,0,0,0,0,0,-0.4417866895821354
PRIMARY,177,603019.SH,2023-08-09,-27.5,STOP_FIRST,2.102020516340531,2.102020516340531,0.0,57,0,0,0,0,0,-18.940916927699114
PRIMARY,178,300274.SZ,2023-08-21,-27.5,STOP_FIRST,2.059040269174881,2.059040269174881,0.0,51,0,0,0,0,0,-23.84860922169848
PRIMARY,179,300308.SZ,2023-07-20,-27.5,STOP_FIRST,-5.693477162892338,-15.89827435750304,-10.204797194610702,43,1,1,0,0,0,-34.647305581306
PRIMARY,180,000977.SZ,2023-08-18,-27.5,STOP_FIRST,7.706372017077919,-11.108756770205149,-18.81512878728307,41,1,1,0,0,1,-32.22636562323018
PRIMARY,181,601012.SH,2023-08-21,-27.5,STOP_FIRST,-11.755699669774852,-11.755699669774852,0.0,86,0,0,0,0,0,-26.371969728680746
PRIMARY,182,600519.SH,2023-10-13,-27.5,STOP_FIRST,1.893988027016628,1.893988027016628,0.0,54,0,0,0,0,0,-7.786761434433009
PRIMARY,183,600009.SH,2023-08-21,-27.5,STOP_FIRST,-11.699228208217027,-11.699228208217027,0.0,98,0,0,0,0,0,-24.842656679790675
PRIMARY,184,601318.SH,2023-11-09,-27.5,STOP_FIRST,-2.3138721028580727,-2.3138721028580727,0.0,53,0,0,0,0,0,-12.395299497973422
PRIMARY,185,000651.SZ,2023-12-20,-27.5,STOP_FIRST,12.104633410839133,12.104633410839133,0.0,26,0,0,0,0,0,-0.22839068988121936
PRIMARY,186,601138.SH,2023-10-24,-27.5,STOP_FIRST,11.050900506142318,11.050900506142318,0.0,73,0,0,0,0,0,-8.702006282856667
PRIMARY,187,000858.SZ,2023-12-13,-27.5,STOP_FIRST,2.808164916171326,2.808164916171326,0.0,37,0,0,0,0,0,-9.305511112151732
PRIMARY,188,600519.SH,2024-01-17,-27.5,STOP_FIRST,5.907729356690894,5.907729356690894,0.0,13,0,0,0,0,0,-1.2708988071569394
PRIMARY,189,300750.SZ,2023-09-08,-27.5,STOP_FIRST,-18.00484444688593,-18.631539494005573,-0.6266950471196431,54,1,1,0,0,0,-37.07504075265946
PRIMARY,190,002230.SZ,2024-01-03,-27.5,STOP_FIRST,3.585730933845497,3.585730933845497,0.0,25,0,0,0,0,0,-13.110142123274604
PRIMARY,191,300418.SZ,2024-01-31,-27.5,STOP_FIRST,39.428041617887864,39.428041617887864,0.0,6,0,0,0,0,0,-9.269811195543308
PRIMARY,192,000568.SZ,2023-12-11,-27.5,STOP_FIRST,1.1120117479146117,1.1120117479146117,0.0,44,0,0,0,0,0,-22.710877834749677
PRIMARY,193,300059.SZ,2023-12-27,-27.5,STOP_FIRST,5.900250298765934,5.900250298765934,0.0,32,0,0,0,0,0,-11.47429406768471
PRIMARY,194,000063.SZ,2023-07-20,-27.5,STOP_FIRST,-20.144973123840867,-11.937682369807916,8.20729075403295,63,1,1,0,0,1,-49.074840753076984
PRIMARY,195,000628.SZ,2023-12-14,-27.5,STOP_FIRST,44.67924500816973,-7.0686177090459985,-51.747862717215725,37,1,1,0,0,1,-39.992579634592374
PRIMARY,196,000625.SZ,2024-01-04,-27.5,STOP_FIRST,12.686864654118965,12.686864654118965,0.0,30,0,0,0,0,0,-24.25874529738413
PRIMARY,197,301236.SZ,2024-01-22,-27.5,STOP_FIRST,15.202767971466354,15.202767971466354,0.0,18,0,0,0,0,0,-20.518249818689295
PRIMARY,198,002555.SZ,2023-12-25,-27.5,STOP_FIRST,17.471539089853273,17.471539089853273,0.0,39,0,0,0,0,0,-18.06601865960579
PRIMARY,199,000661.SZ,2024-01-12,-27.5,STOP_FIRST,5.324721980411358,5.324721980411358,0.0,26,0,0,0,0,0,-15.088906432452676
PRIMARY,200,300033.SZ,2024-01-16,-27.5,STOP_FIRST,11.478914185701258,11.478914185701258,0.0,24,0,0,0,0,0,-19.68785420497784
PRIMARY,201,002456.SZ,2023-12-14,-27.5,STOP_FIRST,9.13490121758614,-17.21512953598597,-26.35003075357211,34,1,1,0,0,0,-32.75517367129328
PRIMARY,202,603259.SH,2024-01-30,-27.5,STOP_FIRST,16.5357317467109,16.5357317467109,0.0,17,0,0,0,0,0,-19.366346576745652
PRIMARY,203,002594.SZ,2023-08-14,-27.5,STOP_FIRST,-16.277210987224258,-25.691768011423555,-9.414557024199297,112,1,1,0,0,0,-33.85103047938111
PRIMARY,204,601012.SH,2024-01-29,-27.5,STOP_FIRST,15.268422377533785,15.268422377533785,0.0,24,0,0,0,0,0,-13.258914832233726
PRIMARY,205,002475.SZ,2024-01-17,-27.5,STOP_FIRST,7.219372761109448,7.219372761109448,0.0,37,0,0,0,0,0,-11.861191429965057
PRIMARY,206,601318.SH,2024-03-22,-27.5,STOP_FIRST,8.104543046068015,8.104543046068015,0.0,23,0,0,0,0,0,-6.965721129438385
PRIMARY,207,600519.SH,2024-04-08,-27.5,STOP_FIRST,5.19682233937109,5.19682233937109,0.0,16,0,0,0,0,0,-1.7024675784346077
PRIMARY,208,000977.SZ,2024-04-10,-27.5,STOP_FIRST,12.570545419631626,12.570545419631626,0.0,14,0,0,0,0,0,-8.98589486777226
PRIMARY,209,000628.SZ,2024-03-29,-27.5,STOP_FIRST,-22.18874094507154,-20.825174507890086,1.3635664371814542,8,1,1,0,0,1,-52.38614252495148
PRIMARY,210,002129.SZ,2024-01-30,-27.5,STOP_FIRST,-6.5866863796632105,-6.5866863796632105,0.0,69,0,0,0,0,0,-23.270953005067007
PRIMARY,211,601138.SH,2024-05-31,-27.5,STOP_FIRST,17.235953981802986,17.235953981802986,0.0,8,0,0,0,0,0,-0.1435072194053144
PRIMARY,212,002230.SZ,2024-04-23,-27.5,STOP_FIRST,5.3407176576942215,5.3407176576942215,0.0,35,0,0,0,0,0,-3.192044234481095
PRIMARY,213,600919.SH,2024-04-26,-27.5,STOP_FIRST,-3.22433989136676,-3.22433989136676,0.0,42,0,0,0,0,0,-6.245585876244874
PRIMARY,214,000977.SZ,2024-05-28,-27.5,STOP_FIRST,4.476827597833199,4.476827597833199,0.0,28,0,0,0,0,0,-6.538088943116049
PRIMARY,215,000625.SZ,2024-04-16,-27.5,STOP_FIRST,-3.5813249331349106,-3.5813249331349106,0.0,56,0,0,0,0,0,-22.439671783461513
PRIMARY,216,000725.SZ,2024-05-28,-27.5,STOP_FIRST,4.499483038676097,4.499483038676097,0.0,29,0,0,0,0,0,-5.704054833968886
PRIMARY,217,603019.SH,2024-03-27,-27.5,STOP_FIRST,-3.1650656694684725,-3.1650656694684725,0.0,73,0,0,0,0,0,-19.720874640088848
PRIMARY,218,000858.SZ,2024-06-11,-27.5,STOP_FIRST,-4.863606074584775,-4.863606074584775,0.0,25,0,0,0,0,0,-9.446093150024627
PRIMARY,219,600519.SH,2024-06-11,-27.5,STOP_FIRST,0.5216824393800606,0.5216824393800606,0.0,27,0,0,0,0,0,-10.274440490341663
PRIMARY,220,300750.SZ,2024-06-07,-27.5,STOP_FIRST,1.3901215027090492,1.3901215027090492,0.0,29,0,0,0,0,0,-9.524339063610821
PRIMARY,221,300059.SZ,2024-06-28,-27.5,STOP_FIRST,3.9349979609446946,3.9349979609446946,0.0,22,0,0,0,0,0,-5.914697081934461
PRIMARY,222,601012.SH,2024-06-06,-27.5,STOP_FIRST,-12.181185272863992,-12.181185272863992,0.0,40,0,0,0,0,0,-25.1188709649811
PRIMARY,223,600519.SH,2024-07-30,-27.5,STOP_FIRST,4.979956385509713,4.979956385509713,0.0,22,0,0,0,0,0,-0.09990187614892232
PRIMARY,224,002594.SZ,2024-08-02,-27.5,STOP_FIRST,6.379967880191982,6.379967880191982,0.0,19,0,0,0,0,0,-3.2764151461084245
PRIMARY,225,002475.SZ,2024-08-05,-27.5,STOP_FIRST,8.544910470004318,8.544910470004318,0.0,18,0,0,0,0,0,-3.167255709326977
PRIMARY,226,002466.SZ,2024-04-25,-27.5,STOP_FIRST,-13.212317215788726,-13.642235476078781,-0.4299182602900551,83,1,1,0,0,1,-36.23508762311697
PRIMARY,227,300502.SZ,2024-07-25,-27.5,STOP_FIRST,13.964744747831642,13.964744747831642,0.0,35,0,0,0,0,0,-12.266195988559547
PRIMARY,228,601919.SH,2024-07-08,-27.5,STOP_FIRST,1.7285541339282333,1.7285541339282333,0.0,51,0,0,0,0,0,-19.814263643782315
PRIMARY,229,000063.SZ,2024-08-22,-27.5,STOP_FIRST,3.3955801711335427,3.3955801711335427,0.0,19,0,0,0,0,0,-3.013656189391656
PRIMARY,230,601138.SH,2024-07-18,-27.5,STOP_FIRST,-2.550959931032771,-13.605260326752012,-11.05430039571924,37,1,1,0,0,0,-27.58542866236795
PRIMARY,231,300308.SZ,2024-07-25,-27.5,STOP_FIRST,7.199933708510119,7.199933708510119,0.0,40,0,0,0,0,0,-20.412077421209307
PRIMARY,232,601899.SH,2024-07-23,-27.5,STOP_FIRST,11.302372099604602,11.302372099604602,0.0,43,0,0,0,0,0,-15.34301819528009
PRIMARY,233,601127.SH,2024-08-28,-27.5,STOP_FIRST,11.860904824260553,11.860904824260553,0.0,17,0,0,0,0,0,-0.6937050159442237
PRIMARY,234,600036.SH,2024-09-09,-27.5,STOP_FIRST,12.650986424212693,12.650986424212693,0.0,9,0,0,0,0,0,-1.1566935372865572
PRIMARY,235,000858.SZ,2024-08-22,-27.5,STOP_FIRST,9.447704740723928,9.447704740723928,0.0,22,0,0,0,0,0,-11.92058204560389
PRIMARY,236,600809.SH,2024-08-28,-27.5,STOP_FIRST,10.265232797714383,10.265232797714383,0.0,18,0,0,0,0,0,-9.343746064530556
PRIMARY,237,600519.SH,2024-09-09,-27.5,STOP_FIRST,13.065449104192647,13.065449104192647,0.0,10,0,0,0,0,0,-9.155678699288794
PRIMARY,238,600276.SH,2024-09-20,-27.5,STOP_FIRST,7.0921102706178285,7.0921102706178285,0.0,3,0,0,0,0,0,-1.5909424566413088
PRIMARY,239,000100.SZ,2024-05-07,-27.5,STOP_FIRST,6.430946014868081,6.430946014868081,0.0,99,0,0,0,0,0,-22.85372018914835
PRIMARY,240,688012.SH,2024-08-23,-27.5,STOP_FIRST,8.980679975166685,8.980679975166685,0.0,22,0,0,0,0,0,-11.105843309233144
PRIMARY,241,688256.SH,2024-09-05,-27.5,STOP_FIRST,22.25002533076108,22.25002533076108,0.0,14,0,0,0,0,0,-3.4709343344747623
PRIMARY,242,600900.SH,2024-09-11,-27.5,STOP_FIRST,8.228584541518643,8.228584541518643,0.0,10,0,0,0,0,0,-0.35235825269818166
PRIMARY,243,600150.SH,2024-09-19,-27.5,STOP_FIRST,4.47320430931633,4.47320430931633,0.0,58,0,0,0,0,0,-6.4123490487716595
PRIMARY,244,600418.SH,2024-11-27,-27.5,STOP_FIRST,19.31501930377224,19.31501930377224,0.0,38,0,0,0,0,0,-4.031151825779977
PRIMARY,245,603019.SH,2025-01-02,-27.5,STOP_FIRST,7.198386187683706,7.198386187683706,0.0,17,0,0,0,0,0,-10.82782494103971
PRIMARY,246,600030.SH,2024-12-31,-27.5,STOP_FIRST,-0.029241512213777625,-0.029241512213777625,0.0,20,0,0,0,0,0,-9.821028359452445
PRIMARY,247,300059.SZ,2025-01-02,-27.5,STOP_FIRST,5.568619214325684,5.568619214325684,0.0,19,0,0,0,0,0,-10.373910853057232
PRIMARY,248,300033.SZ,2025-01-02,-27.5,STOP_FIRST,23.218740081380986,23.218740081380986,0.0,19,0,0,0,0,0,-8.449836646713571
PRIMARY,249,300750.SZ,2025-01-07,-27.5,STOP_FIRST,8.716235937905914,8.716235937905914,0.0,21,0,0,0,0,0,-2.061431530740332
PRIMARY,250,000858.SZ,2025-01-06,-27.5,STOP_FIRST,1.2030252662316376,1.2030252662316376,0.0,23,0,0,0,0,0,-5.193889847781408
PRIMARY,251,688256.SH,2025-01-16,-27.5,STOP_FIRST,19.16467811575612,19.16467811575612,0.0,19,0,0,0,0,0,-4.483732441599764
PRIMARY,252,600519.SH,2025-01-03,-27.5,STOP_FIRST,4.558943908999476,4.558943908999476,0.0,33,0,0,0,0,0,-3.7431935053504506
PRIMARY,253,688256.SH,2025-03-25,-27.5,STOP_FIRST,8.922494348994318,8.922494348994318,0.0,17,0,0,0,0,0,-17.216747908844678
PRIMARY,254,002261.SZ,2025-03-24,-27.5,STOP_FIRST,2.6716085217561965,-27.64635684893936,-30.317965370695553,10,1,1,0,0,0,-27.78696429320907
PRIMARY,255,600989.SH,2025-03-28,-27.5,STOP_FIRST,6.913448021154776,6.913448021154776,0.0,20,0,0,0,0,0,-8.97260383386529
PRIMARY,256,000063.SZ,2025-03-03,-27.5,STOP_FIRST,2.6037524048102836,2.6037524048102836,0.0,42,0,0,0,0,0,-20.196827200957447
PRIMARY,257,600050.SH,2025-03-19,-27.5,STOP_FIRST,-4.102896566069308,-4.102896566069308,0.0,30,0,0,0,0,0,-12.91204099525517
PRIMARY,258,300846.SZ,2025-03-25,-27.5,STOP_FIRST,-3.7770156011244347,-17.66094502267754,-13.883929421553107,9,1,1,0,0,0,-31.401379445935305
PRIMARY,259,300059.SZ,2025-04-01,-27.5,STOP_FIRST,5.1627907747067665,5.1627907747067665,0.0,21,0,0,0,0,0,-18.189916816625797
PRIMARY,260,002475.SZ,2025-04-02,-27.5,STOP_FIRST,3.6625597634810965,3.6625597634810965,0.0,20,0,0,0,0,0,-27.255123038788852
PRIMARY,261,300308.SZ,2025-01-10,-27.5,STOP_FIRST,0.7734206644023827,-11.768654725219672,-12.542075389622056,56,1,1,0,0,1,-39.080885586063495
PRIMARY,262,300502.SZ,2025-02-28,-27.5,STOP_FIRST,28.725713357688992,-12.431209528037398,-41.15692288572639,27,1,1,0,0,1,-31.75728487388515
PRIMARY,263,300750.SZ,2025-04-01,-27.5,STOP_FIRST,7.81936272756536,7.81936272756536,0.0,22,0,0,0,0,0,-16.506355111574443
PRIMARY,264,601318.SH,2025-04-07,-27.5,STOP_FIRST,6.926822925723594,6.926822925723594,0.0,19,0,0,0,0,0,-1.0258567917744377
PRIMARY,265,600036.SH,2025-04-07,-27.5,STOP_FIRST,5.565919809741665,5.565919809741665,0.0,19,0,0,0,0,0,-1.275773669536573
PRIMARY,266,002594.SZ,2025-04-08,-27.5,STOP_FIRST,17.218917139643203,17.218917139643203,0.0,21,0,0,0,0,0,-2.0179308927128603
PRIMARY,267,601658.SH,2025-03-28,-27.5,STOP_FIRST,3.737034722718007,3.737034722718007,0.0,28,0,0,0,0,0,-5.998762052795592
PRIMARY,268,600309.SH,2025-04-15,-27.5,STOP_FIRST,2.8522101436284233,2.8522101436284233,0.0,18,0,0,0,0,0,-4.325283052386664
PRIMARY,269,601899.SH,2025-04-07,-27.5,STOP_FIRST,18.75276321406046,18.75276321406046,0.0,28,0,0,0,0,0,-2.3499050474409477
PRIMARY,270,603259.SH,2025-04-08,-27.5,STOP_FIRST,27.365745385479556,27.365745385479556,0.0,29,0,0,0,0,0,-2.7478554733693317
PRIMARY,271,688981.SH,2025-04-01,-27.5,STOP_FIRST,-0.3367121465143475,-0.3367121465143475,0.0,53,0,0,0,0,0,-10.022828466095346
PRIMARY,272,688256.SH,2025-05-27,-27.5,STOP_FIRST,2.4520211429184493,2.4520211429184493,0.0,20,0,0,0,0,0,-9.161551567123071
PRIMARY,273,000858.SZ,2025-06-13,-27.5,STOP_FIRST,2.9441509741563254,2.9441509741563254,0.0,17,0,0,0,0,0,-0.8036010497183277
PRIMARY,274,600519.SH,2025-06-13,-27.5,STOP_FIRST,1.571155348492451,1.571155348492451,0.0,18,0,0,0,0,0,-0.18545542382252256
PRIMARY,275,300308.SZ,2025-10-14,-27.5,STOP_FIRST,37.312191378736536,37.312191378736536,0.0,7,0,0,0,0,0,-2.4164241555545862
PRIMARY,276,002460.SZ,2025-11-24,-27.5,STOP_FIRST,9.614217661278927,9.614217661278927,0.0,19,0,0,0,0,0,-1.7925475782034406
PRIMARY,277,601138.SH,2025-11-24,-27.5,STOP_FIRST,19.316165850131622,19.316165850131622,0.0,22,0,0,0,0,0,-2.475096837577462
PRIMARY,278,300502.SZ,2026-01-12,-27.5,STOP_FIRST,18.325572753597463,18.325572753597463,0.0,14,0,0,0,0,0,-2.8874334496876597
PRIMARY,279,300750.SZ,2025-11-21,-27.5,STOP_FIRST,1.7797735978262685,1.7797735978262685,0.0,52,0,0,0,0,0,-11.001248680259001
PRIMARY,280,300274.SZ,2025-12-16,-27.5,STOP_FIRST,-0.04130443998742119,-0.04130443998742119,0.0,52,0,0,0,0,0,-13.261308807790783
PRIMARY,281,300308.SZ,2026-02-06,-27.5,STOP_FIRST,3.437565472561077,3.437565472561077,0.0,21,0,0,0,0,0,-9.894027541086349
PRIMARY,282,002475.SZ,2026-01-08,-27.5,STOP_FIRST,1.540552873571203,1.540552873571203,0.0,56,0,0,0,0,0,-18.823201056328863
PRIMARY,283,601138.SH,2026-01-29,-27.5,STOP_FIRST,3.823418044659373,3.823418044659373,0.0,41,0,0,0,0,0,-17.012814423960076
PRIMARY,284,688256.SH,2026-02-03,-27.5,STOP_FIRST,12.397855616133041,12.397855616133041,0.0,38,0,0,0,0,0,-12.087912087912079
PRIMARY,285,601899.SH,2026-03-16,-27.5,STOP_FIRST,9.119263883295172,9.119263883295172,0.0,20,0,0,0,0,0,-14.280941525906998
PRIMARY,286,603986.SH,2026-03-31,-27.5,STOP_FIRST,19.7457903723054,19.7457903723054,0.0,13,0,0,0,0,0,-2.865134133444669
PRIMARY,287,300059.SZ,2026-03-20,-27.5,STOP_FIRST,8.424165896338625,8.424165896338625,0.0,31,0,0,0,0,0,-7.322200643291355
PRIMARY,288,300274.SZ,2026-04-01,-27.5,STOP_FIRST,13.077001683310016,13.077001683310016,0.0,23,0,0,0,0,0,-7.472322364359973
PRIMARY,289,300274.SZ,2026-07-01,-27.5,STOP_FIRST,-8.358514552822074,-8.358514552822074,0.0,28,0,0,0,0,0,-26.27934444027391
PRIMARY,290,600487.SH,2026-07-06,-27.5,STOP_FIRST,-17.707576907721744,-24.66895518092784,-6.961378273206094,8,1,1,0,0,0,-46.153139444336865
PRIMARY,291,688525.SH,2026-07-15,-27.5,STOP_FIRST,-19.368418251981645,-22.943962782868223,-3.575544530886578,8,1,1,0,0,0,-34.73193473193472
PRIMARY,292,688008.SH,2026-07-16,-27.5,STOP_FIRST,-3.6609369962131426,-3.6609369962131426,0.0,27,0,0,0,0,0,-12.165294341773524
PRIMARY,293,688256.SH,2026-07-16,-27.5,STOP_FIRST,-7.309240157764709,-7.309240157764709,0.0,27,0,0,0,0,0,-25.153710642669623
PRIMARY,294,300308.SZ,2026-07-17,-27.5,STOP_FIRST,-11.744158826402947,-11.744158826402947,0.0,26,0,0,0,0,0,-22.96628924619374
PRIMARY,295,600584.SH,2026-07-20,-27.5,STOP_FIRST,-3.746170199653699,-3.746170199653699,0.0,25,0,0,0,0,0,-20.75720869405966
PRIMARY,296,300502.SZ,2026-07-28,-27.5,STOP_FIRST,-3.1289001702402826,-3.1289001702402826,0.0,19,0,0,0,0,0,-14.854383942881455
PRIMARY,297,002384.SZ,2026-07-29,-27.5,STOP_FIRST,6.860142611567042,6.860142611567042,0.0,18,0,0,0,0,0,-9.217430672804971
PRIMARY,298,002475.SZ,2026-08-03,-27.5,STOP_FIRST,1.2862198685484683,1.2862198685484683,0.0,15,0,0,0,0,0,-4.021902045888859
PRIMARY,299,600276.SH,2026-08-20,-27.5,STOP_FIRST,-2.438053366642191,-2.438053366642191,0.0,2,0,0,0,0,0,-4.81585777507767
PRIMARY,1,000651.SZ,2020-03-19,-27.5,TP_FIRST,8.76502998612771,8.76502998612771,0.0,15,0,0,0,0,0,-3.253806511060575
PRIMARY,2,600030.SH,2020-03-16,-27.5,TP_FIRST,1.2152522266729697,1.2152522266729697,0.0,19,0,0,0,0,0,-7.086832162571954
PRIMARY,3,300750.SZ,2020-02-28,-27.5,TP_FIRST,-1.0193924653390611,-1.0193924653390611,0.0,31,0,0,0,0,0,-24.419958905481774
PRIMARY,4,601318.SH,2020-02-28,-27.5,TP_FIRST,-1.3453625770562572,-1.3453625770562572,0.0,33,0,0,0,0,0,-15.814522556095568
PRIMARY,5,600036.SH,2020-03-19,-27.5,TP_FIRST,10.683448687695108,10.683448687695108,0.0,25,0,0,0,0,0,-0.09990265754196148
PRIMARY,6,002475.SZ,2020-03-17,-27.5,TP_FIRST,14.92275528149982,14.92275528149982,0.0,28,0,0,0,0,0,-11.112505536775796
PRIMARY,7,000858.SZ,2020-03-17,-27.5,TP_FIRST,26.82736619482785,26.82736619482785,0.0,28,0,0,0,0,0,-12.958069092199342
PRIMARY,8,000063.SZ,2020-03-17,-27.5,TP_FIRST,3.2396956676295363,3.2396956676295363,0.0,32,0,0,0,0,0,-10.59060271470772
PRIMARY,9,000725.SZ,2020-03-16,-27.5,TP_FIRST,4.611959703094805,4.611959703094805,0.0,35,0,0,0,0,0,-20.127607365604128
PRIMARY,10,002506.SZ,2020-03-26,-27.5,TP_FIRST,-6.524016348081019,-16.73876414699685,-10.21474779891583,23,1,1,0,0,1,-31.211643047504246
PRIMARY,11,600519.SH,2020-03-18,-27.5,TP_FIRST,39.54846152311298,39.54846152311298,0.0,48,0,0,0,0,0,-3.505987509815356
PRIMARY,12,000002.SZ,2020-03-18,-27.5,TP_FIRST,4.681297620587952,4.681297620587952,0.0,49,0,0,0,0,0,-6.372695888701285
PRIMARY,13,002714.SZ,2020-05-11,-27.5,TP_FIRST,-37.346517858183255,-39.08929023133747,-1.7427723731542173,17,1,1,0,0,1,-43.62347582705105
PRIMARY,14,000063.SZ,2020-05-25,-27.5,TP_FIRST,8.355437860095789,8.355437860095789,0.0,17,0,0,0,0,0,-5.214052830367422
PRIMARY,15,002415.SZ,2020-05-25,-27.5,TP_FIRST,7.15509150196319,7.15509150196319,0.0,17,0,0,0,0,0,-2.5965128554330974
PRIMARY,16,600703.SH,2020-06-15,-27.5,TP_FIRST,15.534542524394753,15.534542524394753,0.0,12,0,0,0,0,0,-1.7232235549681896
PRIMARY,17,600030.SH,2020-09-07,-27.5,TP_FIRST,3.3416942678344705,3.3416942678344705,0.0,18,0,0,0,0,0,-2.3347247522243597
PRIMARY,18,300059.SZ,2020-09-09,-27.5,TP_FIRST,4.052671012057143,4.052671012057143,0.0,16,0,0,0,0,0,-5.835594827212354
PRIMARY,19,600276.SH,2020-09-17,-27.5,TP_FIRST,7.964121567403469,7.964121567403469,0.0,10,0,0,0,0,0,-0.30802389658590723
PRIMARY,20,000063.SZ,2020-09-10,-27.5,TP_FIRST,8.16654508112372,8.16654508112372,0.0,16,0,0,0,0,0,-2.1893558485753473
PRIMARY,21,000651.SZ,2020-09-28,-27.5,TP_FIRST,7.18749636223901,7.18749636223901,0.0,5,0,0,0,0,0,-0.7920940870049797
PRIMARY,22,600036.SH,2020-09-30,-27.5,TP_FIRST,8.189846606772502,8.189846606772502,0.0,5,0,0,0,0,0,-0.8409143929827279
PRIMARY,23,002456.SZ,2020-09-01,-27.5,TP_FIRST,0.3287151054327302,0.3287151054327302,0.0,34,0,0,0,0,0,-16.877466166367018
PRIMARY,24,300136.SZ,2020-10-12,-27.5,TP_FIRST,3.7523403888601528,3.7523403888601528,0.0,19,0,0,0,0,0,-11.264076050883421
PRIMARY,25,600030.SH,2020-10-26,-27.5,TP_FIRST,5.218510332201447,5.218510332201447,0.0,19,0,0,0,0,0,-4.85376403171518
PRIMARY,26,000661.SZ,2020-09-16,-27.5,TP_FIRST,10.365131138225253,10.365131138225253,0.0,47,0,0,0,0,0,-10.396266523703268
PRIMARY,27,600745.SH,2020-09-08,-27.5,TP_FIRST,1.4169185149017833,1.4169185149017833,0.0,57,0,0,0,0,0,-24.96934183424869
PRIMARY,28,601012.SH,2020-11-13,-27.5,TP_FIRST,11.570904483395198,11.570904483395198,0.0,17,0,0,0,0,0,-7.125413198287678
PRIMARY,29,300122.SZ,2020-11-11,-27.5,TP_FIRST,21.594186068179752,21.594186068179752,0.0,27,0,0,0,0,0,-14.25593292277403
PRIMARY,30,002475.SZ,2020-11-16,-27.5,TP_FIRST,4.922943424348968,4.922943424348968,0.0,26,0,0,0,0,0,-6.247600021016375
PRIMARY,31,002241.SZ,2020-11-16,-27.5,TP_FIRST,2.7641560070263713,2.7641560070263713,0.0,28,0,0,0,0,0,-8.190219287755895
PRIMARY,32,000651.SZ,2020-12-09,-27.5,TP_FIRST,4.778058019478602,4.778058019478602,0.0,17,0,0,0,0,0,-6.9491076663235285
PRIMARY,33,688981.SH,2020-12-16,-27.5,TP_FIRST,16.521188858697652,16.521188858697652,0.0,16,0,0,0,0,0,-4.393704306917501
PRIMARY,34,601318.SH,2021-01-28,-27.5,TP_FIRST,9.42474089385644,9.42474089385644,0.0,14,0,0,0,0,0,-7.015107202120719
PRIMARY,35,300059.SZ,2021-02-22,-27.5,TP_FIRST,-9.75617275607125,-9.75617275607125,0.0,28,0,0,0,0,0,-21.294436987155805
PRIMARY,36,000333.SZ,2021-02-22,-27.5,TP_FIRST,1.124921971714471,1.124921971714471,0.0,28,0,0,0,0,0,-11.037863818654303
PRIMARY,37,000858.SZ,2021-03-08,-27.5,TP_FIRST,16.23467230378328,16.23467230378328,0.0,18,0,0,0,0,0,-5.053624061888506
PRIMARY,38,600030.SH,2021-03-01,-27.5,TP_FIRST,-1.7719464410848904,-1.7719464410848904,0.0,24,0,0,0,0,0,-9.731175855642116
PRIMARY,39,601012.SH,2021-03-04,-27.5,TP_FIRST,2.8151228530517156,2.8151228530517156,0.0,21,0,0,0,0,0,-20.33269501471261
PRIMARY,40,002241.SZ,2021-01-29,-27.5,TP_FIRST,-2.3809753380773024,-2.3809753380773024,0.0,45,0,0,0,0,0,-24.32266643437805
PRIMARY,41,300750.SZ,2021-01-29,-27.5,TP_FIRST,2.6778263400166544,2.6778263400166544,0.0,46,0,0,0,0,0,-20.744980856829066
PRIMARY,42,002475.SZ,2021-01-28,-27.5,TP_FIRST,-17.795635461958412,-15.11637505167656,2.6792604102818522,28,1,1,0,0,0,-38.05999710973133
PRIMARY,43,600438.SH,2021-03-05,-27.5,TP_FIRST,-2.082117681436346,-2.082117681436346,0.0,30,0,0,0,0,0,-21.900640918932147
PRIMARY,44,300014.SZ,2021-03-23,-27.5,TP_FIRST,20.343646524893185,20.343646524893185,0.0,18,0,0,0,0,0,-1.1328405715407053
PRIMARY,45,601899.SH,2021-03-24,-27.5,TP_FIRST,13.67315267261283,13.67315267261283,0.0,17,0,0,0,0,0,-0.5227592786883895
PRIMARY,46,601166.SH,2021-04-15,-27.5,TP_FIRST,10.16039399503804,10.16039399503804,0.0,15,0,0,0,0,0,-2.3887839446735004
PRIMARY,47,600276.SH,2021-04-15,-27.5,TP_FIRST,2.9762113310555116,2.9762113310555116,0.0,18,0,0,0,0,0,-5.364820806114978
PRIMARY,48,002352.SZ,2021-04-12,-27.5,TP_FIRST,1.806031845385725,1.806031845385725,0.0,22,0,0,0,0,0,-8.258407334556994
PRIMARY,49,600519.SH,2021-05-06,-27.5,TP_FIRST,12.309433820124724,12.309433820124724,0.0,12,0,0,0,0,0,-5.132526010090399
PRIMARY,50,600031.SH,2021-03-09,-27.5,TP_FIRST,2.027751640672817,-10.969123848022022,-12.996875488694839,44,1,1,0,0,0,-27.978387085265844
PRIMARY,51,600009.SH,2021-02-03,-27.5,TP_FIRST,-1.1354409255495685,-1.1354409255495685,0.0,76,0,0,0,0,0,-22.985275095121573
PRIMARY,52,002594.SZ,2021-02-24,-27.5,TP_FIRST,16.160298578230066,-14.186048577997473,-30.346347156227537,49,1,1,0,0,1,-34.73181070183321
PRIMARY,53,002340.SZ,2021-06-07,-27.5,TP_FIRST,5.290865136021748,5.290865136021748,0.0,19,0,0,0,0,0,-11.268220523967209
PRIMARY,54,000661.SZ,2021-05-24,-27.5,TP_FIRST,3.543179209088439,3.543179209088439,0.0,38,0,0,0,0,0,-16.869230019043936
PRIMARY,55,002594.SZ,2021-07-16,-27.5,TP_FIRST,25.77910857036041,25.77910857036041,0.0,10,0,0,0,0,0,-2.6882194842621776
PRIMARY,56,600031.SH,2021-06-11,-27.5,TP_FIRST,4.433342850860986,4.433342850860986,0.0,35,0,0,0,0,0,-15.123799665013548
PRIMARY,57,002241.SZ,2021-07-22,-27.5,TP_FIRST,10.273218124699701,10.273218124699701,0.0,9,0,0,0,0,0,-7.886693775763421
PRIMARY,58,600036.SH,2021-07-08,-27.5,TP_FIRST,8.736132867824947,8.736132867824947,0.0,28,0,0,0,0,0,-10.298243793004092
PRIMARY,59,300782.SZ,2021-07-13,-27.5,TP_FIRST,4.700284102162052,4.700284102162052,0.0,29,0,0,0,0,0,-10.944165622271129
PRIMARY,60,601919.SH,2021-07-23,-27.5,TP_FIRST,21.9399821535198,21.9399821535198,0.0,25,0,0,0,0,0,-13.003666576368966
PRIMARY,61,002460.SZ,2021-08-16,-27.5,TP_FIRST,24.025427124052413,24.025427124052413,0.0,9,0,0,0,0,0,-2.17885582383488
PRIMARY,62,300750.SZ,2021-07-27,-27.5,TP_FIRST,8.626053858905106,8.626053858905106,0.0,34,0,0,0,0,0,-5.360767280539502
PRIMARY,63,300760.SZ,2021-08-20,-27.5,TP_FIRST,25.243095200327115,25.243095200327115,0.0,19,0,0,0,0,0,-1.3648131532456809
PRIMARY,64,600519.SH,2021-07-26,-27.5,TP_FIRST,2.091334708861519,2.091334708861519,0.0,41,0,0,0,0,0,-15.47553943560599
PRIMARY,65,002714.SZ,2021-05-24,-27.5,TP_FIRST,-18.715268930191936,-6.57935577689013,12.135913153301807,42,1,1,0,0,1,-56.67478900029019
PRIMARY,66,000858.SZ,2021-07-08,-27.5,TP_FIRST,-7.6342909419297795,-16.96487459777034,-9.33058365584056,49,1,1,0,0,0,-28.655500122152368
PRIMARY,67,002594.SZ,2021-09-29,-27.5,TP_FIRST,17.089129638620165,17.089129638620165,0.0,6,0,0,0,0,0,-0.5192972651856032
PRIMARY,68,601318.SH,2021-03-18,-27.5,TP_FIRST,-28.116081051784203,-21.233951011742462,6.882130040041741,78,1,1,0,0,0,-41.80696245003698
PRIMARY,69,000651.SZ,2021-05-25,-27.5,TP_FIRST,-19.03127753582529,-18.674390705365358,0.3568868304599313,68,1,1,0,0,0,-33.090168102543274
PRIMARY,70,000333.SZ,2021-07-05,-27.5,TP_FIRST,11.175030722164129,11.175030722164129,0.0,71,0,0,0,0,0,-9.770984837876318
PRIMARY,71,600111.SH,2021-09-29,-27.5,TP_FIRST,22.277893313169177,22.277893313169177,0.0,12,0,0,0,0,0,-3.6351512387024387
PRIMARY,72,600089.SH,2021-10-08,-27.5,TP_FIRST,21.757208672823793,21.757208672823793,0.0,12,0,0,0,0,0,-5.355399017850127
PRIMARY,73,002466.SZ,2021-09-22,-27.5,TP_FIRST,5.276533723848393,5.276533723848393,0.0,28,0,0,0,0,0,-18.18048772561611
PRIMARY,74,000858.SZ,2021-11-01,-27.5,TP_FIRST,7.772649549904674,7.772649549904674,0.0,16,0,0,0,0,0,-2.695601939103509
PRIMARY,75,603259.SH,2021-11-04,-27.5,TP_FIRST,10.333997515607747,10.333997515607747,0.0,15,0,0,0,0,0,-4.388640111365582
PRIMARY,76,601919.SH,2021-09-28,-27.5,TP_FIRST,3.0377221934720415,3.0377221934720415,0.0,39,0,0,0,0,0,-19.410201081693145
PRIMARY,77,600030.SH,2021-11-16,-27.5,TP_FIRST,7.942169042945349,7.942169042945349,0.0,13,0,0,0,0,0,-1.3115665629502171
PRIMARY,78,000651.SZ,2021-10-27,-27.5,TP_FIRST,3.7666645298140864,3.7666645298140864,0.0,30,0,0,0,0,0,-6.591904190897946
PRIMARY,79,600036.SH,2021-11-26,-27.5,TP_FIRST,7.780249533285357,7.780249533285357,0.0,8,0,0,0,0,0,-2.0264594890360255
PRIMARY,80,600036.SH,2021-12-29,-27.5,TP_FIRST,5.516341863497587,5.516341863497587,0.0,14,0,0,0,0,0,-0.892595978810895
PRIMARY,81,002129.SZ,2021-12-01,-27.5,TP_FIRST,7.212021342950852,7.212021342950852,0.0,38,0,0,0,0,0,-10.209695479014202
PRIMARY,82,600030.SH,2022-01-14,-27.5,TP_FIRST,1.0102995428563417,1.0102995428563417,0.0,9,0,0,0,0,0,-4.115180796829354
PRIMARY,83,601888.SH,2021-11-02,-27.5,TP_FIRST,7.8045788936873635,7.8045788936873635,0.0,65,0,0,0,0,0,-17.76278012400819
PRIMARY,84,600111.SH,2021-12-24,-27.5,TP_FIRST,10.927469701064592,10.927469701064592,0.0,31,0,0,0,0,0,-16.158101136300374
PRIMARY,85,000792.SZ,2022-01-20,-27.5,TP_FIRST,18.801769360068377,18.801769360068377,0.0,13,0,0,0,0,0,-2.101609531796167
PRIMARY,86,002460.SZ,2021-12-20,-27.5,TP_FIRST,7.327370162653349,7.327370162653349,0.0,36,0,0,0,0,0,-13.694999767838578
PRIMARY,87,002466.SZ,2021-12-20,-27.5,TP_FIRST,1.837573601773871,1.837573601773871,0.0,36,0,0,0,0,0,-19.98566660073482
PRIMARY,88,000661.SZ,2022-01-24,-27.5,TP_FIRST,11.89884859958246,11.89884859958246,0.0,17,0,0,0,0,0,-4.775620293737893
PRIMARY,89,601012.SH,2021-12-01,-27.5,TP_FIRST,6.472325573333965,6.472325573333965,0.0,57,0,0,0,0,0,-23.797689806559163
PRIMARY,90,603259.SH,2021-12-20,-27.5,TP_FIRST,12.254494786218984,-13.603683973049508,-25.85817875926849,33,1,1,0,0,1,-28.86139126771904
PRIMARY,91,000002.SZ,2022-03-04,-27.5,TP_FIRST,14.88504791739044,14.88504791739044,0.0,18,0,0,0,0,0,-22.246037106497695
PRIMARY,92,300059.SZ,2022-01-05,-27.5,TP_FIRST,-5.7513210082683415,-13.332046651386948,-7.5807256431186065,44,1,1,0,0,1,-34.89656169461941
PRIMARY,93,600519.SH,2022-01-07,-27.5,TP_FIRST,0.9984159395398549,0.9984159395398549,0.0,61,0,0,0,0,0,-17.458488731459298
PRIMARY,94,601888.SH,2022-03-14,-27.5,TP_FIRST,7.812849493656972,7.812849493656972,0.0,20,0,0,0,0,0,-8.439813952671848
PRIMARY,95,002594.SZ,2021-12-16,-27.5,TP_FIRST,-1.5968178542206901,-1.5968178542206901,0.0,88,0,0,0,0,0,-26.330714118353036
PRIMARY,96,000625.SZ,2021-11-16,-27.5,TP_FIRST,-22.229994518631575,-16.285819556882213,5.944174961749361,74,1,1,0,0,1,-53.29984290867762
PRIMARY,97,002475.SZ,2022-02-08,-27.5,TP_FIRST,-17.15409169654668,-17.044759444627918,0.10933225191876161,36,1,1,0,0,1,-40.77681436537638
PRIMARY,98,002466.SZ,2022-04-25,-27.5,TP_FIRST,41.854779546894,41.854779546894,0.0,8,0,0,0,0,0,-3.4110472521140522
PRIMARY,99,300274.SZ,2021-12-21,-27.5,TP_FIRST,-25.58857835409347,-12.465829492215978,13.122748861877493,63,1,1,0,0,1,-58.717689038471335
PRIMARY,100,002460.SZ,2022-03-08,-27.5,TP_FIRST,17.706849570514894,-14.895004860390598,-32.60185443090549,33,1,1,0,0,0,-28.642784574491998
PRIMARY,101,000858.SZ,2022-01-28,-27.5,TP_FIRST,-8.807756178930596,-8.807756178930596,0.0,75,0,0,0,0,0,-25.5194802146096
PRIMARY,102,300014.SZ,2022-03-03,-27.5,TP_FIRST,26.31764601662993,-18.960225146903245,-45.27787116353318,36,1,1,0,0,1,-32.624915571840454
PRIMARY,103,300750.SZ,2021-12-20,-27.5,TP_FIRST,-14.232912370394569,-14.92940364414315,-0.6964912737485811,75,1,1,0,0,0,-41.8073675499418
PRIMARY,104,601012.SH,2022-03-29,-27.5,TP_FIRST,-12.752364240157288,-12.752364240157288,0.0,42,0,0,0,0,0,-24.82075936524716
PRIMARY,105,002415.SZ,2022-05-06,-27.5,TP_FIRST,3.5450375895839463,3.5450375895839463,0.0,19,0,0,0,0,0,-8.562023743217374
PRIMARY,106,600276.SH,2022-01-13,-27.5,TP_FIRST,-29.55698724716474,-22.14044053473281,7.416546712431931,53,1,1,0,0,0,-42.610580908453244
PRIMARY,107,601318.SH,2022-03-15,-27.5,TP_FIRST,-0.3864474449981416,-0.3864474449981416,0.0,55,0,0,0,0,0,-2.315282705156485
PRIMARY,108,600036.SH,2022-03-07,-27.5,TP_FIRST,-6.245523329299984,-6.245523329299984,0.0,65,0,0,0,0,0,-24.345417637488787
PRIMARY,109,300122.SZ,2022-04-14,-27.5,TP_FIRST,-6.645958234266682,-18.103998596545946,-11.458040362279263,28,1,1,0,0,0,-28.79470109263167
PRIMARY,110,002241.SZ,2022-06-23,-27.5,TP_FIRST,2.8400230023871615,2.8400230023871615,0.0,30,0,0,0,0,0,-5.007927632982501
PRIMARY,111,002466.SZ,2022-08-19,-27.5,TP_FIRST,13.385590477234006,13.385590477234006,0.0,2,0,0,0,0,0,-2.8634236347626074
PRIMARY,112,600036.SH,2022-07-13,-27.5,TP_FIRST,-1.5651520516643562,-1.5651520516643562,0.0,34,0,0,0,0,0,-12.409355098525655
PRIMARY,113,601888.SH,2022-08-08,-27.5,TP_FIRST,7.1858432781792185,7.1858432781792185,0.0,33,0,0,0,0,0,-8.133019118063235
PRIMARY,114,000858.SZ,2022-07-29,-27.5,TP_FIRST,-2.4673011477159523,-2.4673011477159523,0.0,40,0,0,0,0,0,-12.093504633059515
PRIMARY,115,300274.SZ,2022-08-31,-27.5,TP_FIRST,13.216110132265186,13.216110132265186,0.0,23,0,0,0,0,0,-6.803285897864219
PRIMARY,116,300760.SZ,2022-09-21,-27.5,TP_FIRST,26.10435256088347,26.10435256088347,0.0,11,0,0,0,0,0,-2.945982270341807
PRIMARY,117,603259.SH,2022-07-27,-27.5,TP_FIRST,-6.553924195303395,-20.29802978676759,-13.744105591464194,39,1,1,0,0,0,-30.331191278374803
PRIMARY,118,601012.SH,2022-08-03,-27.5,TP_FIRST,-1.5712301907594528,-1.5712301907594528,0.0,54,0,0,0,0,0,-20.79675190961924
PRIMARY,119,688599.SH,2022-08-19,-27.5,TP_FIRST,4.900961296612725,4.900961296612725,0.0,42,0,0,0,0,0,-11.786057206268874
PRIMARY,120,002459.SZ,2022-08-19,-27.5,TP_FIRST,5.627000867343111,5.627000867343111,0.0,42,0,0,0,0,0,-10.712385831051897
PRIMARY,121,601899.SH,2022-09-26,-27.5,TP_FIRST,6.916188828671841,6.916188828671841,0.0,18,0,0,0,0,0,-3.33920245581949
PRIMARY,122,002460.SZ,2022-08-25,-27.5,TP_FIRST,2.226213115920718,2.226213115920718,0.0,41,0,0,0,0,0,-16.759572939966095
PRIMARY,123,002271.SZ,2022-08-23,-27.5,TP_FIRST,-5.965240206705305,-21.299380929400463,-15.334140722695158,37,1,1,0,0,0,-29.215251654169816
PRIMARY,124,600703.SH,2022-09-20,-27.5,TP_FIRST,1.4365619204532005,1.4365619204532005,0.0,26,0,0,0,0,0,-17.135927537327543
PRIMARY,125,002594.SZ,2022-07-12,-27.5,TP_FIRST,-2.227087712436274,-2.227087712436274,0.0,76,0,0,0,0,0,-23.762322609884045
PRIMARY,126,002466.SZ,2022-09-01,-27.5,TP_FIRST,0.41755742217796255,0.41755742217796255,0.0,39,0,0,0,0,0,-17.18698543788346
PRIMARY,127,002050.SZ,2022-10-11,-27.5,TP_FIRST,8.648758708124946,8.648758708124946,0.0,17,0,0,0,0,0,-7.919779995223497
PRIMARY,128,603799.SH,2022-09-29,-27.5,TP_FIRST,1.9036214562895246,1.9036214562895246,0.0,21,0,0,0,0,0,-18.54792363873298
PRIMARY,129,600030.SH,2022-09-16,-27.5,TP_FIRST,3.2914258355483077,3.2914258355483077,0.0,34,0,0,0,0,0,-7.2317278605463
PRIMARY,130,600036.SH,2022-10-10,-27.5,TP_FIRST,4.74708231806275,4.74708231806275,0.0,23,0,0,0,0,0,-17.352231797581
PRIMARY,131,601166.SH,2022-08-29,-27.5,TP_FIRST,2.990941980494697,2.990941980494697,0.0,48,0,0,0,0,0,-11.758858159541209
PRIMARY,132,601318.SH,2022-10-24,-27.5,TP_FIRST,11.54058817209945,11.54058817209945,0.0,14,0,0,0,0,0,-4.56589305883337
PRIMARY,133,000651.SZ,2022-10-31,-27.5,TP_FIRST,11.08646263720554,11.08646263720554,0.0,9,0,0,0,0,0,-0.62111668689665
PRIMARY,134,300059.SZ,2022-08-02,-27.5,TP_FIRST,1.3148602142200303,-17.413660502541386,-18.728520716761416,55,1,1,0,0,0,-28.41433393805436
PRIMARY,135,000625.SZ,2022-08-24,-27.5,TP_FIRST,2.31475867645841,2.31475867645841,0.0,63,0,0,0,0,0,-27.190338345372766
PRIMARY,136,000858.SZ,2022-10-24,-27.5,TP_FIRST,13.014502136358589,13.014502136358589,0.0,26,0,0,0,0,0,-6.076160549181053
PRIMARY,137,600519.SH,2022-09-05,-27.5,TP_FIRST,-5.861614932184937,-5.861614932184937,0.0,56,0,0,0,0,0,-27.44375317821398
PRIMARY,138,000568.SZ,2022-10-10,-27.5,TP_FIRST,5.894426001503926,5.894426001503926,0.0,37,0,0,0,0,0,-26.23829865914583
PRIMARY,139,600887.SH,2022-10-20,-27.5,TP_FIRST,6.706648715667189,6.706648715667189,0.0,29,0,0,0,0,0,-18.517421916247343
PRIMARY,140,002714.SZ,2022-10-26,-27.5,TP_FIRST,5.23244617556544,5.23244617556544,0.0,28,0,0,0,0,0,-8.911088606217998
PRIMARY,141,300750.SZ,2022-09-01,-27.5,TP_FIRST,-1.3981718838619202,-1.3981718838619202,0.0,62,0,0,0,0,0,-24.986572858520837
PRIMARY,142,002371.SZ,2022-10-12,-27.5,TP_FIRST,10.597667780822029,10.597667780822029,0.0,44,0,0,0,0,0,-5.446303292394417
PRIMARY,143,603259.SH,2022-11-28,-27.5,TP_FIRST,6.738265986701266,6.738265986701266,0.0,22,0,0,0,0,0,-2.1226976811561937
PRIMARY,144,600522.SH,2022-11-01,-27.5,TP_FIRST,-5.676303523410963,-18.18036062906592,-12.504057105654956,33,1,1,0,0,0,-30.66339374603776
PRIMARY,145,300274.SZ,2022-12-06,-27.5,TP_FIRST,12.35423017458993,12.35423017458993,0.0,18,0,0,0,0,0,-12.997661644686353
PRIMARY,146,002241.SZ,2022-11-11,-27.5,TP_FIRST,8.552942953591648,8.552942953591648,0.0,37,0,0,0,0,0,-2.0552360649699564
PRIMARY,147,002812.SZ,2022-11-23,-27.5,TP_FIRST,12.272962184274384,12.272962184274384,0.0,30,0,0,0,0,0,-7.454367889448843
PRIMARY,148,601012.SH,2022-12-22,-27.5,TP_FIRST,11.348570853081775,11.348570853081775,0.0,17,0,0,0,0,0,-1.83945407826005
PRIMARY,149,000625.SZ,2022-12-28,-27.5,TP_FIRST,15.403895272762636,15.403895272762636,0.0,16,0,0,0,0,0,-2.461030882431914
PRIMARY,150,002709.SZ,2022-12-30,-27.5,TP_FIRST,15.538268097973235,15.538268097973235,0.0,14,0,0,0,0,0,-2.7348780509869663
PRIMARY,151,300014.SZ,2023-01-11,-27.5,TP_FIRST,6.981985480381129,6.981985480381129,0.0,9,0,0,0,0,0,-4.915491114570337
PRIMARY,152,300750.SZ,2023-02-17,-27.5,TP_FIRST,3.6254689430868456,3.6254689430868456,0.0,29,0,0,0,0,0,-11.62683470375777
PRIMARY,153,600519.SH,2023-03-08,-27.5,TP_FIRST,3.358107895598216,3.358107895598216,0.0,16,0,0,0,0,0,-2.5877984739737014
PRIMARY,154,300059.SZ,2023-03-07,-27.5,TP_FIRST,6.704927557794763,6.704927557794763,0.0,18,0,0,0,0,0,-6.726693190328403
PRIMARY,155,300274.SZ,2023-03-14,-27.5,TP_FIRST,3.872684453553771,3.872684453553771,0.0,23,0,0,0,0,0,-11.398858058207795
PRIMARY,156,002594.SZ,2023-03-10,-27.5,TP_FIRST,7.839512102970262,7.839512102970262,0.0,33,0,0,0,0,0,-3.6913778017047982
PRIMARY,157,000858.SZ,2023-04-10,-27.5,TP_FIRST,-2.6488868636941545,-2.6488868636941545,0.0,26,0,0,0,0,0,-10.048100566887374
PRIMARY,158,000651.SZ,2023-05-04,-27.5,TP_FIRST,6.144996620188443,6.144996620188443,0.0,25,0,0,0,0,0,-8.255590958382841
PRIMARY,159,601899.SH,2023-05-12,-27.5,TP_FIRST,6.727401168026937,6.727401168026937,0.0,19,0,0,0,0,0,-5.558920911138776
PRIMARY,160,600519.SH,2023-04-12,-27.5,TP_FIRST,6.514893856808776,6.514893856808776,0.0,43,0,0,0,0,0,-4.355999030555235
PRIMARY,161,601012.SH,2023-03-16,-27.5,TP_FIRST,-17.84953964554572,-19.311314713362897,-1.4617750678171788,49,1,1,0,0,0,-33.276416390528766
PRIMARY,162,600036.SH,2023-04-27,-27.5,TP_FIRST,-0.6278320762058595,-0.6278320762058595,0.0,57,0,0,0,0,0,-3.793063901958049
PRIMARY,163,600809.SH,2023-05-22,-27.5,TP_FIRST,9.67465728119054,9.67465728119054,0.0,43,0,0,0,0,0,-16.847859403834985
PRIMARY,164,300059.SZ,2023-05-29,-27.5,TP_FIRST,3.238668828858134,3.238668828858134,0.0,38,0,0,0,0,0,-4.622126321593722
PRIMARY,165,002415.SZ,2023-06-09,-27.5,TP_FIRST,9.253968396028046,9.253968396028046,0.0,31,0,0,0,0,0,-3.0509320142771967
PRIMARY,166,300750.SZ,2023-06-07,-27.5,TP_FIRST,8.015096907867838,8.015096907867838,0.0,35,0,0,0,0,0,-2.799902799902787
PRIMARY,167,688981.SH,2023-05-09,-27.5,TP_FIRST,-1.9912914951639942,-1.9912914951639942,0.0,57,0,0,0,0,0,-7.822752791213516
PRIMARY,168,600570.SH,2023-07-11,-27.5,TP_FIRST,12.935015317595871,12.935015317595871,0.0,17,0,0,0,0,0,-3.6163828033945022
PRIMARY,169,300418.SZ,2023-06-26,-27.5,TP_FIRST,-7.109717403112448,-7.109717403112448,0.0,34,0,0,0,0,0,-22.324869570606698
PRIMARY,170,600276.SH,2023-07-31,-27.5,TP_FIRST,2.244966610480217,2.244966610480217,0.0,19,0,0,0,0,0,-16.355370032537774
PRIMARY,171,002230.SZ,2023-08-16,-27.5,TP_FIRST,-4.04018826584394,-4.04018826584394,0.0,32,0,0,0,0,0,-19.948062722882465
PRIMARY,172,002475.SZ,2023-09-07,-27.5,TP_FIRST,6.728014277472455,6.728014277472455,0.0,17,0,0,0,0,0,-4.4345508276317
PRIMARY,173,300760.SZ,2023-08-07,-27.5,TP_FIRST,6.5338873044717865,6.5338873044717865,0.0,53,0,0,0,0,0,-4.449940020156773
PRIMARY,174,000858.SZ,2023-08-18,-27.5,TP_FIRST,9.240903528696505,9.240903528696505,0.0,46,0,0,0,0,0,-12.715230910264852
PRIMARY,175,300014.SZ,2023-02-20,-27.5,TP_FIRST,-28.568832058383776,-19.672425422578534,8.896406635805242,123,1,1,0,0,0,-44.47756749417103
PRIMARY,176,300059.SZ,2023-10-23,-27.5,TP_FIRST,6.795375111896212,6.795375111896212,0.0,9,0,0,0,0,0,-0.4417866895821354
PRIMARY,177,603019.SH,2023-08-09,-27.5,TP_FIRST,2.102020516340531,2.102020516340531,0.0,57,0,0,0,0,0,-18.940916927699114
PRIMARY,178,300274.SZ,2023-08-21,-27.5,TP_FIRST,2.059040269174881,2.059040269174881,0.0,51,0,0,0,0,0,-23.84860922169848
PRIMARY,179,300308.SZ,2023-07-20,-27.5,TP_FIRST,-5.693477162892338,-15.89827435750304,-10.204797194610702,43,1,1,0,0,0,-34.647305581306
PRIMARY,180,000977.SZ,2023-08-18,-27.5,TP_FIRST,7.706372017077919,-11.108756770205149,-18.81512878728307,41,1,1,0,0,1,-32.22636562323018
PRIMARY,181,601012.SH,2023-08-21,-27.5,TP_FIRST,-11.755699669774852,-11.755699669774852,0.0,86,0,0,0,0,0,-26.371969728680746
PRIMARY,182,600519.SH,2023-10-13,-27.5,TP_FIRST,1.893988027016628,1.893988027016628,0.0,54,0,0,0,0,0,-7.786761434433009
PRIMARY,183,600009.SH,2023-08-21,-27.5,TP_FIRST,-11.699228208217027,-11.699228208217027,0.0,98,0,0,0,0,0,-24.842656679790675
PRIMARY,184,601318.SH,2023-11-09,-27.5,TP_FIRST,-2.3138721028580727,-2.3138721028580727,0.0,53,0,0,0,0,0,-12.395299497973422
PRIMARY,185,000651.SZ,2023-12-20,-27.5,TP_FIRST,12.104633410839133,12.104633410839133,0.0,26,0,0,0,0,0,-0.22839068988121936
PRIMARY,186,601138.SH,2023-10-24,-27.5,TP_FIRST,11.050900506142318,11.050900506142318,0.0,73,0,0,0,0,0,-8.702006282856667
PRIMARY,187,000858.SZ,2023-12-13,-27.5,TP_FIRST,2.808164916171326,2.808164916171326,0.0,37,0,0,0,0,0,-9.305511112151732
PRIMARY,188,600519.SH,2024-01-17,-27.5,TP_FIRST,5.907729356690894,5.907729356690894,0.0,13,0,0,0,0,0,-1.2708988071569394
PRIMARY,189,300750.SZ,2023-09-08,-27.5,TP_FIRST,-18.00484444688593,-18.631539494005573,-0.6266950471196431,54,1,1,0,0,0,-37.07504075265946
PRIMARY,190,002230.SZ,2024-01-03,-27.5,TP_FIRST,3.585730933845497,3.585730933845497,0.0,25,0,0,0,0,0,-13.110142123274604
PRIMARY,191,300418.SZ,2024-01-31,-27.5,TP_FIRST,39.428041617887864,39.428041617887864,0.0,6,0,0,0,0,0,-9.269811195543308
PRIMARY,192,000568.SZ,2023-12-11,-27.5,TP_FIRST,1.1120117479146117,1.1120117479146117,0.0,44,0,0,0,0,0,-22.710877834749677
PRIMARY,193,300059.SZ,2023-12-27,-27.5,TP_FIRST,5.900250298765934,5.900250298765934,0.0,32,0,0,0,0,0,-11.47429406768471
PRIMARY,194,000063.SZ,2023-07-20,-27.5,TP_FIRST,-20.144973123840867,-11.937682369807916,8.20729075403295,63,1,1,0,0,1,-49.074840753076984
PRIMARY,195,000628.SZ,2023-12-14,-27.5,TP_FIRST,44.67924500816973,-7.0686177090459985,-51.747862717215725,37,1,1,0,0,1,-39.992579634592374
PRIMARY,196,000625.SZ,2024-01-04,-27.5,TP_FIRST,12.686864654118965,12.686864654118965,0.0,30,0,0,0,0,0,-24.25874529738413
PRIMARY,197,301236.SZ,2024-01-22,-27.5,TP_FIRST,15.202767971466354,15.202767971466354,0.0,18,0,0,0,0,0,-20.518249818689295
PRIMARY,198,002555.SZ,2023-12-25,-27.5,TP_FIRST,17.471539089853273,17.471539089853273,0.0,39,0,0,0,0,0,-18.06601865960579
PRIMARY,199,000661.SZ,2024-01-12,-27.5,TP_FIRST,5.324721980411358,5.324721980411358,0.0,26,0,0,0,0,0,-15.088906432452676
PRIMARY,200,300033.SZ,2024-01-16,-27.5,TP_FIRST,11.478914185701258,11.478914185701258,0.0,24,0,0,0,0,0,-19.68785420497784
PRIMARY,201,002456.SZ,2023-12-14,-27.5,TP_FIRST,9.13490121758614,-17.21512953598597,-26.35003075357211,34,1,1,0,0,0,-32.75517367129328
PRIMARY,202,603259.SH,2024-01-30,-27.5,TP_FIRST,16.5357317467109,16.5357317467109,0.0,17,0,0,0,0,0,-19.366346576745652
PRIMARY,203,002594.SZ,2023-08-14,-27.5,TP_FIRST,-16.277210987224258,-25.691768011423555,-9.414557024199297,112,1,1,0,0,0,-33.85103047938111
PRIMARY,204,601012.SH,2024-01-29,-27.5,TP_FIRST,15.268422377533785,15.268422377533785,0.0,24,0,0,0,0,0,-13.258914832233726
PRIMARY,205,002475.SZ,2024-01-17,-27.5,TP_FIRST,7.219372761109448,7.219372761109448,0.0,37,0,0,0,0,0,-11.861191429965057
PRIMARY,206,601318.SH,2024-03-22,-27.5,TP_FIRST,8.104543046068015,8.104543046068015,0.0,23,0,0,0,0,0,-6.965721129438385
PRIMARY,207,600519.SH,2024-04-08,-27.5,TP_FIRST,5.19682233937109,5.19682233937109,0.0,16,0,0,0,0,0,-1.7024675784346077
PRIMARY,208,000977.SZ,2024-04-10,-27.5,TP_FIRST,12.570545419631626,12.570545419631626,0.0,14,0,0,0,0,0,-8.98589486777226
PRIMARY,209,000628.SZ,2024-03-29,-27.5,TP_FIRST,-22.18874094507154,-20.825174507890086,1.3635664371814542,8,1,1,0,0,1,-52.38614252495148
PRIMARY,210,002129.SZ,2024-01-30,-27.5,TP_FIRST,-6.5866863796632105,-6.5866863796632105,0.0,69,0,0,0,0,0,-23.270953005067007
PRIMARY,211,601138.SH,2024-05-31,-27.5,TP_FIRST,17.235953981802986,17.235953981802986,0.0,8,0,0,0,0,0,-0.1435072194053144
PRIMARY,212,002230.SZ,2024-04-23,-27.5,TP_FIRST,5.3407176576942215,5.3407176576942215,0.0,35,0,0,0,0,0,-3.192044234481095
PRIMARY,213,600919.SH,2024-04-26,-27.5,TP_FIRST,-3.22433989136676,-3.22433989136676,0.0,42,0,0,0,0,0,-6.245585876244874
PRIMARY,214,000977.SZ,2024-05-28,-27.5,TP_FIRST,4.476827597833199,4.476827597833199,0.0,28,0,0,0,0,0,-6.538088943116049
PRIMARY,215,000625.SZ,2024-04-16,-27.5,TP_FIRST,-3.5813249331349106,-3.5813249331349106,0.0,56,0,0,0,0,0,-22.439671783461513
PRIMARY,216,000725.SZ,2024-05-28,-27.5,TP_FIRST,4.499483038676097,4.499483038676097,0.0,29,0,0,0,0,0,-5.704054833968886
PRIMARY,217,603019.SH,2024-03-27,-27.5,TP_FIRST,-3.1650656694684725,-3.1650656694684725,0.0,73,0,0,0,0,0,-19.720874640088848
PRIMARY,218,000858.SZ,2024-06-11,-27.5,TP_FIRST,-4.863606074584775,-4.863606074584775,0.0,25,0,0,0,0,0,-9.446093150024627
PRIMARY,219,600519.SH,2024-06-11,-27.5,TP_FIRST,0.5216824393800606,0.5216824393800606,0.0,27,0,0,0,0,0,-10.274440490341663
PRIMARY,220,300750.SZ,2024-06-07,-27.5,TP_FIRST,1.3901215027090492,1.3901215027090492,0.0,29,0,0,0,0,0,-9.524339063610821
PRIMARY,221,300059.SZ,2024-06-28,-27.5,TP_FIRST,3.9349979609446946,3.9349979609446946,0.0,22,0,0,0,0,0,-5.914697081934461
PRIMARY,222,601012.SH,2024-06-06,-27.5,TP_FIRST,-12.181185272863992,-12.181185272863992,0.0,40,0,0,0,0,0,-25.1188709649811
PRIMARY,223,600519.SH,2024-07-30,-27.5,TP_FIRST,4.979956385509713,4.979956385509713,0.0,22,0,0,0,0,0,-0.09990187614892232
PRIMARY,224,002594.SZ,2024-08-02,-27.5,TP_FIRST,6.379967880191982,6.379967880191982,0.0,19,0,0,0,0,0,-3.2764151461084245
PRIMARY,225,002475.SZ,2024-08-05,-27.5,TP_FIRST,8.544910470004318,8.544910470004318,0.0,18,0,0,0,0,0,-3.167255709326977
PRIMARY,226,002466.SZ,2024-04-25,-27.5,TP_FIRST,-13.212317215788726,-13.642235476078781,-0.4299182602900551,83,1,1,0,0,1,-36.23508762311697
PRIMARY,227,300502.SZ,2024-07-25,-27.5,TP_FIRST,13.964744747831642,13.964744747831642,0.0,35,0,0,0,0,0,-12.266195988559547
PRIMARY,228,601919.SH,2024-07-08,-27.5,TP_FIRST,1.7285541339282333,1.7285541339282333,0.0,51,0,0,0,0,0,-19.814263643782315
PRIMARY,229,000063.SZ,2024-08-22,-27.5,TP_FIRST,3.3955801711335427,3.3955801711335427,0.0,19,0,0,0,0,0,-3.013656189391656
PRIMARY,230,601138.SH,2024-07-18,-27.5,TP_FIRST,-2.550959931032771,-13.605260326752012,-11.05430039571924,37,1,1,0,0,0,-27.58542866236795
PRIMARY,231,300308.SZ,2024-07-25,-27.5,TP_FIRST,7.199933708510119,7.199933708510119,0.0,40,0,0,0,0,0,-20.412077421209307
PRIMARY,232,601899.SH,2024-07-23,-27.5,TP_FIRST,11.302372099604602,11.302372099604602,0.0,43,0,0,0,0,0,-15.34301819528009
PRIMARY,233,601127.SH,2024-08-28,-27.5,TP_FIRST,11.860904824260553,11.860904824260553,0.0,17,0,0,0,0,0,-0.6937050159442237
PRIMARY,234,600036.SH,2024-09-09,-27.5,TP_FIRST,12.650986424212693,12.650986424212693,0.0,9,0,0,0,0,0,-1.1566935372865572
PRIMARY,235,000858.SZ,2024-08-22,-27.5,TP_FIRST,9.447704740723928,9.447704740723928,0.0,22,0,0,0,0,0,-11.92058204560389
PRIMARY,236,600809.SH,2024-08-28,-27.5,TP_FIRST,10.265232797714383,10.265232797714383,0.0,18,0,0,0,0,0,-9.343746064530556
PRIMARY,237,600519.SH,2024-09-09,-27.5,TP_FIRST,13.065449104192647,13.065449104192647,0.0,10,0,0,0,0,0,-9.155678699288794
PRIMARY,238,600276.SH,2024-09-20,-27.5,TP_FIRST,7.0921102706178285,7.0921102706178285,0.0,3,0,0,0,0,0,-1.5909424566413088
PRIMARY,239,000100.SZ,2024-05-07,-27.5,TP_FIRST,6.430946014868081,6.430946014868081,0.0,99,0,0,0,0,0,-22.85372018914835
PRIMARY,240,688012.SH,2024-08-23,-27.5,TP_FIRST,8.980679975166685,8.980679975166685,0.0,22,0,0,0,0,0,-11.105843309233144
PRIMARY,241,688256.SH,2024-09-05,-27.5,TP_FIRST,22.25002533076108,22.25002533076108,0.0,14,0,0,0,0,0,-3.4709343344747623
PRIMARY,242,600900.SH,2024-09-11,-27.5,TP_FIRST,8.228584541518643,8.228584541518643,0.0,10,0,0,0,0,0,-0.35235825269818166
PRIMARY,243,600150.SH,2024-09-19,-27.5,TP_FIRST,4.47320430931633,4.47320430931633,0.0,58,0,0,0,0,0,-6.4123490487716595
PRIMARY,244,600418.SH,2024-11-27,-27.5,TP_FIRST,19.31501930377224,19.31501930377224,0.0,38,0,0,0,0,0,-4.031151825779977
PRIMARY,245,603019.SH,2025-01-02,-27.5,TP_FIRST,7.198386187683706,7.198386187683706,0.0,17,0,0,0,0,0,-10.82782494103971
PRIMARY,246,600030.SH,2024-12-31,-27.5,TP_FIRST,-0.029241512213777625,-0.029241512213777625,0.0,20,0,0,0,0,0,-9.821028359452445
PRIMARY,247,300059.SZ,2025-01-02,-27.5,TP_FIRST,5.568619214325684,5.568619214325684,0.0,19,0,0,0,0,0,-10.373910853057232
PRIMARY,248,300033.SZ,2025-01-02,-27.5,TP_FIRST,23.218740081380986,23.218740081380986,0.0,19,0,0,0,0,0,-8.449836646713571
PRIMARY,249,300750.SZ,2025-01-07,-27.5,TP_FIRST,8.716235937905914,8.716235937905914,0.0,21,0,0,0,0,0,-2.061431530740332
PRIMARY,250,000858.SZ,2025-01-06,-27.5,TP_FIRST,1.2030252662316376,1.2030252662316376,0.0,23,0,0,0,0,0,-5.193889847781408
PRIMARY,251,688256.SH,2025-01-16,-27.5,TP_FIRST,19.16467811575612,19.16467811575612,0.0,19,0,0,0,0,0,-4.483732441599764
PRIMARY,252,600519.SH,2025-01-03,-27.5,TP_FIRST,4.558943908999476,4.558943908999476,0.0,33,0,0,0,0,0,-3.7431935053504506
PRIMARY,253,688256.SH,2025-03-25,-27.5,TP_FIRST,8.922494348994318,8.922494348994318,0.0,17,0,0,0,0,0,-17.216747908844678
PRIMARY,254,002261.SZ,2025-03-24,-27.5,TP_FIRST,2.6716085217561965,-27.64635684893936,-30.317965370695553,10,1,1,0,0,0,-27.78696429320907
PRIMARY,255,600989.SH,2025-03-28,-27.5,TP_FIRST,6.913448021154776,6.913448021154776,0.0,20,0,0,0,0,0,-8.97260383386529
PRIMARY,256,000063.SZ,2025-03-03,-27.5,TP_FIRST,2.6037524048102836,2.6037524048102836,0.0,42,0,0,0,0,0,-20.196827200957447
PRIMARY,257,600050.SH,2025-03-19,-27.5,TP_FIRST,-4.102896566069308,-4.102896566069308,0.0,30,0,0,0,0,0,-12.91204099525517
PRIMARY,258,300846.SZ,2025-03-25,-27.5,TP_FIRST,-3.7770156011244347,-17.66094502267754,-13.883929421553107,9,1,1,0,0,0,-31.401379445935305
PRIMARY,259,300059.SZ,2025-04-01,-27.5,TP_FIRST,5.1627907747067665,5.1627907747067665,0.0,21,0,0,0,0,0,-18.189916816625797
PRIMARY,260,002475.SZ,2025-04-02,-27.5,TP_FIRST,3.6625597634810965,3.6625597634810965,0.0,20,0,0,0,0,0,-27.255123038788852
PRIMARY,261,300308.SZ,2025-01-10,-27.5,TP_FIRST,0.7734206644023827,-11.768654725219672,-12.542075389622056,56,1,1,0,0,1,-39.080885586063495
PRIMARY,262,300502.SZ,2025-02-28,-27.5,TP_FIRST,28.725713357688992,-12.431209528037398,-41.15692288572639,27,1,1,0,0,1,-31.75728487388515
PRIMARY,263,300750.SZ,2025-04-01,-27.5,TP_FIRST,7.81936272756536,7.81936272756536,0.0,22,0,0,0,0,0,-16.506355111574443
PRIMARY,264,601318.SH,2025-04-07,-27.5,TP_FIRST,6.926822925723594,6.926822925723594,0.0,19,0,0,0,0,0,-1.0258567917744377
PRIMARY,265,600036.SH,2025-04-07,-27.5,TP_FIRST,5.565919809741665,5.565919809741665,0.0,19,0,0,0,0,0,-1.275773669536573
PRIMARY,266,002594.SZ,2025-04-08,-27.5,TP_FIRST,17.218917139643203,17.218917139643203,0.0,21,0,0,0,0,0,-2.0179308927128603
PRIMARY,267,601658.SH,2025-03-28,-27.5,TP_FIRST,3.737034722718007,3.737034722718007,0.0,28,0,0,0,0,0,-5.998762052795592
PRIMARY,268,600309.SH,2025-04-15,-27.5,TP_FIRST,2.8522101436284233,2.8522101436284233,0.0,18,0,0,0,0,0,-4.325283052386664
PRIMARY,269,601899.SH,2025-04-07,-27.5,TP_FIRST,18.75276321406046,18.75276321406046,0.0,28,0,0,0,0,0,-2.3499050474409477
PRIMARY,270,603259.SH,2025-04-08,-27.5,TP_FIRST,27.365745385479556,27.365745385479556,0.0,29,0,0,0,0,0,-2.7478554733693317
PRIMARY,271,688981.SH,2025-04-01,-27.5,TP_FIRST,-0.3367121465143475,-0.3367121465143475,0.0,53,0,0,0,0,0,-10.022828466095346
PRIMARY,272,688256.SH,2025-05-27,-27.5,TP_FIRST,2.4520211429184493,2.4520211429184493,0.0,20,0,0,0,0,0,-9.161551567123071
PRIMARY,273,000858.SZ,2025-06-13,-27.5,TP_FIRST,2.9441509741563254,2.9441509741563254,0.0,17,0,0,0,0,0,-0.8036010497183277
PRIMARY,274,600519.SH,2025-06-13,-27.5,TP_FIRST,1.571155348492451,1.571155348492451,0.0,18,0,0,0,0,0,-0.18545542382252256
PRIMARY,275,300308.SZ,2025-10-14,-27.5,TP_FIRST,37.312191378736536,37.312191378736536,0.0,7,0,0,0,0,0,-2.4164241555545862
PRIMARY,276,002460.SZ,2025-11-24,-27.5,TP_FIRST,9.614217661278927,9.614217661278927,0.0,19,0,0,0,0,0,-1.7925475782034406
PRIMARY,277,601138.SH,2025-11-24,-27.5,TP_FIRST,19.316165850131622,19.316165850131622,0.0,22,0,0,0,0,0,-2.475096837577462
PRIMARY,278,300502.SZ,2026-01-12,-27.5,TP_FIRST,18.325572753597463,18.325572753597463,0.0,14,0,0,0,0,0,-2.8874334496876597
PRIMARY,279,300750.SZ,2025-11-21,-27.5,TP_FIRST,1.7797735978262685,1.7797735978262685,0.0,52,0,0,0,0,0,-11.001248680259001
PRIMARY,280,300274.SZ,2025-12-16,-27.5,TP_FIRST,-0.04130443998742119,-0.04130443998742119,0.0,52,0,0,0,0,0,-13.261308807790783
PRIMARY,281,300308.SZ,2026-02-06,-27.5,TP_FIRST,3.437565472561077,3.437565472561077,0.0,21,0,0,0,0,0,-9.894027541086349
PRIMARY,282,002475.SZ,2026-01-08,-27.5,TP_FIRST,1.540552873571203,1.540552873571203,0.0,56,0,0,0,0,0,-18.823201056328863
PRIMARY,283,601138.SH,2026-01-29,-27.5,TP_FIRST,3.823418044659373,3.823418044659373,0.0,41,0,0,0,0,0,-17.012814423960076
PRIMARY,284,688256.SH,2026-02-03,-27.5,TP_FIRST,12.397855616133041,12.397855616133041,0.0,38,0,0,0,0,0,-12.087912087912079
PRIMARY,285,601899.SH,2026-03-16,-27.5,TP_FIRST,9.119263883295172,9.119263883295172,0.0,20,0,0,0,0,0,-14.280941525906998
PRIMARY,286,603986.SH,2026-03-31,-27.5,TP_FIRST,19.7457903723054,19.7457903723054,0.0,13,0,0,0,0,0,-2.865134133444669
PRIMARY,287,300059.SZ,2026-03-20,-27.5,TP_FIRST,8.424165896338625,8.424165896338625,0.0,31,0,0,0,0,0,-7.322200643291355
PRIMARY,288,300274.SZ,2026-04-01,-27.5,TP_FIRST,13.077001683310016,13.077001683310016,0.0,23,0,0,0,0,0,-7.472322364359973
PRIMARY,289,300274.SZ,2026-07-01,-27.5,TP_FIRST,-8.358514552822074,-8.358514552822074,0.0,28,0,0,0,0,0,-26.27934444027391
PRIMARY,290,600487.SH,2026-07-06,-27.5,TP_FIRST,-17.707576907721744,-24.66895518092784,-6.961378273206094,8,1,1,0,0,0,-46.153139444336865
PRIMARY,291,688525.SH,2026-07-15,-27.5,TP_FIRST,-19.368418251981645,-22.943962782868223,-3.575544530886578,8,1,1,0,0,0,-34.73193473193472
PRIMARY,292,688008.SH,2026-07-16,-27.5,TP_FIRST,-3.6609369962131426,-3.6609369962131426,0.0,27,0,0,0,0,0,-12.165294341773524
PRIMARY,293,688256.SH,2026-07-16,-27.5,TP_FIRST,-7.309240157764709,-7.309240157764709,0.0,27,0,0,0,0,0,-25.153710642669623
PRIMARY,294,300308.SZ,2026-07-17,-27.5,TP_FIRST,-11.744158826402947,-11.744158826402947,0.0,26,0,0,0,0,0,-22.96628924619374
PRIMARY,295,600584.SH,2026-07-20,-27.5,TP_FIRST,-3.746170199653699,-3.746170199653699,0.0,25,0,0,0,0,0,-20.75720869405966
PRIMARY,296,300502.SZ,2026-07-28,-27.5,TP_FIRST,-3.1289001702402826,-3.1289001702402826,0.0,19,0,0,0,0,0,-14.854383942881455
PRIMARY,297,002384.SZ,2026-07-29,-27.5,TP_FIRST,6.860142611567042,6.860142611567042,0.0,18,0,0,0,0,0,-9.217430672804971
PRIMARY,298,002475.SZ,2026-08-03,-27.5,TP_FIRST,1.2862198685484683,1.2862198685484683,0.0,15,0,0,0,0,0,-4.021902045888859
PRIMARY,299,600276.SH,2026-08-20,-27.5,TP_FIRST,-2.438053366642191,-2.438053366642191,0.0,2,0,0,0,0,0,-4.81585777507767
PRIMARY,1,000651.SZ,2020-03-19,-30.0,STOP_FIRST,8.76502998612771,8.76502998612771,0.0,15,0,0,0,0,0,-3.253806511060575
PRIMARY,2,600030.SH,2020-03-16,-30.0,STOP_FIRST,1.2152522266729697,1.2152522266729697,0.0,19,0,0,0,0,0,-7.086832162571954
PRIMARY,3,300750.SZ,2020-02-28,-30.0,STOP_FIRST,-1.0193924653390611,-1.0193924653390611,0.0,31,0,0,0,0,0,-24.419958905481774
PRIMARY,4,601318.SH,2020-02-28,-30.0,STOP_FIRST,-1.3453625770562572,-1.3453625770562572,0.0,33,0,0,0,0,0,-15.814522556095568
PRIMARY,5,600036.SH,2020-03-19,-30.0,STOP_FIRST,10.683448687695108,10.683448687695108,0.0,25,0,0,0,0,0,-0.09990265754196148
PRIMARY,6,002475.SZ,2020-03-17,-30.0,STOP_FIRST,14.92275528149982,14.92275528149982,0.0,28,0,0,0,0,0,-11.112505536775796
PRIMARY,7,000858.SZ,2020-03-17,-30.0,STOP_FIRST,26.82736619482785,26.82736619482785,0.0,28,0,0,0,0,0,-12.958069092199342
PRIMARY,8,000063.SZ,2020-03-17,-30.0,STOP_FIRST,3.2396956676295363,3.2396956676295363,0.0,32,0,0,0,0,0,-10.59060271470772
PRIMARY,9,000725.SZ,2020-03-16,-30.0,STOP_FIRST,4.611959703094805,4.611959703094805,0.0,35,0,0,0,0,0,-20.127607365604128
PRIMARY,10,002506.SZ,2020-03-26,-30.0,STOP_FIRST,-6.524016348081019,-18.70738436303319,-12.183368014952169,23,1,1,0,0,0,-31.211643047504246
PRIMARY,11,600519.SH,2020-03-18,-30.0,STOP_FIRST,39.54846152311298,39.54846152311298,0.0,48,0,0,0,0,0,-3.505987509815356
PRIMARY,12,000002.SZ,2020-03-18,-30.0,STOP_FIRST,4.681297620587952,4.681297620587952,0.0,49,0,0,0,0,0,-6.372695888701285
PRIMARY,13,002714.SZ,2020-05-11,-30.0,STOP_FIRST,-37.346517858183255,-39.08929023133747,-1.7427723731542173,17,1,1,0,0,1,-43.62347582705105
PRIMARY,14,000063.SZ,2020-05-25,-30.0,STOP_FIRST,8.355437860095789,8.355437860095789,0.0,17,0,0,0,0,0,-5.214052830367422
PRIMARY,15,002415.SZ,2020-05-25,-30.0,STOP_FIRST,7.15509150196319,7.15509150196319,0.0,17,0,0,0,0,0,-2.5965128554330974
PRIMARY,16,600703.SH,2020-06-15,-30.0,STOP_FIRST,15.534542524394753,15.534542524394753,0.0,12,0,0,0,0,0,-1.7232235549681896
PRIMARY,17,600030.SH,2020-09-07,-30.0,STOP_FIRST,3.3416942678344705,3.3416942678344705,0.0,18,0,0,0,0,0,-2.3347247522243597
PRIMARY,18,300059.SZ,2020-09-09,-30.0,STOP_FIRST,4.052671012057143,4.052671012057143,0.0,16,0,0,0,0,0,-5.835594827212354
PRIMARY,19,600276.SH,2020-09-17,-30.0,STOP_FIRST,7.964121567403469,7.964121567403469,0.0,10,0,0,0,0,0,-0.30802389658590723
PRIMARY,20,000063.SZ,2020-09-10,-30.0,STOP_FIRST,8.16654508112372,8.16654508112372,0.0,16,0,0,0,0,0,-2.1893558485753473
PRIMARY,21,000651.SZ,2020-09-28,-30.0,STOP_FIRST,7.18749636223901,7.18749636223901,0.0,5,0,0,0,0,0,-0.7920940870049797
PRIMARY,22,600036.SH,2020-09-30,-30.0,STOP_FIRST,8.189846606772502,8.189846606772502,0.0,5,0,0,0,0,0,-0.8409143929827279
PRIMARY,23,002456.SZ,2020-09-01,-30.0,STOP_FIRST,0.3287151054327302,0.3287151054327302,0.0,34,0,0,0,0,0,-16.877466166367018
PRIMARY,24,300136.SZ,2020-10-12,-30.0,STOP_FIRST,3.7523403888601528,3.7523403888601528,0.0,19,0,0,0,0,0,-11.264076050883421
PRIMARY,25,600030.SH,2020-10-26,-30.0,STOP_FIRST,5.218510332201447,5.218510332201447,0.0,19,0,0,0,0,0,-4.85376403171518
PRIMARY,26,000661.SZ,2020-09-16,-30.0,STOP_FIRST,10.365131138225253,10.365131138225253,0.0,47,0,0,0,0,0,-10.396266523703268
PRIMARY,27,600745.SH,2020-09-08,-30.0,STOP_FIRST,1.4169185149017833,1.4169185149017833,0.0,57,0,0,0,0,0,-24.96934183424869
PRIMARY,28,601012.SH,2020-11-13,-30.0,STOP_FIRST,11.570904483395198,11.570904483395198,0.0,17,0,0,0,0,0,-7.125413198287678
PRIMARY,29,300122.SZ,2020-11-11,-30.0,STOP_FIRST,21.594186068179752,21.594186068179752,0.0,27,0,0,0,0,0,-14.25593292277403
PRIMARY,30,002475.SZ,2020-11-16,-30.0,STOP_FIRST,4.922943424348968,4.922943424348968,0.0,26,0,0,0,0,0,-6.247600021016375
PRIMARY,31,002241.SZ,2020-11-16,-30.0,STOP_FIRST,2.7641560070263713,2.7641560070263713,0.0,28,0,0,0,0,0,-8.190219287755895
PRIMARY,32,000651.SZ,2020-12-09,-30.0,STOP_FIRST,4.778058019478602,4.778058019478602,0.0,17,0,0,0,0,0,-6.9491076663235285
PRIMARY,33,688981.SH,2020-12-16,-30.0,STOP_FIRST,16.521188858697652,16.521188858697652,0.0,16,0,0,0,0,0,-4.393704306917501
PRIMARY,34,601318.SH,2021-01-28,-30.0,STOP_FIRST,9.42474089385644,9.42474089385644,0.0,14,0,0,0,0,0,-7.015107202120719
PRIMARY,35,300059.SZ,2021-02-22,-30.0,STOP_FIRST,-9.75617275607125,-9.75617275607125,0.0,28,0,0,0,0,0,-21.294436987155805
PRIMARY,36,000333.SZ,2021-02-22,-30.0,STOP_FIRST,1.124921971714471,1.124921971714471,0.0,28,0,0,0,0,0,-11.037863818654303
PRIMARY,37,000858.SZ,2021-03-08,-30.0,STOP_FIRST,16.23467230378328,16.23467230378328,0.0,18,0,0,0,0,0,-5.053624061888506
PRIMARY,38,600030.SH,2021-03-01,-30.0,STOP_FIRST,-1.7719464410848904,-1.7719464410848904,0.0,24,0,0,0,0,0,-9.731175855642116
PRIMARY,39,601012.SH,2021-03-04,-30.0,STOP_FIRST,2.8151228530517156,2.8151228530517156,0.0,21,0,0,0,0,0,-20.33269501471261
PRIMARY,40,002241.SZ,2021-01-29,-30.0,STOP_FIRST,-2.3809753380773024,-2.3809753380773024,0.0,45,0,0,0,0,0,-24.32266643437805
PRIMARY,41,300750.SZ,2021-01-29,-30.0,STOP_FIRST,2.6778263400166544,2.6778263400166544,0.0,46,0,0,0,0,0,-20.744980856829066
PRIMARY,42,002475.SZ,2021-01-28,-30.0,STOP_FIRST,-17.795635461958412,-18.04339660161873,-0.24776113966031943,30,1,1,0,0,0,-38.05999710973133
PRIMARY,43,600438.SH,2021-03-05,-30.0,STOP_FIRST,-2.082117681436346,-2.082117681436346,0.0,30,0,0,0,0,0,-21.900640918932147
PRIMARY,44,300014.SZ,2021-03-23,-30.0,STOP_FIRST,20.343646524893185,20.343646524893185,0.0,18,0,0,0,0,0,-1.1328405715407053
PRIMARY,45,601899.SH,2021-03-24,-30.0,STOP_FIRST,13.67315267261283,13.67315267261283,0.0,17,0,0,0,0,0,-0.5227592786883895
PRIMARY,46,601166.SH,2021-04-15,-30.0,STOP_FIRST,10.16039399503804,10.16039399503804,0.0,15,0,0,0,0,0,-2.3887839446735004
PRIMARY,47,600276.SH,2021-04-15,-30.0,STOP_FIRST,2.9762113310555116,2.9762113310555116,0.0,18,0,0,0,0,0,-5.364820806114978
PRIMARY,48,002352.SZ,2021-04-12,-30.0,STOP_FIRST,1.806031845385725,1.806031845385725,0.0,22,0,0,0,0,0,-8.258407334556994
PRIMARY,49,600519.SH,2021-05-06,-30.0,STOP_FIRST,12.309433820124724,12.309433820124724,0.0,12,0,0,0,0,0,-5.132526010090399
PRIMARY,50,600031.SH,2021-03-09,-30.0,STOP_FIRST,2.027751640672817,2.027751640672817,0.0,55,0,0,0,0,0,-27.978387085265844
PRIMARY,51,600009.SH,2021-02-03,-30.0,STOP_FIRST,-1.1354409255495685,-1.1354409255495685,0.0,76,0,0,0,0,0,-22.985275095121573
PRIMARY,52,002594.SZ,2021-02-24,-30.0,STOP_FIRST,16.160298578230066,-15.47632822019407,-31.636626798424135,49,1,1,0,0,1,-34.73181070183321
PRIMARY,53,002340.SZ,2021-06-07,-30.0,STOP_FIRST,5.290865136021748,5.290865136021748,0.0,19,0,0,0,0,0,-11.268220523967209
PRIMARY,54,000661.SZ,2021-05-24,-30.0,STOP_FIRST,3.543179209088439,3.543179209088439,0.0,38,0,0,0,0,0,-16.869230019043936
PRIMARY,55,002594.SZ,2021-07-16,-30.0,STOP_FIRST,25.77910857036041,25.77910857036041,0.0,10,0,0,0,0,0,-2.6882194842621776
PRIMARY,56,600031.SH,2021-06-11,-30.0,STOP_FIRST,4.433342850860986,4.433342850860986,0.0,35,0,0,0,0,0,-15.123799665013548
PRIMARY,57,002241.SZ,2021-07-22,-30.0,STOP_FIRST,10.273218124699701,10.273218124699701,0.0,9,0,0,0,0,0,-7.886693775763421
PRIMARY,58,600036.SH,2021-07-08,-30.0,STOP_FIRST,8.736132867824947,8.736132867824947,0.0,28,0,0,0,0,0,-10.298243793004092
PRIMARY,59,300782.SZ,2021-07-13,-30.0,STOP_FIRST,4.700284102162052,4.700284102162052,0.0,29,0,0,0,0,0,-10.944165622271129
PRIMARY,60,601919.SH,2021-07-23,-30.0,STOP_FIRST,21.9399821535198,21.9399821535198,0.0,25,0,0,0,0,0,-13.003666576368966
PRIMARY,61,002460.SZ,2021-08-16,-30.0,STOP_FIRST,24.025427124052413,24.025427124052413,0.0,9,0,0,0,0,0,-2.17885582383488
PRIMARY,62,300750.SZ,2021-07-27,-30.0,STOP_FIRST,8.626053858905106,8.626053858905106,0.0,34,0,0,0,0,0,-5.360767280539502
PRIMARY,63,300760.SZ,2021-08-20,-30.0,STOP_FIRST,25.243095200327115,25.243095200327115,0.0,19,0,0,0,0,0,-1.3648131532456809
PRIMARY,64,600519.SH,2021-07-26,-30.0,STOP_FIRST,2.091334708861519,2.091334708861519,0.0,41,0,0,0,0,0,-15.47553943560599
PRIMARY,65,002714.SZ,2021-05-24,-30.0,STOP_FIRST,-18.715268930191936,-7.0795769987458765,11.63569193144606,42,1,1,0,0,1,-56.67478900029019
PRIMARY,66,000858.SZ,2021-07-08,-30.0,STOP_FIRST,-7.6342909419297795,-7.6342909419297795,0.0,54,0,0,0,0,0,-28.655500122152368
PRIMARY,67,002594.SZ,2021-09-29,-30.0,STOP_FIRST,17.089129638620165,17.089129638620165,0.0,6,0,0,0,0,0,-0.5192972651856032
PRIMARY,68,601318.SH,2021-03-18,-30.0,STOP_FIRST,-28.116081051784203,-23.95002166650996,4.166059385274242,86,1,1,0,0,0,-41.80696245003698
PRIMARY,69,000651.SZ,2021-05-25,-30.0,STOP_FIRST,-19.03127753582529,-21.478722060352755,-2.447444524527466,79,1,1,0,0,0,-33.090168102543274
PRIMARY,70,000333.SZ,2021-07-05,-30.0,STOP_FIRST,11.175030722164129,11.175030722164129,0.0,71,0,0,0,0,0,-9.770984837876318
PRIMARY,71,600111.SH,2021-09-29,-30.0,STOP_FIRST,22.277893313169177,22.277893313169177,0.0,12,0,0,0,0,0,-3.6351512387024387
PRIMARY,72,600089.SH,2021-10-08,-30.0,STOP_FIRST,21.757208672823793,21.757208672823793,0.0,12,0,0,0,0,0,-5.355399017850127
PRIMARY,73,002466.SZ,2021-09-22,-30.0,STOP_FIRST,5.276533723848393,5.276533723848393,0.0,28,0,0,0,0,0,-18.18048772561611
PRIMARY,74,000858.SZ,2021-11-01,-30.0,STOP_FIRST,7.772649549904674,7.772649549904674,0.0,16,0,0,0,0,0,-2.695601939103509
PRIMARY,75,603259.SH,2021-11-04,-30.0,STOP_FIRST,10.333997515607747,10.333997515607747,0.0,15,0,0,0,0,0,-4.388640111365582
PRIMARY,76,601919.SH,2021-09-28,-30.0,STOP_FIRST,3.0377221934720415,3.0377221934720415,0.0,39,0,0,0,0,0,-19.410201081693145
PRIMARY,77,600030.SH,2021-11-16,-30.0,STOP_FIRST,7.942169042945349,7.942169042945349,0.0,13,0,0,0,0,0,-1.3115665629502171
PRIMARY,78,000651.SZ,2021-10-27,-30.0,STOP_FIRST,3.7666645298140864,3.7666645298140864,0.0,30,0,0,0,0,0,-6.591904190897946
PRIMARY,79,600036.SH,2021-11-26,-30.0,STOP_FIRST,7.780249533285357,7.780249533285357,0.0,8,0,0,0,0,0,-2.0264594890360255
PRIMARY,80,600036.SH,2021-12-29,-30.0,STOP_FIRST,5.516341863497587,5.516341863497587,0.0,14,0,0,0,0,0,-0.892595978810895
PRIMARY,81,002129.SZ,2021-12-01,-30.0,STOP_FIRST,7.212021342950852,7.212021342950852,0.0,38,0,0,0,0,0,-10.209695479014202
PRIMARY,82,600030.SH,2022-01-14,-30.0,STOP_FIRST,1.0102995428563417,1.0102995428563417,0.0,9,0,0,0,0,0,-4.115180796829354
PRIMARY,83,601888.SH,2021-11-02,-30.0,STOP_FIRST,7.8045788936873635,7.8045788936873635,0.0,65,0,0,0,0,0,-17.76278012400819
PRIMARY,84,600111.SH,2021-12-24,-30.0,STOP_FIRST,10.927469701064592,10.927469701064592,0.0,31,0,0,0,0,0,-16.158101136300374
PRIMARY,85,000792.SZ,2022-01-20,-30.0,STOP_FIRST,18.801769360068377,18.801769360068377,0.0,13,0,0,0,0,0,-2.101609531796167
PRIMARY,86,002460.SZ,2021-12-20,-30.0,STOP_FIRST,7.327370162653349,7.327370162653349,0.0,36,0,0,0,0,0,-13.694999767838578
PRIMARY,87,002466.SZ,2021-12-20,-30.0,STOP_FIRST,1.837573601773871,1.837573601773871,0.0,36,0,0,0,0,0,-19.98566660073482
PRIMARY,88,000661.SZ,2022-01-24,-30.0,STOP_FIRST,11.89884859958246,11.89884859958246,0.0,17,0,0,0,0,0,-4.775620293737893
PRIMARY,89,601012.SH,2021-12-01,-30.0,STOP_FIRST,6.472325573333965,6.472325573333965,0.0,57,0,0,0,0,0,-23.797689806559163
PRIMARY,90,603259.SH,2021-12-20,-30.0,STOP_FIRST,12.254494786218984,12.254494786218984,0.0,56,0,0,0,0,0,-28.86139126771904
PRIMARY,91,000002.SZ,2022-03-04,-30.0,STOP_FIRST,14.88504791739044,14.88504791739044,0.0,18,0,0,0,0,0,-22.246037106497695
PRIMARY,92,300059.SZ,2022-01-05,-30.0,STOP_FIRST,-5.7513210082683415,-15.628873651182678,-9.877552642914337,44,1,1,0,0,1,-34.89656169461941
PRIMARY,93,600519.SH,2022-01-07,-30.0,STOP_FIRST,0.9984159395398549,0.9984159395398549,0.0,61,0,0,0,0,0,-17.458488731459298
PRIMARY,94,601888.SH,2022-03-14,-30.0,STOP_FIRST,7.812849493656972,7.812849493656972,0.0,20,0,0,0,0,0,-8.439813952671848
PRIMARY,95,002594.SZ,2021-12-16,-30.0,STOP_FIRST,-1.5968178542206901,-1.5968178542206901,0.0,88,0,0,0,0,0,-26.330714118353036
PRIMARY,96,000625.SZ,2021-11-16,-30.0,STOP_FIRST,-22.229994518631575,-18.517887705364714,3.7121068132668604,74,1,1,0,0,1,-53.29984290867762
PRIMARY,97,002475.SZ,2022-02-08,-30.0,STOP_FIRST,-17.15409169654668,-19.905284981020078,-2.7511932844733984,38,1,1,0,0,0,-40.77681436537638
PRIMARY,98,002466.SZ,2022-04-25,-30.0,STOP_FIRST,41.854779546894,41.854779546894,0.0,8,0,0,0,0,0,-3.4110472521140522
PRIMARY,99,300274.SZ,2021-12-21,-30.0,STOP_FIRST,-25.58857835409347,-14.936604845364132,10.65197350872934,63,1,1,0,0,0,-58.717689038471335
PRIMARY,100,002460.SZ,2022-03-08,-30.0,STOP_FIRST,17.706849570514894,17.706849570514894,0.0,48,0,0,0,0,0,-28.642784574491998
PRIMARY,101,000858.SZ,2022-01-28,-30.0,STOP_FIRST,-8.807756178930596,-8.807756178930596,0.0,75,0,0,0,0,0,-25.5194802146096
PRIMARY,102,300014.SZ,2022-03-03,-30.0,STOP_FIRST,26.31764601662993,-21.10729126302983,-47.42493727965976,36,1,1,0,0,1,-32.624915571840454
PRIMARY,103,300750.SZ,2021-12-20,-30.0,STOP_FIRST,-14.232912370394569,-17.862872484000274,-3.629960113605705,78,1,1,0,0,0,-41.8073675499418
PRIMARY,104,601012.SH,2022-03-29,-30.0,STOP_FIRST,-12.752364240157288,-12.752364240157288,0.0,42,0,0,0,0,0,-24.82075936524716
PRIMARY,105,002415.SZ,2022-05-06,-30.0,STOP_FIRST,3.5450375895839463,3.5450375895839463,0.0,19,0,0,0,0,0,-8.562023743217374
PRIMARY,106,600276.SH,2022-01-13,-30.0,STOP_FIRST,-29.55698724716474,-24.825252930086833,4.731734317077908,54,1,1,0,0,0,-42.610580908453244
PRIMARY,107,601318.SH,2022-03-15,-30.0,STOP_FIRST,-0.3864474449981416,-0.3864474449981416,0.0,55,0,0,0,0,0,-2.315282705156485
PRIMARY,108,600036.SH,2022-03-07,-30.0,STOP_FIRST,-6.245523329299984,-6.245523329299984,0.0,65,0,0,0,0,0,-24.345417637488787
PRIMARY,109,300122.SZ,2022-04-14,-30.0,STOP_FIRST,-6.645958234266682,-6.645958234266682,0.0,40,0,0,0,0,0,-28.79470109263167
PRIMARY,110,002241.SZ,2022-06-23,-30.0,STOP_FIRST,2.8400230023871615,2.8400230023871615,0.0,30,0,0,0,0,0,-5.007927632982501
PRIMARY,111,002466.SZ,2022-08-19,-30.0,STOP_FIRST,13.385590477234006,13.385590477234006,0.0,2,0,0,0,0,0,-2.8634236347626074
PRIMARY,112,600036.SH,2022-07-13,-30.0,STOP_FIRST,-1.5651520516643562,-1.5651520516643562,0.0,34,0,0,0,0,0,-12.409355098525655
PRIMARY,113,601888.SH,2022-08-08,-30.0,STOP_FIRST,7.1858432781792185,7.1858432781792185,0.0,33,0,0,0,0,0,-8.133019118063235
PRIMARY,114,000858.SZ,2022-07-29,-30.0,STOP_FIRST,-2.4673011477159523,-2.4673011477159523,0.0,40,0,0,0,0,0,-12.093504633059515
PRIMARY,115,300274.SZ,2022-08-31,-30.0,STOP_FIRST,13.216110132265186,13.216110132265186,0.0,23,0,0,0,0,0,-6.803285897864219
PRIMARY,116,300760.SZ,2022-09-21,-30.0,STOP_FIRST,26.10435256088347,26.10435256088347,0.0,11,0,0,0,0,0,-2.945982270341807
PRIMARY,117,603259.SH,2022-07-27,-30.0,STOP_FIRST,-6.553924195303395,-23.046373587223872,-16.492449391920477,47,1,1,0,0,0,-30.331191278374803
PRIMARY,118,601012.SH,2022-08-03,-30.0,STOP_FIRST,-1.5712301907594528,-1.5712301907594528,0.0,54,0,0,0,0,0,-20.79675190961924
PRIMARY,119,688599.SH,2022-08-19,-30.0,STOP_FIRST,4.900961296612725,4.900961296612725,0.0,42,0,0,0,0,0,-11.786057206268874
PRIMARY,120,002459.SZ,2022-08-19,-30.0,STOP_FIRST,5.627000867343111,5.627000867343111,0.0,42,0,0,0,0,0,-10.712385831051897
PRIMARY,121,601899.SH,2022-09-26,-30.0,STOP_FIRST,6.916188828671841,6.916188828671841,0.0,18,0,0,0,0,0,-3.33920245581949
PRIMARY,122,002460.SZ,2022-08-25,-30.0,STOP_FIRST,2.226213115920718,2.226213115920718,0.0,41,0,0,0,0,0,-16.759572939966095
PRIMARY,123,002271.SZ,2022-08-23,-30.0,STOP_FIRST,-5.965240206705305,-5.965240206705305,0.0,44,0,0,0,0,0,-29.215251654169816
PRIMARY,124,600703.SH,2022-09-20,-30.0,STOP_FIRST,1.4365619204532005,1.4365619204532005,0.0,26,0,0,0,0,0,-17.135927537327543
PRIMARY,125,002594.SZ,2022-07-12,-30.0,STOP_FIRST,-2.227087712436274,-2.227087712436274,0.0,76,0,0,0,0,0,-23.762322609884045
PRIMARY,126,002466.SZ,2022-09-01,-30.0,STOP_FIRST,0.41755742217796255,0.41755742217796255,0.0,39,0,0,0,0,0,-17.18698543788346
PRIMARY,127,002050.SZ,2022-10-11,-30.0,STOP_FIRST,8.648758708124946,8.648758708124946,0.0,17,0,0,0,0,0,-7.919779995223497
PRIMARY,128,603799.SH,2022-09-29,-30.0,STOP_FIRST,1.9036214562895246,1.9036214562895246,0.0,21,0,0,0,0,0,-18.54792363873298
PRIMARY,129,600030.SH,2022-09-16,-30.0,STOP_FIRST,3.2914258355483077,3.2914258355483077,0.0,34,0,0,0,0,0,-7.2317278605463
PRIMARY,130,600036.SH,2022-10-10,-30.0,STOP_FIRST,4.74708231806275,4.74708231806275,0.0,23,0,0,0,0,0,-17.352231797581
PRIMARY,131,601166.SH,2022-08-29,-30.0,STOP_FIRST,2.990941980494697,2.990941980494697,0.0,48,0,0,0,0,0,-11.758858159541209
PRIMARY,132,601318.SH,2022-10-24,-30.0,STOP_FIRST,11.54058817209945,11.54058817209945,0.0,14,0,0,0,0,0,-4.56589305883337
PRIMARY,133,000651.SZ,2022-10-31,-30.0,STOP_FIRST,11.08646263720554,11.08646263720554,0.0,9,0,0,0,0,0,-0.62111668689665
PRIMARY,134,300059.SZ,2022-08-02,-30.0,STOP_FIRST,1.3148602142200303,1.3148602142200303,0.0,68,0,0,0,0,0,-28.41433393805436
PRIMARY,135,000625.SZ,2022-08-24,-30.0,STOP_FIRST,2.31475867645841,2.31475867645841,0.0,63,0,0,0,0,0,-27.190338345372766
PRIMARY,136,000858.SZ,2022-10-24,-30.0,STOP_FIRST,13.014502136358589,13.014502136358589,0.0,26,0,0,0,0,0,-6.076160549181053
PRIMARY,137,600519.SH,2022-09-05,-30.0,STOP_FIRST,-5.861614932184937,-5.861614932184937,0.0,56,0,0,0,0,0,-27.44375317821398
PRIMARY,138,000568.SZ,2022-10-10,-30.0,STOP_FIRST,5.894426001503926,5.894426001503926,0.0,37,0,0,0,0,0,-26.23829865914583
PRIMARY,139,600887.SH,2022-10-20,-30.0,STOP_FIRST,6.706648715667189,6.706648715667189,0.0,29,0,0,0,0,0,-18.517421916247343
PRIMARY,140,002714.SZ,2022-10-26,-30.0,STOP_FIRST,5.23244617556544,5.23244617556544,0.0,28,0,0,0,0,0,-8.911088606217998
PRIMARY,141,300750.SZ,2022-09-01,-30.0,STOP_FIRST,-1.3981718838619202,-1.3981718838619202,0.0,62,0,0,0,0,0,-24.986572858520837
PRIMARY,142,002371.SZ,2022-10-12,-30.0,STOP_FIRST,10.597667780822029,10.597667780822029,0.0,44,0,0,0,0,0,-5.446303292394417
PRIMARY,143,603259.SH,2022-11-28,-30.0,STOP_FIRST,6.738265986701266,6.738265986701266,0.0,22,0,0,0,0,0,-2.1226976811561937
PRIMARY,144,600522.SH,2022-11-01,-30.0,STOP_FIRST,-5.676303523410963,-21.41552431178184,-15.739220788370877,37,1,1,0,0,1,-30.66339374603776
PRIMARY,145,300274.SZ,2022-12-06,-30.0,STOP_FIRST,12.35423017458993,12.35423017458993,0.0,18,0,0,0,0,0,-12.997661644686353
PRIMARY,146,002241.SZ,2022-11-11,-30.0,STOP_FIRST,8.552942953591648,8.552942953591648,0.0,37,0,0,0,0,0,-2.0552360649699564
PRIMARY,147,002812.SZ,2022-11-23,-30.0,STOP_FIRST,12.272962184274384,12.272962184274384,0.0,30,0,0,0,0,0,-7.454367889448843
PRIMARY,148,601012.SH,2022-12-22,-30.0,STOP_FIRST,11.348570853081775,11.348570853081775,0.0,17,0,0,0,0,0,-1.83945407826005
PRIMARY,149,000625.SZ,2022-12-28,-30.0,STOP_FIRST,15.403895272762636,15.403895272762636,0.0,16,0,0,0,0,0,-2.461030882431914
PRIMARY,150,002709.SZ,2022-12-30,-30.0,STOP_FIRST,15.538268097973235,15.538268097973235,0.0,14,0,0,0,0,0,-2.7348780509869663
PRIMARY,151,300014.SZ,2023-01-11,-30.0,STOP_FIRST,6.981985480381129,6.981985480381129,0.0,9,0,0,0,0,0,-4.915491114570337
PRIMARY,152,300750.SZ,2023-02-17,-30.0,STOP_FIRST,3.6254689430868456,3.6254689430868456,0.0,29,0,0,0,0,0,-11.62683470375777
PRIMARY,153,600519.SH,2023-03-08,-30.0,STOP_FIRST,3.358107895598216,3.358107895598216,0.0,16,0,0,0,0,0,-2.5877984739737014
PRIMARY,154,300059.SZ,2023-03-07,-30.0,STOP_FIRST,6.704927557794763,6.704927557794763,0.0,18,0,0,0,0,0,-6.726693190328403
PRIMARY,155,300274.SZ,2023-03-14,-30.0,STOP_FIRST,3.872684453553771,3.872684453553771,0.0,23,0,0,0,0,0,-11.398858058207795
PRIMARY,156,002594.SZ,2023-03-10,-30.0,STOP_FIRST,7.839512102970262,7.839512102970262,0.0,33,0,0,0,0,0,-3.6913778017047982
PRIMARY,157,000858.SZ,2023-04-10,-30.0,STOP_FIRST,-2.6488868636941545,-2.6488868636941545,0.0,26,0,0,0,0,0,-10.048100566887374
PRIMARY,158,000651.SZ,2023-05-04,-30.0,STOP_FIRST,6.144996620188443,6.144996620188443,0.0,25,0,0,0,0,0,-8.255590958382841
PRIMARY,159,601899.SH,2023-05-12,-30.0,STOP_FIRST,6.727401168026937,6.727401168026937,0.0,19,0,0,0,0,0,-5.558920911138776
PRIMARY,160,600519.SH,2023-04-12,-30.0,STOP_FIRST,6.514893856808776,6.514893856808776,0.0,43,0,0,0,0,0,-4.355999030555235
PRIMARY,161,601012.SH,2023-03-16,-30.0,STOP_FIRST,-17.84953964554572,-22.093683171522784,-4.244143525977066,53,1,1,0,0,0,-33.276416390528766
PRIMARY,162,600036.SH,2023-04-27,-30.0,STOP_FIRST,-0.6278320762058595,-0.6278320762058595,0.0,57,0,0,0,0,0,-3.793063901958049
PRIMARY,163,600809.SH,2023-05-22,-30.0,STOP_FIRST,9.67465728119054,9.67465728119054,0.0,43,0,0,0,0,0,-16.847859403834985
PRIMARY,164,300059.SZ,2023-05-29,-30.0,STOP_FIRST,3.238668828858134,3.238668828858134,0.0,38,0,0,0,0,0,-4.622126321593722
PRIMARY,165,002415.SZ,2023-06-09,-30.0,STOP_FIRST,9.253968396028046,9.253968396028046,0.0,31,0,0,0,0,0,-3.0509320142771967
PRIMARY,166,300750.SZ,2023-06-07,-30.0,STOP_FIRST,8.015096907867838,8.015096907867838,0.0,35,0,0,0,0,0,-2.799902799902787
PRIMARY,167,688981.SH,2023-05-09,-30.0,STOP_FIRST,-1.9912914951639942,-1.9912914951639942,0.0,57,0,0,0,0,0,-7.822752791213516
PRIMARY,168,600570.SH,2023-07-11,-30.0,STOP_FIRST,12.935015317595871,12.935015317595871,0.0,17,0,0,0,0,0,-3.6163828033945022
PRIMARY,169,300418.SZ,2023-06-26,-30.0,STOP_FIRST,-7.109717403112448,-7.109717403112448,0.0,34,0,0,0,0,0,-22.324869570606698
PRIMARY,170,600276.SH,2023-07-31,-30.0,STOP_FIRST,2.244966610480217,2.244966610480217,0.0,19,0,0,0,0,0,-16.355370032537774
PRIMARY,171,002230.SZ,2023-08-16,-30.0,STOP_FIRST,-4.04018826584394,-4.04018826584394,0.0,32,0,0,0,0,0,-19.948062722882465
PRIMARY,172,002475.SZ,2023-09-07,-30.0,STOP_FIRST,6.728014277472455,6.728014277472455,0.0,17,0,0,0,0,0,-4.4345508276317
PRIMARY,173,300760.SZ,2023-08-07,-30.0,STOP_FIRST,6.5338873044717865,6.5338873044717865,0.0,53,0,0,0,0,0,-4.449940020156773
PRIMARY,174,000858.SZ,2023-08-18,-30.0,STOP_FIRST,9.240903528696505,9.240903528696505,0.0,46,0,0,0,0,0,-12.715230910264852
PRIMARY,175,300014.SZ,2023-02-20,-30.0,STOP_FIRST,-28.568832058383776,-22.442341787317208,6.126490271066569,124,1,1,0,0,0,-44.47756749417103
PRIMARY,176,300059.SZ,2023-10-23,-30.0,STOP_FIRST,6.795375111896212,6.795375111896212,0.0,9,0,0,0,0,0,-0.4417866895821354
PRIMARY,177,603019.SH,2023-08-09,-30.0,STOP_FIRST,2.102020516340531,2.102020516340531,0.0,57,0,0,0,0,0,-18.940916927699114
PRIMARY,178,300274.SZ,2023-08-21,-30.0,STOP_FIRST,2.059040269174881,2.059040269174881,0.0,51,0,0,0,0,0,-23.84860922169848
PRIMARY,179,300308.SZ,2023-07-20,-30.0,STOP_FIRST,-5.693477162892338,-18.79833386241674,-13.104856699524401,62,1,1,0,0,0,-34.647305581306
PRIMARY,180,000977.SZ,2023-08-18,-30.0,STOP_FIRST,7.706372017077919,-12.671323724329076,-20.377695741406995,41,1,1,0,0,1,-32.22636562323018
PRIMARY,181,601012.SH,2023-08-21,-30.0,STOP_FIRST,-11.755699669774852,-11.755699669774852,0.0,86,0,0,0,0,0,-26.371969728680746
PRIMARY,182,600519.SH,2023-10-13,-30.0,STOP_FIRST,1.893988027016628,1.893988027016628,0.0,54,0,0,0,0,0,-7.786761434433009
PRIMARY,183,600009.SH,2023-08-21,-30.0,STOP_FIRST,-11.699228208217027,-11.699228208217027,0.0,98,0,0,0,0,0,-24.842656679790675
PRIMARY,184,601318.SH,2023-11-09,-30.0,STOP_FIRST,-2.3138721028580727,-2.3138721028580727,0.0,53,0,0,0,0,0,-12.395299497973422
PRIMARY,185,000651.SZ,2023-12-20,-30.0,STOP_FIRST,12.104633410839133,12.104633410839133,0.0,26,0,0,0,0,0,-0.22839068988121936
PRIMARY,186,601138.SH,2023-10-24,-30.0,STOP_FIRST,11.050900506142318,11.050900506142318,0.0,73,0,0,0,0,0,-8.702006282856667
PRIMARY,187,000858.SZ,2023-12-13,-30.0,STOP_FIRST,2.808164916171326,2.808164916171326,0.0,37,0,0,0,0,0,-9.305511112151732
PRIMARY,188,600519.SH,2024-01-17,-30.0,STOP_FIRST,5.907729356690894,5.907729356690894,0.0,13,0,0,0,0,0,-1.2708988071569394
PRIMARY,189,300750.SZ,2023-09-08,-30.0,STOP_FIRST,-18.00484444688593,-21.437348476970893,-3.4325040300849636,63,1,1,0,0,0,-37.07504075265946
PRIMARY,190,002230.SZ,2024-01-03,-30.0,STOP_FIRST,3.585730933845497,3.585730933845497,0.0,25,0,0,0,0,0,-13.110142123274604
PRIMARY,191,300418.SZ,2024-01-31,-30.0,STOP_FIRST,39.428041617887864,39.428041617887864,0.0,6,0,0,0,0,0,-9.269811195543308
PRIMARY,192,000568.SZ,2023-12-11,-30.0,STOP_FIRST,1.1120117479146117,1.1120117479146117,0.0,44,0,0,0,0,0,-22.710877834749677
PRIMARY,193,300059.SZ,2023-12-27,-30.0,STOP_FIRST,5.900250298765934,5.900250298765934,0.0,32,0,0,0,0,0,-11.47429406768471
PRIMARY,194,000063.SZ,2023-07-20,-30.0,STOP_FIRST,-20.144973123840867,-13.644740871219405,6.500232252621462,63,1,1,0,0,1,-49.074840753076984
PRIMARY,195,000628.SZ,2023-12-14,-30.0,STOP_FIRST,44.67924500816973,-8.72116850744917,-53.4004135156189,37,1,1,0,0,1,-39.992579634592374
PRIMARY,196,000625.SZ,2024-01-04,-30.0,STOP_FIRST,12.686864654118965,12.686864654118965,0.0,30,0,0,0,0,0,-24.25874529738413
PRIMARY,197,301236.SZ,2024-01-22,-30.0,STOP_FIRST,15.202767971466354,15.202767971466354,0.0,18,0,0,0,0,0,-20.518249818689295
PRIMARY,198,002555.SZ,2023-12-25,-30.0,STOP_FIRST,17.471539089853273,17.471539089853273,0.0,39,0,0,0,0,0,-18.06601865960579
PRIMARY,199,000661.SZ,2024-01-12,-30.0,STOP_FIRST,5.324721980411358,5.324721980411358,0.0,26,0,0,0,0,0,-15.088906432452676
PRIMARY,200,300033.SZ,2024-01-16,-30.0,STOP_FIRST,11.478914185701258,11.478914185701258,0.0,24,0,0,0,0,0,-19.68785420497784
PRIMARY,201,002456.SZ,2023-12-14,-30.0,STOP_FIRST,9.13490121758614,-20.069780241641638,-29.20468145922778,35,1,1,0,0,0,-32.75517367129328
PRIMARY,202,603259.SH,2024-01-30,-30.0,STOP_FIRST,16.5357317467109,16.5357317467109,0.0,17,0,0,0,0,0,-19.366346576745652
PRIMARY,203,002594.SZ,2023-08-14,-30.0,STOP_FIRST,-16.277210987224258,-28.254120838615844,-11.976909851391586,113,1,1,0,0,0,-33.85103047938111
PRIMARY,204,601012.SH,2024-01-29,-30.0,STOP_FIRST,15.268422377533785,15.268422377533785,0.0,24,0,0,0,0,0,-13.258914832233726
PRIMARY,205,002475.SZ,2024-01-17,-30.0,STOP_FIRST,7.219372761109448,7.219372761109448,0.0,37,0,0,0,0,0,-11.861191429965057
PRIMARY,206,601318.SH,2024-03-22,-30.0,STOP_FIRST,8.104543046068015,8.104543046068015,0.0,23,0,0,0,0,0,-6.965721129438385
PRIMARY,207,600519.SH,2024-04-08,-30.0,STOP_FIRST,5.19682233937109,5.19682233937109,0.0,16,0,0,0,0,0,-1.7024675784346077
PRIMARY,208,000977.SZ,2024-04-10,-30.0,STOP_FIRST,12.570545419631626,12.570545419631626,0.0,14,0,0,0,0,0,-8.98589486777226
PRIMARY,209,000628.SZ,2024-03-29,-30.0,STOP_FIRST,-22.18874094507154,-21.581102019077907,0.6076389259936334,8,1,1,0,0,0,-52.38614252495148
PRIMARY,210,002129.SZ,2024-01-30,-30.0,STOP_FIRST,-6.5866863796632105,-6.5866863796632105,0.0,69,0,0,0,0,0,-23.270953005067007
PRIMARY,211,601138.SH,2024-05-31,-30.0,STOP_FIRST,17.235953981802986,17.235953981802986,0.0,8,0,0,0,0,0,-0.1435072194053144
PRIMARY,212,002230.SZ,2024-04-23,-30.0,STOP_FIRST,5.3407176576942215,5.3407176576942215,0.0,35,0,0,0,0,0,-3.192044234481095
PRIMARY,213,600919.SH,2024-04-26,-30.0,STOP_FIRST,-3.22433989136676,-3.22433989136676,0.0,42,0,0,0,0,0,-6.245585876244874
PRIMARY,214,000977.SZ,2024-05-28,-30.0,STOP_FIRST,4.476827597833199,4.476827597833199,0.0,28,0,0,0,0,0,-6.538088943116049
PRIMARY,215,000625.SZ,2024-04-16,-30.0,STOP_FIRST,-3.5813249331349106,-3.5813249331349106,0.0,56,0,0,0,0,0,-22.439671783461513
PRIMARY,216,000725.SZ,2024-05-28,-30.0,STOP_FIRST,4.499483038676097,4.499483038676097,0.0,29,0,0,0,0,0,-5.704054833968886
PRIMARY,217,603019.SH,2024-03-27,-30.0,STOP_FIRST,-3.1650656694684725,-3.1650656694684725,0.0,73,0,0,0,0,0,-19.720874640088848
PRIMARY,218,000858.SZ,2024-06-11,-30.0,STOP_FIRST,-4.863606074584775,-4.863606074584775,0.0,25,0,0,0,0,0,-9.446093150024627
PRIMARY,219,600519.SH,2024-06-11,-30.0,STOP_FIRST,0.5216824393800606,0.5216824393800606,0.0,27,0,0,0,0,0,-10.274440490341663
PRIMARY,220,300750.SZ,2024-06-07,-30.0,STOP_FIRST,1.3901215027090492,1.3901215027090492,0.0,29,0,0,0,0,0,-9.524339063610821
PRIMARY,221,300059.SZ,2024-06-28,-30.0,STOP_FIRST,3.9349979609446946,3.9349979609446946,0.0,22,0,0,0,0,0,-5.914697081934461
PRIMARY,222,601012.SH,2024-06-06,-30.0,STOP_FIRST,-12.181185272863992,-12.181185272863992,0.0,40,0,0,0,0,0,-25.1188709649811
PRIMARY,223,600519.SH,2024-07-30,-30.0,STOP_FIRST,4.979956385509713,4.979956385509713,0.0,22,0,0,0,0,0,-0.09990187614892232
PRIMARY,224,002594.SZ,2024-08-02,-30.0,STOP_FIRST,6.379967880191982,6.379967880191982,0.0,19,0,0,0,0,0,-3.2764151461084245
PRIMARY,225,002475.SZ,2024-08-05,-30.0,STOP_FIRST,8.544910470004318,8.544910470004318,0.0,18,0,0,0,0,0,-3.167255709326977
PRIMARY,226,002466.SZ,2024-04-25,-30.0,STOP_FIRST,-13.212317215788726,-15.91695032360198,-2.7046331078132546,83,1,1,0,0,1,-36.23508762311697
PRIMARY,227,300502.SZ,2024-07-25,-30.0,STOP_FIRST,13.964744747831642,13.964744747831642,0.0,35,0,0,0,0,0,-12.266195988559547
PRIMARY,228,601919.SH,2024-07-08,-30.0,STOP_FIRST,1.7285541339282333,1.7285541339282333,0.0,51,0,0,0,0,0,-19.814263643782315
PRIMARY,229,000063.SZ,2024-08-22,-30.0,STOP_FIRST,3.3955801711335427,3.3955801711335427,0.0,19,0,0,0,0,0,-3.013656189391656
PRIMARY,230,601138.SH,2024-07-18,-30.0,STOP_FIRST,-2.550959931032771,-2.550959931032771,0.0,45,0,0,0,0,0,-27.58542866236795
PRIMARY,231,300308.SZ,2024-07-25,-30.0,STOP_FIRST,7.199933708510119,7.199933708510119,0.0,40,0,0,0,0,0,-20.412077421209307
PRIMARY,232,601899.SH,2024-07-23,-30.0,STOP_FIRST,11.302372099604602,11.302372099604602,0.0,43,0,0,0,0,0,-15.34301819528009
PRIMARY,233,601127.SH,2024-08-28,-30.0,STOP_FIRST,11.860904824260553,11.860904824260553,0.0,17,0,0,0,0,0,-0.6937050159442237
PRIMARY,234,600036.SH,2024-09-09,-30.0,STOP_FIRST,12.650986424212693,12.650986424212693,0.0,9,0,0,0,0,0,-1.1566935372865572
PRIMARY,235,000858.SZ,2024-08-22,-30.0,STOP_FIRST,9.447704740723928,9.447704740723928,0.0,22,0,0,0,0,0,-11.92058204560389
PRIMARY,236,600809.SH,2024-08-28,-30.0,STOP_FIRST,10.265232797714383,10.265232797714383,0.0,18,0,0,0,0,0,-9.343746064530556
PRIMARY,237,600519.SH,2024-09-09,-30.0,STOP_FIRST,13.065449104192647,13.065449104192647,0.0,10,0,0,0,0,0,-9.155678699288794
PRIMARY,238,600276.SH,2024-09-20,-30.0,STOP_FIRST,7.0921102706178285,7.0921102706178285,0.0,3,0,0,0,0,0,-1.5909424566413088
PRIMARY,239,000100.SZ,2024-05-07,-30.0,STOP_FIRST,6.430946014868081,6.430946014868081,0.0,99,0,0,0,0,0,-22.85372018914835
PRIMARY,240,688012.SH,2024-08-23,-30.0,STOP_FIRST,8.980679975166685,8.980679975166685,0.0,22,0,0,0,0,0,-11.105843309233144
PRIMARY,241,688256.SH,2024-09-05,-30.0,STOP_FIRST,22.25002533076108,22.25002533076108,0.0,14,0,0,0,0,0,-3.4709343344747623
PRIMARY,242,600900.SH,2024-09-11,-30.0,STOP_FIRST,8.228584541518643,8.228584541518643,0.0,10,0,0,0,0,0,-0.35235825269818166
PRIMARY,243,600150.SH,2024-09-19,-30.0,STOP_FIRST,4.47320430931633,4.47320430931633,0.0,58,0,0,0,0,0,-6.4123490487716595
PRIMARY,244,600418.SH,2024-11-27,-30.0,STOP_FIRST,19.31501930377224,19.31501930377224,0.0,38,0,0,0,0,0,-4.031151825779977
PRIMARY,245,603019.SH,2025-01-02,-30.0,STOP_FIRST,7.198386187683706,7.198386187683706,0.0,17,0,0,0,0,0,-10.82782494103971
PRIMARY,246,600030.SH,2024-12-31,-30.0,STOP_FIRST,-0.029241512213777625,-0.029241512213777625,0.0,20,0,0,0,0,0,-9.821028359452445
PRIMARY,247,300059.SZ,2025-01-02,-30.0,STOP_FIRST,5.568619214325684,5.568619214325684,0.0,19,0,0,0,0,0,-10.373910853057232
PRIMARY,248,300033.SZ,2025-01-02,-30.0,STOP_FIRST,23.218740081380986,23.218740081380986,0.0,19,0,0,0,0,0,-8.449836646713571
PRIMARY,249,300750.SZ,2025-01-07,-30.0,STOP_FIRST,8.716235937905914,8.716235937905914,0.0,21,0,0,0,0,0,-2.061431530740332
PRIMARY,250,000858.SZ,2025-01-06,-30.0,STOP_FIRST,1.2030252662316376,1.2030252662316376,0.0,23,0,0,0,0,0,-5.193889847781408
PRIMARY,251,688256.SH,2025-01-16,-30.0,STOP_FIRST,19.16467811575612,19.16467811575612,0.0,19,0,0,0,0,0,-4.483732441599764
PRIMARY,252,600519.SH,2025-01-03,-30.0,STOP_FIRST,4.558943908999476,4.558943908999476,0.0,33,0,0,0,0,0,-3.7431935053504506
PRIMARY,253,688256.SH,2025-03-25,-30.0,STOP_FIRST,8.922494348994318,8.922494348994318,0.0,17,0,0,0,0,0,-17.216747908844678
PRIMARY,254,002261.SZ,2025-03-24,-30.0,STOP_FIRST,2.6716085217561965,2.6716085217561965,0.0,23,0,0,0,0,0,-27.78696429320907
PRIMARY,255,600989.SH,2025-03-28,-30.0,STOP_FIRST,6.913448021154776,6.913448021154776,0.0,20,0,0,0,0,0,-8.97260383386529
PRIMARY,256,000063.SZ,2025-03-03,-30.0,STOP_FIRST,2.6037524048102836,2.6037524048102836,0.0,42,0,0,0,0,0,-20.196827200957447
PRIMARY,257,600050.SH,2025-03-19,-30.0,STOP_FIRST,-4.102896566069308,-4.102896566069308,0.0,30,0,0,0,0,0,-12.91204099525517
PRIMARY,258,300846.SZ,2025-03-25,-30.0,STOP_FIRST,-3.7770156011244347,-20.500222780516268,-16.72320717939183,9,1,1,0,0,0,-31.401379445935305
PRIMARY,259,300059.SZ,2025-04-01,-30.0,STOP_FIRST,5.1627907747067665,5.1627907747067665,0.0,21,0,0,0,0,0,-18.189916816625797
PRIMARY,260,002475.SZ,2025-04-02,-30.0,STOP_FIRST,3.6625597634810965,3.6625597634810965,0.0,20,0,0,0,0,0,-27.255123038788852
PRIMARY,261,300308.SZ,2025-01-10,-30.0,STOP_FIRST,0.7734206644023827,-14.17288773272372,-14.946308397126103,56,1,1,0,0,1,-39.080885586063495
PRIMARY,262,300502.SZ,2025-02-28,-30.0,STOP_FIRST,28.725713357688992,-15.450822992587845,-44.176536350276834,27,1,1,0,0,0,-31.75728487388515
PRIMARY,263,300750.SZ,2025-04-01,-30.0,STOP_FIRST,7.81936272756536,7.81936272756536,0.0,22,0,0,0,0,0,-16.506355111574443
PRIMARY,264,601318.SH,2025-04-07,-30.0,STOP_FIRST,6.926822925723594,6.926822925723594,0.0,19,0,0,0,0,0,-1.0258567917744377
PRIMARY,265,600036.SH,2025-04-07,-30.0,STOP_FIRST,5.565919809741665,5.565919809741665,0.0,19,0,0,0,0,0,-1.275773669536573
PRIMARY,266,002594.SZ,2025-04-08,-30.0,STOP_FIRST,17.218917139643203,17.218917139643203,0.0,21,0,0,0,0,0,-2.0179308927128603
PRIMARY,267,601658.SH,2025-03-28,-30.0,STOP_FIRST,3.737034722718007,3.737034722718007,0.0,28,0,0,0,0,0,-5.998762052795592
PRIMARY,268,600309.SH,2025-04-15,-30.0,STOP_FIRST,2.8522101436284233,2.8522101436284233,0.0,18,0,0,0,0,0,-4.325283052386664
PRIMARY,269,601899.SH,2025-04-07,-30.0,STOP_FIRST,18.75276321406046,18.75276321406046,0.0,28,0,0,0,0,0,-2.3499050474409477
PRIMARY,270,603259.SH,2025-04-08,-30.0,STOP_FIRST,27.365745385479556,27.365745385479556,0.0,29,0,0,0,0,0,-2.7478554733693317
PRIMARY,271,688981.SH,2025-04-01,-30.0,STOP_FIRST,-0.3367121465143475,-0.3367121465143475,0.0,53,0,0,0,0,0,-10.022828466095346
PRIMARY,272,688256.SH,2025-05-27,-30.0,STOP_FIRST,2.4520211429184493,2.4520211429184493,0.0,20,0,0,0,0,0,-9.161551567123071
PRIMARY,273,000858.SZ,2025-06-13,-30.0,STOP_FIRST,2.9441509741563254,2.9441509741563254,0.0,17,0,0,0,0,0,-0.8036010497183277
PRIMARY,274,600519.SH,2025-06-13,-30.0,STOP_FIRST,1.571155348492451,1.571155348492451,0.0,18,0,0,0,0,0,-0.18545542382252256
PRIMARY,275,300308.SZ,2025-10-14,-30.0,STOP_FIRST,37.312191378736536,37.312191378736536,0.0,7,0,0,0,0,0,-2.4164241555545862
PRIMARY,276,002460.SZ,2025-11-24,-30.0,STOP_FIRST,9.614217661278927,9.614217661278927,0.0,19,0,0,0,0,0,-1.7925475782034406
PRIMARY,277,601138.SH,2025-11-24,-30.0,STOP_FIRST,19.316165850131622,19.316165850131622,0.0,22,0,0,0,0,0,-2.475096837577462
PRIMARY,278,300502.SZ,2026-01-12,-30.0,STOP_FIRST,18.325572753597463,18.325572753597463,0.0,14,0,0,0,0,0,-2.8874334496876597
PRIMARY,279,300750.SZ,2025-11-21,-30.0,STOP_FIRST,1.7797735978262685,1.7797735978262685,0.0,52,0,0,0,0,0,-11.001248680259001
PRIMARY,280,300274.SZ,2025-12-16,-30.0,STOP_FIRST,-0.04130443998742119,-0.04130443998742119,0.0,52,0,0,0,0,0,-13.261308807790783
PRIMARY,281,300308.SZ,2026-02-06,-30.0,STOP_FIRST,3.437565472561077,3.437565472561077,0.0,21,0,0,0,0,0,-9.894027541086349
PRIMARY,282,002475.SZ,2026-01-08,-30.0,STOP_FIRST,1.540552873571203,1.540552873571203,0.0,56,0,0,0,0,0,-18.823201056328863
PRIMARY,283,601138.SH,2026-01-29,-30.0,STOP_FIRST,3.823418044659373,3.823418044659373,0.0,41,0,0,0,0,0,-17.012814423960076
PRIMARY,284,688256.SH,2026-02-03,-30.0,STOP_FIRST,12.397855616133041,12.397855616133041,0.0,38,0,0,0,0,0,-12.087912087912079
PRIMARY,285,601899.SH,2026-03-16,-30.0,STOP_FIRST,9.119263883295172,9.119263883295172,0.0,20,0,0,0,0,0,-14.280941525906998
PRIMARY,286,603986.SH,2026-03-31,-30.0,STOP_FIRST,19.7457903723054,19.7457903723054,0.0,13,0,0,0,0,0,-2.865134133444669
PRIMARY,287,300059.SZ,2026-03-20,-30.0,STOP_FIRST,8.424165896338625,8.424165896338625,0.0,31,0,0,0,0,0,-7.322200643291355
PRIMARY,288,300274.SZ,2026-04-01,-30.0,STOP_FIRST,13.077001683310016,13.077001683310016,0.0,23,0,0,0,0,0,-7.472322364359973
PRIMARY,289,300274.SZ,2026-07-01,-30.0,STOP_FIRST,-8.358514552822074,-8.358514552822074,0.0,28,0,0,0,0,0,-26.27934444027391
PRIMARY,290,600487.SH,2026-07-06,-30.0,STOP_FIRST,-17.707576907721744,-27.266577416068255,-9.55900050834651,8,1,1,0,0,0,-46.153139444336865
PRIMARY,291,688525.SH,2026-07-15,-30.0,STOP_FIRST,-19.368418251981645,-25.601067514493458,-6.2326492625118135,8,1,1,0,0,0,-34.73193473193472
PRIMARY,292,688008.SH,2026-07-16,-30.0,STOP_FIRST,-3.6609369962131426,-3.6609369962131426,0.0,27,0,0,0,0,0,-12.165294341773524
PRIMARY,293,688256.SH,2026-07-16,-30.0,STOP_FIRST,-7.309240157764709,-7.309240157764709,0.0,27,0,0,0,0,0,-25.153710642669623
PRIMARY,294,300308.SZ,2026-07-17,-30.0,STOP_FIRST,-11.744158826402947,-11.744158826402947,0.0,26,0,0,0,0,0,-22.96628924619374
PRIMARY,295,600584.SH,2026-07-20,-30.0,STOP_FIRST,-3.746170199653699,-3.746170199653699,0.0,25,0,0,0,0,0,-20.75720869405966
PRIMARY,296,300502.SZ,2026-07-28,-30.0,STOP_FIRST,-3.1289001702402826,-3.1289001702402826,0.0,19,0,0,0,0,0,-14.854383942881455
PRIMARY,297,002384.SZ,2026-07-29,-30.0,STOP_FIRST,6.860142611567042,6.860142611567042,0.0,18,0,0,0,0,0,-9.217430672804971
PRIMARY,298,002475.SZ,2026-08-03,-30.0,STOP_FIRST,1.2862198685484683,1.2862198685484683,0.0,15,0,0,0,0,0,-4.021902045888859
PRIMARY,299,600276.SH,2026-08-20,-30.0,STOP_FIRST,-2.438053366642191,-2.438053366642191,0.0,2,0,0,0,0,0,-4.81585777507767
PRIMARY,1,000651.SZ,2020-03-19,-30.0,TP_FIRST,8.76502998612771,8.76502998612771,0.0,15,0,0,0,0,0,-3.253806511060575
PRIMARY,2,600030.SH,2020-03-16,-30.0,TP_FIRST,1.2152522266729697,1.2152522266729697,0.0,19,0,0,0,0,0,-7.086832162571954
PRIMARY,3,300750.SZ,2020-02-28,-30.0,TP_FIRST,-1.0193924653390611,-1.0193924653390611,0.0,31,0,0,0,0,0,-24.419958905481774
PRIMARY,4,601318.SH,2020-02-28,-30.0,TP_FIRST,-1.3453625770562572,-1.3453625770562572,0.0,33,0,0,0,0,0,-15.814522556095568
PRIMARY,5,600036.SH,2020-03-19,-30.0,TP_FIRST,10.683448687695108,10.683448687695108,0.0,25,0,0,0,0,0,-0.09990265754196148
PRIMARY,6,002475.SZ,2020-03-17,-30.0,TP_FIRST,14.92275528149982,14.92275528149982,0.0,28,0,0,0,0,0,-11.112505536775796
PRIMARY,7,000858.SZ,2020-03-17,-30.0,TP_FIRST,26.82736619482785,26.82736619482785,0.0,28,0,0,0,0,0,-12.958069092199342
PRIMARY,8,000063.SZ,2020-03-17,-30.0,TP_FIRST,3.2396956676295363,3.2396956676295363,0.0,32,0,0,0,0,0,-10.59060271470772
PRIMARY,9,000725.SZ,2020-03-16,-30.0,TP_FIRST,4.611959703094805,4.611959703094805,0.0,35,0,0,0,0,0,-20.127607365604128
PRIMARY,10,002506.SZ,2020-03-26,-30.0,TP_FIRST,-6.524016348081019,-18.70738436303319,-12.183368014952169,23,1,1,0,0,0,-31.211643047504246
PRIMARY,11,600519.SH,2020-03-18,-30.0,TP_FIRST,39.54846152311298,39.54846152311298,0.0,48,0,0,0,0,0,-3.505987509815356
PRIMARY,12,000002.SZ,2020-03-18,-30.0,TP_FIRST,4.681297620587952,4.681297620587952,0.0,49,0,0,0,0,0,-6.372695888701285
PRIMARY,13,002714.SZ,2020-05-11,-30.0,TP_FIRST,-37.346517858183255,-39.08929023133747,-1.7427723731542173,17,1,1,0,0,1,-43.62347582705105
PRIMARY,14,000063.SZ,2020-05-25,-30.0,TP_FIRST,8.355437860095789,8.355437860095789,0.0,17,0,0,0,0,0,-5.214052830367422
PRIMARY,15,002415.SZ,2020-05-25,-30.0,TP_FIRST,7.15509150196319,7.15509150196319,0.0,17,0,0,0,0,0,-2.5965128554330974
PRIMARY,16,600703.SH,2020-06-15,-30.0,TP_FIRST,15.534542524394753,15.534542524394753,0.0,12,0,0,0,0,0,-1.7232235549681896
PRIMARY,17,600030.SH,2020-09-07,-30.0,TP_FIRST,3.3416942678344705,3.3416942678344705,0.0,18,0,0,0,0,0,-2.3347247522243597
PRIMARY,18,300059.SZ,2020-09-09,-30.0,TP_FIRST,4.052671012057143,4.052671012057143,0.0,16,0,0,0,0,0,-5.835594827212354
PRIMARY,19,600276.SH,2020-09-17,-30.0,TP_FIRST,7.964121567403469,7.964121567403469,0.0,10,0,0,0,0,0,-0.30802389658590723
PRIMARY,20,000063.SZ,2020-09-10,-30.0,TP_FIRST,8.16654508112372,8.16654508112372,0.0,16,0,0,0,0,0,-2.1893558485753473
PRIMARY,21,000651.SZ,2020-09-28,-30.0,TP_FIRST,7.18749636223901,7.18749636223901,0.0,5,0,0,0,0,0,-0.7920940870049797
PRIMARY,22,600036.SH,2020-09-30,-30.0,TP_FIRST,8.189846606772502,8.189846606772502,0.0,5,0,0,0,0,0,-0.8409143929827279
PRIMARY,23,002456.SZ,2020-09-01,-30.0,TP_FIRST,0.3287151054327302,0.3287151054327302,0.0,34,0,0,0,0,0,-16.877466166367018
PRIMARY,24,300136.SZ,2020-10-12,-30.0,TP_FIRST,3.7523403888601528,3.7523403888601528,0.0,19,0,0,0,0,0,-11.264076050883421
PRIMARY,25,600030.SH,2020-10-26,-30.0,TP_FIRST,5.218510332201447,5.218510332201447,0.0,19,0,0,0,0,0,-4.85376403171518
PRIMARY,26,000661.SZ,2020-09-16,-30.0,TP_FIRST,10.365131138225253,10.365131138225253,0.0,47,0,0,0,0,0,-10.396266523703268
PRIMARY,27,600745.SH,2020-09-08,-30.0,TP_FIRST,1.4169185149017833,1.4169185149017833,0.0,57,0,0,0,0,0,-24.96934183424869
PRIMARY,28,601012.SH,2020-11-13,-30.0,TP_FIRST,11.570904483395198,11.570904483395198,0.0,17,0,0,0,0,0,-7.125413198287678
PRIMARY,29,300122.SZ,2020-11-11,-30.0,TP_FIRST,21.594186068179752,21.594186068179752,0.0,27,0,0,0,0,0,-14.25593292277403
PRIMARY,30,002475.SZ,2020-11-16,-30.0,TP_FIRST,4.922943424348968,4.922943424348968,0.0,26,0,0,0,0,0,-6.247600021016375
PRIMARY,31,002241.SZ,2020-11-16,-30.0,TP_FIRST,2.7641560070263713,2.7641560070263713,0.0,28,0,0,0,0,0,-8.190219287755895
PRIMARY,32,000651.SZ,2020-12-09,-30.0,TP_FIRST,4.778058019478602,4.778058019478602,0.0,17,0,0,0,0,0,-6.9491076663235285
PRIMARY,33,688981.SH,2020-12-16,-30.0,TP_FIRST,16.521188858697652,16.521188858697652,0.0,16,0,0,0,0,0,-4.393704306917501
PRIMARY,34,601318.SH,2021-01-28,-30.0,TP_FIRST,9.42474089385644,9.42474089385644,0.0,14,0,0,0,0,0,-7.015107202120719
PRIMARY,35,300059.SZ,2021-02-22,-30.0,TP_FIRST,-9.75617275607125,-9.75617275607125,0.0,28,0,0,0,0,0,-21.294436987155805
PRIMARY,36,000333.SZ,2021-02-22,-30.0,TP_FIRST,1.124921971714471,1.124921971714471,0.0,28,0,0,0,0,0,-11.037863818654303
PRIMARY,37,000858.SZ,2021-03-08,-30.0,TP_FIRST,16.23467230378328,16.23467230378328,0.0,18,0,0,0,0,0,-5.053624061888506
PRIMARY,38,600030.SH,2021-03-01,-30.0,TP_FIRST,-1.7719464410848904,-1.7719464410848904,0.0,24,0,0,0,0,0,-9.731175855642116
PRIMARY,39,601012.SH,2021-03-04,-30.0,TP_FIRST,2.8151228530517156,2.8151228530517156,0.0,21,0,0,0,0,0,-20.33269501471261
PRIMARY,40,002241.SZ,2021-01-29,-30.0,TP_FIRST,-2.3809753380773024,-2.3809753380773024,0.0,45,0,0,0,0,0,-24.32266643437805
PRIMARY,41,300750.SZ,2021-01-29,-30.0,TP_FIRST,2.6778263400166544,2.6778263400166544,0.0,46,0,0,0,0,0,-20.744980856829066
PRIMARY,42,002475.SZ,2021-01-28,-30.0,TP_FIRST,-17.795635461958412,-18.04339660161873,-0.24776113966031943,30,1,1,0,0,0,-38.05999710973133
PRIMARY,43,600438.SH,2021-03-05,-30.0,TP_FIRST,-2.082117681436346,-2.082117681436346,0.0,30,0,0,0,0,0,-21.900640918932147
PRIMARY,44,300014.SZ,2021-03-23,-30.0,TP_FIRST,20.343646524893185,20.343646524893185,0.0,18,0,0,0,0,0,-1.1328405715407053
PRIMARY,45,601899.SH,2021-03-24,-30.0,TP_FIRST,13.67315267261283,13.67315267261283,0.0,17,0,0,0,0,0,-0.5227592786883895
PRIMARY,46,601166.SH,2021-04-15,-30.0,TP_FIRST,10.16039399503804,10.16039399503804,0.0,15,0,0,0,0,0,-2.3887839446735004
PRIMARY,47,600276.SH,2021-04-15,-30.0,TP_FIRST,2.9762113310555116,2.9762113310555116,0.0,18,0,0,0,0,0,-5.364820806114978
PRIMARY,48,002352.SZ,2021-04-12,-30.0,TP_FIRST,1.806031845385725,1.806031845385725,0.0,22,0,0,0,0,0,-8.258407334556994
PRIMARY,49,600519.SH,2021-05-06,-30.0,TP_FIRST,12.309433820124724,12.309433820124724,0.0,12,0,0,0,0,0,-5.132526010090399
PRIMARY,50,600031.SH,2021-03-09,-30.0,TP_FIRST,2.027751640672817,2.027751640672817,0.0,55,0,0,0,0,0,-27.978387085265844
PRIMARY,51,600009.SH,2021-02-03,-30.0,TP_FIRST,-1.1354409255495685,-1.1354409255495685,0.0,76,0,0,0,0,0,-22.985275095121573
PRIMARY,52,002594.SZ,2021-02-24,-30.0,TP_FIRST,16.160298578230066,-15.47632822019407,-31.636626798424135,49,1,1,0,0,1,-34.73181070183321
PRIMARY,53,002340.SZ,2021-06-07,-30.0,TP_FIRST,5.290865136021748,5.290865136021748,0.0,19,0,0,0,0,0,-11.268220523967209
PRIMARY,54,000661.SZ,2021-05-24,-30.0,TP_FIRST,3.543179209088439,3.543179209088439,0.0,38,0,0,0,0,0,-16.869230019043936
PRIMARY,55,002594.SZ,2021-07-16,-30.0,TP_FIRST,25.77910857036041,25.77910857036041,0.0,10,0,0,0,0,0,-2.6882194842621776
PRIMARY,56,600031.SH,2021-06-11,-30.0,TP_FIRST,4.433342850860986,4.433342850860986,0.0,35,0,0,0,0,0,-15.123799665013548
PRIMARY,57,002241.SZ,2021-07-22,-30.0,TP_FIRST,10.273218124699701,10.273218124699701,0.0,9,0,0,0,0,0,-7.886693775763421
PRIMARY,58,600036.SH,2021-07-08,-30.0,TP_FIRST,8.736132867824947,8.736132867824947,0.0,28,0,0,0,0,0,-10.298243793004092
PRIMARY,59,300782.SZ,2021-07-13,-30.0,TP_FIRST,4.700284102162052,4.700284102162052,0.0,29,0,0,0,0,0,-10.944165622271129
PRIMARY,60,601919.SH,2021-07-23,-30.0,TP_FIRST,21.9399821535198,21.9399821535198,0.0,25,0,0,0,0,0,-13.003666576368966
PRIMARY,61,002460.SZ,2021-08-16,-30.0,TP_FIRST,24.025427124052413,24.025427124052413,0.0,9,0,0,0,0,0,-2.17885582383488
PRIMARY,62,300750.SZ,2021-07-27,-30.0,TP_FIRST,8.626053858905106,8.626053858905106,0.0,34,0,0,0,0,0,-5.360767280539502
PRIMARY,63,300760.SZ,2021-08-20,-30.0,TP_FIRST,25.243095200327115,25.243095200327115,0.0,19,0,0,0,0,0,-1.3648131532456809
PRIMARY,64,600519.SH,2021-07-26,-30.0,TP_FIRST,2.091334708861519,2.091334708861519,0.0,41,0,0,0,0,0,-15.47553943560599
PRIMARY,65,002714.SZ,2021-05-24,-30.0,TP_FIRST,-18.715268930191936,-7.0795769987458765,11.63569193144606,42,1,1,0,0,1,-56.67478900029019
PRIMARY,66,000858.SZ,2021-07-08,-30.0,TP_FIRST,-7.6342909419297795,-7.6342909419297795,0.0,54,0,0,0,0,0,-28.655500122152368
PRIMARY,67,002594.SZ,2021-09-29,-30.0,TP_FIRST,17.089129638620165,17.089129638620165,0.0,6,0,0,0,0,0,-0.5192972651856032
PRIMARY,68,601318.SH,2021-03-18,-30.0,TP_FIRST,-28.116081051784203,-23.95002166650996,4.166059385274242,86,1,1,0,0,0,-41.80696245003698
PRIMARY,69,000651.SZ,2021-05-25,-30.0,TP_FIRST,-19.03127753582529,-21.478722060352755,-2.447444524527466,79,1,1,0,0,0,-33.090168102543274
PRIMARY,70,000333.SZ,2021-07-05,-30.0,TP_FIRST,11.175030722164129,11.175030722164129,0.0,71,0,0,0,0,0,-9.770984837876318
PRIMARY,71,600111.SH,2021-09-29,-30.0,TP_FIRST,22.277893313169177,22.277893313169177,0.0,12,0,0,0,0,0,-3.6351512387024387
PRIMARY,72,600089.SH,2021-10-08,-30.0,TP_FIRST,21.757208672823793,21.757208672823793,0.0,12,0,0,0,0,0,-5.355399017850127
PRIMARY,73,002466.SZ,2021-09-22,-30.0,TP_FIRST,5.276533723848393,5.276533723848393,0.0,28,0,0,0,0,0,-18.18048772561611
PRIMARY,74,000858.SZ,2021-11-01,-30.0,TP_FIRST,7.772649549904674,7.772649549904674,0.0,16,0,0,0,0,0,-2.695601939103509
PRIMARY,75,603259.SH,2021-11-04,-30.0,TP_FIRST,10.333997515607747,10.333997515607747,0.0,15,0,0,0,0,0,-4.388640111365582
PRIMARY,76,601919.SH,2021-09-28,-30.0,TP_FIRST,3.0377221934720415,3.0377221934720415,0.0,39,0,0,0,0,0,-19.410201081693145
PRIMARY,77,600030.SH,2021-11-16,-30.0,TP_FIRST,7.942169042945349,7.942169042945349,0.0,13,0,0,0,0,0,-1.3115665629502171
PRIMARY,78,000651.SZ,2021-10-27,-30.0,TP_FIRST,3.7666645298140864,3.7666645298140864,0.0,30,0,0,0,0,0,-6.591904190897946
PRIMARY,79,600036.SH,2021-11-26,-30.0,TP_FIRST,7.780249533285357,7.780249533285357,0.0,8,0,0,0,0,0,-2.0264594890360255
PRIMARY,80,600036.SH,2021-12-29,-30.0,TP_FIRST,5.516341863497587,5.516341863497587,0.0,14,0,0,0,0,0,-0.892595978810895
PRIMARY,81,002129.SZ,2021-12-01,-30.0,TP_FIRST,7.212021342950852,7.212021342950852,0.0,38,0,0,0,0,0,-10.209695479014202
PRIMARY,82,600030.SH,2022-01-14,-30.0,TP_FIRST,1.0102995428563417,1.0102995428563417,0.0,9,0,0,0,0,0,-4.115180796829354
PRIMARY,83,601888.SH,2021-11-02,-30.0,TP_FIRST,7.8045788936873635,7.8045788936873635,0.0,65,0,0,0,0,0,-17.76278012400819
PRIMARY,84,600111.SH,2021-12-24,-30.0,TP_FIRST,10.927469701064592,10.927469701064592,0.0,31,0,0,0,0,0,-16.158101136300374
PRIMARY,85,000792.SZ,2022-01-20,-30.0,TP_FIRST,18.801769360068377,18.801769360068377,0.0,13,0,0,0,0,0,-2.101609531796167
PRIMARY,86,002460.SZ,2021-12-20,-30.0,TP_FIRST,7.327370162653349,7.327370162653349,0.0,36,0,0,0,0,0,-13.694999767838578
PRIMARY,87,002466.SZ,2021-12-20,-30.0,TP_FIRST,1.837573601773871,1.837573601773871,0.0,36,0,0,0,0,0,-19.98566660073482
PRIMARY,88,000661.SZ,2022-01-24,-30.0,TP_FIRST,11.89884859958246,11.89884859958246,0.0,17,0,0,0,0,0,-4.775620293737893
PRIMARY,89,601012.SH,2021-12-01,-30.0,TP_FIRST,6.472325573333965,6.472325573333965,0.0,57,0,0,0,0,0,-23.797689806559163
PRIMARY,90,603259.SH,2021-12-20,-30.0,TP_FIRST,12.254494786218984,12.254494786218984,0.0,56,0,0,0,0,0,-28.86139126771904
PRIMARY,91,000002.SZ,2022-03-04,-30.0,TP_FIRST,14.88504791739044,14.88504791739044,0.0,18,0,0,0,0,0,-22.246037106497695
PRIMARY,92,300059.SZ,2022-01-05,-30.0,TP_FIRST,-5.7513210082683415,-15.628873651182678,-9.877552642914337,44,1,1,0,0,1,-34.89656169461941
PRIMARY,93,600519.SH,2022-01-07,-30.0,TP_FIRST,0.9984159395398549,0.9984159395398549,0.0,61,0,0,0,0,0,-17.458488731459298
PRIMARY,94,601888.SH,2022-03-14,-30.0,TP_FIRST,7.812849493656972,7.812849493656972,0.0,20,0,0,0,0,0,-8.439813952671848
PRIMARY,95,002594.SZ,2021-12-16,-30.0,TP_FIRST,-1.5968178542206901,-1.5968178542206901,0.0,88,0,0,0,0,0,-26.330714118353036
PRIMARY,96,000625.SZ,2021-11-16,-30.0,TP_FIRST,-22.229994518631575,-18.517887705364714,3.7121068132668604,74,1,1,0,0,1,-53.29984290867762
PRIMARY,97,002475.SZ,2022-02-08,-30.0,TP_FIRST,-17.15409169654668,-19.905284981020078,-2.7511932844733984,38,1,1,0,0,0,-40.77681436537638
PRIMARY,98,002466.SZ,2022-04-25,-30.0,TP_FIRST,41.854779546894,41.854779546894,0.0,8,0,0,0,0,0,-3.4110472521140522
PRIMARY,99,300274.SZ,2021-12-21,-30.0,TP_FIRST,-25.58857835409347,-14.936604845364132,10.65197350872934,63,1,1,0,0,0,-58.717689038471335
PRIMARY,100,002460.SZ,2022-03-08,-30.0,TP_FIRST,17.706849570514894,17.706849570514894,0.0,48,0,0,0,0,0,-28.642784574491998
PRIMARY,101,000858.SZ,2022-01-28,-30.0,TP_FIRST,-8.807756178930596,-8.807756178930596,0.0,75,0,0,0,0,0,-25.5194802146096
PRIMARY,102,300014.SZ,2022-03-03,-30.0,TP_FIRST,26.31764601662993,-21.10729126302983,-47.42493727965976,36,1,1,0,0,1,-32.624915571840454
PRIMARY,103,300750.SZ,2021-12-20,-30.0,TP_FIRST,-14.232912370394569,-17.862872484000274,-3.629960113605705,78,1,1,0,0,0,-41.8073675499418
PRIMARY,104,601012.SH,2022-03-29,-30.0,TP_FIRST,-12.752364240157288,-12.752364240157288,0.0,42,0,0,0,0,0,-24.82075936524716
PRIMARY,105,002415.SZ,2022-05-06,-30.0,TP_FIRST,3.5450375895839463,3.5450375895839463,0.0,19,0,0,0,0,0,-8.562023743217374
PRIMARY,106,600276.SH,2022-01-13,-30.0,TP_FIRST,-29.55698724716474,-24.825252930086833,4.731734317077908,54,1,1,0,0,0,-42.610580908453244
PRIMARY,107,601318.SH,2022-03-15,-30.0,TP_FIRST,-0.3864474449981416,-0.3864474449981416,0.0,55,0,0,0,0,0,-2.315282705156485
PRIMARY,108,600036.SH,2022-03-07,-30.0,TP_FIRST,-6.245523329299984,-6.245523329299984,0.0,65,0,0,0,0,0,-24.345417637488787
PRIMARY,109,300122.SZ,2022-04-14,-30.0,TP_FIRST,-6.645958234266682,-6.645958234266682,0.0,40,0,0,0,0,0,-28.79470109263167
PRIMARY,110,002241.SZ,2022-06-23,-30.0,TP_FIRST,2.8400230023871615,2.8400230023871615,0.0,30,0,0,0,0,0,-5.007927632982501
PRIMARY,111,002466.SZ,2022-08-19,-30.0,TP_FIRST,13.385590477234006,13.385590477234006,0.0,2,0,0,0,0,0,-2.8634236347626074
PRIMARY,112,600036.SH,2022-07-13,-30.0,TP_FIRST,-1.5651520516643562,-1.5651520516643562,0.0,34,0,0,0,0,0,-12.409355098525655
PRIMARY,113,601888.SH,2022-08-08,-30.0,TP_FIRST,7.1858432781792185,7.1858432781792185,0.0,33,0,0,0,0,0,-8.133019118063235
PRIMARY,114,000858.SZ,2022-07-29,-30.0,TP_FIRST,-2.4673011477159523,-2.4673011477159523,0.0,40,0,0,0,0,0,-12.093504633059515
PRIMARY,115,300274.SZ,2022-08-31,-30.0,TP_FIRST,13.216110132265186,13.216110132265186,0.0,23,0,0,0,0,0,-6.803285897864219
PRIMARY,116,300760.SZ,2022-09-21,-30.0,TP_FIRST,26.10435256088347,26.10435256088347,0.0,11,0,0,0,0,0,-2.945982270341807
PRIMARY,117,603259.SH,2022-07-27,-30.0,TP_FIRST,-6.553924195303395,-23.046373587223872,-16.492449391920477,47,1,1,0,0,0,-30.331191278374803
PRIMARY,118,601012.SH,2022-08-03,-30.0,TP_FIRST,-1.5712301907594528,-1.5712301907594528,0.0,54,0,0,0,0,0,-20.79675190961924
PRIMARY,119,688599.SH,2022-08-19,-30.0,TP_FIRST,4.900961296612725,4.900961296612725,0.0,42,0,0,0,0,0,-11.786057206268874
PRIMARY,120,002459.SZ,2022-08-19,-30.0,TP_FIRST,5.627000867343111,5.627000867343111,0.0,42,0,0,0,0,0,-10.712385831051897
PRIMARY,121,601899.SH,2022-09-26,-30.0,TP_FIRST,6.916188828671841,6.916188828671841,0.0,18,0,0,0,0,0,-3.33920245581949
PRIMARY,122,002460.SZ,2022-08-25,-30.0,TP_FIRST,2.226213115920718,2.226213115920718,0.0,41,0,0,0,0,0,-16.759572939966095
PRIMARY,123,002271.SZ,2022-08-23,-30.0,TP_FIRST,-5.965240206705305,-5.965240206705305,0.0,44,0,0,0,0,0,-29.215251654169816
PRIMARY,124,600703.SH,2022-09-20,-30.0,TP_FIRST,1.4365619204532005,1.4365619204532005,0.0,26,0,0,0,0,0,-17.135927537327543
PRIMARY,125,002594.SZ,2022-07-12,-30.0,TP_FIRST,-2.227087712436274,-2.227087712436274,0.0,76,0,0,0,0,0,-23.762322609884045
PRIMARY,126,002466.SZ,2022-09-01,-30.0,TP_FIRST,0.41755742217796255,0.41755742217796255,0.0,39,0,0,0,0,0,-17.18698543788346
PRIMARY,127,002050.SZ,2022-10-11,-30.0,TP_FIRST,8.648758708124946,8.648758708124946,0.0,17,0,0,0,0,0,-7.919779995223497
PRIMARY,128,603799.SH,2022-09-29,-30.0,TP_FIRST,1.9036214562895246,1.9036214562895246,0.0,21,0,0,0,0,0,-18.54792363873298
PRIMARY,129,600030.SH,2022-09-16,-30.0,TP_FIRST,3.2914258355483077,3.2914258355483077,0.0,34,0,0,0,0,0,-7.2317278605463
PRIMARY,130,600036.SH,2022-10-10,-30.0,TP_FIRST,4.74708231806275,4.74708231806275,0.0,23,0,0,0,0,0,-17.352231797581
PRIMARY,131,601166.SH,2022-08-29,-30.0,TP_FIRST,2.990941980494697,2.990941980494697,0.0,48,0,0,0,0,0,-11.758858159541209
PRIMARY,132,601318.SH,2022-10-24,-30.0,TP_FIRST,11.54058817209945,11.54058817209945,0.0,14,0,0,0,0,0,-4.56589305883337
PRIMARY,133,000651.SZ,2022-10-31,-30.0,TP_FIRST,11.08646263720554,11.08646263720554,0.0,9,0,0,0,0,0,-0.62111668689665
PRIMARY,134,300059.SZ,2022-08-02,-30.0,TP_FIRST,1.3148602142200303,1.3148602142200303,0.0,68,0,0,0,0,0,-28.41433393805436
PRIMARY,135,000625.SZ,2022-08-24,-30.0,TP_FIRST,2.31475867645841,2.31475867645841,0.0,63,0,0,0,0,0,-27.190338345372766
PRIMARY,136,000858.SZ,2022-10-24,-30.0,TP_FIRST,13.014502136358589,13.014502136358589,0.0,26,0,0,0,0,0,-6.076160549181053
PRIMARY,137,600519.SH,2022-09-05,-30.0,TP_FIRST,-5.861614932184937,-5.861614932184937,0.0,56,0,0,0,0,0,-27.44375317821398
PRIMARY,138,000568.SZ,2022-10-10,-30.0,TP_FIRST,5.894426001503926,5.894426001503926,0.0,37,0,0,0,0,0,-26.23829865914583
PRIMARY,139,600887.SH,2022-10-20,-30.0,TP_FIRST,6.706648715667189,6.706648715667189,0.0,29,0,0,0,0,0,-18.517421916247343
PRIMARY,140,002714.SZ,2022-10-26,-30.0,TP_FIRST,5.23244617556544,5.23244617556544,0.0,28,0,0,0,0,0,-8.911088606217998
PRIMARY,141,300750.SZ,2022-09-01,-30.0,TP_FIRST,-1.3981718838619202,-1.3981718838619202,0.0,62,0,0,0,0,0,-24.986572858520837
PRIMARY,142,002371.SZ,2022-10-12,-30.0,TP_FIRST,10.597667780822029,10.597667780822029,0.0,44,0,0,0,0,0,-5.446303292394417
PRIMARY,143,603259.SH,2022-11-28,-30.0,TP_FIRST,6.738265986701266,6.738265986701266,0.0,22,0,0,0,0,0,-2.1226976811561937
PRIMARY,144,600522.SH,2022-11-01,-30.0,TP_FIRST,-5.676303523410963,-21.41552431178184,-15.739220788370877,37,1,1,0,0,1,-30.66339374603776
PRIMARY,145,300274.SZ,2022-12-06,-30.0,TP_FIRST,12.35423017458993,12.35423017458993,0.0,18,0,0,0,0,0,-12.997661644686353
PRIMARY,146,002241.SZ,2022-11-11,-30.0,TP_FIRST,8.552942953591648,8.552942953591648,0.0,37,0,0,0,0,0,-2.0552360649699564
PRIMARY,147,002812.SZ,2022-11-23,-30.0,TP_FIRST,12.272962184274384,12.272962184274384,0.0,30,0,0,0,0,0,-7.454367889448843
PRIMARY,148,601012.SH,2022-12-22,-30.0,TP_FIRST,11.348570853081775,11.348570853081775,0.0,17,0,0,0,0,0,-1.83945407826005
PRIMARY,149,000625.SZ,2022-12-28,-30.0,TP_FIRST,15.403895272762636,15.403895272762636,0.0,16,0,0,0,0,0,-2.461030882431914
PRIMARY,150,002709.SZ,2022-12-30,-30.0,TP_FIRST,15.538268097973235,15.538268097973235,0.0,14,0,0,0,0,0,-2.7348780509869663
PRIMARY,151,300014.SZ,2023-01-11,-30.0,TP_FIRST,6.981985480381129,6.981985480381129,0.0,9,0,0,0,0,0,-4.915491114570337
PRIMARY,152,300750.SZ,2023-02-17,-30.0,TP_FIRST,3.6254689430868456,3.6254689430868456,0.0,29,0,0,0,0,0,-11.62683470375777
PRIMARY,153,600519.SH,2023-03-08,-30.0,TP_FIRST,3.358107895598216,3.358107895598216,0.0,16,0,0,0,0,0,-2.5877984739737014
PRIMARY,154,300059.SZ,2023-03-07,-30.0,TP_FIRST,6.704927557794763,6.704927557794763,0.0,18,0,0,0,0,0,-6.726693190328403
PRIMARY,155,300274.SZ,2023-03-14,-30.0,TP_FIRST,3.872684453553771,3.872684453553771,0.0,23,0,0,0,0,0,-11.398858058207795
PRIMARY,156,002594.SZ,2023-03-10,-30.0,TP_FIRST,7.839512102970262,7.839512102970262,0.0,33,0,0,0,0,0,-3.6913778017047982
PRIMARY,157,000858.SZ,2023-04-10,-30.0,TP_FIRST,-2.6488868636941545,-2.6488868636941545,0.0,26,0,0,0,0,0,-10.048100566887374
PRIMARY,158,000651.SZ,2023-05-04,-30.0,TP_FIRST,6.144996620188443,6.144996620188443,0.0,25,0,0,0,0,0,-8.255590958382841
PRIMARY,159,601899.SH,2023-05-12,-30.0,TP_FIRST,6.727401168026937,6.727401168026937,0.0,19,0,0,0,0,0,-5.558920911138776
PRIMARY,160,600519.SH,2023-04-12,-30.0,TP_FIRST,6.514893856808776,6.514893856808776,0.0,43,0,0,0,0,0,-4.355999030555235
PRIMARY,161,601012.SH,2023-03-16,-30.0,TP_FIRST,-17.84953964554572,-22.093683171522784,-4.244143525977066,53,1,1,0,0,0,-33.276416390528766
PRIMARY,162,600036.SH,2023-04-27,-30.0,TP_FIRST,-0.6278320762058595,-0.6278320762058595,0.0,57,0,0,0,0,0,-3.793063901958049
PRIMARY,163,600809.SH,2023-05-22,-30.0,TP_FIRST,9.67465728119054,9.67465728119054,0.0,43,0,0,0,0,0,-16.847859403834985
PRIMARY,164,300059.SZ,2023-05-29,-30.0,TP_FIRST,3.238668828858134,3.238668828858134,0.0,38,0,0,0,0,0,-4.622126321593722
PRIMARY,165,002415.SZ,2023-06-09,-30.0,TP_FIRST,9.253968396028046,9.253968396028046,0.0,31,0,0,0,0,0,-3.0509320142771967
PRIMARY,166,300750.SZ,2023-06-07,-30.0,TP_FIRST,8.015096907867838,8.015096907867838,0.0,35,0,0,0,0,0,-2.799902799902787
PRIMARY,167,688981.SH,2023-05-09,-30.0,TP_FIRST,-1.9912914951639942,-1.9912914951639942,0.0,57,0,0,0,0,0,-7.822752791213516
PRIMARY,168,600570.SH,2023-07-11,-30.0,TP_FIRST,12.935015317595871,12.935015317595871,0.0,17,0,0,0,0,0,-3.6163828033945022
PRIMARY,169,300418.SZ,2023-06-26,-30.0,TP_FIRST,-7.109717403112448,-7.109717403112448,0.0,34,0,0,0,0,0,-22.324869570606698
PRIMARY,170,600276.SH,2023-07-31,-30.0,TP_FIRST,2.244966610480217,2.244966610480217,0.0,19,0,0,0,0,0,-16.355370032537774
PRIMARY,171,002230.SZ,2023-08-16,-30.0,TP_FIRST,-4.04018826584394,-4.04018826584394,0.0,32,0,0,0,0,0,-19.948062722882465
PRIMARY,172,002475.SZ,2023-09-07,-30.0,TP_FIRST,6.728014277472455,6.728014277472455,0.0,17,0,0,0,0,0,-4.4345508276317
PRIMARY,173,300760.SZ,2023-08-07,-30.0,TP_FIRST,6.5338873044717865,6.5338873044717865,0.0,53,0,0,0,0,0,-4.449940020156773
PRIMARY,174,000858.SZ,2023-08-18,-30.0,TP_FIRST,9.240903528696505,9.240903528696505,0.0,46,0,0,0,0,0,-12.715230910264852
PRIMARY,175,300014.SZ,2023-02-20,-30.0,TP_FIRST,-28.568832058383776,-22.442341787317208,6.126490271066569,124,1,1,0,0,0,-44.47756749417103
PRIMARY,176,300059.SZ,2023-10-23,-30.0,TP_FIRST,6.795375111896212,6.795375111896212,0.0,9,0,0,0,0,0,-0.4417866895821354
PRIMARY,177,603019.SH,2023-08-09,-30.0,TP_FIRST,2.102020516340531,2.102020516340531,0.0,57,0,0,0,0,0,-18.940916927699114
PRIMARY,178,300274.SZ,2023-08-21,-30.0,TP_FIRST,2.059040269174881,2.059040269174881,0.0,51,0,0,0,0,0,-23.84860922169848
PRIMARY,179,300308.SZ,2023-07-20,-30.0,TP_FIRST,-5.693477162892338,-18.79833386241674,-13.104856699524401,62,1,1,0,0,0,-34.647305581306
PRIMARY,180,000977.SZ,2023-08-18,-30.0,TP_FIRST,7.706372017077919,-12.671323724329076,-20.377695741406995,41,1,1,0,0,1,-32.22636562323018
PRIMARY,181,601012.SH,2023-08-21,-30.0,TP_FIRST,-11.755699669774852,-11.755699669774852,0.0,86,0,0,0,0,0,-26.371969728680746
PRIMARY,182,600519.SH,2023-10-13,-30.0,TP_FIRST,1.893988027016628,1.893988027016628,0.0,54,0,0,0,0,0,-7.786761434433009
PRIMARY,183,600009.SH,2023-08-21,-30.0,TP_FIRST,-11.699228208217027,-11.699228208217027,0.0,98,0,0,0,0,0,-24.842656679790675
PRIMARY,184,601318.SH,2023-11-09,-30.0,TP_FIRST,-2.3138721028580727,-2.3138721028580727,0.0,53,0,0,0,0,0,-12.395299497973422
PRIMARY,185,000651.SZ,2023-12-20,-30.0,TP_FIRST,12.104633410839133,12.104633410839133,0.0,26,0,0,0,0,0,-0.22839068988121936
PRIMARY,186,601138.SH,2023-10-24,-30.0,TP_FIRST,11.050900506142318,11.050900506142318,0.0,73,0,0,0,0,0,-8.702006282856667
PRIMARY,187,000858.SZ,2023-12-13,-30.0,TP_FIRST,2.808164916171326,2.808164916171326,0.0,37,0,0,0,0,0,-9.305511112151732
PRIMARY,188,600519.SH,2024-01-17,-30.0,TP_FIRST,5.907729356690894,5.907729356690894,0.0,13,0,0,0,0,0,-1.2708988071569394
PRIMARY,189,300750.SZ,2023-09-08,-30.0,TP_FIRST,-18.00484444688593,-21.437348476970893,-3.4325040300849636,63,1,1,0,0,0,-37.07504075265946
PRIMARY,190,002230.SZ,2024-01-03,-30.0,TP_FIRST,3.585730933845497,3.585730933845497,0.0,25,0,0,0,0,0,-13.110142123274604
PRIMARY,191,300418.SZ,2024-01-31,-30.0,TP_FIRST,39.428041617887864,39.428041617887864,0.0,6,0,0,0,0,0,-9.269811195543308
PRIMARY,192,000568.SZ,2023-12-11,-30.0,TP_FIRST,1.1120117479146117,1.1120117479146117,0.0,44,0,0,0,0,0,-22.710877834749677
PRIMARY,193,300059.SZ,2023-12-27,-30.0,TP_FIRST,5.900250298765934,5.900250298765934,0.0,32,0,0,0,0,0,-11.47429406768471
PRIMARY,194,000063.SZ,2023-07-20,-30.0,TP_FIRST,-20.144973123840867,-13.644740871219405,6.500232252621462,63,1,1,0,0,1,-49.074840753076984
PRIMARY,195,000628.SZ,2023-12-14,-30.0,TP_FIRST,44.67924500816973,-8.72116850744917,-53.4004135156189,37,1,1,0,0,1,-39.992579634592374
PRIMARY,196,000625.SZ,2024-01-04,-30.0,TP_FIRST,12.686864654118965,12.686864654118965,0.0,30,0,0,0,0,0,-24.25874529738413
PRIMARY,197,301236.SZ,2024-01-22,-30.0,TP_FIRST,15.202767971466354,15.202767971466354,0.0,18,0,0,0,0,0,-20.518249818689295
PRIMARY,198,002555.SZ,2023-12-25,-30.0,TP_FIRST,17.471539089853273,17.471539089853273,0.0,39,0,0,0,0,0,-18.06601865960579
PRIMARY,199,000661.SZ,2024-01-12,-30.0,TP_FIRST,5.324721980411358,5.324721980411358,0.0,26,0,0,0,0,0,-15.088906432452676
PRIMARY,200,300033.SZ,2024-01-16,-30.0,TP_FIRST,11.478914185701258,11.478914185701258,0.0,24,0,0,0,0,0,-19.68785420497784
PRIMARY,201,002456.SZ,2023-12-14,-30.0,TP_FIRST,9.13490121758614,-20.069780241641638,-29.20468145922778,35,1,1,0,0,0,-32.75517367129328
PRIMARY,202,603259.SH,2024-01-30,-30.0,TP_FIRST,16.5357317467109,16.5357317467109,0.0,17,0,0,0,0,0,-19.366346576745652
PRIMARY,203,002594.SZ,2023-08-14,-30.0,TP_FIRST,-16.277210987224258,-28.254120838615844,-11.976909851391586,113,1,1,0,0,0,-33.85103047938111
PRIMARY,204,601012.SH,2024-01-29,-30.0,TP_FIRST,15.268422377533785,15.268422377533785,0.0,24,0,0,0,0,0,-13.258914832233726
PRIMARY,205,002475.SZ,2024-01-17,-30.0,TP_FIRST,7.219372761109448,7.219372761109448,0.0,37,0,0,0,0,0,-11.861191429965057
PRIMARY,206,601318.SH,2024-03-22,-30.0,TP_FIRST,8.104543046068015,8.104543046068015,0.0,23,0,0,0,0,0,-6.965721129438385
PRIMARY,207,600519.SH,2024-04-08,-30.0,TP_FIRST,5.19682233937109,5.19682233937109,0.0,16,0,0,0,0,0,-1.7024675784346077
PRIMARY,208,000977.SZ,2024-04-10,-30.0,TP_FIRST,12.570545419631626,12.570545419631626,0.0,14,0,0,0,0,0,-8.98589486777226
PRIMARY,209,000628.SZ,2024-03-29,-30.0,TP_FIRST,-22.18874094507154,-21.581102019077907,0.6076389259936334,8,1,1,0,0,0,-52.38614252495148
PRIMARY,210,002129.SZ,2024-01-30,-30.0,TP_FIRST,-6.5866863796632105,-6.5866863796632105,0.0,69,0,0,0,0,0,-23.270953005067007
PRIMARY,211,601138.SH,2024-05-31,-30.0,TP_FIRST,17.235953981802986,17.235953981802986,0.0,8,0,0,0,0,0,-0.1435072194053144
PRIMARY,212,002230.SZ,2024-04-23,-30.0,TP_FIRST,5.3407176576942215,5.3407176576942215,0.0,35,0,0,0,0,0,-3.192044234481095
PRIMARY,213,600919.SH,2024-04-26,-30.0,TP_FIRST,-3.22433989136676,-3.22433989136676,0.0,42,0,0,0,0,0,-6.245585876244874
PRIMARY,214,000977.SZ,2024-05-28,-30.0,TP_FIRST,4.476827597833199,4.476827597833199,0.0,28,0,0,0,0,0,-6.538088943116049
PRIMARY,215,000625.SZ,2024-04-16,-30.0,TP_FIRST,-3.5813249331349106,-3.5813249331349106,0.0,56,0,0,0,0,0,-22.439671783461513
PRIMARY,216,000725.SZ,2024-05-28,-30.0,TP_FIRST,4.499483038676097,4.499483038676097,0.0,29,0,0,0,0,0,-5.704054833968886
PRIMARY,217,603019.SH,2024-03-27,-30.0,TP_FIRST,-3.1650656694684725,-3.1650656694684725,0.0,73,0,0,0,0,0,-19.720874640088848
PRIMARY,218,000858.SZ,2024-06-11,-30.0,TP_FIRST,-4.863606074584775,-4.863606074584775,0.0,25,0,0,0,0,0,-9.446093150024627
PRIMARY,219,600519.SH,2024-06-11,-30.0,TP_FIRST,0.5216824393800606,0.5216824393800606,0.0,27,0,0,0,0,0,-10.274440490341663
PRIMARY,220,300750.SZ,2024-06-07,-30.0,TP_FIRST,1.3901215027090492,1.3901215027090492,0.0,29,0,0,0,0,0,-9.524339063610821
PRIMARY,221,300059.SZ,2024-06-28,-30.0,TP_FIRST,3.9349979609446946,3.9349979609446946,0.0,22,0,0,0,0,0,-5.914697081934461
PRIMARY,222,601012.SH,2024-06-06,-30.0,TP_FIRST,-12.181185272863992,-12.181185272863992,0.0,40,0,0,0,0,0,-25.1188709649811
PRIMARY,223,600519.SH,2024-07-30,-30.0,TP_FIRST,4.979956385509713,4.979956385509713,0.0,22,0,0,0,0,0,-0.09990187614892232
PRIMARY,224,002594.SZ,2024-08-02,-30.0,TP_FIRST,6.379967880191982,6.379967880191982,0.0,19,0,0,0,0,0,-3.2764151461084245
PRIMARY,225,002475.SZ,2024-08-05,-30.0,TP_FIRST,8.544910470004318,8.544910470004318,0.0,18,0,0,0,0,0,-3.167255709326977
PRIMARY,226,002466.SZ,2024-04-25,-30.0,TP_FIRST,-13.212317215788726,-15.91695032360198,-2.7046331078132546,83,1,1,0,0,1,-36.23508762311697
PRIMARY,227,300502.SZ,2024-07-25,-30.0,TP_FIRST,13.964744747831642,13.964744747831642,0.0,35,0,0,0,0,0,-12.266195988559547
PRIMARY,228,601919.SH,2024-07-08,-30.0,TP_FIRST,1.7285541339282333,1.7285541339282333,0.0,51,0,0,0,0,0,-19.814263643782315
PRIMARY,229,000063.SZ,2024-08-22,-30.0,TP_FIRST,3.3955801711335427,3.3955801711335427,0.0,19,0,0,0,0,0,-3.013656189391656
PRIMARY,230,601138.SH,2024-07-18,-30.0,TP_FIRST,-2.550959931032771,-2.550959931032771,0.0,45,0,0,0,0,0,-27.58542866236795
PRIMARY,231,300308.SZ,2024-07-25,-30.0,TP_FIRST,7.199933708510119,7.199933708510119,0.0,40,0,0,0,0,0,-20.412077421209307
PRIMARY,232,601899.SH,2024-07-23,-30.0,TP_FIRST,11.302372099604602,11.302372099604602,0.0,43,0,0,0,0,0,-15.34301819528009
PRIMARY,233,601127.SH,2024-08-28,-30.0,TP_FIRST,11.860904824260553,11.860904824260553,0.0,17,0,0,0,0,0,-0.6937050159442237
PRIMARY,234,600036.SH,2024-09-09,-30.0,TP_FIRST,12.650986424212693,12.650986424212693,0.0,9,0,0,0,0,0,-1.1566935372865572
PRIMARY,235,000858.SZ,2024-08-22,-30.0,TP_FIRST,9.447704740723928,9.447704740723928,0.0,22,0,0,0,0,0,-11.92058204560389
PRIMARY,236,600809.SH,2024-08-28,-30.0,TP_FIRST,10.265232797714383,10.265232797714383,0.0,18,0,0,0,0,0,-9.343746064530556
PRIMARY,237,600519.SH,2024-09-09,-30.0,TP_FIRST,13.065449104192647,13.065449104192647,0.0,10,0,0,0,0,0,-9.155678699288794
PRIMARY,238,600276.SH,2024-09-20,-30.0,TP_FIRST,7.0921102706178285,7.0921102706178285,0.0,3,0,0,0,0,0,-1.5909424566413088
PRIMARY,239,000100.SZ,2024-05-07,-30.0,TP_FIRST,6.430946014868081,6.430946014868081,0.0,99,0,0,0,0,0,-22.85372018914835
PRIMARY,240,688012.SH,2024-08-23,-30.0,TP_FIRST,8.980679975166685,8.980679975166685,0.0,22,0,0,0,0,0,-11.105843309233144
PRIMARY,241,688256.SH,2024-09-05,-30.0,TP_FIRST,22.25002533076108,22.25002533076108,0.0,14,0,0,0,0,0,-3.4709343344747623
PRIMARY,242,600900.SH,2024-09-11,-30.0,TP_FIRST,8.228584541518643,8.228584541518643,0.0,10,0,0,0,0,0,-0.35235825269818166
PRIMARY,243,600150.SH,2024-09-19,-30.0,TP_FIRST,4.47320430931633,4.47320430931633,0.0,58,0,0,0,0,0,-6.4123490487716595
PRIMARY,244,600418.SH,2024-11-27,-30.0,TP_FIRST,19.31501930377224,19.31501930377224,0.0,38,0,0,0,0,0,-4.031151825779977
PRIMARY,245,603019.SH,2025-01-02,-30.0,TP_FIRST,7.198386187683706,7.198386187683706,0.0,17,0,0,0,0,0,-10.82782494103971
PRIMARY,246,600030.SH,2024-12-31,-30.0,TP_FIRST,-0.029241512213777625,-0.029241512213777625,0.0,20,0,0,0,0,0,-9.821028359452445
PRIMARY,247,300059.SZ,2025-01-02,-30.0,TP_FIRST,5.568619214325684,5.568619214325684,0.0,19,0,0,0,0,0,-10.373910853057232
PRIMARY,248,300033.SZ,2025-01-02,-30.0,TP_FIRST,23.218740081380986,23.218740081380986,0.0,19,0,0,0,0,0,-8.449836646713571
PRIMARY,249,300750.SZ,2025-01-07,-30.0,TP_FIRST,8.716235937905914,8.716235937905914,0.0,21,0,0,0,0,0,-2.061431530740332
PRIMARY,250,000858.SZ,2025-01-06,-30.0,TP_FIRST,1.2030252662316376,1.2030252662316376,0.0,23,0,0,0,0,0,-5.193889847781408
PRIMARY,251,688256.SH,2025-01-16,-30.0,TP_FIRST,19.16467811575612,19.16467811575612,0.0,19,0,0,0,0,0,-4.483732441599764
PRIMARY,252,600519.SH,2025-01-03,-30.0,TP_FIRST,4.558943908999476,4.558943908999476,0.0,33,0,0,0,0,0,-3.7431935053504506
PRIMARY,253,688256.SH,2025-03-25,-30.0,TP_FIRST,8.922494348994318,8.922494348994318,0.0,17,0,0,0,0,0,-17.216747908844678
PRIMARY,254,002261.SZ,2025-03-24,-30.0,TP_FIRST,2.6716085217561965,2.6716085217561965,0.0,23,0,0,0,0,0,-27.78696429320907
PRIMARY,255,600989.SH,2025-03-28,-30.0,TP_FIRST,6.913448021154776,6.913448021154776,0.0,20,0,0,0,0,0,-8.97260383386529
PRIMARY,256,000063.SZ,2025-03-03,-30.0,TP_FIRST,2.6037524048102836,2.6037524048102836,0.0,42,0,0,0,0,0,-20.196827200957447
PRIMARY,257,600050.SH,2025-03-19,-30.0,TP_FIRST,-4.102896566069308,-4.102896566069308,0.0,30,0,0,0,0,0,-12.91204099525517
PRIMARY,258,300846.SZ,2025-03-25,-30.0,TP_FIRST,-3.7770156011244347,-20.500222780516268,-16.72320717939183,9,1,1,0,0,0,-31.401379445935305
PRIMARY,259,300059.SZ,2025-04-01,-30.0,TP_FIRST,5.1627907747067665,5.1627907747067665,0.0,21,0,0,0,0,0,-18.189916816625797
PRIMARY,260,002475.SZ,2025-04-02,-30.0,TP_FIRST,3.6625597634810965,3.6625597634810965,0.0,20,0,0,0,0,0,-27.255123038788852
PRIMARY,261,300308.SZ,2025-01-10,-30.0,TP_FIRST,0.7734206644023827,-14.17288773272372,-14.946308397126103,56,1,1,0,0,1,-39.080885586063495
PRIMARY,262,300502.SZ,2025-02-28,-30.0,TP_FIRST,28.725713357688992,-15.450822992587845,-44.176536350276834,27,1,1,0,0,0,-31.75728487388515
PRIMARY,263,300750.SZ,2025-04-01,-30.0,TP_FIRST,7.81936272756536,7.81936272756536,0.0,22,0,0,0,0,0,-16.506355111574443
PRIMARY,264,601318.SH,2025-04-07,-30.0,TP_FIRST,6.926822925723594,6.926822925723594,0.0,19,0,0,0,0,0,-1.0258567917744377
PRIMARY,265,600036.SH,2025-04-07,-30.0,TP_FIRST,5.565919809741665,5.565919809741665,0.0,19,0,0,0,0,0,-1.275773669536573
PRIMARY,266,002594.SZ,2025-04-08,-30.0,TP_FIRST,17.218917139643203,17.218917139643203,0.0,21,0,0,0,0,0,-2.0179308927128603
PRIMARY,267,601658.SH,2025-03-28,-30.0,TP_FIRST,3.737034722718007,3.737034722718007,0.0,28,0,0,0,0,0,-5.998762052795592
PRIMARY,268,600309.SH,2025-04-15,-30.0,TP_FIRST,2.8522101436284233,2.8522101436284233,0.0,18,0,0,0,0,0,-4.325283052386664
PRIMARY,269,601899.SH,2025-04-07,-30.0,TP_FIRST,18.75276321406046,18.75276321406046,0.0,28,0,0,0,0,0,-2.3499050474409477
PRIMARY,270,603259.SH,2025-04-08,-30.0,TP_FIRST,27.365745385479556,27.365745385479556,0.0,29,0,0,0,0,0,-2.7478554733693317
PRIMARY,271,688981.SH,2025-04-01,-30.0,TP_FIRST,-0.3367121465143475,-0.3367121465143475,0.0,53,0,0,0,0,0,-10.022828466095346
PRIMARY,272,688256.SH,2025-05-27,-30.0,TP_FIRST,2.4520211429184493,2.4520211429184493,0.0,20,0,0,0,0,0,-9.161551567123071
PRIMARY,273,000858.SZ,2025-06-13,-30.0,TP_FIRST,2.9441509741563254,2.9441509741563254,0.0,17,0,0,0,0,0,-0.8036010497183277
PRIMARY,274,600519.SH,2025-06-13,-30.0,TP_FIRST,1.571155348492451,1.571155348492451,0.0,18,0,0,0,0,0,-0.18545542382252256
PRIMARY,275,300308.SZ,2025-10-14,-30.0,TP_FIRST,37.312191378736536,37.312191378736536,0.0,7,0,0,0,0,0,-2.4164241555545862
PRIMARY,276,002460.SZ,2025-11-24,-30.0,TP_FIRST,9.614217661278927,9.614217661278927,0.0,19,0,0,0,0,0,-1.7925475782034406
PRIMARY,277,601138.SH,2025-11-24,-30.0,TP_FIRST,19.316165850131622,19.316165850131622,0.0,22,0,0,0,0,0,-2.475096837577462
PRIMARY,278,300502.SZ,2026-01-12,-30.0,TP_FIRST,18.325572753597463,18.325572753597463,0.0,14,0,0,0,0,0,-2.8874334496876597
PRIMARY,279,300750.SZ,2025-11-21,-30.0,TP_FIRST,1.7797735978262685,1.7797735978262685,0.0,52,0,0,0,0,0,-11.001248680259001
PRIMARY,280,300274.SZ,2025-12-16,-30.0,TP_FIRST,-0.04130443998742119,-0.04130443998742119,0.0,52,0,0,0,0,0,-13.261308807790783
PRIMARY,281,300308.SZ,2026-02-06,-30.0,TP_FIRST,3.437565472561077,3.437565472561077,0.0,21,0,0,0,0,0,-9.894027541086349
PRIMARY,282,002475.SZ,2026-01-08,-30.0,TP_FIRST,1.540552873571203,1.540552873571203,0.0,56,0,0,0,0,0,-18.823201056328863
PRIMARY,283,601138.SH,2026-01-29,-30.0,TP_FIRST,3.823418044659373,3.823418044659373,0.0,41,0,0,0,0,0,-17.012814423960076
PRIMARY,284,688256.SH,2026-02-03,-30.0,TP_FIRST,12.397855616133041,12.397855616133041,0.0,38,0,0,0,0,0,-12.087912087912079
PRIMARY,285,601899.SH,2026-03-16,-30.0,TP_FIRST,9.119263883295172,9.119263883295172,0.0,20,0,0,0,0,0,-14.280941525906998
PRIMARY,286,603986.SH,2026-03-31,-30.0,TP_FIRST,19.7457903723054,19.7457903723054,0.0,13,0,0,0,0,0,-2.865134133444669
PRIMARY,287,300059.SZ,2026-03-20,-30.0,TP_FIRST,8.424165896338625,8.424165896338625,0.0,31,0,0,0,0,0,-7.322200643291355
PRIMARY,288,300274.SZ,2026-04-01,-30.0,TP_FIRST,13.077001683310016,13.077001683310016,0.0,23,0,0,0,0,0,-7.472322364359973
PRIMARY,289,300274.SZ,2026-07-01,-30.0,TP_FIRST,-8.358514552822074,-8.358514552822074,0.0,28,0,0,0,0,0,-26.27934444027391
PRIMARY,290,600487.SH,2026-07-06,-30.0,TP_FIRST,-17.707576907721744,-27.266577416068255,-9.55900050834651,8,1,1,0,0,0,-46.153139444336865
PRIMARY,291,688525.SH,2026-07-15,-30.0,TP_FIRST,-19.368418251981645,-25.601067514493458,-6.2326492625118135,8,1,1,0,0,0,-34.73193473193472
PRIMARY,292,688008.SH,2026-07-16,-30.0,TP_FIRST,-3.6609369962131426,-3.6609369962131426,0.0,27,0,0,0,0,0,-12.165294341773524
PRIMARY,293,688256.SH,2026-07-16,-30.0,TP_FIRST,-7.309240157764709,-7.309240157764709,0.0,27,0,0,0,0,0,-25.153710642669623
PRIMARY,294,300308.SZ,2026-07-17,-30.0,TP_FIRST,-11.744158826402947,-11.744158826402947,0.0,26,0,0,0,0,0,-22.96628924619374
PRIMARY,295,600584.SH,2026-07-20,-30.0,TP_FIRST,-3.746170199653699,-3.746170199653699,0.0,25,0,0,0,0,0,-20.75720869405966
PRIMARY,296,300502.SZ,2026-07-28,-30.0,TP_FIRST,-3.1289001702402826,-3.1289001702402826,0.0,19,0,0,0,0,0,-14.854383942881455
PRIMARY,297,002384.SZ,2026-07-29,-30.0,TP_FIRST,6.860142611567042,6.860142611567042,0.0,18,0,0,0,0,0,-9.217430672804971
PRIMARY,298,002475.SZ,2026-08-03,-30.0,TP_FIRST,1.2862198685484683,1.2862198685484683,0.0,15,0,0,0,0,0,-4.021902045888859
PRIMARY,299,600276.SH,2026-08-20,-30.0,TP_FIRST,-2.438053366642191,-2.438053366642191,0.0,2,0,0,0,0,0,-4.81585777507767
PRIMARY,1,000651.SZ,2020-03-19,-35.0,STOP_FIRST,8.76502998612771,8.76502998612771,0.0,15,0,0,0,0,0,-3.253806511060575
PRIMARY,2,600030.SH,2020-03-16,-35.0,STOP_FIRST,1.2152522266729697,1.2152522266729697,0.0,19,0,0,0,0,0,-7.086832162571954
PRIMARY,3,300750.SZ,2020-02-28,-35.0,STOP_FIRST,-1.0193924653390611,-1.0193924653390611,0.0,31,0,0,0,0,0,-24.419958905481774
PRIMARY,4,601318.SH,2020-02-28,-35.0,STOP_FIRST,-1.3453625770562572,-1.3453625770562572,0.0,33,0,0,0,0,0,-15.814522556095568
PRIMARY,5,600036.SH,2020-03-19,-35.0,STOP_FIRST,10.683448687695108,10.683448687695108,0.0,25,0,0,0,0,0,-0.09990265754196148
PRIMARY,6,002475.SZ,2020-03-17,-35.0,STOP_FIRST,14.92275528149982,14.92275528149982,0.0,28,0,0,0,0,0,-11.112505536775796
PRIMARY,7,000858.SZ,2020-03-17,-35.0,STOP_FIRST,26.82736619482785,26.82736619482785,0.0,28,0,0,0,0,0,-12.958069092199342
PRIMARY,8,000063.SZ,2020-03-17,-35.0,STOP_FIRST,3.2396956676295363,3.2396956676295363,0.0,32,0,0,0,0,0,-10.59060271470772
PRIMARY,9,000725.SZ,2020-03-16,-35.0,STOP_FIRST,4.611959703094805,4.611959703094805,0.0,35,0,0,0,0,0,-20.127607365604128
PRIMARY,10,002506.SZ,2020-03-26,-35.0,STOP_FIRST,-6.524016348081019,-6.524016348081019,0.0,35,0,0,0,0,0,-31.211643047504246
PRIMARY,11,600519.SH,2020-03-18,-35.0,STOP_FIRST,39.54846152311298,39.54846152311298,0.0,48,0,0,0,0,0,-3.505987509815356
PRIMARY,12,000002.SZ,2020-03-18,-35.0,STOP_FIRST,4.681297620587952,4.681297620587952,0.0,49,0,0,0,0,0,-6.372695888701285
PRIMARY,13,002714.SZ,2020-05-11,-35.0,STOP_FIRST,-37.346517858183255,-39.08929023133747,-1.7427723731542173,17,1,1,0,0,1,-43.62347582705105
PRIMARY,14,000063.SZ,2020-05-25,-35.0,STOP_FIRST,8.355437860095789,8.355437860095789,0.0,17,0,0,0,0,0,-5.214052830367422
PRIMARY,15,002415.SZ,2020-05-25,-35.0,STOP_FIRST,7.15509150196319,7.15509150196319,0.0,17,0,0,0,0,0,-2.5965128554330974
PRIMARY,16,600703.SH,2020-06-15,-35.0,STOP_FIRST,15.534542524394753,15.534542524394753,0.0,12,0,0,0,0,0,-1.7232235549681896
PRIMARY,17,600030.SH,2020-09-07,-35.0,STOP_FIRST,3.3416942678344705,3.3416942678344705,0.0,18,0,0,0,0,0,-2.3347247522243597
PRIMARY,18,300059.SZ,2020-09-09,-35.0,STOP_FIRST,4.052671012057143,4.052671012057143,0.0,16,0,0,0,0,0,-5.835594827212354
PRIMARY,19,600276.SH,2020-09-17,-35.0,STOP_FIRST,7.964121567403469,7.964121567403469,0.0,10,0,0,0,0,0,-0.30802389658590723
PRIMARY,20,000063.SZ,2020-09-10,-35.0,STOP_FIRST,8.16654508112372,8.16654508112372,0.0,16,0,0,0,0,0,-2.1893558485753473
PRIMARY,21,000651.SZ,2020-09-28,-35.0,STOP_FIRST,7.18749636223901,7.18749636223901,0.0,5,0,0,0,0,0,-0.7920940870049797
PRIMARY,22,600036.SH,2020-09-30,-35.0,STOP_FIRST,8.189846606772502,8.189846606772502,0.0,5,0,0,0,0,0,-0.8409143929827279
PRIMARY,23,002456.SZ,2020-09-01,-35.0,STOP_FIRST,0.3287151054327302,0.3287151054327302,0.0,34,0,0,0,0,0,-16.877466166367018
PRIMARY,24,300136.SZ,2020-10-12,-35.0,STOP_FIRST,3.7523403888601528,3.7523403888601528,0.0,19,0,0,0,0,0,-11.264076050883421
PRIMARY,25,600030.SH,2020-10-26,-35.0,STOP_FIRST,5.218510332201447,5.218510332201447,0.0,19,0,0,0,0,0,-4.85376403171518
PRIMARY,26,000661.SZ,2020-09-16,-35.0,STOP_FIRST,10.365131138225253,10.365131138225253,0.0,47,0,0,0,0,0,-10.396266523703268
PRIMARY,27,600745.SH,2020-09-08,-35.0,STOP_FIRST,1.4169185149017833,1.4169185149017833,0.0,57,0,0,0,0,0,-24.96934183424869
PRIMARY,28,601012.SH,2020-11-13,-35.0,STOP_FIRST,11.570904483395198,11.570904483395198,0.0,17,0,0,0,0,0,-7.125413198287678
PRIMARY,29,300122.SZ,2020-11-11,-35.0,STOP_FIRST,21.594186068179752,21.594186068179752,0.0,27,0,0,0,0,0,-14.25593292277403
PRIMARY,30,002475.SZ,2020-11-16,-35.0,STOP_FIRST,4.922943424348968,4.922943424348968,0.0,26,0,0,0,0,0,-6.247600021016375
PRIMARY,31,002241.SZ,2020-11-16,-35.0,STOP_FIRST,2.7641560070263713,2.7641560070263713,0.0,28,0,0,0,0,0,-8.190219287755895
PRIMARY,32,000651.SZ,2020-12-09,-35.0,STOP_FIRST,4.778058019478602,4.778058019478602,0.0,17,0,0,0,0,0,-6.9491076663235285
PRIMARY,33,688981.SH,2020-12-16,-35.0,STOP_FIRST,16.521188858697652,16.521188858697652,0.0,16,0,0,0,0,0,-4.393704306917501
PRIMARY,34,601318.SH,2021-01-28,-35.0,STOP_FIRST,9.42474089385644,9.42474089385644,0.0,14,0,0,0,0,0,-7.015107202120719
PRIMARY,35,300059.SZ,2021-02-22,-35.0,STOP_FIRST,-9.75617275607125,-9.75617275607125,0.0,28,0,0,0,0,0,-21.294436987155805
PRIMARY,36,000333.SZ,2021-02-22,-35.0,STOP_FIRST,1.124921971714471,1.124921971714471,0.0,28,0,0,0,0,0,-11.037863818654303
PRIMARY,37,000858.SZ,2021-03-08,-35.0,STOP_FIRST,16.23467230378328,16.23467230378328,0.0,18,0,0,0,0,0,-5.053624061888506
PRIMARY,38,600030.SH,2021-03-01,-35.0,STOP_FIRST,-1.7719464410848904,-1.7719464410848904,0.0,24,0,0,0,0,0,-9.731175855642116
PRIMARY,39,601012.SH,2021-03-04,-35.0,STOP_FIRST,2.8151228530517156,2.8151228530517156,0.0,21,0,0,0,0,0,-20.33269501471261
PRIMARY,40,002241.SZ,2021-01-29,-35.0,STOP_FIRST,-2.3809753380773024,-2.3809753380773024,0.0,45,0,0,0,0,0,-24.32266643437805
PRIMARY,41,300750.SZ,2021-01-29,-35.0,STOP_FIRST,2.6778263400166544,2.6778263400166544,0.0,46,0,0,0,0,0,-20.744980856829066
PRIMARY,42,002475.SZ,2021-01-28,-35.0,STOP_FIRST,-17.795635461958412,-23.89743970150311,-6.101804239544698,31,1,1,0,0,0,-38.05999710973133
PRIMARY,43,600438.SH,2021-03-05,-35.0,STOP_FIRST,-2.082117681436346,-2.082117681436346,0.0,30,0,0,0,0,0,-21.900640918932147
PRIMARY,44,300014.SZ,2021-03-23,-35.0,STOP_FIRST,20.343646524893185,20.343646524893185,0.0,18,0,0,0,0,0,-1.1328405715407053
PRIMARY,45,601899.SH,2021-03-24,-35.0,STOP_FIRST,13.67315267261283,13.67315267261283,0.0,17,0,0,0,0,0,-0.5227592786883895
PRIMARY,46,601166.SH,2021-04-15,-35.0,STOP_FIRST,10.16039399503804,10.16039399503804,0.0,15,0,0,0,0,0,-2.3887839446735004
PRIMARY,47,600276.SH,2021-04-15,-35.0,STOP_FIRST,2.9762113310555116,2.9762113310555116,0.0,18,0,0,0,0,0,-5.364820806114978
PRIMARY,48,002352.SZ,2021-04-12,-35.0,STOP_FIRST,1.806031845385725,1.806031845385725,0.0,22,0,0,0,0,0,-8.258407334556994
PRIMARY,49,600519.SH,2021-05-06,-35.0,STOP_FIRST,12.309433820124724,12.309433820124724,0.0,12,0,0,0,0,0,-5.132526010090399
PRIMARY,50,600031.SH,2021-03-09,-35.0,STOP_FIRST,2.027751640672817,2.027751640672817,0.0,55,0,0,0,0,0,-27.978387085265844
PRIMARY,51,600009.SH,2021-02-03,-35.0,STOP_FIRST,-1.1354409255495685,-1.1354409255495685,0.0,76,0,0,0,0,0,-22.985275095121573
PRIMARY,52,002594.SZ,2021-02-24,-35.0,STOP_FIRST,16.160298578230066,16.160298578230066,0.0,69,0,0,0,0,0,-34.73181070183321
PRIMARY,53,002340.SZ,2021-06-07,-35.0,STOP_FIRST,5.290865136021748,5.290865136021748,0.0,19,0,0,0,0,0,-11.268220523967209
PRIMARY,54,000661.SZ,2021-05-24,-35.0,STOP_FIRST,3.543179209088439,3.543179209088439,0.0,38,0,0,0,0,0,-16.869230019043936
PRIMARY,55,002594.SZ,2021-07-16,-35.0,STOP_FIRST,25.77910857036041,25.77910857036041,0.0,10,0,0,0,0,0,-2.6882194842621776
PRIMARY,56,600031.SH,2021-06-11,-35.0,STOP_FIRST,4.433342850860986,4.433342850860986,0.0,35,0,0,0,0,0,-15.123799665013548
PRIMARY,57,002241.SZ,2021-07-22,-35.0,STOP_FIRST,10.273218124699701,10.273218124699701,0.0,9,0,0,0,0,0,-7.886693775763421
PRIMARY,58,600036.SH,2021-07-08,-35.0,STOP_FIRST,8.736132867824947,8.736132867824947,0.0,28,0,0,0,0,0,-10.298243793004092
PRIMARY,59,300782.SZ,2021-07-13,-35.0,STOP_FIRST,4.700284102162052,4.700284102162052,0.0,29,0,0,0,0,0,-10.944165622271129
PRIMARY,60,601919.SH,2021-07-23,-35.0,STOP_FIRST,21.9399821535198,21.9399821535198,0.0,25,0,0,0,0,0,-13.003666576368966
PRIMARY,61,002460.SZ,2021-08-16,-35.0,STOP_FIRST,24.025427124052413,24.025427124052413,0.0,9,0,0,0,0,0,-2.17885582383488
PRIMARY,62,300750.SZ,2021-07-27,-35.0,STOP_FIRST,8.626053858905106,8.626053858905106,0.0,34,0,0,0,0,0,-5.360767280539502
PRIMARY,63,300760.SZ,2021-08-20,-35.0,STOP_FIRST,25.243095200327115,25.243095200327115,0.0,19,0,0,0,0,0,-1.3648131532456809
PRIMARY,64,600519.SH,2021-07-26,-35.0,STOP_FIRST,2.091334708861519,2.091334708861519,0.0,41,0,0,0,0,0,-15.47553943560599
PRIMARY,65,002714.SZ,2021-05-24,-35.0,STOP_FIRST,-18.715268930191936,-8.080019442457344,10.635249487734592,42,1,1,0,0,1,-56.67478900029019
PRIMARY,66,000858.SZ,2021-07-08,-35.0,STOP_FIRST,-7.6342909419297795,-7.6342909419297795,0.0,54,0,0,0,0,0,-28.655500122152368
PRIMARY,67,002594.SZ,2021-09-29,-35.0,STOP_FIRST,17.089129638620165,17.089129638620165,0.0,6,0,0,0,0,0,-0.5192972651856032
PRIMARY,68,601318.SH,2021-03-18,-35.0,STOP_FIRST,-28.116081051784203,-29.382162976044956,-1.266081924260753,87,1,1,0,0,0,-41.80696245003698
PRIMARY,69,000651.SZ,2021-05-25,-35.0,STOP_FIRST,-19.03127753582529,-19.03127753582529,0.0,99,0,0,0,0,0,-33.090168102543274
PRIMARY,70,000333.SZ,2021-07-05,-35.0,STOP_FIRST,11.175030722164129,11.175030722164129,0.0,71,0,0,0,0,0,-9.770984837876318
PRIMARY,71,600111.SH,2021-09-29,-35.0,STOP_FIRST,22.277893313169177,22.277893313169177,0.0,12,0,0,0,0,0,-3.6351512387024387
PRIMARY,72,600089.SH,2021-10-08,-35.0,STOP_FIRST,21.757208672823793,21.757208672823793,0.0,12,0,0,0,0,0,-5.355399017850127
PRIMARY,73,002466.SZ,2021-09-22,-35.0,STOP_FIRST,5.276533723848393,5.276533723848393,0.0,28,0,0,0,0,0,-18.18048772561611
PRIMARY,74,000858.SZ,2021-11-01,-35.0,STOP_FIRST,7.772649549904674,7.772649549904674,0.0,16,0,0,0,0,0,-2.695601939103509
PRIMARY,75,603259.SH,2021-11-04,-35.0,STOP_FIRST,10.333997515607747,10.333997515607747,0.0,15,0,0,0,0,0,-4.388640111365582
PRIMARY,76,601919.SH,2021-09-28,-35.0,STOP_FIRST,3.0377221934720415,3.0377221934720415,0.0,39,0,0,0,0,0,-19.410201081693145
PRIMARY,77,600030.SH,2021-11-16,-35.0,STOP_FIRST,7.942169042945349,7.942169042945349,0.0,13,0,0,0,0,0,-1.3115665629502171
PRIMARY,78,000651.SZ,2021-10-27,-35.0,STOP_FIRST,3.7666645298140864,3.7666645298140864,0.0,30,0,0,0,0,0,-6.591904190897946
PRIMARY,79,600036.SH,2021-11-26,-35.0,STOP_FIRST,7.780249533285357,7.780249533285357,0.0,8,0,0,0,0,0,-2.0264594890360255
PRIMARY,80,600036.SH,2021-12-29,-35.0,STOP_FIRST,5.516341863497587,5.516341863497587,0.0,14,0,0,0,0,0,-0.892595978810895
PRIMARY,81,002129.SZ,2021-12-01,-35.0,STOP_FIRST,7.212021342950852,7.212021342950852,0.0,38,0,0,0,0,0,-10.209695479014202
PRIMARY,82,600030.SH,2022-01-14,-35.0,STOP_FIRST,1.0102995428563417,1.0102995428563417,0.0,9,0,0,0,0,0,-4.115180796829354
PRIMARY,83,601888.SH,2021-11-02,-35.0,STOP_FIRST,7.8045788936873635,7.8045788936873635,0.0,65,0,0,0,0,0,-17.76278012400819
PRIMARY,84,600111.SH,2021-12-24,-35.0,STOP_FIRST,10.927469701064592,10.927469701064592,0.0,31,0,0,0,0,0,-16.158101136300374
PRIMARY,85,000792.SZ,2022-01-20,-35.0,STOP_FIRST,18.801769360068377,18.801769360068377,0.0,13,0,0,0,0,0,-2.101609531796167
PRIMARY,86,002460.SZ,2021-12-20,-35.0,STOP_FIRST,7.327370162653349,7.327370162653349,0.0,36,0,0,0,0,0,-13.694999767838578
PRIMARY,87,002466.SZ,2021-12-20,-35.0,STOP_FIRST,1.837573601773871,1.837573601773871,0.0,36,0,0,0,0,0,-19.98566660073482
PRIMARY,88,000661.SZ,2022-01-24,-35.0,STOP_FIRST,11.89884859958246,11.89884859958246,0.0,17,0,0,0,0,0,-4.775620293737893
PRIMARY,89,601012.SH,2021-12-01,-35.0,STOP_FIRST,6.472325573333965,6.472325573333965,0.0,57,0,0,0,0,0,-23.797689806559163
PRIMARY,90,603259.SH,2021-12-20,-35.0,STOP_FIRST,12.254494786218984,12.254494786218984,0.0,56,0,0,0,0,0,-28.86139126771904
PRIMARY,91,000002.SZ,2022-03-04,-35.0,STOP_FIRST,14.88504791739044,14.88504791739044,0.0,18,0,0,0,0,0,-22.246037106497695
PRIMARY,92,300059.SZ,2022-01-05,-35.0,STOP_FIRST,-5.7513210082683415,-5.7513210082683415,0.0,63,0,0,0,0,0,-34.89656169461941
PRIMARY,93,600519.SH,2022-01-07,-35.0,STOP_FIRST,0.9984159395398549,0.9984159395398549,0.0,61,0,0,0,0,0,-17.458488731459298
PRIMARY,94,601888.SH,2022-03-14,-35.0,STOP_FIRST,7.812849493656972,7.812849493656972,0.0,20,0,0,0,0,0,-8.439813952671848
PRIMARY,95,002594.SZ,2021-12-16,-35.0,STOP_FIRST,-1.5968178542206901,-1.5968178542206901,0.0,88,0,0,0,0,0,-26.330714118353036
PRIMARY,96,000625.SZ,2021-11-16,-35.0,STOP_FIRST,-22.229994518631575,-22.98202400232969,-0.7520294836981165,74,1,1,0,0,1,-53.29984290867762
PRIMARY,97,002475.SZ,2022-02-08,-35.0,STOP_FIRST,-17.15409169654668,-25.626336053804337,-8.472244357257658,41,1,1,0,0,0,-40.77681436537638
PRIMARY,98,002466.SZ,2022-04-25,-35.0,STOP_FIRST,41.854779546894,41.854779546894,0.0,8,0,0,0,0,0,-3.4110472521140522
PRIMARY,99,300274.SZ,2021-12-21,-35.0,STOP_FIRST,-25.58857835409347,-21.012561642123835,4.576016711969636,73,1,1,0,0,0,-58.717689038471335
PRIMARY,100,002460.SZ,2022-03-08,-35.0,STOP_FIRST,17.706849570514894,17.706849570514894,0.0,48,0,0,0,0,0,-28.642784574491998
PRIMARY,101,000858.SZ,2022-01-28,-35.0,STOP_FIRST,-8.807756178930596,-8.807756178930596,0.0,75,0,0,0,0,0,-25.5194802146096
PRIMARY,102,300014.SZ,2022-03-03,-35.0,STOP_FIRST,26.31764601662993,26.31764601662993,0.0,58,0,0,0,0,0,-32.624915571840454
PRIMARY,103,300750.SZ,2021-12-20,-35.0,STOP_FIRST,-14.232912370394569,-23.729810163714532,-9.496897793319963,81,1,1,0,0,0,-41.8073675499418
PRIMARY,104,601012.SH,2022-03-29,-35.0,STOP_FIRST,-12.752364240157288,-12.752364240157288,0.0,42,0,0,0,0,0,-24.82075936524716
PRIMARY,105,002415.SZ,2022-05-06,-35.0,STOP_FIRST,3.5450375895839463,3.5450375895839463,0.0,19,0,0,0,0,0,-8.562023743217374
PRIMARY,106,600276.SH,2022-01-13,-35.0,STOP_FIRST,-29.55698724716474,-31.1776796006124,-1.6206923534476587,64,1,1,0,0,1,-42.610580908453244
PRIMARY,107,601318.SH,2022-03-15,-35.0,STOP_FIRST,-0.3864474449981416,-0.3864474449981416,0.0,55,0,0,0,0,0,-2.315282705156485
PRIMARY,108,600036.SH,2022-03-07,-35.0,STOP_FIRST,-6.245523329299984,-6.245523329299984,0.0,65,0,0,0,0,0,-24.345417637488787
PRIMARY,109,300122.SZ,2022-04-14,-35.0,STOP_FIRST,-6.645958234266682,-6.645958234266682,0.0,40,0,0,0,0,0,-28.79470109263167
PRIMARY,110,002241.SZ,2022-06-23,-35.0,STOP_FIRST,2.8400230023871615,2.8400230023871615,0.0,30,0,0,0,0,0,-5.007927632982501
PRIMARY,111,002466.SZ,2022-08-19,-35.0,STOP_FIRST,13.385590477234006,13.385590477234006,0.0,2,0,0,0,0,0,-2.8634236347626074
PRIMARY,112,600036.SH,2022-07-13,-35.0,STOP_FIRST,-1.5651520516643562,-1.5651520516643562,0.0,34,0,0,0,0,0,-12.409355098525655
PRIMARY,113,601888.SH,2022-08-08,-35.0,STOP_FIRST,7.1858432781792185,7.1858432781792185,0.0,33,0,0,0,0,0,-8.133019118063235
PRIMARY,114,000858.SZ,2022-07-29,-35.0,STOP_FIRST,-2.4673011477159523,-2.4673011477159523,0.0,40,0,0,0,0,0,-12.093504633059515
PRIMARY,115,300274.SZ,2022-08-31,-35.0,STOP_FIRST,13.216110132265186,13.216110132265186,0.0,23,0,0,0,0,0,-6.803285897864219
PRIMARY,116,300760.SZ,2022-09-21,-35.0,STOP_FIRST,26.10435256088347,26.10435256088347,0.0,11,0,0,0,0,0,-2.945982270341807
PRIMARY,117,603259.SH,2022-07-27,-35.0,STOP_FIRST,-6.553924195303395,-6.553924195303395,0.0,51,0,0,0,0,0,-30.331191278374803
PRIMARY,118,601012.SH,2022-08-03,-35.0,STOP_FIRST,-1.5712301907594528,-1.5712301907594528,0.0,54,0,0,0,0,0,-20.79675190961924
PRIMARY,119,688599.SH,2022-08-19,-35.0,STOP_FIRST,4.900961296612725,4.900961296612725,0.0,42,0,0,0,0,0,-11.786057206268874
PRIMARY,120,002459.SZ,2022-08-19,-35.0,STOP_FIRST,5.627000867343111,5.627000867343111,0.0,42,0,0,0,0,0,-10.712385831051897
PRIMARY,121,601899.SH,2022-09-26,-35.0,STOP_FIRST,6.916188828671841,6.916188828671841,0.0,18,0,0,0,0,0,-3.33920245581949
PRIMARY,122,002460.SZ,2022-08-25,-35.0,STOP_FIRST,2.226213115920718,2.226213115920718,0.0,41,0,0,0,0,0,-16.759572939966095
PRIMARY,123,002271.SZ,2022-08-23,-35.0,STOP_FIRST,-5.965240206705305,-5.965240206705305,0.0,44,0,0,0,0,0,-29.215251654169816
PRIMARY,124,600703.SH,2022-09-20,-35.0,STOP_FIRST,1.4365619204532005,1.4365619204532005,0.0,26,0,0,0,0,0,-17.135927537327543
PRIMARY,125,002594.SZ,2022-07-12,-35.0,STOP_FIRST,-2.227087712436274,-2.227087712436274,0.0,76,0,0,0,0,0,-23.762322609884045
PRIMARY,126,002466.SZ,2022-09-01,-35.0,STOP_FIRST,0.41755742217796255,0.41755742217796255,0.0,39,0,0,0,0,0,-17.18698543788346
PRIMARY,127,002050.SZ,2022-10-11,-35.0,STOP_FIRST,8.648758708124946,8.648758708124946,0.0,17,0,0,0,0,0,-7.919779995223497
PRIMARY,128,603799.SH,2022-09-29,-35.0,STOP_FIRST,1.9036214562895246,1.9036214562895246,0.0,21,0,0,0,0,0,-18.54792363873298
PRIMARY,129,600030.SH,2022-09-16,-35.0,STOP_FIRST,3.2914258355483077,3.2914258355483077,0.0,34,0,0,0,0,0,-7.2317278605463
PRIMARY,130,600036.SH,2022-10-10,-35.0,STOP_FIRST,4.74708231806275,4.74708231806275,0.0,23,0,0,0,0,0,-17.352231797581
PRIMARY,131,601166.SH,2022-08-29,-35.0,STOP_FIRST,2.990941980494697,2.990941980494697,0.0,48,0,0,0,0,0,-11.758858159541209
PRIMARY,132,601318.SH,2022-10-24,-35.0,STOP_FIRST,11.54058817209945,11.54058817209945,0.0,14,0,0,0,0,0,-4.56589305883337
PRIMARY,133,000651.SZ,2022-10-31,-35.0,STOP_FIRST,11.08646263720554,11.08646263720554,0.0,9,0,0,0,0,0,-0.62111668689665
PRIMARY,134,300059.SZ,2022-08-02,-35.0,STOP_FIRST,1.3148602142200303,1.3148602142200303,0.0,68,0,0,0,0,0,-28.41433393805436
PRIMARY,135,000625.SZ,2022-08-24,-35.0,STOP_FIRST,2.31475867645841,2.31475867645841,0.0,63,0,0,0,0,0,-27.190338345372766
PRIMARY,136,000858.SZ,2022-10-24,-35.0,STOP_FIRST,13.014502136358589,13.014502136358589,0.0,26,0,0,0,0,0,-6.076160549181053
PRIMARY,137,600519.SH,2022-09-05,-35.0,STOP_FIRST,-5.861614932184937,-5.861614932184937,0.0,56,0,0,0,0,0,-27.44375317821398
PRIMARY,138,000568.SZ,2022-10-10,-35.0,STOP_FIRST,5.894426001503926,5.894426001503926,0.0,37,0,0,0,0,0,-26.23829865914583
PRIMARY,139,600887.SH,2022-10-20,-35.0,STOP_FIRST,6.706648715667189,6.706648715667189,0.0,29,0,0,0,0,0,-18.517421916247343
PRIMARY,140,002714.SZ,2022-10-26,-35.0,STOP_FIRST,5.23244617556544,5.23244617556544,0.0,28,0,0,0,0,0,-8.911088606217998
PRIMARY,141,300750.SZ,2022-09-01,-35.0,STOP_FIRST,-1.3981718838619202,-1.3981718838619202,0.0,62,0,0,0,0,0,-24.986572858520837
PRIMARY,142,002371.SZ,2022-10-12,-35.0,STOP_FIRST,10.597667780822029,10.597667780822029,0.0,44,0,0,0,0,0,-5.446303292394417
PRIMARY,143,603259.SH,2022-11-28,-35.0,STOP_FIRST,6.738265986701266,6.738265986701266,0.0,22,0,0,0,0,0,-2.1226976811561937
PRIMARY,144,600522.SH,2022-11-01,-35.0,STOP_FIRST,-5.676303523410963,-5.676303523410963,0.0,43,0,0,0,0,0,-30.66339374603776
PRIMARY,145,300274.SZ,2022-12-06,-35.0,STOP_FIRST,12.35423017458993,12.35423017458993,0.0,18,0,0,0,0,0,-12.997661644686353
PRIMARY,146,002241.SZ,2022-11-11,-35.0,STOP_FIRST,8.552942953591648,8.552942953591648,0.0,37,0,0,0,0,0,-2.0552360649699564
PRIMARY,147,002812.SZ,2022-11-23,-35.0,STOP_FIRST,12.272962184274384,12.272962184274384,0.0,30,0,0,0,0,0,-7.454367889448843
PRIMARY,148,601012.SH,2022-12-22,-35.0,STOP_FIRST,11.348570853081775,11.348570853081775,0.0,17,0,0,0,0,0,-1.83945407826005
PRIMARY,149,000625.SZ,2022-12-28,-35.0,STOP_FIRST,15.403895272762636,15.403895272762636,0.0,16,0,0,0,0,0,-2.461030882431914
PRIMARY,150,002709.SZ,2022-12-30,-35.0,STOP_FIRST,15.538268097973235,15.538268097973235,0.0,14,0,0,0,0,0,-2.7348780509869663
PRIMARY,151,300014.SZ,2023-01-11,-35.0,STOP_FIRST,6.981985480381129,6.981985480381129,0.0,9,0,0,0,0,0,-4.915491114570337
PRIMARY,152,300750.SZ,2023-02-17,-35.0,STOP_FIRST,3.6254689430868456,3.6254689430868456,0.0,29,0,0,0,0,0,-11.62683470375777
PRIMARY,153,600519.SH,2023-03-08,-35.0,STOP_FIRST,3.358107895598216,3.358107895598216,0.0,16,0,0,0,0,0,-2.5877984739737014
PRIMARY,154,300059.SZ,2023-03-07,-35.0,STOP_FIRST,6.704927557794763,6.704927557794763,0.0,18,0,0,0,0,0,-6.726693190328403
PRIMARY,155,300274.SZ,2023-03-14,-35.0,STOP_FIRST,3.872684453553771,3.872684453553771,0.0,23,0,0,0,0,0,-11.398858058207795
PRIMARY,156,002594.SZ,2023-03-10,-35.0,STOP_FIRST,7.839512102970262,7.839512102970262,0.0,33,0,0,0,0,0,-3.6913778017047982
PRIMARY,157,000858.SZ,2023-04-10,-35.0,STOP_FIRST,-2.6488868636941545,-2.6488868636941545,0.0,26,0,0,0,0,0,-10.048100566887374
PRIMARY,158,000651.SZ,2023-05-04,-35.0,STOP_FIRST,6.144996620188443,6.144996620188443,0.0,25,0,0,0,0,0,-8.255590958382841
PRIMARY,159,601899.SH,2023-05-12,-35.0,STOP_FIRST,6.727401168026937,6.727401168026937,0.0,19,0,0,0,0,0,-5.558920911138776
PRIMARY,160,600519.SH,2023-04-12,-35.0,STOP_FIRST,6.514893856808776,6.514893856808776,0.0,43,0,0,0,0,0,-4.355999030555235
PRIMARY,161,601012.SH,2023-03-16,-35.0,STOP_FIRST,-17.84953964554572,-17.84953964554572,0.0,68,0,0,0,0,0,-33.276416390528766
PRIMARY,162,600036.SH,2023-04-27,-35.0,STOP_FIRST,-0.6278320762058595,-0.6278320762058595,0.0,57,0,0,0,0,0,-3.793063901958049
PRIMARY,163,600809.SH,2023-05-22,-35.0,STOP_FIRST,9.67465728119054,9.67465728119054,0.0,43,0,0,0,0,0,-16.847859403834985
PRIMARY,164,300059.SZ,2023-05-29,-35.0,STOP_FIRST,3.238668828858134,3.238668828858134,0.0,38,0,0,0,0,0,-4.622126321593722
PRIMARY,165,002415.SZ,2023-06-09,-35.0,STOP_FIRST,9.253968396028046,9.253968396028046,0.0,31,0,0,0,0,0,-3.0509320142771967
PRIMARY,166,300750.SZ,2023-06-07,-35.0,STOP_FIRST,8.015096907867838,8.015096907867838,0.0,35,0,0,0,0,0,-2.799902799902787
PRIMARY,167,688981.SH,2023-05-09,-35.0,STOP_FIRST,-1.9912914951639942,-1.9912914951639942,0.0,57,0,0,0,0,0,-7.822752791213516
PRIMARY,168,600570.SH,2023-07-11,-35.0,STOP_FIRST,12.935015317595871,12.935015317595871,0.0,17,0,0,0,0,0,-3.6163828033945022
PRIMARY,169,300418.SZ,2023-06-26,-35.0,STOP_FIRST,-7.109717403112448,-7.109717403112448,0.0,34,0,0,0,0,0,-22.324869570606698
PRIMARY,170,600276.SH,2023-07-31,-35.0,STOP_FIRST,2.244966610480217,2.244966610480217,0.0,19,0,0,0,0,0,-16.355370032537774
PRIMARY,171,002230.SZ,2023-08-16,-35.0,STOP_FIRST,-4.04018826584394,-4.04018826584394,0.0,32,0,0,0,0,0,-19.948062722882465
PRIMARY,172,002475.SZ,2023-09-07,-35.0,STOP_FIRST,6.728014277472455,6.728014277472455,0.0,17,0,0,0,0,0,-4.4345508276317
PRIMARY,173,300760.SZ,2023-08-07,-35.0,STOP_FIRST,6.5338873044717865,6.5338873044717865,0.0,53,0,0,0,0,0,-4.449940020156773
PRIMARY,174,000858.SZ,2023-08-18,-35.0,STOP_FIRST,9.240903528696505,9.240903528696505,0.0,46,0,0,0,0,0,-12.715230910264852
PRIMARY,175,300014.SZ,2023-02-20,-35.0,STOP_FIRST,-28.568832058383776,-27.94612017386883,0.6227118845149455,136,1,1,0,0,0,-44.47756749417103
PRIMARY,176,300059.SZ,2023-10-23,-35.0,STOP_FIRST,6.795375111896212,6.795375111896212,0.0,9,0,0,0,0,0,-0.4417866895821354
PRIMARY,177,603019.SH,2023-08-09,-35.0,STOP_FIRST,2.102020516340531,2.102020516340531,0.0,57,0,0,0,0,0,-18.940916927699114
PRIMARY,178,300274.SZ,2023-08-21,-35.0,STOP_FIRST,2.059040269174881,2.059040269174881,0.0,51,0,0,0,0,0,-23.84860922169848
PRIMARY,179,300308.SZ,2023-07-20,-35.0,STOP_FIRST,-5.693477162892338,-5.693477162892338,0.0,75,0,0,0,0,0,-34.647305581306
PRIMARY,180,000977.SZ,2023-08-18,-35.0,STOP_FIRST,7.706372017077919,7.706372017077919,0.0,54,0,0,0,0,0,-32.22636562323018
PRIMARY,181,601012.SH,2023-08-21,-35.0,STOP_FIRST,-11.755699669774852,-11.755699669774852,0.0,86,0,0,0,0,0,-26.371969728680746
PRIMARY,182,600519.SH,2023-10-13,-35.0,STOP_FIRST,1.893988027016628,1.893988027016628,0.0,54,0,0,0,0,0,-7.786761434433009
PRIMARY,183,600009.SH,2023-08-21,-35.0,STOP_FIRST,-11.699228208217027,-11.699228208217027,0.0,98,0,0,0,0,0,-24.842656679790675
PRIMARY,184,601318.SH,2023-11-09,-35.0,STOP_FIRST,-2.3138721028580727,-2.3138721028580727,0.0,53,0,0,0,0,0,-12.395299497973422
PRIMARY,185,000651.SZ,2023-12-20,-35.0,STOP_FIRST,12.104633410839133,12.104633410839133,0.0,26,0,0,0,0,0,-0.22839068988121936
PRIMARY,186,601138.SH,2023-10-24,-35.0,STOP_FIRST,11.050900506142318,11.050900506142318,0.0,73,0,0,0,0,0,-8.702006282856667
PRIMARY,187,000858.SZ,2023-12-13,-35.0,STOP_FIRST,2.808164916171326,2.808164916171326,0.0,37,0,0,0,0,0,-9.305511112151732
PRIMARY,188,600519.SH,2024-01-17,-35.0,STOP_FIRST,5.907729356690894,5.907729356690894,0.0,13,0,0,0,0,0,-1.2708988071569394
PRIMARY,189,300750.SZ,2023-09-08,-35.0,STOP_FIRST,-18.00484444688593,-27.048966442901563,-9.044121996015633,94,1,1,0,0,0,-37.07504075265946
PRIMARY,190,002230.SZ,2024-01-03,-35.0,STOP_FIRST,3.585730933845497,3.585730933845497,0.0,25,0,0,0,0,0,-13.110142123274604
PRIMARY,191,300418.SZ,2024-01-31,-35.0,STOP_FIRST,39.428041617887864,39.428041617887864,0.0,6,0,0,0,0,0,-9.269811195543308
PRIMARY,192,000568.SZ,2023-12-11,-35.0,STOP_FIRST,1.1120117479146117,1.1120117479146117,0.0,44,0,0,0,0,0,-22.710877834749677
PRIMARY,193,300059.SZ,2023-12-27,-35.0,STOP_FIRST,5.900250298765934,5.900250298765934,0.0,32,0,0,0,0,0,-11.47429406768471
PRIMARY,194,000063.SZ,2023-07-20,-35.0,STOP_FIRST,-20.144973123840867,-17.982130234514525,2.162842889326342,63,1,1,0,0,1,-49.074840753076984
PRIMARY,195,000628.SZ,2023-12-14,-35.0,STOP_FIRST,44.67924500816973,-14.219200286726249,-58.89844529489598,37,1,1,0,0,1,-39.992579634592374
PRIMARY,196,000625.SZ,2024-01-04,-35.0,STOP_FIRST,12.686864654118965,12.686864654118965,0.0,30,0,0,0,0,0,-24.25874529738413
PRIMARY,197,301236.SZ,2024-01-22,-35.0,STOP_FIRST,15.202767971466354,15.202767971466354,0.0,18,0,0,0,0,0,-20.518249818689295
PRIMARY,198,002555.SZ,2023-12-25,-35.0,STOP_FIRST,17.471539089853273,17.471539089853273,0.0,39,0,0,0,0,0,-18.06601865960579
PRIMARY,199,000661.SZ,2024-01-12,-35.0,STOP_FIRST,5.324721980411358,5.324721980411358,0.0,26,0,0,0,0,0,-15.088906432452676
PRIMARY,200,300033.SZ,2024-01-16,-35.0,STOP_FIRST,11.478914185701258,11.478914185701258,0.0,24,0,0,0,0,0,-19.68785420497784
PRIMARY,201,002456.SZ,2023-12-14,-35.0,STOP_FIRST,9.13490121758614,9.13490121758614,0.0,48,0,0,0,0,0,-32.75517367129328
PRIMARY,202,603259.SH,2024-01-30,-35.0,STOP_FIRST,16.5357317467109,16.5357317467109,0.0,17,0,0,0,0,0,-19.366346576745652
PRIMARY,203,002594.SZ,2023-08-14,-35.0,STOP_FIRST,-16.277210987224258,-16.277210987224258,0.0,137,0,0,0,0,0,-33.85103047938111
PRIMARY,204,601012.SH,2024-01-29,-35.0,STOP_FIRST,15.268422377533785,15.268422377533785,0.0,24,0,0,0,0,0,-13.258914832233726
PRIMARY,205,002475.SZ,2024-01-17,-35.0,STOP_FIRST,7.219372761109448,7.219372761109448,0.0,37,0,0,0,0,0,-11.861191429965057
PRIMARY,206,601318.SH,2024-03-22,-35.0,STOP_FIRST,8.104543046068015,8.104543046068015,0.0,23,0,0,0,0,0,-6.965721129438385
PRIMARY,207,600519.SH,2024-04-08,-35.0,STOP_FIRST,5.19682233937109,5.19682233937109,0.0,16,0,0,0,0,0,-1.7024675784346077
PRIMARY,208,000977.SZ,2024-04-10,-35.0,STOP_FIRST,12.570545419631626,12.570545419631626,0.0,14,0,0,0,0,0,-8.98589486777226
PRIMARY,209,000628.SZ,2024-03-29,-35.0,STOP_FIRST,-22.18874094507154,-27.18245187485805,-4.993710929786509,9,1,1,0,0,0,-52.38614252495148
PRIMARY,210,002129.SZ,2024-01-30,-35.0,STOP_FIRST,-6.5866863796632105,-6.5866863796632105,0.0,69,0,0,0,0,0,-23.270953005067007
PRIMARY,211,601138.SH,2024-05-31,-35.0,STOP_FIRST,17.235953981802986,17.235953981802986,0.0,8,0,0,0,0,0,-0.1435072194053144
PRIMARY,212,002230.SZ,2024-04-23,-35.0,STOP_FIRST,5.3407176576942215,5.3407176576942215,0.0,35,0,0,0,0,0,-3.192044234481095
PRIMARY,213,600919.SH,2024-04-26,-35.0,STOP_FIRST,-3.22433989136676,-3.22433989136676,0.0,42,0,0,0,0,0,-6.245585876244874
PRIMARY,214,000977.SZ,2024-05-28,-35.0,STOP_FIRST,4.476827597833199,4.476827597833199,0.0,28,0,0,0,0,0,-6.538088943116049
PRIMARY,215,000625.SZ,2024-04-16,-35.0,STOP_FIRST,-3.5813249331349106,-3.5813249331349106,0.0,56,0,0,0,0,0,-22.439671783461513
PRIMARY,216,000725.SZ,2024-05-28,-35.0,STOP_FIRST,4.499483038676097,4.499483038676097,0.0,29,0,0,0,0,0,-5.704054833968886
PRIMARY,217,603019.SH,2024-03-27,-35.0,STOP_FIRST,-3.1650656694684725,-3.1650656694684725,0.0,73,0,0,0,0,0,-19.720874640088848
PRIMARY,218,000858.SZ,2024-06-11,-35.0,STOP_FIRST,-4.863606074584775,-4.863606074584775,0.0,25,0,0,0,0,0,-9.446093150024627
PRIMARY,219,600519.SH,2024-06-11,-35.0,STOP_FIRST,0.5216824393800606,0.5216824393800606,0.0,27,0,0,0,0,0,-10.274440490341663
PRIMARY,220,300750.SZ,2024-06-07,-35.0,STOP_FIRST,1.3901215027090492,1.3901215027090492,0.0,29,0,0,0,0,0,-9.524339063610821
PRIMARY,221,300059.SZ,2024-06-28,-35.0,STOP_FIRST,3.9349979609446946,3.9349979609446946,0.0,22,0,0,0,0,0,-5.914697081934461
PRIMARY,222,601012.SH,2024-06-06,-35.0,STOP_FIRST,-12.181185272863992,-12.181185272863992,0.0,40,0,0,0,0,0,-25.1188709649811
PRIMARY,223,600519.SH,2024-07-30,-35.0,STOP_FIRST,4.979956385509713,4.979956385509713,0.0,22,0,0,0,0,0,-0.09990187614892232
PRIMARY,224,002594.SZ,2024-08-02,-35.0,STOP_FIRST,6.379967880191982,6.379967880191982,0.0,19,0,0,0,0,0,-3.2764151461084245
PRIMARY,225,002475.SZ,2024-08-05,-35.0,STOP_FIRST,8.544910470004318,8.544910470004318,0.0,18,0,0,0,0,0,-3.167255709326977
PRIMARY,226,002466.SZ,2024-04-25,-35.0,STOP_FIRST,-13.212317215788726,-21.059683893157036,-7.84736667736831,85,1,1,0,0,0,-36.23508762311697
PRIMARY,227,300502.SZ,2024-07-25,-35.0,STOP_FIRST,13.964744747831642,13.964744747831642,0.0,35,0,0,0,0,0,-12.266195988559547
PRIMARY,228,601919.SH,2024-07-08,-35.0,STOP_FIRST,1.7285541339282333,1.7285541339282333,0.0,51,0,0,0,0,0,-19.814263643782315
PRIMARY,229,000063.SZ,2024-08-22,-35.0,STOP_FIRST,3.3955801711335427,3.3955801711335427,0.0,19,0,0,0,0,0,-3.013656189391656
PRIMARY,230,601138.SH,2024-07-18,-35.0,STOP_FIRST,-2.550959931032771,-2.550959931032771,0.0,45,0,0,0,0,0,-27.58542866236795
PRIMARY,231,300308.SZ,2024-07-25,-35.0,STOP_FIRST,7.199933708510119,7.199933708510119,0.0,40,0,0,0,0,0,-20.412077421209307
PRIMARY,232,601899.SH,2024-07-23,-35.0,STOP_FIRST,11.302372099604602,11.302372099604602,0.0,43,0,0,0,0,0,-15.34301819528009
PRIMARY,233,601127.SH,2024-08-28,-35.0,STOP_FIRST,11.860904824260553,11.860904824260553,0.0,17,0,0,0,0,0,-0.6937050159442237
PRIMARY,234,600036.SH,2024-09-09,-35.0,STOP_FIRST,12.650986424212693,12.650986424212693,0.0,9,0,0,0,0,0,-1.1566935372865572
PRIMARY,235,000858.SZ,2024-08-22,-35.0,STOP_FIRST,9.447704740723928,9.447704740723928,0.0,22,0,0,0,0,0,-11.92058204560389
PRIMARY,236,600809.SH,2024-08-28,-35.0,STOP_FIRST,10.265232797714383,10.265232797714383,0.0,18,0,0,0,0,0,-9.343746064530556
PRIMARY,237,600519.SH,2024-09-09,-35.0,STOP_FIRST,13.065449104192647,13.065449104192647,0.0,10,0,0,0,0,0,-9.155678699288794
PRIMARY,238,600276.SH,2024-09-20,-35.0,STOP_FIRST,7.0921102706178285,7.0921102706178285,0.0,3,0,0,0,0,0,-1.5909424566413088
PRIMARY,239,000100.SZ,2024-05-07,-35.0,STOP_FIRST,6.430946014868081,6.430946014868081,0.0,99,0,0,0,0,0,-22.85372018914835
PRIMARY,240,688012.SH,2024-08-23,-35.0,STOP_FIRST,8.980679975166685,8.980679975166685,0.0,22,0,0,0,0,0,-11.105843309233144
PRIMARY,241,688256.SH,2024-09-05,-35.0,STOP_FIRST,22.25002533076108,22.25002533076108,0.0,14,0,0,0,0,0,-3.4709343344747623
PRIMARY,242,600900.SH,2024-09-11,-35.0,STOP_FIRST,8.228584541518643,8.228584541518643,0.0,10,0,0,0,0,0,-0.35235825269818166
PRIMARY,243,600150.SH,2024-09-19,-35.0,STOP_FIRST,4.47320430931633,4.47320430931633,0.0,58,0,0,0,0,0,-6.4123490487716595
PRIMARY,244,600418.SH,2024-11-27,-35.0,STOP_FIRST,19.31501930377224,19.31501930377224,0.0,38,0,0,0,0,0,-4.031151825779977
PRIMARY,245,603019.SH,2025-01-02,-35.0,STOP_FIRST,7.198386187683706,7.198386187683706,0.0,17,0,0,0,0,0,-10.82782494103971
PRIMARY,246,600030.SH,2024-12-31,-35.0,STOP_FIRST,-0.029241512213777625,-0.029241512213777625,0.0,20,0,0,0,0,0,-9.821028359452445
PRIMARY,247,300059.SZ,2025-01-02,-35.0,STOP_FIRST,5.568619214325684,5.568619214325684,0.0,19,0,0,0,0,0,-10.373910853057232
PRIMARY,248,300033.SZ,2025-01-02,-35.0,STOP_FIRST,23.218740081380986,23.218740081380986,0.0,19,0,0,0,0,0,-8.449836646713571
PRIMARY,249,300750.SZ,2025-01-07,-35.0,STOP_FIRST,8.716235937905914,8.716235937905914,0.0,21,0,0,0,0,0,-2.061431530740332
PRIMARY,250,000858.SZ,2025-01-06,-35.0,STOP_FIRST,1.2030252662316376,1.2030252662316376,0.0,23,0,0,0,0,0,-5.193889847781408
PRIMARY,251,688256.SH,2025-01-16,-35.0,STOP_FIRST,19.16467811575612,19.16467811575612,0.0,19,0,0,0,0,0,-4.483732441599764
PRIMARY,252,600519.SH,2025-01-03,-35.0,STOP_FIRST,4.558943908999476,4.558943908999476,0.0,33,0,0,0,0,0,-3.7431935053504506
PRIMARY,253,688256.SH,2025-03-25,-35.0,STOP_FIRST,8.922494348994318,8.922494348994318,0.0,17,0,0,0,0,0,-17.216747908844678
PRIMARY,254,002261.SZ,2025-03-24,-35.0,STOP_FIRST,2.6716085217561965,2.6716085217561965,0.0,23,0,0,0,0,0,-27.78696429320907
PRIMARY,255,600989.SH,2025-03-28,-35.0,STOP_FIRST,6.913448021154776,6.913448021154776,0.0,20,0,0,0,0,0,-8.97260383386529
PRIMARY,256,000063.SZ,2025-03-03,-35.0,STOP_FIRST,2.6037524048102836,2.6037524048102836,0.0,42,0,0,0,0,0,-20.196827200957447
PRIMARY,257,600050.SH,2025-03-19,-35.0,STOP_FIRST,-4.102896566069308,-4.102896566069308,0.0,30,0,0,0,0,0,-12.91204099525517
PRIMARY,258,300846.SZ,2025-03-25,-35.0,STOP_FIRST,-3.7770156011244347,-3.7770156011244347,0.0,26,0,0,0,0,0,-31.401379445935305
PRIMARY,259,300059.SZ,2025-04-01,-35.0,STOP_FIRST,5.1627907747067665,5.1627907747067665,0.0,21,0,0,0,0,0,-18.189916816625797
PRIMARY,260,002475.SZ,2025-04-02,-35.0,STOP_FIRST,3.6625597634810965,3.6625597634810965,0.0,20,0,0,0,0,0,-27.255123038788852
PRIMARY,261,300308.SZ,2025-01-10,-35.0,STOP_FIRST,0.7734206644023827,-19.840043020394898,-20.61346368479728,56,1,1,0,0,1,-39.080885586063495
PRIMARY,262,300502.SZ,2025-02-28,-35.0,STOP_FIRST,28.725713357688992,28.725713357688992,0.0,44,0,0,0,0,0,-31.75728487388515
PRIMARY,263,300750.SZ,2025-04-01,-35.0,STOP_FIRST,7.81936272756536,7.81936272756536,0.0,22,0,0,0,0,0,-16.506355111574443
PRIMARY,264,601318.SH,2025-04-07,-35.0,STOP_FIRST,6.926822925723594,6.926822925723594,0.0,19,0,0,0,0,0,-1.0258567917744377
PRIMARY,265,600036.SH,2025-04-07,-35.0,STOP_FIRST,5.565919809741665,5.565919809741665,0.0,19,0,0,0,0,0,-1.275773669536573
PRIMARY,266,002594.SZ,2025-04-08,-35.0,STOP_FIRST,17.218917139643203,17.218917139643203,0.0,21,0,0,0,0,0,-2.0179308927128603
PRIMARY,267,601658.SH,2025-03-28,-35.0,STOP_FIRST,3.737034722718007,3.737034722718007,0.0,28,0,0,0,0,0,-5.998762052795592
PRIMARY,268,600309.SH,2025-04-15,-35.0,STOP_FIRST,2.8522101436284233,2.8522101436284233,0.0,18,0,0,0,0,0,-4.325283052386664
PRIMARY,269,601899.SH,2025-04-07,-35.0,STOP_FIRST,18.75276321406046,18.75276321406046,0.0,28,0,0,0,0,0,-2.3499050474409477
PRIMARY,270,603259.SH,2025-04-08,-35.0,STOP_FIRST,27.365745385479556,27.365745385479556,0.0,29,0,0,0,0,0,-2.7478554733693317
PRIMARY,271,688981.SH,2025-04-01,-35.0,STOP_FIRST,-0.3367121465143475,-0.3367121465143475,0.0,53,0,0,0,0,0,-10.022828466095346
PRIMARY,272,688256.SH,2025-05-27,-35.0,STOP_FIRST,2.4520211429184493,2.4520211429184493,0.0,20,0,0,0,0,0,-9.161551567123071
PRIMARY,273,000858.SZ,2025-06-13,-35.0,STOP_FIRST,2.9441509741563254,2.9441509741563254,0.0,17,0,0,0,0,0,-0.8036010497183277
PRIMARY,274,600519.SH,2025-06-13,-35.0,STOP_FIRST,1.571155348492451,1.571155348492451,0.0,18,0,0,0,0,0,-0.18545542382252256
PRIMARY,275,300308.SZ,2025-10-14,-35.0,STOP_FIRST,37.312191378736536,37.312191378736536,0.0,7,0,0,0,0,0,-2.4164241555545862
PRIMARY,276,002460.SZ,2025-11-24,-35.0,STOP_FIRST,9.614217661278927,9.614217661278927,0.0,19,0,0,0,0,0,-1.7925475782034406
PRIMARY,277,601138.SH,2025-11-24,-35.0,STOP_FIRST,19.316165850131622,19.316165850131622,0.0,22,0,0,0,0,0,-2.475096837577462
PRIMARY,278,300502.SZ,2026-01-12,-35.0,STOP_FIRST,18.325572753597463,18.325572753597463,0.0,14,0,0,0,0,0,-2.8874334496876597
PRIMARY,279,300750.SZ,2025-11-21,-35.0,STOP_FIRST,1.7797735978262685,1.7797735978262685,0.0,52,0,0,0,0,0,-11.001248680259001
PRIMARY,280,300274.SZ,2025-12-16,-35.0,STOP_FIRST,-0.04130443998742119,-0.04130443998742119,0.0,52,0,0,0,0,0,-13.261308807790783
PRIMARY,281,300308.SZ,2026-02-06,-35.0,STOP_FIRST,3.437565472561077,3.437565472561077,0.0,21,0,0,0,0,0,-9.894027541086349
PRIMARY,282,002475.SZ,2026-01-08,-35.0,STOP_FIRST,1.540552873571203,1.540552873571203,0.0,56,0,0,0,0,0,-18.823201056328863
PRIMARY,283,601138.SH,2026-01-29,-35.0,STOP_FIRST,3.823418044659373,3.823418044659373,0.0,41,0,0,0,0,0,-17.012814423960076
PRIMARY,284,688256.SH,2026-02-03,-35.0,STOP_FIRST,12.397855616133041,12.397855616133041,0.0,38,0,0,0,0,0,-12.087912087912079
PRIMARY,285,601899.SH,2026-03-16,-35.0,STOP_FIRST,9.119263883295172,9.119263883295172,0.0,20,0,0,0,0,0,-14.280941525906998
PRIMARY,286,603986.SH,2026-03-31,-35.0,STOP_FIRST,19.7457903723054,19.7457903723054,0.0,13,0,0,0,0,0,-2.865134133444669
PRIMARY,287,300059.SZ,2026-03-20,-35.0,STOP_FIRST,8.424165896338625,8.424165896338625,0.0,31,0,0,0,0,0,-7.322200643291355
PRIMARY,288,300274.SZ,2026-04-01,-35.0,STOP_FIRST,13.077001683310016,13.077001683310016,0.0,23,0,0,0,0,0,-7.472322364359973
PRIMARY,289,300274.SZ,2026-07-01,-35.0,STOP_FIRST,-8.358514552822074,-8.358514552822074,0.0,28,0,0,0,0,0,-26.27934444027391
PRIMARY,290,600487.SH,2026-07-06,-35.0,STOP_FIRST,-17.707576907721744,-32.46182188634911,-14.754244978627362,9,1,1,0,0,0,-46.153139444336865
PRIMARY,291,688525.SH,2026-07-15,-35.0,STOP_FIRST,-19.368418251981645,-19.368418251981645,0.0,28,0,0,0,0,0,-34.73193473193472
PRIMARY,292,688008.SH,2026-07-16,-35.0,STOP_FIRST,-3.6609369962131426,-3.6609369962131426,0.0,27,0,0,0,0,0,-12.165294341773524
PRIMARY,293,688256.SH,2026-07-16,-35.0,STOP_FIRST,-7.309240157764709,-7.309240157764709,0.0,27,0,0,0,0,0,-25.153710642669623
PRIMARY,294,300308.SZ,2026-07-17,-35.0,STOP_FIRST,-11.744158826402947,-11.744158826402947,0.0,26,0,0,0,0,0,-22.96628924619374
PRIMARY,295,600584.SH,2026-07-20,-35.0,STOP_FIRST,-3.746170199653699,-3.746170199653699,0.0,25,0,0,0,0,0,-20.75720869405966
PRIMARY,296,300502.SZ,2026-07-28,-35.0,STOP_FIRST,-3.1289001702402826,-3.1289001702402826,0.0,19,0,0,0,0,0,-14.854383942881455
PRIMARY,297,002384.SZ,2026-07-29,-35.0,STOP_FIRST,6.860142611567042,6.860142611567042,0.0,18,0,0,0,0,0,-9.217430672804971
PRIMARY,298,002475.SZ,2026-08-03,-35.0,STOP_FIRST,1.2862198685484683,1.2862198685484683,0.0,15,0,0,0,0,0,-4.021902045888859
PRIMARY,299,600276.SH,2026-08-20,-35.0,STOP_FIRST,-2.438053366642191,-2.438053366642191,0.0,2,0,0,0,0,0,-4.81585777507767
PRIMARY,1,000651.SZ,2020-03-19,-35.0,TP_FIRST,8.76502998612771,8.76502998612771,0.0,15,0,0,0,0,0,-3.253806511060575
PRIMARY,2,600030.SH,2020-03-16,-35.0,TP_FIRST,1.2152522266729697,1.2152522266729697,0.0,19,0,0,0,0,0,-7.086832162571954
PRIMARY,3,300750.SZ,2020-02-28,-35.0,TP_FIRST,-1.0193924653390611,-1.0193924653390611,0.0,31,0,0,0,0,0,-24.419958905481774
PRIMARY,4,601318.SH,2020-02-28,-35.0,TP_FIRST,-1.3453625770562572,-1.3453625770562572,0.0,33,0,0,0,0,0,-15.814522556095568
PRIMARY,5,600036.SH,2020-03-19,-35.0,TP_FIRST,10.683448687695108,10.683448687695108,0.0,25,0,0,0,0,0,-0.09990265754196148
PRIMARY,6,002475.SZ,2020-03-17,-35.0,TP_FIRST,14.92275528149982,14.92275528149982,0.0,28,0,0,0,0,0,-11.112505536775796
PRIMARY,7,000858.SZ,2020-03-17,-35.0,TP_FIRST,26.82736619482785,26.82736619482785,0.0,28,0,0,0,0,0,-12.958069092199342
PRIMARY,8,000063.SZ,2020-03-17,-35.0,TP_FIRST,3.2396956676295363,3.2396956676295363,0.0,32,0,0,0,0,0,-10.59060271470772
PRIMARY,9,000725.SZ,2020-03-16,-35.0,TP_FIRST,4.611959703094805,4.611959703094805,0.0,35,0,0,0,0,0,-20.127607365604128
PRIMARY,10,002506.SZ,2020-03-26,-35.0,TP_FIRST,-6.524016348081019,-6.524016348081019,0.0,35,0,0,0,0,0,-31.211643047504246
PRIMARY,11,600519.SH,2020-03-18,-35.0,TP_FIRST,39.54846152311298,39.54846152311298,0.0,48,0,0,0,0,0,-3.505987509815356
PRIMARY,12,000002.SZ,2020-03-18,-35.0,TP_FIRST,4.681297620587952,4.681297620587952,0.0,49,0,0,0,0,0,-6.372695888701285
PRIMARY,13,002714.SZ,2020-05-11,-35.0,TP_FIRST,-37.346517858183255,-39.08929023133747,-1.7427723731542173,17,1,1,0,0,1,-43.62347582705105
PRIMARY,14,000063.SZ,2020-05-25,-35.0,TP_FIRST,8.355437860095789,8.355437860095789,0.0,17,0,0,0,0,0,-5.214052830367422
PRIMARY,15,002415.SZ,2020-05-25,-35.0,TP_FIRST,7.15509150196319,7.15509150196319,0.0,17,0,0,0,0,0,-2.5965128554330974
PRIMARY,16,600703.SH,2020-06-15,-35.0,TP_FIRST,15.534542524394753,15.534542524394753,0.0,12,0,0,0,0,0,-1.7232235549681896
PRIMARY,17,600030.SH,2020-09-07,-35.0,TP_FIRST,3.3416942678344705,3.3416942678344705,0.0,18,0,0,0,0,0,-2.3347247522243597
PRIMARY,18,300059.SZ,2020-09-09,-35.0,TP_FIRST,4.052671012057143,4.052671012057143,0.0,16,0,0,0,0,0,-5.835594827212354
PRIMARY,19,600276.SH,2020-09-17,-35.0,TP_FIRST,7.964121567403469,7.964121567403469,0.0,10,0,0,0,0,0,-0.30802389658590723
PRIMARY,20,000063.SZ,2020-09-10,-35.0,TP_FIRST,8.16654508112372,8.16654508112372,0.0,16,0,0,0,0,0,-2.1893558485753473
PRIMARY,21,000651.SZ,2020-09-28,-35.0,TP_FIRST,7.18749636223901,7.18749636223901,0.0,5,0,0,0,0,0,-0.7920940870049797
PRIMARY,22,600036.SH,2020-09-30,-35.0,TP_FIRST,8.189846606772502,8.189846606772502,0.0,5,0,0,0,0,0,-0.8409143929827279
PRIMARY,23,002456.SZ,2020-09-01,-35.0,TP_FIRST,0.3287151054327302,0.3287151054327302,0.0,34,0,0,0,0,0,-16.877466166367018
PRIMARY,24,300136.SZ,2020-10-12,-35.0,TP_FIRST,3.7523403888601528,3.7523403888601528,0.0,19,0,0,0,0,0,-11.264076050883421
PRIMARY,25,600030.SH,2020-10-26,-35.0,TP_FIRST,5.218510332201447,5.218510332201447,0.0,19,0,0,0,0,0,-4.85376403171518
PRIMARY,26,000661.SZ,2020-09-16,-35.0,TP_FIRST,10.365131138225253,10.365131138225253,0.0,47,0,0,0,0,0,-10.396266523703268
PRIMARY,27,600745.SH,2020-09-08,-35.0,TP_FIRST,1.4169185149017833,1.4169185149017833,0.0,57,0,0,0,0,0,-24.96934183424869
PRIMARY,28,601012.SH,2020-11-13,-35.0,TP_FIRST,11.570904483395198,11.570904483395198,0.0,17,0,0,0,0,0,-7.125413198287678
PRIMARY,29,300122.SZ,2020-11-11,-35.0,TP_FIRST,21.594186068179752,21.594186068179752,0.0,27,0,0,0,0,0,-14.25593292277403
PRIMARY,30,002475.SZ,2020-11-16,-35.0,TP_FIRST,4.922943424348968,4.922943424348968,0.0,26,0,0,0,0,0,-6.247600021016375
PRIMARY,31,002241.SZ,2020-11-16,-35.0,TP_FIRST,2.7641560070263713,2.7641560070263713,0.0,28,0,0,0,0,0,-8.190219287755895
PRIMARY,32,000651.SZ,2020-12-09,-35.0,TP_FIRST,4.778058019478602,4.778058019478602,0.0,17,0,0,0,0,0,-6.9491076663235285
PRIMARY,33,688981.SH,2020-12-16,-35.0,TP_FIRST,16.521188858697652,16.521188858697652,0.0,16,0,0,0,0,0,-4.393704306917501
PRIMARY,34,601318.SH,2021-01-28,-35.0,TP_FIRST,9.42474089385644,9.42474089385644,0.0,14,0,0,0,0,0,-7.015107202120719
PRIMARY,35,300059.SZ,2021-02-22,-35.0,TP_FIRST,-9.75617275607125,-9.75617275607125,0.0,28,0,0,0,0,0,-21.294436987155805
PRIMARY,36,000333.SZ,2021-02-22,-35.0,TP_FIRST,1.124921971714471,1.124921971714471,0.0,28,0,0,0,0,0,-11.037863818654303
PRIMARY,37,000858.SZ,2021-03-08,-35.0,TP_FIRST,16.23467230378328,16.23467230378328,0.0,18,0,0,0,0,0,-5.053624061888506
PRIMARY,38,600030.SH,2021-03-01,-35.0,TP_FIRST,-1.7719464410848904,-1.7719464410848904,0.0,24,0,0,0,0,0,-9.731175855642116
PRIMARY,39,601012.SH,2021-03-04,-35.0,TP_FIRST,2.8151228530517156,2.8151228530517156,0.0,21,0,0,0,0,0,-20.33269501471261
PRIMARY,40,002241.SZ,2021-01-29,-35.0,TP_FIRST,-2.3809753380773024,-2.3809753380773024,0.0,45,0,0,0,0,0,-24.32266643437805
PRIMARY,41,300750.SZ,2021-01-29,-35.0,TP_FIRST,2.6778263400166544,2.6778263400166544,0.0,46,0,0,0,0,0,-20.744980856829066
PRIMARY,42,002475.SZ,2021-01-28,-35.0,TP_FIRST,-17.795635461958412,-23.89743970150311,-6.101804239544698,31,1,1,0,0,0,-38.05999710973133
PRIMARY,43,600438.SH,2021-03-05,-35.0,TP_FIRST,-2.082117681436346,-2.082117681436346,0.0,30,0,0,0,0,0,-21.900640918932147
PRIMARY,44,300014.SZ,2021-03-23,-35.0,TP_FIRST,20.343646524893185,20.343646524893185,0.0,18,0,0,0,0,0,-1.1328405715407053
PRIMARY,45,601899.SH,2021-03-24,-35.0,TP_FIRST,13.67315267261283,13.67315267261283,0.0,17,0,0,0,0,0,-0.5227592786883895
PRIMARY,46,601166.SH,2021-04-15,-35.0,TP_FIRST,10.16039399503804,10.16039399503804,0.0,15,0,0,0,0,0,-2.3887839446735004
PRIMARY,47,600276.SH,2021-04-15,-35.0,TP_FIRST,2.9762113310555116,2.9762113310555116,0.0,18,0,0,0,0,0,-5.364820806114978
PRIMARY,48,002352.SZ,2021-04-12,-35.0,TP_FIRST,1.806031845385725,1.806031845385725,0.0,22,0,0,0,0,0,-8.258407334556994
PRIMARY,49,600519.SH,2021-05-06,-35.0,TP_FIRST,12.309433820124724,12.309433820124724,0.0,12,0,0,0,0,0,-5.132526010090399
PRIMARY,50,600031.SH,2021-03-09,-35.0,TP_FIRST,2.027751640672817,2.027751640672817,0.0,55,0,0,0,0,0,-27.978387085265844
PRIMARY,51,600009.SH,2021-02-03,-35.0,TP_FIRST,-1.1354409255495685,-1.1354409255495685,0.0,76,0,0,0,0,0,-22.985275095121573
PRIMARY,52,002594.SZ,2021-02-24,-35.0,TP_FIRST,16.160298578230066,16.160298578230066,0.0,69,0,0,0,0,0,-34.73181070183321
PRIMARY,53,002340.SZ,2021-06-07,-35.0,TP_FIRST,5.290865136021748,5.290865136021748,0.0,19,0,0,0,0,0,-11.268220523967209
PRIMARY,54,000661.SZ,2021-05-24,-35.0,TP_FIRST,3.543179209088439,3.543179209088439,0.0,38,0,0,0,0,0,-16.869230019043936
PRIMARY,55,002594.SZ,2021-07-16,-35.0,TP_FIRST,25.77910857036041,25.77910857036041,0.0,10,0,0,0,0,0,-2.6882194842621776
PRIMARY,56,600031.SH,2021-06-11,-35.0,TP_FIRST,4.433342850860986,4.433342850860986,0.0,35,0,0,0,0,0,-15.123799665013548
PRIMARY,57,002241.SZ,2021-07-22,-35.0,TP_FIRST,10.273218124699701,10.273218124699701,0.0,9,0,0,0,0,0,-7.886693775763421
PRIMARY,58,600036.SH,2021-07-08,-35.0,TP_FIRST,8.736132867824947,8.736132867824947,0.0,28,0,0,0,0,0,-10.298243793004092
PRIMARY,59,300782.SZ,2021-07-13,-35.0,TP_FIRST,4.700284102162052,4.700284102162052,0.0,29,0,0,0,0,0,-10.944165622271129
PRIMARY,60,601919.SH,2021-07-23,-35.0,TP_FIRST,21.9399821535198,21.9399821535198,0.0,25,0,0,0,0,0,-13.003666576368966
PRIMARY,61,002460.SZ,2021-08-16,-35.0,TP_FIRST,24.025427124052413,24.025427124052413,0.0,9,0,0,0,0,0,-2.17885582383488
PRIMARY,62,300750.SZ,2021-07-27,-35.0,TP_FIRST,8.626053858905106,8.626053858905106,0.0,34,0,0,0,0,0,-5.360767280539502
PRIMARY,63,300760.SZ,2021-08-20,-35.0,TP_FIRST,25.243095200327115,25.243095200327115,0.0,19,0,0,0,0,0,-1.3648131532456809
PRIMARY,64,600519.SH,2021-07-26,-35.0,TP_FIRST,2.091334708861519,2.091334708861519,0.0,41,0,0,0,0,0,-15.47553943560599
PRIMARY,65,002714.SZ,2021-05-24,-35.0,TP_FIRST,-18.715268930191936,-8.080019442457344,10.635249487734592,42,1,1,0,0,1,-56.67478900029019
PRIMARY,66,000858.SZ,2021-07-08,-35.0,TP_FIRST,-7.6342909419297795,-7.6342909419297795,0.0,54,0,0,0,0,0,-28.655500122152368
PRIMARY,67,002594.SZ,2021-09-29,-35.0,TP_FIRST,17.089129638620165,17.089129638620165,0.0,6,0,0,0,0,0,-0.5192972651856032
PRIMARY,68,601318.SH,2021-03-18,-35.0,TP_FIRST,-28.116081051784203,-29.382162976044956,-1.266081924260753,87,1,1,0,0,0,-41.80696245003698
PRIMARY,69,000651.SZ,2021-05-25,-35.0,TP_FIRST,-19.03127753582529,-19.03127753582529,0.0,99,0,0,0,0,0,-33.090168102543274
PRIMARY,70,000333.SZ,2021-07-05,-35.0,TP_FIRST,11.175030722164129,11.175030722164129,0.0,71,0,0,0,0,0,-9.770984837876318
PRIMARY,71,600111.SH,2021-09-29,-35.0,TP_FIRST,22.277893313169177,22.277893313169177,0.0,12,0,0,0,0,0,-3.6351512387024387
PRIMARY,72,600089.SH,2021-10-08,-35.0,TP_FIRST,21.757208672823793,21.757208672823793,0.0,12,0,0,0,0,0,-5.355399017850127
PRIMARY,73,002466.SZ,2021-09-22,-35.0,TP_FIRST,5.276533723848393,5.276533723848393,0.0,28,0,0,0,0,0,-18.18048772561611
PRIMARY,74,000858.SZ,2021-11-01,-35.0,TP_FIRST,7.772649549904674,7.772649549904674,0.0,16,0,0,0,0,0,-2.695601939103509
PRIMARY,75,603259.SH,2021-11-04,-35.0,TP_FIRST,10.333997515607747,10.333997515607747,0.0,15,0,0,0,0,0,-4.388640111365582
PRIMARY,76,601919.SH,2021-09-28,-35.0,TP_FIRST,3.0377221934720415,3.0377221934720415,0.0,39,0,0,0,0,0,-19.410201081693145
PRIMARY,77,600030.SH,2021-11-16,-35.0,TP_FIRST,7.942169042945349,7.942169042945349,0.0,13,0,0,0,0,0,-1.3115665629502171
PRIMARY,78,000651.SZ,2021-10-27,-35.0,TP_FIRST,3.7666645298140864,3.7666645298140864,0.0,30,0,0,0,0,0,-6.591904190897946
PRIMARY,79,600036.SH,2021-11-26,-35.0,TP_FIRST,7.780249533285357,7.780249533285357,0.0,8,0,0,0,0,0,-2.0264594890360255
PRIMARY,80,600036.SH,2021-12-29,-35.0,TP_FIRST,5.516341863497587,5.516341863497587,0.0,14,0,0,0,0,0,-0.892595978810895
PRIMARY,81,002129.SZ,2021-12-01,-35.0,TP_FIRST,7.212021342950852,7.212021342950852,0.0,38,0,0,0,0,0,-10.209695479014202
PRIMARY,82,600030.SH,2022-01-14,-35.0,TP_FIRST,1.0102995428563417,1.0102995428563417,0.0,9,0,0,0,0,0,-4.115180796829354
PRIMARY,83,601888.SH,2021-11-02,-35.0,TP_FIRST,7.8045788936873635,7.8045788936873635,0.0,65,0,0,0,0,0,-17.76278012400819
PRIMARY,84,600111.SH,2021-12-24,-35.0,TP_FIRST,10.927469701064592,10.927469701064592,0.0,31,0,0,0,0,0,-16.158101136300374
PRIMARY,85,000792.SZ,2022-01-20,-35.0,TP_FIRST,18.801769360068377,18.801769360068377,0.0,13,0,0,0,0,0,-2.101609531796167
PRIMARY,86,002460.SZ,2021-12-20,-35.0,TP_FIRST,7.327370162653349,7.327370162653349,0.0,36,0,0,0,0,0,-13.694999767838578
PRIMARY,87,002466.SZ,2021-12-20,-35.0,TP_FIRST,1.837573601773871,1.837573601773871,0.0,36,0,0,0,0,0,-19.98566660073482
PRIMARY,88,000661.SZ,2022-01-24,-35.0,TP_FIRST,11.89884859958246,11.89884859958246,0.0,17,0,0,0,0,0,-4.775620293737893
PRIMARY,89,601012.SH,2021-12-01,-35.0,TP_FIRST,6.472325573333965,6.472325573333965,0.0,57,0,0,0,0,0,-23.797689806559163
PRIMARY,90,603259.SH,2021-12-20,-35.0,TP_FIRST,12.254494786218984,12.254494786218984,0.0,56,0,0,0,0,0,-28.86139126771904
PRIMARY,91,000002.SZ,2022-03-04,-35.0,TP_FIRST,14.88504791739044,14.88504791739044,0.0,18,0,0,0,0,0,-22.246037106497695
PRIMARY,92,300059.SZ,2022-01-05,-35.0,TP_FIRST,-5.7513210082683415,-5.7513210082683415,0.0,63,0,0,0,0,0,-34.89656169461941
PRIMARY,93,600519.SH,2022-01-07,-35.0,TP_FIRST,0.9984159395398549,0.9984159395398549,0.0,61,0,0,0,0,0,-17.458488731459298
PRIMARY,94,601888.SH,2022-03-14,-35.0,TP_FIRST,7.812849493656972,7.812849493656972,0.0,20,0,0,0,0,0,-8.439813952671848
PRIMARY,95,002594.SZ,2021-12-16,-35.0,TP_FIRST,-1.5968178542206901,-1.5968178542206901,0.0,88,0,0,0,0,0,-26.330714118353036
PRIMARY,96,000625.SZ,2021-11-16,-35.0,TP_FIRST,-22.229994518631575,-22.98202400232969,-0.7520294836981165,74,1,1,0,0,1,-53.29984290867762
PRIMARY,97,002475.SZ,2022-02-08,-35.0,TP_FIRST,-17.15409169654668,-25.626336053804337,-8.472244357257658,41,1,1,0,0,0,-40.77681436537638
PRIMARY,98,002466.SZ,2022-04-25,-35.0,TP_FIRST,41.854779546894,41.854779546894,0.0,8,0,0,0,0,0,-3.4110472521140522
PRIMARY,99,300274.SZ,2021-12-21,-35.0,TP_FIRST,-25.58857835409347,-21.012561642123835,4.576016711969636,73,1,1,0,0,0,-58.717689038471335
PRIMARY,100,002460.SZ,2022-03-08,-35.0,TP_FIRST,17.706849570514894,17.706849570514894,0.0,48,0,0,0,0,0,-28.642784574491998
PRIMARY,101,000858.SZ,2022-01-28,-35.0,TP_FIRST,-8.807756178930596,-8.807756178930596,0.0,75,0,0,0,0,0,-25.5194802146096
PRIMARY,102,300014.SZ,2022-03-03,-35.0,TP_FIRST,26.31764601662993,26.31764601662993,0.0,58,0,0,0,0,0,-32.624915571840454
PRIMARY,103,300750.SZ,2021-12-20,-35.0,TP_FIRST,-14.232912370394569,-23.729810163714532,-9.496897793319963,81,1,1,0,0,0,-41.8073675499418
PRIMARY,104,601012.SH,2022-03-29,-35.0,TP_FIRST,-12.752364240157288,-12.752364240157288,0.0,42,0,0,0,0,0,-24.82075936524716
PRIMARY,105,002415.SZ,2022-05-06,-35.0,TP_FIRST,3.5450375895839463,3.5450375895839463,0.0,19,0,0,0,0,0,-8.562023743217374
PRIMARY,106,600276.SH,2022-01-13,-35.0,TP_FIRST,-29.55698724716474,-31.1776796006124,-1.6206923534476587,64,1,1,0,0,1,-42.610580908453244
PRIMARY,107,601318.SH,2022-03-15,-35.0,TP_FIRST,-0.3864474449981416,-0.3864474449981416,0.0,55,0,0,0,0,0,-2.315282705156485
PRIMARY,108,600036.SH,2022-03-07,-35.0,TP_FIRST,-6.245523329299984,-6.245523329299984,0.0,65,0,0,0,0,0,-24.345417637488787
PRIMARY,109,300122.SZ,2022-04-14,-35.0,TP_FIRST,-6.645958234266682,-6.645958234266682,0.0,40,0,0,0,0,0,-28.79470109263167
PRIMARY,110,002241.SZ,2022-06-23,-35.0,TP_FIRST,2.8400230023871615,2.8400230023871615,0.0,30,0,0,0,0,0,-5.007927632982501
PRIMARY,111,002466.SZ,2022-08-19,-35.0,TP_FIRST,13.385590477234006,13.385590477234006,0.0,2,0,0,0,0,0,-2.8634236347626074
PRIMARY,112,600036.SH,2022-07-13,-35.0,TP_FIRST,-1.5651520516643562,-1.5651520516643562,0.0,34,0,0,0,0,0,-12.409355098525655
PRIMARY,113,601888.SH,2022-08-08,-35.0,TP_FIRST,7.1858432781792185,7.1858432781792185,0.0,33,0,0,0,0,0,-8.133019118063235
PRIMARY,114,000858.SZ,2022-07-29,-35.0,TP_FIRST,-2.4673011477159523,-2.4673011477159523,0.0,40,0,0,0,0,0,-12.093504633059515
PRIMARY,115,300274.SZ,2022-08-31,-35.0,TP_FIRST,13.216110132265186,13.216110132265186,0.0,23,0,0,0,0,0,-6.803285897864219
PRIMARY,116,300760.SZ,2022-09-21,-35.0,TP_FIRST,26.10435256088347,26.10435256088347,0.0,11,0,0,0,0,0,-2.945982270341807
PRIMARY,117,603259.SH,2022-07-27,-35.0,TP_FIRST,-6.553924195303395,-6.553924195303395,0.0,51,0,0,0,0,0,-30.331191278374803
PRIMARY,118,601012.SH,2022-08-03,-35.0,TP_FIRST,-1.5712301907594528,-1.5712301907594528,0.0,54,0,0,0,0,0,-20.79675190961924
PRIMARY,119,688599.SH,2022-08-19,-35.0,TP_FIRST,4.900961296612725,4.900961296612725,0.0,42,0,0,0,0,0,-11.786057206268874
PRIMARY,120,002459.SZ,2022-08-19,-35.0,TP_FIRST,5.627000867343111,5.627000867343111,0.0,42,0,0,0,0,0,-10.712385831051897
PRIMARY,121,601899.SH,2022-09-26,-35.0,TP_FIRST,6.916188828671841,6.916188828671841,0.0,18,0,0,0,0,0,-3.33920245581949
PRIMARY,122,002460.SZ,2022-08-25,-35.0,TP_FIRST,2.226213115920718,2.226213115920718,0.0,41,0,0,0,0,0,-16.759572939966095
PRIMARY,123,002271.SZ,2022-08-23,-35.0,TP_FIRST,-5.965240206705305,-5.965240206705305,0.0,44,0,0,0,0,0,-29.215251654169816
PRIMARY,124,600703.SH,2022-09-20,-35.0,TP_FIRST,1.4365619204532005,1.4365619204532005,0.0,26,0,0,0,0,0,-17.135927537327543
PRIMARY,125,002594.SZ,2022-07-12,-35.0,TP_FIRST,-2.227087712436274,-2.227087712436274,0.0,76,0,0,0,0,0,-23.762322609884045
PRIMARY,126,002466.SZ,2022-09-01,-35.0,TP_FIRST,0.41755742217796255,0.41755742217796255,0.0,39,0,0,0,0,0,-17.18698543788346
PRIMARY,127,002050.SZ,2022-10-11,-35.0,TP_FIRST,8.648758708124946,8.648758708124946,0.0,17,0,0,0,0,0,-7.919779995223497
PRIMARY,128,603799.SH,2022-09-29,-35.0,TP_FIRST,1.9036214562895246,1.9036214562895246,0.0,21,0,0,0,0,0,-18.54792363873298
PRIMARY,129,600030.SH,2022-09-16,-35.0,TP_FIRST,3.2914258355483077,3.2914258355483077,0.0,34,0,0,0,0,0,-7.2317278605463
PRIMARY,130,600036.SH,2022-10-10,-35.0,TP_FIRST,4.74708231806275,4.74708231806275,0.0,23,0,0,0,0,0,-17.352231797581
PRIMARY,131,601166.SH,2022-08-29,-35.0,TP_FIRST,2.990941980494697,2.990941980494697,0.0,48,0,0,0,0,0,-11.758858159541209
PRIMARY,132,601318.SH,2022-10-24,-35.0,TP_FIRST,11.54058817209945,11.54058817209945,0.0,14,0,0,0,0,0,-4.56589305883337
PRIMARY,133,000651.SZ,2022-10-31,-35.0,TP_FIRST,11.08646263720554,11.08646263720554,0.0,9,0,0,0,0,0,-0.62111668689665
PRIMARY,134,300059.SZ,2022-08-02,-35.0,TP_FIRST,1.3148602142200303,1.3148602142200303,0.0,68,0,0,0,0,0,-28.41433393805436
PRIMARY,135,000625.SZ,2022-08-24,-35.0,TP_FIRST,2.31475867645841,2.31475867645841,0.0,63,0,0,0,0,0,-27.190338345372766
PRIMARY,136,000858.SZ,2022-10-24,-35.0,TP_FIRST,13.014502136358589,13.014502136358589,0.0,26,0,0,0,0,0,-6.076160549181053
PRIMARY,137,600519.SH,2022-09-05,-35.0,TP_FIRST,-5.861614932184937,-5.861614932184937,0.0,56,0,0,0,0,0,-27.44375317821398
PRIMARY,138,000568.SZ,2022-10-10,-35.0,TP_FIRST,5.894426001503926,5.894426001503926,0.0,37,0,0,0,0,0,-26.23829865914583
PRIMARY,139,600887.SH,2022-10-20,-35.0,TP_FIRST,6.706648715667189,6.706648715667189,0.0,29,0,0,0,0,0,-18.517421916247343
PRIMARY,140,002714.SZ,2022-10-26,-35.0,TP_FIRST,5.23244617556544,5.23244617556544,0.0,28,0,0,0,0,0,-8.911088606217998
PRIMARY,141,300750.SZ,2022-09-01,-35.0,TP_FIRST,-1.3981718838619202,-1.3981718838619202,0.0,62,0,0,0,0,0,-24.986572858520837
PRIMARY,142,002371.SZ,2022-10-12,-35.0,TP_FIRST,10.597667780822029,10.597667780822029,0.0,44,0,0,0,0,0,-5.446303292394417
PRIMARY,143,603259.SH,2022-11-28,-35.0,TP_FIRST,6.738265986701266,6.738265986701266,0.0,22,0,0,0,0,0,-2.1226976811561937
PRIMARY,144,600522.SH,2022-11-01,-35.0,TP_FIRST,-5.676303523410963,-5.676303523410963,0.0,43,0,0,0,0,0,-30.66339374603776
PRIMARY,145,300274.SZ,2022-12-06,-35.0,TP_FIRST,12.35423017458993,12.35423017458993,0.0,18,0,0,0,0,0,-12.997661644686353
PRIMARY,146,002241.SZ,2022-11-11,-35.0,TP_FIRST,8.552942953591648,8.552942953591648,0.0,37,0,0,0,0,0,-2.0552360649699564
PRIMARY,147,002812.SZ,2022-11-23,-35.0,TP_FIRST,12.272962184274384,12.272962184274384,0.0,30,0,0,0,0,0,-7.454367889448843
PRIMARY,148,601012.SH,2022-12-22,-35.0,TP_FIRST,11.348570853081775,11.348570853081775,0.0,17,0,0,0,0,0,-1.83945407826005
PRIMARY,149,000625.SZ,2022-12-28,-35.0,TP_FIRST,15.403895272762636,15.403895272762636,0.0,16,0,0,0,0,0,-2.461030882431914
PRIMARY,150,002709.SZ,2022-12-30,-35.0,TP_FIRST,15.538268097973235,15.538268097973235,0.0,14,0,0,0,0,0,-2.7348780509869663
PRIMARY,151,300014.SZ,2023-01-11,-35.0,TP_FIRST,6.981985480381129,6.981985480381129,0.0,9,0,0,0,0,0,-4.915491114570337
PRIMARY,152,300750.SZ,2023-02-17,-35.0,TP_FIRST,3.6254689430868456,3.6254689430868456,0.0,29,0,0,0,0,0,-11.62683470375777
PRIMARY,153,600519.SH,2023-03-08,-35.0,TP_FIRST,3.358107895598216,3.358107895598216,0.0,16,0,0,0,0,0,-2.5877984739737014
PRIMARY,154,300059.SZ,2023-03-07,-35.0,TP_FIRST,6.704927557794763,6.704927557794763,0.0,18,0,0,0,0,0,-6.726693190328403
PRIMARY,155,300274.SZ,2023-03-14,-35.0,TP_FIRST,3.872684453553771,3.872684453553771,0.0,23,0,0,0,0,0,-11.398858058207795
PRIMARY,156,002594.SZ,2023-03-10,-35.0,TP_FIRST,7.839512102970262,7.839512102970262,0.0,33,0,0,0,0,0,-3.6913778017047982
PRIMARY,157,000858.SZ,2023-04-10,-35.0,TP_FIRST,-2.6488868636941545,-2.6488868636941545,0.0,26,0,0,0,0,0,-10.048100566887374
PRIMARY,158,000651.SZ,2023-05-04,-35.0,TP_FIRST,6.144996620188443,6.144996620188443,0.0,25,0,0,0,0,0,-8.255590958382841
PRIMARY,159,601899.SH,2023-05-12,-35.0,TP_FIRST,6.727401168026937,6.727401168026937,0.0,19,0,0,0,0,0,-5.558920911138776
PRIMARY,160,600519.SH,2023-04-12,-35.0,TP_FIRST,6.514893856808776,6.514893856808776,0.0,43,0,0,0,0,0,-4.355999030555235
PRIMARY,161,601012.SH,2023-03-16,-35.0,TP_FIRST,-17.84953964554572,-17.84953964554572,0.0,68,0,0,0,0,0,-33.276416390528766
PRIMARY,162,600036.SH,2023-04-27,-35.0,TP_FIRST,-0.6278320762058595,-0.6278320762058595,0.0,57,0,0,0,0,0,-3.793063901958049
PRIMARY,163,600809.SH,2023-05-22,-35.0,TP_FIRST,9.67465728119054,9.67465728119054,0.0,43,0,0,0,0,0,-16.847859403834985
PRIMARY,164,300059.SZ,2023-05-29,-35.0,TP_FIRST,3.238668828858134,3.238668828858134,0.0,38,0,0,0,0,0,-4.622126321593722
PRIMARY,165,002415.SZ,2023-06-09,-35.0,TP_FIRST,9.253968396028046,9.253968396028046,0.0,31,0,0,0,0,0,-3.0509320142771967
PRIMARY,166,300750.SZ,2023-06-07,-35.0,TP_FIRST,8.015096907867838,8.015096907867838,0.0,35,0,0,0,0,0,-2.799902799902787
PRIMARY,167,688981.SH,2023-05-09,-35.0,TP_FIRST,-1.9912914951639942,-1.9912914951639942,0.0,57,0,0,0,0,0,-7.822752791213516
PRIMARY,168,600570.SH,2023-07-11,-35.0,TP_FIRST,12.935015317595871,12.935015317595871,0.0,17,0,0,0,0,0,-3.6163828033945022
PRIMARY,169,300418.SZ,2023-06-26,-35.0,TP_FIRST,-7.109717403112448,-7.109717403112448,0.0,34,0,0,0,0,0,-22.324869570606698
PRIMARY,170,600276.SH,2023-07-31,-35.0,TP_FIRST,2.244966610480217,2.244966610480217,0.0,19,0,0,0,0,0,-16.355370032537774
PRIMARY,171,002230.SZ,2023-08-16,-35.0,TP_FIRST,-4.04018826584394,-4.04018826584394,0.0,32,0,0,0,0,0,-19.948062722882465
PRIMARY,172,002475.SZ,2023-09-07,-35.0,TP_FIRST,6.728014277472455,6.728014277472455,0.0,17,0,0,0,0,0,-4.4345508276317
PRIMARY,173,300760.SZ,2023-08-07,-35.0,TP_FIRST,6.5338873044717865,6.5338873044717865,0.0,53,0,0,0,0,0,-4.449940020156773
PRIMARY,174,000858.SZ,2023-08-18,-35.0,TP_FIRST,9.240903528696505,9.240903528696505,0.0,46,0,0,0,0,0,-12.715230910264852
PRIMARY,175,300014.SZ,2023-02-20,-35.0,TP_FIRST,-28.568832058383776,-27.94612017386883,0.6227118845149455,136,1,1,0,0,0,-44.47756749417103
PRIMARY,176,300059.SZ,2023-10-23,-35.0,TP_FIRST,6.795375111896212,6.795375111896212,0.0,9,0,0,0,0,0,-0.4417866895821354
PRIMARY,177,603019.SH,2023-08-09,-35.0,TP_FIRST,2.102020516340531,2.102020516340531,0.0,57,0,0,0,0,0,-18.940916927699114
PRIMARY,178,300274.SZ,2023-08-21,-35.0,TP_FIRST,2.059040269174881,2.059040269174881,0.0,51,0,0,0,0,0,-23.84860922169848
PRIMARY,179,300308.SZ,2023-07-20,-35.0,TP_FIRST,-5.693477162892338,-5.693477162892338,0.0,75,0,0,0,0,0,-34.647305581306
PRIMARY,180,000977.SZ,2023-08-18,-35.0,TP_FIRST,7.706372017077919,7.706372017077919,0.0,54,0,0,0,0,0,-32.22636562323018
PRIMARY,181,601012.SH,2023-08-21,-35.0,TP_FIRST,-11.755699669774852,-11.755699669774852,0.0,86,0,0,0,0,0,-26.371969728680746
PRIMARY,182,600519.SH,2023-10-13,-35.0,TP_FIRST,1.893988027016628,1.893988027016628,0.0,54,0,0,0,0,0,-7.786761434433009
PRIMARY,183,600009.SH,2023-08-21,-35.0,TP_FIRST,-11.699228208217027,-11.699228208217027,0.0,98,0,0,0,0,0,-24.842656679790675
PRIMARY,184,601318.SH,2023-11-09,-35.0,TP_FIRST,-2.3138721028580727,-2.3138721028580727,0.0,53,0,0,0,0,0,-12.395299497973422
PRIMARY,185,000651.SZ,2023-12-20,-35.0,TP_FIRST,12.104633410839133,12.104633410839133,0.0,26,0,0,0,0,0,-0.22839068988121936
PRIMARY,186,601138.SH,2023-10-24,-35.0,TP_FIRST,11.050900506142318,11.050900506142318,0.0,73,0,0,0,0,0,-8.702006282856667
PRIMARY,187,000858.SZ,2023-12-13,-35.0,TP_FIRST,2.808164916171326,2.808164916171326,0.0,37,0,0,0,0,0,-9.305511112151732
PRIMARY,188,600519.SH,2024-01-17,-35.0,TP_FIRST,5.907729356690894,5.907729356690894,0.0,13,0,0,0,0,0,-1.2708988071569394
PRIMARY,189,300750.SZ,2023-09-08,-35.0,TP_FIRST,-18.00484444688593,-27.048966442901563,-9.044121996015633,94,1,1,0,0,0,-37.07504075265946
PRIMARY,190,002230.SZ,2024-01-03,-35.0,TP_FIRST,3.585730933845497,3.585730933845497,0.0,25,0,0,0,0,0,-13.110142123274604
PRIMARY,191,300418.SZ,2024-01-31,-35.0,TP_FIRST,39.428041617887864,39.428041617887864,0.0,6,0,0,0,0,0,-9.269811195543308
PRIMARY,192,000568.SZ,2023-12-11,-35.0,TP_FIRST,1.1120117479146117,1.1120117479146117,0.0,44,0,0,0,0,0,-22.710877834749677
PRIMARY,193,300059.SZ,2023-12-27,-35.0,TP_FIRST,5.900250298765934,5.900250298765934,0.0,32,0,0,0,0,0,-11.47429406768471
PRIMARY,194,000063.SZ,2023-07-20,-35.0,TP_FIRST,-20.144973123840867,-17.982130234514525,2.162842889326342,63,1,1,0,0,1,-49.074840753076984
PRIMARY,195,000628.SZ,2023-12-14,-35.0,TP_FIRST,44.67924500816973,-14.219200286726249,-58.89844529489598,37,1,1,0,0,1,-39.992579634592374
PRIMARY,196,000625.SZ,2024-01-04,-35.0,TP_FIRST,12.686864654118965,12.686864654118965,0.0,30,0,0,0,0,0,-24.25874529738413
PRIMARY,197,301236.SZ,2024-01-22,-35.0,TP_FIRST,15.202767971466354,15.202767971466354,0.0,18,0,0,0,0,0,-20.518249818689295
PRIMARY,198,002555.SZ,2023-12-25,-35.0,TP_FIRST,17.471539089853273,17.471539089853273,0.0,39,0,0,0,0,0,-18.06601865960579
PRIMARY,199,000661.SZ,2024-01-12,-35.0,TP_FIRST,5.324721980411358,5.324721980411358,0.0,26,0,0,0,0,0,-15.088906432452676
PRIMARY,200,300033.SZ,2024-01-16,-35.0,TP_FIRST,11.478914185701258,11.478914185701258,0.0,24,0,0,0,0,0,-19.68785420497784
PRIMARY,201,002456.SZ,2023-12-14,-35.0,TP_FIRST,9.13490121758614,9.13490121758614,0.0,48,0,0,0,0,0,-32.75517367129328
PRIMARY,202,603259.SH,2024-01-30,-35.0,TP_FIRST,16.5357317467109,16.5357317467109,0.0,17,0,0,0,0,0,-19.366346576745652
PRIMARY,203,002594.SZ,2023-08-14,-35.0,TP_FIRST,-16.277210987224258,-16.277210987224258,0.0,137,0,0,0,0,0,-33.85103047938111
PRIMARY,204,601012.SH,2024-01-29,-35.0,TP_FIRST,15.268422377533785,15.268422377533785,0.0,24,0,0,0,0,0,-13.258914832233726
PRIMARY,205,002475.SZ,2024-01-17,-35.0,TP_FIRST,7.219372761109448,7.219372761109448,0.0,37,0,0,0,0,0,-11.861191429965057
PRIMARY,206,601318.SH,2024-03-22,-35.0,TP_FIRST,8.104543046068015,8.104543046068015,0.0,23,0,0,0,0,0,-6.965721129438385
PRIMARY,207,600519.SH,2024-04-08,-35.0,TP_FIRST,5.19682233937109,5.19682233937109,0.0,16,0,0,0,0,0,-1.7024675784346077
PRIMARY,208,000977.SZ,2024-04-10,-35.0,TP_FIRST,12.570545419631626,12.570545419631626,0.0,14,0,0,0,0,0,-8.98589486777226
PRIMARY,209,000628.SZ,2024-03-29,-35.0,TP_FIRST,-22.18874094507154,-27.18245187485805,-4.993710929786509,9,1,1,0,0,0,-52.38614252495148
PRIMARY,210,002129.SZ,2024-01-30,-35.0,TP_FIRST,-6.5866863796632105,-6.5866863796632105,0.0,69,0,0,0,0,0,-23.270953005067007
PRIMARY,211,601138.SH,2024-05-31,-35.0,TP_FIRST,17.235953981802986,17.235953981802986,0.0,8,0,0,0,0,0,-0.1435072194053144
PRIMARY,212,002230.SZ,2024-04-23,-35.0,TP_FIRST,5.3407176576942215,5.3407176576942215,0.0,35,0,0,0,0,0,-3.192044234481095
PRIMARY,213,600919.SH,2024-04-26,-35.0,TP_FIRST,-3.22433989136676,-3.22433989136676,0.0,42,0,0,0,0,0,-6.245585876244874
PRIMARY,214,000977.SZ,2024-05-28,-35.0,TP_FIRST,4.476827597833199,4.476827597833199,0.0,28,0,0,0,0,0,-6.538088943116049
PRIMARY,215,000625.SZ,2024-04-16,-35.0,TP_FIRST,-3.5813249331349106,-3.5813249331349106,0.0,56,0,0,0,0,0,-22.439671783461513
PRIMARY,216,000725.SZ,2024-05-28,-35.0,TP_FIRST,4.499483038676097,4.499483038676097,0.0,29,0,0,0,0,0,-5.704054833968886
PRIMARY,217,603019.SH,2024-03-27,-35.0,TP_FIRST,-3.1650656694684725,-3.1650656694684725,0.0,73,0,0,0,0,0,-19.720874640088848
PRIMARY,218,000858.SZ,2024-06-11,-35.0,TP_FIRST,-4.863606074584775,-4.863606074584775,0.0,25,0,0,0,0,0,-9.446093150024627
PRIMARY,219,600519.SH,2024-06-11,-35.0,TP_FIRST,0.5216824393800606,0.5216824393800606,0.0,27,0,0,0,0,0,-10.274440490341663
PRIMARY,220,300750.SZ,2024-06-07,-35.0,TP_FIRST,1.3901215027090492,1.3901215027090492,0.0,29,0,0,0,0,0,-9.524339063610821
PRIMARY,221,300059.SZ,2024-06-28,-35.0,TP_FIRST,3.9349979609446946,3.9349979609446946,0.0,22,0,0,0,0,0,-5.914697081934461
PRIMARY,222,601012.SH,2024-06-06,-35.0,TP_FIRST,-12.181185272863992,-12.181185272863992,0.0,40,0,0,0,0,0,-25.1188709649811
PRIMARY,223,600519.SH,2024-07-30,-35.0,TP_FIRST,4.979956385509713,4.979956385509713,0.0,22,0,0,0,0,0,-0.09990187614892232
PRIMARY,224,002594.SZ,2024-08-02,-35.0,TP_FIRST,6.379967880191982,6.379967880191982,0.0,19,0,0,0,0,0,-3.2764151461084245
PRIMARY,225,002475.SZ,2024-08-05,-35.0,TP_FIRST,8.544910470004318,8.544910470004318,0.0,18,0,0,0,0,0,-3.167255709326977
PRIMARY,226,002466.SZ,2024-04-25,-35.0,TP_FIRST,-13.212317215788726,-21.059683893157036,-7.84736667736831,85,1,1,0,0,0,-36.23508762311697
PRIMARY,227,300502.SZ,2024-07-25,-35.0,TP_FIRST,13.964744747831642,13.964744747831642,0.0,35,0,0,0,0,0,-12.266195988559547
PRIMARY,228,601919.SH,2024-07-08,-35.0,TP_FIRST,1.7285541339282333,1.7285541339282333,0.0,51,0,0,0,0,0,-19.814263643782315
PRIMARY,229,000063.SZ,2024-08-22,-35.0,TP_FIRST,3.3955801711335427,3.3955801711335427,0.0,19,0,0,0,0,0,-3.013656189391656
PRIMARY,230,601138.SH,2024-07-18,-35.0,TP_FIRST,-2.550959931032771,-2.550959931032771,0.0,45,0,0,0,0,0,-27.58542866236795
PRIMARY,231,300308.SZ,2024-07-25,-35.0,TP_FIRST,7.199933708510119,7.199933708510119,0.0,40,0,0,0,0,0,-20.412077421209307
PRIMARY,232,601899.SH,2024-07-23,-35.0,TP_FIRST,11.302372099604602,11.302372099604602,0.0,43,0,0,0,0,0,-15.34301819528009
PRIMARY,233,601127.SH,2024-08-28,-35.0,TP_FIRST,11.860904824260553,11.860904824260553,0.0,17,0,0,0,0,0,-0.6937050159442237
PRIMARY,234,600036.SH,2024-09-09,-35.0,TP_FIRST,12.650986424212693,12.650986424212693,0.0,9,0,0,0,0,0,-1.1566935372865572
PRIMARY,235,000858.SZ,2024-08-22,-35.0,TP_FIRST,9.447704740723928,9.447704740723928,0.0,22,0,0,0,0,0,-11.92058204560389
PRIMARY,236,600809.SH,2024-08-28,-35.0,TP_FIRST,10.265232797714383,10.265232797714383,0.0,18,0,0,0,0,0,-9.343746064530556
PRIMARY,237,600519.SH,2024-09-09,-35.0,TP_FIRST,13.065449104192647,13.065449104192647,0.0,10,0,0,0,0,0,-9.155678699288794
PRIMARY,238,600276.SH,2024-09-20,-35.0,TP_FIRST,7.0921102706178285,7.0921102706178285,0.0,3,0,0,0,0,0,-1.5909424566413088
PRIMARY,239,000100.SZ,2024-05-07,-35.0,TP_FIRST,6.430946014868081,6.430946014868081,0.0,99,0,0,0,0,0,-22.85372018914835
PRIMARY,240,688012.SH,2024-08-23,-35.0,TP_FIRST,8.980679975166685,8.980679975166685,0.0,22,0,0,0,0,0,-11.105843309233144
PRIMARY,241,688256.SH,2024-09-05,-35.0,TP_FIRST,22.25002533076108,22.25002533076108,0.0,14,0,0,0,0,0,-3.4709343344747623
PRIMARY,242,600900.SH,2024-09-11,-35.0,TP_FIRST,8.228584541518643,8.228584541518643,0.0,10,0,0,0,0,0,-0.35235825269818166
PRIMARY,243,600150.SH,2024-09-19,-35.0,TP_FIRST,4.47320430931633,4.47320430931633,0.0,58,0,0,0,0,0,-6.4123490487716595
PRIMARY,244,600418.SH,2024-11-27,-35.0,TP_FIRST,19.31501930377224,19.31501930377224,0.0,38,0,0,0,0,0,-4.031151825779977
PRIMARY,245,603019.SH,2025-01-02,-35.0,TP_FIRST,7.198386187683706,7.198386187683706,0.0,17,0,0,0,0,0,-10.82782494103971
PRIMARY,246,600030.SH,2024-12-31,-35.0,TP_FIRST,-0.029241512213777625,-0.029241512213777625,0.0,20,0,0,0,0,0,-9.821028359452445
PRIMARY,247,300059.SZ,2025-01-02,-35.0,TP_FIRST,5.568619214325684,5.568619214325684,0.0,19,0,0,0,0,0,-10.373910853057232
PRIMARY,248,300033.SZ,2025-01-02,-35.0,TP_FIRST,23.218740081380986,23.218740081380986,0.0,19,0,0,0,0,0,-8.449836646713571
PRIMARY,249,300750.SZ,2025-01-07,-35.0,TP_FIRST,8.716235937905914,8.716235937905914,0.0,21,0,0,0,0,0,-2.061431530740332
PRIMARY,250,000858.SZ,2025-01-06,-35.0,TP_FIRST,1.2030252662316376,1.2030252662316376,0.0,23,0,0,0,0,0,-5.193889847781408
PRIMARY,251,688256.SH,2025-01-16,-35.0,TP_FIRST,19.16467811575612,19.16467811575612,0.0,19,0,0,0,0,0,-4.483732441599764
PRIMARY,252,600519.SH,2025-01-03,-35.0,TP_FIRST,4.558943908999476,4.558943908999476,0.0,33,0,0,0,0,0,-3.7431935053504506
PRIMARY,253,688256.SH,2025-03-25,-35.0,TP_FIRST,8.922494348994318,8.922494348994318,0.0,17,0,0,0,0,0,-17.216747908844678
PRIMARY,254,002261.SZ,2025-03-24,-35.0,TP_FIRST,2.6716085217561965,2.6716085217561965,0.0,23,0,0,0,0,0,-27.78696429320907
PRIMARY,255,600989.SH,2025-03-28,-35.0,TP_FIRST,6.913448021154776,6.913448021154776,0.0,20,0,0,0,0,0,-8.97260383386529
PRIMARY,256,000063.SZ,2025-03-03,-35.0,TP_FIRST,2.6037524048102836,2.6037524048102836,0.0,42,0,0,0,0,0,-20.196827200957447
PRIMARY,257,600050.SH,2025-03-19,-35.0,TP_FIRST,-4.102896566069308,-4.102896566069308,0.0,30,0,0,0,0,0,-12.91204099525517
PRIMARY,258,300846.SZ,2025-03-25,-35.0,TP_FIRST,-3.7770156011244347,-3.7770156011244347,0.0,26,0,0,0,0,0,-31.401379445935305
PRIMARY,259,300059.SZ,2025-04-01,-35.0,TP_FIRST,5.1627907747067665,5.1627907747067665,0.0,21,0,0,0,0,0,-18.189916816625797
PRIMARY,260,002475.SZ,2025-04-02,-35.0,TP_FIRST,3.6625597634810965,3.6625597634810965,0.0,20,0,0,0,0,0,-27.255123038788852
PRIMARY,261,300308.SZ,2025-01-10,-35.0,TP_FIRST,0.7734206644023827,-19.840043020394898,-20.61346368479728,56,1,1,0,0,1,-39.080885586063495
PRIMARY,262,300502.SZ,2025-02-28,-35.0,TP_FIRST,28.725713357688992,28.725713357688992,0.0,44,0,0,0,0,0,-31.75728487388515
PRIMARY,263,300750.SZ,2025-04-01,-35.0,TP_FIRST,7.81936272756536,7.81936272756536,0.0,22,0,0,0,0,0,-16.506355111574443
PRIMARY,264,601318.SH,2025-04-07,-35.0,TP_FIRST,6.926822925723594,6.926822925723594,0.0,19,0,0,0,0,0,-1.0258567917744377
PRIMARY,265,600036.SH,2025-04-07,-35.0,TP_FIRST,5.565919809741665,5.565919809741665,0.0,19,0,0,0,0,0,-1.275773669536573
PRIMARY,266,002594.SZ,2025-04-08,-35.0,TP_FIRST,17.218917139643203,17.218917139643203,0.0,21,0,0,0,0,0,-2.0179308927128603
PRIMARY,267,601658.SH,2025-03-28,-35.0,TP_FIRST,3.737034722718007,3.737034722718007,0.0,28,0,0,0,0,0,-5.998762052795592
PRIMARY,268,600309.SH,2025-04-15,-35.0,TP_FIRST,2.8522101436284233,2.8522101436284233,0.0,18,0,0,0,0,0,-4.325283052386664
PRIMARY,269,601899.SH,2025-04-07,-35.0,TP_FIRST,18.75276321406046,18.75276321406046,0.0,28,0,0,0,0,0,-2.3499050474409477
PRIMARY,270,603259.SH,2025-04-08,-35.0,TP_FIRST,27.365745385479556,27.365745385479556,0.0,29,0,0,0,0,0,-2.7478554733693317
PRIMARY,271,688981.SH,2025-04-01,-35.0,TP_FIRST,-0.3367121465143475,-0.3367121465143475,0.0,53,0,0,0,0,0,-10.022828466095346
PRIMARY,272,688256.SH,2025-05-27,-35.0,TP_FIRST,2.4520211429184493,2.4520211429184493,0.0,20,0,0,0,0,0,-9.161551567123071
PRIMARY,273,000858.SZ,2025-06-13,-35.0,TP_FIRST,2.9441509741563254,2.9441509741563254,0.0,17,0,0,0,0,0,-0.8036010497183277
PRIMARY,274,600519.SH,2025-06-13,-35.0,TP_FIRST,1.571155348492451,1.571155348492451,0.0,18,0,0,0,0,0,-0.18545542382252256
PRIMARY,275,300308.SZ,2025-10-14,-35.0,TP_FIRST,37.312191378736536,37.312191378736536,0.0,7,0,0,0,0,0,-2.4164241555545862
PRIMARY,276,002460.SZ,2025-11-24,-35.0,TP_FIRST,9.614217661278927,9.614217661278927,0.0,19,0,0,0,0,0,-1.7925475782034406
PRIMARY,277,601138.SH,2025-11-24,-35.0,TP_FIRST,19.316165850131622,19.316165850131622,0.0,22,0,0,0,0,0,-2.475096837577462
PRIMARY,278,300502.SZ,2026-01-12,-35.0,TP_FIRST,18.325572753597463,18.325572753597463,0.0,14,0,0,0,0,0,-2.8874334496876597
PRIMARY,279,300750.SZ,2025-11-21,-35.0,TP_FIRST,1.7797735978262685,1.7797735978262685,0.0,52,0,0,0,0,0,-11.001248680259001
PRIMARY,280,300274.SZ,2025-12-16,-35.0,TP_FIRST,-0.04130443998742119,-0.04130443998742119,0.0,52,0,0,0,0,0,-13.261308807790783
PRIMARY,281,300308.SZ,2026-02-06,-35.0,TP_FIRST,3.437565472561077,3.437565472561077,0.0,21,0,0,0,0,0,-9.894027541086349
PRIMARY,282,002475.SZ,2026-01-08,-35.0,TP_FIRST,1.540552873571203,1.540552873571203,0.0,56,0,0,0,0,0,-18.823201056328863
PRIMARY,283,601138.SH,2026-01-29,-35.0,TP_FIRST,3.823418044659373,3.823418044659373,0.0,41,0,0,0,0,0,-17.012814423960076
PRIMARY,284,688256.SH,2026-02-03,-35.0,TP_FIRST,12.397855616133041,12.397855616133041,0.0,38,0,0,0,0,0,-12.087912087912079
PRIMARY,285,601899.SH,2026-03-16,-35.0,TP_FIRST,9.119263883295172,9.119263883295172,0.0,20,0,0,0,0,0,-14.280941525906998
PRIMARY,286,603986.SH,2026-03-31,-35.0,TP_FIRST,19.7457903723054,19.7457903723054,0.0,13,0,0,0,0,0,-2.865134133444669
PRIMARY,287,300059.SZ,2026-03-20,-35.0,TP_FIRST,8.424165896338625,8.424165896338625,0.0,31,0,0,0,0,0,-7.322200643291355
PRIMARY,288,300274.SZ,2026-04-01,-35.0,TP_FIRST,13.077001683310016,13.077001683310016,0.0,23,0,0,0,0,0,-7.472322364359973
PRIMARY,289,300274.SZ,2026-07-01,-35.0,TP_FIRST,-8.358514552822074,-8.358514552822074,0.0,28,0,0,0,0,0,-26.27934444027391
PRIMARY,290,600487.SH,2026-07-06,-35.0,TP_FIRST,-17.707576907721744,-32.46182188634911,-14.754244978627362,9,1,1,0,0,0,-46.153139444336865
PRIMARY,291,688525.SH,2026-07-15,-35.0,TP_FIRST,-19.368418251981645,-19.368418251981645,0.0,28,0,0,0,0,0,-34.73193473193472
PRIMARY,292,688008.SH,2026-07-16,-35.0,TP_FIRST,-3.6609369962131426,-3.6609369962131426,0.0,27,0,0,0,0,0,-12.165294341773524
PRIMARY,293,688256.SH,2026-07-16,-35.0,TP_FIRST,-7.309240157764709,-7.309240157764709,0.0,27,0,0,0,0,0,-25.153710642669623
PRIMARY,294,300308.SZ,2026-07-17,-35.0,TP_FIRST,-11.744158826402947,-11.744158826402947,0.0,26,0,0,0,0,0,-22.96628924619374
PRIMARY,295,600584.SH,2026-07-20,-35.0,TP_FIRST,-3.746170199653699,-3.746170199653699,0.0,25,0,0,0,0,0,-20.75720869405966
PRIMARY,296,300502.SZ,2026-07-28,-35.0,TP_FIRST,-3.1289001702402826,-3.1289001702402826,0.0,19,0,0,0,0,0,-14.854383942881455
PRIMARY,297,002384.SZ,2026-07-29,-35.0,TP_FIRST,6.860142611567042,6.860142611567042,0.0,18,0,0,0,0,0,-9.217430672804971
PRIMARY,298,002475.SZ,2026-08-03,-35.0,TP_FIRST,1.2862198685484683,1.2862198685484683,0.0,15,0,0,0,0,0,-4.021902045888859
PRIMARY,299,600276.SH,2026-08-20,-35.0,TP_FIRST,-2.438053366642191,-2.438053366642191,0.0,2,0,0,0,0,0,-4.81585777507767
PRIMARY,1,000651.SZ,2020-03-19,-40.0,STOP_FIRST,8.76502998612771,8.76502998612771,0.0,15,0,0,0,0,0,-3.253806511060575
PRIMARY,2,600030.SH,2020-03-16,-40.0,STOP_FIRST,1.2152522266729697,1.2152522266729697,0.0,19,0,0,0,0,0,-7.086832162571954
PRIMARY,3,300750.SZ,2020-02-28,-40.0,STOP_FIRST,-1.0193924653390611,-1.0193924653390611,0.0,31,0,0,0,0,0,-24.419958905481774
PRIMARY,4,601318.SH,2020-02-28,-40.0,STOP_FIRST,-1.3453625770562572,-1.3453625770562572,0.0,33,0,0,0,0,0,-15.814522556095568
PRIMARY,5,600036.SH,2020-03-19,-40.0,STOP_FIRST,10.683448687695108,10.683448687695108,0.0,25,0,0,0,0,0,-0.09990265754196148
PRIMARY,6,002475.SZ,2020-03-17,-40.0,STOP_FIRST,14.92275528149982,14.92275528149982,0.0,28,0,0,0,0,0,-11.112505536775796
PRIMARY,7,000858.SZ,2020-03-17,-40.0,STOP_FIRST,26.82736619482785,26.82736619482785,0.0,28,0,0,0,0,0,-12.958069092199342
PRIMARY,8,000063.SZ,2020-03-17,-40.0,STOP_FIRST,3.2396956676295363,3.2396956676295363,0.0,32,0,0,0,0,0,-10.59060271470772
PRIMARY,9,000725.SZ,2020-03-16,-40.0,STOP_FIRST,4.611959703094805,4.611959703094805,0.0,35,0,0,0,0,0,-20.127607365604128
PRIMARY,10,002506.SZ,2020-03-26,-40.0,STOP_FIRST,-6.524016348081019,-6.524016348081019,0.0,35,0,0,0,0,0,-31.211643047504246
PRIMARY,11,600519.SH,2020-03-18,-40.0,STOP_FIRST,39.54846152311298,39.54846152311298,0.0,48,0,0,0,0,0,-3.505987509815356
PRIMARY,12,000002.SZ,2020-03-18,-40.0,STOP_FIRST,4.681297620587952,4.681297620587952,0.0,49,0,0,0,0,0,-6.372695888701285
PRIMARY,13,002714.SZ,2020-05-11,-40.0,STOP_FIRST,-37.346517858183255,-40.15108512071562,-2.804567262532366,17,1,1,0,0,0,-43.62347582705105
PRIMARY,14,000063.SZ,2020-05-25,-40.0,STOP_FIRST,8.355437860095789,8.355437860095789,0.0,17,0,0,0,0,0,-5.214052830367422
PRIMARY,15,002415.SZ,2020-05-25,-40.0,STOP_FIRST,7.15509150196319,7.15509150196319,0.0,17,0,0,0,0,0,-2.5965128554330974
PRIMARY,16,600703.SH,2020-06-15,-40.0,STOP_FIRST,15.534542524394753,15.534542524394753,0.0,12,0,0,0,0,0,-1.7232235549681896
PRIMARY,17,600030.SH,2020-09-07,-40.0,STOP_FIRST,3.3416942678344705,3.3416942678344705,0.0,18,0,0,0,0,0,-2.3347247522243597
PRIMARY,18,300059.SZ,2020-09-09,-40.0,STOP_FIRST,4.052671012057143,4.052671012057143,0.0,16,0,0,0,0,0,-5.835594827212354
PRIMARY,19,600276.SH,2020-09-17,-40.0,STOP_FIRST,7.964121567403469,7.964121567403469,0.0,10,0,0,0,0,0,-0.30802389658590723
PRIMARY,20,000063.SZ,2020-09-10,-40.0,STOP_FIRST,8.16654508112372,8.16654508112372,0.0,16,0,0,0,0,0,-2.1893558485753473
PRIMARY,21,000651.SZ,2020-09-28,-40.0,STOP_FIRST,7.18749636223901,7.18749636223901,0.0,5,0,0,0,0,0,-0.7920940870049797
PRIMARY,22,600036.SH,2020-09-30,-40.0,STOP_FIRST,8.189846606772502,8.189846606772502,0.0,5,0,0,0,0,0,-0.8409143929827279
PRIMARY,23,002456.SZ,2020-09-01,-40.0,STOP_FIRST,0.3287151054327302,0.3287151054327302,0.0,34,0,0,0,0,0,-16.877466166367018
PRIMARY,24,300136.SZ,2020-10-12,-40.0,STOP_FIRST,3.7523403888601528,3.7523403888601528,0.0,19,0,0,0,0,0,-11.264076050883421
PRIMARY,25,600030.SH,2020-10-26,-40.0,STOP_FIRST,5.218510332201447,5.218510332201447,0.0,19,0,0,0,0,0,-4.85376403171518
PRIMARY,26,000661.SZ,2020-09-16,-40.0,STOP_FIRST,10.365131138225253,10.365131138225253,0.0,47,0,0,0,0,0,-10.396266523703268
PRIMARY,27,600745.SH,2020-09-08,-40.0,STOP_FIRST,1.4169185149017833,1.4169185149017833,0.0,57,0,0,0,0,0,-24.96934183424869
PRIMARY,28,601012.SH,2020-11-13,-40.0,STOP_FIRST,11.570904483395198,11.570904483395198,0.0,17,0,0,0,0,0,-7.125413198287678
PRIMARY,29,300122.SZ,2020-11-11,-40.0,STOP_FIRST,21.594186068179752,21.594186068179752,0.0,27,0,0,0,0,0,-14.25593292277403
PRIMARY,30,002475.SZ,2020-11-16,-40.0,STOP_FIRST,4.922943424348968,4.922943424348968,0.0,26,0,0,0,0,0,-6.247600021016375
PRIMARY,31,002241.SZ,2020-11-16,-40.0,STOP_FIRST,2.7641560070263713,2.7641560070263713,0.0,28,0,0,0,0,0,-8.190219287755895
PRIMARY,32,000651.SZ,2020-12-09,-40.0,STOP_FIRST,4.778058019478602,4.778058019478602,0.0,17,0,0,0,0,0,-6.9491076663235285
PRIMARY,33,688981.SH,2020-12-16,-40.0,STOP_FIRST,16.521188858697652,16.521188858697652,0.0,16,0,0,0,0,0,-4.393704306917501
PRIMARY,34,601318.SH,2021-01-28,-40.0,STOP_FIRST,9.42474089385644,9.42474089385644,0.0,14,0,0,0,0,0,-7.015107202120719
PRIMARY,35,300059.SZ,2021-02-22,-40.0,STOP_FIRST,-9.75617275607125,-9.75617275607125,0.0,28,0,0,0,0,0,-21.294436987155805
PRIMARY,36,000333.SZ,2021-02-22,-40.0,STOP_FIRST,1.124921971714471,1.124921971714471,0.0,28,0,0,0,0,0,-11.037863818654303
PRIMARY,37,000858.SZ,2021-03-08,-40.0,STOP_FIRST,16.23467230378328,16.23467230378328,0.0,18,0,0,0,0,0,-5.053624061888506
PRIMARY,38,600030.SH,2021-03-01,-40.0,STOP_FIRST,-1.7719464410848904,-1.7719464410848904,0.0,24,0,0,0,0,0,-9.731175855642116
PRIMARY,39,601012.SH,2021-03-04,-40.0,STOP_FIRST,2.8151228530517156,2.8151228530517156,0.0,21,0,0,0,0,0,-20.33269501471261
PRIMARY,40,002241.SZ,2021-01-29,-40.0,STOP_FIRST,-2.3809753380773024,-2.3809753380773024,0.0,45,0,0,0,0,0,-24.32266643437805
PRIMARY,41,300750.SZ,2021-01-29,-40.0,STOP_FIRST,2.6778263400166544,2.6778263400166544,0.0,46,0,0,0,0,0,-20.744980856829066
PRIMARY,42,002475.SZ,2021-01-28,-40.0,STOP_FIRST,-17.795635461958412,-17.795635461958412,0.0,50,0,0,0,0,0,-38.05999710973133
PRIMARY,43,600438.SH,2021-03-05,-40.0,STOP_FIRST,-2.082117681436346,-2.082117681436346,0.0,30,0,0,0,0,0,-21.900640918932147
PRIMARY,44,300014.SZ,2021-03-23,-40.0,STOP_FIRST,20.343646524893185,20.343646524893185,0.0,18,0,0,0,0,0,-1.1328405715407053
PRIMARY,45,601899.SH,2021-03-24,-40.0,STOP_FIRST,13.67315267261283,13.67315267261283,0.0,17,0,0,0,0,0,-0.5227592786883895
PRIMARY,46,601166.SH,2021-04-15,-40.0,STOP_FIRST,10.16039399503804,10.16039399503804,0.0,15,0,0,0,0,0,-2.3887839446735004
PRIMARY,47,600276.SH,2021-04-15,-40.0,STOP_FIRST,2.9762113310555116,2.9762113310555116,0.0,18,0,0,0,0,0,-5.364820806114978
PRIMARY,48,002352.SZ,2021-04-12,-40.0,STOP_FIRST,1.806031845385725,1.806031845385725,0.0,22,0,0,0,0,0,-8.258407334556994
PRIMARY,49,600519.SH,2021-05-06,-40.0,STOP_FIRST,12.309433820124724,12.309433820124724,0.0,12,0,0,0,0,0,-5.132526010090399
PRIMARY,50,600031.SH,2021-03-09,-40.0,STOP_FIRST,2.027751640672817,2.027751640672817,0.0,55,0,0,0,0,0,-27.978387085265844
PRIMARY,51,600009.SH,2021-02-03,-40.0,STOP_FIRST,-1.1354409255495685,-1.1354409255495685,0.0,76,0,0,0,0,0,-22.985275095121573
PRIMARY,52,002594.SZ,2021-02-24,-40.0,STOP_FIRST,16.160298578230066,16.160298578230066,0.0,69,0,0,0,0,0,-34.73181070183321
PRIMARY,53,002340.SZ,2021-06-07,-40.0,STOP_FIRST,5.290865136021748,5.290865136021748,0.0,19,0,0,0,0,0,-11.268220523967209
PRIMARY,54,000661.SZ,2021-05-24,-40.0,STOP_FIRST,3.543179209088439,3.543179209088439,0.0,38,0,0,0,0,0,-16.869230019043936
PRIMARY,55,002594.SZ,2021-07-16,-40.0,STOP_FIRST,25.77910857036041,25.77910857036041,0.0,10,0,0,0,0,0,-2.6882194842621776
PRIMARY,56,600031.SH,2021-06-11,-40.0,STOP_FIRST,4.433342850860986,4.433342850860986,0.0,35,0,0,0,0,0,-15.123799665013548
PRIMARY,57,002241.SZ,2021-07-22,-40.0,STOP_FIRST,10.273218124699701,10.273218124699701,0.0,9,0,0,0,0,0,-7.886693775763421
PRIMARY,58,600036.SH,2021-07-08,-40.0,STOP_FIRST,8.736132867824947,8.736132867824947,0.0,28,0,0,0,0,0,-10.298243793004092
PRIMARY,59,300782.SZ,2021-07-13,-40.0,STOP_FIRST,4.700284102162052,4.700284102162052,0.0,29,0,0,0,0,0,-10.944165622271129
PRIMARY,60,601919.SH,2021-07-23,-40.0,STOP_FIRST,21.9399821535198,21.9399821535198,0.0,25,0,0,0,0,0,-13.003666576368966
PRIMARY,61,002460.SZ,2021-08-16,-40.0,STOP_FIRST,24.025427124052413,24.025427124052413,0.0,9,0,0,0,0,0,-2.17885582383488
PRIMARY,62,300750.SZ,2021-07-27,-40.0,STOP_FIRST,8.626053858905106,8.626053858905106,0.0,34,0,0,0,0,0,-5.360767280539502
PRIMARY,63,300760.SZ,2021-08-20,-40.0,STOP_FIRST,25.243095200327115,25.243095200327115,0.0,19,0,0,0,0,0,-1.3648131532456809
PRIMARY,64,600519.SH,2021-07-26,-40.0,STOP_FIRST,2.091334708861519,2.091334708861519,0.0,41,0,0,0,0,0,-15.47553943560599
PRIMARY,65,002714.SZ,2021-05-24,-40.0,STOP_FIRST,-18.715268930191936,-10.260682763192662,8.454586166999274,42,1,1,0,0,1,-56.67478900029019
PRIMARY,66,000858.SZ,2021-07-08,-40.0,STOP_FIRST,-7.6342909419297795,-7.6342909419297795,0.0,54,0,0,0,0,0,-28.655500122152368
PRIMARY,67,002594.SZ,2021-09-29,-40.0,STOP_FIRST,17.089129638620165,17.089129638620165,0.0,6,0,0,0,0,0,-0.5192972651856032
PRIMARY,68,601318.SH,2021-03-18,-40.0,STOP_FIRST,-28.116081051784203,-34.814304285579965,-6.698223233795762,125,1,1,0,0,0,-41.80696245003698
PRIMARY,69,000651.SZ,2021-05-25,-40.0,STOP_FIRST,-19.03127753582529,-19.03127753582529,0.0,99,0,0,0,0,0,-33.090168102543274
PRIMARY,70,000333.SZ,2021-07-05,-40.0,STOP_FIRST,11.175030722164129,11.175030722164129,0.0,71,0,0,0,0,0,-9.770984837876318
PRIMARY,71,600111.SH,2021-09-29,-40.0,STOP_FIRST,22.277893313169177,22.277893313169177,0.0,12,0,0,0,0,0,-3.6351512387024387
PRIMARY,72,600089.SH,2021-10-08,-40.0,STOP_FIRST,21.757208672823793,21.757208672823793,0.0,12,0,0,0,0,0,-5.355399017850127
PRIMARY,73,002466.SZ,2021-09-22,-40.0,STOP_FIRST,5.276533723848393,5.276533723848393,0.0,28,0,0,0,0,0,-18.18048772561611
PRIMARY,74,000858.SZ,2021-11-01,-40.0,STOP_FIRST,7.772649549904674,7.772649549904674,0.0,16,0,0,0,0,0,-2.695601939103509
PRIMARY,75,603259.SH,2021-11-04,-40.0,STOP_FIRST,10.333997515607747,10.333997515607747,0.0,15,0,0,0,0,0,-4.388640111365582
PRIMARY,76,601919.SH,2021-09-28,-40.0,STOP_FIRST,3.0377221934720415,3.0377221934720415,0.0,39,0,0,0,0,0,-19.410201081693145
PRIMARY,77,600030.SH,2021-11-16,-40.0,STOP_FIRST,7.942169042945349,7.942169042945349,0.0,13,0,0,0,0,0,-1.3115665629502171
PRIMARY,78,000651.SZ,2021-10-27,-40.0,STOP_FIRST,3.7666645298140864,3.7666645298140864,0.0,30,0,0,0,0,0,-6.591904190897946
PRIMARY,79,600036.SH,2021-11-26,-40.0,STOP_FIRST,7.780249533285357,7.780249533285357,0.0,8,0,0,0,0,0,-2.0264594890360255
PRIMARY,80,600036.SH,2021-12-29,-40.0,STOP_FIRST,5.516341863497587,5.516341863497587,0.0,14,0,0,0,0,0,-0.892595978810895
PRIMARY,81,002129.SZ,2021-12-01,-40.0,STOP_FIRST,7.212021342950852,7.212021342950852,0.0,38,0,0,0,0,0,-10.209695479014202
PRIMARY,82,600030.SH,2022-01-14,-40.0,STOP_FIRST,1.0102995428563417,1.0102995428563417,0.0,9,0,0,0,0,0,-4.115180796829354
PRIMARY,83,601888.SH,2021-11-02,-40.0,STOP_FIRST,7.8045788936873635,7.8045788936873635,0.0,65,0,0,0,0,0,-17.76278012400819
PRIMARY,84,600111.SH,2021-12-24,-40.0,STOP_FIRST,10.927469701064592,10.927469701064592,0.0,31,0,0,0,0,0,-16.158101136300374
PRIMARY,85,000792.SZ,2022-01-20,-40.0,STOP_FIRST,18.801769360068377,18.801769360068377,0.0,13,0,0,0,0,0,-2.101609531796167
PRIMARY,86,002460.SZ,2021-12-20,-40.0,STOP_FIRST,7.327370162653349,7.327370162653349,0.0,36,0,0,0,0,0,-13.694999767838578
PRIMARY,87,002466.SZ,2021-12-20,-40.0,STOP_FIRST,1.837573601773871,1.837573601773871,0.0,36,0,0,0,0,0,-19.98566660073482
PRIMARY,88,000661.SZ,2022-01-24,-40.0,STOP_FIRST,11.89884859958246,11.89884859958246,0.0,17,0,0,0,0,0,-4.775620293737893
PRIMARY,89,601012.SH,2021-12-01,-40.0,STOP_FIRST,6.472325573333965,6.472325573333965,0.0,57,0,0,0,0,0,-23.797689806559163
PRIMARY,90,603259.SH,2021-12-20,-40.0,STOP_FIRST,12.254494786218984,12.254494786218984,0.0,56,0,0,0,0,0,-28.86139126771904
PRIMARY,91,000002.SZ,2022-03-04,-40.0,STOP_FIRST,14.88504791739044,14.88504791739044,0.0,18,0,0,0,0,0,-22.246037106497695
PRIMARY,92,300059.SZ,2022-01-05,-40.0,STOP_FIRST,-5.7513210082683415,-5.7513210082683415,0.0,63,0,0,0,0,0,-34.89656169461941
PRIMARY,93,600519.SH,2022-01-07,-40.0,STOP_FIRST,0.9984159395398549,0.9984159395398549,0.0,61,0,0,0,0,0,-17.458488731459298
PRIMARY,94,601888.SH,2022-03-14,-40.0,STOP_FIRST,7.812849493656972,7.812849493656972,0.0,20,0,0,0,0,0,-8.439813952671848
PRIMARY,95,002594.SZ,2021-12-16,-40.0,STOP_FIRST,-1.5968178542206901,-1.5968178542206901,0.0,88,0,0,0,0,0,-26.330714118353036
PRIMARY,96,000625.SZ,2021-11-16,-40.0,STOP_FIRST,-22.229994518631575,-28.39048716244246,-6.160492643810887,74,1,1,0,0,0,-53.29984290867762
PRIMARY,97,002475.SZ,2022-02-08,-40.0,STOP_FIRST,-17.15409169654668,-31.347387126588632,-14.193295430041953,52,1,1,0,0,0,-40.77681436537638
PRIMARY,98,002466.SZ,2022-04-25,-40.0,STOP_FIRST,41.854779546894,41.854779546894,0.0,8,0,0,0,0,0,-3.4110472521140522
PRIMARY,99,300274.SZ,2021-12-21,-40.0,STOP_FIRST,-25.58857835409347,-34.813876067678535,-9.225297713585064,77,1,1,0,0,1,-58.717689038471335
PRIMARY,100,002460.SZ,2022-03-08,-40.0,STOP_FIRST,17.706849570514894,17.706849570514894,0.0,48,0,0,0,0,0,-28.642784574491998
PRIMARY,101,000858.SZ,2022-01-28,-40.0,STOP_FIRST,-8.807756178930596,-8.807756178930596,0.0,75,0,0,0,0,0,-25.5194802146096
PRIMARY,102,300014.SZ,2022-03-03,-40.0,STOP_FIRST,26.31764601662993,26.31764601662993,0.0,58,0,0,0,0,0,-32.624915571840454
PRIMARY,103,300750.SZ,2021-12-20,-40.0,STOP_FIRST,-14.232912370394569,-29.596747843428805,-15.363835473034236,86,1,1,0,0,0,-41.8073675499418
PRIMARY,104,601012.SH,2022-03-29,-40.0,STOP_FIRST,-12.752364240157288,-12.752364240157288,0.0,42,0,0,0,0,0,-24.82075936524716
PRIMARY,105,002415.SZ,2022-05-06,-40.0,STOP_FIRST,3.5450375895839463,3.5450375895839463,0.0,19,0,0,0,0,0,-8.562023743217374
PRIMARY,106,600276.SH,2022-01-13,-40.0,STOP_FIRST,-29.55698724716474,-35.56450251150301,-6.0075152643382665,65,1,1,0,0,0,-42.610580908453244
PRIMARY,107,601318.SH,2022-03-15,-40.0,STOP_FIRST,-0.3864474449981416,-0.3864474449981416,0.0,55,0,0,0,0,0,-2.315282705156485
PRIMARY,108,600036.SH,2022-03-07,-40.0,STOP_FIRST,-6.245523329299984,-6.245523329299984,0.0,65,0,0,0,0,0,-24.345417637488787
PRIMARY,109,300122.SZ,2022-04-14,-40.0,STOP_FIRST,-6.645958234266682,-6.645958234266682,0.0,40,0,0,0,0,0,-28.79470109263167
PRIMARY,110,002241.SZ,2022-06-23,-40.0,STOP_FIRST,2.8400230023871615,2.8400230023871615,0.0,30,0,0,0,0,0,-5.007927632982501
PRIMARY,111,002466.SZ,2022-08-19,-40.0,STOP_FIRST,13.385590477234006,13.385590477234006,0.0,2,0,0,0,0,0,-2.8634236347626074
PRIMARY,112,600036.SH,2022-07-13,-40.0,STOP_FIRST,-1.5651520516643562,-1.5651520516643562,0.0,34,0,0,0,0,0,-12.409355098525655
PRIMARY,113,601888.SH,2022-08-08,-40.0,STOP_FIRST,7.1858432781792185,7.1858432781792185,0.0,33,0,0,0,0,0,-8.133019118063235
PRIMARY,114,000858.SZ,2022-07-29,-40.0,STOP_FIRST,-2.4673011477159523,-2.4673011477159523,0.0,40,0,0,0,0,0,-12.093504633059515
PRIMARY,115,300274.SZ,2022-08-31,-40.0,STOP_FIRST,13.216110132265186,13.216110132265186,0.0,23,0,0,0,0,0,-6.803285897864219
PRIMARY,116,300760.SZ,2022-09-21,-40.0,STOP_FIRST,26.10435256088347,26.10435256088347,0.0,11,0,0,0,0,0,-2.945982270341807
PRIMARY,117,603259.SH,2022-07-27,-40.0,STOP_FIRST,-6.553924195303395,-6.553924195303395,0.0,51,0,0,0,0,0,-30.331191278374803
PRIMARY,118,601012.SH,2022-08-03,-40.0,STOP_FIRST,-1.5712301907594528,-1.5712301907594528,0.0,54,0,0,0,0,0,-20.79675190961924
PRIMARY,119,688599.SH,2022-08-19,-40.0,STOP_FIRST,4.900961296612725,4.900961296612725,0.0,42,0,0,0,0,0,-11.786057206268874
PRIMARY,120,002459.SZ,2022-08-19,-40.0,STOP_FIRST,5.627000867343111,5.627000867343111,0.0,42,0,0,0,0,0,-10.712385831051897
PRIMARY,121,601899.SH,2022-09-26,-40.0,STOP_FIRST,6.916188828671841,6.916188828671841,0.0,18,0,0,0,0,0,-3.33920245581949
PRIMARY,122,002460.SZ,2022-08-25,-40.0,STOP_FIRST,2.226213115920718,2.226213115920718,0.0,41,0,0,0,0,0,-16.759572939966095
PRIMARY,123,002271.SZ,2022-08-23,-40.0,STOP_FIRST,-5.965240206705305,-5.965240206705305,0.0,44,0,0,0,0,0,-29.215251654169816
PRIMARY,124,600703.SH,2022-09-20,-40.0,STOP_FIRST,1.4365619204532005,1.4365619204532005,0.0,26,0,0,0,0,0,-17.135927537327543
PRIMARY,125,002594.SZ,2022-07-12,-40.0,STOP_FIRST,-2.227087712436274,-2.227087712436274,0.0,76,0,0,0,0,0,-23.762322609884045
PRIMARY,126,002466.SZ,2022-09-01,-40.0,STOP_FIRST,0.41755742217796255,0.41755742217796255,0.0,39,0,0,0,0,0,-17.18698543788346
PRIMARY,127,002050.SZ,2022-10-11,-40.0,STOP_FIRST,8.648758708124946,8.648758708124946,0.0,17,0,0,0,0,0,-7.919779995223497
PRIMARY,128,603799.SH,2022-09-29,-40.0,STOP_FIRST,1.9036214562895246,1.9036214562895246,0.0,21,0,0,0,0,0,-18.54792363873298
PRIMARY,129,600030.SH,2022-09-16,-40.0,STOP_FIRST,3.2914258355483077,3.2914258355483077,0.0,34,0,0,0,0,0,-7.2317278605463
PRIMARY,130,600036.SH,2022-10-10,-40.0,STOP_FIRST,4.74708231806275,4.74708231806275,0.0,23,0,0,0,0,0,-17.352231797581
PRIMARY,131,601166.SH,2022-08-29,-40.0,STOP_FIRST,2.990941980494697,2.990941980494697,0.0,48,0,0,0,0,0,-11.758858159541209
PRIMARY,132,601318.SH,2022-10-24,-40.0,STOP_FIRST,11.54058817209945,11.54058817209945,0.0,14,0,0,0,0,0,-4.56589305883337
PRIMARY,133,000651.SZ,2022-10-31,-40.0,STOP_FIRST,11.08646263720554,11.08646263720554,0.0,9,0,0,0,0,0,-0.62111668689665
PRIMARY,134,300059.SZ,2022-08-02,-40.0,STOP_FIRST,1.3148602142200303,1.3148602142200303,0.0,68,0,0,0,0,0,-28.41433393805436
PRIMARY,135,000625.SZ,2022-08-24,-40.0,STOP_FIRST,2.31475867645841,2.31475867645841,0.0,63,0,0,0,0,0,-27.190338345372766
PRIMARY,136,000858.SZ,2022-10-24,-40.0,STOP_FIRST,13.014502136358589,13.014502136358589,0.0,26,0,0,0,0,0,-6.076160549181053
PRIMARY,137,600519.SH,2022-09-05,-40.0,STOP_FIRST,-5.861614932184937,-5.861614932184937,0.0,56,0,0,0,0,0,-27.44375317821398
PRIMARY,138,000568.SZ,2022-10-10,-40.0,STOP_FIRST,5.894426001503926,5.894426001503926,0.0,37,0,0,0,0,0,-26.23829865914583
PRIMARY,139,600887.SH,2022-10-20,-40.0,STOP_FIRST,6.706648715667189,6.706648715667189,0.0,29,0,0,0,0,0,-18.517421916247343
PRIMARY,140,002714.SZ,2022-10-26,-40.0,STOP_FIRST,5.23244617556544,5.23244617556544,0.0,28,0,0,0,0,0,-8.911088606217998
PRIMARY,141,300750.SZ,2022-09-01,-40.0,STOP_FIRST,-1.3981718838619202,-1.3981718838619202,0.0,62,0,0,0,0,0,-24.986572858520837
PRIMARY,142,002371.SZ,2022-10-12,-40.0,STOP_FIRST,10.597667780822029,10.597667780822029,0.0,44,0,0,0,0,0,-5.446303292394417
PRIMARY,143,603259.SH,2022-11-28,-40.0,STOP_FIRST,6.738265986701266,6.738265986701266,0.0,22,0,0,0,0,0,-2.1226976811561937
PRIMARY,144,600522.SH,2022-11-01,-40.0,STOP_FIRST,-5.676303523410963,-5.676303523410963,0.0,43,0,0,0,0,0,-30.66339374603776
PRIMARY,145,300274.SZ,2022-12-06,-40.0,STOP_FIRST,12.35423017458993,12.35423017458993,0.0,18,0,0,0,0,0,-12.997661644686353
PRIMARY,146,002241.SZ,2022-11-11,-40.0,STOP_FIRST,8.552942953591648,8.552942953591648,0.0,37,0,0,0,0,0,-2.0552360649699564
PRIMARY,147,002812.SZ,2022-11-23,-40.0,STOP_FIRST,12.272962184274384,12.272962184274384,0.0,30,0,0,0,0,0,-7.454367889448843
PRIMARY,148,601012.SH,2022-12-22,-40.0,STOP_FIRST,11.348570853081775,11.348570853081775,0.0,17,0,0,0,0,0,-1.83945407826005
PRIMARY,149,000625.SZ,2022-12-28,-40.0,STOP_FIRST,15.403895272762636,15.403895272762636,0.0,16,0,0,0,0,0,-2.461030882431914
PRIMARY,150,002709.SZ,2022-12-30,-40.0,STOP_FIRST,15.538268097973235,15.538268097973235,0.0,14,0,0,0,0,0,-2.7348780509869663
PRIMARY,151,300014.SZ,2023-01-11,-40.0,STOP_FIRST,6.981985480381129,6.981985480381129,0.0,9,0,0,0,0,0,-4.915491114570337
PRIMARY,152,300750.SZ,2023-02-17,-40.0,STOP_FIRST,3.6254689430868456,3.6254689430868456,0.0,29,0,0,0,0,0,-11.62683470375777
PRIMARY,153,600519.SH,2023-03-08,-40.0,STOP_FIRST,3.358107895598216,3.358107895598216,0.0,16,0,0,0,0,0,-2.5877984739737014
PRIMARY,154,300059.SZ,2023-03-07,-40.0,STOP_FIRST,6.704927557794763,6.704927557794763,0.0,18,0,0,0,0,0,-6.726693190328403
PRIMARY,155,300274.SZ,2023-03-14,-40.0,STOP_FIRST,3.872684453553771,3.872684453553771,0.0,23,0,0,0,0,0,-11.398858058207795
PRIMARY,156,002594.SZ,2023-03-10,-40.0,STOP_FIRST,7.839512102970262,7.839512102970262,0.0,33,0,0,0,0,0,-3.6913778017047982
PRIMARY,157,000858.SZ,2023-04-10,-40.0,STOP_FIRST,-2.6488868636941545,-2.6488868636941545,0.0,26,0,0,0,0,0,-10.048100566887374
PRIMARY,158,000651.SZ,2023-05-04,-40.0,STOP_FIRST,6.144996620188443,6.144996620188443,0.0,25,0,0,0,0,0,-8.255590958382841
PRIMARY,159,601899.SH,2023-05-12,-40.0,STOP_FIRST,6.727401168026937,6.727401168026937,0.0,19,0,0,0,0,0,-5.558920911138776
PRIMARY,160,600519.SH,2023-04-12,-40.0,STOP_FIRST,6.514893856808776,6.514893856808776,0.0,43,0,0,0,0,0,-4.355999030555235
PRIMARY,161,601012.SH,2023-03-16,-40.0,STOP_FIRST,-17.84953964554572,-17.84953964554572,0.0,68,0,0,0,0,0,-33.276416390528766
PRIMARY,162,600036.SH,2023-04-27,-40.0,STOP_FIRST,-0.6278320762058595,-0.6278320762058595,0.0,57,0,0,0,0,0,-3.793063901958049
PRIMARY,163,600809.SH,2023-05-22,-40.0,STOP_FIRST,9.67465728119054,9.67465728119054,0.0,43,0,0,0,0,0,-16.847859403834985
PRIMARY,164,300059.SZ,2023-05-29,-40.0,STOP_FIRST,3.238668828858134,3.238668828858134,0.0,38,0,0,0,0,0,-4.622126321593722
PRIMARY,165,002415.SZ,2023-06-09,-40.0,STOP_FIRST,9.253968396028046,9.253968396028046,0.0,31,0,0,0,0,0,-3.0509320142771967
PRIMARY,166,300750.SZ,2023-06-07,-40.0,STOP_FIRST,8.015096907867838,8.015096907867838,0.0,35,0,0,0,0,0,-2.799902799902787
PRIMARY,167,688981.SH,2023-05-09,-40.0,STOP_FIRST,-1.9912914951639942,-1.9912914951639942,0.0,57,0,0,0,0,0,-7.822752791213516
PRIMARY,168,600570.SH,2023-07-11,-40.0,STOP_FIRST,12.935015317595871,12.935015317595871,0.0,17,0,0,0,0,0,-3.6163828033945022
PRIMARY,169,300418.SZ,2023-06-26,-40.0,STOP_FIRST,-7.109717403112448,-7.109717403112448,0.0,34,0,0,0,0,0,-22.324869570606698
PRIMARY,170,600276.SH,2023-07-31,-40.0,STOP_FIRST,2.244966610480217,2.244966610480217,0.0,19,0,0,0,0,0,-16.355370032537774
PRIMARY,171,002230.SZ,2023-08-16,-40.0,STOP_FIRST,-4.04018826584394,-4.04018826584394,0.0,32,0,0,0,0,0,-19.948062722882465
PRIMARY,172,002475.SZ,2023-09-07,-40.0,STOP_FIRST,6.728014277472455,6.728014277472455,0.0,17,0,0,0,0,0,-4.4345508276317
PRIMARY,173,300760.SZ,2023-08-07,-40.0,STOP_FIRST,6.5338873044717865,6.5338873044717865,0.0,53,0,0,0,0,0,-4.449940020156773
PRIMARY,174,000858.SZ,2023-08-18,-40.0,STOP_FIRST,9.240903528696505,9.240903528696505,0.0,46,0,0,0,0,0,-12.715230910264852
PRIMARY,175,300014.SZ,2023-02-20,-40.0,STOP_FIRST,-28.568832058383776,-33.488726314340454,-4.919894255956677,146,1,1,0,0,0,-44.47756749417103
PRIMARY,176,300059.SZ,2023-10-23,-40.0,STOP_FIRST,6.795375111896212,6.795375111896212,0.0,9,0,0,0,0,0,-0.4417866895821354
PRIMARY,177,603019.SH,2023-08-09,-40.0,STOP_FIRST,2.102020516340531,2.102020516340531,0.0,57,0,0,0,0,0,-18.940916927699114
PRIMARY,178,300274.SZ,2023-08-21,-40.0,STOP_FIRST,2.059040269174881,2.059040269174881,0.0,51,0,0,0,0,0,-23.84860922169848
PRIMARY,179,300308.SZ,2023-07-20,-40.0,STOP_FIRST,-5.693477162892338,-5.693477162892338,0.0,75,0,0,0,0,0,-34.647305581306
PRIMARY,180,000977.SZ,2023-08-18,-40.0,STOP_FIRST,7.706372017077919,7.706372017077919,0.0,54,0,0,0,0,0,-32.22636562323018
PRIMARY,181,601012.SH,2023-08-21,-40.0,STOP_FIRST,-11.755699669774852,-11.755699669774852,0.0,86,0,0,0,0,0,-26.371969728680746
PRIMARY,182,600519.SH,2023-10-13,-40.0,STOP_FIRST,1.893988027016628,1.893988027016628,0.0,54,0,0,0,0,0,-7.786761434433009
PRIMARY,183,600009.SH,2023-08-21,-40.0,STOP_FIRST,-11.699228208217027,-11.699228208217027,0.0,98,0,0,0,0,0,-24.842656679790675
PRIMARY,184,601318.SH,2023-11-09,-40.0,STOP_FIRST,-2.3138721028580727,-2.3138721028580727,0.0,53,0,0,0,0,0,-12.395299497973422
PRIMARY,185,000651.SZ,2023-12-20,-40.0,STOP_FIRST,12.104633410839133,12.104633410839133,0.0,26,0,0,0,0,0,-0.22839068988121936
PRIMARY,186,601138.SH,2023-10-24,-40.0,STOP_FIRST,11.050900506142318,11.050900506142318,0.0,73,0,0,0,0,0,-8.702006282856667
PRIMARY,187,000858.SZ,2023-12-13,-40.0,STOP_FIRST,2.808164916171326,2.808164916171326,0.0,37,0,0,0,0,0,-9.305511112151732
PRIMARY,188,600519.SH,2024-01-17,-40.0,STOP_FIRST,5.907729356690894,5.907729356690894,0.0,13,0,0,0,0,0,-1.2708988071569394
PRIMARY,189,300750.SZ,2023-09-08,-40.0,STOP_FIRST,-18.00484444688593,-18.00484444688593,0.0,101,0,0,0,0,0,-37.07504075265946
PRIMARY,190,002230.SZ,2024-01-03,-40.0,STOP_FIRST,3.585730933845497,3.585730933845497,0.0,25,0,0,0,0,0,-13.110142123274604
PRIMARY,191,300418.SZ,2024-01-31,-40.0,STOP_FIRST,39.428041617887864,39.428041617887864,0.0,6,0,0,0,0,0,-9.269811195543308
PRIMARY,192,000568.SZ,2023-12-11,-40.0,STOP_FIRST,1.1120117479146117,1.1120117479146117,0.0,44,0,0,0,0,0,-22.710877834749677
PRIMARY,193,300059.SZ,2023-12-27,-40.0,STOP_FIRST,5.900250298765934,5.900250298765934,0.0,32,0,0,0,0,0,-11.47429406768471
PRIMARY,194,000063.SZ,2023-07-20,-40.0,STOP_FIRST,-20.144973123840867,-23.523779136765775,-3.3788060129249082,106,1,1,0,0,0,-49.074840753076984
PRIMARY,195,000628.SZ,2023-12-14,-40.0,STOP_FIRST,44.67924500816973,44.67924500816973,0.0,43,0,0,0,0,0,-39.992579634592374
PRIMARY,196,000625.SZ,2024-01-04,-40.0,STOP_FIRST,12.686864654118965,12.686864654118965,0.0,30,0,0,0,0,0,-24.25874529738413
PRIMARY,197,301236.SZ,2024-01-22,-40.0,STOP_FIRST,15.202767971466354,15.202767971466354,0.0,18,0,0,0,0,0,-20.518249818689295
PRIMARY,198,002555.SZ,2023-12-25,-40.0,STOP_FIRST,17.471539089853273,17.471539089853273,0.0,39,0,0,0,0,0,-18.06601865960579
PRIMARY,199,000661.SZ,2024-01-12,-40.0,STOP_FIRST,5.324721980411358,5.324721980411358,0.0,26,0,0,0,0,0,-15.088906432452676
PRIMARY,200,300033.SZ,2024-01-16,-40.0,STOP_FIRST,11.478914185701258,11.478914185701258,0.0,24,0,0,0,0,0,-19.68785420497784
PRIMARY,201,002456.SZ,2023-12-14,-40.0,STOP_FIRST,9.13490121758614,9.13490121758614,0.0,48,0,0,0,0,0,-32.75517367129328
PRIMARY,202,603259.SH,2024-01-30,-40.0,STOP_FIRST,16.5357317467109,16.5357317467109,0.0,17,0,0,0,0,0,-19.366346576745652
PRIMARY,203,002594.SZ,2023-08-14,-40.0,STOP_FIRST,-16.277210987224258,-16.277210987224258,0.0,137,0,0,0,0,0,-33.85103047938111
PRIMARY,204,601012.SH,2024-01-29,-40.0,STOP_FIRST,15.268422377533785,15.268422377533785,0.0,24,0,0,0,0,0,-13.258914832233726
PRIMARY,205,002475.SZ,2024-01-17,-40.0,STOP_FIRST,7.219372761109448,7.219372761109448,0.0,37,0,0,0,0,0,-11.861191429965057
PRIMARY,206,601318.SH,2024-03-22,-40.0,STOP_FIRST,8.104543046068015,8.104543046068015,0.0,23,0,0,0,0,0,-6.965721129438385
PRIMARY,207,600519.SH,2024-04-08,-40.0,STOP_FIRST,5.19682233937109,5.19682233937109,0.0,16,0,0,0,0,0,-1.7024675784346077
PRIMARY,208,000977.SZ,2024-04-10,-40.0,STOP_FIRST,12.570545419631626,12.570545419631626,0.0,14,0,0,0,0,0,-8.98589486777226
PRIMARY,209,000628.SZ,2024-03-29,-40.0,STOP_FIRST,-22.18874094507154,-42.84750626964656,-20.65876532457502,15,1,1,0,0,1,-52.38614252495148
PRIMARY,210,002129.SZ,2024-01-30,-40.0,STOP_FIRST,-6.5866863796632105,-6.5866863796632105,0.0,69,0,0,0,0,0,-23.270953005067007
PRIMARY,211,601138.SH,2024-05-31,-40.0,STOP_FIRST,17.235953981802986,17.235953981802986,0.0,8,0,0,0,0,0,-0.1435072194053144
PRIMARY,212,002230.SZ,2024-04-23,-40.0,STOP_FIRST,5.3407176576942215,5.3407176576942215,0.0,35,0,0,0,0,0,-3.192044234481095
PRIMARY,213,600919.SH,2024-04-26,-40.0,STOP_FIRST,-3.22433989136676,-3.22433989136676,0.0,42,0,0,0,0,0,-6.245585876244874
PRIMARY,214,000977.SZ,2024-05-28,-40.0,STOP_FIRST,4.476827597833199,4.476827597833199,0.0,28,0,0,0,0,0,-6.538088943116049
PRIMARY,215,000625.SZ,2024-04-16,-40.0,STOP_FIRST,-3.5813249331349106,-3.5813249331349106,0.0,56,0,0,0,0,0,-22.439671783461513
PRIMARY,216,000725.SZ,2024-05-28,-40.0,STOP_FIRST,4.499483038676097,4.499483038676097,0.0,29,0,0,0,0,0,-5.704054833968886
PRIMARY,217,603019.SH,2024-03-27,-40.0,STOP_FIRST,-3.1650656694684725,-3.1650656694684725,0.0,73,0,0,0,0,0,-19.720874640088848
PRIMARY,218,000858.SZ,2024-06-11,-40.0,STOP_FIRST,-4.863606074584775,-4.863606074584775,0.0,25,0,0,0,0,0,-9.446093150024627
PRIMARY,219,600519.SH,2024-06-11,-40.0,STOP_FIRST,0.5216824393800606,0.5216824393800606,0.0,27,0,0,0,0,0,-10.274440490341663
PRIMARY,220,300750.SZ,2024-06-07,-40.0,STOP_FIRST,1.3901215027090492,1.3901215027090492,0.0,29,0,0,0,0,0,-9.524339063610821
PRIMARY,221,300059.SZ,2024-06-28,-40.0,STOP_FIRST,3.9349979609446946,3.9349979609446946,0.0,22,0,0,0,0,0,-5.914697081934461
PRIMARY,222,601012.SH,2024-06-06,-40.0,STOP_FIRST,-12.181185272863992,-12.181185272863992,0.0,40,0,0,0,0,0,-25.1188709649811
PRIMARY,223,600519.SH,2024-07-30,-40.0,STOP_FIRST,4.979956385509713,4.979956385509713,0.0,22,0,0,0,0,0,-0.09990187614892232
PRIMARY,224,002594.SZ,2024-08-02,-40.0,STOP_FIRST,6.379967880191982,6.379967880191982,0.0,19,0,0,0,0,0,-3.2764151461084245
PRIMARY,225,002475.SZ,2024-08-05,-40.0,STOP_FIRST,8.544910470004318,8.544910470004318,0.0,18,0,0,0,0,0,-3.167255709326977
PRIMARY,226,002466.SZ,2024-04-25,-40.0,STOP_FIRST,-13.212317215788726,-13.212317215788726,0.0,94,0,0,0,0,0,-36.23508762311697
PRIMARY,227,300502.SZ,2024-07-25,-40.0,STOP_FIRST,13.964744747831642,13.964744747831642,0.0,35,0,0,0,0,0,-12.266195988559547
PRIMARY,228,601919.SH,2024-07-08,-40.0,STOP_FIRST,1.7285541339282333,1.7285541339282333,0.0,51,0,0,0,0,0,-19.814263643782315
PRIMARY,229,000063.SZ,2024-08-22,-40.0,STOP_FIRST,3.3955801711335427,3.3955801711335427,0.0,19,0,0,0,0,0,-3.013656189391656
PRIMARY,230,601138.SH,2024-07-18,-40.0,STOP_FIRST,-2.550959931032771,-2.550959931032771,0.0,45,0,0,0,0,0,-27.58542866236795
PRIMARY,231,300308.SZ,2024-07-25,-40.0,STOP_FIRST,7.199933708510119,7.199933708510119,0.0,40,0,0,0,0,0,-20.412077421209307
PRIMARY,232,601899.SH,2024-07-23,-40.0,STOP_FIRST,11.302372099604602,11.302372099604602,0.0,43,0,0,0,0,0,-15.34301819528009
PRIMARY,233,601127.SH,2024-08-28,-40.0,STOP_FIRST,11.860904824260553,11.860904824260553,0.0,17,0,0,0,0,0,-0.6937050159442237
PRIMARY,234,600036.SH,2024-09-09,-40.0,STOP_FIRST,12.650986424212693,12.650986424212693,0.0,9,0,0,0,0,0,-1.1566935372865572
PRIMARY,235,000858.SZ,2024-08-22,-40.0,STOP_FIRST,9.447704740723928,9.447704740723928,0.0,22,0,0,0,0,0,-11.92058204560389
PRIMARY,236,600809.SH,2024-08-28,-40.0,STOP_FIRST,10.265232797714383,10.265232797714383,0.0,18,0,0,0,0,0,-9.343746064530556
PRIMARY,237,600519.SH,2024-09-09,-40.0,STOP_FIRST,13.065449104192647,13.065449104192647,0.0,10,0,0,0,0,0,-9.155678699288794
PRIMARY,238,600276.SH,2024-09-20,-40.0,STOP_FIRST,7.0921102706178285,7.0921102706178285,0.0,3,0,0,0,0,0,-1.5909424566413088
PRIMARY,239,000100.SZ,2024-05-07,-40.0,STOP_FIRST,6.430946014868081,6.430946014868081,0.0,99,0,0,0,0,0,-22.85372018914835
PRIMARY,240,688012.SH,2024-08-23,-40.0,STOP_FIRST,8.980679975166685,8.980679975166685,0.0,22,0,0,0,0,0,-11.105843309233144
PRIMARY,241,688256.SH,2024-09-05,-40.0,STOP_FIRST,22.25002533076108,22.25002533076108,0.0,14,0,0,0,0,0,-3.4709343344747623
PRIMARY,242,600900.SH,2024-09-11,-40.0,STOP_FIRST,8.228584541518643,8.228584541518643,0.0,10,0,0,0,0,0,-0.35235825269818166
PRIMARY,243,600150.SH,2024-09-19,-40.0,STOP_FIRST,4.47320430931633,4.47320430931633,0.0,58,0,0,0,0,0,-6.4123490487716595
PRIMARY,244,600418.SH,2024-11-27,-40.0,STOP_FIRST,19.31501930377224,19.31501930377224,0.0,38,0,0,0,0,0,-4.031151825779977
PRIMARY,245,603019.SH,2025-01-02,-40.0,STOP_FIRST,7.198386187683706,7.198386187683706,0.0,17,0,0,0,0,0,-10.82782494103971
PRIMARY,246,600030.SH,2024-12-31,-40.0,STOP_FIRST,-0.029241512213777625,-0.029241512213777625,0.0,20,0,0,0,0,0,-9.821028359452445
PRIMARY,247,300059.SZ,2025-01-02,-40.0,STOP_FIRST,5.568619214325684,5.568619214325684,0.0,19,0,0,0,0,0,-10.373910853057232
PRIMARY,248,300033.SZ,2025-01-02,-40.0,STOP_FIRST,23.218740081380986,23.218740081380986,0.0,19,0,0,0,0,0,-8.449836646713571
PRIMARY,249,300750.SZ,2025-01-07,-40.0,STOP_FIRST,8.716235937905914,8.716235937905914,0.0,21,0,0,0,0,0,-2.061431530740332
PRIMARY,250,000858.SZ,2025-01-06,-40.0,STOP_FIRST,1.2030252662316376,1.2030252662316376,0.0,23,0,0,0,0,0,-5.193889847781408
PRIMARY,251,688256.SH,2025-01-16,-40.0,STOP_FIRST,19.16467811575612,19.16467811575612,0.0,19,0,0,0,0,0,-4.483732441599764
PRIMARY,252,600519.SH,2025-01-03,-40.0,STOP_FIRST,4.558943908999476,4.558943908999476,0.0,33,0,0,0,0,0,-3.7431935053504506
PRIMARY,253,688256.SH,2025-03-25,-40.0,STOP_FIRST,8.922494348994318,8.922494348994318,0.0,17,0,0,0,0,0,-17.216747908844678
PRIMARY,254,002261.SZ,2025-03-24,-40.0,STOP_FIRST,2.6716085217561965,2.6716085217561965,0.0,23,0,0,0,0,0,-27.78696429320907
PRIMARY,255,600989.SH,2025-03-28,-40.0,STOP_FIRST,6.913448021154776,6.913448021154776,0.0,20,0,0,0,0,0,-8.97260383386529
PRIMARY,256,000063.SZ,2025-03-03,-40.0,STOP_FIRST,2.6037524048102836,2.6037524048102836,0.0,42,0,0,0,0,0,-20.196827200957447
PRIMARY,257,600050.SH,2025-03-19,-40.0,STOP_FIRST,-4.102896566069308,-4.102896566069308,0.0,30,0,0,0,0,0,-12.91204099525517
PRIMARY,258,300846.SZ,2025-03-25,-40.0,STOP_FIRST,-3.7770156011244347,-3.7770156011244347,0.0,26,0,0,0,0,0,-31.401379445935305
PRIMARY,259,300059.SZ,2025-04-01,-40.0,STOP_FIRST,5.1627907747067665,5.1627907747067665,0.0,21,0,0,0,0,0,-18.189916816625797
PRIMARY,260,002475.SZ,2025-04-02,-40.0,STOP_FIRST,3.6625597634810965,3.6625597634810965,0.0,20,0,0,0,0,0,-27.255123038788852
PRIMARY,261,300308.SZ,2025-01-10,-40.0,STOP_FIRST,0.7734206644023827,0.7734206644023827,0.0,73,0,0,0,0,0,-39.080885586063495
PRIMARY,262,300502.SZ,2025-02-28,-40.0,STOP_FIRST,28.725713357688992,28.725713357688992,0.0,44,0,0,0,0,0,-31.75728487388515
PRIMARY,263,300750.SZ,2025-04-01,-40.0,STOP_FIRST,7.81936272756536,7.81936272756536,0.0,22,0,0,0,0,0,-16.506355111574443
PRIMARY,264,601318.SH,2025-04-07,-40.0,STOP_FIRST,6.926822925723594,6.926822925723594,0.0,19,0,0,0,0,0,-1.0258567917744377
PRIMARY,265,600036.SH,2025-04-07,-40.0,STOP_FIRST,5.565919809741665,5.565919809741665,0.0,19,0,0,0,0,0,-1.275773669536573
PRIMARY,266,002594.SZ,2025-04-08,-40.0,STOP_FIRST,17.218917139643203,17.218917139643203,0.0,21,0,0,0,0,0,-2.0179308927128603
PRIMARY,267,601658.SH,2025-03-28,-40.0,STOP_FIRST,3.737034722718007,3.737034722718007,0.0,28,0,0,0,0,0,-5.998762052795592
PRIMARY,268,600309.SH,2025-04-15,-40.0,STOP_FIRST,2.8522101436284233,2.8522101436284233,0.0,18,0,0,0,0,0,-4.325283052386664
PRIMARY,269,601899.SH,2025-04-07,-40.0,STOP_FIRST,18.75276321406046,18.75276321406046,0.0,28,0,0,0,0,0,-2.3499050474409477
PRIMARY,270,603259.SH,2025-04-08,-40.0,STOP_FIRST,27.365745385479556,27.365745385479556,0.0,29,0,0,0,0,0,-2.7478554733693317
PRIMARY,271,688981.SH,2025-04-01,-40.0,STOP_FIRST,-0.3367121465143475,-0.3367121465143475,0.0,53,0,0,0,0,0,-10.022828466095346
PRIMARY,272,688256.SH,2025-05-27,-40.0,STOP_FIRST,2.4520211429184493,2.4520211429184493,0.0,20,0,0,0,0,0,-9.161551567123071
PRIMARY,273,000858.SZ,2025-06-13,-40.0,STOP_FIRST,2.9441509741563254,2.9441509741563254,0.0,17,0,0,0,0,0,-0.8036010497183277
PRIMARY,274,600519.SH,2025-06-13,-40.0,STOP_FIRST,1.571155348492451,1.571155348492451,0.0,18,0,0,0,0,0,-0.18545542382252256
PRIMARY,275,300308.SZ,2025-10-14,-40.0,STOP_FIRST,37.312191378736536,37.312191378736536,0.0,7,0,0,0,0,0,-2.4164241555545862
PRIMARY,276,002460.SZ,2025-11-24,-40.0,STOP_FIRST,9.614217661278927,9.614217661278927,0.0,19,0,0,0,0,0,-1.7925475782034406
PRIMARY,277,601138.SH,2025-11-24,-40.0,STOP_FIRST,19.316165850131622,19.316165850131622,0.0,22,0,0,0,0,0,-2.475096837577462
PRIMARY,278,300502.SZ,2026-01-12,-40.0,STOP_FIRST,18.325572753597463,18.325572753597463,0.0,14,0,0,0,0,0,-2.8874334496876597
PRIMARY,279,300750.SZ,2025-11-21,-40.0,STOP_FIRST,1.7797735978262685,1.7797735978262685,0.0,52,0,0,0,0,0,-11.001248680259001
PRIMARY,280,300274.SZ,2025-12-16,-40.0,STOP_FIRST,-0.04130443998742119,-0.04130443998742119,0.0,52,0,0,0,0,0,-13.261308807790783
PRIMARY,281,300308.SZ,2026-02-06,-40.0,STOP_FIRST,3.437565472561077,3.437565472561077,0.0,21,0,0,0,0,0,-9.894027541086349
PRIMARY,282,002475.SZ,2026-01-08,-40.0,STOP_FIRST,1.540552873571203,1.540552873571203,0.0,56,0,0,0,0,0,-18.823201056328863
PRIMARY,283,601138.SH,2026-01-29,-40.0,STOP_FIRST,3.823418044659373,3.823418044659373,0.0,41,0,0,0,0,0,-17.012814423960076
PRIMARY,284,688256.SH,2026-02-03,-40.0,STOP_FIRST,12.397855616133041,12.397855616133041,0.0,38,0,0,0,0,0,-12.087912087912079
PRIMARY,285,601899.SH,2026-03-16,-40.0,STOP_FIRST,9.119263883295172,9.119263883295172,0.0,20,0,0,0,0,0,-14.280941525906998
PRIMARY,286,603986.SH,2026-03-31,-40.0,STOP_FIRST,19.7457903723054,19.7457903723054,0.0,13,0,0,0,0,0,-2.865134133444669
PRIMARY,287,300059.SZ,2026-03-20,-40.0,STOP_FIRST,8.424165896338625,8.424165896338625,0.0,31,0,0,0,0,0,-7.322200643291355
PRIMARY,288,300274.SZ,2026-04-01,-40.0,STOP_FIRST,13.077001683310016,13.077001683310016,0.0,23,0,0,0,0,0,-7.472322364359973
PRIMARY,289,300274.SZ,2026-07-01,-40.0,STOP_FIRST,-8.358514552822074,-8.358514552822074,0.0,28,0,0,0,0,0,-26.27934444027391
PRIMARY,290,600487.SH,2026-07-06,-40.0,STOP_FIRST,-17.707576907721744,-37.657066356629926,-19.94948944890818,15,1,1,0,0,0,-46.153139444336865
PRIMARY,291,688525.SH,2026-07-15,-40.0,STOP_FIRST,-19.368418251981645,-19.368418251981645,0.0,28,0,0,0,0,0,-34.73193473193472
PRIMARY,292,688008.SH,2026-07-16,-40.0,STOP_FIRST,-3.6609369962131426,-3.6609369962131426,0.0,27,0,0,0,0,0,-12.165294341773524
PRIMARY,293,688256.SH,2026-07-16,-40.0,STOP_FIRST,-7.309240157764709,-7.309240157764709,0.0,27,0,0,0,0,0,-25.153710642669623
PRIMARY,294,300308.SZ,2026-07-17,-40.0,STOP_FIRST,-11.744158826402947,-11.744158826402947,0.0,26,0,0,0,0,0,-22.96628924619374
PRIMARY,295,600584.SH,2026-07-20,-40.0,STOP_FIRST,-3.746170199653699,-3.746170199653699,0.0,25,0,0,0,0,0,-20.75720869405966
PRIMARY,296,300502.SZ,2026-07-28,-40.0,STOP_FIRST,-3.1289001702402826,-3.1289001702402826,0.0,19,0,0,0,0,0,-14.854383942881455
PRIMARY,297,002384.SZ,2026-07-29,-40.0,STOP_FIRST,6.860142611567042,6.860142611567042,0.0,18,0,0,0,0,0,-9.217430672804971
PRIMARY,298,002475.SZ,2026-08-03,-40.0,STOP_FIRST,1.2862198685484683,1.2862198685484683,0.0,15,0,0,0,0,0,-4.021902045888859
PRIMARY,299,600276.SH,2026-08-20,-40.0,STOP_FIRST,-2.438053366642191,-2.438053366642191,0.0,2,0,0,0,0,0,-4.81585777507767
PRIMARY,1,000651.SZ,2020-03-19,-40.0,TP_FIRST,8.76502998612771,8.76502998612771,0.0,15,0,0,0,0,0,-3.253806511060575
PRIMARY,2,600030.SH,2020-03-16,-40.0,TP_FIRST,1.2152522266729697,1.2152522266729697,0.0,19,0,0,0,0,0,-7.086832162571954
PRIMARY,3,300750.SZ,2020-02-28,-40.0,TP_FIRST,-1.0193924653390611,-1.0193924653390611,0.0,31,0,0,0,0,0,-24.419958905481774
PRIMARY,4,601318.SH,2020-02-28,-40.0,TP_FIRST,-1.3453625770562572,-1.3453625770562572,0.0,33,0,0,0,0,0,-15.814522556095568
PRIMARY,5,600036.SH,2020-03-19,-40.0,TP_FIRST,10.683448687695108,10.683448687695108,0.0,25,0,0,0,0,0,-0.09990265754196148
PRIMARY,6,002475.SZ,2020-03-17,-40.0,TP_FIRST,14.92275528149982,14.92275528149982,0.0,28,0,0,0,0,0,-11.112505536775796
PRIMARY,7,000858.SZ,2020-03-17,-40.0,TP_FIRST,26.82736619482785,26.82736619482785,0.0,28,0,0,0,0,0,-12.958069092199342
PRIMARY,8,000063.SZ,2020-03-17,-40.0,TP_FIRST,3.2396956676295363,3.2396956676295363,0.0,32,0,0,0,0,0,-10.59060271470772
PRIMARY,9,000725.SZ,2020-03-16,-40.0,TP_FIRST,4.611959703094805,4.611959703094805,0.0,35,0,0,0,0,0,-20.127607365604128
PRIMARY,10,002506.SZ,2020-03-26,-40.0,TP_FIRST,-6.524016348081019,-6.524016348081019,0.0,35,0,0,0,0,0,-31.211643047504246
PRIMARY,11,600519.SH,2020-03-18,-40.0,TP_FIRST,39.54846152311298,39.54846152311298,0.0,48,0,0,0,0,0,-3.505987509815356
PRIMARY,12,000002.SZ,2020-03-18,-40.0,TP_FIRST,4.681297620587952,4.681297620587952,0.0,49,0,0,0,0,0,-6.372695888701285
PRIMARY,13,002714.SZ,2020-05-11,-40.0,TP_FIRST,-37.346517858183255,-40.15108512071562,-2.804567262532366,17,1,1,0,0,0,-43.62347582705105
PRIMARY,14,000063.SZ,2020-05-25,-40.0,TP_FIRST,8.355437860095789,8.355437860095789,0.0,17,0,0,0,0,0,-5.214052830367422
PRIMARY,15,002415.SZ,2020-05-25,-40.0,TP_FIRST,7.15509150196319,7.15509150196319,0.0,17,0,0,0,0,0,-2.5965128554330974
PRIMARY,16,600703.SH,2020-06-15,-40.0,TP_FIRST,15.534542524394753,15.534542524394753,0.0,12,0,0,0,0,0,-1.7232235549681896
PRIMARY,17,600030.SH,2020-09-07,-40.0,TP_FIRST,3.3416942678344705,3.3416942678344705,0.0,18,0,0,0,0,0,-2.3347247522243597
PRIMARY,18,300059.SZ,2020-09-09,-40.0,TP_FIRST,4.052671012057143,4.052671012057143,0.0,16,0,0,0,0,0,-5.835594827212354
PRIMARY,19,600276.SH,2020-09-17,-40.0,TP_FIRST,7.964121567403469,7.964121567403469,0.0,10,0,0,0,0,0,-0.30802389658590723
PRIMARY,20,000063.SZ,2020-09-10,-40.0,TP_FIRST,8.16654508112372,8.16654508112372,0.0,16,0,0,0,0,0,-2.1893558485753473
PRIMARY,21,000651.SZ,2020-09-28,-40.0,TP_FIRST,7.18749636223901,7.18749636223901,0.0,5,0,0,0,0,0,-0.7920940870049797
PRIMARY,22,600036.SH,2020-09-30,-40.0,TP_FIRST,8.189846606772502,8.189846606772502,0.0,5,0,0,0,0,0,-0.8409143929827279
PRIMARY,23,002456.SZ,2020-09-01,-40.0,TP_FIRST,0.3287151054327302,0.3287151054327302,0.0,34,0,0,0,0,0,-16.877466166367018
PRIMARY,24,300136.SZ,2020-10-12,-40.0,TP_FIRST,3.7523403888601528,3.7523403888601528,0.0,19,0,0,0,0,0,-11.264076050883421
PRIMARY,25,600030.SH,2020-10-26,-40.0,TP_FIRST,5.218510332201447,5.218510332201447,0.0,19,0,0,0,0,0,-4.85376403171518
PRIMARY,26,000661.SZ,2020-09-16,-40.0,TP_FIRST,10.365131138225253,10.365131138225253,0.0,47,0,0,0,0,0,-10.396266523703268
PRIMARY,27,600745.SH,2020-09-08,-40.0,TP_FIRST,1.4169185149017833,1.4169185149017833,0.0,57,0,0,0,0,0,-24.96934183424869
PRIMARY,28,601012.SH,2020-11-13,-40.0,TP_FIRST,11.570904483395198,11.570904483395198,0.0,17,0,0,0,0,0,-7.125413198287678
PRIMARY,29,300122.SZ,2020-11-11,-40.0,TP_FIRST,21.594186068179752,21.594186068179752,0.0,27,0,0,0,0,0,-14.25593292277403
PRIMARY,30,002475.SZ,2020-11-16,-40.0,TP_FIRST,4.922943424348968,4.922943424348968,0.0,26,0,0,0,0,0,-6.247600021016375
PRIMARY,31,002241.SZ,2020-11-16,-40.0,TP_FIRST,2.7641560070263713,2.7641560070263713,0.0,28,0,0,0,0,0,-8.190219287755895
PRIMARY,32,000651.SZ,2020-12-09,-40.0,TP_FIRST,4.778058019478602,4.778058019478602,0.0,17,0,0,0,0,0,-6.9491076663235285
PRIMARY,33,688981.SH,2020-12-16,-40.0,TP_FIRST,16.521188858697652,16.521188858697652,0.0,16,0,0,0,0,0,-4.393704306917501
PRIMARY,34,601318.SH,2021-01-28,-40.0,TP_FIRST,9.42474089385644,9.42474089385644,0.0,14,0,0,0,0,0,-7.015107202120719
PRIMARY,35,300059.SZ,2021-02-22,-40.0,TP_FIRST,-9.75617275607125,-9.75617275607125,0.0,28,0,0,0,0,0,-21.294436987155805
PRIMARY,36,000333.SZ,2021-02-22,-40.0,TP_FIRST,1.124921971714471,1.124921971714471,0.0,28,0,0,0,0,0,-11.037863818654303
PRIMARY,37,000858.SZ,2021-03-08,-40.0,TP_FIRST,16.23467230378328,16.23467230378328,0.0,18,0,0,0,0,0,-5.053624061888506
PRIMARY,38,600030.SH,2021-03-01,-40.0,TP_FIRST,-1.7719464410848904,-1.7719464410848904,0.0,24,0,0,0,0,0,-9.731175855642116
PRIMARY,39,601012.SH,2021-03-04,-40.0,TP_FIRST,2.8151228530517156,2.8151228530517156,0.0,21,0,0,0,0,0,-20.33269501471261
PRIMARY,40,002241.SZ,2021-01-29,-40.0,TP_FIRST,-2.3809753380773024,-2.3809753380773024,0.0,45,0,0,0,0,0,-24.32266643437805
PRIMARY,41,300750.SZ,2021-01-29,-40.0,TP_FIRST,2.6778263400166544,2.6778263400166544,0.0,46,0,0,0,0,0,-20.744980856829066
PRIMARY,42,002475.SZ,2021-01-28,-40.0,TP_FIRST,-17.795635461958412,-17.795635461958412,0.0,50,0,0,0,0,0,-38.05999710973133
PRIMARY,43,600438.SH,2021-03-05,-40.0,TP_FIRST,-2.082117681436346,-2.082117681436346,0.0,30,0,0,0,0,0,-21.900640918932147
PRIMARY,44,300014.SZ,2021-03-23,-40.0,TP_FIRST,20.343646524893185,20.343646524893185,0.0,18,0,0,0,0,0,-1.1328405715407053
PRIMARY,45,601899.SH,2021-03-24,-40.0,TP_FIRST,13.67315267261283,13.67315267261283,0.0,17,0,0,0,0,0,-0.5227592786883895
PRIMARY,46,601166.SH,2021-04-15,-40.0,TP_FIRST,10.16039399503804,10.16039399503804,0.0,15,0,0,0,0,0,-2.3887839446735004
PRIMARY,47,600276.SH,2021-04-15,-40.0,TP_FIRST,2.9762113310555116,2.9762113310555116,0.0,18,0,0,0,0,0,-5.364820806114978
PRIMARY,48,002352.SZ,2021-04-12,-40.0,TP_FIRST,1.806031845385725,1.806031845385725,0.0,22,0,0,0,0,0,-8.258407334556994
PRIMARY,49,600519.SH,2021-05-06,-40.0,TP_FIRST,12.309433820124724,12.309433820124724,0.0,12,0,0,0,0,0,-5.132526010090399
PRIMARY,50,600031.SH,2021-03-09,-40.0,TP_FIRST,2.027751640672817,2.027751640672817,0.0,55,0,0,0,0,0,-27.978387085265844
PRIMARY,51,600009.SH,2021-02-03,-40.0,TP_FIRST,-1.1354409255495685,-1.1354409255495685,0.0,76,0,0,0,0,0,-22.985275095121573
PRIMARY,52,002594.SZ,2021-02-24,-40.0,TP_FIRST,16.160298578230066,16.160298578230066,0.0,69,0,0,0,0,0,-34.73181070183321
PRIMARY,53,002340.SZ,2021-06-07,-40.0,TP_FIRST,5.290865136021748,5.290865136021748,0.0,19,0,0,0,0,0,-11.268220523967209
PRIMARY,54,000661.SZ,2021-05-24,-40.0,TP_FIRST,3.543179209088439,3.543179209088439,0.0,38,0,0,0,0,0,-16.869230019043936
PRIMARY,55,002594.SZ,2021-07-16,-40.0,TP_FIRST,25.77910857036041,25.77910857036041,0.0,10,0,0,0,0,0,-2.6882194842621776
PRIMARY,56,600031.SH,2021-06-11,-40.0,TP_FIRST,4.433342850860986,4.433342850860986,0.0,35,0,0,0,0,0,-15.123799665013548
PRIMARY,57,002241.SZ,2021-07-22,-40.0,TP_FIRST,10.273218124699701,10.273218124699701,0.0,9,0,0,0,0,0,-7.886693775763421
PRIMARY,58,600036.SH,2021-07-08,-40.0,TP_FIRST,8.736132867824947,8.736132867824947,0.0,28,0,0,0,0,0,-10.298243793004092
PRIMARY,59,300782.SZ,2021-07-13,-40.0,TP_FIRST,4.700284102162052,4.700284102162052,0.0,29,0,0,0,0,0,-10.944165622271129
PRIMARY,60,601919.SH,2021-07-23,-40.0,TP_FIRST,21.9399821535198,21.9399821535198,0.0,25,0,0,0,0,0,-13.003666576368966
PRIMARY,61,002460.SZ,2021-08-16,-40.0,TP_FIRST,24.025427124052413,24.025427124052413,0.0,9,0,0,0,0,0,-2.17885582383488
PRIMARY,62,300750.SZ,2021-07-27,-40.0,TP_FIRST,8.626053858905106,8.626053858905106,0.0,34,0,0,0,0,0,-5.360767280539502
PRIMARY,63,300760.SZ,2021-08-20,-40.0,TP_FIRST,25.243095200327115,25.243095200327115,0.0,19,0,0,0,0,0,-1.3648131532456809
PRIMARY,64,600519.SH,2021-07-26,-40.0,TP_FIRST,2.091334708861519,2.091334708861519,0.0,41,0,0,0,0,0,-15.47553943560599
PRIMARY,65,002714.SZ,2021-05-24,-40.0,TP_FIRST,-18.715268930191936,-10.260682763192662,8.454586166999274,42,1,1,0,0,1,-56.67478900029019
PRIMARY,66,000858.SZ,2021-07-08,-40.0,TP_FIRST,-7.6342909419297795,-7.6342909419297795,0.0,54,0,0,0,0,0,-28.655500122152368
PRIMARY,67,002594.SZ,2021-09-29,-40.0,TP_FIRST,17.089129638620165,17.089129638620165,0.0,6,0,0,0,0,0,-0.5192972651856032
PRIMARY,68,601318.SH,2021-03-18,-40.0,TP_FIRST,-28.116081051784203,-34.814304285579965,-6.698223233795762,125,1,1,0,0,0,-41.80696245003698
PRIMARY,69,000651.SZ,2021-05-25,-40.0,TP_FIRST,-19.03127753582529,-19.03127753582529,0.0,99,0,0,0,0,0,-33.090168102543274
PRIMARY,70,000333.SZ,2021-07-05,-40.0,TP_FIRST,11.175030722164129,11.175030722164129,0.0,71,0,0,0,0,0,-9.770984837876318
PRIMARY,71,600111.SH,2021-09-29,-40.0,TP_FIRST,22.277893313169177,22.277893313169177,0.0,12,0,0,0,0,0,-3.6351512387024387
PRIMARY,72,600089.SH,2021-10-08,-40.0,TP_FIRST,21.757208672823793,21.757208672823793,0.0,12,0,0,0,0,0,-5.355399017850127
PRIMARY,73,002466.SZ,2021-09-22,-40.0,TP_FIRST,5.276533723848393,5.276533723848393,0.0,28,0,0,0,0,0,-18.18048772561611
PRIMARY,74,000858.SZ,2021-11-01,-40.0,TP_FIRST,7.772649549904674,7.772649549904674,0.0,16,0,0,0,0,0,-2.695601939103509
PRIMARY,75,603259.SH,2021-11-04,-40.0,TP_FIRST,10.333997515607747,10.333997515607747,0.0,15,0,0,0,0,0,-4.388640111365582
PRIMARY,76,601919.SH,2021-09-28,-40.0,TP_FIRST,3.0377221934720415,3.0377221934720415,0.0,39,0,0,0,0,0,-19.410201081693145
PRIMARY,77,600030.SH,2021-11-16,-40.0,TP_FIRST,7.942169042945349,7.942169042945349,0.0,13,0,0,0,0,0,-1.3115665629502171
PRIMARY,78,000651.SZ,2021-10-27,-40.0,TP_FIRST,3.7666645298140864,3.7666645298140864,0.0,30,0,0,0,0,0,-6.591904190897946
PRIMARY,79,600036.SH,2021-11-26,-40.0,TP_FIRST,7.780249533285357,7.780249533285357,0.0,8,0,0,0,0,0,-2.0264594890360255
PRIMARY,80,600036.SH,2021-12-29,-40.0,TP_FIRST,5.516341863497587,5.516341863497587,0.0,14,0,0,0,0,0,-0.892595978810895
PRIMARY,81,002129.SZ,2021-12-01,-40.0,TP_FIRST,7.212021342950852,7.212021342950852,0.0,38,0,0,0,0,0,-10.209695479014202
PRIMARY,82,600030.SH,2022-01-14,-40.0,TP_FIRST,1.0102995428563417,1.0102995428563417,0.0,9,0,0,0,0,0,-4.115180796829354
PRIMARY,83,601888.SH,2021-11-02,-40.0,TP_FIRST,7.8045788936873635,7.8045788936873635,0.0,65,0,0,0,0,0,-17.76278012400819
PRIMARY,84,600111.SH,2021-12-24,-40.0,TP_FIRST,10.927469701064592,10.927469701064592,0.0,31,0,0,0,0,0,-16.158101136300374
PRIMARY,85,000792.SZ,2022-01-20,-40.0,TP_FIRST,18.801769360068377,18.801769360068377,0.0,13,0,0,0,0,0,-2.101609531796167
PRIMARY,86,002460.SZ,2021-12-20,-40.0,TP_FIRST,7.327370162653349,7.327370162653349,0.0,36,0,0,0,0,0,-13.694999767838578
PRIMARY,87,002466.SZ,2021-12-20,-40.0,TP_FIRST,1.837573601773871,1.837573601773871,0.0,36,0,0,0,0,0,-19.98566660073482
PRIMARY,88,000661.SZ,2022-01-24,-40.0,TP_FIRST,11.89884859958246,11.89884859958246,0.0,17,0,0,0,0,0,-4.775620293737893
PRIMARY,89,601012.SH,2021-12-01,-40.0,TP_FIRST,6.472325573333965,6.472325573333965,0.0,57,0,0,0,0,0,-23.797689806559163
PRIMARY,90,603259.SH,2021-12-20,-40.0,TP_FIRST,12.254494786218984,12.254494786218984,0.0,56,0,0,0,0,0,-28.86139126771904
PRIMARY,91,000002.SZ,2022-03-04,-40.0,TP_FIRST,14.88504791739044,14.88504791739044,0.0,18,0,0,0,0,0,-22.246037106497695
PRIMARY,92,300059.SZ,2022-01-05,-40.0,TP_FIRST,-5.7513210082683415,-5.7513210082683415,0.0,63,0,0,0,0,0,-34.89656169461941
PRIMARY,93,600519.SH,2022-01-07,-40.0,TP_FIRST,0.9984159395398549,0.9984159395398549,0.0,61,0,0,0,0,0,-17.458488731459298
PRIMARY,94,601888.SH,2022-03-14,-40.0,TP_FIRST,7.812849493656972,7.812849493656972,0.0,20,0,0,0,0,0,-8.439813952671848
PRIMARY,95,002594.SZ,2021-12-16,-40.0,TP_FIRST,-1.5968178542206901,-1.5968178542206901,0.0,88,0,0,0,0,0,-26.330714118353036
PRIMARY,96,000625.SZ,2021-11-16,-40.0,TP_FIRST,-22.229994518631575,-28.39048716244246,-6.160492643810887,74,1,1,0,0,0,-53.29984290867762
PRIMARY,97,002475.SZ,2022-02-08,-40.0,TP_FIRST,-17.15409169654668,-31.347387126588632,-14.193295430041953,52,1,1,0,0,0,-40.77681436537638
PRIMARY,98,002466.SZ,2022-04-25,-40.0,TP_FIRST,41.854779546894,41.854779546894,0.0,8,0,0,0,0,0,-3.4110472521140522
PRIMARY,99,300274.SZ,2021-12-21,-40.0,TP_FIRST,-25.58857835409347,-34.813876067678535,-9.225297713585064,77,1,1,0,0,1,-58.717689038471335
PRIMARY,100,002460.SZ,2022-03-08,-40.0,TP_FIRST,17.706849570514894,17.706849570514894,0.0,48,0,0,0,0,0,-28.642784574491998
PRIMARY,101,000858.SZ,2022-01-28,-40.0,TP_FIRST,-8.807756178930596,-8.807756178930596,0.0,75,0,0,0,0,0,-25.5194802146096
PRIMARY,102,300014.SZ,2022-03-03,-40.0,TP_FIRST,26.31764601662993,26.31764601662993,0.0,58,0,0,0,0,0,-32.624915571840454
PRIMARY,103,300750.SZ,2021-12-20,-40.0,TP_FIRST,-14.232912370394569,-29.596747843428805,-15.363835473034236,86,1,1,0,0,0,-41.8073675499418
PRIMARY,104,601012.SH,2022-03-29,-40.0,TP_FIRST,-12.752364240157288,-12.752364240157288,0.0,42,0,0,0,0,0,-24.82075936524716
PRIMARY,105,002415.SZ,2022-05-06,-40.0,TP_FIRST,3.5450375895839463,3.5450375895839463,0.0,19,0,0,0,0,0,-8.562023743217374
PRIMARY,106,600276.SH,2022-01-13,-40.0,TP_FIRST,-29.55698724716474,-35.56450251150301,-6.0075152643382665,65,1,1,0,0,0,-42.610580908453244
PRIMARY,107,601318.SH,2022-03-15,-40.0,TP_FIRST,-0.3864474449981416,-0.3864474449981416,0.0,55,0,0,0,0,0,-2.315282705156485
PRIMARY,108,600036.SH,2022-03-07,-40.0,TP_FIRST,-6.245523329299984,-6.245523329299984,0.0,65,0,0,0,0,0,-24.345417637488787
PRIMARY,109,300122.SZ,2022-04-14,-40.0,TP_FIRST,-6.645958234266682,-6.645958234266682,0.0,40,0,0,0,0,0,-28.79470109263167
PRIMARY,110,002241.SZ,2022-06-23,-40.0,TP_FIRST,2.8400230023871615,2.8400230023871615,0.0,30,0,0,0,0,0,-5.007927632982501
PRIMARY,111,002466.SZ,2022-08-19,-40.0,TP_FIRST,13.385590477234006,13.385590477234006,0.0,2,0,0,0,0,0,-2.8634236347626074
PRIMARY,112,600036.SH,2022-07-13,-40.0,TP_FIRST,-1.5651520516643562,-1.5651520516643562,0.0,34,0,0,0,0,0,-12.409355098525655
PRIMARY,113,601888.SH,2022-08-08,-40.0,TP_FIRST,7.1858432781792185,7.1858432781792185,0.0,33,0,0,0,0,0,-8.133019118063235
PRIMARY,114,000858.SZ,2022-07-29,-40.0,TP_FIRST,-2.4673011477159523,-2.4673011477159523,0.0,40,0,0,0,0,0,-12.093504633059515
PRIMARY,115,300274.SZ,2022-08-31,-40.0,TP_FIRST,13.216110132265186,13.216110132265186,0.0,23,0,0,0,0,0,-6.803285897864219
PRIMARY,116,300760.SZ,2022-09-21,-40.0,TP_FIRST,26.10435256088347,26.10435256088347,0.0,11,0,0,0,0,0,-2.945982270341807
PRIMARY,117,603259.SH,2022-07-27,-40.0,TP_FIRST,-6.553924195303395,-6.553924195303395,0.0,51,0,0,0,0,0,-30.331191278374803
PRIMARY,118,601012.SH,2022-08-03,-40.0,TP_FIRST,-1.5712301907594528,-1.5712301907594528,0.0,54,0,0,0,0,0,-20.79675190961924
PRIMARY,119,688599.SH,2022-08-19,-40.0,TP_FIRST,4.900961296612725,4.900961296612725,0.0,42,0,0,0,0,0,-11.786057206268874
PRIMARY,120,002459.SZ,2022-08-19,-40.0,TP_FIRST,5.627000867343111,5.627000867343111,0.0,42,0,0,0,0,0,-10.712385831051897
PRIMARY,121,601899.SH,2022-09-26,-40.0,TP_FIRST,6.916188828671841,6.916188828671841,0.0,18,0,0,0,0,0,-3.33920245581949
PRIMARY,122,002460.SZ,2022-08-25,-40.0,TP_FIRST,2.226213115920718,2.226213115920718,0.0,41,0,0,0,0,0,-16.759572939966095
PRIMARY,123,002271.SZ,2022-08-23,-40.0,TP_FIRST,-5.965240206705305,-5.965240206705305,0.0,44,0,0,0,0,0,-29.215251654169816
PRIMARY,124,600703.SH,2022-09-20,-40.0,TP_FIRST,1.4365619204532005,1.4365619204532005,0.0,26,0,0,0,0,0,-17.135927537327543
PRIMARY,125,002594.SZ,2022-07-12,-40.0,TP_FIRST,-2.227087712436274,-2.227087712436274,0.0,76,0,0,0,0,0,-23.762322609884045
PRIMARY,126,002466.SZ,2022-09-01,-40.0,TP_FIRST,0.41755742217796255,0.41755742217796255,0.0,39,0,0,0,0,0,-17.18698543788346
PRIMARY,127,002050.SZ,2022-10-11,-40.0,TP_FIRST,8.648758708124946,8.648758708124946,0.0,17,0,0,0,0,0,-7.919779995223497
PRIMARY,128,603799.SH,2022-09-29,-40.0,TP_FIRST,1.9036214562895246,1.9036214562895246,0.0,21,0,0,0,0,0,-18.54792363873298
PRIMARY,129,600030.SH,2022-09-16,-40.0,TP_FIRST,3.2914258355483077,3.2914258355483077,0.0,34,0,0,0,0,0,-7.2317278605463
PRIMARY,130,600036.SH,2022-10-10,-40.0,TP_FIRST,4.74708231806275,4.74708231806275,0.0,23,0,0,0,0,0,-17.352231797581
PRIMARY,131,601166.SH,2022-08-29,-40.0,TP_FIRST,2.990941980494697,2.990941980494697,0.0,48,0,0,0,0,0,-11.758858159541209
PRIMARY,132,601318.SH,2022-10-24,-40.0,TP_FIRST,11.54058817209945,11.54058817209945,0.0,14,0,0,0,0,0,-4.56589305883337
PRIMARY,133,000651.SZ,2022-10-31,-40.0,TP_FIRST,11.08646263720554,11.08646263720554,0.0,9,0,0,0,0,0,-0.62111668689665
PRIMARY,134,300059.SZ,2022-08-02,-40.0,TP_FIRST,1.3148602142200303,1.3148602142200303,0.0,68,0,0,0,0,0,-28.41433393805436
PRIMARY,135,000625.SZ,2022-08-24,-40.0,TP_FIRST,2.31475867645841,2.31475867645841,0.0,63,0,0,0,0,0,-27.190338345372766
PRIMARY,136,000858.SZ,2022-10-24,-40.0,TP_FIRST,13.014502136358589,13.014502136358589,0.0,26,0,0,0,0,0,-6.076160549181053
PRIMARY,137,600519.SH,2022-09-05,-40.0,TP_FIRST,-5.861614932184937,-5.861614932184937,0.0,56,0,0,0,0,0,-27.44375317821398
PRIMARY,138,000568.SZ,2022-10-10,-40.0,TP_FIRST,5.894426001503926,5.894426001503926,0.0,37,0,0,0,0,0,-26.23829865914583
PRIMARY,139,600887.SH,2022-10-20,-40.0,TP_FIRST,6.706648715667189,6.706648715667189,0.0,29,0,0,0,0,0,-18.517421916247343
PRIMARY,140,002714.SZ,2022-10-26,-40.0,TP_FIRST,5.23244617556544,5.23244617556544,0.0,28,0,0,0,0,0,-8.911088606217998
PRIMARY,141,300750.SZ,2022-09-01,-40.0,TP_FIRST,-1.3981718838619202,-1.3981718838619202,0.0,62,0,0,0,0,0,-24.986572858520837
PRIMARY,142,002371.SZ,2022-10-12,-40.0,TP_FIRST,10.597667780822029,10.597667780822029,0.0,44,0,0,0,0,0,-5.446303292394417
PRIMARY,143,603259.SH,2022-11-28,-40.0,TP_FIRST,6.738265986701266,6.738265986701266,0.0,22,0,0,0,0,0,-2.1226976811561937
PRIMARY,144,600522.SH,2022-11-01,-40.0,TP_FIRST,-5.676303523410963,-5.676303523410963,0.0,43,0,0,0,0,0,-30.66339374603776
PRIMARY,145,300274.SZ,2022-12-06,-40.0,TP_FIRST,12.35423017458993,12.35423017458993,0.0,18,0,0,0,0,0,-12.997661644686353
PRIMARY,146,002241.SZ,2022-11-11,-40.0,TP_FIRST,8.552942953591648,8.552942953591648,0.0,37,0,0,0,0,0,-2.0552360649699564
PRIMARY,147,002812.SZ,2022-11-23,-40.0,TP_FIRST,12.272962184274384,12.272962184274384,0.0,30,0,0,0,0,0,-7.454367889448843
PRIMARY,148,601012.SH,2022-12-22,-40.0,TP_FIRST,11.348570853081775,11.348570853081775,0.0,17,0,0,0,0,0,-1.83945407826005
PRIMARY,149,000625.SZ,2022-12-28,-40.0,TP_FIRST,15.403895272762636,15.403895272762636,0.0,16,0,0,0,0,0,-2.461030882431914
PRIMARY,150,002709.SZ,2022-12-30,-40.0,TP_FIRST,15.538268097973235,15.538268097973235,0.0,14,0,0,0,0,0,-2.7348780509869663
PRIMARY,151,300014.SZ,2023-01-11,-40.0,TP_FIRST,6.981985480381129,6.981985480381129,0.0,9,0,0,0,0,0,-4.915491114570337
PRIMARY,152,300750.SZ,2023-02-17,-40.0,TP_FIRST,3.6254689430868456,3.6254689430868456,0.0,29,0,0,0,0,0,-11.62683470375777
PRIMARY,153,600519.SH,2023-03-08,-40.0,TP_FIRST,3.358107895598216,3.358107895598216,0.0,16,0,0,0,0,0,-2.5877984739737014
PRIMARY,154,300059.SZ,2023-03-07,-40.0,TP_FIRST,6.704927557794763,6.704927557794763,0.0,18,0,0,0,0,0,-6.726693190328403
PRIMARY,155,300274.SZ,2023-03-14,-40.0,TP_FIRST,3.872684453553771,3.872684453553771,0.0,23,0,0,0,0,0,-11.398858058207795
PRIMARY,156,002594.SZ,2023-03-10,-40.0,TP_FIRST,7.839512102970262,7.839512102970262,0.0,33,0,0,0,0,0,-3.6913778017047982
PRIMARY,157,000858.SZ,2023-04-10,-40.0,TP_FIRST,-2.6488868636941545,-2.6488868636941545,0.0,26,0,0,0,0,0,-10.048100566887374
PRIMARY,158,000651.SZ,2023-05-04,-40.0,TP_FIRST,6.144996620188443,6.144996620188443,0.0,25,0,0,0,0,0,-8.255590958382841
PRIMARY,159,601899.SH,2023-05-12,-40.0,TP_FIRST,6.727401168026937,6.727401168026937,0.0,19,0,0,0,0,0,-5.558920911138776
PRIMARY,160,600519.SH,2023-04-12,-40.0,TP_FIRST,6.514893856808776,6.514893856808776,0.0,43,0,0,0,0,0,-4.355999030555235
PRIMARY,161,601012.SH,2023-03-16,-40.0,TP_FIRST,-17.84953964554572,-17.84953964554572,0.0,68,0,0,0,0,0,-33.276416390528766
PRIMARY,162,600036.SH,2023-04-27,-40.0,TP_FIRST,-0.6278320762058595,-0.6278320762058595,0.0,57,0,0,0,0,0,-3.793063901958049
PRIMARY,163,600809.SH,2023-05-22,-40.0,TP_FIRST,9.67465728119054,9.67465728119054,0.0,43,0,0,0,0,0,-16.847859403834985
PRIMARY,164,300059.SZ,2023-05-29,-40.0,TP_FIRST,3.238668828858134,3.238668828858134,0.0,38,0,0,0,0,0,-4.622126321593722
PRIMARY,165,002415.SZ,2023-06-09,-40.0,TP_FIRST,9.253968396028046,9.253968396028046,0.0,31,0,0,0,0,0,-3.0509320142771967
PRIMARY,166,300750.SZ,2023-06-07,-40.0,TP_FIRST,8.015096907867838,8.015096907867838,0.0,35,0,0,0,0,0,-2.799902799902787
PRIMARY,167,688981.SH,2023-05-09,-40.0,TP_FIRST,-1.9912914951639942,-1.9912914951639942,0.0,57,0,0,0,0,0,-7.822752791213516
PRIMARY,168,600570.SH,2023-07-11,-40.0,TP_FIRST,12.935015317595871,12.935015317595871,0.0,17,0,0,0,0,0,-3.6163828033945022
PRIMARY,169,300418.SZ,2023-06-26,-40.0,TP_FIRST,-7.109717403112448,-7.109717403112448,0.0,34,0,0,0,0,0,-22.324869570606698
PRIMARY,170,600276.SH,2023-07-31,-40.0,TP_FIRST,2.244966610480217,2.244966610480217,0.0,19,0,0,0,0,0,-16.355370032537774
PRIMARY,171,002230.SZ,2023-08-16,-40.0,TP_FIRST,-4.04018826584394,-4.04018826584394,0.0,32,0,0,0,0,0,-19.948062722882465
PRIMARY,172,002475.SZ,2023-09-07,-40.0,TP_FIRST,6.728014277472455,6.728014277472455,0.0,17,0,0,0,0,0,-4.4345508276317
PRIMARY,173,300760.SZ,2023-08-07,-40.0,TP_FIRST,6.5338873044717865,6.5338873044717865,0.0,53,0,0,0,0,0,-4.449940020156773
PRIMARY,174,000858.SZ,2023-08-18,-40.0,TP_FIRST,9.240903528696505,9.240903528696505,0.0,46,0,0,0,0,0,-12.715230910264852
PRIMARY,175,300014.SZ,2023-02-20,-40.0,TP_FIRST,-28.568832058383776,-33.488726314340454,-4.919894255956677,146,1,1,0,0,0,-44.47756749417103
PRIMARY,176,300059.SZ,2023-10-23,-40.0,TP_FIRST,6.795375111896212,6.795375111896212,0.0,9,0,0,0,0,0,-0.4417866895821354
PRIMARY,177,603019.SH,2023-08-09,-40.0,TP_FIRST,2.102020516340531,2.102020516340531,0.0,57,0,0,0,0,0,-18.940916927699114
PRIMARY,178,300274.SZ,2023-08-21,-40.0,TP_FIRST,2.059040269174881,2.059040269174881,0.0,51,0,0,0,0,0,-23.84860922169848
PRIMARY,179,300308.SZ,2023-07-20,-40.0,TP_FIRST,-5.693477162892338,-5.693477162892338,0.0,75,0,0,0,0,0,-34.647305581306
PRIMARY,180,000977.SZ,2023-08-18,-40.0,TP_FIRST,7.706372017077919,7.706372017077919,0.0,54,0,0,0,0,0,-32.22636562323018
PRIMARY,181,601012.SH,2023-08-21,-40.0,TP_FIRST,-11.755699669774852,-11.755699669774852,0.0,86,0,0,0,0,0,-26.371969728680746
PRIMARY,182,600519.SH,2023-10-13,-40.0,TP_FIRST,1.893988027016628,1.893988027016628,0.0,54,0,0,0,0,0,-7.786761434433009
PRIMARY,183,600009.SH,2023-08-21,-40.0,TP_FIRST,-11.699228208217027,-11.699228208217027,0.0,98,0,0,0,0,0,-24.842656679790675
PRIMARY,184,601318.SH,2023-11-09,-40.0,TP_FIRST,-2.3138721028580727,-2.3138721028580727,0.0,53,0,0,0,0,0,-12.395299497973422
PRIMARY,185,000651.SZ,2023-12-20,-40.0,TP_FIRST,12.104633410839133,12.104633410839133,0.0,26,0,0,0,0,0,-0.22839068988121936
PRIMARY,186,601138.SH,2023-10-24,-40.0,TP_FIRST,11.050900506142318,11.050900506142318,0.0,73,0,0,0,0,0,-8.702006282856667
PRIMARY,187,000858.SZ,2023-12-13,-40.0,TP_FIRST,2.808164916171326,2.808164916171326,0.0,37,0,0,0,0,0,-9.305511112151732
PRIMARY,188,600519.SH,2024-01-17,-40.0,TP_FIRST,5.907729356690894,5.907729356690894,0.0,13,0,0,0,0,0,-1.2708988071569394
PRIMARY,189,300750.SZ,2023-09-08,-40.0,TP_FIRST,-18.00484444688593,-18.00484444688593,0.0,101,0,0,0,0,0,-37.07504075265946
PRIMARY,190,002230.SZ,2024-01-03,-40.0,TP_FIRST,3.585730933845497,3.585730933845497,0.0,25,0,0,0,0,0,-13.110142123274604
PRIMARY,191,300418.SZ,2024-01-31,-40.0,TP_FIRST,39.428041617887864,39.428041617887864,0.0,6,0,0,0,0,0,-9.269811195543308
PRIMARY,192,000568.SZ,2023-12-11,-40.0,TP_FIRST,1.1120117479146117,1.1120117479146117,0.0,44,0,0,0,0,0,-22.710877834749677
PRIMARY,193,300059.SZ,2023-12-27,-40.0,TP_FIRST,5.900250298765934,5.900250298765934,0.0,32,0,0,0,0,0,-11.47429406768471
PRIMARY,194,000063.SZ,2023-07-20,-40.0,TP_FIRST,-20.144973123840867,-23.523779136765775,-3.3788060129249082,106,1,1,0,0,0,-49.074840753076984
PRIMARY,195,000628.SZ,2023-12-14,-40.0,TP_FIRST,44.67924500816973,44.67924500816973,0.0,43,0,0,0,0,0,-39.992579634592374
PRIMARY,196,000625.SZ,2024-01-04,-40.0,TP_FIRST,12.686864654118965,12.686864654118965,0.0,30,0,0,0,0,0,-24.25874529738413
PRIMARY,197,301236.SZ,2024-01-22,-40.0,TP_FIRST,15.202767971466354,15.202767971466354,0.0,18,0,0,0,0,0,-20.518249818689295
PRIMARY,198,002555.SZ,2023-12-25,-40.0,TP_FIRST,17.471539089853273,17.471539089853273,0.0,39,0,0,0,0,0,-18.06601865960579
PRIMARY,199,000661.SZ,2024-01-12,-40.0,TP_FIRST,5.324721980411358,5.324721980411358,0.0,26,0,0,0,0,0,-15.088906432452676
PRIMARY,200,300033.SZ,2024-01-16,-40.0,TP_FIRST,11.478914185701258,11.478914185701258,0.0,24,0,0,0,0,0,-19.68785420497784
PRIMARY,201,002456.SZ,2023-12-14,-40.0,TP_FIRST,9.13490121758614,9.13490121758614,0.0,48,0,0,0,0,0,-32.75517367129328
PRIMARY,202,603259.SH,2024-01-30,-40.0,TP_FIRST,16.5357317467109,16.5357317467109,0.0,17,0,0,0,0,0,-19.366346576745652
PRIMARY,203,002594.SZ,2023-08-14,-40.0,TP_FIRST,-16.277210987224258,-16.277210987224258,0.0,137,0,0,0,0,0,-33.85103047938111
PRIMARY,204,601012.SH,2024-01-29,-40.0,TP_FIRST,15.268422377533785,15.268422377533785,0.0,24,0,0,0,0,0,-13.258914832233726
PRIMARY,205,002475.SZ,2024-01-17,-40.0,TP_FIRST,7.219372761109448,7.219372761109448,0.0,37,0,0,0,0,0,-11.861191429965057
PRIMARY,206,601318.SH,2024-03-22,-40.0,TP_FIRST,8.104543046068015,8.104543046068015,0.0,23,0,0,0,0,0,-6.965721129438385
PRIMARY,207,600519.SH,2024-04-08,-40.0,TP_FIRST,5.19682233937109,5.19682233937109,0.0,16,0,0,0,0,0,-1.7024675784346077
PRIMARY,208,000977.SZ,2024-04-10,-40.0,TP_FIRST,12.570545419631626,12.570545419631626,0.0,14,0,0,0,0,0,-8.98589486777226
PRIMARY,209,000628.SZ,2024-03-29,-40.0,TP_FIRST,-22.18874094507154,-42.84750626964656,-20.65876532457502,15,1,1,0,0,1,-52.38614252495148
PRIMARY,210,002129.SZ,2024-01-30,-40.0,TP_FIRST,-6.5866863796632105,-6.5866863796632105,0.0,69,0,0,0,0,0,-23.270953005067007
PRIMARY,211,601138.SH,2024-05-31,-40.0,TP_FIRST,17.235953981802986,17.235953981802986,0.0,8,0,0,0,0,0,-0.1435072194053144
PRIMARY,212,002230.SZ,2024-04-23,-40.0,TP_FIRST,5.3407176576942215,5.3407176576942215,0.0,35,0,0,0,0,0,-3.192044234481095
PRIMARY,213,600919.SH,2024-04-26,-40.0,TP_FIRST,-3.22433989136676,-3.22433989136676,0.0,42,0,0,0,0,0,-6.245585876244874
PRIMARY,214,000977.SZ,2024-05-28,-40.0,TP_FIRST,4.476827597833199,4.476827597833199,0.0,28,0,0,0,0,0,-6.538088943116049
PRIMARY,215,000625.SZ,2024-04-16,-40.0,TP_FIRST,-3.5813249331349106,-3.5813249331349106,0.0,56,0,0,0,0,0,-22.439671783461513
PRIMARY,216,000725.SZ,2024-05-28,-40.0,TP_FIRST,4.499483038676097,4.499483038676097,0.0,29,0,0,0,0,0,-5.704054833968886
PRIMARY,217,603019.SH,2024-03-27,-40.0,TP_FIRST,-3.1650656694684725,-3.1650656694684725,0.0,73,0,0,0,0,0,-19.720874640088848
PRIMARY,218,000858.SZ,2024-06-11,-40.0,TP_FIRST,-4.863606074584775,-4.863606074584775,0.0,25,0,0,0,0,0,-9.446093150024627
PRIMARY,219,600519.SH,2024-06-11,-40.0,TP_FIRST,0.5216824393800606,0.5216824393800606,0.0,27,0,0,0,0,0,-10.274440490341663
PRIMARY,220,300750.SZ,2024-06-07,-40.0,TP_FIRST,1.3901215027090492,1.3901215027090492,0.0,29,0,0,0,0,0,-9.524339063610821
PRIMARY,221,300059.SZ,2024-06-28,-40.0,TP_FIRST,3.9349979609446946,3.9349979609446946,0.0,22,0,0,0,0,0,-5.914697081934461
PRIMARY,222,601012.SH,2024-06-06,-40.0,TP_FIRST,-12.181185272863992,-12.181185272863992,0.0,40,0,0,0,0,0,-25.1188709649811
PRIMARY,223,600519.SH,2024-07-30,-40.0,TP_FIRST,4.979956385509713,4.979956385509713,0.0,22,0,0,0,0,0,-0.09990187614892232
PRIMARY,224,002594.SZ,2024-08-02,-40.0,TP_FIRST,6.379967880191982,6.379967880191982,0.0,19,0,0,0,0,0,-3.2764151461084245
PRIMARY,225,002475.SZ,2024-08-05,-40.0,TP_FIRST,8.544910470004318,8.544910470004318,0.0,18,0,0,0,0,0,-3.167255709326977
PRIMARY,226,002466.SZ,2024-04-25,-40.0,TP_FIRST,-13.212317215788726,-13.212317215788726,0.0,94,0,0,0,0,0,-36.23508762311697
PRIMARY,227,300502.SZ,2024-07-25,-40.0,TP_FIRST,13.964744747831642,13.964744747831642,0.0,35,0,0,0,0,0,-12.266195988559547
PRIMARY,228,601919.SH,2024-07-08,-40.0,TP_FIRST,1.7285541339282333,1.7285541339282333,0.0,51,0,0,0,0,0,-19.814263643782315
PRIMARY,229,000063.SZ,2024-08-22,-40.0,TP_FIRST,3.3955801711335427,3.3955801711335427,0.0,19,0,0,0,0,0,-3.013656189391656
PRIMARY,230,601138.SH,2024-07-18,-40.0,TP_FIRST,-2.550959931032771,-2.550959931032771,0.0,45,0,0,0,0,0,-27.58542866236795
PRIMARY,231,300308.SZ,2024-07-25,-40.0,TP_FIRST,7.199933708510119,7.199933708510119,0.0,40,0,0,0,0,0,-20.412077421209307
PRIMARY,232,601899.SH,2024-07-23,-40.0,TP_FIRST,11.302372099604602,11.302372099604602,0.0,43,0,0,0,0,0,-15.34301819528009
PRIMARY,233,601127.SH,2024-08-28,-40.0,TP_FIRST,11.860904824260553,11.860904824260553,0.0,17,0,0,0,0,0,-0.6937050159442237
PRIMARY,234,600036.SH,2024-09-09,-40.0,TP_FIRST,12.650986424212693,12.650986424212693,0.0,9,0,0,0,0,0,-1.1566935372865572
PRIMARY,235,000858.SZ,2024-08-22,-40.0,TP_FIRST,9.447704740723928,9.447704740723928,0.0,22,0,0,0,0,0,-11.92058204560389
PRIMARY,236,600809.SH,2024-08-28,-40.0,TP_FIRST,10.265232797714383,10.265232797714383,0.0,18,0,0,0,0,0,-9.343746064530556
PRIMARY,237,600519.SH,2024-09-09,-40.0,TP_FIRST,13.065449104192647,13.065449104192647,0.0,10,0,0,0,0,0,-9.155678699288794
PRIMARY,238,600276.SH,2024-09-20,-40.0,TP_FIRST,7.0921102706178285,7.0921102706178285,0.0,3,0,0,0,0,0,-1.5909424566413088
PRIMARY,239,000100.SZ,2024-05-07,-40.0,TP_FIRST,6.430946014868081,6.430946014868081,0.0,99,0,0,0,0,0,-22.85372018914835
PRIMARY,240,688012.SH,2024-08-23,-40.0,TP_FIRST,8.980679975166685,8.980679975166685,0.0,22,0,0,0,0,0,-11.105843309233144
PRIMARY,241,688256.SH,2024-09-05,-40.0,TP_FIRST,22.25002533076108,22.25002533076108,0.0,14,0,0,0,0,0,-3.4709343344747623
PRIMARY,242,600900.SH,2024-09-11,-40.0,TP_FIRST,8.228584541518643,8.228584541518643,0.0,10,0,0,0,0,0,-0.35235825269818166
PRIMARY,243,600150.SH,2024-09-19,-40.0,TP_FIRST,4.47320430931633,4.47320430931633,0.0,58,0,0,0,0,0,-6.4123490487716595
PRIMARY,244,600418.SH,2024-11-27,-40.0,TP_FIRST,19.31501930377224,19.31501930377224,0.0,38,0,0,0,0,0,-4.031151825779977
PRIMARY,245,603019.SH,2025-01-02,-40.0,TP_FIRST,7.198386187683706,7.198386187683706,0.0,17,0,0,0,0,0,-10.82782494103971
PRIMARY,246,600030.SH,2024-12-31,-40.0,TP_FIRST,-0.029241512213777625,-0.029241512213777625,0.0,20,0,0,0,0,0,-9.821028359452445
PRIMARY,247,300059.SZ,2025-01-02,-40.0,TP_FIRST,5.568619214325684,5.568619214325684,0.0,19,0,0,0,0,0,-10.373910853057232
PRIMARY,248,300033.SZ,2025-01-02,-40.0,TP_FIRST,23.218740081380986,23.218740081380986,0.0,19,0,0,0,0,0,-8.449836646713571
PRIMARY,249,300750.SZ,2025-01-07,-40.0,TP_FIRST,8.716235937905914,8.716235937905914,0.0,21,0,0,0,0,0,-2.061431530740332
PRIMARY,250,000858.SZ,2025-01-06,-40.0,TP_FIRST,1.2030252662316376,1.2030252662316376,0.0,23,0,0,0,0,0,-5.193889847781408
PRIMARY,251,688256.SH,2025-01-16,-40.0,TP_FIRST,19.16467811575612,19.16467811575612,0.0,19,0,0,0,0,0,-4.483732441599764
PRIMARY,252,600519.SH,2025-01-03,-40.0,TP_FIRST,4.558943908999476,4.558943908999476,0.0,33,0,0,0,0,0,-3.7431935053504506
PRIMARY,253,688256.SH,2025-03-25,-40.0,TP_FIRST,8.922494348994318,8.922494348994318,0.0,17,0,0,0,0,0,-17.216747908844678
PRIMARY,254,002261.SZ,2025-03-24,-40.0,TP_FIRST,2.6716085217561965,2.6716085217561965,0.0,23,0,0,0,0,0,-27.78696429320907
PRIMARY,255,600989.SH,2025-03-28,-40.0,TP_FIRST,6.913448021154776,6.913448021154776,0.0,20,0,0,0,0,0,-8.97260383386529
PRIMARY,256,000063.SZ,2025-03-03,-40.0,TP_FIRST,2.6037524048102836,2.6037524048102836,0.0,42,0,0,0,0,0,-20.196827200957447
PRIMARY,257,600050.SH,2025-03-19,-40.0,TP_FIRST,-4.102896566069308,-4.102896566069308,0.0,30,0,0,0,0,0,-12.91204099525517
PRIMARY,258,300846.SZ,2025-03-25,-40.0,TP_FIRST,-3.7770156011244347,-3.7770156011244347,0.0,26,0,0,0,0,0,-31.401379445935305
PRIMARY,259,300059.SZ,2025-04-01,-40.0,TP_FIRST,5.1627907747067665,5.1627907747067665,0.0,21,0,0,0,0,0,-18.189916816625797
PRIMARY,260,002475.SZ,2025-04-02,-40.0,TP_FIRST,3.6625597634810965,3.6625597634810965,0.0,20,0,0,0,0,0,-27.255123038788852
PRIMARY,261,300308.SZ,2025-01-10,-40.0,TP_FIRST,0.7734206644023827,0.7734206644023827,0.0,73,0,0,0,0,0,-39.080885586063495
PRIMARY,262,300502.SZ,2025-02-28,-40.0,TP_FIRST,28.725713357688992,28.725713357688992,0.0,44,0,0,0,0,0,-31.75728487388515
PRIMARY,263,300750.SZ,2025-04-01,-40.0,TP_FIRST,7.81936272756536,7.81936272756536,0.0,22,0,0,0,0,0,-16.506355111574443
PRIMARY,264,601318.SH,2025-04-07,-40.0,TP_FIRST,6.926822925723594,6.926822925723594,0.0,19,0,0,0,0,0,-1.0258567917744377
PRIMARY,265,600036.SH,2025-04-07,-40.0,TP_FIRST,5.565919809741665,5.565919809741665,0.0,19,0,0,0,0,0,-1.275773669536573
PRIMARY,266,002594.SZ,2025-04-08,-40.0,TP_FIRST,17.218917139643203,17.218917139643203,0.0,21,0,0,0,0,0,-2.0179308927128603
PRIMARY,267,601658.SH,2025-03-28,-40.0,TP_FIRST,3.737034722718007,3.737034722718007,0.0,28,0,0,0,0,0,-5.998762052795592
PRIMARY,268,600309.SH,2025-04-15,-40.0,TP_FIRST,2.8522101436284233,2.8522101436284233,0.0,18,0,0,0,0,0,-4.325283052386664
PRIMARY,269,601899.SH,2025-04-07,-40.0,TP_FIRST,18.75276321406046,18.75276321406046,0.0,28,0,0,0,0,0,-2.3499050474409477
PRIMARY,270,603259.SH,2025-04-08,-40.0,TP_FIRST,27.365745385479556,27.365745385479556,0.0,29,0,0,0,0,0,-2.7478554733693317
PRIMARY,271,688981.SH,2025-04-01,-40.0,TP_FIRST,-0.3367121465143475,-0.3367121465143475,0.0,53,0,0,0,0,0,-10.022828466095346
PRIMARY,272,688256.SH,2025-05-27,-40.0,TP_FIRST,2.4520211429184493,2.4520211429184493,0.0,20,0,0,0,0,0,-9.161551567123071
PRIMARY,273,000858.SZ,2025-06-13,-40.0,TP_FIRST,2.9441509741563254,2.9441509741563254,0.0,17,0,0,0,0,0,-0.8036010497183277
PRIMARY,274,600519.SH,2025-06-13,-40.0,TP_FIRST,1.571155348492451,1.571155348492451,0.0,18,0,0,0,0,0,-0.18545542382252256
PRIMARY,275,300308.SZ,2025-10-14,-40.0,TP_FIRST,37.312191378736536,37.312191378736536,0.0,7,0,0,0,0,0,-2.4164241555545862
PRIMARY,276,002460.SZ,2025-11-24,-40.0,TP_FIRST,9.614217661278927,9.614217661278927,0.0,19,0,0,0,0,0,-1.7925475782034406
PRIMARY,277,601138.SH,2025-11-24,-40.0,TP_FIRST,19.316165850131622,19.316165850131622,0.0,22,0,0,0,0,0,-2.475096837577462
PRIMARY,278,300502.SZ,2026-01-12,-40.0,TP_FIRST,18.325572753597463,18.325572753597463,0.0,14,0,0,0,0,0,-2.8874334496876597
PRIMARY,279,300750.SZ,2025-11-21,-40.0,TP_FIRST,1.7797735978262685,1.7797735978262685,0.0,52,0,0,0,0,0,-11.001248680259001
PRIMARY,280,300274.SZ,2025-12-16,-40.0,TP_FIRST,-0.04130443998742119,-0.04130443998742119,0.0,52,0,0,0,0,0,-13.261308807790783
PRIMARY,281,300308.SZ,2026-02-06,-40.0,TP_FIRST,3.437565472561077,3.437565472561077,0.0,21,0,0,0,0,0,-9.894027541086349
PRIMARY,282,002475.SZ,2026-01-08,-40.0,TP_FIRST,1.540552873571203,1.540552873571203,0.0,56,0,0,0,0,0,-18.823201056328863
PRIMARY,283,601138.SH,2026-01-29,-40.0,TP_FIRST,3.823418044659373,3.823418044659373,0.0,41,0,0,0,0,0,-17.012814423960076
PRIMARY,284,688256.SH,2026-02-03,-40.0,TP_FIRST,12.397855616133041,12.397855616133041,0.0,38,0,0,0,0,0,-12.087912087912079
PRIMARY,285,601899.SH,2026-03-16,-40.0,TP_FIRST,9.119263883295172,9.119263883295172,0.0,20,0,0,0,0,0,-14.280941525906998
PRIMARY,286,603986.SH,2026-03-31,-40.0,TP_FIRST,19.7457903723054,19.7457903723054,0.0,13,0,0,0,0,0,-2.865134133444669
PRIMARY,287,300059.SZ,2026-03-20,-40.0,TP_FIRST,8.424165896338625,8.424165896338625,0.0,31,0,0,0,0,0,-7.322200643291355
PRIMARY,288,300274.SZ,2026-04-01,-40.0,TP_FIRST,13.077001683310016,13.077001683310016,0.0,23,0,0,0,0,0,-7.472322364359973
PRIMARY,289,300274.SZ,2026-07-01,-40.0,TP_FIRST,-8.358514552822074,-8.358514552822074,0.0,28,0,0,0,0,0,-26.27934444027391
PRIMARY,290,600487.SH,2026-07-06,-40.0,TP_FIRST,-17.707576907721744,-37.657066356629926,-19.94948944890818,15,1,1,0,0,0,-46.153139444336865
PRIMARY,291,688525.SH,2026-07-15,-40.0,TP_FIRST,-19.368418251981645,-19.368418251981645,0.0,28,0,0,0,0,0,-34.73193473193472
PRIMARY,292,688008.SH,2026-07-16,-40.0,TP_FIRST,-3.6609369962131426,-3.6609369962131426,0.0,27,0,0,0,0,0,-12.165294341773524
PRIMARY,293,688256.SH,2026-07-16,-40.0,TP_FIRST,-7.309240157764709,-7.309240157764709,0.0,27,0,0,0,0,0,-25.153710642669623
PRIMARY,294,300308.SZ,2026-07-17,-40.0,TP_FIRST,-11.744158826402947,-11.744158826402947,0.0,26,0,0,0,0,0,-22.96628924619374
PRIMARY,295,600584.SH,2026-07-20,-40.0,TP_FIRST,-3.746170199653699,-3.746170199653699,0.0,25,0,0,0,0,0,-20.75720869405966
PRIMARY,296,300502.SZ,2026-07-28,-40.0,TP_FIRST,-3.1289001702402826,-3.1289001702402826,0.0,19,0,0,0,0,0,-14.854383942881455
PRIMARY,297,002384.SZ,2026-07-29,-40.0,TP_FIRST,6.860142611567042,6.860142611567042,0.0,18,0,0,0,0,0,-9.217430672804971
PRIMARY,298,002475.SZ,2026-08-03,-40.0,TP_FIRST,1.2862198685484683,1.2862198685484683,0.0,15,0,0,0,0,0,-4.021902045888859
PRIMARY,299,600276.SH,2026-08-20,-40.0,TP_FIRST,-2.438053366642191,-2.438053366642191,0.0,2,0,0,0,0,0,-4.81585777507767
