date,equity,cash,stock_val,etf_sh,etf_val
2020-01-02,1000000.0,1000000.0,0.0,0,0.0
2020-01-03,1000000.0,1000000.0,0.0,0,0.0
2020-01-06,1000000.0,1000000.0,0.0,0,0.0
2020-01-07,1000000.0,1000000.0,0.0,0,0.0
2020-01-08,1000000.0,1000000.0,0.0,0,0.0
2020-01-09,1000000.0,1000000.0,0.0,0,0.0
2020-01-10,1000000.0,1000000.0,0.0,0,0.0
2020-01-13,1000000.0,1000000.0,0.0,0,0.0
2020-01-14,1000000.0,1000000.0,0.0,0,0.0
2020-01-15,1000000.0,1000000.0,0.0,0,0.0
2020-01-16,1000000.0,1000000.0,0.0,0,0.0
2020-01-17,1000000.0,1000000.0,0.0,0,0.0
2020-01-20,1000000.0,1000000.0,0.0,0,0.0
2020-01-21,1000000.0,1000000.0,0.0,0,0.0
2020-01-22,1000000.0,1000000.0,0.0,0,0.0
2020-01-23,1000000.0,1000000.0,0.0,0,0.0
2020-02-03,1000000.0,1000000.0,0.0,0,0.0
2020-02-04,1000000.0,1000000.0,0.0,0,0.0
2020-02-05,1000000.0,1000000.0,0.0,0,0.0
2020-02-06,1000000.0,1000000.0,0.0,0,0.0
2020-02-07,1000000.0,1000000.0,0.0,0,0.0
2020-02-10,1000000.0,1000000.0,0.0,0,0.0
2020-02-11,1000000.0,1000000.0,0.0,0,0.0
2020-02-12,1000000.0,1000000.0,0.0,0,0.0
2020-02-13,1000000.0,1000000.0,0.0,0,0.0
2020-02-14,1000000.0,1000000.0,0.0,0,0.0
2020-02-17,1000000.0,1000000.0,0.0,0,0.0
2020-02-18,1000000.0,1000000.0,0.0,0,0.0
2020-02-19,1000000.0,1000000.0,0.0,0,0.0
2020-02-20,1000000.0,1000000.0,0.0,0,0.0
2020-02-21,1000000.0,1000000.0,0.0,0,0.0
2020-02-24,1000000.0,1000000.0,0.0,0,0.0
2020-02-25,1000000.0,1000000.0,0.0,0,0.0
2020-02-26,1000000.0,1000000.0,0.0,0,0.0
2020-02-27,1000000.0,1000000.0,0.0,0,0.0
2020-02-28,1000000.0,1000000.0,0.0,0,0.0
2020-03-02,1004324.3473688001,609388.3473688001,394936.0,0,0.0
2020-03-03,1012205.3473688001,609388.3473688001,402817.0,0,0.0
2020-03-04,1012018.3473688001,609388.3473688001,402630.0,0,0.0
2020-03-05,1017233.3056688001,813925.3056688001,203308.0,0,0.0
2020-03-06,1014853.3056688001,813925.3056688001,200928.0,0,0.0
2020-03-09,999994.9757582252,205022.67575822514,186829.99999999997,318900,608142.3
2020-03-10,1037837.8630841852,5139.363084185172,393484.0,325300,639214.5
2020-03-11,1026827.0630841852,5139.363084185172,394184.0,325300,627503.7000000001
2020-03-12,985957.3630841852,5139.363084185172,375759.99999999994,325300,605058.0
2020-03-13,958574.6378735052,5059.137873505192,571597.0,209500,381918.5
2020-03-16,905527.6378735052,5059.137873505192,527768.0,209500,372700.5
2020-03-17,895074.7059661252,116.7059661252274,894958.0,0,0.0
2020-03-18,880606.7059661252,116.7059661252274,880490.0,0,0.0
2020-03-19,859740.7059661252,116.7059661252274,859624.0,0,0.0
2020-03-20,869540.7059661252,116.7059661252274,869424.0,0,0.0
2020-03-23,820968.7059661252,116.7059661252274,820852.0,0,0.0
2020-03-24,850354.7059661252,116.7059661252274,850238.0,0,0.0
2020-03-25,899146.7059661252,116.7059661252274,899030.0,0,0.0
2020-03-26,892266.7059661252,116.7059661252274,892150.0,0,0.0
2020-03-27,885774.7059661252,116.7059661252274,885658.0,0,0.0
2020-03-30,885412.7059661252,116.7059661252274,885296.0,0,0.0
2020-03-31,890258.7059661252,116.7059661252274,890142.0,0,0.0
2020-04-01,891100.7059661252,116.7059661252274,890984.0,0,0.0
2020-04-02,907020.7059661252,116.7059661252274,906904.0,0,0.0
2020-04-03,891352.7059661252,116.7059661252274,891236.0,0,0.0
2020-04-07,913428.7059661252,116.7059661252274,913312.0,0,0.0
2020-04-08,902932.7059661252,116.7059661252274,902816.0,0,0.0
2020-04-09,891952.7059661252,116.7059661252274,891836.0,0,0.0
2020-04-10,897159.6275302053,375175.6275302053,521984.0,0,0.0
2020-04-13,880097.4364854803,5034.536485480377,505384.0,201900,369678.89999999997
2020-04-14,934053.7651810003,556338.4651810003,768.0,201900,376947.3
2020-04-15,937082.2651810003,556338.4651810003,768.0,201900,379975.8
2020-04-16,934166.9333971753,5014.733397175325,762.0,496200,928390.2
2020-04-17,954527.1333971752,5014.733397175325,778.0,496200,948734.3999999999
2020-04-20,954519.1333971752,5014.733397175325,770.0,496200,948734.3999999999
2020-04-21,935157.3333971753,5014.733397175325,760.0,496200,929382.6
2020-04-22,924739.1333971753,5014.733397175325,762.0,496200,918962.4
2020-04-23,934158.9333971753,5014.733397175325,754.0,496200,928390.2
2020-04-24,928190.5333971754,5014.733397175325,740.0,496200,922435.8
2020-04-27,947536.3333971753,5014.733397175325,734.0,496200,941787.6
2020-04-28,956441.9333971753,5014.733397175325,708.0,496200,950719.2
2020-04-29,966494.9732726354,3764.9732726353686,203847.0,393000,758883.0
2020-04-30,993063.9732726354,3764.9732726353686,214696.0,393000,774603.0
2020-05-06,987057.9732726354,3764.9732726353686,218122.0,393000,765171.0
2020-05-07,974770.9732726354,3764.9732726353686,215267.0,393000,755739.0
2020-05-08,986983.9732726354,3764.9732726353686,220406.0,393000,762813.0
2020-05-11,998698.8958496654,205069.89584966536,0.0,404500,793629.0
2020-05-12,988018.1559986654,5176.3559986653945,197251.0,406200,785590.7999999999
2020-05-13,977840.7559986655,5176.3559986653945,196010.0,406200,776654.4
2020-05-14,961861.9559986654,5176.3559986653945,191811.0,406200,764874.6
2020-05-15,974005.9559986654,5176.3559986653945,193800.0,406200,775029.6
2020-05-18,994389.5559986653,5176.3559986653945,202810.0,406200,786403.2
2020-05-19,1010636.5559986653,5176.3559986653945,198747.0,406200,806713.2
2020-05-20,995156.9559986654,5176.3559986653945,192610.0,406200,797370.6
2020-05-21,999397.9559986654,5176.3559986653945,194820.0,406200,799401.6
2020-05-22,997060.1559986654,5176.3559986653945,198169.0,406200,793714.7999999999
2020-05-25,1015547.7559986655,5176.3559986653945,203252.0,406200,807119.4
2020-05-26,1024495.6779871254,4558.777987125388,599783.0,208100,420153.9
2020-05-27,1017282.6779871254,4558.777987125388,592570.0,208100,420153.9
2020-05-28,1019818.0779871254,4558.777987125388,590111.0,208100,425148.30000000005
2020-05-29,1017218.6779871252,4558.777987125388,590425.0,208100,422234.89999999997
2020-06-01,1039694.0779871254,4558.777987125388,612068.0,208100,423067.3
2020-06-02,1044663.0637884854,5101.863788485411,407994.0,310200,631567.2
2020-06-03,1052620.2637884854,5101.863788485411,407886.0,310200,639632.3999999999
2020-06-04,1053231.8637884855,5101.863788485411,406016.0,310200,642114.0
2020-06-05,1059057.2637884854,5101.863788485411,406568.0,310200,647387.4
2020-06-08,1076598.2637884854,5101.863788485411,414803.0,310200,656693.4
2020-06-09,1084151.2637884854,5101.863788485411,413050.0,310200,665999.3999999999
2020-06-10,1081700.2637884854,5101.863788485411,412150.0,310200,664448.4
2020-06-11,1058425.6637884853,5101.863788485411,406867.0,310200,646456.8
2020-06-12,1038787.8637884854,5101.863788485411,407082.0,310200,626604.0
2020-06-15,1013632.0637884855,5101.863788485411,400228.0,310200,608302.2000000001
2020-06-16,1052265.6680426705,5138.868042670452,399680.0,314600,647446.7999999999
2020-06-17,1067197.4313825555,5110.131382555468,199926.0,414700,862161.3
2020-06-18,1063668.1313825555,5110.131382555468,204276.0,414700,854282.0
2020-06-19,1074038.5313825556,5110.131382555468,209670.0,414700,859258.4
2020-06-22,1069720.4313825555,5110.131382555468,214890.0,414700,849720.2999999999
2020-06-23,1072594.3313825554,5110.131382555468,210714.0,414700,856770.2
2020-06-24,1074493.8313825554,5110.131382555468,210540.0,414700,858843.7000000001
2020-06-29,1041622.3313825554,5110.131382555468,204624.0,414700,831888.2
2020-06-30,1057401.2313825553,5110.131382555468,217500.0,414700,834791.1
2020-07-01,1067319.2313825556,5110.131382555468,214977.0,414700,847232.1000000001
2020-07-02,1077608.4313825555,5110.131382555468,218631.0,414700,853867.3
2020-07-03,1083889.8313825554,5110.131382555468,219936.0,414700,858843.7000000001
2020-07-06,1094454.5967182454,5145.3967182455235,0.0,522200,1089309.2
2020-07-07,1085054.9967182456,5145.3967182455235,0.0,522200,1079909.6
2020-07-08,1080355.1967182455,5145.3967182455235,0.0,522200,1075209.8
2020-07-09,1081921.7967182454,5145.3967182455235,0.0,522200,1076776.4
2020-07-10,1068866.7967182454,5145.3967182455235,0.0,522200,1063721.4
2020-07-13,1095498.9967182456,5145.3967182455235,0.0,522200,1090353.6
2020-07-14,1087143.7967182456,5145.3967182455235,0.0,522200,1081998.4000000001
2020-07-15,1103331.9967182456,5145.3967182455235,0.0,522200,1098186.6
2020-07-16,1099154.3967182455,5145.3967182455235,0.0,522200,1094009.0
2020-07-17,1104898.5967182454,5145.3967182455235,0.0,522200,1099753.2
2020-07-20,1100198.7967182454,5145.3967182455235,0.0,522200,1095053.4
2020-07-21,1118475.7967182456,5145.3967182455235,0.0,522200,1113330.4000000001
2020-07-22,1115342.5967182454,5145.3967182455235,0.0,522200,1110197.2
2020-07-23,1126830.9967182456,5145.3967182455235,0.0,522200,1121685.6
2020-07-24,1105420.7967182456,5145.3967182455235,0.0,522200,1100275.4000000001
2020-07-27,1106465.1967182455,5145.3967182455235,0.0,522200,1101319.8
2020-07-28,1112731.5967182454,5145.3967182455235,0.0,522200,1107586.2
2020-07-29,1110120.5967182454,5145.3967182455235,0.0,522200,1104975.2
2020-07-30,1114298.1967182455,5145.3967182455235,0.0,522200,1109152.8
2020-07-31,1119520.1967182455,5145.3967182455235,0.0,522200,1114374.8
2020-08-03,1120564.5967182454,5145.3967182455235,0.0,522200,1115419.2
2020-08-04,1129964.1967182455,5145.3967182455235,0.0,522200,1124818.8
2020-08-05,1133619.5967182454,5145.3967182455235,0.0,522200,1128474.2
2020-08-06,1141452.5967182457,5145.3967182455235,0.0,522200,1136307.2000000002
2020-08-07,1153463.1967182453,5145.3967182455235,0.0,522200,1148317.7999999998
2020-08-10,1160773.9967182456,5145.3967182455235,0.0,522200,1155628.6
2020-08-11,1156596.3967182455,5145.3967182455235,0.0,522200,1151451.0
2020-08-12,1147196.7967182454,5145.3967182455235,0.0,522200,1142051.4
2020-08-13,1160251.7967182456,5145.3967182455235,0.0,522200,1155106.4000000001
2020-08-14,1160251.7967182456,5145.3967182455235,0.0,522200,1155106.4000000001
2020-08-17,1160251.7967182456,5145.3967182455235,0.0,522200,1155106.4000000001
2020-08-18,1158685.1967182455,5145.3967182455235,0.0,522200,1153539.8
2020-08-19,1165473.7967182454,5145.3967182455235,0.0,522200,1160328.4
2020-08-20,1151896.5967182457,5145.3967182455235,0.0,522200,1146751.2000000002
2020-08-21,1157118.5967182454,5145.3967182455235,0.0,522200,1151973.2
2020-08-24,1168084.7967182454,5145.3967182455235,0.0,522200,1162939.4
2020-08-25,1197850.1967182453,5145.3967182455235,0.0,522200,1192704.7999999998
2020-08-26,1184795.1967182455,5145.3967182455235,0.0,522200,1179649.8
2020-08-27,1200461.1967182455,5145.3967182455235,0.0,522200,1195315.8
2020-08-28,1209338.5967182454,5145.3967182455235,0.0,522200,1204193.2
2020-08-31,1219782.5967182454,5145.3967182455235,0.0,522200,1214637.2
2020-09-01,1203594.3967182455,5145.3967182455235,0.0,522200,1198449.0
2020-09-02,1217106.3550891057,5031.955089105555,193050.0,436600,1019024.4
2020-09-03,1275821.9550891055,5031.955089105555,194571.0,436600,1076219.0
2020-09-04,1207090.2079429654,4468.507942965545,391439.99999999994,350100,811181.7000000001
2020-09-07,1154029.5079429655,4468.507942965545,375840.0,350100,773721.0
2020-09-08,1154368.2951750956,5764.695175095636,762332.0,171600,386271.6
2020-09-09,1103597.7005720956,6728.90057209559,924296.0,79600,172572.80000000002
2020-09-10,1084262.8243962356,306.8243962355773,1083956.0,0,0.0
2020-09-11,1116388.8243962356,306.8243962355773,1116082.0,0,0.0
2020-09-14,1126216.8243962356,306.8243962355773,1125910.0,0,0.0
2020-09-15,1126462.8243962356,306.8243962355773,1126156.0,0,0.0
2020-09-16,1113726.8243962356,306.8243962355773,1113420.0,0,0.0
2020-09-17,1123388.8243962356,306.8243962355773,1123082.0,0,0.0
2020-09-18,1150770.8243962356,306.8243962355773,1150464.0,0,0.0
2020-09-21,1145486.8243962356,306.8243962355773,1145180.0,0,0.0
2020-09-22,1121276.8243962356,306.8243962355773,1120970.0,0,0.0
2020-09-23,1126660.8243962356,306.8243962355773,1126354.0,0,0.0
2020-09-24,1095042.8243962356,306.8243962355773,1094736.0,0,0.0
2020-09-25,1090214.8243962356,306.8243962355773,1089908.0,0,0.0
2020-09-28,1099690.8243962356,306.8243962355773,1099384.0,0,0.0
2020-09-29,1103414.8243962356,306.8243962355773,1103108.0,0,0.0
2020-09-30,1091570.8243962356,306.8243962355773,1091264.0,0,0.0
2020-10-09,1135956.1156040356,5052.115604035556,934720.0,89500,196184.00000000003
2020-10-12,1156494.5975304355,755992.0975304355,202976.0,89500,197526.5
2020-10-13,1161626.6870692356,759668.1870692356,201210.0,89500,200748.5
2020-10-14,1157021.1870692356,759668.1870692356,197410.0,89500,199943.0
2020-10-15,1145216.1384622105,205047.53846221068,189430.0,341400,750738.6
2020-10-16,1147685.2970574107,5206.297057410713,386880.0,341900,755599.0
2020-10-19,1152425.0970574107,5206.297057410713,390936.0,341900,756282.8
2020-10-20,1141832.6970574106,5206.297057410713,392652.0,341900,743974.4
2020-10-21,1136942.0970574105,5206.297057410713,385710.0,341900,746025.7999999999
2020-10-22,1123030.7970574107,5206.297057410713,381030.0,341900,736794.4999999999
2020-10-23,1124738.997057411,5206.297057410713,376584.0,341900,742948.7000000001
2020-10-26,1132877.9165733107,8575.61657331066,583404.0,250300,540898.3
2020-10-27,1156255.8371468105,5181.337146810649,807352.0,159500,343722.49999999994
2020-10-28,1166310.3371468107,5181.337146810649,822032.0,159500,339097.0
2020-10-29,1154567.3371468107,5181.337146810649,816350.0,159500,333036.0
2020-10-30,1121733.3371468107,5181.337146810649,789896.0,159500,326656.0
2020-11-02,1116947.3371468107,5181.337146810649,781920.0,159500,329846.0
2020-11-03,1140316.2945839358,5010.094583935706,999048.0,64700,136258.19999999998
2020-11-04,1141580.0945839356,5010.094583935706,998112.0,64700,138458.0
2020-11-05,1163048.9945839357,5010.094583935706,1017834.0,64700,140204.9
2020-11-06,1142907.2945839358,5010.094583935706,997110.0,64700,140787.2
2020-11-09,1180592.3024462156,5103.302446215705,630282.0,246700,545207.0
2020-11-10,1166593.3024462156,5103.302446215705,618750.0,246700,542740.0
2020-11-11,1159970.3024462156,5103.302446215705,609660.0,246700,545207.0
2020-11-12,1163101.7581994056,5061.558199405714,800922.0,161300,357118.2
2020-11-13,1155195.1581994058,5061.558199405714,793338.0,161300,356795.60000000003
2020-11-16,1169562.1581994058,5061.558199405714,802866.0,161300,361634.6
2020-11-17,1145413.7581994056,5061.558199405714,780008.0,161300,360344.2
2020-11-18,1137503.7193504306,10979.719350430707,967260.0,72000,159264.0
2020-11-19,1148525.7193504306,10979.719350430707,978354.0,72000,159192.0
2020-11-20,1149492.7739504306,5023.373950430708,979980.0,74700,164489.4
2020-11-23,1168313.6434731958,5009.643473195785,591564.0,260000,571740.0
2020-11-24,1165829.6434731958,5009.643473195785,580500.0,260000,580320.0
2020-11-25,1153899.6434731958,5009.643473195785,564150.0,260000,584740.0
2020-11-26,1147473.6434731958,5009.643473195785,557724.0,260000,584740.0
2020-11-27,1160001.6434731958,5009.643473195785,571812.0,260000,583180.0
2020-11-30,1181701.8779346358,226651.8779346358,374730.0,260000,580320.0
2020-12-01,1201165.1806062358,5061.580606235861,388230.0,358100,807873.6
2020-12-02,1195026.580606236,5061.580606235861,384240.00000000006,358100,805725.0
2020-12-03,1216039.4806062358,5061.580606235861,402030.0,358100,808947.8999999999
2020-12-04,1229790.880606236,5061.580606235861,417930.0,358100,806799.3
2020-12-07,1242819.451862586,5053.051862585999,0.0,547200,1237766.4
2020-12-08,1240083.4518625862,5053.051862585999,0.0,547200,1235030.4000000001
2020-12-09,1251027.4518625862,5053.051862585999,0.0,547200,1245974.4000000001
2020-12-10,1242059.376789276,5167.176789276003,194773.0,460300,1042119.2
2020-12-11,1245526.676789276,5167.176789276003,197780.0,460300,1042579.5
2020-12-14,1245524.776789276,5167.176789276003,194556.0,460300,1045801.5999999999
2020-12-15,1234004.362694951,4930.562694951077,390429.0,372400,838644.7999999999
2020-12-16,1248955.232460001,205031.2324600011,384489.0,290500,659435.0
2020-12-17,1261157.7291594413,5063.729159441148,589779.0,292500,666315.0
2020-12-18,1258129.2291594413,5063.729159441148,584703.0,292500,668362.5
2020-12-21,1251822.2876675613,4477.687667561171,779238.0,205400,468106.6
2020-12-22,1244740.8876675612,4477.687667561171,776470.0,205400,463793.2
2020-12-23,1251316.6876675612,4477.687667561171,782635.0,205400,464203.99999999994
2020-12-24,1242565.0876675611,4477.687667561171,772651.0,205400,465436.4
2020-12-25,1234208.487667561,4477.687667561171,763062.0,205400,466668.79999999993
2020-12-28,1235004.8876675612,4477.687667561171,761599.0,205400,468928.2
2020-12-29,1244669.2876675613,4477.687667561171,766950.0,205400,473241.6
2020-12-30,1272870.2876675613,4477.687667561171,798232.0,205400,470160.60000000003
2020-12-31,1287051.4876675613,4477.687667561171,811797.0,205400,470776.8
2021-01-04,1294357.6876675612,4477.687667561171,821568.0,205400,468311.99999999994
2021-01-05,1295655.9361800011,5003.936180001241,429021.0,383800,861631.0
2021-01-06,1310185.1361800013,5003.936180001241,442015.0,383800,863166.2000000001
2021-01-07,1313598.3361800013,5003.936180001241,432379.0,383800,876215.4
2021-01-08,1344190.647320561,454542.2473205612,0.0,383800,889648.4
2021-01-11,1339791.402594061,5075.002594061312,0.0,578300,1334716.4
2021-01-12,1342104.6025940613,5075.002594061312,0.0,578300,1337029.5999999999
2021-01-13,1338634.8025940615,5075.002594061312,0.0,578300,1333559.8
2021-01-14,1347309.3025940615,5075.002594061312,0.0,578300,1342234.3
2021-01-15,1335743.3025940615,5075.002594061312,0.0,578300,1330668.3
2021-01-18,1331695.2025940614,5075.002594061312,0.0,578300,1326620.2
2021-01-19,1341526.3025940615,5075.002594061312,0.0,578300,1336451.3
2021-01-20,1339213.1025940613,5075.002594061312,0.0,578300,1334138.0999999999
2021-01-21,1362345.1025940613,5075.002594061312,0.0,578300,1357270.1
2021-01-22,1355405.5025940612,5075.002594061312,0.0,578300,1350330.5
2021-01-25,1362923.402594061,5075.002594061312,0.0,578300,1357848.4
2021-01-26,1350779.1025940613,5075.002594061312,0.0,578300,1345704.0999999999
2021-01-27,1357140.4025940616,5075.002594061312,0.0,578300,1352065.4000000001
2021-01-28,1321864.1025940613,5075.002594061312,0.0,578300,1316789.1
2021-01-29,1326985.0949639613,7958.494963961304,391572.0,406600,927454.6000000001
2021-02-01,1319169.5586888364,26950.658688836353,567459.0,319700,724759.9
2021-02-02,1335608.2278351365,4993.227835136378,771422.0,242600,559193.0
2021-02-03,1331881.8278351363,4993.227835136378,761388.0,242600,565500.6
2021-02-04,1344300.6200425113,5124.620042511433,969638.0,158600,369538.0
2021-02-05,1345677.0200425114,5124.620042511433,964829.0,158600,375723.4
2021-02-08,1346292.6200425113,5124.620042511433,965286.0,158600,375882.0
2021-02-09,1357588.6230985115,210260.22309851143,769226.0,158600,378102.39999999997
2021-02-10,1374803.3068855116,5152.106885511457,787014.0,244600,582637.2000000001
2021-02-18,1388553.1068855114,5152.106885511457,800030.0,244600,583371.0
2021-02-19,1399282.9068855115,5152.106885511457,812472.0,244600,581658.8
2021-02-22,1384114.1068855114,5152.106885511457,799260.0,244600,579702.0
2021-02-23,1391970.0403556214,5135.040355621475,1006213.0,160600,380622.0
2021-02-24,1387321.6252804715,205062.62528047158,373515.0,344000,808744.0
2021-02-25,1386182.8916102916,10624.891610291612,553398.0,344000,822160.0
2021-02-26,1343562.2278583916,5056.027858391637,730955.0,261200,607551.2000000001
2021-03-01,1386240.5578444917,5199.357844491675,948992.0,184400,432049.2
2021-03-02,1391290.1578444918,5199.357844491675,947772.0,184400,438318.8
2021-03-03,1401213.7578444916,5199.357844491675,957880.0,184400,438134.39999999997
2021-03-04,1340684.1578444918,5199.357844491675,906386.0,184400,429098.8
2021-03-05,1345072.9578444916,5199.357844491675,915016.0,184400,424857.6
2021-03-08,1290010.5578444917,5199.357844491675,850918.0,184400,433893.2
2021-03-09,1260845.3578444917,5199.357844491675,817696.0,184400,437950.0
2021-03-10,1262824.5690491716,5209.569049171656,1015569.0,102000,242046.00000000003
2021-03-11,1276532.5690491716,5209.569049171656,1025401.0,102000,245922.0
2021-03-12,1252580.4818070317,4267.281807031715,1199088.0,20400,49225.2
2021-03-15,1195318.4818070317,4267.281807031715,1141520.0,20400,49531.2
2021-03-16,1201060.3892691517,446.3892691517176,1200614.0,0,0.0
2021-03-17,1206196.3892691517,446.3892691517176,1205750.0,0,0.0
2021-03-18,1219848.3892691517,446.3892691517176,1219402.0,0,0.0
2021-03-19,1154104.3892691517,446.3892691517176,1153658.0,0,0.0
2021-03-22,1156910.3892691517,446.3892691517176,1156464.0,0,0.0
2021-03-23,1129022.3892691517,446.3892691517176,1128576.0,0,0.0
2021-03-24,1089126.3892691517,446.3892691517176,1088680.0,0,0.0
2021-03-25,1095296.3892691517,446.3892691517176,1094850.0,0,0.0
2021-03-26,1152532.3892691517,446.3892691517176,1152086.0,0,0.0
2021-03-29,1126624.3892691517,446.3892691517176,1126178.0,0,0.0
2021-03-30,1132748.3892691517,446.3892691517176,1132302.0,0,0.0
2021-03-31,1114974.3892691517,446.3892691517176,1114528.0,0,0.0
2021-04-01,1152588.3892691517,446.3892691517176,1152142.0,0,0.0
2021-04-02,1178522.606817992,5010.606817991822,823932.0,140000,349580.0
2021-04-06,1174450.606817992,5010.606817991822,815240.0,140000,354200.0
2021-04-07,1156048.606817992,5010.606817991822,797398.0,140000,353640.0
2021-04-08,1150566.606817992,5010.606817991822,790516.0,140000,355040.0
2021-04-09,1135836.606817992,5010.606817991822,775086.0,140000,355740.0
2021-04-12,1122550.606817992,5010.606817991822,759420.0,140000,358120.0
2021-04-13,1138751.2011216418,5186.101121641832,974264.0,62300,159301.1
2021-04-14,1151134.8011216419,5186.101121641832,985900.0,62300,160048.69999999998
2021-04-15,1130914.9024321418,2495.9024321418547,1128419.0,0,0.0
2021-04-16,1123016.9024321418,2495.9024321418547,1120521.0,0,0.0
2021-04-19,1174425.790692262,818410.7906922619,356015.0,0,0.0
2021-04-20,1171015.790692262,818410.7906922619,352605.0,0,0.0
2021-04-21,1168595.790692262,818410.7906922619,350185.0,0,0.0
2021-04-22,1165900.790692262,818410.7906922619,347490.0,0,0.0
2021-04-23,1178825.790692262,818410.7906922619,360415.0,0,0.0
2021-04-26,1181905.790692262,818410.7906922619,363495.0,0,0.0
2021-04-27,1175195.790692262,818410.7906922619,356785.0,0,0.0
2021-04-28,1178550.790692262,818410.7906922619,360140.0,0,0.0
2021-04-29,1170850.790692262,818410.7906922619,352440.0,0,0.0
2021-04-30,1172335.790692262,818410.7906922619,353924.99999999994,0,0.0
2021-05-06,1156678.051918312,205083.251918312,527435.0,165300,424159.8
2021-05-07,1135384.310828312,8335.610828312027,700740.0,165300,426308.7
2021-05-10,1146382.200997212,16416.200997212058,897833.0,89800,232133.0
2021-05-11,1159460.697867612,5022.297867612062,1102500.0,20400,51938.399999999994
2021-05-12,1179578.097867612,5022.297867612062,1123005.0,20400,51550.8
2021-05-13,1169604.297867612,5022.297867612062,1113990.0,20400,50592.0
2021-05-14,1187969.497867612,5022.297867612062,1131580.0,20400,51367.2
2021-05-17,1225675.983662812,5000.783662812086,811042.0,161400,409633.19999999995
2021-05-18,1224375.783662812,5000.783662812086,808612.0,161400,410763.0
2021-05-19,1250896.383662812,5000.783662812086,841750.0,161400,404145.6
2021-05-20,1263335.528976812,447898.1289768121,411776.0,161400,403661.39999999997
2021-05-21,1264591.3911613622,5083.391161362175,408420.0,336000,851088.0
2021-05-24,1271773.3911613622,5083.391161362175,414258.0,336000,852432.0
2021-05-25,1292973.4523147224,205173.3523147222,375816.0,279100,711984.1000000001
2021-05-26,1288666.7184457222,5203.718445722231,570485.0,280700,712978.0
2021-05-27,1284877.1184457222,5203.718445722231,571748.0,280700,707925.3999999999
2021-05-28,1267932.267626937,5235.067626937187,718257.0,214600,544440.2
2021-05-31,1270116.267626937,5235.067626937187,721514.0,214600,543367.2
2021-06-01,1289659.4676269372,5235.067626937187,740628.0,214600,543796.3999999999
2021-06-02,1306009.867626937,5235.067626937187,757193.0,214600,543581.7999999999
2021-06-03,1236955.267626937,5235.067626937187,687280.0,214600,544440.2
2021-06-04,1239074.867626937,5235.067626937187,690258.0,214600,543581.7999999999
2021-06-07,1229007.267626937,5235.067626937187,675040.0,214600,548732.2
2021-06-08,1215432.267626937,5235.067626937187,661465.0,214600,548732.2
2021-06-09,1219278.867626937,5235.067626937187,665097.0,214600,548946.7999999999
2021-06-10,1214547.4676269372,5235.067626937187,662297.0,214600,547015.4
2021-06-11,1208881.267626937,5235.067626937187,654914.0,214600,548732.2
2021-06-15,1213923.867626937,5235.067626937187,656523.0,214600,552165.8
2021-06-16,1201797.4676269372,5235.067626937187,646328.0,214600,550234.4
2021-06-17,1188137.6676269372,5235.067626937187,635458.0,214600,547444.6
2021-06-18,1179922.0831525372,4407.3831525372225,824640.0,136900,350874.7
2021-06-21,1134678.0263134222,3987.2263134222303,983503.0,58200,147187.8
2021-06-22,1136896.1410182524,4618.141018252267,1132278.0,0,0.0
2021-06-23,1169674.1410182524,4618.141018252267,1165056.0,0,0.0
2021-06-24,1157897.1410182524,4618.141018252267,1153279.0,0,0.0
2021-06-25,1190496.1410182524,4618.141018252267,1185878.0,0,0.0
2021-06-28,1232689.1410182524,4618.141018252267,1228071.0,0,0.0
2021-06-29,1204086.1410182524,4618.141018252267,1199468.0,0,0.0
2021-06-30,1199354.1410182524,4618.141018252267,1194736.0,0,0.0
2021-07-01,1189424.1410182524,4618.141018252267,1184806.0,0,0.0
2021-07-02,1165088.1410182524,4618.141018252267,1160470.0,0,0.0
2021-07-05,1145453.1410182524,4618.141018252267,1140835.0,0,0.0
2021-07-06,1150976.1410182524,4618.141018252267,1146358.0,0,0.0
2021-07-07,1143207.1410182524,4618.141018252267,1138589.0,0,0.0
2021-07-08,1140860.1410182524,4618.141018252267,1136242.0,0,0.0
2021-07-09,1140334.1410182524,4618.141018252267,1135716.0,0,0.0
2021-07-12,1147614.1410182524,4618.141018252267,1142996.0,0,0.0
2021-07-13,1147837.1410182524,4618.141018252267,1143219.0,0,0.0
2021-07-14,1150025.1410182524,4618.141018252267,1145407.0,0,0.0
2021-07-15,1152552.1410182524,4618.141018252267,1147934.0,0,0.0
2021-07-16,1124410.1410182524,4618.141018252267,1119792.0,0,0.0
2021-07-19,1132060.9221545223,205197.52215452227,805412.0,45900,121451.4
2021-07-20,1138065.9050862421,5163.905086242285,1009010.0,47000,123892.0
2021-07-21,1107569.9050862421,5163.905086242285,977621.0,47000,124784.99999999999
2021-07-22,1106946.6665007423,1653.6665007422998,1105293.0,0,0.0
2021-07-23,1051685.6665007423,1653.6665007422998,1050032.0,0,0.0
2021-07-26,1022266.6665007423,1653.6665007422998,1020613.0,0,0.0
2021-07-27,968319.6665007423,1653.6665007422998,966666.0,0,0.0
2021-07-28,945689.6665007423,1653.6665007422998,944036.0,0,0.0
2021-07-29,957807.6665007423,1653.6665007422998,956154.0,0,0.0
2021-07-30,965545.6665007423,1653.6665007422998,963892.0,0,0.0
2021-08-02,1007958.6665007423,1653.6665007422998,1006305.0,0,0.0
2021-08-03,1001242.6665007423,1653.6665007422998,999589.0,0,0.0
2021-08-04,985912.6665007423,1653.6665007422998,984259.0,0,0.0
2021-08-05,963939.6665007423,1653.6665007422998,962286.0,0,0.0
2021-08-06,967443.6665007423,1653.6665007422998,965790.0,0,0.0
2021-08-09,1034530.6665007423,1653.6665007422998,1032877.0,0,0.0
2021-08-10,1059131.6665007423,1653.6665007422998,1057478.0,0,0.0
2021-08-11,1055846.6665007423,1653.6665007422998,1054193.0,0,0.0
2021-08-12,1036574.6665007423,1653.6665007422998,1034921.0,0,0.0
2021-08-13,1025259.6665007423,1653.6665007422998,1023606.0,0,0.0
2021-08-16,1044020.6665007423,1653.6665007422998,1042367.0,0,0.0
2021-08-17,1007155.6665007423,1653.6665007422998,1005502.0,0,0.0
2021-08-18,1013725.6665007423,1653.6665007422998,1012072.0,0,0.0
2021-08-19,1001607.6665007423,1653.6665007422998,999954.0,0,0.0
2021-08-20,985547.6665007423,1653.6665007422998,983894.0,0,0.0
2021-08-23,978904.6665007423,1653.6665007422998,977251.0,0,0.0
2021-08-24,991731.2717936023,333563.2717936023,658168.0,0,0.0
2021-08-25,988957.2717936023,333563.2717936023,655394.0,0,0.0
2021-08-26,969129.0060068524,5006.006006852374,635976.0,119500,328147.0
2021-08-27,960024.0060068524,5006.006006852374,626632.0,119500,328386.0
2021-08-30,949247.0060068524,5006.006006852374,614660.0,119500,329581.0
2021-08-31,954942.0060068524,5006.006006852374,617726.0,119500,332210.0
2021-09-01,990884.5060068524,5006.006006852374,653788.0,119500,332090.5
2021-09-02,965201.0060068524,5006.006006852374,630136.0,119500,330059.0
2021-09-03,1005789.5060068524,5006.006006852374,669410.0,119500,331373.5
2021-09-06,1024411.0060068524,5006.006006852374,688390.0,119500,331015.0
2021-09-07,1019885.0060068524,5006.006006852374,683864.0,119500,331015.0
2021-09-08,1005045.5060068524,5006.006006852374,670578.0,119500,329461.5
2021-09-09,999444.0060068524,5006.006006852374,666052.0,119500,328386.0
2021-09-10,997081.5060068524,5006.006006852374,663570.0,119500,328505.5
2021-09-13,968849.5060068524,5006.006006852374,637728.0,119500,326115.5
2021-09-14,961868.0060068524,5006.006006852374,630866.0,119500,325996.0
2021-09-15,955456.5060068524,5006.006006852374,626486.0,119500,323964.5
2021-09-16,975485.5060068524,5006.006006852374,645320.0,119500,325159.5
2021-09-17,988855.4596414025,5018.659641402379,854424.0,47300,129412.8
2021-09-22,957162.6596414024,5018.659641402379,825380.0,47300,126764.00000000001
2021-09-23,972135.7709560425,4878.770956042405,967257.0,0,0.0
2021-09-24,999114.7709560425,4878.770956042405,994236.0,0,0.0
2021-09-27,1038720.0794789626,1029102.0794789626,9618.0,0,0.0
2021-09-28,1034192.5134233626,834797.5134233626,199395.0,0,0.0
2021-09-29,1021051.1123639627,635857.1123639627,385194.0,0,0.0
2021-09-30,1048095.7460106427,439327.74601064273,608768.0,0,0.0
2021-10-08,1032230.7460106427,439327.74601064273,592903.0,0,0.0
2021-10-11,1033171.7460106427,439327.74601064273,593844.0,0,0.0
2021-10-12,1012549.5285888428,5098.328588842764,573764.0,164400,433687.2
2021-10-13,1033747.1285888428,5098.328588842764,592660.0,164400,435988.80000000005
2021-10-14,1025799.7285888428,5098.328588842764,580767.0,164400,439934.4
2021-10-15,1031889.3285888428,5098.328588842764,581267.0,164400,445524.0
2021-10-18,1050830.3285888429,5098.328588842764,600208.0,164400,445524.0
2021-10-19,1061043.5285888428,5098.328588842764,607462.0,164400,448483.2
2021-10-20,1062043.3285888429,5098.328588842764,607311.0,164400,449634.0
2021-10-21,1072362.3285888429,5098.328588842764,617630.0,164400,449634.0
2021-10-22,1054873.1285888427,5098.328588842764,598168.0,164400,451606.8
2021-10-25,1077017.915533763,5199.915533762833,385068.0,250000,686750.0
2021-10-26,1086765.915533763,5199.915533762833,390066.0,250000,691500.0
2021-10-27,1079179.915533763,5199.915533762833,382980.0,250000,691000.0
2021-10-28,1060598.754763058,5135.15476305787,564879.0,178200,490584.60000000003
2021-10-29,1075949.754763058,5135.15476305787,579339.0,178200,491475.6
2021-11-01,1067428.5547630577,5135.15476305787,564759.0,178200,497534.39999999997
2021-11-02,1067880.3547630578,5135.15476305787,566280.0,178200,496465.2
2021-11-03,1075784.1547630578,5135.15476305787,570798.0,178200,499851.0
2021-11-04,1077140.1547630578,5135.15476305787,569481.0,178200,502524.0
2021-11-05,1081090.5547630577,5135.15476305787,571293.0,178200,504662.39999999997
2021-11-08,1097444.215015868,5228.2150158679,368724.0,255200,723492.0
2021-11-09,1094087.015015868,5228.2150158679,365622.0,255200,723236.8
2021-11-10,1083560.6150158679,5228.2150158679,358158.0,255200,720174.4
2021-11-11,1089160.215015868,5228.2150158679,365544.0,255200,718388.0
2021-11-12,1082925.815015868,5228.2150158679,359820.0,255200,717877.6000000001
2021-11-15,1085011.6150158679,5228.2150158679,357057.0,255200,722726.3999999999
2021-11-16,1101700.919491868,4975.919491867913,574285.0,185000,522440.0
2021-11-17,1102428.711885088,5108.011885087937,770660.0,114900,326660.7
2021-11-18,1095762.711885088,5108.011885087937,765143.0,114900,325511.7
2021-11-19,1103484.9118850878,5108.011885087937,770797.0,114900,327579.9
2021-11-22,1106609.311885088,5108.011885087937,774381.0,114900,327120.3
2021-11-23,1100586.811885088,5108.011885087937,771231.0,114900,324247.8
2021-11-24,1094476.811885088,5108.011885087937,763972.0,114900,325396.8
2021-11-25,1096409.9118850878,5108.011885087937,763722.0,114900,327579.9
2021-11-26,1084015.211885088,5108.011885087937,756268.0,114900,322639.19999999995
2021-11-29,1110062.152270708,205007.15227070797,384542.0,185500,520513.0
2021-11-30,1105341.576814948,5122.776814948003,580907.0,186200,519311.80000000005
2021-12-01,1113993.376814948,5122.776814948003,591607.0,186200,517263.6
2021-12-02,1106038.220342148,5143.220342148043,783329.0,115900,317566.0
2021-12-03,1107899.420342148,5143.220342148043,783104.0,115900,319652.2
2021-12-06,1114607.995905668,5134.995905668038,777823.0,120600,331650.0
2021-12-07,1134785.699080828,404496.89908082807,394659.0,120600,335629.8
2021-12-08,1140864.4990808282,404496.89908082807,395552.0,120600,340815.60000000003
2021-12-09,1144812.4990808282,404496.89908082807,399500.0,120600,340815.60000000003
2021-12-10,1151252.9951099781,5114.79510997812,408007.0,262400,738131.2000000001
2021-12-13,1163738.7951099782,5114.79510997812,412096.00000000006,262400,746528.0
2021-12-14,1149721.5951099782,5114.79510997812,406738.00000000006,262400,737868.7999999999
2021-12-15,1139957.5951099782,5114.79510997812,400910.0,262400,733932.8
2021-12-16,1156285.195109978,5114.79510997812,401756.0,262400,749414.4
2021-12-17,1124343.5971235782,4622.197123578109,580216.0,192200,539505.4
2021-12-20,1103131.5971235782,4622.197123578109,567653.0,192200,530856.4
2021-12-21,1112502.8834558032,5137.483455803213,948521.0,57200,158844.4
2021-12-22,1115794.4834558032,5137.483455803213,950497.0,57200,160160.0
2021-12-23,1122560.4834558032,5137.483455803213,955547.0,57200,161876.0
2021-12-24,1085004.6834558032,5137.483455803213,917076.0,57200,162791.2
2021-12-27,1083138.1088815783,5126.4088815782525,1030400.0,16700,47611.7
2021-12-28,1108230.8088815783,5126.4088815782525,1054975.0,16700,48129.4
2021-12-29,1103178.0088815785,5126.4088815782525,1049822.0,16700,48229.6
2021-12-30,1104102.3088815783,5126.4088815782525,1050763.0,16700,48212.9
2021-12-31,1127713.7088815784,5126.4088815782525,1074508.0,16700,48079.3
2022-01-04,1116188.3088815783,5126.4088815782525,1062682.0,16700,48379.899999999994
2022-01-05,1064545.6088815783,5126.4088815782525,1011223.0,16700,48196.200000000004
2022-01-06,1051518.3088815783,5126.4088815782525,999348.0,16700,47043.9
2022-01-07,1044789.9088815782,5126.4088815782525,992319.0,16700,47344.5
2022-01-10,1040763.6088815782,5126.4088815782525,988610.0,16700,47027.2
2022-01-11,1021535.2088815783,5126.4088815782525,969582.0,16700,46826.799999999996
2022-01-12,1070347.6088815783,5126.4088815782525,1017860.0,16700,47361.2
2022-01-13,1064779.7088815782,5126.4088815782525,1012409.0,16700,47244.3
2022-01-14,1067490.8088815783,5126.4088815782525,1015571.0,16700,46793.4
2022-01-17,1109044.2088815784,5126.4088815782525,1057258.0,16700,46659.8
2022-01-18,1091211.5088815782,5126.4088815782525,1039609.0,16700,46476.1
2022-01-19,1059017.7088815782,5126.4088815782525,1008150.0,16700,45741.299999999996
2022-01-20,1054220.2088815782,5126.4088815782525,1003603.0,16700,45490.8
2022-01-21,1042220.4088815782,5126.4088815782525,992505.0,16700,44589.0
2022-01-24,1051374.0088815782,5126.4088815782525,1002193.0,16700,44054.6
2022-01-25,1017778.9088815782,5126.4088815782525,969149.0,16700,43503.5
2022-01-26,1054956.1088815783,5126.4088815782525,1006393.0,16700,43436.7
2022-01-27,1022838.8088815783,5126.4088815782525,975094.0,16700,42618.4
2022-01-28,994885.6191193783,304478.71911937825,647037.0,16700,43369.9
2022-02-07,1041503.6813960633,10875.68139606333,1030628.0,0,0.0
2022-02-08,1016579.6813960633,10875.68139606333,1005704.0,0,0.0
2022-02-09,1027967.6813960633,10875.68139606333,1017092.0,0,0.0
2022-02-10,997456.4589947533,1730.4589947533314,995726.0,0,0.0
2022-02-11,952527.4589947533,1730.4589947533314,950797.0,0,0.0
2022-02-14,957662.4589947533,1730.4589947533314,955932.0,0,0.0
2022-02-15,995151.4589947533,1730.4589947533314,993421.0,0,0.0
2022-02-16,996421.4589947533,1730.4589947533314,994691.0,0,0.0
2022-02-17,1016690.4589947533,1730.4589947533314,1014960.0,0,0.0
2022-02-18,1004745.4589947533,1730.4589947533314,1003015.0,0,0.0
2022-02-21,1000750.4589947533,1730.4589947533314,999020.0,0,0.0
2022-02-22,997576.4589947533,1730.4589947533314,995846.0,0,0.0
2022-02-23,1047896.8343151533,505130.8343151533,542766.0,0,0.0
2022-02-24,1055196.0793791534,205012.07937915338,550440.0,121600,299744.0
2022-02-25,1077385.2204677034,5215.02046770338,741990.0,130300,330180.19999999995
2022-02-28,1093115.7617531985,5026.761753198458,189433.0,352000,898656.0
2022-03-01,1118409.7617531985,5026.761753198458,196423.0,352000,916960.0
2022-03-02,1103118.7617531985,5026.761753198458,194860.0,352000,903232.0
2022-03-03,1114729.7617531985,5026.761753198458,190279.0,352000,919424.0
2022-03-04,1098609.9327971435,5179.532797143503,382248.0,274800,711182.4
2022-03-07,1070228.7327971435,5179.532797143503,363210.0,274800,701839.2
2022-03-08,1055486.1575370235,5067.857537023483,726208.0,131100,324210.3
2022-03-09,1056369.8575370235,5067.857537023483,723552.0,131100,327750.0
2022-03-10,1090750.5833125333,5133.083312533485,937244.0,58300,148373.5
2022-03-11,1083962.2833125335,5133.083312533485,930514.0,58300,148315.2
2022-03-14,1051394.1833125334,5133.083312533485,898354.0,58300,147907.1
2022-03-15,999569.9833125335,5133.083312533485,848512.0,58300,145924.9
2022-03-16,1042413.8909065335,5137.890906533459,888987.0,57700,148289.0
2022-03-17,1066091.1176215233,5215.117621523457,899222.0,61700,161654.0
2022-03-18,1063607.7176215234,5215.117621523457,895628.0,61700,162764.6
2022-03-21,1057965.6176215233,5215.117621523457,887703.0,61700,165047.5
2022-03-22,1051637.7176215234,5215.117621523457,881190.0,61700,165232.6
2022-03-23,1071202.5176215235,5215.117621523457,898040.0,61700,167947.4
2022-03-24,1047738.7176215234,5215.117621523457,876674.0,61700,165849.6
2022-03-25,1030321.4176215235,5215.117621523457,856727.0,61700,168379.30000000002
2022-03-28,1005084.6176215234,5215.117621523457,831120.0,61700,168749.5
2022-03-29,830909.1176215234,5215.117621523457,825694.0,61700,0.0
2022-03-30,955873.1103042385,1450.1103042384639,954423.0,0,0.0
2022-03-31,943576.1103042385,1450.1103042384639,942126.0,0,0.0
2022-04-01,971475.2498786636,5023.7498786635115,614790.0,256500,351661.5
2022-04-06,967038.2498786636,5023.7498786635115,610353.0,256500,351661.5
2022-04-07,964058.2133675386,4731.813367538562,811688.0,109200,147638.40000000002
2022-04-08,962126.8133675386,4731.813367538562,808337.0,109200,149058.0
2022-04-11,929419.4133675386,4731.813367538562,776940.0,109200,147747.6
2022-04-12,967899.7280764786,5000.12807647859,956530.0,4800,6369.599999999999
2022-04-13,960307.5280764786,5000.12807647859,948885.0,4800,6422.400000000001
2022-04-14,982842.1092427586,563613.5092427586,412763.0,4800,6465.599999999999
2022-04-15,977998.1500696586,366930.9500696587,604664.0,4800,6403.200000000001
2022-04-18,985020.0341545587,205068.4341545587,611936.0,126900,168015.6
2022-04-19,968406.2954759587,12215.695475958724,786906.0,126900,169284.6
2022-04-20,945611.1954759588,12215.695475958724,761446.0,126900,171949.5
2022-04-21,917781.3842666638,5097.584266663749,908705.0,2900,3978.8
2022-04-22,911732.1842666637,5097.584266663749,902708.0,2900,3926.6000000000004
2022-04-25,840302.5842666638,5097.584266663749,831406.0,2900,3799.0
2022-04-26,840339.3183000537,3265.318300053749,837074.0,0,0.0
2022-04-27,886770.3183000537,3265.318300053749,883505.0,0,0.0
2022-04-28,873771.3183000537,3265.318300053749,870506.0,0,0.0
2022-04-29,905992.3183000537,3265.318300053749,902727.0,0,0.0
2022-05-05,899601.3183000537,3265.318300053749,896336.0,0,0.0
2022-05-06,882864.3183000537,3265.318300053749,879599.0,0,0.0
2022-05-09,894806.3183000537,3265.318300053749,891541.0,0,0.0
2022-05-10,897158.3183000537,3265.318300053749,893893.0,0,0.0
2022-05-11,952634.4526856138,308879.45268561377,643755.0,0,0.0
2022-05-12,946417.0530708637,5041.053070863767,637917.0,241800,303459.0
2022-05-13,949321.0530708637,5041.053070863767,635985.0,241800,308295.0
2022-05-16,943624.9423878539,4605.542387853784,825779.0,88400,113240.4
2022-05-17,940296.3423878539,4605.542387853784,821920.0,88400,113770.79999999999
2022-05-18,946132.1423878538,4605.542387853784,826695.0,88400,114831.59999999999
2022-05-19,934959.9423878539,4605.542387853784,819766.0,88400,110588.4
2022-05-20,946985.3634814138,306029.16348141374,531075.0,88400,109881.20000000001
2022-05-23,955337.0736934887,5001.5736934887245,539449.0,329500,410886.50000000006
2022-05-24,924185.0736934887,5001.5736934887245,511592.0,329500,407591.50000000006
2022-05-25,930934.5736934887,5001.5736934887245,514717.0,329500,411216.0
2022-05-26,920580.0736934887,5001.5736934887245,500738.0,329500,414840.49999999994
2022-05-27,921332.7123589887,5068.012358988773,684476.0,180100,231788.69999999998
2022-05-30,932706.9123589888,5068.012358988773,691888.0,180100,235750.9
2022-05-31,944494.4123589888,5068.012358988773,704576.0,180100,234850.4
2022-06-01,942722.7123589887,5068.012358988773,702264.0,180100,235390.69999999998
2022-06-02,924515.2123589888,5068.012358988773,686758.0,180100,232689.2
2022-06-06,951659.0469819489,5023.446981948771,502626.00000000006,342600,444009.60000000003
2022-06-07,951198.8469819487,5023.446981948771,504564.0,342600,441611.39999999997
2022-06-08,967966.4469819488,5023.446981948771,515850.0,342600,447093.0
2022-06-09,950232.8469819488,5023.446981948771,501885.0,342600,443324.4
2022-06-10,957230.0469819488,5023.446981948771,516762.0,342600,435444.6
2022-06-13,929895.2469819488,5023.446981948771,507585.0,342600,417286.8
2022-06-14,930229.4469819488,5023.446981948771,512373.0,342600,412833.0
2022-06-15,946456.8902908089,538077.6902908089,0.0,342600,408379.19999999995
2022-06-16,945086.490290809,538077.6902908089,0.0,342600,407008.8
2022-06-17,938577.0902908089,538077.6902908089,0.0,342600,400499.4
2022-06-20,937891.8902908089,538077.6902908089,0.0,342600,399814.2
2022-06-21,942688.290290809,538077.6902908089,0.0,342600,404610.60000000003
2022-06-22,943030.8902908089,538077.6902908089,0.0,342600,404953.19999999995
2022-06-23,945771.6902908089,538077.6902908089,0.0,342600,407694.0
2022-06-24,960151.804528889,338434.404528889,207514.0,342600,414203.4
2022-06-27,968625.4045288891,338434.404528889,207080.0,342600,423111.00000000006
2022-06-28,974102.2707787892,5017.670778789034,212288.0,611800,756796.6000000001
2022-06-29,950718.070778789,5017.670778789034,206646.0,611800,739054.4
2022-06-30,944438.6707787891,5017.670778789034,208320.0,611800,731101.0
2022-07-01,941433.4707787891,5017.670778789034,207762.0,611800,728653.8
2022-07-04,947758.4707787889,5017.670778789034,204909.99999999997,611800,737830.7999999999
2022-07-05,949598.4707787889,5017.670778789034,200632.0,611800,743948.7999999999
2022-07-06,946299.6707787891,5017.670778789034,201004.0,611800,740278.0
2022-07-07,952843.4707787891,5017.670778789034,200818.0,611800,747007.8
2022-07-08,962565.6707787891,5017.670778789034,205034.0,611800,752514.0
2022-07-11,954067.070778789,5017.670778789034,200818.0,611800,748231.4
2022-07-12,950954.2707787891,5017.670778789034,201375.99999999997,611800,744560.6000000001
2022-07-13,947200.6489236641,18030.94892366405,383832.0,448100,545337.7000000001
2022-07-14,944040.421746904,5074.021746904054,583064.0,295600,355902.39999999997
2022-07-15,946905.421746904,5074.021746904054,584451.0,295600,357380.4
2022-07-18,957772.7522315541,5098.752231554109,785679.0,135000,166995.0
2022-07-19,956181.7522315541,5098.752231554109,786113.0,135000,164970.0
2022-07-20,964116.7522315541,5098.752231554109,789053.0,135000,169965.0
2022-07-21,958058.7522315541,5098.752231554109,782590.0,135000,170370.0
2022-07-22,957686.7522315541,5098.752231554109,781003.0,135000,171585.0
2022-07-25,951313.7522315541,5098.752231554109,776115.0,135000,170100.0
2022-07-26,958384.7522315541,5098.752231554109,783321.0,135000,169965.0
2022-07-27,954554.7522315541,5098.752231554109,778951.0,135000,170505.0
2022-07-28,962889.7522315541,5098.752231554109,785396.0,135000,172395.0
2022-07-29,958943.0441719941,205033.64417199406,574479.0,137600,179430.4
2022-08-01,959713.7861209941,5021.786120994093,771030.0,140200,183662.0
2022-08-02,946927.9861209942,5021.786120994093,758805.0,140200,183101.2
2022-08-03,931979.5008674941,11792.50086749415,920187.0,0,0.0
2022-08-04,946088.4017775041,1778.4017775041502,944310.0,0,0.0
2022-08-05,956910.4017775041,1778.4017775041502,955132.0,0,0.0
2022-08-08,947991.4017775041,1778.4017775041502,946213.0,0,0.0
2022-08-09,941588.4017775041,1778.4017775041502,939810.0,0,0.0
2022-08-10,923468.4017775041,1778.4017775041502,921690.0,0,0.0
2022-08-11,949233.4017775041,1778.4017775041502,947455.0,0,0.0
2022-08-12,949150.4017775041,1778.4017775041502,947372.0,0,0.0
2022-08-15,938280.4017775041,1778.4017775041502,936502.0,0,0.0
2022-08-16,940905.4017775041,1778.4017775041502,939127.0,0,0.0
2022-08-17,952066.9195222642,198558.91952226413,753508.0,0,0.0
2022-08-18,940184.2662012641,5033.266201264138,741867.0,141600,193284.0
2022-08-19,942406.4662012642,5033.266201264138,743806.0,141600,193567.2
2022-08-22,953183.8010943842,273.8010943841364,952910.0,0,0.0
2022-08-23,940833.1347248642,205031.13472486415,723520.0,9200,12282.0
2022-08-24,930557.8023659441,6939.802365944168,911336.0,9200,12282.0
2022-08-25,947831.5173080541,2439.517308054168,945392.0,0,0.0
2022-08-26,948035.5173080541,2439.517308054168,945596.0,0,0.0
2022-08-29,929285.5173080541,2439.517308054168,926846.0,0,0.0
2022-08-30,929303.5173080541,2439.517308054168,926864.0,0,0.0
2022-08-31,938431.1519459193,205031.65194591926,556050.0,135900,177349.5
2022-09-01,931476.7736759193,5018.573675919302,751978.0,136100,174480.2
2022-09-02,923878.0736759193,5018.573675919302,742610.0,136100,176249.5
2022-09-05,898539.8584729442,5001.1584729443,881016.0,9700,12522.699999999999
2022-09-06,906427.8584729442,5001.1584729443,888904.0,9700,12522.699999999999
2022-09-07,909878.8584729442,5001.1584729443,892452.0,9700,12425.699999999999
2022-09-08,899841.9584729443,5001.1584729443,882192.0,9700,12648.800000000001
2022-09-09,924099.5584729443,5001.1584729443,906372.0,9700,12726.4
2022-09-13,929251.6584729443,5001.1584729443,911204.0,9700,13046.5
2022-09-14,922375.1584729443,5001.1584729443,904861.0,9700,12513.0
2022-09-15,923675.8584729442,5001.1584729443,906152.0,9700,12522.699999999999
2022-09-16,903470.1584729443,5001.1584729443,886150.0,9700,12319.0
2022-09-19,912584.0584729443,5001.1584729443,895293.0,9700,12289.9
2022-09-20,919272.9584729443,5001.1584729443,901817.0,9700,12454.800000000001
2022-09-21,902473.0584729443,5001.1584729443,885182.0,9700,12289.9
2022-09-22,886706.6584729443,5001.1584729443,869629.0,9700,12076.500000000002
2022-09-23,882923.7584729443,5001.1584729443,865914.0,9700,12008.6
2022-09-26,901439.3584729442,5001.1584729443,884643.0,9700,11795.199999999999
2022-09-27,911170.8676974643,365886.1676974643,533344.0,9700,11940.7
2022-09-28,892106.7495918643,5013.1495918643195,514876.0,306100,372217.6
2022-09-29,893941.9495918644,5013.1495918643195,509977.0,306100,378951.8
2022-09-30,864145.5522741394,7002.552274139336,684127.0,142400,173016.0
2022-10-10,847807.6672969994,2279.667296999338,845528.0,0,0.0
2022-10-11,858259.6672969994,2279.667296999338,855980.0,0,0.0
2022-10-12,874123.6672969994,2279.667296999338,871844.0,0,0.0
2022-10-13,855549.6672969994,2279.667296999338,853270.0,0,0.0
2022-10-14,874967.6672969994,2279.667296999338,872688.0,0,0.0
2022-10-17,863495.6672969994,2279.667296999338,861216.0,0,0.0
2022-10-18,894365.2903769994,559019.2903769994,335346.0,0,0.0
2022-10-19,890263.2903769994,559019.2903769994,331244.0,0,0.0
2022-10-20,886169.0022309994,396715.0022309994,489454.0,0,0.0
2022-10-21,882755.0022309994,396715.0022309994,486040.0,0,0.0
2022-10-24,863553.0022309994,396715.0022309994,466838.0,0,0.0
2022-10-25,870414.5568460794,248586.5568460794,621828.0,0,0.0
2022-10-26,877666.5568460794,248586.5568460794,629080.0,0,0.0
2022-10-27,865358.1922253293,205049.1922253294,616826.0,33500,43483.0
2022-10-28,842249.5413728094,5031.0413728094645,733816.0,81100,103402.5
2022-10-31,832423.0413728094,5031.0413728094645,720340.0,81100,107052.0
2022-11-01,888791.5413728094,5031.0413728094645,776303.0,81100,107457.5
2022-11-02,899338.0824095495,5046.982409549499,620268.0,208700,274023.1
2022-11-03,883272.5824095495,5046.982409549499,609420.0,208700,268805.60000000003
2022-11-04,916809.7546507495,5006.254650749528,454971.0,358300,456832.49999999994
2022-11-07,917196.4546507495,5006.254650749528,452132.99999999994,358300,460057.2
2022-11-08,915185.3546507496,5006.254650749528,445464.00000000006,358300,464715.1
2022-11-09,909482.8546507496,5006.254650749528,437970.0,358300,466506.60000000003
2022-11-10,907205.1546507494,5006.254650749528,442500.0,358300,459698.89999999997
2022-11-11,943214.9546507495,5006.254650749528,458445.0,358300,479763.7
2022-11-14,954683.8774344196,4519.477434419561,672654.0,209600,277510.4
2022-11-15,981633.0774344197,4519.477434419561,699184.0,209600,277929.60000000003
2022-11-16,984202.0774344197,4519.477434419561,699657.0,209600,280025.60000000003
2022-11-17,979225.4774344196,4519.477434419561,694890.0,209600,279816.0
2022-11-18,970652.0774344197,4519.477434419561,688203.0,209600,277929.60000000003
2022-11-21,958957.0774344197,4519.477434419561,674412.0,209600,280025.60000000003
2022-11-22,960897.2774344196,4519.477434419561,676981.0,209600,279396.8
2022-11-23,965969.0774344195,4519.477434419561,678280.0,209600,283169.6
2022-11-24,962439.8217677197,5020.021767719592,869227.0,64800,88192.8
2022-11-25,950887.6217677196,5020.021767719592,857286.0,64800,88581.6
2022-11-28,948384.3239487195,5050.323948719597,943334.0,0,0.0
2022-11-29,960204.0587915797,479138.0587915796,481066.0,0,0.0
2022-11-30,966914.0587915797,479138.0587915796,487776.0,0,0.0
2022-12-01,977322.0587915797,479138.0587915796,498184.0,0,0.0
2022-12-02,983128.0221579296,5011.422157929628,504582.0,348700,473534.60000000003
2022-12-05,974525.3221579297,5011.422157929628,503302.0,348700,466211.89999999997
2022-12-06,978324.6221579297,5011.422157929628,514424.0,348700,458889.2
2022-12-07,980510.5975842297,5075.5975842296375,721027.0,196000,254408.0
2022-12-08,978051.5975842297,5075.5975842296375,719156.0,196000,253820.0
2022-12-09,979463.5975842297,5075.5975842296375,718608.0,196000,255780.0
2022-12-12,978035.5975842297,5075.5975842296375,719336.0,196000,253624.0
2022-12-13,963166.5975842297,5075.5975842296375,700547.0,196000,257544.0
2022-12-14,949005.5988423696,5029.098842369677,877064.0,50500,66912.5
2022-12-15,970277.5988423696,5029.098842369677,898942.0,50500,66306.5
2022-12-16,949741.0988423696,5029.098842369677,879870.0,50500,64842.0
2022-12-19,959731.8899042897,5050.88990428971,676678.0,218900,278003.0
2022-12-20,951224.7899042896,5050.88990428971,672330.0,218900,273843.89999999997
2022-12-21,946864.2899042898,5050.88990428971,664686.0,218900,277127.4
2022-12-22,939195.7899042896,5050.88990428971,653734.0,218900,280410.89999999997
2022-12-23,921166.6263794147,5034.826379414675,837260.0,62300,78871.8
2022-12-26,983535.8263794146,5034.826379414675,899380.0,62300,79121.0
2022-12-27,1007446.0263794146,5034.826379414675,923041.0,62300,79370.2
2022-12-28,1007048.8263794146,5034.826379414675,923516.0,62300,78498.0
2022-12-29,999710.0263794146,5034.826379414675,917174.0,62300,77501.2
2022-12-30,1005895.2000366946,431796.70003669464,495912.0,62300,78186.5
2023-01-03,1005441.6169621947,205061.61696219468,692255.0,86500,108125.0
2023-01-04,975394.4815922948,10701.981592294702,857000.0,86500,107692.50000000001
2023-01-05,1035793.3660524448,2310.366052444733,1033483.0,0,0.0
2023-01-06,1059512.3704557447,527077.3704557447,532435.0,0,0.0
2023-01-09,1066336.3704557447,527077.3704557447,539259.0,0,0.0
2023-01-10,1075150.3704557447,527077.3704557447,548073.0,0,0.0
2023-01-11,1070099.2130403449,205013.61304034473,543424.0,256100,321661.6
2023-01-12,1082517.1098692848,5016.7098692847685,750630.0,258600,326870.4
2023-01-13,1088331.3098692847,5016.7098692847685,757220.0,258600,326094.6
2023-01-16,1075658.3838209647,221694.18382096477,527611.0,258600,326353.2
2023-01-17,1080690.8252200647,5020.025220064796,531621.0,429400,544049.7999999999
2023-01-18,1083962.2252200646,5020.025220064796,532316.0,429400,546626.2
2023-01-19,1069632.2252200646,5020.025220064796,528721.0,429400,535891.2
2023-01-20,1079547.025220065,5020.025220064796,537777.0,429400,536750.0
2023-01-30,1119724.2728538648,568374.6728538648,0.0,429400,551349.6
2023-01-31,1115000.872853865,568374.6728538648,0.0,429400,546626.2
2023-02-01,1122300.6728538647,568374.6728538648,0.0,429400,553926.0
2023-02-02,1127882.872853865,568374.6728538648,0.0,429400,559508.2
2023-02-03,1132606.2728538648,568374.6728538648,0.0,429400,564231.6
2023-02-06,1130459.2728538648,568374.6728538648,0.0,429400,562084.6
2023-02-07,1131318.0728538649,568374.6728538648,0.0,429400,562943.4
2023-02-08,1137329.6728538647,568374.6728538648,0.0,429400,568955.0
2023-02-09,1135182.6728538647,568374.6728538648,0.0,429400,566808.0
2023-02-10,1127453.472853865,568374.6728538648,0.0,429400,559078.8
2023-02-13,1130459.2728538648,568374.6728538648,0.0,429400,562084.6
2023-02-14,1137759.0728538649,568374.6728538648,0.0,429400,569384.4
2023-02-15,1136470.872853865,568374.6728538648,0.0,429400,568096.2
2023-02-16,1142911.872853865,568374.6728538648,0.0,429400,574537.2000000001
2023-02-17,1133465.0728538649,568374.6728538648,0.0,429400,565090.4
2023-02-20,1135227.095965765,205022.8959657649,168188.0,578600,762016.2
2023-02-21,1132122.911271365,11339.111271364905,361082.0,578600,759701.7999999999
2023-02-22,1116428.62124229,39820.02124228992,518858.0,429700,557750.6
2023-02-23,1123415.60514569,2969.605145689915,725116.0,304100,395330.0
2023-02-24,1110482.3051456898,2969.605145689915,710054.0,304100,397458.69999999995
2023-02-27,1102779.70514569,2969.605145689915,704176.0,304100,395634.1
2023-02-28,1107033.70514569,2969.605145689915,708430.0,304100,395634.1
2023-03-01,1110137.70514569,2969.605145689915,714575.0,304100,392593.1
2023-03-02,1087754.4051456898,2969.605145689915,696145.0,304100,388639.8
2023-03-03,1098209.80514569,2969.605145689915,702343.0,304100,392897.2
2023-03-06,1114151.20514569,2969.605145689915,710986.0,304100,400195.60000000003
2023-03-07,1103978.60514569,2969.605145689915,699597.0,304100,401412.0
2023-03-08,1092683.45833534,4966.658335339918,891856.0,150200,195860.80000000002
2023-03-09,1082851.0583353399,4966.658335339918,881573.0,150200,196311.4
2023-03-10,1082237.65833534,4966.658335339918,885766.0,150200,191505.0
2023-03-13,1065946.0583353399,4966.658335339918,869174.0,150200,191805.4
2023-03-14,1049093.85833534,4966.658335339918,856227.0,150200,187900.19999999998
2023-03-15,1052253.0583353399,4966.658335339918,856232.0,150200,191054.4
2023-03-16,1035745.45833534,4966.658335339918,840926.0,150200,189852.8
2023-03-17,1027825.8583353399,4966.658335339918,830453.0,150200,192406.19999999998
2023-03-20,1040918.0398692499,2501.039869249913,1038417.0,0,0.0
2023-03-21,1073891.0398692498,2501.039869249913,1071390.0,0,0.0
2023-03-22,1075411.0398692498,2501.039869249913,1072910.0,0,0.0
2023-03-23,1079323.1461005,619.1461004999132,1078704.0,0,0.0
2023-03-24,1082575.1461005,619.1461004999132,1081956.0,0,0.0
2023-03-27,1091521.1461005,619.1461004999132,1090902.0,0,0.0
2023-03-28,1076419.1461005,619.1461004999132,1075800.0,0,0.0
2023-03-29,1090237.1461005,619.1461004999132,1089618.0,0,0.0
2023-03-30,1091926.1461005,619.1461004999132,1091307.0,0,0.0
2023-03-31,1103258.4513094998,526578.4513094999,576680.0,0,0.0
2023-04-03,1102019.2494675,729419.2494674999,372600.0,0,0.0
2023-04-04,1093055.2494675,729419.2494674999,363636.0,0,0.0
2023-04-06,1092569.2494675,729419.2494674999,363150.0,0,0.0
2023-04-07,1091867.2494675,729419.2494674999,362448.0,0,0.0
2023-04-10,1106996.4699718198,1106996.4699718198,0.0,0,0.0
2023-04-11,1103324.6199396197,922794.6199396198,180530.0,0,0.0
2023-04-12,1098614.6199396197,922794.6199396198,175820.0,0,0.0
2023-04-13,1105585.64966362,559737.6496636199,545848.0,0,0.0
2023-04-14,1099818.64966362,559737.6496636199,540081.0,0,0.0
2023-04-17,1109215.64966362,559737.6496636199,549478.0,0,0.0
2023-04-18,1110009.64966362,559737.6496636199,550272.0,0,0.0
2023-04-19,1105846.64966362,559737.6496636199,546109.0,0,0.0
2023-04-20,1098275.64966362,559737.6496636199,538538.0,0,0.0
2023-04-21,1093484.64966362,559737.6496636199,533747.0,0,0.0
2023-04-24,1083037.64966362,559737.6496636199,523300.0,0,0.0
2023-04-25,1089355.64966362,559737.6496636199,529618.0,0,0.0
2023-04-26,1088209.64966362,559737.6496636199,528472.0,0,0.0
2023-04-27,1090786.64966362,559737.6496636199,531049.0,0,0.0
2023-04-28,1096948.984989735,5007.6849897350185,735912.0,265100,356029.3
2023-05-04,1095833.784989735,5007.6849897350185,737978.0,265100,352848.1
2023-05-05,1107930.284989735,5007.6849897350185,751400.0,265100,351522.60000000003
2023-05-08,1107772.537204375,219486.137204375,531992.0,265100,356294.4
2023-05-09,1115243.245704375,205075.245704375,539217.0,275800,370951.0
2023-05-10,1112963.762691495,5020.262691495024,735782.0,276700,372161.5
2023-05-11,1114470.662691495,5020.262691495024,735352.0,276700,374098.4
2023-05-12,1109734.362691495,5020.262691495024,730339.0,276700,374375.1
2023-05-15,1121655.362691495,5020.262691495024,742260.0,276700,374375.1
2023-05-16,1113626.662691495,5020.262691495024,734508.0,276700,374098.4
2023-05-17,1111622.762691495,5020.262691495024,731674.0,276700,374928.5
2023-05-18,1117595.362691495,5020.262691495024,732666.0,276700,379909.1
2023-05-19,1128370.062691495,5020.262691495024,737630.0,276700,385719.8
2023-05-22,1130053.5591632952,205028.75916329515,207290.0,517100,717734.7999999999
2023-05-23,1120131.657049295,5035.8570492951785,393422.0,517700,721673.7999999999
2023-05-24,1103497.5570492952,5035.8570492951785,383518.0,517700,714943.7
2023-05-25,1104680.8673088402,5020.867308840214,579538.0,376900,520121.99999999994
2023-05-26,1112853.9673088402,5020.867308840214,588088.0,376900,519745.1
2023-05-29,1120597.1673088402,5020.867308840214,585278.0,376900,530298.3
2023-05-30,1113973.9016515804,3721.30165158023,777915.0,235200,332337.60000000003
2023-05-31,1109959.7016515802,3721.30165158023,776488.0,235200,329750.39999999997
2023-06-01,1119098.4291347403,4476.029134740267,985314.0,92100,129308.4
2023-06-02,1132799.2291347403,4476.029134740267,998278.0,92100,130045.2
2023-06-05,1131653.1150605404,5068.315060540306,784197.0,238100,342387.8
2023-06-06,1120589.6150605404,5068.315060540306,774324.0,238100,341197.3
2023-06-07,1117279.3150605403,5068.315060540306,769347.0,238100,342864.0
2023-06-08,1119765.3705985404,5099.170598540349,965061.0,104400,149605.2
2023-06-09,1110952.5705985404,5099.170598540349,955413.0,104400,150440.4
2023-06-12,1113501.3705985404,5099.170598540349,956709.0,104400,151693.2
2023-06-13,1120024.5705985404,5099.170598540349,961353.0,104400,153572.40000000002
2023-06-14,1128601.5705985404,5099.170598540349,969408.0,104400,154094.4
2023-06-15,1170528.9705985403,5099.170598540349,1011753.0,104400,153676.8
2023-06-16,1178272.1967587003,608748.5967587003,414594.0,104400,154929.6
2023-06-19,1174645.1967587003,608748.5967587003,410967.0,104400,154929.6
2023-06-20,1175237.3967587003,608748.5967587003,411246.0,104400,155242.80000000002
2023-06-21,1162961.3967587003,608748.5967587003,398970.0,104400,155242.80000000002
2023-06-26,1154348.3967587003,608748.5967587003,390879.0,104400,154720.8
2023-06-27,1151291.4378507005,412701.83785070037,584704.0,104400,153885.6
2023-06-28,1140892.1138712754,205024.81387127537,572998.0,243700,362869.30000000005
2023-06-29,1136119.1236882354,5072.9236882354,763479.0,245700,367567.2
2023-06-30,1141116.0236882353,5072.9236882354,766756.0,245700,369287.1
2023-07-03,1156715.3236882354,5072.9236882354,777687.0,245700,373955.4
2023-07-04,1158645.1236882354,5072.9236882354,781091.0,245700,372481.2
2023-07-05,1143432.4236882352,5072.9236882354,766124.0,245700,372235.5
2023-07-06,1145229.3236882354,5072.9236882354,768658.0,245700,371498.4
2023-07-07,1127568.3236882354,5072.9236882354,753454.0,245700,369041.4
2023-07-10,1117680.3236882354,5072.9236882354,746023.0,245700,366584.4
2023-07-11,1124763.2236882355,5072.9236882354,751386.0,245700,368304.30000000005
2023-07-12,1102398.7955034855,4784.795503485395,926683.0,113500,170931.0
2023-07-13,1121155.7955034855,4784.795503485395,944305.0,113500,172066.0
2023-07-14,1138079.2955034855,4784.795503485395,961569.0,113500,171725.5
2023-07-17,1138266.2955034855,4784.795503485395,960848.0,113500,172633.5
2023-07-18,1139096.7955034855,4784.795503485395,960884.0,113500,173428.0
2023-07-19,1136357.7955034855,4784.795503485395,955421.0,113500,176152.0
2023-07-20,1116554.4766245603,205060.0766245604,534874.0,244400,376620.39999999997
2023-07-21,1127288.9454206605,5027.945420660431,742101.0,247500,380160.0
2023-07-24,1129201.4454206605,5027.945420660431,742776.0,247500,381397.5
2023-07-25,1149048.9454206605,5027.945420660431,763366.0,247500,380655.0
2023-07-26,1121823.4454206605,5027.945420660431,735398.0,247500,381397.5
2023-07-27,1110139.4454206605,5027.945420660431,722724.0,247500,382387.5
2023-07-28,1115911.9454206605,5027.945420660431,731219.0,247500,379665.0
2023-07-31,1136726.4454206605,5027.945420660431,750796.0,247500,380902.5
2023-08-01,1144039.4454206605,5027.945420660431,755634.0,247500,383377.5
2023-08-02,1136182.4454206605,5027.945420660431,750747.0,247500,380407.5
2023-08-03,1127237.4454206605,5027.945420660431,745267.0,247500,376942.5
2023-08-04,1152002.4751518103,5096.275151810434,545357.0,394200,601549.2
2023-08-07,1154032.8751518102,5096.275151810434,550541.0,394200,598395.6
2023-08-08,1140566.9193837305,7297.919383730477,729613.0,264000,403656.0
2023-08-09,1114857.9193837305,7297.919383730477,703904.0,264000,403656.0
2023-08-10,1113761.6378837305,5009.137883730478,704927.0,265500,403825.5
2023-08-11,1119934.1378837305,5009.137883730478,710834.0,265500,404091.0
2023-08-14,1143314.8253839705,362723.3253839705,375704.0,265500,404887.5
2023-08-15,1144128.2323003605,5046.53230036053,569374.0,369700,569707.7
2023-08-16,1130204.3323003605,5046.53230036053,561735.0,369700,563422.8
2023-08-17,1133403.2275842754,5019.727584275541,763723.0,240700,364660.5
2023-08-18,1103048.6275842756,5019.727584275541,737701.0,240700,360327.9
2023-08-21,1098572.8275842755,5019.727584275541,731781.0,240700,361772.1
2023-08-22,1117376.0098758156,5141.609875815562,940812.0,113600,171422.4
2023-08-23,1087989.6098758155,5141.609875815562,911312.0,113600,171536.0
2023-08-24,1106176.8098758156,5141.609875815562,927000.0,113600,174035.2
2023-08-25,1069612.2098758155,5141.609875815562,893957.0,113600,170513.59999999998
2023-08-28,1082996.8122430155,5020.812243015593,1077976.0,0,0.0
2023-08-29,1124226.8122430155,5020.812243015593,1119206.0,0,0.0
2023-08-30,1135580.8122430155,5020.812243015593,1130560.0,0,0.0
2023-08-31,1131780.8122430155,5020.812243015593,1126760.0,0,0.0
2023-09-01,1120630.8122430155,5020.812243015593,1115610.0,0,0.0
2023-09-04,1131094.8122430155,5020.812243015593,1126074.0,0,0.0
2023-09-05,1107562.8122430155,5020.812243015593,1102542.0,0,0.0
2023-09-06,1111376.8122430155,5020.812243015593,1106356.0,0,0.0
2023-09-07,1092594.8122430155,5020.812243015593,1087574.0,0,0.0
2023-09-08,1077310.8122430155,5020.812243015593,1072290.0,0,0.0
2023-09-11,1103180.8122430155,5020.812243015593,1098160.0,0,0.0
2023-09-12,1115836.8122430155,5020.812243015593,1110816.0,0,0.0
2023-09-13,1100350.8122430155,5020.812243015593,1095330.0,0,0.0
2023-09-14,1071050.8122430155,5020.812243015593,1066030.0,0,0.0
2023-09-15,1056876.8122430155,5020.812243015593,1051856.0,0,0.0
2023-09-18,1054908.8122430155,5020.812243015593,1049888.0,0,0.0
2023-09-19,1055792.8122430155,5020.812243015593,1050772.0,0,0.0
2023-09-20,1050706.8122430155,5020.812243015593,1045686.0,0,0.0
2023-09-21,1045054.8122430156,5020.812243015593,1040034.0,0,0.0
2023-09-22,1107132.8122430155,5020.812243015593,1102112.0,0,0.0
2023-09-25,1093044.8122430155,5020.812243015593,1088024.0,0,0.0
2023-09-26,1088996.8122430155,5020.812243015593,1083976.0,0,0.0
2023-09-27,1089518.8122430155,5020.812243015593,1084498.0,0,0.0
2023-09-28,1096054.6746094157,358038.6746094156,738016.0,0,0.0
2023-10-09,1103626.6746094157,358038.6746094156,745588.0,0,0.0
2023-10-10,1100258.6746094157,358038.6746094156,742220.0,0,0.0
2023-10-11,1107662.7261726155,535046.7261726155,572616.0,0,0.0
2023-10-12,1121726.7261726155,535046.7261726155,586680.0,0,0.0
2023-10-13,1111910.7261726155,535046.7261726155,576864.0,0,0.0
2023-10-16,1102742.0571671356,359728.0571671356,743014.0,0,0.0
2023-10-17,1103224.2663345356,173984.2663345356,929240.0,0,0.0
2023-10-18,1125305.1975913355,593405.1975913356,531900.0,0,0.0
2023-10-19,1101869.9636789607,405020.4636789607,508700.0,126700,188149.5
2023-10-20,1094526.3645188608,5081.864518860719,864260.0,153500,225184.5
2023-10-23,1080241.3645188608,5081.864518860719,851510.0,153500,223649.5
2023-10-24,1077997.2514143856,5135.751414385688,1047690.0,17300,25171.5
2023-10-25,1088205.5514143857,5135.751414385688,1057881.0,17300,25188.8
2023-10-26,1099621.6514143855,5135.751414385688,1069695.0,17300,24790.9
2023-10-27,1106285.6514143855,5135.751414385688,1076359.0,17300,24790.9
2023-10-30,1117684.8514143857,5135.751414385688,1087862.0,17300,24687.100000000002
2023-10-31,1111753.0514143857,5135.751414385688,1081861.0,17300,24756.3
2023-11-01,1166858.1732143858,559159.3732143857,582683.0,17300,25015.8
2023-11-02,1156670.2732143856,559159.3732143857,572201.0,17300,25309.9
2023-11-03,1177499.9277807858,359548.1277807858,792244.0,17300,25707.8
2023-11-06,1199942.6602467857,554554.4602467858,619542.0,17300,25846.2
2023-11-07,1208641.0602467859,554554.4602467858,628275.0,17300,25811.6
2023-11-08,1212096.5602467859,554554.4602467858,631644.0,17300,25898.100000000002
2023-11-09,1258751.0116684258,1016978.5116684258,215736.0,17300,26036.499999999996
2023-11-10,1249445.7119600256,819389.8119600258,404227.0,17300,25828.9
2023-11-13,1252734.7119600256,819389.8119600258,407170.0,17300,26174.899999999998
2023-11-14,1252883.5412702258,623413.1412702259,603209.0,17300,26261.4
2023-11-15,1266020.8412702258,623413.1412702259,615983.0,17300,26624.699999999997
2023-11-16,1255495.441270226,623413.1412702259,605423.0,17300,26659.3
2023-11-17,1252478.1412702259,623413.1412702259,602423.0,17300,26642.0
2023-11-20,1253611.3412702258,623413.1412702259,603833.0,17300,26365.2
2023-11-21,1253407.1412702259,623413.1412702259,603525.0,17300,26469.0
2023-11-22,1245794.5412702258,623413.1412702259,595947.0,17300,26434.4
2023-11-23,1249626.0412702258,623413.1412702259,599692.0,17300,26520.899999999998
2023-11-24,1243144.6412702259,623413.1412702259,593176.0,17300,26555.5
2023-11-27,1226300.0369042258,205056.83690422587,767673.0,165300,253570.2
2023-11-28,1226918.670576406,6700.170576405915,966483.0,165300,253735.5
2023-11-29,1195307.306336586,14492.106336585945,1124744.0,36600,56071.200000000004
2023-11-30,1185800.8884212659,1894.8884212659614,1183906.0,0,0.0
2023-12-01,1183620.8884212659,1894.8884212659614,1181726.0,0,0.0
2023-12-04,1173364.8884212659,1894.8884212659614,1171470.0,0,0.0
2023-12-05,1155914.8884212659,1894.8884212659614,1154020.0,0,0.0
2023-12-06,1175032.8884212659,1894.8884212659614,1173138.0,0,0.0
2023-12-07,1163368.8884212659,1894.8884212659614,1161474.0,0,0.0
2023-12-08,1159308.8884212659,1894.8884212659614,1157414.0,0,0.0
2023-12-11,1165716.8884212659,1894.8884212659614,1163822.0,0,0.0
2023-12-12,1162740.8884212659,1894.8884212659614,1160846.0,0,0.0
2023-12-13,1135070.8884212659,1894.8884212659614,1133176.0,0,0.0
2023-12-14,1133054.8884212659,1894.8884212659614,1131160.0,0,0.0
2023-12-15,1145082.8884212659,1894.8884212659614,1143188.0,0,0.0
2023-12-18,1125442.8884212659,1894.8884212659614,1123548.0,0,0.0
2023-12-19,1128270.8884212659,1894.8884212659614,1126376.0,0,0.0
2023-12-20,1118354.8884212659,1894.8884212659614,1116460.0,0,0.0
2023-12-21,1151414.8884212659,1894.8884212659614,1149520.0,0,0.0
2023-12-22,1157528.8884212659,1894.8884212659614,1155634.0,0,0.0
2023-12-25,1159410.8884212659,1894.8884212659614,1157516.0,0,0.0
2023-12-26,1151540.8884212659,1894.8884212659614,1149646.0,0,0.0
2023-12-27,1143720.8884212659,1894.8884212659614,1141826.0,0,0.0
2023-12-28,1173440.4830351858,816950.483035186,356490.0,0,0.0
2023-12-29,1173350.4830351858,816950.483035186,356400.0,0,0.0
2024-01-02,1163630.4830351858,816950.483035186,346680.0,0,0.0
2024-01-03,1164656.4830351858,816950.483035186,347706.0,0,0.0
2024-01-04,1158157.203607186,618901.203607186,539256.0,0,0.0
2024-01-05,1148468.5378931859,419750.537893186,728718.0,0,0.0
2024-01-08,1132578.709021026,5019.509021025995,909284.0,137800,218275.2
2024-01-09,1148330.232465026,356300.4324650259,570034.0,137800,221995.8
2024-01-10,1135409.821010276,5042.821010275977,557690.0,355700,572677.0
2024-01-11,1157931.9210102758,5042.821010275977,575588.0,355700,577301.1
2024-01-12,1147050.021010276,5042.821010275977,567196.0,355700,574811.2000000001
2024-01-15,1145021.245690051,5148.645690051002,751087.0,239400,388785.60000000003
2024-01-16,1152234.045690051,5148.645690051002,760215.0,239400,386870.4
2024-01-17,1129390.743309351,5063.343309351039,936718.0,116600,187609.4
2024-01-18,1147344.343309351,5063.343309351039,954555.0,116600,187726.0
2024-01-19,1135326.9433093509,5063.343309351039,940672.0,116600,189591.59999999998
2024-01-22,1113761.543309351,5063.343309351039,916075.0,116600,192623.19999999998
2024-01-23,1150229.9433093509,5063.343309351039,952077.0,116600,193089.59999999998
2024-01-24,1160726.743309351,5063.343309351039,960475.0,116600,195188.4
2024-01-25,1170640.943309351,5063.343309351039,971322.0,116600,194255.6
2024-01-26,1154108.743309351,5063.343309351039,956189.0,116600,192856.4
2024-01-29,1133563.943309351,5063.343309351039,934828.0,116600,193672.6
2024-01-30,1139492.222160021,205117.42216002115,536314.0,236800,398060.8
2024-01-31,1115548.611200021,8870.411200021132,710275.0,236800,396403.2
2024-02-01,1117386.112472971,3654.1124729711155,916192.0,119000,197540.0
2024-02-02,1078536.112472971,3654.1124729711155,874010.0,119000,200872.0
2024-02-05,1047352.0133888212,3802.5133888211567,1041346.0,1300,2203.5
2024-02-06,1136580.1808819612,1299.1808819611579,1135281.0,0,0.0
2024-02-07,1170064.1808819612,1299.1808819611579,1168765.0,0,0.0
2024-02-08,1174676.1808819612,1299.1808819611579,1173377.0,0,0.0
2024-02-19,1164218.1808819612,1299.1808819611579,1162919.0,0,0.0
2024-02-20,1156441.1808819612,1299.1808819611579,1155142.0,0,0.0
2024-02-21,1197513.1808819612,1299.1808819611579,1196214.0,0,0.0
2024-02-22,1205601.1808819612,1299.1808819611579,1204302.0,0,0.0
2024-02-23,1239411.609502281,659271.6095022812,580140.0,0,0.0
2024-02-26,1244131.609502281,659271.6095022812,584860.0,0,0.0
2024-02-27,1248884.609502281,659271.6095022812,589613.0,0,0.0
2024-02-28,1249087.4711813612,1058251.4711813612,190836.0,0,0.0
2024-02-29,1254379.4711813612,1058251.4711813612,196128.0,0,0.0
2024-03-01,1256323.4711813612,1058251.4711813612,198072.0,0,0.0
2024-03-04,1268265.3552332013,1268265.3552332013,0.0,0,0.0
2024-03-05,1268265.3552332013,1268265.3552332013,0.0,0,0.0
2024-03-06,1268265.3552332013,1268265.3552332013,0.0,0,0.0
2024-03-07,1268265.3552332013,1268265.3552332013,0.0,0,0.0
2024-03-08,1268265.3552332013,1268265.3552332013,0.0,0,0.0
2024-03-11,1268265.3552332013,1268265.3552332013,0.0,0,0.0
2024-03-12,1268265.3552332013,1268265.3552332013,0.0,0,0.0
2024-03-13,1268265.3552332013,1268265.3552332013,0.0,0,0.0
2024-03-14,1268265.3552332013,1268265.3552332013,0.0,0,0.0
2024-03-15,1268265.3552332013,1268265.3552332013,0.0,0,0.0
2024-03-18,1268265.3552332013,1268265.3552332013,0.0,0,0.0
2024-03-19,1268265.3552332013,1268265.3552332013,0.0,0,0.0
2024-03-20,1268265.3552332013,1268265.3552332013,0.0,0,0.0
2024-03-21,1268265.3552332013,1268265.3552332013,0.0,0,0.0
2024-03-22,1268265.3552332013,1268265.3552332013,0.0,0,0.0
2024-03-25,1267966.5653999012,1069810.5653999012,198156.0,0,0.0
2024-03-26,1270220.5653999012,1069810.5653999012,200410.0,0,0.0
2024-03-27,1268995.5653999012,1069810.5653999012,199185.0,0,0.0
2024-03-28,1275535.2021483013,870900.2021483013,404635.0,0,0.0
2024-03-29,1271419.2021483013,870900.2021483013,400519.0,0,0.0
2024-04-01,1278555.0934692214,672192.0934692214,606363.0,0,0.0
2024-04-02,1260572.7535745716,205030.15357457142,588964.0,253300,466578.60000000003
2024-04-03,1243717.9873661916,5087.587366191445,778760.0,255200,459870.4
2024-04-08,1232391.9873661913,5087.587366191445,766158.0,255200,461146.39999999997
2024-04-09,1193990.1873661913,5087.587366191445,726225.0,255200,462677.6
2024-04-10,1154430.5873661914,5087.587366191445,687431.0,255200,461912.0
2024-04-11,1133741.3256498415,5163.1256498414505,869497.0,144900,259081.2
2024-04-12,1126376.9256498415,5163.1256498414505,860104.0,144900,261109.80000000002
2024-04-15,1105572.7886948814,5155.788694881452,1039795.0,34000,60622.0
2024-04-16,1082699.7886948814,5155.788694881452,1018350.0,34000,59194.0
2024-04-17,1141392.7886948814,5155.788694881452,1077281.0,34000,58956.0
2024-04-18,1095425.7886948814,5155.788694881452,1031450.0,34000,58820.0
2024-04-19,1039734.7886948815,5155.788694881452,976473.0,34000,58106.0
2024-04-22,995978.7886948815,5155.788694881452,932479.0,34000,58344.0
2024-04-23,990692.7886948815,5155.788694881452,926785.0,34000,58752.0
2024-04-24,1043741.7886948815,5155.788694881452,978542.0,34000,60044.0
2024-04-25,1064699.2785342115,205096.4785342114,584493.0,158200,275109.8
2024-04-26,1118579.0522861313,5033.452286131435,836630.0,158600,276915.6
2024-04-29,1121998.8522861316,5033.452286131435,838781.0,158600,278184.4
2024-04-30,1094284.2522861315,5033.452286131435,810432.0,158600,278818.8
2024-05-06,1097772.6084411715,208878.20844117145,609917.0,158600,278977.39999999997
2024-05-07,1096526.2044440715,5162.804444071476,804911.0,161200,286452.39999999997
2024-05-08,1081391.6044440714,5162.804444071476,788648.0,161200,287580.8
2024-05-09,1094859.6044440714,5162.804444071476,802922.0,161200,286774.8
2024-05-10,1075611.6044440714,5162.804444071476,780450.0,161200,289998.8
2024-05-13,1053448.2044440715,5162.804444071476,756997.0,161200,291288.39999999997
2024-05-14,1092162.2044440715,5162.804444071476,795711.0,161200,291288.39999999997
2024-05-15,1118751.0044440716,5162.804444071476,819237.0,161200,294351.2
2024-05-16,1100108.8044440714,5162.804444071476,796726.0,161200,298220.0
2024-05-17,1100697.6044440714,5162.804444071476,798282.0,161200,297252.8
2024-05-20,1138294.3769620715,452424.5769620715,390229.0,161200,295640.8
2024-05-21,1137193.9371314466,5043.437131446495,389526.0,404700,742624.5
2024-05-22,1146985.2371314466,5043.437131446495,395675.0,404700,746266.8
2024-05-23,1142149.7371314466,5043.437131446495,388816.0,404700,748290.3
2024-05-24,1118586.0371314464,5043.437131446495,377798.0,404700,735744.6
2024-05-27,1123310.8618342467,5151.461834246489,574195.0,296600,543964.4
2024-05-28,1113048.2618342466,5151.461834246489,562746.0,296600,545150.8
2024-05-29,1115976.3454930265,4143.545493026497,767615.0,188200,344217.8
2024-05-30,1108674.7454930265,4143.545493026497,764642.0,188200,339889.2
2024-05-31,1106689.9454930264,4143.545493026497,762469.0,188200,340077.39999999997
2024-06-03,1112550.5454930265,4143.545493026497,763060.0,188200,345347.0
2024-06-04,1116301.1454930266,4143.545493026497,766246.0,188200,345911.60000000003
2024-06-05,1104636.9454930266,4143.545493026497,752888.0,188200,347605.4
2024-06-06,1109783.1454930264,4143.545493026497,753141.0,188200,352498.6
2024-06-07,1085387.8400437764,4796.240043776488,927585.0,81300,153006.6
2024-06-11,1082039.9400437765,4796.240043776488,923668.0,81300,153575.7
2024-06-12,1084951.8400437764,4796.240043776488,926336.0,81300,153819.6
2024-06-13,1079708.9400437765,4796.240043776488,919711.0,81300,155201.7
2024-06-14,1086116.1400437765,4796.240043776488,926606.0,81300,154713.9
2024-06-17,1096073.1400437765,4796.240043776488,937376.0,81300,153900.9
2024-06-18,1112886.1806471567,5058.7806471565855,551112.0,292700,556715.4
2024-06-19,1114218.7053772365,5076.3053772365965,342592.0,402600,766550.4
2024-06-20,1109720.9053772367,5076.3053772365965,331250.0,402600,773394.6
2024-06-21,1094353.9943932616,5077.794393261633,518330.0,298300,570946.2
2024-06-24,1086530.7943932617,5077.794393261633,511700.0,298300,569753.0
2024-06-25,1071712.8754744118,5037.575474411664,696908.0,193900,369767.3
2024-06-26,1124426.2754744117,5037.575474411664,744580.0,193900,374808.7
2024-06-27,1104206.7754744117,5037.575474411664,721452.0,193900,377717.2
2024-06-28,1093090.4754744116,5037.575474411664,705876.0,193900,382176.9
2024-07-01,1093310.5641418367,4472.364141836675,906694.0,92600,182144.2
2024-07-02,1077136.9641418366,4472.364141836675,890150.0,92600,182514.6
2024-07-03,1086604.9825580968,154.98255809672992,1086450.0,0,0.0
2024-07-04,1059571.9825580968,154.98255809672992,1059417.0,0,0.0
2024-07-05,1059015.9825580968,154.98255809672992,1058861.0,0,0.0
2024-07-08,1026562.9825580968,154.98255809672992,1026408.0,0,0.0
2024-07-09,1029127.9825580968,154.98255809672992,1028973.0,0,0.0
2024-07-10,1036542.9825580968,154.98255809672992,1036388.0,0,0.0
2024-07-11,1087753.9825580968,154.98255809672992,1087599.0,0,0.0
2024-07-12,1077590.9825580968,154.98255809672992,1077436.0,0,0.0
2024-07-15,1063727.9825580968,154.98255809672992,1063573.0,0,0.0
2024-07-16,1075755.9825580968,154.98255809672992,1075601.0,0,0.0
2024-07-17,1075260.9825580968,154.98255809672992,1075106.0,0,0.0
2024-07-18,1077932.9825580968,154.98255809672992,1077778.0,0,0.0
2024-07-19,1089092.9825580968,154.98255809672992,1088938.0,0,0.0
2024-07-22,1083055.9825580968,154.98255809672992,1082901.0,0,0.0
2024-07-23,1042289.9825580968,154.98255809672992,1042135.0,0,0.0
2024-07-24,1020768.9825580968,154.98255809672992,1020614.0,0,0.0
2024-07-25,1048273.9825580968,154.98255809672992,1048119.0,0,0.0
2024-07-26,1081326.7266399367,394094.7266399368,687232.0,0,0.0
2024-07-29,1058906.7266399367,394094.7266399368,664812.0,0,0.0
2024-07-30,1056782.7489538367,205114.34895383683,662924.0,96200,188744.4
2024-07-31,1087614.723520537,5022.3235205368765,832664.0,128300,249928.4
2024-08-01,1072785.9235205369,5022.3235205368765,814756.0,128300,253007.6
2024-08-02,1062184.9235205369,5022.3235205368765,811853.0,128300,245309.59999999998
2024-08-05,1076692.564901257,714690.5649012568,325945.0,20200,36057.0
2024-08-06,1073886.8252132568,515640.0252132568,521806.0,20200,36440.8
2024-08-07,1072668.8430768368,5064.243076836865,704318.0,200600,363286.6
2024-08-08,1070244.6430768368,5064.243076836865,704301.0,200600,360879.39999999997
2024-08-09,1090885.243076837,5064.243076836865,717720.0,200600,368101.0
2024-08-12,1094438.243076837,5064.243076836865,716258.0,200600,373116.0
2024-08-13,1099065.4430768369,5064.243076836865,715469.0,200600,378532.2
2024-08-14,1099299.4430768369,5064.243076836865,708682.0,200600,385553.2
2024-08-15,1114482.043076837,5064.243076836865,718649.0,200600,390768.8
2024-08-16,1127969.243076837,5064.243076836865,726720.0,200600,396185.0
2024-08-19,1120088.8965516067,5094.29655160688,582304.0,274300,532690.6
2024-08-20,1127864.096551607,5094.29655160688,583496.0,274300,539273.8
2024-08-21,1139682.3965516067,5094.29655160688,595040.0,274300,539548.1
2024-08-22,1142251.596551607,5094.29655160688,596512.0,274300,540645.3
2024-08-23,1140173.8774846068,4294.677484606917,797482.0,172300,338397.2
2024-08-26,1140089.0774846068,4294.677484606917,794985.0,172300,340809.4
2024-08-27,1133378.0774846068,4294.677484606917,788274.0,172300,340809.4
2024-08-28,1131414.777484607,4294.677484606917,783037.0,172300,344083.10000000003
2024-08-29,1130518.8774846068,4294.677484606917,786104.0,172300,340120.2
2024-08-30,1146991.078609087,600092.6786090869,206089.0,172300,340809.4
2024-09-02,1145380.3786090869,600092.6786090869,200860.0,172300,344427.7
2024-09-03,1146536.078609087,600092.6786090869,202188.0,172300,344255.4
2024-09-04,1131352.096972487,205052.99697248696,201109.0,377900,725190.1
2024-09-05,1135761.147699987,5677.047699986986,401115.0,377900,728969.1
2024-09-06,1133438.810309987,5168.810309986968,592869.0,279000,535401.0
2024-09-09,1112626.810309987,5168.810309986968,575963.0,279000,531495.0
2024-09-10,1122360.774413047,5007.774413047022,973712.0,75800,143641.0
2024-09-11,1125096.974413047,5007.774413047022,976145.0,75800,143944.2
2024-09-12,1124835.574413047,5007.774413047022,973458.0,75800,146369.80000000002
2024-09-13,1148117.574413047,5007.774413047022,995982.0,75800,147127.80000000002
2024-09-18,1139896.974413047,5007.774413047022,987913.0,75800,146976.2
2024-09-19,1153173.774413047,5007.774413047022,999219.0,75800,148947.0
2024-09-20,1167527.774413047,5007.774413047022,1013194.0,75800,149326.0
2024-09-23,1175041.162842867,5131.562842867017,817748.0,178400,352161.6
2024-09-24,1208066.626413867,5030.62641386711,399240.0,410100,803796.0
2024-09-25,1202293.126413867,5030.62641386711,399618.0,410100,797644.5
2024-09-26,1207105.4264138672,5030.62641386711,403200.0,410100,798874.7999999999
2024-09-27,1225758.5264138673,5030.62641386711,433746.0,410100,786981.9
2024-09-30,1247490.768621867,465019.9686218671,0.0,410100,782470.7999999999
2024-10-08,1240764.864889092,5014.464889092196,0.0,652800,1235750.4
2024-10-09,1261654.4648890921,5014.464889092196,0.0,652800,1256640.0
2024-10-10,1281891.2648890922,5014.464889092196,0.0,652800,1276876.8
2024-10-11,1289072.0648890922,5014.464889092196,0.0,652800,1284057.6
2024-10-14,1302780.864889092,5014.464889092196,0.0,652800,1297766.4
2024-10-15,1341296.0648890922,5014.464889092196,0.0,652800,1336281.6
2024-10-16,1326281.664889092,5014.464889092196,0.0,652800,1321267.2
2024-10-17,1339990.4648890921,5014.464889092196,0.0,652800,1334976.0
2024-10-18,1328240.0648890922,5014.464889092196,0.0,652800,1323225.6
2024-10-21,1322364.864889092,5014.464889092196,0.0,652800,1317350.4
2024-10-22,1314531.264889092,5014.464889092196,0.0,652800,1309516.7999999998
2024-10-23,1309961.6648890923,5014.464889092196,0.0,652800,1304947.2000000002
2024-10-24,1304739.2648890922,5014.464889092196,0.0,652800,1299724.8
2024-10-25,1304739.2648890922,5014.464889092196,0.0,652800,1299724.8
2024-10-28,1318448.0648890922,5014.464889092196,0.0,652800,1313433.6
2024-10-29,1313878.4648890921,5014.464889092196,0.0,652800,1308864.0
2024-10-30,1323670.4648890921,5014.464889092196,0.0,652800,1318656.0
2024-10-31,1308003.2648890922,5014.464889092196,0.0,652800,1302988.8
2024-11-01,1291683.2648890922,5014.464889092196,0.0,652800,1286668.8
2024-11-04,1286460.8648890923,5014.464889092196,0.0,652800,1281446.4000000001
2024-11-05,1285155.2648890922,5014.464889092196,0.0,652800,1280140.8
2024-11-06,1329545.664889092,5014.464889092196,0.0,652800,1324531.2
2024-11-07,1339990.4648890921,5014.464889092196,0.0,652800,1334976.0
2024-11-08,1351740.8648890923,5014.464889092196,0.0,652800,1346726.4000000001
2024-11-11,1368713.664889092,5014.464889092196,0.0,652800,1363699.2
2024-11-12,1384380.864889092,5014.464889092196,0.0,652800,1379366.4
2024-11-13,1372630.4648890924,5014.464889092196,0.0,652800,1367616.0000000002
2024-11-14,1390256.064889092,5014.464889092196,0.0,652800,1385241.5999999999
2024-11-15,1368060.8648890923,5014.464889092196,0.0,652800,1363046.4000000001
2024-11-18,1377200.064889092,5014.464889092196,0.0,652800,1372185.5999999999
2024-11-19,1379811.264889092,5014.464889092196,0.0,652800,1374796.7999999998
2024-11-20,1383728.0648890922,5014.464889092196,0.0,652800,1378713.6
2024-11-21,1380464.0648890922,5014.464889092196,0.0,652800,1375449.6
2024-11-22,1394172.8648890923,5014.464889092196,0.0,652800,1389158.4000000001
2024-11-25,1426160.0648890922,5014.464889092196,0.0,652800,1421145.6
2024-11-26,1428771.2648890922,5014.464889092196,0.0,652800,1423756.8
2024-11-27,1428118.4648890921,5014.464889092196,0.0,652800,1423104.0
2024-11-28,1420949.3204128721,5041.120412872213,192090.00000000003,561900,1223818.2
2024-11-29,1431233.9204128722,5041.120412872213,200127.0,561900,1226065.8
2024-12-02,1446771.220412872,5041.120412872213,206111.99999999997,561900,1235618.0999999999
2024-12-03,1449418.4204128722,5041.120412872213,198645.0,561900,1245732.3
2024-12-04,1448620.4204128722,5041.120412872213,197847.0,561900,1245732.3
2024-12-05,1458636.8204128721,5041.120412872213,198873.0,561900,1254722.7
2024-12-06,1455827.3204128724,5041.120412872213,198873.0,561900,1251913.2000000002
2024-12-09,1456120.420412872,5041.120412872213,199728.0,561900,1251351.2999999998
2024-12-10,1453375.420412872,5041.120412872213,208221.0,561900,1240113.2999999998
2024-12-11,1482340.420412872,5041.120412872213,225948.0,561900,1251351.2999999998
2024-12-12,1483211.9204128722,5041.120412872213,224009.99999999997,561900,1254160.8
2024-12-13,1485166.7204128723,5041.120412872213,219222.0,561900,1260903.6
2024-12-16,1493074.7204128723,5041.120412872213,210273.0,561900,1277760.6
2024-12-17,1483147.7204128723,5041.120412872213,211583.99999999997,561900,1266522.6
2024-12-18,1474116.2204128723,5041.120412872213,216600.0,561900,1252475.1
2024-12-19,1432804.4204128722,5041.120412872213,215745.0,561900,1212018.3
2024-12-20,1421509.7204128723,5041.120412872213,211755.0,561900,1204713.6
2024-12-23,1452055.720412872,5041.120412872213,214206.0,561900,1232808.5999999999
2024-12-24,1453716.520412872,5041.120412872213,220361.99999999997,561900,1228313.4
2024-12-25,1458472.4204128722,5041.120412872213,218936.99999999997,561900,1234494.3
2024-12-26,1463350.1204128722,5041.120412872213,222129.0,561900,1236180.0
2024-12-27,1461086.020412872,5041.120412872213,224922.0,561900,1231122.9
2024-12-30,1443512.6204128722,5041.120412872213,221958.0,561900,1216513.5
2024-12-31,1433618.9204128722,5041.120412872213,213750.0,561900,1214827.8
2025-01-02,1424241.773285232,6476.073285232153,391974.0,469900,1025791.7
2025-01-03,1404461.5174555222,5041.517455522175,576339.0,379300,823081.0
2025-01-06,1413598.6209146222,5112.220914622216,770834.0,288400,637652.3999999999
2025-01-07,1426775.1683280622,4468.768328062259,986338.0,198800,435968.4
2025-01-08,1413989.7683280623,4468.768328062259,974149.0,198800,435372.0
2025-01-09,1409636.5683280623,4468.768328062259,970591.0,198800,434576.8
2025-01-10,1387266.1683280622,4468.768328062259,950805.0,198800,431992.4
2025-01-13,1380361.9683280622,4468.768328062259,950660.0,198800,425233.19999999995
2025-01-14,1450510.3683280624,4468.768328062259,1016236.0,198800,429805.6
2025-01-15,1438645.1683280622,4468.768328062259,1005166.0,198800,429010.39999999997
2025-01-16,1444469.1683280622,4468.768328062259,1004032.0,198800,435968.4
2025-01-17,1447374.5683280623,4468.768328062259,1007335.0,198800,435570.8
2025-01-20,1460159.8027457374,5017.1027457373275,791101.0,301700,664041.7000000001
2025-01-21,1465956.1027457374,5017.1027457373275,797199.0,301700,663740.0
2025-01-22,1465610.7027457373,5017.1027457373275,791423.0,301700,669170.6
2025-01-23,1465838.6027457374,5017.1027457373275,795573.0,301700,665248.5
2025-01-24,1475987.9027457372,5017.1027457373275,803007.0,301700,667963.8
2025-01-27,1442230.3027457374,5017.1027457373275,774680.0,301700,662533.2000000001
2025-02-05,1442162.5027457373,5017.1027457373275,775819.0,301700,661326.4
2025-02-06,1460819.5259222672,5061.92592226743,596999.0,390700,858758.6
2025-02-07,1477470.5970609875,5054.997060987458,204782.0,578300,1267633.6
2025-02-10,1479975.0970609873,5054.997060987458,210178.0,578300,1264742.0999999999
2025-02-11,1479333.8970609873,5054.997060987458,211850.0,578300,1262428.9
2025-02-12,1475467.4970609874,5054.997060987458,212610.0,578300,1257802.5
2025-02-13,1466550.5970609875,5054.997060987458,205428.0,578300,1256067.6
2025-02-14,1465817.8970609875,5054.997060987458,204117.0,578300,1256645.9000000001
2025-02-17,1479529.9970609874,5054.997060987458,219564.0,578300,1254911.0
2025-02-18,1484461.4970609874,5054.997060987458,215821.0,578300,1263585.5
2025-02-19,1480491.7970609874,5054.997060987458,217056.0,578300,1258380.8
2025-02-20,1479715.1970609874,5054.997060987458,217436.0,578300,1257224.2
2025-02-21,1476300.1970609874,5054.997060987458,225587.0,578300,1245658.2
2025-02-24,1451492.4970609874,5054.997060987458,217550.0,578300,1228887.5
2025-02-25,1427580.1970609874,5054.997060987458,211565.0,578300,1210960.2
2025-02-26,1427498.2970609874,5054.997060987458,213218.0,578300,1209225.3
2025-02-27,1415774.1970609874,5054.997060987458,205542.0,578300,1205177.2
2025-02-28,1371813.5970609875,5054.997060987458,191653.0,578300,1175105.6
2025-03-03,1386582.0450551873,11428.045055187482,378863.0,481300,996290.9999999999
2025-03-04,1375871.0912365876,5141.99123658751,584529.0,387100,786200.1000000001
2025-03-05,1377341.3912365874,5141.99123658751,588709.0,387100,783490.4
2025-03-06,1388522.4912365875,5141.99123658751,599503.0,387100,783877.5
2025-03-07,1364820.0912365876,5141.99123658751,585091.0,387100,774587.1
2025-03-10,1366931.8912365874,5141.99123658751,587977.0,387100,773812.9
2025-03-11,1345411.8912365874,5141.99123658751,585812.0,387100,754457.9
2025-03-12,1350835.7912365873,5141.99123658751,595494.0,387100,750199.7999999999
2025-03-13,1337245.1912365875,5141.99123658751,584226.0,387100,747877.2
2025-03-14,1344615.9912365875,5141.99123658751,592371.0,387100,747103.0
2025-03-17,1346366.8912365874,5141.99123658751,594509.0,387100,746715.9
2025-03-18,1379091.7912365873,5141.99123658751,619879.0,387100,754070.7999999999
2025-03-19,1351308.2912365876,5141.99123658751,597902.0,387100,748264.3
2025-03-20,1367467.0912365876,5141.99123658751,595480.0,387100,766845.1000000001
2025-03-21,1346790.2912365876,5141.99123658751,577900.0,387100,763748.3
2025-03-24,1365121.8912365874,5141.99123658751,586167.0,387100,773812.9
2025-03-25,1365657.6912365875,5141.99123658751,579735.0,387100,780780.7
2025-03-26,1359992.0912365876,5141.99123658751,576392.0,387100,778458.1000000001
2025-03-27,1341604.2912365876,5141.99123658751,568843.0,387100,767619.3
2025-03-28,1331178.2912365876,5141.99123658751,566159.0,387100,759877.3
2025-03-31,1318297.6256543375,5084.5256543375235,769146.0,285300,544067.1
2025-04-01,1326069.6256543375,5084.5256543375235,768359.0,285300,552626.1
2025-04-02,1340434.5221423376,205055.92214233754,581784.0,285800,553594.6
2025-04-03,1294688.8488993975,7488.248899397586,745038.0,285800,542162.6
2025-04-07,1116743.8858109226,5079.785810922634,814134.0,174300,297530.10000000003
2025-04-08,1090680.5858109226,5079.785810922634,776044.0,174300,309556.8
2025-04-09,1088384.9412289076,2631.9412289076135,1085753.0,0,0.0
2025-04-10,1155419.9412289076,2631.9412289076135,1152788.0,0,0.0
2025-04-11,1175072.9412289076,2631.9412289076135,1172441.0,0,0.0
2025-04-14,1208525.9412289076,2631.9412289076135,1205894.0,0,0.0
2025-04-15,1184821.9412289076,2631.9412289076135,1182190.0,0,0.0
2025-04-16,1151317.9412289076,2631.9412289076135,1148686.0,0,0.0
2025-04-17,1145820.9412289076,2631.9412289076135,1143189.0,0,0.0
2025-04-18,1173230.9412289076,2631.9412289076135,1170599.0,0,0.0
2025-04-21,1195501.9412289076,2631.9412289076135,1192870.0,0,0.0
2025-04-22,1177518.9412289076,2631.9412289076135,1174887.0,0,0.0
2025-04-23,1218492.9412289076,2631.9412289076135,1215861.0,0,0.0
2025-04-24,1189892.9412289076,2631.9412289076135,1187261.0,0,0.0
2025-04-25,1230701.9412289076,2631.9412289076135,1228070.0,0,0.0
2025-04-28,1207935.9412289076,2631.9412289076135,1205304.0,0,0.0
2025-04-29,1203699.9412289076,2631.9412289076135,1201068.0,0,0.0
2025-04-30,1213355.9412289076,2631.9412289076135,1210724.0,0,0.0
2025-05-06,1254579.9412289076,2631.9412289076135,1251948.0,0,0.0
2025-05-07,1280104.5995791478,1280104.5995791478,0.0,0,0.0
2025-05-08,1280104.5995791478,1280104.5995791478,0.0,0,0.0
2025-05-09,1280104.5995791478,1280104.5995791478,0.0,0,0.0
2025-05-12,1280821.6100109478,1082285.6100109478,198535.99999999997,0,0.0
2025-05-13,1278981.6100109478,1082285.6100109478,196696.0,0,0.0
2025-05-14,1280223.6100109478,1082285.6100109478,197938.0,0,0.0
2025-05-15,1276451.6100109478,1082285.6100109478,194166.0,0,0.0
2025-05-16,1278093.664003268,888473.6640032678,389620.0,0,0.0
2025-05-19,1279519.664003268,888473.6640032678,391046.0,0,0.0
2025-05-20,1279657.664003268,888473.6640032678,391184.0,0,0.0
2025-05-21,1275195.6640032677,888473.6640032678,386721.99999999994,0,0.0
2025-05-22,1273999.664003268,888473.6640032678,385526.0,0,0.0
2025-05-23,1269813.664003268,888473.6640032678,381340.0,0,0.0
2025-05-26,1274965.664003268,888473.6640032678,386492.0,0,0.0
2025-05-27,1270273.664003268,888473.6640032678,381800.0,0,0.0
2025-05-28,1263503.5411084678,703260.5411084678,560243.0,0,0.0
2025-05-29,1270082.638762868,5006.238762867986,567694.0,343200,697382.4
2025-05-30,1251491.038762868,5006.238762867986,558712.0,343200,687772.8
2025-06-03,1252958.2387628679,5006.238762867986,558120.0,343200,689831.9999999999
2025-06-04,1266237.038762868,5006.238762867986,564878.0,343200,696352.7999999999
2025-06-05,1274138.238762868,5006.238762867986,574152.0,343200,694980.0
2025-06-06,1271619.038762868,5006.238762867986,571976.0,343200,694636.8
2025-06-09,1275780.238762868,5006.238762867986,572362.0,343200,698412.0
2025-06-10,1263000.4387628678,5006.238762867986,559239.0,343200,698755.2
2025-06-11,1268639.4387628678,5006.238762867986,561446.0,343200,702187.2
2025-06-12,1265016.238762868,5006.238762867986,559882.0,343200,700128.0
2025-06-13,1261603.8387628682,5006.238762867986,562304.0,343200,694293.6000000001
2025-06-16,1266056.7216961929,5146.1216961929895,703110.0,273700,557800.6
2025-06-17,1256676.7216961929,5146.1216961929895,693730.0,273700,557800.6
2025-06-18,1257044.621696193,5146.1216961929895,694919.0,273700,556979.5
2025-06-19,1252202.621696193,5146.1216961929895,692814.0,273700,554242.5
2025-06-20,1248881.0216961931,5146.1216961929895,688945.0,273700,554789.9
2025-06-23,1254183.619957048,5018.61995704798,312400.0,462600,936765.0
2025-06-24,1284332.219957048,5018.61995704798,325895.0,462600,953418.6
2025-06-25,1287206.619957048,5018.61995704798,326919.0,462600,955269.0
2025-06-26,1291020.4999336482,190975.899933648,142000.0,462600,958044.6000000001
2025-06-27,1298349.352513448,5062.952513448021,140309.0,551400,1152977.4000000001
2025-06-30,1305057.7525134478,5062.952513448021,140952.0,551400,1159042.7999999998
2025-07-01,1301307.352513448,5062.952513448021,140510.0,551400,1155734.4000000001
2025-07-02,1309476.952513448,5062.952513448021,140960.0,551400,1163454.0
2025-07-03,1312282.5525134478,5062.952513448021,141560.0,551400,1165659.5999999999
2025-07-04,1319485.470914688,147760.47091468802,0.0,551400,1171725.0
2025-07-07,1317101.6712818881,5051.071281887998,0.0,618600,1312050.6
2025-07-08,1317101.6712818881,5051.071281887998,0.0,618600,1312050.6
2025-07-09,1312152.871281888,5051.071281887998,0.0,618600,1307101.8
2025-07-10,1317101.6712818881,5051.071281887998,0.0,618600,1312050.6
2025-07-11,1318957.4712818882,5051.071281887998,0.0,618600,1313906.4000000001
2025-07-14,1308441.2712818882,5051.071281887998,0.0,618600,1303390.2000000002
2025-07-15,1323287.671281888,5051.071281887998,0.0,618600,1318236.5999999999
2025-07-16,1313390.0712818883,5051.071281887998,0.0,618600,1308339.0000000002
2025-07-17,1323287.671281888,5051.071281887998,0.0,618600,1318236.5999999999
2025-07-18,1330710.8712818879,5051.071281887998,0.0,618600,1325659.7999999998
2025-07-21,1328855.071281888,5051.071281887998,0.0,618600,1323804.0
2025-07-22,1326380.6712818881,5051.071281887998,0.0,618600,1321329.6
2025-07-23,1331329.4712818882,5051.071281887998,0.0,618600,1326278.4000000001
2025-07-24,1336896.871281888,5051.071281887998,0.0,618600,1331845.8
2025-07-25,1343701.4712818882,5051.071281887998,0.0,618600,1338650.4000000001
2025-07-28,1356692.071281888,5051.071281887998,0.0,618600,1351641.0
2025-07-29,1356073.4712818882,5051.071281887998,0.0,618600,1351022.4000000001
2025-07-30,1353599.071281888,5051.071281887998,0.0,618600,1348548.0
2025-07-31,1367208.271281888,5051.071281887998,0.0,618600,1362157.2
2025-08-01,1348650.2712818882,5051.071281887998,0.0,618600,1343599.2000000002
2025-08-04,1333803.871281888,5051.071281887998,0.0,618600,1328752.8
2025-08-05,1357929.271281888,5051.071281887998,0.0,618600,1352878.2
2025-08-06,1349887.471281888,5051.071281887998,0.0,618600,1344836.4
2025-08-07,1349887.471281888,5051.071281887998,0.0,618600,1344836.4
2025-08-08,1349887.471281888,5051.071281887998,0.0,618600,1344836.4
2025-08-11,1361022.2712818882,5051.071281887998,0.0,618600,1355971.2000000002
2025-08-12,1357929.271281888,5051.071281887998,0.0,618600,1352878.2
2025-08-13,1368445.4712818882,5051.071281887998,0.0,618600,1363394.4000000001
2025-08-14,1367826.8712818879,5051.071281887998,0.0,618600,1362775.7999999998
2025-08-15,1376487.271281888,5051.071281887998,0.0,618600,1371436.2
2025-08-18,1367826.8712818879,5051.071281887998,0.0,618600,1362775.7999999998
2025-08-19,1364115.271281888,5051.071281887998,0.0,618600,1359064.2
2025-08-20,1356692.071281888,5051.071281887998,0.0,618600,1351641.0
2025-08-21,1355454.8712818879,5051.071281887998,0.0,618600,1350403.7999999998
2025-08-22,1347413.071281888,5051.071281887998,0.0,618600,1342362.0
2025-08-25,1365971.071281888,5051.071281887998,0.0,618600,1360920.0
2025-08-26,1360403.671281888,5051.071281887998,0.0,618600,1355352.5999999999
2025-08-27,1369682.671281888,5051.071281887998,0.0,618600,1364631.5999999999
2025-08-28,1362259.471281888,5051.071281887998,0.0,618600,1357208.4
2025-08-29,1362878.071281888,5051.071281887998,0.0,618600,1357827.0
2025-09-01,1356692.071281888,5051.071281887998,0.0,618600,1351641.0
2025-09-02,1357929.271281888,5051.071281887998,0.0,618600,1352878.2
2025-09-03,1351743.271281888,5051.071281887998,0.0,618600,1346692.2
2025-09-04,1359166.4712818882,5051.071281887998,0.0,618600,1354115.4000000001
2025-09-05,1368445.4712818882,5051.071281887998,0.0,618600,1363394.4000000001
2025-09-08,1362878.071281888,5051.071281887998,0.0,618600,1357827.0
2025-09-09,1364733.871281888,5051.071281887998,0.0,618600,1359682.8
2025-09-10,1370301.271281888,5051.071281887998,0.0,618600,1365250.2
2025-09-11,1372157.071281888,5051.071281887998,0.0,618600,1367106.0
2025-09-12,1379580.271281888,5051.071281887998,0.0,618600,1374529.2
2025-09-15,1383910.4712818882,5051.071281887998,0.0,618600,1378859.4000000001
2025-09-16,1389477.871281888,5051.071281887998,0.0,618600,1384426.8
2025-09-17,1384529.071281888,5051.071281887998,0.0,618600,1379478.0
2025-09-18,1391333.6712818881,5051.071281887998,0.0,618600,1386282.6
2025-09-19,1398138.271281888,5051.071281887998,0.0,618600,1393087.2
2025-09-22,1408654.4712818882,5051.071281887998,0.0,618600,1403603.4000000001
2025-09-23,1420407.8712818879,5051.071281887998,0.0,618600,1415356.7999999998
2025-09-24,1415459.0712818878,5051.071281887998,0.0,618600,1410407.9999999998
2025-09-25,1409273.071281888,5051.071281887998,0.0,618600,1404222.0
2025-09-26,1406180.071281888,5051.071281887998,0.0,618600,1401129.0
2025-09-29,1416077.6712818881,5051.071281887998,0.0,618600,1411026.6
2025-09-30,1417933.471281888,5051.071281887998,0.0,618600,1412882.4
2025-10-09,1441440.271281888,5051.071281887998,0.0,618600,1436389.2
2025-10-10,1445770.4712818882,5051.071281887998,0.0,618600,1440719.4000000001
2025-10-13,1424119.4712818882,5051.071281887998,0.0,618600,1419068.4000000001
2025-10-14,1404942.871281888,5051.071281887998,0.0,618600,1399891.8
2025-10-15,1424127.9008078133,5056.500807813012,177060.0,542600,1242011.4000000001
2025-10-16,1428382.500807813,5056.500807813012,183485.0,542600,1239841.0
2025-10-17,1419760.3008078132,5056.500807813012,186800.0,542600,1227903.8
2025-10-20,1465931.100807813,5056.500807813012,201500.0,542600,1259374.6
2025-10-21,1491447.9679360131,5133.9679360130685,0.0,639000,1486314.0
2025-10-22,1505505.9679360131,5133.9679360130685,0.0,639000,1500372.0
2025-10-23,1508061.9679360131,5133.9679360130685,0.0,639000,1502928.0
2025-10-24,1513173.9679360131,5133.9679360130685,0.0,639000,1508040.0
2025-10-27,1548318.9679360131,5133.9679360130685,0.0,639000,1543185.0
2025-10-28,1552152.9679360131,5133.9679360130685,0.0,639000,1547019.0
2025-10-29,1582185.9679360131,5133.9679360130685,0.0,639000,1577052.0
2025-10-30,1585380.9679360131,5133.9679360130685,0.0,639000,1580247.0
2025-10-31,1573239.9679360131,5133.9679360130685,0.0,639000,1568106.0
2025-11-03,1589214.9679360131,5133.9679360130685,0.0,639000,1584081.0
2025-11-04,1548318.9679360131,5133.9679360130685,0.0,639000,1543185.0
2025-11-05,1531065.9679360131,5133.9679360130685,0.0,639000,1525932.0
2025-11-06,1531704.967936013,5133.9679360130685,0.0,639000,1526570.9999999998
2025-11-07,1528509.9679360131,5133.9679360130685,0.0,639000,1523376.0
2025-11-10,1554069.9679360131,5133.9679360130685,0.0,639000,1548936.0
2025-11-11,1557903.9679360131,5133.9679360130685,0.0,639000,1552770.0
2025-11-12,1578990.9679360131,5133.9679360130685,0.0,639000,1573857.0
2025-11-13,1594965.9679360131,5133.9679360130685,0.0,639000,1589832.0
2025-11-14,1569405.9679360131,5133.9679360130685,0.0,639000,1564272.0
2025-11-17,1573239.9679360131,5133.9679360130685,0.0,639000,1568106.0
2025-11-18,1538094.9679360131,5133.9679360130685,0.0,639000,1532961.0
2025-11-19,1512534.9679360131,5133.9679360130685,0.0,639000,1507401.0
2025-11-20,1547040.967936013,5133.9679360130685,0.0,639000,1541906.9999999998
2025-11-21,1509978.9679360131,5133.9679360130685,0.0,639000,1504845.0
2025-11-24,1529566.8538162631,16646.853816263087,185275.0,555500,1327645.0
2025-11-25,1549245.172497878,5004.572497878078,585285.0,398900,958955.6
2025-11-26,1575506.872497878,5004.572497878078,594394.0,398900,976108.3
2025-11-27,1574264.272497878,5004.572497878078,598736.0,398900,970523.7
2025-11-28,1593030.2724978782,5004.572497878078,605535.0,398900,982490.7000000001
2025-12-01,1593533.5724978782,5004.572497878078,607235.0,398900,981294.0
2025-12-02,1592549.5724978782,5004.572497878078,606251.0,398900,981294.0
2025-12-03,1591346.672497878,5004.572497878078,601458.0,398900,984884.1
2025-12-04,1590678.4724978781,5004.572497878078,603981.0,398900,981692.8999999999
2025-12-05,1588117.4724978781,5004.572497878078,605409.0,398900,977703.9
2025-12-08,1605968.172497878,5004.572497878078,626052.0,398900,974911.6
2025-12-09,1608352.5724978782,5004.572497878078,638010.0,398900,965338.0
2025-12-10,1607931.2724978782,5004.572497878078,628414.0,398900,974512.7000000001
2025-12-11,1598087.3958524782,5053.595852478116,425917.0,479900,1167116.8
2025-12-12,1600663.2958524781,5053.595852478116,418415.0,479900,1177194.7
2025-12-15,1585018.8958524782,5053.595852478116,405650.0,479900,1174315.3
2025-12-16,1570736.5958524782,5053.595852478116,404325.0,479900,1161358.0
2025-12-17,1603461.413030908,5135.913030908137,626517.0,399100,971808.5
2025-12-18,1580828.5824257482,205113.38242574816,397552.0,403200,978163.2000000001
2025-12-19,1595246.8786235081,5066.97862350814,597770.0,404900,992409.9
2025-12-22,1613815.3786235081,5066.97862350814,614314.0,404900,994434.4
2025-12-23,1619043.2786235083,5066.97862350814,623186.0,404900,990790.3
2025-12-24,1626194.926559908,234053.42655990814,398112.0,404900,994029.5
2025-12-25,1631923.8269114085,5173.626911408122,402912.0,497900,1223838.2000000002
2025-12-26,1665097.5269114082,5173.626911408122,434592.00000000006,497900,1225331.9
2025-12-29,1645262.926911408,5173.626911408122,421728.0,497900,1218361.3
2025-12-30,1649319.7269114084,5173.626911408122,429768.0,497900,1214378.1
2025-12-31,1626562.426911408,5173.626911408122,410496.0,497900,1210892.8
2026-01-05,1646382.826911408,5173.626911408122,412392.00000000006,497900,1228817.2
2026-01-06,1646580.926911408,5173.626911408122,413088.0,497900,1228319.3
2026-01-07,1648801.1269114083,5173.626911408122,416304.0,497900,1227323.5
2026-01-08,1639291.8269114085,5173.626911408122,410280.0,497900,1223838.2000000002
2026-01-09,1637942.476434858,5078.476434858134,606060.0,417400,1026804.0
2026-01-12,1622875.6764348582,5078.476434858134,591828.0,417400,1025969.2000000001
2026-01-13,1611839.397014108,10809.397014108166,773240.0,336500,827790.0
2026-01-14,1616288.9682604081,5116.3682604081805,975369.0,259300,635803.6
2026-01-15,1649272.8682604083,5116.3682604081805,1010168.0,259300,633988.5
2026-01-16,1680221.7645686383,5044.264568638231,608971.0,434300,1066206.5
2026-01-19,1681192.564568638,5044.264568638231,616022.0,434300,1060126.2999999998
2026-01-20,1643719.603946838,5058.803946838274,757304.0,362400,881356.7999999999
2026-01-21,1645900.6039468383,5058.803946838274,761297.0,362400,879544.8
2026-01-22,1658862.4039468383,5058.803946838274,762662.0,362400,891141.6
2026-01-23,1643446.4039468383,5058.803946838274,756306.0,362400,882081.6000000001
2026-01-26,1627715.603946838,5058.803946838274,748548.0,362400,874108.7999999999
2026-01-27,1632492.4039468383,5058.803946838274,748976.0,362400,878457.6
2026-01-28,1620258.0039468382,5058.803946838274,733480.0,362400,881719.2
2026-01-29,1593733.1159672383,4597.115967238264,908681.0,280600,680455.0
2026-01-30,1632580.6005724384,214497.20057243828,733700.0,280600,684383.4
2026-02-02,1603364.0307689384,5021.63076893831,725790.0,369100,872552.3999999999
2026-02-03,1610145.1307689385,5021.63076893831,728511.0,369100,876612.5
2026-02-04,1620963.5434107133,5039.543410713377,670199.0,398200,945725.0
2026-02-05,1594010.1434107134,5039.543410713377,646033.0,398200,942937.6
2026-02-06,1569855.7797294133,99304.57972941341,742048.0,313200,728503.2000000001
2026-02-09,1630867.2227323384,5172.122732338423,954404.0,281700,671291.1
2026-02-10,1641767.9227323383,5172.122732338423,962206.0,281700,674389.8
2026-02-11,1618336.6227323385,5172.122732338423,938493.0,281700,674671.5
2026-02-12,1638126.4227323383,5172.122732338423,959973.0,281700,672981.2999999999
2026-02-13,1611509.5227323384,5172.122732338423,935328.0,281700,671009.4
2026-02-24,1614793.6227323383,5172.122732338423,937767.0,281700,671854.4999999999
2026-02-25,1632702.5227323384,5172.122732338423,956521.0,281700,671009.4
2026-02-26,1621075.9227323383,5172.122732338423,944331.0,281700,671572.7999999999
2026-02-27,1608040.0227323384,5172.122732338423,930450.0,281700,672417.9
2026-03-02,1631680.7227323384,5172.122732338423,962260.0,281700,664248.6
2026-03-03,1646660.7075133384,584126.8075133384,395750.0,281700,666783.9
2026-03-04,1627857.4075133384,584126.8075133384,385116.0,281700,658614.6
2026-03-05,1649920.5075133385,584126.8075133384,400700.0,281700,665093.7000000001
2026-03-06,1640018.7441795883,5068.744179588393,394620.0,527800,1240330.0
2026-03-09,1598836.9441795885,5068.744179588393,382995.0,527800,1210773.2
2026-03-10,1618334.5441795886,5068.744179588393,393520.0,527800,1219745.8
2026-03-11,1612074.1441795886,5068.744179588393,386204.0,527800,1220801.4000000001
2026-03-12,1608749.1441795886,5068.744179588393,380240.0,527800,1223440.4000000001
2026-03-13,1593445.5441795886,5068.744179588393,381826.0,527800,1206550.8
2026-03-16,1594428.9441795885,5068.744179588393,386504.0,527800,1202856.2
2026-03-17,1597619.5558144185,5120.155814418424,414928.0,515800,1177571.4
2026-03-18,1595451.3558144183,5120.155814418424,412244.0,515800,1178087.2
2026-03-19,1561940.3558144183,5120.155814418424,391628.0,515800,1165192.2
2026-03-20,1545303.5449904685,3909.7449904684327,581635.0,427700,959758.8
2026-03-23,1485812.6884000634,3657.4884000634484,756223.0,337800,725932.2
2026-03-24,1542200.9299243635,5195.929924363487,1197117.0,155200,339888.0
2026-03-25,1570211.5299243636,5195.929924363487,1221558.0,155200,343457.60000000003
2026-03-26,1536694.7299243638,5195.929924363487,1187110.0000000002,155200,344388.8
2026-03-27,1543323.5190584636,4783.919058463507,1396280.0,64400,142259.6
2026-03-30,1537814.3190584634,4783.919058463507,1393218.0,64400,139812.4
2026-03-31,1521983.5190584636,4783.919058463507,1377838.0,64400,139361.6
2026-04-01,1586315.1190584635,4783.919058463507,1437404.0,64400,144127.2
2026-04-02,1535480.3190584634,4783.919058463507,1388630.0,64400,142066.4
2026-04-03,1536780.3190584634,4783.919058463507,1389930.0,64400,142066.4
2026-04-07,1567578.6433082386,205021.34330823857,969931.9999999999,177900,392625.3
2026-04-08,1647621.7205312785,5010.7205312785945,1234762.0,178100,407849.0
2026-04-09,1615618.2205312785,5010.7205312785945,1205430.0,178100,405177.5
2026-04-10,1644142.1205312787,5010.7205312785945,1230570.0,178100,408561.4
2026-04-13,1650858.8205312786,5010.7205312785945,1239602.0,178100,406246.10000000003
2026-04-14,1688542.0205312786,5010.7205312785945,1271586.0,178100,411945.30000000005
2026-04-15,1693869.7710252786,654516.0710252787,623134.0,178100,416219.7
2026-04-16,1703198.5710252787,654516.0710252787,627476.0,178100,421206.50000000006
2026-04-17,1700234.1710252787,654516.0710252787,625224.0,178100,420494.10000000003
2026-04-20,1706242.0710252784,654516.0710252787,631409.9999999999,178100,420316.0
2026-04-21,1704534.0726080288,5036.072608028771,628732.0,451800,1070766.0
2026-04-22,1713136.519265804,5023.019265803858,219056.0,627500,1489057.5000000002
2026-04-23,1706770.519265804,5023.019265803858,215200.0,627500,1486547.5000000002
2026-04-24,1703752.019265804,5023.019265803858,214064.0,627500,1484665.0
2026-04-27,1711207.0192658037,5023.019265803858,210223.99999999997,627500,1495960.0
2026-04-28,1723239.5192658037,5023.019265803858,207823.99999999997,627500,1510392.5
2026-04-29,1738837.519265804,5023.019265803858,220912.0,627500,1512902.5
2026-04-30,1742801.519265804,5023.019265803858,219856.0,627500,1517922.5
2026-05-06,1770228.778206504,5066.578206503822,0.0,719300,1765162.2000000002
2026-05-07,1790369.1782065039,5066.578206503822,0.0,719300,1785302.6
2026-05-08,1791088.478206504,5066.578206503822,0.0,719300,1786021.9000000001
2026-05-11,1797562.1782065039,5066.578206503822,0.0,719300,1792495.6
2026-05-12,1786772.6782065036,5066.578206503822,0.0,719300,1781706.0999999999
2026-05-13,1794684.9782065037,5066.578206503822,0.0,719300,1789618.4
2026-05-14,1795404.2782065037,5066.578206503822,0.0,719300,1790337.7
2026-05-15,1788930.5782065038,5066.578206503822,0.0,719300,1783864.0
2026-05-18,1760158.5782065038,5066.578206503822,0.0,719300,1755092.0
2026-05-19,1760158.5782065038,5066.578206503822,0.0,719300,1755092.0
2026-05-20,1754404.1782065036,5066.578206503822,0.0,719300,1749337.5999999999
2026-05-21,1768790.1782065036,5066.578206503822,0.0,719300,1763723.5999999999
2026-05-22,1792527.0782065038,5066.578206503822,0.0,719300,1787460.5
2026-05-25,1836404.3782065036,5066.578206503822,0.0,719300,1831337.7999999998
2026-05-26,1824176.2782065037,5066.578206503822,0.0,719300,1819109.7
2026-05-27,1832807.8782065038,5066.578206503822,0.0,719300,1827741.3
2026-05-28,1820579.7782065037,5066.578206503822,0.0,719300,1815513.2
2026-05-29,1844316.6782065036,5066.578206503822,0.0,719300,1839250.0999999999
2026-06-01,1893229.0782065038,5066.578206503822,0.0,719300,1888162.5
2026-06-02,1883158.8782065038,5066.578206503822,0.0,719300,1878092.3
2026-06-03,1876685.1782065036,5066.578206503822,0.0,719300,1871618.5999999999
2026-06-04,1850790.3782065036,5066.578206503822,0.0,719300,1845723.7999999998
2026-06-05,1852228.978206504,5066.578206503822,0.0,719300,1847162.4000000001
2026-06-08,1814106.0782065038,5066.578206503822,0.0,719300,1809039.5
2026-06-09,1840720.1782065039,5066.578206503822,0.0,719300,1835653.6
2026-06-10,1814106.0782065038,5066.578206503822,0.0,719300,1809039.5
2026-06-11,1801877.978206504,5066.578206503822,0.0,719300,1796811.4000000001
2026-06-12,1814106.0782065038,5066.578206503822,0.0,719300,1809039.5
2026-06-15,1856544.7782065037,5066.578206503822,0.0,719300,1851478.2
2026-06-16,1865176.3782065036,5066.578206503822,0.0,719300,1860109.7999999998
2026-06-17,1859421.9782065037,5066.578206503822,0.0,719300,1854355.4
2026-06-18,1849351.7782065037,5066.578206503822,0.0,719300,1844285.2
2026-06-22,1850071.0782065038,5066.578206503822,0.0,719300,1845004.5
2026-06-23,1806913.0782065038,5066.578206503822,0.0,719300,1801846.5
2026-06-24,1819860.478206504,5066.578206503822,0.0,719300,1814793.9000000001
2026-06-25,1816263.9782065037,5066.578206503822,0.0,719300,1811197.4
2026-06-26,1790369.1782065039,5066.578206503822,0.0,719300,1785302.6
2026-06-29,1787491.978206504,5066.578206503822,0.0,719300,1782425.4000000001
2026-06-30,1791088.478206504,5066.578206503822,0.0,719300,1786021.9000000001
2026-07-01,1796842.8782065038,5066.578206503822,0.0,719300,1791776.3
2026-07-02,1780842.4100814539,5049.110081453882,178976.0,643100,1596817.3
2026-07-03,1791352.4100814539,5049.110081453882,176624.0,643100,1609679.3
2026-07-06,1801790.650955404,14617.95095540391,371722.0,563700,1415450.7
2026-07-07,1799864.219877604,5007.419877603899,555884.0,490100,1238972.8
2026-07-08,1769756.719877604,5007.419877603899,538029.0,490100,1226720.3
2026-07-09,1784138.2701883288,5047.270188328937,743917.0,411600,1035174.0
2026-07-10,1751443.470188329,5047.270188328937,706283.0,411600,1040113.2000000001
2026-07-13,1692350.470188329,5047.270188328937,649248.0,411600,1038055.2
2026-07-14,1721576.2701883288,5047.270188328937,671065.0,411600,1045464.0
2026-07-15,1717384.6701883292,5047.270188328937,656995.0,411600,1055342.4000000001
2026-07-16,1682598.868429929,5218.168429928937,798366.0,341100,879014.7
2026-07-17,1585648.468429929,5218.168429928937,726657.0,341100,853773.3
2026-07-20,1554803.694752479,5015.894752478996,883821.0,266600,665966.8
2026-07-21,1620348.494752479,5015.894752478996,941901.0,266600,673431.6
2026-07-22,1583842.694752479,5015.894752478996,906195.0,266600,672631.8
2026-07-23,1612254.294752479,5015.894752478996,934340.0,266600,672898.4
2026-07-24,1560991.494752479,5015.894752478996,887876.0,266600,668099.6
2026-07-27,1593965.8947524792,5015.894752478996,917118.0,266600,671832.0
2026-07-28,1505096.294752479,5015.894752478996,837846.0,266600,662234.4
2026-07-29,1497687.494752479,5015.894752478996,823239.0,266600,669432.6
2026-07-30,1479028.294752479,5015.894752478996,813111.0,266600,660901.4
2026-07-31,1496003.294752479,5015.894752478996,822088.0,266600,668899.4
2026-08-03,1477375.694752479,5015.894752478996,797062.0,266600,675297.7999999999
2026-08-04,1525848.0947524789,5015.894752478996,832471.0,266600,688361.2
2026-08-05,1594655.294752479,5015.894752478996,878084.0,266600,711555.4
2026-08-06,1603941.8947524792,5015.894752478996,881772.0,266600,717154.0
2026-08-07,1658606.8947524792,5015.894752478996,935104.0,266600,718487.0
2026-08-10,1654304.4947524793,5015.894752478996,930535.0,266600,718753.6000000001
2026-08-11,1660534.982704519,345195.382704519,591254.0,266600,724085.6000000001
2026-08-12,1667041.500034969,5092.500034969067,602984.0,392500,1058965.0
2026-08-13,1649473.000034969,5092.500034969067,580313.0,392500,1064067.5
2026-08-14,1712361.500034969,5092.500034969067,616904.0,392500,1090365.0
2026-08-17,1726022.2650114293,5017.865011429123,333813.99999999994,504800,1387190.4000000001
2026-08-18,1702310.3817638294,345407.9817638291,0.0,504800,1356902.4000000001
2026-08-19,1679089.581763829,345407.9817638291,0.0,504800,1333681.5999999999
2026-08-20,1695572.7342213292,205062.73422132916,0.0,557200,1490510.0
2026-08-21,1690487.6782496693,5113.678249669186,195734.0,557500,1489640.0
2026-08-24,1686469.6782496693,5113.678249669186,191716.0,557500,1489640.0
2026-08-25,1698719.323702414,1698719.323702414,0.0,0,0.0
