episode_id,ts_code,pnl,signal_date,entry_date,exit_date,exit_type,levels_used,total_cost,simple_return_pct,hold_days,MAE_close_pct,MAE_intraday_pct,MFE_close_pct,MFE_intraday_pct,final_price_path_return_pct,time_to_MAE_days,time_to_MFE_days,time_to_break_even_days,max_underwater_duration_days,first_recovery_after_MAE_days,economic_MAE_pct,economic_MFE_pct,economic_exit_nav,economic_max_underwater_days,giveback_intraday_pct,giveback_close_pct,capture_ratio_close,capture_ratio_intraday,n_path_days,post_ret_1d,post_mfe_1d,post_mae_1d,post_ret_3d,post_mfe_3d,post_mae_3d,post_ret_5d,post_mfe_5d,post_mae_5d,post_ret_10d,post_mfe_10d,post_mae_10d,post_ret_20d,post_mfe_20d,post_mae_20d,post_ret_40d,post_mfe_40d,post_mae_40d,post_ret_60d,post_mfe_60d,post_mae_60d,post_peak_retrace60
1,000651.SZ,34493.66542908002,2020-03-19,2020-03-20,2020-04-13,TAKE_PROFIT_DYN,2,393537.33511091996,8.76502998612771,15,-2.977842993628299,-3.253810120424161,11.392159537384483,12.33833254354173,8.307241298559397,1,15,0.0,1,,-2.977842993628299,10.237019927719526,10.237019927719526,1,3.5733025574140207,2.6271295512567736,0.8171796041380643,0.77082671481245,16,2.648102648102646,2.648102648102646,2.648102648102646,0.06370006370006731,2.648102648102646,-0.973700973700975,-0.8463008463008515,2.648102648102646,-0.973700973700975,-1.5743015743015731,2.648102648102646,-2.811902811902811,6.597506597506597,7.38010738010737,-2.811902811902811,7.234507234507248,13.549913549913551,-2.811902811902811,8.199108199108206,13.549913549913551,-2.811902811902811,9.873377143773054
2,600030.SH,4823.841875580023,2020-03-16,2020-03-17,2020-04-14,TAKE_PROFIT_DYN,2,396941.61999492,1.2152522266729697,19,-5.003771207072671,-7.0868315003849265,0.7246445995360062,3.328469966176306,-0.24315389215474603,4,19,19.0,19,15.0,-4.863533405791953,0.0,-0.2217674294866523,20,2.1132177395033365,-0.4906076271369635,1.0856445557899213,0.7971045056844576,20,0.14360296846172016,0.14360296846172016,0.14360296846172016,1.7097062294802345,2.9712894119673816,0.14360296846172016,0.7961459938861104,2.9712894119673816,0.14360296846172016,1.3181804142256004,2.9712894119673816,-1.248488819110305,1.9707234396499906,3.6238324373917497,-1.248488819110305,-1.640014634364928,3.6238324373917497,-3.3801293688299427,39.33968736228621,45.73460901144515,-3.3801293688299427,5.1641791044776015
3,300750.SZ,-5868.628322039847,2020-02-28,2020-03-02,2020-04-15,TAKE_PROFIT_DYN,3,575698.61673324,-1.0193924653390611,31,-22.6421992992598,-24.41996044301519,4.9238945492547925,7.738083242406013,-6.670994711340505,15,1,0.0,24,,-20.18349431718789,6.193250301250974,-3.8260003800721587,23,8.757475707745074,5.943287014593854,0.784398651210639,0.7276738661899615,32,2.5293398174753845,2.5293398174753845,2.5293398174753845,3.732391867985063,5.61408866493609,2.5293398174753845,0.9098466725585119,5.61408866493609,0.6553548926430119,6.9790900299374625,6.9790900299374625,0.1772188212866066,9.362058514600879,12.431383617824277,0.1772188212866066,21.616223311138526,26.459279001651858,0.1772188212866066,59.65888847244776,72.83076605110502,0.1772188212866066,7.621257418232127
4,601318.SH,-10473.55171829986,2020-02-28,2020-03-02,2020-04-17,TAKE_PROFIT_DYN,4,778492.8685333799,-1.3453625770562572,33,-14.845114027953631,-15.814522556095568,5.168069928029095,5.563486564508047,-8.329591756558031,15,3,0.0,27,,-12.176342419137754,5.168069928029095,-5.575746997957031,27,6.908849141564303,6.513432505085353,0.6745429153396538,0.676824483393745,34,2.2707444725793335,2.2707444725793335,2.2707444725793335,0.2809871311400203,2.2707444725793335,0.2809871311400203,-1.903571628342271,2.2707444725793335,-1.903571628342271,2.7020904696745784,3.606525624874246,-1.903571628342271,1.5054531874103771,3.606525624874246,-1.903571628342271,1.5889395094288217,6.751177087568516,-2.5575478174866495,8.560047397967875,19.552413130394775,-2.5575478174866495,9.194599627560528
5,600036.SH,21357.455718600017,2020-03-19,2020-03-20,2020-04-27,TAKE_PROFIT_DYN,1,199911.62351160002,10.683448687695108,25,1.1069467445306458,-0.09990009990009652,12.571991766622649,13.912932704879012,10.851899778074303,1,25,0.0,0,0.0,0.0,10.71222638435383,10.71222638435383,0,3.2294840171839034,1.8885430789275404,0.8352781803046996,0.769533822163176,26,2.3984709785313862,2.3984709785313862,2.3984709785313862,6.118202794939953,6.118202794939953,2.3984709785313862,4.182732581524129,6.118202794939953,2.3984709785313862,2.6101630331237358,6.118202794939953,2.3984709785313862,3.48717297357779,6.118202794939953,0.0698583780154749,1.7331530926697036,7.87222267584804,0.0698583780154749,3.57789813983167,24.17251087945951,0.0698583780154749,16.585484656600094
6,002475.SZ,29602.222303680028,2020-03-17,2020-03-18,2020-04-28,TAKE_PROFIT_DYN,1,198369.68271119997,14.92275528149982,28,-9.801484604634203,-11.112509537706384,19.30326890956815,20.902719327916188,15.097658247264567,3,28,2.0,2,,-9.801484604634215,14.952635197872954,14.952635197872954,2,5.979964046416368,4.38051362806833,0.8494914713525832,0.8132150149069353,29,5.020815079986685,5.020815079986685,5.020815079986685,8.232948469634849,8.232948469634849,5.020815079986685,7.640640185018888,8.232948469634849,5.020815079986685,9.873186796263722,12.652479516384862,5.020815079986685,1.3758410208114302,12.652479516384862,0.5329407696271771,16.980886211655456,25.911072656634794,-2.2919141262336518,27.460186631784268,36.68652721907159,-2.2919141262336518,12.199999999999998
7,000858.SZ,104932.64545848005,2020-03-17,2020-03-18,2020-04-28,TAKE_PROFIT_DYN,2,391140.31804847997,26.82736619482785,28,-9.886932855130738,-12.958066668314016,22.668850584044932,24.628022154523933,21.761533519484068,1,28,5.0,5,4.0,-9.886932855130725,26.691653401660574,26.691653401660574,4,-2.1993440403039166,-4.158515610782917,1.12773508026776,1.058514841772192,29,-1.7915895766884127,-1.7915895766884127,-1.7915895766884127,0.17257863177781996,0.17257863177781996,-1.7915895766884127,3.571821767462935,3.571821767462935,-1.7915895766884127,5.253323702386048,6.036091844505442,-1.7915895766884127,7.413183946382107,9.935436848766809,-1.7915895766884127,24.02526340691571,24.02526340691571,-1.7915895766884127,55.10405779032237,62.315671692255556,-1.7915895766884127,10.073677160080372
8,000063.SZ,6387.973052219953,2020-03-17,2020-03-18,2020-05-07,TAKE_PROFIT_DYN,1,197178.1830018,3.2396956676295363,32,-8.206352120433259,-10.59060271470772,6.93363915320957,7.648914331491907,3.3968179791568742,17,5,4.0,20,,-8.206352120433259,6.933639153209548,3.26653798850316,20,4.4092186638623705,3.6939434855800335,0.7560141601923636,0.7582601198982364,33,-2.021348692622582,-2.021348692622582,-2.021348692622582,-2.643947794834678,-0.7530912621905417,-2.643947794834678,-6.195068600044406,-0.7530912621905417,-6.195068600044406,-9.377241789128444,-0.7530912621905417,-9.377241789128444,-11.821519745961107,-0.7530912621905417,-16.871490241681443,2.9363848990663133,2.9363848990663133,-16.871490241681443,-8.916057268971333,8.655072949014443,-16.871490241681443,19.524617996604405
9,000725.SZ,18432.437134320033,2020-03-16,2020-03-17,2020-05-11,TAKE_PROFIT_DYN,2,399666.04916237993,4.611959703094805,35,-15.597528962684093,-20.127605091805567,1.3306502566645895,3.71490085093904,-4.487159618424541,29,0,0.0,32,,-15.597528962684116,1.3306502566645895,-2.8323257965103377,32,-0.897058852155765,-3.2813094464302157,1.193837116438354,1.0376243526712317,36,-2.1465355629944116,-2.1465355629944116,-2.1465355629944116,-3.644292671724092,-2.1465355629944116,-3.644292671724092,-5.142049780453773,-1.8969093782061242,-5.142049780453773,-7.388685443548281,-1.8969093782061242,-7.388685443548281,18.322811589644527,18.322811589644527,-7.638311628336558,31.802625568211628,31.802625568211628,-7.638311628336558,19.071690144009334,32.80113030736474,-7.638311628336558,15.977443609022568
10,002506.SZ,-39117.525220439886,2020-03-26,2020-03-27,2020-05-21,TAKE_PROFIT_DYN,3,599592.69157788,-6.524016348081019,35,-29.784501213072634,-31.211645497359775,-4.952190666476374,1.327244184387033,-19.589553303839015,22,0,,36,,-35.26901604171198,0.0,-25.963796236771742,36,7.851260532468052,1.5718256816046443,0.9367023991321622,0.7587114800394575,36,-5.224373309479691,-5.224373309479691,-5.224373309479691,-5.5793382034516785,-5.224373309479691,-6.9991977793396165,-9.483952037143528,-5.224373309479691,-9.483952037143528,-6.289267991395642,-5.224373309479691,-9.483952037143528,-8.06409246125559,-5.224373309479691,-10.193881825087503,1.16499478201606,16.42848522281146,-10.193881825087503,101.62005977608813,103.39488424594809,-10.193881825087503,9.947643979057599
11,600519.SH,78720.63413400005,2020-03-18,2020-03-19,2020-06-01,TAKE_PROFIT_DYN,1,199048.53716747998,39.54846152311298,48,0.10211320083652886,-3.5059850561012462,42.665612137136,42.72591461496782,39.76084278501808,0,48,0.0,0,0.0,0.0,39.58474412310886,39.58474412310886,0,3.1774530918548436,3.117150614023025,0.926764699991226,0.9312714140136615,49,1.4462835309249522,1.4462835309249522,1.4462835309249522,1.2506842290102238,1.4462835309249522,0.6257732239959068,1.1147714787827168,2.4738989810578094,0.6257732239959068,-0.5463843573312754,2.4738989810578094,-0.5463843573312754,7.45520914415807,7.45520914415807,-0.5463843573312754,20.236041471107825,28.145588242284347,-0.5463843573312754,24.19117441423637,28.145588242284347,-0.5463843573312754,10.476489767058174
12,000002.SZ,18598.423802400008,2020-03-18,2020-03-19,2020-06-02,TAKE_PROFIT_DYN,2,397292.06108591997,4.681297620587952,49,-4.940021219090973,-6.37269707037148,5.90185008789661,7.450688846037701,3.3589666147805675,2,17,4.0,4,2.0,-4.940021219090973,4.978489667292596,2.3286808479205723,6,2.7693912254497484,1.2205524673086572,0.887422343177786,0.7996589806436413,50,0.5496514478550374,0.5496514478550374,0.5496514478550374,-1.0612408816001562,0.5496514478550374,-1.0612408816001562,-0.948853044661413,0.5496514478550374,-1.0612408816001562,-3.271535008061943,0.5496514478550374,-4.095712478946001,6.356356356356363,6.356356356356363,-4.2830255405105655,0.6995018971067024,16.209023394652156,-4.2830255405105655,0.9617401832970662,16.209023394652156,-4.2830255405105655,13.990973565441664
13,002714.SZ,-73422.30253895996,2020-05-11,2020-05-12,2020-06-18,TAKE_PROFIT_DYN,1,196597.45205099997,-37.346517858183255,27,-42.82773503552724,-43.62347609100854,5.219455868806544,8.108341874575654,-37.251164419995575,22,15,0.0,11,,-42.82773503552724,5.219455868806544,-37.33022795282638,11,45.454859732758905,42.565973726989796,0.11407986760885928,0.1213365097086126,28,3.2842261154021113,3.2842261154021113,3.2842261154021113,4.745340217661886,4.745340217661886,3.2842261154021113,7.515943373833767,7.515943373833767,3.2842261154021113,21.272470487562757,21.272470487562757,3.2842261154021113,33.67815626146664,33.67815626146664,3.2842261154021113,26.413938036080676,33.67815626146664,3.2842261154021113,7.695136612790132,33.67815626146664,3.2842261154021113,19.436997319034866
14,000063.SZ,16543.11587328001,2020-05-25,2020-05-26,2020-06-18,TAKE_PROFIT_DYN,1,197992.20759317998,8.355437860095789,17,-3.473637057126744,-5.214056916013499,13.475374799416628,16.52780347500262,8.520345909785743,3,17,0.0,3,,-3.473637057126744,8.38361027393939,8.38361027393939,3,8.172365614906832,5.119936939320839,0.6979212131859932,0.6241183841708547,18,5.774988693401317,5.774988693401317,5.774988693401317,-1.7257336212229024,5.774988693401317,-1.7257336212229024,-3.2801596272140854,5.774988693401317,-3.2801596272140854,10.142185567376604,10.142185567376604,-3.2801596272140854,1.7532198207574234,16.261195876675295,-3.2801596272140854,-0.6894496172287545,16.261195876675295,-6.438358496529551,-17.393360824467553,16.261195876675295,-18.602358829127365,29.987266553480463
15,002415.SZ,14247.334767060034,2020-05-25,2020-05-26,2020-06-18,TAKE_PROFIT_DYN,1,199121.62916645998,7.15509150196319,17,-2.0258570419227406,-2.5965109506701833,6.9976078901462735,7.746591145377302,7.318172723385152,3,17,0.0,1,,-2.0258570419227406,7.182951825753658,7.182951825753658,1,0.591499643414112,-0.15748361181691628,1.0174526762172285,0.9428121623550301,18,0.29950268994092255,0.29950268994092255,0.29950268994092255,-0.26547131460810114,0.29950268994092255,-1.0298479089979717,-2.2262634480429977,0.5986065747021874,-2.2262634480429977,17.514592946199837,17.514592946199837,-2.2262634480429977,16.41787870207525,27.484722438241693,-2.2262634480429977,33.06799495378512,33.06799495378512,-2.2262634480429977,21.303242153175738,33.06799495378512,-2.2262634480429977,10.339660339660336
16,600703.SH,30812.556351060048,2020-06-15,2020-06-16,2020-07-06,TAKE_PROFIT_DYN,1,198348.65624573999,15.534542524394753,12,-0.8457506481221677,-1.7232218813246436,19.994191140436214,21.003283058619026,15.710376579941832,0,12,1.0,1,1.0,-0.8457506481221677,15.564581505451102,15.564581505451102,1,5.468740534224272,4.459648616041461,0.786004746976313,0.7593672872852296,13,3.7021870355203657,3.7021870355203657,3.7021870355203657,8.062608062608057,8.062608062608057,3.7021870355203657,13.674280340946998,13.674280340946998,3.7021870355203657,-1.4165680832347594,13.674280340946998,-5.966572633239309,2.4888524888524888,13.674280340946998,-7.900324566991246,2.9059362392695576,13.674280340946998,-7.900324566991246,-6.762823429490106,13.674280340946998,-7.900324566991246,18.979319546364245
17,600030.SH,6613.851740760059,2020-09-07,2020-09-08,2020-10-12,TAKE_PROFIT_DYN,1,197919.11559419995,3.3416942678344705,18,-1.2339913842417838,-2.3347270425734368,5.80404570387878,6.404446972059663,3.4989718128282554,7,18,0.0,1,,-1.2339913842417949,3.3685631083441248,3.3685631083441248,1,3.0627527042251925,2.462351436044309,0.6501366211609642,0.6495375078815412,19,1.0347114661345191,1.0347114661345191,1.0347114661345191,-0.1899517031519693,1.0347114661345191,-0.2544076594302003,-0.48000350640403644,1.0347114661345191,-0.48000350640403644,-6.4744074402799505,1.0347114661345191,-6.4744074402799505,-2.44591017289022,1.0347114661345191,-9.50383738535704,-3.283837604507278,1.0347114661345191,-9.50383738535704,-6.087671702610531,1.0347114661345191,-9.826117166748205,10.749601275917067
18,300059.SZ,8055.582897240063,2020-09-09,2020-09-10,2020-10-12,TAKE_PROFIT_DYN,1,198772.18933571997,4.052671012057143,16,-4.2675622601273115,-5.835593567935559,7.657728475572356,8.111632275201064,4.211030605082677,0,16,6.0,6,6.0,-4.2675622601273115,4.079724706520271,4.079724706520271,6,4.058961263143921,3.6050574635152133,0.6976964718584949,0.708977160849423,17,3.4262110211477292,3.4262110211477292,3.4262110211477292,1.8423486777916942,3.4262110211477292,1.8423486777916942,2.832262642389205,3.4262110211477292,1.8423486777916942,-3.661572965370452,5.920794211933433,-3.661572965370452,6.593935707859755,6.593935707859755,-7.42324603084098,9.880450070323477,16.49307535383484,-7.42324603084098,28.411639487588847,28.411639487588847,-7.42324603084098,
19,600276.SH,15846.24763458001,2020-09-17,2020-09-18,2020-10-12,TAKE_PROFIT_DYN,1,198970.4388672,7.964121567403469,10,1.5882265882265933,-0.308025308025317,8.918858918858907,9.034484034484036,8.128434065934066,4,10,0.0,0,0.0,0.0,7.992192239010953,7.992192239010953,0,1.0703624670805674,0.9547373514554387,0.8697605733865681,0.8854309449592616,11,0.19633991431875497,0.19633991431875497,0.19633991431875497,-0.3810989709932211,0.19633991431875497,-0.5521919740486103,-2.1348022523110743,0.19633991431875497,-2.1348022523110743,-4.637037421996293,0.19633991431875497,-5.738448629165427,-4.4338644808679994,0.19633991431875497,-5.738448629165427,-3.8885055336289276,0.19633991431875497,-8.5721764922705,21.080379599768563,22.983789258759877,-8.5721764922705,5.851665072602372
20,000063.SZ,16185.231259200023,2020-09-10,2020-09-11,2020-10-13,TAKE_PROFIT_DYN,1,198189.4558644,8.16654508112372,16,-1.3111774554635969,-2.189353538247152,8.227631719598993,9.923420017387885,8.331165651565776,11,16,0.0,2,,-1.3111774554636302,8.194668382844771,8.194668382844771,2,1.7568749362641647,0.06108663847527218,0.9935959890428491,0.8549568413712447,17,-1.32550869775111,-1.32550869775111,-1.32550869775111,-3.645617133469703,-1.32550869775111,-3.645617133469703,-2.61135192718549,-1.32550869775111,-3.645617133469703,-6.636600297588869,-1.32550869775111,-6.636600297588869,2.1965836263518446,6.417503792538692,-12.981957103710817,-5.518475750254604,6.417503792538692,-12.981957103710817,-5.99367868287165,6.417503792538692,-14.547331469978786,19.70055161544524
21,000651.SZ,14218.952334479982,2020-09-28,2020-09-29,2020-10-14,TAKE_PROFIT_DYN,1,197829.0021708,7.18749636223901,5,-0.735968151698474,-0.7920918033277435,7.757411128197655,8.468310715501737,7.350626901188706,0,5,2.0,2,2.0,-0.735968151698474,7.215365111293215,7.215365111293215,2,1.280814353262727,0.5699147659586457,0.932898938434595,0.8616891273723356,6,0.971444982587033,0.971444982587033,0.971444982587033,-0.23101095524493687,0.971444982587033,-0.23101095524493687,1.0760063684854826,1.0760063684854826,-0.23101095524493687,-0.21358405759519528,2.1216202274698226,-0.26586475054442005,14.686413432931555,17.718693623986105,-0.26586475054442005,9.109806185015113,21.169219358634408,-0.26586475054442005,12.752027793810527,21.169219358634408,-0.26586475054442005,14.842514022724007
22,600036.SH,16118.250108480017,2020-09-30,2020-10-09,2020-10-16,TAKE_PROFIT_DYN,1,196807.71670559997,8.189846606772502,5,-0.7036919124830954,-0.8409173244337764,9.17653774796634,10.32923120835212,8.354502640216953,0,5,1.0,1,1.0,-0.7036919124830954,8.217975966890268,8.217975966890268,1,2.139384601579618,0.9866911411938375,0.9001347969527912,0.8084730390737209,6,1.2905618168776112,1.2905618168776112,1.2905618168776112,3.3422086053664923,3.3422086053664923,1.239903871482806,4.406025458657026,4.406025458657026,1.239903871482806,0.8346403083245191,4.406025458657026,0.8346403083245191,7.850765745502586,12.333993912941278,0.8346403083245191,8.104055472476524,18.53959222380275,0.8346403083245191,22.642885800780533,22.642885800780533,0.8346403083245191,
23,002456.SZ,2618.77709105995,2020-09-01,2020-09-02,2020-10-28,TAKE_PROFIT_DYN,4,796670.74855368,0.3287151054327302,34,-16.053304385655576,-16.877465492668776,-2.101434216932141,0.9008669586159535,-5.963158821143477,6,1,,35,,-18.069671403185517,0.0,-8.337527637480225,35,0.5721518531832233,-2.430149322364871,1.1741809014115292,0.9678174623660007,35,0.16270178871804486,0.16270178871804486,0.16270178871804486,-1.1519336722588758,0.16270178871804486,-3.280391085269141,-0.33811172022554237,0.7261169862795791,-3.280391085269141,0.4131085431898329,6.29766727327703,-3.280391085269141,-4.782831612099903,6.29766727327703,-4.782831612099903,-10.479585276333236,6.29766727327703,-11.293407228366581,-19.181219994228126,6.29766727327703,-19.682033503171713,24.440518256772673
24,300136.SZ,14866.723272960051,2020-10-12,2020-10-13,2020-11-09,TAKE_PROFIT_DYN,2,396198.684882,3.7523403888601528,19,-8.569272731122435,-11.26407311378409,1.9212001870961615,3.9230518999305186,1.5692977542688613,13,0,0.0,18,,-8.729420288363476,1.9212001870961615,1.2636386010895562,18,0.17071151107036586,-1.8311402017639913,1.1745526837578397,0.9887594583625139,20,-0.03255811661718733,-0.03255811661718733,-0.03255811661718733,-7.385613557518145,-0.03255811661718733,-7.840441729120262,-14.776571346052613,-0.03255811661718733,-14.776571346052613,-15.648325341623348,-0.03255811661718733,-15.856788253607645,-14.20803613154995,-0.03255811661718733,-15.856788253607645,-27.77707658434656,-0.03255811661718733,-32.00318834548293,-40.72072830119025,-0.03255811661718733,-40.72072830119025,40.70142180094786
25,600030.SH,20643.796275840024,2020-10-26,2020-10-27,2020-11-23,TAKE_PROFIT_DYN,2,395587.9161234,5.218510332201447,19,-3.2691446484549913,-4.853766922732428,4.2750353095180715,5.584071101312493,4.033104826208289,4,9,1.0,4,,-3.2691446484550024,5.860589277040096,5.481905245005136,2,0.3655607691110463,-0.9434750226833755,1.125059983714501,0.9649773479652654,20,-2.2177983474708562,-2.2177983474708562,-2.2177983474708562,-2.9793935516727488,-2.2177983474708562,-3.2442962313951496,0.3318899448571999,0.3318899448571999,-3.2442962313951496,-0.6283822691364849,3.6431734413871375,-3.2442962313951496,-3.873440095735825,3.6431734413871375,-5.264179164278405,0.8285824693366806,6.060410393853988,-7.350287767092267,-8.608575495773641,6.060410393853988,-10.52911992376101,15.641586013112704
26,000661.SZ,38664.48027815996,2020-09-16,2020-09-17,2020-12-01,TAKE_PROFIT_DYN,2,373024.51616430003,10.365131138225253,47,-7.166697738633188,-10.396269270984149,11.965981696487749,12.528624820590695,5.421004609988311,20,12,0.0,6,,-7.166697738633143,15.070534559386562,12.985312907033242,1,2.1634936823654414,1.6008505582624952,0.9163289928265933,0.9056268843064994,48,0.8179409181781727,0.8179409181781727,0.8179409181781727,4.180317984268811,4.180317984268811,0.8179409181781727,3.5398652097753613,4.180317984268811,0.8179409181781727,5.583976981700323,5.583976981700323,-0.1293954774267192,14.934587489304763,19.663263807648114,-0.1293954774267192,28.29870205040155,36.40309820097081,-0.1293954774267192,16.589090490079528,36.40309820097081,-0.1293954774267192,18.16100948840849
27,600745.SH,11117.874086820171,2020-09-08,2020-09-09,2020-12-07,TAKE_PROFIT_DYN,4,784651.6203926399,1.4169185149017833,57,-20.364188656871583,-24.969339603485942,3.035176205907919,3.108273839981157,-6.2121536999585665,30,17,4.0,40,,-19.593756088426584,5.888806339885466,-5.424123937794334,39,1.6913553250793738,1.6182576910061357,0.9308418112843636,0.9397614284958785,58,-6.689282932902629,-6.689282932902629,-6.689282932902629,-9.425819971714944,-6.689282932902629,-9.425819971714944,-7.165578936493377,-6.0397883825516026,-9.425819971714944,-14.284039208340616,-6.0397883825516026,-15.583028309042668,-7.243518282535499,-6.0397883825516026,-19.4626757564728,-16.345101914787886,11.45326484023601,-19.4626757564728,-11.677401079598514,11.45326484023601,-19.4626757564728,24.94172494172494
28,601012.SH,44963.39024784003,2020-11-13,2020-11-16,2020-12-09,TAKE_PROFIT_DYN,2,388590.10816626,11.570904483395198,17,-6.016910065493041,-7.125413198287678,9.906587639381193,11.000111000111001,10.21569523593817,2,17,0.0,3,,-9.490860028539771,6.007991747156782,6.007991747156782,8,-0.5707934832841968,-1.6643168440140048,1.1045195518510078,1.0314911434856393,18,0.7117096730131278,0.7117096730131278,0.7117096730131278,2.981460754712617,2.981460754712617,-1.055162426513423,3.2940612030903926,3.715392242208271,-1.055162426513423,25.31200582795965,25.31200582795965,-1.055162426513423,54.32948223172254,54.32948223172254,-1.055162426513423,50.5103202319767,67.17328326289629,-1.055162426513423,20.949190874513324,67.17328326289629,-1.055162426513423,31.70731707317074
29,300122.SZ,82452.34540584008,2020-11-11,2020-11-12,2020-12-21,TAKE_PROFIT_DYN,2,381826.59510995995,21.594186068179752,27,-12.225173743090478,-14.255934732231179,15.338330339443207,16.36112237047027,14.84538163817044,10,27,0.0,13,,-13.627271986062484,12.868469846520547,12.868469846520547,13,-5.233063697709483,-6.255855728736545,1.22696155430763,1.1709198790777235,28,-2.261877634194065,-2.261877634194065,-2.261877634194065,1.5005076638755943,1.5005076638755943,-2.261877634194065,-4.423797145091712,1.5005076638755943,-4.423797145091712,-9.793101721410668,1.5005076638755943,-9.793101721410668,-14.620313047235866,1.5005076638755943,-14.620313047235866,11.968070191266623,37.20122030353479,-14.620313047235866,16.046676552124282,37.20122030353479,-14.620313047235866,30.489181561618068
30,002475.SZ,29345.778897120035,2020-11-16,2020-11-17,2020-12-23,TAKE_PROFIT_DYN,3,596102.2983115199,4.922943424348968,26,-4.3072312303081395,-6.247598555290857,6.566510412664273,6.624145085683564,3.715438407746108,19,26,0.0,6,,-5.1642883883051045,3.362675733597964,3.362675733597964,8,1.7012016613345962,1.643566988315305,0.8488499136470172,0.8678344046630025,27,3.23054364505142,3.23054364505142,3.23054364505142,2.952693626268754,4.767980415648809,2.952693626268754,3.8788603555443,4.767980415648809,2.804506949584673,8.361507325237906,8.361507325237906,0.15567010385664215,7.2501072501072406,15.048431110607275,0.15567010385664215,-13.125560793954572,15.048431110607275,-13.125560793954572,-39.076752548255136,15.048431110607275,-39.98439594294517,47.834487200128805
31,002241.SZ,5507.658081720059,2020-11-16,2020-11-17,2020-12-25,TAKE_PROFIT_DYN,1,199252.79426051996,2.7641560070263713,28,-6.295652067051338,-8.190220850395114,2.588339389979577,5.660613092699229,2.920554586367019,22,2,0.0,12,,-6.295652067051316,2.7908746875882073,2.7908746875882073,12,2.896457085672858,-0.1758166170467943,1.019790273088078,0.7908821160102816,29,-6.168594041357478,-6.168594041357478,-6.168594041357478,-5.720830174110503,-4.228283949953937,-6.168594041357478,-8.606419540813182,-4.228283949953937,-8.606419540813182,2.9856894668027767,2.9856894668027767,-8.606419540813182,-1.467073435264299,8.682240889000315,-8.606419540813182,-18.656230783467365,8.682240889000315,-23.457254471170984,-31.93989217846077,8.682240889000315,-37.288182815021784,42.29800869764247
32,000651.SZ,18683.3139607801,2020-12-09,2020-12-10,2021-01-05,TAKE_PROFIT_DYN,2,391023.17059805995,4.778058019478602,17,-6.124664099588695,-6.9491054890197805,3.4673943735997526,3.895469710419741,3.237216679527455,11,17,1.0,15,,-6.19909369650814,3.0253887026719273,3.0253887026719273,15,-0.8825883090588613,-1.3106636458788499,1.1366404979225673,1.081385235735603,18,-1.6045809540746858,-1.6045809540746858,-1.6045809540746858,-0.6370592746781867,-0.6370592746781867,-1.6045809540746858,-2.2342379200311235,-0.6370592746781867,-4.092493843951351,-3.370691956147631,-0.29919456123814747,-4.092493843951351,-8.423305170773732,-0.29919456123814747,-13.537348333298027,-10.926575547624962,-0.29919456123814747,-13.537348333298027,-5.27502034099151,-0.29919456123814747,-13.537348333298027,13.277880468268641
33,688981.SH,65205.12901518011,2020-12-16,2020-12-17,2021-01-11,TAKE_PROFIT_DYN,2,394675.76802653994,16.521188858697652,16,-4.117280985017546,-4.3937062752779195,15.54577132883721,20.705710080364213,16.24026222808739,7,16,0.0,4,,-3.2068521504459047,17.19613726681597,17.19613726681597,3,4.184521221666561,-0.975417529860442,1.0496066182549468,0.8332821304537658,17,1.209857307418294,1.209857307418294,1.209857307418294,1.685467539126062,1.685467539126062,-0.6608762706323823,-2.214536360877828,1.685467539126062,-2.3413657559999024,-8.01698118771289,1.685467539126062,-9.3962508596655,-17.54503949625902,1.685467539126062,-17.54503949625902,-11.631618948692124,1.685467539126062,-17.54503949625902,-11.441374856009013,1.685467539126062,-17.54503949625902,18.911755534767693
34,601318.SH,55426.922526240116,2021-01-28,2021-01-29,2021-02-25,TAKE_PROFIT_DYN,3,588100.2263135999,9.42474089385644,14,-5.483885706382596,-7.015110970611582,7.605620584607009,9.013359940430421,7.522687448521825,3,14,9.0,9,6.0,-6.994970612830443,6.700741415885392,6.700741415885392,9,-0.41138095342601844,-1.8191203092494304,1.1389754715578275,1.0256656393307373,15,-2.173858116951266,-2.173858116951266,-2.173858116951266,-4.4133624216230904,-2.173858116951266,-4.4133624216230904,-0.8875787214474684,-0.3707700357539756,-4.4133624216230904,-0.8186708966883338,-0.3707700357539756,-4.4133624216230904,-9.041671317944832,-0.3707700357539756,-9.259879429682083,-14.715082223113418,-0.3707700357539756,-14.715082223113418,-16.87419406556626,-0.3707700357539756,-20.595216602559418,20.299711815561956
35,300059.SZ,-38707.94546747999,2021-02-22,2021-02-23,2021-04-02,TAKE_PROFIT_DYN,2,396753.38306604,-9.75617275607125,28,-19.419079133024297,-21.294438576917706,-0.12966771012062894,2.1624382768602235,-13.938683485763326,21,0,,29,,-19.88206204410411,0.0,-14.540968591247838,29,11.918611032931473,9.626505045950621,0.5009435573280169,0.4918926715083181,29,-1.0413315872887519,-1.0413315872887519,-1.0413315872887519,-2.805362376889675,-1.0413315872887519,-3.5663168351489083,-7.128967253362561,-1.0413315872887519,-7.128967253362561,4.181583103490483,4.181583103490483,-7.128967253362561,8.263066106880878,11.514416973988496,-7.128967253362561,6.7411571903624345,31.368410566751947,-7.128967253362561,2.7980295430191537,31.368410566751947,-7.128967253362561,24.091627172195896
36,000333.SZ,4382.700273900002,2021-02-22,2021-02-23,2021-04-02,TAKE_PROFIT_DYN,2,389600.3797686,1.124921971714471,28,-9.48972420056079,-11.03786724224679,6.5975013195676,10.613698485680523,-1.656737423160759,22,1,0.0,20,,-9.994020158473461,6.5975013195676,-2.327898528596406,20,9.488776513966052,5.472579347853129,0.6598183234886699,0.5617510237734477,29,-3.744200040496337,-3.744200040496337,-3.744200040496337,-5.6834612390167845,-3.744200040496337,-5.6834612390167845,-9.539168798428065,-3.744200040496337,-9.539168798428065,-6.83561053931424,-3.744200040496337,-10.235021346132456,-11.52405967220782,-3.744200040496337,-11.52405967220782,-11.101985176059248,-3.744200040496337,-14.35309953828473,-18.893252226585567,-3.744200040496337,-18.893252226585567,15.738326617681922
37,000858.SZ,31469.935962240037,2021-03-08,2021-03-09,2021-04-02,TAKE_PROFIT_DYN,1,193843.98633599997,16.23467230378328,18,0.10650506518277147,-5.053624061888506,17.469307551952195,17.650944097225118,16.411571899175236,0,18,0.0,0,0.0,0.0,16.264893318582207,16.264893318582207,0,1.4162717934418367,1.2346352481689138,0.9288919372831825,0.9376217251296478,19,0.9795398345773698,0.9795398345773698,0.9795398345773698,-3.162337624573708,0.9795398345773698,-3.9531241600109346,-7.449606330150472,0.9795398345773698,-7.449606330150472,-5.790018444120748,0.9795398345773698,-9.290046742221891,-1.9708386294754465,2.6604044883766997,-9.290046742221891,11.210119003799047,14.550571543628067,-9.290046742221891,1.4298980857008203,14.550571543628067,-9.290046742221891,11.454044515989226
38,600030.SH,-10560.448961099959,2021-03-01,2021-03-02,2021-04-06,TAKE_PROFIT_DYN,3,595980.1445597999,-1.7719464410848904,24,-9.302251222625912,-9.73117436817671,-1.0747254306973097,0.09506496625937277,-4.3678803631965195,9,1,,25,,-11.450455681717632,0.0,-6.750599408878966,25,1.8670114073442632,0.6972210103875807,0.9152575114293083,0.8099973607602539,25,-1.9385984762766761,-1.9385984762766761,-1.9385984762766761,-3.773427195015777,-1.9385984762766761,-3.773427195015777,-4.711228540149104,-1.9385984762766761,-4.99664634084186,-3.080269679047687,-1.9385984762766761,-4.99664634084186,-4.425810739456349,-1.9385984762766761,-7.239214774856317,4.136723281326127,6.950127316726107,-7.239214774856317,-4.058844995708533,6.950127316726107,-7.239214774856317,10.293556995806332
39,601012.SH,11024.553726540064,2021-03-04,2021-03-05,2021-04-06,TAKE_PROFIT_DYN,2,391618.92045275995,2.8151228530517156,21,-18.442178701587576,-20.33269728357968,5.614139209716518,7.047959482575705,-0.4226158702025029,13,0,0.0,21,,-21.56924096803161,5.614139209716518,-4.361234962306549,21,4.232836629523989,2.799016356664802,0.883647349233378,0.8454077758004657,22,-4.944902281077024,-4.944902281077024,-4.944902281077024,-10.651194614966597,-4.944902281077024,-10.651194614966597,-12.965709449460128,-4.944902281077024,-13.083035086231687,-1.4464651118886618,-1.4464651118886618,-13.083035086231687,3.1718985901191488,6.659669792328282,-13.083035086231687,1.998642222403535,8.89952285796718,-13.083035086231687,-10.341881572568845,17.00565776218412,-14.90691543968049,27.27438468550592
40,002241.SZ,-14184.394879679894,2021-01-29,2021-02-01,2021-04-13,TAKE_PROFIT_DYN,3,595738.8408371399,-2.3809753380773024,45,-24.142122937303647,-24.322665286520706,6.399624471913645,9.6493867578205,-11.953377947353838,32,11,0.0,26,,-26.21096510469052,6.399624471913645,-14.462552137367924,26,12.030362095897802,8.780599809990948,0.7125049954626688,0.6458747301989454,46,4.440391227690643,4.440391227690643,4.440391227690643,0.7836105138938843,4.440391227690643,0.7836105138938843,14.829749517356206,14.829749517356206,0.7836105138938843,27.611394255300038,30.072031744957673,0.7836105138938843,19.887726579430232,30.072031744957673,0.7836105138938843,28.944239562197893,38.684262958759376,0.7836105138938843,34.99330672427292,50.508993117391896,0.7836105138938843,10.308810172570398
41,300750.SZ,9928.487663820037,2021-01-29,2021-02-01,2021-04-14,TAKE_PROFIT_DYN,2,370766.67427799996,2.6778263400166544,46,-18.271530169547145,-20.74497740220118,16.784065792564395,19.427314894737012,-1.9328744909481332,32,7,1.0,35,,-18.629782242828718,16.78406579256442,-2.485769066835364,35,16.749488554720358,14.10623945254774,0.597603775791063,0.5830586805723069,47,-2.748194615464772,-2.748194615464772,-2.748194615464772,5.043493056293236,5.043493056293236,-3.6601106540853467,2.645384739541057,5.043493056293236,-3.6601106540853467,5.9178935616794215,7.207850742892696,-3.6601106540853467,7.692666864690967,12.018496427641079,-3.6601106540853467,28.41855607156729,30.432851625229198,-3.6601106540853467,62.47400281764741,63.276258066813604,-3.6601106540853467,0.4913483801410413
42,002475.SZ,-140584.51383119996,2021-01-28,2021-01-29,2021-04-19,TAKE_PROFIT_DYN,4,789994.34514,-17.795635461958412,50,-37.08914991713825,-38.059996369034266,4.463078224011174,5.04558609514878,-29.85859621428134,33,2,0.0,42,,-41.79492115218948,4.463078224011174,-35.18698484932777,42,22.84122155710719,22.258713685969585,0.4643196121671596,0.47010989641338824,51,-2.3913293824798343,-2.3913293824798343,-2.3913293824798343,3.449688626679759,3.449688626679759,-2.3913293824798343,0.5707034468096284,3.5050537262926618,-2.3913293824798343,0.5707034468096284,6.30099125674346,-2.3913293824798343,-0.5089159956416678,6.30099125674346,-8.758315837961861,10.065818030419793,13.221628708354372,-8.758315837961861,14.218200501386335,31.464429030800712,-8.758315837961861,13.118551273952415
43,600438.SH,-8252.4708314999,2021-03-05,2021-03-08,2021-04-20,TAKE_PROFIT_DYN,2,396349.87518125994,-2.082117681436346,30,-19.824380256034924,-21.900641325101756,-7.952425938037444,1.0979428245615264,-7.645591818253683,12,3,,31,,-20.74730173530511,0.0,-8.82373338715724,31,3.180060505997872,-5.870308256601098,1.4944685684733394,0.8617279878924881,31,-2.1480449640541743,-2.1480449640541743,-2.1480449640541743,2.031199065463385,2.031199065463385,-2.1480449640541743,-1.4274856486201082,2.031199065463385,-2.1480449640541743,3.760541422505148,5.403416661694815,-2.1480449640541743,13.271924386234769,17.5664579062218,-2.1480449640541743,2.4058899094891117,17.5664579062218,-3.2721174961313104,13.819549465964664,24.714406315327707,-3.2721174961313104,10.56159001617749
44,300014.SZ,39991.01686524003,2021-03-23,2021-03-24,2021-04-20,TAKE_PROFIT_DYN,1,196577.4268458,20.343646524893185,18,1.6708549943409867,-1.1328405715407053,18.36022175756298,21.37050541777279,20.52679964053674,12,17,0.0,0,0.0,0.0,20.37493587298971,20.37493587298971,0,1.0268588928796056,-1.983424767330206,1.1188436203404097,0.9543686128557395,19,0.014397959603429378,0.014397959603429378,0.014397959603429378,4.801474664488348,4.801474664488348,0.014397959603429378,0.8102035499295779,4.801474664488348,0.014397959603429378,4.27501865858031,8.560125683413355,0.014397959603429378,23.31313701176714,27.67170301416877,0.014397959603429378,27.145247008260686,35.9603243164887,0.014397959603429378,46.22009485023184,57.92455860949013,0.014397959603429378,7.411427242421897
45,601899.SH,27297.941974380024,2021-03-24,2021-03-25,2021-04-20,TAKE_PROFIT_DYN,1,199646.28954269996,13.67315267261283,17,1.0629582058153675,-0.5227576656147925,13.537256394399266,14.805829091543398,13.846153846153841,0,17,0.0,0,0.0,0.0,13.70270769230768,13.70270769230768,0,1.1326764189305685,-0.1358962782135631,1.0108941021097229,0.9261069244754981,18,-2.035616321330591,-2.035616321330591,-2.035616321330591,0.10010010010010895,0.10010010010010895,-2.035616321330591,4.835819121533413,4.835819121533413,-2.035616321330591,10.68582497153927,10.68582497153927,-2.035616321330591,0.4715290429576191,14.678686107257555,-2.035616321330591,-9.37133794276651,14.678686107257555,-9.37133794276651,-7.4213359927645435,14.678686107257555,-10.39276753562467,21.86234817813766
46,601166.SH,20247.208778700005,2021-04-15,2021-04-16,2021-05-12,TAKE_PROFIT_DYN,1,199275.8232465,10.16039399503804,15,-0.38601017121302483,-2.3887806704035786,8.006551920633065,11.344502752617336,10.32804903926623,0,12,1.0,1,1.0,-0.38601017121302483,10.189035697476733,10.189035697476733,1,1.1841087575792955,-2.1538420744049755,1.2566370139218357,0.9137781751744531,16,-2.4067245138056914,-2.4067245138056914,-2.4067245138056914,-1.4126388910499443,-0.7211010665242101,-2.4067245138056914,-6.815278145157255,-0.7211010665242101,-6.815278145157255,1.4831757491515773,1.4831757491515773,-7.463594855650124,-5.086433583842909,1.4831757491515773,-7.463594855650124,-10.532293951983075,1.4831757491515773,-14.940847583334627,-24.75204046879349,1.4831757491515773,-24.795261582826356,25.894378194207846
47,600276.SH,5889.597156000091,2021-04-15,2021-04-16,2021-05-17,TAKE_PROFIT_DYN,1,197889.07778639995,2.9762113310555116,18,-2.9628537825258983,-5.364823397610263,3.5758412807593176,5.1164985591215295,3.1329326411293934,12,18,3.0,3,,-2.9628537825259205,3.0029851460015244,3.0029851460015244,3,2.140287228066018,0.599629949703806,0.9082951653349414,0.7957998774485326,19,0.8411466695837921,0.8411466695837921,0.8411466695837921,-1.5349074103480853,0.8411466695837921,-1.5349074103480853,-1.946599948950134,0.8411466695837921,-3.3463545801971306,1.5116173753071394,1.5233800192671954,-3.3463545801971306,-15.450115215097604,2.8878467186340018,-15.450115215097604,-27.142183311396018,2.8878467186340018,-27.812654017119364,-32.08249377462069,2.8878467186340018,-36.03474214520044,37.83011318166228
48,002352.SZ,7090.91782740003,2021-04-12,2021-04-13,2021-05-18,TAKE_PROFIT_DYN,2,392624.1857537999,1.806031845385725,22,-7.0626343353615955,-8.258408258408245,4.289649744195234,5.500560046014624,0.9645354645354765,15,22,9.0,12,,-7.35264298141014,0.5226599001358911,0.5226599001358911,22,3.6945282006288993,2.4836178988095092,0.7812230665296684,0.7314821781047871,23,4.192855428440279,4.192855428440279,4.192855428440279,0.9246478768719424,4.192855428440279,0.9246478768719424,3.4582583182253934,4.192855428440279,0.9246478768719424,5.032394982971611,5.032394982971611,0.9246478768719424,1.97407232003608,13.532732972601202,0.9246478768719424,0.894664321352967,13.532732972601202,-3.782770339607222,-11.023798997439837,13.532732972601202,-16.255929435501095,26.237950614023514
49,600519.SH,47340.12107052014,2021-05-06,2021-05-07,2021-05-25,TAKE_PROFIT_DYN,2,384584.0658659999,12.309433820124724,12,-4.4705930202113215,-5.132526506572299,11.567821491485631,11.852524066264536,9.933094386529518,1,12,3.0,3,2.0,-4.470593020211333,14.313909184972928,14.313909184972928,2,-0.45690975386018806,-0.7416123286390928,1.046239753193698,1.0269007002305248,13,2.666295014678699,2.666295014678699,2.666295014678699,3.128755803033112,3.8224469855647314,2.666295014678699,3.6351503662811924,3.8224469855647314,2.573802857007834,1.3251587284509148,5.024845035286196,1.3251587284509148,-5.750491333371532,5.024845035286196,-5.750491333371532,-8.941470773016945,5.024845035286196,-9.54729440576122,-25.081352286585812,5.024845035286196,-25.081352286585812,28.665785997358
50,600031.SH,16114.22288100014,2021-03-09,2021-03-10,2021-06-01,TAKE_PROFIT_DYN,4,794684.24819784,2.027751640672817,55,-27.347770588170384,-27.978386684330925,0.24168361885352763,2.685320991475648,-16.999413001517148,42,1,1.0,54,,-27.134815092945708,0.24168361885352763,-15.308649406383857,54,0.6575693508028313,-1.7860680218192893,1.064737345234056,0.9785554520100761,56,-1.482760432792063,-1.482760432792063,-1.482760432792063,-3.9203656534459785,-1.482760432792063,-3.9203656534459785,-3.603793546867551,-1.482760432792063,-4.521852655945002,-14.778788909086183,-1.482760432792063,-14.778788909086183,-7.972488617649908,-1.482760432792063,-14.778788909086183,-21.04691661933914,-1.482760432792063,-21.04691661933914,-15.095361015664622,0.0367856787844234,-21.426803147233255,15.12658227848102
51,600009.SH,-11233.624278239673,2021-02-03,2021-02-04,2021-06-03,TAKE_PROFIT_DYN,5,989362.2843304198,-1.1354409255495685,76,-22.126636738108395,-22.985276432040138,10.466625113178374,12.657032495657328,-9.197748401396865,58,10,0.0,28,,-29.434375466824136,4.541365970654465,-17.822425373036634,49,13.792473421206896,11.602066038727942,0.6440348286813186,0.6130308659524347,77,-1.9648142455160111,-1.9648142455160111,-1.9648142455160111,-6.0174498770990015,-1.9648142455160111,-6.0174498770990015,,-1.4437610928839106,-6.0174498770990015,,-1.4437610928839106,-11.189384873595397,-11.189384873595397,-1.4437610928839106,-13.756054106931314,-25.605188763083508,-1.4437610928839106,-27.592910049050403,-20.1244815279903,,,26.532210691208142
52,002594.SZ,121456.60024554038,2021-02-24,2021-02-25,2021-06-08,TAKE_PROFIT_DYN,4,751573.9864432798,16.160298578230066,69,-33.352090741903964,-34.731811267010784,-2.12318154108021,-0.06286062271601,-5.8796743878080315,47,3,,70,,-32.533199803335236,2.353760633684465,-4.038624235278954,65,-16.223159200946075,-18.283480119310276,1.5854664984208926,1.4679449161123026,70,-0.6328555692160842,-0.6328555692160842,-0.6328555692160842,11.674896676616653,11.674896676616653,-0.6328555692160842,3.7943934400762602,14.282054426533254,-0.6328555692160842,19.68329821786994,20.51955636406959,-0.6328555692160842,25.482994420042914,25.482994420042914,-0.6328555692160842,51.55457191920898,51.55457191920898,-0.6328555692160842,30.997379019394835,51.992377654572344,-0.6328555692160842,13.813191792349016
53,002340.SZ,31636.125431640074,2021-06-07,2021-06-08,2021-07-06,TAKE_PROFIT_DYN,3,597938.6096283599,5.290865136021748,19,-8.501754655600802,-11.268218960526644,0.6173313865621699,2.461640923179398,2.3591792822562185,5,18,18.0,18,13.0,-7.451899907075521,3.403200444927834,3.403200444927834,15,-2.82922421284235,-4.673533749459578,1.5125002360818882,1.2060635896364786,20,3.603603603603589,3.603603603603589,3.603603603603589,14.4144144144144,14.4144144144144,3.603603603603589,23.223223223223233,23.223223223223233,3.603603603603589,14.614614614614595,23.223223223223233,3.603603603603589,11.31131131131131,26.42642642642643,3.603603603603589,34.434434434434436,37.93793793793794,3.603603603603589,11.911911911911899,37.93793793793794,3.603603603603589,21.262699564586367
54,000661.SZ,18281.154200399993,2021-05-24,2021-05-25,2021-07-19,TAKE_PROFIT_DYN,3,515953.41701904,3.543179209088439,38,-16.268729620292476,-16.869232318763217,4.845416240447142,9.503433250545612,-3.1028563158118527,28,6,0.0,30,,-19.840904204415068,2.0948783901968637,-7.014933736138406,32,5.960254041457173,1.3022370313587035,0.9383239539999518,0.7739988009254015,39,-0.5974022969264303,-0.5974022969264303,-0.5974022969264303,-7.73039719334756,-0.5974022969264303,-7.73039719334756,-18.92202973100322,-0.5974022969264303,-18.92202973100322,-25.51792347849451,-0.5974022969264303,-26.366105835854302,-24.903052027457196,-0.5974022969264303,-32.799168013308055,-40.294280878917185,-0.5974022969264303,-41.251827723615634,-31.58886768676027,-0.5974022969264303,-43.113454330313616,42.7715703772524
55,002594.SZ,51106.96196046003,2021-07-16,2021-07-19,2021-08-02,TAKE_PROFIT_DYN,1,198249.53147999998,25.77910857036041,10,1.7028426119335416,-2.6882208700390375,32.222323131414065,32.222323131414065,25.970534011443114,0,10,0.0,0,0.0,0.0,25.811811138588748,25.811811138588748,0,6.443214561053654,6.443214561053654,0.788881905871859,0.8154364320193501,11,0.9616336059492081,0.9616336059492081,0.9616336059492081,7.947624963001809,11.058517915084586,0.9616336059492081,5.817222025943991,11.058517915084586,0.9616336059492081,2.879356723571491,11.37934001558909,0.9616336059492081,1.6429299766834493,11.37934001558909,0.9616336059492081,-14.9280722257783,11.37934001558909,-14.9280722257783,9.227308622317443,15.978991703720723,-14.9280722257783,6.135388823273457
56,600031.SH,26446.78991808009,2021-06-11,2021-06-15,2021-08-03,TAKE_PROFIT_DYN,3,596542.8528259199,4.433342850860986,35,-12.260421814561928,-15.123800474118932,2.904879974943686,5.096601911888543,-1.1179902899647987,33,8,8.0,22,,-10.871906673510011,3.411340774220406,0.32029540028815084,22,0.6632590610275573,-1.5284628759172998,1.1007868420379867,0.9671985231368821,36,8.14385814385814,8.14385814385814,8.14385814385814,7.071357071357065,8.14385814385814,7.071357071357065,12.970112970112968,12.970112970112968,7.071357071357065,3.138853138853137,12.970112970112968,3.138853138853137,-6.227656227656231,12.970112970112968,-7.943657943657945,-9.051909051909046,12.970112970112968,-9.981409981409984,-19.169169169169177,12.970112970112968,-19.88416988416989,29.082278481012665
57,002241.SZ,20518.01914968004,2021-07-22,2021-07-23,2021-08-05,TAKE_PROFIT_DYN,1,199723.38658271998,10.273218124699701,9,-0.8811834672105667,-7.886690994094536,8.546302498335878,11.983949314501974,10.441044877958339,2,9,0.0,4,,-0.8811834672105556,10.301889161412126,10.301889161412126,4,1.7107311898022726,-1.726915626363823,1.1831788063832696,0.913906589660215,10,-1.5505493715152197,-1.5505493715152197,-1.5505493715152197,-3.6020708576656735,-1.196838770454789,-3.6020708576656735,2.363847946886799,2.363847946886799,-3.9793621654634626,-7.374983935643531,2.363847946886799,-7.374983935643531,13.163811632598454,14.67297686378959,-8.035243724289664,0.9490055426451205,23.20919270271449,-8.035243724289664,13.470360820184135,23.20919270271449,-8.035243724289664,24.19138755980861
58,600036.SH,34594.774303679995,2021-07-08,2021-07-09,2021-08-18,TAKE_PROFIT_DYN,2,395996.43030948,8.736132867824947,28,-8.393493299153665,-10.298241976494204,5.435775743620841,6.288944422012954,4.319454130774902,12,28,4.0,16,,-8.393493299153654,6.8538942316248574,6.8538942316248574,15,-2.4471884458119932,-3.3003571242041065,1.2386501494761555,1.1475348734268906,29,-1.8969568086041666,-1.8969568086041666,-1.8969568086041666,-1.3073495307962313,-1.3073495307962313,-2.943034236973052,-2.182250652704776,-0.7177422529883071,-2.943034236973052,-3.399504387534036,-0.7177422529883071,-7.850088355503515,-2.239309421524893,2.934018951499473,-7.850088355503515,3.257351974813494,3.257351974813494,-7.850088355503515,-0.47048758810112057,5.178330525090913,-7.850088355503515,8.444846292947542
59,300782.SZ,15588.465829920082,2021-07-13,2021-07-14,2021-08-24,TAKE_PROFIT_DYN,2,331649.43844031997,4.700284102162052,29,-6.558999195578763,-10.944162725635397,4.852392263318639,8.917211054978292,3.1260829431851045,14,5,0.0,5,,-6.169306307647815,5.289676016658196,3.4256864047031765,4,4.21692695281624,0.15210816115658687,0.9866704983608297,0.7876820103485337,30,1.2989174725146935,1.2989174725146935,1.2989174725146935,-7.1480279672818225,1.2989174725146935,-7.1480279672818225,-12.79236388769066,1.2989174725146935,-12.79236388769066,-16.5199726080585,1.2989174725146935,-17.256290379982996,-21.441796714766394,1.2989174725146935,-25.054355783271042,-29.05808366811057,1.2989174725146935,-31.248629039585985,-11.888073624045859,1.2989174725146935,-31.32456180981571,32.20516082137017
60,601919.SH,87454.90133982006,2021-07-23,2021-07-26,2021-08-30,TAKE_PROFIT_DYN,2,398609.71958807996,21.9399821535198,25,-8.685064935064924,-13.003663003663002,14.468864468864485,17.85089910089912,16.6934627872128,1,13,0.0,5,,-8.685064935064911,20.71087121909667,20.71087121909667,4,-4.08908305262068,-7.471117684655315,1.322671696640286,1.1325276644265216,26,-7.524450954295059,-7.524450954295059,-7.524450954295059,-11.18066841897576,-7.524450954295059,-11.18066841897576,-10.868552293942058,-7.524450954295059,-11.18066841897576,2.9537332432655328,2.9537332432655328,-11.18066841897576,-26.25141845631824,2.9537332432655328,-26.25141845631824,-27.009414759971552,2.9537332432655328,-32.89503311775026,-23.799077473910437,2.9537332432655328,-34.856905903676505,36.725855348635775
61,002460.SZ,47024.09293319998,2021-08-16,2021-08-17,2021-08-30,TAKE_PROFIT_DYN,1,195726.3556248,24.025427124052413,9,-1.2037686070835218,-2.178852455095548,32.458088259193254,32.458088259193254,24.214183606448803,0,9,1.0,1,1.0,-1.2037686070835218,24.057673735104657,24.057673735104657,1,8.43266113514084,8.43266113514084,0.7494891274524764,0.75654139882908,10,8.616631427975463,8.616631427975463,8.616631427975463,-4.402552984550512,8.616631427975463,-4.402552984550512,-7.073534693756633,8.616631427975463,-10.968922066332665,-6.490954579733854,8.616631427975463,-10.968922066332665,-24.476881320284527,8.616631427975463,-24.476881320284527,-20.85303552627843,8.616631427975463,-24.476881320284527,-19.263283011741706,8.616631427975463,-25.365562850149782,31.286363636363646
62,300750.SZ,33891.29342352017,2021-07-27,2021-07-28,2021-09-14,TAKE_PROFIT_DYN,2,392894.5260239999,8.626053858905106,34,-3.9267184428474655,-5.3607682639940535,14.603138796687197,17.261770487576978,7.585017804775895,13,5,0.0,4,,-4.452649386903385,14.603138796687197,6.193370644400886,4,8.635716628671872,5.977084937782092,0.6774349170359721,0.6182693408770419,35,-1.6484550158267774,-1.6484550158267774,-1.6484550158267774,-5.832631337129291,-1.6484550158267774,-6.76868867970255,-7.706618136960963,-1.6484550158267774,-7.706618136960963,-1.5773146577912067,-1.5773146577912067,-7.706618136960963,11.578035234733486,11.578035234733486,-7.706618136960963,17.19437929017309,24.173622836399367,-7.706618136960963,22.63474456520891,28.801490338081614,-7.706618136960963,8.575581395348848
63,300760.SZ,50442.90326586002,2021-08-20,2021-08-23,2021-09-17,TAKE_PROFIT_DYN,1,199828.51891001998,25.243095200327115,19,5.3627022551297365,-1.3648131532456809,27.19208818959793,29.294436754715257,25.433704873219455,0,19,0.0,0,0.0,0.0,25.275658405079238,25.275658405079238,0,4.0513415543881415,1.9489929892708133,0.9107170034410639,0.8678590778786086,20,6.1367221996791566,6.1367221996791566,6.1367221996791566,4.753969798341062,6.1367221996791566,2.8488442676085635,6.150689395652265,6.150689395652265,2.8488442676085635,5.281929806124697,7.664733439137628,2.2063532528453944,2.7985623621053612,10.346435065975147,-0.2881879479524341,0.8431549258696602,11.427496034294027,-0.2881879479524341,3.9159380399543364,11.427496034294027,-3.514610217741343,13.409711950663091
64,600519.SH,10480.07024694013,2021-07-26,2021-07-27,2021-09-24,TAKE_PROFIT_DYN,3,501118.7450068799,2.091334708861519,41,-14.228865975954152,-15.47553943560599,-0.32153093717153247,1.0082540864570833,-5.392399613697441,18,10,,42,,-9.883962900327582,4.727875156531436,0.23501478556668953,29,-1.0830806224044358,-2.4128656460330515,1.173495902651689,1.0657057867750384,42,8.639581138250097,8.639581138250097,8.639581138250097,6.589777720547274,8.639581138250097,6.589777720547274,7.737667634460843,8.639581138250097,6.589777720547274,12.268904503822808,13.02616045213416,6.589777720547274,6.9458578571082175,13.02616045213416,5.4184614818599375,13.676826622724981,14.556485117979157,2.723848474759727,28.498662307074497,28.498662307074497,2.723848474759727,
65,002714.SZ,-184862.92746851977,2021-05-24,2021-05-25,2021-09-27,TAKE_PROFIT_DYN,5,987765.2742157198,-18.715268930191936,86,-54.564612708025706,-56.674787136154556,3.4096531595142032,5.253279238826769,-46.85459065670293,45,6,0.0,80,,-56.605250395227834,3.4096531595142254,-49.305463947895625,80,23.968548169018703,22.12492208970614,0.618366498331219,0.6129614636457971,87,0.8315204557375777,0.8315204557375777,0.8315204557375777,8.459189878814088,8.459189878814088,0.8315204557375777,15.292745772912797,15.292745772912797,0.8315204557375777,17.048154626442713,17.048154626442713,0.8315204557375777,20.4335859868219,24.550437702838536,0.8315204557375777,13.892598234978193,24.550437702838536,0.8315204557375777,10.548962323492583,24.550437702838536,-3.2644335358322896,22.332214765100673
66,000858.SZ,-73545.97703093977,2021-07-08,2021-07-09,2021-09-27,TAKE_PROFIT_DYN,5,963363.5604192598,-7.6342909419297795,54,-28.09936398728381,-28.65549740665716,4.66430952606498,6.024982625465114,-19.433885839526944,51,7,1.0,44,,-33.47974190538741,4.664309526064958,-25.5566249022271,44,13.659273567394894,12.29860046799476,0.6246269374225089,0.6061394319010811,55,-0.16680895680528662,-0.16680895680528662,-0.16680895680528662,0.9606517146053761,0.9606517146053761,-0.16680895680528662,4.830833039733373,5.02411201197519,-0.16680895680528662,-0.912313564023759,10.445126995329268,-0.912313564023759,-5.6890653065717505,10.445126995329268,-5.6890653065717505,3.418055790251451,10.445126995329268,-8.362757755917006,8.70101436486137,15.507195315948529,-8.362757755917006,7.7091633466135425
67,002594.SZ,32606.085863519984,2021-09-29,2021-09-30,2021-10-15,TAKE_PROFIT_DYN,1,190800.15514559997,17.089129638620165,6,4.643467363870402,-0.5192959852909351,18.82743620778886,20.57631704986871,17.267329647682296,0,6,0.0,0,0.0,0.0,17.11957281232621,17.11957281232621,0,3.487187411248545,1.7383065691686959,0.8774456861618097,0.8346960856062102,7,2.2566744814771056,2.2566744814771056,2.2566744814771056,3.930433702844316,3.930433702844316,1.852540310505968,7.292257779949396,7.292257779949396,1.852540310505968,11.33717589825347,15.067370060403062,1.852540310505968,9.717062805776244,16.233279261611845,1.852540310505968,7.800107800107825,16.233279261611845,1.852540310505968,-11.913056362661544,16.233279261611845,-11.913056362661544,24.215384615384615
68,601318.SH,-277035.67723391997,2021-03-18,2021-03-19,2021-10-21,TAKE_PROFIT_DYN,5,985328.2067428799,-28.116081051784203,142,-41.216419048931364,-41.806961511395016,-1.5147414162192452,0.023129579779834764,-33.90080362986767,126,2,,143,,-41.50205441463656,0.0,-34.30486660810506,143,28.139210631564037,26.60133963556496,0.329969381101245,0.32729740965109355,143,1.049357278438734,1.049357278438734,1.049357278438734,-2.8965745217139682,1.049357278438734,-2.8965745217139682,-4.51589559064457,1.049357278438734,-4.51589559064457,-7.493957326608857,1.049357278438734,-7.735924842655962,-7.847602157754629,1.049357278438734,-8.55489182004614,-4.702024449142328,1.049357278438734,-10.248664432375843,-4.888153307640097,1.049357278438734,-10.248664432375843,11.180696260821518
69,000651.SZ,-188493.1262310599,2021-05-25,2021-05-26,2021-10-22,TAKE_PROFIT_DYN,5,990438.6391099199,-19.03127753582529,99,-32.46467307290205,-33.09016564830518,3.72454021827906,5.922699840410051,-27.890338641680312,82,1,0.0,92,,-33.53340546228748,3.72454021827906,-29.120879276167642,92,24.95397737623534,22.75581775410435,0.37119888263363615,0.36036543166885626,100,-2.427805374079206,-2.427805374079206,-2.427805374079206,-8.871485994536243,-2.427805374079206,-8.871485994536243,-9.16888663855735,-2.427805374079206,-9.54063744358371,-9.887604861608324,-2.427805374079206,-10.085871957622384,-11.00285727668744,-2.427805374079206,-14.075997264905403,-12.018976143759508,-2.427805374079206,-14.348614521924741,-4.4600431082233545,-0.19730054392098628,-14.348614521924741,5.016141047926504
70,000333.SZ,65783.48757155996,2021-07-05,2021-07-06,2021-10-22,TAKE_PROFIT_DYN,3,588664.93710024,11.175030722164129,71,-9.342800268014562,-9.770985739061388,10.722856806214786,11.475872634607498,8.709351541157663,15,29,0.0,7,,-14.461934776263718,7.489318248999033,2.4550044947173166,12,0.300841912443369,-0.4521739159493432,1.0225347176161041,0.9858406401947782,72,-1.665573307364343,-1.665573307364343,-1.665573307364343,-8.999908999909001,-1.665573307364343,-8.999908999909001,-6.5958767451304805,-1.665573307364343,-8.999908999909001,-3.906620324530774,-1.1087070788563302,-8.999908999909001,-4.92527805960642,-1.1087070788563302,-8.999908999909001,-6.690951467070871,-0.9185576349755475,-8.999908999909001,-0.8099008099008098,5.6687623851802815,-8.999908999909001,7.455012853470426
71,600111.SH,43782.60256524003,2021-09-29,2021-09-30,2021-10-25,TAKE_PROFIT_DYN,1,196529.36635332,22.277893313169177,12,-0.8490923185087595,-3.635150881459759,21.884209064898098,22.914348365485004,22.46399019307388,3,12,0.0,1,,-0.8490923185087484,22.309685565430648,22.309685565430648,1,0.6364550523158279,-0.39368424827107873,1.017317513265294,0.976027606155733,13,3.1398090221619768,3.1398090221619768,3.1398090221619768,-2.7866674925498436,3.7324566736331333,-2.7866674925498436,-12.173441585206291,3.7324566736331333,-12.173441585206291,-3.016079486667722,3.7324566736331333,-14.161678867561223,-3.7425508013743225,3.7324566736331333,-14.161678867561223,-6.89696572049513,7.938343232460876,-14.161678867561223,-19.074919074919073,7.938343232460876,-21.560215677862736,27.329082536308892
72,600089.SH,43335.28991610001,2021-10-08,2021-10-11,2021-10-27,TAKE_PROFIT_DYN,1,199176.69848075998,21.757208672823793,12,-3.1617970318793542,-5.355394833894356,22.384477370753707,24.30387544751682,21.94251311360187,1,12,0.0,1,,-3.1617970318793542,21.78886554707875,21.78886554707875,1,2.5466667746930263,0.6272686979299138,0.9754457856341956,0.9141358924029517,13,-3.3102739579714435,-3.3102739579714435,-3.3102739579714435,-4.69690956400054,1.224399240123697,-4.69690956400054,-10.093545436113772,1.224399240123697,-10.093545436113772,-10.618218368124765,1.224399240123697,-11.517657680143644,-15.52765794622777,1.224399240123697,-17.289059932264717,-17.963639416278877,1.224399240123697,-17.963639416278877,-26.845602622465226,1.224399240123697,-28.344668142496666,29.211403184005924
73,002466.SZ,20545.878086640034,2021-09-22,2021-09-23,2021-11-09,TAKE_PROFIT_DYN,2,389382.10503192,5.276533723848393,28,-17.682096174335637,-18.180489133925924,0.08468988513334885,1.5060327698908749,-0.31044343682923303,22,28,28.0,28,6.0,-19.803532280816604,0.0,-3.0019406667092796,29,-3.7705009539575185,-5.1918438387150445,1.2922218920933086,1.1915270240410776,29,-5.408553207295352,-5.408553207295352,-5.408553207295352,-6.315860810866369,-5.408553207295352,-6.315860810866369,-13.916876550986801,-5.408553207295352,-13.916876550986801,4.645896358807944,5.451363312998536,-13.916876550986801,-1.7145151070419362,13.006087848855152,-13.916876550986801,-11.148662536009935,13.006087848855152,-15.527810459367997,-24.387946955464535,13.006087848855152,-24.86937547980833,33.51630345731608
74,000858.SZ,14287.168380420073,2021-11-01,2021-11-02,2021-11-24,TAKE_PROFIT_DYN,1,183813.36105131995,7.772649549904674,16,-2.4752088777973524,-2.6955983520352333,9.910679574372105,11.654205192787416,7.9366706437988155,1,16,2.0,2,1.0,-2.4752088777973524,7.8006704387876935,7.8006704387876935,2,3.8815556428827414,2.1380300244674313,0.8273817794562052,0.7295046144180009,17,1.161857201927896,1.161857201927896,1.161857201927896,1.9695185870789667,1.9695185870789667,1.1210203903191607,0.07741298253967077,1.9695185870789667,-1.0841674365540066,10.713133694866151,10.713133694866151,-1.0841674365540066,5.322674562509566,13.88933015332543,-1.0841674365540066,-3.2530558753304906,13.88933015332543,-5.984584829605466,-14.383355750474202,13.88933015332543,-14.383355750474202,24.824701195219124
75,603259.SH,40099.36268682015,2021-11-04,2021-11-05,2021-11-26,TAKE_PROFIT_DYN,2,388033.4074616999,10.333997515607747,15,-3.2869454295212264,-4.388640111365582,9.901913761701087,12.262688079938977,8.817200916452617,1,15,3.0,3,2.0,-3.2869454295212264,11.989266531669651,11.989266531669651,2,1.9286905643312302,-0.4320837539066602,1.0327612682523921,0.8841719686157886,16,3.412182591491919,3.412182591491919,3.412182591491919,5.813080816692984,5.813080816692984,3.412182591491919,2.544388052262625,5.813080816692984,2.3997556290577426,1.1703800318162205,5.813080816692984,-1.158201981782403,-18.98414814178433,5.813080816692984,-18.98414814178433,-19.07815921686751,5.813080816692984,-22.122671725330314,-24.84176128158212,5.813080816692984,-39.926923021851515,43.227173318753415
76,601919.SH,12082.559413860145,2021-09-28,2021-09-29,2021-11-30,TAKE_PROFIT_DYN,2,397750.6382849999,3.0377221934720415,39,-18.4614268413151,-19.41019873980766,-3.0578360187298426,0.8488717985924987,-7.28059649847358,28,39,,40,,-18.4614268413151,0.0,-2.2721272733299935,40,-2.188850394879543,-6.095558212201884,1.395723197429029,1.108042982067251,40,2.8689543421954733,2.8689543421954733,2.8689543421954733,4.975691265528925,5.517423617243233,2.8689543421954733,11.536671969624468,11.536671969624468,2.8689543421954733,9.12897262867196,16.71322555267234,2.8689543421954733,17.977267706672407,17.977267706672407,2.8689543421954733,0.46125500124298835,17.977267706672407,-1.705674405614277,7.142620672386157,17.977267706672407,-2.9697165596143327,17.755102040816332
77,600030.SH,15781.336284420046,2021-11-16,2021-11-17,2021-12-06,TAKE_PROFIT_DYN,1,198703.10237778,7.942169042945349,13,-0.6848442231127239,-1.3115700694119603,8.256444517423201,10.721566179533571,8.106448131542265,9,13,0.0,3,,-0.6848442231127128,7.970234006896515,7.970234006896515,3,2.779397136588222,0.314275474477852,0.9648512106478496,0.7690213856897213,14,1.06631728253348,1.06631728253348,1.06631728253348,3.8876714552390057,3.8876714552390057,1.06631728253348,3.0760490219949643,3.8876714552390057,1.06631728253348,0.022802725505410848,3.8876714552390057,0.022802725505410848,2.187129214156247,3.8876714552390057,-0.7115223331439546,-1.9482803266587134,3.8876714552390057,-6.663420176933698,-18.45126980262115,,,21.502976190476176
78,000651.SZ,14882.517802080081,2021-10-27,2021-10-28,2021-12-09,TAKE_PROFIT_DYN,2,395111.31623963994,3.7666645298140864,30,-5.331849395463295,-6.591900011148688,1.2697201345405418,2.5023783455371262,1.3052754758266394,23,2,1.0,25,,-5.8051917492981335,1.2697201345405418,0.6717409636977978,27,-1.2642861842769602,-2.4969443952735446,1.3782349612353613,1.1390199568003654,31,-1.0355574375023435,-1.0355574375023435,-1.0355574375023435,-2.117136044742751,-0.8462811812352644,-2.117136044742751,-2.549767487638921,-0.8462811812352644,-2.928320000173068,-3.4420698386122606,-0.8462811812352644,-4.685885236938736,8.536413236575303,8.536413236575303,-4.685885236938736,7.887466072231053,8.887926283928449,-4.685885236938736,-8.60660768818523,8.887926283928449,-9.850423086511695,17.208840327787446
79,600036.SH,30929.633064000052,2021-11-26,2021-11-29,2021-12-09,TAKE_PROFIT_DYN,2,397540.37363039993,7.780249533285357,8,-0.681881397028028,-2.0264588765994795,6.6229872979571836,8.04783805989111,7.619018185510762,1,8,2.0,2,1.0,-0.681881397028028,8.445893284178197,8.445893284178197,2,0.2675885266057527,-1.1572622353281732,1.1584234137052503,0.9734384912125721,9,-0.25420353289205,-0.25420353289205,-0.25420353289205,-4.617732486584947,-0.25420353289205,-4.617732486584947,-4.524494688429104,-0.25420353289205,-4.897445881052443,-6.351955532283404,-0.25420353289205,-6.74355428453789,-8.533720009129853,-0.25420353289205,-11.200321036386619,-1.615475385967191,-0.25420353289205,-11.200321036386619,-17.111597439466287,-0.25420353289205,-17.223482797253286,17.012525705739396
80,600036.SH,10844.932317120023,2021-12-29,2021-12-30,2022-01-20,TAKE_PROFIT_DYN,1,196596.45079074,5.516341863497587,14,0.17128413453326718,-0.8925924774744964,7.15949325262335,8.244230190356738,5.676929042976231,10,14,0.0,0,0.0,0.0,5.543776112382104,5.543776112382104,0,2.7278883268591514,1.6431513891257632,0.76486802822311,0.7014401585724704,15,2.2912085818810324,2.2912085818810324,2.2912085818810324,0.475154705089631,2.3504277300372856,0.475154705089631,0.2185383964125931,2.3504277300372856,0.2185383964125931,2.074071705308156,2.3504277300372856,-2.8608573077119726,-1.2619403074934477,4.146741890776595,-2.8608573077119726,-9.651319629627642,4.146741890776595,-22.126820174542505,-23.350682569771507,4.146741890776595,-23.350682569771507,26.402577710386655
81,002129.SZ,42891.95134584,2021-12-01,2021-12-02,2022-01-26,TAKE_PROFIT_DYN,3,594728.5692348,7.212021342950852,38,-9.586816061636206,-10.209694382356261,3.9248521262909675,4.380032437586401,3.342269241549811,25,38,7.0,16,,-10.536502373997592,2.373148528582436,2.373148528582436,27,-2.831988905364451,-3.2871692166598843,1.2432837434238508,1.194108425765273,39,-1.2444589100448211,-1.2444589100448211,-1.2444589100448211,1.2592026950526192,1.2592026950526192,-1.2444589100448211,-1.476279429035332,1.2592026950526192,-1.731281999924894,-0.4330870935780551,1.2592026950526192,-1.9167384151172917,10.485659350874709,11.227485011644344,-1.9167384151172917,2.3719411862070494,11.227485011644344,-1.9167384151172917,-9.543633489904902,11.227485011644344,-20.69420045334821,28.69945810754481
82,600030.SH,2013.4344672000443,2022-01-14,2022-01-17,2022-01-28,TAKE_PROFIT_DYN,1,199290.84215039996,1.0102995428563417,9,-3.031052548737423,-4.115177427074523,3.192627308382945,4.798738239252742,1.164028897147884,2,1,0.0,2,,-3.031052548737412,3.192627308382967,1.0365622207374692,1,3.7884386963964003,2.182327765526603,0.6493508959928501,0.5749972472022138,4,0.33824466814158516,0.33824466814158516,0.33824466814158516,0.45731695216231216,0.6954615202038106,0.33824466814158516,1.965565883091669,1.965565883091669,0.33824466814158516,-2.2019640576341537,1.965565883091669,-3.511759181862273,-9.782899473621109,1.965565883091669,-9.782899473621109,-16.173112049400697,1.965565883091669,-22.166417011777828,-25.381368680337747,1.965565883091669,-27.246834463329307,28.649279875437923
83,601888.SH,71805.56258934003,2021-11-02,2021-11-03,2022-02-10,TAKE_PROFIT_DYN,5,920044.0352703598,7.8045788936873635,65,-16.20794715778706,-17.762777954880406,3.9515447199545584,5.128773752039506,-1.961658938713362,54,9,0.0,36,,-15.929024282183512,3.9515447199545806,-1.7592532223649537,37,-2.6758051416478574,-3.853034173732805,1.1911275441414768,1.116890509472933,66,2.1482303452336593,2.1482303452336593,2.1482303452336593,0.9746335897257152,3.086201497319152,0.9746335897257152,-0.0720878408624559,3.086201497319152,-0.0720878408624559,-7.566794534337873,3.086201497319152,-7.566794534337873,-15.369627016904186,3.086201497319152,-15.369627016904186,-29.262475095619813,3.086201497319152,-29.26700635722409,-22.084956714443837,3.086201497319152,-29.26700635722409,31.384615384615383
84,600111.SH,43252.805117700074,2021-12-24,2021-12-27,2022-02-16,TAKE_PROFIT_DYN,2,395817.20472294,10.927469701064592,31,-15.909311426630868,-16.158100446078706,4.536622535264145,6.979278362570196,3.5734923894308324,23,1,1.0,24,,-15.909311426630834,10.068450536877126,10.068450536877126,20,-3.9481913384943956,-6.390847165800446,1.3125730122043353,1.1706412541864308,32,5.013390353704494,5.013390353704494,5.013390353704494,2.8078689509754007,5.013390353704494,2.8078689509754007,4.445632368843522,5.013390353704494,2.8078689509754007,2.5239899585449255,7.459117057720888,1.4103108343945792,-10.556280538828544,7.459117057720888,-14.181196903710013,-24.182472175491387,7.459117057720888,-24.182472175491387,-26.43166726936361,7.459117057720888,-38.92234293630455,43.161958951432645
85,000792.SZ,37543.62380832003,2022-01-20,2022-01-21,2022-02-16,TAKE_PROFIT_DYN,1,199681.33365179997,18.801769360068377,13,1.1233664294888923,-2.101608966172952,15.246534541525293,20.510287486168764,18.982575865692763,0,13,0.0,0,0.0,0.0,18.832657820101993,18.832657820101993,0,1.7085181261003868,-3.5552348185430844,1.2517306875015637,0.9244416261280265,14,2.810560326900191,2.810560326900191,2.810560326900191,2.6859414658978897,2.810560326900191,2.1563113066380923,8.387254356753271,8.387254356753271,2.1563113066380923,3.1221074794059556,8.387254356753271,2.1563113066380923,-8.592065454810548,8.387254356753271,-10.585967230847404,-10.95982381385432,8.387254356753271,-10.95982381385432,-9.962872925835898,8.387254356753271,-19.24697807050748,25.495832135671172
86,002460.SZ,28668.882786120113,2021-12-20,2021-12-21,2022-02-17,TAKE_PROFIT_DYN,2,391257.4654988999,7.327370162653349,36,-12.044477261868547,-13.695000651522381,7.971738406521034,9.832196788718539,4.956543456543483,21,36,0.0,16,,-11.241026307879476,5.781841067286297,5.781841067286297,15,2.5048266260651904,0.6443682438676852,0.9678076887987724,0.8935348490857252,37,0.6380872707614227,0.6380872707614227,0.6380872707614227,3.948777551754201,3.948777551754201,0.4587582138743107,1.382992583984799,4.755758307746172,0.4587582138743107,-0.9413878841288748,4.755758307746172,-0.9413878841288748,-11.880460354242473,4.755758307746172,-14.473834407686814,-20.48825508482368,4.755758307746172,-22.75056011016874,-16.867187589987843,4.755758307746172,-36.400260247845175,39.28759547010798
87,002466.SZ,10697.190696720034,2021-12-20,2021-12-21,2022-02-17,TAKE_PROFIT_DYN,3,582136.72020504,1.837573601773871,36,-17.30144534985063,-19.98566503745459,9.622712432680647,12.58355017969417,-4.979483648338112,31,8,0.0,25,,-17.43570218729875,11.034075670465683,-5.25327603683775,21,10.745976577920299,7.785138830906776,0.7108493088701974,0.6700572455837933,37,3.1621884702453418,3.1621884702453418,3.1621884702453418,8.736483144066076,8.736483144066076,3.1621884702453418,3.9384925640849833,8.898213163615987,3.1621884702453418,0.9626602043663501,8.898213163615987,0.9626602043663501,-8.148130896946071,8.898213163615987,-12.169817383087544,-20.159280348853812,8.898213163615987,-24.202530837601934,-1.3446880745459078,8.898213163615987,-35.94413025692648,41.17821782178218
88,000661.SZ,21896.216056440026,2022-01-24,2022-01-25,2022-02-24,TAKE_PROFIT_DYN,1,184019.62066487997,11.89884859958246,17,-2.210549804516748,-4.775617009277521,12.025872140787165,15.32637819446534,12.06914942849826,9,17,1.0,6,,-2.2105498045167593,11.927942300218298,11.927942300218298,6,3.4275295948828806,0.12702354120470538,0.9910775655784348,0.8294930647359475,18,1.2738567370269793,1.2738567370269793,1.2738567370269793,-2.4981702734607536,1.2738567370269793,-2.8716382943011154,-4.408192437187219,1.2738567370269793,-4.408192437187219,-5.8913940056675385,1.2738567370269793,-14.449146940352565,-6.926433949139421,1.8500645406092753,-14.449146940352565,-27.88866043316528,1.8500645406092753,-27.88866043316528,-19.421606874970053,1.8500645406092753,-27.88866043316528,29.198533263488745
89,601012.SH,50289.191366400104,2021-12-01,2021-12-02,2022-03-01,TAKE_PROFIT_DYN,4,776987.9743625999,6.472325573333965,57,-21.866848637556902,-23.79769090453363,5.152950291005531,7.011835703312319,-3.5544287645127848,45,7,3.0,35,,-22.06160602072995,4.867093196808403,-3.9160508272311545,35,0.5395101299783542,-1.3193752823284335,1.0488299445090885,0.9824888536313647,58,-0.4594656768569849,-0.4594656768569849,-0.4594656768569849,-3.2572945616423876,-0.4594656768569849,-3.2572945616423876,-3.331903331903341,-0.4594656768569849,-4.500774065991465,-3.7546863633820093,1.642014685492943,-4.500774065991465,-7.559733646690159,2.6989722641896696,-7.559733646690159,-19.696093609137087,2.6989722641896696,-29.60662525879917,-1.5164232555536894,2.6989722641896696,-29.60662525879917,31.45659280784599
90,603259.SH,71663.80359636014,2021-12-20,2021-12-21,2022-03-17,TAKE_PROFIT_DYN,3,584796.0674555999,12.254494786218984,56,-27.774575294157543,-28.861391002383176,4.343002515326289,6.7861642274174905,-6.314625322458223,32,7,0.0,37,,-28.741848918355007,4.343002515326244,-7.685762411598773,37,-5.468330558801494,-7.911492270892696,1.2463290450426354,1.1533998761920725,57,-3.8348565513408817,-3.8348565513408817,-3.8348565513408817,-4.48449562115425,-1.9045004581811464,-4.48449562115425,8.582530240234675,8.582530240234675,-4.48449562115425,4.29491237946642,8.582530240234675,-4.48449562115425,-0.6052223185544214,8.582530240234675,-5.542479249136023,-10.990166877428143,8.582530240234675,-13.10613413339169,-10.906641854166422,8.582530240234675,-18.238282784917313,24.70085470085471
91,000002.SZ,118627.14947778033,2022-03-04,2022-03-07,2022-03-31,TAKE_PROFIT_DYN,4,796955.1064675199,14.88504791739044,18,-20.252347436813444,-22.246038750893106,3.1869963908798926,8.575351293797894,5.77529266849659,6,18,17.0,17,11.0,-25.48494239283149,0.0,-1.2896224523043065,19,-6.309696623592545,-11.698051526510547,1.4990776027053037,1.2047181069524602,19,5.245194303718459,5.245194303718459,5.245194303718459,6.518732472930933,8.097919802754383,5.245194303718459,5.652726517866435,9.473341025503856,5.245194303718459,4.582954455727983,9.473341025503856,2.7490594920620337,-1.0206134888068874,9.473341025503856,-7.133596701026745,-9.78255609298867,9.473341025503856,-9.78255609298867,3.9207146077374855,9.473341025503856,-11.92210021726563,19.54397394136808
92,300059.SZ,-57074.44591007987,2022-01-05,2022-01-06,2022-04-14,TAKE_PROFIT_DYN,5,992371.0714117199,-5.7513210082683415,63,-34.29215555403974,-34.896564110047244,-2.258502085641234,-0.04233738028034395,-22.770574283106694,43,0,,64,,-33.61946612812753,0.0,-22.078237013631796,64,5.7089836279879975,3.4928189226271074,0.8909640785721552,0.836203979728166,64,0.24916949712183722,0.24916949712183722,0.24916949712183722,-3.3284960313999745,0.24916949712183722,-3.3284960313999745,-22.893854390503677,0.24916949712183722,-23.191993184547165,-21.552229817308,0.24916949712183722,-23.191993184547165,-16.18573152452527,0.24916949712183722,-23.191993184547165,-5.713606383747861,0.24916949712183722,-23.191993184547165,-14.32236406175349,0.24916949712183722,-23.191993184547165,23.382899628252783
93,600519.SH,8971.456175820087,2022-01-07,2022-01-10,2022-04-14,TAKE_PROFIT_DYN,5,898569.00521388,0.9984159395398549,61,-16.94033737384134,-17.458488731459298,2.8525263358070374,4.190911292534216,-5.8326847503252015,41,9,0.0,48,,-17.149487158086608,2.1498017633837074,-5.643601098236239,48,3.1924953529943614,1.8541103962671825,0.9063242983195319,0.8525365437630513,62,-0.6262238799796815,-0.6262238799796815,-0.6262238799796815,-1.4895589744835958,-0.6262238799796815,-1.4895589744835958,-2.0574122680005025,-0.6262238799796815,-2.0574122680005025,0.9700381398774605,0.9700381398774605,-6.0180789411930835,-2.71660630446684,1.0800872277683338,-6.0180789411930835,3.1765223520894947,4.5796482226981405,-6.0180789411930835,7.787028889277692,12.52519236841929,-6.0180789411930835,4.723227383863074
94,601888.SH,14420.200827780034,2022-03-14,2022-03-15,2022-04-14,TAKE_PROFIT_DYN,1,184570.31380787998,7.812849493656972,20,-6.943515966072356,-8.43981176956472,8.245972907627053,10.344363835233871,7.9769317685536745,10,20,1.0,6,,-6.943515966072367,7.840880834525321,7.840880834525321,6,2.531514341576899,0.4331234139700806,0.9714853200412797,0.8652315441019302,21,0.6135471967472439,0.6135471967472439,0.6135471967472439,-1.3795108880873652,0.6135471967472439,-1.3795108880873652,-3.2952758615987343,0.6245890697934131,-3.2952758615987343,0.24916538622345996,1.579711088287561,-4.217272260954353,-3.4277783381528426,1.579711088287561,-11.66501563059944,0.4700028471469553,5.759060036264829,-11.66501563059944,13.510454914679727,28.59917443227795,-11.66501563059944,12.617524578199468
95,002594.SZ,-12466.942904699943,2021-12-16,2021-12-17,2022-05-05,TAKE_PROFIT_DYN,4,780736.6927760399,-1.5968178542206901,88,-25.145277257953314,-26.330711541979145,-1.5104613696162894,0.5614104205653447,-12.713480181790038,56,4,,89,,-23.852380006409557,0.40402452647307907,-11.31774047148072,84,2.158228274786035,0.08635648460440071,0.9963462171648643,0.9197449618222011,89,-2.442802720591686,-2.442802720591686,-2.442802720591686,-5.969015031376646,-2.442802720591686,-6.2108124469733355,2.397175548268593,2.397175548268593,-6.2108124469733355,14.656304519020402,14.656304519020402,-6.2108124469733355,21.309763404855776,21.309763404855776,-6.2108124469733355,32.666182024046655,42.458977355712314,-6.2108124469733355,29.103700100922204,42.458977355712314,-6.2108124469733355,12.588401697312584
96,000625.SZ,-221496.35840387992,2021-11-16,2021-11-17,2022-05-06,TAKE_PROFIT_DYN,5,996385.1237940599,-22.229994518631575,111,-50.56884067272256,-53.29984395047269,0.8832610800899587,1.866422260080003,-34.903423531088904,106,3,3.0,108,,-51.78291568267145,0.8832610800899587,-36.582262838524805,108,24.09641677871158,23.113255598721533,0.5507811185291747,0.5632037758955273,112,-4.514741061262429,-4.514741061262429,-4.514741061262429,2.6172861881160303,2.6172861881160303,-5.353803090601083,10.420563060965415,10.420563060965415,-5.353803090601083,13.189467757782936,15.874466251666597,-5.353803090601083,31.397113794431487,31.397113794431487,-5.353803090601083,50.10819704868321,87.5303635571867,-5.353803090601083,68.65146789706725,87.5303635571867,-5.353803090601083,25.950782997762868
97,002475.SZ,-169472.39013575972,2022-02-08,2022-02-09,2022-05-11,TAKE_PROFIT_DYN,5,987941.4960214798,-17.15409169654668,60,-39.759314759314755,-40.77681577681578,4.918229918229899,5.912605912605895,-27.66795704295705,52,4,0.0,47,,-38.84524398579604,4.988065186062318,-26.662937575119948,47,23.066697609152573,22.072321614776577,0.5059638622918701,0.5059545230053952,61,-3.0010527934513864,-3.0010527934513864,-3.0010527934513864,-4.887321048291993,-3.0010527934513864,-4.887321048291993,-3.0330234418385227,-2.55346371603159,-4.887321048291993,-6.421912170874167,-0.9229606482880293,-7.093295787003873,7.48531987752683,14.454921225920891,-7.093295787003873,3.4570181807486167,14.454921225920891,-7.093295787003873,10.5545021226912,14.934480951727846,-7.093295787003873,6.342141863699585
98,002466.SZ,83032.22228994002,2022-04-25,2022-04-26,2022-05-11,TAKE_PROFIT_DYN,1,198381.69783432,41.854779546894,8,-1.1481523140417171,-3.4110459826648953,36.4391770787507,42.47910650309053,42.07067083482807,0,8,1.0,1,1.0,-1.1481523140417171,41.89166178957622,41.89166178957622,1,0.6243269561965263,-5.415602468143298,1.1440805334039446,0.9863951867148334,9,-6.2710774422486075,-6.2710774422486075,-6.2710774422486075,-5.017923035941063,-5.017923035941063,-6.2710774422486075,1.7865882730747629,1.7865882730747629,-6.2710774422486075,14.212726825339427,15.992908785701587,-6.2710774422486075,28.817245934363058,28.817245934363058,-6.2710774422486075,69.6560255118814,72.36143362269488,-6.2710774422486075,32.810943621754454,73.33350666684,-6.2710774422486075,25.810810810810803
99,300274.SZ,-247993.46052066004,2021-12-21,2021-12-22,2022-05-20,TAKE_PROFIT_DYN,5,969156.85228362,-25.58857835409347,96,-57.545774278841996,-58.71768780135314,7.462258856681192,11.294932012063509,-38.82691014165117,81,7,0.0,89,,-58.36314975855766,7.462258856681192,-40.08027589710055,89,36.88351036615698,33.05083721077466,0.4915884142829994,0.4731876843853095,97,-0.7794506109383481,-0.7794506109383481,-0.7794506109383481,-4.586820812145809,-0.7794506109383481,-6.4905059127495335,-6.333873594345441,-0.7794506109383481,-6.4905059127495335,10.967973269369512,10.967973269369512,-8.044780456913347,12.281275015988546,14.570516592663928,-8.044780456913347,52.487586286334476,52.487586286334476,-8.044780456913347,57.81308511207401,57.81308511207401,-8.044780456913347,
100,002460.SZ,136520.06503770011,2022-03-08,2022-03-09,2022-05-23,TAKE_PROFIT_DYN,4,771001.4392680599,17.706849570514894,48,-26.80924668847757,-28.64278578564292,3.194120356046315,6.202394459187732,0.17288448084571417,31,9,1.0,29,,-26.49656895166671,3.1941203560462927,0.4413973159062001,28,-11.504455111327161,-14.512729214468578,1.483703352124854,1.3301591505767538,49,-5.153312894941964,-5.153312894941964,-5.153312894941964,-3.9647579186881,-3.9647579186881,-5.715895583702125,-5.525726787501506,-3.9647579186881,-5.715895583702125,0.7339960874354956,0.7339960874354956,-7.546270247133058,8.277358336726671,12.11242906010579,-7.546270247133058,-22.189267554580628,24.37831641504562,-22.189267554580628,-26.777089762920525,24.37831641504562,-31.032116577909342,44.54991399630502
101,000858.SZ,-82787.54210063978,2022-01-28,2022-02-07,2022-05-30,TAKE_PROFIT_DYN,5,939939.0766365598,-8.807756178930596,75,-25.48451548451548,-25.51948051948051,-0.19980019980019303,1.8781218781218856,-17.56004495504495,36,6,,76,,-23.810944311904734,3.6148411516027767,-15.814702427251614,59,10.68587805705248,8.607955979130402,0.6595589120857553,0.6099703214180662,76,3.850597162140046,3.850597162140046,3.850597162140046,2.850868543017926,3.850597162140046,2.850868543017926,5.498634643359535,5.498634643359535,2.850868543017926,5.304747880863125,7.928278135892675,2.850868543017926,20.967162913776317,20.967162913776317,2.850868543017926,15.720102403717195,22.996914958660607,2.850868543017926,1.7905503106156795,22.996914958660607,1.7905503106156795,17.241379310344822
102,300014.SZ,259437.19381722016,2022-03-03,2022-03-04,2022-06-01,TAKE_PROFIT_DYN,5,985791.7902432599,26.31764601662993,58,-30.595314419411103,-32.62491655188066,11.152830710500794,13.683410584529287,11.2213362052632,35,58,0.0,25,,-35.639168517787766,4.544242865896653,3.008581652018094,39,-12.634235432100642,-15.164815306129135,1.36324524739816,1.2728285864199782,59,-0.14244081395345942,-0.14244081395345942,-0.14244081395345942,3.772862512910957,4.881620977155765,-0.14244081395345942,5.574595017308748,11.996154456059838,-0.14244081395345942,10.298368057685003,16.431188313039,-0.14244081395345942,12.608281524861642,23.926857514027233,-0.14244081395345942,11.083738636525077,23.94995664869899,-0.14244081395345942,21.097213516735835,36.146299755391695,-0.14244081395345942,11.053613844587712
103,300750.SZ,-124803.23993621976,2021-12-20,2021-12-21,2022-06-02,TAKE_PROFIT_DYN,5,876863.6852975998,-14.232912370394569,106,-39.25216697493924,-41.8073675499418,2.549265915602583,3.9884208201039995,-26.97952047952047,88,2,1.0,88,,-40.025745281857226,2.5492659156026054,-28.00021595730977,88,18.22133319049857,16.78217828599715,0.5985262435873494,0.6021177090944718,107,5.202295147941194,5.202295147941194,5.202295147941194,3.8499876994204874,5.202295147941194,3.6242268565956692,2.4954226424715342,5.202295147941194,-2.618060447510806,9.733315263435482,9.733315263435482,-2.618060447510806,17.991646893967662,27.216234931790105,-2.618060447510806,14.821964660707089,27.216234931790105,-2.618060447510806,14.41107992676589,27.216234931790105,-2.618060447510806,11.109139307897077
104,601012.SH,-100857.61691999983,2022-03-29,2022-03-30,2022-06-06,TAKE_PROFIT_DYN,4,790893.4768534799,-12.752364240157288,42,-24.27229974096604,-24.820760385838035,6.989957016737969,7.24412170582498,-21.675285079141528,16,41,0.0,30,,-22.458545032177657,9.94733849649656,-19.611675941413942,30,19.99648594598227,19.742321256895256,0.3684934069249456,0.37637425614668246,43,3.55006089522385,3.55006089522385,3.55006089522385,4.147826379527464,4.147826379527464,2.8327423140595,3.7379300474335464,4.284458490225429,2.8327423140595,3.7891670889453,4.284458490225429,-0.08776905210960972,9.937612070353929,15.454133539784443,-0.08776905210960972,4.54064369778413,15.454133539784443,-0.08776905210960972,-8.780987095267934,15.454133539784443,-10.027755105386904,22.071005917159752
105,002415.SZ,21141.421241400065,2022-05-06,2022-05-09,2022-06-06,TAKE_PROFIT_DYN,3,596366.6310201599,3.5450375895839463,19,-6.0057589469354244,-8.562026209085028,4.101780572368807,6.070400188047254,2.060380795674921,13,2,0.0,15,,-3.116421892556809,7.000784674149374,5.695492805613567,4,2.5253625984633072,0.5567429827848609,0.9449180503601745,0.8274132717347387,20,0.4455706785301272,0.4455706785301272,0.4455706785301272,-0.33173812293744165,2.7487078680636268,-0.33173812293744165,-1.425728287965844,2.7487078680636268,-1.425728287965844,1.395614769212683,2.7487078680636268,-1.425728287965844,2.460815719371956,5.454894065765514,-1.425728287965844,-8.479085930912223,5.454894065765514,-9.5154976662023,-13.776301466839291,5.454894065765514,-15.244551425166897,19.628719628719633
106,600276.SH,-293266.1605310999,2022-01-13,2022-01-14,2022-06-07,TAKE_PROFIT_DYN,5,992205.8634688199,-29.55698724716474,91,-41.037685718536785,-42.610580908453244,-0.8438370140497753,0.8140795374838028,-34.471613492890086,65,0,,92,,-42.035317930705595,0.0,-35.66151128574012,92,30.371066784648544,28.713150233114966,0.28563322103788497,0.30060324081382284,92,4.089831892813112,4.089831892813112,4.089831892813112,2.370679169123746,4.089831892813112,0.3920316946888658,2.565300232182932,4.089831892813112,0.3920316946888658,7.074021526387053,8.533679499330837,0.3920316946888658,31.401654408783376,33.54248610243427,0.3920316946888658,10.934005943727287,33.54248610243427,0.3920316946888658,9.214853220037945,33.54248610243427,0.3920316946888658,18.217148409035698
107,601318.SH,-2292.045022079954,2022-03-15,2022-03-16,2022-06-09,TAKE_PROFIT_DYN,3,593106.5276135999,-0.3864474449981416,55,-0.4460542922081201,-2.315286930671534,14.323191246268197,15.200115200115238,3.419657265811127,44,13,0.0,3,,-3.495827689720532,14.323191246268197,0.12514335184361514,19,15.58656264511338,14.709638691266338,0.004035876243962012,0.11012247799227383,56,0.2786112014823594,0.2786112014823594,0.2786112014823594,0.9034000563202582,0.9034000563202582,-1.5064998123402007,3.7595776784363544,6.325674760806277,-1.5064998123402007,3.201730486616805,6.325674760806277,-1.5064998123402007,1.7513277878859812,6.325674760806277,-1.5064998123402007,-8.334549440211504,6.325674760806277,-8.892396632031051,-2.5998803083065236,6.325674760806277,-9.851893801960676,15.215110178384048
108,600036.SH,-61795.41725699976,2022-03-07,2022-03-08,2022-06-15,TAKE_PROFIT_DYN,5,989435.3763293999,-6.245523329299984,65,-21.749212986326384,-24.345414036135683,1.680965083026953,2.4104761218163295,-12.974911686251877,39,19,17.0,39,,-25.601313635996103,0.0,-17.363204100582863,66,8.655999451116314,7.926488412326937,0.6616974745618864,0.6764824717093668,66,-1.4778325123152802,-1.4778325123152802,-1.4778325123152802,-2.118867636109012,-1.4778325123152802,-2.118867636109012,-3.0804203217996373,-0.5655902207626462,-3.0804203217996373,1.1109631799286923,1.7766535007914364,-3.0804203217996373,-6.556803108527253,4.044931631138526,-6.556803108527253,-18.26802171629759,4.044931631138526,-18.489918489918487,-17.700952183710804,4.044931631138526,-19.03233282543627,22.180094786729853
109,300122.SZ,-64502.7872147999,2022-04-14,2022-04-15,2022-06-16,TAKE_PROFIT_DYN,5,970556.6141270999,-6.645958234266682,40,-26.858083500229746,-28.79470162031823,0.2718614142240394,4.309364369944224,-17.439194297697092,31,0,0.0,40,,-30.6742064051985,0.2718614142240394,-21.84533956662671,40,10.955322604210906,6.917819648490721,0.7450116588771555,0.6690641383015182,41,1.7546472091926724,1.7546472091926724,1.7546472091926724,5.807240444754824,8.582271988486024,1.7546472091926724,3.566271575477553,8.582271988486024,1.7546472091926724,16.24764213947183,16.24764213947183,1.7546472091926724,14.593095030379267,25.588503033842503,1.7546472091926724,3.691933381231416,25.588503033842503,-2.6854032607772527,-6.916017387824058,25.588503033842503,-6.916017387824058,25.881764362544814
110,002241.SZ,5669.915238360059,2022-06-23,2022-06-24,2022-08-05,TAKE_PROFIT_DYN,1,199643.28576191995,2.8400230023871615,30,-4.541975437497802,-5.007927395987089,6.36130039115117,6.5166177106475764,2.996537045044523,23,2,0.0,6,,-4.541975437497814,6.361300391151148,2.866761408367746,6,3.676594708260415,3.5212773887640085,0.6770440880242932,0.6809770212844406,31,-0.32213593527242734,-0.32213593527242734,-0.32213593527242734,-3.066670165193819,-0.32213593527242734,-3.066670165193819,7.971786188116403,7.971786188116403,-3.066670165193819,10.082966364979029,13.460854647959186,-3.066670165193819,-1.7094829086392704,13.460854647959186,-4.634975439434608,-24.299110801069222,13.460854647959186,-24.299110801069222,-27.82779766811102,13.460854647959186,-34.6137339508837,42.37107921318447
111,002466.SZ,26249.789718000015,2022-08-19,2022-08-22,2022-08-24,TAKE_PROFIT_DYN,1,196104.83200307997,13.385590477234006,2,9.375047340307896,-2.8634264366274254,11.156190560657064,14.305325223439368,13.558154004804134,2,1,0.0,0,0.0,0.0,13.415070730758071,13.415070730758071,0,0.9197347462053624,-2.2293999165769414,2.251667968699282,0.9464297250950053,3,-9.068263805360965,-9.068263805360965,-9.068263805360965,-6.173842043319466,-6.173842043319466,-9.068263805360965,-7.637222878318106,-6.173842043319466,-9.068263805360965,-11.461416994088014,-6.173842043319466,-14.929872122344456,-6.990424719202681,-6.173842043319466,-15.900069361017588,-22.66719510076266,-6.173842043319466,-25.141198059379132,-25.310982576146944,-6.173842043319466,-26.281179814820067,21.430417923308916
112,600036.SH,-9253.682413919945,2022-07-13,2022-07-14,2022-08-31,TAKE_PROFIT_DYN,3,591232.16840688,-1.5651520516643562,34,-11.737442003785814,-12.409355508629105,-1.9543813732675774,-0.04614701951263234,-6.77796779491695,29,0,,35,,-10.182982249185136,0.0,-5.2556913624825174,35,1.5190050321517239,-0.3892293216032212,1.0397860481809775,0.8771350468214681,35,-0.5341747277231135,-0.5341747277231135,-0.5341747277231135,-1.3126029255061566,-0.5341747277231135,-1.3126029255061566,-3.7632102148231095,-0.5341747277231135,-3.7632102148231095,3.8192570450634955,3.8192570450634955,-3.9938556067588338,-4.426315716638296,3.8192570450634955,-4.426315716638296,-19.129959452540092,3.8192570450634955,-22.676132353551704,0.9073589718751052,3.8192570450634955,-22.676132353551704,25.520688697584
113,601888.SH,27874.478903040057,2022-08-08,2022-08-09,2022-09-26,TAKE_PROFIT_DYN,2,387908.2499291999,7.1858432781792185,33,-5.563678395926985,-8.13301751785901,5.494966926837597,6.176628326533851,3.9489378981295786,19,2,0.0,6,,-5.453563862129885,5.494966926837597,4.372419792880988,6,-1.009214951645368,-1.6908763513416218,1.1529008573826758,1.0705268993111259,34,2.1228848279845947,2.1228848279845947,2.1228848279845947,-0.500177662040191,2.138017880811671,-0.500177662040191,-5.267089302566008,2.138017880811671,-5.267089302566008,-5.705947834550928,2.138017880811671,-9.126017773467876,-19.108788288389167,2.138017880811671,-19.108788288389167,-7.254563573854034,2.138017880811671,-19.108788288389167,10.042515807482566,12.655489595622637,-19.108788288389167,2.3194376035463096
114,000858.SZ,-19054.20275801979,2022-07-29,2022-08-01,2022-09-27,TAKE_PROFIT_DYN,4,772269.0347572198,-2.4673011477159523,40,-11.069322834028705,-12.093508732164192,0.2806717092431521,1.5958831084881497,-6.204585330635737,37,4,4.0,31,,-11.533528441734731,0.0,-6.811749510774378,41,4.063184256204102,2.7479728569591044,0.7578877376123435,0.7031873801626473,41,1.198002962428335,1.198002962428335,1.198002962428335,0.9772290172862297,1.198002962428335,0.5476148537664871,-5.371513621394408,1.198002962428335,-5.371513621394408,-5.305878124190011,1.198002962428335,-8.366879039268172,-14.924461896326457,1.198002962428335,-20.342373847381,-7.483783258699805,1.198002962428335,-20.342373847381,8.03006153506869,9.838021139880947,-20.342373847381,6.285310734463301
115,300274.SZ,50975.92231200007,2022-08-31,2022-09-01,2022-10-12,TAKE_PROFIT_DYN,2,385710.48365849996,13.216110132265186,23,-4.084494072894174,-6.8032886182257,12.317414003859994,13.030540441979731,11.359105782234202,9,23,2.0,3,,-3.139601542385506,19.94106396706745,19.94106396706745,2,-0.18556969028545467,-0.8986961284051915,1.0547921695573261,1.0093562211170701,24,2.3814698344886365,2.3814698344886365,2.3814698344886365,3.326036952586353,5.647430717402724,2.3814698344886365,5.903584512141102,7.880771615277826,2.3814698344886365,6.2237767555640255,7.880771615277826,0.8605566782296181,0.8765662904007598,11.586996832898478,0.8605566782296181,-15.044993013805485,11.586996832898478,-15.621339051966798,-8.817253879229092,11.586996832898478,-26.70799548048648,34.318507890961264
116,300760.SZ,94426.04608164012,2022-09-21,2022-09-22,2022-10-14,TAKE_PROFIT_DYN,2,361725.29413019994,26.10435256088347,11,-1.980688023632804,-2.945980399968118,30.30297922935963,33.68533307183614,24.964544657796207,1,11,2.0,2,1.0,-1.980688023632804,28.100539791731592,28.100539791731592,2,7.580980510952671,4.198626668476159,0.869945795328225,0.7930464459925008,12,1.1545597532858665,1.1545597532858665,1.1545597532858665,0.5445671050766432,1.5959614685729262,0.5445671050766432,1.6296796551573456,1.6296796551573456,0.5445671050766432,-1.1413422241447813,1.6296796551573456,-3.835731861209568,-7.3332273969216715,1.6296796551573456,-7.397598480401024,-4.534617910414096,2.886448427849686,-7.397598480401024,-2.327609333978775,2.886448427849686,-7.397598480401024,9.727394607478022
117,603259.SH,-63685.73171682004,2022-07-27,2022-07-28,2022-10-17,TAKE_PROFIT_DYN,5,971719.0772889599,-6.553924195303395,51,-28.309548483894677,-30.331188114500684,-0.2761456061580514,1.2685944192793785,-15.082831240988149,46,0,,52,,-28.327108220308983,0.0,-15.210600132180662,52,7.822518614582774,6.277778589145344,0.7760607723391658,0.7524502389780523,52,-0.08303217231133697,-0.08303217231133697,-0.08303217231133697,-3.721259984218872,-0.08303217231133697,-3.721259984218872,-9.373942792652379,-0.08303217231133697,-9.373942792652379,-6.7246292517666895,-0.08303217231133697,-10.631451063211017,6.41205908921485,6.41205908921485,-10.631451063211017,-1.4626286244776243,7.742820268738071,-10.631451063211017,9.305548993315815,9.305548993315815,-10.631451063211017,
118,601012.SH,-9355.142538539832,2022-08-03,2022-08-04,2022-10-27,TAKE_PROFIT_DYN,3,595402.4173897799,-1.5712301907594528,54,-19.391196211456485,-20.796755126688293,7.05088088134167,8.474009283013872,-8.765135673331226,51,10,3.0,44,,-18.49398139668682,7.0508808813417145,-7.865883130200824,44,10.045239473773325,8.622111072101124,0.6739245921626381,0.6568166333762125,55,-5.157177184880157,-5.157177184880157,-5.157177184880157,-1.6908405134646087,-1.6908405134646087,-7.602870280823348,-3.4817811270293153,-0.7087117898968653,-7.602870280823348,-6.871088094635624,0.908911990097061,-7.602870280823348,-9.201236634864962,0.908911990097061,-10.510741599621943,-21.314157558867063,0.908911990097061,-21.314157558867063,-9.201236634864962,0.908911990097061,-21.930395189340945,22.63358778625955
119,688599.SH,19306.64288988005,2022-08-19,2022-08-22,2022-10-27,TAKE_PROFIT_DYN,2,393935.83669439994,4.900961296612725,42,-10.65050057855813,-11.786055670947748,7.8633596619208435,12.721810563537206,2.5429103270830034,38,12,0.0,16,,-14.201396705616542,7.8633596619208435,-1.65638294324163,26,7.820849266924481,2.9623983653081183,0.8399902382955723,0.6808841213634591,43,-3.993056212633306,-3.993056212633306,-3.993056212633306,-1.5119306395038001,-1.5119306395038001,-6.88069388531507,-1.5820189325300715,-0.8951536608727384,-6.88069388531507,-0.5026592199256941,6.2959052036212215,-6.88069388531507,-6.47418178576279,6.2959052036212215,-10.371090878022681,-22.328153668302107,6.2959052036212215,-24.795261582826345,-0.47462390271519883,6.2959052036212215,-24.795261582826345,29.24963734669656
120,002459.SZ,22228.184554200096,2022-08-19,2022-08-22,2022-10-27,TAKE_PROFIT_DYN,2,395027.21037779993,5.627000867343111,42,-8.526124331595442,-10.712387916035315,8.523695149834975,10.831417822299283,5.715409210849964,39,12,0.0,7,,-10.533507997019054,6.142155159719209,3.265218406319348,8,5.204416954956172,2.896694282491864,0.8301041083955898,0.7584262957915768,43,-4.093476546848141,-4.093476546848141,-4.093476546848141,-5.644525443664616,-4.093476546848141,-10.240225878676391,-2.7722126717822593,-0.4169161988387238,-10.240225878676391,-4.56740815420873,2.7139047225130275,-10.240225878676391,-16.817822126286973,2.7139047225130275,-21.6002228914711,-20.551828729734044,2.7139047225130275,-21.844369477081106,-5.213678527882271,2.7139047225130275,-22.849678947239926,24.888143176733774
121,601899.SH,27654.88521276001,2022-09-26,2022-09-27,2022-10-28,TAKE_PROFIT_DYN,2,399857.2898720399,6.916188828671841,18,-3.0800587220820574,-3.339202950097886,6.637849828511322,8.451859424622077,6.660654520576692,1,17,0.0,2,,-3.0800587220820463,7.201100752774536,7.088923624412158,1,1.5356705959502355,-0.2783390001605195,1.028641862465718,0.8697597767574605,19,-3.7872824280591244,-3.7872824280591244,-3.7872824280591244,0.3430615081100541,0.3430615081100541,-3.7872824280591244,1.557868548159802,1.557868548159802,-3.7872824280591244,20.508858372936057,20.508858372936057,-3.7872824280591244,18.929609220871345,21.359223300970886,-3.7872824280591244,20.26589696492611,28.891026949279386,-3.7872824280591244,40.06725171773715,44.68351846992624,-3.7872824280591244,3.1905961376994183
122,002460.SZ,21964.795079400064,2022-08-25,2022-08-26,2022-11-01,TAKE_PROFIT_DYN,5,986643.8627245199,2.226213115920718,41,-16.296158903140224,-16.759571172188593,4.916537712548386,7.0018929232660065,-4.100144318165877,25,2,0.0,39,,-19.2767032631026,4.916537712548386,-7.631498127733128,39,4.775679807345289,2.6903245966276677,0.8731738521806821,0.799015759796601,42,4.038385476956563,4.038385476956563,4.038385476956563,8.556541093350155,8.556541093350155,2.3229360183258274,9.124330702896955,9.124330702896955,2.3229360183258274,3.6397246872747813,9.124330702896955,2.3229360183258274,-5.698602295271371,9.124330702896955,-6.894584664316749,-11.05032138099964,9.124330702896955,-12.94698028948572,-2.775089837604927,9.124330702896955,-17.356410235966123,24.266578102513016
123,002271.SZ,-35551.88611758,2022-08-23,2022-08-24,2022-11-02,TAKE_PROFIT_DYN,3,595984.1496008399,-5.965240206705305,44,-27.211616337282262,-29.215253564987187,-1.3521733672156588,0.6201570288063785,-13.460622736711725,37,1,,45,,-28.06214311914641,0.0,-14.579594338955271,45,6.585397235511683,4.613066839489646,0.8216099687518611,0.7792757966306791,45,-0.3340167055382093,-0.3340167055382093,-0.3340167055382093,0.6789225076178296,2.162154926882054,-0.3340167055382093,1.547156118894466,2.162154926882054,-0.3340167055382093,12.689487463611048,17.935065531740623,-2.0343075276215927,18.984181145366552,23.289172801279754,-2.0343075276215927,21.95064598389498,26.798283646856103,-2.0343075276215927,34.14209294223749,41.44972583714903,-2.0343075276215927,6.39386189258312
124,600703.SH,5709.158811720088,2022-09-20,2022-09-21,2022-11-03,TAKE_PROFIT_DYN,2,397418.21987867996,1.4365619204532005,26,-12.966991792339533,-17.13592950068992,-1.6954194697625713,-0.09990009990008542,-1.0738874726509695,8,26,,27,,-15.60469407250732,0.0,-4.192902333574078,27,-1.536462020353286,-3.131981390215772,1.2778655275930237,1.0901889744497655,27,1.2967229183445284,1.2967229183445284,1.2967229183445284,4.314293503482691,7.175782851458523,1.2967229183445284,1.348749997398646,7.175782851458523,1.2967229183445284,3.637941475779316,7.175782851458523,1.2967229183445284,-4.270174540444827,7.175782851458523,-7.9640971532863425,-11.085721896532718,7.175782851458523,-11.085721896532718,3.9501039501039337,7.175782851458523,-11.085721896532718,17.03883495145632
125,002594.SZ,-20886.239206799888,2022-07-12,2022-07-13,2022-11-04,TAKE_PROFIT_DYN,5,937827.41874822,-2.227087712436274,76,-22.44325254033992,-23.76232182057424,9.337264677070522,13.119889818918962,-10.053858762596612,71,2,0.0,42,,-21.621423251392848,9.3372646770705,-9.215278448776942,42,15.346977531355236,11.564352389506796,0.6361181817654166,0.5838921569735314,77,0.2402812162587864,0.2402812162587864,0.2402812162587864,-3.0845273080182922,0.2402812162587864,-3.0845273080182922,-3.382861478304766,0.2402812162587864,-6.4524684834211365,-8.45813676076882,0.2402812162587864,-8.45813676076882,-5.798289941347157,0.2402812162587864,-11.919532013610802,-7.635022001785618,0.2402812162587864,-11.919532013610802,4.230051445391303,9.387997642513056,-11.919532013610802,4.715276180462002
126,002466.SZ,1641.5051238001324,2022-09-01,2022-09-02,2022-11-04,TAKE_PROFIT_DYN,2,393120.8108427599,0.41755742217796255,39,-14.941832598643856,-17.18698543788346,5.853435502509852,8.024976773249804,-4.2903490540959215,34,13,2.0,23,,-13.179662643195867,5.853435502509874,-2.4306023595104254,23,7.607419351071842,5.435878080331889,0.7386002405022943,0.6982615122391186,40,0.9365108481512507,0.9365108481512507,0.9365108481512507,1.3210675139219141,1.7729215962024147,0.9365108481512507,-1.84191106204169,1.7729215962024147,-3.524346474788287,-11.532739039462058,1.7729215962024147,-11.532739039462058,-14.984135114753638,1.7729215962024147,-16.262786028441056,-24.05967242694097,1.7729215962024147,-24.05967242694097,-11.946137455165506,1.7729215962024147,-24.05967242694097,25.382580767050822
127,002050.SZ,17200.50627240003,2022-10-11,2022-10-12,2022-11-04,TAKE_PROFIT_DYN,1,198878.32292327998,8.648758708124946,17,-4.680775454281683,-7.919778230107077,12.023224575332048,13.596454495018673,8.814113167980707,6,17,0.0,5,,-4.6807754542816715,8.677007385389125,8.677007385389125,5,4.947695786893727,3.3744658672071015,0.7979845629056112,0.7700482305568289,18,2.056176822531963,2.056176822531963,2.056176822531963,0.9930916472972617,2.056176822531963,0.822998019259713,-0.6653212260688823,2.056176822531963,-3.0041086115852433,-5.427942811120379,2.056176822531963,-6.2358875442987465,-7.298972719533459,2.056176822531963,-11.04103253635963,-9.765330326077992,2.056176822531963,-11.04103253635963,5.840760046367532,11.66646680665373,-12.401781560660051,5.217060167555215
128,603799.SH,7457.20996104012,2022-09-29,2022-09-30,2022-11-07,TAKE_PROFIT_DYN,2,391738.0704236999,1.9036214562895246,21,-16.869444897549368,-18.54792526856066,-0.3745605242473804,1.5938391835749632,-0.016876357184869573,16,21,,22,,-17.29361284967942,0.0,-0.6523693216307969,22,-0.3097822727145614,-2.278181980536905,1.1381144559112089,1.0153800960909218,22,1.0157893829185083,1.0157893829185083,1.0157893829185083,-2.0059852503822806,1.0157893829185083,-2.0059852503822806,1.8246482494081118,1.8246482494081118,-2.0059852503822806,-2.3112150113217322,2.831906460508371,-3.9441942323479195,-4.157855065005556,2.831906460508371,-5.684003869702914,-14.230437176008149,2.831906460508371,-15.100341994685639,-1.5328791209260895,3.610242350904036,-15.130864970779601,4.963912210929453
129,600030.SH,13108.441740660055,2022-09-16,2022-09-19,2022-11-11,TAKE_PROFIT_DYN,2,398260.27975734,3.2914258355483077,34,-6.306227832113387,-7.231732844811867,3.22102965154738,4.527624963592269,3.335356741351303,25,34,0.0,29,,-5.80892340501562,3.7529427896622947,3.7529427896622947,26,1.2361991280439617,-0.07039618400092751,1.0073889242651053,0.8948752858629337,35,1.1537853643116769,1.1537853643116769,1.1537853643116769,2.365523418154991,4.314841156946425,1.1537853643116769,0.8903640482587738,4.314841156946425,0.8903640482587738,1.944049312470364,4.314841156946425,-0.6901638480585892,8.740319266635055,10.110110110110092,-0.6901638480585892,8.793003529845622,10.110110110110092,-0.6901638480585892,10.268162899741839,16.379537432169002,-0.6901638480585892,5.613399728383878
130,600036.SH,28237.720775220194,2022-10-10,2022-10-11,2022-11-11,TAKE_PROFIT_DYN,3,594843.7141646999,4.74708231806275,23,-15.71812899274364,-17.35222940004316,-1.325475405374743,0.7800001194150363,-0.9846397704214582,14,0,,24,,-17.325986427515538,0.0,-2.9959494102357653,24,-3.967082198647714,-6.072557723437493,1.4219206476814543,1.2187862333416046,24,5.178101373408928,5.178101373408928,5.178101373408928,5.939801564405256,5.939801564405256,5.178101373408928,1.7821880218836572,5.939801564405256,1.7821880218836572,4.7972512779107745,5.939801564405256,1.1474378627200466,16.635341746311937,16.635341746311937,1.1474378627200466,23.14153087773887,23.14153087773887,1.1474378627200466,19.713880018255402,33.39274594823105,1.1474378627200466,10.254580061860587
131,601166.SH,23833.14071544027,2022-08-29,2022-08-30,2022-11-14,TAKE_PROFIT_DYN,4,796843.9665786598,2.990941980494697,48,-11.048666972837573,-11.758857256487564,4.693884314737429,4.871431885649913,-2.1508704565576298,38,11,1.0,31,,-11.1317693952677,4.693884314737384,-2.36546032945949,31,1.880489905155216,1.702942334242732,0.8918255177871455,0.8869237997558039,49,1.007351762638753,1.007351762638753,1.007351762638753,-0.9281184507770823,1.007351762638753,-0.9281184507770823,-2.561171443346688,1.007351762638753,-2.561171443346688,1.1888020951464906,2.8823385318853534,-2.561171443346688,6.027477628686073,8.870199504640585,-2.561171443346688,7.539563732917198,9.475033946333046,-2.561171443346688,3.124272308562337,10.261318720533218,-2.561171443346688,7.021393307734512
132,601318.SH,68380.03759572003,2022-10-24,2022-10-25,2022-11-14,TAKE_PROFIT_DYN,3,592517.7865807199,11.54058817209945,14,-3.9013142259549882,-4.565897115125428,10.586592757960522,11.968925167435017,10.635346558710058,4,14,0.0,5,,-4.535295556757379,9.76698322361569,9.76698322361569,6,0.4283369953355667,-0.9539954141389284,1.0658477042403747,0.9740948533938982,15,2.0944131841875713,2.0944131841875713,2.0944131841875713,2.262608263568433,2.262608263568433,1.637883683010899,-0.9811539816340531,2.262608263568433,-0.9811539816340531,-0.5005966119744354,2.719137764745061,-0.9811539816340531,10.936668785924674,14.372653978991012,-0.9811539816340531,18.241140804750987,22.325878446857807,-0.9811539816340531,19.899063730076705,25.785891508407133,-0.9811539816340531,8.003820439350537
133,000651.SZ,22020.486865200015,2022-10-31,2022-11-01,2022-11-14,TAKE_PROFIT_DYN,1,198625.00407749997,11.08646263720554,9,1.776484385180055,-0.6211180124223392,10.185466707205858,12.617816965643058,11.255527081614058,2,9,0.0,0,0.0,0.0,11.115345117491216,11.115345117491216,0,1.5313543284375175,-0.9009959299996826,1.1071468455391669,0.8843294924422014,10,-0.08729478308261429,-0.08729478308261429,-0.08729478308261429,-0.8368743158134739,-0.08729478308261429,-0.899339276874378,-2.8669855502928776,-0.08729478308261429,-2.8669855502928776,-1.6176863290747856,-0.08729478308261429,-2.8669855502928776,3.941695205345752,5.815644037172918,-2.8669855502928776,6.565223569903744,6.815083414147383,-2.8669855502928776,8.907659609687691,10.812840922045286,-2.8669855502928776,4.622322435174723
134,300059.SZ,13075.465312079992,2022-08-02,2022-08-03,2022-11-15,TAKE_PROFIT_DYN,5,994437.6725883599,1.3148602142200303,68,-27.70882601391076,-28.414335193996198,9.96536420265235,10.717907328076826,-11.147750554530212,56,10,2.0,38,,-29.6919112098061,9.96536420265237,-13.694020458172806,38,9.403047113856797,8.65050398843232,0.7703864651447981,0.7597110079098356,69,-1.6996901713982493,-1.6996901713982493,-1.6996901713982493,-3.6582854668523623,-1.5408851474425056,-3.6582854668523623,-5.087530682454,-1.5408851474425056,-5.775685786262185,-1.4350151314720172,-1.4350151314720172,-7.5754760577605555,4.864250818772242,8.94024643363618,-7.5754760577605555,10.687101697149304,11.534061824913234,-7.5754760577605555,14.657227296042752,23.656178653534553,-7.5754760577605555,7.277397260273964
135,000625.SZ,13858.658773740055,2022-08-24,2022-08-25,2022-11-30,TAKE_PROFIT_DYN,3,598708.5787682999,2.31475867645841,63,-25.9440493846272,-27.19034084759626,0.6872313503961669,2.6550599761367977,-14.94375617816196,40,3,3.0,60,,-25.984550781692185,0.6872313503961669,-14.707617548951823,60,0.3403012996783876,-1.6275273260622432,1.0611133704854776,0.9885978646529759,64,6.0382416314619825,6.0382416314619825,6.0382416314619825,6.34671651620804,6.34671651620804,4.727223371291167,8.274684545870992,8.274684545870992,4.727223371291167,2.1051868509495586,8.274684545870992,2.1051868509495586,-4.681260613464011,8.274684545870992,-4.681260613464011,11.590789556891256,14.058588634859825,-5.683803988888725,3.8017987170529732,14.058588634859825,-5.683803988888725,10.412440838404333
136,000858.SZ,50772.83168412,2022-10-24,2022-10-25,2022-11-30,TAKE_PROFIT_DYN,2,390125.04014483996,13.014502136358589,26,-5.245731178235613,-6.07616184880837,11.334491441063399,13.541875531218327,11.903854582362584,4,26,0.0,3,,-5.40654561873507,11.57317476096711,11.57317476096711,3,0.5273733948597386,-1.6800106952951896,1.1013261844469866,0.9731179330203201,27,4.3940912145195465,4.3940912145195465,4.3940912145195465,6.880419895246903,6.880419895246903,3.423661908011155,10.159582976716418,11.25052311213761,3.423661908011155,16.755965190891065,16.755965190891065,3.423661908011155,14.282321860575564,16.755965190891065,3.423661908011155,34.78819080137037,38.01661248119237,3.423661908011155,30.81133344724778,38.01661248119237,3.423661908011155,8.295036764705868
137,600519.SH,-51563.99595131981,2022-09-05,2022-09-06,2022-12-01,TAKE_PROFIT_DYN,5,879689.2417513198,-5.861614932184937,56,-26.518429700366752,-27.44375317821398,2.765336833857468,3.5371654759676963,-9.735239043930521,33,14,0.0,39,,-27.143121559546646,2.3523689092547206,-10.615377234487166,39,9.398780408152632,8.626951766042405,0.7054015658825854,0.6966268007393633,57,-1.4749689448484538,-1.4749689448484538,-1.4749689448484538,1.7885355234752875,1.7885355234752875,-1.4749689448484538,1.7294402836571576,1.7885355234752875,-1.4749689448484538,7.757757757757755,7.757757757757755,-1.4749689448484538,3.657874742212086,7.757757757757755,-1.4749689448484538,9.627699989145789,15.350290049085235,-1.4749689448484538,9.630112039750593,15.350290049085235,-1.4749689448484538,6.738459929949286
138,000568.SZ,56404.55472678004,2022-10-10,2022-10-11,2022-12-01,TAKE_PROFIT_DYN,5,956913.44182434,5.894426001503926,37,-25.68215911223951,-26.238295177725146,2.837639117793289,3.4603213791490006,-7.256140158076674,14,0,0.0,34,,-26.753161079168386,2.837639117793289,-8.707854580502715,34,-2.4341046223549254,-3.056786883710637,1.1071812240414691,1.0819602023445607,38,-1.2068235354293466,-1.2068235354293466,-1.2068235354293466,4.302756496704574,4.302756496704574,-1.2068235354293466,4.758898471458006,4.922904574740117,-1.2068235354293466,12.421058609169823,13.112959357391274,-1.2068235354293466,12.32880517607362,14.958028019315206,-1.2068235354293466,20.595737819638305,29.154806334674245,-1.2068235354293466,30.436104016565846,33.56247036038138,-1.2068235354293466,4.604758250191861
139,600887.SH,39977.748472680105,2022-10-20,2022-10-21,2022-12-01,TAKE_PROFIT_DYN,3,596091.28444866,6.706648715667189,29,-16.09056500903422,-18.517422677156436,-0.4655909813979564,1.329618800500687,-0.5983367713816912,6,0,,30,,-14.574004864689593,3.0900574754563426,3.0900574754563426,17,-5.377029915166502,-7.172239697065145,1.4590241036163922,1.2709234986594709,30,-0.5353499172410014,-0.5353499172410014,-0.5353499172410014,4.280692319449431,4.280692319449431,-0.5353499172410014,4.447916008223385,5.618481829641198,-0.5353499172410014,4.8826975990357235,6.989716077587782,-0.5353499172410014,3.243905449050799,6.989716077587782,-0.5353499172410014,7.123495028606963,12.875989922431618,-0.5353499172410014,3.879355466391887,12.875989922431618,-0.5353499172410014,9.748148148148145
140,002714.SZ,31025.12584284006,2022-10-26,2022-10-27,2022-12-06,TAKE_PROFIT_DYN,3,592937.31462966,5.23244617556544,28,-8.251748251748248,-8.911088911088893,-0.5994005994005902,0.8791208791208982,-0.13992007992007505,20,28,,29,,-7.637277239532237,0.4022123733560923,0.4022123733560923,28,-4.353325296444542,-5.83184677496603,1.7620990367808085,1.4446610838511211,29,-0.0599640215870445,-0.0599640215870445,-0.0599640215870445,-2.3808937860506973,-0.0599640215870445,-2.5809739381596364,-1.8006613449347841,-0.0599640215870445,-3.721430805180559,-7.462929649617644,-0.0599640215870445,-7.462929649617644,-5.041959809099527,-0.0599640215870445,-7.462929649617644,-1.4405170711387028,1.0604848302229852,-7.462929649617644,-3.8814949268677124,1.8407974234478264,-7.462929649617644,5.618860510805504
141,300750.SZ,-5179.083624359919,2022-09-01,2022-09-02,2022-12-07,TAKE_PROFIT_DYN,2,370418.2357075199,-1.3981718838619202,62,-23.11007725428209,-24.98657003373984,-0.3018544797520395,0.2387942246433017,-14.520019232788762,34,3,,63,,-23.110077254282114,0.0,-11.071412126934522,63,1.6369661085052218,1.0963174041098807,0.9519332385101859,0.9351063440853501,63,3.479099889583259,3.479099889583259,3.479099889583259,1.9729470336737887,4.4955069639142975,1.9729470336737887,-0.992599030657737,4.4955069639142975,-0.992599030657737,0.11978837272637044,4.4955069639142975,-0.992599030657737,0.28959972412792023,4.4955069639142975,-5.4938303598381255,11.482382712160955,17.342104852553785,-5.4938303598381255,-2.294486058069678,17.342104852553785,-5.4938303598381255,16.734479865771814
142,002371.SZ,19113.42458592003,2022-10-12,2022-10-13,2022-12-14,TAKE_PROFIT_DYN,1,180355.00811328,10.597667780822029,44,-1.5906814805375702,-5.446303563198207,20.948513202910092,23.122569383006407,10.765988319727903,0,16,2.0,4,2.0,-1.5906814805375702,20.948513202910092,10.626423174445133,4,12.524901602184379,10.350845422088064,0.5407624111038218,0.561589229446718,45,-1.0134584364276278,-1.0134584364276278,-1.0134584364276278,-6.10858958197894,-1.0134584364276278,-6.10858958197894,-8.672177579740604,-1.0134584364276278,-8.672177579740604,-9.953971578621434,-1.0134584364276278,-12.749884738680262,-9.629517472654726,-1.0134584364276278,-12.749884738680262,0.580772849680411,2.5154806667411655,-12.749884738680262,6.949686781619557,11.355853652772407,-12.749884738680262,3.956834532374087
143,603259.SH,26726.337087840075,2022-11-28,2022-11-29,2022-12-29,TAKE_PROFIT_DYN,2,396635.23435536,6.738265986701266,22,-1.8877921555909616,-2.1226976811561937,5.629184662496223,7.143020271694334,6.384014417979178,16,22,0.0,2,,-2.8346445332589454,5.329027602051806,5.224583001403338,4,0.40475428499306787,-1.109081324205043,1.1475435339292779,0.9563170078074146,23,-0.635930047694766,-0.635930047694766,-0.635930047694766,1.326817013091497,1.326817013091497,-0.635930047694766,7.423600070658876,7.914286835855444,-0.635930047694766,11.631239082219459,11.631239082219459,-0.635930047694766,15.066046438595437,20.43906651749787,-0.635930047694766,2.12418300653594,20.43906651749787,-0.635930047694766,-2.4760054171819035,20.43906651749787,-9.222948438634726,24.628233856182522
144,600522.SH,-22526.950726800016,2022-11-01,2022-11-02,2023-01-03,TAKE_PROFIT_DYN,2,396859.5166536,-5.676303523410963,43,-29.92156358492991,-30.663396009930654,5.439115340105438,5.884214795105902,-16.503793236466503,37,4,2.0,33,,-27.18668833433423,5.439115340105438,-13.35458814321444,33,11.560518318516866,11.115418863516402,0.6856559545397561,0.6836860723896149,44,-4.105288720673316,-4.105288720673316,-4.105288720673316,-2.3875946952869986,-2.3875946952869986,-4.105288720673316,-0.3737465275926777,0.04086927163851062,-4.105288720673316,-4.697597005289311,0.04086927163851062,-4.697597005289311,-10.028371566833105,0.04086927163851062,-10.20606405221789,-8.014523399138785,0.04086927163851062,-10.20606405221789,2.5877948954872165,10.939341708572492,-10.20606405221789,8.86278697277097
145,300274.SZ,48201.52225410007,2022-12-06,2022-12-07,2023-01-03,TAKE_PROFIT_DYN,2,390162.0867744599,12.35423017458993,18,-12.133975534551888,-12.997665159048433,10.945730542272347,12.730689099565208,10.844371766561988,12,18,0.0,10,,-14.551182865268009,7.65920496885153,7.65920496885153,10,0.3764589249752781,-1.4084996323175822,1.0610276243392867,0.9853679360447531,19,-2.8175381747428063,-2.8175381747428063,-2.8175381747428063,3.9787408927695944,3.9787408927695944,-2.8175381747428063,5.554438714791599,5.554438714791599,-2.8175381747428063,5.363969747294428,5.589069436154714,-2.8175381747428063,3.8835064090210203,13.329035660812183,-2.8175381747428063,3.8835064090210203,13.329035660812183,-2.8435112157651488,-12.60937464016516,13.329035660812183,-16.74774584305807,26.539343009931255
146,002241.SZ,34076.419577819994,2022-11-11,2022-11-14,2023-01-05,TAKE_PROFIT_DYN,2,398417.47761815996,8.552942953591648,37,-0.33691101306757565,-2.0552401335319215,12.876447396020364,14.95029288623595,8.264866805792082,29,3,0.0,2,,-0.33691101306758675,12.876447396020385,11.955570010274407,1,6.3973499326443015,4.323504442428716,0.6727929184562891,0.6238077380339809,38,-0.06408814500666882,-0.06408814500666882,-0.06408814500666882,0.04537068506451636,0.48320600534925706,-0.06408814500666882,0.04537068506451636,0.48320600534925706,-2.1438059163592205,2.4534649466306124,2.4534649466306124,-2.1438059163592205,22.101324944408596,24.564148621010307,-2.1438059163592205,9.349371241115367,26.42494873222048,-2.1438059163592205,25.987113411935738,28.559395918608608,-2.1438059163592205,2.0008514261387744
147,002812.SZ,71190.55750770017,2022-11-23,2022-11-24,2023-01-06,TAKE_PROFIT_DYN,3,580060.1064257999,12.272962184274384,30,-6.408093855536712,-7.454368122512756,9.896983224710464,13.16563567920499,10.664467403248846,3,30,0.0,5,,-4.134377125556887,11.419538014851494,11.419538014851494,2,0.8926734949306052,-2.37597895956392,1.145720191807146,0.9567083738919465,31,1.3491947652581882,1.3491947652581882,1.3491947652581882,4.068218511513932,4.068218511513932,1.3491947652581882,4.420173361917579,8.360687471338956,1.3491947652581882,3.467824943178255,8.360687471338956,1.3491947652581882,-3.9025236888042936,11.887137050873676,-3.9025236888042936,-23.191029706024548,11.887137050873676,-23.191029706024548,-18.567309122290176,11.887137050873676,-27.863057818245696,35.527046197495835
148,601012.SH,22382.58724128001,2022-12-22,2022-12-23,2023-01-18,TAKE_PROFIT_DYN,1,197228.2460148,11.348570853081775,17,0.7450261181604301,-1.83945407826005,11.157499217200705,13.071008593396648,11.51803420460138,0,17,0.0,0,0.0,0.0,11.377521481503571,11.377521481503571,0,1.7224377403148736,-0.19107163588106957,1.0183502645398124,0.8844812680703024,18,-0.32329747378725404,-0.32329747378725404,-0.32329747378725404,6.963597613642136,6.963597613642136,-0.32329747378725404,8.501199329338238,8.501199329338238,-0.32329747378725404,2.2393720523729455,8.501199329338238,-0.32329747378725404,-1.1255244558895594,8.501199329338238,-3.353932739507104,-12.245281791141094,8.501199329338238,-12.624111199356081,-16.189564453144158,8.501199329338238,-16.189564453144158,22.756212774697065
149,000625.SZ,30657.52661328003,2022-12-28,2022-12-29,2023-01-30,TAKE_PROFIT_DYN,1,199024.50692123998,15.403895272762636,16,-0.4255727972109269,-2.4610271554036722,13.578353187155145,16.835080160263537,15.579530493955929,3,16,0.0,1,,-0.4255727972109269,15.433900285533554,15.433900285533554,1,1.4311848875009012,-1.8255420856074913,1.1303593069290367,0.9258303830877397,17,-0.4634472614768126,-0.4634472614768126,-0.4634472614768126,1.931629025225079,4.185818471532743,-0.4634472614768126,-2.4358630269960435,4.185818471532743,-2.4358630269960435,-2.8585235481787263,4.185818471532743,-3.703844590544103,-6.45113797823158,4.185818471532743,-6.662468238822927,-17.017651007798797,4.185818471532743,-20.04671807627473,-22.582681203370857,4.185818471532743,-22.582681203370857,25.693035835023654
150,002709.SZ,61333.71345738013,2022-12-30,2023-01-03,2023-01-30,TAKE_PROFIT_DYN,2,394726.83229979995,15.538268097973235,14,-1.6808879194200377,-2.7348797990999762,12.135570851167188,16.397364103786117,14.97623935697332,1,14,0.0,1,,-1.6808879194200488,18.74259521567638,18.74259521567638,1,0.8590960058128818,-3.4026972468060475,1.246278536584916,0.9550969551625209,15,-2.1916601052575646,-2.1916601052575646,-2.1916601052575646,-2.3112302029283938,-0.637248835536719,-2.3112302029283938,-5.978046531500647,-0.637248835536719,-5.978046531500647,-7.970881492681226,-0.637248835536719,-8.26980673685831,-10.063358201920813,-0.637248835536719,-12.036264813489584,-17.61620270479518,-0.637248835536719,-22.199723115510505,-22.100081367451462,-0.637248835536719,-22.199723115510505,21.70076213397514
151,300014.SZ,13742.55426942007,2023-01-11,2023-01-12,2023-02-01,TAKE_PROFIT_DYN,1,196828.74317105996,6.981985480381129,9,-2.601201302499989,-4.915489331073742,5.253352006598777,7.532575065042613,7.144803248699394,2,9,7.0,7,5.0,-2.601201302499989,7.009800796606047,7.009800796606047,7,0.5505895846614832,-1.7286334737823523,1.2200804305166395,0.9557690603823304,10,-1.6016888728309864,-1.6016888728309864,-1.6016888728309864,-5.321625025199572,-1.6016888728309864,-5.321625025199572,-7.907035195614109,-1.6016888728309864,-7.907035195614109,-9.641550879563098,-1.6016888728309864,-9.641550879563098,-20.7249970109604,-1.6016888728309864,-21.10680863950264,-25.317645457139804,-1.6016888728309864,-32.3647972296621,-27.270339214541483,-1.6016888728309864,-34.132039624628995,33.05986696230599
152,300750.SZ,18777.097441440157,2023-02-17,2023-02-20,2023-03-31,TAKE_PROFIT_DYN,3,517921.89469019993,3.6254689430868456,29,-9.710481825866424,-11.62683470375777,0.9735456850841651,1.4586375163298415,-0.7323878045031651,19,0,0.0,29,,-9.720502897352413,0.9735456850841651,-0.06324799504713319,29,-2.166831426757004,-2.6519232580026806,1.2482138178027522,1.165590617618727,30,-3.545577575255199,-3.545577575255199,-3.545577575255199,-6.131662137269,-3.545577575255199,-6.136500461987449,-2.7472539967102416,-2.7472539967102416,-6.136500461987449,-1.3272056918439246,-1.3272056918439246,-6.136500461987449,-45.443050474709814,-0.7248342643963679,-45.689805035350986,-46.076871012827326,-0.7248342643963679,-47.48966183061597,-44.388295686086785,-0.7248342643963679,-49.85076429322164,49.48461144820527
153,600519.SH,11832.07440599997,2023-03-08,2023-03-09,2023-03-31,TAKE_PROFIT_DYN,2,352343.485494,3.358107895598216,16,-2.2696760253321235,-2.587796818566035,2.8383381324557977,4.420466411416646,3.0177401783736624,7,16,0.0,7,,-1.7819515267840536,3.4014014657110403,3.4014014657110403,4,1.0623585158184299,-0.5197697631424183,1.1017557405063085,0.848413439827223,17,-1.157595952116497,-1.157595952116497,-1.157595952116497,-1.437876232396773,-0.4708818407448523,-1.437876232396773,-2.8233713165219942,-0.4708818407448523,-2.8233713165219942,-3.8490545339860405,-0.4708818407448523,-7.079682422148181,-4.019087580731407,-0.4708818407448523,-7.079682422148181,-10.270818763969448,-0.4708818407448523,-10.655861340792839,-5.434201324612287,-0.4708818407448523,-10.655861340792839,10.233165618679694
154,300059.SZ,26668.556488800037,2023-03-07,2023-03-08,2023-04-03,TAKE_PROFIT_DYN,2,397745.6319837,6.704927557794763,18,-5.331576154518791,-6.726689769083782,14.050537990687628,14.847745770439058,3.284496052575858,10,18,0.0,4,,-5.331576154518802,7.540475502464128,7.540475502464128,3,8.142818212644295,7.345610432892865,0.6210108774584026,0.622570973051544,19,9.507097458904678,9.507097458904678,9.507097458904678,8.301072156493827,9.507097458904678,6.274949648443617,4.972442321839909,9.507097458904678,4.972442321839909,-13.021455190129883,9.507097458904678,-13.021455190129883,-22.814380645705945,9.507097458904678,-24.358093032791828,-29.954050435978154,9.507097458904678,-32.36610104079985,-30.291737520653182,9.507097458904678,-32.414342052896274,38.28193832599119
155,300274.SZ,14762.781958140084,2023-03-14,2023-03-15,2023-04-18,TAKE_PROFIT_DYN,2,381202.80996797996,3.872684453553771,23,-9.38219407231764,-11.398854894751498,3.547051948146196,4.018234383294295,0.9769779319821925,2,23,23.0,23,21.0,-13.277474799775979,0.0,-3.4853621659998946,24,0.1455499297405236,-0.32563250540757505,1.0251857304665855,0.9905591822739335,24,1.8172750412168481,1.8172750412168481,1.8172750412168481,2.657197566763103,2.657197566763103,-1.3744305558588632,-4.38881917531927,2.657197566763103,-4.38881917531927,0.33341191275182425,9.637887001302992,-4.38881917531927,7.024794699603576,9.637887001302992,-4.38881917531927,6.47417882174548,12.017667490350693,-4.659460877995292,5.503601681114256,14.593429902025834,-4.659460877995292,7.932242039254018
156,002594.SZ,30343.865333760157,2023-03-10,2023-03-13,2023-04-28,TAKE_PROFIT_DYN,2,387063.18626975996,7.839512102970262,33,-2.9639895104068503,-3.691377297202214,7.008662361963713,8.68248084862351,7.954485527710786,3,32,7.0,7,4.0,-4.25892241935415,6.379639545661253,6.379639545661253,8,0.8429687456532475,-0.8308497410065483,1.083312819061541,0.9318750275202065,34,-3.3262811134077586,-3.3262811134077586,-3.3262811134077586,-2.7481989198438694,-2.7481989198438694,-4.2642290433624215,-0.5430641947259618,-0.5430641947259618,-4.2642290433624215,-0.07983276809530038,1.5012794566854115,-4.2642290433624215,-2.8898481990615177,1.5012794566854115,-6.232005516818317,-1.124974747187646,4.085421712682935,-6.232005516818317,2.217182570569176,4.085421712682935,-6.232005516818317,5.951154921288797
157,000858.SZ,-10014.006498299947,2023-04-10,2023-04-11,2023-05-22,TAKE_PROFIT_DYN,2,378045.83636819996,-2.6488868636941545,26,-8.771991176731076,-10.04809725253275,-1.9679021853289291,-0.0021558047323066987,-4.713240773467964,9,0,,27,,-7.836522688800107,0.0,-3.857445572522933,27,2.646731058961848,0.6809846783652254,0.8999153774699687,0.7365372799837143,27,-0.8402082697556712,-0.8402082697556712,-0.8402082697556712,-4.145534660763827,-0.8402082697556712,-4.145534660763827,-4.111341629132703,-0.8402082697556712,-4.145534660763827,-5.855186242319766,-0.8402082697556712,-8.14611936160471,1.1771805964803317,4.904221044272283,-8.14611936160471,-4.07714859750159,4.904221044272283,-8.14611936160471,-5.0003604515417965,4.904221044272283,-8.14611936160471,11.141894828335523
158,000651.SZ,36473.63271822012,2023-05-04,2023-05-05,2023-06-09,TAKE_PROFIT_DYN,3,593550.0859087799,6.144996620188443,25,-8.199145487281069,-8.255586221687905,0.1540832049306884,3.399425433323766,2.901335952183426,19,24,24.0,24,5.0,-8.718227690951007,2.19056421553101,2.19056421553101,25,-2.7455711868646766,-5.990913415257754,1.7171973420102171,1.235570007832989,26,-1.0517366681750406,-1.0517366681750406,-1.0517366681750406,0.42919631960727234,0.42919631960727234,-1.0791613531339617,1.7455811976359925,1.7455811976359925,-1.0791613531339617,1.1422381285394856,1.7455811976359925,-1.353408202723283,1.7181565126770604,2.5683217464039343,-1.353408202723283,3.9395559943504965,6.572325750407937,-1.353408202723283,1.3616356082109426,6.572325750407937,-6.125303385577374,11.91456510550696
159,601899.SH,13386.752086680004,2023-05-12,2023-05-15,2023-06-09,TAKE_PROFIT_DYN,1,198988.46155187997,6.727401168026937,19,-4.285150186789521,-5.558921952364559,6.541909820598368,8.088632678796625,6.889831479995423,8,19,0.0,9,,-4.285150186789544,6.755150292330558,6.755150292330558,9,1.361231510769688,-0.18549134742856843,1.0171321990736173,0.9002582112650704,20,-1.6874016874016795,-1.6874016874016795,-1.6874016874016795,1.1215296929582896,1.1215296929582896,-1.6874016874016795,2.3983166840309655,2.3983166840309655,-1.6874016874016795,-0.49573382906715757,2.3983166840309655,-2.1981164838307587,0.7810531620055405,2.3983166840309655,-3.389784342165292,10.910229957849005,11.250706488801733,-3.389784342165292,11.931659550707185,12.357255214398077,-3.389784342165292,0.37878787878787
160,600519.SH,21578.429080440023,2023-04-12,2023-04-13,2023-06-16,TAKE_PROFIT_DYN,2,331216.8940079999,6.514893856808776,43,-3.711672942442157,-4.355999030555235,6.265923425686748,6.402473266378594,4.404591266721458,31,43,0.0,11,,-3.711672942442168,5.285285157187181,5.285285157187181,11,-0.11242059043018138,-0.24897043112202777,1.0249529467755685,1.0104494938804853,44,-1.2570492855791815,-1.2570492855791815,-1.2570492855791815,-1.7196237737310271,-1.2570492855791815,-1.7196237737310271,-3.1226342775746874,-1.2570492855791815,-3.2387025395956504,-2.01573938854549,-1.2570492855791815,-4.257838498804123,-2.457364970869158,-0.7474813059749397,-4.312758603272582,2.648506184765287,7.40560636769283,-4.312758603272582,3.043704462280572,7.40560636769283,-4.312758603272582,6.483921982076963
161,601012.SH,-177486.81922835985,2023-03-16,2023-03-17,2023-06-29,TAKE_PROFIT_DYN,5,994349.56168548,-17.84953964554572,68,-32.5106150031966,-33.27641695594217,1.8516597151612135,2.518648512713817,-26.26038649777521,59,15,9.0,53,,-33.23844317904613,2.8211892984984166,-27.147529155038374,52,20.368188158259535,19.70119936070693,0.4266619563988964,0.430977764907429,69,-3.9534849441141273,-3.9534849441141273,-3.9534849441141273,-3.450974401442941,-3.2499701843744733,-3.9534849441141273,-6.566539766004286,-3.2499701843744733,-6.566539766004286,2.746655624835004,2.746655624835004,-8.342077016775818,-4.020486349803621,2.746655624835004,-8.342077016775818,-13.702189471935123,3.3496682760404406,-16.884756242185972,-14.975216180035467,3.3496682760404406,-16.884756242185972,19.578606158833082
162,600036.SH,-2488.6568134799018,2023-04-27,2023-04-28,2023-07-25,TAKE_PROFIT_DYN,2,396388.92433139996,-0.6278320762058595,57,-3.208313559515019,-3.7930646063732754,9.56388035870479,11.102698903068609,-0.5072561449640633,56,3,0.0,8,,-2.4422662948814677,9.563880358704813,0.15381533239906542,8,11.730530979274468,10.191712434910649,0.20203901536665891,0.21249213094455277,58,3.1624950042749678,3.1624950042749678,3.1624950042749678,8.575819329836643,8.575819329836643,3.1624950042749678,8.23555322937275,9.99875029541284,3.1624950042749678,5.637157553103145,9.99875029541284,3.1624950042749678,-3.1169612133765456,9.99875029541284,-3.7046935687232496,1.9560970117212362,9.99875029541284,-4.570825460813099,-2.8076283947730207,9.99875029541284,-4.570825460813099,13.24521934758155
163,600809.SH,75114.06182693993,2023-05-22,2023-05-23,2023-07-25,TAKE_PROFIT_DYN,4,776400.23458998,9.67465728119054,43,-16.341576975061134,-16.84785802432861,1.7082465046265982,2.5219124766636236,1.4213885661849668,26,43,43.0,43,17.0,-17.528546620280817,0.0,-0.14358493214171597,44,-7.1527448045269155,-7.966410776563941,1.4413567138498,1.3692735958931734,44,1.584286098289378,1.584286098289378,1.584286098289378,5.756052147253898,5.756052147253898,1.584286098289378,3.6255989726758697,6.424604398690503,1.584286098289378,2.823336270951926,6.424604398690503,1.584286098289378,0.9291048918814937,6.424604398690503,-0.16286378546497282,11.42537523943641,17.13926848171472,-1.1434070875720015,6.723224404332195,17.13926848171472,-1.1434070875720015,14.995053648885174
164,300059.SZ,12933.061394940014,2023-05-29,2023-05-30,2023-07-25,TAKE_PROFIT_DYN,2,399332.62949579995,3.238668828858134,38,-4.073978148052215,-4.6221268443490615,3.463066426029404,4.627882405660189,1.3745513745513804,29,38,12.0,22,,-3.936940973977998,3.025068090384919,2.446491930293404,7,1.3892135768020548,0.2243975971712704,0.9702273756025103,0.8498148986390835,39,0.3028687025986132,0.3028687025986132,0.3028687025986132,9.08950814420093,9.08950814420093,-0.8461533782262998,7.534948858378976,9.08950814420093,-0.8461533782262998,12.333805784177155,14.631849945827003,-0.8461533782262998,5.845210504224685,14.69943947999315,-0.8461533782262998,3.479576808408691,14.69943947999315,-0.8461533782262998,0.775995441761812,14.69943947999315,-1.7248173223865404,14.319387153800822
165,002415.SZ,18474.926569200034,2023-06-09,2023-06-12,2023-07-27,TAKE_PROFIT_DYN,1,199643.28576191995,9.253968396028046,31,-1.373502119770753,-3.0509291703321395,12.884627810000971,13.847595190878792,9.420243935169314,0,6,1.0,1,1.0,-1.373502119770753,12.884627810000971,9.282374427811057,1,4.593626794850746,3.630659413972925,0.7453621595640031,0.728164028014481,32,0.8382176845024514,0.8382176845024514,0.8382176845024514,2.2008963018605776,3.109348713432669,0.8382176845024514,0.8666068223640577,3.109348713432669,0.8382176845024514,2.7686790590931487,3.8474662978349894,0.8382176845024514,-2.937537651094091,3.8474662978349894,-4.215048854867332,-9.381871945683617,3.8474662978349894,-9.580595910715017,1.917004923244292,3.8474662978349894,-9.580595910715017,12.930563149261884
166,300750.SZ,31183.91318250005,2023-06-07,2023-06-08,2023-07-31,TAKE_PROFIT_DYN,2,389064.7055294999,8.015096907867838,35,-2.325641456076233,-2.799902799902787,11.639242074024692,12.46098202619943,9.768492377188043,0,35,3.0,3,3.0,-2.325641456076233,10.510004398080387,10.510004398080387,3,4.445885118331592,3.624145166156854,0.7404815329576427,0.7086744858510857,36,0.7417674084340797,0.7417674084340797,0.7417674084340797,2.298880076657861,2.298880076657861,0.7417674084340797,5.443049887494333,5.443049887494333,0.7417674084340797,-0.37045592601147037,5.721105721105713,-0.37045592601147037,-1.3971236193458414,5.721105721105713,-2.680458236013783,-10.474577141243802,5.721105721105713,-11.565411565411566,-20.60436504880949,5.721105721105713,-24.719591386258056,28.79339645545035
167,688981.SH,-3959.449609679985,2023-05-09,2023-05-10,2023-08-01,TAKE_PROFIT_DYN,1,198838.27251287998,-1.9912914951639942,57,-7.516899480160088,-7.822755124706893,7.049475591381449,8.177318280647805,-1.8421303151498258,43,25,0.0,29,,-7.516899480160033,7.049475591381493,-1.9658092309526976,29,10.168609775811799,9.040767086545443,0.37933994956586875,0.3644648047421645,58,-1.009959375718128,-1.009959375718128,-1.009959375718128,-0.4841417292779093,-0.4841417292779093,-1.009959375718128,-3.6585223355651397,-0.4841417292779093,-4.0674916161297485,-7.456094226522236,-0.4841417292779093,-8.624577885278262,-0.6788890057372488,-0.4841417292779093,-8.624577885278262,-2.5095134044550327,10.811200305363734,-8.624577885278262,13.362389626981063,13.537662175794463,-8.624577885278262,1.8010291595197225
168,600570.SH,25740.742140000046,2023-07-11,2023-07-12,2023-08-04,TAKE_PROFIT_DYN,1,199000.47667499998,12.935015317595871,17,-2.8971028971028767,-3.6163836163836005,10.662670662670681,15.298035298035328,13.106893106893125,7,17,2.0,3,,-2.8971028971028545,12.964378421578449,12.964378421578449,3,2.363019980439457,-2.27234465492519,1.167579837886551,0.8750677992735971,18,-2.49072602013779,-2.49072602013779,-2.49072602013779,-4.563386916328094,-2.49072602013779,-4.563386916328094,-7.154213036565982,-2.49072602013779,-7.154213036565982,-12.312312312312324,-2.49072602013779,-12.312312312312324,-14.808926573632464,-2.49072602013779,-19.54307248424897,-24.795383618913036,-2.49072602013779,-24.795383618913036,-23.335099805688053,-2.49072602013779,-29.812165106282762,28.019323671497588
169,300418.SZ,-27941.093917199876,2023-06-26,2023-06-27,2023-08-14,TAKE_PROFIT_DYN,2,392998.65709103993,-7.109717403112448,34,-21.471786640325963,-22.324866145090848,-3.2428245911391818,0.77562886551652,-10.807776493169719,31,0,,35,,-22.596343346217786,0.0,-12.195819105407013,35,7.885346268628968,3.8668928119732664,0.7878709275086909,0.6586503334665276,35,-5.462414891632905,-5.462414891632905,-5.462414891632905,-1.233896707872073,-1.233896707872073,-7.450825228044245,-9.917460835238067,-1.233896707872073,-10.320176852739094,-11.780022416180348,-1.233896707872073,-17.89627193197726,-15.555485080252518,-1.233896707872073,-18.399666953853533,-17.82076267869581,-1.233896707872073,-23.861502941211278,-10.647383616958683,-1.233896707872073,-28.29137913372263,27.395514780835896
170,600276.SH,13381.668178560212,2023-07-31,2023-08-01,2023-08-28,TAKE_PROFIT_DYN,3,596074.2630242399,2.244966610480217,19,-12.74805086585722,-16.35536659233341,-2.1966523659143755,-0.09990009990008542,-2.474641134085942,16,0,,20,,-13.851218533652743,0.0,-3.7808825287093173,20,-2.3448667103803023,-4.441618976394592,1.4209507371386505,1.144250963912466,20,-2.3272695328122595,-2.3272695328122595,-2.3272695328122595,-3.413806416115883,-2.3272695328122595,-3.413806416115883,-4.754639165724617,-2.3272695328122595,-4.754639165724617,-0.5934340807320027,-0.5934340807320027,-6.858359514248669,3.6833600343992856,3.6833600343992856,-6.858359514248669,10.826762096969933,10.826762096969933,-6.858359514248669,9.809578631749517,13.924548104686663,-6.858359514248669,5.032467532467538
171,002230.SZ,-31852.615259519895,2023-08-16,2023-08-17,2023-10-10,TAKE_PROFIT_DYN,4,788394.3312445199,-4.04018826584394,32,-19.323469167164887,-19.948061663935224,2.0688238472191367,2.7454657187203413,-6.838125403599515,24,0,0.0,32,,-22.938440228377832,2.0688238472191367,-11.08017285731152,32,6.785653984564282,6.109012113063077,0.7144292989556836,0.7009872519972152,33,3.3219265777405305,3.3219265777405305,3.3219265777405305,-0.6634541518262371,3.3219265777405305,-0.6634541518262371,-2.4512884978001193,3.3219265777405305,-2.4512884978001193,-13.029308378145576,3.3219265777405305,-13.029308378145576,-10.403426682496452,3.3219265777405305,-17.33128477314524,-15.357217682799075,3.3219265777405305,-17.33128477314524,-19.398468235677534,3.3219265777405305,-19.398468235677534,21.98990627253064
172,002475.SZ,13314.679056360037,2023-09-07,2023-09-08,2023-10-11,TAKE_PROFIT_DYN,1,197899.09038899996,6.728014277472455,17,-3.486344164310251,-4.434548502345104,7.756650129531506,8.02756565468432,6.836959650518981,5,17,1.0,7,,-3.48634416431024,6.755763561184636,6.755763561184636,7,1.2995513772118654,1.0286358520590513,0.9085087277307898,0.8957198304527779,18,1.7483601397471071,1.7483601397471071,1.7483601397471071,0.8608355030141013,1.7483601397471071,0.8608355030141013,0.4804678015571051,1.7483601397471071,0.32198125928335486,-1.2311868549993998,1.7483601397471071,-2.657565735463141,3.3332255624845875,7.073507960145076,-2.657565735463141,-3.9888526905626387,7.073507960145076,-4.3375230835648875,3.016252477937087,9.197227626613325,-5.193350411843134,5.660377358490576
173,300760.SZ,48211.904192760005,2023-08-07,2023-08-08,2023-10-30,TAKE_PROFIT_DYN,4,737874.74356596,6.5338873044717865,53,-3.198454251204974,-4.449938409639564,6.707872159536188,11.118222958838754,5.908264251030837,51,53,0.0,7,,-3.531298124919524,6.017029197626722,5.463894179207474,8,4.584335654366967,0.17398485506440142,0.9824369955268429,0.7055313375894783,54,1.8014174037499275,1.8014174037499275,1.8014174037499275,0.8688962038414516,1.8014174037499275,0.6553417305799725,1.5166781060679702,1.8014174037499275,0.601953112264586,0.6517824893589541,2.04344580677962,0.584156906159472,0.11077782376316403,3.5561233257151326,0.11077782376316403,2.1822562143995805,6.026236733106316,0.11077782376316403,-1.9429043607681051,6.026236733106316,-4.078449093382952,9.53036355701769
174,000858.SZ,53266.74224652012,2023-08-18,2023-08-21,2023-11-01,TAKE_PROFIT_DYN,3,576423.5291614799,9.240903528696505,46,-11.483263314561876,-12.715229030434362,3.4420013332333133,4.094943162645737,2.15090126299895,38,10,10.0,26,,-11.265170452706796,3.4420013332333133,2.324760833933426,25,-5.145960366050768,-5.798902195463191,1.3885292711590094,1.3061218116593176,47,-4.7843023746638185,-4.7843023746638185,-4.7843023746638185,-3.6144578313253017,-3.6144578313253017,-4.7843023746638185,-4.344103139283861,-3.6144578313253017,-4.7843023746638185,-5.176260597947346,-3.6144578313253017,-6.605400581304199,-10.573223826235868,-3.6144578313253017,-10.573223826235868,-19.298816889178326,-3.6144578313253017,-20.323938396227557,-20.93901130045708,-3.6144578313253017,-24.538996828153458,21.709209209209213
175,300014.SZ,-281648.9383369199,2023-02-20,2023-02-21,2023-11-06,TAKE_PROFIT_DYN,5,985860.8772011999,-28.568832058383776,172,-43.067685003168876,-44.47756544530738,0.7460281653830059,2.2096183386506096,-35.62618832780123,164,0,0.0,172,,-42.835410165880084,0.7460281653830059,-35.41267706092462,170,30.778450397034387,29.314860223766782,0.3309204332672704,0.3407516174147549,173,-1.5477240107371393,-1.5477240107371393,-1.5477240107371393,0.10010010010008674,0.10010010010008674,-1.5477240107371393,-1.0262606845228284,0.10010010010008674,-1.5477240107371393,-5.239684360334507,0.10010010010008674,-5.239684360334507,-14.521731566949336,0.10010010010008674,-14.521731566949336,-14.792892496580768,0.10010010010008674,-20.96701827895827,-27.41230499096722,0.10010010010008674,-27.41230499096722,27.48489268597624
176,300059.SZ,13519.154737440054,2023-10-23,2023-10-24,2023-11-06,TAKE_PROFIT_DYN,1,198946.40862095996,6.795375111896212,9,1.4727914111897888,-0.44178955883266147,7.9686911309088115,8.925981615920042,6.904389245251696,2,9,0.0,0,0.0,0.0,6.823141909425257,6.823141909425257,0,2.13060650402383,1.1733160190125993,0.81937590331777,0.7725599329575772,10,0.228023550707257,0.228023550707257,0.228023550707257,-0.6034788782392608,0.228023550707257,-0.6034788782392608,-1.2430961312750455,0.228023550707257,-1.3070578565786195,-2.4583689120430297,0.228023550707257,-2.4583689120430297,-5.848340353132675,0.228023550707257,-6.423995880864886,-11.732819081061885,0.228023550707257,-14.163364642597864,-19.664073018705597,0.228023550707257,-20.623498898259275,20.804084237396292
177,603019.SH,16637.539537080098,2023-08-09,2023-08-10,2023-11-07,TAKE_PROFIT_DYN,4,791502.24309156,2.102020516340531,57,-18.276497848944405,-18.94091656561966,0.1373922989124976,1.561146691788018,-5.462423562186014,46,0,0.0,57,,-13.700775583145974,4.867088903755512,-0.3392967250187562,34,-0.5408738245525133,-1.9646282174280336,1.1066927304145282,1.0263814337982342,58,1.4304173782608842,1.4304173782608842,1.4304173782608842,-0.9039129400212897,2.6603333524095607,-0.9039129400212897,1.3049157482457163,2.6603333524095607,-0.9039129400212897,0.30090270812435094,3.187440198473279,-0.9039129400212897,-3.639848474352003,3.187440198473279,-7.003292158758578,-3.564547496342896,4.367155520615884,-7.003292158758578,-21.310477980488017,4.367155520615884,-21.310477980488017,24.603174603174597
178,300274.SZ,15958.458323280094,2023-08-21,2023-08-22,2023-11-09,TAKE_PROFIT_DYN,4,775043.5269376799,2.059040269174881,51,-22.13375446908381,-23.848606483337022,2.073575127467353,7.975856478850507,-9.283411199578861,41,5,5.0,43,,-20.333408464386636,5.080015417585471,-7.2564909949752625,40,5.916816209675626,0.01453485829247203,0.9993995678773859,0.8140796211799164,52,-2.119950429129158,-2.119950429129158,-2.119950429129158,-2.526593347849382,-1.702317161254352,-2.526593347849382,-3.504734422608813,1.1112122223233323,-3.504734422608813,-4.614759687223446,1.1112122223233323,-4.636740385532656,-12.62672422092711,1.1112122223233323,-12.62672422092711,-11.912351525878083,1.1112122223233323,-16.47334642503724,-12.846531204019119,1.1112122223233323,-16.47334642503724,17.39130434782608
179,300308.SZ,-33155.849598299945,2023-07-20,2023-07-21,2023-11-13,TAKE_PROFIT_DYN,3,582347.9861198999,-5.693477162892338,75,-34.51667938245894,-34.647307926286466,8.921153456189224,12.69401316320784,-18.784238605790794,67,11,0.0,63,,-36.28517553520653,8.921153456189245,-21.03767494106059,63,18.387490326100178,14.614630619081563,0.6635506501125809,0.6115974395530627,76,-0.6473392106662312,-0.6473392106662312,-0.6473392106662312,-5.349583988525374,-0.6473392106662312,-5.349583988525374,-3.164033598816207,-0.09858629896436488,-5.349583988525374,-7.393215521759943,-0.09858629896436488,-10.685732991971165,13.677004036172292,13.677004036172292,-10.685732991971165,-4.138543079941948,13.677004036172292,-10.685732991971165,18.152178643672023,18.152178643672023,-10.685732991971165,
180,000977.SZ,45570.26646612026,2023-08-18,2023-08-21,2023-11-13,TAKE_PROFIT_DYN,3,591332.2944328799,7.706372017077919,54,-30.83275021601012,-32.22636394442561,5.132263722572117,5.132263722572117,-13.90217711803613,39,1,1.0,51,,-34.530429081554416,5.132263722572095,-18.894968269408007,51,-2.574108294505802,-2.574108294505802,1.071572564907152,1.0689026459282855,55,-1.007390369092509,-1.007390369092509,-1.007390369092509,-2.5692359025692335,-1.007390369092509,-2.5692359025692335,7.398178320164139,7.398178320164139,-2.5692359025692335,-0.354254964184042,7.4833698947174065,-2.5692359025692335,3.081805209464772,7.4833698947174065,-4.187875819081488,-15.830724341362645,7.4833698947174065,-15.887518724398165,-17.278981108768356,7.4833698947174065,-21.96451770919856,27.397622192866578
181,601012.SH,-116729.02027709957,2023-08-21,2023-08-22,2023-12-28,TAKE_PROFIT_DYN,5,992956.8086638197,-11.755699669774852,86,-25.70964946655552,-26.371970570865578,3.39568350618078,4.68353009789475,-20.527428372732214,78,10,10.0,55,,-20.904642268408658,7.436907928152303,-15.451547275258514,52,16.4392297676696,15.151383175955633,0.4794293131726644,0.4706499842649028,87,6.026470503806292,6.026470503806292,6.026470503806292,3.6651822960795943,6.026470503806292,2.7854866892794483,-0.08509897501574049,6.026470503806292,-0.08509897501574049,2.3687887702688704,6.026470503806292,-0.08509897501574049,1.6742922385845516,6.026470503806292,-1.3814925008264534,-0.3165978189105023,6.026470503806292,-15.873320128639278,-6.705965910406264,6.026470503806292,-15.873320128639278,20.655021834061127
182,600519.SH,16123.757290740148,2023-10-13,2023-10-16,2023-12-29,TAKE_PROFIT_DYN,5,851312.5247226598,1.893988027016628,54,-7.002271392498571,-7.786761434433009,3.381524071651887,5.5495692784525374,-0.9436080145054371,3,15,12.0,20,9.0,-6.623721925630766,4.2107914432248705,-0.2189775138575656,19,3.655581251435909,1.4875360446352588,0.8567444775110503,0.7258930263401543,55,-2.9479497622633466,-2.9479497622633466,-2.9479497622633466,-3.8700827610622657,-2.4301499084718237,-3.8700827610622657,-5.310591586793734,-2.4301499084718237,-5.310591586793734,-5.540404870067173,-2.4301499084718237,-5.540404870067173,-4.964431729030993,-2.4301499084718237,-9.169035658595082,-2.366792862957845,-1.025927390625625,-9.169035658595082,-1.2787795995405027,0.5073131108126683,-9.169035658595082,3.2085959885386726
183,600009.SH,-115923.1096148399,2023-08-21,2023-08-22,2024-01-16,TAKE_PROFIT_DYN,5,990861.1709396399,-11.699228208217027,98,-24.475915665342963,-24.842656120189154,-2.0069504651002323,0.7313782644179367,-18.909284548051055,92,0,,99,,-24.932611802970516,0.0,-19.460898523321802,99,12.430606472634963,9.692277743116795,0.5686371109332579,0.5139364292042675,99,-2.1913479744805175,-2.1913479744805175,-2.1913479744805175,0.8237152815465887,0.8237152815465887,-2.1913479744805175,-1.1963770999915524,0.8237152815465887,-2.1913479744805175,2.2709456444396148,6.069925347033767,-2.1913479744805175,7.155348119203531,7.155348119203531,-2.1913479744805175,11.165382249719592,13.517131589420739,-2.1913479744805175,9.446796193784124,13.517131589420739,-2.1913479744805175,7.011952191235073
184,601318.SH,-13682.255974199972,2023-11-09,2023-11-10,2024-01-25,TAKE_PROFIT_DYN,3,591314.2717482,-2.3138721028580727,53,-11.929562279212613,-12.395297010681617,0.9712897824786015,1.5534581968148498,-5.201441914728622,42,3,3.0,44,,-11.940338138147066,0.9863985968992184,-5.285079081715938,44,3.8673302996729224,3.285161885336674,0.7453531077151185,0.7227472815929478,54,1.3283221872179007,1.3283221872179007,1.3283221872179007,-1.2755086374718227,1.3283221872179007,-1.2755086374718227,-1.0052997783059126,1.3283221872179007,-1.2755086374718227,5.0866817737983405,5.0866817737983405,-1.496588613153016,5.6025350503878135,8.255494758562243,-1.496588613153016,0.24748675055423774,8.255494758562243,-1.496588613153016,1.598531046383811,8.255494758562243,-7.195539097379577,14.272747901066474
185,000651.SZ,24123.425863679993,2023-12-20,2023-12-21,2024-01-29,TAKE_PROFIT_DYN,1,199290.84215039999,12.104633410839133,26,1.152866426178334,-0.22838897436967542,12.620498472588526,13.23082062631904,12.219067106526914,0,26,0.0,0,0.0,0.0,12.13378061552599,12.13378061552599,0,1.1261872154799075,0.515865061749393,0.9550155551153321,0.9163259025684332,27,0.6153422510299933,0.6153422510299933,0.6153422510299933,0.987461582257132,0.987461582257132,0.6153422510299933,3.27742669750104,3.27742669750104,0.6153422510299933,8.658844718324277,8.658844718324277,0.6153422510299933,15.070747041007282,15.070747041007282,0.6153422510299933,14.469631198255751,17.274838464429543,0.6153422510299933,22.141014334322897,24.25923206592351,0.6153422510299933,1.7046763418567008
186,601138.SH,44080.28114688001,2023-10-24,2023-10-25,2024-02-06,TAKE_PROFIT_DYN,2,398884.06489932,11.050900506142318,73,-8.340574042455373,-8.702007110111298,18.622332804677242,21.658370572987074,12.4377070107895,59,15,2.0,11,,-7.760003183605346,18.62233280467729,13.063893599750509,11,10.607470066844757,7.5714322985349245,0.7191908001069213,0.650614686761623,74,-1.6357397860288003,-1.6357397860288003,-1.6357397860288003,11.029462346096896,11.029462346096896,-1.6357397860288003,12.829592598378724,18.872887016753424,-1.6357397860288003,17.008466398318678,24.27327777359889,-1.6357397860288003,56.54704158236594,65.99772540684552,-1.6357397860288003,43.11035505640517,65.99772540684552,-1.6357397860288003,56.225589751601326,65.99772540684552,-1.6357397860288003,20.25561580170411
187,000858.SZ,16287.132442680188,2023-12-13,2023-12-14,2024-02-06,TAKE_PROFIT_DYN,3,579992.0207281199,2.808164916171326,37,-8.373108373108373,-9.305509305509297,3.829503829503844,4.8137048137048,-1.8705294705294695,35,11,10.0,25,,-8.71986176011399,3.829503829503844,-1.211660823737437,25,2.005539897533474,1.0213389133325181,0.9163016167051609,0.8579566907478059,38,0.9522404731083345,0.9522404731083345,0.9522404731083345,2.6716033496205327,2.6716033496205327,0.741090646168252,6.344102125328588,6.344102125328588,0.741090646168252,5.22048340339738,6.864435627430976,0.741090646168252,11.426780102386559,11.841538691018872,0.741090646168252,5.944425667191977,18.67374380558049,0.741090646168252,14.149104656864186,18.67374380558049,0.741090646168252,10.726313782804862
188,600519.SH,9310.484870279994,2024-01-17,2024-01-18,2024-02-06,TAKE_PROFIT_DYN,1,157598.364924,5.907729356690894,13,1.296416417127988,-1.2709019062259186,6.373931024502832,6.975616505476756,6.015837402749735,11,13,0.0,0,0.0,0.0,5.9352653663236055,5.9352653663236055,0,1.0678871487858617,0.46620166781193806,0.9081830966798593,0.8705044849872139,14,2.4325342668912953,2.4325342668912953,2.4325342668912953,1.5009974179367003,2.4325342668912953,1.5009974179367003,2.8318498698814976,2.8318498698814976,-0.021430735592564698,0.6700378123139616,2.8749544027379947,-0.021430735592564698,3.4179517819165506,4.468624770293994,-0.021430735592564698,-2.1748613562157626,4.468624770293994,-2.1748613562157626,1.7745914667620655,5.965309938922858,-2.1748613562157626,3.9548022598870074
189,300750.SZ,-167937.8480346601,2023-09-08,2023-09-11,2024-02-08,TAKE_PROFIT_DYN,5,932737.01158638,-18.00484444688593,101,-36.91817379569734,-37.07503801716453,-0.7139114810716385,0.19141916853895324,-27.014667701074167,94,0,,102,,-35.926644545961494,0.0,-25.923814433013625,102,18.196263615424883,17.290932965814292,0.5224061516417324,0.5117254230862195,102,-1.692994141310178,-1.692994141310178,-1.692994141310178,-1.011372700226143,-1.011372700226143,-2.773763273119123,-1.4412240594683268,-1.011372700226143,-2.773763273119123,1.0457730904329443,1.0457730904329443,-4.204554226025293,11.147280032624508,14.119395145099102,-4.204554226025293,21.06456496371227,22.63045205809455,-4.204554226025293,24.656894180236332,28.72820062563024,-4.204554226025293,5.600343462290709
190,002230.SZ,14136.106295520032,2024-01-03,2024-01-04,2024-02-08,TAKE_PROFIT_DYN,2,394232.20973135997,3.585730933845497,25,-11.065678507538957,-13.110145668285188,1.177891875566317,1.9445670608461585,1.0070859373185082,12,25,25.0,25,13.0,-13.06375084243314,0.0,-1.337263861555238,26,-1.6411638729993383,-2.4078390582791798,1.1966615115474586,1.1090132971998619,26,7.046384619914026,7.046384619914026,7.046384619914026,3.550241417888489,7.046384619914026,3.550241417888489,6.563364835423657,7.046384619914026,3.550241417888489,20.915952717423302,20.915952717423302,3.550241417888489,16.568774657009943,20.915952717423302,3.550241417888489,4.838294176529456,20.915952717423302,3.550241417888489,-0.6589309898133555,20.915952717423302,-3.4650459282812296,20.163591401940273
191,300418.SZ,157108.34253114002,2024-01-31,2024-02-01,2024-02-19,TAKE_PROFIT_DYN,2,398468.54189141997,39.428041617887864,6,-5.048190465578751,-9.269808819514392,33.22320215288694,36.26830391638152,34.54186963019663,2,6,0.0,1,,-5.048190465578751,54.53807143798883,54.53807143798883,1,-3.1597377015063444,-6.204839465000923,1.162127349972813,1.069386663426999,7,-2.5232838182478567,-2.5232838182478567,-2.5232838182478567,-1.7259808626715167,-1.7259808626715167,-3.7063785265224247,0.5630502033379559,2.0804977639509836,-3.7063785265224247,12.136802784284795,12.136802784284795,-3.7063785265224247,9.25622436413802,12.136802784284795,-3.7063785265224247,5.2954290364362055,14.965942304071799,-6.278323544510611,-3.80925632724195,14.965942304071799,-6.278323544510611,17.874720357941843
192,000568.SZ,10864.329438600107,2023-12-11,2023-12-12,2024-02-21,TAKE_PROFIT_DYN,5,976997.7213796799,1.1120117479146117,44,-20.392366654177984,-22.710874802381674,1.8266697661072584,2.317972683226599,-10.534417784238181,37,0,0.0,44,,-23.81408097259804,1.8266697661072584,-14.087403376158337,44,1.2059609353119873,0.7146580181926467,0.9678357780835092,0.9518171607380075,45,2.0560719753224266,2.0560719753224266,2.0560719753224266,4.487153738217042,4.487153738217042,2.0560719753224266,4.462472705091214,4.845028718541622,2.0560719753224266,4.11076798304808,8.4854811046021,2.0560719753224266,16.74128668519348,17.691506460538097,2.0560719753224266,8.399097488661699,18.820663726044984,2.0560719753224266,15.390000121554092,19.468540845598127,2.0560719753224266,6.631546327858697
193,300059.SZ,35278.515833220095,2023-12-27,2023-12-28,2024-02-21,TAKE_PROFIT_DYN,3,597915.5806423799,5.900250298765934,32,-7.7327167214807595,-11.474293496765398,5.063475849992716,5.587296598532565,2.416684439156369,26,1,0.0,27,,-6.886409889615964,5.0634758499926935,4.530328726310673,13,-0.3129537002333693,-0.8367744487732187,1.0653924551462781,1.0183425869737437,33,0.31929739958935777,0.31929739958935777,0.31929739958935777,-0.9958863973462573,0.31929739958935777,-0.9958863973462573,-0.3382944988784442,2.4382046279856295,-0.9958863973462573,0.7576919985678998,2.5843361609784843,-0.9958863973462573,0.2462316330929415,2.5843361609784843,-0.9958863973462573,-9.90990990990992,2.5843361609784843,-11.59042253932766,-4.649174722167427,2.5843361609784843,-11.59042253932766,13.817663817663819
194,000063.SZ,-199335.00478121988,2023-07-20,2023-07-21,2024-02-22,TAKE_PROFIT_DYN,5,989502.4607668198,-20.144973123840867,141,-47.10023992600859,-49.07483926517601,0.38765529248692143,2.7279211759446254,-37.411782946189966,133,1,1.0,140,,-49.27216326350591,0.38765529248694364,-40.02710260678617,140,22.872894299785493,20.53262841632779,0.5676239529704241,0.5584618637112403,142,-0.6009900951535196,-0.6009900951535196,-0.6009900951535196,9.681666101899577,9.681666101899577,-0.6009900951535196,16.303073501517073,16.303073501517073,-0.6009900951535196,11.551239955909232,18.951636461364085,-0.6009900951535196,11.74598723236857,18.951636461364085,-0.6009900951535196,7.033103142052566,18.951636461364085,-0.6009900951535196,5.163529288042912,18.951636461364085,-0.6009900951535196,14.374590700720372
195,000628.SZ,265506.8459967001,2023-12-14,2023-12-15,2024-02-23,TAKE_PROFIT_DYN,3,594250.96809078,44.67924500816973,43,-36.92391145097643,-39.99257906356613,13.16647390818584,13.16647390818584,9.520391576956499,35,43,0.0,33,,-38.18694164547048,12.997887006754505,12.997887006754505,33,-31.51277109998389,-31.51277109998389,1.6291181605816842,1.592801589537898,44,8.147061552079471,8.147061552079471,8.147061552079471,14.639302213973648,18.961767707287414,8.147061552079471,24.719360083756747,26.103232435371027,8.147061552079471,45.22117270026469,53.79776431150385,8.147061552079471,45.22117270026469,53.79776431150385,8.147061552079471,-31.66062461164014,53.79776431150385,-31.66062461164014,-8.425236979597795,53.79776431150385,-31.66062461164014,55.56542990446567
196,000625.SZ,75995.45562113996,2024-01-04,2024-01-05,2024-02-26,TAKE_PROFIT_DYN,3,599008.9568463,12.686864654118965,30,-23.01815831227596,-24.258747788159553,-0.23048846578257454,0.6836300953948049,-1.765293529999401,21,7,,31,,-25.04257925261757,0.0,-4.421304242843716,31,-12.00323455872416,-12.91735311990154,1.5668571296195644,1.4812385817728484,31,1.828255878720686,1.828255878720686,1.828255878720686,-0.9633803790510265,1.828255878720686,-4.353224406345257,-2.3591985079368993,1.828255878720686,-4.353224406345257,0.3659702198878678,1.828255878720686,-4.353224406345257,17.448125416252914,21.369709683122707,-4.353224406345257,8.2756062835744,22.43319016227383,-4.353224406345257,-5.8155100651780645,22.43319016227383,-6.280782774806681,23.452768729641697
197,301236.SZ,30147.788335500052,2024-01-22,2024-01-23,2024-02-26,TAKE_PROFIT_DYN,1,198304.60079429997,15.202767971466354,18,-18.60402857348149,-20.51824876040371,13.216414243906627,19.097786412421257,15.320364167906542,9,17,0.0,10,,-18.60402857348149,15.232720691138969,15.232720691138969,10,3.895018440954903,-1.9863537275597274,1.0624238241736315,0.9016807607333021,19,3.4680438669864255,3.4680438669864255,3.4680438669864255,9.386002200229537,9.386002200229537,-0.40509146493284964,12.705832484731783,12.705832484731783,-0.40509146493284964,32.0955658855202,32.0955658855202,-0.40509146493284964,18.623790817974918,32.0955658855202,-0.40509146493284964,2.6020011840727886,32.0955658855202,-3.1956734432100897,-4.109829608507809,32.0955658855202,-7.357489669433925,29.86705518120561
198,002555.SZ,139180.14511631988,2023-12-25,2023-12-26,2024-02-28,TAKE_PROFIT_DYN,4,796610.67293808,17.471539089853273,39,-15.41614883789949,-18.066018861774815,3.6629153340028697,8.27368917554594,6.735916603290626,28,38,0.0,20,,-12.378262693512687,13.991712899190013,13.991712899190013,9,-9.197849914307334,-13.808623755850403,1.7237579176543834,1.3492009061480443,40,-3.2762921651810495,-3.2762921651810495,-3.2762921651810495,-2.1839299617077423,-2.1839299617077423,-3.2762921651810495,-5.163099607544042,-2.1839299617077423,-5.163099607544042,-3.822473266917703,-2.1839299617077423,-9.135325801992467,-14.249567027344801,-2.1839299617077423,-14.249567027344801,-17.774917774917775,-2.1839299617077423,-19.661725217280768,-27.45721912388579,-2.1839299617077423,-28.102705880483658,26.49746192893401
199,000661.SZ,20581.995222360012,2024-01-12,2024-01-15,2024-02-28,TAKE_PROFIT_DYN,2,386536.523373,5.324721980411358,26,-11.599192174731732,-15.088907894663283,0.8983023371512688,5.665717176508545,4.953751284686536,15,25,3.0,18,,-12.439206057281549,3.8774389282079103,3.8774389282079103,26,0.34099519609718687,-4.426419643260089,1.3541845638780885,0.9835701587030435,27,-2.2281630977283085,-2.2281630977283085,-2.2281630977283085,-0.6835963357702424,-0.6835963357702424,-2.2281630977283085,-1.7412060890321879,-0.6379441162049804,-2.2281630977283085,-2.387945866206742,-0.6379441162049804,-4.822730909687422,-8.185777750995138,0.8153182066225506,-8.185777750995138,-15.223828267306526,0.8153182066225506,-16.768395029264592,-15.376002332524074,0.8153182066225506,-16.768395029264592,17.44150943396226
200,300033.SZ,44855.44634340011,2024-01-16,2024-01-17,2024-02-28,TAKE_PROFIT_DYN,2,390763.8441907199,11.478914185701258,24,-16.222529016101316,-19.687852320732414,4.538539334583835,11.33026429688977,8.535801343279736,13,23,20.0,20,7.0,-19.1745575437404,4.631794178101845,4.631794178101845,23,-0.1486498888114891,-6.940374851117423,1.3342975772674233,1.0047923570165134,25,-2.530931869569375,-2.530931869569375,-2.530931869569375,2.0129314510219487,2.0129314510219487,-2.530931869569375,1.1880673740445102,2.0129314510219487,-2.530931869569375,-2.061612653358069,2.0129314510219487,-3.4695703019919866,-6.8259137876243825,3.7479903715607277,-6.8259137876243825,-13.958143694593229,3.7479903715607277,-21.282367826375783,-16.830946169583672,3.7479903715607277,-21.282367826375783,24.12611377655928
201,002456.SZ,91242.70100946014,2023-12-14,2023-12-15,2024-03-01,TAKE_PROFIT_DYN,5,998836.2089105399,9.13490121758614,48,-31.048450410637194,-32.75517193512637,-0.8963701446616956,2.1757285994188136,-4.519171033977399,35,10,,49,,-28.862682120348016,0.0,-1.5672887422143233,49,-6.959172618167327,-10.031271362247836,1.3326891966909302,1.1992268310198588,49,5.939272605939272,5.939272605939272,5.939272605939272,15.710949044282385,15.710949044282385,5.939272605939272,10.825110825110817,15.710949044282385,5.939272605939272,16.66428333094998,16.66428333094998,5.939272605939272,24.171790838457508,25.24429191095856,5.939272605939272,4.866771533438197,25.24429191095856,1.4109347442680775,-3.594070260736937,25.24429191095856,-5.977405977405981,24.92863939105613
202,603259.SH,65036.19794364006,2024-01-30,2024-01-31,2024-03-04,TAKE_PROFIT_DYN,2,393307.04525112,16.5357317467109,17,-13.961038961038962,-19.366347937776496,7.035821321535618,7.963465106322265,6.2693913229627585,3,17,17.0,17,14.0,-13.961038961038973,19.189636608379956,19.189636608379956,4,-8.572266640388637,-9.499910425175283,1.4524443320251703,1.3136599078287372,18,-2.2500615658422207,-2.2500615658422207,-2.2500615658422207,-11.264610241635232,-1.4107181137199665,-11.264610241635232,-8.058318254528219,-1.4107181137199665,-12.976870883964631,-10.341332444300766,-1.4107181137199665,-13.866574943214216,-19.691618500942663,-1.4107181137199665,-22.478238761988557,-23.149713523686355,-1.4107181137199665,-30.854886414168657,-29.49515002173061,-1.4107181137199665,-30.854886414168657,29.865486122935465
203,002594.SZ,-156037.02204816008,2023-08-14,2023-08-15,2024-03-12,TAKE_PROFIT_DYN,5,958622.59308816,-16.277210987224258,137,-32.1319799718628,-33.85103221568927,2.5945009347499104,3.4154195003597065,-18.39622422976095,116,14,10.0,97,,-32.32894786396062,2.7440414373127053,-18.694895177423977,97,19.692630487583966,18.871711921974168,0.4565613494576536,0.4715721626080318,138,2.769436102769429,2.769436102769429,2.769436102769429,4.318248596855567,5.6180558668120995,2.769436102769429,7.968665182595536,8.581218033954352,2.769436102769429,9.363094437721298,9.363094437721298,2.769436102769429,6.066265270245363,9.363094437721298,1.1260016235140613,12.007529917977667,14.482641845825928,1.1260016235140613,20.966737882160768,21.82829595764919,1.1260016235140613,0.7071904508850088
204,601012.SH,91185.10978499998,2024-01-29,2024-01-30,2024-03-12,TAKE_PROFIT_DYN,3,597213.69720012,15.268422377533785,24,-10.449688446728377,-13.258916712296065,10.003464714860888,11.186297668784118,10.238109202095401,4,24,10.0,10,6.0,-9.875035868251524,10.861198686060924,10.861198686060924,7,-4.082124708749667,-5.264957662672897,1.2574154518414509,1.166990751036698,25,-2.1352750696207567,-2.1352750696207567,-2.1352750696207567,-4.281235232552783,-2.1352750696207567,-4.281235232552783,-5.443630320807635,-2.1352750696207567,-5.443630320807635,-9.601428136488433,-2.1352750696207567,-10.853238231532103,-14.966328543818497,-2.1352750696207567,-14.966328543818497,-15.815771108312425,-2.1352750696207567,-18.632343822160703,-25.562006848295372,-2.1352750696207567,-25.83025186866187,24.211968935587024
205,002475.SZ,28629.51614028,2024-01-17,2024-01-18,2024-03-19,TAKE_PROFIT_DYN,2,396565.14613715996,7.219372761109448,37,-9.700228849165015,-11.861188456933135,4.363721384997987,6.064148617340126,1.852828023040809,9,37,0.0,9,,-9.700228849165015,4.059064024856918,3.3017019951706583,7,-1.1552241437693223,-2.855651376111461,1.203047602456296,1.0644464390813224,38,3.126058650728547,3.126058650728547,3.126058650728547,10.743126726448482,10.743126726448482,3.126058650728547,7.647605910288324,10.743126726448482,3.126058650728547,-0.3868357586217175,10.743126726448482,-0.3868357586217175,-5.917035868390974,10.743126726448482,-6.612658523707859,10.847470124746007,10.847470124746007,-8.2125906309367,32.41177243956952,32.41177243956952,-8.2125906309367,
206,601318.SH,32025.780640259967,2024-03-22,2024-03-25,2024-04-29,TAKE_PROFIT_DYN,2,395158.37547186,8.104543046068015,23,-6.694047608757114,-6.96571660724935,3.9257405141212454,5.901515048610251,4.53731682409062,12,23,1.0,12,,-6.694047608757103,5.996368725158829,5.996368725158829,12,-2.203027997457764,-4.178802531946769,1.393492081348056,1.1712122744331355,24,-2.2860481439664793,-2.2860481439664793,-2.2860481439664793,0.619855163164118,0.619855163164118,-2.2860481439664793,0.02922440968229356,0.619855163164118,-2.2860481439664793,1.7066157495706724,1.7066157495706724,-2.2860481439664793,1.9428680509633978,7.400296213135493,-2.2860481439664793,-2.2860481439664793,7.400296213135493,-2.427799524802121,-2.923929357726851,7.400296213135493,-3.5145601112086755,10.162780466344037
207,600519.SH,25682.74993746,2024-04-08,2024-04-09,2024-05-06,TAKE_PROFIT_DYN,3,494201.03787053993,5.19682233937109,16,-1.7024693408321578,-1.7024693408321578,5.887476647471113,6.176227862053474,4.327257584677779,3,16,4.0,4,1.0,-1.3551453368087274,5.739079819667903,5.739079819667903,4,0.9794055226823835,0.6906543081000223,0.9090040549479038,0.8756894068319229,17,2.060585931553671,2.060585931553671,2.060585931553671,1.253327059778675,2.060585931553671,1.253327059778675,-1.6297403394177512,2.060585931553671,-1.6297403394177512,-1.4567562954659663,2.060585931553671,-1.975708427321321,-5.470562728627238,2.060585931553671,-5.470562728627238,-14.044228560357585,2.060585931553671,-16.945747590908866,-20.42791639565833,2.060585931553671,-20.42791639565833,22.034463276836156
208,000977.SZ,24748.613889120024,2024-04-10,2024-04-11,2024-05-06,TAKE_PROFIT_DYN,1,196877.80492379997,12.570545419631626,14,-5.943113490283292,-8.985892813386076,10.401727652401526,13.579143228738921,12.685454707018051,8,14,0.0,5,,-5.943113490283314,12.599813761440682,12.599813761440682,5,1.008597809107295,-2.1688177672301006,1.1326912723285023,0.9553026280470184,15,-3.9861059436136936,-3.9861059436136936,-3.9861059436136936,-5.921677227478139,-3.9861059436136936,-6.71024330608957,-8.550230822849581,-3.9861059436136936,-8.550230822849581,-3.6993546423004564,-3.6993546423004564,-8.550230822849581,-11.847870787951953,-3.6993546423004564,-13.305523236294292,-11.6089113701909,-3.6993546423004564,-16.698746968501087,-13.568378595831444,-3.6993546423004564,-16.698746968501087,13.498759305210918
209,000628.SZ,-131429.80281221983,2024-03-29,2024-04-01,2024-05-21,TAKE_PROFIT_DYN,3,592326.5458710599,-22.18874094507154,31,-47.64831657272375,-52.386143922892245,0.12259455466583358,1.2743315900658914,-30.61186160884837,14,0,0.0,31,,-48.31506505803558,0.12259455466583358,-31.547648908162518,31,23.46307253513743,22.311335499737375,0.5329514348126991,0.562749448064964,32,-2.219913525736017,-2.219913525736017,-2.219913525736017,1.0997807681432992,5.890703214991877,-2.219913525736017,-6.444978990673356,5.890703214991877,-6.444978990673356,-12.782577188079358,5.890703214991877,-12.782577188079358,-18.271389912618485,5.890703214991877,-18.271389912618485,-24.1185787257014,5.890703214991877,-25.306878387715017,-24.816469003391937,5.890703214991877,-25.872735369626277,29.996437477734233
210,002129.SZ,-52582.03172837978,2024-01-30,2024-01-31,2024-05-22,TAKE_PROFIT_DYN,4,798307.8090787799,-6.5866863796632105,69,-21.507064364207228,-23.270950558269977,10.242887128922451,12.327479903723892,-10.291955235775452,52,22,1.0,38,,-25.365890308536375,4.43689975253474,-14.766958502584615,39,18.914166283387104,16.82957350858566,0.4699338828209742,0.4686797693628507,70,2.423852423852435,2.423852423852435,2.423852423852435,-1.8661518661518661,2.423852423852435,-1.8661518661518661,3.138853138853137,3.138853138853137,-3.117403117403128,-6.871156871156881,3.138853138853137,-6.871156871156881,-17.864292864292874,3.138853138853137,-17.864292864292874,-23.58429858429858,3.138853138853137,-29.304304304304306,-26.444301444301445,3.138853138853137,-29.304304304304306,31.455805892547662
211,601138.SH,34397.48160486008,2024-05-31,2024-06-03,2024-06-14,TAKE_PROFIT_DYN,1,199568.19124241994,17.235953981802986,8,3.344930931137835,-0.14350555598917625,18.7376569305858,20.874324278951086,17.355625605298265,2,8,0.0,0,0.0,0.0,17.266435329838316,17.266435329838316,0,3.6383702971481,1.501702948782814,0.902440740591584,0.8268912477776542,9,2.2180309485432037,2.2180309485432037,2.2180309485432037,5.785072377499989,6.342422600774489,2.2180309485432037,5.785072377499989,6.342422600774489,2.2180309485432037,1.8093074514752283,6.342422600774489,-1.7577339774815681,1.2891139097523707,7.754376499736559,-1.7577339774815681,-22.75125905415438,7.754376499736559,-24.200369634668085,-31.780332671201272,7.754376499736559,-31.780332671201272,36.6896551724138
212,002230.SZ,21207.980158200022,2024-04-23,2024-04-24,2024-06-18,TAKE_PROFIT_DYN,2,397099.8191159999,5.3407176576942215,35,-2.145473574044987,-3.1920460491888902,8.46296560582276,10.60368203225348,4.813971742543166,21,6,0.0,3,,-2.906639354566265,8.462965605822802,3.793485939938379,10,5.262964374559259,3.122247948128538,0.7056826272752914,0.6185076754565166,36,-2.328081879204069,-2.328081879204069,-2.328081879204069,-3.0315738545165005,-2.328081879204069,-4.46125109466754,-5.800155176713773,-2.328081879204069,-5.868235045292403,-2.804640959254423,1.5751639193035682,-5.868235045292403,-11.473477558265587,1.5751639193035682,-13.47048703657181,-20.755032974484333,1.5751639193035682,-21.231592054534687,-22.47972297847609,1.5751639193035682,-24.930598247306477,26.094727435210007
213,600919.SH,-12864.670996319968,2024-04-26,2024-04-29,2024-07-02,TAKE_PROFIT_DYN,2,398986.19344584,-3.22433989136676,42,-4.937993943229535,-6.245586873859111,9.576287586758813,10.491602638199504,-1.5060855374991355,37,11,0.0,14,,-7.074745238534086,9.576287586758813,-3.7931501926345867,16,13.715942529566265,12.800627478125573,0.11806675020889928,0.1805110099467798,43,0.10010010010008674,0.10010010010008674,0.10010010010008674,-0.5636936671419401,0.36561760699691526,-0.5636936671419401,2.091481401826223,2.091481401826223,-0.5636936671419401,4.348380210449165,4.613897717345994,-0.5636936671419401,2.6225164156198577,4.8794152242428,-0.5636936671419401,9.127695334591879,9.127695334591879,-0.6964524205903544,8.86217782769505,9.127695334591879,-0.9619699274871718,9.245742092457418
214,000977.SZ,8939.030455080007,2024-05-28,2024-05-29,2024-07-09,TAKE_PROFIT_DYN,1,199673.32356972,4.476827597833199,28,-5.699499525657115,-6.5380868792729085,5.770211375410406,6.85225957362432,4.5834750140193,18,28,13.0,13,,-5.699499525657115,4.958675226749976,4.50399157300867,13,2.3754319757911206,1.2933837775772066,0.8872348406395467,0.8226011564266019,29,1.3933830471298148,1.3933830471298148,1.3933830471298148,-2.5381971118405344,1.3933830471298148,-2.5381971118405344,1.1347264577238558,1.3933830471298148,-2.5381971118405344,-2.2795405224345866,1.3933830471298148,-2.822719360187065,-9.90990990990992,1.3933830471298148,-10.996267585414888,-17.798935886791188,1.3933830471298148,-19.764725966276366,6.747574447832849,18.076733063813144,-19.764725966276366,9.59474260679078
215,000625.SZ,-21374.357564339996,2024-04-16,2024-04-17,2024-07-10,TAKE_PROFIT_DYN,3,596828.21200002,-3.5813249331349106,56,-21.00225913175552,-22.439670641109476,2.59524648013858,4.691471597946428,-14.200547653785057,33,0,0.0,54,,-24.109200512251363,2.59524648013858,-17.47814570905183,54,8.272796531081339,6.176571413273491,0.738253207145748,0.6950811558839399,57,5.96370429006412,5.96370429006412,5.96370429006412,7.080581278628695,7.080581278628695,5.754289854708272,9.593554502899003,11.408479609316435,5.754289854708272,1.5660011475911118,11.408479609316435,1.5660011475911118,-5.205065595581626,11.408479609316435,-7.438819572710786,-17.14168841086554,11.408479609316435,-19.58485682335055,-7.927453255207784,11.408479609316435,-19.58485682335055,27.819548872180455
216,000725.SZ,17991.33073056006,2024-05-28,2024-05-29,2024-07-10,TAKE_PROFIT_DYN,2,399853.2848309999,4.499483038676097,29,-4.729416924538842,-5.704052045515429,2.0930289222972576,3.0676640432738322,1.9909358933749344,18,29,1.0,7,,-4.729416924538842,4.198245053956784,4.198245053956784,5,-1.4318189954022644,-2.406454116378839,1.3527260121082278,1.1632313427508452,30,2.966928742585062,2.966928742585062,2.966928742585062,-4.916850024248598,2.966928742585062,-4.916850024248598,-2.7667285423848664,2.966928742585062,-4.916850024248598,-9.21709298797605,2.966928742585062,-9.21709298797605,-10.411604922344775,2.966928742585062,-10.411604922344775,-7.066971506112319,2.966928742585062,-11.606116856713511,0.10010010010010895,12.761926604408691,-13.27843356482975,11.228813559322015
217,603019.SH,-12591.667527119862,2024-03-27,2024-03-28,2024-07-17,TAKE_PROFIT_DYN,2,397832.74162631994,-3.1650656694684725,73,-18.707085726113192,-19.720871095078273,3.2582639347967346,5.433678372367612,-9.525738532080997,57,2,0.0,52,,-17.10356097206054,3.2582639347967346,-7.811225974647861,52,8.598744041836085,6.4233296042652075,0.7075698906038214,0.6581634645071155,74,-3.7516994606547005,-3.7516994606547005,-3.7516994606547005,3.7184572632333657,3.7184572632333657,-3.7516994606547005,1.5240987255912497,3.7184572632333657,-3.7516994606547005,2.481212555839396,3.7184572632333657,-3.7516994606547005,-8.700678290230545,3.7184572632333657,-9.097530366187101,-15.797327177924203,3.7184572632333657,-19.88256913630049,28.90689196659344,30.611021469230405,-19.88256913630049,12.40393208221626
218,000858.SZ,-18564.405607439927,2024-06-11,2024-06-12,2024-07-17,TAKE_PROFIT_DYN,2,381700.43631719996,-4.863606074584775,25,-8.918018983189135,-9.446093370785603,-0.24457801431007065,1.151563859746374,-6.1112095724695,18,0,,26,,-8.03802989461082,0.0,-5.276147360584538,26,6.015169934331149,4.6190280602747045,0.46745149049286067,0.43240569085388303,26,1.009260492019104,1.009260492019104,1.009260492019104,1.1017174810278085,2.7967622795208813,1.009260492019104,-2.873933046346855,2.7967622795208813,-2.873933046346855,-2.257553119622102,2.7967622795208813,-5.008148542631307,-4.206854637889135,2.7967622795208813,-5.008148542631307,-10.617205875826574,2.7967622795208813,-12.16586044172252,10.177911902049818,26.396408723994913,-17.027557113764026,15.909783602560198
219,600519.SH,2374.0348222801113,2024-06-11,2024-06-12,2024-07-19,TAKE_PROFIT_DYN,3,455072.7881699999,0.5216824393800606,27,-9.644495631756778,-10.27443893685932,0.006999370056703924,1.172712637680795,-2.9007622950298018,18,0,0.0,27,,-9.758367059691864,0.006999370056703924,-2.5496457387531035,27,0.6510301983007344,-0.5146830693233567,1.0533267715754555,0.9431273191359932,28,-1.7682044307074651,-1.7682044307074651,-1.7682044307074651,-5.633255333093635,-1.7682044307074651,-5.633255333093635,-6.801682894801764,-1.7682044307074651,-6.801682894801764,-9.209312093744938,-1.7682044307074651,-9.567114364464302,-6.211243616563388,-1.7682044307074651,-9.567114364464302,-14.538337854715488,-1.7682044307074651,-14.538337854715488,1.1151838314999107,14.54915187132979,-17.364713667192866,14.496567505720833
220,300750.SZ,5233.44404880004,2024-06-07,2024-06-11,2024-07-22,TAKE_PROFIT_DYN,2,376473.85776,1.3901215027090492,29,-8.530622816337097,-9.524338095766671,0.6031006031006036,2.6381026381026462,0.9566148137576613,21,5,5.0,22,,-9.546017180563272,0.0,-0.23997191601634604,30,1.247981135393597,-0.7870208996084456,1.0861664913055686,0.8973905680034858,30,-2.5124816222677038,-2.5124816222677038,-2.5124816222677038,-1.7114295110006172,-1.7114295110006172,-2.5124816222677038,-3.3868326195330645,-0.8632566873060576,-3.3868326195330645,-7.329265559298504,-0.8632566873060576,-7.329265559298504,-8.062254419281455,-0.8632566873060576,-11.517773330629645,-2.4077689279844106,-0.8632566873060576,-11.517773330629645,30.524373424106678,56.5454779535014,-11.517773330629645,22.575250836120407
221,300059.SZ,15702.777747360058,2024-06-28,2024-07-01,2024-07-31,TAKE_PROFIT_DYN,2,399054.27914351993,3.9349979609446946,22,-5.05677528578291,-5.914695991031871,6.191518405258867,8.574631475394835,3.0379925418093423,5,22,12.0,12,7.0,-5.36815641780557,2.622011306447347,2.622011306447347,13,4.63963351445014,2.256520444314172,0.7993899780451783,0.6797895882192836,23,1.5803233917836668,1.5803233917836668,1.5803233917836668,-0.7325255014718923,1.5803233917836668,-0.7325255014718923,-1.1950952801230041,1.5803233917836668,-1.1950952801230041,-1.4726371473136601,1.5803233917836668,-3.230402306187874,-5.450737243713199,1.5803233917836668,-5.728279110903878,56.533613095535486,56.533613095535486,-5.728279110903878,112.78209817951037,130.35974976825253,-5.728279110903878,20.080321285140556
222,601012.SH,-48698.94169601996,2024-06-06,2024-06-07,2024-08-05,TAKE_PROFIT_DYN,2,399788.20291409997,-12.181185272863992,40,-23.302503947665233,-25.118869400394328,-1.9162655526291927,1.2477258811569802,-13.135779176834884,20,0,,41,,-23.40164116446004,0.0,-13.313989117575808,41,13.428911154020973,10.264919720234799,0.5200221969555249,0.49068467086392553,41,-2.5305629079214076,-2.5305629079214076,-2.5305629079214076,-4.554149837168708,-2.5305629079214076,-4.554149837168708,-6.0381135852834,-2.5305629079214076,-6.847548356982314,-9.073493979154357,-2.5305629079214076,-9.073493979154357,-11.029628010760096,-2.5305629079214076,-13.12066783764897,17.0307774081359,30.049186652960238,-14.132461302272626,29.577016369469213,38.00862857466632,-14.132461302272626,7.0869990224828845
223,600519.SH,6846.595743240003,2024-07-30,2024-07-31,2024-08-30,TAKE_PROFIT_DYN,1,137483.04630059996,4.979956385509713,22,0.7986260334960527,-0.09990009990008542,4.999508538944886,6.87731902501405,5.087117383381323,2,22,0.0,0,0.0,0.0,5.007251174169958,5.007251174169958,0,1.8973626395043377,0.019552153435173025,0.9953457033349986,0.7280632003186961,23,-3.4197147404694483,-3.4197147404694483,-3.4197147404694483,-3.073548843481877,-2.3812170495067564,-3.4197147404694483,-3.2120152022769077,-2.3812170495067564,-3.4197147404694483,-9.710933752321438,-2.3812170495067564,-9.710933752321438,19.288768101914798,21.019597586852612,-12.696960779736177,9.180031578083936,21.019597586852612,-12.696960779736177,5.701064313358906,21.019597586852612,-12.696960779736177,14.496567505720815
224,002594.SZ,23501.73805056006,2024-08-02,2024-08-05,2024-08-30,TAKE_PROFIT_DYN,2,368367.65469503996,6.379967880191982,19,-1.999750379580556,-3.2764151461084245,7.9409240906381795,8.966583581035149,6.073379921066646,3,19,0.0,3,,-2.1618285174183294,5.817467559668699,5.817467559668699,3,2.5866157008431667,1.5609562104461974,0.8429728068127907,0.7887269484796677,20,-1.6338531317133254,-1.6338531317133254,-1.6338531317133254,2.127805408832506,2.127805408832506,-1.6338531317133254,2.650031323355151,3.160017568006146,-1.6338531317133254,4.033114018848694,5.301959795540401,-1.6338531317133254,33.567437419077926,33.567437419077926,-1.6338531317133254,25.456616184148295,33.567437419077926,-1.6338531317133254,15.318089640486221,33.567437419077926,-1.6338531317133254,16.128046917954666
225,002475.SZ,17008.690406400012,2024-08-05,2024-08-06,2024-08-30,TAKE_PROFIT_DYN,1,199050.539688,8.544910470004318,18,-1.2818167747745246,-3.167255279931347,10.931322198927852,12.844901577295943,8.6557104866964,1,18,3.0,3,2.0,-1.2818167747745357,8.573132146726481,8.573132146726481,3,4.299991107291625,2.386411728923534,0.8046029170664468,0.7314545975515616,19,-0.15889110326369194,-0.15889110326369194,-0.15889110326369194,-1.9977286471464906,0.04830185942734655,-1.9977286471464906,-7.022157992403799,0.04830185942734655,-7.022157992403799,-3.784767950356571,0.04830185942734655,-7.048057112740169,19.990624518438228,19.990624518438228,-7.3329474364403175,11.884199853151989,19.990624518438228,-7.3329474364403175,4.399354075938811,19.990624518438228,-7.3329474364403175,20.872005180228808
226,002466.SZ,-131116.9336784999,2024-04-25,2024-04-26,2024-09-11,TAKE_PROFIT_DYN,5,992384.0877950998,-13.212317215788726,94,-34.95665995013082,-36.23508901649407,6.422697177463443,8.53601869532923,-28.6098858049759,93,1,0.0,79,,-35.94801767876953,6.422697177463443,-29.751407395522776,79,21.748335911117955,19.63501439325217,0.5254876886388756,0.5142327938119211,95,1.2330329599405943,1.2330329599405943,1.2330329599405943,-7.464967705931558,1.2330329599405943,-7.464967705931558,-8.85372411476829,1.2330329599405943,-8.85372411476829,16.947908112566743,16.947908112566743,-8.890270336053474,21.881647986065666,41.50696881620577,-8.890270336053474,38.18126267925466,56.52746576441354,-8.890270336053474,33.02824547804466,56.52746576441354,-8.890270336053474,15.01284146626197
227,300502.SZ,55164.40179030009,2024-07-25,2024-07-26,2024-09-13,TAKE_PROFIT_DYN,2,395026.2091175399,13.964744747831642,35,-8.832761858698445,-12.266194686943955,8.505007640454343,13.772448066396215,11.719980307876575,6,4,0.0,8,,-8.832761858698424,12.251172831439682,12.251172831439682,7,-0.1922966814354261,-5.459737107377299,1.3149042388436465,1.0073850501063755,36,-4.967896958743645,-4.967896958743645,-4.967896958743645,-8.604256430343382,-4.967896958743645,-8.604256430343382,0.5009586245284137,0.5009586245284137,-9.091013210006349,48.85213207104893,48.85213207104893,-9.091013210006349,35.289751994557484,48.85213207104893,-9.091013210006349,19.30313227033289,48.85213207104893,-9.091013210006349,27.606630276348042,48.85213207104893,-9.091013210006349,28.263657348037956
228,601919.SH,17212.42954926018,2024-07-08,2024-07-09,2024-09-20,TAKE_PROFIT_DYN,5,995770.3499944198,1.7285541339282333,51,-18.9753563441457,-19.814265510556606,1.5080091357208225,2.976100176939944,-9.488412217593446,46,0,0.0,50,,-19.95209214571978,1.5080091357208225,-10.647470796173252,50,1.247546043011711,-0.2205449982074108,1.010767029393885,0.9452599374613744,52,2.33999431530294,2.33999431530294,2.33999431530294,8.36453737688303,8.36453737688303,2.33999431530294,14.620793633139307,14.620793633139307,2.33999431530294,13.693940854434672,28.29187211903259,2.33999431530294,13.771178585993393,28.29187211903259,2.33999431530294,9.059676960911522,28.29187211903259,2.33999431530294,11.840235297025403,28.29187211903259,2.33999431530294,18.30222757375075
229,000063.SZ,6772.520094120031,2024-08-22,2024-08-23,2024-09-23,TAKE_PROFIT_DYN,1,199451.04379199998,3.3955801711335427,19,-2.056277056277045,-3.013653013652995,3.6463536463536617,5.103230103230105,3.5011238761238905,11,19,0.0,7,,-2.056277056277045,3.4224630219780394,3.4224630219780394,7,1.7076499320965626,0.25077347522011895,0.9560249491336633,0.7896175283657031,20,2.2316008254136044,2.2316008254136044,2.2316008254136044,5.770696369330364,5.770696369330364,2.2316008254136044,25.275938855689752,25.275938855689752,2.2316008254136044,22.299881239214294,37.82364123866735,2.2316008254136044,24.83355191270016,37.82364123866735,2.2316008254136044,23.184655125193476,45.02248331095258,2.2316008254136044,45.38443626430768,52.02024040915161,2.2316008254136044,4.36507936507937
230,601138.SH,-20350.1323317599,2024-07-18,2024-07-19,2024-09-24,TAKE_PROFIT_DYN,4,797744.0995524,-2.550959931032771,45,-26.545220898444754,-27.585430188553918,-0.33994839761758433,1.8204862818399281,-18.305323030993815,35,1,,46,,-25.644804785883856,0.0,-16.560407191471615,46,4.3714462128727,2.2110115334151867,0.9156272260345548,0.851341269459365,46,3.185377157979885,3.185377157979885,3.185377157979885,12.637098938468805,12.637098938468805,3.185377157979885,35.70321789499871,35.70321789499871,3.185377157979885,20.47272321244924,35.70321789499871,3.185377157979885,22.67649253950623,35.70321789499871,3.185377157979885,8.180587632642421,35.70321789499871,3.185377157979885,12.637098938468805,35.70321789499871,3.1364045062675094,23.99855647780585
231,300308.SZ,42228.707845500205,2024-07-25,2024-07-26,2024-09-24,TAKE_PROFIT_DYN,3,586515.2313220198,7.199933708510119,40,-19.06064760762828,-20.412079160347417,5.75358957723886,10.271930009522713,-3.3472761449291344,30,4,0.0,36,,-16.64658160214849,5.75358957723886,-0.5401961062016625,36,3.071996301012594,-1.4463441312712586,1.0582868665474556,0.8998828254806706,41,2.753376062026347,2.753376062026347,2.753376062026347,12.532593178840234,12.532593178840234,2.753376062026347,56.52643555706498,56.52643555706498,2.753376062026347,32.91649104506729,56.52643555706498,2.753376062026347,20.846191192875807,56.52643555706498,2.753376062026347,7.007040699400191,56.52643555706498,2.753376062026347,10.856396618766206,56.52643555706498,2.753376062026347,33.91809718559974
232,601899.SH,90192.29807412007,2024-07-23,2024-07-24,2024-09-25,TAKE_PROFIT_DYN,4,797994.4146173999,11.302372099604602,43,-14.067695222710409,-15.343015646967007,2.754388468674196,5.183570229162937,3.015646967014751,33,43,0.0,35,,-12.745931595746395,4.338499017790576,4.338499017790576,18,-6.118801870441665,-8.547983630930407,1.508140595882794,1.2980915534305746,44,2.39921900699287,2.39921900699287,2.39921900699287,6.938505053934962,6.938505053934962,2.39921900699287,-0.1946587341169259,6.938505053934962,-0.1946587341169259,2.870833141740081,6.938505053934962,-0.1946587341169259,0.9843766027511469,7.410119188682196,-0.1946587341169259,-7.5636295895424315,7.410119188682196,-8.388954325350095,-8.506857859036899,7.410119188682196,-11.454446201207102,17.563117453347967
233,601127.SH,23496.136947360035,2024-08-28,2024-08-29,2024-09-25,TAKE_PROFIT_DYN,1,198097.33992047998,11.860904824260553,17,1.695643727910956,-0.6937019957116042,10.729915428471903,14.731009155011442,11.975089727707932,0,16,0.0,0,0.0,0.0,11.889988659514827,11.889988659514827,0,2.8701043307508893,-1.1309893957886494,1.1251887737357318,0.8139281635354092,18,0.8702951185292296,0.8702951185292296,0.8702951185292296,14.165628797313957,14.165628797313957,0.8702951185292296,12.397968099279888,23.862510340815078,0.8702951185292296,15.402991285937805,23.862510340815078,0.8702951185292296,38.205814290577145,38.205814290577145,0.8702951185292296,56.42534562817105,82.35945329789931,0.8702951185292296,63.23083931560218,82.76349002887851,0.8702951185292296,10.687392055267694
234,600036.SH,25289.52565788006,2024-09-09,2024-09-10,2024-09-25,TAKE_PROFIT_DYN,1,199901.61090899995,12.650986424212693,9,-0.6613221489254473,-1.1566945451242816,12.779782201269807,13.90262629932053,12.76597782382909,1,9,3.0,3,2.0,-0.6613221489254362,12.680275680682996,12.680275680682996,3,1.2516398751078377,0.12879577705711398,0.990417768235298,0.9168860343679077,10,3.614439483368681,3.614439483368681,3.614439483368681,10.145253503942797,10.145253503942797,3.614439483368681,8.388083812308489,17.14464610895272,3.614439483368681,15.680338032590813,17.14464610895272,3.614439483368681,10.935979865178226,17.14464610895272,3.614439483368681,7.1873511896917375,17.14464610895272,3.614439483368681,15.387476417318435,17.14464610895272,3.614439483368681,9.45
235,000858.SZ,73073.60540964012,2024-08-22,2024-08-23,2024-09-26,TAKE_PROFIT_DYN,4,773453.5256447999,9.447704740723928,22,-10.794015271627199,-11.920583562374587,11.25690230167844,11.25690230167844,4.740557949513202,16,22,0.0,15,,-9.872057795195587,5.742642081366012,5.742642081366012,10,1.8091975609545123,1.8091975609545123,0.9179536382130108,0.9219415957551949,23,16.842765179653863,16.842765179653863,16.842765179653863,29.741814185205207,29.741814185205207,16.842765179653863,20.19604340059422,29.741814185205207,16.795313129357538,9.100172306303289,29.741814185205207,9.100172306303289,16.123075750159586,29.741814185205207,9.100172306303289,13.884920711182858,29.741814185205207,9.100172306303289,12.690710778725322,29.741814185205207,9.100172306303289,15.909783602560212
236,600809.SH,19980.761819040054,2024-08-28,2024-08-29,2024-09-26,TAKE_PROFIT_DYN,1,194644.99454399996,10.265232797714383,18,-8.862742196075523,-9.343742677076005,11.555111555111575,11.555111555111575,10.377788877788907,12,18,0.0,9,,-8.862742196075535,10.293901758241741,10.293901758241741,9,1.289878757397192,1.289878757397192,0.9368259380679423,0.9382799294608901,19,11.173293067583412,11.173293067583412,11.173293067583412,28.945153223771293,28.945153223771293,11.173293067583412,16.961299078841073,28.945153223771293,11.173293067583412,2.9047130515010178,28.945153223771293,2.9047130515010178,12.240386839929162,28.945153223771293,2.9047130515010178,12.145409907311988,30.397741604974946,2.9047130515010178,5.552893408003068,30.397741604974946,2.9047130515010178,19.280205655526984
237,600519.SH,51843.89065284014,2024-09-09,2024-09-10,2024-09-26,TAKE_PROFIT_DYN,3,396801.44355851994,13.065449104192647,10,-8.049498566425317,-9.155675494853021,11.492717440075895,11.556156723380573,9.131746488865389,5,10,0.0,6,,-10.154673719520202,6.552171388936157,6.552171388936157,8,-1.5092923808120737,-1.572731664116752,1.0804786756831233,1.07287102197957,11,8.858491364565646,8.858491364565646,8.858491364565646,15.125939492478867,16.79636809799947,8.858491364565646,9.580116522150517,16.79636809799947,6.5833676038465905,-0.13509624755720928,16.79636809799947,-0.13509624755720928,2.0825647691319116,16.79636809799947,-0.13509624755720928,1.4284249272100702,16.79636809799947,-0.13509624755720928,2.0825647691319116,16.79636809799947,-0.13509624755720928,14.496567505720828
238,600276.SH,14006.675501280028,2024-09-20,2024-09-23,2024-09-26,TAKE_PROFIT_DYN,1,197496.58376448,7.0921102706178285,3,-0.49595926461597495,-1.5909463670657598,8.24063995705786,8.333830348755722,7.201427304039254,0,3,1.0,1,1.0,-0.49595926461597495,7.1199542192881715,7.1199542192881715,1,1.2417200781378934,1.1485296864400318,0.8685381282466581,0.8748868499823862,4,5.794026766671134,5.794026766671134,5.794026766671134,21.72398190635272,21.72398190635272,5.794026766671134,14.24798658841211,21.72398190635272,5.794026766671134,6.967584171231578,21.72398190635272,5.794026766671134,1.2736575046605303,21.72398190635272,1.2736575046605303,8.010746308618643,21.72398190635272,1.2736575046605303,0.20876282274457925,21.72398190635272,-0.35628333500674625,18.13961792537047
239,000100.SZ,64270.547274779994,2024-05-07,2024-05-08,2024-09-27,TAKE_PROFIT_DYN,5,999394.9121356199,6.430946014868081,99,-21.77020376586537,-22.853718949163625,1.8504272300367886,3.5840515233140025,-9.075739878342903,92,1,0.0,92,,-24.56182209814558,1.8504272300367663,-11.958172694465762,92,-2.846894491554078,-4.580518784831292,1.1939202549511039,1.107682850735003,100,9.156775823442477,9.156775823442477,9.156775823442477,2.9601029601029616,14.161780828447501,2.9601029601029616,0.10010010010010895,14.161780828447501,0.10010010010010895,-1.3299013299013396,14.161780828447501,-3.474903474903479,23.695123695123698,26.316792983459635,-3.474903474903479,11.54011154011152,27.508460841794168,-3.474903474903479,22.980122980122974,27.508460841794168,-3.474903474903479,15.327102803738313
240,688012.SH,34915.928105520026,2024-08-23,2024-08-26,2024-09-27,TAKE_PROFIT_DYN,2,388789.35895799997,8.980679975166685,22,-9.72047982833807,-11.105843309233144,5.364589185852675,6.826917304575253,5.274602131304751,18,22,0.0,8,,-12.88320633449752,3.9407433860438656,1.50935310094098,8,-2.1537626705914326,-3.6160907893140104,1.2397132413456182,1.120102125767129,23,19.897870409117836,19.897870409117836,19.897870409117836,44.75474598173983,44.75474598173983,19.897870409117836,23.23161607415185,44.75474598173983,19.897870409117836,35.72585147227274,44.75474598173983,19.503084738258547,37.88986181624219,44.75474598173983,19.503084738258547,62.3007757977083,80.06613098637638,19.503084738258547,44.279541007557356,80.06613098637638,19.503084738258547,22.49289484368656
241,688256.SH,84553.94947626,2024-09-05,2024-09-06,2024-09-30,TAKE_PROFIT_DYN,2,380017.31782014,22.25002533076108,14,-1.1083703026830927,-3.4709366462920888,36.90574828015589,36.90574828015589,22.290718759913087,8,14,0.0,3,,-0.23720355473907384,23.744379533089543,23.744379533089543,1,14.65572294939481,14.65572294939481,0.6144663220993117,0.6370251055505832,15,34.34049017108387,34.34049017108387,34.34049017108387,34.42179367532297,43.82977059441959,34.34049017108387,44.836385408808546,44.836385408808546,28.924128150583385,71.89883753411117,71.89883753411117,28.924128150583385,59.099343009611815,75.61556915647034,28.924128150583385,117.58366372560917,117.58366372560917,28.924128150583385,164.62354832109233,164.62354832109233,28.924128150583385,
242,600900.SH,16431.771248640027,2024-09-11,2024-09-12,2024-09-30,TAKE_PROFIT_DYN,1,199691.34625439998,8.228584541518643,10,0.4771401883315374,-0.3523552260014218,8.375379133501903,9.998304944153347,8.339061660361335,0,10,0.0,0,0.0,0.0,8.256723973499437,8.256723973499437,0,1.7697204026347038,0.1467945919832605,0.981414262976556,0.8290234271493582,11,-2.729467079317438,-2.729467079317438,-2.729467079317438,-2.8626231818782655,-2.729467079317438,-4.959831797211245,-2.2967097459947516,-2.2967097459947516,-4.959831797211245,-6.9238843099834195,-2.2967097459947516,-6.9238843099834195,-7.123618463824655,-2.2967097459947516,-8.322023386872079,-8.08900020739064,-2.2967097459947516,-10.219497848363835,-2.096975592153516,-0.765414566545275,-10.219497848363835,1.64374371016437
243,600150.SH,26550.125771400053,2024-09-19,2024-09-20,2024-12-18,TAKE_PROFIT_DYN,3,593537.0695254,4.47320430931633,58,-4.5242486709341385,-6.4123464687639515,22.021842755270104,29.489692254149237,2.8688096106995964,0,7,3.0,3,3.0,-4.5242486709341385,25.50995801973468,5.589490552994247,2,25.016487944832907,17.548638445953774,0.3389370147112837,0.30320146613660043,59,-0.694345138789576,-0.694345138789576,-0.694345138789576,-0.8861077826594954,-0.694345138789576,-2.283235616568935,-1.5161850410892352,-0.694345138789576,-2.283235616568935,-5.296648591667741,-0.17384653399978856,-5.296648591667741,-10.090714688415826,-0.17384653399978856,-12.008341127115074,-12.967154346464682,-0.17384653399978856,-13.48765295125448,-11.159106561405407,-0.17384653399978856,-16.72022323363319,16.575192096597142
244,600418.SH,38096.99451360002,2024-11-27,2024-11-28,2025-01-22,TAKE_PROFIT_DYN,1,197240.26113792,19.31501930377224,38,-2.5858400858400854,-4.031154031154028,18.48683723683724,19.96105746105745,19.436813186813183,0,38,1.0,1,1.0,-2.5858400858400854,19.3460412087912,19.3460412087912,1,0.6460381572852114,-0.8281820669349997,1.0393012266193509,0.9730730050668762,39,-0.21452787410235485,-0.21452787410235485,-0.21452787410235485,-1.0374010374010423,1.9152614897295583,-1.0374010374010423,-3.77224419777612,1.9152614897295583,-3.77224419777612,-2.2475086304873604,4.262870220317017,-3.77224419777612,-14.542201776244323,4.262870220317017,-14.977840509755403,-16.50257607704416,4.262870220317017,-23.061359231572,-15.534490002575119,4.262870220317017,-25.772000240085347,28.80687093779015
245,603019.SH,28059.931437119958,2025-01-02,2025-01-03,2025-02-05,TAKE_PROFIT_DYN,2,389808.64190268004,7.198386187683706,17,-9.775777470823455,-10.827825393236257,6.834725642201156,6.95326625317727,5.025573655060467,6,17,17.0,17,11.0,-7.155111219746457,7.994024279673417,7.994024279673417,8,-0.24511993450643565,-0.3636605454825501,1.021893409429447,1.0137854266420068,18,2.992351054366549,2.992351054366549,2.992351054366549,7.944449029720335,7.944449029720335,2.992351054366549,5.560105560105533,7.944449029720335,2.992351054366549,4.501964967081218,7.944449029720335,2.2869239923503315,1.045372363201813,10.328792499335137,-0.5630013381951349,-7.631380499597562,10.328792499335137,-7.828900076962109,-8.153396525489566,10.328792499335137,-16.19526503247435,24.040920716112545
246,600030.SH,-115.76196719997097,2024-12-31,2025-01-02,2025-02-07,TAKE_PROFIT_DYN,2,395882.28663984,-0.029241512213777625,20,-8.78686530860443,-9.821027833450191,-2.9955551694682003,-0.03095593157703691,-3.850187080000733,6,20,,21,,-7.957027812808482,0.0,-3.0491754147497274,21,-0.0017144193632592855,-2.966313657254423,1.512200794982264,1.0001751181585226,21,0.9247069418989229,0.9247069418989229,0.9247069418989229,1.3549365984895978,1.3549365984895978,0.2793624570128772,1.2473791843419235,1.3549365984895978,0.2793624570128772,2.0361335547582016,2.0361335547582016,-1.2622938124370764,-1.1188839269068551,2.0361335547582016,-2.0151957114707852,-13.88236373909727,2.0361335547582016,-13.88236373909727,-7.285509004706714,2.0361335547582016,-13.88236373909727,15.600843288826432
247,300059.SZ,22168.287147600087,2025-01-02,2025-01-03,2025-02-07,TAKE_PROFIT_DYN,2,398093.06929391995,5.568619214325684,19,-8.61980828536012,-10.37390702942541,1.4036131092987292,5.245924643917954,2.7207742090685327,5,19,15.0,15,10.0,-7.09772008082793,4.352390431970865,4.352390431970865,7,-0.3226945704077302,-4.165006105026955,1.4155273874094876,1.020659286038174,20,-1.0383250838165603,-1.0383250838165603,-1.0383250838165603,-0.2251642381618124,-0.2251642381618124,-2.664646775126067,-1.5262215912094201,-0.2251642381618124,-2.664646775126067,-0.9976670415338229,-0.2251642381618124,-5.14478735437307,-4.819523016111161,-0.2251642381618124,-6.689792961117103,-21.40800426746813,-0.2251642381618124,-21.40800426746813,-13.723634276030715,-0.2251642381618124,-21.40800426746813,21.230643846780765
248,300033.SZ,84860.32087763998,2025-01-02,2025-01-03,2025-02-07,TAKE_PROFIT_DYN,2,365482.02262572,23.218740081380986,19,-6.310937153877716,-8.449837331406428,18.417291646817024,23.39434782914345,20.375866086301777,5,19,7.0,7,2.0,-5.4508898796965966,23.224442172510873,23.224442172510873,7,0.1756077477624629,-4.801448434563962,1.1941687159748806,0.9944854061462997,20,-0.22607016152199622,-0.22607016152199622,-0.22607016152199622,1.1065683359625877,1.1065683359625877,-0.8224957827738355,-3.7021132353803665,1.1065683359625877,-3.7021132353803665,-1.136240510619857,1.1065683359625877,-7.11602864035833,-2.9255173743753637,1.1065683359625877,-8.784156549797062,-23.52705237511592,1.1065683359625877,-23.52705237511592,-17.158966314874945,1.1065683359625877,-23.52705237511592,24.364016222194913
249,300750.SZ,17174.472084000037,2025-01-07,2025-01-08,2025-02-14,TAKE_PROFIT_DYN,1,197040.00908592,8.716235937905914,21,-0.3638745091649631,-2.0614330179759666,9.533135265888637,10.869251891244659,8.827210839487766,0,21,1.0,1,1.0,-0.3638745091649631,8.744502159249734,8.744502159249734,1,2.1530159533387447,0.816899327982723,0.9174599857381369,0.8334955983806032,22,0.5329815350691991,0.5329815350691991,0.5329815350691991,2.081652186036309,2.081652186036309,0.5329815350691991,2.8279994877072,2.8279994877072,0.5329815350691991,-1.370204084191562,2.8279994877072,-1.370204084191562,-2.2285034811130866,2.8279994877072,-5.504968135448307,-16.40910221286005,2.8279994877072,-21.114821949895024,-2.9076795256335997,2.8279994877072,-21.114821949895024,23.28434041008891
250,000858.SZ,2370.5374572,2025-01-06,2025-01-07,2025-02-17,TAKE_PROFIT_DYN,1,197048.01916799997,1.2030252662316376,23,-4.813174630247774,-5.193891474379253,2.2605443337150977,3.1666504227480186,1.3063308642577098,15,9,5.0,10,,-4.813174630247774,2.2605443337150977,1.2293380528008768,10,1.963625156516381,1.05751906748346,0.8505002710920521,0.7651318322809801,24,-2.139712922112691,-2.139712922112691,-2.139712922112691,-1.9142283896751544,-1.4557431737188375,-2.139712922112691,-0.8619672383000099,-0.8619672383000099,-2.139712922112691,-1.6586792529126204,-0.223094396393686,-3.2295548288940656,5.105856720213242,5.827407224013337,-3.334780944031568,-1.2753555477688194,5.827407224013337,-4.710236591900507,-1.4782916269625912,5.827407224013337,-4.710236591900507,9.95738636363638
251,688256.SH,33215.86575648002,2025-01-16,2025-01-17,2025-02-21,TAKE_PROFIT_DYN,1,173318.15100599997,19.16467811575612,19,-2.3524136175782417,-4.483731173505856,28.50407824411294,28.50407824411294,19.28631853415217,8,19,0.0,3,,-2.352413617578253,19.195660932066282,19.195660932066282,3,9.339400128356818,9.339400128356818,0.6973278696029658,0.716883288304417,20,13.264672612757188,13.264672612757188,13.264672612757188,15.389582663311764,15.389582663311764,13.264672612757188,6.744798331957225,15.534726792447984,6.744798331957225,8.858096852180907,15.534726792447984,-0.49499082935848815,-0.5690143352179766,15.534726792447984,-0.5690143352179766,0.8751697496876432,15.534726792447984,-17.970343977361924,-3.963935515714656,15.534726792447984,-17.970343977361924,28.999999999999993
252,600519.SH,13205.646329040115,2025-01-03,2025-01-06,2025-02-28,TAKE_PROFIT_DYN,2,289664.5932179999,4.558943908999476,33,-3.482615113723153,-3.7431941767798405,3.1858712519414745,5.08280432574999,4.197452925601608,16,33,6.0,10,,-3.436766806638769,4.167721786258705,4.167721786258705,10,0.5238604167505141,-1.3730726570580014,1.2059046958733868,0.9406457618817452,34,-1.8794407121522139,-1.8794407121522139,-1.8794407121522139,-3.2420246379192275,-1.8794407121522139,-3.2420246379192275,0.3627191811922392,0.3627191811922392,-3.2420246379192275,7.42374125849623,7.42374125849623,-3.2420246379192275,4.599596366349612,8.073690491852403,-3.2420246379192275,2.2762752997028013,8.073690491852403,-3.2420246379192275,1.6164283622853715,8.073690491852403,-3.2420246379192275,8.417080824978928
253,688256.SH,17215.76176254,2025-03-25,2025-03-26,2025-04-21,TAKE_PROFIT_DYN,1,192947.8584033,8.922494348994318,17,-12.10470855524176,-17.21674449159466,8.088377723311947,12.976460761935972,9.033679794168625,7,17,0.0,13,,-12.104708555241716,8.950814197525103,8.950814197525103,13,4.053966412941653,-0.8341166256823715,1.0413070401510764,0.8657324924962181,18,-0.869834467258157,-0.869834467258157,-0.869834467258157,-1.300599525114321,-0.869834467258157,-2.2634022206537763,1.3866897762135455,1.3866897762135455,-2.2634022206537763,0.3069243828456081,2.8458707503422387,-2.2634022206537763,-5.622513847313648,2.8458707503422387,-5.622513847313648,-18.130390643143922,2.8458707503422387,-18.225957725515997,-16.896576818489663,2.8458707503422387,-25.329302057051496,27.395531392591156
254,002261.SZ,5281.471514879988,2025-03-24,2025-03-25,2025-04-28,TAKE_PROFIT_DYN,1,197688.82573440002,2.6716085217561965,23,-21.63428143979197,-27.786961822618217,1.6811389582864544,3.9802984697636212,2.776413214014517,9,23,23.0,23,14.0,-21.63428143979198,2.698303139971836,2.698303139971836,23,1.3086899480074248,-0.990469563469742,1.0424813083598259,0.9588038144944699,24,0.7617627069940625,0.7617627069940625,0.7617627069940625,10.844240526330552,10.844240526330552,0.7617627069940625,6.118079048516578,10.844240526330552,0.7617627069940625,2.746750527675923,10.844240526330552,0.7617627069940625,-5.130185268680698,10.844240526330552,-7.398742778031409,-2.5465503274757273,10.844240526330552,-7.965882155369086,2.0850879207819695,10.844240526330552,-7.965882155369086,16.969869243888567
255,600989.SH,13783.406511600042,2025-03-28,2025-03-31,2025-04-29,TAKE_PROFIT_DYN,1,199370.94297119995,6.913448021154776,20,-6.01503759398494,-8.972606341027378,5.552342394447662,7.261159892738855,7.0225826804774405,4,20,2.0,3,,-6.01503759398494,6.941245517640282,6.941245517640282,3,0.347711871584079,-1.361105626707114,1.1176675814288302,0.9785809487104208,21,-1.5579997175089066,-1.5579997175089066,-1.5579997175089066,-3.0318662220502723,-1.5579997175089066,-3.093277326406163,-3.89162168303272,-1.5579997175089066,-4.137266100456283,0.10010010010010895,0.10010010010010895,-4.628554935303408,-1.7422330305765898,2.5565442743356925,-4.628554935303408,-0.8824775695941312,2.5565442743356925,-4.628554935303408,-2.3563440741354857,2.5565442743356925,-4.628554935303408,6.586826347305395
256,000063.SZ,10300.703426640073,2025-03-03,2025-03-04,2025-05-07,TAKE_PROFIT_DYN,2,395609.94384911994,2.6037524048102836,42,-15.492698997853626,-20.19682741332225,7.9444378413450645,12.258875145473102,-7.31845474113515,24,6,0.0,30,,-15.49269899785365,7.9444378413450645,-2.24066303097451,30,9.655122740662819,5.3406854365347805,0.77212722385089,0.7025138271719118,43,-0.7107917999007007,-0.7107917999007007,-0.7107917999007007,-0.3804284332337038,-0.3804284332337038,-2.3626086332356966,-0.890989999900893,-0.3804284332337038,-2.3626086332356966,-3.89429333323722,-0.3804284332337038,-3.9243263665705963,-3.2936326665699456,-0.3804284332337038,-6.957662733240289,-1.7919809999017766,-0.3804284332337038,-7.017728799907008,2.9832713001029854,5.38591396677206,-7.017728799907008,2.2798518096323788
257,600050.SH,-8201.42768411999,2025-03-19,2025-03-20,2025-05-07,TAKE_PROFIT_DYN,1,199893.60082691995,-4.102896566069308,30,-9.968714128159517,-12.912044627815833,-1.1387226291905472,0.24637407653007593,-4.005007124591165,11,0,,31,,-9.96871412815955,0.0,-4.077963319176536,31,4.349270642599384,2.964173936878761,0.6643061392273287,0.6694685934288651,31,-1.523144766387996,-1.523144766387996,-1.523144766387996,-1.16242368494619,-1.16242368494619,-2.064226388550705,-0.08026044062079407,-0.08026044062079407,-2.064226388550705,-1.523144766387996,-0.08026044062079407,-2.966029092155209,-2.966029092155209,-0.08026044062079407,-3.867831795759713,-3.867831795759713,-0.08026044062079407,-5.671437202968721,-3.326750173597004,-0.08026044062079407,-5.671437202968721,5.595667870036094
258,300846.SZ,-22480.46264771989,2025-03-25,2025-03-26,2025-05-07,TAKE_PROFIT_DYN,3,595191.15147492,-3.7770156011244347,26,-28.25882726544977,-31.401380076876762,-0.38934575358415824,1.7194725803997502,-15.35984710653583,7,0,,27,,-28.35585534680145,0.0,-15.305612999645291,27,5.496488181524185,3.3876698475402764,0.8784451786052082,0.8340475035953933,27,-0.8281097104913759,-0.8281097104913759,-0.8281097104913759,-1.6586132252311092,-0.8281097104913759,-4.834067840412414,5.718212111574705,5.718212111574705,-4.834067840412414,-6.153102834410795,5.718212111574705,-6.153102834410795,-8.156081899371316,5.718212111574705,-13.285662431587287,-7.716403568038521,5.718212111574705,-13.285662431587287,1.4191350940984782,7.037247105573097,-13.285662431587287,6.891830214513922
259,300059.SZ,20592.722616840096,2025-04-01,2025-04-02,2025-05-07,TAKE_PROFIT_DYN,2,398868.04473515996,5.1627907747067665,21,-13.01491301491301,-18.189918189918185,1.0251010251010273,1.9251019251019352,-1.098901098901084,2,1,0.0,20,,-13.01491301491302,1.0251010251010273,-1.0883637201548613,20,-3.2376888496048313,-4.137689749605739,1.294706952415669,1.1609587676816298,22,-3.448903448903462,-3.448903448903462,-3.448903448903462,-1.1739011739011818,-1.1739011739011818,-5.223405223405242,2.5116025116025176,2.5116025116025176,-5.223405223405242,-2.720902720902729,2.5116025116025176,-5.223405223405242,-3.8584038584038693,2.5116025116025176,-6.724906724906732,4.104104104104089,9.200109200109186,-6.724906724906732,5.696605696605683,10.656110656110652,-6.724906724906732,4.4819078947368505
260,002475.SZ,14484.719967300072,2025-04-02,2025-04-03,2025-05-07,TAKE_PROFIT_DYN,2,395480.78127557994,3.6625597634810965,20,-23.042308215555572,-27.255124676558985,-4.956713981693806,0.436764417425195,-11.217227575003541,3,0,,21,,-22.183644987835127,0.0,-7.949274854041266,21,-3.2257953460559015,-8.619273745174903,1.4765822805554811,1.1164888150139485,21,-1.048391386555636,-1.048391386555636,-1.048391386555636,3.122446117615185,3.122446117615185,-3.0431397581156094,1.3090385071061528,3.122446117615185,-3.0431397581156094,-2.9222459174150117,3.122446117615185,-3.0431397581156094,-4.403195465997401,3.122446117615185,-8.362468748942176,8.10931704651512,8.10931704651512,-8.362468748942176,10.708534621578103,19.080433090094928,-8.362468748942176,7.030456852791877
261,300308.SZ,7527.471528059919,2025-01-10,2025-01-13,2025-05-08,TAKE_PROFIT_DYN,5,973270.0294317,0.7734206644023827,73,-34.73858265146832,-39.080882819539795,19.662551604475386,22.082998671020437,-18.366696824047104,55,7,0.0,47,,-35.764551808156284,19.662551604475343,-19.29530767028932,47,21.309578006618054,18.889130940073002,0.6527805679344042,0.6515986643210849,74,5.275010977251937,5.275010977251937,5.275010977251937,7.08511928835871,8.017935841321687,5.275010977251937,4.5198737677104805,9.261691245272342,4.5198737677104805,4.897442372481198,9.261691245272342,4.5198737677104805,14.880800480977996,14.880800480977996,0.12231001802778252,54.85865275082049,61.976931446645246,0.12231001802778252,133.9037506554702,141.65501201223412,0.12231001802778252,3.2075731813795443
262,300502.SZ,111893.05403892009,2025-02-28,2025-03-03,2025-05-08,TAKE_PROFIT_DYN,2,389522.28146831994,28.725713357688992,44,-26.83973327120376,-31.757284239332318,12.230365118282705,13.945789874606618,6.4680870175718885,25,44,11.0,21,,-26.839733271203727,11.742729047238276,11.742729047238276,15,-14.779923483082374,-16.495348239406287,1.422198789339243,1.3233901388391434,45,6.642590302721008,6.642590302721008,6.642590302721008,13.155785773091377,13.155785773091377,6.642590302721008,13.165550683841577,16.055964265894996,6.642590302721008,14.95252935112459,16.055964265894996,6.642590302721008,-2.614545088450082,16.055964265894996,-17.369325231972788,25.33262947856645,26.611832786840097,-17.369325231972788,78.81504565730492,88.84360899774026,-17.369325231972788,5.310512436010128
263,300750.SZ,42875.924842079985,2025-04-01,2025-04-02,2025-05-08,TAKE_PROFIT_DYN,3,548330.1687864,7.81936272756536,22,-15.59599473268537,-16.506355355276202,-0.5231379332098718,0.802474903194339,-1.567964409691014,4,0,,23,,-21.000946069402794,0.0,-7.941241948818933,23,-7.016887824371021,-8.342500660775231,1.5534783997327921,1.4053935314858792,23,0.7085620288197481,0.7085620288197481,0.7085620288197481,4.967795529857355,4.967795529857355,0.7085620288197481,5.53974974285385,6.521401654521575,0.7085620288197481,9.673234445289403,11.178163615656,0.7085620288197481,0.956003213165757,11.178163615656,0.7085620288197481,7.819453769123497,11.178163615656,-2.804291506321732,6.7120530588537175,18.374240025980516,-2.804291506321732,9.851963539167986
264,601318.SH,13805.56407582006,2025-04-07,2025-04-08,2025-05-08,TAKE_PROFIT_DYN,1,199305.86105429995,6.926822925723594,19,0.68201623299462,-1.0258536520122208,6.916770150549789,7.719263229046991,7.035971237825023,1,19,0.0,0,0.0,0.0,6.954623899684265,6.954623899684265,0,0.7924403033233967,-0.010052775173805095,1.0016123772175674,0.9093848242280537,20,-0.5150723990747008,-0.5150723990747008,-0.5150723990747008,0.8498415834693906,1.118979551858379,-0.5150723990747008,4.290962750728444,5.136824937093798,-0.5150723990747008,3.5027729861607515,5.136824937093798,-0.5150723990747008,2.676134940394581,5.136824937093798,-0.5150723990747008,8.75096336974579,11.269325788242647,-0.5150723990747008,11.884498287417443,16.709757577819808,-0.5150723990747008,4.134409487728541
265,600036.SH,10908.684547199984,2025-04-07,2025-04-08,2025-05-08,TAKE_PROFIT_DYN,1,195990.68833344002,5.565919809741665,19,-0.8838145669925912,-1.2757718005388496,4.84855997362128,6.36739425361299,5.673678944890326,1,19,0.0,1,,-0.8838145669926023,5.593366948892209,5.593366948892209,1,0.8014744438713253,-0.7173598361203846,1.1251418292782318,0.8951384232407255,20,0.7955616570715973,0.7955616570715973,0.7955616570715973,3.299223262169071,3.299223262169071,0.7955616570715973,4.133777130534888,4.133777130534888,0.7955616570715973,3.1833130026738043,4.133777130534888,0.7955616570715973,3.090584795077622,4.133777130534888,0.679651397576353,9.11791828883075,10.995664492653855,0.679651397576353,2.974674535582378,11.830218361019673,0.679651397576353,8.499170812603662
266,002594.SZ,33081.29676720002,2025-04-08,2025-04-09,2025-05-13,TAKE_PROFIT_DYN,1,192121.8186888,17.218917139643203,21,1.399538547756185,-2.017932036693759,16.203371362846042,18.080793502932345,17.338571372342493,0,10,0.0,0,0.0,0.0,17.249394058099487,17.249394058099487,0,0.8618763632891415,-1.0155457767971612,1.068600192226029,0.9571178599563495,22,-0.6719485442889694,-0.6719485442889694,-0.6719485442889694,3.606265840308387,3.606265840308387,-0.6719485442889694,5.105105105105112,5.105105105105112,-0.6719485442889694,-0.8556428769194713,7.820586543990782,-0.8556428769194713,-3.629693523310551,7.820586543990782,-7.316891359444555,-13.264328157945183,7.820586543990782,-13.264328157945183,-72.21955998551744,7.820586543990782,-72.21955998551744,74.23456790123456
267,601658.SH,22394.190313440165,2025-03-28,2025-03-31,2025-05-14,TAKE_PROFIT_DYN,3,599250.2605689599,3.737034722718007,28,-3.525046382189223,-5.998763141620267,2.3738166595309584,2.754388468674196,1.7011559868703063,4,19,11.0,11,7.0,-2.8906734801457556,3.9185088344125596,3.157239427059344,10,-0.9826462540438112,-1.3632180631870487,1.2310984427923788,1.1122619940557334,29,0.10010010010008674,0.10010010010008674,0.10010010010008674,-0.8354148541064532,0.10010010010008674,-0.8354148541064532,-0.08700289074121681,0.10010010010008674,-0.8354148541064532,-0.6483118632651497,0.8485120634653232,-0.8354148541064532,0.47430608178271605,1.2227180451479525,-1.2096208357890714,8.332631697117666,8.332631697117666,-1.2096208357890714,12.26179450478515,12.26179450478515,-1.2096208357890714,
268,600309.SH,5624.364507300052,2025-04-15,2025-04-16,2025-05-15,TAKE_PROFIT_DYN,1,197193.20190569997,2.8522101436284233,18,-3.9879615674888402,-4.325281968786488,3.486348377053905,3.7171465463628373,2.957199189649895,4,17,15.0,15,11.0,-3.9879615674888624,3.486348377053927,2.8789517182657764,15,0.864936402734414,0.6341382334254817,0.9151576214887251,0.8924533303460324,19,-2.0036401604015763,-2.0036401604015763,-2.0036401604015763,-2.0381277056557012,-2.0036401604015763,-2.141590341418076,-3.1589729264147937,-2.0036401604015763,-3.1589729264147937,-4.2453306019197505,-2.0036401604015763,-5.314444504797655,-6.1766331361508,-2.0036401604015763,-6.642214997081497,-3.9176989220055636,-2.0036401604015763,-9.418462390038618,4.842137572542393,10.08424445116951,-9.418462390038618,5.263157894736848
269,601899.SH,37348.50594816008,2025-04-07,2025-04-08,2025-05-21,TAKE_PROFIT_DYN,1,199162.68083711996,18.75276321406046,28,2.3429594858166425,-2.349902349902333,19.571548142976745,20.60012060012064,18.87398315969748,1,9,0.0,0,0.0,0.0,19.57154814297677,18.78363893249615,0,1.8473573860601782,0.8187849289162834,0.9524752174882298,0.9195052052852815,29,0.47865261263422276,0.47865261263422276,0.47865261263422276,0.37049475191017756,0.5327315429962454,0.37049475191017756,-2.7660832090870002,0.5327315429962454,-3.306872512707215,-3.306872512707215,0.5327315429962454,-4.118056468137521,-0.6570049249681964,5.2375984844920564,-4.118056468137521,3.1285202003732415,9.726149704539754,-4.118056468137521,14.485095576397566,14.485095576397566,-4.118056468137521,
270,603259.SH,54581.264812800044,2025-04-08,2025-04-09,2025-05-23,TAKE_PROFIT_DYN,1,199451.04379199998,27.365745385479556,29,2.808837748596793,-2.747854555083462,25.958378970427166,28.80693603585169,27.49575725479343,0,28,0.0,0,0.0,0.0,27.39886047927984,27.39886047927984,0,1.4411906503721355,-1.4073664150523904,1.060794570465406,0.9543273581163885,30,-2.96804191805764,-2.96804191805764,-2.96804191805764,-2.9995100413207965,-2.1341366515839955,-2.9995100413207965,-0.07297457784727346,1.7993787563105323,-2.9995100413207965,1.9567193726263143,2.4602093448368167,-2.9995100413207965,2.6962202693104897,7.715385929783891,-2.9995100413207965,30.21509406294065,30.21509406294065,-2.9995100413207965,52.58892970304476,55.531199228149866,-2.9995100413207965,8.285280728376334
271,688981.SH,-2639.8191837599734,2025-04-01,2025-04-02,2025-06-23,TAKE_PROFIT_DYN,4,783998.79870312,-0.3367121465143475,53,-5.99814633155683,-10.02283199551085,7.440602925668927,10.42442160756587,-1.7017712549085462,52,6,0.0,31,,-4.675274110967265,8.570799902248316,-0.39419486100471524,27,10.761133754080218,7.777315072183274,0.4212768671160702,0.47371251107967977,54,0.18245796337006404,0.18245796337006404,0.18245796337006404,2.6884900885841168,3.9944504918647095,0.18245796337006404,3.7356114930162887,3.9944504918647095,0.18245796337006404,0.5707164616426619,3.9944504918647095,0.18245796337006404,4.7356712612942164,4.7356712612942164,0.18245796337006404,8.606490834981685,9.971278283455076,0.18245796337006404,27.842934613033353,,,13.613487669854052
272,688256.SH,4541.464932840026,2025-05-27,2025-05-28,2025-06-26,TAKE_PROFIT_DYN,1,185213.12289479998,2.4520211429184493,20,-7.973959222742866,-9.161548798266283,0.42827752850458367,3.0918481453674485,2.5566016856967133,17,5,5.0,15,,-7.973959222742833,2.478658668415634,2.478658668415634,14,0.6398270024489991,-2.0237436144138656,1.2408577232858151,0.9477837039482,21,-7.503419016447122,-7.503419016447122,-7.503419016447122,-11.057941769871437,-4.975758391789819,-11.057941769871437,-13.538208757816417,-4.975758391789819,-13.885762093706788,-17.298103936994135,-4.975758391789819,-17.298103936994135,-5.176391453871998,-4.975758391789819,-17.298103936994135,63.666025446559836,63.666025446559836,-17.298103936994135,124.4862794394856,150.85609890622283,-17.298103936994135,24.30301465448294
273,000858.SZ,11155.650739200006,2025-06-13,2025-06-16,2025-07-09,TAKE_PROFIT_DYN,2,378908.92271231994,2.9441509741563254,17,-0.5662079582133717,-0.8036010497183277,3.0964283107201007,4.15621889779576,3.4252940473767257,3,17,0.0,1,,-0.994412957298807,2.9016351869685764,2.9016351869685764,3,1.212067923639435,0.1522773365637753,0.9584241171160255,0.7556225958873899,18,0.4853842459280333,0.4853842459280333,0.4853842459280333,2.805286655913153,2.805286655913153,0.4853842459280333,2.698718700684144,2.805286655913153,0.4853842459280333,2.633138420543224,3.1413855916353706,0.46898917589279776,0.1410877751881756,3.1413855916353706,-0.8754065669961064,3.7971883930445927,6.510572483875254,-0.8754065669961064,-0.6786657265733465,6.510572483875254,-1.4902216933172507,7.511737089201875
274,600519.SH,2204.277340319997,2025-06-13,2025-06-16,2025-07-10,TAKE_PROFIT_DYN,1,140296.5876312,1.571155348492451,18,0.03484953527774781,-0.18545542382252256,2.466759617773051,3.4991271931037904,1.6748367247939155,9,6,0.0,0,0.0,0.0,2.466759617773029,1.597563848883099,0,1.9279718446113394,0.8956042692806001,0.6317280495989186,0.4767462030150764,19,0.06363682669443538,0.06363682669443538,0.06363682669443538,-1.058310047325961,0.06363682669443538,-1.058310047325961,-0.6831590613254002,0.06363682669443538,-1.058310047325961,4.586485162589171,4.586485162589171,-1.058310047325961,-0.2624289835677529,4.586485162589171,-1.058310047325961,3.26539271843016,4.586485162589171,-1.058310047325961,0.2740018655732701,6.830378910629964,-1.058310047325961,6.137184115523448
275,300308.SZ,64444.64491080004,2025-10-14,2025-10-15,2025-10-24,TAKE_PROFIT_DYN,1,172717.39484999998,37.312191378736536,7,2.540937323546033,-2.4164241555545862,43.0453604366648,43.523143523143524,37.45235633931288,0,7,0.0,0,0.0,0.0,37.347892548495,37.347892548495,0,6.210952144406988,5.733169057928265,0.8584557286023565,0.8648016849473539,8,7.216400675446044,7.216400675446044,7.216400675446044,9.698047234876928,9.698047234876928,7.216400675446044,-0.35283199690978595,9.698047234876928,-0.35283199690978595,3.2369182045080658,9.698047234876928,-0.35283199690978595,-2.248826821602312,9.698047234876928,-2.499519470644984,20.437804586301933,29.770312445621805,-3.767729342272652,23.239663605014215,34.784165426475376,-3.767729342272652,8.846514535792432
276,002460.SZ,18748.82582495999,2025-11-24,2025-11-25,2025-12-22,TAKE_PROFIT_DYN,1,195011.45579916,9.614217661278927,19,1.0172477471698027,-1.7925483530363162,10.479151482201289,11.714784706990745,9.726109200863519,8,19,0.0,0,0.0,0.0,9.642717357870945,9.642717357870945,0,2.100567045711818,0.8649338209223618,0.9085877593829184,0.8444869141541987,20,2.3677399081929895,2.3677399081929895,2.3677399081929895,2.0129391218927317,3.031063117363031,2.0129391218927317,0.7634233092701281,5.776912680904056,0.7634233092701281,2.552853361914864,5.776912680904056,-2.9851241285976937,8.538188365588596,11.068072233120784,-2.9851241285976937,12.394718651460845,14.708636822984179,-2.9851241285976937,11.731395442290825,14.708636822984179,-2.9851241285976937,15.39806347498655
277,601138.SH,38151.08852940003,2025-11-24,2025-11-25,2025-12-25,TAKE_PROFIT_DYN,1,197508.59888759998,19.316165850131622,22,0.3432337711968714,-2.475097648979807,20.514687583530744,21.20597642244202,19.437960903539377,0,10,0.0,0,0.0,0.0,20.514687583530723,19.347188053252662,0,1.8898105723103988,1.1985217333991223,0.9405832745349131,0.9201974299556366,23,-5.25737004610245,-5.25737004610245,-5.25737004610245,-4.678585182662287,-3.179680792727513,-5.25737004610245,-5.509660884012268,-3.179680792727513,-7.913844162917572,-9.575995565617523,-3.179680792727513,-9.575995565617523,-12.054382032143351,-3.179680792727513,-12.054382032143351,-18.55458126770211,-3.179680792727513,-20.736154983745802,-23.630079300946615,-3.179680792727513,-29.358565385251822,27.03862660944205
278,300502.SZ,35345.03866740002,2026-01-12,2026-01-13,2026-02-02,TAKE_PROFIT_DYN,1,192872.76388379998,18.325572753597463,14,-0.800025391210557,-2.8874359819695328,13.835186253812658,22.392273147607234,18.446356633554895,5,14,2.0,2,,-0.8000253912105681,18.35633740251339,18.35633740251339,2,4.0667003940097715,-4.490386499784805,1.306820742241318,0.8391318360047184,15,-6.060377585178555,-6.060377585178555,-6.060377585178555,-16.152702435617318,-6.060377585178555,-16.152702435617318,-14.587406932783543,-6.060377585178555,-20.299093599767204,-18.547714016176965,-6.060377585178555,-20.299093599767204,-13.015543756511306,-6.060377585178555,-21.218567881152072,9.789607646313092,9.789607646313092,-21.218567881152072,23.406583908727207,36.325197562184705,-21.218567881152072,16.095774919304336
279,300750.SZ,12846.735693000024,2025-11-21,2025-11-24,2026-02-06,TAKE_PROFIT_DYN,4,721818.5340366,1.7797735978262685,52,-9.293488747742362,-11.00125129017584,4.897777449944396,6.5975223278594175,-1.7536716894662185,44,10,5.0,24,,-11.804323877656508,4.897777449944418,-4.545815870056069,24,4.8177487300331485,3.1180038521181275,0.7802871281051457,0.7262452012510741,53,0.32860187759908843,0.32860187759908843,0.32860187759908843,0.10554061861196562,0.32860187759908843,-0.7186979359380063,-0.6180483434682138,2.2463846530371923,-0.7186979359380063,-7.4513395943908485,2.2463846530371923,-7.4513395943908485,11.095388012611762,11.095388012611762,-7.810413816175011,17.186048486662653,17.186048486662653,-7.810413816175011,15.230182081641397,25.131925773264975,-7.810413816175011,7.91304347826087
280,300274.SZ,-243.81142236001324,2025-12-16,2025-12-17,2026-03-11,TAKE_PROFIT_DYN,3,590278.96863936,-0.04130443998742119,52,-11.17122370583694,-13.26131255981725,11.315673434927675,13.836074700021573,-1.8947639032556696,35,7,0.0,26,,-13.009998865432026,11.87517119375645,-3.998580387652062,27,13.877379140008994,11.356977874915096,0.49495131303255796,0.48787021394580243,53,8.465272784521606,8.465272784521606,8.465272784521606,8.40261231497539,9.900197537130229,8.40261231497539,4.386076217062129,9.900197537130229,4.317149700561274,4.69311251783866,9.900197537130229,3.1892612487291805,-22.426338701769065,9.900197537130229,-23.378777838871734,-12.369333339599386,9.900197537130229,-23.378777838871734,-4.442783942001471,19.111286560425846,-23.378777838871734,22.773423115366402
281,300308.SZ,5792.713827119995,2026-02-06,2026-02-09,2026-03-18,TAKE_PROFIT_DYN,1,168512.10175799998,3.437565472561077,21,-6.3343074038261005,-9.894027541086349,3.2835257434188136,6.674074588513101,3.543152035130648,14,21,0.0,8,,-6.334307403826134,3.464459239583917,3.464459239583917,8,3.2365091159520243,-0.1540397291422635,1.0160160533858282,0.8046542029596803,22,-1.0762532169995453,-1.0762532169995453,-1.0762532169995453,3.123534502821168,5.252665214179886,-1.0762532169995453,8.073161471553348,8.073161471553348,-1.0762532169995453,3.51049283081446,8.073161471553348,-2.0720259810356745,39.237925300738866,39.237925300738866,-2.0720259810356745,77.1409234813812,85.39603447857178,-2.0720259810356745,114.64836426007481,120.13629325841548,-2.0720259810356745,12.187500000000005
282,002475.SZ,15158.67832908011,2026-01-08,2026-01-09,2026-04-08,TAKE_PROFIT_DYN,5,983976.5053918799,1.540552873571203,56,-15.70872154281452,-18.823200500502224,5.783004597954466,10.154203135060014,-5.148871183511094,32,5,0.0,46,,-17.94869325010662,4.42408174437412,-7.772189650235839,47,8.61365026148881,4.242451724383264,0.8026006986783861,0.7027459613076655,57,5.783896307587089,5.783896307587089,5.783896307587089,12.523803296870618,12.523803296870618,5.783896307587089,12.869439552731322,13.560712064452707,5.783896307587089,30.631302701128128,30.631302701128128,5.783896307587089,46.05052011535802,46.05052011535802,5.783896307587089,27.002122014590825,53.904143929081584,5.783896307587089,21.510345949248677,53.904143929081584,5.783896307587089,24.017467248908307
283,601138.SH,37870.94487330015,2026-01-29,2026-01-30,2026-04-08,TAKE_PROFIT_DYN,5,990499.7159857799,3.823418044659373,41,-16.574653416758668,-17.012811749653846,1.5651015651015898,2.599155230734196,-3.5439823334560083,30,13,0.0,28,,-15.826693908095846,1.9963559158945987,-2.636413518344216,28,-1.224262813925177,-2.258316479557783,1.1244954235498825,1.0624242746864423,42,-0.027091894944497596,-0.027091894944497596,-0.027091894944497596,1.2084874854887628,2.698450856011214,-0.027091894944497596,5.060587906839498,7.059319257540353,-0.027091894944497596,21.541036407618353,21.541036407618353,-0.027091894944497596,19.651326766955712,23.92134374345303,-0.027091894944497596,28.06416872490569,47.27015997664026,-0.027091894944497596,15.890077770636847,47.27015997664026,-0.027091894944497596,21.54225786551511
284,688256.SH,51051.05774010002,2026-02-03,2026-02-04,2026-04-08,TAKE_PROFIT_DYN,3,411773.2882262999,12.397855616133041,38,-11.78821178821179,-12.087912087912079,8.24629915539008,10.08264462809918,5.162192353101447,27,12,6.0,18,,-12.372940286227896,8.674674577399411,8.674674577399411,18,-2.3152109880338614,-4.151556460742961,1.2072202547109734,1.104427282439951,39,3.4595116210162535,3.4595116210162535,3.4595116210162535,5.32661900102156,5.32661900102156,3.4595116210162535,10.022886314836988,10.022886314836988,3.4595116210162535,15.463578495241004,19.021618460838564,3.4595116210162535,3.632232007695735,61.320841158646374,2.12351943005038,7.981331344285358,61.320841158646374,2.12351943005038,19.86794835556809,61.320841158646374,2.12351943005038,36.695396145610275
285,601899.SH,54280.15617024014,2026-03-16,2026-03-17,2026-04-15,TAKE_PROFIT_DYN,3,595225.1943237599,9.119263883295172,20,-12.037286065503727,-14.280939331328025,0.4466308238263661,3.553227653429225,2.731273908930132,4,1,0.0,17,,-13.822625298722857,2.0754000495067704,2.0754000495067704,18,-5.566036229865947,-8.672633059468806,1.6947044854873423,1.3120995914540445,21,-1.1599011599011666,-1.1599011599011666,-1.1599011599011666,-2.5039025039025,-1.1599011599011666,-2.7559027559027616,-0.5159005159005137,-0.15190015190016393,-2.7559027559027616,-4.407904407904406,-0.15190015190016393,-7.7399077399077365,-12.35991235991236,-0.15190015190016393,-12.35991235991236,-12.331912331912331,-0.15190015190016393,-23.475923475923477,-18.63191863191863,-0.15190015190016393,-29.719929719929716,29.613011777902397
286,603986.SH,34598.68160364,2026-03-31,2026-04-01,2026-04-21,TAKE_PROFIT_DYN,1,175220.54549999998,19.7457903723054,13,-1.3026973026972866,-2.865134865134844,22.385614385614396,23.476523476523493,19.868023976023984,1,13,0.0,3,,-1.3026973026972866,19.776924277802177,19.776924277802177,3,3.7307331042180927,2.6398240133089956,0.8885600608416706,0.8583713653928128,14,4.670561259631123,4.670561259631123,4.670561259631123,-0.7566530129556659,4.670561259631123,-0.7566530129556659,2.5103432936383285,4.670561259631123,-0.7566530129556659,11.37790469725064,16.731778236424066,-0.7566530129556659,56.2624335462115,56.2624335462115,-0.7566530129556659,129.92319925080443,129.92319925080443,-0.7566530129556659,44.114541157202765,180.0282548509145,-0.7566530129556659,48.535714285714285
287,300059.SZ,33616.23536106013,2026-03-20,2026-03-23,2026-05-11,TAKE_PROFIT_DYN,2,399045.2678011799,8.424165896338625,31,-6.817146453142408,-7.322202569927527,7.4759416518769495,7.8294809336265425,6.157543164621027,10,31,2.0,11,,-5.525452788101026,7.5472928862373,7.5472928862373,10,-0.5946849627120825,-0.9482242444616755,1.0663414538198142,1.0392487714366914,32,1.1943502437798958,1.1943502437798958,1.1943502437798958,-3.991443915398285,1.1943502437798958,-3.991443915398285,-5.942063736740543,1.1943502437798958,-6.13236810955442,-5.466302804705836,1.1943502437798958,-7.226618253234218,-15.695162843451826,1.1943502437798958,-15.695162843451826,-3.4681068901601275,2.0507199214423455,-17.407902198776725,-4.609933127043386,2.0507199214423455,-17.407902198776725,9.557109557109555
288,300274.SZ,51687.829959480034,2026-04-01,2026-04-02,2026-05-11,TAKE_PROFIT_DYN,2,395257.50023759995,13.077001683310016,23,-7.061897323613698,-7.472320740732186,9.476646299531266,11.57436598702577,9.663290148682723,2,23,6.0,6,4.0,-8.17714815920536,8.264994237502265,8.264994237502265,6,-1.502635696284246,-3.6003553837787496,1.2176948264501484,1.078892235576824,24,-3.074160499903078,-3.074160499903078,-3.074160499903078,-6.41475789990642,-1.1335644999011296,-6.41475789990642,5.519907500105514,6.0050565001059875,-6.41475789990642,15.9090268001159,15.9090268001159,-6.41475789990642,1.7426760001017394,31.74567630013174,-6.41475789990642,-11.612782899911611,31.74567630013174,-12.562288799912569,-26.298936199926302,31.74567630013174,-29.57715729992958,46.54637277079278
289,300274.SZ,-31658.43649319996,2026-07-01,2026-07-02,2026-08-11,TAKE_PROFIT_DYN,2,378756.73115279997,-8.358514552822074,28,-24.9197548014116,-26.279341959815326,-5.287020671636045,-0.07034385732609394,-11.493757721568365,11,2,,29,,-23.651286894870903,0.0,-10.066861060222298,29,8.28817069549598,3.0714938811860293,0.8435524129811489,0.6837662140656647,29,-1.8785257317367465,-1.8785257317367465,-1.8785257317367465,-2.5547649400860406,-1.377607799626157,-2.5547649400860406,-1.4527454894427305,-0.8182494421026587,-2.5547649400860406,-8.50733970000025,-0.8182494421026587,-8.50733970000025,,,,,,,,,,7.7525252525252455
290,600487.SH,-69151.9018964399,2026-07-06,2026-07-07,2026-08-18,TAKE_PROFIT_DYN,2,390521.53920779994,-17.707576907721744,30,-44.263774051008085,-46.15313764249933,-4.480861927670421,2.01382541808075,-20.879439709226922,17,0,,31,,-42.915701211851086,0.0,-19.027364063732698,31,19.721402325802494,13.226714980051323,0.667527733036612,0.5905616407453655,31,-12.078471792203727,-12.078471792203727,-12.078471792203727,-7.198088203008446,-7.198088203008446,-12.078471792203727,-3.5863058525948177,-3.5863058525948177,-12.078471792203727,,,,,,,,,,,,,
291,688525.SH,-71016.53428584,2026-07-15,2026-07-16,2026-08-25,FINAL_SETTLE,2,366661.50721199997,-19.368418251981645,28,-31.135531135531124,-34.73193473193472,-0.016650016649999433,5.447885447885481,-24.211728271728262,12,0,,29,,-38.48985207233927,0.0,-32.35691854353018,29,24.816303699867127,19.351768235331644,0.37813418929159,0.3823689705726758,29,,,,,,,,,,,,,,,,,,,,,,
292,688008.SH,-14012.630670059996,2026-07-16,2026-07-17,2026-08-25,FINAL_SETTLE,2,382760.77093253995,-3.6609369962131426,27,-10.532860145074174,-12.165294341773524,13.861066985304848,16.46321582422261,-5.355080995293671,0,5,2.0,5,2.0,-10.532860145074174,26.293814280771798,4.899627309788035,2,20.12415282043575,17.52200398151799,0.2817063079729819,0.29705902599365924,28,,,,,,,,,,,,,,,,,,,,,,
293,688256.SH,-31816.96876907989,2026-07-16,2026-07-17,2026-08-25,FINAL_SETTLE,3,435297.8980349999,-7.309240157764709,27,-23.652845577135796,-25.153710642669623,6.362092166508582,8.944683077175197,-20.468370745973264,26,2,2.0,24,,-26.0644814238293,6.362092166508582,-23.039131776298838,24,16.253923234939904,13.67133232427329,0.5445157194381263,0.5233229058094799,28,,,,,,,,,,,,,,,,,,,,,,
294,300308.SZ,-56189.36493917991,2026-07-17,2026-07-20,2026-08-25,FINAL_SETTLE,3,478445.2064191799,-11.744158826402947,26,-17.820868201545537,-22.96629209204688,10.402709510086773,10.629042107120368,-17.90304733334399,26,1,1.0,21,,-15.805950917982937,10.402709510086773,-15.805950917982937,15,22.373200933523314,22.146868336489717,0.215306132951319,0.3340384470984696,27,,,,,,,,,,,,,,,,,,,,,,
295,600584.SH,-7480.027526399994,2026-07-20,2026-07-21,2026-08-25,FINAL_SETTLE,1,199671.3210492,-3.746170199653699,25,-20.54881233499225,-20.757208892802105,11.817778049851068,17.066766349686823,-3.647916620537217,9,19,0.0,7,,-20.54881233499225,11.817778049851047,-3.7211442039056353,7,20.81293654934052,15.563948249504767,0.5191353780411458,0.4497422226006362,26,,,,,,,,,,,,,,,,,,,,,,
296,300502.SZ,-10340.1376056,2026-07-28,2026-07-29,2026-08-25,FINAL_SETTLE,2,330471.95637456,-3.1289001702402826,19,-8.940812337761695,-14.854383942881455,14.51226542229418,15.817667950893233,-1.7343205022815833,1,13,0.0,3,,-8.940812337761706,7.998301008293596,-7.394540890592493,7,18.946568121133517,17.641165592534463,0.247810211818765,0.38228560036510045,20,,,,,,,,,,,,,,,,,,,,,,
297,002384.SZ,13452.865079940006,2026-07-29,2026-07-30,2026-08-25,FINAL_SETTLE,1,196101.82822229998,6.860142611567042,18,-9.217432385081914,-9.217432385081914,22.12443551954926,23.353198332136827,6.9692228580181315,0,12,3.0,3,3.0,-9.217432385081914,22.124435519549234,6.887926248646026,3,16.493055720569785,15.264292907982217,0.5129743717116899,0.49362185019491833,19,,,,,,,,,,,,,,,,,,,,,,
298,002475.SZ,2573.1059983200103,2026-08-03,2026-08-04,2026-08-25,FINAL_SETTLE,1,200051.799948,1.2862198685484683,15,-1.320901320901302,-4.02190402190401,8.854108854108866,10.075110075110082,1.3896103896104073,12,9,0.0,2,,-1.3209013209012799,8.854108854108912,1.3125542857143513,2,8.788890206561614,7.567888985560398,0.2562278704991236,0.37654242621327866,16,,,,,,,,,,,,,,,,,,,,,,
299,600276.SH,-9625.774603499915,2026-08-20,2026-08-21,2026-08-25,FINAL_SETTLE,2,394813.94194242,-2.438053366642191,2,-4.25983004832724,-4.815860288958607,-1.6856159713302343,0.49731756596322896,-4.355570218278915,2,0,,3,,-4.428259984913019,0.0,-4.428259984913019,3,2.93537093260542,0.7524373953119565,0.7077020897229629,0.4475300822301189,3,,,,,,,,,,,,,,,,,,,,,,
